message,severity,attributes,tags,timestamp
==========================================,info,"{""level"":""info""}","{""project"":""ce3616d9-58ad-4ec7-a294-1821e1564434"",""environment"":""fb6513d0-42a4-4660-82b5-509c54b15f2a"",""service"":""4978aa94-666c-47c7-8024-3ada55195a51"",""deployment"":""c8e742c7-fd58-4839-abec-b04a495e1b44"",""replica"":""9a97e4c2-a192-4277-9593-7e8d80b64342""}",2026-04-02T07:48:08.165932794Z
Starting WhatsApp Warmer Service,info,"{""level"":""info""}","{""project"":""ce3616d9-58ad-4ec7-a294-1821e1564434"",""environment"":""fb6513d0-42a4-4660-82b5-509c54b15f2a"",""service"":""4978aa94-666c-47c7-8024-3ada55195a51"",""deployment"":""c8e742c7-fd58-4839-abec-b04a495e1b44"",""replica"":""9a97e4c2-a192-4277-9593-7e8d80b64342""}",2026-04-02T07:48:08.165938984Z
Time: 2026-04-02 07:48:07 UTC,info,"{""level"":""info""}","{""project"":""ce3616d9-58ad-4ec7-a294-1821e1564434"",""environment"":""fb6513d0-42a4-4660-82b5-509c54b15f2a"",""service"":""4978aa94-666c-47c7-8024-3ada55195a51"",""deployment"":""c8e742c7-fd58-4839-abec-b04a495e1b44"",""replica"":""9a97e4c2-a192-4277-9593-7e8d80b64342""}",2026-04-02T07:48:08.165945185Z
==========================================,info,"{""level"":""info""}","{""project"":""ce3616d9-58ad-4ec7-a294-1821e1564434"",""environment"":""fb6513d0-42a4-4660-82b5-509c54b15f2a"",""service"":""4978aa94-666c-47c7-8024-3ada55195a51"",""deployment"":""c8e742c7-fd58-4839-abec-b04a495e1b44"",""replica"":""9a97e4c2-a192-4277-9593-7e8d80b64342""}",2026-04-02T07:48:08.165950269Z
DATABASE_URL: postgresql://postgres:XfccumoOsYWLMeAxQLzsKLyzTbTxznTW@postgres.railway.internal:5432/railway,info,"{""level"":""info""}","{""project"":""ce3616d9-58ad-4ec7-a294-1821e1564434"",""environment"":""fb6513d0-42a4-4660-82b5-509c54b15f2a"",""service"":""4978aa94-666c-47c7-8024-3ada55195a51"",""deployment"":""c8e742c7-fd58-4839-abec-b04a495e1b44"",""replica"":""9a97e4c2-a192-4277-9593-7e8d80b64342""}",2026-04-02T07:48:08.165955022Z
Running Prisma db push...,info,"{""level"":""info""}","{""project"":""ce3616d9-58ad-4ec7-a294-1821e1564434"",""environment"":""fb6513d0-42a4-4660-82b5-509c54b15f2a"",""service"":""4978aa94-666c-47c7-8024-3ada55195a51"",""deployment"":""c8e742c7-fd58-4839-abec-b04a495e1b44"",""replica"":""9a97e4c2-a192-4277-9593-7e8d80b64342""}",2026-04-02T07:48:08.165959836Z
Using PostgreSQL database,info,"{""level"":""info""}","{""project"":""ce3616d9-58ad-4ec7-a294-1821e1564434"",""environment"":""fb6513d0-42a4-4660-82b5-509c54b15f2a"",""service"":""4978aa94-666c-47c7-8024-3ada55195a51"",""deployment"":""c8e742c7-fd58-4839-abec-b04a495e1b44"",""replica"":""9a97e4c2-a192-4277-9593-7e8d80b64342""}",2026-04-02T07:48:08.165964676Z
Starting Container,info,"{""level"":""info""}","{""project"":""ce3616d9-58ad-4ec7-a294-1821e1564434"",""environment"":""fb6513d0-42a4-4660-82b5-509c54b15f2a"",""service"":""4978aa94-666c-47c7-8024-3ada55195a51"",""deployment"":""c8e742c7-fd58-4839-abec-b04a495e1b44"",""replica"":""9a97e4c2-a192-4277-9593-7e8d80b64342""}",2026-04-02T07:48:08.420323747Z
Prisma schema loaded from prisma/schema.prisma,info,"{""level"":""info""}","{""project"":""ce3616d9-58ad-4ec7-a294-1821e1564434"",""environment"":""fb6513d0-42a4-4660-82b5-509c54b15f2a"",""service"":""4978aa94-666c-47c7-8024-3ada55195a51"",""deployment"":""c8e742c7-fd58-4839-abec-b04a495e1b44"",""replica"":""9a97e4c2-a192-4277-9593-7e8d80b64342""}",2026-04-02T07:48:09.178198662Z
"Datasource ""db"": PostgreSQL database ""railway"", schema ""public"" at ""postgres.railway.internal:5432""",info,"{""level"":""info""}","{""project"":""ce3616d9-58ad-4ec7-a294-1821e1564434"",""environment"":""fb6513d0-42a4-4660-82b5-509c54b15f2a"",""service"":""4978aa94-666c-47c7-8024-3ada55195a51"",""deployment"":""c8e742c7-fd58-4839-abec-b04a495e1b44"",""replica"":""9a97e4c2-a192-4277-9593-7e8d80b64342""}",2026-04-02T07:48:09.178203368Z
,info,"{""level"":""info""}","{""project"":""ce3616d9-58ad-4ec7-a294-1821e1564434"",""environment"":""fb6513d0-42a4-4660-82b5-509c54b15f2a"",""service"":""4978aa94-666c-47c7-8024-3ada55195a51"",""deployment"":""c8e742c7-fd58-4839-abec-b04a495e1b44"",""replica"":""9a97e4c2-a192-4277-9593-7e8d80b64342""}",2026-04-02T07:48:09.585167195Z
🚀  Your database is now in sync with your Prisma schema. Done in 143ms,info,"{""level"":""info""}","{""project"":""ce3616d9-58ad-4ec7-a294-1821e1564434"",""environment"":""fb6513d0-42a4-4660-82b5-509c54b15f2a"",""service"":""4978aa94-666c-47c7-8024-3ada55195a51"",""deployment"":""c8e742c7-fd58-4839-abec-b04a495e1b44"",""replica"":""9a97e4c2-a192-4277-9593-7e8d80b64342""}",2026-04-02T07:48:09.585184637Z
,info,"{""level"":""info""}","{""project"":""ce3616d9-58ad-4ec7-a294-1821e1564434"",""environment"":""fb6513d0-42a4-4660-82b5-509c54b15f2a"",""service"":""4978aa94-666c-47c7-8024-3ada55195a51"",""deployment"":""c8e742c7-fd58-4839-abec-b04a495e1b44"",""replica"":""9a97e4c2-a192-4277-9593-7e8d80b64342""}",2026-04-02T07:48:09.585195957Z
,info,"{""level"":""info""}","{""project"":""ce3616d9-58ad-4ec7-a294-1821e1564434"",""environment"":""fb6513d0-42a4-4660-82b5-509c54b15f2a"",""service"":""4978aa94-666c-47c7-8024-3ada55195a51"",""deployment"":""c8e742c7-fd58-4839-abec-b04a495e1b44"",""replica"":""9a97e4c2-a192-4277-9593-7e8d80b64342""}",2026-04-02T07:48:09.585225811Z
⚠️  There might be data loss when applying the changes:,info,"{""level"":""info""}","{""project"":""ce3616d9-58ad-4ec7-a294-1821e1564434"",""environment"":""fb6513d0-42a4-4660-82b5-509c54b15f2a"",""service"":""4978aa94-666c-47c7-8024-3ada55195a51"",""deployment"":""c8e742c7-fd58-4839-abec-b04a495e1b44"",""replica"":""9a97e4c2-a192-4277-9593-7e8d80b64342""}",2026-04-02T07:48:09.585233636Z
,info,"{""level"":""info""}","{""project"":""ce3616d9-58ad-4ec7-a294-1821e1564434"",""environment"":""fb6513d0-42a4-4660-82b5-509c54b15f2a"",""service"":""4978aa94-666c-47c7-8024-3ada55195a51"",""deployment"":""c8e742c7-fd58-4839-abec-b04a495e1b44"",""replica"":""9a97e4c2-a192-4277-9593-7e8d80b64342""}",2026-04-02T07:48:09.585240620Z
"  • A unique constraint covering the columns `[phoneNumber]` on the table `Personality` will be added. If there are existing duplicate values, this will fail.",info,"{""level"":""info""}","{""project"":""ce3616d9-58ad-4ec7-a294-1821e1564434"",""environment"":""fb6513d0-42a4-4660-82b5-509c54b15f2a"",""service"":""4978aa94-666c-47c7-8024-3ada55195a51"",""deployment"":""c8e742c7-fd58-4839-abec-b04a495e1b44"",""replica"":""9a97e4c2-a192-4277-9593-7e8d80b64342""}",2026-04-02T07:48:09.585247831Z
,info,"{""level"":""info""}","{""project"":""ce3616d9-58ad-4ec7-a294-1821e1564434"",""environment"":""fb6513d0-42a4-4660-82b5-509c54b15f2a"",""service"":""4978aa94-666c-47c7-8024-3ada55195a51"",""deployment"":""c8e742c7-fd58-4839-abec-b04a495e1b44"",""replica"":""9a97e4c2-a192-4277-9593-7e8d80b64342""}",2026-04-02T07:48:09.585253632Z
,info,"{""level"":""info""}","{""project"":""ce3616d9-58ad-4ec7-a294-1821e1564434"",""environment"":""fb6513d0-42a4-4660-82b5-509c54b15f2a"",""service"":""4978aa94-666c-47c7-8024-3ada55195a51"",""deployment"":""c8e742c7-fd58-4839-abec-b04a495e1b44"",""replica"":""9a97e4c2-a192-4277-9593-7e8d80b64342""}",2026-04-02T07:48:09.585258361Z
Setting up Prisma symlinks...,info,"{""level"":""info""}","{""project"":""ce3616d9-58ad-4ec7-a294-1821e1564434"",""environment"":""fb6513d0-42a4-4660-82b5-509c54b15f2a"",""service"":""4978aa94-666c-47c7-8024-3ada55195a51"",""deployment"":""c8e742c7-fd58-4839-abec-b04a495e1b44"",""replica"":""9a97e4c2-a192-4277-9593-7e8d80b64342""}",2026-04-02T07:48:09.594098608Z
,info,"{""level"":""info""}","{""project"":""ce3616d9-58ad-4ec7-a294-1821e1564434"",""environment"":""fb6513d0-42a4-4660-82b5-509c54b15f2a"",""service"":""4978aa94-666c-47c7-8024-3ada55195a51"",""deployment"":""c8e742c7-fd58-4839-abec-b04a495e1b44"",""replica"":""9a97e4c2-a192-4277-9593-7e8d80b64342""}",2026-04-02T07:48:09.601510613Z
==========================================,info,"{""level"":""info""}","{""project"":""ce3616d9-58ad-4ec7-a294-1821e1564434"",""environment"":""fb6513d0-42a4-4660-82b5-509c54b15f2a"",""service"":""4978aa94-666c-47c7-8024-3ada55195a51"",""deployment"":""c8e742c7-fd58-4839-abec-b04a495e1b44"",""replica"":""9a97e4c2-a192-4277-9593-7e8d80b64342""}",2026-04-02T07:48:09.601526503Z
STEP 1: Starting WhatsApp Service,info,"{""level"":""info""}","{""project"":""ce3616d9-58ad-4ec7-a294-1821e1564434"",""environment"":""fb6513d0-42a4-4660-82b5-509c54b15f2a"",""service"":""4978aa94-666c-47c7-8024-3ada55195a51"",""deployment"":""c8e742c7-fd58-4839-abec-b04a495e1b44"",""replica"":""9a97e4c2-a192-4277-9593-7e8d80b64342""}",2026-04-02T07:48:09.601535034Z
==========================================,info,"{""level"":""info""}","{""project"":""ce3616d9-58ad-4ec7-a294-1821e1564434"",""environment"":""fb6513d0-42a4-4660-82b5-509c54b15f2a"",""service"":""4978aa94-666c-47c7-8024-3ada55195a51"",""deployment"":""c8e742c7-fd58-4839-abec-b04a495e1b44"",""replica"":""9a97e4c2-a192-4277-9593-7e8d80b64342""}",2026-04-02T07:48:09.601542489Z
,info,"{""level"":""info""}","{""project"":""ce3616d9-58ad-4ec7-a294-1821e1564434"",""environment"":""fb6513d0-42a4-4660-82b5-509c54b15f2a"",""service"":""4978aa94-666c-47c7-8024-3ada55195a51"",""deployment"":""c8e742c7-fd58-4839-abec-b04a495e1b44"",""replica"":""9a97e4c2-a192-4277-9593-7e8d80b64342""}",2026-04-02T07:48:09.601549393Z
Installing tsx...,info,"{""level"":""info""}","{""project"":""ce3616d9-58ad-4ec7-a294-1821e1564434"",""environment"":""fb6513d0-42a4-4660-82b5-509c54b15f2a"",""service"":""4978aa94-666c-47c7-8024-3ada55195a51"",""deployment"":""c8e742c7-fd58-4839-abec-b04a495e1b44"",""replica"":""9a97e4c2-a192-4277-9593-7e8d80b64342""}",2026-04-02T07:48:09.603303266Z
added 5 packages in 794ms,info,"{""level"":""info""}","{""project"":""ce3616d9-58ad-4ec7-a294-1821e1564434"",""environment"":""fb6513d0-42a4-4660-82b5-509c54b15f2a"",""service"":""4978aa94-666c-47c7-8024-3ada55195a51"",""deployment"":""c8e742c7-fd58-4839-abec-b04a495e1b44"",""replica"":""9a97e4c2-a192-4277-9593-7e8d80b64342""}",2026-04-02T07:48:10.482551945Z
,info,"{""level"":""info""}","{""project"":""ce3616d9-58ad-4ec7-a294-1821e1564434"",""environment"":""fb6513d0-42a4-4660-82b5-509c54b15f2a"",""service"":""4978aa94-666c-47c7-8024-3ada55195a51"",""deployment"":""c8e742c7-fd58-4839-abec-b04a495e1b44"",""replica"":""9a97e4c2-a192-4277-9593-7e8d80b64342""}",2026-04-02T07:48:10.482563328Z
2 packages are looking for funding,info,"{""level"":""info""}","{""project"":""ce3616d9-58ad-4ec7-a294-1821e1564434"",""environment"":""fb6513d0-42a4-4660-82b5-509c54b15f2a"",""service"":""4978aa94-666c-47c7-8024-3ada55195a51"",""deployment"":""c8e742c7-fd58-4839-abec-b04a495e1b44"",""replica"":""9a97e4c2-a192-4277-9593-7e8d80b64342""}",2026-04-02T07:48:10.482569608Z
  run `npm fund` for details,info,"{""level"":""info""}","{""project"":""ce3616d9-58ad-4ec7-a294-1821e1564434"",""environment"":""fb6513d0-42a4-4660-82b5-509c54b15f2a"",""service"":""4978aa94-666c-47c7-8024-3ada55195a51"",""deployment"":""c8e742c7-fd58-4839-abec-b04a495e1b44"",""replica"":""9a97e4c2-a192-4277-9593-7e8d80b64342""}",2026-04-02T07:48:10.482574741Z
,info,"{""level"":""info""}","{""project"":""ce3616d9-58ad-4ec7-a294-1821e1564434"",""environment"":""fb6513d0-42a4-4660-82b5-509c54b15f2a"",""service"":""4978aa94-666c-47c7-8024-3ada55195a51"",""deployment"":""c8e742c7-fd58-4839-abec-b04a495e1b44"",""replica"":""9a97e4c2-a192-4277-9593-7e8d80b64342""}",2026-04-02T07:48:10.482589267Z
Starting WhatsApp service on port 3030...,info,"{""level"":""info""}","{""project"":""ce3616d9-58ad-4ec7-a294-1821e1564434"",""environment"":""fb6513d0-42a4-4660-82b5-509c54b15f2a"",""service"":""4978aa94-666c-47c7-8024-3ada55195a51"",""deployment"":""c8e742c7-fd58-4839-abec-b04a495e1b44"",""replica"":""9a97e4c2-a192-4277-9593-7e8d80b64342""}",2026-04-02T07:48:10.496717437Z
WhatsApp Service PID: 71,info,"{""level"":""info""}","{""project"":""ce3616d9-58ad-4ec7-a294-1821e1564434"",""environment"":""fb6513d0-42a4-4660-82b5-509c54b15f2a"",""service"":""4978aa94-666c-47c7-8024-3ada55195a51"",""deployment"":""c8e742c7-fd58-4839-abec-b04a495e1b44"",""replica"":""9a97e4c2-a192-4277-9593-7e8d80b64342""}",2026-04-02T07:48:10.496722412Z
Waiting for WhatsApp service to start...,info,"{""level"":""info""}","{""project"":""ce3616d9-58ad-4ec7-a294-1821e1564434"",""environment"":""fb6513d0-42a4-4660-82b5-509c54b15f2a"",""service"":""4978aa94-666c-47c7-8024-3ada55195a51"",""deployment"":""c8e742c7-fd58-4839-abec-b04a495e1b44"",""replica"":""9a97e4c2-a192-4277-9593-7e8d80b64342""}",2026-04-02T07:48:10.496727217Z
  Waiting... (1/60),info,"{""level"":""info""}","{""project"":""ce3616d9-58ad-4ec7-a294-1821e1564434"",""environment"":""fb6513d0-42a4-4660-82b5-509c54b15f2a"",""service"":""4978aa94-666c-47c7-8024-3ada55195a51"",""deployment"":""c8e742c7-fd58-4839-abec-b04a495e1b44"",""replica"":""9a97e4c2-a192-4277-9593-7e8d80b64342""}",2026-04-02T07:48:10.496732774Z
\[1G[0K  Waiting... (2/60),info,"{""level"":""info""}","{""project"":""ce3616d9-58ad-4ec7-a294-1821e1564434"",""environment"":""fb6513d0-42a4-4660-82b5-509c54b15f2a"",""service"":""4978aa94-666c-47c7-8024-3ada55195a51"",""deployment"":""c8e742c7-fd58-4839-abec-b04a495e1b44"",""replica"":""9a97e4c2-a192-4277-9593-7e8d80b64342""}",2026-04-02T07:48:12.511963349Z
✅ Error handlers installed,info,"{""level"":""info""}","{""project"":""ce3616d9-58ad-4ec7-a294-1821e1564434"",""environment"":""fb6513d0-42a4-4660-82b5-509c54b15f2a"",""service"":""4978aa94-666c-47c7-8024-3ada55195a51"",""deployment"":""c8e742c7-fd58-4839-abec-b04a495e1b44"",""replica"":""9a97e4c2-a192-4277-9593-7e8d80b64342""}",2026-04-02T07:48:12.630484626Z
==========================================,info,"{""level"":""info""}","{""project"":""ce3616d9-58ad-4ec7-a294-1821e1564434"",""environment"":""fb6513d0-42a4-4660-82b5-509c54b15f2a"",""service"":""4978aa94-666c-47c7-8024-3ada55195a51"",""deployment"":""c8e742c7-fd58-4839-abec-b04a495e1b44"",""replica"":""9a97e4c2-a192-4277-9593-7e8d80b64342""}",2026-04-02T07:48:12.860625874Z
🔥 WhatsApp Warmer Service running on port 3030,info,"{""level"":""info""}","{""project"":""ce3616d9-58ad-4ec7-a294-1821e1564434"",""environment"":""fb6513d0-42a4-4660-82b5-509c54b15f2a"",""service"":""4978aa94-666c-47c7-8024-3ada55195a51"",""deployment"":""c8e742c7-fd58-4839-abec-b04a495e1b44"",""replica"":""9a97e4c2-a192-4277-9593-7e8d80b64342""}",2026-04-02T07:48:12.860630538Z
📊 Health check: http://localhost:3030/health,info,"{""level"":""info""}","{""project"":""ce3616d9-58ad-4ec7-a294-1821e1564434"",""environment"":""fb6513d0-42a4-4660-82b5-509c54b15f2a"",""service"":""4978aa94-666c-47c7-8024-3ada55195a51"",""deployment"":""c8e742c7-fd58-4839-abec-b04a495e1b44"",""replica"":""9a97e4c2-a192-4277-9593-7e8d80b64342""}",2026-04-02T07:48:12.860635194Z
🔑 Groq API: Configured,info,"{""level"":""info""}","{""project"":""ce3616d9-58ad-4ec7-a294-1821e1564434"",""environment"":""fb6513d0-42a4-4660-82b5-509c54b15f2a"",""service"":""4978aa94-666c-47c7-8024-3ada55195a51"",""deployment"":""c8e742c7-fd58-4839-abec-b04a495e1b44"",""replica"":""9a97e4c2-a192-4277-9593-7e8d80b64342""}",2026-04-02T07:48:12.860639499Z
==========================================,info,"{""level"":""info""}","{""project"":""ce3616d9-58ad-4ec7-a294-1821e1564434"",""environment"":""fb6513d0-42a4-4660-82b5-509c54b15f2a"",""service"":""4978aa94-666c-47c7-8024-3ada55195a51"",""deployment"":""c8e742c7-fd58-4839-abec-b04a495e1b44"",""replica"":""9a97e4c2-a192-4277-9593-7e8d80b64342""}",2026-04-02T07:48:12.860643854Z
✅ Groq instance initialized with API key,info,"{""level"":""info""}","{""project"":""ce3616d9-58ad-4ec7-a294-1821e1564434"",""environment"":""fb6513d0-42a4-4660-82b5-509c54b15f2a"",""service"":""4978aa94-666c-47c7-8024-3ada55195a51"",""deployment"":""c8e742c7-fd58-4839-abec-b04a495e1b44"",""replica"":""9a97e4c2-a192-4277-9593-7e8d80b64342""}",2026-04-02T07:48:12.862024381Z
✅ Generated 5 personalities via Groq. Pool size: 5/50,info,"{""level"":""info""}","{""project"":""ce3616d9-58ad-4ec7-a294-1821e1564434"",""environment"":""fb6513d0-42a4-4660-82b5-509c54b15f2a"",""service"":""4978aa94-666c-47c7-8024-3ada55195a51"",""deployment"":""c8e742c7-fd58-4839-abec-b04a495e1b44"",""replica"":""9a97e4c2-a192-4277-9593-7e8d80b64342""}",2026-04-02T07:48:14.338590316Z
✅ Port 3030 is open,info,"{""level"":""info""}","{""project"":""ce3616d9-58ad-4ec7-a294-1821e1564434"",""environment"":""fb6513d0-42a4-4660-82b5-509c54b15f2a"",""service"":""4978aa94-666c-47c7-8024-3ada55195a51"",""deployment"":""c8e742c7-fd58-4839-abec-b04a495e1b44"",""replica"":""9a97e4c2-a192-4277-9593-7e8d80b64342""}",2026-04-02T07:48:14.504910847Z
✅ Socket.io endpoint responding (HTTP 200),info,"{""level"":""info""}","{""project"":""ce3616d9-58ad-4ec7-a294-1821e1564434"",""environment"":""fb6513d0-42a4-4660-82b5-509c54b15f2a"",""service"":""4978aa94-666c-47c7-8024-3ada55195a51"",""deployment"":""c8e742c7-fd58-4839-abec-b04a495e1b44"",""replica"":""9a97e4c2-a192-4277-9593-7e8d80b64342""}",2026-04-02T07:48:14.518125410Z
,info,"{""level"":""info""}","{""project"":""ce3616d9-58ad-4ec7-a294-1821e1564434"",""environment"":""fb6513d0-42a4-4660-82b5-509c54b15f2a"",""service"":""4978aa94-666c-47c7-8024-3ada55195a51"",""deployment"":""c8e742c7-fd58-4839-abec-b04a495e1b44"",""replica"":""9a97e4c2-a192-4277-9593-7e8d80b64342""}",2026-04-02T07:48:14.518135566Z
Testing Socket.io endpoint:,info,"{""level"":""info""}","{""project"":""ce3616d9-58ad-4ec7-a294-1821e1564434"",""environment"":""fb6513d0-42a4-4660-82b5-509c54b15f2a"",""service"":""4978aa94-666c-47c7-8024-3ada55195a51"",""deployment"":""c8e742c7-fd58-4839-abec-b04a495e1b44"",""replica"":""9a97e4c2-a192-4277-9593-7e8d80b64342""}",2026-04-02T07:48:14.518141657Z
"Response: 0{""sid"":""qzpiI8OP-5xFl5TqAAAB"",""upgrades"":[""websocket""],""pingInterval"":30000,""pingTimeout"":90000,""maxPayload"":10000000}",info,"{""level"":""info""}","{""project"":""ce3616d9-58ad-4ec7-a294-1821e1564434"",""environment"":""fb6513d0-42a4-4660-82b5-509c54b15f2a"",""service"":""4978aa94-666c-47c7-8024-3ada55195a51"",""deployment"":""c8e742c7-fd58-4839-abec-b04a495e1b44"",""replica"":""9a97e4c2-a192-4277-9593-7e8d80b64342""}",2026-04-02T07:48:14.519946613Z
,info,"{""level"":""info""}","{""project"":""ce3616d9-58ad-4ec7-a294-1821e1564434"",""environment"":""fb6513d0-42a4-4660-82b5-509c54b15f2a"",""service"":""4978aa94-666c-47c7-8024-3ada55195a51"",""deployment"":""c8e742c7-fd58-4839-abec-b04a495e1b44"",""replica"":""9a97e4c2-a192-4277-9593-7e8d80b64342""}",2026-04-02T07:48:14.519955941Z
,info,"{""level"":""info""}","{""project"":""ce3616d9-58ad-4ec7-a294-1821e1564434"",""environment"":""fb6513d0-42a4-4660-82b5-509c54b15f2a"",""service"":""4978aa94-666c-47c7-8024-3ada55195a51"",""deployment"":""c8e742c7-fd58-4839-abec-b04a495e1b44"",""replica"":""9a97e4c2-a192-4277-9593-7e8d80b64342""}",2026-04-02T07:48:14.519962309Z
==========================================,info,"{""level"":""info""}","{""project"":""ce3616d9-58ad-4ec7-a294-1821e1564434"",""environment"":""fb6513d0-42a4-4660-82b5-509c54b15f2a"",""service"":""4978aa94-666c-47c7-8024-3ada55195a51"",""deployment"":""c8e742c7-fd58-4839-abec-b04a495e1b44"",""replica"":""9a97e4c2-a192-4277-9593-7e8d80b64342""}",2026-04-02T07:48:14.519968056Z
STEP 2: Starting Next.js Custom Server,info,"{""level"":""info""}","{""project"":""ce3616d9-58ad-4ec7-a294-1821e1564434"",""environment"":""fb6513d0-42a4-4660-82b5-509c54b15f2a"",""service"":""4978aa94-666c-47c7-8024-3ada55195a51"",""deployment"":""c8e742c7-fd58-4839-abec-b04a495e1b44"",""replica"":""9a97e4c2-a192-4277-9593-7e8d80b64342""}",2026-04-02T07:48:14.519973573Z
==========================================,info,"{""level"":""info""}","{""project"":""ce3616d9-58ad-4ec7-a294-1821e1564434"",""environment"":""fb6513d0-42a4-4660-82b5-509c54b15f2a"",""service"":""4978aa94-666c-47c7-8024-3ada55195a51"",""deployment"":""c8e742c7-fd58-4839-abec-b04a495e1b44"",""replica"":""9a97e4c2-a192-4277-9593-7e8d80b64342""}",2026-04-02T07:48:14.519979419Z
,info,"{""level"":""info""}","{""project"":""ce3616d9-58ad-4ec7-a294-1821e1564434"",""environment"":""fb6513d0-42a4-4660-82b5-509c54b15f2a"",""service"":""4978aa94-666c-47c7-8024-3ada55195a51"",""deployment"":""c8e742c7-fd58-4839-abec-b04a495e1b44"",""replica"":""9a97e4c2-a192-4277-9593-7e8d80b64342""}",2026-04-02T07:48:14.519985247Z
Starting Next.js server on port 3000...,info,"{""level"":""info""}","{""project"":""ce3616d9-58ad-4ec7-a294-1821e1564434"",""environment"":""fb6513d0-42a4-4660-82b5-509c54b15f2a"",""service"":""4978aa94-666c-47c7-8024-3ada55195a51"",""deployment"":""c8e742c7-fd58-4839-abec-b04a495e1b44"",""replica"":""9a97e4c2-a192-4277-9593-7e8d80b64342""}",2026-04-02T07:48:14.519989729Z
Next.js PID: 150,info,"{""level"":""info""}","{""project"":""ce3616d9-58ad-4ec7-a294-1821e1564434"",""environment"":""fb6513d0-42a4-4660-82b5-509c54b15f2a"",""service"":""4978aa94-666c-47c7-8024-3ada55195a51"",""deployment"":""c8e742c7-fd58-4839-abec-b04a495e1b44"",""replica"":""9a97e4c2-a192-4277-9593-7e8d80b64342""}",2026-04-02T07:48:14.519995040Z
Waiting for Next.js to start...,info,"{""level"":""info""}","{""project"":""ce3616d9-58ad-4ec7-a294-1821e1564434"",""environment"":""fb6513d0-42a4-4660-82b5-509c54b15f2a"",""service"":""4978aa94-666c-47c7-8024-3ada55195a51"",""deployment"":""c8e742c7-fd58-4839-abec-b04a495e1b44"",""replica"":""9a97e4c2-a192-4277-9593-7e8d80b64342""}",2026-04-02T07:48:14.520000161Z
  Waiting... (1/60),info,"{""level"":""info""}","{""project"":""ce3616d9-58ad-4ec7-a294-1821e1564434"",""environment"":""fb6513d0-42a4-4660-82b5-509c54b15f2a"",""service"":""4978aa94-666c-47c7-8024-3ada55195a51"",""deployment"":""c8e742c7-fd58-4839-abec-b04a495e1b44"",""replica"":""9a97e4c2-a192-4277-9593-7e8d80b64342""}",2026-04-02T07:48:14.525251972Z
============================================================,info,"{""level"":""info""}","{""project"":""ce3616d9-58ad-4ec7-a294-1821e1564434"",""environment"":""fb6513d0-42a4-4660-82b5-509c54b15f2a"",""service"":""4978aa94-666c-47c7-8024-3ada55195a51"",""deployment"":""c8e742c7-fd58-4839-abec-b04a495e1b44"",""replica"":""9a97e4c2-a192-4277-9593-7e8d80b64342""}",2026-04-02T07:48:15.576577063Z
WhatsApp Warmer - Custom Server,info,"{""level"":""info""}","{""project"":""ce3616d9-58ad-4ec7-a294-1821e1564434"",""environment"":""fb6513d0-42a4-4660-82b5-509c54b15f2a"",""service"":""4978aa94-666c-47c7-8024-3ada55195a51"",""deployment"":""c8e742c7-fd58-4839-abec-b04a495e1b44"",""replica"":""9a97e4c2-a192-4277-9593-7e8d80b64342""}",2026-04-02T07:48:15.576588703Z
Port: 3000 | WA Service: localhost:3030,info,"{""level"":""info""}","{""project"":""ce3616d9-58ad-4ec7-a294-1821e1564434"",""environment"":""fb6513d0-42a4-4660-82b5-509c54b15f2a"",""service"":""4978aa94-666c-47c7-8024-3ada55195a51"",""deployment"":""c8e742c7-fd58-4839-abec-b04a495e1b44"",""replica"":""9a97e4c2-a192-4277-9593-7e8d80b64342""}",2026-04-02T07:48:15.576594655Z
============================================================,info,"{""level"":""info""}","{""project"":""ce3616d9-58ad-4ec7-a294-1821e1564434"",""environment"":""fb6513d0-42a4-4660-82b5-509c54b15f2a"",""service"":""4978aa94-666c-47c7-8024-3ada55195a51"",""deployment"":""c8e742c7-fd58-4839-abec-b04a495e1b44"",""replica"":""9a97e4c2-a192-4277-9593-7e8d80b64342""}",2026-04-02T07:48:15.576599429Z
"⚠ ""next start"" does not work with ""output: standalone"" configuration. Use ""node .next/standalone/server.js"" instead.",info,"{""level"":""info""}","{""project"":""ce3616d9-58ad-4ec7-a294-1821e1564434"",""environment"":""fb6513d0-42a4-4660-82b5-509c54b15f2a"",""service"":""4978aa94-666c-47c7-8024-3ada55195a51"",""deployment"":""c8e742c7-fd58-4839-abec-b04a495e1b44"",""replica"":""9a97e4c2-a192-4277-9593-7e8d80b64342""}",2026-04-02T07:48:16.462979107Z
  Waiting... (2/60),info,"{""level"":""info""}","{""project"":""ce3616d9-58ad-4ec7-a294-1821e1564434"",""environment"":""fb6513d0-42a4-4660-82b5-509c54b15f2a"",""service"":""4978aa94-666c-47c7-8024-3ada55195a51"",""deployment"":""c8e742c7-fd58-4839-abec-b04a495e1b44"",""replica"":""9a97e4c2-a192-4277-9593-7e8d80b64342""}",2026-04-02T07:48:16.527817134Z
,info,"{""level"":""info""}","{""project"":""ce3616d9-58ad-4ec7-a294-1821e1564434"",""environment"":""fb6513d0-42a4-4660-82b5-509c54b15f2a"",""service"":""4978aa94-666c-47c7-8024-3ada55195a51"",""deployment"":""c8e742c7-fd58-4839-abec-b04a495e1b44"",""replica"":""9a97e4c2-a192-4277-9593-7e8d80b64342""}",2026-04-02T07:48:16.765471272Z
🚀 Ready on http://0.0.0.0:3000,info,"{""level"":""info""}","{""project"":""ce3616d9-58ad-4ec7-a294-1821e1564434"",""environment"":""fb6513d0-42a4-4660-82b5-509c54b15f2a"",""service"":""4978aa94-666c-47c7-8024-3ada55195a51"",""deployment"":""c8e742c7-fd58-4839-abec-b04a495e1b44"",""replica"":""9a97e4c2-a192-4277-9593-7e8d80b64342""}",2026-04-02T07:48:16.765475730Z
📡 Socket.io Proxy:,info,"{""level"":""info""}","{""project"":""ce3616d9-58ad-4ec7-a294-1821e1564434"",""environment"":""fb6513d0-42a4-4660-82b5-509c54b15f2a"",""service"":""4978aa94-666c-47c7-8024-3ada55195a51"",""deployment"":""c8e742c7-fd58-4839-abec-b04a495e1b44"",""replica"":""9a97e4c2-a192-4277-9593-7e8d80b64342""}",2026-04-02T07:48:16.765479913Z
   /socket.io      → http://localhost:3030/socket.io,info,"{""level"":""info""}","{""project"":""ce3616d9-58ad-4ec7-a294-1821e1564434"",""environment"":""fb6513d0-42a4-4660-82b5-509c54b15f2a"",""service"":""4978aa94-666c-47c7-8024-3ada55195a51"",""deployment"":""c8e742c7-fd58-4839-abec-b04a495e1b44"",""replica"":""9a97e4c2-a192-4277-9593-7e8d80b64342""}",2026-04-02T07:48:16.765484333Z
   /api/socket.io  → http://localhost:3030/socket.io (legacy),info,"{""level"":""info""}","{""project"":""ce3616d9-58ad-4ec7-a294-1821e1564434"",""environment"":""fb6513d0-42a4-4660-82b5-509c54b15f2a"",""service"":""4978aa94-666c-47c7-8024-3ada55195a51"",""deployment"":""c8e742c7-fd58-4839-abec-b04a495e1b44"",""replica"":""9a97e4c2-a192-4277-9593-7e8d80b64342""}",2026-04-02T07:48:16.765488732Z
,info,"{""level"":""info""}","{""project"":""ce3616d9-58ad-4ec7-a294-1821e1564434"",""environment"":""fb6513d0-42a4-4660-82b5-509c54b15f2a"",""service"":""4978aa94-666c-47c7-8024-3ada55195a51"",""deployment"":""c8e742c7-fd58-4839-abec-b04a495e1b44"",""replica"":""9a97e4c2-a192-4277-9593-7e8d80b64342""}",2026-04-02T07:48:16.765493073Z
✅ Using http-proxy-middleware v3 with WebSocket support,info,"{""level"":""info""}","{""project"":""ce3616d9-58ad-4ec7-a294-1821e1564434"",""environment"":""fb6513d0-42a4-4660-82b5-509c54b15f2a"",""service"":""4978aa94-666c-47c7-8024-3ada55195a51"",""deployment"":""c8e742c7-fd58-4839-abec-b04a495e1b44"",""replica"":""9a97e4c2-a192-4277-9593-7e8d80b64342""}",2026-04-02T07:48:16.765496977Z
,info,"{""level"":""info""}","{""project"":""ce3616d9-58ad-4ec7-a294-1821e1564434"",""environment"":""fb6513d0-42a4-4660-82b5-509c54b15f2a"",""service"":""4978aa94-666c-47c7-8024-3ada55195a51"",""deployment"":""c8e742c7-fd58-4839-abec-b04a495e1b44"",""replica"":""9a97e4c2-a192-4277-9593-7e8d80b64342""}",2026-04-02T07:48:16.765501992Z
1. Direct WA Service (port 3030):,info,"{""level"":""info""}","{""project"":""ce3616d9-58ad-4ec7-a294-1821e1564434"",""environment"":""fb6513d0-42a4-4660-82b5-509c54b15f2a"",""service"":""4978aa94-666c-47c7-8024-3ada55195a51"",""deployment"":""c8e742c7-fd58-4839-abec-b04a495e1b44"",""replica"":""9a97e4c2-a192-4277-9593-7e8d80b64342""}",2026-04-02T07:48:18.534554201Z
✅ Port 3000 is open,info,"{""level"":""info""}","{""project"":""ce3616d9-58ad-4ec7-a294-1821e1564434"",""environment"":""fb6513d0-42a4-4660-82b5-509c54b15f2a"",""service"":""4978aa94-666c-47c7-8024-3ada55195a51"",""deployment"":""c8e742c7-fd58-4839-abec-b04a495e1b44"",""replica"":""9a97e4c2-a192-4277-9593-7e8d80b64342""}",2026-04-02T07:48:18.534583855Z
,info,"{""level"":""info""}","{""project"":""ce3616d9-58ad-4ec7-a294-1821e1564434"",""environment"":""fb6513d0-42a4-4660-82b5-509c54b15f2a"",""service"":""4978aa94-666c-47c7-8024-3ada55195a51"",""deployment"":""c8e742c7-fd58-4839-abec-b04a495e1b44"",""replica"":""9a97e4c2-a192-4277-9593-7e8d80b64342""}",2026-04-02T07:48:18.534591132Z
==========================================,info,"{""level"":""info""}","{""project"":""ce3616d9-58ad-4ec7-a294-1821e1564434"",""environment"":""fb6513d0-42a4-4660-82b5-509c54b15f2a"",""service"":""4978aa94-666c-47c7-8024-3ada55195a51"",""deployment"":""c8e742c7-fd58-4839-abec-b04a495e1b44"",""replica"":""9a97e4c2-a192-4277-9593-7e8d80b64342""}",2026-04-02T07:48:18.534598416Z
STEP 3: Verifying Socket.io Proxy,info,"{""level"":""info""}","{""project"":""ce3616d9-58ad-4ec7-a294-1821e1564434"",""environment"":""fb6513d0-42a4-4660-82b5-509c54b15f2a"",""service"":""4978aa94-666c-47c7-8024-3ada55195a51"",""deployment"":""c8e742c7-fd58-4839-abec-b04a495e1b44"",""replica"":""9a97e4c2-a192-4277-9593-7e8d80b64342""}",2026-04-02T07:48:18.534605241Z
==========================================,info,"{""level"":""info""}","{""project"":""ce3616d9-58ad-4ec7-a294-1821e1564434"",""environment"":""fb6513d0-42a4-4660-82b5-509c54b15f2a"",""service"":""4978aa94-666c-47c7-8024-3ada55195a51"",""deployment"":""c8e742c7-fd58-4839-abec-b04a495e1b44"",""replica"":""9a97e4c2-a192-4277-9593-7e8d80b64342""}",2026-04-02T07:48:18.534613319Z
,info,"{""level"":""info""}","{""project"":""ce3616d9-58ad-4ec7-a294-1821e1564434"",""environment"":""fb6513d0-42a4-4660-82b5-509c54b15f2a"",""service"":""4978aa94-666c-47c7-8024-3ada55195a51"",""deployment"":""c8e742c7-fd58-4839-abec-b04a495e1b44"",""replica"":""9a97e4c2-a192-4277-9593-7e8d80b64342""}",2026-04-02T07:48:18.534620232Z
   HTTP: 200,info,"{""level"":""info""}","{""project"":""ce3616d9-58ad-4ec7-a294-1821e1564434"",""environment"":""fb6513d0-42a4-4660-82b5-509c54b15f2a"",""service"":""4978aa94-666c-47c7-8024-3ada55195a51"",""deployment"":""c8e742c7-fd58-4839-abec-b04a495e1b44"",""replica"":""9a97e4c2-a192-4277-9593-7e8d80b64342""}",2026-04-02T07:48:18.540586712Z
"   Response: 0{""sid"":""8TG1DuUHhvqh00Z7AAAD"",""upgrades"":[""websocket""],""pingInterval"":30000,""pingTimeout"":90000,""ma...",info,"{""level"":""info""}","{""project"":""ce3616d9-58ad-4ec7-a294-1821e1564434"",""environment"":""fb6513d0-42a4-4660-82b5-509c54b15f2a"",""service"":""4978aa94-666c-47c7-8024-3ada55195a51"",""deployment"":""c8e742c7-fd58-4839-abec-b04a495e1b44"",""replica"":""9a97e4c2-a192-4277-9593-7e8d80b64342""}",2026-04-02T07:48:18.540597185Z
,info,"{""level"":""info""}","{""project"":""ce3616d9-58ad-4ec7-a294-1821e1564434"",""environment"":""fb6513d0-42a4-4660-82b5-509c54b15f2a"",""service"":""4978aa94-666c-47c7-8024-3ada55195a51"",""deployment"":""c8e742c7-fd58-4839-abec-b04a495e1b44"",""replica"":""9a97e4c2-a192-4277-9593-7e8d80b64342""}",2026-04-02T07:48:18.540606084Z
2. Via Next.js Proxy /socket.io (port 3000):,info,"{""level"":""info""}","{""project"":""ce3616d9-58ad-4ec7-a294-1821e1564434"",""environment"":""fb6513d0-42a4-4660-82b5-509c54b15f2a"",""service"":""4978aa94-666c-47c7-8024-3ada55195a51"",""deployment"":""c8e742c7-fd58-4839-abec-b04a495e1b44"",""replica"":""9a97e4c2-a192-4277-9593-7e8d80b64342""}",2026-04-02T07:48:18.540612627Z
[Proxy HTTP] GET /socket.io/?EIO=4&transport=polling,info,"{""level"":""info""}","{""project"":""ce3616d9-58ad-4ec7-a294-1821e1564434"",""environment"":""fb6513d0-42a4-4660-82b5-509c54b15f2a"",""service"":""4978aa94-666c-47c7-8024-3ada55195a51"",""deployment"":""c8e742c7-fd58-4839-abec-b04a495e1b44"",""replica"":""9a97e4c2-a192-4277-9593-7e8d80b64342""}",2026-04-02T07:48:18.546602081Z
[Proxy HTTP] Response: 200,info,"{""level"":""info""}","{""project"":""ce3616d9-58ad-4ec7-a294-1821e1564434"",""environment"":""fb6513d0-42a4-4660-82b5-509c54b15f2a"",""service"":""4978aa94-666c-47c7-8024-3ada55195a51"",""deployment"":""c8e742c7-fd58-4839-abec-b04a495e1b44"",""replica"":""9a97e4c2-a192-4277-9593-7e8d80b64342""}",2026-04-02T07:48:18.559595111Z
[Proxy HTTP] GET /socket.io/?EIO=4&transport=polling,info,"{""level"":""info""}","{""project"":""ce3616d9-58ad-4ec7-a294-1821e1564434"",""environment"":""fb6513d0-42a4-4660-82b5-509c54b15f2a"",""service"":""4978aa94-666c-47c7-8024-3ada55195a51"",""deployment"":""c8e742c7-fd58-4839-abec-b04a495e1b44"",""replica"":""9a97e4c2-a192-4277-9593-7e8d80b64342""}",2026-04-02T07:48:18.560975188Z
[Proxy HTTP] Response: 200,info,"{""level"":""info""}","{""project"":""ce3616d9-58ad-4ec7-a294-1821e1564434"",""environment"":""fb6513d0-42a4-4660-82b5-509c54b15f2a"",""service"":""4978aa94-666c-47c7-8024-3ada55195a51"",""deployment"":""c8e742c7-fd58-4839-abec-b04a495e1b44"",""replica"":""9a97e4c2-a192-4277-9593-7e8d80b64342""}",2026-04-02T07:48:18.562332398Z
   HTTP: 200,info,"{""level"":""info""}","{""project"":""ce3616d9-58ad-4ec7-a294-1821e1564434"",""environment"":""fb6513d0-42a4-4660-82b5-509c54b15f2a"",""service"":""4978aa94-666c-47c7-8024-3ada55195a51"",""deployment"":""c8e742c7-fd58-4839-abec-b04a495e1b44"",""replica"":""9a97e4c2-a192-4277-9593-7e8d80b64342""}",2026-04-02T07:48:18.563722127Z
"   Response: 0{""sid"":""Ki214winpN5S6VDvAAAF"",""upgrades"":[""websocket""],""pingInterval"":30000,""pingTimeout"":90000,""ma...",info,"{""level"":""info""}","{""project"":""ce3616d9-58ad-4ec7-a294-1821e1564434"",""environment"":""fb6513d0-42a4-4660-82b5-509c54b15f2a"",""service"":""4978aa94-666c-47c7-8024-3ada55195a51"",""deployment"":""c8e742c7-fd58-4839-abec-b04a495e1b44"",""replica"":""9a97e4c2-a192-4277-9593-7e8d80b64342""}",2026-04-02T07:48:18.563730212Z
,info,"{""level"":""info""}","{""project"":""ce3616d9-58ad-4ec7-a294-1821e1564434"",""environment"":""fb6513d0-42a4-4660-82b5-509c54b15f2a"",""service"":""4978aa94-666c-47c7-8024-3ada55195a51"",""deployment"":""c8e742c7-fd58-4839-abec-b04a495e1b44"",""replica"":""9a97e4c2-a192-4277-9593-7e8d80b64342""}",2026-04-02T07:48:18.563736108Z
3. Via Next.js Proxy /api/socket.io (legacy):,info,"{""level"":""info""}","{""project"":""ce3616d9-58ad-4ec7-a294-1821e1564434"",""environment"":""fb6513d0-42a4-4660-82b5-509c54b15f2a"",""service"":""4978aa94-666c-47c7-8024-3ada55195a51"",""deployment"":""c8e742c7-fd58-4839-abec-b04a495e1b44"",""replica"":""9a97e4c2-a192-4277-9593-7e8d80b64342""}",2026-04-02T07:48:18.563741459Z
[Proxy HTTP] GET /socket.io?EIO=4&transport=polling,info,"{""level"":""info""}","{""project"":""ce3616d9-58ad-4ec7-a294-1821e1564434"",""environment"":""fb6513d0-42a4-4660-82b5-509c54b15f2a"",""service"":""4978aa94-666c-47c7-8024-3ada55195a51"",""deployment"":""c8e742c7-fd58-4839-abec-b04a495e1b44"",""replica"":""9a97e4c2-a192-4277-9593-7e8d80b64342""}",2026-04-02T07:48:18.569477142Z
[Proxy HTTP] Response: 404,info,"{""level"":""info""}","{""project"":""ce3616d9-58ad-4ec7-a294-1821e1564434"",""environment"":""fb6513d0-42a4-4660-82b5-509c54b15f2a"",""service"":""4978aa94-666c-47c7-8024-3ada55195a51"",""deployment"":""c8e742c7-fd58-4839-abec-b04a495e1b44"",""replica"":""9a97e4c2-a192-4277-9593-7e8d80b64342""}",2026-04-02T07:48:18.575751466Z
[Proxy HTTP] GET /socket.io?EIO=4&transport=polling,info,"{""level"":""info""}","{""project"":""ce3616d9-58ad-4ec7-a294-1821e1564434"",""environment"":""fb6513d0-42a4-4660-82b5-509c54b15f2a"",""service"":""4978aa94-666c-47c7-8024-3ada55195a51"",""deployment"":""c8e742c7-fd58-4839-abec-b04a495e1b44"",""replica"":""9a97e4c2-a192-4277-9593-7e8d80b64342""}",2026-04-02T07:48:18.582198167Z
[Proxy HTTP] Response: 404,info,"{""level"":""info""}","{""project"":""ce3616d9-58ad-4ec7-a294-1821e1564434"",""environment"":""fb6513d0-42a4-4660-82b5-509c54b15f2a"",""service"":""4978aa94-666c-47c7-8024-3ada55195a51"",""deployment"":""c8e742c7-fd58-4839-abec-b04a495e1b44"",""replica"":""9a97e4c2-a192-4277-9593-7e8d80b64342""}",2026-04-02T07:48:18.584384006Z
   HTTP: 404,info,"{""level"":""info""}","{""project"":""ce3616d9-58ad-4ec7-a294-1821e1564434"",""environment"":""fb6513d0-42a4-4660-82b5-509c54b15f2a"",""service"":""4978aa94-666c-47c7-8024-3ada55195a51"",""deployment"":""c8e742c7-fd58-4839-abec-b04a495e1b44"",""replica"":""9a97e4c2-a192-4277-9593-7e8d80b64342""}",2026-04-02T07:48:18.584392577Z
   Response: <!DOCTYPE html>,info,"{""level"":""info""}","{""project"":""ce3616d9-58ad-4ec7-a294-1821e1564434"",""environment"":""fb6513d0-42a4-4660-82b5-509c54b15f2a"",""service"":""4978aa94-666c-47c7-8024-3ada55195a51"",""deployment"":""c8e742c7-fd58-4839-abec-b04a495e1b44"",""replica"":""9a97e4c2-a192-4277-9593-7e8d80b64342""}",2026-04-02T07:48:18.584398990Z
"<html lang=""en"">",info,"{""level"":""info""}","{""project"":""ce3616d9-58ad-4ec7-a294-1821e1564434"",""environment"":""fb6513d0-42a4-4660-82b5-509c54b15f2a"",""service"":""4978aa94-666c-47c7-8024-3ada55195a51"",""deployment"":""c8e742c7-fd58-4839-abec-b04a495e1b44"",""replica"":""9a97e4c2-a192-4277-9593-7e8d80b64342""}",2026-04-02T07:48:18.584405089Z
<head>,info,"{""level"":""info""}","{""project"":""ce3616d9-58ad-4ec7-a294-1821e1564434"",""environment"":""fb6513d0-42a4-4660-82b5-509c54b15f2a"",""service"":""4978aa94-666c-47c7-8024-3ada55195a51"",""deployment"":""c8e742c7-fd58-4839-abec-b04a495e1b44"",""replica"":""9a97e4c2-a192-4277-9593-7e8d80b64342""}",2026-04-02T07:48:18.584411812Z
"<meta charset=""utf-8"">",info,"{""level"":""info""}","{""project"":""ce3616d9-58ad-4ec7-a294-1821e1564434"",""environment"":""fb6513d0-42a4-4660-82b5-509c54b15f2a"",""service"":""4978aa94-666c-47c7-8024-3ada55195a51"",""deployment"":""c8e742c7-fd58-4839-abec-b04a495e1b44"",""replica"":""9a97e4c2-a192-4277-9593-7e8d80b64342""}",2026-04-02T07:48:18.584417942Z
<title>Error</title>,info,"{""level"":""info""}","{""project"":""ce3616d9-58ad-4ec7-a294-1821e1564434"",""environment"":""fb6513d0-42a4-4660-82b5-509c54b15f2a"",""service"":""4978aa94-666c-47c7-8024-3ada55195a51"",""deployment"":""c8e742c7-fd58-4839-abec-b04a495e1b44"",""replica"":""9a97e4c2-a192-4277-9593-7e8d80b64342""}",2026-04-02T07:48:18.584424227Z
</head>,info,"{""level"":""info""}","{""project"":""ce3616d9-58ad-4ec7-a294-1821e1564434"",""environment"":""fb6513d0-42a4-4660-82b5-509c54b15f2a"",""service"":""4978aa94-666c-47c7-8024-3ada55195a51"",""deployment"":""c8e742c7-fd58-4839-abec-b04a495e1b44"",""replica"":""9a97e4c2-a192-4277-9593-7e8d80b64342""}",2026-04-02T07:48:18.584429722Z
<body>,info,"{""level"":""info""}","{""project"":""ce3616d9-58ad-4ec7-a294-1821e1564434"",""environment"":""fb6513d0-42a4-4660-82b5-509c54b15f2a"",""service"":""4978aa94-666c-47c7-8024-3ada55195a51"",""deployment"":""c8e742c7-fd58-4839-abec-b04a495e1b44"",""replica"":""9a97e4c2-a192-4277-9593-7e8d80b64342""}",2026-04-02T07:48:18.584435535Z
<...,info,"{""level"":""info""}","{""project"":""ce3616d9-58ad-4ec7-a294-1821e1564434"",""environment"":""fb6513d0-42a4-4660-82b5-509c54b15f2a"",""service"":""4978aa94-666c-47c7-8024-3ada55195a51"",""deployment"":""c8e742c7-fd58-4839-abec-b04a495e1b44"",""replica"":""9a97e4c2-a192-4277-9593-7e8d80b64342""}",2026-04-02T07:48:18.584441722Z
,info,"{""level"":""info""}","{""project"":""ce3616d9-58ad-4ec7-a294-1821e1564434"",""environment"":""fb6513d0-42a4-4660-82b5-509c54b15f2a"",""service"":""4978aa94-666c-47c7-8024-3ada55195a51"",""deployment"":""c8e742c7-fd58-4839-abec-b04a495e1b44"",""replica"":""9a97e4c2-a192-4277-9593-7e8d80b64342""}",2026-04-02T07:48:18.584447143Z
==========================================,info,"{""level"":""info""}","{""project"":""ce3616d9-58ad-4ec7-a294-1821e1564434"",""environment"":""fb6513d0-42a4-4660-82b5-509c54b15f2a"",""service"":""4978aa94-666c-47c7-8024-3ada55195a51"",""deployment"":""c8e742c7-fd58-4839-abec-b04a495e1b44"",""replica"":""9a97e4c2-a192-4277-9593-7e8d80b64342""}",2026-04-02T07:48:18.584451463Z
🚀 ALL SERVICES STARTED,info,"{""level"":""info""}","{""project"":""ce3616d9-58ad-4ec7-a294-1821e1564434"",""environment"":""fb6513d0-42a4-4660-82b5-509c54b15f2a"",""service"":""4978aa94-666c-47c7-8024-3ada55195a51"",""deployment"":""c8e742c7-fd58-4839-abec-b04a495e1b44"",""replica"":""9a97e4c2-a192-4277-9593-7e8d80b64342""}",2026-04-02T07:48:18.584455706Z
==========================================,info,"{""level"":""info""}","{""project"":""ce3616d9-58ad-4ec7-a294-1821e1564434"",""environment"":""fb6513d0-42a4-4660-82b5-509c54b15f2a"",""service"":""4978aa94-666c-47c7-8024-3ada55195a51"",""deployment"":""c8e742c7-fd58-4839-abec-b04a495e1b44"",""replica"":""9a97e4c2-a192-4277-9593-7e8d80b64342""}",2026-04-02T07:48:18.584459902Z
,info,"{""level"":""info""}","{""project"":""ce3616d9-58ad-4ec7-a294-1821e1564434"",""environment"":""fb6513d0-42a4-4660-82b5-509c54b15f2a"",""service"":""4978aa94-666c-47c7-8024-3ada55195a51"",""deployment"":""c8e742c7-fd58-4839-abec-b04a495e1b44"",""replica"":""9a97e4c2-a192-4277-9593-7e8d80b64342""}",2026-04-02T07:48:18.584464302Z
Process IDs:,info,"{""level"":""info""}","{""project"":""ce3616d9-58ad-4ec7-a294-1821e1564434"",""environment"":""fb6513d0-42a4-4660-82b5-509c54b15f2a"",""service"":""4978aa94-666c-47c7-8024-3ada55195a51"",""deployment"":""c8e742c7-fd58-4839-abec-b04a495e1b44"",""replica"":""9a97e4c2-a192-4277-9593-7e8d80b64342""}",2026-04-02T07:48:18.584468788Z
  WhatsApp Service: 71 (port 3030),info,"{""level"":""info""}","{""project"":""ce3616d9-58ad-4ec7-a294-1821e1564434"",""environment"":""fb6513d0-42a4-4660-82b5-509c54b15f2a"",""service"":""4978aa94-666c-47c7-8024-3ada55195a51"",""deployment"":""c8e742c7-fd58-4839-abec-b04a495e1b44"",""replica"":""9a97e4c2-a192-4277-9593-7e8d80b64342""}",2026-04-02T07:48:18.584473116Z
  Next.js Server:   150 (port 3000),info,"{""level"":""info""}","{""project"":""ce3616d9-58ad-4ec7-a294-1821e1564434"",""environment"":""fb6513d0-42a4-4660-82b5-509c54b15f2a"",""service"":""4978aa94-666c-47c7-8024-3ada55195a51"",""deployment"":""c8e742c7-fd58-4839-abec-b04a495e1b44"",""replica"":""9a97e4c2-a192-4277-9593-7e8d80b64342""}",2026-04-02T07:48:18.584477422Z
,info,"{""level"":""info""}","{""project"":""ce3616d9-58ad-4ec7-a294-1821e1564434"",""environment"":""fb6513d0-42a4-4660-82b5-509c54b15f2a"",""service"":""4978aa94-666c-47c7-8024-3ada55195a51"",""deployment"":""c8e742c7-fd58-4839-abec-b04a495e1b44"",""replica"":""9a97e4c2-a192-4277-9593-7e8d80b64342""}",2026-04-02T07:48:18.584482027Z
Database: PostgreSQL (via Railway),info,"{""level"":""info""}","{""project"":""ce3616d9-58ad-4ec7-a294-1821e1564434"",""environment"":""fb6513d0-42a4-4660-82b5-509c54b15f2a"",""service"":""4978aa94-666c-47c7-8024-3ada55195a51"",""deployment"":""c8e742c7-fd58-4839-abec-b04a495e1b44"",""replica"":""9a97e4c2-a192-4277-9593-7e8d80b64342""}",2026-04-02T07:48:18.584486184Z
,info,"{""level"":""info""}","{""project"":""ce3616d9-58ad-4ec7-a294-1821e1564434"",""environment"":""fb6513d0-42a4-4660-82b5-509c54b15f2a"",""service"":""4978aa94-666c-47c7-8024-3ada55195a51"",""deployment"":""c8e742c7-fd58-4839-abec-b04a495e1b44"",""replica"":""9a97e4c2-a192-4277-9593-7e8d80b64342""}",2026-04-02T07:48:18.584490460Z
Socket.io Endpoints:,info,"{""level"":""info""}","{""project"":""ce3616d9-58ad-4ec7-a294-1821e1564434"",""environment"":""fb6513d0-42a4-4660-82b5-509c54b15f2a"",""service"":""4978aa94-666c-47c7-8024-3ada55195a51"",""deployment"":""c8e742c7-fd58-4839-abec-b04a495e1b44"",""replica"":""9a97e4c2-a192-4277-9593-7e8d80b64342""}",2026-04-02T07:48:18.584494374Z
  ✅ /socket.io      → WA service (RECOMMENDED),info,"{""level"":""info""}","{""project"":""ce3616d9-58ad-4ec7-a294-1821e1564434"",""environment"":""fb6513d0-42a4-4660-82b5-509c54b15f2a"",""service"":""4978aa94-666c-47c7-8024-3ada55195a51"",""deployment"":""c8e742c7-fd58-4839-abec-b04a495e1b44"",""replica"":""9a97e4c2-a192-4277-9593-7e8d80b64342""}",2026-04-02T07:48:18.584498709Z
  ✅ /api/socket.io  → WA service (legacy compat),info,"{""level"":""info""}","{""project"":""ce3616d9-58ad-4ec7-a294-1821e1564434"",""environment"":""fb6513d0-42a4-4660-82b5-509c54b15f2a"",""service"":""4978aa94-666c-47c7-8024-3ada55195a51"",""deployment"":""c8e742c7-fd58-4839-abec-b04a495e1b44"",""replica"":""9a97e4c2-a192-4277-9593-7e8d80b64342""}",2026-04-02T07:48:18.584503891Z
,info,"{""level"":""info""}","{""project"":""ce3616d9-58ad-4ec7-a294-1821e1564434"",""environment"":""fb6513d0-42a4-4660-82b5-509c54b15f2a"",""service"":""4978aa94-666c-47c7-8024-3ada55195a51"",""deployment"":""c8e742c7-fd58-4839-abec-b04a495e1b44"",""replica"":""9a97e4c2-a192-4277-9593-7e8d80b64342""}",2026-04-02T07:48:18.584508097Z
==========================================,info,"{""level"":""info""}","{""project"":""ce3616d9-58ad-4ec7-a294-1821e1564434"",""environment"":""fb6513d0-42a4-4660-82b5-509c54b15f2a"",""service"":""4978aa94-666c-47c7-8024-3ada55195a51"",""deployment"":""c8e742c7-fd58-4839-abec-b04a495e1b44"",""replica"":""9a97e4c2-a192-4277-9593-7e8d80b64342""}",2026-04-02T07:48:18.584511763Z
[DB] Synced 0 accounts to database,info,"{""level"":""info""}","{""project"":""ce3616d9-58ad-4ec7-a294-1821e1564434"",""environment"":""fb6513d0-42a4-4660-82b5-509c54b15f2a"",""service"":""4978aa94-666c-47c7-8024-3ada55195a51"",""deployment"":""c8e742c7-fd58-4839-abec-b04a495e1b44"",""replica"":""9a97e4c2-a192-4277-9593-7e8d80b64342""}",2026-04-02T07:48:48.634637908Z
2026-04-02 07:48:48 UTC - Services healthy,info,"{""level"":""info""}","{""project"":""ce3616d9-58ad-4ec7-a294-1821e1564434"",""environment"":""fb6513d0-42a4-4660-82b5-509c54b15f2a"",""service"":""4978aa94-666c-47c7-8024-3ada55195a51"",""deployment"":""c8e742c7-fd58-4839-abec-b04a495e1b44"",""replica"":""9a97e4c2-a192-4277-9593-7e8d80b64342""}",2026-04-02T07:48:48.634644926Z
[DB] Synced 0 accounts to database,info,"{""level"":""info""}","{""project"":""ce3616d9-58ad-4ec7-a294-1821e1564434"",""environment"":""fb6513d0-42a4-4660-82b5-509c54b15f2a"",""service"":""4978aa94-666c-47c7-8024-3ada55195a51"",""deployment"":""c8e742c7-fd58-4839-abec-b04a495e1b44"",""replica"":""9a97e4c2-a192-4277-9593-7e8d80b64342""}",2026-04-02T07:49:18.394139888Z
2026-04-02 07:49:18 UTC - Services healthy,info,"{""level"":""info""}","{""project"":""ce3616d9-58ad-4ec7-a294-1821e1564434"",""environment"":""fb6513d0-42a4-4660-82b5-509c54b15f2a"",""service"":""4978aa94-666c-47c7-8024-3ada55195a51"",""deployment"":""c8e742c7-fd58-4839-abec-b04a495e1b44"",""replica"":""9a97e4c2-a192-4277-9593-7e8d80b64342""}",2026-04-02T07:49:18.924013440Z
[DB] Synced 0 accounts to database,info,"{""level"":""info""}","{""project"":""ce3616d9-58ad-4ec7-a294-1821e1564434"",""environment"":""fb6513d0-42a4-4660-82b5-509c54b15f2a"",""service"":""4978aa94-666c-47c7-8024-3ada55195a51"",""deployment"":""c8e742c7-fd58-4839-abec-b04a495e1b44"",""replica"":""9a97e4c2-a192-4277-9593-7e8d80b64342""}",2026-04-02T07:49:48.787627427Z
2026-04-02 07:49:48 UTC - Services healthy,info,"{""level"":""info""}","{""project"":""ce3616d9-58ad-4ec7-a294-1821e1564434"",""environment"":""fb6513d0-42a4-4660-82b5-509c54b15f2a"",""service"":""4978aa94-666c-47c7-8024-3ada55195a51"",""deployment"":""c8e742c7-fd58-4839-abec-b04a495e1b44"",""replica"":""9a97e4c2-a192-4277-9593-7e8d80b64342""}",2026-04-02T07:49:48.787632766Z
[DB] Synced 0 accounts to database,info,"{""level"":""info""}","{""project"":""ce3616d9-58ad-4ec7-a294-1821e1564434"",""environment"":""fb6513d0-42a4-4660-82b5-509c54b15f2a"",""service"":""4978aa94-666c-47c7-8024-3ada55195a51"",""deployment"":""c8e742c7-fd58-4839-abec-b04a495e1b44"",""replica"":""9a97e4c2-a192-4277-9593-7e8d80b64342""}",2026-04-02T07:50:18.837035218Z
2026-04-02 07:50:18 UTC - Services healthy,info,"{""level"":""info""}","{""project"":""ce3616d9-58ad-4ec7-a294-1821e1564434"",""environment"":""fb6513d0-42a4-4660-82b5-509c54b15f2a"",""service"":""4978aa94-666c-47c7-8024-3ada55195a51"",""deployment"":""c8e742c7-fd58-4839-abec-b04a495e1b44"",""replica"":""9a97e4c2-a192-4277-9593-7e8d80b64342""}",2026-04-02T07:50:18.837041355Z
[DB] Synced 0 accounts to database,info,"{""level"":""info""}","{""project"":""ce3616d9-58ad-4ec7-a294-1821e1564434"",""environment"":""fb6513d0-42a4-4660-82b5-509c54b15f2a"",""service"":""4978aa94-666c-47c7-8024-3ada55195a51"",""deployment"":""c8e742c7-fd58-4839-abec-b04a495e1b44"",""replica"":""9a97e4c2-a192-4277-9593-7e8d80b64342""}",2026-04-02T07:50:48.928944397Z
2026-04-02 07:50:48 UTC - Services healthy,info,"{""level"":""info""}","{""project"":""ce3616d9-58ad-4ec7-a294-1821e1564434"",""environment"":""fb6513d0-42a4-4660-82b5-509c54b15f2a"",""service"":""4978aa94-666c-47c7-8024-3ada55195a51"",""deployment"":""c8e742c7-fd58-4839-abec-b04a495e1b44"",""replica"":""9a97e4c2-a192-4277-9593-7e8d80b64342""}",2026-04-02T07:50:48.928954282Z
[DB] Synced 0 accounts to database,info,"{""level"":""info""}","{""project"":""ce3616d9-58ad-4ec7-a294-1821e1564434"",""environment"":""fb6513d0-42a4-4660-82b5-509c54b15f2a"",""service"":""4978aa94-666c-47c7-8024-3ada55195a51"",""deployment"":""c8e742c7-fd58-4839-abec-b04a495e1b44"",""replica"":""9a97e4c2-a192-4277-9593-7e8d80b64342""}",2026-04-02T07:51:18.700463895Z
2026-04-02 07:51:18 UTC - Services healthy,info,"{""level"":""info""}","{""project"":""ce3616d9-58ad-4ec7-a294-1821e1564434"",""environment"":""fb6513d0-42a4-4660-82b5-509c54b15f2a"",""service"":""4978aa94-666c-47c7-8024-3ada55195a51"",""deployment"":""c8e742c7-fd58-4839-abec-b04a495e1b44"",""replica"":""9a97e4c2-a192-4277-9593-7e8d80b64342""}",2026-04-02T07:51:18.700470335Z
[DB] Synced 0 accounts to database,info,"{""level"":""info""}","{""project"":""ce3616d9-58ad-4ec7-a294-1821e1564434"",""environment"":""fb6513d0-42a4-4660-82b5-509c54b15f2a"",""service"":""4978aa94-666c-47c7-8024-3ada55195a51"",""deployment"":""c8e742c7-fd58-4839-abec-b04a495e1b44"",""replica"":""9a97e4c2-a192-4277-9593-7e8d80b64342""}",2026-04-02T07:51:48.706707107Z
2026-04-02 07:51:48 UTC - Services healthy,info,"{""level"":""info""}","{""project"":""ce3616d9-58ad-4ec7-a294-1821e1564434"",""environment"":""fb6513d0-42a4-4660-82b5-509c54b15f2a"",""service"":""4978aa94-666c-47c7-8024-3ada55195a51"",""deployment"":""c8e742c7-fd58-4839-abec-b04a495e1b44"",""replica"":""9a97e4c2-a192-4277-9593-7e8d80b64342""}",2026-04-02T07:51:48.706713236Z
[DB] Synced 0 accounts to database,info,"{""level"":""info""}","{""project"":""ce3616d9-58ad-4ec7-a294-1821e1564434"",""environment"":""fb6513d0-42a4-4660-82b5-509c54b15f2a"",""service"":""4978aa94-666c-47c7-8024-3ada55195a51"",""deployment"":""c8e742c7-fd58-4839-abec-b04a495e1b44"",""replica"":""9a97e4c2-a192-4277-9593-7e8d80b64342""}",2026-04-02T07:52:18.994822820Z
2026-04-02 07:52:18 UTC - Services healthy,info,"{""level"":""info""}","{""project"":""ce3616d9-58ad-4ec7-a294-1821e1564434"",""environment"":""fb6513d0-42a4-4660-82b5-509c54b15f2a"",""service"":""4978aa94-666c-47c7-8024-3ada55195a51"",""deployment"":""c8e742c7-fd58-4839-abec-b04a495e1b44"",""replica"":""9a97e4c2-a192-4277-9593-7e8d80b64342""}",2026-04-02T07:52:18.994828970Z
[DB] Synced 0 accounts to database,info,"{""level"":""info""}","{""project"":""ce3616d9-58ad-4ec7-a294-1821e1564434"",""environment"":""fb6513d0-42a4-4660-82b5-509c54b15f2a"",""service"":""4978aa94-666c-47c7-8024-3ada55195a51"",""deployment"":""c8e742c7-fd58-4839-abec-b04a495e1b44"",""replica"":""9a97e4c2-a192-4277-9593-7e8d80b64342""}",2026-04-02T07:52:48.988515975Z
2026-04-02 07:52:48 UTC - Services healthy,info,"{""level"":""info""}","{""project"":""ce3616d9-58ad-4ec7-a294-1821e1564434"",""environment"":""fb6513d0-42a4-4660-82b5-509c54b15f2a"",""service"":""4978aa94-666c-47c7-8024-3ada55195a51"",""deployment"":""c8e742c7-fd58-4839-abec-b04a495e1b44"",""replica"":""9a97e4c2-a192-4277-9593-7e8d80b64342""}",2026-04-02T07:52:48.988521361Z
[DB] Synced 0 accounts to database,info,"{""level"":""info""}","{""project"":""ce3616d9-58ad-4ec7-a294-1821e1564434"",""environment"":""fb6513d0-42a4-4660-82b5-509c54b15f2a"",""service"":""4978aa94-666c-47c7-8024-3ada55195a51"",""deployment"":""c8e742c7-fd58-4839-abec-b04a495e1b44"",""replica"":""9a97e4c2-a192-4277-9593-7e8d80b64342""}",2026-04-02T07:53:18.996865513Z
2026-04-02 07:53:18 UTC - Services healthy,info,"{""level"":""info""}","{""project"":""ce3616d9-58ad-4ec7-a294-1821e1564434"",""environment"":""fb6513d0-42a4-4660-82b5-509c54b15f2a"",""service"":""4978aa94-666c-47c7-8024-3ada55195a51"",""deployment"":""c8e742c7-fd58-4839-abec-b04a495e1b44"",""replica"":""9a97e4c2-a192-4277-9593-7e8d80b64342""}",2026-04-02T07:53:18.996870349Z
2026-04-02 07:53:48 UTC - Services healthy,info,"{""level"":""info""}","{""project"":""ce3616d9-58ad-4ec7-a294-1821e1564434"",""environment"":""fb6513d0-42a4-4660-82b5-509c54b15f2a"",""service"":""4978aa94-666c-47c7-8024-3ada55195a51"",""deployment"":""c8e742c7-fd58-4839-abec-b04a495e1b44"",""replica"":""9a97e4c2-a192-4277-9593-7e8d80b64342""}",2026-04-02T07:53:49.047972145Z
[DB] Synced 0 accounts to database,info,"{""level"":""info""}","{""project"":""ce3616d9-58ad-4ec7-a294-1821e1564434"",""environment"":""fb6513d0-42a4-4660-82b5-509c54b15f2a"",""service"":""4978aa94-666c-47c7-8024-3ada55195a51"",""deployment"":""c8e742c7-fd58-4839-abec-b04a495e1b44"",""replica"":""9a97e4c2-a192-4277-9593-7e8d80b64342""}",2026-04-02T07:53:49.048138099Z
[DB] Synced 0 accounts to database,info,"{""level"":""info""}","{""project"":""ce3616d9-58ad-4ec7-a294-1821e1564434"",""environment"":""fb6513d0-42a4-4660-82b5-509c54b15f2a"",""service"":""4978aa94-666c-47c7-8024-3ada55195a51"",""deployment"":""c8e742c7-fd58-4839-abec-b04a495e1b44"",""replica"":""9a97e4c2-a192-4277-9593-7e8d80b64342""}",2026-04-02T07:54:18.965873297Z
2026-04-02 07:54:18 UTC - Services healthy,info,"{""level"":""info""}","{""project"":""ce3616d9-58ad-4ec7-a294-1821e1564434"",""environment"":""fb6513d0-42a4-4660-82b5-509c54b15f2a"",""service"":""4978aa94-666c-47c7-8024-3ada55195a51"",""deployment"":""c8e742c7-fd58-4839-abec-b04a495e1b44"",""replica"":""9a97e4c2-a192-4277-9593-7e8d80b64342""}",2026-04-02T07:54:18.965879234Z
[DB] Synced 0 accounts to database,info,"{""level"":""info""}","{""project"":""ce3616d9-58ad-4ec7-a294-1821e1564434"",""environment"":""fb6513d0-42a4-4660-82b5-509c54b15f2a"",""service"":""4978aa94-666c-47c7-8024-3ada55195a51"",""deployment"":""c8e742c7-fd58-4839-abec-b04a495e1b44"",""replica"":""9a97e4c2-a192-4277-9593-7e8d80b64342""}",2026-04-02T07:54:48.977975849Z
2026-04-02 07:54:48 UTC - Services healthy,info,"{""level"":""info""}","{""project"":""ce3616d9-58ad-4ec7-a294-1821e1564434"",""environment"":""fb6513d0-42a4-4660-82b5-509c54b15f2a"",""service"":""4978aa94-666c-47c7-8024-3ada55195a51"",""deployment"":""c8e742c7-fd58-4839-abec-b04a495e1b44"",""replica"":""9a97e4c2-a192-4277-9593-7e8d80b64342""}",2026-04-02T07:54:48.977980742Z
[DB] Synced 0 accounts to database,info,"{""level"":""info""}","{""project"":""ce3616d9-58ad-4ec7-a294-1821e1564434"",""environment"":""fb6513d0-42a4-4660-82b5-509c54b15f2a"",""service"":""4978aa94-666c-47c7-8024-3ada55195a51"",""deployment"":""c8e742c7-fd58-4839-abec-b04a495e1b44"",""replica"":""9a97e4c2-a192-4277-9593-7e8d80b64342""}",2026-04-02T07:55:18.729248710Z
2026-04-02 07:55:18 UTC - Services healthy,info,"{""level"":""info""}","{""project"":""ce3616d9-58ad-4ec7-a294-1821e1564434"",""environment"":""fb6513d0-42a4-4660-82b5-509c54b15f2a"",""service"":""4978aa94-666c-47c7-8024-3ada55195a51"",""deployment"":""c8e742c7-fd58-4839-abec-b04a495e1b44"",""replica"":""9a97e4c2-a192-4277-9593-7e8d80b64342""}",2026-04-02T07:55:18.729254302Z
[DB] Synced 0 accounts to database,info,"{""level"":""info""}","{""project"":""ce3616d9-58ad-4ec7-a294-1821e1564434"",""environment"":""fb6513d0-42a4-4660-82b5-509c54b15f2a"",""service"":""4978aa94-666c-47c7-8024-3ada55195a51"",""deployment"":""c8e742c7-fd58-4839-abec-b04a495e1b44"",""replica"":""9a97e4c2-a192-4277-9593-7e8d80b64342""}",2026-04-02T07:55:48.734815512Z
2026-04-02 07:55:48 UTC - Services healthy,info,"{""level"":""info""}","{""project"":""ce3616d9-58ad-4ec7-a294-1821e1564434"",""environment"":""fb6513d0-42a4-4660-82b5-509c54b15f2a"",""service"":""4978aa94-666c-47c7-8024-3ada55195a51"",""deployment"":""c8e742c7-fd58-4839-abec-b04a495e1b44"",""replica"":""9a97e4c2-a192-4277-9593-7e8d80b64342""}",2026-04-02T07:55:48.734820036Z
[DB] Synced 0 accounts to database,info,"{""level"":""info""}","{""project"":""ce3616d9-58ad-4ec7-a294-1821e1564434"",""environment"":""fb6513d0-42a4-4660-82b5-509c54b15f2a"",""service"":""4978aa94-666c-47c7-8024-3ada55195a51"",""deployment"":""c8e742c7-fd58-4839-abec-b04a495e1b44"",""replica"":""9a97e4c2-a192-4277-9593-7e8d80b64342""}",2026-04-02T07:56:18.445337335Z
2026-04-02 07:56:18 UTC - Services healthy,info,"{""level"":""info""}","{""project"":""ce3616d9-58ad-4ec7-a294-1821e1564434"",""environment"":""fb6513d0-42a4-4660-82b5-509c54b15f2a"",""service"":""4978aa94-666c-47c7-8024-3ada55195a51"",""deployment"":""c8e742c7-fd58-4839-abec-b04a495e1b44"",""replica"":""9a97e4c2-a192-4277-9593-7e8d80b64342""}",2026-04-02T07:56:18.948869853Z
[DB] Synced 0 accounts to database,info,"{""level"":""info""}","{""project"":""ce3616d9-58ad-4ec7-a294-1821e1564434"",""environment"":""fb6513d0-42a4-4660-82b5-509c54b15f2a"",""service"":""4978aa94-666c-47c7-8024-3ada55195a51"",""deployment"":""c8e742c7-fd58-4839-abec-b04a495e1b44"",""replica"":""9a97e4c2-a192-4277-9593-7e8d80b64342""}",2026-04-02T07:56:48.718426555Z
2026-04-02 07:56:48 UTC - Services healthy,info,"{""level"":""info""}","{""project"":""ce3616d9-58ad-4ec7-a294-1821e1564434"",""environment"":""fb6513d0-42a4-4660-82b5-509c54b15f2a"",""service"":""4978aa94-666c-47c7-8024-3ada55195a51"",""deployment"":""c8e742c7-fd58-4839-abec-b04a495e1b44"",""replica"":""9a97e4c2-a192-4277-9593-7e8d80b64342""}",2026-04-02T07:56:48.718436837Z
[WS Upgrade] /socket.io/,info,"{""level"":""info""}","{""project"":""ce3616d9-58ad-4ec7-a294-1821e1564434"",""environment"":""fb6513d0-42a4-4660-82b5-509c54b15f2a"",""service"":""4978aa94-666c-47c7-8024-3ada55195a51"",""deployment"":""c8e742c7-fd58-4839-abec-b04a495e1b44"",""replica"":""9a97e4c2-a192-4277-9593-7e8d80b64342""}",2026-04-02T07:57:08.720360123Z
(node:175) [DEP0060] DeprecationWarning: The `util._extend` API is deprecated. Please use Object.assign() instead.,info,"{""level"":""info""}","{""project"":""ce3616d9-58ad-4ec7-a294-1821e1564434"",""environment"":""fb6513d0-42a4-4660-82b5-509c54b15f2a"",""service"":""4978aa94-666c-47c7-8024-3ada55195a51"",""deployment"":""c8e742c7-fd58-4839-abec-b04a495e1b44"",""replica"":""9a97e4c2-a192-4277-9593-7e8d80b64342""}",2026-04-02T07:57:08.720365035Z
(Use `node --trace-deprecation ...` to show where the warning was created),info,"{""level"":""info""}","{""project"":""ce3616d9-58ad-4ec7-a294-1821e1564434"",""environment"":""fb6513d0-42a4-4660-82b5-509c54b15f2a"",""service"":""4978aa94-666c-47c7-8024-3ada55195a51"",""deployment"":""c8e742c7-fd58-4839-abec-b04a495e1b44"",""replica"":""9a97e4c2-a192-4277-9593-7e8d80b64342""}",2026-04-02T07:57:08.720369236Z
"[HPM] Client connected: { address: '::1', family: 'IPv6', port: 42204 }",info,"{""level"":""info""}","{""project"":""ce3616d9-58ad-4ec7-a294-1821e1564434"",""environment"":""fb6513d0-42a4-4660-82b5-509c54b15f2a"",""service"":""4978aa94-666c-47c7-8024-3ada55195a51"",""deployment"":""c8e742c7-fd58-4839-abec-b04a495e1b44"",""replica"":""9a97e4c2-a192-4277-9593-7e8d80b64342""}",2026-04-02T07:57:08.720375100Z
[Socket.io] Client connected: guW-8yLhdsVbX9zUAAAH | Transport: websocket,info,"{""level"":""info""}","{""project"":""ce3616d9-58ad-4ec7-a294-1821e1564434"",""environment"":""fb6513d0-42a4-4660-82b5-509c54b15f2a"",""service"":""4978aa94-666c-47c7-8024-3ada55195a51"",""deployment"":""c8e742c7-fd58-4839-abec-b04a495e1b44"",""replica"":""9a97e4c2-a192-4277-9593-7e8d80b64342""}",2026-04-02T07:57:08.720379435Z
Client connected: guW-8yLhdsVbX9zUAAAH Transport: websocket,info,"{""level"":""info""}","{""project"":""ce3616d9-58ad-4ec7-a294-1821e1564434"",""environment"":""fb6513d0-42a4-4660-82b5-509c54b15f2a"",""service"":""4978aa94-666c-47c7-8024-3ada55195a51"",""deployment"":""c8e742c7-fd58-4839-abec-b04a495e1b44"",""replica"":""9a97e4c2-a192-4277-9593-7e8d80b64342""}",2026-04-02T07:57:08.720383482Z
[DB] Synced 0 accounts to database,info,"{""level"":""info""}","{""project"":""ce3616d9-58ad-4ec7-a294-1821e1564434"",""environment"":""fb6513d0-42a4-4660-82b5-509c54b15f2a"",""service"":""4978aa94-666c-47c7-8024-3ada55195a51"",""deployment"":""c8e742c7-fd58-4839-abec-b04a495e1b44"",""replica"":""9a97e4c2-a192-4277-9593-7e8d80b64342""}",2026-04-02T07:57:13.070098883Z
2026-04-02 07:57:18 UTC - Services healthy,info,"{""level"":""info""}","{""project"":""ce3616d9-58ad-4ec7-a294-1821e1564434"",""environment"":""fb6513d0-42a4-4660-82b5-509c54b15f2a"",""service"":""4978aa94-666c-47c7-8024-3ada55195a51"",""deployment"":""c8e742c7-fd58-4839-abec-b04a495e1b44"",""replica"":""9a97e4c2-a192-4277-9593-7e8d80b64342""}",2026-04-02T07:57:18.804604554Z
[DB] Synced 0 accounts to database,info,"{""level"":""info""}","{""project"":""ce3616d9-58ad-4ec7-a294-1821e1564434"",""environment"":""fb6513d0-42a4-4660-82b5-509c54b15f2a"",""service"":""4978aa94-666c-47c7-8024-3ada55195a51"",""deployment"":""c8e742c7-fd58-4839-abec-b04a495e1b44"",""replica"":""9a97e4c2-a192-4277-9593-7e8d80b64342""}",2026-04-02T07:57:48.608057141Z
"[WA API] POST to: http://localhost:3030/session/start? Body: {""accountId"":""akun-01"",""usePairingCode"":false}",info,"{""level"":""info""}","{""project"":""ce3616d9-58ad-4ec7-a294-1821e1564434"",""environment"":""fb6513d0-42a4-4660-82b5-509c54b15f2a"",""service"":""4978aa94-666c-47c7-8024-3ada55195a51"",""deployment"":""c8e742c7-fd58-4839-abec-b04a495e1b44"",""replica"":""9a97e4c2-a192-4277-9593-7e8d80b64342""}",2026-04-02T07:57:48.662050203Z
==========================================,info,"{""level"":""info""}","{""project"":""ce3616d9-58ad-4ec7-a294-1821e1564434"",""environment"":""fb6513d0-42a4-4660-82b5-509c54b15f2a"",""service"":""4978aa94-666c-47c7-8024-3ada55195a51"",""deployment"":""c8e742c7-fd58-4839-abec-b04a495e1b44"",""replica"":""9a97e4c2-a192-4277-9593-7e8d80b64342""}",2026-04-02T07:57:48.682443942Z
[SESSION/START] Request received: {,info,"{""level"":""info""}","{""project"":""ce3616d9-58ad-4ec7-a294-1821e1564434"",""environment"":""fb6513d0-42a4-4660-82b5-509c54b15f2a"",""service"":""4978aa94-666c-47c7-8024-3ada55195a51"",""deployment"":""c8e742c7-fd58-4839-abec-b04a495e1b44"",""replica"":""9a97e4c2-a192-4277-9593-7e8d80b64342""}",2026-04-02T07:57:48.682451249Z
"  accountId: 'akun-01',",info,"{""level"":""info""}","{""project"":""ce3616d9-58ad-4ec7-a294-1821e1564434"",""environment"":""fb6513d0-42a4-4660-82b5-509c54b15f2a"",""service"":""4978aa94-666c-47c7-8024-3ada55195a51"",""deployment"":""c8e742c7-fd58-4839-abec-b04a495e1b44"",""replica"":""9a97e4c2-a192-4277-9593-7e8d80b64342""}",2026-04-02T07:57:48.682456116Z
"  usePairingCode: false,",info,"{""level"":""info""}","{""project"":""ce3616d9-58ad-4ec7-a294-1821e1564434"",""environment"":""fb6513d0-42a4-4660-82b5-509c54b15f2a"",""service"":""4978aa94-666c-47c7-8024-3ada55195a51"",""deployment"":""c8e742c7-fd58-4839-abec-b04a495e1b44"",""replica"":""9a97e4c2-a192-4277-9593-7e8d80b64342""}",2026-04-02T07:57:48.682461309Z
"  phoneNumber: undefined,",info,"{""level"":""info""}","{""project"":""ce3616d9-58ad-4ec7-a294-1821e1564434"",""environment"":""fb6513d0-42a4-4660-82b5-509c54b15f2a"",""service"":""4978aa94-666c-47c7-8024-3ada55195a51"",""deployment"":""c8e742c7-fd58-4839-abec-b04a495e1b44"",""replica"":""9a97e4c2-a192-4277-9593-7e8d80b64342""}",2026-04-02T07:57:48.682467935Z
  forceNew: undefined,info,"{""level"":""info""}","{""project"":""ce3616d9-58ad-4ec7-a294-1821e1564434"",""environment"":""fb6513d0-42a4-4660-82b5-509c54b15f2a"",""service"":""4978aa94-666c-47c7-8024-3ada55195a51"",""deployment"":""c8e742c7-fd58-4839-abec-b04a495e1b44"",""replica"":""9a97e4c2-a192-4277-9593-7e8d80b64342""}",2026-04-02T07:57:48.682472478Z
},info,"{""level"":""info""}","{""project"":""ce3616d9-58ad-4ec7-a294-1821e1564434"",""environment"":""fb6513d0-42a4-4660-82b5-509c54b15f2a"",""service"":""4978aa94-666c-47c7-8024-3ada55195a51"",""deployment"":""c8e742c7-fd58-4839-abec-b04a495e1b44"",""replica"":""9a97e4c2-a192-4277-9593-7e8d80b64342""}",2026-04-02T07:57:48.682476991Z
==========================================,info,"{""level"":""info""}","{""project"":""ce3616d9-58ad-4ec7-a294-1821e1564434"",""environment"":""fb6513d0-42a4-4660-82b5-509c54b15f2a"",""service"":""4978aa94-666c-47c7-8024-3ada55195a51"",""deployment"":""c8e742c7-fd58-4839-abec-b04a495e1b44"",""replica"":""9a97e4c2-a192-4277-9593-7e8d80b64342""}",2026-04-02T07:57:48.682481165Z
[SESSION/START] Starting session for: akun-01 forceNew: false,info,"{""level"":""info""}","{""project"":""ce3616d9-58ad-4ec7-a294-1821e1564434"",""environment"":""fb6513d0-42a4-4660-82b5-509c54b15f2a"",""service"":""4978aa94-666c-47c7-8024-3ada55195a51"",""deployment"":""c8e742c7-fd58-4839-abec-b04a495e1b44"",""replica"":""9a97e4c2-a192-4277-9593-7e8d80b64342""}",2026-04-02T07:57:48.682486891Z
==========================================,info,"{""level"":""info""}","{""project"":""ce3616d9-58ad-4ec7-a294-1821e1564434"",""environment"":""fb6513d0-42a4-4660-82b5-509c54b15f2a"",""service"":""4978aa94-666c-47c7-8024-3ada55195a51"",""deployment"":""c8e742c7-fd58-4839-abec-b04a495e1b44"",""replica"":""9a97e4c2-a192-4277-9593-7e8d80b64342""}",2026-04-02T07:57:48.682492016Z
[START SESSION] Called with: {,info,"{""level"":""info""}","{""project"":""ce3616d9-58ad-4ec7-a294-1821e1564434"",""environment"":""fb6513d0-42a4-4660-82b5-509c54b15f2a"",""service"":""4978aa94-666c-47c7-8024-3ada55195a51"",""deployment"":""c8e742c7-fd58-4839-abec-b04a495e1b44"",""replica"":""9a97e4c2-a192-4277-9593-7e8d80b64342""}",2026-04-02T07:57:48.682496434Z
"  accountId: 'akun-01',",info,"{""level"":""info""}","{""project"":""ce3616d9-58ad-4ec7-a294-1821e1564434"",""environment"":""fb6513d0-42a4-4660-82b5-509c54b15f2a"",""service"":""4978aa94-666c-47c7-8024-3ada55195a51"",""deployment"":""c8e742c7-fd58-4839-abec-b04a495e1b44"",""replica"":""9a97e4c2-a192-4277-9593-7e8d80b64342""}",2026-04-02T07:57:48.682500638Z
"  usePairingCode: false,",info,"{""level"":""info""}","{""project"":""ce3616d9-58ad-4ec7-a294-1821e1564434"",""environment"":""fb6513d0-42a4-4660-82b5-509c54b15f2a"",""service"":""4978aa94-666c-47c7-8024-3ada55195a51"",""deployment"":""c8e742c7-fd58-4839-abec-b04a495e1b44"",""replica"":""9a97e4c2-a192-4277-9593-7e8d80b64342""}",2026-04-02T07:57:48.682504779Z
"  phoneNumber: undefined,",info,"{""level"":""info""}","{""project"":""ce3616d9-58ad-4ec7-a294-1821e1564434"",""environment"":""fb6513d0-42a4-4660-82b5-509c54b15f2a"",""service"":""4978aa94-666c-47c7-8024-3ada55195a51"",""deployment"":""c8e742c7-fd58-4839-abec-b04a495e1b44"",""replica"":""9a97e4c2-a192-4277-9593-7e8d80b64342""}",2026-04-02T07:57:48.682508740Z
  forceNew: false,info,"{""level"":""info""}","{""project"":""ce3616d9-58ad-4ec7-a294-1821e1564434"",""environment"":""fb6513d0-42a4-4660-82b5-509c54b15f2a"",""service"":""4978aa94-666c-47c7-8024-3ada55195a51"",""deployment"":""c8e742c7-fd58-4839-abec-b04a495e1b44"",""replica"":""9a97e4c2-a192-4277-9593-7e8d80b64342""}",2026-04-02T07:57:48.682523305Z
},info,"{""level"":""info""}","{""project"":""ce3616d9-58ad-4ec7-a294-1821e1564434"",""environment"":""fb6513d0-42a4-4660-82b5-509c54b15f2a"",""service"":""4978aa94-666c-47c7-8024-3ada55195a51"",""deployment"":""c8e742c7-fd58-4839-abec-b04a495e1b44"",""replica"":""9a97e4c2-a192-4277-9593-7e8d80b64342""}",2026-04-02T07:57:48.682528074Z
[START SESSION] Current accounts: [],info,"{""level"":""info""}","{""project"":""ce3616d9-58ad-4ec7-a294-1821e1564434"",""environment"":""fb6513d0-42a4-4660-82b5-509c54b15f2a"",""service"":""4978aa94-666c-47c7-8024-3ada55195a51"",""deployment"":""c8e742c7-fd58-4839-abec-b04a495e1b44"",""replica"":""9a97e4c2-a192-4277-9593-7e8d80b64342""}",2026-04-02T07:57:48.682532014Z
==========================================,info,"{""level"":""info""}","{""project"":""ce3616d9-58ad-4ec7-a294-1821e1564434"",""environment"":""fb6513d0-42a4-4660-82b5-509c54b15f2a"",""service"":""4978aa94-666c-47c7-8024-3ada55195a51"",""deployment"":""c8e742c7-fd58-4839-abec-b04a495e1b44"",""replica"":""9a97e4c2-a192-4277-9593-7e8d80b64342""}",2026-04-02T07:57:48.682536080Z
[START SESSION] Session directory created: /app/mini-services/whatsapp-service/sessions/akun-01,info,"{""level"":""info""}","{""project"":""ce3616d9-58ad-4ec7-a294-1821e1564434"",""environment"":""fb6513d0-42a4-4660-82b5-509c54b15f2a"",""service"":""4978aa94-666c-47c7-8024-3ada55195a51"",""deployment"":""c8e742c7-fd58-4839-abec-b04a495e1b44"",""replica"":""9a97e4c2-a192-4277-9593-7e8d80b64342""}",2026-04-02T07:57:48.690909919Z
[START SESSION] Loading auth state...,info,"{""level"":""info""}","{""project"":""ce3616d9-58ad-4ec7-a294-1821e1564434"",""environment"":""fb6513d0-42a4-4660-82b5-509c54b15f2a"",""service"":""4978aa94-666c-47c7-8024-3ada55195a51"",""deployment"":""c8e742c7-fd58-4839-abec-b04a495e1b44"",""replica"":""9a97e4c2-a192-4277-9593-7e8d80b64342""}",2026-04-02T07:57:48.690916820Z
2026-04-02 07:57:48 UTC - Services healthy,info,"{""level"":""info""}","{""project"":""ce3616d9-58ad-4ec7-a294-1821e1564434"",""environment"":""fb6513d0-42a4-4660-82b5-509c54b15f2a"",""service"":""4978aa94-666c-47c7-8024-3ada55195a51"",""deployment"":""c8e742c7-fd58-4839-abec-b04a495e1b44"",""replica"":""9a97e4c2-a192-4277-9593-7e8d80b64342""}",2026-04-02T07:57:48.697290200Z
[START SESSION] Auth state loaded:,info,"{""level"":""info""}","{""project"":""ce3616d9-58ad-4ec7-a294-1821e1564434"",""environment"":""fb6513d0-42a4-4660-82b5-509c54b15f2a"",""service"":""4978aa94-666c-47c7-8024-3ada55195a51"",""deployment"":""c8e742c7-fd58-4839-abec-b04a495e1b44"",""replica"":""9a97e4c2-a192-4277-9593-7e8d80b64342""}",2026-04-02T07:57:48.752895123Z
[START SESSION] - hasCreds: true,info,"{""level"":""info""}","{""project"":""ce3616d9-58ad-4ec7-a294-1821e1564434"",""environment"":""fb6513d0-42a4-4660-82b5-509c54b15f2a"",""service"":""4978aa94-666c-47c7-8024-3ada55195a51"",""deployment"":""c8e742c7-fd58-4839-abec-b04a495e1b44"",""replica"":""9a97e4c2-a192-4277-9593-7e8d80b64342""}",2026-04-02T07:57:48.752903247Z
[START SESSION] - creds.me exists: false,info,"{""level"":""info""}","{""project"":""ce3616d9-58ad-4ec7-a294-1821e1564434"",""environment"":""fb6513d0-42a4-4660-82b5-509c54b15f2a"",""service"":""4978aa94-666c-47c7-8024-3ada55195a51"",""deployment"":""c8e742c7-fd58-4839-abec-b04a495e1b44"",""replica"":""9a97e4c2-a192-4277-9593-7e8d80b64342""}",2026-04-02T07:57:48.752908635Z
[START SESSION] - creds.me.id: N/A,info,"{""level"":""info""}","{""project"":""ce3616d9-58ad-4ec7-a294-1821e1564434"",""environment"":""fb6513d0-42a4-4660-82b5-509c54b15f2a"",""service"":""4978aa94-666c-47c7-8024-3ada55195a51"",""deployment"":""c8e742c7-fd58-4839-abec-b04a495e1b44"",""replica"":""9a97e4c2-a192-4277-9593-7e8d80b64342""}",2026-04-02T07:57:48.752913649Z
[START SESSION] - creds.me.name: N/A,info,"{""level"":""info""}","{""project"":""ce3616d9-58ad-4ec7-a294-1821e1564434"",""environment"":""fb6513d0-42a4-4660-82b5-509c54b15f2a"",""service"":""4978aa94-666c-47c7-8024-3ada55195a51"",""deployment"":""c8e742c7-fd58-4839-abec-b04a495e1b44"",""replica"":""9a97e4c2-a192-4277-9593-7e8d80b64342""}",2026-04-02T07:57:48.752918341Z
[START SESSION] - This account will: REGISTER (expect QR),info,"{""level"":""info""}","{""project"":""ce3616d9-58ad-4ec7-a294-1821e1564434"",""environment"":""fb6513d0-42a4-4660-82b5-509c54b15f2a"",""service"":""4978aa94-666c-47c7-8024-3ada55195a51"",""deployment"":""c8e742c7-fd58-4839-abec-b04a495e1b44"",""replica"":""9a97e4c2-a192-4277-9593-7e8d80b64342""}",2026-04-02T07:57:48.752923675Z
[START SESSION] ⚠️ INCOMPLETE SESSION DETECTED! creds exists but no me identity.,info,"{""level"":""info""}","{""project"":""ce3616d9-58ad-4ec7-a294-1821e1564434"",""environment"":""fb6513d0-42a4-4660-82b5-509c54b15f2a"",""service"":""4978aa94-666c-47c7-8024-3ada55195a51"",""deployment"":""c8e742c7-fd58-4839-abec-b04a495e1b44"",""replica"":""9a97e4c2-a192-4277-9593-7e8d80b64342""}",2026-04-02T07:57:48.752929267Z
[START SESSION] This happens when QR was generated but never scanned.,info,"{""level"":""info""}","{""project"":""ce3616d9-58ad-4ec7-a294-1821e1564434"",""environment"":""fb6513d0-42a4-4660-82b5-509c54b15f2a"",""service"":""4978aa94-666c-47c7-8024-3ada55195a51"",""deployment"":""c8e742c7-fd58-4839-abec-b04a495e1b44"",""replica"":""9a97e4c2-a192-4277-9593-7e8d80b64342""}",2026-04-02T07:57:48.752933808Z
[START SESSION] Auto-clearing incomplete session to force fresh QR generation...,info,"{""level"":""info""}","{""project"":""ce3616d9-58ad-4ec7-a294-1821e1564434"",""environment"":""fb6513d0-42a4-4660-82b5-509c54b15f2a"",""service"":""4978aa94-666c-47c7-8024-3ada55195a51"",""deployment"":""c8e742c7-fd58-4839-abec-b04a495e1b44"",""replica"":""9a97e4c2-a192-4277-9593-7e8d80b64342""}",2026-04-02T07:57:48.752938338Z
[CLEAR SESSION] Attempting to clear session for: akun-01,info,"{""level"":""info""}","{""project"":""ce3616d9-58ad-4ec7-a294-1821e1564434"",""environment"":""fb6513d0-42a4-4660-82b5-509c54b15f2a"",""service"":""4978aa94-666c-47c7-8024-3ada55195a51"",""deployment"":""c8e742c7-fd58-4839-abec-b04a495e1b44"",""replica"":""9a97e4c2-a192-4277-9593-7e8d80b64342""}",2026-04-02T07:57:48.752943135Z
[CLEAR SESSION] Session path: /app/mini-services/whatsapp-service/sessions/akun-01,info,"{""level"":""info""}","{""project"":""ce3616d9-58ad-4ec7-a294-1821e1564434"",""environment"":""fb6513d0-42a4-4660-82b5-509c54b15f2a"",""service"":""4978aa94-666c-47c7-8024-3ada55195a51"",""deployment"":""c8e742c7-fd58-4839-abec-b04a495e1b44"",""replica"":""9a97e4c2-a192-4277-9593-7e8d80b64342""}",2026-04-02T07:57:48.752948052Z
[CLEAR SESSION] Session directory exists,info,"{""level"":""info""}","{""project"":""ce3616d9-58ad-4ec7-a294-1821e1564434"",""environment"":""fb6513d0-42a4-4660-82b5-509c54b15f2a"",""service"":""4978aa94-666c-47c7-8024-3ada55195a51"",""deployment"":""c8e742c7-fd58-4839-abec-b04a495e1b44"",""replica"":""9a97e4c2-a192-4277-9593-7e8d80b64342""}",2026-04-02T07:57:48.752954550Z
[CLEAR SESSION] Deleting session directory with rimraf...,info,"{""level"":""info""}","{""project"":""ce3616d9-58ad-4ec7-a294-1821e1564434"",""environment"":""fb6513d0-42a4-4660-82b5-509c54b15f2a"",""service"":""4978aa94-666c-47c7-8024-3ada55195a51"",""deployment"":""c8e742c7-fd58-4839-abec-b04a495e1b44"",""replica"":""9a97e4c2-a192-4277-9593-7e8d80b64342""}",2026-04-02T07:57:48.752961460Z
[CLEAR SESSION] ✅ Session directory successfully deleted,info,"{""level"":""info""}","{""project"":""ce3616d9-58ad-4ec7-a294-1821e1564434"",""environment"":""fb6513d0-42a4-4660-82b5-509c54b15f2a"",""service"":""4978aa94-666c-47c7-8024-3ada55195a51"",""deployment"":""c8e742c7-fd58-4839-abec-b04a495e1b44"",""replica"":""9a97e4c2-a192-4277-9593-7e8d80b64342""}",2026-04-02T07:57:48.759020207Z
"[START SESSION] ✅ Incomplete session cleared, recreating fresh session...",info,"{""level"":""info""}","{""project"":""ce3616d9-58ad-4ec7-a294-1821e1564434"",""environment"":""fb6513d0-42a4-4660-82b5-509c54b15f2a"",""service"":""4978aa94-666c-47c7-8024-3ada55195a51"",""deployment"":""c8e742c7-fd58-4839-abec-b04a495e1b44"",""replica"":""9a97e4c2-a192-4277-9593-7e8d80b64342""}",2026-04-02T07:57:48.759026753Z
[START SESSION] ✅ Fresh auth state loaded,info,"{""level"":""info""}","{""project"":""ce3616d9-58ad-4ec7-a294-1821e1564434"",""environment"":""fb6513d0-42a4-4660-82b5-509c54b15f2a"",""service"":""4978aa94-666c-47c7-8024-3ada55195a51"",""deployment"":""c8e742c7-fd58-4839-abec-b04a495e1b44"",""replica"":""9a97e4c2-a192-4277-9593-7e8d80b64342""}",2026-04-02T07:57:48.772488259Z
[START SESSION] - hasCreds: true,info,"{""level"":""info""}","{""project"":""ce3616d9-58ad-4ec7-a294-1821e1564434"",""environment"":""fb6513d0-42a4-4660-82b5-509c54b15f2a"",""service"":""4978aa94-666c-47c7-8024-3ada55195a51"",""deployment"":""c8e742c7-fd58-4839-abec-b04a495e1b44"",""replica"":""9a97e4c2-a192-4277-9593-7e8d80b64342""}",2026-04-02T07:57:48.772492768Z
[START SESSION] - creds.me exists: false,info,"{""level"":""info""}","{""project"":""ce3616d9-58ad-4ec7-a294-1821e1564434"",""environment"":""fb6513d0-42a4-4660-82b5-509c54b15f2a"",""service"":""4978aa94-666c-47c7-8024-3ada55195a51"",""deployment"":""c8e742c7-fd58-4839-abec-b04a495e1b44"",""replica"":""9a97e4c2-a192-4277-9593-7e8d80b64342""}",2026-04-02T07:57:48.772496841Z
[START SESSION] Fetching Baileys version...,info,"{""level"":""info""}","{""project"":""ce3616d9-58ad-4ec7-a294-1821e1564434"",""environment"":""fb6513d0-42a4-4660-82b5-509c54b15f2a"",""service"":""4978aa94-666c-47c7-8024-3ada55195a51"",""deployment"":""c8e742c7-fd58-4839-abec-b04a495e1b44"",""replica"":""9a97e4c2-a192-4277-9593-7e8d80b64342""}",2026-04-02T07:57:48.772502000Z
"[START SESSION] Baileys version: [ 2, 3000, 1035194821 ]",info,"{""level"":""info""}","{""project"":""ce3616d9-58ad-4ec7-a294-1821e1564434"",""environment"":""fb6513d0-42a4-4660-82b5-509c54b15f2a"",""service"":""4978aa94-666c-47c7-8024-3ada55195a51"",""deployment"":""c8e742c7-fd58-4839-abec-b04a495e1b44"",""replica"":""9a97e4c2-a192-4277-9593-7e8d80b64342""}",2026-04-02T07:57:48.796842172Z
[START SESSION] Creating WhatsApp socket...,info,"{""level"":""info""}","{""project"":""ce3616d9-58ad-4ec7-a294-1821e1564434"",""environment"":""fb6513d0-42a4-4660-82b5-509c54b15f2a"",""service"":""4978aa94-666c-47c7-8024-3ada55195a51"",""deployment"":""c8e742c7-fd58-4839-abec-b04a495e1b44"",""replica"":""9a97e4c2-a192-4277-9593-7e8d80b64342""}",2026-04-02T07:57:48.796849557Z
[NETWORK] Testing connectivity to WhatsApp servers...,info,"{""level"":""info""}","{""project"":""ce3616d9-58ad-4ec7-a294-1821e1564434"",""environment"":""fb6513d0-42a4-4660-82b5-509c54b15f2a"",""service"":""4978aa94-666c-47c7-8024-3ada55195a51"",""deployment"":""c8e742c7-fd58-4839-abec-b04a495e1b44"",""replica"":""9a97e4c2-a192-4277-9593-7e8d80b64342""}",2026-04-02T07:57:48.796856133Z
[WS] Native WebSocket exists: true,info,"{""level"":""info""}","{""project"":""ce3616d9-58ad-4ec7-a294-1821e1564434"",""environment"":""fb6513d0-42a4-4660-82b5-509c54b15f2a"",""service"":""4978aa94-666c-47c7-8024-3ada55195a51"",""deployment"":""c8e742c7-fd58-4839-abec-b04a495e1b44"",""replica"":""9a97e4c2-a192-4277-9593-7e8d80b64342""}",2026-04-02T07:57:49.108314600Z
[WS] Native WebSocket state: 0 = CONNECTING,info,"{""level"":""info""}","{""project"":""ce3616d9-58ad-4ec7-a294-1821e1564434"",""environment"":""fb6513d0-42a4-4660-82b5-509c54b15f2a"",""service"":""4978aa94-666c-47c7-8024-3ada55195a51"",""deployment"":""c8e742c7-fd58-4839-abec-b04a495e1b44"",""replica"":""9a97e4c2-a192-4277-9593-7e8d80b64342""}",2026-04-02T07:57:49.108328319Z
[WS] WebSocketClient isConnecting: true,info,"{""level"":""info""}","{""project"":""ce3616d9-58ad-4ec7-a294-1821e1564434"",""environment"":""fb6513d0-42a4-4660-82b5-509c54b15f2a"",""service"":""4978aa94-666c-47c7-8024-3ada55195a51"",""deployment"":""c8e742c7-fd58-4839-abec-b04a495e1b44"",""replica"":""9a97e4c2-a192-4277-9593-7e8d80b64342""}",2026-04-02T07:57:49.108335523Z
[WS] WebSocketClient isOpen: false,info,"{""level"":""info""}","{""project"":""ce3616d9-58ad-4ec7-a294-1821e1564434"",""environment"":""fb6513d0-42a4-4660-82b5-509c54b15f2a"",""service"":""4978aa94-666c-47c7-8024-3ada55195a51"",""deployment"":""c8e742c7-fd58-4839-abec-b04a495e1b44"",""replica"":""9a97e4c2-a192-4277-9593-7e8d80b64342""}",2026-04-02T07:57:49.108341464Z
[WS] WebSocketClient isClosed: false,info,"{""level"":""info""}","{""project"":""ce3616d9-58ad-4ec7-a294-1821e1564434"",""environment"":""fb6513d0-42a4-4660-82b5-509c54b15f2a"",""service"":""4978aa94-666c-47c7-8024-3ada55195a51"",""deployment"":""c8e742c7-fd58-4839-abec-b04a495e1b44"",""replica"":""9a97e4c2-a192-4277-9593-7e8d80b64342""}",2026-04-02T07:57:49.108346707Z
[WS] WebSocket URL: URL {,info,"{""level"":""info""}","{""project"":""ce3616d9-58ad-4ec7-a294-1821e1564434"",""environment"":""fb6513d0-42a4-4660-82b5-509c54b15f2a"",""service"":""4978aa94-666c-47c7-8024-3ada55195a51"",""deployment"":""c8e742c7-fd58-4839-abec-b04a495e1b44"",""replica"":""9a97e4c2-a192-4277-9593-7e8d80b64342""}",2026-04-02T07:57:49.108351797Z
"  href: 'wss://web.whatsapp.com/ws/chat',",info,"{""level"":""info""}","{""project"":""ce3616d9-58ad-4ec7-a294-1821e1564434"",""environment"":""fb6513d0-42a4-4660-82b5-509c54b15f2a"",""service"":""4978aa94-666c-47c7-8024-3ada55195a51"",""deployment"":""c8e742c7-fd58-4839-abec-b04a495e1b44"",""replica"":""9a97e4c2-a192-4277-9593-7e8d80b64342""}",2026-04-02T07:57:49.108357262Z
"  origin: 'wss://web.whatsapp.com',",info,"{""level"":""info""}","{""project"":""ce3616d9-58ad-4ec7-a294-1821e1564434"",""environment"":""fb6513d0-42a4-4660-82b5-509c54b15f2a"",""service"":""4978aa94-666c-47c7-8024-3ada55195a51"",""deployment"":""c8e742c7-fd58-4839-abec-b04a495e1b44"",""replica"":""9a97e4c2-a192-4277-9593-7e8d80b64342""}",2026-04-02T07:57:49.108363784Z
"  protocol: 'wss:',",info,"{""level"":""info""}","{""project"":""ce3616d9-58ad-4ec7-a294-1821e1564434"",""environment"":""fb6513d0-42a4-4660-82b5-509c54b15f2a"",""service"":""4978aa94-666c-47c7-8024-3ada55195a51"",""deployment"":""c8e742c7-fd58-4839-abec-b04a495e1b44"",""replica"":""9a97e4c2-a192-4277-9593-7e8d80b64342""}",2026-04-02T07:57:49.108368619Z
"  username: '',",info,"{""level"":""info""}","{""project"":""ce3616d9-58ad-4ec7-a294-1821e1564434"",""environment"":""fb6513d0-42a4-4660-82b5-509c54b15f2a"",""service"":""4978aa94-666c-47c7-8024-3ada55195a51"",""deployment"":""c8e742c7-fd58-4839-abec-b04a495e1b44"",""replica"":""9a97e4c2-a192-4277-9593-7e8d80b64342""}",2026-04-02T07:57:49.108373227Z
"  password: '',",info,"{""level"":""info""}","{""project"":""ce3616d9-58ad-4ec7-a294-1821e1564434"",""environment"":""fb6513d0-42a4-4660-82b5-509c54b15f2a"",""service"":""4978aa94-666c-47c7-8024-3ada55195a51"",""deployment"":""c8e742c7-fd58-4839-abec-b04a495e1b44"",""replica"":""9a97e4c2-a192-4277-9593-7e8d80b64342""}",2026-04-02T07:57:49.108377597Z
"  host: 'web.whatsapp.com',",info,"{""level"":""info""}","{""project"":""ce3616d9-58ad-4ec7-a294-1821e1564434"",""environment"":""fb6513d0-42a4-4660-82b5-509c54b15f2a"",""service"":""4978aa94-666c-47c7-8024-3ada55195a51"",""deployment"":""c8e742c7-fd58-4839-abec-b04a495e1b44"",""replica"":""9a97e4c2-a192-4277-9593-7e8d80b64342""}",2026-04-02T07:57:49.108381714Z
"  hostname: 'web.whatsapp.com',",info,"{""level"":""info""}","{""project"":""ce3616d9-58ad-4ec7-a294-1821e1564434"",""environment"":""fb6513d0-42a4-4660-82b5-509c54b15f2a"",""service"":""4978aa94-666c-47c7-8024-3ada55195a51"",""deployment"":""c8e742c7-fd58-4839-abec-b04a495e1b44"",""replica"":""9a97e4c2-a192-4277-9593-7e8d80b64342""}",2026-04-02T07:57:49.108386942Z
"  port: '',",info,"{""level"":""info""}","{""project"":""ce3616d9-58ad-4ec7-a294-1821e1564434"",""environment"":""fb6513d0-42a4-4660-82b5-509c54b15f2a"",""service"":""4978aa94-666c-47c7-8024-3ada55195a51"",""deployment"":""c8e742c7-fd58-4839-abec-b04a495e1b44"",""replica"":""9a97e4c2-a192-4277-9593-7e8d80b64342""}",2026-04-02T07:57:49.108391849Z
"  pathname: '/ws/chat',",info,"{""level"":""info""}","{""project"":""ce3616d9-58ad-4ec7-a294-1821e1564434"",""environment"":""fb6513d0-42a4-4660-82b5-509c54b15f2a"",""service"":""4978aa94-666c-47c7-8024-3ada55195a51"",""deployment"":""c8e742c7-fd58-4839-abec-b04a495e1b44"",""replica"":""9a97e4c2-a192-4277-9593-7e8d80b64342""}",2026-04-02T07:57:49.108396451Z
"  search: '',",info,"{""level"":""info""}","{""project"":""ce3616d9-58ad-4ec7-a294-1821e1564434"",""environment"":""fb6513d0-42a4-4660-82b5-509c54b15f2a"",""service"":""4978aa94-666c-47c7-8024-3ada55195a51"",""deployment"":""c8e742c7-fd58-4839-abec-b04a495e1b44"",""replica"":""9a97e4c2-a192-4277-9593-7e8d80b64342""}",2026-04-02T07:57:49.108400851Z
"  searchParams: URLSearchParams {},",info,"{""level"":""info""}","{""project"":""ce3616d9-58ad-4ec7-a294-1821e1564434"",""environment"":""fb6513d0-42a4-4660-82b5-509c54b15f2a"",""service"":""4978aa94-666c-47c7-8024-3ada55195a51"",""deployment"":""c8e742c7-fd58-4839-abec-b04a495e1b44"",""replica"":""9a97e4c2-a192-4277-9593-7e8d80b64342""}",2026-04-02T07:57:49.108405647Z
[NETWORK] DNS resolution for web.whatsapp.com: [ '157.240.15.60' ],info,"{""level"":""info""}","{""project"":""ce3616d9-58ad-4ec7-a294-1821e1564434"",""environment"":""fb6513d0-42a4-4660-82b5-509c54b15f2a"",""service"":""4978aa94-666c-47c7-8024-3ada55195a51"",""deployment"":""c8e742c7-fd58-4839-abec-b04a495e1b44"",""replica"":""9a97e4c2-a192-4277-9593-7e8d80b64342""}",2026-04-02T07:57:49.108483591Z
[NETWORK] HTTPS test to web.whatsapp.com: Status 200,info,"{""level"":""info""}","{""project"":""ce3616d9-58ad-4ec7-a294-1821e1564434"",""environment"":""fb6513d0-42a4-4660-82b5-509c54b15f2a"",""service"":""4978aa94-666c-47c7-8024-3ada55195a51"",""deployment"":""c8e742c7-fd58-4839-abec-b04a495e1b44"",""replica"":""9a97e4c2-a192-4277-9593-7e8d80b64342""}",2026-04-02T07:57:49.108489495Z
[SOCKET] makeWASocket created for: akun-01,info,"{""level"":""info""}","{""project"":""ce3616d9-58ad-4ec7-a294-1821e1564434"",""environment"":""fb6513d0-42a4-4660-82b5-509c54b15f2a"",""service"":""4978aa94-666c-47c7-8024-3ada55195a51"",""deployment"":""c8e742c7-fd58-4839-abec-b04a495e1b44"",""replica"":""9a97e4c2-a192-4277-9593-7e8d80b64342""}",2026-04-02T07:57:49.108495854Z
[SOCKET] Socket has ev? true,info,"{""level"":""info""}","{""project"":""ce3616d9-58ad-4ec7-a294-1821e1564434"",""environment"":""fb6513d0-42a4-4660-82b5-509c54b15f2a"",""service"":""4978aa94-666c-47c7-8024-3ada55195a51"",""deployment"":""c8e742c7-fd58-4839-abec-b04a495e1b44"",""replica"":""9a97e4c2-a192-4277-9593-7e8d80b64342""}",2026-04-02T07:57:49.108502007Z
[SOCKET] Socket has ws? true,info,"{""level"":""info""}","{""project"":""ce3616d9-58ad-4ec7-a294-1821e1564434"",""environment"":""fb6513d0-42a4-4660-82b5-509c54b15f2a"",""service"":""4978aa94-666c-47c7-8024-3ada55195a51"",""deployment"":""c8e742c7-fd58-4839-abec-b04a495e1b44"",""replica"":""9a97e4c2-a192-4277-9593-7e8d80b64342""}",2026-04-02T07:57:49.108507640Z
[SOCKET] Socket user? undefined,info,"{""level"":""info""}","{""project"":""ce3616d9-58ad-4ec7-a294-1821e1564434"",""environment"":""fb6513d0-42a4-4660-82b5-509c54b15f2a"",""service"":""4978aa94-666c-47c7-8024-3ada55195a51"",""deployment"":""c8e742c7-fd58-4839-abec-b04a495e1b44"",""replica"":""9a97e4c2-a192-4277-9593-7e8d80b64342""}",2026-04-02T07:57:49.108513469Z
[ACCOUNT] ✅ Added pending account to map immediately: akun-01,info,"{""level"":""info""}","{""project"":""ce3616d9-58ad-4ec7-a294-1821e1564434"",""environment"":""fb6513d0-42a4-4660-82b5-509c54b15f2a"",""service"":""4978aa94-666c-47c7-8024-3ada55195a51"",""deployment"":""c8e742c7-fd58-4839-abec-b04a495e1b44"",""replica"":""9a97e4c2-a192-4277-9593-7e8d80b64342""}",2026-04-02T07:57:49.108519997Z
[SOCKET] 🚀 Registering connection.update handler IMMEDIATELY for: akun-01,info,"{""level"":""info""}","{""project"":""ce3616d9-58ad-4ec7-a294-1821e1564434"",""environment"":""fb6513d0-42a4-4660-82b5-509c54b15f2a"",""service"":""4978aa94-666c-47c7-8024-3ada55195a51"",""deployment"":""c8e742c7-fd58-4839-abec-b04a495e1b44"",""replica"":""9a97e4c2-a192-4277-9593-7e8d80b64342""}",2026-04-02T07:57:49.108526729Z
[SOCKET] ✅ Event handlers registered IMMEDIATELY,info,"{""level"":""info""}","{""project"":""ce3616d9-58ad-4ec7-a294-1821e1564434"",""environment"":""fb6513d0-42a4-4660-82b5-509c54b15f2a"",""service"":""4978aa94-666c-47c7-8024-3ada55195a51"",""deployment"":""c8e742c7-fd58-4839-abec-b04a495e1b44"",""replica"":""9a97e4c2-a192-4277-9593-7e8d80b64342""}",2026-04-02T07:57:49.108533138Z
  hash: '',info,"{""level"":""info""}","{""project"":""ce3616d9-58ad-4ec7-a294-1821e1564434"",""environment"":""fb6513d0-42a4-4660-82b5-509c54b15f2a"",""service"":""4978aa94-666c-47c7-8024-3ada55195a51"",""deployment"":""c8e742c7-fd58-4839-abec-b04a495e1b44"",""replica"":""9a97e4c2-a192-4277-9593-7e8d80b64342""}",2026-04-02T07:57:49.109521282Z
},info,"{""level"":""info""}","{""project"":""ce3616d9-58ad-4ec7-a294-1821e1564434"",""environment"":""fb6513d0-42a4-4660-82b5-509c54b15f2a"",""service"":""4978aa94-666c-47c7-8024-3ada55195a51"",""deployment"":""c8e742c7-fd58-4839-abec-b04a495e1b44"",""replica"":""9a97e4c2-a192-4277-9593-7e8d80b64342""}",2026-04-02T07:57:49.109531368Z
[SESSION] ✅ Retrieved account from map: akun-01,info,"{""level"":""info""}","{""project"":""ce3616d9-58ad-4ec7-a294-1821e1564434"",""environment"":""fb6513d0-42a4-4660-82b5-509c54b15f2a"",""service"":""4978aa94-666c-47c7-8024-3ada55195a51"",""deployment"":""c8e742c7-fd58-4839-abec-b04a495e1b44"",""replica"":""9a97e4c2-a192-4277-9593-7e8d80b64342""}",2026-04-02T07:57:49.109537109Z
[SESSION/START] Session started successfully for: akun-01,info,"{""level"":""info""}","{""project"":""ce3616d9-58ad-4ec7-a294-1821e1564434"",""environment"":""fb6513d0-42a4-4660-82b5-509c54b15f2a"",""service"":""4978aa94-666c-47c7-8024-3ada55195a51"",""deployment"":""c8e742c7-fd58-4839-abec-b04a495e1b44"",""replica"":""9a97e4c2-a192-4277-9593-7e8d80b64342""}",2026-04-02T07:57:49.109542014Z
==========================================,info,"{""level"":""info""}","{""project"":""ce3616d9-58ad-4ec7-a294-1821e1564434"",""environment"":""fb6513d0-42a4-4660-82b5-509c54b15f2a"",""service"":""4978aa94-666c-47c7-8024-3ada55195a51"",""deployment"":""c8e742c7-fd58-4839-abec-b04a495e1b44"",""replica"":""9a97e4c2-a192-4277-9593-7e8d80b64342""}",2026-04-02T07:57:49.109548147Z
[CONNECTION UPDATE] ✅ EVENT RECEIVED! {,info,"{""level"":""info""}","{""project"":""ce3616d9-58ad-4ec7-a294-1821e1564434"",""environment"":""fb6513d0-42a4-4660-82b5-509c54b15f2a"",""service"":""4978aa94-666c-47c7-8024-3ada55195a51"",""deployment"":""c8e742c7-fd58-4839-abec-b04a495e1b44"",""replica"":""9a97e4c2-a192-4277-9593-7e8d80b64342""}",2026-04-02T07:57:49.109555170Z
"  accountId: 'akun-01',",info,"{""level"":""info""}","{""project"":""ce3616d9-58ad-4ec7-a294-1821e1564434"",""environment"":""fb6513d0-42a4-4660-82b5-509c54b15f2a"",""service"":""4978aa94-666c-47c7-8024-3ada55195a51"",""deployment"":""c8e742c7-fd58-4839-abec-b04a495e1b44"",""replica"":""9a97e4c2-a192-4277-9593-7e8d80b64342""}",2026-04-02T07:57:49.109561921Z
"  connection: 'connecting',",info,"{""level"":""info""}","{""project"":""ce3616d9-58ad-4ec7-a294-1821e1564434"",""environment"":""fb6513d0-42a4-4660-82b5-509c54b15f2a"",""service"":""4978aa94-666c-47c7-8024-3ada55195a51"",""deployment"":""c8e742c7-fd58-4839-abec-b04a495e1b44"",""replica"":""9a97e4c2-a192-4277-9593-7e8d80b64342""}",2026-04-02T07:57:49.109567296Z
"  hasQr: false,",info,"{""level"":""info""}","{""project"":""ce3616d9-58ad-4ec7-a294-1821e1564434"",""environment"":""fb6513d0-42a4-4660-82b5-509c54b15f2a"",""service"":""4978aa94-666c-47c7-8024-3ada55195a51"",""deployment"":""c8e742c7-fd58-4839-abec-b04a495e1b44"",""replica"":""9a97e4c2-a192-4277-9593-7e8d80b64342""}",2026-04-02T07:57:49.109573746Z
"  qrPreview: null,",info,"{""level"":""info""}","{""project"":""ce3616d9-58ad-4ec7-a294-1821e1564434"",""environment"":""fb6513d0-42a4-4660-82b5-509c54b15f2a"",""service"":""4978aa94-666c-47c7-8024-3ada55195a51"",""deployment"":""c8e742c7-fd58-4839-abec-b04a495e1b44"",""replica"":""9a97e4c2-a192-4277-9593-7e8d80b64342""}",2026-04-02T07:57:49.109579103Z
  isNewLogin: undefined,info,"{""level"":""info""}","{""project"":""ce3616d9-58ad-4ec7-a294-1821e1564434"",""environment"":""fb6513d0-42a4-4660-82b5-509c54b15f2a"",""service"":""4978aa94-666c-47c7-8024-3ada55195a51"",""deployment"":""c8e742c7-fd58-4839-abec-b04a495e1b44"",""replica"":""9a97e4c2-a192-4277-9593-7e8d80b64342""}",2026-04-02T07:57:49.109585879Z
},info,"{""level"":""info""}","{""project"":""ce3616d9-58ad-4ec7-a294-1821e1564434"",""environment"":""fb6513d0-42a4-4660-82b5-509c54b15f2a"",""service"":""4978aa94-666c-47c7-8024-3ada55195a51"",""deployment"":""c8e742c7-fd58-4839-abec-b04a495e1b44"",""replica"":""9a97e4c2-a192-4277-9593-7e8d80b64342""}",2026-04-02T07:57:49.109591089Z
==========================================,info,"{""level"":""info""}","{""project"":""ce3616d9-58ad-4ec7-a294-1821e1564434"",""environment"":""fb6513d0-42a4-4660-82b5-509c54b15f2a"",""service"":""4978aa94-666c-47c7-8024-3ada55195a51"",""deployment"":""c8e742c7-fd58-4839-abec-b04a495e1b44"",""replica"":""9a97e4c2-a192-4277-9593-7e8d80b64342""}",2026-04-02T07:57:49.109595949Z
[WA API] Response: 200,info,"{""level"":""info""}","{""project"":""ce3616d9-58ad-4ec7-a294-1821e1564434"",""environment"":""fb6513d0-42a4-4660-82b5-509c54b15f2a"",""service"":""4978aa94-666c-47c7-8024-3ada55195a51"",""deployment"":""c8e742c7-fd58-4839-abec-b04a495e1b44"",""replica"":""9a97e4c2-a192-4277-9593-7e8d80b64342""}",2026-04-02T07:57:49.109601399Z
connected to WA,info,"{""time"":1775116669258,""pid"":100,""hostname"":""502686071fc0"",""browser"":[""Mac OS"",""Chrome"",""14.4.1""],""helloMsg"":{""clientHello"":{""ephemeral"":""nK2YuRzU0r7tTTEVAZir6KehKRHI7rJk5JVjw0JKVQ4=""}},""level"":""info""}","{""project"":""ce3616d9-58ad-4ec7-a294-1821e1564434"",""environment"":""fb6513d0-42a4-4660-82b5-509c54b15f2a"",""service"":""4978aa94-666c-47c7-8024-3ada55195a51"",""deployment"":""c8e742c7-fd58-4839-abec-b04a495e1b44"",""replica"":""9a97e4c2-a192-4277-9593-7e8d80b64342""}",2026-04-02T07:57:49.262215799Z
[WS NATIVE SEND] Sending for akun-01 type: object preview: V0EGAwAAJBIiCiCcrZi5HNTSvu1NMRUBmKvop6EpEcjusmTklWPDQkpVDg==,info,"{""level"":""info""}","{""project"":""ce3616d9-58ad-4ec7-a294-1821e1564434"",""environment"":""fb6513d0-42a4-4660-82b5-509c54b15f2a"",""service"":""4978aa94-666c-47c7-8024-3ada55195a51"",""deployment"":""c8e742c7-fd58-4839-abec-b04a495e1b44"",""replica"":""9a97e4c2-a192-4277-9593-7e8d80b64342""}",2026-04-02T07:57:49.273787182Z
[WS NATIVE OPEN] Native WebSocket opened for akun-01,info,"{""level"":""info""}","{""project"":""ce3616d9-58ad-4ec7-a294-1821e1564434"",""environment"":""fb6513d0-42a4-4660-82b5-509c54b15f2a"",""service"":""4978aa94-666c-47c7-8024-3ada55195a51"",""deployment"":""c8e742c7-fd58-4839-abec-b04a495e1b44"",""replica"":""9a97e4c2-a192-4277-9593-7e8d80b64342""}",2026-04-02T07:57:49.275459722Z
[WS NATIVE MESSAGE] Received for akun-01 binary: true len: 350 preview: AAFbGtgCCiCF8RrvbyYC0HdQO9wgkq54Eggw3uxLo5595Tb9mBb5CxIwDmQEaQM4180=...,info,"{""level"":""info""}","{""project"":""ce3616d9-58ad-4ec7-a294-1821e1564434"",""environment"":""fb6513d0-42a4-4660-82b5-509c54b15f2a"",""service"":""4978aa94-666c-47c7-8024-3ada55195a51"",""deployment"":""c8e742c7-fd58-4839-abec-b04a495e1b44"",""replica"":""9a97e4c2-a192-4277-9593-7e8d80b64342""}",2026-04-02T07:57:49.500476164Z
"not logged in, attempting registration...",info,"{""time"":1775116669503,""pid"":100,""hostname"":""502686071fc0"",""node"":{""passive"":false,""userAgent"":{""platform"":""WEB"",""appVersion"":{""primary"":2,""secondary"":3000,""tertiary"":1035194821},""mcc"":""000"",""mnc"":""000"",""osVersion"":""0.1"",""device"":""Desktop"",""osBuildNumber"":""0.1"",""releaseChannel"":""RELEASE"",""localeLanguageIso6391"":""en"",""localeCountryIso31661Alpha2"":""US""},""webInfo"":{""webSubPlatform"":""WEB_BROWSER""},""connectType"":""WIFI_UNKNOWN"",""connectReason"":""USER_ACTIVATED"",""devicePairingData"":{""eRegid"":""AAAA0g=="",""eKeytype"":""BQ=="",""eIdent"":""PqYNyVHCFSc0mSEhSujnhzDk8o9yA41vWLy/CagEk1w="",""eSkeyId"":""AAAB"",""eSkeyVal"":""gLxuUmRLR4V0RKh651fLyV++20I3aCynZv7tQQLMrG0="",""eSkeySig"":""/pgYGXTkOTQqqgq7fq4Gri4EX2/escz5qSCuAKkn1r+gjoSS2k08ReHwKItczIKb2gwD+mrOWx1jD/oYWjndig=="",""buildHash"":""oslHHv+RCp4a5lmJCiiHLQ=="",""deviceProps"":""CgZNYWMgT1MYASAAKhUYgFAgATAAOAFAAUgBUAFYAWABcAE=""},""pull"":false},""level"":""info""}","{""project"":""ce3616d9-58ad-4ec7-a294-1821e1564434"",""environment"":""fb6513d0-42a4-4660-82b5-509c54b15f2a"",""service"":""4978aa94-666c-47c7-8024-3ada55195a51"",""deployment"":""c8e742c7-fd58-4839-abec-b04a495e1b44"",""replica"":""9a97e4c2-a192-4277-9593-7e8d80b64342""}",2026-04-02T07:57:49.506812630Z
[WS NATIVE SEND] Sending for akun-01 type: object preview: AAFcItkCCjDNnZKKUnHKQ2ca5V2tO+O95j60ybgeJc362tdh+C5cSMRhGoTecvL3ADo=,info,"{""level"":""info""}","{""project"":""ce3616d9-58ad-4ec7-a294-1821e1564434"",""environment"":""fb6513d0-42a4-4660-82b5-509c54b15f2a"",""service"":""4978aa94-666c-47c7-8024-3ada55195a51"",""deployment"":""c8e742c7-fd58-4839-abec-b04a495e1b44"",""replica"":""9a97e4c2-a192-4277-9593-7e8d80b64342""}",2026-04-02T07:57:49.506822562Z
[CONNECTION UPDATE] ✅ EVENT RECEIVED! {,info,"{""level"":""info""}","{""project"":""ce3616d9-58ad-4ec7-a294-1821e1564434"",""environment"":""fb6513d0-42a4-4660-82b5-509c54b15f2a"",""service"":""4978aa94-666c-47c7-8024-3ada55195a51"",""deployment"":""c8e742c7-fd58-4839-abec-b04a495e1b44"",""replica"":""9a97e4c2-a192-4277-9593-7e8d80b64342""}",2026-04-02T07:57:50.137943843Z
"  accountId: 'akun-01',",info,"{""level"":""info""}","{""project"":""ce3616d9-58ad-4ec7-a294-1821e1564434"",""environment"":""fb6513d0-42a4-4660-82b5-509c54b15f2a"",""service"":""4978aa94-666c-47c7-8024-3ada55195a51"",""deployment"":""c8e742c7-fd58-4839-abec-b04a495e1b44"",""replica"":""9a97e4c2-a192-4277-9593-7e8d80b64342""}",2026-04-02T07:57:50.137952881Z
"  connection: undefined,",info,"{""level"":""info""}","{""project"":""ce3616d9-58ad-4ec7-a294-1821e1564434"",""environment"":""fb6513d0-42a4-4660-82b5-509c54b15f2a"",""service"":""4978aa94-666c-47c7-8024-3ada55195a51"",""deployment"":""c8e742c7-fd58-4839-abec-b04a495e1b44"",""replica"":""9a97e4c2-a192-4277-9593-7e8d80b64342""}",2026-04-02T07:57:50.137957578Z
"  hasQr: true,",info,"{""level"":""info""}","{""project"":""ce3616d9-58ad-4ec7-a294-1821e1564434"",""environment"":""fb6513d0-42a4-4660-82b5-509c54b15f2a"",""service"":""4978aa94-666c-47c7-8024-3ada55195a51"",""deployment"":""c8e742c7-fd58-4839-abec-b04a495e1b44"",""replica"":""9a97e4c2-a192-4277-9593-7e8d80b64342""}",2026-04-02T07:57:50.137962023Z
"  qrPreview: '2@F7wXIhZ0L0UHWcX6ajdzlpjGpbC5nyBDpwGVHvGozzox2kkS...',",info,"{""level"":""info""}","{""project"":""ce3616d9-58ad-4ec7-a294-1821e1564434"",""environment"":""fb6513d0-42a4-4660-82b5-509c54b15f2a"",""service"":""4978aa94-666c-47c7-8024-3ada55195a51"",""deployment"":""c8e742c7-fd58-4839-abec-b04a495e1b44"",""replica"":""9a97e4c2-a192-4277-9593-7e8d80b64342""}",2026-04-02T07:57:50.137967423Z
  isNewLogin: undefined,info,"{""level"":""info""}","{""project"":""ce3616d9-58ad-4ec7-a294-1821e1564434"",""environment"":""fb6513d0-42a4-4660-82b5-509c54b15f2a"",""service"":""4978aa94-666c-47c7-8024-3ada55195a51"",""deployment"":""c8e742c7-fd58-4839-abec-b04a495e1b44"",""replica"":""9a97e4c2-a192-4277-9593-7e8d80b64342""}",2026-04-02T07:57:50.137973110Z
},info,"{""level"":""info""}","{""project"":""ce3616d9-58ad-4ec7-a294-1821e1564434"",""environment"":""fb6513d0-42a4-4660-82b5-509c54b15f2a"",""service"":""4978aa94-666c-47c7-8024-3ada55195a51"",""deployment"":""c8e742c7-fd58-4839-abec-b04a495e1b44"",""replica"":""9a97e4c2-a192-4277-9593-7e8d80b64342""}",2026-04-02T07:57:50.137978251Z
==========================================,info,"{""level"":""info""}","{""project"":""ce3616d9-58ad-4ec7-a294-1821e1564434"",""environment"":""fb6513d0-42a4-4660-82b5-509c54b15f2a"",""service"":""4978aa94-666c-47c7-8024-3ada55195a51"",""deployment"":""c8e742c7-fd58-4839-abec-b04a495e1b44"",""replica"":""9a97e4c2-a192-4277-9593-7e8d80b64342""}",2026-04-02T07:57:50.137982950Z
[QR] 🎯 QR code received for: akun-01,info,"{""level"":""info""}","{""project"":""ce3616d9-58ad-4ec7-a294-1821e1564434"",""environment"":""fb6513d0-42a4-4660-82b5-509c54b15f2a"",""service"":""4978aa94-666c-47c7-8024-3ada55195a51"",""deployment"":""c8e742c7-fd58-4839-abec-b04a495e1b44"",""replica"":""9a97e4c2-a192-4277-9593-7e8d80b64342""}",2026-04-02T07:57:50.137987387Z
[QR] QR length: 237,info,"{""level"":""info""}","{""project"":""ce3616d9-58ad-4ec7-a294-1821e1564434"",""environment"":""fb6513d0-42a4-4660-82b5-509c54b15f2a"",""service"":""4978aa94-666c-47c7-8024-3ada55195a51"",""deployment"":""c8e742c7-fd58-4839-abec-b04a495e1b44"",""replica"":""9a97e4c2-a192-4277-9593-7e8d80b64342""}",2026-04-02T07:57:50.137992478Z
[QR] Converting QR to data URL...,info,"{""level"":""info""}","{""project"":""ce3616d9-58ad-4ec7-a294-1821e1564434"",""environment"":""fb6513d0-42a4-4660-82b5-509c54b15f2a"",""service"":""4978aa94-666c-47c7-8024-3ada55195a51"",""deployment"":""c8e742c7-fd58-4839-abec-b04a495e1b44"",""replica"":""9a97e4c2-a192-4277-9593-7e8d80b64342""}",2026-04-02T07:57:50.137998884Z
"[QR] ✅ QR converted, length: 6350",info,"{""level"":""info""}","{""project"":""ce3616d9-58ad-4ec7-a294-1821e1564434"",""environment"":""fb6513d0-42a4-4660-82b5-509c54b15f2a"",""service"":""4978aa94-666c-47c7-8024-3ada55195a51"",""deployment"":""c8e742c7-fd58-4839-abec-b04a495e1b44"",""replica"":""9a97e4c2-a192-4277-9593-7e8d80b64342""}",2026-04-02T07:57:50.138004033Z
[WS NATIVE MESSAGE] Received for akun-01 binary: true len: 698 preview: AAK3kHRgUt/z5W3HdH06wDL4c01ywf2XYyNe4OsbjUKoM9/NvGBZjllzJOsWkuV8gH8=...,info,"{""level"":""info""}","{""project"":""ce3616d9-58ad-4ec7-a294-1821e1564434"",""environment"":""fb6513d0-42a4-4660-82b5-509c54b15f2a"",""service"":""4978aa94-666c-47c7-8024-3ada55195a51"",""deployment"":""c8e742c7-fd58-4839-abec-b04a495e1b44"",""replica"":""9a97e4c2-a192-4277-9593-7e8d80b64342""}",2026-04-02T07:57:50.138143031Z
[WS NATIVE SEND] Sending for akun-01 type: object preview: AAAin9yAHLJZOQhoOJHpdc648P/fZfV7t01K4q6Bn2bhJjud/g==,info,"{""level"":""info""}","{""project"":""ce3616d9-58ad-4ec7-a294-1821e1564434"",""environment"":""fb6513d0-42a4-4660-82b5-509c54b15f2a"",""service"":""4978aa94-666c-47c7-8024-3ada55195a51"",""deployment"":""c8e742c7-fd58-4839-abec-b04a495e1b44"",""replica"":""9a97e4c2-a192-4277-9593-7e8d80b64342""}",2026-04-02T07:57:50.138148589Z
==========================================,info,"{""level"":""info""}","{""project"":""ce3616d9-58ad-4ec7-a294-1821e1564434"",""environment"":""fb6513d0-42a4-4660-82b5-509c54b15f2a"",""service"":""4978aa94-666c-47c7-8024-3ada55195a51"",""deployment"":""c8e742c7-fd58-4839-abec-b04a495e1b44"",""replica"":""9a97e4c2-a192-4277-9593-7e8d80b64342""}",2026-04-02T07:57:50.138154209Z
[NETWORK] HTTPS test TIMEOUT,info,"{""level"":""info""}","{""project"":""ce3616d9-58ad-4ec7-a294-1821e1564434"",""environment"":""fb6513d0-42a4-4660-82b5-509c54b15f2a"",""service"":""4978aa94-666c-47c7-8024-3ada55195a51"",""deployment"":""c8e742c7-fd58-4839-abec-b04a495e1b44"",""replica"":""9a97e4c2-a192-4277-9593-7e8d80b64342""}",2026-04-02T07:57:59.183304684Z
[WS NATIVE MESSAGE] Received for akun-01 binary: true len: 719 preview: AALMzgWNTaSEw/tQmxz3aELLpYDfBg3vzB507tY7ASDs7HNx8QYpWsMlU9BcsYpNKZA=...,info,"{""level"":""info""}","{""project"":""ce3616d9-58ad-4ec7-a294-1821e1564434"",""environment"":""fb6513d0-42a4-4660-82b5-509c54b15f2a"",""service"":""4978aa94-666c-47c7-8024-3ada55195a51"",""deployment"":""c8e742c7-fd58-4839-abec-b04a495e1b44"",""replica"":""9a97e4c2-a192-4277-9593-7e8d80b64342""}",2026-04-02T07:58:01.534317852Z
pair success recv,info,"{""time"":1775116681516,""pid"":100,""hostname"":""502686071fc0"",""level"":""info""}","{""project"":""ce3616d9-58ad-4ec7-a294-1821e1564434"",""environment"":""fb6513d0-42a4-4660-82b5-509c54b15f2a"",""service"":""4978aa94-666c-47c7-8024-3ada55195a51"",""deployment"":""c8e742c7-fd58-4839-abec-b04a495e1b44"",""replica"":""9a97e4c2-a192-4277-9593-7e8d80b64342""}",2026-04-02T07:58:01.534324504Z
==========================================,info,"{""level"":""info""}","{""project"":""ce3616d9-58ad-4ec7-a294-1821e1564434"",""environment"":""fb6513d0-42a4-4660-82b5-509c54b15f2a"",""service"":""4978aa94-666c-47c7-8024-3ada55195a51"",""deployment"":""c8e742c7-fd58-4839-abec-b04a495e1b44"",""replica"":""9a97e4c2-a192-4277-9593-7e8d80b64342""}",2026-04-02T07:58:01.547832094Z
[CONNECTION UPDATE] ✅ EVENT RECEIVED! {,info,"{""level"":""info""}","{""project"":""ce3616d9-58ad-4ec7-a294-1821e1564434"",""environment"":""fb6513d0-42a4-4660-82b5-509c54b15f2a"",""service"":""4978aa94-666c-47c7-8024-3ada55195a51"",""deployment"":""c8e742c7-fd58-4839-abec-b04a495e1b44"",""replica"":""9a97e4c2-a192-4277-9593-7e8d80b64342""}",2026-04-02T07:58:01.547841000Z
"  accountId: 'akun-01',",info,"{""level"":""info""}","{""project"":""ce3616d9-58ad-4ec7-a294-1821e1564434"",""environment"":""fb6513d0-42a4-4660-82b5-509c54b15f2a"",""service"":""4978aa94-666c-47c7-8024-3ada55195a51"",""deployment"":""c8e742c7-fd58-4839-abec-b04a495e1b44"",""replica"":""9a97e4c2-a192-4277-9593-7e8d80b64342""}",2026-04-02T07:58:01.547846023Z
"  connection: undefined,",info,"{""level"":""info""}","{""project"":""ce3616d9-58ad-4ec7-a294-1821e1564434"",""environment"":""fb6513d0-42a4-4660-82b5-509c54b15f2a"",""service"":""4978aa94-666c-47c7-8024-3ada55195a51"",""deployment"":""c8e742c7-fd58-4839-abec-b04a495e1b44"",""replica"":""9a97e4c2-a192-4277-9593-7e8d80b64342""}",2026-04-02T07:58:01.547850786Z
"  hasQr: false,",info,"{""level"":""info""}","{""project"":""ce3616d9-58ad-4ec7-a294-1821e1564434"",""environment"":""fb6513d0-42a4-4660-82b5-509c54b15f2a"",""service"":""4978aa94-666c-47c7-8024-3ada55195a51"",""deployment"":""c8e742c7-fd58-4839-abec-b04a495e1b44"",""replica"":""9a97e4c2-a192-4277-9593-7e8d80b64342""}",2026-04-02T07:58:01.547855911Z
"  qrPreview: null,",info,"{""level"":""info""}","{""project"":""ce3616d9-58ad-4ec7-a294-1821e1564434"",""environment"":""fb6513d0-42a4-4660-82b5-509c54b15f2a"",""service"":""4978aa94-666c-47c7-8024-3ada55195a51"",""deployment"":""c8e742c7-fd58-4839-abec-b04a495e1b44"",""replica"":""9a97e4c2-a192-4277-9593-7e8d80b64342""}",2026-04-02T07:58:01.547860951Z
  isNewLogin: true,info,"{""level"":""info""}","{""project"":""ce3616d9-58ad-4ec7-a294-1821e1564434"",""environment"":""fb6513d0-42a4-4660-82b5-509c54b15f2a"",""service"":""4978aa94-666c-47c7-8024-3ada55195a51"",""deployment"":""c8e742c7-fd58-4839-abec-b04a495e1b44"",""replica"":""9a97e4c2-a192-4277-9593-7e8d80b64342""}",2026-04-02T07:58:01.547866287Z
},info,"{""level"":""info""}","{""project"":""ce3616d9-58ad-4ec7-a294-1821e1564434"",""environment"":""fb6513d0-42a4-4660-82b5-509c54b15f2a"",""service"":""4978aa94-666c-47c7-8024-3ada55195a51"",""deployment"":""c8e742c7-fd58-4839-abec-b04a495e1b44"",""replica"":""9a97e4c2-a192-4277-9593-7e8d80b64342""}",2026-04-02T07:58:01.547871022Z
==========================================,info,"{""level"":""info""}","{""project"":""ce3616d9-58ad-4ec7-a294-1821e1564434"",""environment"":""fb6513d0-42a4-4660-82b5-509c54b15f2a"",""service"":""4978aa94-666c-47c7-8024-3ada55195a51"",""deployment"":""c8e742c7-fd58-4839-abec-b04a495e1b44"",""replica"":""9a97e4c2-a192-4277-9593-7e8d80b64342""}",2026-04-02T07:58:01.547875530Z
[WS NATIVE SEND] Sending for akun-01 type: object preview: AADYotfOi7it1U5Gur7t+KMqeLLZJJB9hfAROWNWCAlHyv1FA5QHKaySQHc76FygF+4=,info,"{""level"":""info""}","{""project"":""ce3616d9-58ad-4ec7-a294-1821e1564434"",""environment"":""fb6513d0-42a4-4660-82b5-509c54b15f2a"",""service"":""4978aa94-666c-47c7-8024-3ada55195a51"",""deployment"":""c8e742c7-fd58-4839-abec-b04a495e1b44"",""replica"":""9a97e4c2-a192-4277-9593-7e8d80b64342""}",2026-04-02T07:58:01.549493509Z
"pairing configured successfully, expect to restart the connection...",info,"{""time"":1775116681545,""pid"":100,""hostname"":""502686071fc0"",""me"":{""id"":""6288267047790:46@s.whatsapp.net""},""platform"":""android"",""level"":""info""}","{""project"":""ce3616d9-58ad-4ec7-a294-1821e1564434"",""environment"":""fb6513d0-42a4-4660-82b5-509c54b15f2a"",""service"":""4978aa94-666c-47c7-8024-3ada55195a51"",""deployment"":""c8e742c7-fd58-4839-abec-b04a495e1b44"",""replica"":""9a97e4c2-a192-4277-9593-7e8d80b64342""}",2026-04-02T07:58:01.551453067Z
  isNewLogin: undefined,info,"{""level"":""info""}","{""project"":""ce3616d9-58ad-4ec7-a294-1821e1564434"",""environment"":""fb6513d0-42a4-4660-82b5-509c54b15f2a"",""service"":""4978aa94-666c-47c7-8024-3ada55195a51"",""deployment"":""c8e742c7-fd58-4839-abec-b04a495e1b44"",""replica"":""9a97e4c2-a192-4277-9593-7e8d80b64342""}",2026-04-02T07:58:02.208498089Z
},info,"{""level"":""info""}","{""project"":""ce3616d9-58ad-4ec7-a294-1821e1564434"",""environment"":""fb6513d0-42a4-4660-82b5-509c54b15f2a"",""service"":""4978aa94-666c-47c7-8024-3ada55195a51"",""deployment"":""c8e742c7-fd58-4839-abec-b04a495e1b44"",""replica"":""9a97e4c2-a192-4277-9593-7e8d80b64342""}",2026-04-02T07:58:02.208508344Z
[STREAM ERROR] Deleting account from memory to allow reconnect: akun-01,info,"{""level"":""info""}","{""project"":""ce3616d9-58ad-4ec7-a294-1821e1564434"",""environment"":""fb6513d0-42a4-4660-82b5-509c54b15f2a"",""service"":""4978aa94-666c-47c7-8024-3ada55195a51"",""deployment"":""c8e742c7-fd58-4839-abec-b04a495e1b44"",""replica"":""9a97e4c2-a192-4277-9593-7e8d80b64342""}",2026-04-02T07:58:02.208515504Z
"  qrPreview: null,",info,"{""level"":""info""}","{""project"":""ce3616d9-58ad-4ec7-a294-1821e1564434"",""environment"":""fb6513d0-42a4-4660-82b5-509c54b15f2a"",""service"":""4978aa94-666c-47c7-8024-3ada55195a51"",""deployment"":""c8e742c7-fd58-4839-abec-b04a495e1b44"",""replica"":""9a97e4c2-a192-4277-9593-7e8d80b64342""}",2026-04-02T07:58:02.208518742Z
  isNewLogin: undefined,info,"{""level"":""info""}","{""project"":""ce3616d9-58ad-4ec7-a294-1821e1564434"",""environment"":""fb6513d0-42a4-4660-82b5-509c54b15f2a"",""service"":""4978aa94-666c-47c7-8024-3ada55195a51"",""deployment"":""c8e742c7-fd58-4839-abec-b04a495e1b44"",""replica"":""9a97e4c2-a192-4277-9593-7e8d80b64342""}",2026-04-02T07:58:02.208529647Z
},info,"{""level"":""info""}","{""project"":""ce3616d9-58ad-4ec7-a294-1821e1564434"",""environment"":""fb6513d0-42a4-4660-82b5-509c54b15f2a"",""service"":""4978aa94-666c-47c7-8024-3ada55195a51"",""deployment"":""c8e742c7-fd58-4839-abec-b04a495e1b44"",""replica"":""9a97e4c2-a192-4277-9593-7e8d80b64342""}",2026-04-02T07:58:02.208536801Z
[STREAM ERROR] Pairing info: {,info,"{""level"":""info""}","{""project"":""ce3616d9-58ad-4ec7-a294-1821e1564434"",""environment"":""fb6513d0-42a4-4660-82b5-509c54b15f2a"",""service"":""4978aa94-666c-47c7-8024-3ada55195a51"",""deployment"":""c8e742c7-fd58-4839-abec-b04a495e1b44"",""replica"":""9a97e4c2-a192-4277-9593-7e8d80b64342""}",2026-04-02T07:58:02.208539802Z
==========================================,info,"{""level"":""info""}","{""project"":""ce3616d9-58ad-4ec7-a294-1821e1564434"",""environment"":""fb6513d0-42a4-4660-82b5-509c54b15f2a"",""service"":""4978aa94-666c-47c7-8024-3ada55195a51"",""deployment"":""c8e742c7-fd58-4839-abec-b04a495e1b44"",""replica"":""9a97e4c2-a192-4277-9593-7e8d80b64342""}",2026-04-02T07:58:02.208545820Z
"  hasPairingInfo: false,",info,"{""level"":""info""}","{""project"":""ce3616d9-58ad-4ec7-a294-1821e1564434"",""environment"":""fb6513d0-42a4-4660-82b5-509c54b15f2a"",""service"":""4978aa94-666c-47c7-8024-3ada55195a51"",""deployment"":""c8e742c7-fd58-4839-abec-b04a495e1b44"",""replica"":""9a97e4c2-a192-4277-9593-7e8d80b64342""}",2026-04-02T07:58:02.208550806Z
[CONNECTION] ❌ Disconnected: akun-01 {,info,"{""level"":""info""}","{""project"":""ce3616d9-58ad-4ec7-a294-1821e1564434"",""environment"":""fb6513d0-42a4-4660-82b5-509c54b15f2a"",""service"":""4978aa94-666c-47c7-8024-3ada55195a51"",""deployment"":""c8e742c7-fd58-4839-abec-b04a495e1b44"",""replica"":""9a97e4c2-a192-4277-9593-7e8d80b64342""}",2026-04-02T07:58:02.208553927Z
"  timeSincePairing: 'Infinitys',",info,"{""level"":""info""}","{""project"":""ce3616d9-58ad-4ec7-a294-1821e1564434"",""environment"":""fb6513d0-42a4-4660-82b5-509c54b15f2a"",""service"":""4978aa94-666c-47c7-8024-3ada55195a51"",""deployment"":""c8e742c7-fd58-4839-abec-b04a495e1b44"",""replica"":""9a97e4c2-a192-4277-9593-7e8d80b64342""}",2026-04-02T07:58:02.208558603Z
"  code: 515,",info,"{""level"":""info""}","{""project"":""ce3616d9-58ad-4ec7-a294-1821e1564434"",""environment"":""fb6513d0-42a4-4660-82b5-509c54b15f2a"",""service"":""4978aa94-666c-47c7-8024-3ada55195a51"",""deployment"":""c8e742c7-fd58-4839-abec-b04a495e1b44"",""replica"":""9a97e4c2-a192-4277-9593-7e8d80b64342""}",2026-04-02T07:58:02.208561791Z
"  isAfterPairingSuccess: false,",info,"{""level"":""info""}","{""project"":""ce3616d9-58ad-4ec7-a294-1821e1564434"",""environment"":""fb6513d0-42a4-4660-82b5-509c54b15f2a"",""service"":""4978aa94-666c-47c7-8024-3ada55195a51"",""deployment"":""c8e742c7-fd58-4839-abec-b04a495e1b44"",""replica"":""9a97e4c2-a192-4277-9593-7e8d80b64342""}",2026-04-02T07:58:02.208565907Z
"  error: 'Stream Errored (restart required)',",info,"{""level"":""info""}","{""project"":""ce3616d9-58ad-4ec7-a294-1821e1564434"",""environment"":""fb6513d0-42a4-4660-82b5-509c54b15f2a"",""service"":""4978aa94-666c-47c7-8024-3ada55195a51"",""deployment"":""c8e742c7-fd58-4839-abec-b04a495e1b44"",""replica"":""9a97e4c2-a192-4277-9593-7e8d80b64342""}",2026-04-02T07:58:02.208569899Z
[WS NATIVE MESSAGE] Received for akun-01 binary: true len: 52 preview: AAAaHRwURE8cJfvl+Wq2av6hFhljbQUm4KMxurwAABSffrklFuXGdrNTpHM4jsbe3Ps=...,info,"{""level"":""info""}","{""project"":""ce3616d9-58ad-4ec7-a294-1821e1564434"",""environment"":""fb6513d0-42a4-4660-82b5-509c54b15f2a"",""service"":""4978aa94-666c-47c7-8024-3ada55195a51"",""deployment"":""c8e742c7-fd58-4839-abec-b04a495e1b44"",""replica"":""9a97e4c2-a192-4277-9593-7e8d80b64342""}",2026-04-02T07:58:02.208571716Z
"  isStreamError: true,",info,"{""level"":""info""}","{""project"":""ce3616d9-58ad-4ec7-a294-1821e1564434"",""environment"":""fb6513d0-42a4-4660-82b5-509c54b15f2a"",""service"":""4978aa94-666c-47c7-8024-3ada55195a51"",""deployment"":""c8e742c7-fd58-4839-abec-b04a495e1b44"",""replica"":""9a97e4c2-a192-4277-9593-7e8d80b64342""}",2026-04-02T07:58:02.208572562Z
"  isQRTimeout: false,",info,"{""level"":""info""}","{""project"":""ce3616d9-58ad-4ec7-a294-1821e1564434"",""environment"":""fb6513d0-42a4-4660-82b5-509c54b15f2a"",""service"":""4978aa94-666c-47c7-8024-3ada55195a51"",""deployment"":""c8e742c7-fd58-4839-abec-b04a495e1b44"",""replica"":""9a97e4c2-a192-4277-9593-7e8d80b64342""}",2026-04-02T07:58:02.208582399Z
stream errored out,info,"{""time"":1775116681997,""pid"":100,""hostname"":""502686071fc0"",""node"":{""tag"":""stream:error"",""attrs"":{""code"":""515""}},""level"":""info""}","{""project"":""ce3616d9-58ad-4ec7-a294-1821e1564434"",""environment"":""fb6513d0-42a4-4660-82b5-509c54b15f2a"",""service"":""4978aa94-666c-47c7-8024-3ada55195a51"",""deployment"":""c8e742c7-fd58-4839-abec-b04a495e1b44"",""replica"":""9a97e4c2-a192-4277-9593-7e8d80b64342""}",2026-04-02T07:58:02.208583937Z
"  isConflict: false,",info,"{""level"":""info""}","{""project"":""ce3616d9-58ad-4ec7-a294-1821e1564434"",""environment"":""fb6513d0-42a4-4660-82b5-509c54b15f2a"",""service"":""4978aa94-666c-47c7-8024-3ada55195a51"",""deployment"":""c8e742c7-fd58-4839-abec-b04a495e1b44"",""replica"":""9a97e4c2-a192-4277-9593-7e8d80b64342""}",2026-04-02T07:58:02.208588680Z
==========================================,info,"{""level"":""info""}","{""project"":""ce3616d9-58ad-4ec7-a294-1821e1564434"",""environment"":""fb6513d0-42a4-4660-82b5-509c54b15f2a"",""service"":""4978aa94-666c-47c7-8024-3ada55195a51"",""deployment"":""c8e742c7-fd58-4839-abec-b04a495e1b44"",""replica"":""9a97e4c2-a192-4277-9593-7e8d80b64342""}",2026-04-02T07:58:02.208592162Z
  hasConnected: false,info,"{""level"":""info""}","{""project"":""ce3616d9-58ad-4ec7-a294-1821e1564434"",""environment"":""fb6513d0-42a4-4660-82b5-509c54b15f2a"",""service"":""4978aa94-666c-47c7-8024-3ada55195a51"",""deployment"":""c8e742c7-fd58-4839-abec-b04a495e1b44"",""replica"":""9a97e4c2-a192-4277-9593-7e8d80b64342""}",2026-04-02T07:58:02.208596308Z
[CONNECTION UPDATE] ✅ EVENT RECEIVED! {,info,"{""level"":""info""}","{""project"":""ce3616d9-58ad-4ec7-a294-1821e1564434"",""environment"":""fb6513d0-42a4-4660-82b5-509c54b15f2a"",""service"":""4978aa94-666c-47c7-8024-3ada55195a51"",""deployment"":""c8e742c7-fd58-4839-abec-b04a495e1b44"",""replica"":""9a97e4c2-a192-4277-9593-7e8d80b64342""}",2026-04-02T07:58:02.208599000Z
},info,"{""level"":""info""}","{""project"":""ce3616d9-58ad-4ec7-a294-1821e1564434"",""environment"":""fb6513d0-42a4-4660-82b5-509c54b15f2a"",""service"":""4978aa94-666c-47c7-8024-3ada55195a51"",""deployment"":""c8e742c7-fd58-4839-abec-b04a495e1b44"",""replica"":""9a97e4c2-a192-4277-9593-7e8d80b64342""}",2026-04-02T07:58:02.208603303Z
"  accountId: 'akun-01',",info,"{""level"":""info""}","{""project"":""ce3616d9-58ad-4ec7-a294-1821e1564434"",""environment"":""fb6513d0-42a4-4660-82b5-509c54b15f2a"",""service"":""4978aa94-666c-47c7-8024-3ada55195a51"",""deployment"":""c8e742c7-fd58-4839-abec-b04a495e1b44"",""replica"":""9a97e4c2-a192-4277-9593-7e8d80b64342""}",2026-04-02T07:58:02.208605897Z
"  connection: 'close',",info,"{""level"":""info""}","{""project"":""ce3616d9-58ad-4ec7-a294-1821e1564434"",""environment"":""fb6513d0-42a4-4660-82b5-509c54b15f2a"",""service"":""4978aa94-666c-47c7-8024-3ada55195a51"",""deployment"":""c8e742c7-fd58-4839-abec-b04a495e1b44"",""replica"":""9a97e4c2-a192-4277-9593-7e8d80b64342""}",2026-04-02T07:58:02.208611174Z
"  hasQr: false,",info,"{""level"":""info""}","{""project"":""ce3616d9-58ad-4ec7-a294-1821e1564434"",""environment"":""fb6513d0-42a4-4660-82b5-509c54b15f2a"",""service"":""4978aa94-666c-47c7-8024-3ada55195a51"",""deployment"":""c8e742c7-fd58-4839-abec-b04a495e1b44"",""replica"":""9a97e4c2-a192-4277-9593-7e8d80b64342""}",2026-04-02T07:58:02.208616128Z
[STREAM ERROR] Account deleted from memory. Session files and personality preserved.,info,"{""level"":""info""}","{""project"":""ce3616d9-58ad-4ec7-a294-1821e1564434"",""environment"":""fb6513d0-42a4-4660-82b5-509c54b15f2a"",""service"":""4978aa94-666c-47c7-8024-3ada55195a51"",""deployment"":""c8e742c7-fd58-4839-abec-b04a495e1b44"",""replica"":""9a97e4c2-a192-4277-9593-7e8d80b64342""}",2026-04-02T07:58:02.209390674Z
connection errored,info,"{""time"":1775116681997,""pid"":100,""hostname"":""502686071fc0"",""trace"":""Error: Stream Errored (restart required)\n    at WebSocketClient.<anonymous> (/app/mini-services/whatsapp-service/node_modules/@whiskeysockets/baileys/src/Socket/socket.ts:648:7)\n    at WebSocketClient.emit (node:events:519:28)\n    at <anonymous> (/app/mini-services/whatsapp-service/node_modules/@whiskeysockets/baileys/src/Socket/socket.ts:327:23)\n    at Object.decodeFrame (/app/mini-services/whatsapp-service/node_modules/@whiskeysockets/baileys/src/Utils/noise-handler.ts:187:5)\n    at process.processTicksAndRejections (node:internal/process/task_queues:103:5)"",""level"":""info""}","{""project"":""ce3616d9-58ad-4ec7-a294-1821e1564434"",""environment"":""fb6513d0-42a4-4660-82b5-509c54b15f2a"",""service"":""4978aa94-666c-47c7-8024-3ada55195a51"",""deployment"":""c8e742c7-fd58-4839-abec-b04a495e1b44"",""replica"":""9a97e4c2-a192-4277-9593-7e8d80b64342""}",2026-04-02T07:58:02.209397083Z
[WS NATIVE MESSAGE] Received for akun-01 binary: true len: 4 preview: iAID8w==,info,"{""level"":""info""}","{""project"":""ce3616d9-58ad-4ec7-a294-1821e1564434"",""environment"":""fb6513d0-42a4-4660-82b5-509c54b15f2a"",""service"":""4978aa94-666c-47c7-8024-3ada55195a51"",""deployment"":""c8e742c7-fd58-4839-abec-b04a495e1b44"",""replica"":""9a97e4c2-a192-4277-9593-7e8d80b64342""}",2026-04-02T07:58:02.209402048Z
[WS NATIVE CLOSE] Native WebSocket closed for akun-01 code: 1006 reason: ,info,"{""level"":""info""}","{""project"":""ce3616d9-58ad-4ec7-a294-1821e1564434"",""environment"":""fb6513d0-42a4-4660-82b5-509c54b15f2a"",""service"":""4978aa94-666c-47c7-8024-3ada55195a51"",""deployment"":""c8e742c7-fd58-4839-abec-b04a495e1b44"",""replica"":""9a97e4c2-a192-4277-9593-7e8d80b64342""}",2026-04-02T07:58:02.209407810Z
},info,"{""level"":""info""}","{""project"":""ce3616d9-58ad-4ec7-a294-1821e1564434"",""environment"":""fb6513d0-42a4-4660-82b5-509c54b15f2a"",""service"":""4978aa94-666c-47c7-8024-3ada55195a51"",""deployment"":""c8e742c7-fd58-4839-abec-b04a495e1b44"",""replica"":""9a97e4c2-a192-4277-9593-7e8d80b64342""}",2026-04-02T07:58:05.207418057Z
==========================================,info,"{""level"":""info""}","{""project"":""ce3616d9-58ad-4ec7-a294-1821e1564434"",""environment"":""fb6513d0-42a4-4660-82b5-509c54b15f2a"",""service"":""4978aa94-666c-47c7-8024-3ada55195a51"",""deployment"":""c8e742c7-fd58-4839-abec-b04a495e1b44"",""replica"":""9a97e4c2-a192-4277-9593-7e8d80b64342""}",2026-04-02T07:58:05.207428988Z
[SESSION/START] Starting session for: akun-01 forceNew: true,info,"{""level"":""info""}","{""project"":""ce3616d9-58ad-4ec7-a294-1821e1564434"",""environment"":""fb6513d0-42a4-4660-82b5-509c54b15f2a"",""service"":""4978aa94-666c-47c7-8024-3ada55195a51"",""deployment"":""c8e742c7-fd58-4839-abec-b04a495e1b44"",""replica"":""9a97e4c2-a192-4277-9593-7e8d80b64342""}",2026-04-02T07:58:05.207434716Z
==========================================,info,"{""level"":""info""}","{""project"":""ce3616d9-58ad-4ec7-a294-1821e1564434"",""environment"":""fb6513d0-42a4-4660-82b5-509c54b15f2a"",""service"":""4978aa94-666c-47c7-8024-3ada55195a51"",""deployment"":""c8e742c7-fd58-4839-abec-b04a495e1b44"",""replica"":""9a97e4c2-a192-4277-9593-7e8d80b64342""}",2026-04-02T07:58:05.207440072Z
[START SESSION] Called with: {,info,"{""level"":""info""}","{""project"":""ce3616d9-58ad-4ec7-a294-1821e1564434"",""environment"":""fb6513d0-42a4-4660-82b5-509c54b15f2a"",""service"":""4978aa94-666c-47c7-8024-3ada55195a51"",""deployment"":""c8e742c7-fd58-4839-abec-b04a495e1b44"",""replica"":""9a97e4c2-a192-4277-9593-7e8d80b64342""}",2026-04-02T07:58:05.207445801Z
"  accountId: 'akun-01',",info,"{""level"":""info""}","{""project"":""ce3616d9-58ad-4ec7-a294-1821e1564434"",""environment"":""fb6513d0-42a4-4660-82b5-509c54b15f2a"",""service"":""4978aa94-666c-47c7-8024-3ada55195a51"",""deployment"":""c8e742c7-fd58-4839-abec-b04a495e1b44"",""replica"":""9a97e4c2-a192-4277-9593-7e8d80b64342""}",2026-04-02T07:58:05.207450788Z
"  usePairingCode: false,",info,"{""level"":""info""}","{""project"":""ce3616d9-58ad-4ec7-a294-1821e1564434"",""environment"":""fb6513d0-42a4-4660-82b5-509c54b15f2a"",""service"":""4978aa94-666c-47c7-8024-3ada55195a51"",""deployment"":""c8e742c7-fd58-4839-abec-b04a495e1b44"",""replica"":""9a97e4c2-a192-4277-9593-7e8d80b64342""}",2026-04-02T07:58:05.207455801Z
"  phoneNumber: undefined,",info,"{""level"":""info""}","{""project"":""ce3616d9-58ad-4ec7-a294-1821e1564434"",""environment"":""fb6513d0-42a4-4660-82b5-509c54b15f2a"",""service"":""4978aa94-666c-47c7-8024-3ada55195a51"",""deployment"":""c8e742c7-fd58-4839-abec-b04a495e1b44"",""replica"":""9a97e4c2-a192-4277-9593-7e8d80b64342""}",2026-04-02T07:58:05.207460995Z
  forceNew: true,info,"{""level"":""info""}","{""project"":""ce3616d9-58ad-4ec7-a294-1821e1564434"",""environment"":""fb6513d0-42a4-4660-82b5-509c54b15f2a"",""service"":""4978aa94-666c-47c7-8024-3ada55195a51"",""deployment"":""c8e742c7-fd58-4839-abec-b04a495e1b44"",""replica"":""9a97e4c2-a192-4277-9593-7e8d80b64342""}",2026-04-02T07:58:05.207466005Z
},info,"{""level"":""info""}","{""project"":""ce3616d9-58ad-4ec7-a294-1821e1564434"",""environment"":""fb6513d0-42a4-4660-82b5-509c54b15f2a"",""service"":""4978aa94-666c-47c7-8024-3ada55195a51"",""deployment"":""c8e742c7-fd58-4839-abec-b04a495e1b44"",""replica"":""9a97e4c2-a192-4277-9593-7e8d80b64342""}",2026-04-02T07:58:05.207471076Z
[START SESSION] Current accounts: [],info,"{""level"":""info""}","{""project"":""ce3616d9-58ad-4ec7-a294-1821e1564434"",""environment"":""fb6513d0-42a4-4660-82b5-509c54b15f2a"",""service"":""4978aa94-666c-47c7-8024-3ada55195a51"",""deployment"":""c8e742c7-fd58-4839-abec-b04a495e1b44"",""replica"":""9a97e4c2-a192-4277-9593-7e8d80b64342""}",2026-04-02T07:58:05.207475550Z
==========================================,info,"{""level"":""info""}","{""project"":""ce3616d9-58ad-4ec7-a294-1821e1564434"",""environment"":""fb6513d0-42a4-4660-82b5-509c54b15f2a"",""service"":""4978aa94-666c-47c7-8024-3ada55195a51"",""deployment"":""c8e742c7-fd58-4839-abec-b04a495e1b44"",""replica"":""9a97e4c2-a192-4277-9593-7e8d80b64342""}",2026-04-02T07:58:05.207481924Z
"[START SESSION] forceNew=true, clearing old session data...",info,"{""level"":""info""}","{""project"":""ce3616d9-58ad-4ec7-a294-1821e1564434"",""environment"":""fb6513d0-42a4-4660-82b5-509c54b15f2a"",""service"":""4978aa94-666c-47c7-8024-3ada55195a51"",""deployment"":""c8e742c7-fd58-4839-abec-b04a495e1b44"",""replica"":""9a97e4c2-a192-4277-9593-7e8d80b64342""}",2026-04-02T07:58:05.207486818Z
[CLEAR SESSION] Attempting to clear session for: akun-01,info,"{""level"":""info""}","{""project"":""ce3616d9-58ad-4ec7-a294-1821e1564434"",""environment"":""fb6513d0-42a4-4660-82b5-509c54b15f2a"",""service"":""4978aa94-666c-47c7-8024-3ada55195a51"",""deployment"":""c8e742c7-fd58-4839-abec-b04a495e1b44"",""replica"":""9a97e4c2-a192-4277-9593-7e8d80b64342""}",2026-04-02T07:58:05.207492680Z
==========================================,info,"{""level"":""info""}","{""project"":""ce3616d9-58ad-4ec7-a294-1821e1564434"",""environment"":""fb6513d0-42a4-4660-82b5-509c54b15f2a"",""service"":""4978aa94-666c-47c7-8024-3ada55195a51"",""deployment"":""c8e742c7-fd58-4839-abec-b04a495e1b44"",""replica"":""9a97e4c2-a192-4277-9593-7e8d80b64342""}",2026-04-02T07:58:05.207495723Z
[CLEAR SESSION] Session path: /app/mini-services/whatsapp-service/sessions/akun-01,info,"{""level"":""info""}","{""project"":""ce3616d9-58ad-4ec7-a294-1821e1564434"",""environment"":""fb6513d0-42a4-4660-82b5-509c54b15f2a"",""service"":""4978aa94-666c-47c7-8024-3ada55195a51"",""deployment"":""c8e742c7-fd58-4839-abec-b04a495e1b44"",""replica"":""9a97e4c2-a192-4277-9593-7e8d80b64342""}",2026-04-02T07:58:05.207500088Z
[SESSION/START] Request received: {,info,"{""level"":""info""}","{""project"":""ce3616d9-58ad-4ec7-a294-1821e1564434"",""environment"":""fb6513d0-42a4-4660-82b5-509c54b15f2a"",""service"":""4978aa94-666c-47c7-8024-3ada55195a51"",""deployment"":""c8e742c7-fd58-4839-abec-b04a495e1b44"",""replica"":""9a97e4c2-a192-4277-9593-7e8d80b64342""}",2026-04-02T07:58:05.207504493Z
[CLEAR SESSION] Session directory exists,info,"{""level"":""info""}","{""project"":""ce3616d9-58ad-4ec7-a294-1821e1564434"",""environment"":""fb6513d0-42a4-4660-82b5-509c54b15f2a"",""service"":""4978aa94-666c-47c7-8024-3ada55195a51"",""deployment"":""c8e742c7-fd58-4839-abec-b04a495e1b44"",""replica"":""9a97e4c2-a192-4277-9593-7e8d80b64342""}",2026-04-02T07:58:05.207506468Z
"  accountId: 'akun-01',",info,"{""level"":""info""}","{""project"":""ce3616d9-58ad-4ec7-a294-1821e1564434"",""environment"":""fb6513d0-42a4-4660-82b5-509c54b15f2a"",""service"":""4978aa94-666c-47c7-8024-3ada55195a51"",""deployment"":""c8e742c7-fd58-4839-abec-b04a495e1b44"",""replica"":""9a97e4c2-a192-4277-9593-7e8d80b64342""}",2026-04-02T07:58:05.207515301Z
[CLEAR SESSION] Deleting session directory with rimraf...,info,"{""level"":""info""}","{""project"":""ce3616d9-58ad-4ec7-a294-1821e1564434"",""environment"":""fb6513d0-42a4-4660-82b5-509c54b15f2a"",""service"":""4978aa94-666c-47c7-8024-3ada55195a51"",""deployment"":""c8e742c7-fd58-4839-abec-b04a495e1b44"",""replica"":""9a97e4c2-a192-4277-9593-7e8d80b64342""}",2026-04-02T07:58:05.207515503Z
"  usePairingCode: undefined,",info,"{""level"":""info""}","{""project"":""ce3616d9-58ad-4ec7-a294-1821e1564434"",""environment"":""fb6513d0-42a4-4660-82b5-509c54b15f2a"",""service"":""4978aa94-666c-47c7-8024-3ada55195a51"",""deployment"":""c8e742c7-fd58-4839-abec-b04a495e1b44"",""replica"":""9a97e4c2-a192-4277-9593-7e8d80b64342""}",2026-04-02T07:58:05.207521863Z
"  phoneNumber: undefined,",info,"{""level"":""info""}","{""project"":""ce3616d9-58ad-4ec7-a294-1821e1564434"",""environment"":""fb6513d0-42a4-4660-82b5-509c54b15f2a"",""service"":""4978aa94-666c-47c7-8024-3ada55195a51"",""deployment"":""c8e742c7-fd58-4839-abec-b04a495e1b44"",""replica"":""9a97e4c2-a192-4277-9593-7e8d80b64342""}",2026-04-02T07:58:05.207529401Z
[CLEAR SESSION] ✅ Session directory successfully deleted,info,"{""level"":""info""}","{""project"":""ce3616d9-58ad-4ec7-a294-1821e1564434"",""environment"":""fb6513d0-42a4-4660-82b5-509c54b15f2a"",""service"":""4978aa94-666c-47c7-8024-3ada55195a51"",""deployment"":""c8e742c7-fd58-4839-abec-b04a495e1b44"",""replica"":""9a97e4c2-a192-4277-9593-7e8d80b64342""}",2026-04-02T07:58:05.207533250Z
  forceNew: true,info,"{""level"":""info""}","{""project"":""ce3616d9-58ad-4ec7-a294-1821e1564434"",""environment"":""fb6513d0-42a4-4660-82b5-509c54b15f2a"",""service"":""4978aa94-666c-47c7-8024-3ada55195a51"",""deployment"":""c8e742c7-fd58-4839-abec-b04a495e1b44"",""replica"":""9a97e4c2-a192-4277-9593-7e8d80b64342""}",2026-04-02T07:58:05.207538019Z
[START SESSION] ✅ Session data cleared successfully,info,"{""level"":""info""}","{""project"":""ce3616d9-58ad-4ec7-a294-1821e1564434"",""environment"":""fb6513d0-42a4-4660-82b5-509c54b15f2a"",""service"":""4978aa94-666c-47c7-8024-3ada55195a51"",""deployment"":""c8e742c7-fd58-4839-abec-b04a495e1b44"",""replica"":""9a97e4c2-a192-4277-9593-7e8d80b64342""}",2026-04-02T07:58:05.207542995Z
[START SESSION] Session directory created: /app/mini-services/whatsapp-service/sessions/akun-01,info,"{""level"":""info""}","{""project"":""ce3616d9-58ad-4ec7-a294-1821e1564434"",""environment"":""fb6513d0-42a4-4660-82b5-509c54b15f2a"",""service"":""4978aa94-666c-47c7-8024-3ada55195a51"",""deployment"":""c8e742c7-fd58-4839-abec-b04a495e1b44"",""replica"":""9a97e4c2-a192-4277-9593-7e8d80b64342""}",2026-04-02T07:58:05.207548148Z
[START SESSION] Loading auth state...,info,"{""level"":""info""}","{""project"":""ce3616d9-58ad-4ec7-a294-1821e1564434"",""environment"":""fb6513d0-42a4-4660-82b5-509c54b15f2a"",""service"":""4978aa94-666c-47c7-8024-3ada55195a51"",""deployment"":""c8e742c7-fd58-4839-abec-b04a495e1b44"",""replica"":""9a97e4c2-a192-4277-9593-7e8d80b64342""}",2026-04-02T07:58:05.208764066Z
"[START SESSION] Baileys version: [ 2, 3000, 1035194821 ]",info,"{""level"":""info""}","{""project"":""ce3616d9-58ad-4ec7-a294-1821e1564434"",""environment"":""fb6513d0-42a4-4660-82b5-509c54b15f2a"",""service"":""4978aa94-666c-47c7-8024-3ada55195a51"",""deployment"":""c8e742c7-fd58-4839-abec-b04a495e1b44"",""replica"":""9a97e4c2-a192-4277-9593-7e8d80b64342""}",2026-04-02T07:58:05.208771704Z
[START SESSION] Auth state loaded:,info,"{""level"":""info""}","{""project"":""ce3616d9-58ad-4ec7-a294-1821e1564434"",""environment"":""fb6513d0-42a4-4660-82b5-509c54b15f2a"",""service"":""4978aa94-666c-47c7-8024-3ada55195a51"",""deployment"":""c8e742c7-fd58-4839-abec-b04a495e1b44"",""replica"":""9a97e4c2-a192-4277-9593-7e8d80b64342""}",2026-04-02T07:58:05.208774293Z
[START SESSION] Creating WhatsApp socket...,info,"{""level"":""info""}","{""project"":""ce3616d9-58ad-4ec7-a294-1821e1564434"",""environment"":""fb6513d0-42a4-4660-82b5-509c54b15f2a"",""service"":""4978aa94-666c-47c7-8024-3ada55195a51"",""deployment"":""c8e742c7-fd58-4839-abec-b04a495e1b44"",""replica"":""9a97e4c2-a192-4277-9593-7e8d80b64342""}",2026-04-02T07:58:05.208780198Z
[START SESSION] - hasCreds: true,info,"{""level"":""info""}","{""project"":""ce3616d9-58ad-4ec7-a294-1821e1564434"",""environment"":""fb6513d0-42a4-4660-82b5-509c54b15f2a"",""service"":""4978aa94-666c-47c7-8024-3ada55195a51"",""deployment"":""c8e742c7-fd58-4839-abec-b04a495e1b44"",""replica"":""9a97e4c2-a192-4277-9593-7e8d80b64342""}",2026-04-02T07:58:05.208783186Z
[NETWORK] Testing connectivity to WhatsApp servers...,info,"{""level"":""info""}","{""project"":""ce3616d9-58ad-4ec7-a294-1821e1564434"",""environment"":""fb6513d0-42a4-4660-82b5-509c54b15f2a"",""service"":""4978aa94-666c-47c7-8024-3ada55195a51"",""deployment"":""c8e742c7-fd58-4839-abec-b04a495e1b44"",""replica"":""9a97e4c2-a192-4277-9593-7e8d80b64342""}",2026-04-02T07:58:05.208787418Z
[START SESSION] - creds.me exists: false,info,"{""level"":""info""}","{""project"":""ce3616d9-58ad-4ec7-a294-1821e1564434"",""environment"":""fb6513d0-42a4-4660-82b5-509c54b15f2a"",""service"":""4978aa94-666c-47c7-8024-3ada55195a51"",""deployment"":""c8e742c7-fd58-4839-abec-b04a495e1b44"",""replica"":""9a97e4c2-a192-4277-9593-7e8d80b64342""}",2026-04-02T07:58:05.208790733Z
[NETWORK] DNS resolution for web.whatsapp.com: [ '157.240.15.60' ],info,"{""level"":""info""}","{""project"":""ce3616d9-58ad-4ec7-a294-1821e1564434"",""environment"":""fb6513d0-42a4-4660-82b5-509c54b15f2a"",""service"":""4978aa94-666c-47c7-8024-3ada55195a51"",""deployment"":""c8e742c7-fd58-4839-abec-b04a495e1b44"",""replica"":""9a97e4c2-a192-4277-9593-7e8d80b64342""}",2026-04-02T07:58:05.208795817Z
[START SESSION] - creds.me.id: N/A,info,"{""level"":""info""}","{""project"":""ce3616d9-58ad-4ec7-a294-1821e1564434"",""environment"":""fb6513d0-42a4-4660-82b5-509c54b15f2a"",""service"":""4978aa94-666c-47c7-8024-3ada55195a51"",""deployment"":""c8e742c7-fd58-4839-abec-b04a495e1b44"",""replica"":""9a97e4c2-a192-4277-9593-7e8d80b64342""}",2026-04-02T07:58:05.208797975Z
[START SESSION] - creds.me.name: N/A,info,"{""level"":""info""}","{""project"":""ce3616d9-58ad-4ec7-a294-1821e1564434"",""environment"":""fb6513d0-42a4-4660-82b5-509c54b15f2a"",""service"":""4978aa94-666c-47c7-8024-3ada55195a51"",""deployment"":""c8e742c7-fd58-4839-abec-b04a495e1b44"",""replica"":""9a97e4c2-a192-4277-9593-7e8d80b64342""}",2026-04-02T07:58:05.208801089Z
[START SESSION] - This account will: REGISTER (expect QR),info,"{""level"":""info""}","{""project"":""ce3616d9-58ad-4ec7-a294-1821e1564434"",""environment"":""fb6513d0-42a4-4660-82b5-509c54b15f2a"",""service"":""4978aa94-666c-47c7-8024-3ada55195a51"",""deployment"":""c8e742c7-fd58-4839-abec-b04a495e1b44"",""replica"":""9a97e4c2-a192-4277-9593-7e8d80b64342""}",2026-04-02T07:58:05.208811103Z
[START SESSION] Fetching Baileys version...,info,"{""level"":""info""}","{""project"":""ce3616d9-58ad-4ec7-a294-1821e1564434"",""environment"":""fb6513d0-42a4-4660-82b5-509c54b15f2a"",""service"":""4978aa94-666c-47c7-8024-3ada55195a51"",""deployment"":""c8e742c7-fd58-4839-abec-b04a495e1b44"",""replica"":""9a97e4c2-a192-4277-9593-7e8d80b64342""}",2026-04-02T07:58:05.208816973Z
[NETWORK] HTTPS test to web.whatsapp.com: Status 200,info,"{""level"":""info""}","{""project"":""ce3616d9-58ad-4ec7-a294-1821e1564434"",""environment"":""fb6513d0-42a4-4660-82b5-509c54b15f2a"",""service"":""4978aa94-666c-47c7-8024-3ada55195a51"",""deployment"":""c8e742c7-fd58-4839-abec-b04a495e1b44"",""replica"":""9a97e4c2-a192-4277-9593-7e8d80b64342""}",2026-04-02T07:58:05.261942215Z
[SOCKET] makeWASocket created for: akun-01,info,"{""level"":""info""}","{""project"":""ce3616d9-58ad-4ec7-a294-1821e1564434"",""environment"":""fb6513d0-42a4-4660-82b5-509c54b15f2a"",""service"":""4978aa94-666c-47c7-8024-3ada55195a51"",""deployment"":""c8e742c7-fd58-4839-abec-b04a495e1b44"",""replica"":""9a97e4c2-a192-4277-9593-7e8d80b64342""}",2026-04-02T07:58:05.264137165Z
[SOCKET] Socket has ev? true,info,"{""level"":""info""}","{""project"":""ce3616d9-58ad-4ec7-a294-1821e1564434"",""environment"":""fb6513d0-42a4-4660-82b5-509c54b15f2a"",""service"":""4978aa94-666c-47c7-8024-3ada55195a51"",""deployment"":""c8e742c7-fd58-4839-abec-b04a495e1b44"",""replica"":""9a97e4c2-a192-4277-9593-7e8d80b64342""}",2026-04-02T07:58:05.264145725Z
[SOCKET] Socket has ws? true,info,"{""level"":""info""}","{""project"":""ce3616d9-58ad-4ec7-a294-1821e1564434"",""environment"":""fb6513d0-42a4-4660-82b5-509c54b15f2a"",""service"":""4978aa94-666c-47c7-8024-3ada55195a51"",""deployment"":""c8e742c7-fd58-4839-abec-b04a495e1b44"",""replica"":""9a97e4c2-a192-4277-9593-7e8d80b64342""}",2026-04-02T07:58:05.264151817Z
[SOCKET] Socket user? undefined,info,"{""level"":""info""}","{""project"":""ce3616d9-58ad-4ec7-a294-1821e1564434"",""environment"":""fb6513d0-42a4-4660-82b5-509c54b15f2a"",""service"":""4978aa94-666c-47c7-8024-3ada55195a51"",""deployment"":""c8e742c7-fd58-4839-abec-b04a495e1b44"",""replica"":""9a97e4c2-a192-4277-9593-7e8d80b64342""}",2026-04-02T07:58:05.264158625Z
[ACCOUNT] ✅ Added pending account to map immediately: akun-01,info,"{""level"":""info""}","{""project"":""ce3616d9-58ad-4ec7-a294-1821e1564434"",""environment"":""fb6513d0-42a4-4660-82b5-509c54b15f2a"",""service"":""4978aa94-666c-47c7-8024-3ada55195a51"",""deployment"":""c8e742c7-fd58-4839-abec-b04a495e1b44"",""replica"":""9a97e4c2-a192-4277-9593-7e8d80b64342""}",2026-04-02T07:58:05.264164089Z
[SOCKET] 🚀 Registering connection.update handler IMMEDIATELY for: akun-01,info,"{""level"":""info""}","{""project"":""ce3616d9-58ad-4ec7-a294-1821e1564434"",""environment"":""fb6513d0-42a4-4660-82b5-509c54b15f2a"",""service"":""4978aa94-666c-47c7-8024-3ada55195a51"",""deployment"":""c8e742c7-fd58-4839-abec-b04a495e1b44"",""replica"":""9a97e4c2-a192-4277-9593-7e8d80b64342""}",2026-04-02T07:58:05.264168983Z
[SOCKET] ✅ Event handlers registered IMMEDIATELY,info,"{""level"":""info""}","{""project"":""ce3616d9-58ad-4ec7-a294-1821e1564434"",""environment"":""fb6513d0-42a4-4660-82b5-509c54b15f2a"",""service"":""4978aa94-666c-47c7-8024-3ada55195a51"",""deployment"":""c8e742c7-fd58-4839-abec-b04a495e1b44"",""replica"":""9a97e4c2-a192-4277-9593-7e8d80b64342""}",2026-04-02T07:58:05.264173855Z
[WS] Native WebSocket exists: true,info,"{""level"":""info""}","{""project"":""ce3616d9-58ad-4ec7-a294-1821e1564434"",""environment"":""fb6513d0-42a4-4660-82b5-509c54b15f2a"",""service"":""4978aa94-666c-47c7-8024-3ada55195a51"",""deployment"":""c8e742c7-fd58-4839-abec-b04a495e1b44"",""replica"":""9a97e4c2-a192-4277-9593-7e8d80b64342""}",2026-04-02T07:58:05.264179863Z
[WS] Native WebSocket state: 0 = CONNECTING,info,"{""level"":""info""}","{""project"":""ce3616d9-58ad-4ec7-a294-1821e1564434"",""environment"":""fb6513d0-42a4-4660-82b5-509c54b15f2a"",""service"":""4978aa94-666c-47c7-8024-3ada55195a51"",""deployment"":""c8e742c7-fd58-4839-abec-b04a495e1b44"",""replica"":""9a97e4c2-a192-4277-9593-7e8d80b64342""}",2026-04-02T07:58:05.264184685Z
[WS] WebSocketClient isConnecting: true,info,"{""level"":""info""}","{""project"":""ce3616d9-58ad-4ec7-a294-1821e1564434"",""environment"":""fb6513d0-42a4-4660-82b5-509c54b15f2a"",""service"":""4978aa94-666c-47c7-8024-3ada55195a51"",""deployment"":""c8e742c7-fd58-4839-abec-b04a495e1b44"",""replica"":""9a97e4c2-a192-4277-9593-7e8d80b64342""}",2026-04-02T07:58:05.264190314Z
[WS] WebSocketClient isOpen: false,info,"{""level"":""info""}","{""project"":""ce3616d9-58ad-4ec7-a294-1821e1564434"",""environment"":""fb6513d0-42a4-4660-82b5-509c54b15f2a"",""service"":""4978aa94-666c-47c7-8024-3ada55195a51"",""deployment"":""c8e742c7-fd58-4839-abec-b04a495e1b44"",""replica"":""9a97e4c2-a192-4277-9593-7e8d80b64342""}",2026-04-02T07:58:05.264194922Z
[WS] WebSocketClient isClosed: false,info,"{""level"":""info""}","{""project"":""ce3616d9-58ad-4ec7-a294-1821e1564434"",""environment"":""fb6513d0-42a4-4660-82b5-509c54b15f2a"",""service"":""4978aa94-666c-47c7-8024-3ada55195a51"",""deployment"":""c8e742c7-fd58-4839-abec-b04a495e1b44"",""replica"":""9a97e4c2-a192-4277-9593-7e8d80b64342""}",2026-04-02T07:58:05.264200289Z
},info,"{""level"":""info""}","{""project"":""ce3616d9-58ad-4ec7-a294-1821e1564434"",""environment"":""fb6513d0-42a4-4660-82b5-509c54b15f2a"",""service"":""4978aa94-666c-47c7-8024-3ada55195a51"",""deployment"":""c8e742c7-fd58-4839-abec-b04a495e1b44"",""replica"":""9a97e4c2-a192-4277-9593-7e8d80b64342""}",2026-04-02T07:58:05.266192422Z
==========================================,info,"{""level"":""info""}","{""project"":""ce3616d9-58ad-4ec7-a294-1821e1564434"",""environment"":""fb6513d0-42a4-4660-82b5-509c54b15f2a"",""service"":""4978aa94-666c-47c7-8024-3ada55195a51"",""deployment"":""c8e742c7-fd58-4839-abec-b04a495e1b44"",""replica"":""9a97e4c2-a192-4277-9593-7e8d80b64342""}",2026-04-02T07:58:05.266202485Z
[WS] WebSocket URL: URL {,info,"{""level"":""info""}","{""project"":""ce3616d9-58ad-4ec7-a294-1821e1564434"",""environment"":""fb6513d0-42a4-4660-82b5-509c54b15f2a"",""service"":""4978aa94-666c-47c7-8024-3ada55195a51"",""deployment"":""c8e742c7-fd58-4839-abec-b04a495e1b44"",""replica"":""9a97e4c2-a192-4277-9593-7e8d80b64342""}",2026-04-02T07:58:05.266209737Z
"  href: 'wss://web.whatsapp.com/ws/chat',",info,"{""level"":""info""}","{""project"":""ce3616d9-58ad-4ec7-a294-1821e1564434"",""environment"":""fb6513d0-42a4-4660-82b5-509c54b15f2a"",""service"":""4978aa94-666c-47c7-8024-3ada55195a51"",""deployment"":""c8e742c7-fd58-4839-abec-b04a495e1b44"",""replica"":""9a97e4c2-a192-4277-9593-7e8d80b64342""}",2026-04-02T07:58:05.266216843Z
"  origin: 'wss://web.whatsapp.com',",info,"{""level"":""info""}","{""project"":""ce3616d9-58ad-4ec7-a294-1821e1564434"",""environment"":""fb6513d0-42a4-4660-82b5-509c54b15f2a"",""service"":""4978aa94-666c-47c7-8024-3ada55195a51"",""deployment"":""c8e742c7-fd58-4839-abec-b04a495e1b44"",""replica"":""9a97e4c2-a192-4277-9593-7e8d80b64342""}",2026-04-02T07:58:05.266223009Z
"  protocol: 'wss:',",info,"{""level"":""info""}","{""project"":""ce3616d9-58ad-4ec7-a294-1821e1564434"",""environment"":""fb6513d0-42a4-4660-82b5-509c54b15f2a"",""service"":""4978aa94-666c-47c7-8024-3ada55195a51"",""deployment"":""c8e742c7-fd58-4839-abec-b04a495e1b44"",""replica"":""9a97e4c2-a192-4277-9593-7e8d80b64342""}",2026-04-02T07:58:05.266228675Z
"  username: '',",info,"{""level"":""info""}","{""project"":""ce3616d9-58ad-4ec7-a294-1821e1564434"",""environment"":""fb6513d0-42a4-4660-82b5-509c54b15f2a"",""service"":""4978aa94-666c-47c7-8024-3ada55195a51"",""deployment"":""c8e742c7-fd58-4839-abec-b04a495e1b44"",""replica"":""9a97e4c2-a192-4277-9593-7e8d80b64342""}",2026-04-02T07:58:05.266232884Z
"  password: '',",info,"{""level"":""info""}","{""project"":""ce3616d9-58ad-4ec7-a294-1821e1564434"",""environment"":""fb6513d0-42a4-4660-82b5-509c54b15f2a"",""service"":""4978aa94-666c-47c7-8024-3ada55195a51"",""deployment"":""c8e742c7-fd58-4839-abec-b04a495e1b44"",""replica"":""9a97e4c2-a192-4277-9593-7e8d80b64342""}",2026-04-02T07:58:05.266236890Z
"  host: 'web.whatsapp.com',",info,"{""level"":""info""}","{""project"":""ce3616d9-58ad-4ec7-a294-1821e1564434"",""environment"":""fb6513d0-42a4-4660-82b5-509c54b15f2a"",""service"":""4978aa94-666c-47c7-8024-3ada55195a51"",""deployment"":""c8e742c7-fd58-4839-abec-b04a495e1b44"",""replica"":""9a97e4c2-a192-4277-9593-7e8d80b64342""}",2026-04-02T07:58:05.266241020Z
"  hostname: 'web.whatsapp.com',",info,"{""level"":""info""}","{""project"":""ce3616d9-58ad-4ec7-a294-1821e1564434"",""environment"":""fb6513d0-42a4-4660-82b5-509c54b15f2a"",""service"":""4978aa94-666c-47c7-8024-3ada55195a51"",""deployment"":""c8e742c7-fd58-4839-abec-b04a495e1b44"",""replica"":""9a97e4c2-a192-4277-9593-7e8d80b64342""}",2026-04-02T07:58:05.266245408Z
"  port: '',",info,"{""level"":""info""}","{""project"":""ce3616d9-58ad-4ec7-a294-1821e1564434"",""environment"":""fb6513d0-42a4-4660-82b5-509c54b15f2a"",""service"":""4978aa94-666c-47c7-8024-3ada55195a51"",""deployment"":""c8e742c7-fd58-4839-abec-b04a495e1b44"",""replica"":""9a97e4c2-a192-4277-9593-7e8d80b64342""}",2026-04-02T07:58:05.266250053Z
"  pathname: '/ws/chat',",info,"{""level"":""info""}","{""project"":""ce3616d9-58ad-4ec7-a294-1821e1564434"",""environment"":""fb6513d0-42a4-4660-82b5-509c54b15f2a"",""service"":""4978aa94-666c-47c7-8024-3ada55195a51"",""deployment"":""c8e742c7-fd58-4839-abec-b04a495e1b44"",""replica"":""9a97e4c2-a192-4277-9593-7e8d80b64342""}",2026-04-02T07:58:05.266254200Z
"  search: '',",info,"{""level"":""info""}","{""project"":""ce3616d9-58ad-4ec7-a294-1821e1564434"",""environment"":""fb6513d0-42a4-4660-82b5-509c54b15f2a"",""service"":""4978aa94-666c-47c7-8024-3ada55195a51"",""deployment"":""c8e742c7-fd58-4839-abec-b04a495e1b44"",""replica"":""9a97e4c2-a192-4277-9593-7e8d80b64342""}",2026-04-02T07:58:05.266258118Z
"  searchParams: URLSearchParams {},",info,"{""level"":""info""}","{""project"":""ce3616d9-58ad-4ec7-a294-1821e1564434"",""environment"":""fb6513d0-42a4-4660-82b5-509c54b15f2a"",""service"":""4978aa94-666c-47c7-8024-3ada55195a51"",""deployment"":""c8e742c7-fd58-4839-abec-b04a495e1b44"",""replica"":""9a97e4c2-a192-4277-9593-7e8d80b64342""}",2026-04-02T07:58:05.266262498Z
  hash: '',info,"{""level"":""info""}","{""project"":""ce3616d9-58ad-4ec7-a294-1821e1564434"",""environment"":""fb6513d0-42a4-4660-82b5-509c54b15f2a"",""service"":""4978aa94-666c-47c7-8024-3ada55195a51"",""deployment"":""c8e742c7-fd58-4839-abec-b04a495e1b44"",""replica"":""9a97e4c2-a192-4277-9593-7e8d80b64342""}",2026-04-02T07:58:05.266266999Z
},info,"{""level"":""info""}","{""project"":""ce3616d9-58ad-4ec7-a294-1821e1564434"",""environment"":""fb6513d0-42a4-4660-82b5-509c54b15f2a"",""service"":""4978aa94-666c-47c7-8024-3ada55195a51"",""deployment"":""c8e742c7-fd58-4839-abec-b04a495e1b44"",""replica"":""9a97e4c2-a192-4277-9593-7e8d80b64342""}",2026-04-02T07:58:05.266271441Z
[SESSION] ✅ Retrieved account from map: akun-01,info,"{""level"":""info""}","{""project"":""ce3616d9-58ad-4ec7-a294-1821e1564434"",""environment"":""fb6513d0-42a4-4660-82b5-509c54b15f2a"",""service"":""4978aa94-666c-47c7-8024-3ada55195a51"",""deployment"":""c8e742c7-fd58-4839-abec-b04a495e1b44"",""replica"":""9a97e4c2-a192-4277-9593-7e8d80b64342""}",2026-04-02T07:58:05.266275587Z
[SESSION/START] Session started successfully for: akun-01,info,"{""level"":""info""}","{""project"":""ce3616d9-58ad-4ec7-a294-1821e1564434"",""environment"":""fb6513d0-42a4-4660-82b5-509c54b15f2a"",""service"":""4978aa94-666c-47c7-8024-3ada55195a51"",""deployment"":""c8e742c7-fd58-4839-abec-b04a495e1b44"",""replica"":""9a97e4c2-a192-4277-9593-7e8d80b64342""}",2026-04-02T07:58:05.266279445Z
==========================================,info,"{""level"":""info""}","{""project"":""ce3616d9-58ad-4ec7-a294-1821e1564434"",""environment"":""fb6513d0-42a4-4660-82b5-509c54b15f2a"",""service"":""4978aa94-666c-47c7-8024-3ada55195a51"",""deployment"":""c8e742c7-fd58-4839-abec-b04a495e1b44"",""replica"":""9a97e4c2-a192-4277-9593-7e8d80b64342""}",2026-04-02T07:58:05.266286208Z
[CONNECTION UPDATE] ✅ EVENT RECEIVED! {,info,"{""level"":""info""}","{""project"":""ce3616d9-58ad-4ec7-a294-1821e1564434"",""environment"":""fb6513d0-42a4-4660-82b5-509c54b15f2a"",""service"":""4978aa94-666c-47c7-8024-3ada55195a51"",""deployment"":""c8e742c7-fd58-4839-abec-b04a495e1b44"",""replica"":""9a97e4c2-a192-4277-9593-7e8d80b64342""}",2026-04-02T07:58:05.266291272Z
"  accountId: 'akun-01',",info,"{""level"":""info""}","{""project"":""ce3616d9-58ad-4ec7-a294-1821e1564434"",""environment"":""fb6513d0-42a4-4660-82b5-509c54b15f2a"",""service"":""4978aa94-666c-47c7-8024-3ada55195a51"",""deployment"":""c8e742c7-fd58-4839-abec-b04a495e1b44"",""replica"":""9a97e4c2-a192-4277-9593-7e8d80b64342""}",2026-04-02T07:58:05.266295725Z
"  connection: 'connecting',",info,"{""level"":""info""}","{""project"":""ce3616d9-58ad-4ec7-a294-1821e1564434"",""environment"":""fb6513d0-42a4-4660-82b5-509c54b15f2a"",""service"":""4978aa94-666c-47c7-8024-3ada55195a51"",""deployment"":""c8e742c7-fd58-4839-abec-b04a495e1b44"",""replica"":""9a97e4c2-a192-4277-9593-7e8d80b64342""}",2026-04-02T07:58:05.266300360Z
"  hasQr: false,",info,"{""level"":""info""}","{""project"":""ce3616d9-58ad-4ec7-a294-1821e1564434"",""environment"":""fb6513d0-42a4-4660-82b5-509c54b15f2a"",""service"":""4978aa94-666c-47c7-8024-3ada55195a51"",""deployment"":""c8e742c7-fd58-4839-abec-b04a495e1b44"",""replica"":""9a97e4c2-a192-4277-9593-7e8d80b64342""}",2026-04-02T07:58:05.266304604Z
"  qrPreview: null,",info,"{""level"":""info""}","{""project"":""ce3616d9-58ad-4ec7-a294-1821e1564434"",""environment"":""fb6513d0-42a4-4660-82b5-509c54b15f2a"",""service"":""4978aa94-666c-47c7-8024-3ada55195a51"",""deployment"":""c8e742c7-fd58-4839-abec-b04a495e1b44"",""replica"":""9a97e4c2-a192-4277-9593-7e8d80b64342""}",2026-04-02T07:58:05.266308590Z
  isNewLogin: undefined,info,"{""level"":""info""}","{""project"":""ce3616d9-58ad-4ec7-a294-1821e1564434"",""environment"":""fb6513d0-42a4-4660-82b5-509c54b15f2a"",""service"":""4978aa94-666c-47c7-8024-3ada55195a51"",""deployment"":""c8e742c7-fd58-4839-abec-b04a495e1b44"",""replica"":""9a97e4c2-a192-4277-9593-7e8d80b64342""}",2026-04-02T07:58:05.266313094Z
connected to WA,info,"{""time"":1775116685453,""pid"":100,""hostname"":""502686071fc0"",""browser"":[""Mac OS"",""Chrome"",""14.4.1""],""helloMsg"":{""clientHello"":{""ephemeral"":""erutw48bpSFeWW+dvR+MI+cCqD1RQU2ueV5ocVonfkc=""}},""level"":""info""}","{""project"":""ce3616d9-58ad-4ec7-a294-1821e1564434"",""environment"":""fb6513d0-42a4-4660-82b5-509c54b15f2a"",""service"":""4978aa94-666c-47c7-8024-3ada55195a51"",""deployment"":""c8e742c7-fd58-4839-abec-b04a495e1b44"",""replica"":""9a97e4c2-a192-4277-9593-7e8d80b64342""}",2026-04-02T07:58:05.459954787Z
[WS NATIVE SEND] Sending for akun-01 type: object preview: V0EGAwAAJBIiCiB6u63DjxulIV5Zb529H4wj5wKoPVFBTa55XmhxWid+Rw==,info,"{""level"":""info""}","{""project"":""ce3616d9-58ad-4ec7-a294-1821e1564434"",""environment"":""fb6513d0-42a4-4660-82b5-509c54b15f2a"",""service"":""4978aa94-666c-47c7-8024-3ada55195a51"",""deployment"":""c8e742c7-fd58-4839-abec-b04a495e1b44"",""replica"":""9a97e4c2-a192-4277-9593-7e8d80b64342""}",2026-04-02T07:58:05.459959716Z
[WS NATIVE OPEN] Native WebSocket opened for akun-01,info,"{""level"":""info""}","{""project"":""ce3616d9-58ad-4ec7-a294-1821e1564434"",""environment"":""fb6513d0-42a4-4660-82b5-509c54b15f2a"",""service"":""4978aa94-666c-47c7-8024-3ada55195a51"",""deployment"":""c8e742c7-fd58-4839-abec-b04a495e1b44"",""replica"":""9a97e4c2-a192-4277-9593-7e8d80b64342""}",2026-04-02T07:58:05.459964501Z
[WS NATIVE MESSAGE] Received for akun-01 binary: true len: 350 preview: AAFbGtgCCiBR6uLAqxqkYQ3a3c6IamUcWicZ2L9YPLgGm1MSknG5OBIwUc+y62WbIKA=...,info,"{""level"":""info""}","{""project"":""ce3616d9-58ad-4ec7-a294-1821e1564434"",""environment"":""fb6513d0-42a4-4660-82b5-509c54b15f2a"",""service"":""4978aa94-666c-47c7-8024-3ada55195a51"",""deployment"":""c8e742c7-fd58-4839-abec-b04a495e1b44"",""replica"":""9a97e4c2-a192-4277-9593-7e8d80b64342""}",2026-04-02T07:58:05.638486097Z
"not logged in, attempting registration...",info,"{""time"":1775116685637,""pid"":100,""hostname"":""502686071fc0"",""node"":{""passive"":false,""userAgent"":{""platform"":""WEB"",""appVersion"":{""primary"":2,""secondary"":3000,""tertiary"":1035194821},""mcc"":""000"",""mnc"":""000"",""osVersion"":""0.1"",""device"":""Desktop"",""osBuildNumber"":""0.1"",""releaseChannel"":""RELEASE"",""localeLanguageIso6391"":""en"",""localeCountryIso31661Alpha2"":""US""},""webInfo"":{""webSubPlatform"":""WEB_BROWSER""},""connectType"":""WIFI_UNKNOWN"",""connectReason"":""USER_ACTIVATED"",""devicePairingData"":{""eRegid"":""AAAAtw=="",""eKeytype"":""BQ=="",""eIdent"":""y7Cbn+Vy3h4Tt4Lpm65kohpzCyImjtRFZZxO6lr4awU="",""eSkeyId"":""AAAB"",""eSkeyVal"":""BRDK5wBUHkf8OScj5MUkETkWv0wWM4h8JAUPeTVFIVI="",""eSkeySig"":""LNYKWdgUfSL0oTFOAz+Mn/8oBUHR1/k+EuDpgj0SyW0Lz7aTrVfWsAB4fV0e9nWBkTmsnuesLxqHopslrRsbCg=="",""buildHash"":""oslHHv+RCp4a5lmJCiiHLQ=="",""deviceProps"":""CgZNYWMgT1MYASAAKhUYgFAgATAAOAFAAUgBUAFYAWABcAE=""},""pull"":false},""level"":""info""}","{""project"":""ce3616d9-58ad-4ec7-a294-1821e1564434"",""environment"":""fb6513d0-42a4-4660-82b5-509c54b15f2a"",""service"":""4978aa94-666c-47c7-8024-3ada55195a51"",""deployment"":""c8e742c7-fd58-4839-abec-b04a495e1b44"",""replica"":""9a97e4c2-a192-4277-9593-7e8d80b64342""}",2026-04-02T07:58:05.638497659Z
[WS NATIVE SEND] Sending for akun-01 type: object preview: AAFcItkCCjAopHnQx5cBHk4KeG7APTUXTgJn95CPPsAyrKpuLmdpx7m7m0F7UpSJxYE=,info,"{""level"":""info""}","{""project"":""ce3616d9-58ad-4ec7-a294-1821e1564434"",""environment"":""fb6513d0-42a4-4660-82b5-509c54b15f2a"",""service"":""4978aa94-666c-47c7-8024-3ada55195a51"",""deployment"":""c8e742c7-fd58-4839-abec-b04a495e1b44"",""replica"":""9a97e4c2-a192-4277-9593-7e8d80b64342""}",2026-04-02T07:58:05.640142612Z
[WS NATIVE MESSAGE] Received for akun-01 binary: true len: 698 preview: AAK3cgzCzdPdQ4cNvtsjXkYdsb4voiCopB1v9J9agqszRSVba4kRRIgnEm3Oo1Ej0LY=...,info,"{""level"":""info""}","{""project"":""ce3616d9-58ad-4ec7-a294-1821e1564434"",""environment"":""fb6513d0-42a4-4660-82b5-509c54b15f2a"",""service"":""4978aa94-666c-47c7-8024-3ada55195a51"",""deployment"":""c8e742c7-fd58-4839-abec-b04a495e1b44"",""replica"":""9a97e4c2-a192-4277-9593-7e8d80b64342""}",2026-04-02T07:58:06.227143492Z
[WS NATIVE SEND] Sending for akun-01 type: object preview: AAAiHRAJsPxWUvbK/yhW71bRmkf5zky6it6eCFRK87nLS1CGjQ==,info,"{""level"":""info""}","{""project"":""ce3616d9-58ad-4ec7-a294-1821e1564434"",""environment"":""fb6513d0-42a4-4660-82b5-509c54b15f2a"",""service"":""4978aa94-666c-47c7-8024-3ada55195a51"",""deployment"":""c8e742c7-fd58-4839-abec-b04a495e1b44"",""replica"":""9a97e4c2-a192-4277-9593-7e8d80b64342""}",2026-04-02T07:58:06.227148051Z
==========================================,info,"{""level"":""info""}","{""project"":""ce3616d9-58ad-4ec7-a294-1821e1564434"",""environment"":""fb6513d0-42a4-4660-82b5-509c54b15f2a"",""service"":""4978aa94-666c-47c7-8024-3ada55195a51"",""deployment"":""c8e742c7-fd58-4839-abec-b04a495e1b44"",""replica"":""9a97e4c2-a192-4277-9593-7e8d80b64342""}",2026-04-02T07:58:06.227153253Z
[CONNECTION UPDATE] ✅ EVENT RECEIVED! {,info,"{""level"":""info""}","{""project"":""ce3616d9-58ad-4ec7-a294-1821e1564434"",""environment"":""fb6513d0-42a4-4660-82b5-509c54b15f2a"",""service"":""4978aa94-666c-47c7-8024-3ada55195a51"",""deployment"":""c8e742c7-fd58-4839-abec-b04a495e1b44"",""replica"":""9a97e4c2-a192-4277-9593-7e8d80b64342""}",2026-04-02T07:58:06.227158134Z
"  accountId: 'akun-01',",info,"{""level"":""info""}","{""project"":""ce3616d9-58ad-4ec7-a294-1821e1564434"",""environment"":""fb6513d0-42a4-4660-82b5-509c54b15f2a"",""service"":""4978aa94-666c-47c7-8024-3ada55195a51"",""deployment"":""c8e742c7-fd58-4839-abec-b04a495e1b44"",""replica"":""9a97e4c2-a192-4277-9593-7e8d80b64342""}",2026-04-02T07:58:06.227162544Z
"  connection: undefined,",info,"{""level"":""info""}","{""project"":""ce3616d9-58ad-4ec7-a294-1821e1564434"",""environment"":""fb6513d0-42a4-4660-82b5-509c54b15f2a"",""service"":""4978aa94-666c-47c7-8024-3ada55195a51"",""deployment"":""c8e742c7-fd58-4839-abec-b04a495e1b44"",""replica"":""9a97e4c2-a192-4277-9593-7e8d80b64342""}",2026-04-02T07:58:06.227166978Z
"  hasQr: true,",info,"{""level"":""info""}","{""project"":""ce3616d9-58ad-4ec7-a294-1821e1564434"",""environment"":""fb6513d0-42a4-4660-82b5-509c54b15f2a"",""service"":""4978aa94-666c-47c7-8024-3ada55195a51"",""deployment"":""c8e742c7-fd58-4839-abec-b04a495e1b44"",""replica"":""9a97e4c2-a192-4277-9593-7e8d80b64342""}",2026-04-02T07:58:06.227171380Z
"  qrPreview: '2@7RrIdWm8QisAlRkffTuAfTnoo10NfOtf41daroBeofGlFkSv...',",info,"{""level"":""info""}","{""project"":""ce3616d9-58ad-4ec7-a294-1821e1564434"",""environment"":""fb6513d0-42a4-4660-82b5-509c54b15f2a"",""service"":""4978aa94-666c-47c7-8024-3ada55195a51"",""deployment"":""c8e742c7-fd58-4839-abec-b04a495e1b44"",""replica"":""9a97e4c2-a192-4277-9593-7e8d80b64342""}",2026-04-02T07:58:06.227176080Z
  isNewLogin: undefined,info,"{""level"":""info""}","{""project"":""ce3616d9-58ad-4ec7-a294-1821e1564434"",""environment"":""fb6513d0-42a4-4660-82b5-509c54b15f2a"",""service"":""4978aa94-666c-47c7-8024-3ada55195a51"",""deployment"":""c8e742c7-fd58-4839-abec-b04a495e1b44"",""replica"":""9a97e4c2-a192-4277-9593-7e8d80b64342""}",2026-04-02T07:58:06.227181045Z
},info,"{""level"":""info""}","{""project"":""ce3616d9-58ad-4ec7-a294-1821e1564434"",""environment"":""fb6513d0-42a4-4660-82b5-509c54b15f2a"",""service"":""4978aa94-666c-47c7-8024-3ada55195a51"",""deployment"":""c8e742c7-fd58-4839-abec-b04a495e1b44"",""replica"":""9a97e4c2-a192-4277-9593-7e8d80b64342""}",2026-04-02T07:58:06.227185440Z
==========================================,info,"{""level"":""info""}","{""project"":""ce3616d9-58ad-4ec7-a294-1821e1564434"",""environment"":""fb6513d0-42a4-4660-82b5-509c54b15f2a"",""service"":""4978aa94-666c-47c7-8024-3ada55195a51"",""deployment"":""c8e742c7-fd58-4839-abec-b04a495e1b44"",""replica"":""9a97e4c2-a192-4277-9593-7e8d80b64342""}",2026-04-02T07:58:06.227190036Z
[QR] 🎯 QR code received for: akun-01,info,"{""level"":""info""}","{""project"":""ce3616d9-58ad-4ec7-a294-1821e1564434"",""environment"":""fb6513d0-42a4-4660-82b5-509c54b15f2a"",""service"":""4978aa94-666c-47c7-8024-3ada55195a51"",""deployment"":""c8e742c7-fd58-4839-abec-b04a495e1b44"",""replica"":""9a97e4c2-a192-4277-9593-7e8d80b64342""}",2026-04-02T07:58:06.227194335Z
[QR] QR length: 237,info,"{""level"":""info""}","{""project"":""ce3616d9-58ad-4ec7-a294-1821e1564434"",""environment"":""fb6513d0-42a4-4660-82b5-509c54b15f2a"",""service"":""4978aa94-666c-47c7-8024-3ada55195a51"",""deployment"":""c8e742c7-fd58-4839-abec-b04a495e1b44"",""replica"":""9a97e4c2-a192-4277-9593-7e8d80b64342""}",2026-04-02T07:58:06.227198370Z
[QR] Converting QR to data URL...,info,"{""level"":""info""}","{""project"":""ce3616d9-58ad-4ec7-a294-1821e1564434"",""environment"":""fb6513d0-42a4-4660-82b5-509c54b15f2a"",""service"":""4978aa94-666c-47c7-8024-3ada55195a51"",""deployment"":""c8e742c7-fd58-4839-abec-b04a495e1b44"",""replica"":""9a97e4c2-a192-4277-9593-7e8d80b64342""}",2026-04-02T07:58:06.227203009Z
"[QR] ✅ QR converted, length: 6454",info,"{""level"":""info""}","{""project"":""ce3616d9-58ad-4ec7-a294-1821e1564434"",""environment"":""fb6513d0-42a4-4660-82b5-509c54b15f2a"",""service"":""4978aa94-666c-47c7-8024-3ada55195a51"",""deployment"":""c8e742c7-fd58-4839-abec-b04a495e1b44"",""replica"":""9a97e4c2-a192-4277-9593-7e8d80b64342""}",2026-04-02T07:58:06.227212308Z
[DB] Synced 1 accounts to database,info,"{""level"":""info""}","{""project"":""ce3616d9-58ad-4ec7-a294-1821e1564434"",""environment"":""fb6513d0-42a4-4660-82b5-509c54b15f2a"",""service"":""4978aa94-666c-47c7-8024-3ada55195a51"",""deployment"":""c8e742c7-fd58-4839-abec-b04a495e1b44"",""replica"":""9a97e4c2-a192-4277-9593-7e8d80b64342""}",2026-04-02T07:58:13.283587235Z
[NETWORK] HTTPS test TIMEOUT,info,"{""level"":""info""}","{""project"":""ce3616d9-58ad-4ec7-a294-1821e1564434"",""environment"":""fb6513d0-42a4-4660-82b5-509c54b15f2a"",""service"":""4978aa94-666c-47c7-8024-3ada55195a51"",""deployment"":""c8e742c7-fd58-4839-abec-b04a495e1b44"",""replica"":""9a97e4c2-a192-4277-9593-7e8d80b64342""}",2026-04-02T07:58:15.343404155Z
2026-04-02 07:58:18 UTC - Services healthy,info,"{""level"":""info""}","{""project"":""ce3616d9-58ad-4ec7-a294-1821e1564434"",""environment"":""fb6513d0-42a4-4660-82b5-509c54b15f2a"",""service"":""4978aa94-666c-47c7-8024-3ada55195a51"",""deployment"":""c8e742c7-fd58-4839-abec-b04a495e1b44"",""replica"":""9a97e4c2-a192-4277-9593-7e8d80b64342""}",2026-04-02T07:58:18.703447446Z
[WS NATIVE SEND] Sending for akun-01 type: object preview: AAArfeZVBWgKOEManPp94rqb+kPfJRO78u8UmB8WX5cPDvs/0k12l17aIheRVQ==,info,"{""level"":""info""}","{""project"":""ce3616d9-58ad-4ec7-a294-1821e1564434"",""environment"":""fb6513d0-42a4-4660-82b5-509c54b15f2a"",""service"":""4978aa94-666c-47c7-8024-3ada55195a51"",""deployment"":""c8e742c7-fd58-4839-abec-b04a495e1b44"",""replica"":""9a97e4c2-a192-4277-9593-7e8d80b64342""}",2026-04-02T07:58:38.720405606Z
[WS NATIVE MESSAGE] Received for akun-01 binary: true len: 47 preview: AAAsNvYn9RSFEexlw4r7f0raHaHS8vOdPYel9E6PgIL/3NB8dGse33qarQ6u2Fc=,info,"{""level"":""info""}","{""project"":""ce3616d9-58ad-4ec7-a294-1821e1564434"",""environment"":""fb6513d0-42a4-4660-82b5-509c54b15f2a"",""service"":""4978aa94-666c-47c7-8024-3ada55195a51"",""deployment"":""c8e742c7-fd58-4839-abec-b04a495e1b44"",""replica"":""9a97e4c2-a192-4277-9593-7e8d80b64342""}",2026-04-02T07:58:38.720411997Z
[DB] Synced 1 accounts to database,info,"{""level"":""info""}","{""project"":""ce3616d9-58ad-4ec7-a294-1821e1564434"",""environment"":""fb6513d0-42a4-4660-82b5-509c54b15f2a"",""service"":""4978aa94-666c-47c7-8024-3ada55195a51"",""deployment"":""c8e742c7-fd58-4839-abec-b04a495e1b44"",""replica"":""9a97e4c2-a192-4277-9593-7e8d80b64342""}",2026-04-02T07:58:43.078377759Z
2026-04-02 07:58:48 UTC - Services healthy,info,"{""level"":""info""}","{""project"":""ce3616d9-58ad-4ec7-a294-1821e1564434"",""environment"":""fb6513d0-42a4-4660-82b5-509c54b15f2a"",""service"":""4978aa94-666c-47c7-8024-3ada55195a51"",""deployment"":""c8e742c7-fd58-4839-abec-b04a495e1b44"",""replica"":""9a97e4c2-a192-4277-9593-7e8d80b64342""}",2026-04-02T07:58:48.891168387Z
[WS NATIVE SEND] Sending for akun-01 type: object preview: AAArgcNi8PzyRP7MJ0Fzf7seLlDWZB47k+UYibafDCGdlLy0cAXTvG4F71cZJQ==,info,"{""level"":""info""}","{""project"":""ce3616d9-58ad-4ec7-a294-1821e1564434"",""environment"":""fb6513d0-42a4-4660-82b5-509c54b15f2a"",""service"":""4978aa94-666c-47c7-8024-3ada55195a51"",""deployment"":""c8e742c7-fd58-4839-abec-b04a495e1b44"",""replica"":""9a97e4c2-a192-4277-9593-7e8d80b64342""}",2026-04-02T07:59:08.739350694Z
[WS NATIVE MESSAGE] Received for akun-01 binary: true len: 39 preview: AAAkowVOfOfmABNs9EcZ9YCFP/56w40AMC3G5bEcYD33k7dqcQS9,info,"{""level"":""info""}","{""project"":""ce3616d9-58ad-4ec7-a294-1821e1564434"",""environment"":""fb6513d0-42a4-4660-82b5-509c54b15f2a"",""service"":""4978aa94-666c-47c7-8024-3ada55195a51"",""deployment"":""c8e742c7-fd58-4839-abec-b04a495e1b44"",""replica"":""9a97e4c2-a192-4277-9593-7e8d80b64342""}",2026-04-02T07:59:08.739361230Z
communication recv,info,"{""time"":1775116745837,""pid"":100,""hostname"":""502686071fc0"",""unhandled"":true,""fromMe"":false,""frame"":{""tag"":""iq"",""attrs"":{""from"":""@s.whatsapp.net"",""type"":""get"",""t"":""1775116745"",""xmlns"":""urn:xmpp:ping""}},""level"":""info""}","{""project"":""ce3616d9-58ad-4ec7-a294-1821e1564434"",""environment"":""fb6513d0-42a4-4660-82b5-509c54b15f2a"",""service"":""4978aa94-666c-47c7-8024-3ada55195a51"",""deployment"":""c8e742c7-fd58-4839-abec-b04a495e1b44"",""replica"":""9a97e4c2-a192-4277-9593-7e8d80b64342""}",2026-04-02T07:59:08.739368254Z
[WS NATIVE MESSAGE] Received for akun-01 binary: true len: 47 preview: AAAsEdbMxsiyP/AEvUjNRTjbMXZoblGG27+SWlnFRYCe+dyZNMxreA6GZMBXdcU=,info,"{""level"":""info""}","{""project"":""ce3616d9-58ad-4ec7-a294-1821e1564434"",""environment"":""fb6513d0-42a4-4660-82b5-509c54b15f2a"",""service"":""4978aa94-666c-47c7-8024-3ada55195a51"",""deployment"":""c8e742c7-fd58-4839-abec-b04a495e1b44"",""replica"":""9a97e4c2-a192-4277-9593-7e8d80b64342""}",2026-04-02T07:59:08.739377935Z
==========================================,info,"{""level"":""info""}","{""project"":""ce3616d9-58ad-4ec7-a294-1821e1564434"",""environment"":""fb6513d0-42a4-4660-82b5-509c54b15f2a"",""service"":""4978aa94-666c-47c7-8024-3ada55195a51"",""deployment"":""c8e742c7-fd58-4839-abec-b04a495e1b44"",""replica"":""9a97e4c2-a192-4277-9593-7e8d80b64342""}",2026-04-02T07:59:08.739383966Z
[CONNECTION UPDATE] ✅ EVENT RECEIVED! {,info,"{""level"":""info""}","{""project"":""ce3616d9-58ad-4ec7-a294-1821e1564434"",""environment"":""fb6513d0-42a4-4660-82b5-509c54b15f2a"",""service"":""4978aa94-666c-47c7-8024-3ada55195a51"",""deployment"":""c8e742c7-fd58-4839-abec-b04a495e1b44"",""replica"":""9a97e4c2-a192-4277-9593-7e8d80b64342""}",2026-04-02T07:59:08.739390455Z
"  accountId: 'akun-01',",info,"{""level"":""info""}","{""project"":""ce3616d9-58ad-4ec7-a294-1821e1564434"",""environment"":""fb6513d0-42a4-4660-82b5-509c54b15f2a"",""service"":""4978aa94-666c-47c7-8024-3ada55195a51"",""deployment"":""c8e742c7-fd58-4839-abec-b04a495e1b44"",""replica"":""9a97e4c2-a192-4277-9593-7e8d80b64342""}",2026-04-02T07:59:08.739396251Z
"  connection: undefined,",info,"{""level"":""info""}","{""project"":""ce3616d9-58ad-4ec7-a294-1821e1564434"",""environment"":""fb6513d0-42a4-4660-82b5-509c54b15f2a"",""service"":""4978aa94-666c-47c7-8024-3ada55195a51"",""deployment"":""c8e742c7-fd58-4839-abec-b04a495e1b44"",""replica"":""9a97e4c2-a192-4277-9593-7e8d80b64342""}",2026-04-02T07:59:08.739404808Z
"  hasQr: true,",info,"{""level"":""info""}","{""project"":""ce3616d9-58ad-4ec7-a294-1821e1564434"",""environment"":""fb6513d0-42a4-4660-82b5-509c54b15f2a"",""service"":""4978aa94-666c-47c7-8024-3ada55195a51"",""deployment"":""c8e742c7-fd58-4839-abec-b04a495e1b44"",""replica"":""9a97e4c2-a192-4277-9593-7e8d80b64342""}",2026-04-02T07:59:08.739411115Z
"  qrPreview: '2@ZqGMWr2bn3jyaRbS98RVk1mrrluYCbK+fM7jusRCuViWJflJ...',",info,"{""level"":""info""}","{""project"":""ce3616d9-58ad-4ec7-a294-1821e1564434"",""environment"":""fb6513d0-42a4-4660-82b5-509c54b15f2a"",""service"":""4978aa94-666c-47c7-8024-3ada55195a51"",""deployment"":""c8e742c7-fd58-4839-abec-b04a495e1b44"",""replica"":""9a97e4c2-a192-4277-9593-7e8d80b64342""}",2026-04-02T07:59:08.739417342Z
  isNewLogin: undefined,info,"{""level"":""info""}","{""project"":""ce3616d9-58ad-4ec7-a294-1821e1564434"",""environment"":""fb6513d0-42a4-4660-82b5-509c54b15f2a"",""service"":""4978aa94-666c-47c7-8024-3ada55195a51"",""deployment"":""c8e742c7-fd58-4839-abec-b04a495e1b44"",""replica"":""9a97e4c2-a192-4277-9593-7e8d80b64342""}",2026-04-02T07:59:08.739424403Z
},info,"{""level"":""info""}","{""project"":""ce3616d9-58ad-4ec7-a294-1821e1564434"",""environment"":""fb6513d0-42a4-4660-82b5-509c54b15f2a"",""service"":""4978aa94-666c-47c7-8024-3ada55195a51"",""deployment"":""c8e742c7-fd58-4839-abec-b04a495e1b44"",""replica"":""9a97e4c2-a192-4277-9593-7e8d80b64342""}",2026-04-02T07:59:08.739431146Z
==========================================,info,"{""level"":""info""}","{""project"":""ce3616d9-58ad-4ec7-a294-1821e1564434"",""environment"":""fb6513d0-42a4-4660-82b5-509c54b15f2a"",""service"":""4978aa94-666c-47c7-8024-3ada55195a51"",""deployment"":""c8e742c7-fd58-4839-abec-b04a495e1b44"",""replica"":""9a97e4c2-a192-4277-9593-7e8d80b64342""}",2026-04-02T07:59:08.739435963Z
[QR] 🎯 QR code received for: akun-01,info,"{""level"":""info""}","{""project"":""ce3616d9-58ad-4ec7-a294-1821e1564434"",""environment"":""fb6513d0-42a4-4660-82b5-509c54b15f2a"",""service"":""4978aa94-666c-47c7-8024-3ada55195a51"",""deployment"":""c8e742c7-fd58-4839-abec-b04a495e1b44"",""replica"":""9a97e4c2-a192-4277-9593-7e8d80b64342""}",2026-04-02T07:59:08.739440546Z
[QR] QR length: 237,info,"{""level"":""info""}","{""project"":""ce3616d9-58ad-4ec7-a294-1821e1564434"",""environment"":""fb6513d0-42a4-4660-82b5-509c54b15f2a"",""service"":""4978aa94-666c-47c7-8024-3ada55195a51"",""deployment"":""c8e742c7-fd58-4839-abec-b04a495e1b44"",""replica"":""9a97e4c2-a192-4277-9593-7e8d80b64342""}",2026-04-02T07:59:08.739446079Z
[QR] Converting QR to data URL...,info,"{""level"":""info""}","{""project"":""ce3616d9-58ad-4ec7-a294-1821e1564434"",""environment"":""fb6513d0-42a4-4660-82b5-509c54b15f2a"",""service"":""4978aa94-666c-47c7-8024-3ada55195a51"",""deployment"":""c8e742c7-fd58-4839-abec-b04a495e1b44"",""replica"":""9a97e4c2-a192-4277-9593-7e8d80b64342""}",2026-04-02T07:59:08.739450633Z
"[QR] ✅ QR converted, length: 6394",info,"{""level"":""info""}","{""project"":""ce3616d9-58ad-4ec7-a294-1821e1564434"",""environment"":""fb6513d0-42a4-4660-82b5-509c54b15f2a"",""service"":""4978aa94-666c-47c7-8024-3ada55195a51"",""deployment"":""c8e742c7-fd58-4839-abec-b04a495e1b44"",""replica"":""9a97e4c2-a192-4277-9593-7e8d80b64342""}",2026-04-02T07:59:08.739454939Z
connection closed,info,"{""time"":1775116747220,""pid"":100,""hostname"":""502686071fc0"",""level"":""info""}","{""project"":""ce3616d9-58ad-4ec7-a294-1821e1564434"",""environment"":""fb6513d0-42a4-4660-82b5-509c54b15f2a"",""service"":""4978aa94-666c-47c7-8024-3ada55195a51"",""deployment"":""c8e742c7-fd58-4839-abec-b04a495e1b44"",""replica"":""9a97e4c2-a192-4277-9593-7e8d80b64342""}",2026-04-02T07:59:08.739461517Z
==========================================,info,"{""level"":""info""}","{""project"":""ce3616d9-58ad-4ec7-a294-1821e1564434"",""environment"":""fb6513d0-42a4-4660-82b5-509c54b15f2a"",""service"":""4978aa94-666c-47c7-8024-3ada55195a51"",""deployment"":""c8e742c7-fd58-4839-abec-b04a495e1b44"",""replica"":""9a97e4c2-a192-4277-9593-7e8d80b64342""}",2026-04-02T07:59:08.739466623Z
[CONNECTION UPDATE] ✅ EVENT RECEIVED! {,info,"{""level"":""info""}","{""project"":""ce3616d9-58ad-4ec7-a294-1821e1564434"",""environment"":""fb6513d0-42a4-4660-82b5-509c54b15f2a"",""service"":""4978aa94-666c-47c7-8024-3ada55195a51"",""deployment"":""c8e742c7-fd58-4839-abec-b04a495e1b44"",""replica"":""9a97e4c2-a192-4277-9593-7e8d80b64342""}",2026-04-02T07:59:08.739472108Z
"  accountId: 'akun-01',",info,"{""level"":""info""}","{""project"":""ce3616d9-58ad-4ec7-a294-1821e1564434"",""environment"":""fb6513d0-42a4-4660-82b5-509c54b15f2a"",""service"":""4978aa94-666c-47c7-8024-3ada55195a51"",""deployment"":""c8e742c7-fd58-4839-abec-b04a495e1b44"",""replica"":""9a97e4c2-a192-4277-9593-7e8d80b64342""}",2026-04-02T07:59:08.741238233Z
==========================================,info,"{""level"":""info""}","{""project"":""ce3616d9-58ad-4ec7-a294-1821e1564434"",""environment"":""fb6513d0-42a4-4660-82b5-509c54b15f2a"",""service"":""4978aa94-666c-47c7-8024-3ada55195a51"",""deployment"":""c8e742c7-fd58-4839-abec-b04a495e1b44"",""replica"":""9a97e4c2-a192-4277-9593-7e8d80b64342""}",2026-04-02T07:59:08.741240873Z
[START SESSION] Current accounts: [],info,"{""level"":""info""}","{""project"":""ce3616d9-58ad-4ec7-a294-1821e1564434"",""environment"":""fb6513d0-42a4-4660-82b5-509c54b15f2a"",""service"":""4978aa94-666c-47c7-8024-3ada55195a51"",""deployment"":""c8e742c7-fd58-4839-abec-b04a495e1b44"",""replica"":""9a97e4c2-a192-4277-9593-7e8d80b64342""}",2026-04-02T07:59:08.741244240Z
"  connection: 'close',",info,"{""level"":""info""}","{""project"":""ce3616d9-58ad-4ec7-a294-1821e1564434"",""environment"":""fb6513d0-42a4-4660-82b5-509c54b15f2a"",""service"":""4978aa94-666c-47c7-8024-3ada55195a51"",""deployment"":""c8e742c7-fd58-4839-abec-b04a495e1b44"",""replica"":""9a97e4c2-a192-4277-9593-7e8d80b64342""}",2026-04-02T07:59:08.741249489Z
"[START SESSION] forceNew=true, clearing old session data...",info,"{""level"":""info""}","{""project"":""ce3616d9-58ad-4ec7-a294-1821e1564434"",""environment"":""fb6513d0-42a4-4660-82b5-509c54b15f2a"",""service"":""4978aa94-666c-47c7-8024-3ada55195a51"",""deployment"":""c8e742c7-fd58-4839-abec-b04a495e1b44"",""replica"":""9a97e4c2-a192-4277-9593-7e8d80b64342""}",2026-04-02T07:59:08.741253267Z
"  hasQr: false,",info,"{""level"":""info""}","{""project"":""ce3616d9-58ad-4ec7-a294-1821e1564434"",""environment"":""fb6513d0-42a4-4660-82b5-509c54b15f2a"",""service"":""4978aa94-666c-47c7-8024-3ada55195a51"",""deployment"":""c8e742c7-fd58-4839-abec-b04a495e1b44"",""replica"":""9a97e4c2-a192-4277-9593-7e8d80b64342""}",2026-04-02T07:59:08.741258103Z
"  qrPreview: null,",info,"{""level"":""info""}","{""project"":""ce3616d9-58ad-4ec7-a294-1821e1564434"",""environment"":""fb6513d0-42a4-4660-82b5-509c54b15f2a"",""service"":""4978aa94-666c-47c7-8024-3ada55195a51"",""deployment"":""c8e742c7-fd58-4839-abec-b04a495e1b44"",""replica"":""9a97e4c2-a192-4277-9593-7e8d80b64342""}",2026-04-02T07:59:08.741267116Z
"  timeSincePairing: 'Infinitys',",info,"{""level"":""info""}","{""project"":""ce3616d9-58ad-4ec7-a294-1821e1564434"",""environment"":""fb6513d0-42a4-4660-82b5-509c54b15f2a"",""service"":""4978aa94-666c-47c7-8024-3ada55195a51"",""deployment"":""c8e742c7-fd58-4839-abec-b04a495e1b44"",""replica"":""9a97e4c2-a192-4277-9593-7e8d80b64342""}",2026-04-02T07:59:08.741268188Z
  isNewLogin: undefined,info,"{""level"":""info""}","{""project"":""ce3616d9-58ad-4ec7-a294-1821e1564434"",""environment"":""fb6513d0-42a4-4660-82b5-509c54b15f2a"",""service"":""4978aa94-666c-47c7-8024-3ada55195a51"",""deployment"":""c8e742c7-fd58-4839-abec-b04a495e1b44"",""replica"":""9a97e4c2-a192-4277-9593-7e8d80b64342""}",2026-04-02T07:59:08.741273165Z
},info,"{""level"":""info""}","{""project"":""ce3616d9-58ad-4ec7-a294-1821e1564434"",""environment"":""fb6513d0-42a4-4660-82b5-509c54b15f2a"",""service"":""4978aa94-666c-47c7-8024-3ada55195a51"",""deployment"":""c8e742c7-fd58-4839-abec-b04a495e1b44"",""replica"":""9a97e4c2-a192-4277-9593-7e8d80b64342""}",2026-04-02T07:59:08.741281126Z
"  isAfterPairingSuccess: false,",info,"{""level"":""info""}","{""project"":""ce3616d9-58ad-4ec7-a294-1821e1564434"",""environment"":""fb6513d0-42a4-4660-82b5-509c54b15f2a"",""service"":""4978aa94-666c-47c7-8024-3ada55195a51"",""deployment"":""c8e742c7-fd58-4839-abec-b04a495e1b44"",""replica"":""9a97e4c2-a192-4277-9593-7e8d80b64342""}",2026-04-02T07:59:08.741282550Z
==========================================,info,"{""level"":""info""}","{""project"":""ce3616d9-58ad-4ec7-a294-1821e1564434"",""environment"":""fb6513d0-42a4-4660-82b5-509c54b15f2a"",""service"":""4978aa94-666c-47c7-8024-3ada55195a51"",""deployment"":""c8e742c7-fd58-4839-abec-b04a495e1b44"",""replica"":""9a97e4c2-a192-4277-9593-7e8d80b64342""}",2026-04-02T07:59:08.741286973Z
  isNewLogin: undefined,info,"{""level"":""info""}","{""project"":""ce3616d9-58ad-4ec7-a294-1821e1564434"",""environment"":""fb6513d0-42a4-4660-82b5-509c54b15f2a"",""service"":""4978aa94-666c-47c7-8024-3ada55195a51"",""deployment"":""c8e742c7-fd58-4839-abec-b04a495e1b44"",""replica"":""9a97e4c2-a192-4277-9593-7e8d80b64342""}",2026-04-02T07:59:08.741290522Z
[CONNECTION] ❌ Disconnected: akun-01 {,info,"{""level"":""info""}","{""project"":""ce3616d9-58ad-4ec7-a294-1821e1564434"",""environment"":""fb6513d0-42a4-4660-82b5-509c54b15f2a"",""service"":""4978aa94-666c-47c7-8024-3ada55195a51"",""deployment"":""c8e742c7-fd58-4839-abec-b04a495e1b44"",""replica"":""9a97e4c2-a192-4277-9593-7e8d80b64342""}",2026-04-02T07:59:08.741298057Z
},info,"{""level"":""info""}","{""project"":""ce3616d9-58ad-4ec7-a294-1821e1564434"",""environment"":""fb6513d0-42a4-4660-82b5-509c54b15f2a"",""service"":""4978aa94-666c-47c7-8024-3ada55195a51"",""deployment"":""c8e742c7-fd58-4839-abec-b04a495e1b44"",""replica"":""9a97e4c2-a192-4277-9593-7e8d80b64342""}",2026-04-02T07:59:08.741298158Z
"  code: undefined,",info,"{""level"":""info""}","{""project"":""ce3616d9-58ad-4ec7-a294-1821e1564434"",""environment"":""fb6513d0-42a4-4660-82b5-509c54b15f2a"",""service"":""4978aa94-666c-47c7-8024-3ada55195a51"",""deployment"":""c8e742c7-fd58-4839-abec-b04a495e1b44"",""replica"":""9a97e4c2-a192-4277-9593-7e8d80b64342""}",2026-04-02T07:59:08.741305839Z
==========================================,info,"{""level"":""info""}","{""project"":""ce3616d9-58ad-4ec7-a294-1821e1564434"",""environment"":""fb6513d0-42a4-4660-82b5-509c54b15f2a"",""service"":""4978aa94-666c-47c7-8024-3ada55195a51"",""deployment"":""c8e742c7-fd58-4839-abec-b04a495e1b44"",""replica"":""9a97e4c2-a192-4277-9593-7e8d80b64342""}",2026-04-02T07:59:08.741307376Z
[START SESSION] Called with: {,info,"{""level"":""info""}","{""project"":""ce3616d9-58ad-4ec7-a294-1821e1564434"",""environment"":""fb6513d0-42a4-4660-82b5-509c54b15f2a"",""service"":""4978aa94-666c-47c7-8024-3ada55195a51"",""deployment"":""c8e742c7-fd58-4839-abec-b04a495e1b44"",""replica"":""9a97e4c2-a192-4277-9593-7e8d80b64342""}",2026-04-02T07:59:08.741315188Z
"  error: '',",info,"{""level"":""info""}","{""project"":""ce3616d9-58ad-4ec7-a294-1821e1564434"",""environment"":""fb6513d0-42a4-4660-82b5-509c54b15f2a"",""service"":""4978aa94-666c-47c7-8024-3ada55195a51"",""deployment"":""c8e742c7-fd58-4839-abec-b04a495e1b44"",""replica"":""9a97e4c2-a192-4277-9593-7e8d80b64342""}",2026-04-02T07:59:08.741316007Z
"  isStreamError: false,",info,"{""level"":""info""}","{""project"":""ce3616d9-58ad-4ec7-a294-1821e1564434"",""environment"":""fb6513d0-42a4-4660-82b5-509c54b15f2a"",""service"":""4978aa94-666c-47c7-8024-3ada55195a51"",""deployment"":""c8e742c7-fd58-4839-abec-b04a495e1b44"",""replica"":""9a97e4c2-a192-4277-9593-7e8d80b64342""}",2026-04-02T07:59:08.741323821Z
"  accountId: 'akun-01',",info,"{""level"":""info""}","{""project"":""ce3616d9-58ad-4ec7-a294-1821e1564434"",""environment"":""fb6513d0-42a4-4660-82b5-509c54b15f2a"",""service"":""4978aa94-666c-47c7-8024-3ada55195a51"",""deployment"":""c8e742c7-fd58-4839-abec-b04a495e1b44"",""replica"":""9a97e4c2-a192-4277-9593-7e8d80b64342""}",2026-04-02T07:59:08.741326064Z
"  isQRTimeout: false,",info,"{""level"":""info""}","{""project"":""ce3616d9-58ad-4ec7-a294-1821e1564434"",""environment"":""fb6513d0-42a4-4660-82b5-509c54b15f2a"",""service"":""4978aa94-666c-47c7-8024-3ada55195a51"",""deployment"":""c8e742c7-fd58-4839-abec-b04a495e1b44"",""replica"":""9a97e4c2-a192-4277-9593-7e8d80b64342""}",2026-04-02T07:59:08.741332433Z
"  usePairingCode: false,",info,"{""level"":""info""}","{""project"":""ce3616d9-58ad-4ec7-a294-1821e1564434"",""environment"":""fb6513d0-42a4-4660-82b5-509c54b15f2a"",""service"":""4978aa94-666c-47c7-8024-3ada55195a51"",""deployment"":""c8e742c7-fd58-4839-abec-b04a495e1b44"",""replica"":""9a97e4c2-a192-4277-9593-7e8d80b64342""}",2026-04-02T07:59:08.741334523Z
"  isConflict: false,",info,"{""level"":""info""}","{""project"":""ce3616d9-58ad-4ec7-a294-1821e1564434"",""environment"":""fb6513d0-42a4-4660-82b5-509c54b15f2a"",""service"":""4978aa94-666c-47c7-8024-3ada55195a51"",""deployment"":""c8e742c7-fd58-4839-abec-b04a495e1b44"",""replica"":""9a97e4c2-a192-4277-9593-7e8d80b64342""}",2026-04-02T07:59:08.741338578Z
"  phoneNumber: undefined,",info,"{""level"":""info""}","{""project"":""ce3616d9-58ad-4ec7-a294-1821e1564434"",""environment"":""fb6513d0-42a4-4660-82b5-509c54b15f2a"",""service"":""4978aa94-666c-47c7-8024-3ada55195a51"",""deployment"":""c8e742c7-fd58-4839-abec-b04a495e1b44"",""replica"":""9a97e4c2-a192-4277-9593-7e8d80b64342""}",2026-04-02T07:59:08.741343445Z
  hasConnected: false,info,"{""level"":""info""}","{""project"":""ce3616d9-58ad-4ec7-a294-1821e1564434"",""environment"":""fb6513d0-42a4-4660-82b5-509c54b15f2a"",""service"":""4978aa94-666c-47c7-8024-3ada55195a51"",""deployment"":""c8e742c7-fd58-4839-abec-b04a495e1b44"",""replica"":""9a97e4c2-a192-4277-9593-7e8d80b64342""}",2026-04-02T07:59:08.741346166Z
  forceNew: true,info,"{""level"":""info""}","{""project"":""ce3616d9-58ad-4ec7-a294-1821e1564434"",""environment"":""fb6513d0-42a4-4660-82b5-509c54b15f2a"",""service"":""4978aa94-666c-47c7-8024-3ada55195a51"",""deployment"":""c8e742c7-fd58-4839-abec-b04a495e1b44"",""replica"":""9a97e4c2-a192-4277-9593-7e8d80b64342""}",2026-04-02T07:59:08.741349384Z
},info,"{""level"":""info""}","{""project"":""ce3616d9-58ad-4ec7-a294-1821e1564434"",""environment"":""fb6513d0-42a4-4660-82b5-509c54b15f2a"",""service"":""4978aa94-666c-47c7-8024-3ada55195a51"",""deployment"":""c8e742c7-fd58-4839-abec-b04a495e1b44"",""replica"":""9a97e4c2-a192-4277-9593-7e8d80b64342""}",2026-04-02T07:59:08.741353451Z
},info,"{""level"":""info""}","{""project"":""ce3616d9-58ad-4ec7-a294-1821e1564434"",""environment"":""fb6513d0-42a4-4660-82b5-509c54b15f2a"",""service"":""4978aa94-666c-47c7-8024-3ada55195a51"",""deployment"":""c8e742c7-fd58-4839-abec-b04a495e1b44"",""replica"":""9a97e4c2-a192-4277-9593-7e8d80b64342""}",2026-04-02T07:59:08.741357138Z
[STREAM ERROR] Pairing info: {,info,"{""level"":""info""}","{""project"":""ce3616d9-58ad-4ec7-a294-1821e1564434"",""environment"":""fb6513d0-42a4-4660-82b5-509c54b15f2a"",""service"":""4978aa94-666c-47c7-8024-3ada55195a51"",""deployment"":""c8e742c7-fd58-4839-abec-b04a495e1b44"",""replica"":""9a97e4c2-a192-4277-9593-7e8d80b64342""}",2026-04-02T07:59:08.741360046Z
"  hasPairingInfo: false,",info,"{""level"":""info""}","{""project"":""ce3616d9-58ad-4ec7-a294-1821e1564434"",""environment"":""fb6513d0-42a4-4660-82b5-509c54b15f2a"",""service"":""4978aa94-666c-47c7-8024-3ada55195a51"",""deployment"":""c8e742c7-fd58-4839-abec-b04a495e1b44"",""replica"":""9a97e4c2-a192-4277-9593-7e8d80b64342""}",2026-04-02T07:59:08.741366848Z
[CLEAR SESSION] Attempting to clear session for: akun-01,info,"{""level"":""info""}","{""project"":""ce3616d9-58ad-4ec7-a294-1821e1564434"",""environment"":""fb6513d0-42a4-4660-82b5-509c54b15f2a"",""service"":""4978aa94-666c-47c7-8024-3ada55195a51"",""deployment"":""c8e742c7-fd58-4839-abec-b04a495e1b44"",""replica"":""9a97e4c2-a192-4277-9593-7e8d80b64342""}",2026-04-02T07:59:08.742814154Z
[CLEAR SESSION] Session path: /app/mini-services/whatsapp-service/sessions/akun-01,info,"{""level"":""info""}","{""project"":""ce3616d9-58ad-4ec7-a294-1821e1564434"",""environment"":""fb6513d0-42a4-4660-82b5-509c54b15f2a"",""service"":""4978aa94-666c-47c7-8024-3ada55195a51"",""deployment"":""c8e742c7-fd58-4839-abec-b04a495e1b44"",""replica"":""9a97e4c2-a192-4277-9593-7e8d80b64342""}",2026-04-02T07:59:08.742819810Z
[CLEAR SESSION] Session directory exists,info,"{""level"":""info""}","{""project"":""ce3616d9-58ad-4ec7-a294-1821e1564434"",""environment"":""fb6513d0-42a4-4660-82b5-509c54b15f2a"",""service"":""4978aa94-666c-47c7-8024-3ada55195a51"",""deployment"":""c8e742c7-fd58-4839-abec-b04a495e1b44"",""replica"":""9a97e4c2-a192-4277-9593-7e8d80b64342""}",2026-04-02T07:59:08.742824546Z
[CLEAR SESSION] Deleting session directory with rimraf...,info,"{""level"":""info""}","{""project"":""ce3616d9-58ad-4ec7-a294-1821e1564434"",""environment"":""fb6513d0-42a4-4660-82b5-509c54b15f2a"",""service"":""4978aa94-666c-47c7-8024-3ada55195a51"",""deployment"":""c8e742c7-fd58-4839-abec-b04a495e1b44"",""replica"":""9a97e4c2-a192-4277-9593-7e8d80b64342""}",2026-04-02T07:59:08.742829407Z
[CLEAR SESSION] ✅ Session directory successfully deleted,info,"{""level"":""info""}","{""project"":""ce3616d9-58ad-4ec7-a294-1821e1564434"",""environment"":""fb6513d0-42a4-4660-82b5-509c54b15f2a"",""service"":""4978aa94-666c-47c7-8024-3ada55195a51"",""deployment"":""c8e742c7-fd58-4839-abec-b04a495e1b44"",""replica"":""9a97e4c2-a192-4277-9593-7e8d80b64342""}",2026-04-02T07:59:08.742834499Z
[START SESSION] ✅ Session data cleared successfully,info,"{""level"":""info""}","{""project"":""ce3616d9-58ad-4ec7-a294-1821e1564434"",""environment"":""fb6513d0-42a4-4660-82b5-509c54b15f2a"",""service"":""4978aa94-666c-47c7-8024-3ada55195a51"",""deployment"":""c8e742c7-fd58-4839-abec-b04a495e1b44"",""replica"":""9a97e4c2-a192-4277-9593-7e8d80b64342""}",2026-04-02T07:59:08.742839290Z
[START SESSION] Session directory created: /app/mini-services/whatsapp-service/sessions/akun-01,info,"{""level"":""info""}","{""project"":""ce3616d9-58ad-4ec7-a294-1821e1564434"",""environment"":""fb6513d0-42a4-4660-82b5-509c54b15f2a"",""service"":""4978aa94-666c-47c7-8024-3ada55195a51"",""deployment"":""c8e742c7-fd58-4839-abec-b04a495e1b44"",""replica"":""9a97e4c2-a192-4277-9593-7e8d80b64342""}",2026-04-02T07:59:08.742843775Z
[START SESSION] Loading auth state...,info,"{""level"":""info""}","{""project"":""ce3616d9-58ad-4ec7-a294-1821e1564434"",""environment"":""fb6513d0-42a4-4660-82b5-509c54b15f2a"",""service"":""4978aa94-666c-47c7-8024-3ada55195a51"",""deployment"":""c8e742c7-fd58-4839-abec-b04a495e1b44"",""replica"":""9a97e4c2-a192-4277-9593-7e8d80b64342""}",2026-04-02T07:59:08.742848435Z
[START SESSION] Auth state loaded:,info,"{""level"":""info""}","{""project"":""ce3616d9-58ad-4ec7-a294-1821e1564434"",""environment"":""fb6513d0-42a4-4660-82b5-509c54b15f2a"",""service"":""4978aa94-666c-47c7-8024-3ada55195a51"",""deployment"":""c8e742c7-fd58-4839-abec-b04a495e1b44"",""replica"":""9a97e4c2-a192-4277-9593-7e8d80b64342""}",2026-04-02T07:59:08.742853217Z
[START SESSION] - hasCreds: true,info,"{""level"":""info""}","{""project"":""ce3616d9-58ad-4ec7-a294-1821e1564434"",""environment"":""fb6513d0-42a4-4660-82b5-509c54b15f2a"",""service"":""4978aa94-666c-47c7-8024-3ada55195a51"",""deployment"":""c8e742c7-fd58-4839-abec-b04a495e1b44"",""replica"":""9a97e4c2-a192-4277-9593-7e8d80b64342""}",2026-04-02T07:59:08.742858337Z
[START SESSION] - creds.me exists: false,info,"{""level"":""info""}","{""project"":""ce3616d9-58ad-4ec7-a294-1821e1564434"",""environment"":""fb6513d0-42a4-4660-82b5-509c54b15f2a"",""service"":""4978aa94-666c-47c7-8024-3ada55195a51"",""deployment"":""c8e742c7-fd58-4839-abec-b04a495e1b44"",""replica"":""9a97e4c2-a192-4277-9593-7e8d80b64342""}",2026-04-02T07:59:08.742862518Z
[START SESSION] - creds.me.id: N/A,info,"{""level"":""info""}","{""project"":""ce3616d9-58ad-4ec7-a294-1821e1564434"",""environment"":""fb6513d0-42a4-4660-82b5-509c54b15f2a"",""service"":""4978aa94-666c-47c7-8024-3ada55195a51"",""deployment"":""c8e742c7-fd58-4839-abec-b04a495e1b44"",""replica"":""9a97e4c2-a192-4277-9593-7e8d80b64342""}",2026-04-02T07:59:08.742868020Z
[START SESSION] - creds.me.name: N/A,info,"{""level"":""info""}","{""project"":""ce3616d9-58ad-4ec7-a294-1821e1564434"",""environment"":""fb6513d0-42a4-4660-82b5-509c54b15f2a"",""service"":""4978aa94-666c-47c7-8024-3ada55195a51"",""deployment"":""c8e742c7-fd58-4839-abec-b04a495e1b44"",""replica"":""9a97e4c2-a192-4277-9593-7e8d80b64342""}",2026-04-02T07:59:08.742872664Z
[START SESSION] - This account will: REGISTER (expect QR),info,"{""level"":""info""}","{""project"":""ce3616d9-58ad-4ec7-a294-1821e1564434"",""environment"":""fb6513d0-42a4-4660-82b5-509c54b15f2a"",""service"":""4978aa94-666c-47c7-8024-3ada55195a51"",""deployment"":""c8e742c7-fd58-4839-abec-b04a495e1b44"",""replica"":""9a97e4c2-a192-4277-9593-7e8d80b64342""}",2026-04-02T07:59:08.742876995Z
[START SESSION] Fetching Baileys version...,info,"{""level"":""info""}","{""project"":""ce3616d9-58ad-4ec7-a294-1821e1564434"",""environment"":""fb6513d0-42a4-4660-82b5-509c54b15f2a"",""service"":""4978aa94-666c-47c7-8024-3ada55195a51"",""deployment"":""c8e742c7-fd58-4839-abec-b04a495e1b44"",""replica"":""9a97e4c2-a192-4277-9593-7e8d80b64342""}",2026-04-02T07:59:08.742881652Z
"[START SESSION] Baileys version: [ 2, 3000, 1035194821 ]",info,"{""level"":""info""}","{""project"":""ce3616d9-58ad-4ec7-a294-1821e1564434"",""environment"":""fb6513d0-42a4-4660-82b5-509c54b15f2a"",""service"":""4978aa94-666c-47c7-8024-3ada55195a51"",""deployment"":""c8e742c7-fd58-4839-abec-b04a495e1b44"",""replica"":""9a97e4c2-a192-4277-9593-7e8d80b64342""}",2026-04-02T07:59:08.742886453Z
[START SESSION] Creating WhatsApp socket...,info,"{""level"":""info""}","{""project"":""ce3616d9-58ad-4ec7-a294-1821e1564434"",""environment"":""fb6513d0-42a4-4660-82b5-509c54b15f2a"",""service"":""4978aa94-666c-47c7-8024-3ada55195a51"",""deployment"":""c8e742c7-fd58-4839-abec-b04a495e1b44"",""replica"":""9a97e4c2-a192-4277-9593-7e8d80b64342""}",2026-04-02T07:59:08.742892083Z
[NETWORK] Testing connectivity to WhatsApp servers...,info,"{""level"":""info""}","{""project"":""ce3616d9-58ad-4ec7-a294-1821e1564434"",""environment"":""fb6513d0-42a4-4660-82b5-509c54b15f2a"",""service"":""4978aa94-666c-47c7-8024-3ada55195a51"",""deployment"":""c8e742c7-fd58-4839-abec-b04a495e1b44"",""replica"":""9a97e4c2-a192-4277-9593-7e8d80b64342""}",2026-04-02T07:59:08.742896932Z
[NETWORK] DNS resolution for web.whatsapp.com: [ '157.240.15.60' ],info,"{""level"":""info""}","{""project"":""ce3616d9-58ad-4ec7-a294-1821e1564434"",""environment"":""fb6513d0-42a4-4660-82b5-509c54b15f2a"",""service"":""4978aa94-666c-47c7-8024-3ada55195a51"",""deployment"":""c8e742c7-fd58-4839-abec-b04a495e1b44"",""replica"":""9a97e4c2-a192-4277-9593-7e8d80b64342""}",2026-04-02T07:59:08.742901111Z
[NETWORK] HTTPS test to web.whatsapp.com: Status 200,info,"{""level"":""info""}","{""project"":""ce3616d9-58ad-4ec7-a294-1821e1564434"",""environment"":""fb6513d0-42a4-4660-82b5-509c54b15f2a"",""service"":""4978aa94-666c-47c7-8024-3ada55195a51"",""deployment"":""c8e742c7-fd58-4839-abec-b04a495e1b44"",""replica"":""9a97e4c2-a192-4277-9593-7e8d80b64342""}",2026-04-02T07:59:08.742905540Z
[SOCKET] makeWASocket created for: akun-01,info,"{""level"":""info""}","{""project"":""ce3616d9-58ad-4ec7-a294-1821e1564434"",""environment"":""fb6513d0-42a4-4660-82b5-509c54b15f2a"",""service"":""4978aa94-666c-47c7-8024-3ada55195a51"",""deployment"":""c8e742c7-fd58-4839-abec-b04a495e1b44"",""replica"":""9a97e4c2-a192-4277-9593-7e8d80b64342""}",2026-04-02T07:59:08.742910400Z
[SOCKET] Socket has ev? true,info,"{""level"":""info""}","{""project"":""ce3616d9-58ad-4ec7-a294-1821e1564434"",""environment"":""fb6513d0-42a4-4660-82b5-509c54b15f2a"",""service"":""4978aa94-666c-47c7-8024-3ada55195a51"",""deployment"":""c8e742c7-fd58-4839-abec-b04a495e1b44"",""replica"":""9a97e4c2-a192-4277-9593-7e8d80b64342""}",2026-04-02T07:59:08.742914911Z
"  host: 'web.whatsapp.com',",info,"{""level"":""info""}","{""project"":""ce3616d9-58ad-4ec7-a294-1821e1564434"",""environment"":""fb6513d0-42a4-4660-82b5-509c54b15f2a"",""service"":""4978aa94-666c-47c7-8024-3ada55195a51"",""deployment"":""c8e742c7-fd58-4839-abec-b04a495e1b44"",""replica"":""9a97e4c2-a192-4277-9593-7e8d80b64342""}",2026-04-02T07:59:08.744630755Z
[SOCKET] Socket has ws? true,info,"{""level"":""info""}","{""project"":""ce3616d9-58ad-4ec7-a294-1821e1564434"",""environment"":""fb6513d0-42a4-4660-82b5-509c54b15f2a"",""service"":""4978aa94-666c-47c7-8024-3ada55195a51"",""deployment"":""c8e742c7-fd58-4839-abec-b04a495e1b44"",""replica"":""9a97e4c2-a192-4277-9593-7e8d80b64342""}",2026-04-02T07:59:08.744638216Z
"  hostname: 'web.whatsapp.com',",info,"{""level"":""info""}","{""project"":""ce3616d9-58ad-4ec7-a294-1821e1564434"",""environment"":""fb6513d0-42a4-4660-82b5-509c54b15f2a"",""service"":""4978aa94-666c-47c7-8024-3ada55195a51"",""deployment"":""c8e742c7-fd58-4839-abec-b04a495e1b44"",""replica"":""9a97e4c2-a192-4277-9593-7e8d80b64342""}",2026-04-02T07:59:08.744640948Z
[SOCKET] Socket user? undefined,info,"{""level"":""info""}","{""project"":""ce3616d9-58ad-4ec7-a294-1821e1564434"",""environment"":""fb6513d0-42a4-4660-82b5-509c54b15f2a"",""service"":""4978aa94-666c-47c7-8024-3ada55195a51"",""deployment"":""c8e742c7-fd58-4839-abec-b04a495e1b44"",""replica"":""9a97e4c2-a192-4277-9593-7e8d80b64342""}",2026-04-02T07:59:08.744647405Z
"  port: '',",info,"{""level"":""info""}","{""project"":""ce3616d9-58ad-4ec7-a294-1821e1564434"",""environment"":""fb6513d0-42a4-4660-82b5-509c54b15f2a"",""service"":""4978aa94-666c-47c7-8024-3ada55195a51"",""deployment"":""c8e742c7-fd58-4839-abec-b04a495e1b44"",""replica"":""9a97e4c2-a192-4277-9593-7e8d80b64342""}",2026-04-02T07:59:08.744648086Z
[ACCOUNT] ✅ Added pending account to map immediately: akun-01,info,"{""level"":""info""}","{""project"":""ce3616d9-58ad-4ec7-a294-1821e1564434"",""environment"":""fb6513d0-42a4-4660-82b5-509c54b15f2a"",""service"":""4978aa94-666c-47c7-8024-3ada55195a51"",""deployment"":""c8e742c7-fd58-4839-abec-b04a495e1b44"",""replica"":""9a97e4c2-a192-4277-9593-7e8d80b64342""}",2026-04-02T07:59:08.744654123Z
"  pathname: '/ws/chat',",info,"{""level"":""info""}","{""project"":""ce3616d9-58ad-4ec7-a294-1821e1564434"",""environment"":""fb6513d0-42a4-4660-82b5-509c54b15f2a"",""service"":""4978aa94-666c-47c7-8024-3ada55195a51"",""deployment"":""c8e742c7-fd58-4839-abec-b04a495e1b44"",""replica"":""9a97e4c2-a192-4277-9593-7e8d80b64342""}",2026-04-02T07:59:08.744654463Z
"  search: '',",info,"{""level"":""info""}","{""project"":""ce3616d9-58ad-4ec7-a294-1821e1564434"",""environment"":""fb6513d0-42a4-4660-82b5-509c54b15f2a"",""service"":""4978aa94-666c-47c7-8024-3ada55195a51"",""deployment"":""c8e742c7-fd58-4839-abec-b04a495e1b44"",""replica"":""9a97e4c2-a192-4277-9593-7e8d80b64342""}",2026-04-02T07:59:08.744661218Z
[SOCKET] 🚀 Registering connection.update handler IMMEDIATELY for: akun-01,info,"{""level"":""info""}","{""project"":""ce3616d9-58ad-4ec7-a294-1821e1564434"",""environment"":""fb6513d0-42a4-4660-82b5-509c54b15f2a"",""service"":""4978aa94-666c-47c7-8024-3ada55195a51"",""deployment"":""c8e742c7-fd58-4839-abec-b04a495e1b44"",""replica"":""9a97e4c2-a192-4277-9593-7e8d80b64342""}",2026-04-02T07:59:08.744662019Z
[SOCKET] ✅ Event handlers registered IMMEDIATELY,info,"{""level"":""info""}","{""project"":""ce3616d9-58ad-4ec7-a294-1821e1564434"",""environment"":""fb6513d0-42a4-4660-82b5-509c54b15f2a"",""service"":""4978aa94-666c-47c7-8024-3ada55195a51"",""deployment"":""c8e742c7-fd58-4839-abec-b04a495e1b44"",""replica"":""9a97e4c2-a192-4277-9593-7e8d80b64342""}",2026-04-02T07:59:08.744670065Z
"  searchParams: URLSearchParams {},",info,"{""level"":""info""}","{""project"":""ce3616d9-58ad-4ec7-a294-1821e1564434"",""environment"":""fb6513d0-42a4-4660-82b5-509c54b15f2a"",""service"":""4978aa94-666c-47c7-8024-3ada55195a51"",""deployment"":""c8e742c7-fd58-4839-abec-b04a495e1b44"",""replica"":""9a97e4c2-a192-4277-9593-7e8d80b64342""}",2026-04-02T07:59:08.744671099Z
[WS] Native WebSocket exists: true,info,"{""level"":""info""}","{""project"":""ce3616d9-58ad-4ec7-a294-1821e1564434"",""environment"":""fb6513d0-42a4-4660-82b5-509c54b15f2a"",""service"":""4978aa94-666c-47c7-8024-3ada55195a51"",""deployment"":""c8e742c7-fd58-4839-abec-b04a495e1b44"",""replica"":""9a97e4c2-a192-4277-9593-7e8d80b64342""}",2026-04-02T07:59:08.744677688Z
  hash: '',info,"{""level"":""info""}","{""project"":""ce3616d9-58ad-4ec7-a294-1821e1564434"",""environment"":""fb6513d0-42a4-4660-82b5-509c54b15f2a"",""service"":""4978aa94-666c-47c7-8024-3ada55195a51"",""deployment"":""c8e742c7-fd58-4839-abec-b04a495e1b44"",""replica"":""9a97e4c2-a192-4277-9593-7e8d80b64342""}",2026-04-02T07:59:08.744680665Z
[WS] Native WebSocket state: 0 = CONNECTING,info,"{""level"":""info""}","{""project"":""ce3616d9-58ad-4ec7-a294-1821e1564434"",""environment"":""fb6513d0-42a4-4660-82b5-509c54b15f2a"",""service"":""4978aa94-666c-47c7-8024-3ada55195a51"",""deployment"":""c8e742c7-fd58-4839-abec-b04a495e1b44"",""replica"":""9a97e4c2-a192-4277-9593-7e8d80b64342""}",2026-04-02T07:59:08.744683924Z
},info,"{""level"":""info""}","{""project"":""ce3616d9-58ad-4ec7-a294-1821e1564434"",""environment"":""fb6513d0-42a4-4660-82b5-509c54b15f2a"",""service"":""4978aa94-666c-47c7-8024-3ada55195a51"",""deployment"":""c8e742c7-fd58-4839-abec-b04a495e1b44"",""replica"":""9a97e4c2-a192-4277-9593-7e8d80b64342""}",2026-04-02T07:59:08.744687146Z
[WS] WebSocketClient isConnecting: true,info,"{""level"":""info""}","{""project"":""ce3616d9-58ad-4ec7-a294-1821e1564434"",""environment"":""fb6513d0-42a4-4660-82b5-509c54b15f2a"",""service"":""4978aa94-666c-47c7-8024-3ada55195a51"",""deployment"":""c8e742c7-fd58-4839-abec-b04a495e1b44"",""replica"":""9a97e4c2-a192-4277-9593-7e8d80b64342""}",2026-04-02T07:59:08.744690857Z
[SESSION] ✅ Retrieved account from map: akun-01,info,"{""level"":""info""}","{""project"":""ce3616d9-58ad-4ec7-a294-1821e1564434"",""environment"":""fb6513d0-42a4-4660-82b5-509c54b15f2a"",""service"":""4978aa94-666c-47c7-8024-3ada55195a51"",""deployment"":""c8e742c7-fd58-4839-abec-b04a495e1b44"",""replica"":""9a97e4c2-a192-4277-9593-7e8d80b64342""}",2026-04-02T07:59:08.744693162Z
[WS] WebSocketClient isOpen: false,info,"{""level"":""info""}","{""project"":""ce3616d9-58ad-4ec7-a294-1821e1564434"",""environment"":""fb6513d0-42a4-4660-82b5-509c54b15f2a"",""service"":""4978aa94-666c-47c7-8024-3ada55195a51"",""deployment"":""c8e742c7-fd58-4839-abec-b04a495e1b44"",""replica"":""9a97e4c2-a192-4277-9593-7e8d80b64342""}",2026-04-02T07:59:08.744696678Z
==========================================,info,"{""level"":""info""}","{""project"":""ce3616d9-58ad-4ec7-a294-1821e1564434"",""environment"":""fb6513d0-42a4-4660-82b5-509c54b15f2a"",""service"":""4978aa94-666c-47c7-8024-3ada55195a51"",""deployment"":""c8e742c7-fd58-4839-abec-b04a495e1b44"",""replica"":""9a97e4c2-a192-4277-9593-7e8d80b64342""}",2026-04-02T07:59:08.744700694Z
[WS] WebSocketClient isClosed: false,info,"{""level"":""info""}","{""project"":""ce3616d9-58ad-4ec7-a294-1821e1564434"",""environment"":""fb6513d0-42a4-4660-82b5-509c54b15f2a"",""service"":""4978aa94-666c-47c7-8024-3ada55195a51"",""deployment"":""c8e742c7-fd58-4839-abec-b04a495e1b44"",""replica"":""9a97e4c2-a192-4277-9593-7e8d80b64342""}",2026-04-02T07:59:08.744702952Z
[CONNECTION UPDATE] ✅ EVENT RECEIVED! {,info,"{""level"":""info""}","{""project"":""ce3616d9-58ad-4ec7-a294-1821e1564434"",""environment"":""fb6513d0-42a4-4660-82b5-509c54b15f2a"",""service"":""4978aa94-666c-47c7-8024-3ada55195a51"",""deployment"":""c8e742c7-fd58-4839-abec-b04a495e1b44"",""replica"":""9a97e4c2-a192-4277-9593-7e8d80b64342""}",2026-04-02T07:59:08.744706506Z
[WS] WebSocket URL: URL {,info,"{""level"":""info""}","{""project"":""ce3616d9-58ad-4ec7-a294-1821e1564434"",""environment"":""fb6513d0-42a4-4660-82b5-509c54b15f2a"",""service"":""4978aa94-666c-47c7-8024-3ada55195a51"",""deployment"":""c8e742c7-fd58-4839-abec-b04a495e1b44"",""replica"":""9a97e4c2-a192-4277-9593-7e8d80b64342""}",2026-04-02T07:59:08.744709654Z
"  href: 'wss://web.whatsapp.com/ws/chat',",info,"{""level"":""info""}","{""project"":""ce3616d9-58ad-4ec7-a294-1821e1564434"",""environment"":""fb6513d0-42a4-4660-82b5-509c54b15f2a"",""service"":""4978aa94-666c-47c7-8024-3ada55195a51"",""deployment"":""c8e742c7-fd58-4839-abec-b04a495e1b44"",""replica"":""9a97e4c2-a192-4277-9593-7e8d80b64342""}",2026-04-02T07:59:08.744714146Z
"  origin: 'wss://web.whatsapp.com',",info,"{""level"":""info""}","{""project"":""ce3616d9-58ad-4ec7-a294-1821e1564434"",""environment"":""fb6513d0-42a4-4660-82b5-509c54b15f2a"",""service"":""4978aa94-666c-47c7-8024-3ada55195a51"",""deployment"":""c8e742c7-fd58-4839-abec-b04a495e1b44"",""replica"":""9a97e4c2-a192-4277-9593-7e8d80b64342""}",2026-04-02T07:59:08.744718982Z
"  protocol: 'wss:',",info,"{""level"":""info""}","{""project"":""ce3616d9-58ad-4ec7-a294-1821e1564434"",""environment"":""fb6513d0-42a4-4660-82b5-509c54b15f2a"",""service"":""4978aa94-666c-47c7-8024-3ada55195a51"",""deployment"":""c8e742c7-fd58-4839-abec-b04a495e1b44"",""replica"":""9a97e4c2-a192-4277-9593-7e8d80b64342""}",2026-04-02T07:59:08.744723761Z
"  username: '',",info,"{""level"":""info""}","{""project"":""ce3616d9-58ad-4ec7-a294-1821e1564434"",""environment"":""fb6513d0-42a4-4660-82b5-509c54b15f2a"",""service"":""4978aa94-666c-47c7-8024-3ada55195a51"",""deployment"":""c8e742c7-fd58-4839-abec-b04a495e1b44"",""replica"":""9a97e4c2-a192-4277-9593-7e8d80b64342""}",2026-04-02T07:59:08.744728668Z
"  password: '',",info,"{""level"":""info""}","{""project"":""ce3616d9-58ad-4ec7-a294-1821e1564434"",""environment"":""fb6513d0-42a4-4660-82b5-509c54b15f2a"",""service"":""4978aa94-666c-47c7-8024-3ada55195a51"",""deployment"":""c8e742c7-fd58-4839-abec-b04a495e1b44"",""replica"":""9a97e4c2-a192-4277-9593-7e8d80b64342""}",2026-04-02T07:59:08.744743344Z
connected to WA,info,"{""time"":1775116747681,""pid"":100,""hostname"":""502686071fc0"",""browser"":[""Mac OS"",""Chrome"",""14.4.1""],""helloMsg"":{""clientHello"":{""ephemeral"":""mxyx4eZ0sispNQwT9558mFVlRCas7MvN7J+PvPbBHx4=""}},""level"":""info""}","{""project"":""ce3616d9-58ad-4ec7-a294-1821e1564434"",""environment"":""fb6513d0-42a4-4660-82b5-509c54b15f2a"",""service"":""4978aa94-666c-47c7-8024-3ada55195a51"",""deployment"":""c8e742c7-fd58-4839-abec-b04a495e1b44"",""replica"":""9a97e4c2-a192-4277-9593-7e8d80b64342""}",2026-04-02T07:59:08.746171476Z
[WS NATIVE SEND] Sending for akun-01 type: object preview: V0EGAwAAJBIiCiCbHLHh5nSyKyk1DBP3nnyYVWVEJqzsy83sn4+89sEfHg==,info,"{""level"":""info""}","{""project"":""ce3616d9-58ad-4ec7-a294-1821e1564434"",""environment"":""fb6513d0-42a4-4660-82b5-509c54b15f2a"",""service"":""4978aa94-666c-47c7-8024-3ada55195a51"",""deployment"":""c8e742c7-fd58-4839-abec-b04a495e1b44"",""replica"":""9a97e4c2-a192-4277-9593-7e8d80b64342""}",2026-04-02T07:59:08.746177438Z
[WS NATIVE OPEN] Native WebSocket opened for akun-01,info,"{""level"":""info""}","{""project"":""ce3616d9-58ad-4ec7-a294-1821e1564434"",""environment"":""fb6513d0-42a4-4660-82b5-509c54b15f2a"",""service"":""4978aa94-666c-47c7-8024-3ada55195a51"",""deployment"":""c8e742c7-fd58-4839-abec-b04a495e1b44"",""replica"":""9a97e4c2-a192-4277-9593-7e8d80b64342""}",2026-04-02T07:59:08.746182347Z
[WS NATIVE MESSAGE] Received for akun-01 binary: true len: 350 preview: AAFbGtgCCiA4gGcnVnSLzKpcgwqMvpLcpq0cXlVkQNSBJjo2hzkcPBIw6nXOrkOqYXE=...,info,"{""level"":""info""}","{""project"":""ce3616d9-58ad-4ec7-a294-1821e1564434"",""environment"":""fb6513d0-42a4-4660-82b5-509c54b15f2a"",""service"":""4978aa94-666c-47c7-8024-3ada55195a51"",""deployment"":""c8e742c7-fd58-4839-abec-b04a495e1b44"",""replica"":""9a97e4c2-a192-4277-9593-7e8d80b64342""}",2026-04-02T07:59:08.746186856Z
"not logged in, attempting registration...",info,"{""time"":1775116747881,""pid"":100,""hostname"":""502686071fc0"",""node"":{""passive"":false,""userAgent"":{""platform"":""WEB"",""appVersion"":{""primary"":2,""secondary"":3000,""tertiary"":1035194821},""mcc"":""000"",""mnc"":""000"",""osVersion"":""0.1"",""device"":""Desktop"",""osBuildNumber"":""0.1"",""releaseChannel"":""RELEASE"",""localeLanguageIso6391"":""en"",""localeCountryIso31661Alpha2"":""US""},""webInfo"":{""webSubPlatform"":""WEB_BROWSER""},""connectType"":""WIFI_UNKNOWN"",""connectReason"":""USER_ACTIVATED"",""devicePairingData"":{""eRegid"":""AAAAVA=="",""eKeytype"":""BQ=="",""eIdent"":""Y7Ft2k7tQ5gZsFuzM7iddQUjwkEjLXfbeuavVyPaTEo="",""eSkeyId"":""AAAB"",""eSkeyVal"":""OmDAN04KVbSDedwgxcve2YEGbUTUF3RskKShX9JRuAY="",""eSkeySig"":""Tm1MyK5fttj5mvdTQ/f3h4iIiwShidw1ZUoVlRWVfYt/Ejx7WygadGsIdNLW/Lsb2ztWx81d5Ad+6UJWsR06gw=="",""buildHash"":""oslHHv+RCp4a5lmJCiiHLQ=="",""deviceProps"":""CgZNYWMgT1MYASAAKhUYgFAgATAAOAFAAUgBUAFYAWABcAE=""},""pull"":false},""level"":""info""}","{""project"":""ce3616d9-58ad-4ec7-a294-1821e1564434"",""environment"":""fb6513d0-42a4-4660-82b5-509c54b15f2a"",""service"":""4978aa94-666c-47c7-8024-3ada55195a51"",""deployment"":""c8e742c7-fd58-4839-abec-b04a495e1b44"",""replica"":""9a97e4c2-a192-4277-9593-7e8d80b64342""}",2026-04-02T07:59:08.746193823Z
"  accountId: 'akun-01',",info,"{""level"":""info""}","{""project"":""ce3616d9-58ad-4ec7-a294-1821e1564434"",""environment"":""fb6513d0-42a4-4660-82b5-509c54b15f2a"",""service"":""4978aa94-666c-47c7-8024-3ada55195a51"",""deployment"":""c8e742c7-fd58-4839-abec-b04a495e1b44"",""replica"":""9a97e4c2-a192-4277-9593-7e8d80b64342""}",2026-04-02T07:59:08.746196363Z
"  connection: 'connecting',",info,"{""level"":""info""}","{""project"":""ce3616d9-58ad-4ec7-a294-1821e1564434"",""environment"":""fb6513d0-42a4-4660-82b5-509c54b15f2a"",""service"":""4978aa94-666c-47c7-8024-3ada55195a51"",""deployment"":""c8e742c7-fd58-4839-abec-b04a495e1b44"",""replica"":""9a97e4c2-a192-4277-9593-7e8d80b64342""}",2026-04-02T07:59:08.746203603Z
"  hasQr: false,",info,"{""level"":""info""}","{""project"":""ce3616d9-58ad-4ec7-a294-1821e1564434"",""environment"":""fb6513d0-42a4-4660-82b5-509c54b15f2a"",""service"":""4978aa94-666c-47c7-8024-3ada55195a51"",""deployment"":""c8e742c7-fd58-4839-abec-b04a495e1b44"",""replica"":""9a97e4c2-a192-4277-9593-7e8d80b64342""}",2026-04-02T07:59:08.746208160Z
"  qrPreview: null,",info,"{""level"":""info""}","{""project"":""ce3616d9-58ad-4ec7-a294-1821e1564434"",""environment"":""fb6513d0-42a4-4660-82b5-509c54b15f2a"",""service"":""4978aa94-666c-47c7-8024-3ada55195a51"",""deployment"":""c8e742c7-fd58-4839-abec-b04a495e1b44"",""replica"":""9a97e4c2-a192-4277-9593-7e8d80b64342""}",2026-04-02T07:59:08.746212529Z
  isNewLogin: undefined,info,"{""level"":""info""}","{""project"":""ce3616d9-58ad-4ec7-a294-1821e1564434"",""environment"":""fb6513d0-42a4-4660-82b5-509c54b15f2a"",""service"":""4978aa94-666c-47c7-8024-3ada55195a51"",""deployment"":""c8e742c7-fd58-4839-abec-b04a495e1b44"",""replica"":""9a97e4c2-a192-4277-9593-7e8d80b64342""}",2026-04-02T07:59:08.746217136Z
},info,"{""level"":""info""}","{""project"":""ce3616d9-58ad-4ec7-a294-1821e1564434"",""environment"":""fb6513d0-42a4-4660-82b5-509c54b15f2a"",""service"":""4978aa94-666c-47c7-8024-3ada55195a51"",""deployment"":""c8e742c7-fd58-4839-abec-b04a495e1b44"",""replica"":""9a97e4c2-a192-4277-9593-7e8d80b64342""}",2026-04-02T07:59:08.746222056Z
==========================================,info,"{""level"":""info""}","{""project"":""ce3616d9-58ad-4ec7-a294-1821e1564434"",""environment"":""fb6513d0-42a4-4660-82b5-509c54b15f2a"",""service"":""4978aa94-666c-47c7-8024-3ada55195a51"",""deployment"":""c8e742c7-fd58-4839-abec-b04a495e1b44"",""replica"":""9a97e4c2-a192-4277-9593-7e8d80b64342""}",2026-04-02T07:59:08.746226532Z
[WS NATIVE MESSAGE] Received for akun-01 binary: true len: 4 preview: iAID8w==,info,"{""level"":""info""}","{""project"":""ce3616d9-58ad-4ec7-a294-1821e1564434"",""environment"":""fb6513d0-42a4-4660-82b5-509c54b15f2a"",""service"":""4978aa94-666c-47c7-8024-3ada55195a51"",""deployment"":""c8e742c7-fd58-4839-abec-b04a495e1b44"",""replica"":""9a97e4c2-a192-4277-9593-7e8d80b64342""}",2026-04-02T07:59:08.746281630Z
[WS NATIVE CLOSE] Native WebSocket closed for akun-01 code: 1006 reason: ,info,"{""level"":""info""}","{""project"":""ce3616d9-58ad-4ec7-a294-1821e1564434"",""environment"":""fb6513d0-42a4-4660-82b5-509c54b15f2a"",""service"":""4978aa94-666c-47c7-8024-3ada55195a51"",""deployment"":""c8e742c7-fd58-4839-abec-b04a495e1b44"",""replica"":""9a97e4c2-a192-4277-9593-7e8d80b64342""}",2026-04-02T07:59:08.746288399Z
[WS NATIVE SEND] Sending for akun-01 type: object preview: AAFcItkCCjAjtShBGTsL+It5oGfWnfPsXAULHH0m8CTaZ0DN4IHdV7mAx/SaVAQw9+Y=,info,"{""level"":""info""}","{""project"":""ce3616d9-58ad-4ec7-a294-1821e1564434"",""environment"":""fb6513d0-42a4-4660-82b5-509c54b15f2a"",""service"":""4978aa94-666c-47c7-8024-3ada55195a51"",""deployment"":""c8e742c7-fd58-4839-abec-b04a495e1b44"",""replica"":""9a97e4c2-a192-4277-9593-7e8d80b64342""}",2026-04-02T07:59:08.747984913Z
[WS NATIVE MESSAGE] Received for akun-01 binary: true len: 698 preview: AAK3pJatJEtLbftmpL7mQUETqamL3EXV55Lmh+Omv25HG+h1yZjuA53rDyWIM4OxJnU=...,info,"{""level"":""info""}","{""project"":""ce3616d9-58ad-4ec7-a294-1821e1564434"",""environment"":""fb6513d0-42a4-4660-82b5-509c54b15f2a"",""service"":""4978aa94-666c-47c7-8024-3ada55195a51"",""deployment"":""c8e742c7-fd58-4839-abec-b04a495e1b44"",""replica"":""9a97e4c2-a192-4277-9593-7e8d80b64342""}",2026-04-02T07:59:08.747995424Z
[WS NATIVE SEND] Sending for akun-01 type: object preview: AAAiL7rDp7rGPPZNlre48ctMc1W3Bu7+PnVRph9r8EFs5iF/WQ==,info,"{""level"":""info""}","{""project"":""ce3616d9-58ad-4ec7-a294-1821e1564434"",""environment"":""fb6513d0-42a4-4660-82b5-509c54b15f2a"",""service"":""4978aa94-666c-47c7-8024-3ada55195a51"",""deployment"":""c8e742c7-fd58-4839-abec-b04a495e1b44"",""replica"":""9a97e4c2-a192-4277-9593-7e8d80b64342""}",2026-04-02T07:59:08.748001254Z
==========================================,info,"{""level"":""info""}","{""project"":""ce3616d9-58ad-4ec7-a294-1821e1564434"",""environment"":""fb6513d0-42a4-4660-82b5-509c54b15f2a"",""service"":""4978aa94-666c-47c7-8024-3ada55195a51"",""deployment"":""c8e742c7-fd58-4839-abec-b04a495e1b44"",""replica"":""9a97e4c2-a192-4277-9593-7e8d80b64342""}",2026-04-02T07:59:08.748007034Z
[CONNECTION UPDATE] ✅ EVENT RECEIVED! {,info,"{""level"":""info""}","{""project"":""ce3616d9-58ad-4ec7-a294-1821e1564434"",""environment"":""fb6513d0-42a4-4660-82b5-509c54b15f2a"",""service"":""4978aa94-666c-47c7-8024-3ada55195a51"",""deployment"":""c8e742c7-fd58-4839-abec-b04a495e1b44"",""replica"":""9a97e4c2-a192-4277-9593-7e8d80b64342""}",2026-04-02T07:59:08.748012435Z
"  accountId: 'akun-01',",info,"{""level"":""info""}","{""project"":""ce3616d9-58ad-4ec7-a294-1821e1564434"",""environment"":""fb6513d0-42a4-4660-82b5-509c54b15f2a"",""service"":""4978aa94-666c-47c7-8024-3ada55195a51"",""deployment"":""c8e742c7-fd58-4839-abec-b04a495e1b44"",""replica"":""9a97e4c2-a192-4277-9593-7e8d80b64342""}",2026-04-02T07:59:08.748016974Z
"  connection: undefined,",info,"{""level"":""info""}","{""project"":""ce3616d9-58ad-4ec7-a294-1821e1564434"",""environment"":""fb6513d0-42a4-4660-82b5-509c54b15f2a"",""service"":""4978aa94-666c-47c7-8024-3ada55195a51"",""deployment"":""c8e742c7-fd58-4839-abec-b04a495e1b44"",""replica"":""9a97e4c2-a192-4277-9593-7e8d80b64342""}",2026-04-02T07:59:08.748025880Z
"  hasQr: true,",info,"{""level"":""info""}","{""project"":""ce3616d9-58ad-4ec7-a294-1821e1564434"",""environment"":""fb6513d0-42a4-4660-82b5-509c54b15f2a"",""service"":""4978aa94-666c-47c7-8024-3ada55195a51"",""deployment"":""c8e742c7-fd58-4839-abec-b04a495e1b44"",""replica"":""9a97e4c2-a192-4277-9593-7e8d80b64342""}",2026-04-02T07:59:08.748030318Z
"  qrPreview: '2@UUBner8o45/5Hi2Akji7Y7gogSNYlFTCyBjM+rqbIgL96NTn...',",info,"{""level"":""info""}","{""project"":""ce3616d9-58ad-4ec7-a294-1821e1564434"",""environment"":""fb6513d0-42a4-4660-82b5-509c54b15f2a"",""service"":""4978aa94-666c-47c7-8024-3ada55195a51"",""deployment"":""c8e742c7-fd58-4839-abec-b04a495e1b44"",""replica"":""9a97e4c2-a192-4277-9593-7e8d80b64342""}",2026-04-02T07:59:08.748034566Z
  isNewLogin: undefined,info,"{""level"":""info""}","{""project"":""ce3616d9-58ad-4ec7-a294-1821e1564434"",""environment"":""fb6513d0-42a4-4660-82b5-509c54b15f2a"",""service"":""4978aa94-666c-47c7-8024-3ada55195a51"",""deployment"":""c8e742c7-fd58-4839-abec-b04a495e1b44"",""replica"":""9a97e4c2-a192-4277-9593-7e8d80b64342""}",2026-04-02T07:59:08.748039926Z
},info,"{""level"":""info""}","{""project"":""ce3616d9-58ad-4ec7-a294-1821e1564434"",""environment"":""fb6513d0-42a4-4660-82b5-509c54b15f2a"",""service"":""4978aa94-666c-47c7-8024-3ada55195a51"",""deployment"":""c8e742c7-fd58-4839-abec-b04a495e1b44"",""replica"":""9a97e4c2-a192-4277-9593-7e8d80b64342""}",2026-04-02T07:59:08.748044770Z
==========================================,info,"{""level"":""info""}","{""project"":""ce3616d9-58ad-4ec7-a294-1821e1564434"",""environment"":""fb6513d0-42a4-4660-82b5-509c54b15f2a"",""service"":""4978aa94-666c-47c7-8024-3ada55195a51"",""deployment"":""c8e742c7-fd58-4839-abec-b04a495e1b44"",""replica"":""9a97e4c2-a192-4277-9593-7e8d80b64342""}",2026-04-02T07:59:08.748050434Z
[QR] 🎯 QR code received for: akun-01,info,"{""level"":""info""}","{""project"":""ce3616d9-58ad-4ec7-a294-1821e1564434"",""environment"":""fb6513d0-42a4-4660-82b5-509c54b15f2a"",""service"":""4978aa94-666c-47c7-8024-3ada55195a51"",""deployment"":""c8e742c7-fd58-4839-abec-b04a495e1b44"",""replica"":""9a97e4c2-a192-4277-9593-7e8d80b64342""}",2026-04-02T07:59:08.748057873Z
[QR] QR length: 237,info,"{""level"":""info""}","{""project"":""ce3616d9-58ad-4ec7-a294-1821e1564434"",""environment"":""fb6513d0-42a4-4660-82b5-509c54b15f2a"",""service"":""4978aa94-666c-47c7-8024-3ada55195a51"",""deployment"":""c8e742c7-fd58-4839-abec-b04a495e1b44"",""replica"":""9a97e4c2-a192-4277-9593-7e8d80b64342""}",2026-04-02T07:59:08.748062255Z
[QR] Converting QR to data URL...,info,"{""level"":""info""}","{""project"":""ce3616d9-58ad-4ec7-a294-1821e1564434"",""environment"":""fb6513d0-42a4-4660-82b5-509c54b15f2a"",""service"":""4978aa94-666c-47c7-8024-3ada55195a51"",""deployment"":""c8e742c7-fd58-4839-abec-b04a495e1b44"",""replica"":""9a97e4c2-a192-4277-9593-7e8d80b64342""}",2026-04-02T07:59:08.748067126Z
"[QR] ✅ QR converted, length: 6322",info,"{""level"":""info""}","{""project"":""ce3616d9-58ad-4ec7-a294-1821e1564434"",""environment"":""fb6513d0-42a4-4660-82b5-509c54b15f2a"",""service"":""4978aa94-666c-47c7-8024-3ada55195a51"",""deployment"":""c8e742c7-fd58-4839-abec-b04a495e1b44"",""replica"":""9a97e4c2-a192-4277-9593-7e8d80b64342""}",2026-04-02T07:59:08.748071998Z
[DB] Synced 1 accounts to database,info,"{""level"":""info""}","{""project"":""ce3616d9-58ad-4ec7-a294-1821e1564434"",""environment"":""fb6513d0-42a4-4660-82b5-509c54b15f2a"",""service"":""4978aa94-666c-47c7-8024-3ada55195a51"",""deployment"":""c8e742c7-fd58-4839-abec-b04a495e1b44"",""replica"":""9a97e4c2-a192-4277-9593-7e8d80b64342""}",2026-04-02T07:59:13.252850994Z
[WS NATIVE MESSAGE] Received for akun-01 binary: true len: 719 preview: AALM8uUj35b3KVbOkYU32SV9yS1AYOqOsqQXlIe8Fz3Ff2pLwpQuP/0Rfi4vaTHIzP4=...,info,"{""level"":""info""}","{""project"":""ce3616d9-58ad-4ec7-a294-1821e1564434"",""environment"":""fb6513d0-42a4-4660-82b5-509c54b15f2a"",""service"":""4978aa94-666c-47c7-8024-3ada55195a51"",""deployment"":""c8e742c7-fd58-4839-abec-b04a495e1b44"",""replica"":""9a97e4c2-a192-4277-9593-7e8d80b64342""}",2026-04-02T07:59:15.325280298Z
pair success recv,info,"{""time"":1775116755114,""pid"":100,""hostname"":""502686071fc0"",""level"":""info""}","{""project"":""ce3616d9-58ad-4ec7-a294-1821e1564434"",""environment"":""fb6513d0-42a4-4660-82b5-509c54b15f2a"",""service"":""4978aa94-666c-47c7-8024-3ada55195a51"",""deployment"":""c8e742c7-fd58-4839-abec-b04a495e1b44"",""replica"":""9a97e4c2-a192-4277-9593-7e8d80b64342""}",2026-04-02T07:59:15.325286668Z
==========================================,info,"{""level"":""info""}","{""project"":""ce3616d9-58ad-4ec7-a294-1821e1564434"",""environment"":""fb6513d0-42a4-4660-82b5-509c54b15f2a"",""service"":""4978aa94-666c-47c7-8024-3ada55195a51"",""deployment"":""c8e742c7-fd58-4839-abec-b04a495e1b44"",""replica"":""9a97e4c2-a192-4277-9593-7e8d80b64342""}",2026-04-02T07:59:15.325290033Z
==========================================,info,"{""level"":""info""}","{""project"":""ce3616d9-58ad-4ec7-a294-1821e1564434"",""environment"":""fb6513d0-42a4-4660-82b5-509c54b15f2a"",""service"":""4978aa94-666c-47c7-8024-3ada55195a51"",""deployment"":""c8e742c7-fd58-4839-abec-b04a495e1b44"",""replica"":""9a97e4c2-a192-4277-9593-7e8d80b64342""}",2026-04-02T07:59:15.325292931Z
[CONNECTION UPDATE] ✅ EVENT RECEIVED! {,info,"{""level"":""info""}","{""project"":""ce3616d9-58ad-4ec7-a294-1821e1564434"",""environment"":""fb6513d0-42a4-4660-82b5-509c54b15f2a"",""service"":""4978aa94-666c-47c7-8024-3ada55195a51"",""deployment"":""c8e742c7-fd58-4839-abec-b04a495e1b44"",""replica"":""9a97e4c2-a192-4277-9593-7e8d80b64342""}",2026-04-02T07:59:15.325299427Z
[WS NATIVE SEND] Sending for akun-01 type: object preview: AADZFkF9vYWhND1oQodUEbHxO3ghYPxcLaTpVZ5xa91/ncjfTircSl9GR2QIYjHnr7g=,info,"{""level"":""info""}","{""project"":""ce3616d9-58ad-4ec7-a294-1821e1564434"",""environment"":""fb6513d0-42a4-4660-82b5-509c54b15f2a"",""service"":""4978aa94-666c-47c7-8024-3ada55195a51"",""deployment"":""c8e742c7-fd58-4839-abec-b04a495e1b44"",""replica"":""9a97e4c2-a192-4277-9593-7e8d80b64342""}",2026-04-02T07:59:15.325304084Z
"pairing configured successfully, expect to restart the connection...",info,"{""time"":1775116755137,""pid"":100,""hostname"":""502686071fc0"",""me"":{""id"":""6288267047790:47@s.whatsapp.net""},""platform"":""android"",""level"":""info""}","{""project"":""ce3616d9-58ad-4ec7-a294-1821e1564434"",""environment"":""fb6513d0-42a4-4660-82b5-509c54b15f2a"",""service"":""4978aa94-666c-47c7-8024-3ada55195a51"",""deployment"":""c8e742c7-fd58-4839-abec-b04a495e1b44"",""replica"":""9a97e4c2-a192-4277-9593-7e8d80b64342""}",2026-04-02T07:59:15.325313338Z
  isNewLogin: true,info,"{""level"":""info""}","{""project"":""ce3616d9-58ad-4ec7-a294-1821e1564434"",""environment"":""fb6513d0-42a4-4660-82b5-509c54b15f2a"",""service"":""4978aa94-666c-47c7-8024-3ada55195a51"",""deployment"":""c8e742c7-fd58-4839-abec-b04a495e1b44"",""replica"":""9a97e4c2-a192-4277-9593-7e8d80b64342""}",2026-04-02T07:59:15.325330757Z
"  accountId: 'akun-01',",info,"{""level"":""info""}","{""project"":""ce3616d9-58ad-4ec7-a294-1821e1564434"",""environment"":""fb6513d0-42a4-4660-82b5-509c54b15f2a"",""service"":""4978aa94-666c-47c7-8024-3ada55195a51"",""deployment"":""c8e742c7-fd58-4839-abec-b04a495e1b44"",""replica"":""9a97e4c2-a192-4277-9593-7e8d80b64342""}",2026-04-02T07:59:15.325339515Z
},info,"{""level"":""info""}","{""project"":""ce3616d9-58ad-4ec7-a294-1821e1564434"",""environment"":""fb6513d0-42a4-4660-82b5-509c54b15f2a"",""service"":""4978aa94-666c-47c7-8024-3ada55195a51"",""deployment"":""c8e742c7-fd58-4839-abec-b04a495e1b44"",""replica"":""9a97e4c2-a192-4277-9593-7e8d80b64342""}",2026-04-02T07:59:15.325345003Z
"  connection: undefined,",info,"{""level"":""info""}","{""project"":""ce3616d9-58ad-4ec7-a294-1821e1564434"",""environment"":""fb6513d0-42a4-4660-82b5-509c54b15f2a"",""service"":""4978aa94-666c-47c7-8024-3ada55195a51"",""deployment"":""c8e742c7-fd58-4839-abec-b04a495e1b44"",""replica"":""9a97e4c2-a192-4277-9593-7e8d80b64342""}",2026-04-02T07:59:15.325352833Z
"  hasQr: false,",info,"{""level"":""info""}","{""project"":""ce3616d9-58ad-4ec7-a294-1821e1564434"",""environment"":""fb6513d0-42a4-4660-82b5-509c54b15f2a"",""service"":""4978aa94-666c-47c7-8024-3ada55195a51"",""deployment"":""c8e742c7-fd58-4839-abec-b04a495e1b44"",""replica"":""9a97e4c2-a192-4277-9593-7e8d80b64342""}",2026-04-02T07:59:15.325361369Z
[WS NATIVE MESSAGE] Received for akun-01 binary: true len: 52 preview: AAAaYS5Cbmp4dU5QK3OfIZQsI7H4rRojbv4fjpMAABQqs/8JQWOxl4rl1QSj0h/aj00=...,info,"{""level"":""info""}","{""project"":""ce3616d9-58ad-4ec7-a294-1821e1564434"",""environment"":""fb6513d0-42a4-4660-82b5-509c54b15f2a"",""service"":""4978aa94-666c-47c7-8024-3ada55195a51"",""deployment"":""c8e742c7-fd58-4839-abec-b04a495e1b44"",""replica"":""9a97e4c2-a192-4277-9593-7e8d80b64342""}",2026-04-02T07:59:15.600826821Z
"  isAfterPairingSuccess: false,",info,"{""level"":""info""}","{""project"":""ce3616d9-58ad-4ec7-a294-1821e1564434"",""environment"":""fb6513d0-42a4-4660-82b5-509c54b15f2a"",""service"":""4978aa94-666c-47c7-8024-3ada55195a51"",""deployment"":""c8e742c7-fd58-4839-abec-b04a495e1b44"",""replica"":""9a97e4c2-a192-4277-9593-7e8d80b64342""}",2026-04-02T07:59:15.600833901Z
stream errored out,info,"{""time"":1775116755595,""pid"":100,""hostname"":""502686071fc0"",""node"":{""tag"":""stream:error"",""attrs"":{""code"":""515""}},""level"":""info""}","{""project"":""ce3616d9-58ad-4ec7-a294-1821e1564434"",""environment"":""fb6513d0-42a4-4660-82b5-509c54b15f2a"",""service"":""4978aa94-666c-47c7-8024-3ada55195a51"",""deployment"":""c8e742c7-fd58-4839-abec-b04a495e1b44"",""replica"":""9a97e4c2-a192-4277-9593-7e8d80b64342""}",2026-04-02T07:59:15.600839330Z
  isNewLogin: undefined,info,"{""level"":""info""}","{""project"":""ce3616d9-58ad-4ec7-a294-1821e1564434"",""environment"":""fb6513d0-42a4-4660-82b5-509c54b15f2a"",""service"":""4978aa94-666c-47c7-8024-3ada55195a51"",""deployment"":""c8e742c7-fd58-4839-abec-b04a495e1b44"",""replica"":""9a97e4c2-a192-4277-9593-7e8d80b64342""}",2026-04-02T07:59:15.600845554Z
==========================================,info,"{""level"":""info""}","{""project"":""ce3616d9-58ad-4ec7-a294-1821e1564434"",""environment"":""fb6513d0-42a4-4660-82b5-509c54b15f2a"",""service"":""4978aa94-666c-47c7-8024-3ada55195a51"",""deployment"":""c8e742c7-fd58-4839-abec-b04a495e1b44"",""replica"":""9a97e4c2-a192-4277-9593-7e8d80b64342""}",2026-04-02T07:59:15.600847572Z
"  isStreamError: true,",info,"{""level"":""info""}","{""project"":""ce3616d9-58ad-4ec7-a294-1821e1564434"",""environment"":""fb6513d0-42a4-4660-82b5-509c54b15f2a"",""service"":""4978aa94-666c-47c7-8024-3ada55195a51"",""deployment"":""c8e742c7-fd58-4839-abec-b04a495e1b44"",""replica"":""9a97e4c2-a192-4277-9593-7e8d80b64342""}",2026-04-02T07:59:15.600850265Z
},info,"{""level"":""info""}","{""project"":""ce3616d9-58ad-4ec7-a294-1821e1564434"",""environment"":""fb6513d0-42a4-4660-82b5-509c54b15f2a"",""service"":""4978aa94-666c-47c7-8024-3ada55195a51"",""deployment"":""c8e742c7-fd58-4839-abec-b04a495e1b44"",""replica"":""9a97e4c2-a192-4277-9593-7e8d80b64342""}",2026-04-02T07:59:15.600856280Z
[STREAM ERROR] Deleting account from memory to allow reconnect: akun-01,info,"{""level"":""info""}","{""project"":""ce3616d9-58ad-4ec7-a294-1821e1564434"",""environment"":""fb6513d0-42a4-4660-82b5-509c54b15f2a"",""service"":""4978aa94-666c-47c7-8024-3ada55195a51"",""deployment"":""c8e742c7-fd58-4839-abec-b04a495e1b44"",""replica"":""9a97e4c2-a192-4277-9593-7e8d80b64342""}",2026-04-02T07:59:15.600865290Z
"  isQRTimeout: false,",info,"{""level"":""info""}","{""project"":""ce3616d9-58ad-4ec7-a294-1821e1564434"",""environment"":""fb6513d0-42a4-4660-82b5-509c54b15f2a"",""service"":""4978aa94-666c-47c7-8024-3ada55195a51"",""deployment"":""c8e742c7-fd58-4839-abec-b04a495e1b44"",""replica"":""9a97e4c2-a192-4277-9593-7e8d80b64342""}",2026-04-02T07:59:15.600865366Z
"  accountId: 'akun-01',",info,"{""level"":""info""}","{""project"":""ce3616d9-58ad-4ec7-a294-1821e1564434"",""environment"":""fb6513d0-42a4-4660-82b5-509c54b15f2a"",""service"":""4978aa94-666c-47c7-8024-3ada55195a51"",""deployment"":""c8e742c7-fd58-4839-abec-b04a495e1b44"",""replica"":""9a97e4c2-a192-4277-9593-7e8d80b64342""}",2026-04-02T07:59:15.600865868Z
"  connection: 'close',",info,"{""level"":""info""}","{""project"":""ce3616d9-58ad-4ec7-a294-1821e1564434"",""environment"":""fb6513d0-42a4-4660-82b5-509c54b15f2a"",""service"":""4978aa94-666c-47c7-8024-3ada55195a51"",""deployment"":""c8e742c7-fd58-4839-abec-b04a495e1b44"",""replica"":""9a97e4c2-a192-4277-9593-7e8d80b64342""}",2026-04-02T07:59:15.600874749Z
"  isConflict: false,",info,"{""level"":""info""}","{""project"":""ce3616d9-58ad-4ec7-a294-1821e1564434"",""environment"":""fb6513d0-42a4-4660-82b5-509c54b15f2a"",""service"":""4978aa94-666c-47c7-8024-3ada55195a51"",""deployment"":""c8e742c7-fd58-4839-abec-b04a495e1b44"",""replica"":""9a97e4c2-a192-4277-9593-7e8d80b64342""}",2026-04-02T07:59:15.600876196Z
  hasConnected: false,info,"{""level"":""info""}","{""project"":""ce3616d9-58ad-4ec7-a294-1821e1564434"",""environment"":""fb6513d0-42a4-4660-82b5-509c54b15f2a"",""service"":""4978aa94-666c-47c7-8024-3ada55195a51"",""deployment"":""c8e742c7-fd58-4839-abec-b04a495e1b44"",""replica"":""9a97e4c2-a192-4277-9593-7e8d80b64342""}",2026-04-02T07:59:15.600882121Z
"  hasQr: false,",info,"{""level"":""info""}","{""project"":""ce3616d9-58ad-4ec7-a294-1821e1564434"",""environment"":""fb6513d0-42a4-4660-82b5-509c54b15f2a"",""service"":""4978aa94-666c-47c7-8024-3ada55195a51"",""deployment"":""c8e742c7-fd58-4839-abec-b04a495e1b44"",""replica"":""9a97e4c2-a192-4277-9593-7e8d80b64342""}",2026-04-02T07:59:15.600884853Z
},info,"{""level"":""info""}","{""project"":""ce3616d9-58ad-4ec7-a294-1821e1564434"",""environment"":""fb6513d0-42a4-4660-82b5-509c54b15f2a"",""service"":""4978aa94-666c-47c7-8024-3ada55195a51"",""deployment"":""c8e742c7-fd58-4839-abec-b04a495e1b44"",""replica"":""9a97e4c2-a192-4277-9593-7e8d80b64342""}",2026-04-02T07:59:15.600888092Z
[STREAM ERROR] Pairing info: {,info,"{""level"":""info""}","{""project"":""ce3616d9-58ad-4ec7-a294-1821e1564434"",""environment"":""fb6513d0-42a4-4660-82b5-509c54b15f2a"",""service"":""4978aa94-666c-47c7-8024-3ada55195a51"",""deployment"":""c8e742c7-fd58-4839-abec-b04a495e1b44"",""replica"":""9a97e4c2-a192-4277-9593-7e8d80b64342""}",2026-04-02T07:59:15.600894963Z
"  hasPairingInfo: false,",info,"{""level"":""info""}","{""project"":""ce3616d9-58ad-4ec7-a294-1821e1564434"",""environment"":""fb6513d0-42a4-4660-82b5-509c54b15f2a"",""service"":""4978aa94-666c-47c7-8024-3ada55195a51"",""deployment"":""c8e742c7-fd58-4839-abec-b04a495e1b44"",""replica"":""9a97e4c2-a192-4277-9593-7e8d80b64342""}",2026-04-02T07:59:15.600901164Z
  isNewLogin: undefined,info,"{""level"":""info""}","{""project"":""ce3616d9-58ad-4ec7-a294-1821e1564434"",""environment"":""fb6513d0-42a4-4660-82b5-509c54b15f2a"",""service"":""4978aa94-666c-47c7-8024-3ada55195a51"",""deployment"":""c8e742c7-fd58-4839-abec-b04a495e1b44"",""replica"":""9a97e4c2-a192-4277-9593-7e8d80b64342""}",2026-04-02T07:59:15.600902945Z
"  timeSincePairing: 'Infinitys',",info,"{""level"":""info""}","{""project"":""ce3616d9-58ad-4ec7-a294-1821e1564434"",""environment"":""fb6513d0-42a4-4660-82b5-509c54b15f2a"",""service"":""4978aa94-666c-47c7-8024-3ada55195a51"",""deployment"":""c8e742c7-fd58-4839-abec-b04a495e1b44"",""replica"":""9a97e4c2-a192-4277-9593-7e8d80b64342""}",2026-04-02T07:59:15.600907742Z
},info,"{""level"":""info""}","{""project"":""ce3616d9-58ad-4ec7-a294-1821e1564434"",""environment"":""fb6513d0-42a4-4660-82b5-509c54b15f2a"",""service"":""4978aa94-666c-47c7-8024-3ada55195a51"",""deployment"":""c8e742c7-fd58-4839-abec-b04a495e1b44"",""replica"":""9a97e4c2-a192-4277-9593-7e8d80b64342""}",2026-04-02T07:59:15.600911565Z
==========================================,info,"{""level"":""info""}","{""project"":""ce3616d9-58ad-4ec7-a294-1821e1564434"",""environment"":""fb6513d0-42a4-4660-82b5-509c54b15f2a"",""service"":""4978aa94-666c-47c7-8024-3ada55195a51"",""deployment"":""c8e742c7-fd58-4839-abec-b04a495e1b44"",""replica"":""9a97e4c2-a192-4277-9593-7e8d80b64342""}",2026-04-02T07:59:15.600917884Z
[CONNECTION] ❌ Disconnected: akun-01 {,info,"{""level"":""info""}","{""project"":""ce3616d9-58ad-4ec7-a294-1821e1564434"",""environment"":""fb6513d0-42a4-4660-82b5-509c54b15f2a"",""service"":""4978aa94-666c-47c7-8024-3ada55195a51"",""deployment"":""c8e742c7-fd58-4839-abec-b04a495e1b44"",""replica"":""9a97e4c2-a192-4277-9593-7e8d80b64342""}",2026-04-02T07:59:15.600923481Z
"  error: 'Stream Errored (restart required)',",info,"{""level"":""info""}","{""project"":""ce3616d9-58ad-4ec7-a294-1821e1564434"",""environment"":""fb6513d0-42a4-4660-82b5-509c54b15f2a"",""service"":""4978aa94-666c-47c7-8024-3ada55195a51"",""deployment"":""c8e742c7-fd58-4839-abec-b04a495e1b44"",""replica"":""9a97e4c2-a192-4277-9593-7e8d80b64342""}",2026-04-02T07:59:15.600935014Z
[STREAM ERROR] Account deleted from memory. Session files and personality preserved.,info,"{""level"":""info""}","{""project"":""ce3616d9-58ad-4ec7-a294-1821e1564434"",""environment"":""fb6513d0-42a4-4660-82b5-509c54b15f2a"",""service"":""4978aa94-666c-47c7-8024-3ada55195a51"",""deployment"":""c8e742c7-fd58-4839-abec-b04a495e1b44"",""replica"":""9a97e4c2-a192-4277-9593-7e8d80b64342""}",2026-04-02T07:59:15.601639428Z
connection errored,info,"{""time"":1775116755596,""pid"":100,""hostname"":""502686071fc0"",""trace"":""Error: Stream Errored (restart required)\n    at WebSocketClient.<anonymous> (/app/mini-services/whatsapp-service/node_modules/@whiskeysockets/baileys/src/Socket/socket.ts:648:7)\n    at WebSocketClient.emit (node:events:519:28)\n    at <anonymous> (/app/mini-services/whatsapp-service/node_modules/@whiskeysockets/baileys/src/Socket/socket.ts:327:23)\n    at Object.decodeFrame (/app/mini-services/whatsapp-service/node_modules/@whiskeysockets/baileys/src/Utils/noise-handler.ts:187:5)\n    at process.processTicksAndRejections (node:internal/process/task_queues:103:5)"",""level"":""info""}","{""project"":""ce3616d9-58ad-4ec7-a294-1821e1564434"",""environment"":""fb6513d0-42a4-4660-82b5-509c54b15f2a"",""service"":""4978aa94-666c-47c7-8024-3ada55195a51"",""deployment"":""c8e742c7-fd58-4839-abec-b04a495e1b44"",""replica"":""9a97e4c2-a192-4277-9593-7e8d80b64342""}",2026-04-02T07:59:15.601647055Z
[WS NATIVE MESSAGE] Received for akun-01 binary: true len: 4 preview: iAID8w==,info,"{""level"":""info""}","{""project"":""ce3616d9-58ad-4ec7-a294-1821e1564434"",""environment"":""fb6513d0-42a4-4660-82b5-509c54b15f2a"",""service"":""4978aa94-666c-47c7-8024-3ada55195a51"",""deployment"":""c8e742c7-fd58-4839-abec-b04a495e1b44"",""replica"":""9a97e4c2-a192-4277-9593-7e8d80b64342""}",2026-04-02T07:59:15.726011731Z
[WS NATIVE CLOSE] Native WebSocket closed for akun-01 code: 1006 reason: ,info,"{""level"":""info""}","{""project"":""ce3616d9-58ad-4ec7-a294-1821e1564434"",""environment"":""fb6513d0-42a4-4660-82b5-509c54b15f2a"",""service"":""4978aa94-666c-47c7-8024-3ada55195a51"",""deployment"":""c8e742c7-fd58-4839-abec-b04a495e1b44"",""replica"":""9a97e4c2-a192-4277-9593-7e8d80b64342""}",2026-04-02T07:59:15.726017891Z
[NETWORK] HTTPS test TIMEOUT,info,"{""level"":""info""}","{""project"":""ce3616d9-58ad-4ec7-a294-1821e1564434"",""environment"":""fb6513d0-42a4-4660-82b5-509c54b15f2a"",""service"":""4978aa94-666c-47c7-8024-3ada55195a51"",""deployment"":""c8e742c7-fd58-4839-abec-b04a495e1b44"",""replica"":""9a97e4c2-a192-4277-9593-7e8d80b64342""}",2026-04-02T07:59:17.476656857Z
==========================================,info,"{""level"":""info""}","{""project"":""ce3616d9-58ad-4ec7-a294-1821e1564434"",""environment"":""fb6513d0-42a4-4660-82b5-509c54b15f2a"",""service"":""4978aa94-666c-47c7-8024-3ada55195a51"",""deployment"":""c8e742c7-fd58-4839-abec-b04a495e1b44"",""replica"":""9a97e4c2-a192-4277-9593-7e8d80b64342""}",2026-04-02T07:59:18.614641078Z
[SESSION/START] Request received: {,info,"{""level"":""info""}","{""project"":""ce3616d9-58ad-4ec7-a294-1821e1564434"",""environment"":""fb6513d0-42a4-4660-82b5-509c54b15f2a"",""service"":""4978aa94-666c-47c7-8024-3ada55195a51"",""deployment"":""c8e742c7-fd58-4839-abec-b04a495e1b44"",""replica"":""9a97e4c2-a192-4277-9593-7e8d80b64342""}",2026-04-02T07:59:18.614648927Z
[START SESSION] Session directory created: /app/mini-services/whatsapp-service/sessions/akun-01,info,"{""level"":""info""}","{""project"":""ce3616d9-58ad-4ec7-a294-1821e1564434"",""environment"":""fb6513d0-42a4-4660-82b5-509c54b15f2a"",""service"":""4978aa94-666c-47c7-8024-3ada55195a51"",""deployment"":""c8e742c7-fd58-4839-abec-b04a495e1b44"",""replica"":""9a97e4c2-a192-4277-9593-7e8d80b64342""}",2026-04-02T07:59:18.614649312Z
"  accountId: 'akun-01',",info,"{""level"":""info""}","{""project"":""ce3616d9-58ad-4ec7-a294-1821e1564434"",""environment"":""fb6513d0-42a4-4660-82b5-509c54b15f2a"",""service"":""4978aa94-666c-47c7-8024-3ada55195a51"",""deployment"":""c8e742c7-fd58-4839-abec-b04a495e1b44"",""replica"":""9a97e4c2-a192-4277-9593-7e8d80b64342""}",2026-04-02T07:59:18.614653770Z
"  phoneNumber: undefined,",info,"{""level"":""info""}","{""project"":""ce3616d9-58ad-4ec7-a294-1821e1564434"",""environment"":""fb6513d0-42a4-4660-82b5-509c54b15f2a"",""service"":""4978aa94-666c-47c7-8024-3ada55195a51"",""deployment"":""c8e742c7-fd58-4839-abec-b04a495e1b44"",""replica"":""9a97e4c2-a192-4277-9593-7e8d80b64342""}",2026-04-02T07:59:18.614664271Z
==========================================,info,"{""level"":""info""}","{""project"":""ce3616d9-58ad-4ec7-a294-1821e1564434"",""environment"":""fb6513d0-42a4-4660-82b5-509c54b15f2a"",""service"":""4978aa94-666c-47c7-8024-3ada55195a51"",""deployment"":""c8e742c7-fd58-4839-abec-b04a495e1b44"",""replica"":""9a97e4c2-a192-4277-9593-7e8d80b64342""}",2026-04-02T07:59:18.614669934Z
  forceNew: true,info,"{""level"":""info""}","{""project"":""ce3616d9-58ad-4ec7-a294-1821e1564434"",""environment"":""fb6513d0-42a4-4660-82b5-509c54b15f2a"",""service"":""4978aa94-666c-47c7-8024-3ada55195a51"",""deployment"":""c8e742c7-fd58-4839-abec-b04a495e1b44"",""replica"":""9a97e4c2-a192-4277-9593-7e8d80b64342""}",2026-04-02T07:59:18.614669985Z
},info,"{""level"":""info""}","{""project"":""ce3616d9-58ad-4ec7-a294-1821e1564434"",""environment"":""fb6513d0-42a4-4660-82b5-509c54b15f2a"",""service"":""4978aa94-666c-47c7-8024-3ada55195a51"",""deployment"":""c8e742c7-fd58-4839-abec-b04a495e1b44"",""replica"":""9a97e4c2-a192-4277-9593-7e8d80b64342""}",2026-04-02T07:59:18.614675258Z
==========================================,info,"{""level"":""info""}","{""project"":""ce3616d9-58ad-4ec7-a294-1821e1564434"",""environment"":""fb6513d0-42a4-4660-82b5-509c54b15f2a"",""service"":""4978aa94-666c-47c7-8024-3ada55195a51"",""deployment"":""c8e742c7-fd58-4839-abec-b04a495e1b44"",""replica"":""9a97e4c2-a192-4277-9593-7e8d80b64342""}",2026-04-02T07:59:18.614680376Z
[START SESSION] Called with: {,info,"{""level"":""info""}","{""project"":""ce3616d9-58ad-4ec7-a294-1821e1564434"",""environment"":""fb6513d0-42a4-4660-82b5-509c54b15f2a"",""service"":""4978aa94-666c-47c7-8024-3ada55195a51"",""deployment"":""c8e742c7-fd58-4839-abec-b04a495e1b44"",""replica"":""9a97e4c2-a192-4277-9593-7e8d80b64342""}",2026-04-02T07:59:18.614683461Z
[SESSION/START] Starting session for: akun-01 forceNew: true,info,"{""level"":""info""}","{""project"":""ce3616d9-58ad-4ec7-a294-1821e1564434"",""environment"":""fb6513d0-42a4-4660-82b5-509c54b15f2a"",""service"":""4978aa94-666c-47c7-8024-3ada55195a51"",""deployment"":""c8e742c7-fd58-4839-abec-b04a495e1b44"",""replica"":""9a97e4c2-a192-4277-9593-7e8d80b64342""}",2026-04-02T07:59:18.614686302Z
"  usePairingCode: false,",info,"{""level"":""info""}","{""project"":""ce3616d9-58ad-4ec7-a294-1821e1564434"",""environment"":""fb6513d0-42a4-4660-82b5-509c54b15f2a"",""service"":""4978aa94-666c-47c7-8024-3ada55195a51"",""deployment"":""c8e742c7-fd58-4839-abec-b04a495e1b44"",""replica"":""9a97e4c2-a192-4277-9593-7e8d80b64342""}",2026-04-02T07:59:18.614703089Z
"  phoneNumber: undefined,",info,"{""level"":""info""}","{""project"":""ce3616d9-58ad-4ec7-a294-1821e1564434"",""environment"":""fb6513d0-42a4-4660-82b5-509c54b15f2a"",""service"":""4978aa94-666c-47c7-8024-3ada55195a51"",""deployment"":""c8e742c7-fd58-4839-abec-b04a495e1b44"",""replica"":""9a97e4c2-a192-4277-9593-7e8d80b64342""}",2026-04-02T07:59:18.614709900Z
},info,"{""level"":""info""}","{""project"":""ce3616d9-58ad-4ec7-a294-1821e1564434"",""environment"":""fb6513d0-42a4-4660-82b5-509c54b15f2a"",""service"":""4978aa94-666c-47c7-8024-3ada55195a51"",""deployment"":""c8e742c7-fd58-4839-abec-b04a495e1b44"",""replica"":""9a97e4c2-a192-4277-9593-7e8d80b64342""}",2026-04-02T07:59:18.614722724Z
[START SESSION] Current accounts: [],info,"{""level"":""info""}","{""project"":""ce3616d9-58ad-4ec7-a294-1821e1564434"",""environment"":""fb6513d0-42a4-4660-82b5-509c54b15f2a"",""service"":""4978aa94-666c-47c7-8024-3ada55195a51"",""deployment"":""c8e742c7-fd58-4839-abec-b04a495e1b44"",""replica"":""9a97e4c2-a192-4277-9593-7e8d80b64342""}",2026-04-02T07:59:18.614728631Z
==========================================,info,"{""level"":""info""}","{""project"":""ce3616d9-58ad-4ec7-a294-1821e1564434"",""environment"":""fb6513d0-42a4-4660-82b5-509c54b15f2a"",""service"":""4978aa94-666c-47c7-8024-3ada55195a51"",""deployment"":""c8e742c7-fd58-4839-abec-b04a495e1b44"",""replica"":""9a97e4c2-a192-4277-9593-7e8d80b64342""}",2026-04-02T07:59:18.614734657Z
[CLEAR SESSION] Attempting to clear session for: akun-01,info,"{""level"":""info""}","{""project"":""ce3616d9-58ad-4ec7-a294-1821e1564434"",""environment"":""fb6513d0-42a4-4660-82b5-509c54b15f2a"",""service"":""4978aa94-666c-47c7-8024-3ada55195a51"",""deployment"":""c8e742c7-fd58-4839-abec-b04a495e1b44"",""replica"":""9a97e4c2-a192-4277-9593-7e8d80b64342""}",2026-04-02T07:59:18.614748903Z
[CLEAR SESSION] Session path: /app/mini-services/whatsapp-service/sessions/akun-01,info,"{""level"":""info""}","{""project"":""ce3616d9-58ad-4ec7-a294-1821e1564434"",""environment"":""fb6513d0-42a4-4660-82b5-509c54b15f2a"",""service"":""4978aa94-666c-47c7-8024-3ada55195a51"",""deployment"":""c8e742c7-fd58-4839-abec-b04a495e1b44"",""replica"":""9a97e4c2-a192-4277-9593-7e8d80b64342""}",2026-04-02T07:59:18.614755619Z
[CLEAR SESSION] Session directory exists,info,"{""level"":""info""}","{""project"":""ce3616d9-58ad-4ec7-a294-1821e1564434"",""environment"":""fb6513d0-42a4-4660-82b5-509c54b15f2a"",""service"":""4978aa94-666c-47c7-8024-3ada55195a51"",""deployment"":""c8e742c7-fd58-4839-abec-b04a495e1b44"",""replica"":""9a97e4c2-a192-4277-9593-7e8d80b64342""}",2026-04-02T07:59:18.614762212Z
[CLEAR SESSION] Deleting session directory with rimraf...,info,"{""level"":""info""}","{""project"":""ce3616d9-58ad-4ec7-a294-1821e1564434"",""environment"":""fb6513d0-42a4-4660-82b5-509c54b15f2a"",""service"":""4978aa94-666c-47c7-8024-3ada55195a51"",""deployment"":""c8e742c7-fd58-4839-abec-b04a495e1b44"",""replica"":""9a97e4c2-a192-4277-9593-7e8d80b64342""}",2026-04-02T07:59:18.614768948Z
[CLEAR SESSION] ✅ Session directory successfully deleted,info,"{""level"":""info""}","{""project"":""ce3616d9-58ad-4ec7-a294-1821e1564434"",""environment"":""fb6513d0-42a4-4660-82b5-509c54b15f2a"",""service"":""4978aa94-666c-47c7-8024-3ada55195a51"",""deployment"":""c8e742c7-fd58-4839-abec-b04a495e1b44"",""replica"":""9a97e4c2-a192-4277-9593-7e8d80b64342""}",2026-04-02T07:59:18.614775604Z
[START SESSION] ✅ Session data cleared successfully,info,"{""level"":""info""}","{""project"":""ce3616d9-58ad-4ec7-a294-1821e1564434"",""environment"":""fb6513d0-42a4-4660-82b5-509c54b15f2a"",""service"":""4978aa94-666c-47c7-8024-3ada55195a51"",""deployment"":""c8e742c7-fd58-4839-abec-b04a495e1b44"",""replica"":""9a97e4c2-a192-4277-9593-7e8d80b64342""}",2026-04-02T07:59:18.614781770Z
[START SESSION] Loading auth state...,info,"{""level"":""info""}","{""project"":""ce3616d9-58ad-4ec7-a294-1821e1564434"",""environment"":""fb6513d0-42a4-4660-82b5-509c54b15f2a"",""service"":""4978aa94-666c-47c7-8024-3ada55195a51"",""deployment"":""c8e742c7-fd58-4839-abec-b04a495e1b44"",""replica"":""9a97e4c2-a192-4277-9593-7e8d80b64342""}",2026-04-02T07:59:18.616098935Z
[START SESSION] Auth state loaded:,info,"{""level"":""info""}","{""project"":""ce3616d9-58ad-4ec7-a294-1821e1564434"",""environment"":""fb6513d0-42a4-4660-82b5-509c54b15f2a"",""service"":""4978aa94-666c-47c7-8024-3ada55195a51"",""deployment"":""c8e742c7-fd58-4839-abec-b04a495e1b44"",""replica"":""9a97e4c2-a192-4277-9593-7e8d80b64342""}",2026-04-02T07:59:18.622796815Z
[START SESSION] - hasCreds: true,info,"{""level"":""info""}","{""project"":""ce3616d9-58ad-4ec7-a294-1821e1564434"",""environment"":""fb6513d0-42a4-4660-82b5-509c54b15f2a"",""service"":""4978aa94-666c-47c7-8024-3ada55195a51"",""deployment"":""c8e742c7-fd58-4839-abec-b04a495e1b44"",""replica"":""9a97e4c2-a192-4277-9593-7e8d80b64342""}",2026-04-02T07:59:18.622803626Z
[START SESSION] - creds.me.id: N/A,info,"{""level"":""info""}","{""project"":""ce3616d9-58ad-4ec7-a294-1821e1564434"",""environment"":""fb6513d0-42a4-4660-82b5-509c54b15f2a"",""service"":""4978aa94-666c-47c7-8024-3ada55195a51"",""deployment"":""c8e742c7-fd58-4839-abec-b04a495e1b44"",""replica"":""9a97e4c2-a192-4277-9593-7e8d80b64342""}",2026-04-02T07:59:18.622813512Z
[START SESSION] - creds.me.name: N/A,info,"{""level"":""info""}","{""project"":""ce3616d9-58ad-4ec7-a294-1821e1564434"",""environment"":""fb6513d0-42a4-4660-82b5-509c54b15f2a"",""service"":""4978aa94-666c-47c7-8024-3ada55195a51"",""deployment"":""c8e742c7-fd58-4839-abec-b04a495e1b44"",""replica"":""9a97e4c2-a192-4277-9593-7e8d80b64342""}",2026-04-02T07:59:18.622817616Z
[START SESSION] - This account will: REGISTER (expect QR),info,"{""level"":""info""}","{""project"":""ce3616d9-58ad-4ec7-a294-1821e1564434"",""environment"":""fb6513d0-42a4-4660-82b5-509c54b15f2a"",""service"":""4978aa94-666c-47c7-8024-3ada55195a51"",""deployment"":""c8e742c7-fd58-4839-abec-b04a495e1b44"",""replica"":""9a97e4c2-a192-4277-9593-7e8d80b64342""}",2026-04-02T07:59:18.622822130Z
[START SESSION] Fetching Baileys version...,info,"{""level"":""info""}","{""project"":""ce3616d9-58ad-4ec7-a294-1821e1564434"",""environment"":""fb6513d0-42a4-4660-82b5-509c54b15f2a"",""service"":""4978aa94-666c-47c7-8024-3ada55195a51"",""deployment"":""c8e742c7-fd58-4839-abec-b04a495e1b44"",""replica"":""9a97e4c2-a192-4277-9593-7e8d80b64342""}",2026-04-02T07:59:18.622826144Z
"[START SESSION] Baileys version: [ 2, 3000, 1035194821 ]",info,"{""level"":""info""}","{""project"":""ce3616d9-58ad-4ec7-a294-1821e1564434"",""environment"":""fb6513d0-42a4-4660-82b5-509c54b15f2a"",""service"":""4978aa94-666c-47c7-8024-3ada55195a51"",""deployment"":""c8e742c7-fd58-4839-abec-b04a495e1b44"",""replica"":""9a97e4c2-a192-4277-9593-7e8d80b64342""}",2026-04-02T07:59:18.635739501Z
[START SESSION] Creating WhatsApp socket...,info,"{""level"":""info""}","{""project"":""ce3616d9-58ad-4ec7-a294-1821e1564434"",""environment"":""fb6513d0-42a4-4660-82b5-509c54b15f2a"",""service"":""4978aa94-666c-47c7-8024-3ada55195a51"",""deployment"":""c8e742c7-fd58-4839-abec-b04a495e1b44"",""replica"":""9a97e4c2-a192-4277-9593-7e8d80b64342""}",2026-04-02T07:59:18.635745242Z
[NETWORK] Testing connectivity to WhatsApp servers...,info,"{""level"":""info""}","{""project"":""ce3616d9-58ad-4ec7-a294-1821e1564434"",""environment"":""fb6513d0-42a4-4660-82b5-509c54b15f2a"",""service"":""4978aa94-666c-47c7-8024-3ada55195a51"",""deployment"":""c8e742c7-fd58-4839-abec-b04a495e1b44"",""replica"":""9a97e4c2-a192-4277-9593-7e8d80b64342""}",2026-04-02T07:59:18.635750551Z
[NETWORK] DNS resolution for web.whatsapp.com: [ '157.240.15.60' ],info,"{""level"":""info""}","{""project"":""ce3616d9-58ad-4ec7-a294-1821e1564434"",""environment"":""fb6513d0-42a4-4660-82b5-509c54b15f2a"",""service"":""4978aa94-666c-47c7-8024-3ada55195a51"",""deployment"":""c8e742c7-fd58-4839-abec-b04a495e1b44"",""replica"":""9a97e4c2-a192-4277-9593-7e8d80b64342""}",2026-04-02T07:59:18.635757057Z
2026-04-02 07:59:18 UTC - Services healthy,info,"{""level"":""info""}","{""project"":""ce3616d9-58ad-4ec7-a294-1821e1564434"",""environment"":""fb6513d0-42a4-4660-82b5-509c54b15f2a"",""service"":""4978aa94-666c-47c7-8024-3ada55195a51"",""deployment"":""c8e742c7-fd58-4839-abec-b04a495e1b44"",""replica"":""9a97e4c2-a192-4277-9593-7e8d80b64342""}",2026-04-02T07:59:18.719150494Z
"  password: '',",info,"{""level"":""info""}","{""project"":""ce3616d9-58ad-4ec7-a294-1821e1564434"",""environment"":""fb6513d0-42a4-4660-82b5-509c54b15f2a"",""service"":""4978aa94-666c-47c7-8024-3ada55195a51"",""deployment"":""c8e742c7-fd58-4839-abec-b04a495e1b44"",""replica"":""9a97e4c2-a192-4277-9593-7e8d80b64342""}",2026-04-02T07:59:18.870983737Z
"  hostname: 'web.whatsapp.com',",info,"{""level"":""info""}","{""project"":""ce3616d9-58ad-4ec7-a294-1821e1564434"",""environment"":""fb6513d0-42a4-4660-82b5-509c54b15f2a"",""service"":""4978aa94-666c-47c7-8024-3ada55195a51"",""deployment"":""c8e742c7-fd58-4839-abec-b04a495e1b44"",""replica"":""9a97e4c2-a192-4277-9593-7e8d80b64342""}",2026-04-02T07:59:18.870995227Z
"  port: '',",info,"{""level"":""info""}","{""project"":""ce3616d9-58ad-4ec7-a294-1821e1564434"",""environment"":""fb6513d0-42a4-4660-82b5-509c54b15f2a"",""service"":""4978aa94-666c-47c7-8024-3ada55195a51"",""deployment"":""c8e742c7-fd58-4839-abec-b04a495e1b44"",""replica"":""9a97e4c2-a192-4277-9593-7e8d80b64342""}",2026-04-02T07:59:18.871000931Z
"  pathname: '/ws/chat',",info,"{""level"":""info""}","{""project"":""ce3616d9-58ad-4ec7-a294-1821e1564434"",""environment"":""fb6513d0-42a4-4660-82b5-509c54b15f2a"",""service"":""4978aa94-666c-47c7-8024-3ada55195a51"",""deployment"":""c8e742c7-fd58-4839-abec-b04a495e1b44"",""replica"":""9a97e4c2-a192-4277-9593-7e8d80b64342""}",2026-04-02T07:59:18.871006297Z
"  search: '',",info,"{""level"":""info""}","{""project"":""ce3616d9-58ad-4ec7-a294-1821e1564434"",""environment"":""fb6513d0-42a4-4660-82b5-509c54b15f2a"",""service"":""4978aa94-666c-47c7-8024-3ada55195a51"",""deployment"":""c8e742c7-fd58-4839-abec-b04a495e1b44"",""replica"":""9a97e4c2-a192-4277-9593-7e8d80b64342""}",2026-04-02T07:59:18.871011922Z
"  searchParams: URLSearchParams {},",info,"{""level"":""info""}","{""project"":""ce3616d9-58ad-4ec7-a294-1821e1564434"",""environment"":""fb6513d0-42a4-4660-82b5-509c54b15f2a"",""service"":""4978aa94-666c-47c7-8024-3ada55195a51"",""deployment"":""c8e742c7-fd58-4839-abec-b04a495e1b44"",""replica"":""9a97e4c2-a192-4277-9593-7e8d80b64342""}",2026-04-02T07:59:18.871016922Z
  hash: '',info,"{""level"":""info""}","{""project"":""ce3616d9-58ad-4ec7-a294-1821e1564434"",""environment"":""fb6513d0-42a4-4660-82b5-509c54b15f2a"",""service"":""4978aa94-666c-47c7-8024-3ada55195a51"",""deployment"":""c8e742c7-fd58-4839-abec-b04a495e1b44"",""replica"":""9a97e4c2-a192-4277-9593-7e8d80b64342""}",2026-04-02T07:59:18.871022247Z
},info,"{""level"":""info""}","{""project"":""ce3616d9-58ad-4ec7-a294-1821e1564434"",""environment"":""fb6513d0-42a4-4660-82b5-509c54b15f2a"",""service"":""4978aa94-666c-47c7-8024-3ada55195a51"",""deployment"":""c8e742c7-fd58-4839-abec-b04a495e1b44"",""replica"":""9a97e4c2-a192-4277-9593-7e8d80b64342""}",2026-04-02T07:59:18.871027987Z
[NETWORK] HTTPS test to web.whatsapp.com: Status 200,info,"{""level"":""info""}","{""project"":""ce3616d9-58ad-4ec7-a294-1821e1564434"",""environment"":""fb6513d0-42a4-4660-82b5-509c54b15f2a"",""service"":""4978aa94-666c-47c7-8024-3ada55195a51"",""deployment"":""c8e742c7-fd58-4839-abec-b04a495e1b44"",""replica"":""9a97e4c2-a192-4277-9593-7e8d80b64342""}",2026-04-02T07:59:18.871031195Z
[SOCKET] makeWASocket created for: akun-01,info,"{""level"":""info""}","{""project"":""ce3616d9-58ad-4ec7-a294-1821e1564434"",""environment"":""fb6513d0-42a4-4660-82b5-509c54b15f2a"",""service"":""4978aa94-666c-47c7-8024-3ada55195a51"",""deployment"":""c8e742c7-fd58-4839-abec-b04a495e1b44"",""replica"":""9a97e4c2-a192-4277-9593-7e8d80b64342""}",2026-04-02T07:59:18.871036893Z
[SOCKET] Socket has ev? true,info,"{""level"":""info""}","{""project"":""ce3616d9-58ad-4ec7-a294-1821e1564434"",""environment"":""fb6513d0-42a4-4660-82b5-509c54b15f2a"",""service"":""4978aa94-666c-47c7-8024-3ada55195a51"",""deployment"":""c8e742c7-fd58-4839-abec-b04a495e1b44"",""replica"":""9a97e4c2-a192-4277-9593-7e8d80b64342""}",2026-04-02T07:59:18.871041666Z
[SOCKET] Socket has ws? true,info,"{""level"":""info""}","{""project"":""ce3616d9-58ad-4ec7-a294-1821e1564434"",""environment"":""fb6513d0-42a4-4660-82b5-509c54b15f2a"",""service"":""4978aa94-666c-47c7-8024-3ada55195a51"",""deployment"":""c8e742c7-fd58-4839-abec-b04a495e1b44"",""replica"":""9a97e4c2-a192-4277-9593-7e8d80b64342""}",2026-04-02T07:59:18.871047377Z
[SOCKET] Socket user? undefined,info,"{""level"":""info""}","{""project"":""ce3616d9-58ad-4ec7-a294-1821e1564434"",""environment"":""fb6513d0-42a4-4660-82b5-509c54b15f2a"",""service"":""4978aa94-666c-47c7-8024-3ada55195a51"",""deployment"":""c8e742c7-fd58-4839-abec-b04a495e1b44"",""replica"":""9a97e4c2-a192-4277-9593-7e8d80b64342""}",2026-04-02T07:59:18.871052680Z
[ACCOUNT] ✅ Added pending account to map immediately: akun-01,info,"{""level"":""info""}","{""project"":""ce3616d9-58ad-4ec7-a294-1821e1564434"",""environment"":""fb6513d0-42a4-4660-82b5-509c54b15f2a"",""service"":""4978aa94-666c-47c7-8024-3ada55195a51"",""deployment"":""c8e742c7-fd58-4839-abec-b04a495e1b44"",""replica"":""9a97e4c2-a192-4277-9593-7e8d80b64342""}",2026-04-02T07:59:18.871058355Z
[SOCKET] 🚀 Registering connection.update handler IMMEDIATELY for: akun-01,info,"{""level"":""info""}","{""project"":""ce3616d9-58ad-4ec7-a294-1821e1564434"",""environment"":""fb6513d0-42a4-4660-82b5-509c54b15f2a"",""service"":""4978aa94-666c-47c7-8024-3ada55195a51"",""deployment"":""c8e742c7-fd58-4839-abec-b04a495e1b44"",""replica"":""9a97e4c2-a192-4277-9593-7e8d80b64342""}",2026-04-02T07:59:18.871063262Z
[SOCKET] ✅ Event handlers registered IMMEDIATELY,info,"{""level"":""info""}","{""project"":""ce3616d9-58ad-4ec7-a294-1821e1564434"",""environment"":""fb6513d0-42a4-4660-82b5-509c54b15f2a"",""service"":""4978aa94-666c-47c7-8024-3ada55195a51"",""deployment"":""c8e742c7-fd58-4839-abec-b04a495e1b44"",""replica"":""9a97e4c2-a192-4277-9593-7e8d80b64342""}",2026-04-02T07:59:18.871068012Z
[WS] Native WebSocket exists: true,info,"{""level"":""info""}","{""project"":""ce3616d9-58ad-4ec7-a294-1821e1564434"",""environment"":""fb6513d0-42a4-4660-82b5-509c54b15f2a"",""service"":""4978aa94-666c-47c7-8024-3ada55195a51"",""deployment"":""c8e742c7-fd58-4839-abec-b04a495e1b44"",""replica"":""9a97e4c2-a192-4277-9593-7e8d80b64342""}",2026-04-02T07:59:18.871072462Z
[WS] Native WebSocket state: 0 = CONNECTING,info,"{""level"":""info""}","{""project"":""ce3616d9-58ad-4ec7-a294-1821e1564434"",""environment"":""fb6513d0-42a4-4660-82b5-509c54b15f2a"",""service"":""4978aa94-666c-47c7-8024-3ada55195a51"",""deployment"":""c8e742c7-fd58-4839-abec-b04a495e1b44"",""replica"":""9a97e4c2-a192-4277-9593-7e8d80b64342""}",2026-04-02T07:59:18.871076846Z
[WS] WebSocketClient isConnecting: true,info,"{""level"":""info""}","{""project"":""ce3616d9-58ad-4ec7-a294-1821e1564434"",""environment"":""fb6513d0-42a4-4660-82b5-509c54b15f2a"",""service"":""4978aa94-666c-47c7-8024-3ada55195a51"",""deployment"":""c8e742c7-fd58-4839-abec-b04a495e1b44"",""replica"":""9a97e4c2-a192-4277-9593-7e8d80b64342""}",2026-04-02T07:59:18.871082109Z
[WS] WebSocketClient isOpen: false,info,"{""level"":""info""}","{""project"":""ce3616d9-58ad-4ec7-a294-1821e1564434"",""environment"":""fb6513d0-42a4-4660-82b5-509c54b15f2a"",""service"":""4978aa94-666c-47c7-8024-3ada55195a51"",""deployment"":""c8e742c7-fd58-4839-abec-b04a495e1b44"",""replica"":""9a97e4c2-a192-4277-9593-7e8d80b64342""}",2026-04-02T07:59:18.871086389Z
[WS] WebSocketClient isClosed: false,info,"{""level"":""info""}","{""project"":""ce3616d9-58ad-4ec7-a294-1821e1564434"",""environment"":""fb6513d0-42a4-4660-82b5-509c54b15f2a"",""service"":""4978aa94-666c-47c7-8024-3ada55195a51"",""deployment"":""c8e742c7-fd58-4839-abec-b04a495e1b44"",""replica"":""9a97e4c2-a192-4277-9593-7e8d80b64342""}",2026-04-02T07:59:18.871091856Z
[WS] WebSocket URL: URL {,info,"{""level"":""info""}","{""project"":""ce3616d9-58ad-4ec7-a294-1821e1564434"",""environment"":""fb6513d0-42a4-4660-82b5-509c54b15f2a"",""service"":""4978aa94-666c-47c7-8024-3ada55195a51"",""deployment"":""c8e742c7-fd58-4839-abec-b04a495e1b44"",""replica"":""9a97e4c2-a192-4277-9593-7e8d80b64342""}",2026-04-02T07:59:18.871096933Z
"  href: 'wss://web.whatsapp.com/ws/chat',",info,"{""level"":""info""}","{""project"":""ce3616d9-58ad-4ec7-a294-1821e1564434"",""environment"":""fb6513d0-42a4-4660-82b5-509c54b15f2a"",""service"":""4978aa94-666c-47c7-8024-3ada55195a51"",""deployment"":""c8e742c7-fd58-4839-abec-b04a495e1b44"",""replica"":""9a97e4c2-a192-4277-9593-7e8d80b64342""}",2026-04-02T07:59:18.871101395Z
"  origin: 'wss://web.whatsapp.com',",info,"{""level"":""info""}","{""project"":""ce3616d9-58ad-4ec7-a294-1821e1564434"",""environment"":""fb6513d0-42a4-4660-82b5-509c54b15f2a"",""service"":""4978aa94-666c-47c7-8024-3ada55195a51"",""deployment"":""c8e742c7-fd58-4839-abec-b04a495e1b44"",""replica"":""9a97e4c2-a192-4277-9593-7e8d80b64342""}",2026-04-02T07:59:18.871105723Z
"  protocol: 'wss:',",info,"{""level"":""info""}","{""project"":""ce3616d9-58ad-4ec7-a294-1821e1564434"",""environment"":""fb6513d0-42a4-4660-82b5-509c54b15f2a"",""service"":""4978aa94-666c-47c7-8024-3ada55195a51"",""deployment"":""c8e742c7-fd58-4839-abec-b04a495e1b44"",""replica"":""9a97e4c2-a192-4277-9593-7e8d80b64342""}",2026-04-02T07:59:18.871110164Z
[SESSION] ✅ Retrieved account from map: akun-01,info,"{""level"":""info""}","{""project"":""ce3616d9-58ad-4ec7-a294-1821e1564434"",""environment"":""fb6513d0-42a4-4660-82b5-509c54b15f2a"",""service"":""4978aa94-666c-47c7-8024-3ada55195a51"",""deployment"":""c8e742c7-fd58-4839-abec-b04a495e1b44"",""replica"":""9a97e4c2-a192-4277-9593-7e8d80b64342""}",2026-04-02T07:59:18.872204696Z
[SESSION/START] Session started successfully for: akun-01,info,"{""level"":""info""}","{""project"":""ce3616d9-58ad-4ec7-a294-1821e1564434"",""environment"":""fb6513d0-42a4-4660-82b5-509c54b15f2a"",""service"":""4978aa94-666c-47c7-8024-3ada55195a51"",""deployment"":""c8e742c7-fd58-4839-abec-b04a495e1b44"",""replica"":""9a97e4c2-a192-4277-9593-7e8d80b64342""}",2026-04-02T07:59:18.872217363Z
==========================================,info,"{""level"":""info""}","{""project"":""ce3616d9-58ad-4ec7-a294-1821e1564434"",""environment"":""fb6513d0-42a4-4660-82b5-509c54b15f2a"",""service"":""4978aa94-666c-47c7-8024-3ada55195a51"",""deployment"":""c8e742c7-fd58-4839-abec-b04a495e1b44"",""replica"":""9a97e4c2-a192-4277-9593-7e8d80b64342""}",2026-04-02T07:59:18.872225588Z
[CONNECTION UPDATE] ✅ EVENT RECEIVED! {,info,"{""level"":""info""}","{""project"":""ce3616d9-58ad-4ec7-a294-1821e1564434"",""environment"":""fb6513d0-42a4-4660-82b5-509c54b15f2a"",""service"":""4978aa94-666c-47c7-8024-3ada55195a51"",""deployment"":""c8e742c7-fd58-4839-abec-b04a495e1b44"",""replica"":""9a97e4c2-a192-4277-9593-7e8d80b64342""}",2026-04-02T07:59:18.872232532Z
"  accountId: 'akun-01',",info,"{""level"":""info""}","{""project"":""ce3616d9-58ad-4ec7-a294-1821e1564434"",""environment"":""fb6513d0-42a4-4660-82b5-509c54b15f2a"",""service"":""4978aa94-666c-47c7-8024-3ada55195a51"",""deployment"":""c8e742c7-fd58-4839-abec-b04a495e1b44"",""replica"":""9a97e4c2-a192-4277-9593-7e8d80b64342""}",2026-04-02T07:59:18.872239328Z
"  connection: 'connecting',",info,"{""level"":""info""}","{""project"":""ce3616d9-58ad-4ec7-a294-1821e1564434"",""environment"":""fb6513d0-42a4-4660-82b5-509c54b15f2a"",""service"":""4978aa94-666c-47c7-8024-3ada55195a51"",""deployment"":""c8e742c7-fd58-4839-abec-b04a495e1b44"",""replica"":""9a97e4c2-a192-4277-9593-7e8d80b64342""}",2026-04-02T07:59:18.872246173Z
"  hasQr: false,",info,"{""level"":""info""}","{""project"":""ce3616d9-58ad-4ec7-a294-1821e1564434"",""environment"":""fb6513d0-42a4-4660-82b5-509c54b15f2a"",""service"":""4978aa94-666c-47c7-8024-3ada55195a51"",""deployment"":""c8e742c7-fd58-4839-abec-b04a495e1b44"",""replica"":""9a97e4c2-a192-4277-9593-7e8d80b64342""}",2026-04-02T07:59:18.872252924Z
"  qrPreview: null,",info,"{""level"":""info""}","{""project"":""ce3616d9-58ad-4ec7-a294-1821e1564434"",""environment"":""fb6513d0-42a4-4660-82b5-509c54b15f2a"",""service"":""4978aa94-666c-47c7-8024-3ada55195a51"",""deployment"":""c8e742c7-fd58-4839-abec-b04a495e1b44"",""replica"":""9a97e4c2-a192-4277-9593-7e8d80b64342""}",2026-04-02T07:59:18.872259314Z
  isNewLogin: undefined,info,"{""level"":""info""}","{""project"":""ce3616d9-58ad-4ec7-a294-1821e1564434"",""environment"":""fb6513d0-42a4-4660-82b5-509c54b15f2a"",""service"":""4978aa94-666c-47c7-8024-3ada55195a51"",""deployment"":""c8e742c7-fd58-4839-abec-b04a495e1b44"",""replica"":""9a97e4c2-a192-4277-9593-7e8d80b64342""}",2026-04-02T07:59:18.872265985Z
},info,"{""level"":""info""}","{""project"":""ce3616d9-58ad-4ec7-a294-1821e1564434"",""environment"":""fb6513d0-42a4-4660-82b5-509c54b15f2a"",""service"":""4978aa94-666c-47c7-8024-3ada55195a51"",""deployment"":""c8e742c7-fd58-4839-abec-b04a495e1b44"",""replica"":""9a97e4c2-a192-4277-9593-7e8d80b64342""}",2026-04-02T07:59:18.872272805Z
==========================================,info,"{""level"":""info""}","{""project"":""ce3616d9-58ad-4ec7-a294-1821e1564434"",""environment"":""fb6513d0-42a4-4660-82b5-509c54b15f2a"",""service"":""4978aa94-666c-47c7-8024-3ada55195a51"",""deployment"":""c8e742c7-fd58-4839-abec-b04a495e1b44"",""replica"":""9a97e4c2-a192-4277-9593-7e8d80b64342""}",2026-04-02T07:59:18.872302445Z
connected to WA,info,"{""time"":1775116759044,""pid"":100,""hostname"":""502686071fc0"",""browser"":[""Mac OS"",""Chrome"",""14.4.1""],""helloMsg"":{""clientHello"":{""ephemeral"":""2MP/vcLQxk7lhOhipCJSQkgFvapR2mAi+Ylvaw4oTUw=""}},""level"":""info""}","{""project"":""ce3616d9-58ad-4ec7-a294-1821e1564434"",""environment"":""fb6513d0-42a4-4660-82b5-509c54b15f2a"",""service"":""4978aa94-666c-47c7-8024-3ada55195a51"",""deployment"":""c8e742c7-fd58-4839-abec-b04a495e1b44"",""replica"":""9a97e4c2-a192-4277-9593-7e8d80b64342""}",2026-04-02T07:59:19.330369355Z
[WS NATIVE SEND] Sending for akun-01 type: object preview: V0EGAwAAJBIiCiDYw/+9wtDGTuWE6GKkIlJCSAW9qlHaYCL5iW9rDihNTA==,info,"{""level"":""info""}","{""project"":""ce3616d9-58ad-4ec7-a294-1821e1564434"",""environment"":""fb6513d0-42a4-4660-82b5-509c54b15f2a"",""service"":""4978aa94-666c-47c7-8024-3ada55195a51"",""deployment"":""c8e742c7-fd58-4839-abec-b04a495e1b44"",""replica"":""9a97e4c2-a192-4277-9593-7e8d80b64342""}",2026-04-02T07:59:19.330377259Z
[WS NATIVE OPEN] Native WebSocket opened for akun-01,info,"{""level"":""info""}","{""project"":""ce3616d9-58ad-4ec7-a294-1821e1564434"",""environment"":""fb6513d0-42a4-4660-82b5-509c54b15f2a"",""service"":""4978aa94-666c-47c7-8024-3ada55195a51"",""deployment"":""c8e742c7-fd58-4839-abec-b04a495e1b44"",""replica"":""9a97e4c2-a192-4277-9593-7e8d80b64342""}",2026-04-02T07:59:19.330384946Z
[WS NATIVE MESSAGE] Received for akun-01 binary: true len: 350 preview: AAFbGtgCCiDeHmBxObuaxndm5dWzOHvYYG+RBbRuqkNkEArI1WOqBRIwlIuTD8ynT9A=...,info,"{""level"":""info""}","{""project"":""ce3616d9-58ad-4ec7-a294-1821e1564434"",""environment"":""fb6513d0-42a4-4660-82b5-509c54b15f2a"",""service"":""4978aa94-666c-47c7-8024-3ada55195a51"",""deployment"":""c8e742c7-fd58-4839-abec-b04a495e1b44"",""replica"":""9a97e4c2-a192-4277-9593-7e8d80b64342""}",2026-04-02T07:59:19.330392723Z
"not logged in, attempting registration...",info,"{""time"":1775116759242,""pid"":100,""hostname"":""502686071fc0"",""node"":{""passive"":false,""userAgent"":{""platform"":""WEB"",""appVersion"":{""primary"":2,""secondary"":3000,""tertiary"":1035194821},""mcc"":""000"",""mnc"":""000"",""osVersion"":""0.1"",""device"":""Desktop"",""osBuildNumber"":""0.1"",""releaseChannel"":""RELEASE"",""localeLanguageIso6391"":""en"",""localeCountryIso31661Alpha2"":""US""},""webInfo"":{""webSubPlatform"":""WEB_BROWSER""},""connectType"":""WIFI_UNKNOWN"",""connectReason"":""USER_ACTIVATED"",""devicePairingData"":{""eRegid"":""AAAAPw=="",""eKeytype"":""BQ=="",""eIdent"":""GII+n2YjvnrGb215Z5IC9x5r5DnzbmMkJ2jep1lTCgs="",""eSkeyId"":""AAAB"",""eSkeyVal"":""MEz35xxOvI9FXeeXS/jDH7jDd1ykWaNLwUHiJmnFHyY="",""eSkeySig"":""bebG5sTgs02M/KIJoFSLWy5UVbWi4EYDAIrzsznnNd+cv59p4brL+WeMVqL6jpYHmag+rP4kZIwh0SIZZojkig=="",""buildHash"":""oslHHv+RCp4a5lmJCiiHLQ=="",""deviceProps"":""CgZNYWMgT1MYASAAKhUYgFAgATAAOAFAAUgBUAFYAWABcAE=""},""pull"":false},""level"":""info""}","{""project"":""ce3616d9-58ad-4ec7-a294-1821e1564434"",""environment"":""fb6513d0-42a4-4660-82b5-509c54b15f2a"",""service"":""4978aa94-666c-47c7-8024-3ada55195a51"",""deployment"":""c8e742c7-fd58-4839-abec-b04a495e1b44"",""replica"":""9a97e4c2-a192-4277-9593-7e8d80b64342""}",2026-04-02T07:59:19.330399924Z
[WS NATIVE SEND] Sending for akun-01 type: object preview: AAFcItkCCjATUjofl1nPKqTsj1p/Ki21WcO7lZvVpq4vsERVQs6UbnLYZfo21rTA7Dw=,info,"{""level"":""info""}","{""project"":""ce3616d9-58ad-4ec7-a294-1821e1564434"",""environment"":""fb6513d0-42a4-4660-82b5-509c54b15f2a"",""service"":""4978aa94-666c-47c7-8024-3ada55195a51"",""deployment"":""c8e742c7-fd58-4839-abec-b04a495e1b44"",""replica"":""9a97e4c2-a192-4277-9593-7e8d80b64342""}",2026-04-02T07:59:19.330406585Z
[WS NATIVE MESSAGE] Received for akun-01 binary: true len: 698 preview: AAK35umXdE5fKPx7+UynJ+LLTbVPDgjOLZMlCOQ63y0FdAEGyCHhWx9dc3A2C25/zfA=...,info,"{""level"":""info""}","{""project"":""ce3616d9-58ad-4ec7-a294-1821e1564434"",""environment"":""fb6513d0-42a4-4660-82b5-509c54b15f2a"",""service"":""4978aa94-666c-47c7-8024-3ada55195a51"",""deployment"":""c8e742c7-fd58-4839-abec-b04a495e1b44"",""replica"":""9a97e4c2-a192-4277-9593-7e8d80b64342""}",2026-04-02T07:59:19.580688253Z
[WS NATIVE SEND] Sending for akun-01 type: object preview: AAAiWnDj70aHRYcb37sdsc/+eeZ1lpOTV62CbcT4/pK+QUTumg==,info,"{""level"":""info""}","{""project"":""ce3616d9-58ad-4ec7-a294-1821e1564434"",""environment"":""fb6513d0-42a4-4660-82b5-509c54b15f2a"",""service"":""4978aa94-666c-47c7-8024-3ada55195a51"",""deployment"":""c8e742c7-fd58-4839-abec-b04a495e1b44"",""replica"":""9a97e4c2-a192-4277-9593-7e8d80b64342""}",2026-04-02T07:59:19.580695729Z
==========================================,info,"{""level"":""info""}","{""project"":""ce3616d9-58ad-4ec7-a294-1821e1564434"",""environment"":""fb6513d0-42a4-4660-82b5-509c54b15f2a"",""service"":""4978aa94-666c-47c7-8024-3ada55195a51"",""deployment"":""c8e742c7-fd58-4839-abec-b04a495e1b44"",""replica"":""9a97e4c2-a192-4277-9593-7e8d80b64342""}",2026-04-02T07:59:19.580702785Z
[CONNECTION UPDATE] ✅ EVENT RECEIVED! {,info,"{""level"":""info""}","{""project"":""ce3616d9-58ad-4ec7-a294-1821e1564434"",""environment"":""fb6513d0-42a4-4660-82b5-509c54b15f2a"",""service"":""4978aa94-666c-47c7-8024-3ada55195a51"",""deployment"":""c8e742c7-fd58-4839-abec-b04a495e1b44"",""replica"":""9a97e4c2-a192-4277-9593-7e8d80b64342""}",2026-04-02T07:59:19.580708928Z
"  connection: undefined,",info,"{""level"":""info""}","{""project"":""ce3616d9-58ad-4ec7-a294-1821e1564434"",""environment"":""fb6513d0-42a4-4660-82b5-509c54b15f2a"",""service"":""4978aa94-666c-47c7-8024-3ada55195a51"",""deployment"":""c8e742c7-fd58-4839-abec-b04a495e1b44"",""replica"":""9a97e4c2-a192-4277-9593-7e8d80b64342""}",2026-04-02T07:59:19.580722357Z
"  hasQr: true,",info,"{""level"":""info""}","{""project"":""ce3616d9-58ad-4ec7-a294-1821e1564434"",""environment"":""fb6513d0-42a4-4660-82b5-509c54b15f2a"",""service"":""4978aa94-666c-47c7-8024-3ada55195a51"",""deployment"":""c8e742c7-fd58-4839-abec-b04a495e1b44"",""replica"":""9a97e4c2-a192-4277-9593-7e8d80b64342""}",2026-04-02T07:59:19.580728585Z
"  qrPreview: '2@AUp5yieAlspwiDpULsB3PsyttatlmtErjVXxPusTRJI73j/x...',",info,"{""level"":""info""}","{""project"":""ce3616d9-58ad-4ec7-a294-1821e1564434"",""environment"":""fb6513d0-42a4-4660-82b5-509c54b15f2a"",""service"":""4978aa94-666c-47c7-8024-3ada55195a51"",""deployment"":""c8e742c7-fd58-4839-abec-b04a495e1b44"",""replica"":""9a97e4c2-a192-4277-9593-7e8d80b64342""}",2026-04-02T07:59:19.580738149Z
  isNewLogin: undefined,info,"{""level"":""info""}","{""project"":""ce3616d9-58ad-4ec7-a294-1821e1564434"",""environment"":""fb6513d0-42a4-4660-82b5-509c54b15f2a"",""service"":""4978aa94-666c-47c7-8024-3ada55195a51"",""deployment"":""c8e742c7-fd58-4839-abec-b04a495e1b44"",""replica"":""9a97e4c2-a192-4277-9593-7e8d80b64342""}",2026-04-02T07:59:19.580744806Z
},info,"{""level"":""info""}","{""project"":""ce3616d9-58ad-4ec7-a294-1821e1564434"",""environment"":""fb6513d0-42a4-4660-82b5-509c54b15f2a"",""service"":""4978aa94-666c-47c7-8024-3ada55195a51"",""deployment"":""c8e742c7-fd58-4839-abec-b04a495e1b44"",""replica"":""9a97e4c2-a192-4277-9593-7e8d80b64342""}",2026-04-02T07:59:19.580751185Z
==========================================,info,"{""level"":""info""}","{""project"":""ce3616d9-58ad-4ec7-a294-1821e1564434"",""environment"":""fb6513d0-42a4-4660-82b5-509c54b15f2a"",""service"":""4978aa94-666c-47c7-8024-3ada55195a51"",""deployment"":""c8e742c7-fd58-4839-abec-b04a495e1b44"",""replica"":""9a97e4c2-a192-4277-9593-7e8d80b64342""}",2026-04-02T07:59:19.580757203Z
[QR] 🎯 QR code received for: akun-01,info,"{""level"":""info""}","{""project"":""ce3616d9-58ad-4ec7-a294-1821e1564434"",""environment"":""fb6513d0-42a4-4660-82b5-509c54b15f2a"",""service"":""4978aa94-666c-47c7-8024-3ada55195a51"",""deployment"":""c8e742c7-fd58-4839-abec-b04a495e1b44"",""replica"":""9a97e4c2-a192-4277-9593-7e8d80b64342""}",2026-04-02T07:59:19.580762882Z
[QR] QR length: 237,info,"{""level"":""info""}","{""project"":""ce3616d9-58ad-4ec7-a294-1821e1564434"",""environment"":""fb6513d0-42a4-4660-82b5-509c54b15f2a"",""service"":""4978aa94-666c-47c7-8024-3ada55195a51"",""deployment"":""c8e742c7-fd58-4839-abec-b04a495e1b44"",""replica"":""9a97e4c2-a192-4277-9593-7e8d80b64342""}",2026-04-02T07:59:19.580769830Z
[QR] Converting QR to data URL...,info,"{""level"":""info""}","{""project"":""ce3616d9-58ad-4ec7-a294-1821e1564434"",""environment"":""fb6513d0-42a4-4660-82b5-509c54b15f2a"",""service"":""4978aa94-666c-47c7-8024-3ada55195a51"",""deployment"":""c8e742c7-fd58-4839-abec-b04a495e1b44"",""replica"":""9a97e4c2-a192-4277-9593-7e8d80b64342""}",2026-04-02T07:59:19.580776087Z
"[QR] ✅ QR converted, length: 6378",info,"{""level"":""info""}","{""project"":""ce3616d9-58ad-4ec7-a294-1821e1564434"",""environment"":""fb6513d0-42a4-4660-82b5-509c54b15f2a"",""service"":""4978aa94-666c-47c7-8024-3ada55195a51"",""deployment"":""c8e742c7-fd58-4839-abec-b04a495e1b44"",""replica"":""9a97e4c2-a192-4277-9593-7e8d80b64342""}",2026-04-02T07:59:19.580785725Z