message,severity,attributes,tags,timestamp
stream errored out,info,"{""time"":1774660852359,""pid"":91,""hostname"":""6c1a8a1714b9"",""node"":{""tag"":""stream:error"",""attrs"":{""code"":""515""}},""level"":""info""}","{""project"":""ce3616d9-58ad-4ec7-a294-1821e1564434"",""environment"":""fb6513d0-42a4-4660-82b5-509c54b15f2a"",""service"":""4978aa94-666c-47c7-8024-3ada55195a51"",""deployment"":""e15128e0-a06e-4ecc-a154-cf21da1d2ead"",""replica"":""393dc7e0-9f17-413f-bdbf-430cb09b9e18""}",2026-03-28T01:20:52.535290442Z
==========================================,info,"{""level"":""info""}","{""project"":""ce3616d9-58ad-4ec7-a294-1821e1564434"",""environment"":""fb6513d0-42a4-4660-82b5-509c54b15f2a"",""service"":""4978aa94-666c-47c7-8024-3ada55195a51"",""deployment"":""e15128e0-a06e-4ecc-a154-cf21da1d2ead"",""replica"":""393dc7e0-9f17-413f-bdbf-430cb09b9e18""}",2026-03-28T01:20:52.535295850Z
[CONNECTION UPDATE] ✅ EVENT RECEIVED! {,info,"{""level"":""info""}","{""project"":""ce3616d9-58ad-4ec7-a294-1821e1564434"",""environment"":""fb6513d0-42a4-4660-82b5-509c54b15f2a"",""service"":""4978aa94-666c-47c7-8024-3ada55195a51"",""deployment"":""e15128e0-a06e-4ecc-a154-cf21da1d2ead"",""replica"":""393dc7e0-9f17-413f-bdbf-430cb09b9e18""}",2026-03-28T01:20:52.535300669Z
"  accountId: 'ryan-1',",info,"{""level"":""info""}","{""project"":""ce3616d9-58ad-4ec7-a294-1821e1564434"",""environment"":""fb6513d0-42a4-4660-82b5-509c54b15f2a"",""service"":""4978aa94-666c-47c7-8024-3ada55195a51"",""deployment"":""e15128e0-a06e-4ecc-a154-cf21da1d2ead"",""replica"":""393dc7e0-9f17-413f-bdbf-430cb09b9e18""}",2026-03-28T01:20:52.535304322Z
"  connection: 'close',",info,"{""level"":""info""}","{""project"":""ce3616d9-58ad-4ec7-a294-1821e1564434"",""environment"":""fb6513d0-42a4-4660-82b5-509c54b15f2a"",""service"":""4978aa94-666c-47c7-8024-3ada55195a51"",""deployment"":""e15128e0-a06e-4ecc-a154-cf21da1d2ead"",""replica"":""393dc7e0-9f17-413f-bdbf-430cb09b9e18""}",2026-03-28T01:20:52.535310883Z
"  hasQr: false,",info,"{""level"":""info""}","{""project"":""ce3616d9-58ad-4ec7-a294-1821e1564434"",""environment"":""fb6513d0-42a4-4660-82b5-509c54b15f2a"",""service"":""4978aa94-666c-47c7-8024-3ada55195a51"",""deployment"":""e15128e0-a06e-4ecc-a154-cf21da1d2ead"",""replica"":""393dc7e0-9f17-413f-bdbf-430cb09b9e18""}",2026-03-28T01:20:52.535315152Z
"  qrPreview: null,",info,"{""level"":""info""}","{""project"":""ce3616d9-58ad-4ec7-a294-1821e1564434"",""environment"":""fb6513d0-42a4-4660-82b5-509c54b15f2a"",""service"":""4978aa94-666c-47c7-8024-3ada55195a51"",""deployment"":""e15128e0-a06e-4ecc-a154-cf21da1d2ead"",""replica"":""393dc7e0-9f17-413f-bdbf-430cb09b9e18""}",2026-03-28T01:20:52.535320724Z
  isNewLogin: undefined,info,"{""level"":""info""}","{""project"":""ce3616d9-58ad-4ec7-a294-1821e1564434"",""environment"":""fb6513d0-42a4-4660-82b5-509c54b15f2a"",""service"":""4978aa94-666c-47c7-8024-3ada55195a51"",""deployment"":""e15128e0-a06e-4ecc-a154-cf21da1d2ead"",""replica"":""393dc7e0-9f17-413f-bdbf-430cb09b9e18""}",2026-03-28T01:20:52.535325857Z
},info,"{""level"":""info""}","{""project"":""ce3616d9-58ad-4ec7-a294-1821e1564434"",""environment"":""fb6513d0-42a4-4660-82b5-509c54b15f2a"",""service"":""4978aa94-666c-47c7-8024-3ada55195a51"",""deployment"":""e15128e0-a06e-4ecc-a154-cf21da1d2ead"",""replica"":""393dc7e0-9f17-413f-bdbf-430cb09b9e18""}",2026-03-28T01:20:52.535330746Z
==========================================,info,"{""level"":""info""}","{""project"":""ce3616d9-58ad-4ec7-a294-1821e1564434"",""environment"":""fb6513d0-42a4-4660-82b5-509c54b15f2a"",""service"":""4978aa94-666c-47c7-8024-3ada55195a51"",""deployment"":""e15128e0-a06e-4ecc-a154-cf21da1d2ead"",""replica"":""393dc7e0-9f17-413f-bdbf-430cb09b9e18""}",2026-03-28T01:20:52.535336956Z
[NETWORK] HTTPS test TIMEOUT,info,"{""level"":""info""}","{""project"":""ce3616d9-58ad-4ec7-a294-1821e1564434"",""environment"":""fb6513d0-42a4-4660-82b5-509c54b15f2a"",""service"":""4978aa94-666c-47c7-8024-3ada55195a51"",""deployment"":""e15128e0-a06e-4ecc-a154-cf21da1d2ead"",""replica"":""393dc7e0-9f17-413f-bdbf-430cb09b9e18""}",2026-03-28T01:20:55.174699396Z
[DB] Synced 1 accounts to database,info,"{""level"":""info""}","{""project"":""ce3616d9-58ad-4ec7-a294-1821e1564434"",""environment"":""fb6513d0-42a4-4660-82b5-509c54b15f2a"",""service"":""4978aa94-666c-47c7-8024-3ada55195a51"",""deployment"":""e15128e0-a06e-4ecc-a154-cf21da1d2ead"",""replica"":""393dc7e0-9f17-413f-bdbf-430cb09b9e18""}",2026-03-28T01:21:25.169830804Z
Client disconnected: 0hKCRDCnQTcTAhkZAAAF Reason: ping timeout Transport was: polling,info,"{""level"":""info""}","{""project"":""ce3616d9-58ad-4ec7-a294-1821e1564434"",""environment"":""fb6513d0-42a4-4660-82b5-509c54b15f2a"",""service"":""4978aa94-666c-47c7-8024-3ada55195a51"",""deployment"":""e15128e0-a06e-4ecc-a154-cf21da1d2ead"",""replica"":""393dc7e0-9f17-413f-bdbf-430cb09b9e18""}",2026-03-28T01:21:30.521085187Z
[DB] Synced 1 accounts to database,info,"{""level"":""info""}","{""project"":""ce3616d9-58ad-4ec7-a294-1821e1564434"",""environment"":""fb6513d0-42a4-4660-82b5-509c54b15f2a"",""service"":""4978aa94-666c-47c7-8024-3ada55195a51"",""deployment"":""e15128e0-a06e-4ecc-a154-cf21da1d2ead"",""replica"":""393dc7e0-9f17-413f-bdbf-430cb09b9e18""}",2026-03-28T01:21:50.314955524Z
[DB] Synced 1 accounts to database,info,"{""level"":""info""}","{""project"":""ce3616d9-58ad-4ec7-a294-1821e1564434"",""environment"":""fb6513d0-42a4-4660-82b5-509c54b15f2a"",""service"":""4978aa94-666c-47c7-8024-3ada55195a51"",""deployment"":""e15128e0-a06e-4ecc-a154-cf21da1d2ead"",""replica"":""393dc7e0-9f17-413f-bdbf-430cb09b9e18""}",2026-03-28T01:22:20.720585670Z
Client connected: U5UbYQnHc1TLqWDaAAAN Transport: polling,info,"{""level"":""info""}","{""project"":""ce3616d9-58ad-4ec7-a294-1821e1564434"",""environment"":""fb6513d0-42a4-4660-82b5-509c54b15f2a"",""service"":""4978aa94-666c-47c7-8024-3ada55195a51"",""deployment"":""e15128e0-a06e-4ecc-a154-cf21da1d2ead"",""replica"":""393dc7e0-9f17-413f-bdbf-430cb09b9e18""}",2026-03-28T01:22:40.982506133Z
[DB] Synced 1 accounts to database,info,"{""level"":""info""}","{""project"":""ce3616d9-58ad-4ec7-a294-1821e1564434"",""environment"":""fb6513d0-42a4-4660-82b5-509c54b15f2a"",""service"":""4978aa94-666c-47c7-8024-3ada55195a51"",""deployment"":""e15128e0-a06e-4ecc-a154-cf21da1d2ead"",""replica"":""393dc7e0-9f17-413f-bdbf-430cb09b9e18""}",2026-03-28T01:22:49.230950026Z
[DB] Synced 1 accounts to database,info,"{""level"":""info""}","{""project"":""ce3616d9-58ad-4ec7-a294-1821e1564434"",""environment"":""fb6513d0-42a4-4660-82b5-509c54b15f2a"",""service"":""4978aa94-666c-47c7-8024-3ada55195a51"",""deployment"":""e15128e0-a06e-4ecc-a154-cf21da1d2ead"",""replica"":""393dc7e0-9f17-413f-bdbf-430cb09b9e18""}",2026-03-28T01:23:19.409475474Z
[DB] Synced 1 accounts to database,info,"{""level"":""info""}","{""project"":""ce3616d9-58ad-4ec7-a294-1821e1564434"",""environment"":""fb6513d0-42a4-4660-82b5-509c54b15f2a"",""service"":""4978aa94-666c-47c7-8024-3ada55195a51"",""deployment"":""e15128e0-a06e-4ecc-a154-cf21da1d2ead"",""replica"":""393dc7e0-9f17-413f-bdbf-430cb09b9e18""}",2026-03-28T01:23:49.620590151Z
Client disconnected: Aif6AunWrRwD7nDxAAAJ Reason: ping timeout Transport was: polling,info,"{""level"":""info""}","{""project"":""ce3616d9-58ad-4ec7-a294-1821e1564434"",""environment"":""fb6513d0-42a4-4660-82b5-509c54b15f2a"",""service"":""4978aa94-666c-47c7-8024-3ada55195a51"",""deployment"":""e15128e0-a06e-4ecc-a154-cf21da1d2ead"",""replica"":""393dc7e0-9f17-413f-bdbf-430cb09b9e18""}",2026-03-28T01:24:09.673512002Z
[DB] Synced 1 accounts to database,info,"{""level"":""info""}","{""project"":""ce3616d9-58ad-4ec7-a294-1821e1564434"",""environment"":""fb6513d0-42a4-4660-82b5-509c54b15f2a"",""service"":""4978aa94-666c-47c7-8024-3ada55195a51"",""deployment"":""e15128e0-a06e-4ecc-a154-cf21da1d2ead"",""replica"":""393dc7e0-9f17-413f-bdbf-430cb09b9e18""}",2026-03-28T01:24:19.238202840Z
[DB] Synced 1 accounts to database,info,"{""level"":""info""}","{""project"":""ce3616d9-58ad-4ec7-a294-1821e1564434"",""environment"":""fb6513d0-42a4-4660-82b5-509c54b15f2a"",""service"":""4978aa94-666c-47c7-8024-3ada55195a51"",""deployment"":""e15128e0-a06e-4ecc-a154-cf21da1d2ead"",""replica"":""393dc7e0-9f17-413f-bdbf-430cb09b9e18""}",2026-03-28T01:24:49.314535851Z
[DB] Synced 1 accounts to database,info,"{""level"":""info""}","{""project"":""ce3616d9-58ad-4ec7-a294-1821e1564434"",""environment"":""fb6513d0-42a4-4660-82b5-509c54b15f2a"",""service"":""4978aa94-666c-47c7-8024-3ada55195a51"",""deployment"":""e15128e0-a06e-4ecc-a154-cf21da1d2ead"",""replica"":""393dc7e0-9f17-413f-bdbf-430cb09b9e18""}",2026-03-28T01:25:20.895862977Z
[DB] Synced 1 accounts to database,info,"{""level"":""info""}","{""project"":""ce3616d9-58ad-4ec7-a294-1821e1564434"",""environment"":""fb6513d0-42a4-4660-82b5-509c54b15f2a"",""service"":""4978aa94-666c-47c7-8024-3ada55195a51"",""deployment"":""e15128e0-a06e-4ecc-a154-cf21da1d2ead"",""replica"":""393dc7e0-9f17-413f-bdbf-430cb09b9e18""}",2026-03-28T01:25:51.123215610Z
[DB] Synced 1 accounts to database,info,"{""level"":""info""}","{""project"":""ce3616d9-58ad-4ec7-a294-1821e1564434"",""environment"":""fb6513d0-42a4-4660-82b5-509c54b15f2a"",""service"":""4978aa94-666c-47c7-8024-3ada55195a51"",""deployment"":""e15128e0-a06e-4ecc-a154-cf21da1d2ead"",""replica"":""393dc7e0-9f17-413f-bdbf-430cb09b9e18""}",2026-03-28T01:26:21.059309500Z
[DB] Synced 1 accounts to database,info,"{""level"":""info""}","{""project"":""ce3616d9-58ad-4ec7-a294-1821e1564434"",""environment"":""fb6513d0-42a4-4660-82b5-509c54b15f2a"",""service"":""4978aa94-666c-47c7-8024-3ada55195a51"",""deployment"":""e15128e0-a06e-4ecc-a154-cf21da1d2ead"",""replica"":""393dc7e0-9f17-413f-bdbf-430cb09b9e18""}",2026-03-28T01:26:51.184812602Z
[DB] Synced 1 accounts to database,info,"{""level"":""info""}","{""project"":""ce3616d9-58ad-4ec7-a294-1821e1564434"",""environment"":""fb6513d0-42a4-4660-82b5-509c54b15f2a"",""service"":""4978aa94-666c-47c7-8024-3ada55195a51"",""deployment"":""e15128e0-a06e-4ecc-a154-cf21da1d2ead"",""replica"":""393dc7e0-9f17-413f-bdbf-430cb09b9e18""}",2026-03-28T01:27:21.097742540Z
[DB] Synced 1 accounts to database,info,"{""level"":""info""}","{""project"":""ce3616d9-58ad-4ec7-a294-1821e1564434"",""environment"":""fb6513d0-42a4-4660-82b5-509c54b15f2a"",""service"":""4978aa94-666c-47c7-8024-3ada55195a51"",""deployment"":""e15128e0-a06e-4ecc-a154-cf21da1d2ead"",""replica"":""393dc7e0-9f17-413f-bdbf-430cb09b9e18""}",2026-03-28T01:27:51.074592260Z
[DB] Synced 1 accounts to database,info,"{""level"":""info""}","{""project"":""ce3616d9-58ad-4ec7-a294-1821e1564434"",""environment"":""fb6513d0-42a4-4660-82b5-509c54b15f2a"",""service"":""4978aa94-666c-47c7-8024-3ada55195a51"",""deployment"":""e15128e0-a06e-4ecc-a154-cf21da1d2ead"",""replica"":""393dc7e0-9f17-413f-bdbf-430cb09b9e18""}",2026-03-28T01:28:21.090748146Z
[DB] Synced 1 accounts to database,info,"{""level"":""info""}","{""project"":""ce3616d9-58ad-4ec7-a294-1821e1564434"",""environment"":""fb6513d0-42a4-4660-82b5-509c54b15f2a"",""service"":""4978aa94-666c-47c7-8024-3ada55195a51"",""deployment"":""e15128e0-a06e-4ecc-a154-cf21da1d2ead"",""replica"":""393dc7e0-9f17-413f-bdbf-430cb09b9e18""}",2026-03-28T01:28:50.726701483Z
[DB] Synced 1 accounts to database,info,"{""level"":""info""}","{""project"":""ce3616d9-58ad-4ec7-a294-1821e1564434"",""environment"":""fb6513d0-42a4-4660-82b5-509c54b15f2a"",""service"":""4978aa94-666c-47c7-8024-3ada55195a51"",""deployment"":""e15128e0-a06e-4ecc-a154-cf21da1d2ead"",""replica"":""393dc7e0-9f17-413f-bdbf-430cb09b9e18""}",2026-03-28T01:29:20.321107013Z
[DB] Synced 1 accounts to database,info,"{""level"":""info""}","{""project"":""ce3616d9-58ad-4ec7-a294-1821e1564434"",""environment"":""fb6513d0-42a4-4660-82b5-509c54b15f2a"",""service"":""4978aa94-666c-47c7-8024-3ada55195a51"",""deployment"":""e15128e0-a06e-4ecc-a154-cf21da1d2ead"",""replica"":""393dc7e0-9f17-413f-bdbf-430cb09b9e18""}",2026-03-28T01:29:50.313659387Z
[DB] Synced 1 accounts to database,info,"{""level"":""info""}","{""project"":""ce3616d9-58ad-4ec7-a294-1821e1564434"",""environment"":""fb6513d0-42a4-4660-82b5-509c54b15f2a"",""service"":""4978aa94-666c-47c7-8024-3ada55195a51"",""deployment"":""e15128e0-a06e-4ecc-a154-cf21da1d2ead"",""replica"":""393dc7e0-9f17-413f-bdbf-430cb09b9e18""}",2026-03-28T01:30:20.639903349Z
[DB] Synced 1 accounts to database,info,"{""level"":""info""}","{""project"":""ce3616d9-58ad-4ec7-a294-1821e1564434"",""environment"":""fb6513d0-42a4-4660-82b5-509c54b15f2a"",""service"":""4978aa94-666c-47c7-8024-3ada55195a51"",""deployment"":""e15128e0-a06e-4ecc-a154-cf21da1d2ead"",""replica"":""393dc7e0-9f17-413f-bdbf-430cb09b9e18""}",2026-03-28T01:30:50.767063898Z
[DB] Synced 1 accounts to database,info,"{""level"":""info""}","{""project"":""ce3616d9-58ad-4ec7-a294-1821e1564434"",""environment"":""fb6513d0-42a4-4660-82b5-509c54b15f2a"",""service"":""4978aa94-666c-47c7-8024-3ada55195a51"",""deployment"":""e15128e0-a06e-4ecc-a154-cf21da1d2ead"",""replica"":""393dc7e0-9f17-413f-bdbf-430cb09b9e18""}",2026-03-28T01:31:20.842965638Z
[DB] Synced 1 accounts to database,info,"{""level"":""info""}","{""project"":""ce3616d9-58ad-4ec7-a294-1821e1564434"",""environment"":""fb6513d0-42a4-4660-82b5-509c54b15f2a"",""service"":""4978aa94-666c-47c7-8024-3ada55195a51"",""deployment"":""e15128e0-a06e-4ecc-a154-cf21da1d2ead"",""replica"":""393dc7e0-9f17-413f-bdbf-430cb09b9e18""}",2026-03-28T01:31:51.063015904Z
[DB] Synced 1 accounts to database,info,"{""level"":""info""}","{""project"":""ce3616d9-58ad-4ec7-a294-1821e1564434"",""environment"":""fb6513d0-42a4-4660-82b5-509c54b15f2a"",""service"":""4978aa94-666c-47c7-8024-3ada55195a51"",""deployment"":""e15128e0-a06e-4ecc-a154-cf21da1d2ead"",""replica"":""393dc7e0-9f17-413f-bdbf-430cb09b9e18""}",2026-03-28T01:32:21.296456367Z
[DB] Synced 1 accounts to database,info,"{""level"":""info""}","{""project"":""ce3616d9-58ad-4ec7-a294-1821e1564434"",""environment"":""fb6513d0-42a4-4660-82b5-509c54b15f2a"",""service"":""4978aa94-666c-47c7-8024-3ada55195a51"",""deployment"":""e15128e0-a06e-4ecc-a154-cf21da1d2ead"",""replica"":""393dc7e0-9f17-413f-bdbf-430cb09b9e18""}",2026-03-28T01:32:51.482384225Z
[DB] Synced 1 accounts to database,info,"{""level"":""info""}","{""project"":""ce3616d9-58ad-4ec7-a294-1821e1564434"",""environment"":""fb6513d0-42a4-4660-82b5-509c54b15f2a"",""service"":""4978aa94-666c-47c7-8024-3ada55195a51"",""deployment"":""e15128e0-a06e-4ecc-a154-cf21da1d2ead"",""replica"":""393dc7e0-9f17-413f-bdbf-430cb09b9e18""}",2026-03-28T01:33:21.508018955Z
[DB] Synced 1 accounts to database,info,"{""level"":""info""}","{""project"":""ce3616d9-58ad-4ec7-a294-1821e1564434"",""environment"":""fb6513d0-42a4-4660-82b5-509c54b15f2a"",""service"":""4978aa94-666c-47c7-8024-3ada55195a51"",""deployment"":""e15128e0-a06e-4ecc-a154-cf21da1d2ead"",""replica"":""393dc7e0-9f17-413f-bdbf-430cb09b9e18""}",2026-03-28T01:33:51.539861449Z
[DB] Synced 1 accounts to database,info,"{""level"":""info""}","{""project"":""ce3616d9-58ad-4ec7-a294-1821e1564434"",""environment"":""fb6513d0-42a4-4660-82b5-509c54b15f2a"",""service"":""4978aa94-666c-47c7-8024-3ada55195a51"",""deployment"":""e15128e0-a06e-4ecc-a154-cf21da1d2ead"",""replica"":""393dc7e0-9f17-413f-bdbf-430cb09b9e18""}",2026-03-28T01:34:21.501278911Z
[DB] Synced 1 accounts to database,info,"{""level"":""info""}","{""project"":""ce3616d9-58ad-4ec7-a294-1821e1564434"",""environment"":""fb6513d0-42a4-4660-82b5-509c54b15f2a"",""service"":""4978aa94-666c-47c7-8024-3ada55195a51"",""deployment"":""e15128e0-a06e-4ecc-a154-cf21da1d2ead"",""replica"":""393dc7e0-9f17-413f-bdbf-430cb09b9e18""}",2026-03-28T01:34:51.391002171Z
[DB] Synced 1 accounts to database,info,"{""level"":""info""}","{""project"":""ce3616d9-58ad-4ec7-a294-1821e1564434"",""environment"":""fb6513d0-42a4-4660-82b5-509c54b15f2a"",""service"":""4978aa94-666c-47c7-8024-3ada55195a51"",""deployment"":""e15128e0-a06e-4ecc-a154-cf21da1d2ead"",""replica"":""393dc7e0-9f17-413f-bdbf-430cb09b9e18""}",2026-03-28T01:35:21.388945227Z
Client disconnected: U5UbYQnHc1TLqWDaAAAN Reason: ping timeout Transport was: polling,info,"{""level"":""info""}","{""project"":""ce3616d9-58ad-4ec7-a294-1821e1564434"",""environment"":""fb6513d0-42a4-4660-82b5-509c54b15f2a"",""service"":""4978aa94-666c-47c7-8024-3ada55195a51"",""deployment"":""e15128e0-a06e-4ecc-a154-cf21da1d2ead"",""replica"":""393dc7e0-9f17-413f-bdbf-430cb09b9e18""}",2026-03-28T01:35:51.077982381Z
[DB] Synced 1 accounts to database,info,"{""level"":""info""}","{""project"":""ce3616d9-58ad-4ec7-a294-1821e1564434"",""environment"":""fb6513d0-42a4-4660-82b5-509c54b15f2a"",""service"":""4978aa94-666c-47c7-8024-3ada55195a51"",""deployment"":""e15128e0-a06e-4ecc-a154-cf21da1d2ead"",""replica"":""393dc7e0-9f17-413f-bdbf-430cb09b9e18""}",2026-03-28T01:35:51.077989358Z
[DB] Synced 1 accounts to database,info,"{""level"":""info""}","{""project"":""ce3616d9-58ad-4ec7-a294-1821e1564434"",""environment"":""fb6513d0-42a4-4660-82b5-509c54b15f2a"",""service"":""4978aa94-666c-47c7-8024-3ada55195a51"",""deployment"":""e15128e0-a06e-4ecc-a154-cf21da1d2ead"",""replica"":""393dc7e0-9f17-413f-bdbf-430cb09b9e18""}",2026-03-28T01:36:21.409901649Z
[DB] Synced 1 accounts to database,info,"{""level"":""info""}","{""project"":""ce3616d9-58ad-4ec7-a294-1821e1564434"",""environment"":""fb6513d0-42a4-4660-82b5-509c54b15f2a"",""service"":""4978aa94-666c-47c7-8024-3ada55195a51"",""deployment"":""e15128e0-a06e-4ecc-a154-cf21da1d2ead"",""replica"":""393dc7e0-9f17-413f-bdbf-430cb09b9e18""}",2026-03-28T01:36:51.504050195Z
[DB] Synced 1 accounts to database,info,"{""level"":""info""}","{""project"":""ce3616d9-58ad-4ec7-a294-1821e1564434"",""environment"":""fb6513d0-42a4-4660-82b5-509c54b15f2a"",""service"":""4978aa94-666c-47c7-8024-3ada55195a51"",""deployment"":""e15128e0-a06e-4ecc-a154-cf21da1d2ead"",""replica"":""393dc7e0-9f17-413f-bdbf-430cb09b9e18""}",2026-03-28T01:37:21.496479634Z
[DB] Synced 1 accounts to database,info,"{""level"":""info""}","{""project"":""ce3616d9-58ad-4ec7-a294-1821e1564434"",""environment"":""fb6513d0-42a4-4660-82b5-509c54b15f2a"",""service"":""4978aa94-666c-47c7-8024-3ada55195a51"",""deployment"":""e15128e0-a06e-4ecc-a154-cf21da1d2ead"",""replica"":""393dc7e0-9f17-413f-bdbf-430cb09b9e18""}",2026-03-28T01:37:51.539776740Z
[DB] Synced 1 accounts to database,info,"{""level"":""info""}","{""project"":""ce3616d9-58ad-4ec7-a294-1821e1564434"",""environment"":""fb6513d0-42a4-4660-82b5-509c54b15f2a"",""service"":""4978aa94-666c-47c7-8024-3ada55195a51"",""deployment"":""e15128e0-a06e-4ecc-a154-cf21da1d2ead"",""replica"":""393dc7e0-9f17-413f-bdbf-430cb09b9e18""}",2026-03-28T01:38:21.684512985Z
[DB] Synced 1 accounts to database,info,"{""level"":""info""}","{""project"":""ce3616d9-58ad-4ec7-a294-1821e1564434"",""environment"":""fb6513d0-42a4-4660-82b5-509c54b15f2a"",""service"":""4978aa94-666c-47c7-8024-3ada55195a51"",""deployment"":""e15128e0-a06e-4ecc-a154-cf21da1d2ead"",""replica"":""393dc7e0-9f17-413f-bdbf-430cb09b9e18""}",2026-03-28T01:38:51.609122341Z
[DB] Synced 1 accounts to database,info,"{""level"":""info""}","{""project"":""ce3616d9-58ad-4ec7-a294-1821e1564434"",""environment"":""fb6513d0-42a4-4660-82b5-509c54b15f2a"",""service"":""4978aa94-666c-47c7-8024-3ada55195a51"",""deployment"":""e15128e0-a06e-4ecc-a154-cf21da1d2ead"",""replica"":""393dc7e0-9f17-413f-bdbf-430cb09b9e18""}",2026-03-28T01:39:21.777047551Z
[DB] Synced 1 accounts to database,info,"{""level"":""info""}","{""project"":""ce3616d9-58ad-4ec7-a294-1821e1564434"",""environment"":""fb6513d0-42a4-4660-82b5-509c54b15f2a"",""service"":""4978aa94-666c-47c7-8024-3ada55195a51"",""deployment"":""e15128e0-a06e-4ecc-a154-cf21da1d2ead"",""replica"":""393dc7e0-9f17-413f-bdbf-430cb09b9e18""}",2026-03-28T01:39:52.550639539Z
[DB] Synced 1 accounts to database,info,"{""level"":""info""}","{""project"":""ce3616d9-58ad-4ec7-a294-1821e1564434"",""environment"":""fb6513d0-42a4-4660-82b5-509c54b15f2a"",""service"":""4978aa94-666c-47c7-8024-3ada55195a51"",""deployment"":""e15128e0-a06e-4ecc-a154-cf21da1d2ead"",""replica"":""393dc7e0-9f17-413f-bdbf-430cb09b9e18""}",2026-03-28T01:40:22.551207462Z
[DB] Synced 1 accounts to database,info,"{""level"":""info""}","{""project"":""ce3616d9-58ad-4ec7-a294-1821e1564434"",""environment"":""fb6513d0-42a4-4660-82b5-509c54b15f2a"",""service"":""4978aa94-666c-47c7-8024-3ada55195a51"",""deployment"":""e15128e0-a06e-4ecc-a154-cf21da1d2ead"",""replica"":""393dc7e0-9f17-413f-bdbf-430cb09b9e18""}",2026-03-28T01:40:52.503685908Z
[DB] Synced 1 accounts to database,info,"{""level"":""info""}","{""project"":""ce3616d9-58ad-4ec7-a294-1821e1564434"",""environment"":""fb6513d0-42a4-4660-82b5-509c54b15f2a"",""service"":""4978aa94-666c-47c7-8024-3ada55195a51"",""deployment"":""e15128e0-a06e-4ecc-a154-cf21da1d2ead"",""replica"":""393dc7e0-9f17-413f-bdbf-430cb09b9e18""}",2026-03-28T01:41:22.544594845Z
[DB] Synced 1 accounts to database,info,"{""level"":""info""}","{""project"":""ce3616d9-58ad-4ec7-a294-1821e1564434"",""environment"":""fb6513d0-42a4-4660-82b5-509c54b15f2a"",""service"":""4978aa94-666c-47c7-8024-3ada55195a51"",""deployment"":""e15128e0-a06e-4ecc-a154-cf21da1d2ead"",""replica"":""393dc7e0-9f17-413f-bdbf-430cb09b9e18""}",2026-03-28T01:41:51.692981516Z
[DB] Synced 1 accounts to database,info,"{""level"":""info""}","{""project"":""ce3616d9-58ad-4ec7-a294-1821e1564434"",""environment"":""fb6513d0-42a4-4660-82b5-509c54b15f2a"",""service"":""4978aa94-666c-47c7-8024-3ada55195a51"",""deployment"":""e15128e0-a06e-4ecc-a154-cf21da1d2ead"",""replica"":""393dc7e0-9f17-413f-bdbf-430cb09b9e18""}",2026-03-28T01:42:21.743305055Z
[DB] Synced 1 accounts to database,info,"{""level"":""info""}","{""project"":""ce3616d9-58ad-4ec7-a294-1821e1564434"",""environment"":""fb6513d0-42a4-4660-82b5-509c54b15f2a"",""service"":""4978aa94-666c-47c7-8024-3ada55195a51"",""deployment"":""e15128e0-a06e-4ecc-a154-cf21da1d2ead"",""replica"":""393dc7e0-9f17-413f-bdbf-430cb09b9e18""}",2026-03-28T01:42:51.085211277Z
[DB] Synced 1 accounts to database,info,"{""level"":""info""}","{""project"":""ce3616d9-58ad-4ec7-a294-1821e1564434"",""environment"":""fb6513d0-42a4-4660-82b5-509c54b15f2a"",""service"":""4978aa94-666c-47c7-8024-3ada55195a51"",""deployment"":""e15128e0-a06e-4ecc-a154-cf21da1d2ead"",""replica"":""393dc7e0-9f17-413f-bdbf-430cb09b9e18""}",2026-03-28T01:43:21.338139941Z
[DB] Synced 1 accounts to database,info,"{""level"":""info""}","{""project"":""ce3616d9-58ad-4ec7-a294-1821e1564434"",""environment"":""fb6513d0-42a4-4660-82b5-509c54b15f2a"",""service"":""4978aa94-666c-47c7-8024-3ada55195a51"",""deployment"":""e15128e0-a06e-4ecc-a154-cf21da1d2ead"",""replica"":""393dc7e0-9f17-413f-bdbf-430cb09b9e18""}",2026-03-28T01:43:51.675263787Z
[DB] Synced 1 accounts to database,info,"{""level"":""info""}","{""project"":""ce3616d9-58ad-4ec7-a294-1821e1564434"",""environment"":""fb6513d0-42a4-4660-82b5-509c54b15f2a"",""service"":""4978aa94-666c-47c7-8024-3ada55195a51"",""deployment"":""e15128e0-a06e-4ecc-a154-cf21da1d2ead"",""replica"":""393dc7e0-9f17-413f-bdbf-430cb09b9e18""}",2026-03-28T01:44:21.182342035Z
[DB] Synced 1 accounts to database,info,"{""level"":""info""}","{""project"":""ce3616d9-58ad-4ec7-a294-1821e1564434"",""environment"":""fb6513d0-42a4-4660-82b5-509c54b15f2a"",""service"":""4978aa94-666c-47c7-8024-3ada55195a51"",""deployment"":""e15128e0-a06e-4ecc-a154-cf21da1d2ead"",""replica"":""393dc7e0-9f17-413f-bdbf-430cb09b9e18""}",2026-03-28T01:44:51.207306081Z
[DB] Synced 1 accounts to database,info,"{""level"":""info""}","{""project"":""ce3616d9-58ad-4ec7-a294-1821e1564434"",""environment"":""fb6513d0-42a4-4660-82b5-509c54b15f2a"",""service"":""4978aa94-666c-47c7-8024-3ada55195a51"",""deployment"":""e15128e0-a06e-4ecc-a154-cf21da1d2ead"",""replica"":""393dc7e0-9f17-413f-bdbf-430cb09b9e18""}",2026-03-28T01:45:21.222230092Z
[DB] Synced 1 accounts to database,info,"{""level"":""info""}","{""project"":""ce3616d9-58ad-4ec7-a294-1821e1564434"",""environment"":""fb6513d0-42a4-4660-82b5-509c54b15f2a"",""service"":""4978aa94-666c-47c7-8024-3ada55195a51"",""deployment"":""e15128e0-a06e-4ecc-a154-cf21da1d2ead"",""replica"":""393dc7e0-9f17-413f-bdbf-430cb09b9e18""}",2026-03-28T01:45:51.253296953Z
[DB] Synced 1 accounts to database,info,"{""level"":""info""}","{""project"":""ce3616d9-58ad-4ec7-a294-1821e1564434"",""environment"":""fb6513d0-42a4-4660-82b5-509c54b15f2a"",""service"":""4978aa94-666c-47c7-8024-3ada55195a51"",""deployment"":""e15128e0-a06e-4ecc-a154-cf21da1d2ead"",""replica"":""393dc7e0-9f17-413f-bdbf-430cb09b9e18""}",2026-03-28T01:46:21.276613051Z
[DB] Synced 1 accounts to database,info,"{""level"":""info""}","{""project"":""ce3616d9-58ad-4ec7-a294-1821e1564434"",""environment"":""fb6513d0-42a4-4660-82b5-509c54b15f2a"",""service"":""4978aa94-666c-47c7-8024-3ada55195a51"",""deployment"":""e15128e0-a06e-4ecc-a154-cf21da1d2ead"",""replica"":""393dc7e0-9f17-413f-bdbf-430cb09b9e18""}",2026-03-28T01:46:50.636613735Z
[DB] Synced 1 accounts to database,info,"{""level"":""info""}","{""project"":""ce3616d9-58ad-4ec7-a294-1821e1564434"",""environment"":""fb6513d0-42a4-4660-82b5-509c54b15f2a"",""service"":""4978aa94-666c-47c7-8024-3ada55195a51"",""deployment"":""e15128e0-a06e-4ecc-a154-cf21da1d2ead"",""replica"":""393dc7e0-9f17-413f-bdbf-430cb09b9e18""}",2026-03-28T01:47:20.673315450Z
[DB] Synced 1 accounts to database,info,"{""level"":""info""}","{""project"":""ce3616d9-58ad-4ec7-a294-1821e1564434"",""environment"":""fb6513d0-42a4-4660-82b5-509c54b15f2a"",""service"":""4978aa94-666c-47c7-8024-3ada55195a51"",""deployment"":""e15128e0-a06e-4ecc-a154-cf21da1d2ead"",""replica"":""393dc7e0-9f17-413f-bdbf-430cb09b9e18""}",2026-03-28T01:47:50.695153658Z
[DB] Synced 1 accounts to database,info,"{""level"":""info""}","{""project"":""ce3616d9-58ad-4ec7-a294-1821e1564434"",""environment"":""fb6513d0-42a4-4660-82b5-509c54b15f2a"",""service"":""4978aa94-666c-47c7-8024-3ada55195a51"",""deployment"":""e15128e0-a06e-4ecc-a154-cf21da1d2ead"",""replica"":""393dc7e0-9f17-413f-bdbf-430cb09b9e18""}",2026-03-28T01:48:21.204919160Z
[DB] Synced 1 accounts to database,info,"{""level"":""info""}","{""project"":""ce3616d9-58ad-4ec7-a294-1821e1564434"",""environment"":""fb6513d0-42a4-4660-82b5-509c54b15f2a"",""service"":""4978aa94-666c-47c7-8024-3ada55195a51"",""deployment"":""e15128e0-a06e-4ecc-a154-cf21da1d2ead"",""replica"":""393dc7e0-9f17-413f-bdbf-430cb09b9e18""}",2026-03-28T01:48:51.616279842Z
[DB] Synced 1 accounts to database,info,"{""level"":""info""}","{""project"":""ce3616d9-58ad-4ec7-a294-1821e1564434"",""environment"":""fb6513d0-42a4-4660-82b5-509c54b15f2a"",""service"":""4978aa94-666c-47c7-8024-3ada55195a51"",""deployment"":""e15128e0-a06e-4ecc-a154-cf21da1d2ead"",""replica"":""393dc7e0-9f17-413f-bdbf-430cb09b9e18""}",2026-03-28T01:49:21.720195666Z
[DB] Synced 1 accounts to database,info,"{""level"":""info""}","{""project"":""ce3616d9-58ad-4ec7-a294-1821e1564434"",""environment"":""fb6513d0-42a4-4660-82b5-509c54b15f2a"",""service"":""4978aa94-666c-47c7-8024-3ada55195a51"",""deployment"":""e15128e0-a06e-4ecc-a154-cf21da1d2ead"",""replica"":""393dc7e0-9f17-413f-bdbf-430cb09b9e18""}",2026-03-28T01:49:51.858901443Z
[DB] Synced 1 accounts to database,info,"{""level"":""info""}","{""project"":""ce3616d9-58ad-4ec7-a294-1821e1564434"",""environment"":""fb6513d0-42a4-4660-82b5-509c54b15f2a"",""service"":""4978aa94-666c-47c7-8024-3ada55195a51"",""deployment"":""e15128e0-a06e-4ecc-a154-cf21da1d2ead"",""replica"":""393dc7e0-9f17-413f-bdbf-430cb09b9e18""}",2026-03-28T01:50:21.922982746Z
[DB] Synced 1 accounts to database,info,"{""level"":""info""}","{""project"":""ce3616d9-58ad-4ec7-a294-1821e1564434"",""environment"":""fb6513d0-42a4-4660-82b5-509c54b15f2a"",""service"":""4978aa94-666c-47c7-8024-3ada55195a51"",""deployment"":""e15128e0-a06e-4ecc-a154-cf21da1d2ead"",""replica"":""393dc7e0-9f17-413f-bdbf-430cb09b9e18""}",2026-03-28T01:50:51.866389897Z
[DB] Synced 1 accounts to database,info,"{""level"":""info""}","{""project"":""ce3616d9-58ad-4ec7-a294-1821e1564434"",""environment"":""fb6513d0-42a4-4660-82b5-509c54b15f2a"",""service"":""4978aa94-666c-47c7-8024-3ada55195a51"",""deployment"":""e15128e0-a06e-4ecc-a154-cf21da1d2ead"",""replica"":""393dc7e0-9f17-413f-bdbf-430cb09b9e18""}",2026-03-28T01:51:22.945461501Z
[DB] Synced 1 accounts to database,info,"{""level"":""info""}","{""project"":""ce3616d9-58ad-4ec7-a294-1821e1564434"",""environment"":""fb6513d0-42a4-4660-82b5-509c54b15f2a"",""service"":""4978aa94-666c-47c7-8024-3ada55195a51"",""deployment"":""e15128e0-a06e-4ecc-a154-cf21da1d2ead"",""replica"":""393dc7e0-9f17-413f-bdbf-430cb09b9e18""}",2026-03-28T01:51:52.971795175Z
[DB] Synced 1 accounts to database,info,"{""level"":""info""}","{""project"":""ce3616d9-58ad-4ec7-a294-1821e1564434"",""environment"":""fb6513d0-42a4-4660-82b5-509c54b15f2a"",""service"":""4978aa94-666c-47c7-8024-3ada55195a51"",""deployment"":""e15128e0-a06e-4ecc-a154-cf21da1d2ead"",""replica"":""393dc7e0-9f17-413f-bdbf-430cb09b9e18""}",2026-03-28T01:52:23.064336605Z
[DB] Synced 1 accounts to database,info,"{""level"":""info""}","{""project"":""ce3616d9-58ad-4ec7-a294-1821e1564434"",""environment"":""fb6513d0-42a4-4660-82b5-509c54b15f2a"",""service"":""4978aa94-666c-47c7-8024-3ada55195a51"",""deployment"":""e15128e0-a06e-4ecc-a154-cf21da1d2ead"",""replica"":""393dc7e0-9f17-413f-bdbf-430cb09b9e18""}",2026-03-28T01:52:53.281154845Z
[DB] Synced 1 accounts to database,info,"{""level"":""info""}","{""project"":""ce3616d9-58ad-4ec7-a294-1821e1564434"",""environment"":""fb6513d0-42a4-4660-82b5-509c54b15f2a"",""service"":""4978aa94-666c-47c7-8024-3ada55195a51"",""deployment"":""e15128e0-a06e-4ecc-a154-cf21da1d2ead"",""replica"":""393dc7e0-9f17-413f-bdbf-430cb09b9e18""}",2026-03-28T01:53:23.210438675Z
[DB] Synced 1 accounts to database,info,"{""level"":""info""}","{""project"":""ce3616d9-58ad-4ec7-a294-1821e1564434"",""environment"":""fb6513d0-42a4-4660-82b5-509c54b15f2a"",""service"":""4978aa94-666c-47c7-8024-3ada55195a51"",""deployment"":""e15128e0-a06e-4ecc-a154-cf21da1d2ead"",""replica"":""393dc7e0-9f17-413f-bdbf-430cb09b9e18""}",2026-03-28T01:53:53.408782930Z
[DB] Synced 1 accounts to database,info,"{""level"":""info""}","{""project"":""ce3616d9-58ad-4ec7-a294-1821e1564434"",""environment"":""fb6513d0-42a4-4660-82b5-509c54b15f2a"",""service"":""4978aa94-666c-47c7-8024-3ada55195a51"",""deployment"":""e15128e0-a06e-4ecc-a154-cf21da1d2ead"",""replica"":""393dc7e0-9f17-413f-bdbf-430cb09b9e18""}",2026-03-28T01:54:24.398764374Z
[DB] Synced 1 accounts to database,info,"{""level"":""info""}","{""project"":""ce3616d9-58ad-4ec7-a294-1821e1564434"",""environment"":""fb6513d0-42a4-4660-82b5-509c54b15f2a"",""service"":""4978aa94-666c-47c7-8024-3ada55195a51"",""deployment"":""e15128e0-a06e-4ecc-a154-cf21da1d2ead"",""replica"":""393dc7e0-9f17-413f-bdbf-430cb09b9e18""}",2026-03-28T01:54:54.519368595Z
[DB] Synced 1 accounts to database,info,"{""level"":""info""}","{""project"":""ce3616d9-58ad-4ec7-a294-1821e1564434"",""environment"":""fb6513d0-42a4-4660-82b5-509c54b15f2a"",""service"":""4978aa94-666c-47c7-8024-3ada55195a51"",""deployment"":""e15128e0-a06e-4ecc-a154-cf21da1d2ead"",""replica"":""393dc7e0-9f17-413f-bdbf-430cb09b9e18""}",2026-03-28T01:55:24.582626089Z
[DB] Synced 1 accounts to database,info,"{""level"":""info""}","{""project"":""ce3616d9-58ad-4ec7-a294-1821e1564434"",""environment"":""fb6513d0-42a4-4660-82b5-509c54b15f2a"",""service"":""4978aa94-666c-47c7-8024-3ada55195a51"",""deployment"":""e15128e0-a06e-4ecc-a154-cf21da1d2ead"",""replica"":""393dc7e0-9f17-413f-bdbf-430cb09b9e18""}",2026-03-28T01:55:55.268237454Z
[DB] Synced 1 accounts to database,info,"{""level"":""info""}","{""project"":""ce3616d9-58ad-4ec7-a294-1821e1564434"",""environment"":""fb6513d0-42a4-4660-82b5-509c54b15f2a"",""service"":""4978aa94-666c-47c7-8024-3ada55195a51"",""deployment"":""e15128e0-a06e-4ecc-a154-cf21da1d2ead"",""replica"":""393dc7e0-9f17-413f-bdbf-430cb09b9e18""}",2026-03-28T01:56:25.040783037Z
[DB] Synced 1 accounts to database,info,"{""level"":""info""}","{""project"":""ce3616d9-58ad-4ec7-a294-1821e1564434"",""environment"":""fb6513d0-42a4-4660-82b5-509c54b15f2a"",""service"":""4978aa94-666c-47c7-8024-3ada55195a51"",""deployment"":""e15128e0-a06e-4ecc-a154-cf21da1d2ead"",""replica"":""393dc7e0-9f17-413f-bdbf-430cb09b9e18""}",2026-03-28T01:56:54.995742151Z
[DB] Synced 1 accounts to database,info,"{""level"":""info""}","{""project"":""ce3616d9-58ad-4ec7-a294-1821e1564434"",""environment"":""fb6513d0-42a4-4660-82b5-509c54b15f2a"",""service"":""4978aa94-666c-47c7-8024-3ada55195a51"",""deployment"":""e15128e0-a06e-4ecc-a154-cf21da1d2ead"",""replica"":""393dc7e0-9f17-413f-bdbf-430cb09b9e18""}",2026-03-28T01:57:25.005082138Z
[DB] Synced 1 accounts to database,info,"{""level"":""info""}","{""project"":""ce3616d9-58ad-4ec7-a294-1821e1564434"",""environment"":""fb6513d0-42a4-4660-82b5-509c54b15f2a"",""service"":""4978aa94-666c-47c7-8024-3ada55195a51"",""deployment"":""e15128e0-a06e-4ecc-a154-cf21da1d2ead"",""replica"":""393dc7e0-9f17-413f-bdbf-430cb09b9e18""}",2026-03-28T01:57:55.689893470Z
[DB] Synced 1 accounts to database,info,"{""level"":""info""}","{""project"":""ce3616d9-58ad-4ec7-a294-1821e1564434"",""environment"":""fb6513d0-42a4-4660-82b5-509c54b15f2a"",""service"":""4978aa94-666c-47c7-8024-3ada55195a51"",""deployment"":""e15128e0-a06e-4ecc-a154-cf21da1d2ead"",""replica"":""393dc7e0-9f17-413f-bdbf-430cb09b9e18""}",2026-03-28T01:58:25.697778704Z
[DB] Synced 1 accounts to database,info,"{""level"":""info""}","{""project"":""ce3616d9-58ad-4ec7-a294-1821e1564434"",""environment"":""fb6513d0-42a4-4660-82b5-509c54b15f2a"",""service"":""4978aa94-666c-47c7-8024-3ada55195a51"",""deployment"":""e15128e0-a06e-4ecc-a154-cf21da1d2ead"",""replica"":""393dc7e0-9f17-413f-bdbf-430cb09b9e18""}",2026-03-28T01:58:55.746057418Z
[DB] Synced 1 accounts to database,info,"{""level"":""info""}","{""project"":""ce3616d9-58ad-4ec7-a294-1821e1564434"",""environment"":""fb6513d0-42a4-4660-82b5-509c54b15f2a"",""service"":""4978aa94-666c-47c7-8024-3ada55195a51"",""deployment"":""e15128e0-a06e-4ecc-a154-cf21da1d2ead"",""replica"":""393dc7e0-9f17-413f-bdbf-430cb09b9e18""}",2026-03-28T01:59:26.014058429Z
[DB] Synced 1 accounts to database,info,"{""level"":""info""}","{""project"":""ce3616d9-58ad-4ec7-a294-1821e1564434"",""environment"":""fb6513d0-42a4-4660-82b5-509c54b15f2a"",""service"":""4978aa94-666c-47c7-8024-3ada55195a51"",""deployment"":""e15128e0-a06e-4ecc-a154-cf21da1d2ead"",""replica"":""393dc7e0-9f17-413f-bdbf-430cb09b9e18""}",2026-03-28T01:59:56.067694187Z
[DB] Synced 1 accounts to database,info,"{""level"":""info""}","{""project"":""ce3616d9-58ad-4ec7-a294-1821e1564434"",""environment"":""fb6513d0-42a4-4660-82b5-509c54b15f2a"",""service"":""4978aa94-666c-47c7-8024-3ada55195a51"",""deployment"":""e15128e0-a06e-4ecc-a154-cf21da1d2ead"",""replica"":""393dc7e0-9f17-413f-bdbf-430cb09b9e18""}",2026-03-28T02:00:26.093501778Z
[DB] Synced 1 accounts to database,info,"{""level"":""info""}","{""project"":""ce3616d9-58ad-4ec7-a294-1821e1564434"",""environment"":""fb6513d0-42a4-4660-82b5-509c54b15f2a"",""service"":""4978aa94-666c-47c7-8024-3ada55195a51"",""deployment"":""e15128e0-a06e-4ecc-a154-cf21da1d2ead"",""replica"":""393dc7e0-9f17-413f-bdbf-430cb09b9e18""}",2026-03-28T02:00:55.766405688Z
[DB] Synced 1 accounts to database,info,"{""level"":""info""}","{""project"":""ce3616d9-58ad-4ec7-a294-1821e1564434"",""environment"":""fb6513d0-42a4-4660-82b5-509c54b15f2a"",""service"":""4978aa94-666c-47c7-8024-3ada55195a51"",""deployment"":""e15128e0-a06e-4ecc-a154-cf21da1d2ead"",""replica"":""393dc7e0-9f17-413f-bdbf-430cb09b9e18""}",2026-03-28T02:01:25.807965112Z
[DB] Synced 1 accounts to database,info,"{""level"":""info""}","{""project"":""ce3616d9-58ad-4ec7-a294-1821e1564434"",""environment"":""fb6513d0-42a4-4660-82b5-509c54b15f2a"",""service"":""4978aa94-666c-47c7-8024-3ada55195a51"",""deployment"":""e15128e0-a06e-4ecc-a154-cf21da1d2ead"",""replica"":""393dc7e0-9f17-413f-bdbf-430cb09b9e18""}",2026-03-28T02:01:55.664109862Z
[DB] Synced 1 accounts to database,info,"{""level"":""info""}","{""project"":""ce3616d9-58ad-4ec7-a294-1821e1564434"",""environment"":""fb6513d0-42a4-4660-82b5-509c54b15f2a"",""service"":""4978aa94-666c-47c7-8024-3ada55195a51"",""deployment"":""e15128e0-a06e-4ecc-a154-cf21da1d2ead"",""replica"":""393dc7e0-9f17-413f-bdbf-430cb09b9e18""}",2026-03-28T02:02:25.633453589Z
[DB] Synced 1 accounts to database,info,"{""level"":""info""}","{""project"":""ce3616d9-58ad-4ec7-a294-1821e1564434"",""environment"":""fb6513d0-42a4-4660-82b5-509c54b15f2a"",""service"":""4978aa94-666c-47c7-8024-3ada55195a51"",""deployment"":""e15128e0-a06e-4ecc-a154-cf21da1d2ead"",""replica"":""393dc7e0-9f17-413f-bdbf-430cb09b9e18""}",2026-03-28T02:02:55.609995064Z
[DB] Synced 1 accounts to database,info,"{""level"":""info""}","{""project"":""ce3616d9-58ad-4ec7-a294-1821e1564434"",""environment"":""fb6513d0-42a4-4660-82b5-509c54b15f2a"",""service"":""4978aa94-666c-47c7-8024-3ada55195a51"",""deployment"":""e15128e0-a06e-4ecc-a154-cf21da1d2ead"",""replica"":""393dc7e0-9f17-413f-bdbf-430cb09b9e18""}",2026-03-28T02:03:25.452423998Z
[DB] Synced 1 accounts to database,info,"{""level"":""info""}","{""project"":""ce3616d9-58ad-4ec7-a294-1821e1564434"",""environment"":""fb6513d0-42a4-4660-82b5-509c54b15f2a"",""service"":""4978aa94-666c-47c7-8024-3ada55195a51"",""deployment"":""e15128e0-a06e-4ecc-a154-cf21da1d2ead"",""replica"":""393dc7e0-9f17-413f-bdbf-430cb09b9e18""}",2026-03-28T02:03:55.567141128Z
[DB] Synced 1 accounts to database,info,"{""level"":""info""}","{""project"":""ce3616d9-58ad-4ec7-a294-1821e1564434"",""environment"":""fb6513d0-42a4-4660-82b5-509c54b15f2a"",""service"":""4978aa94-666c-47c7-8024-3ada55195a51"",""deployment"":""e15128e0-a06e-4ecc-a154-cf21da1d2ead"",""replica"":""393dc7e0-9f17-413f-bdbf-430cb09b9e18""}",2026-03-28T02:04:25.932294621Z
[DB] Synced 1 accounts to database,info,"{""level"":""info""}","{""project"":""ce3616d9-58ad-4ec7-a294-1821e1564434"",""environment"":""fb6513d0-42a4-4660-82b5-509c54b15f2a"",""service"":""4978aa94-666c-47c7-8024-3ada55195a51"",""deployment"":""e15128e0-a06e-4ecc-a154-cf21da1d2ead"",""replica"":""393dc7e0-9f17-413f-bdbf-430cb09b9e18""}",2026-03-28T02:04:56.012968020Z
[DB] Synced 1 accounts to database,info,"{""level"":""info""}","{""project"":""ce3616d9-58ad-4ec7-a294-1821e1564434"",""environment"":""fb6513d0-42a4-4660-82b5-509c54b15f2a"",""service"":""4978aa94-666c-47c7-8024-3ada55195a51"",""deployment"":""e15128e0-a06e-4ecc-a154-cf21da1d2ead"",""replica"":""393dc7e0-9f17-413f-bdbf-430cb09b9e18""}",2026-03-28T02:05:25.532846925Z
[DB] Synced 1 accounts to database,info,"{""level"":""info""}","{""project"":""ce3616d9-58ad-4ec7-a294-1821e1564434"",""environment"":""fb6513d0-42a4-4660-82b5-509c54b15f2a"",""service"":""4978aa94-666c-47c7-8024-3ada55195a51"",""deployment"":""e15128e0-a06e-4ecc-a154-cf21da1d2ead"",""replica"":""393dc7e0-9f17-413f-bdbf-430cb09b9e18""}",2026-03-28T02:05:55.529380919Z
[DB] Synced 1 accounts to database,info,"{""level"":""info""}","{""project"":""ce3616d9-58ad-4ec7-a294-1821e1564434"",""environment"":""fb6513d0-42a4-4660-82b5-509c54b15f2a"",""service"":""4978aa94-666c-47c7-8024-3ada55195a51"",""deployment"":""e15128e0-a06e-4ecc-a154-cf21da1d2ead"",""replica"":""393dc7e0-9f17-413f-bdbf-430cb09b9e18""}",2026-03-28T02:06:25.453739111Z
[DB] Synced 1 accounts to database,info,"{""level"":""info""}","{""project"":""ce3616d9-58ad-4ec7-a294-1821e1564434"",""environment"":""fb6513d0-42a4-4660-82b5-509c54b15f2a"",""service"":""4978aa94-666c-47c7-8024-3ada55195a51"",""deployment"":""e15128e0-a06e-4ecc-a154-cf21da1d2ead"",""replica"":""393dc7e0-9f17-413f-bdbf-430cb09b9e18""}",2026-03-28T02:06:55.658010202Z
[DB] Synced 1 accounts to database,info,"{""level"":""info""}","{""project"":""ce3616d9-58ad-4ec7-a294-1821e1564434"",""environment"":""fb6513d0-42a4-4660-82b5-509c54b15f2a"",""service"":""4978aa94-666c-47c7-8024-3ada55195a51"",""deployment"":""e15128e0-a06e-4ecc-a154-cf21da1d2ead"",""replica"":""393dc7e0-9f17-413f-bdbf-430cb09b9e18""}",2026-03-28T02:07:25.417390996Z
[DB] Synced 1 accounts to database,info,"{""level"":""info""}","{""project"":""ce3616d9-58ad-4ec7-a294-1821e1564434"",""environment"":""fb6513d0-42a4-4660-82b5-509c54b15f2a"",""service"":""4978aa94-666c-47c7-8024-3ada55195a51"",""deployment"":""e15128e0-a06e-4ecc-a154-cf21da1d2ead"",""replica"":""393dc7e0-9f17-413f-bdbf-430cb09b9e18""}",2026-03-28T02:07:55.423221651Z
[DB] Synced 1 accounts to database,info,"{""level"":""info""}","{""project"":""ce3616d9-58ad-4ec7-a294-1821e1564434"",""environment"":""fb6513d0-42a4-4660-82b5-509c54b15f2a"",""service"":""4978aa94-666c-47c7-8024-3ada55195a51"",""deployment"":""e15128e0-a06e-4ecc-a154-cf21da1d2ead"",""replica"":""393dc7e0-9f17-413f-bdbf-430cb09b9e18""}",2026-03-28T02:08:25.423582896Z
[DB] Synced 1 accounts to database,info,"{""level"":""info""}","{""project"":""ce3616d9-58ad-4ec7-a294-1821e1564434"",""environment"":""fb6513d0-42a4-4660-82b5-509c54b15f2a"",""service"":""4978aa94-666c-47c7-8024-3ada55195a51"",""deployment"":""e15128e0-a06e-4ecc-a154-cf21da1d2ead"",""replica"":""393dc7e0-9f17-413f-bdbf-430cb09b9e18""}",2026-03-28T02:08:55.482574453Z
[DB] Synced 1 accounts to database,info,"{""level"":""info""}","{""project"":""ce3616d9-58ad-4ec7-a294-1821e1564434"",""environment"":""fb6513d0-42a4-4660-82b5-509c54b15f2a"",""service"":""4978aa94-666c-47c7-8024-3ada55195a51"",""deployment"":""e15128e0-a06e-4ecc-a154-cf21da1d2ead"",""replica"":""393dc7e0-9f17-413f-bdbf-430cb09b9e18""}",2026-03-28T02:09:25.647574828Z
[DB] Synced 1 accounts to database,info,"{""level"":""info""}","{""project"":""ce3616d9-58ad-4ec7-a294-1821e1564434"",""environment"":""fb6513d0-42a4-4660-82b5-509c54b15f2a"",""service"":""4978aa94-666c-47c7-8024-3ada55195a51"",""deployment"":""e15128e0-a06e-4ecc-a154-cf21da1d2ead"",""replica"":""393dc7e0-9f17-413f-bdbf-430cb09b9e18""}",2026-03-28T02:09:55.574656075Z
[DB] Synced 1 accounts to database,info,"{""level"":""info""}","{""project"":""ce3616d9-58ad-4ec7-a294-1821e1564434"",""environment"":""fb6513d0-42a4-4660-82b5-509c54b15f2a"",""service"":""4978aa94-666c-47c7-8024-3ada55195a51"",""deployment"":""e15128e0-a06e-4ecc-a154-cf21da1d2ead"",""replica"":""393dc7e0-9f17-413f-bdbf-430cb09b9e18""}",2026-03-28T02:10:25.956823114Z
[DB] Synced 1 accounts to database,info,"{""level"":""info""}","{""project"":""ce3616d9-58ad-4ec7-a294-1821e1564434"",""environment"":""fb6513d0-42a4-4660-82b5-509c54b15f2a"",""service"":""4978aa94-666c-47c7-8024-3ada55195a51"",""deployment"":""e15128e0-a06e-4ecc-a154-cf21da1d2ead"",""replica"":""393dc7e0-9f17-413f-bdbf-430cb09b9e18""}",2026-03-28T02:10:55.926044093Z
[DB] Synced 1 accounts to database,info,"{""level"":""info""}","{""project"":""ce3616d9-58ad-4ec7-a294-1821e1564434"",""environment"":""fb6513d0-42a4-4660-82b5-509c54b15f2a"",""service"":""4978aa94-666c-47c7-8024-3ada55195a51"",""deployment"":""e15128e0-a06e-4ecc-a154-cf21da1d2ead"",""replica"":""393dc7e0-9f17-413f-bdbf-430cb09b9e18""}",2026-03-28T02:11:26.439012030Z
[DB] Synced 1 accounts to database,info,"{""level"":""info""}","{""project"":""ce3616d9-58ad-4ec7-a294-1821e1564434"",""environment"":""fb6513d0-42a4-4660-82b5-509c54b15f2a"",""service"":""4978aa94-666c-47c7-8024-3ada55195a51"",""deployment"":""e15128e0-a06e-4ecc-a154-cf21da1d2ead"",""replica"":""393dc7e0-9f17-413f-bdbf-430cb09b9e18""}",2026-03-28T02:11:56.439299225Z
[DB] Synced 1 accounts to database,info,"{""level"":""info""}","{""project"":""ce3616d9-58ad-4ec7-a294-1821e1564434"",""environment"":""fb6513d0-42a4-4660-82b5-509c54b15f2a"",""service"":""4978aa94-666c-47c7-8024-3ada55195a51"",""deployment"":""e15128e0-a06e-4ecc-a154-cf21da1d2ead"",""replica"":""393dc7e0-9f17-413f-bdbf-430cb09b9e18""}",2026-03-28T02:12:26.564533723Z
[DB] Synced 1 accounts to database,info,"{""level"":""info""}","{""project"":""ce3616d9-58ad-4ec7-a294-1821e1564434"",""environment"":""fb6513d0-42a4-4660-82b5-509c54b15f2a"",""service"":""4978aa94-666c-47c7-8024-3ada55195a51"",""deployment"":""e15128e0-a06e-4ecc-a154-cf21da1d2ead"",""replica"":""393dc7e0-9f17-413f-bdbf-430cb09b9e18""}",2026-03-28T02:12:57.586956754Z
[DB] Synced 1 accounts to database,info,"{""level"":""info""}","{""project"":""ce3616d9-58ad-4ec7-a294-1821e1564434"",""environment"":""fb6513d0-42a4-4660-82b5-509c54b15f2a"",""service"":""4978aa94-666c-47c7-8024-3ada55195a51"",""deployment"":""e15128e0-a06e-4ecc-a154-cf21da1d2ead"",""replica"":""393dc7e0-9f17-413f-bdbf-430cb09b9e18""}",2026-03-28T02:13:27.580725834Z
[DB] Synced 1 accounts to database,info,"{""level"":""info""}","{""project"":""ce3616d9-58ad-4ec7-a294-1821e1564434"",""environment"":""fb6513d0-42a4-4660-82b5-509c54b15f2a"",""service"":""4978aa94-666c-47c7-8024-3ada55195a51"",""deployment"":""e15128e0-a06e-4ecc-a154-cf21da1d2ead"",""replica"":""393dc7e0-9f17-413f-bdbf-430cb09b9e18""}",2026-03-28T02:13:57.662484081Z
[DB] Synced 1 accounts to database,info,"{""level"":""info""}","{""project"":""ce3616d9-58ad-4ec7-a294-1821e1564434"",""environment"":""fb6513d0-42a4-4660-82b5-509c54b15f2a"",""service"":""4978aa94-666c-47c7-8024-3ada55195a51"",""deployment"":""e15128e0-a06e-4ecc-a154-cf21da1d2ead"",""replica"":""393dc7e0-9f17-413f-bdbf-430cb09b9e18""}",2026-03-28T02:14:27.987390605Z
[DB] Synced 1 accounts to database,info,"{""level"":""info""}","{""project"":""ce3616d9-58ad-4ec7-a294-1821e1564434"",""environment"":""fb6513d0-42a4-4660-82b5-509c54b15f2a"",""service"":""4978aa94-666c-47c7-8024-3ada55195a51"",""deployment"":""e15128e0-a06e-4ecc-a154-cf21da1d2ead"",""replica"":""393dc7e0-9f17-413f-bdbf-430cb09b9e18""}",2026-03-28T02:14:58.906558637Z
[DB] Synced 1 accounts to database,info,"{""level"":""info""}","{""project"":""ce3616d9-58ad-4ec7-a294-1821e1564434"",""environment"":""fb6513d0-42a4-4660-82b5-509c54b15f2a"",""service"":""4978aa94-666c-47c7-8024-3ada55195a51"",""deployment"":""e15128e0-a06e-4ecc-a154-cf21da1d2ead"",""replica"":""393dc7e0-9f17-413f-bdbf-430cb09b9e18""}",2026-03-28T02:15:29.476338820Z
[DB] Synced 1 accounts to database,info,"{""level"":""info""}","{""project"":""ce3616d9-58ad-4ec7-a294-1821e1564434"",""environment"":""fb6513d0-42a4-4660-82b5-509c54b15f2a"",""service"":""4978aa94-666c-47c7-8024-3ada55195a51"",""deployment"":""e15128e0-a06e-4ecc-a154-cf21da1d2ead"",""replica"":""393dc7e0-9f17-413f-bdbf-430cb09b9e18""}",2026-03-28T02:15:59.693566992Z
[DB] Synced 1 accounts to database,info,"{""level"":""info""}","{""project"":""ce3616d9-58ad-4ec7-a294-1821e1564434"",""environment"":""fb6513d0-42a4-4660-82b5-509c54b15f2a"",""service"":""4978aa94-666c-47c7-8024-3ada55195a51"",""deployment"":""e15128e0-a06e-4ecc-a154-cf21da1d2ead"",""replica"":""393dc7e0-9f17-413f-bdbf-430cb09b9e18""}",2026-03-28T02:16:29.255377999Z
[DB] Synced 1 accounts to database,info,"{""level"":""info""}","{""project"":""ce3616d9-58ad-4ec7-a294-1821e1564434"",""environment"":""fb6513d0-42a4-4660-82b5-509c54b15f2a"",""service"":""4978aa94-666c-47c7-8024-3ada55195a51"",""deployment"":""e15128e0-a06e-4ecc-a154-cf21da1d2ead"",""replica"":""393dc7e0-9f17-413f-bdbf-430cb09b9e18""}",2026-03-28T02:16:59.291284866Z
[DB] Synced 1 accounts to database,info,"{""level"":""info""}","{""project"":""ce3616d9-58ad-4ec7-a294-1821e1564434"",""environment"":""fb6513d0-42a4-4660-82b5-509c54b15f2a"",""service"":""4978aa94-666c-47c7-8024-3ada55195a51"",""deployment"":""e15128e0-a06e-4ecc-a154-cf21da1d2ead"",""replica"":""393dc7e0-9f17-413f-bdbf-430cb09b9e18""}",2026-03-28T02:17:29.293920635Z
[DB] Synced 1 accounts to database,info,"{""level"":""info""}","{""project"":""ce3616d9-58ad-4ec7-a294-1821e1564434"",""environment"":""fb6513d0-42a4-4660-82b5-509c54b15f2a"",""service"":""4978aa94-666c-47c7-8024-3ada55195a51"",""deployment"":""e15128e0-a06e-4ecc-a154-cf21da1d2ead"",""replica"":""393dc7e0-9f17-413f-bdbf-430cb09b9e18""}",2026-03-28T02:17:59.357184349Z
[DB] Synced 1 accounts to database,info,"{""level"":""info""}","{""project"":""ce3616d9-58ad-4ec7-a294-1821e1564434"",""environment"":""fb6513d0-42a4-4660-82b5-509c54b15f2a"",""service"":""4978aa94-666c-47c7-8024-3ada55195a51"",""deployment"":""e15128e0-a06e-4ecc-a154-cf21da1d2ead"",""replica"":""393dc7e0-9f17-413f-bdbf-430cb09b9e18""}",2026-03-28T02:18:29.510049548Z
[DB] Synced 1 accounts to database,info,"{""level"":""info""}","{""project"":""ce3616d9-58ad-4ec7-a294-1821e1564434"",""environment"":""fb6513d0-42a4-4660-82b5-509c54b15f2a"",""service"":""4978aa94-666c-47c7-8024-3ada55195a51"",""deployment"":""e15128e0-a06e-4ecc-a154-cf21da1d2ead"",""replica"":""393dc7e0-9f17-413f-bdbf-430cb09b9e18""}",2026-03-28T02:18:59.628914865Z
[DB] Synced 1 accounts to database,info,"{""level"":""info""}","{""project"":""ce3616d9-58ad-4ec7-a294-1821e1564434"",""environment"":""fb6513d0-42a4-4660-82b5-509c54b15f2a"",""service"":""4978aa94-666c-47c7-8024-3ada55195a51"",""deployment"":""e15128e0-a06e-4ecc-a154-cf21da1d2ead"",""replica"":""393dc7e0-9f17-413f-bdbf-430cb09b9e18""}",2026-03-28T02:19:29.762535707Z
[DB] Synced 1 accounts to database,info,"{""level"":""info""}","{""project"":""ce3616d9-58ad-4ec7-a294-1821e1564434"",""environment"":""fb6513d0-42a4-4660-82b5-509c54b15f2a"",""service"":""4978aa94-666c-47c7-8024-3ada55195a51"",""deployment"":""e15128e0-a06e-4ecc-a154-cf21da1d2ead"",""replica"":""393dc7e0-9f17-413f-bdbf-430cb09b9e18""}",2026-03-28T02:19:59.455861017Z
[DB] Synced 1 accounts to database,info,"{""level"":""info""}","{""project"":""ce3616d9-58ad-4ec7-a294-1821e1564434"",""environment"":""fb6513d0-42a4-4660-82b5-509c54b15f2a"",""service"":""4978aa94-666c-47c7-8024-3ada55195a51"",""deployment"":""e15128e0-a06e-4ecc-a154-cf21da1d2ead"",""replica"":""393dc7e0-9f17-413f-bdbf-430cb09b9e18""}",2026-03-28T02:20:29.541020612Z
[DB] Synced 1 accounts to database,info,"{""level"":""info""}","{""project"":""ce3616d9-58ad-4ec7-a294-1821e1564434"",""environment"":""fb6513d0-42a4-4660-82b5-509c54b15f2a"",""service"":""4978aa94-666c-47c7-8024-3ada55195a51"",""deployment"":""e15128e0-a06e-4ecc-a154-cf21da1d2ead"",""replica"":""393dc7e0-9f17-413f-bdbf-430cb09b9e18""}",2026-03-28T02:20:59.692887884Z
[DB] Synced 1 accounts to database,info,"{""level"":""info""}","{""project"":""ce3616d9-58ad-4ec7-a294-1821e1564434"",""environment"":""fb6513d0-42a4-4660-82b5-509c54b15f2a"",""service"":""4978aa94-666c-47c7-8024-3ada55195a51"",""deployment"":""e15128e0-a06e-4ecc-a154-cf21da1d2ead"",""replica"":""393dc7e0-9f17-413f-bdbf-430cb09b9e18""}",2026-03-28T02:21:29.821164312Z
[DB] Synced 1 accounts to database,info,"{""level"":""info""}","{""project"":""ce3616d9-58ad-4ec7-a294-1821e1564434"",""environment"":""fb6513d0-42a4-4660-82b5-509c54b15f2a"",""service"":""4978aa94-666c-47c7-8024-3ada55195a51"",""deployment"":""e15128e0-a06e-4ecc-a154-cf21da1d2ead"",""replica"":""393dc7e0-9f17-413f-bdbf-430cb09b9e18""}",2026-03-28T02:21:59.887992641Z
[DB] Synced 1 accounts to database,info,"{""level"":""info""}","{""project"":""ce3616d9-58ad-4ec7-a294-1821e1564434"",""environment"":""fb6513d0-42a4-4660-82b5-509c54b15f2a"",""service"":""4978aa94-666c-47c7-8024-3ada55195a51"",""deployment"":""e15128e0-a06e-4ecc-a154-cf21da1d2ead"",""replica"":""393dc7e0-9f17-413f-bdbf-430cb09b9e18""}",2026-03-28T02:22:19.896827114Z
[DB] Synced 1 accounts to database,info,"{""level"":""info""}","{""project"":""ce3616d9-58ad-4ec7-a294-1821e1564434"",""environment"":""fb6513d0-42a4-4660-82b5-509c54b15f2a"",""service"":""4978aa94-666c-47c7-8024-3ada55195a51"",""deployment"":""e15128e0-a06e-4ecc-a154-cf21da1d2ead"",""replica"":""393dc7e0-9f17-413f-bdbf-430cb09b9e18""}",2026-03-28T02:22:50.154909023Z
[DB] Synced 1 accounts to database,info,"{""level"":""info""}","{""project"":""ce3616d9-58ad-4ec7-a294-1821e1564434"",""environment"":""fb6513d0-42a4-4660-82b5-509c54b15f2a"",""service"":""4978aa94-666c-47c7-8024-3ada55195a51"",""deployment"":""e15128e0-a06e-4ecc-a154-cf21da1d2ead"",""replica"":""393dc7e0-9f17-413f-bdbf-430cb09b9e18""}",2026-03-28T02:23:20.193794195Z
[DB] Synced 1 accounts to database,info,"{""level"":""info""}","{""project"":""ce3616d9-58ad-4ec7-a294-1821e1564434"",""environment"":""fb6513d0-42a4-4660-82b5-509c54b15f2a"",""service"":""4978aa94-666c-47c7-8024-3ada55195a51"",""deployment"":""e15128e0-a06e-4ecc-a154-cf21da1d2ead"",""replica"":""393dc7e0-9f17-413f-bdbf-430cb09b9e18""}",2026-03-28T02:23:50.591185213Z
[DB] Synced 1 accounts to database,info,"{""level"":""info""}","{""project"":""ce3616d9-58ad-4ec7-a294-1821e1564434"",""environment"":""fb6513d0-42a4-4660-82b5-509c54b15f2a"",""service"":""4978aa94-666c-47c7-8024-3ada55195a51"",""deployment"":""e15128e0-a06e-4ecc-a154-cf21da1d2ead"",""replica"":""393dc7e0-9f17-413f-bdbf-430cb09b9e18""}",2026-03-28T02:24:20.635198020Z
[DB] Synced 1 accounts to database,info,"{""level"":""info""}","{""project"":""ce3616d9-58ad-4ec7-a294-1821e1564434"",""environment"":""fb6513d0-42a4-4660-82b5-509c54b15f2a"",""service"":""4978aa94-666c-47c7-8024-3ada55195a51"",""deployment"":""e15128e0-a06e-4ecc-a154-cf21da1d2ead"",""replica"":""393dc7e0-9f17-413f-bdbf-430cb09b9e18""}",2026-03-28T02:24:50.700769194Z
[DB] Synced 1 accounts to database,info,"{""level"":""info""}","{""project"":""ce3616d9-58ad-4ec7-a294-1821e1564434"",""environment"":""fb6513d0-42a4-4660-82b5-509c54b15f2a"",""service"":""4978aa94-666c-47c7-8024-3ada55195a51"",""deployment"":""e15128e0-a06e-4ecc-a154-cf21da1d2ead"",""replica"":""393dc7e0-9f17-413f-bdbf-430cb09b9e18""}",2026-03-28T02:25:20.792674474Z
[DB] Synced 1 accounts to database,info,"{""level"":""info""}","{""project"":""ce3616d9-58ad-4ec7-a294-1821e1564434"",""environment"":""fb6513d0-42a4-4660-82b5-509c54b15f2a"",""service"":""4978aa94-666c-47c7-8024-3ada55195a51"",""deployment"":""e15128e0-a06e-4ecc-a154-cf21da1d2ead"",""replica"":""393dc7e0-9f17-413f-bdbf-430cb09b9e18""}",2026-03-28T02:25:50.818401482Z
[DB] Synced 1 accounts to database,info,"{""level"":""info""}","{""project"":""ce3616d9-58ad-4ec7-a294-1821e1564434"",""environment"":""fb6513d0-42a4-4660-82b5-509c54b15f2a"",""service"":""4978aa94-666c-47c7-8024-3ada55195a51"",""deployment"":""e15128e0-a06e-4ecc-a154-cf21da1d2ead"",""replica"":""393dc7e0-9f17-413f-bdbf-430cb09b9e18""}",2026-03-28T02:26:20.920871883Z
[DB] Synced 1 accounts to database,info,"{""level"":""info""}","{""project"":""ce3616d9-58ad-4ec7-a294-1821e1564434"",""environment"":""fb6513d0-42a4-4660-82b5-509c54b15f2a"",""service"":""4978aa94-666c-47c7-8024-3ada55195a51"",""deployment"":""e15128e0-a06e-4ecc-a154-cf21da1d2ead"",""replica"":""393dc7e0-9f17-413f-bdbf-430cb09b9e18""}",2026-03-28T02:26:51.062687152Z
[DB] Synced 1 accounts to database,info,"{""level"":""info""}","{""project"":""ce3616d9-58ad-4ec7-a294-1821e1564434"",""environment"":""fb6513d0-42a4-4660-82b5-509c54b15f2a"",""service"":""4978aa94-666c-47c7-8024-3ada55195a51"",""deployment"":""e15128e0-a06e-4ecc-a154-cf21da1d2ead"",""replica"":""393dc7e0-9f17-413f-bdbf-430cb09b9e18""}",2026-03-28T02:27:21.152354459Z
[DB] Synced 1 accounts to database,info,"{""level"":""info""}","{""project"":""ce3616d9-58ad-4ec7-a294-1821e1564434"",""environment"":""fb6513d0-42a4-4660-82b5-509c54b15f2a"",""service"":""4978aa94-666c-47c7-8024-3ada55195a51"",""deployment"":""e15128e0-a06e-4ecc-a154-cf21da1d2ead"",""replica"":""393dc7e0-9f17-413f-bdbf-430cb09b9e18""}",2026-03-28T02:27:51.274305448Z
[DB] Synced 1 accounts to database,info,"{""level"":""info""}","{""project"":""ce3616d9-58ad-4ec7-a294-1821e1564434"",""environment"":""fb6513d0-42a4-4660-82b5-509c54b15f2a"",""service"":""4978aa94-666c-47c7-8024-3ada55195a51"",""deployment"":""e15128e0-a06e-4ecc-a154-cf21da1d2ead"",""replica"":""393dc7e0-9f17-413f-bdbf-430cb09b9e18""}",2026-03-28T02:28:21.429797208Z
[DB] Synced 1 accounts to database,info,"{""level"":""info""}","{""project"":""ce3616d9-58ad-4ec7-a294-1821e1564434"",""environment"":""fb6513d0-42a4-4660-82b5-509c54b15f2a"",""service"":""4978aa94-666c-47c7-8024-3ada55195a51"",""deployment"":""e15128e0-a06e-4ecc-a154-cf21da1d2ead"",""replica"":""393dc7e0-9f17-413f-bdbf-430cb09b9e18""}",2026-03-28T02:28:51.631908168Z
[DB] Synced 1 accounts to database,info,"{""level"":""info""}","{""project"":""ce3616d9-58ad-4ec7-a294-1821e1564434"",""environment"":""fb6513d0-42a4-4660-82b5-509c54b15f2a"",""service"":""4978aa94-666c-47c7-8024-3ada55195a51"",""deployment"":""e15128e0-a06e-4ecc-a154-cf21da1d2ead"",""replica"":""393dc7e0-9f17-413f-bdbf-430cb09b9e18""}",2026-03-28T02:29:21.614094243Z
[DB] Synced 1 accounts to database,info,"{""level"":""info""}","{""project"":""ce3616d9-58ad-4ec7-a294-1821e1564434"",""environment"":""fb6513d0-42a4-4660-82b5-509c54b15f2a"",""service"":""4978aa94-666c-47c7-8024-3ada55195a51"",""deployment"":""e15128e0-a06e-4ecc-a154-cf21da1d2ead"",""replica"":""393dc7e0-9f17-413f-bdbf-430cb09b9e18""}",2026-03-28T02:29:51.702498140Z
[DB] Synced 1 accounts to database,info,"{""level"":""info""}","{""project"":""ce3616d9-58ad-4ec7-a294-1821e1564434"",""environment"":""fb6513d0-42a4-4660-82b5-509c54b15f2a"",""service"":""4978aa94-666c-47c7-8024-3ada55195a51"",""deployment"":""e15128e0-a06e-4ecc-a154-cf21da1d2ead"",""replica"":""393dc7e0-9f17-413f-bdbf-430cb09b9e18""}",2026-03-28T02:30:22.255861771Z
[DB] Synced 1 accounts to database,info,"{""level"":""info""}","{""project"":""ce3616d9-58ad-4ec7-a294-1821e1564434"",""environment"":""fb6513d0-42a4-4660-82b5-509c54b15f2a"",""service"":""4978aa94-666c-47c7-8024-3ada55195a51"",""deployment"":""e15128e0-a06e-4ecc-a154-cf21da1d2ead"",""replica"":""393dc7e0-9f17-413f-bdbf-430cb09b9e18""}",2026-03-28T02:30:52.321759261Z
[DB] Synced 1 accounts to database,info,"{""level"":""info""}","{""project"":""ce3616d9-58ad-4ec7-a294-1821e1564434"",""environment"":""fb6513d0-42a4-4660-82b5-509c54b15f2a"",""service"":""4978aa94-666c-47c7-8024-3ada55195a51"",""deployment"":""e15128e0-a06e-4ecc-a154-cf21da1d2ead"",""replica"":""393dc7e0-9f17-413f-bdbf-430cb09b9e18""}",2026-03-28T02:31:22.304717643Z
[DB] Synced 1 accounts to database,info,"{""level"":""info""}","{""project"":""ce3616d9-58ad-4ec7-a294-1821e1564434"",""environment"":""fb6513d0-42a4-4660-82b5-509c54b15f2a"",""service"":""4978aa94-666c-47c7-8024-3ada55195a51"",""deployment"":""e15128e0-a06e-4ecc-a154-cf21da1d2ead"",""replica"":""393dc7e0-9f17-413f-bdbf-430cb09b9e18""}",2026-03-28T02:31:52.377137086Z
[DB] Synced 1 accounts to database,info,"{""level"":""info""}","{""project"":""ce3616d9-58ad-4ec7-a294-1821e1564434"",""environment"":""fb6513d0-42a4-4660-82b5-509c54b15f2a"",""service"":""4978aa94-666c-47c7-8024-3ada55195a51"",""deployment"":""e15128e0-a06e-4ecc-a154-cf21da1d2ead"",""replica"":""393dc7e0-9f17-413f-bdbf-430cb09b9e18""}",2026-03-28T02:32:22.437754656Z
[DB] Synced 1 accounts to database,info,"{""level"":""info""}","{""project"":""ce3616d9-58ad-4ec7-a294-1821e1564434"",""environment"":""fb6513d0-42a4-4660-82b5-509c54b15f2a"",""service"":""4978aa94-666c-47c7-8024-3ada55195a51"",""deployment"":""e15128e0-a06e-4ecc-a154-cf21da1d2ead"",""replica"":""393dc7e0-9f17-413f-bdbf-430cb09b9e18""}",2026-03-28T02:32:52.513994408Z
[DB] Synced 1 accounts to database,info,"{""level"":""info""}","{""project"":""ce3616d9-58ad-4ec7-a294-1821e1564434"",""environment"":""fb6513d0-42a4-4660-82b5-509c54b15f2a"",""service"":""4978aa94-666c-47c7-8024-3ada55195a51"",""deployment"":""e15128e0-a06e-4ecc-a154-cf21da1d2ead"",""replica"":""393dc7e0-9f17-413f-bdbf-430cb09b9e18""}",2026-03-28T02:33:22.765982890Z
[DB] Synced 1 accounts to database,info,"{""level"":""info""}","{""project"":""ce3616d9-58ad-4ec7-a294-1821e1564434"",""environment"":""fb6513d0-42a4-4660-82b5-509c54b15f2a"",""service"":""4978aa94-666c-47c7-8024-3ada55195a51"",""deployment"":""e15128e0-a06e-4ecc-a154-cf21da1d2ead"",""replica"":""393dc7e0-9f17-413f-bdbf-430cb09b9e18""}",2026-03-28T02:33:52.877863968Z
[DB] Synced 1 accounts to database,info,"{""level"":""info""}","{""project"":""ce3616d9-58ad-4ec7-a294-1821e1564434"",""environment"":""fb6513d0-42a4-4660-82b5-509c54b15f2a"",""service"":""4978aa94-666c-47c7-8024-3ada55195a51"",""deployment"":""e15128e0-a06e-4ecc-a154-cf21da1d2ead"",""replica"":""393dc7e0-9f17-413f-bdbf-430cb09b9e18""}",2026-03-28T02:34:23.120877419Z
[DB] Synced 1 accounts to database,info,"{""level"":""info""}","{""project"":""ce3616d9-58ad-4ec7-a294-1821e1564434"",""environment"":""fb6513d0-42a4-4660-82b5-509c54b15f2a"",""service"":""4978aa94-666c-47c7-8024-3ada55195a51"",""deployment"":""e15128e0-a06e-4ecc-a154-cf21da1d2ead"",""replica"":""393dc7e0-9f17-413f-bdbf-430cb09b9e18""}",2026-03-28T02:34:53.324798071Z
[DB] Synced 1 accounts to database,info,"{""level"":""info""}","{""project"":""ce3616d9-58ad-4ec7-a294-1821e1564434"",""environment"":""fb6513d0-42a4-4660-82b5-509c54b15f2a"",""service"":""4978aa94-666c-47c7-8024-3ada55195a51"",""deployment"":""e15128e0-a06e-4ecc-a154-cf21da1d2ead"",""replica"":""393dc7e0-9f17-413f-bdbf-430cb09b9e18""}",2026-03-28T02:35:23.408436826Z
[DB] Synced 1 accounts to database,info,"{""level"":""info""}","{""project"":""ce3616d9-58ad-4ec7-a294-1821e1564434"",""environment"":""fb6513d0-42a4-4660-82b5-509c54b15f2a"",""service"":""4978aa94-666c-47c7-8024-3ada55195a51"",""deployment"":""e15128e0-a06e-4ecc-a154-cf21da1d2ead"",""replica"":""393dc7e0-9f17-413f-bdbf-430cb09b9e18""}",2026-03-28T02:35:53.358565906Z
[DB] Synced 1 accounts to database,info,"{""level"":""info""}","{""project"":""ce3616d9-58ad-4ec7-a294-1821e1564434"",""environment"":""fb6513d0-42a4-4660-82b5-509c54b15f2a"",""service"":""4978aa94-666c-47c7-8024-3ada55195a51"",""deployment"":""e15128e0-a06e-4ecc-a154-cf21da1d2ead"",""replica"":""393dc7e0-9f17-413f-bdbf-430cb09b9e18""}",2026-03-28T02:36:23.547616564Z
[DB] Synced 1 accounts to database,info,"{""level"":""info""}","{""project"":""ce3616d9-58ad-4ec7-a294-1821e1564434"",""environment"":""fb6513d0-42a4-4660-82b5-509c54b15f2a"",""service"":""4978aa94-666c-47c7-8024-3ada55195a51"",""deployment"":""e15128e0-a06e-4ecc-a154-cf21da1d2ead"",""replica"":""393dc7e0-9f17-413f-bdbf-430cb09b9e18""}",2026-03-28T02:36:53.597420029Z
[DB] Synced 1 accounts to database,info,"{""level"":""info""}","{""project"":""ce3616d9-58ad-4ec7-a294-1821e1564434"",""environment"":""fb6513d0-42a4-4660-82b5-509c54b15f2a"",""service"":""4978aa94-666c-47c7-8024-3ada55195a51"",""deployment"":""e15128e0-a06e-4ecc-a154-cf21da1d2ead"",""replica"":""393dc7e0-9f17-413f-bdbf-430cb09b9e18""}",2026-03-28T02:37:23.641560950Z
[DB] Synced 1 accounts to database,info,"{""level"":""info""}","{""project"":""ce3616d9-58ad-4ec7-a294-1821e1564434"",""environment"":""fb6513d0-42a4-4660-82b5-509c54b15f2a"",""service"":""4978aa94-666c-47c7-8024-3ada55195a51"",""deployment"":""e15128e0-a06e-4ecc-a154-cf21da1d2ead"",""replica"":""393dc7e0-9f17-413f-bdbf-430cb09b9e18""}",2026-03-28T02:37:53.841339154Z
[DB] Synced 1 accounts to database,info,"{""level"":""info""}","{""project"":""ce3616d9-58ad-4ec7-a294-1821e1564434"",""environment"":""fb6513d0-42a4-4660-82b5-509c54b15f2a"",""service"":""4978aa94-666c-47c7-8024-3ada55195a51"",""deployment"":""e15128e0-a06e-4ecc-a154-cf21da1d2ead"",""replica"":""393dc7e0-9f17-413f-bdbf-430cb09b9e18""}",2026-03-28T02:38:23.882288076Z
[DB] Synced 1 accounts to database,info,"{""level"":""info""}","{""project"":""ce3616d9-58ad-4ec7-a294-1821e1564434"",""environment"":""fb6513d0-42a4-4660-82b5-509c54b15f2a"",""service"":""4978aa94-666c-47c7-8024-3ada55195a51"",""deployment"":""e15128e0-a06e-4ecc-a154-cf21da1d2ead"",""replica"":""393dc7e0-9f17-413f-bdbf-430cb09b9e18""}",2026-03-28T02:38:53.927411227Z
[DB] Synced 1 accounts to database,info,"{""level"":""info""}","{""project"":""ce3616d9-58ad-4ec7-a294-1821e1564434"",""environment"":""fb6513d0-42a4-4660-82b5-509c54b15f2a"",""service"":""4978aa94-666c-47c7-8024-3ada55195a51"",""deployment"":""e15128e0-a06e-4ecc-a154-cf21da1d2ead"",""replica"":""393dc7e0-9f17-413f-bdbf-430cb09b9e18""}",2026-03-28T02:39:23.943968729Z
[DB] Synced 1 accounts to database,info,"{""level"":""info""}","{""project"":""ce3616d9-58ad-4ec7-a294-1821e1564434"",""environment"":""fb6513d0-42a4-4660-82b5-509c54b15f2a"",""service"":""4978aa94-666c-47c7-8024-3ada55195a51"",""deployment"":""e15128e0-a06e-4ecc-a154-cf21da1d2ead"",""replica"":""393dc7e0-9f17-413f-bdbf-430cb09b9e18""}",2026-03-28T02:39:54.340083541Z
[DB] Synced 1 accounts to database,info,"{""level"":""info""}","{""project"":""ce3616d9-58ad-4ec7-a294-1821e1564434"",""environment"":""fb6513d0-42a4-4660-82b5-509c54b15f2a"",""service"":""4978aa94-666c-47c7-8024-3ada55195a51"",""deployment"":""e15128e0-a06e-4ecc-a154-cf21da1d2ead"",""replica"":""393dc7e0-9f17-413f-bdbf-430cb09b9e18""}",2026-03-28T02:40:24.371494425Z
[DB] Synced 1 accounts to database,info,"{""level"":""info""}","{""project"":""ce3616d9-58ad-4ec7-a294-1821e1564434"",""environment"":""fb6513d0-42a4-4660-82b5-509c54b15f2a"",""service"":""4978aa94-666c-47c7-8024-3ada55195a51"",""deployment"":""e15128e0-a06e-4ecc-a154-cf21da1d2ead"",""replica"":""393dc7e0-9f17-413f-bdbf-430cb09b9e18""}",2026-03-28T02:40:54.402178619Z
[DB] Synced 1 accounts to database,info,"{""level"":""info""}","{""project"":""ce3616d9-58ad-4ec7-a294-1821e1564434"",""environment"":""fb6513d0-42a4-4660-82b5-509c54b15f2a"",""service"":""4978aa94-666c-47c7-8024-3ada55195a51"",""deployment"":""e15128e0-a06e-4ecc-a154-cf21da1d2ead"",""replica"":""393dc7e0-9f17-413f-bdbf-430cb09b9e18""}",2026-03-28T02:41:24.828696017Z
[DB] Synced 1 accounts to database,info,"{""level"":""info""}","{""project"":""ce3616d9-58ad-4ec7-a294-1821e1564434"",""environment"":""fb6513d0-42a4-4660-82b5-509c54b15f2a"",""service"":""4978aa94-666c-47c7-8024-3ada55195a51"",""deployment"":""e15128e0-a06e-4ecc-a154-cf21da1d2ead"",""replica"":""393dc7e0-9f17-413f-bdbf-430cb09b9e18""}",2026-03-28T02:41:54.735501289Z
[DB] Synced 1 accounts to database,info,"{""level"":""info""}","{""project"":""ce3616d9-58ad-4ec7-a294-1821e1564434"",""environment"":""fb6513d0-42a4-4660-82b5-509c54b15f2a"",""service"":""4978aa94-666c-47c7-8024-3ada55195a51"",""deployment"":""e15128e0-a06e-4ecc-a154-cf21da1d2ead"",""replica"":""393dc7e0-9f17-413f-bdbf-430cb09b9e18""}",2026-03-28T02:42:24.631642696Z
[DB] Synced 1 accounts to database,info,"{""level"":""info""}","{""project"":""ce3616d9-58ad-4ec7-a294-1821e1564434"",""environment"":""fb6513d0-42a4-4660-82b5-509c54b15f2a"",""service"":""4978aa94-666c-47c7-8024-3ada55195a51"",""deployment"":""e15128e0-a06e-4ecc-a154-cf21da1d2ead"",""replica"":""393dc7e0-9f17-413f-bdbf-430cb09b9e18""}",2026-03-28T02:42:54.688580379Z
[DB] Synced 1 accounts to database,info,"{""level"":""info""}","{""project"":""ce3616d9-58ad-4ec7-a294-1821e1564434"",""environment"":""fb6513d0-42a4-4660-82b5-509c54b15f2a"",""service"":""4978aa94-666c-47c7-8024-3ada55195a51"",""deployment"":""e15128e0-a06e-4ecc-a154-cf21da1d2ead"",""replica"":""393dc7e0-9f17-413f-bdbf-430cb09b9e18""}",2026-03-28T02:43:24.665063429Z
[DB] Synced 1 accounts to database,info,"{""level"":""info""}","{""project"":""ce3616d9-58ad-4ec7-a294-1821e1564434"",""environment"":""fb6513d0-42a4-4660-82b5-509c54b15f2a"",""service"":""4978aa94-666c-47c7-8024-3ada55195a51"",""deployment"":""e15128e0-a06e-4ecc-a154-cf21da1d2ead"",""replica"":""393dc7e0-9f17-413f-bdbf-430cb09b9e18""}",2026-03-28T02:43:54.646424704Z
[DB] Synced 1 accounts to database,info,"{""level"":""info""}","{""project"":""ce3616d9-58ad-4ec7-a294-1821e1564434"",""environment"":""fb6513d0-42a4-4660-82b5-509c54b15f2a"",""service"":""4978aa94-666c-47c7-8024-3ada55195a51"",""deployment"":""e15128e0-a06e-4ecc-a154-cf21da1d2ead"",""replica"":""393dc7e0-9f17-413f-bdbf-430cb09b9e18""}",2026-03-28T02:44:24.767031896Z
[DB] Synced 1 accounts to database,info,"{""level"":""info""}","{""project"":""ce3616d9-58ad-4ec7-a294-1821e1564434"",""environment"":""fb6513d0-42a4-4660-82b5-509c54b15f2a"",""service"":""4978aa94-666c-47c7-8024-3ada55195a51"",""deployment"":""e15128e0-a06e-4ecc-a154-cf21da1d2ead"",""replica"":""393dc7e0-9f17-413f-bdbf-430cb09b9e18""}",2026-03-28T02:44:54.838298235Z
[DB] Synced 1 accounts to database,info,"{""level"":""info""}","{""project"":""ce3616d9-58ad-4ec7-a294-1821e1564434"",""environment"":""fb6513d0-42a4-4660-82b5-509c54b15f2a"",""service"":""4978aa94-666c-47c7-8024-3ada55195a51"",""deployment"":""e15128e0-a06e-4ecc-a154-cf21da1d2ead"",""replica"":""393dc7e0-9f17-413f-bdbf-430cb09b9e18""}",2026-03-28T02:45:24.832188000Z
[DB] Synced 1 accounts to database,info,"{""level"":""info""}","{""project"":""ce3616d9-58ad-4ec7-a294-1821e1564434"",""environment"":""fb6513d0-42a4-4660-82b5-509c54b15f2a"",""service"":""4978aa94-666c-47c7-8024-3ada55195a51"",""deployment"":""e15128e0-a06e-4ecc-a154-cf21da1d2ead"",""replica"":""393dc7e0-9f17-413f-bdbf-430cb09b9e18""}",2026-03-28T02:45:54.906381922Z
[DB] Synced 1 accounts to database,info,"{""level"":""info""}","{""project"":""ce3616d9-58ad-4ec7-a294-1821e1564434"",""environment"":""fb6513d0-42a4-4660-82b5-509c54b15f2a"",""service"":""4978aa94-666c-47c7-8024-3ada55195a51"",""deployment"":""e15128e0-a06e-4ecc-a154-cf21da1d2ead"",""replica"":""393dc7e0-9f17-413f-bdbf-430cb09b9e18""}",2026-03-28T02:46:24.935150795Z
[DB] Synced 1 accounts to database,info,"{""level"":""info""}","{""project"":""ce3616d9-58ad-4ec7-a294-1821e1564434"",""environment"":""fb6513d0-42a4-4660-82b5-509c54b15f2a"",""service"":""4978aa94-666c-47c7-8024-3ada55195a51"",""deployment"":""e15128e0-a06e-4ecc-a154-cf21da1d2ead"",""replica"":""393dc7e0-9f17-413f-bdbf-430cb09b9e18""}",2026-03-28T02:46:54.869450091Z
[DB] Synced 1 accounts to database,info,"{""level"":""info""}","{""project"":""ce3616d9-58ad-4ec7-a294-1821e1564434"",""environment"":""fb6513d0-42a4-4660-82b5-509c54b15f2a"",""service"":""4978aa94-666c-47c7-8024-3ada55195a51"",""deployment"":""e15128e0-a06e-4ecc-a154-cf21da1d2ead"",""replica"":""393dc7e0-9f17-413f-bdbf-430cb09b9e18""}",2026-03-28T02:47:24.875359141Z
[DB] Synced 1 accounts to database,info,"{""level"":""info""}","{""project"":""ce3616d9-58ad-4ec7-a294-1821e1564434"",""environment"":""fb6513d0-42a4-4660-82b5-509c54b15f2a"",""service"":""4978aa94-666c-47c7-8024-3ada55195a51"",""deployment"":""e15128e0-a06e-4ecc-a154-cf21da1d2ead"",""replica"":""393dc7e0-9f17-413f-bdbf-430cb09b9e18""}",2026-03-28T02:47:54.560565075Z
[DB] Synced 1 accounts to database,info,"{""level"":""info""}","{""project"":""ce3616d9-58ad-4ec7-a294-1821e1564434"",""environment"":""fb6513d0-42a4-4660-82b5-509c54b15f2a"",""service"":""4978aa94-666c-47c7-8024-3ada55195a51"",""deployment"":""e15128e0-a06e-4ecc-a154-cf21da1d2ead"",""replica"":""393dc7e0-9f17-413f-bdbf-430cb09b9e18""}",2026-03-28T02:48:24.607052412Z
[DB] Synced 1 accounts to database,info,"{""level"":""info""}","{""project"":""ce3616d9-58ad-4ec7-a294-1821e1564434"",""environment"":""fb6513d0-42a4-4660-82b5-509c54b15f2a"",""service"":""4978aa94-666c-47c7-8024-3ada55195a51"",""deployment"":""e15128e0-a06e-4ecc-a154-cf21da1d2ead"",""replica"":""393dc7e0-9f17-413f-bdbf-430cb09b9e18""}",2026-03-28T02:48:54.625085964Z
[DB] Synced 1 accounts to database,info,"{""level"":""info""}","{""project"":""ce3616d9-58ad-4ec7-a294-1821e1564434"",""environment"":""fb6513d0-42a4-4660-82b5-509c54b15f2a"",""service"":""4978aa94-666c-47c7-8024-3ada55195a51"",""deployment"":""e15128e0-a06e-4ecc-a154-cf21da1d2ead"",""replica"":""393dc7e0-9f17-413f-bdbf-430cb09b9e18""}",2026-03-28T02:49:24.635850330Z
[DB] Synced 1 accounts to database,info,"{""level"":""info""}","{""project"":""ce3616d9-58ad-4ec7-a294-1821e1564434"",""environment"":""fb6513d0-42a4-4660-82b5-509c54b15f2a"",""service"":""4978aa94-666c-47c7-8024-3ada55195a51"",""deployment"":""e15128e0-a06e-4ecc-a154-cf21da1d2ead"",""replica"":""393dc7e0-9f17-413f-bdbf-430cb09b9e18""}",2026-03-28T02:49:54.770321347Z
[DB] Synced 1 accounts to database,info,"{""level"":""info""}","{""project"":""ce3616d9-58ad-4ec7-a294-1821e1564434"",""environment"":""fb6513d0-42a4-4660-82b5-509c54b15f2a"",""service"":""4978aa94-666c-47c7-8024-3ada55195a51"",""deployment"":""e15128e0-a06e-4ecc-a154-cf21da1d2ead"",""replica"":""393dc7e0-9f17-413f-bdbf-430cb09b9e18""}",2026-03-28T02:50:24.690919494Z
[DB] Synced 1 accounts to database,info,"{""level"":""info""}","{""project"":""ce3616d9-58ad-4ec7-a294-1821e1564434"",""environment"":""fb6513d0-42a4-4660-82b5-509c54b15f2a"",""service"":""4978aa94-666c-47c7-8024-3ada55195a51"",""deployment"":""e15128e0-a06e-4ecc-a154-cf21da1d2ead"",""replica"":""393dc7e0-9f17-413f-bdbf-430cb09b9e18""}",2026-03-28T02:50:54.606251669Z
[DB] Synced 1 accounts to database,info,"{""level"":""info""}","{""project"":""ce3616d9-58ad-4ec7-a294-1821e1564434"",""environment"":""fb6513d0-42a4-4660-82b5-509c54b15f2a"",""service"":""4978aa94-666c-47c7-8024-3ada55195a51"",""deployment"":""e15128e0-a06e-4ecc-a154-cf21da1d2ead"",""replica"":""393dc7e0-9f17-413f-bdbf-430cb09b9e18""}",2026-03-28T02:51:24.602150458Z
[DB] Synced 1 accounts to database,info,"{""level"":""info""}","{""project"":""ce3616d9-58ad-4ec7-a294-1821e1564434"",""environment"":""fb6513d0-42a4-4660-82b5-509c54b15f2a"",""service"":""4978aa94-666c-47c7-8024-3ada55195a51"",""deployment"":""e15128e0-a06e-4ecc-a154-cf21da1d2ead"",""replica"":""393dc7e0-9f17-413f-bdbf-430cb09b9e18""}",2026-03-28T02:51:54.586737610Z
[DB] Synced 1 accounts to database,info,"{""level"":""info""}","{""project"":""ce3616d9-58ad-4ec7-a294-1821e1564434"",""environment"":""fb6513d0-42a4-4660-82b5-509c54b15f2a"",""service"":""4978aa94-666c-47c7-8024-3ada55195a51"",""deployment"":""e15128e0-a06e-4ecc-a154-cf21da1d2ead"",""replica"":""393dc7e0-9f17-413f-bdbf-430cb09b9e18""}",2026-03-28T02:52:25.079506694Z
[DB] Synced 1 accounts to database,info,"{""level"":""info""}","{""project"":""ce3616d9-58ad-4ec7-a294-1821e1564434"",""environment"":""fb6513d0-42a4-4660-82b5-509c54b15f2a"",""service"":""4978aa94-666c-47c7-8024-3ada55195a51"",""deployment"":""e15128e0-a06e-4ecc-a154-cf21da1d2ead"",""replica"":""393dc7e0-9f17-413f-bdbf-430cb09b9e18""}",2026-03-28T02:52:54.857648717Z
[DB] Synced 1 accounts to database,info,"{""level"":""info""}","{""project"":""ce3616d9-58ad-4ec7-a294-1821e1564434"",""environment"":""fb6513d0-42a4-4660-82b5-509c54b15f2a"",""service"":""4978aa94-666c-47c7-8024-3ada55195a51"",""deployment"":""e15128e0-a06e-4ecc-a154-cf21da1d2ead"",""replica"":""393dc7e0-9f17-413f-bdbf-430cb09b9e18""}",2026-03-28T02:53:24.863474944Z
[DB] Synced 1 accounts to database,info,"{""level"":""info""}","{""project"":""ce3616d9-58ad-4ec7-a294-1821e1564434"",""environment"":""fb6513d0-42a4-4660-82b5-509c54b15f2a"",""service"":""4978aa94-666c-47c7-8024-3ada55195a51"",""deployment"":""e15128e0-a06e-4ecc-a154-cf21da1d2ead"",""replica"":""393dc7e0-9f17-413f-bdbf-430cb09b9e18""}",2026-03-28T02:53:54.723809151Z
[DB] Synced 1 accounts to database,info,"{""level"":""info""}","{""project"":""ce3616d9-58ad-4ec7-a294-1821e1564434"",""environment"":""fb6513d0-42a4-4660-82b5-509c54b15f2a"",""service"":""4978aa94-666c-47c7-8024-3ada55195a51"",""deployment"":""e15128e0-a06e-4ecc-a154-cf21da1d2ead"",""replica"":""393dc7e0-9f17-413f-bdbf-430cb09b9e18""}",2026-03-28T02:54:24.781944722Z
[DB] Synced 1 accounts to database,info,"{""level"":""info""}","{""project"":""ce3616d9-58ad-4ec7-a294-1821e1564434"",""environment"":""fb6513d0-42a4-4660-82b5-509c54b15f2a"",""service"":""4978aa94-666c-47c7-8024-3ada55195a51"",""deployment"":""e15128e0-a06e-4ecc-a154-cf21da1d2ead"",""replica"":""393dc7e0-9f17-413f-bdbf-430cb09b9e18""}",2026-03-28T02:54:54.537686194Z
[DB] Synced 1 accounts to database,info,"{""level"":""info""}","{""project"":""ce3616d9-58ad-4ec7-a294-1821e1564434"",""environment"":""fb6513d0-42a4-4660-82b5-509c54b15f2a"",""service"":""4978aa94-666c-47c7-8024-3ada55195a51"",""deployment"":""e15128e0-a06e-4ecc-a154-cf21da1d2ead"",""replica"":""393dc7e0-9f17-413f-bdbf-430cb09b9e18""}",2026-03-28T02:55:24.644303536Z
[DB] Synced 1 accounts to database,info,"{""level"":""info""}","{""project"":""ce3616d9-58ad-4ec7-a294-1821e1564434"",""environment"":""fb6513d0-42a4-4660-82b5-509c54b15f2a"",""service"":""4978aa94-666c-47c7-8024-3ada55195a51"",""deployment"":""e15128e0-a06e-4ecc-a154-cf21da1d2ead"",""replica"":""393dc7e0-9f17-413f-bdbf-430cb09b9e18""}",2026-03-28T02:55:54.615516270Z
[DB] Synced 1 accounts to database,info,"{""level"":""info""}","{""project"":""ce3616d9-58ad-4ec7-a294-1821e1564434"",""environment"":""fb6513d0-42a4-4660-82b5-509c54b15f2a"",""service"":""4978aa94-666c-47c7-8024-3ada55195a51"",""deployment"":""e15128e0-a06e-4ecc-a154-cf21da1d2ead"",""replica"":""393dc7e0-9f17-413f-bdbf-430cb09b9e18""}",2026-03-28T02:56:24.648775780Z
[DB] Synced 1 accounts to database,info,"{""level"":""info""}","{""project"":""ce3616d9-58ad-4ec7-a294-1821e1564434"",""environment"":""fb6513d0-42a4-4660-82b5-509c54b15f2a"",""service"":""4978aa94-666c-47c7-8024-3ada55195a51"",""deployment"":""e15128e0-a06e-4ecc-a154-cf21da1d2ead"",""replica"":""393dc7e0-9f17-413f-bdbf-430cb09b9e18""}",2026-03-28T02:56:54.585437584Z
[DB] Synced 1 accounts to database,info,"{""level"":""info""}","{""project"":""ce3616d9-58ad-4ec7-a294-1821e1564434"",""environment"":""fb6513d0-42a4-4660-82b5-509c54b15f2a"",""service"":""4978aa94-666c-47c7-8024-3ada55195a51"",""deployment"":""e15128e0-a06e-4ecc-a154-cf21da1d2ead"",""replica"":""393dc7e0-9f17-413f-bdbf-430cb09b9e18""}",2026-03-28T02:57:24.582531039Z
[DB] Synced 1 accounts to database,info,"{""level"":""info""}","{""project"":""ce3616d9-58ad-4ec7-a294-1821e1564434"",""environment"":""fb6513d0-42a4-4660-82b5-509c54b15f2a"",""service"":""4978aa94-666c-47c7-8024-3ada55195a51"",""deployment"":""e15128e0-a06e-4ecc-a154-cf21da1d2ead"",""replica"":""393dc7e0-9f17-413f-bdbf-430cb09b9e18""}",2026-03-28T02:57:54.556523954Z
[DB] Synced 1 accounts to database,info,"{""level"":""info""}","{""project"":""ce3616d9-58ad-4ec7-a294-1821e1564434"",""environment"":""fb6513d0-42a4-4660-82b5-509c54b15f2a"",""service"":""4978aa94-666c-47c7-8024-3ada55195a51"",""deployment"":""e15128e0-a06e-4ecc-a154-cf21da1d2ead"",""replica"":""393dc7e0-9f17-413f-bdbf-430cb09b9e18""}",2026-03-28T02:58:24.858778718Z
[DB] Synced 1 accounts to database,info,"{""level"":""info""}","{""project"":""ce3616d9-58ad-4ec7-a294-1821e1564434"",""environment"":""fb6513d0-42a4-4660-82b5-509c54b15f2a"",""service"":""4978aa94-666c-47c7-8024-3ada55195a51"",""deployment"":""e15128e0-a06e-4ecc-a154-cf21da1d2ead"",""replica"":""393dc7e0-9f17-413f-bdbf-430cb09b9e18""}",2026-03-28T02:58:54.881922727Z
[DB] Synced 1 accounts to database,info,"{""level"":""info""}","{""project"":""ce3616d9-58ad-4ec7-a294-1821e1564434"",""environment"":""fb6513d0-42a4-4660-82b5-509c54b15f2a"",""service"":""4978aa94-666c-47c7-8024-3ada55195a51"",""deployment"":""e15128e0-a06e-4ecc-a154-cf21da1d2ead"",""replica"":""393dc7e0-9f17-413f-bdbf-430cb09b9e18""}",2026-03-28T02:59:25.073594275Z
[DB] Synced 1 accounts to database,info,"{""level"":""info""}","{""project"":""ce3616d9-58ad-4ec7-a294-1821e1564434"",""environment"":""fb6513d0-42a4-4660-82b5-509c54b15f2a"",""service"":""4978aa94-666c-47c7-8024-3ada55195a51"",""deployment"":""e15128e0-a06e-4ecc-a154-cf21da1d2ead"",""replica"":""393dc7e0-9f17-413f-bdbf-430cb09b9e18""}",2026-03-28T02:59:55.199127307Z
[DB] Synced 1 accounts to database,info,"{""level"":""info""}","{""project"":""ce3616d9-58ad-4ec7-a294-1821e1564434"",""environment"":""fb6513d0-42a4-4660-82b5-509c54b15f2a"",""service"":""4978aa94-666c-47c7-8024-3ada55195a51"",""deployment"":""e15128e0-a06e-4ecc-a154-cf21da1d2ead"",""replica"":""393dc7e0-9f17-413f-bdbf-430cb09b9e18""}",2026-03-28T03:00:25.087334588Z
[DB] Synced 1 accounts to database,info,"{""level"":""info""}","{""project"":""ce3616d9-58ad-4ec7-a294-1821e1564434"",""environment"":""fb6513d0-42a4-4660-82b5-509c54b15f2a"",""service"":""4978aa94-666c-47c7-8024-3ada55195a51"",""deployment"":""e15128e0-a06e-4ecc-a154-cf21da1d2ead"",""replica"":""393dc7e0-9f17-413f-bdbf-430cb09b9e18""}",2026-03-28T03:00:55.126763004Z
[DB] Synced 1 accounts to database,info,"{""level"":""info""}","{""project"":""ce3616d9-58ad-4ec7-a294-1821e1564434"",""environment"":""fb6513d0-42a4-4660-82b5-509c54b15f2a"",""service"":""4978aa94-666c-47c7-8024-3ada55195a51"",""deployment"":""e15128e0-a06e-4ecc-a154-cf21da1d2ead"",""replica"":""393dc7e0-9f17-413f-bdbf-430cb09b9e18""}",2026-03-28T03:01:25.116774429Z
[DB] Synced 1 accounts to database,info,"{""level"":""info""}","{""project"":""ce3616d9-58ad-4ec7-a294-1821e1564434"",""environment"":""fb6513d0-42a4-4660-82b5-509c54b15f2a"",""service"":""4978aa94-666c-47c7-8024-3ada55195a51"",""deployment"":""e15128e0-a06e-4ecc-a154-cf21da1d2ead"",""replica"":""393dc7e0-9f17-413f-bdbf-430cb09b9e18""}",2026-03-28T03:01:55.180457400Z
[DB] Synced 1 accounts to database,info,"{""level"":""info""}","{""project"":""ce3616d9-58ad-4ec7-a294-1821e1564434"",""environment"":""fb6513d0-42a4-4660-82b5-509c54b15f2a"",""service"":""4978aa94-666c-47c7-8024-3ada55195a51"",""deployment"":""e15128e0-a06e-4ecc-a154-cf21da1d2ead"",""replica"":""393dc7e0-9f17-413f-bdbf-430cb09b9e18""}",2026-03-28T03:02:25.340992878Z
[DB] Synced 1 accounts to database,info,"{""level"":""info""}","{""project"":""ce3616d9-58ad-4ec7-a294-1821e1564434"",""environment"":""fb6513d0-42a4-4660-82b5-509c54b15f2a"",""service"":""4978aa94-666c-47c7-8024-3ada55195a51"",""deployment"":""e15128e0-a06e-4ecc-a154-cf21da1d2ead"",""replica"":""393dc7e0-9f17-413f-bdbf-430cb09b9e18""}",2026-03-28T03:02:55.648072311Z
[DB] Synced 1 accounts to database,info,"{""level"":""info""}","{""project"":""ce3616d9-58ad-4ec7-a294-1821e1564434"",""environment"":""fb6513d0-42a4-4660-82b5-509c54b15f2a"",""service"":""4978aa94-666c-47c7-8024-3ada55195a51"",""deployment"":""e15128e0-a06e-4ecc-a154-cf21da1d2ead"",""replica"":""393dc7e0-9f17-413f-bdbf-430cb09b9e18""}",2026-03-28T03:03:25.669639835Z
[DB] Synced 1 accounts to database,info,"{""level"":""info""}","{""project"":""ce3616d9-58ad-4ec7-a294-1821e1564434"",""environment"":""fb6513d0-42a4-4660-82b5-509c54b15f2a"",""service"":""4978aa94-666c-47c7-8024-3ada55195a51"",""deployment"":""e15128e0-a06e-4ecc-a154-cf21da1d2ead"",""replica"":""393dc7e0-9f17-413f-bdbf-430cb09b9e18""}",2026-03-28T03:03:55.663998706Z
[DB] Synced 1 accounts to database,info,"{""level"":""info""}","{""project"":""ce3616d9-58ad-4ec7-a294-1821e1564434"",""environment"":""fb6513d0-42a4-4660-82b5-509c54b15f2a"",""service"":""4978aa94-666c-47c7-8024-3ada55195a51"",""deployment"":""e15128e0-a06e-4ecc-a154-cf21da1d2ead"",""replica"":""393dc7e0-9f17-413f-bdbf-430cb09b9e18""}",2026-03-28T03:04:26.749659455Z
[DB] Synced 1 accounts to database,info,"{""level"":""info""}","{""project"":""ce3616d9-58ad-4ec7-a294-1821e1564434"",""environment"":""fb6513d0-42a4-4660-82b5-509c54b15f2a"",""service"":""4978aa94-666c-47c7-8024-3ada55195a51"",""deployment"":""e15128e0-a06e-4ecc-a154-cf21da1d2ead"",""replica"":""393dc7e0-9f17-413f-bdbf-430cb09b9e18""}",2026-03-28T03:04:56.888300031Z
[DB] Synced 1 accounts to database,info,"{""level"":""info""}","{""project"":""ce3616d9-58ad-4ec7-a294-1821e1564434"",""environment"":""fb6513d0-42a4-4660-82b5-509c54b15f2a"",""service"":""4978aa94-666c-47c7-8024-3ada55195a51"",""deployment"":""e15128e0-a06e-4ecc-a154-cf21da1d2ead"",""replica"":""393dc7e0-9f17-413f-bdbf-430cb09b9e18""}",2026-03-28T03:05:27.125369110Z
[DB] Synced 1 accounts to database,info,"{""level"":""info""}","{""project"":""ce3616d9-58ad-4ec7-a294-1821e1564434"",""environment"":""fb6513d0-42a4-4660-82b5-509c54b15f2a"",""service"":""4978aa94-666c-47c7-8024-3ada55195a51"",""deployment"":""e15128e0-a06e-4ecc-a154-cf21da1d2ead"",""replica"":""393dc7e0-9f17-413f-bdbf-430cb09b9e18""}",2026-03-28T03:05:57.292470611Z
[DB] Synced 1 accounts to database,info,"{""level"":""info""}","{""project"":""ce3616d9-58ad-4ec7-a294-1821e1564434"",""environment"":""fb6513d0-42a4-4660-82b5-509c54b15f2a"",""service"":""4978aa94-666c-47c7-8024-3ada55195a51"",""deployment"":""e15128e0-a06e-4ecc-a154-cf21da1d2ead"",""replica"":""393dc7e0-9f17-413f-bdbf-430cb09b9e18""}",2026-03-28T03:06:27.534289886Z
[DB] Synced 1 accounts to database,info,"{""level"":""info""}","{""project"":""ce3616d9-58ad-4ec7-a294-1821e1564434"",""environment"":""fb6513d0-42a4-4660-82b5-509c54b15f2a"",""service"":""4978aa94-666c-47c7-8024-3ada55195a51"",""deployment"":""e15128e0-a06e-4ecc-a154-cf21da1d2ead"",""replica"":""393dc7e0-9f17-413f-bdbf-430cb09b9e18""}",2026-03-28T03:06:57.799392639Z
[DB] Synced 1 accounts to database,info,"{""level"":""info""}","{""project"":""ce3616d9-58ad-4ec7-a294-1821e1564434"",""environment"":""fb6513d0-42a4-4660-82b5-509c54b15f2a"",""service"":""4978aa94-666c-47c7-8024-3ada55195a51"",""deployment"":""e15128e0-a06e-4ecc-a154-cf21da1d2ead"",""replica"":""393dc7e0-9f17-413f-bdbf-430cb09b9e18""}",2026-03-28T03:07:28.014942874Z
[DB] Synced 1 accounts to database,info,"{""level"":""info""}","{""project"":""ce3616d9-58ad-4ec7-a294-1821e1564434"",""environment"":""fb6513d0-42a4-4660-82b5-509c54b15f2a"",""service"":""4978aa94-666c-47c7-8024-3ada55195a51"",""deployment"":""e15128e0-a06e-4ecc-a154-cf21da1d2ead"",""replica"":""393dc7e0-9f17-413f-bdbf-430cb09b9e18""}",2026-03-28T03:07:58.020164336Z
[DB] Synced 1 accounts to database,info,"{""level"":""info""}","{""project"":""ce3616d9-58ad-4ec7-a294-1821e1564434"",""environment"":""fb6513d0-42a4-4660-82b5-509c54b15f2a"",""service"":""4978aa94-666c-47c7-8024-3ada55195a51"",""deployment"":""e15128e0-a06e-4ecc-a154-cf21da1d2ead"",""replica"":""393dc7e0-9f17-413f-bdbf-430cb09b9e18""}",2026-03-28T03:08:28.501225616Z
[DB] Synced 1 accounts to database,info,"{""level"":""info""}","{""project"":""ce3616d9-58ad-4ec7-a294-1821e1564434"",""environment"":""fb6513d0-42a4-4660-82b5-509c54b15f2a"",""service"":""4978aa94-666c-47c7-8024-3ada55195a51"",""deployment"":""e15128e0-a06e-4ecc-a154-cf21da1d2ead"",""replica"":""393dc7e0-9f17-413f-bdbf-430cb09b9e18""}",2026-03-28T03:08:58.499264439Z
[DB] Synced 1 accounts to database,info,"{""level"":""info""}","{""project"":""ce3616d9-58ad-4ec7-a294-1821e1564434"",""environment"":""fb6513d0-42a4-4660-82b5-509c54b15f2a"",""service"":""4978aa94-666c-47c7-8024-3ada55195a51"",""deployment"":""e15128e0-a06e-4ecc-a154-cf21da1d2ead"",""replica"":""393dc7e0-9f17-413f-bdbf-430cb09b9e18""}",2026-03-28T03:09:28.515396332Z
[DB] Synced 1 accounts to database,info,"{""level"":""info""}","{""project"":""ce3616d9-58ad-4ec7-a294-1821e1564434"",""environment"":""fb6513d0-42a4-4660-82b5-509c54b15f2a"",""service"":""4978aa94-666c-47c7-8024-3ada55195a51"",""deployment"":""e15128e0-a06e-4ecc-a154-cf21da1d2ead"",""replica"":""393dc7e0-9f17-413f-bdbf-430cb09b9e18""}",2026-03-28T03:09:58.555162088Z
[DB] Synced 1 accounts to database,info,"{""level"":""info""}","{""project"":""ce3616d9-58ad-4ec7-a294-1821e1564434"",""environment"":""fb6513d0-42a4-4660-82b5-509c54b15f2a"",""service"":""4978aa94-666c-47c7-8024-3ada55195a51"",""deployment"":""e15128e0-a06e-4ecc-a154-cf21da1d2ead"",""replica"":""393dc7e0-9f17-413f-bdbf-430cb09b9e18""}",2026-03-28T03:10:29.372381427Z
[DB] Synced 1 accounts to database,info,"{""level"":""info""}","{""project"":""ce3616d9-58ad-4ec7-a294-1821e1564434"",""environment"":""fb6513d0-42a4-4660-82b5-509c54b15f2a"",""service"":""4978aa94-666c-47c7-8024-3ada55195a51"",""deployment"":""e15128e0-a06e-4ecc-a154-cf21da1d2ead"",""replica"":""393dc7e0-9f17-413f-bdbf-430cb09b9e18""}",2026-03-28T03:10:59.429263442Z
[DB] Synced 1 accounts to database,info,"{""level"":""info""}","{""project"":""ce3616d9-58ad-4ec7-a294-1821e1564434"",""environment"":""fb6513d0-42a4-4660-82b5-509c54b15f2a"",""service"":""4978aa94-666c-47c7-8024-3ada55195a51"",""deployment"":""e15128e0-a06e-4ecc-a154-cf21da1d2ead"",""replica"":""393dc7e0-9f17-413f-bdbf-430cb09b9e18""}",2026-03-28T03:11:29.513649750Z
[DB] Synced 1 accounts to database,info,"{""level"":""info""}","{""project"":""ce3616d9-58ad-4ec7-a294-1821e1564434"",""environment"":""fb6513d0-42a4-4660-82b5-509c54b15f2a"",""service"":""4978aa94-666c-47c7-8024-3ada55195a51"",""deployment"":""e15128e0-a06e-4ecc-a154-cf21da1d2ead"",""replica"":""393dc7e0-9f17-413f-bdbf-430cb09b9e18""}",2026-03-28T03:11:59.524677833Z
[DB] Synced 1 accounts to database,info,"{""level"":""info""}","{""project"":""ce3616d9-58ad-4ec7-a294-1821e1564434"",""environment"":""fb6513d0-42a4-4660-82b5-509c54b15f2a"",""service"":""4978aa94-666c-47c7-8024-3ada55195a51"",""deployment"":""e15128e0-a06e-4ecc-a154-cf21da1d2ead"",""replica"":""393dc7e0-9f17-413f-bdbf-430cb09b9e18""}",2026-03-28T03:12:29.131272143Z
[DB] Synced 1 accounts to database,info,"{""level"":""info""}","{""project"":""ce3616d9-58ad-4ec7-a294-1821e1564434"",""environment"":""fb6513d0-42a4-4660-82b5-509c54b15f2a"",""service"":""4978aa94-666c-47c7-8024-3ada55195a51"",""deployment"":""e15128e0-a06e-4ecc-a154-cf21da1d2ead"",""replica"":""393dc7e0-9f17-413f-bdbf-430cb09b9e18""}",2026-03-28T03:12:59.039818603Z
[DB] Synced 1 accounts to database,info,"{""level"":""info""}","{""project"":""ce3616d9-58ad-4ec7-a294-1821e1564434"",""environment"":""fb6513d0-42a4-4660-82b5-509c54b15f2a"",""service"":""4978aa94-666c-47c7-8024-3ada55195a51"",""deployment"":""e15128e0-a06e-4ecc-a154-cf21da1d2ead"",""replica"":""393dc7e0-9f17-413f-bdbf-430cb09b9e18""}",2026-03-28T03:13:29.000742872Z
[DB] Synced 1 accounts to database,info,"{""level"":""info""}","{""project"":""ce3616d9-58ad-4ec7-a294-1821e1564434"",""environment"":""fb6513d0-42a4-4660-82b5-509c54b15f2a"",""service"":""4978aa94-666c-47c7-8024-3ada55195a51"",""deployment"":""e15128e0-a06e-4ecc-a154-cf21da1d2ead"",""replica"":""393dc7e0-9f17-413f-bdbf-430cb09b9e18""}",2026-03-28T03:13:59.365569048Z
[DB] Synced 1 accounts to database,info,"{""level"":""info""}","{""project"":""ce3616d9-58ad-4ec7-a294-1821e1564434"",""environment"":""fb6513d0-42a4-4660-82b5-509c54b15f2a"",""service"":""4978aa94-666c-47c7-8024-3ada55195a51"",""deployment"":""e15128e0-a06e-4ecc-a154-cf21da1d2ead"",""replica"":""393dc7e0-9f17-413f-bdbf-430cb09b9e18""}",2026-03-28T03:14:29.720770518Z
[DB] Synced 1 accounts to database,info,"{""level"":""info""}","{""project"":""ce3616d9-58ad-4ec7-a294-1821e1564434"",""environment"":""fb6513d0-42a4-4660-82b5-509c54b15f2a"",""service"":""4978aa94-666c-47c7-8024-3ada55195a51"",""deployment"":""e15128e0-a06e-4ecc-a154-cf21da1d2ead"",""replica"":""393dc7e0-9f17-413f-bdbf-430cb09b9e18""}",2026-03-28T03:14:59.960771642Z
[DB] Synced 1 accounts to database,info,"{""level"":""info""}","{""project"":""ce3616d9-58ad-4ec7-a294-1821e1564434"",""environment"":""fb6513d0-42a4-4660-82b5-509c54b15f2a"",""service"":""4978aa94-666c-47c7-8024-3ada55195a51"",""deployment"":""e15128e0-a06e-4ecc-a154-cf21da1d2ead"",""replica"":""393dc7e0-9f17-413f-bdbf-430cb09b9e18""}",2026-03-28T03:15:30.191840015Z
[DB] Synced 1 accounts to database,info,"{""level"":""info""}","{""project"":""ce3616d9-58ad-4ec7-a294-1821e1564434"",""environment"":""fb6513d0-42a4-4660-82b5-509c54b15f2a"",""service"":""4978aa94-666c-47c7-8024-3ada55195a51"",""deployment"":""e15128e0-a06e-4ecc-a154-cf21da1d2ead"",""replica"":""393dc7e0-9f17-413f-bdbf-430cb09b9e18""}",2026-03-28T03:16:00.517995811Z
[DB] Synced 1 accounts to database,info,"{""level"":""info""}","{""project"":""ce3616d9-58ad-4ec7-a294-1821e1564434"",""environment"":""fb6513d0-42a4-4660-82b5-509c54b15f2a"",""service"":""4978aa94-666c-47c7-8024-3ada55195a51"",""deployment"":""e15128e0-a06e-4ecc-a154-cf21da1d2ead"",""replica"":""393dc7e0-9f17-413f-bdbf-430cb09b9e18""}",2026-03-28T03:16:20.623710993Z
[DB] Synced 1 accounts to database,info,"{""level"":""info""}","{""project"":""ce3616d9-58ad-4ec7-a294-1821e1564434"",""environment"":""fb6513d0-42a4-4660-82b5-509c54b15f2a"",""service"":""4978aa94-666c-47c7-8024-3ada55195a51"",""deployment"":""e15128e0-a06e-4ecc-a154-cf21da1d2ead"",""replica"":""393dc7e0-9f17-413f-bdbf-430cb09b9e18""}",2026-03-28T03:16:50.595970651Z
[DB] Synced 1 accounts to database,info,"{""level"":""info""}","{""project"":""ce3616d9-58ad-4ec7-a294-1821e1564434"",""environment"":""fb6513d0-42a4-4660-82b5-509c54b15f2a"",""service"":""4978aa94-666c-47c7-8024-3ada55195a51"",""deployment"":""e15128e0-a06e-4ecc-a154-cf21da1d2ead"",""replica"":""393dc7e0-9f17-413f-bdbf-430cb09b9e18""}",2026-03-28T03:17:20.803401820Z
[DB] Synced 1 accounts to database,info,"{""level"":""info""}","{""project"":""ce3616d9-58ad-4ec7-a294-1821e1564434"",""environment"":""fb6513d0-42a4-4660-82b5-509c54b15f2a"",""service"":""4978aa94-666c-47c7-8024-3ada55195a51"",""deployment"":""e15128e0-a06e-4ecc-a154-cf21da1d2ead"",""replica"":""393dc7e0-9f17-413f-bdbf-430cb09b9e18""}",2026-03-28T03:17:50.647542440Z
[DB] Synced 1 accounts to database,info,"{""level"":""info""}","{""project"":""ce3616d9-58ad-4ec7-a294-1821e1564434"",""environment"":""fb6513d0-42a4-4660-82b5-509c54b15f2a"",""service"":""4978aa94-666c-47c7-8024-3ada55195a51"",""deployment"":""e15128e0-a06e-4ecc-a154-cf21da1d2ead"",""replica"":""393dc7e0-9f17-413f-bdbf-430cb09b9e18""}",2026-03-28T03:18:30.572728485Z
[DB] Synced 1 accounts to database,info,"{""level"":""info""}","{""project"":""ce3616d9-58ad-4ec7-a294-1821e1564434"",""environment"":""fb6513d0-42a4-4660-82b5-509c54b15f2a"",""service"":""4978aa94-666c-47c7-8024-3ada55195a51"",""deployment"":""e15128e0-a06e-4ecc-a154-cf21da1d2ead"",""replica"":""393dc7e0-9f17-413f-bdbf-430cb09b9e18""}",2026-03-28T03:18:50.688412037Z
[DB] Synced 1 accounts to database,info,"{""level"":""info""}","{""project"":""ce3616d9-58ad-4ec7-a294-1821e1564434"",""environment"":""fb6513d0-42a4-4660-82b5-509c54b15f2a"",""service"":""4978aa94-666c-47c7-8024-3ada55195a51"",""deployment"":""e15128e0-a06e-4ecc-a154-cf21da1d2ead"",""replica"":""393dc7e0-9f17-413f-bdbf-430cb09b9e18""}",2026-03-28T03:19:20.671126974Z
[DB] Synced 1 accounts to database,info,"{""level"":""info""}","{""project"":""ce3616d9-58ad-4ec7-a294-1821e1564434"",""environment"":""fb6513d0-42a4-4660-82b5-509c54b15f2a"",""service"":""4978aa94-666c-47c7-8024-3ada55195a51"",""deployment"":""e15128e0-a06e-4ecc-a154-cf21da1d2ead"",""replica"":""393dc7e0-9f17-413f-bdbf-430cb09b9e18""}",2026-03-28T03:19:50.666725168Z
[DB] Synced 1 accounts to database,info,"{""level"":""info""}","{""project"":""ce3616d9-58ad-4ec7-a294-1821e1564434"",""environment"":""fb6513d0-42a4-4660-82b5-509c54b15f2a"",""service"":""4978aa94-666c-47c7-8024-3ada55195a51"",""deployment"":""e15128e0-a06e-4ecc-a154-cf21da1d2ead"",""replica"":""393dc7e0-9f17-413f-bdbf-430cb09b9e18""}",2026-03-28T03:20:20.650039000Z
[DB] Synced 1 accounts to database,info,"{""level"":""info""}","{""project"":""ce3616d9-58ad-4ec7-a294-1821e1564434"",""environment"":""fb6513d0-42a4-4660-82b5-509c54b15f2a"",""service"":""4978aa94-666c-47c7-8024-3ada55195a51"",""deployment"":""e15128e0-a06e-4ecc-a154-cf21da1d2ead"",""replica"":""393dc7e0-9f17-413f-bdbf-430cb09b9e18""}",2026-03-28T03:20:50.985410289Z
[DB] Synced 1 accounts to database,info,"{""level"":""info""}","{""project"":""ce3616d9-58ad-4ec7-a294-1821e1564434"",""environment"":""fb6513d0-42a4-4660-82b5-509c54b15f2a"",""service"":""4978aa94-666c-47c7-8024-3ada55195a51"",""deployment"":""e15128e0-a06e-4ecc-a154-cf21da1d2ead"",""replica"":""393dc7e0-9f17-413f-bdbf-430cb09b9e18""}",2026-03-28T03:21:21.161658177Z
[DB] Synced 1 accounts to database,info,"{""level"":""info""}","{""project"":""ce3616d9-58ad-4ec7-a294-1821e1564434"",""environment"":""fb6513d0-42a4-4660-82b5-509c54b15f2a"",""service"":""4978aa94-666c-47c7-8024-3ada55195a51"",""deployment"":""e15128e0-a06e-4ecc-a154-cf21da1d2ead"",""replica"":""393dc7e0-9f17-413f-bdbf-430cb09b9e18""}",2026-03-28T03:21:51.147348684Z
[DB] Synced 1 accounts to database,info,"{""level"":""info""}","{""project"":""ce3616d9-58ad-4ec7-a294-1821e1564434"",""environment"":""fb6513d0-42a4-4660-82b5-509c54b15f2a"",""service"":""4978aa94-666c-47c7-8024-3ada55195a51"",""deployment"":""e15128e0-a06e-4ecc-a154-cf21da1d2ead"",""replica"":""393dc7e0-9f17-413f-bdbf-430cb09b9e18""}",2026-03-28T03:22:21.170246458Z
[DB] Synced 1 accounts to database,info,"{""level"":""info""}","{""project"":""ce3616d9-58ad-4ec7-a294-1821e1564434"",""environment"":""fb6513d0-42a4-4660-82b5-509c54b15f2a"",""service"":""4978aa94-666c-47c7-8024-3ada55195a51"",""deployment"":""e15128e0-a06e-4ecc-a154-cf21da1d2ead"",""replica"":""393dc7e0-9f17-413f-bdbf-430cb09b9e18""}",2026-03-28T03:22:51.062606802Z
[DB] Synced 1 accounts to database,info,"{""level"":""info""}","{""project"":""ce3616d9-58ad-4ec7-a294-1821e1564434"",""environment"":""fb6513d0-42a4-4660-82b5-509c54b15f2a"",""service"":""4978aa94-666c-47c7-8024-3ada55195a51"",""deployment"":""e15128e0-a06e-4ecc-a154-cf21da1d2ead"",""replica"":""393dc7e0-9f17-413f-bdbf-430cb09b9e18""}",2026-03-28T03:23:21.065010244Z
[DB] Synced 1 accounts to database,info,"{""level"":""info""}","{""project"":""ce3616d9-58ad-4ec7-a294-1821e1564434"",""environment"":""fb6513d0-42a4-4660-82b5-509c54b15f2a"",""service"":""4978aa94-666c-47c7-8024-3ada55195a51"",""deployment"":""e15128e0-a06e-4ecc-a154-cf21da1d2ead"",""replica"":""393dc7e0-9f17-413f-bdbf-430cb09b9e18""}",2026-03-28T03:23:51.192030076Z
[DB] Synced 1 accounts to database,info,"{""level"":""info""}","{""project"":""ce3616d9-58ad-4ec7-a294-1821e1564434"",""environment"":""fb6513d0-42a4-4660-82b5-509c54b15f2a"",""service"":""4978aa94-666c-47c7-8024-3ada55195a51"",""deployment"":""e15128e0-a06e-4ecc-a154-cf21da1d2ead"",""replica"":""393dc7e0-9f17-413f-bdbf-430cb09b9e18""}",2026-03-28T03:24:21.078290237Z
[DB] Synced 1 accounts to database,info,"{""level"":""info""}","{""project"":""ce3616d9-58ad-4ec7-a294-1821e1564434"",""environment"":""fb6513d0-42a4-4660-82b5-509c54b15f2a"",""service"":""4978aa94-666c-47c7-8024-3ada55195a51"",""deployment"":""e15128e0-a06e-4ecc-a154-cf21da1d2ead"",""replica"":""393dc7e0-9f17-413f-bdbf-430cb09b9e18""}",2026-03-28T03:24:50.896078835Z
[DB] Synced 1 accounts to database,info,"{""level"":""info""}","{""project"":""ce3616d9-58ad-4ec7-a294-1821e1564434"",""environment"":""fb6513d0-42a4-4660-82b5-509c54b15f2a"",""service"":""4978aa94-666c-47c7-8024-3ada55195a51"",""deployment"":""e15128e0-a06e-4ecc-a154-cf21da1d2ead"",""replica"":""393dc7e0-9f17-413f-bdbf-430cb09b9e18""}",2026-03-28T03:25:20.917479906Z
[DB] Synced 1 accounts to database,info,"{""level"":""info""}","{""project"":""ce3616d9-58ad-4ec7-a294-1821e1564434"",""environment"":""fb6513d0-42a4-4660-82b5-509c54b15f2a"",""service"":""4978aa94-666c-47c7-8024-3ada55195a51"",""deployment"":""e15128e0-a06e-4ecc-a154-cf21da1d2ead"",""replica"":""393dc7e0-9f17-413f-bdbf-430cb09b9e18""}",2026-03-28T03:25:50.898580200Z
[DB] Synced 1 accounts to database,info,"{""level"":""info""}","{""project"":""ce3616d9-58ad-4ec7-a294-1821e1564434"",""environment"":""fb6513d0-42a4-4660-82b5-509c54b15f2a"",""service"":""4978aa94-666c-47c7-8024-3ada55195a51"",""deployment"":""e15128e0-a06e-4ecc-a154-cf21da1d2ead"",""replica"":""393dc7e0-9f17-413f-bdbf-430cb09b9e18""}",2026-03-28T03:26:21.027677684Z
[DB] Synced 1 accounts to database,info,"{""level"":""info""}","{""project"":""ce3616d9-58ad-4ec7-a294-1821e1564434"",""environment"":""fb6513d0-42a4-4660-82b5-509c54b15f2a"",""service"":""4978aa94-666c-47c7-8024-3ada55195a51"",""deployment"":""e15128e0-a06e-4ecc-a154-cf21da1d2ead"",""replica"":""393dc7e0-9f17-413f-bdbf-430cb09b9e18""}",2026-03-28T03:26:50.957548866Z
[DB] Synced 1 accounts to database,info,"{""level"":""info""}","{""project"":""ce3616d9-58ad-4ec7-a294-1821e1564434"",""environment"":""fb6513d0-42a4-4660-82b5-509c54b15f2a"",""service"":""4978aa94-666c-47c7-8024-3ada55195a51"",""deployment"":""e15128e0-a06e-4ecc-a154-cf21da1d2ead"",""replica"":""393dc7e0-9f17-413f-bdbf-430cb09b9e18""}",2026-03-28T03:27:21.043040562Z
[DB] Synced 1 accounts to database,info,"{""level"":""info""}","{""project"":""ce3616d9-58ad-4ec7-a294-1821e1564434"",""environment"":""fb6513d0-42a4-4660-82b5-509c54b15f2a"",""service"":""4978aa94-666c-47c7-8024-3ada55195a51"",""deployment"":""e15128e0-a06e-4ecc-a154-cf21da1d2ead"",""replica"":""393dc7e0-9f17-413f-bdbf-430cb09b9e18""}",2026-03-28T03:27:50.758863839Z
[DB] Synced 1 accounts to database,info,"{""level"":""info""}","{""project"":""ce3616d9-58ad-4ec7-a294-1821e1564434"",""environment"":""fb6513d0-42a4-4660-82b5-509c54b15f2a"",""service"":""4978aa94-666c-47c7-8024-3ada55195a51"",""deployment"":""e15128e0-a06e-4ecc-a154-cf21da1d2ead"",""replica"":""393dc7e0-9f17-413f-bdbf-430cb09b9e18""}",2026-03-28T03:28:20.778286149Z
[DB] Synced 1 accounts to database,info,"{""level"":""info""}","{""project"":""ce3616d9-58ad-4ec7-a294-1821e1564434"",""environment"":""fb6513d0-42a4-4660-82b5-509c54b15f2a"",""service"":""4978aa94-666c-47c7-8024-3ada55195a51"",""deployment"":""e15128e0-a06e-4ecc-a154-cf21da1d2ead"",""replica"":""393dc7e0-9f17-413f-bdbf-430cb09b9e18""}",2026-03-28T03:28:51.010348755Z
[DB] Synced 1 accounts to database,info,"{""level"":""info""}","{""project"":""ce3616d9-58ad-4ec7-a294-1821e1564434"",""environment"":""fb6513d0-42a4-4660-82b5-509c54b15f2a"",""service"":""4978aa94-666c-47c7-8024-3ada55195a51"",""deployment"":""e15128e0-a06e-4ecc-a154-cf21da1d2ead"",""replica"":""393dc7e0-9f17-413f-bdbf-430cb09b9e18""}",2026-03-28T03:29:21.074338239Z
[DB] Synced 1 accounts to database,info,"{""level"":""info""}","{""project"":""ce3616d9-58ad-4ec7-a294-1821e1564434"",""environment"":""fb6513d0-42a4-4660-82b5-509c54b15f2a"",""service"":""4978aa94-666c-47c7-8024-3ada55195a51"",""deployment"":""e15128e0-a06e-4ecc-a154-cf21da1d2ead"",""replica"":""393dc7e0-9f17-413f-bdbf-430cb09b9e18""}",2026-03-28T03:29:51.167222294Z
[DB] Synced 1 accounts to database,info,"{""level"":""info""}","{""project"":""ce3616d9-58ad-4ec7-a294-1821e1564434"",""environment"":""fb6513d0-42a4-4660-82b5-509c54b15f2a"",""service"":""4978aa94-666c-47c7-8024-3ada55195a51"",""deployment"":""e15128e0-a06e-4ecc-a154-cf21da1d2ead"",""replica"":""393dc7e0-9f17-413f-bdbf-430cb09b9e18""}",2026-03-28T03:30:21.266490723Z
[DB] Synced 1 accounts to database,info,"{""level"":""info""}","{""project"":""ce3616d9-58ad-4ec7-a294-1821e1564434"",""environment"":""fb6513d0-42a4-4660-82b5-509c54b15f2a"",""service"":""4978aa94-666c-47c7-8024-3ada55195a51"",""deployment"":""e15128e0-a06e-4ecc-a154-cf21da1d2ead"",""replica"":""393dc7e0-9f17-413f-bdbf-430cb09b9e18""}",2026-03-28T03:30:51.262677120Z
[DB] Synced 1 accounts to database,info,"{""level"":""info""}","{""project"":""ce3616d9-58ad-4ec7-a294-1821e1564434"",""environment"":""fb6513d0-42a4-4660-82b5-509c54b15f2a"",""service"":""4978aa94-666c-47c7-8024-3ada55195a51"",""deployment"":""e15128e0-a06e-4ecc-a154-cf21da1d2ead"",""replica"":""393dc7e0-9f17-413f-bdbf-430cb09b9e18""}",2026-03-28T03:31:21.746172427Z
[DB] Synced 1 accounts to database,info,"{""level"":""info""}","{""project"":""ce3616d9-58ad-4ec7-a294-1821e1564434"",""environment"":""fb6513d0-42a4-4660-82b5-509c54b15f2a"",""service"":""4978aa94-666c-47c7-8024-3ada55195a51"",""deployment"":""e15128e0-a06e-4ecc-a154-cf21da1d2ead"",""replica"":""393dc7e0-9f17-413f-bdbf-430cb09b9e18""}",2026-03-28T03:31:51.827574904Z
[DB] Synced 1 accounts to database,info,"{""level"":""info""}","{""project"":""ce3616d9-58ad-4ec7-a294-1821e1564434"",""environment"":""fb6513d0-42a4-4660-82b5-509c54b15f2a"",""service"":""4978aa94-666c-47c7-8024-3ada55195a51"",""deployment"":""e15128e0-a06e-4ecc-a154-cf21da1d2ead"",""replica"":""393dc7e0-9f17-413f-bdbf-430cb09b9e18""}",2026-03-28T03:32:21.848169998Z
[DB] Synced 1 accounts to database,info,"{""level"":""info""}","{""project"":""ce3616d9-58ad-4ec7-a294-1821e1564434"",""environment"":""fb6513d0-42a4-4660-82b5-509c54b15f2a"",""service"":""4978aa94-666c-47c7-8024-3ada55195a51"",""deployment"":""e15128e0-a06e-4ecc-a154-cf21da1d2ead"",""replica"":""393dc7e0-9f17-413f-bdbf-430cb09b9e18""}",2026-03-28T03:32:52.022176024Z
[DB] Synced 1 accounts to database,info,"{""level"":""info""}","{""project"":""ce3616d9-58ad-4ec7-a294-1821e1564434"",""environment"":""fb6513d0-42a4-4660-82b5-509c54b15f2a"",""service"":""4978aa94-666c-47c7-8024-3ada55195a51"",""deployment"":""e15128e0-a06e-4ecc-a154-cf21da1d2ead"",""replica"":""393dc7e0-9f17-413f-bdbf-430cb09b9e18""}",2026-03-28T03:33:22.039418867Z
[DB] Synced 1 accounts to database,info,"{""level"":""info""}","{""project"":""ce3616d9-58ad-4ec7-a294-1821e1564434"",""environment"":""fb6513d0-42a4-4660-82b5-509c54b15f2a"",""service"":""4978aa94-666c-47c7-8024-3ada55195a51"",""deployment"":""e15128e0-a06e-4ecc-a154-cf21da1d2ead"",""replica"":""393dc7e0-9f17-413f-bdbf-430cb09b9e18""}",2026-03-28T03:33:52.648288359Z
[DB] Synced 1 accounts to database,info,"{""level"":""info""}","{""project"":""ce3616d9-58ad-4ec7-a294-1821e1564434"",""environment"":""fb6513d0-42a4-4660-82b5-509c54b15f2a"",""service"":""4978aa94-666c-47c7-8024-3ada55195a51"",""deployment"":""e15128e0-a06e-4ecc-a154-cf21da1d2ead"",""replica"":""393dc7e0-9f17-413f-bdbf-430cb09b9e18""}",2026-03-28T03:34:22.953821770Z
[DB] Synced 1 accounts to database,info,"{""level"":""info""}","{""project"":""ce3616d9-58ad-4ec7-a294-1821e1564434"",""environment"":""fb6513d0-42a4-4660-82b5-509c54b15f2a"",""service"":""4978aa94-666c-47c7-8024-3ada55195a51"",""deployment"":""e15128e0-a06e-4ecc-a154-cf21da1d2ead"",""replica"":""393dc7e0-9f17-413f-bdbf-430cb09b9e18""}",2026-03-28T03:34:52.825606960Z
[DB] Synced 1 accounts to database,info,"{""level"":""info""}","{""project"":""ce3616d9-58ad-4ec7-a294-1821e1564434"",""environment"":""fb6513d0-42a4-4660-82b5-509c54b15f2a"",""service"":""4978aa94-666c-47c7-8024-3ada55195a51"",""deployment"":""e15128e0-a06e-4ecc-a154-cf21da1d2ead"",""replica"":""393dc7e0-9f17-413f-bdbf-430cb09b9e18""}",2026-03-28T03:35:22.940444237Z
[DB] Synced 1 accounts to database,info,"{""level"":""info""}","{""project"":""ce3616d9-58ad-4ec7-a294-1821e1564434"",""environment"":""fb6513d0-42a4-4660-82b5-509c54b15f2a"",""service"":""4978aa94-666c-47c7-8024-3ada55195a51"",""deployment"":""e15128e0-a06e-4ecc-a154-cf21da1d2ead"",""replica"":""393dc7e0-9f17-413f-bdbf-430cb09b9e18""}",2026-03-28T03:35:53.229008217Z
[DB] Synced 1 accounts to database,info,"{""level"":""info""}","{""project"":""ce3616d9-58ad-4ec7-a294-1821e1564434"",""environment"":""fb6513d0-42a4-4660-82b5-509c54b15f2a"",""service"":""4978aa94-666c-47c7-8024-3ada55195a51"",""deployment"":""e15128e0-a06e-4ecc-a154-cf21da1d2ead"",""replica"":""393dc7e0-9f17-413f-bdbf-430cb09b9e18""}",2026-03-28T03:36:23.360557490Z
[DB] Synced 1 accounts to database,info,"{""level"":""info""}","{""project"":""ce3616d9-58ad-4ec7-a294-1821e1564434"",""environment"":""fb6513d0-42a4-4660-82b5-509c54b15f2a"",""service"":""4978aa94-666c-47c7-8024-3ada55195a51"",""deployment"":""e15128e0-a06e-4ecc-a154-cf21da1d2ead"",""replica"":""393dc7e0-9f17-413f-bdbf-430cb09b9e18""}",2026-03-28T03:36:53.596070045Z
[DB] Synced 1 accounts to database,info,"{""level"":""info""}","{""project"":""ce3616d9-58ad-4ec7-a294-1821e1564434"",""environment"":""fb6513d0-42a4-4660-82b5-509c54b15f2a"",""service"":""4978aa94-666c-47c7-8024-3ada55195a51"",""deployment"":""e15128e0-a06e-4ecc-a154-cf21da1d2ead"",""replica"":""393dc7e0-9f17-413f-bdbf-430cb09b9e18""}",2026-03-28T03:37:23.769303647Z
[DB] Synced 1 accounts to database,info,"{""level"":""info""}","{""project"":""ce3616d9-58ad-4ec7-a294-1821e1564434"",""environment"":""fb6513d0-42a4-4660-82b5-509c54b15f2a"",""service"":""4978aa94-666c-47c7-8024-3ada55195a51"",""deployment"":""e15128e0-a06e-4ecc-a154-cf21da1d2ead"",""replica"":""393dc7e0-9f17-413f-bdbf-430cb09b9e18""}",2026-03-28T03:37:53.886188905Z
[DB] Synced 1 accounts to database,info,"{""level"":""info""}","{""project"":""ce3616d9-58ad-4ec7-a294-1821e1564434"",""environment"":""fb6513d0-42a4-4660-82b5-509c54b15f2a"",""service"":""4978aa94-666c-47c7-8024-3ada55195a51"",""deployment"":""e15128e0-a06e-4ecc-a154-cf21da1d2ead"",""replica"":""393dc7e0-9f17-413f-bdbf-430cb09b9e18""}",2026-03-28T03:38:23.904091907Z
[DB] Synced 1 accounts to database,info,"{""level"":""info""}","{""project"":""ce3616d9-58ad-4ec7-a294-1821e1564434"",""environment"":""fb6513d0-42a4-4660-82b5-509c54b15f2a"",""service"":""4978aa94-666c-47c7-8024-3ada55195a51"",""deployment"":""e15128e0-a06e-4ecc-a154-cf21da1d2ead"",""replica"":""393dc7e0-9f17-413f-bdbf-430cb09b9e18""}",2026-03-28T03:38:54.096163054Z
[DB] Synced 1 accounts to database,info,"{""level"":""info""}","{""project"":""ce3616d9-58ad-4ec7-a294-1821e1564434"",""environment"":""fb6513d0-42a4-4660-82b5-509c54b15f2a"",""service"":""4978aa94-666c-47c7-8024-3ada55195a51"",""deployment"":""e15128e0-a06e-4ecc-a154-cf21da1d2ead"",""replica"":""393dc7e0-9f17-413f-bdbf-430cb09b9e18""}",2026-03-28T03:39:24.258447648Z
[DB] Synced 1 accounts to database,info,"{""level"":""info""}","{""project"":""ce3616d9-58ad-4ec7-a294-1821e1564434"",""environment"":""fb6513d0-42a4-4660-82b5-509c54b15f2a"",""service"":""4978aa94-666c-47c7-8024-3ada55195a51"",""deployment"":""e15128e0-a06e-4ecc-a154-cf21da1d2ead"",""replica"":""393dc7e0-9f17-413f-bdbf-430cb09b9e18""}",2026-03-28T03:39:54.669551534Z
[DB] Synced 1 accounts to database,info,"{""level"":""info""}","{""project"":""ce3616d9-58ad-4ec7-a294-1821e1564434"",""environment"":""fb6513d0-42a4-4660-82b5-509c54b15f2a"",""service"":""4978aa94-666c-47c7-8024-3ada55195a51"",""deployment"":""e15128e0-a06e-4ecc-a154-cf21da1d2ead"",""replica"":""393dc7e0-9f17-413f-bdbf-430cb09b9e18""}",2026-03-28T03:40:24.957443566Z
[DB] Synced 1 accounts to database,info,"{""level"":""info""}","{""project"":""ce3616d9-58ad-4ec7-a294-1821e1564434"",""environment"":""fb6513d0-42a4-4660-82b5-509c54b15f2a"",""service"":""4978aa94-666c-47c7-8024-3ada55195a51"",""deployment"":""e15128e0-a06e-4ecc-a154-cf21da1d2ead"",""replica"":""393dc7e0-9f17-413f-bdbf-430cb09b9e18""}",2026-03-28T03:40:55.249472294Z
[DB] Synced 1 accounts to database,info,"{""level"":""info""}","{""project"":""ce3616d9-58ad-4ec7-a294-1821e1564434"",""environment"":""fb6513d0-42a4-4660-82b5-509c54b15f2a"",""service"":""4978aa94-666c-47c7-8024-3ada55195a51"",""deployment"":""e15128e0-a06e-4ecc-a154-cf21da1d2ead"",""replica"":""393dc7e0-9f17-413f-bdbf-430cb09b9e18""}",2026-03-28T03:41:25.360365919Z
[DB] Synced 1 accounts to database,info,"{""level"":""info""}","{""project"":""ce3616d9-58ad-4ec7-a294-1821e1564434"",""environment"":""fb6513d0-42a4-4660-82b5-509c54b15f2a"",""service"":""4978aa94-666c-47c7-8024-3ada55195a51"",""deployment"":""e15128e0-a06e-4ecc-a154-cf21da1d2ead"",""replica"":""393dc7e0-9f17-413f-bdbf-430cb09b9e18""}",2026-03-28T03:41:55.361072374Z
[DB] Synced 1 accounts to database,info,"{""level"":""info""}","{""project"":""ce3616d9-58ad-4ec7-a294-1821e1564434"",""environment"":""fb6513d0-42a4-4660-82b5-509c54b15f2a"",""service"":""4978aa94-666c-47c7-8024-3ada55195a51"",""deployment"":""e15128e0-a06e-4ecc-a154-cf21da1d2ead"",""replica"":""393dc7e0-9f17-413f-bdbf-430cb09b9e18""}",2026-03-28T03:42:25.321205793Z
[DB] Synced 1 accounts to database,info,"{""level"":""info""}","{""project"":""ce3616d9-58ad-4ec7-a294-1821e1564434"",""environment"":""fb6513d0-42a4-4660-82b5-509c54b15f2a"",""service"":""4978aa94-666c-47c7-8024-3ada55195a51"",""deployment"":""e15128e0-a06e-4ecc-a154-cf21da1d2ead"",""replica"":""393dc7e0-9f17-413f-bdbf-430cb09b9e18""}",2026-03-28T03:42:55.075064964Z
[DB] Synced 1 accounts to database,info,"{""level"":""info""}","{""project"":""ce3616d9-58ad-4ec7-a294-1821e1564434"",""environment"":""fb6513d0-42a4-4660-82b5-509c54b15f2a"",""service"":""4978aa94-666c-47c7-8024-3ada55195a51"",""deployment"":""e15128e0-a06e-4ecc-a154-cf21da1d2ead"",""replica"":""393dc7e0-9f17-413f-bdbf-430cb09b9e18""}",2026-03-28T03:43:25.116730199Z
[DB] Synced 1 accounts to database,info,"{""level"":""info""}","{""project"":""ce3616d9-58ad-4ec7-a294-1821e1564434"",""environment"":""fb6513d0-42a4-4660-82b5-509c54b15f2a"",""service"":""4978aa94-666c-47c7-8024-3ada55195a51"",""deployment"":""e15128e0-a06e-4ecc-a154-cf21da1d2ead"",""replica"":""393dc7e0-9f17-413f-bdbf-430cb09b9e18""}",2026-03-28T03:43:55.122670255Z
[DB] Synced 1 accounts to database,info,"{""level"":""info""}","{""project"":""ce3616d9-58ad-4ec7-a294-1821e1564434"",""environment"":""fb6513d0-42a4-4660-82b5-509c54b15f2a"",""service"":""4978aa94-666c-47c7-8024-3ada55195a51"",""deployment"":""e15128e0-a06e-4ecc-a154-cf21da1d2ead"",""replica"":""393dc7e0-9f17-413f-bdbf-430cb09b9e18""}",2026-03-28T03:44:25.232607655Z
[DB] Synced 1 accounts to database,info,"{""level"":""info""}","{""project"":""ce3616d9-58ad-4ec7-a294-1821e1564434"",""environment"":""fb6513d0-42a4-4660-82b5-509c54b15f2a"",""service"":""4978aa94-666c-47c7-8024-3ada55195a51"",""deployment"":""e15128e0-a06e-4ecc-a154-cf21da1d2ead"",""replica"":""393dc7e0-9f17-413f-bdbf-430cb09b9e18""}",2026-03-28T03:44:55.175084454Z
[DB] Synced 1 accounts to database,info,"{""level"":""info""}","{""project"":""ce3616d9-58ad-4ec7-a294-1821e1564434"",""environment"":""fb6513d0-42a4-4660-82b5-509c54b15f2a"",""service"":""4978aa94-666c-47c7-8024-3ada55195a51"",""deployment"":""e15128e0-a06e-4ecc-a154-cf21da1d2ead"",""replica"":""393dc7e0-9f17-413f-bdbf-430cb09b9e18""}",2026-03-28T03:45:25.270395670Z
[DB] Synced 1 accounts to database,info,"{""level"":""info""}","{""project"":""ce3616d9-58ad-4ec7-a294-1821e1564434"",""environment"":""fb6513d0-42a4-4660-82b5-509c54b15f2a"",""service"":""4978aa94-666c-47c7-8024-3ada55195a51"",""deployment"":""e15128e0-a06e-4ecc-a154-cf21da1d2ead"",""replica"":""393dc7e0-9f17-413f-bdbf-430cb09b9e18""}",2026-03-28T03:45:55.182611509Z
[DB] Synced 1 accounts to database,info,"{""level"":""info""}","{""project"":""ce3616d9-58ad-4ec7-a294-1821e1564434"",""environment"":""fb6513d0-42a4-4660-82b5-509c54b15f2a"",""service"":""4978aa94-666c-47c7-8024-3ada55195a51"",""deployment"":""e15128e0-a06e-4ecc-a154-cf21da1d2ead"",""replica"":""393dc7e0-9f17-413f-bdbf-430cb09b9e18""}",2026-03-28T03:46:25.452312604Z
[DB] Synced 1 accounts to database,info,"{""level"":""info""}","{""project"":""ce3616d9-58ad-4ec7-a294-1821e1564434"",""environment"":""fb6513d0-42a4-4660-82b5-509c54b15f2a"",""service"":""4978aa94-666c-47c7-8024-3ada55195a51"",""deployment"":""e15128e0-a06e-4ecc-a154-cf21da1d2ead"",""replica"":""393dc7e0-9f17-413f-bdbf-430cb09b9e18""}",2026-03-28T03:46:55.463884023Z
[DB] Synced 1 accounts to database,info,"{""level"":""info""}","{""project"":""ce3616d9-58ad-4ec7-a294-1821e1564434"",""environment"":""fb6513d0-42a4-4660-82b5-509c54b15f2a"",""service"":""4978aa94-666c-47c7-8024-3ada55195a51"",""deployment"":""e15128e0-a06e-4ecc-a154-cf21da1d2ead"",""replica"":""393dc7e0-9f17-413f-bdbf-430cb09b9e18""}",2026-03-28T03:47:25.503080056Z
[DB] Synced 1 accounts to database,info,"{""level"":""info""}","{""project"":""ce3616d9-58ad-4ec7-a294-1821e1564434"",""environment"":""fb6513d0-42a4-4660-82b5-509c54b15f2a"",""service"":""4978aa94-666c-47c7-8024-3ada55195a51"",""deployment"":""e15128e0-a06e-4ecc-a154-cf21da1d2ead"",""replica"":""393dc7e0-9f17-413f-bdbf-430cb09b9e18""}",2026-03-28T03:47:55.603412246Z
[DB] Synced 1 accounts to database,info,"{""level"":""info""}","{""project"":""ce3616d9-58ad-4ec7-a294-1821e1564434"",""environment"":""fb6513d0-42a4-4660-82b5-509c54b15f2a"",""service"":""4978aa94-666c-47c7-8024-3ada55195a51"",""deployment"":""e15128e0-a06e-4ecc-a154-cf21da1d2ead"",""replica"":""393dc7e0-9f17-413f-bdbf-430cb09b9e18""}",2026-03-28T03:48:25.519547902Z
[DB] Synced 1 accounts to database,info,"{""level"":""info""}","{""project"":""ce3616d9-58ad-4ec7-a294-1821e1564434"",""environment"":""fb6513d0-42a4-4660-82b5-509c54b15f2a"",""service"":""4978aa94-666c-47c7-8024-3ada55195a51"",""deployment"":""e15128e0-a06e-4ecc-a154-cf21da1d2ead"",""replica"":""393dc7e0-9f17-413f-bdbf-430cb09b9e18""}",2026-03-28T03:48:55.513393454Z
[DB] Synced 1 accounts to database,info,"{""level"":""info""}","{""project"":""ce3616d9-58ad-4ec7-a294-1821e1564434"",""environment"":""fb6513d0-42a4-4660-82b5-509c54b15f2a"",""service"":""4978aa94-666c-47c7-8024-3ada55195a51"",""deployment"":""e15128e0-a06e-4ecc-a154-cf21da1d2ead"",""replica"":""393dc7e0-9f17-413f-bdbf-430cb09b9e18""}",2026-03-28T03:49:25.446922162Z
[DB] Synced 1 accounts to database,info,"{""level"":""info""}","{""project"":""ce3616d9-58ad-4ec7-a294-1821e1564434"",""environment"":""fb6513d0-42a4-4660-82b5-509c54b15f2a"",""service"":""4978aa94-666c-47c7-8024-3ada55195a51"",""deployment"":""e15128e0-a06e-4ecc-a154-cf21da1d2ead"",""replica"":""393dc7e0-9f17-413f-bdbf-430cb09b9e18""}",2026-03-28T03:49:55.533874701Z
[DB] Synced 1 accounts to database,info,"{""level"":""info""}","{""project"":""ce3616d9-58ad-4ec7-a294-1821e1564434"",""environment"":""fb6513d0-42a4-4660-82b5-509c54b15f2a"",""service"":""4978aa94-666c-47c7-8024-3ada55195a51"",""deployment"":""e15128e0-a06e-4ecc-a154-cf21da1d2ead"",""replica"":""393dc7e0-9f17-413f-bdbf-430cb09b9e18""}",2026-03-28T03:50:25.639893556Z
[DB] Synced 1 accounts to database,info,"{""level"":""info""}","{""project"":""ce3616d9-58ad-4ec7-a294-1821e1564434"",""environment"":""fb6513d0-42a4-4660-82b5-509c54b15f2a"",""service"":""4978aa94-666c-47c7-8024-3ada55195a51"",""deployment"":""e15128e0-a06e-4ecc-a154-cf21da1d2ead"",""replica"":""393dc7e0-9f17-413f-bdbf-430cb09b9e18""}",2026-03-28T03:50:55.758915616Z
[DB] Synced 1 accounts to database,info,"{""level"":""info""}","{""project"":""ce3616d9-58ad-4ec7-a294-1821e1564434"",""environment"":""fb6513d0-42a4-4660-82b5-509c54b15f2a"",""service"":""4978aa94-666c-47c7-8024-3ada55195a51"",""deployment"":""e15128e0-a06e-4ecc-a154-cf21da1d2ead"",""replica"":""393dc7e0-9f17-413f-bdbf-430cb09b9e18""}",2026-03-28T03:51:26.006012583Z
[DB] Synced 1 accounts to database,info,"{""level"":""info""}","{""project"":""ce3616d9-58ad-4ec7-a294-1821e1564434"",""environment"":""fb6513d0-42a4-4660-82b5-509c54b15f2a"",""service"":""4978aa94-666c-47c7-8024-3ada55195a51"",""deployment"":""e15128e0-a06e-4ecc-a154-cf21da1d2ead"",""replica"":""393dc7e0-9f17-413f-bdbf-430cb09b9e18""}",2026-03-28T03:51:56.296733156Z
[DB] Synced 1 accounts to database,info,"{""level"":""info""}","{""project"":""ce3616d9-58ad-4ec7-a294-1821e1564434"",""environment"":""fb6513d0-42a4-4660-82b5-509c54b15f2a"",""service"":""4978aa94-666c-47c7-8024-3ada55195a51"",""deployment"":""e15128e0-a06e-4ecc-a154-cf21da1d2ead"",""replica"":""393dc7e0-9f17-413f-bdbf-430cb09b9e18""}",2026-03-28T03:52:26.435531285Z
[DB] Synced 1 accounts to database,info,"{""level"":""info""}","{""project"":""ce3616d9-58ad-4ec7-a294-1821e1564434"",""environment"":""fb6513d0-42a4-4660-82b5-509c54b15f2a"",""service"":""4978aa94-666c-47c7-8024-3ada55195a51"",""deployment"":""e15128e0-a06e-4ecc-a154-cf21da1d2ead"",""replica"":""393dc7e0-9f17-413f-bdbf-430cb09b9e18""}",2026-03-28T03:52:56.535616241Z
[DB] Synced 1 accounts to database,info,"{""level"":""info""}","{""project"":""ce3616d9-58ad-4ec7-a294-1821e1564434"",""environment"":""fb6513d0-42a4-4660-82b5-509c54b15f2a"",""service"":""4978aa94-666c-47c7-8024-3ada55195a51"",""deployment"":""e15128e0-a06e-4ecc-a154-cf21da1d2ead"",""replica"":""393dc7e0-9f17-413f-bdbf-430cb09b9e18""}",2026-03-28T03:53:26.554347087Z
[DB] Synced 1 accounts to database,info,"{""level"":""info""}","{""project"":""ce3616d9-58ad-4ec7-a294-1821e1564434"",""environment"":""fb6513d0-42a4-4660-82b5-509c54b15f2a"",""service"":""4978aa94-666c-47c7-8024-3ada55195a51"",""deployment"":""e15128e0-a06e-4ecc-a154-cf21da1d2ead"",""replica"":""393dc7e0-9f17-413f-bdbf-430cb09b9e18""}",2026-03-28T03:53:56.250355666Z
[DB] Synced 1 accounts to database,info,"{""level"":""info""}","{""project"":""ce3616d9-58ad-4ec7-a294-1821e1564434"",""environment"":""fb6513d0-42a4-4660-82b5-509c54b15f2a"",""service"":""4978aa94-666c-47c7-8024-3ada55195a51"",""deployment"":""e15128e0-a06e-4ecc-a154-cf21da1d2ead"",""replica"":""393dc7e0-9f17-413f-bdbf-430cb09b9e18""}",2026-03-28T03:54:26.290952912Z
[DB] Synced 1 accounts to database,info,"{""level"":""info""}","{""project"":""ce3616d9-58ad-4ec7-a294-1821e1564434"",""environment"":""fb6513d0-42a4-4660-82b5-509c54b15f2a"",""service"":""4978aa94-666c-47c7-8024-3ada55195a51"",""deployment"":""e15128e0-a06e-4ecc-a154-cf21da1d2ead"",""replica"":""393dc7e0-9f17-413f-bdbf-430cb09b9e18""}",2026-03-28T03:54:56.507226885Z
[DB] Synced 1 accounts to database,info,"{""level"":""info""}","{""project"":""ce3616d9-58ad-4ec7-a294-1821e1564434"",""environment"":""fb6513d0-42a4-4660-82b5-509c54b15f2a"",""service"":""4978aa94-666c-47c7-8024-3ada55195a51"",""deployment"":""e15128e0-a06e-4ecc-a154-cf21da1d2ead"",""replica"":""393dc7e0-9f17-413f-bdbf-430cb09b9e18""}",2026-03-28T03:55:26.503946380Z
[DB] Synced 1 accounts to database,info,"{""level"":""info""}","{""project"":""ce3616d9-58ad-4ec7-a294-1821e1564434"",""environment"":""fb6513d0-42a4-4660-82b5-509c54b15f2a"",""service"":""4978aa94-666c-47c7-8024-3ada55195a51"",""deployment"":""e15128e0-a06e-4ecc-a154-cf21da1d2ead"",""replica"":""393dc7e0-9f17-413f-bdbf-430cb09b9e18""}",2026-03-28T03:55:56.523365896Z
[DB] Synced 1 accounts to database,info,"{""level"":""info""}","{""project"":""ce3616d9-58ad-4ec7-a294-1821e1564434"",""environment"":""fb6513d0-42a4-4660-82b5-509c54b15f2a"",""service"":""4978aa94-666c-47c7-8024-3ada55195a51"",""deployment"":""e15128e0-a06e-4ecc-a154-cf21da1d2ead"",""replica"":""393dc7e0-9f17-413f-bdbf-430cb09b9e18""}",2026-03-28T03:56:26.510550323Z
[DB] Synced 1 accounts to database,info,"{""level"":""info""}","{""project"":""ce3616d9-58ad-4ec7-a294-1821e1564434"",""environment"":""fb6513d0-42a4-4660-82b5-509c54b15f2a"",""service"":""4978aa94-666c-47c7-8024-3ada55195a51"",""deployment"":""e15128e0-a06e-4ecc-a154-cf21da1d2ead"",""replica"":""393dc7e0-9f17-413f-bdbf-430cb09b9e18""}",2026-03-28T03:56:56.448874864Z
[DB] Synced 1 accounts to database,info,"{""level"":""info""}","{""project"":""ce3616d9-58ad-4ec7-a294-1821e1564434"",""environment"":""fb6513d0-42a4-4660-82b5-509c54b15f2a"",""service"":""4978aa94-666c-47c7-8024-3ada55195a51"",""deployment"":""e15128e0-a06e-4ecc-a154-cf21da1d2ead"",""replica"":""393dc7e0-9f17-413f-bdbf-430cb09b9e18""}",2026-03-28T03:57:26.405907354Z
[DB] Synced 1 accounts to database,info,"{""level"":""info""}","{""project"":""ce3616d9-58ad-4ec7-a294-1821e1564434"",""environment"":""fb6513d0-42a4-4660-82b5-509c54b15f2a"",""service"":""4978aa94-666c-47c7-8024-3ada55195a51"",""deployment"":""e15128e0-a06e-4ecc-a154-cf21da1d2ead"",""replica"":""393dc7e0-9f17-413f-bdbf-430cb09b9e18""}",2026-03-28T03:57:56.408240104Z
[DB] Synced 1 accounts to database,info,"{""level"":""info""}","{""project"":""ce3616d9-58ad-4ec7-a294-1821e1564434"",""environment"":""fb6513d0-42a4-4660-82b5-509c54b15f2a"",""service"":""4978aa94-666c-47c7-8024-3ada55195a51"",""deployment"":""e15128e0-a06e-4ecc-a154-cf21da1d2ead"",""replica"":""393dc7e0-9f17-413f-bdbf-430cb09b9e18""}",2026-03-28T03:58:26.159942161Z
[DB] Synced 1 accounts to database,info,"{""level"":""info""}","{""project"":""ce3616d9-58ad-4ec7-a294-1821e1564434"",""environment"":""fb6513d0-42a4-4660-82b5-509c54b15f2a"",""service"":""4978aa94-666c-47c7-8024-3ada55195a51"",""deployment"":""e15128e0-a06e-4ecc-a154-cf21da1d2ead"",""replica"":""393dc7e0-9f17-413f-bdbf-430cb09b9e18""}",2026-03-28T03:58:55.425436641Z
[DB] Synced 1 accounts to database,info,"{""level"":""info""}","{""project"":""ce3616d9-58ad-4ec7-a294-1821e1564434"",""environment"":""fb6513d0-42a4-4660-82b5-509c54b15f2a"",""service"":""4978aa94-666c-47c7-8024-3ada55195a51"",""deployment"":""e15128e0-a06e-4ecc-a154-cf21da1d2ead"",""replica"":""393dc7e0-9f17-413f-bdbf-430cb09b9e18""}",2026-03-28T03:59:25.372002705Z
[DB] Synced 1 accounts to database,info,"{""level"":""info""}","{""project"":""ce3616d9-58ad-4ec7-a294-1821e1564434"",""environment"":""fb6513d0-42a4-4660-82b5-509c54b15f2a"",""service"":""4978aa94-666c-47c7-8024-3ada55195a51"",""deployment"":""e15128e0-a06e-4ecc-a154-cf21da1d2ead"",""replica"":""393dc7e0-9f17-413f-bdbf-430cb09b9e18""}",2026-03-28T03:59:55.416240341Z
[DB] Synced 1 accounts to database,info,"{""level"":""info""}","{""project"":""ce3616d9-58ad-4ec7-a294-1821e1564434"",""environment"":""fb6513d0-42a4-4660-82b5-509c54b15f2a"",""service"":""4978aa94-666c-47c7-8024-3ada55195a51"",""deployment"":""e15128e0-a06e-4ecc-a154-cf21da1d2ead"",""replica"":""393dc7e0-9f17-413f-bdbf-430cb09b9e18""}",2026-03-28T04:00:25.763199261Z
[DB] Synced 1 accounts to database,info,"{""level"":""info""}","{""project"":""ce3616d9-58ad-4ec7-a294-1821e1564434"",""environment"":""fb6513d0-42a4-4660-82b5-509c54b15f2a"",""service"":""4978aa94-666c-47c7-8024-3ada55195a51"",""deployment"":""e15128e0-a06e-4ecc-a154-cf21da1d2ead"",""replica"":""393dc7e0-9f17-413f-bdbf-430cb09b9e18""}",2026-03-28T04:00:55.838844241Z
[DB] Synced 1 accounts to database,info,"{""level"":""info""}","{""project"":""ce3616d9-58ad-4ec7-a294-1821e1564434"",""environment"":""fb6513d0-42a4-4660-82b5-509c54b15f2a"",""service"":""4978aa94-666c-47c7-8024-3ada55195a51"",""deployment"":""e15128e0-a06e-4ecc-a154-cf21da1d2ead"",""replica"":""393dc7e0-9f17-413f-bdbf-430cb09b9e18""}",2026-03-28T04:01:25.780987447Z
[DB] Synced 1 accounts to database,info,"{""level"":""info""}","{""project"":""ce3616d9-58ad-4ec7-a294-1821e1564434"",""environment"":""fb6513d0-42a4-4660-82b5-509c54b15f2a"",""service"":""4978aa94-666c-47c7-8024-3ada55195a51"",""deployment"":""e15128e0-a06e-4ecc-a154-cf21da1d2ead"",""replica"":""393dc7e0-9f17-413f-bdbf-430cb09b9e18""}",2026-03-28T04:01:55.881573003Z
[DB] Synced 1 accounts to database,info,"{""level"":""info""}","{""project"":""ce3616d9-58ad-4ec7-a294-1821e1564434"",""environment"":""fb6513d0-42a4-4660-82b5-509c54b15f2a"",""service"":""4978aa94-666c-47c7-8024-3ada55195a51"",""deployment"":""e15128e0-a06e-4ecc-a154-cf21da1d2ead"",""replica"":""393dc7e0-9f17-413f-bdbf-430cb09b9e18""}",2026-03-28T04:02:25.922667219Z
[DB] Synced 1 accounts to database,info,"{""level"":""info""}","{""project"":""ce3616d9-58ad-4ec7-a294-1821e1564434"",""environment"":""fb6513d0-42a4-4660-82b5-509c54b15f2a"",""service"":""4978aa94-666c-47c7-8024-3ada55195a51"",""deployment"":""e15128e0-a06e-4ecc-a154-cf21da1d2ead"",""replica"":""393dc7e0-9f17-413f-bdbf-430cb09b9e18""}",2026-03-28T04:02:56.215601958Z
[DB] Synced 1 accounts to database,info,"{""level"":""info""}","{""project"":""ce3616d9-58ad-4ec7-a294-1821e1564434"",""environment"":""fb6513d0-42a4-4660-82b5-509c54b15f2a"",""service"":""4978aa94-666c-47c7-8024-3ada55195a51"",""deployment"":""e15128e0-a06e-4ecc-a154-cf21da1d2ead"",""replica"":""393dc7e0-9f17-413f-bdbf-430cb09b9e18""}",2026-03-28T04:03:26.082301312Z
[DB] Synced 1 accounts to database,info,"{""level"":""info""}","{""project"":""ce3616d9-58ad-4ec7-a294-1821e1564434"",""environment"":""fb6513d0-42a4-4660-82b5-509c54b15f2a"",""service"":""4978aa94-666c-47c7-8024-3ada55195a51"",""deployment"":""e15128e0-a06e-4ecc-a154-cf21da1d2ead"",""replica"":""393dc7e0-9f17-413f-bdbf-430cb09b9e18""}",2026-03-28T04:03:56.078094106Z
[DB] Synced 1 accounts to database,info,"{""level"":""info""}","{""project"":""ce3616d9-58ad-4ec7-a294-1821e1564434"",""environment"":""fb6513d0-42a4-4660-82b5-509c54b15f2a"",""service"":""4978aa94-666c-47c7-8024-3ada55195a51"",""deployment"":""e15128e0-a06e-4ecc-a154-cf21da1d2ead"",""replica"":""393dc7e0-9f17-413f-bdbf-430cb09b9e18""}",2026-03-28T04:04:26.033757761Z
[DB] Synced 1 accounts to database,info,"{""level"":""info""}","{""project"":""ce3616d9-58ad-4ec7-a294-1821e1564434"",""environment"":""fb6513d0-42a4-4660-82b5-509c54b15f2a"",""service"":""4978aa94-666c-47c7-8024-3ada55195a51"",""deployment"":""e15128e0-a06e-4ecc-a154-cf21da1d2ead"",""replica"":""393dc7e0-9f17-413f-bdbf-430cb09b9e18""}",2026-03-28T04:04:56.247167601Z
[DB] Synced 1 accounts to database,info,"{""level"":""info""}","{""project"":""ce3616d9-58ad-4ec7-a294-1821e1564434"",""environment"":""fb6513d0-42a4-4660-82b5-509c54b15f2a"",""service"":""4978aa94-666c-47c7-8024-3ada55195a51"",""deployment"":""e15128e0-a06e-4ecc-a154-cf21da1d2ead"",""replica"":""393dc7e0-9f17-413f-bdbf-430cb09b9e18""}",2026-03-28T04:05:26.345851945Z
[DB] Synced 1 accounts to database,info,"{""level"":""info""}","{""project"":""ce3616d9-58ad-4ec7-a294-1821e1564434"",""environment"":""fb6513d0-42a4-4660-82b5-509c54b15f2a"",""service"":""4978aa94-666c-47c7-8024-3ada55195a51"",""deployment"":""e15128e0-a06e-4ecc-a154-cf21da1d2ead"",""replica"":""393dc7e0-9f17-413f-bdbf-430cb09b9e18""}",2026-03-28T04:05:56.353141844Z
[DB] Synced 1 accounts to database,info,"{""level"":""info""}","{""project"":""ce3616d9-58ad-4ec7-a294-1821e1564434"",""environment"":""fb6513d0-42a4-4660-82b5-509c54b15f2a"",""service"":""4978aa94-666c-47c7-8024-3ada55195a51"",""deployment"":""e15128e0-a06e-4ecc-a154-cf21da1d2ead"",""replica"":""393dc7e0-9f17-413f-bdbf-430cb09b9e18""}",2026-03-28T04:06:26.179038350Z
[DB] Synced 1 accounts to database,info,"{""level"":""info""}","{""project"":""ce3616d9-58ad-4ec7-a294-1821e1564434"",""environment"":""fb6513d0-42a4-4660-82b5-509c54b15f2a"",""service"":""4978aa94-666c-47c7-8024-3ada55195a51"",""deployment"":""e15128e0-a06e-4ecc-a154-cf21da1d2ead"",""replica"":""393dc7e0-9f17-413f-bdbf-430cb09b9e18""}",2026-03-28T04:06:56.411463621Z
[DB] Synced 1 accounts to database,info,"{""level"":""info""}","{""project"":""ce3616d9-58ad-4ec7-a294-1821e1564434"",""environment"":""fb6513d0-42a4-4660-82b5-509c54b15f2a"",""service"":""4978aa94-666c-47c7-8024-3ada55195a51"",""deployment"":""e15128e0-a06e-4ecc-a154-cf21da1d2ead"",""replica"":""393dc7e0-9f17-413f-bdbf-430cb09b9e18""}",2026-03-28T04:07:26.142067158Z
[DB] Synced 1 accounts to database,info,"{""level"":""info""}","{""project"":""ce3616d9-58ad-4ec7-a294-1821e1564434"",""environment"":""fb6513d0-42a4-4660-82b5-509c54b15f2a"",""service"":""4978aa94-666c-47c7-8024-3ada55195a51"",""deployment"":""e15128e0-a06e-4ecc-a154-cf21da1d2ead"",""replica"":""393dc7e0-9f17-413f-bdbf-430cb09b9e18""}",2026-03-28T04:07:56.234460616Z
[DB] Synced 1 accounts to database,info,"{""level"":""info""}","{""project"":""ce3616d9-58ad-4ec7-a294-1821e1564434"",""environment"":""fb6513d0-42a4-4660-82b5-509c54b15f2a"",""service"":""4978aa94-666c-47c7-8024-3ada55195a51"",""deployment"":""e15128e0-a06e-4ecc-a154-cf21da1d2ead"",""replica"":""393dc7e0-9f17-413f-bdbf-430cb09b9e18""}",2026-03-28T04:08:26.291747822Z
[DB] Synced 1 accounts to database,info,"{""level"":""info""}","{""project"":""ce3616d9-58ad-4ec7-a294-1821e1564434"",""environment"":""fb6513d0-42a4-4660-82b5-509c54b15f2a"",""service"":""4978aa94-666c-47c7-8024-3ada55195a51"",""deployment"":""e15128e0-a06e-4ecc-a154-cf21da1d2ead"",""replica"":""393dc7e0-9f17-413f-bdbf-430cb09b9e18""}",2026-03-28T04:08:56.355333177Z
[DB] Synced 1 accounts to database,info,"{""level"":""info""}","{""project"":""ce3616d9-58ad-4ec7-a294-1821e1564434"",""environment"":""fb6513d0-42a4-4660-82b5-509c54b15f2a"",""service"":""4978aa94-666c-47c7-8024-3ada55195a51"",""deployment"":""e15128e0-a06e-4ecc-a154-cf21da1d2ead"",""replica"":""393dc7e0-9f17-413f-bdbf-430cb09b9e18""}",2026-03-28T04:09:26.718024678Z
[DB] Synced 1 accounts to database,info,"{""level"":""info""}","{""project"":""ce3616d9-58ad-4ec7-a294-1821e1564434"",""environment"":""fb6513d0-42a4-4660-82b5-509c54b15f2a"",""service"":""4978aa94-666c-47c7-8024-3ada55195a51"",""deployment"":""e15128e0-a06e-4ecc-a154-cf21da1d2ead"",""replica"":""393dc7e0-9f17-413f-bdbf-430cb09b9e18""}",2026-03-28T04:09:56.679498927Z
[DB] Synced 1 accounts to database,info,"{""level"":""info""}","{""project"":""ce3616d9-58ad-4ec7-a294-1821e1564434"",""environment"":""fb6513d0-42a4-4660-82b5-509c54b15f2a"",""service"":""4978aa94-666c-47c7-8024-3ada55195a51"",""deployment"":""e15128e0-a06e-4ecc-a154-cf21da1d2ead"",""replica"":""393dc7e0-9f17-413f-bdbf-430cb09b9e18""}",2026-03-28T04:10:26.776635562Z
[DB] Synced 1 accounts to database,info,"{""level"":""info""}","{""project"":""ce3616d9-58ad-4ec7-a294-1821e1564434"",""environment"":""fb6513d0-42a4-4660-82b5-509c54b15f2a"",""service"":""4978aa94-666c-47c7-8024-3ada55195a51"",""deployment"":""e15128e0-a06e-4ecc-a154-cf21da1d2ead"",""replica"":""393dc7e0-9f17-413f-bdbf-430cb09b9e18""}",2026-03-28T04:10:56.836030672Z
[DB] Synced 1 accounts to database,info,"{""level"":""info""}","{""project"":""ce3616d9-58ad-4ec7-a294-1821e1564434"",""environment"":""fb6513d0-42a4-4660-82b5-509c54b15f2a"",""service"":""4978aa94-666c-47c7-8024-3ada55195a51"",""deployment"":""e15128e0-a06e-4ecc-a154-cf21da1d2ead"",""replica"":""393dc7e0-9f17-413f-bdbf-430cb09b9e18""}",2026-03-28T04:11:27.005536858Z
[DB] Synced 1 accounts to database,info,"{""level"":""info""}","{""project"":""ce3616d9-58ad-4ec7-a294-1821e1564434"",""environment"":""fb6513d0-42a4-4660-82b5-509c54b15f2a"",""service"":""4978aa94-666c-47c7-8024-3ada55195a51"",""deployment"":""e15128e0-a06e-4ecc-a154-cf21da1d2ead"",""replica"":""393dc7e0-9f17-413f-bdbf-430cb09b9e18""}",2026-03-28T04:11:56.941404748Z
[DB] Synced 1 accounts to database,info,"{""level"":""info""}","{""project"":""ce3616d9-58ad-4ec7-a294-1821e1564434"",""environment"":""fb6513d0-42a4-4660-82b5-509c54b15f2a"",""service"":""4978aa94-666c-47c7-8024-3ada55195a51"",""deployment"":""e15128e0-a06e-4ecc-a154-cf21da1d2ead"",""replica"":""393dc7e0-9f17-413f-bdbf-430cb09b9e18""}",2026-03-28T04:12:26.656078524Z
[DB] Synced 1 accounts to database,info,"{""level"":""info""}","{""project"":""ce3616d9-58ad-4ec7-a294-1821e1564434"",""environment"":""fb6513d0-42a4-4660-82b5-509c54b15f2a"",""service"":""4978aa94-666c-47c7-8024-3ada55195a51"",""deployment"":""e15128e0-a06e-4ecc-a154-cf21da1d2ead"",""replica"":""393dc7e0-9f17-413f-bdbf-430cb09b9e18""}",2026-03-28T04:12:56.911200617Z
[DB] Synced 1 accounts to database,info,"{""level"":""info""}","{""project"":""ce3616d9-58ad-4ec7-a294-1821e1564434"",""environment"":""fb6513d0-42a4-4660-82b5-509c54b15f2a"",""service"":""4978aa94-666c-47c7-8024-3ada55195a51"",""deployment"":""e15128e0-a06e-4ecc-a154-cf21da1d2ead"",""replica"":""393dc7e0-9f17-413f-bdbf-430cb09b9e18""}",2026-03-28T04:13:26.722107243Z
[DB] Synced 1 accounts to database,info,"{""level"":""info""}","{""project"":""ce3616d9-58ad-4ec7-a294-1821e1564434"",""environment"":""fb6513d0-42a4-4660-82b5-509c54b15f2a"",""service"":""4978aa94-666c-47c7-8024-3ada55195a51"",""deployment"":""e15128e0-a06e-4ecc-a154-cf21da1d2ead"",""replica"":""393dc7e0-9f17-413f-bdbf-430cb09b9e18""}",2026-03-28T04:13:56.945519974Z
[DB] Synced 1 accounts to database,info,"{""level"":""info""}","{""project"":""ce3616d9-58ad-4ec7-a294-1821e1564434"",""environment"":""fb6513d0-42a4-4660-82b5-509c54b15f2a"",""service"":""4978aa94-666c-47c7-8024-3ada55195a51"",""deployment"":""e15128e0-a06e-4ecc-a154-cf21da1d2ead"",""replica"":""393dc7e0-9f17-413f-bdbf-430cb09b9e18""}",2026-03-28T04:14:26.947038574Z
[DB] Synced 1 accounts to database,info,"{""level"":""info""}","{""project"":""ce3616d9-58ad-4ec7-a294-1821e1564434"",""environment"":""fb6513d0-42a4-4660-82b5-509c54b15f2a"",""service"":""4978aa94-666c-47c7-8024-3ada55195a51"",""deployment"":""e15128e0-a06e-4ecc-a154-cf21da1d2ead"",""replica"":""393dc7e0-9f17-413f-bdbf-430cb09b9e18""}",2026-03-28T04:14:56.843926151Z
[DB] Synced 1 accounts to database,info,"{""level"":""info""}","{""project"":""ce3616d9-58ad-4ec7-a294-1821e1564434"",""environment"":""fb6513d0-42a4-4660-82b5-509c54b15f2a"",""service"":""4978aa94-666c-47c7-8024-3ada55195a51"",""deployment"":""e15128e0-a06e-4ecc-a154-cf21da1d2ead"",""replica"":""393dc7e0-9f17-413f-bdbf-430cb09b9e18""}",2026-03-28T04:15:26.830627365Z
[DB] Synced 1 accounts to database,info,"{""level"":""info""}","{""project"":""ce3616d9-58ad-4ec7-a294-1821e1564434"",""environment"":""fb6513d0-42a4-4660-82b5-509c54b15f2a"",""service"":""4978aa94-666c-47c7-8024-3ada55195a51"",""deployment"":""e15128e0-a06e-4ecc-a154-cf21da1d2ead"",""replica"":""393dc7e0-9f17-413f-bdbf-430cb09b9e18""}",2026-03-28T04:15:56.879621909Z
[DB] Synced 1 accounts to database,info,"{""level"":""info""}","{""project"":""ce3616d9-58ad-4ec7-a294-1821e1564434"",""environment"":""fb6513d0-42a4-4660-82b5-509c54b15f2a"",""service"":""4978aa94-666c-47c7-8024-3ada55195a51"",""deployment"":""e15128e0-a06e-4ecc-a154-cf21da1d2ead"",""replica"":""393dc7e0-9f17-413f-bdbf-430cb09b9e18""}",2026-03-28T04:16:27.156984227Z
[DB] Synced 1 accounts to database,info,"{""level"":""info""}","{""project"":""ce3616d9-58ad-4ec7-a294-1821e1564434"",""environment"":""fb6513d0-42a4-4660-82b5-509c54b15f2a"",""service"":""4978aa94-666c-47c7-8024-3ada55195a51"",""deployment"":""e15128e0-a06e-4ecc-a154-cf21da1d2ead"",""replica"":""393dc7e0-9f17-413f-bdbf-430cb09b9e18""}",2026-03-28T04:16:57.016186481Z
[DB] Synced 1 accounts to database,info,"{""level"":""info""}","{""project"":""ce3616d9-58ad-4ec7-a294-1821e1564434"",""environment"":""fb6513d0-42a4-4660-82b5-509c54b15f2a"",""service"":""4978aa94-666c-47c7-8024-3ada55195a51"",""deployment"":""e15128e0-a06e-4ecc-a154-cf21da1d2ead"",""replica"":""393dc7e0-9f17-413f-bdbf-430cb09b9e18""}",2026-03-28T04:17:26.913539870Z
[DB] Synced 1 accounts to database,info,"{""level"":""info""}","{""project"":""ce3616d9-58ad-4ec7-a294-1821e1564434"",""environment"":""fb6513d0-42a4-4660-82b5-509c54b15f2a"",""service"":""4978aa94-666c-47c7-8024-3ada55195a51"",""deployment"":""e15128e0-a06e-4ecc-a154-cf21da1d2ead"",""replica"":""393dc7e0-9f17-413f-bdbf-430cb09b9e18""}",2026-03-28T04:17:56.997918873Z
[DB] Synced 1 accounts to database,info,"{""level"":""info""}","{""project"":""ce3616d9-58ad-4ec7-a294-1821e1564434"",""environment"":""fb6513d0-42a4-4660-82b5-509c54b15f2a"",""service"":""4978aa94-666c-47c7-8024-3ada55195a51"",""deployment"":""e15128e0-a06e-4ecc-a154-cf21da1d2ead"",""replica"":""393dc7e0-9f17-413f-bdbf-430cb09b9e18""}",2026-03-28T04:18:27.147153743Z
[DB] Synced 1 accounts to database,info,"{""level"":""info""}","{""project"":""ce3616d9-58ad-4ec7-a294-1821e1564434"",""environment"":""fb6513d0-42a4-4660-82b5-509c54b15f2a"",""service"":""4978aa94-666c-47c7-8024-3ada55195a51"",""deployment"":""e15128e0-a06e-4ecc-a154-cf21da1d2ead"",""replica"":""393dc7e0-9f17-413f-bdbf-430cb09b9e18""}",2026-03-28T04:18:57.080783859Z
[DB] Synced 1 accounts to database,info,"{""level"":""info""}","{""project"":""ce3616d9-58ad-4ec7-a294-1821e1564434"",""environment"":""fb6513d0-42a4-4660-82b5-509c54b15f2a"",""service"":""4978aa94-666c-47c7-8024-3ada55195a51"",""deployment"":""e15128e0-a06e-4ecc-a154-cf21da1d2ead"",""replica"":""393dc7e0-9f17-413f-bdbf-430cb09b9e18""}",2026-03-28T04:19:27.127346762Z
[DB] Synced 1 accounts to database,info,"{""level"":""info""}","{""project"":""ce3616d9-58ad-4ec7-a294-1821e1564434"",""environment"":""fb6513d0-42a4-4660-82b5-509c54b15f2a"",""service"":""4978aa94-666c-47c7-8024-3ada55195a51"",""deployment"":""e15128e0-a06e-4ecc-a154-cf21da1d2ead"",""replica"":""393dc7e0-9f17-413f-bdbf-430cb09b9e18""}",2026-03-28T04:19:57.089291631Z
[DB] Synced 1 accounts to database,info,"{""level"":""info""}","{""project"":""ce3616d9-58ad-4ec7-a294-1821e1564434"",""environment"":""fb6513d0-42a4-4660-82b5-509c54b15f2a"",""service"":""4978aa94-666c-47c7-8024-3ada55195a51"",""deployment"":""e15128e0-a06e-4ecc-a154-cf21da1d2ead"",""replica"":""393dc7e0-9f17-413f-bdbf-430cb09b9e18""}",2026-03-28T04:20:27.207456241Z
[DB] Synced 1 accounts to database,info,"{""level"":""info""}","{""project"":""ce3616d9-58ad-4ec7-a294-1821e1564434"",""environment"":""fb6513d0-42a4-4660-82b5-509c54b15f2a"",""service"":""4978aa94-666c-47c7-8024-3ada55195a51"",""deployment"":""e15128e0-a06e-4ecc-a154-cf21da1d2ead"",""replica"":""393dc7e0-9f17-413f-bdbf-430cb09b9e18""}",2026-03-28T04:20:57.662439661Z
[DB] Synced 1 accounts to database,info,"{""level"":""info""}","{""project"":""ce3616d9-58ad-4ec7-a294-1821e1564434"",""environment"":""fb6513d0-42a4-4660-82b5-509c54b15f2a"",""service"":""4978aa94-666c-47c7-8024-3ada55195a51"",""deployment"":""e15128e0-a06e-4ecc-a154-cf21da1d2ead"",""replica"":""393dc7e0-9f17-413f-bdbf-430cb09b9e18""}",2026-03-28T04:21:27.692996995Z
[DB] Synced 1 accounts to database,info,"{""level"":""info""}","{""project"":""ce3616d9-58ad-4ec7-a294-1821e1564434"",""environment"":""fb6513d0-42a4-4660-82b5-509c54b15f2a"",""service"":""4978aa94-666c-47c7-8024-3ada55195a51"",""deployment"":""e15128e0-a06e-4ecc-a154-cf21da1d2ead"",""replica"":""393dc7e0-9f17-413f-bdbf-430cb09b9e18""}",2026-03-28T04:21:57.913336861Z
[DB] Synced 1 accounts to database,info,"{""level"":""info""}","{""project"":""ce3616d9-58ad-4ec7-a294-1821e1564434"",""environment"":""fb6513d0-42a4-4660-82b5-509c54b15f2a"",""service"":""4978aa94-666c-47c7-8024-3ada55195a51"",""deployment"":""e15128e0-a06e-4ecc-a154-cf21da1d2ead"",""replica"":""393dc7e0-9f17-413f-bdbf-430cb09b9e18""}",2026-03-28T04:22:27.913371035Z
[DB] Synced 1 accounts to database,info,"{""level"":""info""}","{""project"":""ce3616d9-58ad-4ec7-a294-1821e1564434"",""environment"":""fb6513d0-42a4-4660-82b5-509c54b15f2a"",""service"":""4978aa94-666c-47c7-8024-3ada55195a51"",""deployment"":""e15128e0-a06e-4ecc-a154-cf21da1d2ead"",""replica"":""393dc7e0-9f17-413f-bdbf-430cb09b9e18""}",2026-03-28T04:22:57.957146827Z
[DB] Synced 1 accounts to database,info,"{""level"":""info""}","{""project"":""ce3616d9-58ad-4ec7-a294-1821e1564434"",""environment"":""fb6513d0-42a4-4660-82b5-509c54b15f2a"",""service"":""4978aa94-666c-47c7-8024-3ada55195a51"",""deployment"":""e15128e0-a06e-4ecc-a154-cf21da1d2ead"",""replica"":""393dc7e0-9f17-413f-bdbf-430cb09b9e18""}",2026-03-28T04:23:27.976369552Z
[DB] Synced 1 accounts to database,info,"{""level"":""info""}","{""project"":""ce3616d9-58ad-4ec7-a294-1821e1564434"",""environment"":""fb6513d0-42a4-4660-82b5-509c54b15f2a"",""service"":""4978aa94-666c-47c7-8024-3ada55195a51"",""deployment"":""e15128e0-a06e-4ecc-a154-cf21da1d2ead"",""replica"":""393dc7e0-9f17-413f-bdbf-430cb09b9e18""}",2026-03-28T04:23:58.009723546Z
[DB] Synced 1 accounts to database,info,"{""level"":""info""}","{""project"":""ce3616d9-58ad-4ec7-a294-1821e1564434"",""environment"":""fb6513d0-42a4-4660-82b5-509c54b15f2a"",""service"":""4978aa94-666c-47c7-8024-3ada55195a51"",""deployment"":""e15128e0-a06e-4ecc-a154-cf21da1d2ead"",""replica"":""393dc7e0-9f17-413f-bdbf-430cb09b9e18""}",2026-03-28T04:24:28.597909253Z
[DB] Synced 1 accounts to database,info,"{""level"":""info""}","{""project"":""ce3616d9-58ad-4ec7-a294-1821e1564434"",""environment"":""fb6513d0-42a4-4660-82b5-509c54b15f2a"",""service"":""4978aa94-666c-47c7-8024-3ada55195a51"",""deployment"":""e15128e0-a06e-4ecc-a154-cf21da1d2ead"",""replica"":""393dc7e0-9f17-413f-bdbf-430cb09b9e18""}",2026-03-28T04:24:58.700251212Z
[DB] Synced 1 accounts to database,info,"{""level"":""info""}","{""project"":""ce3616d9-58ad-4ec7-a294-1821e1564434"",""environment"":""fb6513d0-42a4-4660-82b5-509c54b15f2a"",""service"":""4978aa94-666c-47c7-8024-3ada55195a51"",""deployment"":""e15128e0-a06e-4ecc-a154-cf21da1d2ead"",""replica"":""393dc7e0-9f17-413f-bdbf-430cb09b9e18""}",2026-03-28T04:25:28.709114993Z
[DB] Synced 1 accounts to database,info,"{""level"":""info""}","{""project"":""ce3616d9-58ad-4ec7-a294-1821e1564434"",""environment"":""fb6513d0-42a4-4660-82b5-509c54b15f2a"",""service"":""4978aa94-666c-47c7-8024-3ada55195a51"",""deployment"":""e15128e0-a06e-4ecc-a154-cf21da1d2ead"",""replica"":""393dc7e0-9f17-413f-bdbf-430cb09b9e18""}",2026-03-28T04:25:58.830773952Z
[DB] Synced 1 accounts to database,info,"{""level"":""info""}","{""project"":""ce3616d9-58ad-4ec7-a294-1821e1564434"",""environment"":""fb6513d0-42a4-4660-82b5-509c54b15f2a"",""service"":""4978aa94-666c-47c7-8024-3ada55195a51"",""deployment"":""e15128e0-a06e-4ecc-a154-cf21da1d2ead"",""replica"":""393dc7e0-9f17-413f-bdbf-430cb09b9e18""}",2026-03-28T04:26:28.738468673Z
[DB] Synced 1 accounts to database,info,"{""level"":""info""}","{""project"":""ce3616d9-58ad-4ec7-a294-1821e1564434"",""environment"":""fb6513d0-42a4-4660-82b5-509c54b15f2a"",""service"":""4978aa94-666c-47c7-8024-3ada55195a51"",""deployment"":""e15128e0-a06e-4ecc-a154-cf21da1d2ead"",""replica"":""393dc7e0-9f17-413f-bdbf-430cb09b9e18""}",2026-03-28T04:26:58.797430154Z
[DB] Synced 1 accounts to database,info,"{""level"":""info""}","{""project"":""ce3616d9-58ad-4ec7-a294-1821e1564434"",""environment"":""fb6513d0-42a4-4660-82b5-509c54b15f2a"",""service"":""4978aa94-666c-47c7-8024-3ada55195a51"",""deployment"":""e15128e0-a06e-4ecc-a154-cf21da1d2ead"",""replica"":""393dc7e0-9f17-413f-bdbf-430cb09b9e18""}",2026-03-28T04:27:28.791110687Z
[DB] Synced 1 accounts to database,info,"{""level"":""info""}","{""project"":""ce3616d9-58ad-4ec7-a294-1821e1564434"",""environment"":""fb6513d0-42a4-4660-82b5-509c54b15f2a"",""service"":""4978aa94-666c-47c7-8024-3ada55195a51"",""deployment"":""e15128e0-a06e-4ecc-a154-cf21da1d2ead"",""replica"":""393dc7e0-9f17-413f-bdbf-430cb09b9e18""}",2026-03-28T04:27:58.758021289Z
[DB] Synced 1 accounts to database,info,"{""level"":""info""}","{""project"":""ce3616d9-58ad-4ec7-a294-1821e1564434"",""environment"":""fb6513d0-42a4-4660-82b5-509c54b15f2a"",""service"":""4978aa94-666c-47c7-8024-3ada55195a51"",""deployment"":""e15128e0-a06e-4ecc-a154-cf21da1d2ead"",""replica"":""393dc7e0-9f17-413f-bdbf-430cb09b9e18""}",2026-03-28T04:28:28.803804770Z
[DB] Synced 1 accounts to database,info,"{""level"":""info""}","{""project"":""ce3616d9-58ad-4ec7-a294-1821e1564434"",""environment"":""fb6513d0-42a4-4660-82b5-509c54b15f2a"",""service"":""4978aa94-666c-47c7-8024-3ada55195a51"",""deployment"":""e15128e0-a06e-4ecc-a154-cf21da1d2ead"",""replica"":""393dc7e0-9f17-413f-bdbf-430cb09b9e18""}",2026-03-28T04:28:58.915635614Z
[DB] Synced 1 accounts to database,info,"{""level"":""info""}","{""project"":""ce3616d9-58ad-4ec7-a294-1821e1564434"",""environment"":""fb6513d0-42a4-4660-82b5-509c54b15f2a"",""service"":""4978aa94-666c-47c7-8024-3ada55195a51"",""deployment"":""e15128e0-a06e-4ecc-a154-cf21da1d2ead"",""replica"":""393dc7e0-9f17-413f-bdbf-430cb09b9e18""}",2026-03-28T04:29:28.975822836Z
[DB] Synced 1 accounts to database,info,"{""level"":""info""}","{""project"":""ce3616d9-58ad-4ec7-a294-1821e1564434"",""environment"":""fb6513d0-42a4-4660-82b5-509c54b15f2a"",""service"":""4978aa94-666c-47c7-8024-3ada55195a51"",""deployment"":""e15128e0-a06e-4ecc-a154-cf21da1d2ead"",""replica"":""393dc7e0-9f17-413f-bdbf-430cb09b9e18""}",2026-03-28T04:29:59.152884290Z
[DB] Synced 1 accounts to database,info,"{""level"":""info""}","{""project"":""ce3616d9-58ad-4ec7-a294-1821e1564434"",""environment"":""fb6513d0-42a4-4660-82b5-509c54b15f2a"",""service"":""4978aa94-666c-47c7-8024-3ada55195a51"",""deployment"":""e15128e0-a06e-4ecc-a154-cf21da1d2ead"",""replica"":""393dc7e0-9f17-413f-bdbf-430cb09b9e18""}",2026-03-28T04:30:29.195097511Z
[DB] Synced 1 accounts to database,info,"{""level"":""info""}","{""project"":""ce3616d9-58ad-4ec7-a294-1821e1564434"",""environment"":""fb6513d0-42a4-4660-82b5-509c54b15f2a"",""service"":""4978aa94-666c-47c7-8024-3ada55195a51"",""deployment"":""e15128e0-a06e-4ecc-a154-cf21da1d2ead"",""replica"":""393dc7e0-9f17-413f-bdbf-430cb09b9e18""}",2026-03-28T04:30:59.187748147Z
[DB] Synced 1 accounts to database,info,"{""level"":""info""}","{""project"":""ce3616d9-58ad-4ec7-a294-1821e1564434"",""environment"":""fb6513d0-42a4-4660-82b5-509c54b15f2a"",""service"":""4978aa94-666c-47c7-8024-3ada55195a51"",""deployment"":""e15128e0-a06e-4ecc-a154-cf21da1d2ead"",""replica"":""393dc7e0-9f17-413f-bdbf-430cb09b9e18""}",2026-03-28T04:31:29.237024535Z
[DB] Synced 1 accounts to database,info,"{""level"":""info""}","{""project"":""ce3616d9-58ad-4ec7-a294-1821e1564434"",""environment"":""fb6513d0-42a4-4660-82b5-509c54b15f2a"",""service"":""4978aa94-666c-47c7-8024-3ada55195a51"",""deployment"":""e15128e0-a06e-4ecc-a154-cf21da1d2ead"",""replica"":""393dc7e0-9f17-413f-bdbf-430cb09b9e18""}",2026-03-28T04:31:59.261000275Z
[DB] Synced 1 accounts to database,info,"{""level"":""info""}","{""project"":""ce3616d9-58ad-4ec7-a294-1821e1564434"",""environment"":""fb6513d0-42a4-4660-82b5-509c54b15f2a"",""service"":""4978aa94-666c-47c7-8024-3ada55195a51"",""deployment"":""e15128e0-a06e-4ecc-a154-cf21da1d2ead"",""replica"":""393dc7e0-9f17-413f-bdbf-430cb09b9e18""}",2026-03-28T04:32:29.250103442Z
[DB] Synced 1 accounts to database,info,"{""level"":""info""}","{""project"":""ce3616d9-58ad-4ec7-a294-1821e1564434"",""environment"":""fb6513d0-42a4-4660-82b5-509c54b15f2a"",""service"":""4978aa94-666c-47c7-8024-3ada55195a51"",""deployment"":""e15128e0-a06e-4ecc-a154-cf21da1d2ead"",""replica"":""393dc7e0-9f17-413f-bdbf-430cb09b9e18""}",2026-03-28T04:32:59.381367284Z
[DB] Synced 1 accounts to database,info,"{""level"":""info""}","{""project"":""ce3616d9-58ad-4ec7-a294-1821e1564434"",""environment"":""fb6513d0-42a4-4660-82b5-509c54b15f2a"",""service"":""4978aa94-666c-47c7-8024-3ada55195a51"",""deployment"":""e15128e0-a06e-4ecc-a154-cf21da1d2ead"",""replica"":""393dc7e0-9f17-413f-bdbf-430cb09b9e18""}",2026-03-28T04:33:29.606943137Z
[DB] Synced 1 accounts to database,info,"{""level"":""info""}","{""project"":""ce3616d9-58ad-4ec7-a294-1821e1564434"",""environment"":""fb6513d0-42a4-4660-82b5-509c54b15f2a"",""service"":""4978aa94-666c-47c7-8024-3ada55195a51"",""deployment"":""e15128e0-a06e-4ecc-a154-cf21da1d2ead"",""replica"":""393dc7e0-9f17-413f-bdbf-430cb09b9e18""}",2026-03-28T04:33:59.666944926Z
[DB] Synced 1 accounts to database,info,"{""level"":""info""}","{""project"":""ce3616d9-58ad-4ec7-a294-1821e1564434"",""environment"":""fb6513d0-42a4-4660-82b5-509c54b15f2a"",""service"":""4978aa94-666c-47c7-8024-3ada55195a51"",""deployment"":""e15128e0-a06e-4ecc-a154-cf21da1d2ead"",""replica"":""393dc7e0-9f17-413f-bdbf-430cb09b9e18""}",2026-03-28T04:34:29.768793216Z
[DB] Synced 1 accounts to database,info,"{""level"":""info""}","{""project"":""ce3616d9-58ad-4ec7-a294-1821e1564434"",""environment"":""fb6513d0-42a4-4660-82b5-509c54b15f2a"",""service"":""4978aa94-666c-47c7-8024-3ada55195a51"",""deployment"":""e15128e0-a06e-4ecc-a154-cf21da1d2ead"",""replica"":""393dc7e0-9f17-413f-bdbf-430cb09b9e18""}",2026-03-28T04:34:59.810237857Z
[DB] Synced 1 accounts to database,info,"{""level"":""info""}","{""project"":""ce3616d9-58ad-4ec7-a294-1821e1564434"",""environment"":""fb6513d0-42a4-4660-82b5-509c54b15f2a"",""service"":""4978aa94-666c-47c7-8024-3ada55195a51"",""deployment"":""e15128e0-a06e-4ecc-a154-cf21da1d2ead"",""replica"":""393dc7e0-9f17-413f-bdbf-430cb09b9e18""}",2026-03-28T04:35:29.888097302Z
[DB] Synced 1 accounts to database,info,"{""level"":""info""}","{""project"":""ce3616d9-58ad-4ec7-a294-1821e1564434"",""environment"":""fb6513d0-42a4-4660-82b5-509c54b15f2a"",""service"":""4978aa94-666c-47c7-8024-3ada55195a51"",""deployment"":""e15128e0-a06e-4ecc-a154-cf21da1d2ead"",""replica"":""393dc7e0-9f17-413f-bdbf-430cb09b9e18""}",2026-03-28T04:35:59.884508151Z
[DB] Synced 1 accounts to database,info,"{""level"":""info""}","{""project"":""ce3616d9-58ad-4ec7-a294-1821e1564434"",""environment"":""fb6513d0-42a4-4660-82b5-509c54b15f2a"",""service"":""4978aa94-666c-47c7-8024-3ada55195a51"",""deployment"":""e15128e0-a06e-4ecc-a154-cf21da1d2ead"",""replica"":""393dc7e0-9f17-413f-bdbf-430cb09b9e18""}",2026-03-28T04:36:29.937838327Z
[DB] Synced 1 accounts to database,info,"{""level"":""info""}","{""project"":""ce3616d9-58ad-4ec7-a294-1821e1564434"",""environment"":""fb6513d0-42a4-4660-82b5-509c54b15f2a"",""service"":""4978aa94-666c-47c7-8024-3ada55195a51"",""deployment"":""e15128e0-a06e-4ecc-a154-cf21da1d2ead"",""replica"":""393dc7e0-9f17-413f-bdbf-430cb09b9e18""}",2026-03-28T04:36:59.972053848Z
[DB] Synced 1 accounts to database,info,"{""level"":""info""}","{""project"":""ce3616d9-58ad-4ec7-a294-1821e1564434"",""environment"":""fb6513d0-42a4-4660-82b5-509c54b15f2a"",""service"":""4978aa94-666c-47c7-8024-3ada55195a51"",""deployment"":""e15128e0-a06e-4ecc-a154-cf21da1d2ead"",""replica"":""393dc7e0-9f17-413f-bdbf-430cb09b9e18""}",2026-03-28T04:37:30.008444252Z
[DB] Synced 1 accounts to database,info,"{""level"":""info""}","{""project"":""ce3616d9-58ad-4ec7-a294-1821e1564434"",""environment"":""fb6513d0-42a4-4660-82b5-509c54b15f2a"",""service"":""4978aa94-666c-47c7-8024-3ada55195a51"",""deployment"":""e15128e0-a06e-4ecc-a154-cf21da1d2ead"",""replica"":""393dc7e0-9f17-413f-bdbf-430cb09b9e18""}",2026-03-28T04:38:00.027940463Z
[DB] Synced 1 accounts to database,info,"{""level"":""info""}","{""project"":""ce3616d9-58ad-4ec7-a294-1821e1564434"",""environment"":""fb6513d0-42a4-4660-82b5-509c54b15f2a"",""service"":""4978aa94-666c-47c7-8024-3ada55195a51"",""deployment"":""e15128e0-a06e-4ecc-a154-cf21da1d2ead"",""replica"":""393dc7e0-9f17-413f-bdbf-430cb09b9e18""}",2026-03-28T04:38:30.090459127Z
[DB] Synced 1 accounts to database,info,"{""level"":""info""}","{""project"":""ce3616d9-58ad-4ec7-a294-1821e1564434"",""environment"":""fb6513d0-42a4-4660-82b5-509c54b15f2a"",""service"":""4978aa94-666c-47c7-8024-3ada55195a51"",""deployment"":""e15128e0-a06e-4ecc-a154-cf21da1d2ead"",""replica"":""393dc7e0-9f17-413f-bdbf-430cb09b9e18""}",2026-03-28T04:39:00.301401435Z
[DB] Synced 1 accounts to database,info,"{""level"":""info""}","{""project"":""ce3616d9-58ad-4ec7-a294-1821e1564434"",""environment"":""fb6513d0-42a4-4660-82b5-509c54b15f2a"",""service"":""4978aa94-666c-47c7-8024-3ada55195a51"",""deployment"":""e15128e0-a06e-4ecc-a154-cf21da1d2ead"",""replica"":""393dc7e0-9f17-413f-bdbf-430cb09b9e18""}",2026-03-28T04:39:30.299553480Z
[DB] Synced 1 accounts to database,info,"{""level"":""info""}","{""project"":""ce3616d9-58ad-4ec7-a294-1821e1564434"",""environment"":""fb6513d0-42a4-4660-82b5-509c54b15f2a"",""service"":""4978aa94-666c-47c7-8024-3ada55195a51"",""deployment"":""e15128e0-a06e-4ecc-a154-cf21da1d2ead"",""replica"":""393dc7e0-9f17-413f-bdbf-430cb09b9e18""}",2026-03-28T04:40:00.291651641Z
[DB] Synced 1 accounts to database,info,"{""level"":""info""}","{""project"":""ce3616d9-58ad-4ec7-a294-1821e1564434"",""environment"":""fb6513d0-42a4-4660-82b5-509c54b15f2a"",""service"":""4978aa94-666c-47c7-8024-3ada55195a51"",""deployment"":""e15128e0-a06e-4ecc-a154-cf21da1d2ead"",""replica"":""393dc7e0-9f17-413f-bdbf-430cb09b9e18""}",2026-03-28T04:40:30.294374358Z
[DB] Synced 1 accounts to database,info,"{""level"":""info""}","{""project"":""ce3616d9-58ad-4ec7-a294-1821e1564434"",""environment"":""fb6513d0-42a4-4660-82b5-509c54b15f2a"",""service"":""4978aa94-666c-47c7-8024-3ada55195a51"",""deployment"":""e15128e0-a06e-4ecc-a154-cf21da1d2ead"",""replica"":""393dc7e0-9f17-413f-bdbf-430cb09b9e18""}",2026-03-28T04:41:00.137070163Z
[DB] Synced 1 accounts to database,info,"{""level"":""info""}","{""project"":""ce3616d9-58ad-4ec7-a294-1821e1564434"",""environment"":""fb6513d0-42a4-4660-82b5-509c54b15f2a"",""service"":""4978aa94-666c-47c7-8024-3ada55195a51"",""deployment"":""e15128e0-a06e-4ecc-a154-cf21da1d2ead"",""replica"":""393dc7e0-9f17-413f-bdbf-430cb09b9e18""}",2026-03-28T04:41:30.121828767Z
[DB] Synced 1 accounts to database,info,"{""level"":""info""}","{""project"":""ce3616d9-58ad-4ec7-a294-1821e1564434"",""environment"":""fb6513d0-42a4-4660-82b5-509c54b15f2a"",""service"":""4978aa94-666c-47c7-8024-3ada55195a51"",""deployment"":""e15128e0-a06e-4ecc-a154-cf21da1d2ead"",""replica"":""393dc7e0-9f17-413f-bdbf-430cb09b9e18""}",2026-03-28T04:42:00.128525967Z
[DB] Synced 1 accounts to database,info,"{""level"":""info""}","{""project"":""ce3616d9-58ad-4ec7-a294-1821e1564434"",""environment"":""fb6513d0-42a4-4660-82b5-509c54b15f2a"",""service"":""4978aa94-666c-47c7-8024-3ada55195a51"",""deployment"":""e15128e0-a06e-4ecc-a154-cf21da1d2ead"",""replica"":""393dc7e0-9f17-413f-bdbf-430cb09b9e18""}",2026-03-28T04:42:30.110876945Z
[DB] Synced 1 accounts to database,info,"{""level"":""info""}","{""project"":""ce3616d9-58ad-4ec7-a294-1821e1564434"",""environment"":""fb6513d0-42a4-4660-82b5-509c54b15f2a"",""service"":""4978aa94-666c-47c7-8024-3ada55195a51"",""deployment"":""e15128e0-a06e-4ecc-a154-cf21da1d2ead"",""replica"":""393dc7e0-9f17-413f-bdbf-430cb09b9e18""}",2026-03-28T04:43:00.065067284Z
[DB] Synced 1 accounts to database,info,"{""level"":""info""}","{""project"":""ce3616d9-58ad-4ec7-a294-1821e1564434"",""environment"":""fb6513d0-42a4-4660-82b5-509c54b15f2a"",""service"":""4978aa94-666c-47c7-8024-3ada55195a51"",""deployment"":""e15128e0-a06e-4ecc-a154-cf21da1d2ead"",""replica"":""393dc7e0-9f17-413f-bdbf-430cb09b9e18""}",2026-03-28T04:43:29.937410930Z
[DB] Synced 1 accounts to database,info,"{""level"":""info""}","{""project"":""ce3616d9-58ad-4ec7-a294-1821e1564434"",""environment"":""fb6513d0-42a4-4660-82b5-509c54b15f2a"",""service"":""4978aa94-666c-47c7-8024-3ada55195a51"",""deployment"":""e15128e0-a06e-4ecc-a154-cf21da1d2ead"",""replica"":""393dc7e0-9f17-413f-bdbf-430cb09b9e18""}",2026-03-28T04:43:59.833696933Z
[DB] Synced 1 accounts to database,info,"{""level"":""info""}","{""project"":""ce3616d9-58ad-4ec7-a294-1821e1564434"",""environment"":""fb6513d0-42a4-4660-82b5-509c54b15f2a"",""service"":""4978aa94-666c-47c7-8024-3ada55195a51"",""deployment"":""e15128e0-a06e-4ecc-a154-cf21da1d2ead"",""replica"":""393dc7e0-9f17-413f-bdbf-430cb09b9e18""}",2026-03-28T04:44:29.898920557Z
[DB] Synced 1 accounts to database,info,"{""level"":""info""}","{""project"":""ce3616d9-58ad-4ec7-a294-1821e1564434"",""environment"":""fb6513d0-42a4-4660-82b5-509c54b15f2a"",""service"":""4978aa94-666c-47c7-8024-3ada55195a51"",""deployment"":""e15128e0-a06e-4ecc-a154-cf21da1d2ead"",""replica"":""393dc7e0-9f17-413f-bdbf-430cb09b9e18""}",2026-03-28T04:44:59.884477040Z
[DB] Synced 1 accounts to database,info,"{""level"":""info""}","{""project"":""ce3616d9-58ad-4ec7-a294-1821e1564434"",""environment"":""fb6513d0-42a4-4660-82b5-509c54b15f2a"",""service"":""4978aa94-666c-47c7-8024-3ada55195a51"",""deployment"":""e15128e0-a06e-4ecc-a154-cf21da1d2ead"",""replica"":""393dc7e0-9f17-413f-bdbf-430cb09b9e18""}",2026-03-28T04:45:29.857296886Z
[DB] Synced 1 accounts to database,info,"{""level"":""info""}","{""project"":""ce3616d9-58ad-4ec7-a294-1821e1564434"",""environment"":""fb6513d0-42a4-4660-82b5-509c54b15f2a"",""service"":""4978aa94-666c-47c7-8024-3ada55195a51"",""deployment"":""e15128e0-a06e-4ecc-a154-cf21da1d2ead"",""replica"":""393dc7e0-9f17-413f-bdbf-430cb09b9e18""}",2026-03-28T04:45:59.848808340Z
[DB] Synced 1 accounts to database,info,"{""level"":""info""}","{""project"":""ce3616d9-58ad-4ec7-a294-1821e1564434"",""environment"":""fb6513d0-42a4-4660-82b5-509c54b15f2a"",""service"":""4978aa94-666c-47c7-8024-3ada55195a51"",""deployment"":""e15128e0-a06e-4ecc-a154-cf21da1d2ead"",""replica"":""393dc7e0-9f17-413f-bdbf-430cb09b9e18""}",2026-03-28T04:46:29.875943148Z
[DB] Synced 1 accounts to database,info,"{""level"":""info""}","{""project"":""ce3616d9-58ad-4ec7-a294-1821e1564434"",""environment"":""fb6513d0-42a4-4660-82b5-509c54b15f2a"",""service"":""4978aa94-666c-47c7-8024-3ada55195a51"",""deployment"":""e15128e0-a06e-4ecc-a154-cf21da1d2ead"",""replica"":""393dc7e0-9f17-413f-bdbf-430cb09b9e18""}",2026-03-28T04:46:59.001023177Z
[DB] Synced 1 accounts to database,info,"{""level"":""info""}","{""project"":""ce3616d9-58ad-4ec7-a294-1821e1564434"",""environment"":""fb6513d0-42a4-4660-82b5-509c54b15f2a"",""service"":""4978aa94-666c-47c7-8024-3ada55195a51"",""deployment"":""e15128e0-a06e-4ecc-a154-cf21da1d2ead"",""replica"":""393dc7e0-9f17-413f-bdbf-430cb09b9e18""}",2026-03-28T04:47:28.962769400Z
[DB] Synced 1 accounts to database,info,"{""level"":""info""}","{""project"":""ce3616d9-58ad-4ec7-a294-1821e1564434"",""environment"":""fb6513d0-42a4-4660-82b5-509c54b15f2a"",""service"":""4978aa94-666c-47c7-8024-3ada55195a51"",""deployment"":""e15128e0-a06e-4ecc-a154-cf21da1d2ead"",""replica"":""393dc7e0-9f17-413f-bdbf-430cb09b9e18""}",2026-03-28T04:47:58.882892827Z
[DB] Synced 1 accounts to database,info,"{""level"":""info""}","{""project"":""ce3616d9-58ad-4ec7-a294-1821e1564434"",""environment"":""fb6513d0-42a4-4660-82b5-509c54b15f2a"",""service"":""4978aa94-666c-47c7-8024-3ada55195a51"",""deployment"":""e15128e0-a06e-4ecc-a154-cf21da1d2ead"",""replica"":""393dc7e0-9f17-413f-bdbf-430cb09b9e18""}",2026-03-28T04:48:28.812732863Z
[DB] Synced 1 accounts to database,info,"{""level"":""info""}","{""project"":""ce3616d9-58ad-4ec7-a294-1821e1564434"",""environment"":""fb6513d0-42a4-4660-82b5-509c54b15f2a"",""service"":""4978aa94-666c-47c7-8024-3ada55195a51"",""deployment"":""e15128e0-a06e-4ecc-a154-cf21da1d2ead"",""replica"":""393dc7e0-9f17-413f-bdbf-430cb09b9e18""}",2026-03-28T04:48:59.817802604Z
[DB] Synced 1 accounts to database,info,"{""level"":""info""}","{""project"":""ce3616d9-58ad-4ec7-a294-1821e1564434"",""environment"":""fb6513d0-42a4-4660-82b5-509c54b15f2a"",""service"":""4978aa94-666c-47c7-8024-3ada55195a51"",""deployment"":""e15128e0-a06e-4ecc-a154-cf21da1d2ead"",""replica"":""393dc7e0-9f17-413f-bdbf-430cb09b9e18""}",2026-03-28T04:49:30.017467655Z
[DB] Synced 1 accounts to database,info,"{""level"":""info""}","{""project"":""ce3616d9-58ad-4ec7-a294-1821e1564434"",""environment"":""fb6513d0-42a4-4660-82b5-509c54b15f2a"",""service"":""4978aa94-666c-47c7-8024-3ada55195a51"",""deployment"":""e15128e0-a06e-4ecc-a154-cf21da1d2ead"",""replica"":""393dc7e0-9f17-413f-bdbf-430cb09b9e18""}",2026-03-28T04:50:00.053299177Z
[DB] Synced 1 accounts to database,info,"{""level"":""info""}","{""project"":""ce3616d9-58ad-4ec7-a294-1821e1564434"",""environment"":""fb6513d0-42a4-4660-82b5-509c54b15f2a"",""service"":""4978aa94-666c-47c7-8024-3ada55195a51"",""deployment"":""e15128e0-a06e-4ecc-a154-cf21da1d2ead"",""replica"":""393dc7e0-9f17-413f-bdbf-430cb09b9e18""}",2026-03-28T04:50:30.054596098Z
[DB] Synced 1 accounts to database,info,"{""level"":""info""}","{""project"":""ce3616d9-58ad-4ec7-a294-1821e1564434"",""environment"":""fb6513d0-42a4-4660-82b5-509c54b15f2a"",""service"":""4978aa94-666c-47c7-8024-3ada55195a51"",""deployment"":""e15128e0-a06e-4ecc-a154-cf21da1d2ead"",""replica"":""393dc7e0-9f17-413f-bdbf-430cb09b9e18""}",2026-03-28T04:51:00.148659170Z
[DB] Synced 1 accounts to database,info,"{""level"":""info""}","{""project"":""ce3616d9-58ad-4ec7-a294-1821e1564434"",""environment"":""fb6513d0-42a4-4660-82b5-509c54b15f2a"",""service"":""4978aa94-666c-47c7-8024-3ada55195a51"",""deployment"":""e15128e0-a06e-4ecc-a154-cf21da1d2ead"",""replica"":""393dc7e0-9f17-413f-bdbf-430cb09b9e18""}",2026-03-28T04:51:30.186600225Z
[DB] Synced 1 accounts to database,info,"{""level"":""info""}","{""project"":""ce3616d9-58ad-4ec7-a294-1821e1564434"",""environment"":""fb6513d0-42a4-4660-82b5-509c54b15f2a"",""service"":""4978aa94-666c-47c7-8024-3ada55195a51"",""deployment"":""e15128e0-a06e-4ecc-a154-cf21da1d2ead"",""replica"":""393dc7e0-9f17-413f-bdbf-430cb09b9e18""}",2026-03-28T04:52:00.443076804Z
[DB] Synced 1 accounts to database,info,"{""level"":""info""}","{""project"":""ce3616d9-58ad-4ec7-a294-1821e1564434"",""environment"":""fb6513d0-42a4-4660-82b5-509c54b15f2a"",""service"":""4978aa94-666c-47c7-8024-3ada55195a51"",""deployment"":""e15128e0-a06e-4ecc-a154-cf21da1d2ead"",""replica"":""393dc7e0-9f17-413f-bdbf-430cb09b9e18""}",2026-03-28T04:52:30.318990089Z
[DB] Synced 1 accounts to database,info,"{""level"":""info""}","{""project"":""ce3616d9-58ad-4ec7-a294-1821e1564434"",""environment"":""fb6513d0-42a4-4660-82b5-509c54b15f2a"",""service"":""4978aa94-666c-47c7-8024-3ada55195a51"",""deployment"":""e15128e0-a06e-4ecc-a154-cf21da1d2ead"",""replica"":""393dc7e0-9f17-413f-bdbf-430cb09b9e18""}",2026-03-28T04:53:00.253242277Z
[DB] Synced 1 accounts to database,info,"{""level"":""info""}","{""project"":""ce3616d9-58ad-4ec7-a294-1821e1564434"",""environment"":""fb6513d0-42a4-4660-82b5-509c54b15f2a"",""service"":""4978aa94-666c-47c7-8024-3ada55195a51"",""deployment"":""e15128e0-a06e-4ecc-a154-cf21da1d2ead"",""replica"":""393dc7e0-9f17-413f-bdbf-430cb09b9e18""}",2026-03-28T04:53:30.325002327Z
[DB] Synced 1 accounts to database,info,"{""level"":""info""}","{""project"":""ce3616d9-58ad-4ec7-a294-1821e1564434"",""environment"":""fb6513d0-42a4-4660-82b5-509c54b15f2a"",""service"":""4978aa94-666c-47c7-8024-3ada55195a51"",""deployment"":""e15128e0-a06e-4ecc-a154-cf21da1d2ead"",""replica"":""393dc7e0-9f17-413f-bdbf-430cb09b9e18""}",2026-03-28T04:54:00.255536387Z
[DB] Synced 1 accounts to database,info,"{""level"":""info""}","{""project"":""ce3616d9-58ad-4ec7-a294-1821e1564434"",""environment"":""fb6513d0-42a4-4660-82b5-509c54b15f2a"",""service"":""4978aa94-666c-47c7-8024-3ada55195a51"",""deployment"":""e15128e0-a06e-4ecc-a154-cf21da1d2ead"",""replica"":""393dc7e0-9f17-413f-bdbf-430cb09b9e18""}",2026-03-28T04:54:30.339319407Z
[DB] Synced 1 accounts to database,info,"{""level"":""info""}","{""project"":""ce3616d9-58ad-4ec7-a294-1821e1564434"",""environment"":""fb6513d0-42a4-4660-82b5-509c54b15f2a"",""service"":""4978aa94-666c-47c7-8024-3ada55195a51"",""deployment"":""e15128e0-a06e-4ecc-a154-cf21da1d2ead"",""replica"":""393dc7e0-9f17-413f-bdbf-430cb09b9e18""}",2026-03-28T04:55:00.334582178Z
[DB] Synced 1 accounts to database,info,"{""level"":""info""}","{""project"":""ce3616d9-58ad-4ec7-a294-1821e1564434"",""environment"":""fb6513d0-42a4-4660-82b5-509c54b15f2a"",""service"":""4978aa94-666c-47c7-8024-3ada55195a51"",""deployment"":""e15128e0-a06e-4ecc-a154-cf21da1d2ead"",""replica"":""393dc7e0-9f17-413f-bdbf-430cb09b9e18""}",2026-03-28T04:55:30.532086458Z
[DB] Synced 1 accounts to database,info,"{""level"":""info""}","{""project"":""ce3616d9-58ad-4ec7-a294-1821e1564434"",""environment"":""fb6513d0-42a4-4660-82b5-509c54b15f2a"",""service"":""4978aa94-666c-47c7-8024-3ada55195a51"",""deployment"":""e15128e0-a06e-4ecc-a154-cf21da1d2ead"",""replica"":""393dc7e0-9f17-413f-bdbf-430cb09b9e18""}",2026-03-28T04:56:00.734664226Z
[DB] Synced 1 accounts to database,info,"{""level"":""info""}","{""project"":""ce3616d9-58ad-4ec7-a294-1821e1564434"",""environment"":""fb6513d0-42a4-4660-82b5-509c54b15f2a"",""service"":""4978aa94-666c-47c7-8024-3ada55195a51"",""deployment"":""e15128e0-a06e-4ecc-a154-cf21da1d2ead"",""replica"":""393dc7e0-9f17-413f-bdbf-430cb09b9e18""}",2026-03-28T04:56:30.771756298Z
[DB] Synced 1 accounts to database,info,"{""level"":""info""}","{""project"":""ce3616d9-58ad-4ec7-a294-1821e1564434"",""environment"":""fb6513d0-42a4-4660-82b5-509c54b15f2a"",""service"":""4978aa94-666c-47c7-8024-3ada55195a51"",""deployment"":""e15128e0-a06e-4ecc-a154-cf21da1d2ead"",""replica"":""393dc7e0-9f17-413f-bdbf-430cb09b9e18""}",2026-03-28T04:57:00.836820252Z
[DB] Synced 1 accounts to database,info,"{""level"":""info""}","{""project"":""ce3616d9-58ad-4ec7-a294-1821e1564434"",""environment"":""fb6513d0-42a4-4660-82b5-509c54b15f2a"",""service"":""4978aa94-666c-47c7-8024-3ada55195a51"",""deployment"":""e15128e0-a06e-4ecc-a154-cf21da1d2ead"",""replica"":""393dc7e0-9f17-413f-bdbf-430cb09b9e18""}",2026-03-28T04:57:30.530982584Z
[DB] Synced 1 accounts to database,info,"{""level"":""info""}","{""project"":""ce3616d9-58ad-4ec7-a294-1821e1564434"",""environment"":""fb6513d0-42a4-4660-82b5-509c54b15f2a"",""service"":""4978aa94-666c-47c7-8024-3ada55195a51"",""deployment"":""e15128e0-a06e-4ecc-a154-cf21da1d2ead"",""replica"":""393dc7e0-9f17-413f-bdbf-430cb09b9e18""}",2026-03-28T04:58:00.510043135Z
[DB] Synced 1 accounts to database,info,"{""level"":""info""}","{""project"":""ce3616d9-58ad-4ec7-a294-1821e1564434"",""environment"":""fb6513d0-42a4-4660-82b5-509c54b15f2a"",""service"":""4978aa94-666c-47c7-8024-3ada55195a51"",""deployment"":""e15128e0-a06e-4ecc-a154-cf21da1d2ead"",""replica"":""393dc7e0-9f17-413f-bdbf-430cb09b9e18""}",2026-03-28T04:58:30.496866419Z
[DB] Synced 1 accounts to database,info,"{""level"":""info""}","{""project"":""ce3616d9-58ad-4ec7-a294-1821e1564434"",""environment"":""fb6513d0-42a4-4660-82b5-509c54b15f2a"",""service"":""4978aa94-666c-47c7-8024-3ada55195a51"",""deployment"":""e15128e0-a06e-4ecc-a154-cf21da1d2ead"",""replica"":""393dc7e0-9f17-413f-bdbf-430cb09b9e18""}",2026-03-28T04:59:00.072891200Z
[DB] Synced 1 accounts to database,info,"{""level"":""info""}","{""project"":""ce3616d9-58ad-4ec7-a294-1821e1564434"",""environment"":""fb6513d0-42a4-4660-82b5-509c54b15f2a"",""service"":""4978aa94-666c-47c7-8024-3ada55195a51"",""deployment"":""e15128e0-a06e-4ecc-a154-cf21da1d2ead"",""replica"":""393dc7e0-9f17-413f-bdbf-430cb09b9e18""}",2026-03-28T04:59:30.020652135Z
[DB] Synced 1 accounts to database,info,"{""level"":""info""}","{""project"":""ce3616d9-58ad-4ec7-a294-1821e1564434"",""environment"":""fb6513d0-42a4-4660-82b5-509c54b15f2a"",""service"":""4978aa94-666c-47c7-8024-3ada55195a51"",""deployment"":""e15128e0-a06e-4ecc-a154-cf21da1d2ead"",""replica"":""393dc7e0-9f17-413f-bdbf-430cb09b9e18""}",2026-03-28T05:00:00.135627225Z
[DB] Synced 1 accounts to database,info,"{""level"":""info""}","{""project"":""ce3616d9-58ad-4ec7-a294-1821e1564434"",""environment"":""fb6513d0-42a4-4660-82b5-509c54b15f2a"",""service"":""4978aa94-666c-47c7-8024-3ada55195a51"",""deployment"":""e15128e0-a06e-4ecc-a154-cf21da1d2ead"",""replica"":""393dc7e0-9f17-413f-bdbf-430cb09b9e18""}",2026-03-28T05:00:30.127760803Z
[DB] Synced 1 accounts to database,info,"{""level"":""info""}","{""project"":""ce3616d9-58ad-4ec7-a294-1821e1564434"",""environment"":""fb6513d0-42a4-4660-82b5-509c54b15f2a"",""service"":""4978aa94-666c-47c7-8024-3ada55195a51"",""deployment"":""e15128e0-a06e-4ecc-a154-cf21da1d2ead"",""replica"":""393dc7e0-9f17-413f-bdbf-430cb09b9e18""}",2026-03-28T05:01:00.137454007Z
[DB] Synced 1 accounts to database,info,"{""level"":""info""}","{""project"":""ce3616d9-58ad-4ec7-a294-1821e1564434"",""environment"":""fb6513d0-42a4-4660-82b5-509c54b15f2a"",""service"":""4978aa94-666c-47c7-8024-3ada55195a51"",""deployment"":""e15128e0-a06e-4ecc-a154-cf21da1d2ead"",""replica"":""393dc7e0-9f17-413f-bdbf-430cb09b9e18""}",2026-03-28T05:01:30.222306153Z
[DB] Synced 1 accounts to database,info,"{""level"":""info""}","{""project"":""ce3616d9-58ad-4ec7-a294-1821e1564434"",""environment"":""fb6513d0-42a4-4660-82b5-509c54b15f2a"",""service"":""4978aa94-666c-47c7-8024-3ada55195a51"",""deployment"":""e15128e0-a06e-4ecc-a154-cf21da1d2ead"",""replica"":""393dc7e0-9f17-413f-bdbf-430cb09b9e18""}",2026-03-28T05:02:00.050517942Z
[DB] Synced 1 accounts to database,info,"{""level"":""info""}","{""project"":""ce3616d9-58ad-4ec7-a294-1821e1564434"",""environment"":""fb6513d0-42a4-4660-82b5-509c54b15f2a"",""service"":""4978aa94-666c-47c7-8024-3ada55195a51"",""deployment"":""e15128e0-a06e-4ecc-a154-cf21da1d2ead"",""replica"":""393dc7e0-9f17-413f-bdbf-430cb09b9e18""}",2026-03-28T05:02:30.041000867Z
[DB] Synced 1 accounts to database,info,"{""level"":""info""}","{""project"":""ce3616d9-58ad-4ec7-a294-1821e1564434"",""environment"":""fb6513d0-42a4-4660-82b5-509c54b15f2a"",""service"":""4978aa94-666c-47c7-8024-3ada55195a51"",""deployment"":""e15128e0-a06e-4ecc-a154-cf21da1d2ead"",""replica"":""393dc7e0-9f17-413f-bdbf-430cb09b9e18""}",2026-03-28T05:02:59.798009056Z
[DB] Synced 1 accounts to database,info,"{""level"":""info""}","{""project"":""ce3616d9-58ad-4ec7-a294-1821e1564434"",""environment"":""fb6513d0-42a4-4660-82b5-509c54b15f2a"",""service"":""4978aa94-666c-47c7-8024-3ada55195a51"",""deployment"":""e15128e0-a06e-4ecc-a154-cf21da1d2ead"",""replica"":""393dc7e0-9f17-413f-bdbf-430cb09b9e18""}",2026-03-28T05:03:29.854351668Z
[DB] Synced 1 accounts to database,info,"{""level"":""info""}","{""project"":""ce3616d9-58ad-4ec7-a294-1821e1564434"",""environment"":""fb6513d0-42a4-4660-82b5-509c54b15f2a"",""service"":""4978aa94-666c-47c7-8024-3ada55195a51"",""deployment"":""e15128e0-a06e-4ecc-a154-cf21da1d2ead"",""replica"":""393dc7e0-9f17-413f-bdbf-430cb09b9e18""}",2026-03-28T05:03:58.941101824Z
[DB] Synced 1 accounts to database,info,"{""level"":""info""}","{""project"":""ce3616d9-58ad-4ec7-a294-1821e1564434"",""environment"":""fb6513d0-42a4-4660-82b5-509c54b15f2a"",""service"":""4978aa94-666c-47c7-8024-3ada55195a51"",""deployment"":""e15128e0-a06e-4ecc-a154-cf21da1d2ead"",""replica"":""393dc7e0-9f17-413f-bdbf-430cb09b9e18""}",2026-03-28T05:04:29.057240434Z
[DB] Synced 1 accounts to database,info,"{""level"":""info""}","{""project"":""ce3616d9-58ad-4ec7-a294-1821e1564434"",""environment"":""fb6513d0-42a4-4660-82b5-509c54b15f2a"",""service"":""4978aa94-666c-47c7-8024-3ada55195a51"",""deployment"":""e15128e0-a06e-4ecc-a154-cf21da1d2ead"",""replica"":""393dc7e0-9f17-413f-bdbf-430cb09b9e18""}",2026-03-28T05:04:59.443958057Z
[DB] Synced 1 accounts to database,info,"{""level"":""info""}","{""project"":""ce3616d9-58ad-4ec7-a294-1821e1564434"",""environment"":""fb6513d0-42a4-4660-82b5-509c54b15f2a"",""service"":""4978aa94-666c-47c7-8024-3ada55195a51"",""deployment"":""e15128e0-a06e-4ecc-a154-cf21da1d2ead"",""replica"":""393dc7e0-9f17-413f-bdbf-430cb09b9e18""}",2026-03-28T05:05:29.502098350Z
[DB] Synced 1 accounts to database,info,"{""level"":""info""}","{""project"":""ce3616d9-58ad-4ec7-a294-1821e1564434"",""environment"":""fb6513d0-42a4-4660-82b5-509c54b15f2a"",""service"":""4978aa94-666c-47c7-8024-3ada55195a51"",""deployment"":""e15128e0-a06e-4ecc-a154-cf21da1d2ead"",""replica"":""393dc7e0-9f17-413f-bdbf-430cb09b9e18""}",2026-03-28T05:05:59.539540323Z
[DB] Synced 1 accounts to database,info,"{""level"":""info""}","{""project"":""ce3616d9-58ad-4ec7-a294-1821e1564434"",""environment"":""fb6513d0-42a4-4660-82b5-509c54b15f2a"",""service"":""4978aa94-666c-47c7-8024-3ada55195a51"",""deployment"":""e15128e0-a06e-4ecc-a154-cf21da1d2ead"",""replica"":""393dc7e0-9f17-413f-bdbf-430cb09b9e18""}",2026-03-28T05:06:29.997453984Z
[DB] Synced 1 accounts to database,info,"{""level"":""info""}","{""project"":""ce3616d9-58ad-4ec7-a294-1821e1564434"",""environment"":""fb6513d0-42a4-4660-82b5-509c54b15f2a"",""service"":""4978aa94-666c-47c7-8024-3ada55195a51"",""deployment"":""e15128e0-a06e-4ecc-a154-cf21da1d2ead"",""replica"":""393dc7e0-9f17-413f-bdbf-430cb09b9e18""}",2026-03-28T05:07:00.084739729Z
[DB] Synced 1 accounts to database,info,"{""level"":""info""}","{""project"":""ce3616d9-58ad-4ec7-a294-1821e1564434"",""environment"":""fb6513d0-42a4-4660-82b5-509c54b15f2a"",""service"":""4978aa94-666c-47c7-8024-3ada55195a51"",""deployment"":""e15128e0-a06e-4ecc-a154-cf21da1d2ead"",""replica"":""393dc7e0-9f17-413f-bdbf-430cb09b9e18""}",2026-03-28T05:07:30.155646051Z
[DB] Synced 1 accounts to database,info,"{""level"":""info""}","{""project"":""ce3616d9-58ad-4ec7-a294-1821e1564434"",""environment"":""fb6513d0-42a4-4660-82b5-509c54b15f2a"",""service"":""4978aa94-666c-47c7-8024-3ada55195a51"",""deployment"":""e15128e0-a06e-4ecc-a154-cf21da1d2ead"",""replica"":""393dc7e0-9f17-413f-bdbf-430cb09b9e18""}",2026-03-28T05:08:00.879727017Z
[DB] Synced 1 accounts to database,info,"{""level"":""info""}","{""project"":""ce3616d9-58ad-4ec7-a294-1821e1564434"",""environment"":""fb6513d0-42a4-4660-82b5-509c54b15f2a"",""service"":""4978aa94-666c-47c7-8024-3ada55195a51"",""deployment"":""e15128e0-a06e-4ecc-a154-cf21da1d2ead"",""replica"":""393dc7e0-9f17-413f-bdbf-430cb09b9e18""}",2026-03-28T05:08:31.161820401Z
[DB] Synced 1 accounts to database,info,"{""level"":""info""}","{""project"":""ce3616d9-58ad-4ec7-a294-1821e1564434"",""environment"":""fb6513d0-42a4-4660-82b5-509c54b15f2a"",""service"":""4978aa94-666c-47c7-8024-3ada55195a51"",""deployment"":""e15128e0-a06e-4ecc-a154-cf21da1d2ead"",""replica"":""393dc7e0-9f17-413f-bdbf-430cb09b9e18""}",2026-03-28T05:09:01.694832120Z
[DB] Synced 1 accounts to database,info,"{""level"":""info""}","{""project"":""ce3616d9-58ad-4ec7-a294-1821e1564434"",""environment"":""fb6513d0-42a4-4660-82b5-509c54b15f2a"",""service"":""4978aa94-666c-47c7-8024-3ada55195a51"",""deployment"":""e15128e0-a06e-4ecc-a154-cf21da1d2ead"",""replica"":""393dc7e0-9f17-413f-bdbf-430cb09b9e18""}",2026-03-28T05:09:31.258102315Z
[DB] Synced 1 accounts to database,info,"{""level"":""info""}","{""project"":""ce3616d9-58ad-4ec7-a294-1821e1564434"",""environment"":""fb6513d0-42a4-4660-82b5-509c54b15f2a"",""service"":""4978aa94-666c-47c7-8024-3ada55195a51"",""deployment"":""e15128e0-a06e-4ecc-a154-cf21da1d2ead"",""replica"":""393dc7e0-9f17-413f-bdbf-430cb09b9e18""}",2026-03-28T05:10:01.378133756Z
[DB] Synced 1 accounts to database,info,"{""level"":""info""}","{""project"":""ce3616d9-58ad-4ec7-a294-1821e1564434"",""environment"":""fb6513d0-42a4-4660-82b5-509c54b15f2a"",""service"":""4978aa94-666c-47c7-8024-3ada55195a51"",""deployment"":""e15128e0-a06e-4ecc-a154-cf21da1d2ead"",""replica"":""393dc7e0-9f17-413f-bdbf-430cb09b9e18""}",2026-03-28T05:10:31.804301353Z
[DB] Synced 1 accounts to database,info,"{""level"":""info""}","{""project"":""ce3616d9-58ad-4ec7-a294-1821e1564434"",""environment"":""fb6513d0-42a4-4660-82b5-509c54b15f2a"",""service"":""4978aa94-666c-47c7-8024-3ada55195a51"",""deployment"":""e15128e0-a06e-4ecc-a154-cf21da1d2ead"",""replica"":""393dc7e0-9f17-413f-bdbf-430cb09b9e18""}",2026-03-28T05:11:01.969518549Z
[DB] Synced 1 accounts to database,info,"{""level"":""info""}","{""project"":""ce3616d9-58ad-4ec7-a294-1821e1564434"",""environment"":""fb6513d0-42a4-4660-82b5-509c54b15f2a"",""service"":""4978aa94-666c-47c7-8024-3ada55195a51"",""deployment"":""e15128e0-a06e-4ecc-a154-cf21da1d2ead"",""replica"":""393dc7e0-9f17-413f-bdbf-430cb09b9e18""}",2026-03-28T05:11:22.031835427Z
[DB] Synced 1 accounts to database,info,"{""level"":""info""}","{""project"":""ce3616d9-58ad-4ec7-a294-1821e1564434"",""environment"":""fb6513d0-42a4-4660-82b5-509c54b15f2a"",""service"":""4978aa94-666c-47c7-8024-3ada55195a51"",""deployment"":""e15128e0-a06e-4ecc-a154-cf21da1d2ead"",""replica"":""393dc7e0-9f17-413f-bdbf-430cb09b9e18""}",2026-03-28T05:11:52.582135062Z
[DB] Synced 1 accounts to database,info,"{""level"":""info""}","{""project"":""ce3616d9-58ad-4ec7-a294-1821e1564434"",""environment"":""fb6513d0-42a4-4660-82b5-509c54b15f2a"",""service"":""4978aa94-666c-47c7-8024-3ada55195a51"",""deployment"":""e15128e0-a06e-4ecc-a154-cf21da1d2ead"",""replica"":""393dc7e0-9f17-413f-bdbf-430cb09b9e18""}",2026-03-28T05:12:22.447880960Z
[DB] Synced 1 accounts to database,info,"{""level"":""info""}","{""project"":""ce3616d9-58ad-4ec7-a294-1821e1564434"",""environment"":""fb6513d0-42a4-4660-82b5-509c54b15f2a"",""service"":""4978aa94-666c-47c7-8024-3ada55195a51"",""deployment"":""e15128e0-a06e-4ecc-a154-cf21da1d2ead"",""replica"":""393dc7e0-9f17-413f-bdbf-430cb09b9e18""}",2026-03-28T05:12:53.454226225Z
[DB] Synced 1 accounts to database,info,"{""level"":""info""}","{""project"":""ce3616d9-58ad-4ec7-a294-1821e1564434"",""environment"":""fb6513d0-42a4-4660-82b5-509c54b15f2a"",""service"":""4978aa94-666c-47c7-8024-3ada55195a51"",""deployment"":""e15128e0-a06e-4ecc-a154-cf21da1d2ead"",""replica"":""393dc7e0-9f17-413f-bdbf-430cb09b9e18""}",2026-03-28T05:13:23.727240823Z
[DB] Synced 1 accounts to database,info,"{""level"":""info""}","{""project"":""ce3616d9-58ad-4ec7-a294-1821e1564434"",""environment"":""fb6513d0-42a4-4660-82b5-509c54b15f2a"",""service"":""4978aa94-666c-47c7-8024-3ada55195a51"",""deployment"":""e15128e0-a06e-4ecc-a154-cf21da1d2ead"",""replica"":""393dc7e0-9f17-413f-bdbf-430cb09b9e18""}",2026-03-28T05:13:53.780325179Z
[DB] Synced 1 accounts to database,info,"{""level"":""info""}","{""project"":""ce3616d9-58ad-4ec7-a294-1821e1564434"",""environment"":""fb6513d0-42a4-4660-82b5-509c54b15f2a"",""service"":""4978aa94-666c-47c7-8024-3ada55195a51"",""deployment"":""e15128e0-a06e-4ecc-a154-cf21da1d2ead"",""replica"":""393dc7e0-9f17-413f-bdbf-430cb09b9e18""}",2026-03-28T05:14:23.834826100Z
[DB] Synced 1 accounts to database,info,"{""level"":""info""}","{""project"":""ce3616d9-58ad-4ec7-a294-1821e1564434"",""environment"":""fb6513d0-42a4-4660-82b5-509c54b15f2a"",""service"":""4978aa94-666c-47c7-8024-3ada55195a51"",""deployment"":""e15128e0-a06e-4ecc-a154-cf21da1d2ead"",""replica"":""393dc7e0-9f17-413f-bdbf-430cb09b9e18""}",2026-03-28T05:14:54.161975255Z
[DB] Synced 1 accounts to database,info,"{""level"":""info""}","{""project"":""ce3616d9-58ad-4ec7-a294-1821e1564434"",""environment"":""fb6513d0-42a4-4660-82b5-509c54b15f2a"",""service"":""4978aa94-666c-47c7-8024-3ada55195a51"",""deployment"":""e15128e0-a06e-4ecc-a154-cf21da1d2ead"",""replica"":""393dc7e0-9f17-413f-bdbf-430cb09b9e18""}",2026-03-28T05:15:24.354427318Z
[DB] Synced 1 accounts to database,info,"{""level"":""info""}","{""project"":""ce3616d9-58ad-4ec7-a294-1821e1564434"",""environment"":""fb6513d0-42a4-4660-82b5-509c54b15f2a"",""service"":""4978aa94-666c-47c7-8024-3ada55195a51"",""deployment"":""e15128e0-a06e-4ecc-a154-cf21da1d2ead"",""replica"":""393dc7e0-9f17-413f-bdbf-430cb09b9e18""}",2026-03-28T05:15:54.249077536Z
[DB] Synced 1 accounts to database,info,"{""level"":""info""}","{""project"":""ce3616d9-58ad-4ec7-a294-1821e1564434"",""environment"":""fb6513d0-42a4-4660-82b5-509c54b15f2a"",""service"":""4978aa94-666c-47c7-8024-3ada55195a51"",""deployment"":""e15128e0-a06e-4ecc-a154-cf21da1d2ead"",""replica"":""393dc7e0-9f17-413f-bdbf-430cb09b9e18""}",2026-03-28T05:16:24.682865774Z
[DB] Synced 1 accounts to database,info,"{""level"":""info""}","{""project"":""ce3616d9-58ad-4ec7-a294-1821e1564434"",""environment"":""fb6513d0-42a4-4660-82b5-509c54b15f2a"",""service"":""4978aa94-666c-47c7-8024-3ada55195a51"",""deployment"":""e15128e0-a06e-4ecc-a154-cf21da1d2ead"",""replica"":""393dc7e0-9f17-413f-bdbf-430cb09b9e18""}",2026-03-28T05:16:54.756112520Z
[DB] Synced 1 accounts to database,info,"{""level"":""info""}","{""project"":""ce3616d9-58ad-4ec7-a294-1821e1564434"",""environment"":""fb6513d0-42a4-4660-82b5-509c54b15f2a"",""service"":""4978aa94-666c-47c7-8024-3ada55195a51"",""deployment"":""e15128e0-a06e-4ecc-a154-cf21da1d2ead"",""replica"":""393dc7e0-9f17-413f-bdbf-430cb09b9e18""}",2026-03-28T05:17:25.119809365Z
[DB] Synced 1 accounts to database,info,"{""level"":""info""}","{""project"":""ce3616d9-58ad-4ec7-a294-1821e1564434"",""environment"":""fb6513d0-42a4-4660-82b5-509c54b15f2a"",""service"":""4978aa94-666c-47c7-8024-3ada55195a51"",""deployment"":""e15128e0-a06e-4ecc-a154-cf21da1d2ead"",""replica"":""393dc7e0-9f17-413f-bdbf-430cb09b9e18""}",2026-03-28T05:17:54.942812224Z
[DB] Synced 1 accounts to database,info,"{""level"":""info""}","{""project"":""ce3616d9-58ad-4ec7-a294-1821e1564434"",""environment"":""fb6513d0-42a4-4660-82b5-509c54b15f2a"",""service"":""4978aa94-666c-47c7-8024-3ada55195a51"",""deployment"":""e15128e0-a06e-4ecc-a154-cf21da1d2ead"",""replica"":""393dc7e0-9f17-413f-bdbf-430cb09b9e18""}",2026-03-28T05:18:24.958034668Z
[DB] Synced 1 accounts to database,info,"{""level"":""info""}","{""project"":""ce3616d9-58ad-4ec7-a294-1821e1564434"",""environment"":""fb6513d0-42a4-4660-82b5-509c54b15f2a"",""service"":""4978aa94-666c-47c7-8024-3ada55195a51"",""deployment"":""e15128e0-a06e-4ecc-a154-cf21da1d2ead"",""replica"":""393dc7e0-9f17-413f-bdbf-430cb09b9e18""}",2026-03-28T05:18:54.816027413Z
[DB] Synced 1 accounts to database,info,"{""level"":""info""}","{""project"":""ce3616d9-58ad-4ec7-a294-1821e1564434"",""environment"":""fb6513d0-42a4-4660-82b5-509c54b15f2a"",""service"":""4978aa94-666c-47c7-8024-3ada55195a51"",""deployment"":""e15128e0-a06e-4ecc-a154-cf21da1d2ead"",""replica"":""393dc7e0-9f17-413f-bdbf-430cb09b9e18""}",2026-03-28T05:19:24.856162423Z
[DB] Synced 1 accounts to database,info,"{""level"":""info""}","{""project"":""ce3616d9-58ad-4ec7-a294-1821e1564434"",""environment"":""fb6513d0-42a4-4660-82b5-509c54b15f2a"",""service"":""4978aa94-666c-47c7-8024-3ada55195a51"",""deployment"":""e15128e0-a06e-4ecc-a154-cf21da1d2ead"",""replica"":""393dc7e0-9f17-413f-bdbf-430cb09b9e18""}",2026-03-28T05:19:55.085260270Z
[DB] Synced 1 accounts to database,info,"{""level"":""info""}","{""project"":""ce3616d9-58ad-4ec7-a294-1821e1564434"",""environment"":""fb6513d0-42a4-4660-82b5-509c54b15f2a"",""service"":""4978aa94-666c-47c7-8024-3ada55195a51"",""deployment"":""e15128e0-a06e-4ecc-a154-cf21da1d2ead"",""replica"":""393dc7e0-9f17-413f-bdbf-430cb09b9e18""}",2026-03-28T05:20:25.099670411Z
[DB] Synced 1 accounts to database,info,"{""level"":""info""}","{""project"":""ce3616d9-58ad-4ec7-a294-1821e1564434"",""environment"":""fb6513d0-42a4-4660-82b5-509c54b15f2a"",""service"":""4978aa94-666c-47c7-8024-3ada55195a51"",""deployment"":""e15128e0-a06e-4ecc-a154-cf21da1d2ead"",""replica"":""393dc7e0-9f17-413f-bdbf-430cb09b9e18""}",2026-03-28T05:20:55.043136225Z
[DB] Synced 1 accounts to database,info,"{""level"":""info""}","{""project"":""ce3616d9-58ad-4ec7-a294-1821e1564434"",""environment"":""fb6513d0-42a4-4660-82b5-509c54b15f2a"",""service"":""4978aa94-666c-47c7-8024-3ada55195a51"",""deployment"":""e15128e0-a06e-4ecc-a154-cf21da1d2ead"",""replica"":""393dc7e0-9f17-413f-bdbf-430cb09b9e18""}",2026-03-28T05:21:25.103436123Z
[DB] Synced 1 accounts to database,info,"{""level"":""info""}","{""project"":""ce3616d9-58ad-4ec7-a294-1821e1564434"",""environment"":""fb6513d0-42a4-4660-82b5-509c54b15f2a"",""service"":""4978aa94-666c-47c7-8024-3ada55195a51"",""deployment"":""e15128e0-a06e-4ecc-a154-cf21da1d2ead"",""replica"":""393dc7e0-9f17-413f-bdbf-430cb09b9e18""}",2026-03-28T05:21:55.170390490Z
[DB] Synced 1 accounts to database,info,"{""level"":""info""}","{""project"":""ce3616d9-58ad-4ec7-a294-1821e1564434"",""environment"":""fb6513d0-42a4-4660-82b5-509c54b15f2a"",""service"":""4978aa94-666c-47c7-8024-3ada55195a51"",""deployment"":""e15128e0-a06e-4ecc-a154-cf21da1d2ead"",""replica"":""393dc7e0-9f17-413f-bdbf-430cb09b9e18""}",2026-03-28T05:22:25.408272668Z
[DB] Synced 1 accounts to database,info,"{""level"":""info""}","{""project"":""ce3616d9-58ad-4ec7-a294-1821e1564434"",""environment"":""fb6513d0-42a4-4660-82b5-509c54b15f2a"",""service"":""4978aa94-666c-47c7-8024-3ada55195a51"",""deployment"":""e15128e0-a06e-4ecc-a154-cf21da1d2ead"",""replica"":""393dc7e0-9f17-413f-bdbf-430cb09b9e18""}",2026-03-28T05:22:55.607650629Z
[DB] Synced 1 accounts to database,info,"{""level"":""info""}","{""project"":""ce3616d9-58ad-4ec7-a294-1821e1564434"",""environment"":""fb6513d0-42a4-4660-82b5-509c54b15f2a"",""service"":""4978aa94-666c-47c7-8024-3ada55195a51"",""deployment"":""e15128e0-a06e-4ecc-a154-cf21da1d2ead"",""replica"":""393dc7e0-9f17-413f-bdbf-430cb09b9e18""}",2026-03-28T05:23:25.687080590Z
[DB] Synced 1 accounts to database,info,"{""level"":""info""}","{""project"":""ce3616d9-58ad-4ec7-a294-1821e1564434"",""environment"":""fb6513d0-42a4-4660-82b5-509c54b15f2a"",""service"":""4978aa94-666c-47c7-8024-3ada55195a51"",""deployment"":""e15128e0-a06e-4ecc-a154-cf21da1d2ead"",""replica"":""393dc7e0-9f17-413f-bdbf-430cb09b9e18""}",2026-03-28T05:23:55.801574323Z
[DB] Synced 1 accounts to database,info,"{""level"":""info""}","{""project"":""ce3616d9-58ad-4ec7-a294-1821e1564434"",""environment"":""fb6513d0-42a4-4660-82b5-509c54b15f2a"",""service"":""4978aa94-666c-47c7-8024-3ada55195a51"",""deployment"":""e15128e0-a06e-4ecc-a154-cf21da1d2ead"",""replica"":""393dc7e0-9f17-413f-bdbf-430cb09b9e18""}",2026-03-28T05:24:25.892251976Z
[DB] Synced 1 accounts to database,info,"{""level"":""info""}","{""project"":""ce3616d9-58ad-4ec7-a294-1821e1564434"",""environment"":""fb6513d0-42a4-4660-82b5-509c54b15f2a"",""service"":""4978aa94-666c-47c7-8024-3ada55195a51"",""deployment"":""e15128e0-a06e-4ecc-a154-cf21da1d2ead"",""replica"":""393dc7e0-9f17-413f-bdbf-430cb09b9e18""}",2026-03-28T05:24:55.747255619Z
[DB] Synced 1 accounts to database,info,"{""level"":""info""}","{""project"":""ce3616d9-58ad-4ec7-a294-1821e1564434"",""environment"":""fb6513d0-42a4-4660-82b5-509c54b15f2a"",""service"":""4978aa94-666c-47c7-8024-3ada55195a51"",""deployment"":""e15128e0-a06e-4ecc-a154-cf21da1d2ead"",""replica"":""393dc7e0-9f17-413f-bdbf-430cb09b9e18""}",2026-03-28T05:25:26.004294457Z
[DB] Synced 1 accounts to database,info,"{""level"":""info""}","{""project"":""ce3616d9-58ad-4ec7-a294-1821e1564434"",""environment"":""fb6513d0-42a4-4660-82b5-509c54b15f2a"",""service"":""4978aa94-666c-47c7-8024-3ada55195a51"",""deployment"":""e15128e0-a06e-4ecc-a154-cf21da1d2ead"",""replica"":""393dc7e0-9f17-413f-bdbf-430cb09b9e18""}",2026-03-28T05:25:56.047551939Z
[DB] Synced 1 accounts to database,info,"{""level"":""info""}","{""project"":""ce3616d9-58ad-4ec7-a294-1821e1564434"",""environment"":""fb6513d0-42a4-4660-82b5-509c54b15f2a"",""service"":""4978aa94-666c-47c7-8024-3ada55195a51"",""deployment"":""e15128e0-a06e-4ecc-a154-cf21da1d2ead"",""replica"":""393dc7e0-9f17-413f-bdbf-430cb09b9e18""}",2026-03-28T05:26:26.482711334Z
[DB] Synced 1 accounts to database,info,"{""level"":""info""}","{""project"":""ce3616d9-58ad-4ec7-a294-1821e1564434"",""environment"":""fb6513d0-42a4-4660-82b5-509c54b15f2a"",""service"":""4978aa94-666c-47c7-8024-3ada55195a51"",""deployment"":""e15128e0-a06e-4ecc-a154-cf21da1d2ead"",""replica"":""393dc7e0-9f17-413f-bdbf-430cb09b9e18""}",2026-03-28T05:26:57.012156513Z
[DB] Synced 1 accounts to database,info,"{""level"":""info""}","{""project"":""ce3616d9-58ad-4ec7-a294-1821e1564434"",""environment"":""fb6513d0-42a4-4660-82b5-509c54b15f2a"",""service"":""4978aa94-666c-47c7-8024-3ada55195a51"",""deployment"":""e15128e0-a06e-4ecc-a154-cf21da1d2ead"",""replica"":""393dc7e0-9f17-413f-bdbf-430cb09b9e18""}",2026-03-28T05:27:26.924033095Z
[DB] Synced 1 accounts to database,info,"{""level"":""info""}","{""project"":""ce3616d9-58ad-4ec7-a294-1821e1564434"",""environment"":""fb6513d0-42a4-4660-82b5-509c54b15f2a"",""service"":""4978aa94-666c-47c7-8024-3ada55195a51"",""deployment"":""e15128e0-a06e-4ecc-a154-cf21da1d2ead"",""replica"":""393dc7e0-9f17-413f-bdbf-430cb09b9e18""}",2026-03-28T05:27:56.884336480Z
[DB] Synced 1 accounts to database,info,"{""level"":""info""}","{""project"":""ce3616d9-58ad-4ec7-a294-1821e1564434"",""environment"":""fb6513d0-42a4-4660-82b5-509c54b15f2a"",""service"":""4978aa94-666c-47c7-8024-3ada55195a51"",""deployment"":""e15128e0-a06e-4ecc-a154-cf21da1d2ead"",""replica"":""393dc7e0-9f17-413f-bdbf-430cb09b9e18""}",2026-03-28T05:28:26.520368162Z
[DB] Synced 1 accounts to database,info,"{""level"":""info""}","{""project"":""ce3616d9-58ad-4ec7-a294-1821e1564434"",""environment"":""fb6513d0-42a4-4660-82b5-509c54b15f2a"",""service"":""4978aa94-666c-47c7-8024-3ada55195a51"",""deployment"":""e15128e0-a06e-4ecc-a154-cf21da1d2ead"",""replica"":""393dc7e0-9f17-413f-bdbf-430cb09b9e18""}",2026-03-28T05:28:56.828293477Z
[DB] Synced 1 accounts to database,info,"{""level"":""info""}","{""project"":""ce3616d9-58ad-4ec7-a294-1821e1564434"",""environment"":""fb6513d0-42a4-4660-82b5-509c54b15f2a"",""service"":""4978aa94-666c-47c7-8024-3ada55195a51"",""deployment"":""e15128e0-a06e-4ecc-a154-cf21da1d2ead"",""replica"":""393dc7e0-9f17-413f-bdbf-430cb09b9e18""}",2026-03-28T05:29:27.039137590Z
[DB] Synced 1 accounts to database,info,"{""level"":""info""}","{""project"":""ce3616d9-58ad-4ec7-a294-1821e1564434"",""environment"":""fb6513d0-42a4-4660-82b5-509c54b15f2a"",""service"":""4978aa94-666c-47c7-8024-3ada55195a51"",""deployment"":""e15128e0-a06e-4ecc-a154-cf21da1d2ead"",""replica"":""393dc7e0-9f17-413f-bdbf-430cb09b9e18""}",2026-03-28T05:29:57.206303227Z
[DB] Synced 1 accounts to database,info,"{""level"":""info""}","{""project"":""ce3616d9-58ad-4ec7-a294-1821e1564434"",""environment"":""fb6513d0-42a4-4660-82b5-509c54b15f2a"",""service"":""4978aa94-666c-47c7-8024-3ada55195a51"",""deployment"":""e15128e0-a06e-4ecc-a154-cf21da1d2ead"",""replica"":""393dc7e0-9f17-413f-bdbf-430cb09b9e18""}",2026-03-28T05:30:27.224547691Z
[DB] Synced 1 accounts to database,info,"{""level"":""info""}","{""project"":""ce3616d9-58ad-4ec7-a294-1821e1564434"",""environment"":""fb6513d0-42a4-4660-82b5-509c54b15f2a"",""service"":""4978aa94-666c-47c7-8024-3ada55195a51"",""deployment"":""e15128e0-a06e-4ecc-a154-cf21da1d2ead"",""replica"":""393dc7e0-9f17-413f-bdbf-430cb09b9e18""}",2026-03-28T05:30:57.890229682Z
[DB] Synced 1 accounts to database,info,"{""level"":""info""}","{""project"":""ce3616d9-58ad-4ec7-a294-1821e1564434"",""environment"":""fb6513d0-42a4-4660-82b5-509c54b15f2a"",""service"":""4978aa94-666c-47c7-8024-3ada55195a51"",""deployment"":""e15128e0-a06e-4ecc-a154-cf21da1d2ead"",""replica"":""393dc7e0-9f17-413f-bdbf-430cb09b9e18""}",2026-03-28T05:31:27.739519874Z
[DB] Synced 1 accounts to database,info,"{""level"":""info""}","{""project"":""ce3616d9-58ad-4ec7-a294-1821e1564434"",""environment"":""fb6513d0-42a4-4660-82b5-509c54b15f2a"",""service"":""4978aa94-666c-47c7-8024-3ada55195a51"",""deployment"":""e15128e0-a06e-4ecc-a154-cf21da1d2ead"",""replica"":""393dc7e0-9f17-413f-bdbf-430cb09b9e18""}",2026-03-28T05:31:57.784975388Z
[DB] Synced 1 accounts to database,info,"{""level"":""info""}","{""project"":""ce3616d9-58ad-4ec7-a294-1821e1564434"",""environment"":""fb6513d0-42a4-4660-82b5-509c54b15f2a"",""service"":""4978aa94-666c-47c7-8024-3ada55195a51"",""deployment"":""e15128e0-a06e-4ecc-a154-cf21da1d2ead"",""replica"":""393dc7e0-9f17-413f-bdbf-430cb09b9e18""}",2026-03-28T05:32:27.619186878Z
[DB] Synced 1 accounts to database,info,"{""level"":""info""}","{""project"":""ce3616d9-58ad-4ec7-a294-1821e1564434"",""environment"":""fb6513d0-42a4-4660-82b5-509c54b15f2a"",""service"":""4978aa94-666c-47c7-8024-3ada55195a51"",""deployment"":""e15128e0-a06e-4ecc-a154-cf21da1d2ead"",""replica"":""393dc7e0-9f17-413f-bdbf-430cb09b9e18""}",2026-03-28T05:32:57.738720936Z
[DB] Synced 1 accounts to database,info,"{""level"":""info""}","{""project"":""ce3616d9-58ad-4ec7-a294-1821e1564434"",""environment"":""fb6513d0-42a4-4660-82b5-509c54b15f2a"",""service"":""4978aa94-666c-47c7-8024-3ada55195a51"",""deployment"":""e15128e0-a06e-4ecc-a154-cf21da1d2ead"",""replica"":""393dc7e0-9f17-413f-bdbf-430cb09b9e18""}",2026-03-28T05:33:28.145154059Z
[DB] Synced 1 accounts to database,info,"{""level"":""info""}","{""project"":""ce3616d9-58ad-4ec7-a294-1821e1564434"",""environment"":""fb6513d0-42a4-4660-82b5-509c54b15f2a"",""service"":""4978aa94-666c-47c7-8024-3ada55195a51"",""deployment"":""e15128e0-a06e-4ecc-a154-cf21da1d2ead"",""replica"":""393dc7e0-9f17-413f-bdbf-430cb09b9e18""}",2026-03-28T05:33:58.237746703Z
[DB] Synced 1 accounts to database,info,"{""level"":""info""}","{""project"":""ce3616d9-58ad-4ec7-a294-1821e1564434"",""environment"":""fb6513d0-42a4-4660-82b5-509c54b15f2a"",""service"":""4978aa94-666c-47c7-8024-3ada55195a51"",""deployment"":""e15128e0-a06e-4ecc-a154-cf21da1d2ead"",""replica"":""393dc7e0-9f17-413f-bdbf-430cb09b9e18""}",2026-03-28T05:34:28.301689816Z
[DB] Synced 1 accounts to database,info,"{""level"":""info""}","{""project"":""ce3616d9-58ad-4ec7-a294-1821e1564434"",""environment"":""fb6513d0-42a4-4660-82b5-509c54b15f2a"",""service"":""4978aa94-666c-47c7-8024-3ada55195a51"",""deployment"":""e15128e0-a06e-4ecc-a154-cf21da1d2ead"",""replica"":""393dc7e0-9f17-413f-bdbf-430cb09b9e18""}",2026-03-28T05:34:58.306667810Z
[DB] Synced 1 accounts to database,info,"{""level"":""info""}","{""project"":""ce3616d9-58ad-4ec7-a294-1821e1564434"",""environment"":""fb6513d0-42a4-4660-82b5-509c54b15f2a"",""service"":""4978aa94-666c-47c7-8024-3ada55195a51"",""deployment"":""e15128e0-a06e-4ecc-a154-cf21da1d2ead"",""replica"":""393dc7e0-9f17-413f-bdbf-430cb09b9e18""}",2026-03-28T05:35:29.245070087Z
[DB] Synced 1 accounts to database,info,"{""level"":""info""}","{""project"":""ce3616d9-58ad-4ec7-a294-1821e1564434"",""environment"":""fb6513d0-42a4-4660-82b5-509c54b15f2a"",""service"":""4978aa94-666c-47c7-8024-3ada55195a51"",""deployment"":""e15128e0-a06e-4ecc-a154-cf21da1d2ead"",""replica"":""393dc7e0-9f17-413f-bdbf-430cb09b9e18""}",2026-03-28T05:35:59.276930130Z
[DB] Synced 1 accounts to database,info,"{""level"":""info""}","{""project"":""ce3616d9-58ad-4ec7-a294-1821e1564434"",""environment"":""fb6513d0-42a4-4660-82b5-509c54b15f2a"",""service"":""4978aa94-666c-47c7-8024-3ada55195a51"",""deployment"":""e15128e0-a06e-4ecc-a154-cf21da1d2ead"",""replica"":""393dc7e0-9f17-413f-bdbf-430cb09b9e18""}",2026-03-28T05:36:29.448462168Z
[DB] Synced 1 accounts to database,info,"{""level"":""info""}","{""project"":""ce3616d9-58ad-4ec7-a294-1821e1564434"",""environment"":""fb6513d0-42a4-4660-82b5-509c54b15f2a"",""service"":""4978aa94-666c-47c7-8024-3ada55195a51"",""deployment"":""e15128e0-a06e-4ecc-a154-cf21da1d2ead"",""replica"":""393dc7e0-9f17-413f-bdbf-430cb09b9e18""}",2026-03-28T05:36:59.218130425Z
[DB] Synced 1 accounts to database,info,"{""level"":""info""}","{""project"":""ce3616d9-58ad-4ec7-a294-1821e1564434"",""environment"":""fb6513d0-42a4-4660-82b5-509c54b15f2a"",""service"":""4978aa94-666c-47c7-8024-3ada55195a51"",""deployment"":""e15128e0-a06e-4ecc-a154-cf21da1d2ead"",""replica"":""393dc7e0-9f17-413f-bdbf-430cb09b9e18""}",2026-03-28T05:37:29.196103905Z
[DB] Synced 1 accounts to database,info,"{""level"":""info""}","{""project"":""ce3616d9-58ad-4ec7-a294-1821e1564434"",""environment"":""fb6513d0-42a4-4660-82b5-509c54b15f2a"",""service"":""4978aa94-666c-47c7-8024-3ada55195a51"",""deployment"":""e15128e0-a06e-4ecc-a154-cf21da1d2ead"",""replica"":""393dc7e0-9f17-413f-bdbf-430cb09b9e18""}",2026-03-28T05:37:58.875863525Z
[DB] Synced 1 accounts to database,info,"{""level"":""info""}","{""project"":""ce3616d9-58ad-4ec7-a294-1821e1564434"",""environment"":""fb6513d0-42a4-4660-82b5-509c54b15f2a"",""service"":""4978aa94-666c-47c7-8024-3ada55195a51"",""deployment"":""e15128e0-a06e-4ecc-a154-cf21da1d2ead"",""replica"":""393dc7e0-9f17-413f-bdbf-430cb09b9e18""}",2026-03-28T05:38:28.956553680Z
[DB] Synced 1 accounts to database,info,"{""level"":""info""}","{""project"":""ce3616d9-58ad-4ec7-a294-1821e1564434"",""environment"":""fb6513d0-42a4-4660-82b5-509c54b15f2a"",""service"":""4978aa94-666c-47c7-8024-3ada55195a51"",""deployment"":""e15128e0-a06e-4ecc-a154-cf21da1d2ead"",""replica"":""393dc7e0-9f17-413f-bdbf-430cb09b9e18""}",2026-03-28T05:38:59.349075220Z
[DB] Synced 1 accounts to database,info,"{""level"":""info""}","{""project"":""ce3616d9-58ad-4ec7-a294-1821e1564434"",""environment"":""fb6513d0-42a4-4660-82b5-509c54b15f2a"",""service"":""4978aa94-666c-47c7-8024-3ada55195a51"",""deployment"":""e15128e0-a06e-4ecc-a154-cf21da1d2ead"",""replica"":""393dc7e0-9f17-413f-bdbf-430cb09b9e18""}",2026-03-28T05:39:29.492655714Z
[DB] Synced 1 accounts to database,info,"{""level"":""info""}","{""project"":""ce3616d9-58ad-4ec7-a294-1821e1564434"",""environment"":""fb6513d0-42a4-4660-82b5-509c54b15f2a"",""service"":""4978aa94-666c-47c7-8024-3ada55195a51"",""deployment"":""e15128e0-a06e-4ecc-a154-cf21da1d2ead"",""replica"":""393dc7e0-9f17-413f-bdbf-430cb09b9e18""}",2026-03-28T05:39:59.856017032Z
[DB] Synced 1 accounts to database,info,"{""level"":""info""}","{""project"":""ce3616d9-58ad-4ec7-a294-1821e1564434"",""environment"":""fb6513d0-42a4-4660-82b5-509c54b15f2a"",""service"":""4978aa94-666c-47c7-8024-3ada55195a51"",""deployment"":""e15128e0-a06e-4ecc-a154-cf21da1d2ead"",""replica"":""393dc7e0-9f17-413f-bdbf-430cb09b9e18""}",2026-03-28T05:40:29.994613849Z
[DB] Synced 1 accounts to database,info,"{""level"":""info""}","{""project"":""ce3616d9-58ad-4ec7-a294-1821e1564434"",""environment"":""fb6513d0-42a4-4660-82b5-509c54b15f2a"",""service"":""4978aa94-666c-47c7-8024-3ada55195a51"",""deployment"":""e15128e0-a06e-4ecc-a154-cf21da1d2ead"",""replica"":""393dc7e0-9f17-413f-bdbf-430cb09b9e18""}",2026-03-28T05:40:59.233602443Z
[DB] Synced 1 accounts to database,info,"{""level"":""info""}","{""project"":""ce3616d9-58ad-4ec7-a294-1821e1564434"",""environment"":""fb6513d0-42a4-4660-82b5-509c54b15f2a"",""service"":""4978aa94-666c-47c7-8024-3ada55195a51"",""deployment"":""e15128e0-a06e-4ecc-a154-cf21da1d2ead"",""replica"":""393dc7e0-9f17-413f-bdbf-430cb09b9e18""}",2026-03-28T05:41:29.192026977Z
[DB] Synced 1 accounts to database,info,"{""level"":""info""}","{""project"":""ce3616d9-58ad-4ec7-a294-1821e1564434"",""environment"":""fb6513d0-42a4-4660-82b5-509c54b15f2a"",""service"":""4978aa94-666c-47c7-8024-3ada55195a51"",""deployment"":""e15128e0-a06e-4ecc-a154-cf21da1d2ead"",""replica"":""393dc7e0-9f17-413f-bdbf-430cb09b9e18""}",2026-03-28T05:41:59.227403920Z
[DB] Synced 1 accounts to database,info,"{""level"":""info""}","{""project"":""ce3616d9-58ad-4ec7-a294-1821e1564434"",""environment"":""fb6513d0-42a4-4660-82b5-509c54b15f2a"",""service"":""4978aa94-666c-47c7-8024-3ada55195a51"",""deployment"":""e15128e0-a06e-4ecc-a154-cf21da1d2ead"",""replica"":""393dc7e0-9f17-413f-bdbf-430cb09b9e18""}",2026-03-28T05:42:29.269026228Z
[DB] Synced 1 accounts to database,info,"{""level"":""info""}","{""project"":""ce3616d9-58ad-4ec7-a294-1821e1564434"",""environment"":""fb6513d0-42a4-4660-82b5-509c54b15f2a"",""service"":""4978aa94-666c-47c7-8024-3ada55195a51"",""deployment"":""e15128e0-a06e-4ecc-a154-cf21da1d2ead"",""replica"":""393dc7e0-9f17-413f-bdbf-430cb09b9e18""}",2026-03-28T05:43:00.087840014Z
[DB] Synced 1 accounts to database,info,"{""level"":""info""}","{""project"":""ce3616d9-58ad-4ec7-a294-1821e1564434"",""environment"":""fb6513d0-42a4-4660-82b5-509c54b15f2a"",""service"":""4978aa94-666c-47c7-8024-3ada55195a51"",""deployment"":""e15128e0-a06e-4ecc-a154-cf21da1d2ead"",""replica"":""393dc7e0-9f17-413f-bdbf-430cb09b9e18""}",2026-03-28T05:43:30.299143299Z
[DB] Synced 1 accounts to database,info,"{""level"":""info""}","{""project"":""ce3616d9-58ad-4ec7-a294-1821e1564434"",""environment"":""fb6513d0-42a4-4660-82b5-509c54b15f2a"",""service"":""4978aa94-666c-47c7-8024-3ada55195a51"",""deployment"":""e15128e0-a06e-4ecc-a154-cf21da1d2ead"",""replica"":""393dc7e0-9f17-413f-bdbf-430cb09b9e18""}",2026-03-28T05:44:00.189134346Z
[DB] Synced 1 accounts to database,info,"{""level"":""info""}","{""project"":""ce3616d9-58ad-4ec7-a294-1821e1564434"",""environment"":""fb6513d0-42a4-4660-82b5-509c54b15f2a"",""service"":""4978aa94-666c-47c7-8024-3ada55195a51"",""deployment"":""e15128e0-a06e-4ecc-a154-cf21da1d2ead"",""replica"":""393dc7e0-9f17-413f-bdbf-430cb09b9e18""}",2026-03-28T05:44:30.289490485Z
[DB] Synced 1 accounts to database,info,"{""level"":""info""}","{""project"":""ce3616d9-58ad-4ec7-a294-1821e1564434"",""environment"":""fb6513d0-42a4-4660-82b5-509c54b15f2a"",""service"":""4978aa94-666c-47c7-8024-3ada55195a51"",""deployment"":""e15128e0-a06e-4ecc-a154-cf21da1d2ead"",""replica"":""393dc7e0-9f17-413f-bdbf-430cb09b9e18""}",2026-03-28T05:45:00.186557433Z
[DB] Synced 1 accounts to database,info,"{""level"":""info""}","{""project"":""ce3616d9-58ad-4ec7-a294-1821e1564434"",""environment"":""fb6513d0-42a4-4660-82b5-509c54b15f2a"",""service"":""4978aa94-666c-47c7-8024-3ada55195a51"",""deployment"":""e15128e0-a06e-4ecc-a154-cf21da1d2ead"",""replica"":""393dc7e0-9f17-413f-bdbf-430cb09b9e18""}",2026-03-28T05:45:30.252750956Z
[DB] Synced 1 accounts to database,info,"{""level"":""info""}","{""project"":""ce3616d9-58ad-4ec7-a294-1821e1564434"",""environment"":""fb6513d0-42a4-4660-82b5-509c54b15f2a"",""service"":""4978aa94-666c-47c7-8024-3ada55195a51"",""deployment"":""e15128e0-a06e-4ecc-a154-cf21da1d2ead"",""replica"":""393dc7e0-9f17-413f-bdbf-430cb09b9e18""}",2026-03-28T05:46:00.385892662Z
[DB] Synced 1 accounts to database,info,"{""level"":""info""}","{""project"":""ce3616d9-58ad-4ec7-a294-1821e1564434"",""environment"":""fb6513d0-42a4-4660-82b5-509c54b15f2a"",""service"":""4978aa94-666c-47c7-8024-3ada55195a51"",""deployment"":""e15128e0-a06e-4ecc-a154-cf21da1d2ead"",""replica"":""393dc7e0-9f17-413f-bdbf-430cb09b9e18""}",2026-03-28T05:46:30.441673135Z
[DB] Synced 1 accounts to database,info,"{""level"":""info""}","{""project"":""ce3616d9-58ad-4ec7-a294-1821e1564434"",""environment"":""fb6513d0-42a4-4660-82b5-509c54b15f2a"",""service"":""4978aa94-666c-47c7-8024-3ada55195a51"",""deployment"":""e15128e0-a06e-4ecc-a154-cf21da1d2ead"",""replica"":""393dc7e0-9f17-413f-bdbf-430cb09b9e18""}",2026-03-28T05:47:00.499363127Z
[DB] Synced 1 accounts to database,info,"{""level"":""info""}","{""project"":""ce3616d9-58ad-4ec7-a294-1821e1564434"",""environment"":""fb6513d0-42a4-4660-82b5-509c54b15f2a"",""service"":""4978aa94-666c-47c7-8024-3ada55195a51"",""deployment"":""e15128e0-a06e-4ecc-a154-cf21da1d2ead"",""replica"":""393dc7e0-9f17-413f-bdbf-430cb09b9e18""}",2026-03-28T05:47:30.973590341Z
[DB] Synced 1 accounts to database,info,"{""level"":""info""}","{""project"":""ce3616d9-58ad-4ec7-a294-1821e1564434"",""environment"":""fb6513d0-42a4-4660-82b5-509c54b15f2a"",""service"":""4978aa94-666c-47c7-8024-3ada55195a51"",""deployment"":""e15128e0-a06e-4ecc-a154-cf21da1d2ead"",""replica"":""393dc7e0-9f17-413f-bdbf-430cb09b9e18""}",2026-03-28T05:48:01.076698970Z
[DB] Synced 1 accounts to database,info,"{""level"":""info""}","{""project"":""ce3616d9-58ad-4ec7-a294-1821e1564434"",""environment"":""fb6513d0-42a4-4660-82b5-509c54b15f2a"",""service"":""4978aa94-666c-47c7-8024-3ada55195a51"",""deployment"":""e15128e0-a06e-4ecc-a154-cf21da1d2ead"",""replica"":""393dc7e0-9f17-413f-bdbf-430cb09b9e18""}",2026-03-28T05:48:31.406952513Z
[DB] Synced 1 accounts to database,info,"{""level"":""info""}","{""project"":""ce3616d9-58ad-4ec7-a294-1821e1564434"",""environment"":""fb6513d0-42a4-4660-82b5-509c54b15f2a"",""service"":""4978aa94-666c-47c7-8024-3ada55195a51"",""deployment"":""e15128e0-a06e-4ecc-a154-cf21da1d2ead"",""replica"":""393dc7e0-9f17-413f-bdbf-430cb09b9e18""}",2026-03-28T05:49:01.420005482Z
[DB] Synced 1 accounts to database,info,"{""level"":""info""}","{""project"":""ce3616d9-58ad-4ec7-a294-1821e1564434"",""environment"":""fb6513d0-42a4-4660-82b5-509c54b15f2a"",""service"":""4978aa94-666c-47c7-8024-3ada55195a51"",""deployment"":""e15128e0-a06e-4ecc-a154-cf21da1d2ead"",""replica"":""393dc7e0-9f17-413f-bdbf-430cb09b9e18""}",2026-03-28T05:49:32.807830552Z
[DB] Synced 1 accounts to database,info,"{""level"":""info""}","{""project"":""ce3616d9-58ad-4ec7-a294-1821e1564434"",""environment"":""fb6513d0-42a4-4660-82b5-509c54b15f2a"",""service"":""4978aa94-666c-47c7-8024-3ada55195a51"",""deployment"":""e15128e0-a06e-4ecc-a154-cf21da1d2ead"",""replica"":""393dc7e0-9f17-413f-bdbf-430cb09b9e18""}",2026-03-28T05:49:52.802804702Z
[DB] Synced 1 accounts to database,info,"{""level"":""info""}","{""project"":""ce3616d9-58ad-4ec7-a294-1821e1564434"",""environment"":""fb6513d0-42a4-4660-82b5-509c54b15f2a"",""service"":""4978aa94-666c-47c7-8024-3ada55195a51"",""deployment"":""e15128e0-a06e-4ecc-a154-cf21da1d2ead"",""replica"":""393dc7e0-9f17-413f-bdbf-430cb09b9e18""}",2026-03-28T05:50:32.780219315Z
[DB] Synced 1 accounts to database,info,"{""level"":""info""}","{""project"":""ce3616d9-58ad-4ec7-a294-1821e1564434"",""environment"":""fb6513d0-42a4-4660-82b5-509c54b15f2a"",""service"":""4978aa94-666c-47c7-8024-3ada55195a51"",""deployment"":""e15128e0-a06e-4ecc-a154-cf21da1d2ead"",""replica"":""393dc7e0-9f17-413f-bdbf-430cb09b9e18""}",2026-03-28T05:50:53.569870795Z
[DB] Synced 1 accounts to database,info,"{""level"":""info""}","{""project"":""ce3616d9-58ad-4ec7-a294-1821e1564434"",""environment"":""fb6513d0-42a4-4660-82b5-509c54b15f2a"",""service"":""4978aa94-666c-47c7-8024-3ada55195a51"",""deployment"":""e15128e0-a06e-4ecc-a154-cf21da1d2ead"",""replica"":""393dc7e0-9f17-413f-bdbf-430cb09b9e18""}",2026-03-28T05:51:24.638328432Z
[DB] Synced 1 accounts to database,info,"{""level"":""info""}","{""project"":""ce3616d9-58ad-4ec7-a294-1821e1564434"",""environment"":""fb6513d0-42a4-4660-82b5-509c54b15f2a"",""service"":""4978aa94-666c-47c7-8024-3ada55195a51"",""deployment"":""e15128e0-a06e-4ecc-a154-cf21da1d2ead"",""replica"":""393dc7e0-9f17-413f-bdbf-430cb09b9e18""}",2026-03-28T05:51:53.880299652Z
[DB] Synced 1 accounts to database,info,"{""level"":""info""}","{""project"":""ce3616d9-58ad-4ec7-a294-1821e1564434"",""environment"":""fb6513d0-42a4-4660-82b5-509c54b15f2a"",""service"":""4978aa94-666c-47c7-8024-3ada55195a51"",""deployment"":""e15128e0-a06e-4ecc-a154-cf21da1d2ead"",""replica"":""393dc7e0-9f17-413f-bdbf-430cb09b9e18""}",2026-03-28T05:52:24.556217630Z
[DB] Synced 1 accounts to database,info,"{""level"":""info""}","{""project"":""ce3616d9-58ad-4ec7-a294-1821e1564434"",""environment"":""fb6513d0-42a4-4660-82b5-509c54b15f2a"",""service"":""4978aa94-666c-47c7-8024-3ada55195a51"",""deployment"":""e15128e0-a06e-4ecc-a154-cf21da1d2ead"",""replica"":""393dc7e0-9f17-413f-bdbf-430cb09b9e18""}",2026-03-28T05:52:54.274320978Z
[DB] Synced 1 accounts to database,info,"{""level"":""info""}","{""project"":""ce3616d9-58ad-4ec7-a294-1821e1564434"",""environment"":""fb6513d0-42a4-4660-82b5-509c54b15f2a"",""service"":""4978aa94-666c-47c7-8024-3ada55195a51"",""deployment"":""e15128e0-a06e-4ecc-a154-cf21da1d2ead"",""replica"":""393dc7e0-9f17-413f-bdbf-430cb09b9e18""}",2026-03-28T05:53:24.644263532Z
[DB] Synced 1 accounts to database,info,"{""level"":""info""}","{""project"":""ce3616d9-58ad-4ec7-a294-1821e1564434"",""environment"":""fb6513d0-42a4-4660-82b5-509c54b15f2a"",""service"":""4978aa94-666c-47c7-8024-3ada55195a51"",""deployment"":""e15128e0-a06e-4ecc-a154-cf21da1d2ead"",""replica"":""393dc7e0-9f17-413f-bdbf-430cb09b9e18""}",2026-03-28T05:53:55.024122504Z
[DB] Synced 1 accounts to database,info,"{""level"":""info""}","{""project"":""ce3616d9-58ad-4ec7-a294-1821e1564434"",""environment"":""fb6513d0-42a4-4660-82b5-509c54b15f2a"",""service"":""4978aa94-666c-47c7-8024-3ada55195a51"",""deployment"":""e15128e0-a06e-4ecc-a154-cf21da1d2ead"",""replica"":""393dc7e0-9f17-413f-bdbf-430cb09b9e18""}",2026-03-28T05:54:25.916649226Z
[DB] Synced 1 accounts to database,info,"{""level"":""info""}","{""project"":""ce3616d9-58ad-4ec7-a294-1821e1564434"",""environment"":""fb6513d0-42a4-4660-82b5-509c54b15f2a"",""service"":""4978aa94-666c-47c7-8024-3ada55195a51"",""deployment"":""e15128e0-a06e-4ecc-a154-cf21da1d2ead"",""replica"":""393dc7e0-9f17-413f-bdbf-430cb09b9e18""}",2026-03-28T05:54:56.189653586Z
[DB] Synced 1 accounts to database,info,"{""level"":""info""}","{""project"":""ce3616d9-58ad-4ec7-a294-1821e1564434"",""environment"":""fb6513d0-42a4-4660-82b5-509c54b15f2a"",""service"":""4978aa94-666c-47c7-8024-3ada55195a51"",""deployment"":""e15128e0-a06e-4ecc-a154-cf21da1d2ead"",""replica"":""393dc7e0-9f17-413f-bdbf-430cb09b9e18""}",2026-03-28T05:55:26.957407170Z
[DB] Synced 1 accounts to database,info,"{""level"":""info""}","{""project"":""ce3616d9-58ad-4ec7-a294-1821e1564434"",""environment"":""fb6513d0-42a4-4660-82b5-509c54b15f2a"",""service"":""4978aa94-666c-47c7-8024-3ada55195a51"",""deployment"":""e15128e0-a06e-4ecc-a154-cf21da1d2ead"",""replica"":""393dc7e0-9f17-413f-bdbf-430cb09b9e18""}",2026-03-28T05:55:57.459062107Z
[DB] Synced 1 accounts to database,info,"{""level"":""info""}","{""project"":""ce3616d9-58ad-4ec7-a294-1821e1564434"",""environment"":""fb6513d0-42a4-4660-82b5-509c54b15f2a"",""service"":""4978aa94-666c-47c7-8024-3ada55195a51"",""deployment"":""e15128e0-a06e-4ecc-a154-cf21da1d2ead"",""replica"":""393dc7e0-9f17-413f-bdbf-430cb09b9e18""}",2026-03-28T05:56:27.270759650Z
[DB] Synced 1 accounts to database,info,"{""level"":""info""}","{""project"":""ce3616d9-58ad-4ec7-a294-1821e1564434"",""environment"":""fb6513d0-42a4-4660-82b5-509c54b15f2a"",""service"":""4978aa94-666c-47c7-8024-3ada55195a51"",""deployment"":""e15128e0-a06e-4ecc-a154-cf21da1d2ead"",""replica"":""393dc7e0-9f17-413f-bdbf-430cb09b9e18""}",2026-03-28T05:56:57.387140286Z
[DB] Synced 1 accounts to database,info,"{""level"":""info""}","{""project"":""ce3616d9-58ad-4ec7-a294-1821e1564434"",""environment"":""fb6513d0-42a4-4660-82b5-509c54b15f2a"",""service"":""4978aa94-666c-47c7-8024-3ada55195a51"",""deployment"":""e15128e0-a06e-4ecc-a154-cf21da1d2ead"",""replica"":""393dc7e0-9f17-413f-bdbf-430cb09b9e18""}",2026-03-28T05:57:27.512180568Z
[DB] Synced 1 accounts to database,info,"{""level"":""info""}","{""project"":""ce3616d9-58ad-4ec7-a294-1821e1564434"",""environment"":""fb6513d0-42a4-4660-82b5-509c54b15f2a"",""service"":""4978aa94-666c-47c7-8024-3ada55195a51"",""deployment"":""e15128e0-a06e-4ecc-a154-cf21da1d2ead"",""replica"":""393dc7e0-9f17-413f-bdbf-430cb09b9e18""}",2026-03-28T05:57:57.959526337Z
[DB] Synced 1 accounts to database,info,"{""level"":""info""}","{""project"":""ce3616d9-58ad-4ec7-a294-1821e1564434"",""environment"":""fb6513d0-42a4-4660-82b5-509c54b15f2a"",""service"":""4978aa94-666c-47c7-8024-3ada55195a51"",""deployment"":""e15128e0-a06e-4ecc-a154-cf21da1d2ead"",""replica"":""393dc7e0-9f17-413f-bdbf-430cb09b9e18""}",2026-03-28T05:58:28.274807134Z
[DB] Synced 1 accounts to database,info,"{""level"":""info""}","{""project"":""ce3616d9-58ad-4ec7-a294-1821e1564434"",""environment"":""fb6513d0-42a4-4660-82b5-509c54b15f2a"",""service"":""4978aa94-666c-47c7-8024-3ada55195a51"",""deployment"":""e15128e0-a06e-4ecc-a154-cf21da1d2ead"",""replica"":""393dc7e0-9f17-413f-bdbf-430cb09b9e18""}",2026-03-28T05:58:58.022598189Z
[DB] Synced 1 accounts to database,info,"{""level"":""info""}","{""project"":""ce3616d9-58ad-4ec7-a294-1821e1564434"",""environment"":""fb6513d0-42a4-4660-82b5-509c54b15f2a"",""service"":""4978aa94-666c-47c7-8024-3ada55195a51"",""deployment"":""e15128e0-a06e-4ecc-a154-cf21da1d2ead"",""replica"":""393dc7e0-9f17-413f-bdbf-430cb09b9e18""}",2026-03-28T05:59:28.002587700Z
[DB] Synced 1 accounts to database,info,"{""level"":""info""}","{""project"":""ce3616d9-58ad-4ec7-a294-1821e1564434"",""environment"":""fb6513d0-42a4-4660-82b5-509c54b15f2a"",""service"":""4978aa94-666c-47c7-8024-3ada55195a51"",""deployment"":""e15128e0-a06e-4ecc-a154-cf21da1d2ead"",""replica"":""393dc7e0-9f17-413f-bdbf-430cb09b9e18""}",2026-03-28T05:59:58.241880343Z
[DB] Synced 1 accounts to database,info,"{""level"":""info""}","{""project"":""ce3616d9-58ad-4ec7-a294-1821e1564434"",""environment"":""fb6513d0-42a4-4660-82b5-509c54b15f2a"",""service"":""4978aa94-666c-47c7-8024-3ada55195a51"",""deployment"":""e15128e0-a06e-4ecc-a154-cf21da1d2ead"",""replica"":""393dc7e0-9f17-413f-bdbf-430cb09b9e18""}",2026-03-28T06:00:28.423088918Z
[DB] Synced 1 accounts to database,info,"{""level"":""info""}","{""project"":""ce3616d9-58ad-4ec7-a294-1821e1564434"",""environment"":""fb6513d0-42a4-4660-82b5-509c54b15f2a"",""service"":""4978aa94-666c-47c7-8024-3ada55195a51"",""deployment"":""e15128e0-a06e-4ecc-a154-cf21da1d2ead"",""replica"":""393dc7e0-9f17-413f-bdbf-430cb09b9e18""}",2026-03-28T06:00:58.852937861Z
[DB] Synced 1 accounts to database,info,"{""level"":""info""}","{""project"":""ce3616d9-58ad-4ec7-a294-1821e1564434"",""environment"":""fb6513d0-42a4-4660-82b5-509c54b15f2a"",""service"":""4978aa94-666c-47c7-8024-3ada55195a51"",""deployment"":""e15128e0-a06e-4ecc-a154-cf21da1d2ead"",""replica"":""393dc7e0-9f17-413f-bdbf-430cb09b9e18""}",2026-03-28T06:01:28.977069313Z
[DB] Synced 1 accounts to database,info,"{""level"":""info""}","{""project"":""ce3616d9-58ad-4ec7-a294-1821e1564434"",""environment"":""fb6513d0-42a4-4660-82b5-509c54b15f2a"",""service"":""4978aa94-666c-47c7-8024-3ada55195a51"",""deployment"":""e15128e0-a06e-4ecc-a154-cf21da1d2ead"",""replica"":""393dc7e0-9f17-413f-bdbf-430cb09b9e18""}",2026-03-28T06:01:59.821676727Z
[DB] Synced 1 accounts to database,info,"{""level"":""info""}","{""project"":""ce3616d9-58ad-4ec7-a294-1821e1564434"",""environment"":""fb6513d0-42a4-4660-82b5-509c54b15f2a"",""service"":""4978aa94-666c-47c7-8024-3ada55195a51"",""deployment"":""e15128e0-a06e-4ecc-a154-cf21da1d2ead"",""replica"":""393dc7e0-9f17-413f-bdbf-430cb09b9e18""}",2026-03-28T06:02:29.018310740Z
[DB] Synced 1 accounts to database,info,"{""level"":""info""}","{""project"":""ce3616d9-58ad-4ec7-a294-1821e1564434"",""environment"":""fb6513d0-42a4-4660-82b5-509c54b15f2a"",""service"":""4978aa94-666c-47c7-8024-3ada55195a51"",""deployment"":""e15128e0-a06e-4ecc-a154-cf21da1d2ead"",""replica"":""393dc7e0-9f17-413f-bdbf-430cb09b9e18""}",2026-03-28T06:02:58.968351520Z
[DB] Synced 1 accounts to database,info,"{""level"":""info""}","{""project"":""ce3616d9-58ad-4ec7-a294-1821e1564434"",""environment"":""fb6513d0-42a4-4660-82b5-509c54b15f2a"",""service"":""4978aa94-666c-47c7-8024-3ada55195a51"",""deployment"":""e15128e0-a06e-4ecc-a154-cf21da1d2ead"",""replica"":""393dc7e0-9f17-413f-bdbf-430cb09b9e18""}",2026-03-28T06:03:29.620944526Z
[DB] Synced 1 accounts to database,info,"{""level"":""info""}","{""project"":""ce3616d9-58ad-4ec7-a294-1821e1564434"",""environment"":""fb6513d0-42a4-4660-82b5-509c54b15f2a"",""service"":""4978aa94-666c-47c7-8024-3ada55195a51"",""deployment"":""e15128e0-a06e-4ecc-a154-cf21da1d2ead"",""replica"":""393dc7e0-9f17-413f-bdbf-430cb09b9e18""}",2026-03-28T06:03:59.603300361Z
[DB] Synced 1 accounts to database,info,"{""level"":""info""}","{""project"":""ce3616d9-58ad-4ec7-a294-1821e1564434"",""environment"":""fb6513d0-42a4-4660-82b5-509c54b15f2a"",""service"":""4978aa94-666c-47c7-8024-3ada55195a51"",""deployment"":""e15128e0-a06e-4ecc-a154-cf21da1d2ead"",""replica"":""393dc7e0-9f17-413f-bdbf-430cb09b9e18""}",2026-03-28T06:04:29.962340763Z
[DB] Synced 1 accounts to database,info,"{""level"":""info""}","{""project"":""ce3616d9-58ad-4ec7-a294-1821e1564434"",""environment"":""fb6513d0-42a4-4660-82b5-509c54b15f2a"",""service"":""4978aa94-666c-47c7-8024-3ada55195a51"",""deployment"":""e15128e0-a06e-4ecc-a154-cf21da1d2ead"",""replica"":""393dc7e0-9f17-413f-bdbf-430cb09b9e18""}",2026-03-28T06:05:00.487985854Z
[DB] Synced 1 accounts to database,info,"{""level"":""info""}","{""project"":""ce3616d9-58ad-4ec7-a294-1821e1564434"",""environment"":""fb6513d0-42a4-4660-82b5-509c54b15f2a"",""service"":""4978aa94-666c-47c7-8024-3ada55195a51"",""deployment"":""e15128e0-a06e-4ecc-a154-cf21da1d2ead"",""replica"":""393dc7e0-9f17-413f-bdbf-430cb09b9e18""}",2026-03-28T06:05:30.928238876Z
[DB] Synced 1 accounts to database,info,"{""level"":""info""}","{""project"":""ce3616d9-58ad-4ec7-a294-1821e1564434"",""environment"":""fb6513d0-42a4-4660-82b5-509c54b15f2a"",""service"":""4978aa94-666c-47c7-8024-3ada55195a51"",""deployment"":""e15128e0-a06e-4ecc-a154-cf21da1d2ead"",""replica"":""393dc7e0-9f17-413f-bdbf-430cb09b9e18""}",2026-03-28T06:06:02.576588118Z
[DB] Synced 1 accounts to database,info,"{""level"":""info""}","{""project"":""ce3616d9-58ad-4ec7-a294-1821e1564434"",""environment"":""fb6513d0-42a4-4660-82b5-509c54b15f2a"",""service"":""4978aa94-666c-47c7-8024-3ada55195a51"",""deployment"":""e15128e0-a06e-4ecc-a154-cf21da1d2ead"",""replica"":""393dc7e0-9f17-413f-bdbf-430cb09b9e18""}",2026-03-28T06:06:23.459126786Z
[DB] Synced 1 accounts to database,info,"{""level"":""info""}","{""project"":""ce3616d9-58ad-4ec7-a294-1821e1564434"",""environment"":""fb6513d0-42a4-4660-82b5-509c54b15f2a"",""service"":""4978aa94-666c-47c7-8024-3ada55195a51"",""deployment"":""e15128e0-a06e-4ecc-a154-cf21da1d2ead"",""replica"":""393dc7e0-9f17-413f-bdbf-430cb09b9e18""}",2026-03-28T06:06:56.263858887Z
[DB] Synced 1 accounts to database,info,"{""level"":""info""}","{""project"":""ce3616d9-58ad-4ec7-a294-1821e1564434"",""environment"":""fb6513d0-42a4-4660-82b5-509c54b15f2a"",""service"":""4978aa94-666c-47c7-8024-3ada55195a51"",""deployment"":""e15128e0-a06e-4ecc-a154-cf21da1d2ead"",""replica"":""393dc7e0-9f17-413f-bdbf-430cb09b9e18""}",2026-03-28T06:07:26.304236283Z
[DB] Synced 1 accounts to database,info,"{""level"":""info""}","{""project"":""ce3616d9-58ad-4ec7-a294-1821e1564434"",""environment"":""fb6513d0-42a4-4660-82b5-509c54b15f2a"",""service"":""4978aa94-666c-47c7-8024-3ada55195a51"",""deployment"":""e15128e0-a06e-4ecc-a154-cf21da1d2ead"",""replica"":""393dc7e0-9f17-413f-bdbf-430cb09b9e18""}",2026-03-28T06:07:55.998687246Z
[DB] Synced 1 accounts to database,info,"{""level"":""info""}","{""project"":""ce3616d9-58ad-4ec7-a294-1821e1564434"",""environment"":""fb6513d0-42a4-4660-82b5-509c54b15f2a"",""service"":""4978aa94-666c-47c7-8024-3ada55195a51"",""deployment"":""e15128e0-a06e-4ecc-a154-cf21da1d2ead"",""replica"":""393dc7e0-9f17-413f-bdbf-430cb09b9e18""}",2026-03-28T06:08:26.241962184Z
[DB] Synced 1 accounts to database,info,"{""level"":""info""}","{""project"":""ce3616d9-58ad-4ec7-a294-1821e1564434"",""environment"":""fb6513d0-42a4-4660-82b5-509c54b15f2a"",""service"":""4978aa94-666c-47c7-8024-3ada55195a51"",""deployment"":""e15128e0-a06e-4ecc-a154-cf21da1d2ead"",""replica"":""393dc7e0-9f17-413f-bdbf-430cb09b9e18""}",2026-03-28T06:08:57.104446640Z
[DB] Synced 1 accounts to database,info,"{""level"":""info""}","{""project"":""ce3616d9-58ad-4ec7-a294-1821e1564434"",""environment"":""fb6513d0-42a4-4660-82b5-509c54b15f2a"",""service"":""4978aa94-666c-47c7-8024-3ada55195a51"",""deployment"":""e15128e0-a06e-4ecc-a154-cf21da1d2ead"",""replica"":""393dc7e0-9f17-413f-bdbf-430cb09b9e18""}",2026-03-28T06:09:27.580771311Z
[DB] Synced 1 accounts to database,info,"{""level"":""info""}","{""project"":""ce3616d9-58ad-4ec7-a294-1821e1564434"",""environment"":""fb6513d0-42a4-4660-82b5-509c54b15f2a"",""service"":""4978aa94-666c-47c7-8024-3ada55195a51"",""deployment"":""e15128e0-a06e-4ecc-a154-cf21da1d2ead"",""replica"":""393dc7e0-9f17-413f-bdbf-430cb09b9e18""}",2026-03-28T06:09:59.364287737Z
[DB] Synced 1 accounts to database,info,"{""level"":""info""}","{""project"":""ce3616d9-58ad-4ec7-a294-1821e1564434"",""environment"":""fb6513d0-42a4-4660-82b5-509c54b15f2a"",""service"":""4978aa94-666c-47c7-8024-3ada55195a51"",""deployment"":""e15128e0-a06e-4ecc-a154-cf21da1d2ead"",""replica"":""393dc7e0-9f17-413f-bdbf-430cb09b9e18""}",2026-03-28T06:10:30.299231219Z
[DB] Synced 1 accounts to database,info,"{""level"":""info""}","{""project"":""ce3616d9-58ad-4ec7-a294-1821e1564434"",""environment"":""fb6513d0-42a4-4660-82b5-509c54b15f2a"",""service"":""4978aa94-666c-47c7-8024-3ada55195a51"",""deployment"":""e15128e0-a06e-4ecc-a154-cf21da1d2ead"",""replica"":""393dc7e0-9f17-413f-bdbf-430cb09b9e18""}",2026-03-28T06:11:00.506022433Z
[DB] Synced 1 accounts to database,info,"{""level"":""info""}","{""project"":""ce3616d9-58ad-4ec7-a294-1821e1564434"",""environment"":""fb6513d0-42a4-4660-82b5-509c54b15f2a"",""service"":""4978aa94-666c-47c7-8024-3ada55195a51"",""deployment"":""e15128e0-a06e-4ecc-a154-cf21da1d2ead"",""replica"":""393dc7e0-9f17-413f-bdbf-430cb09b9e18""}",2026-03-28T06:11:30.634276459Z
[DB] Synced 1 accounts to database,info,"{""level"":""info""}","{""project"":""ce3616d9-58ad-4ec7-a294-1821e1564434"",""environment"":""fb6513d0-42a4-4660-82b5-509c54b15f2a"",""service"":""4978aa94-666c-47c7-8024-3ada55195a51"",""deployment"":""e15128e0-a06e-4ecc-a154-cf21da1d2ead"",""replica"":""393dc7e0-9f17-413f-bdbf-430cb09b9e18""}",2026-03-28T06:12:02.777278211Z
[DB] Synced 1 accounts to database,info,"{""level"":""info""}","{""project"":""ce3616d9-58ad-4ec7-a294-1821e1564434"",""environment"":""fb6513d0-42a4-4660-82b5-509c54b15f2a"",""service"":""4978aa94-666c-47c7-8024-3ada55195a51"",""deployment"":""e15128e0-a06e-4ecc-a154-cf21da1d2ead"",""replica"":""393dc7e0-9f17-413f-bdbf-430cb09b9e18""}",2026-03-28T06:12:22.795953891Z
[DB] Synced 1 accounts to database,info,"{""level"":""info""}","{""project"":""ce3616d9-58ad-4ec7-a294-1821e1564434"",""environment"":""fb6513d0-42a4-4660-82b5-509c54b15f2a"",""service"":""4978aa94-666c-47c7-8024-3ada55195a51"",""deployment"":""e15128e0-a06e-4ecc-a154-cf21da1d2ead"",""replica"":""393dc7e0-9f17-413f-bdbf-430cb09b9e18""}",2026-03-28T06:12:52.997534176Z
[DB] Synced 1 accounts to database,info,"{""level"":""info""}","{""project"":""ce3616d9-58ad-4ec7-a294-1821e1564434"",""environment"":""fb6513d0-42a4-4660-82b5-509c54b15f2a"",""service"":""4978aa94-666c-47c7-8024-3ada55195a51"",""deployment"":""e15128e0-a06e-4ecc-a154-cf21da1d2ead"",""replica"":""393dc7e0-9f17-413f-bdbf-430cb09b9e18""}",2026-03-28T06:13:32.551487692Z
[DB] Synced 1 accounts to database,info,"{""level"":""info""}","{""project"":""ce3616d9-58ad-4ec7-a294-1821e1564434"",""environment"":""fb6513d0-42a4-4660-82b5-509c54b15f2a"",""service"":""4978aa94-666c-47c7-8024-3ada55195a51"",""deployment"":""e15128e0-a06e-4ecc-a154-cf21da1d2ead"",""replica"":""393dc7e0-9f17-413f-bdbf-430cb09b9e18""}",2026-03-28T06:14:02.098039300Z
[DB] Synced 1 accounts to database,info,"{""level"":""info""}","{""project"":""ce3616d9-58ad-4ec7-a294-1821e1564434"",""environment"":""fb6513d0-42a4-4660-82b5-509c54b15f2a"",""service"":""4978aa94-666c-47c7-8024-3ada55195a51"",""deployment"":""e15128e0-a06e-4ecc-a154-cf21da1d2ead"",""replica"":""393dc7e0-9f17-413f-bdbf-430cb09b9e18""}",2026-03-28T06:14:32.751372472Z
[DB] Synced 1 accounts to database,info,"{""level"":""info""}","{""project"":""ce3616d9-58ad-4ec7-a294-1821e1564434"",""environment"":""fb6513d0-42a4-4660-82b5-509c54b15f2a"",""service"":""4978aa94-666c-47c7-8024-3ada55195a51"",""deployment"":""e15128e0-a06e-4ecc-a154-cf21da1d2ead"",""replica"":""393dc7e0-9f17-413f-bdbf-430cb09b9e18""}",2026-03-28T06:14:52.789275188Z
[DB] Synced 1 accounts to database,info,"{""level"":""info""}","{""project"":""ce3616d9-58ad-4ec7-a294-1821e1564434"",""environment"":""fb6513d0-42a4-4660-82b5-509c54b15f2a"",""service"":""4978aa94-666c-47c7-8024-3ada55195a51"",""deployment"":""e15128e0-a06e-4ecc-a154-cf21da1d2ead"",""replica"":""393dc7e0-9f17-413f-bdbf-430cb09b9e18""}",2026-03-28T06:15:23.116421052Z
[DB] Synced 1 accounts to database,info,"{""level"":""info""}","{""project"":""ce3616d9-58ad-4ec7-a294-1821e1564434"",""environment"":""fb6513d0-42a4-4660-82b5-509c54b15f2a"",""service"":""4978aa94-666c-47c7-8024-3ada55195a51"",""deployment"":""e15128e0-a06e-4ecc-a154-cf21da1d2ead"",""replica"":""393dc7e0-9f17-413f-bdbf-430cb09b9e18""}",2026-03-28T06:15:53.546936256Z
[DB] Synced 1 accounts to database,info,"{""level"":""info""}","{""project"":""ce3616d9-58ad-4ec7-a294-1821e1564434"",""environment"":""fb6513d0-42a4-4660-82b5-509c54b15f2a"",""service"":""4978aa94-666c-47c7-8024-3ada55195a51"",""deployment"":""e15128e0-a06e-4ecc-a154-cf21da1d2ead"",""replica"":""393dc7e0-9f17-413f-bdbf-430cb09b9e18""}",2026-03-28T06:16:23.125157183Z
[DB] Synced 1 accounts to database,info,"{""level"":""info""}","{""project"":""ce3616d9-58ad-4ec7-a294-1821e1564434"",""environment"":""fb6513d0-42a4-4660-82b5-509c54b15f2a"",""service"":""4978aa94-666c-47c7-8024-3ada55195a51"",""deployment"":""e15128e0-a06e-4ecc-a154-cf21da1d2ead"",""replica"":""393dc7e0-9f17-413f-bdbf-430cb09b9e18""}",2026-03-28T06:16:53.115338537Z
[DB] Synced 1 accounts to database,info,"{""level"":""info""}","{""project"":""ce3616d9-58ad-4ec7-a294-1821e1564434"",""environment"":""fb6513d0-42a4-4660-82b5-509c54b15f2a"",""service"":""4978aa94-666c-47c7-8024-3ada55195a51"",""deployment"":""e15128e0-a06e-4ecc-a154-cf21da1d2ead"",""replica"":""393dc7e0-9f17-413f-bdbf-430cb09b9e18""}",2026-03-28T06:17:23.128711628Z
[DB] Synced 1 accounts to database,info,"{""level"":""info""}","{""project"":""ce3616d9-58ad-4ec7-a294-1821e1564434"",""environment"":""fb6513d0-42a4-4660-82b5-509c54b15f2a"",""service"":""4978aa94-666c-47c7-8024-3ada55195a51"",""deployment"":""e15128e0-a06e-4ecc-a154-cf21da1d2ead"",""replica"":""393dc7e0-9f17-413f-bdbf-430cb09b9e18""}",2026-03-28T06:17:52.999150810Z
[DB] Synced 1 accounts to database,info,"{""level"":""info""}","{""project"":""ce3616d9-58ad-4ec7-a294-1821e1564434"",""environment"":""fb6513d0-42a4-4660-82b5-509c54b15f2a"",""service"":""4978aa94-666c-47c7-8024-3ada55195a51"",""deployment"":""e15128e0-a06e-4ecc-a154-cf21da1d2ead"",""replica"":""393dc7e0-9f17-413f-bdbf-430cb09b9e18""}",2026-03-28T06:18:23.722284679Z
[DB] Synced 1 accounts to database,info,"{""level"":""info""}","{""project"":""ce3616d9-58ad-4ec7-a294-1821e1564434"",""environment"":""fb6513d0-42a4-4660-82b5-509c54b15f2a"",""service"":""4978aa94-666c-47c7-8024-3ada55195a51"",""deployment"":""e15128e0-a06e-4ecc-a154-cf21da1d2ead"",""replica"":""393dc7e0-9f17-413f-bdbf-430cb09b9e18""}",2026-03-28T06:18:57.406634424Z
[DB] Synced 1 accounts to database,info,"{""level"":""info""}","{""project"":""ce3616d9-58ad-4ec7-a294-1821e1564434"",""environment"":""fb6513d0-42a4-4660-82b5-509c54b15f2a"",""service"":""4978aa94-666c-47c7-8024-3ada55195a51"",""deployment"":""e15128e0-a06e-4ecc-a154-cf21da1d2ead"",""replica"":""393dc7e0-9f17-413f-bdbf-430cb09b9e18""}",2026-03-28T06:19:27.237239324Z
[DB] Synced 1 accounts to database,info,"{""level"":""info""}","{""project"":""ce3616d9-58ad-4ec7-a294-1821e1564434"",""environment"":""fb6513d0-42a4-4660-82b5-509c54b15f2a"",""service"":""4978aa94-666c-47c7-8024-3ada55195a51"",""deployment"":""e15128e0-a06e-4ecc-a154-cf21da1d2ead"",""replica"":""393dc7e0-9f17-413f-bdbf-430cb09b9e18""}",2026-03-28T06:19:57.095506921Z
[DB] Synced 1 accounts to database,info,"{""level"":""info""}","{""project"":""ce3616d9-58ad-4ec7-a294-1821e1564434"",""environment"":""fb6513d0-42a4-4660-82b5-509c54b15f2a"",""service"":""4978aa94-666c-47c7-8024-3ada55195a51"",""deployment"":""e15128e0-a06e-4ecc-a154-cf21da1d2ead"",""replica"":""393dc7e0-9f17-413f-bdbf-430cb09b9e18""}",2026-03-28T06:20:27.333350465Z
[DB] Synced 1 accounts to database,info,"{""level"":""info""}","{""project"":""ce3616d9-58ad-4ec7-a294-1821e1564434"",""environment"":""fb6513d0-42a4-4660-82b5-509c54b15f2a"",""service"":""4978aa94-666c-47c7-8024-3ada55195a51"",""deployment"":""e15128e0-a06e-4ecc-a154-cf21da1d2ead"",""replica"":""393dc7e0-9f17-413f-bdbf-430cb09b9e18""}",2026-03-28T06:20:57.422643907Z
[DB] Synced 1 accounts to database,info,"{""level"":""info""}","{""project"":""ce3616d9-58ad-4ec7-a294-1821e1564434"",""environment"":""fb6513d0-42a4-4660-82b5-509c54b15f2a"",""service"":""4978aa94-666c-47c7-8024-3ada55195a51"",""deployment"":""e15128e0-a06e-4ecc-a154-cf21da1d2ead"",""replica"":""393dc7e0-9f17-413f-bdbf-430cb09b9e18""}",2026-03-28T06:21:27.473081416Z
[DB] Synced 1 accounts to database,info,"{""level"":""info""}","{""project"":""ce3616d9-58ad-4ec7-a294-1821e1564434"",""environment"":""fb6513d0-42a4-4660-82b5-509c54b15f2a"",""service"":""4978aa94-666c-47c7-8024-3ada55195a51"",""deployment"":""e15128e0-a06e-4ecc-a154-cf21da1d2ead"",""replica"":""393dc7e0-9f17-413f-bdbf-430cb09b9e18""}",2026-03-28T06:21:57.215863213Z
[DB] Synced 1 accounts to database,info,"{""level"":""info""}","{""project"":""ce3616d9-58ad-4ec7-a294-1821e1564434"",""environment"":""fb6513d0-42a4-4660-82b5-509c54b15f2a"",""service"":""4978aa94-666c-47c7-8024-3ada55195a51"",""deployment"":""e15128e0-a06e-4ecc-a154-cf21da1d2ead"",""replica"":""393dc7e0-9f17-413f-bdbf-430cb09b9e18""}",2026-03-28T06:22:27.351640427Z
[DB] Synced 1 accounts to database,info,"{""level"":""info""}","{""project"":""ce3616d9-58ad-4ec7-a294-1821e1564434"",""environment"":""fb6513d0-42a4-4660-82b5-509c54b15f2a"",""service"":""4978aa94-666c-47c7-8024-3ada55195a51"",""deployment"":""e15128e0-a06e-4ecc-a154-cf21da1d2ead"",""replica"":""393dc7e0-9f17-413f-bdbf-430cb09b9e18""}",2026-03-28T06:22:57.363082980Z
[DB] Synced 1 accounts to database,info,"{""level"":""info""}","{""project"":""ce3616d9-58ad-4ec7-a294-1821e1564434"",""environment"":""fb6513d0-42a4-4660-82b5-509c54b15f2a"",""service"":""4978aa94-666c-47c7-8024-3ada55195a51"",""deployment"":""e15128e0-a06e-4ecc-a154-cf21da1d2ead"",""replica"":""393dc7e0-9f17-413f-bdbf-430cb09b9e18""}",2026-03-28T06:23:27.643109055Z
[DB] Synced 1 accounts to database,info,"{""level"":""info""}","{""project"":""ce3616d9-58ad-4ec7-a294-1821e1564434"",""environment"":""fb6513d0-42a4-4660-82b5-509c54b15f2a"",""service"":""4978aa94-666c-47c7-8024-3ada55195a51"",""deployment"":""e15128e0-a06e-4ecc-a154-cf21da1d2ead"",""replica"":""393dc7e0-9f17-413f-bdbf-430cb09b9e18""}",2026-03-28T06:23:57.790795509Z
[DB] Synced 1 accounts to database,info,"{""level"":""info""}","{""project"":""ce3616d9-58ad-4ec7-a294-1821e1564434"",""environment"":""fb6513d0-42a4-4660-82b5-509c54b15f2a"",""service"":""4978aa94-666c-47c7-8024-3ada55195a51"",""deployment"":""e15128e0-a06e-4ecc-a154-cf21da1d2ead"",""replica"":""393dc7e0-9f17-413f-bdbf-430cb09b9e18""}",2026-03-28T06:24:28.753456884Z
[DB] Synced 1 accounts to database,info,"{""level"":""info""}","{""project"":""ce3616d9-58ad-4ec7-a294-1821e1564434"",""environment"":""fb6513d0-42a4-4660-82b5-509c54b15f2a"",""service"":""4978aa94-666c-47c7-8024-3ada55195a51"",""deployment"":""e15128e0-a06e-4ecc-a154-cf21da1d2ead"",""replica"":""393dc7e0-9f17-413f-bdbf-430cb09b9e18""}",2026-03-28T06:24:59.046649427Z
[DB] Synced 1 accounts to database,info,"{""level"":""info""}","{""project"":""ce3616d9-58ad-4ec7-a294-1821e1564434"",""environment"":""fb6513d0-42a4-4660-82b5-509c54b15f2a"",""service"":""4978aa94-666c-47c7-8024-3ada55195a51"",""deployment"":""e15128e0-a06e-4ecc-a154-cf21da1d2ead"",""replica"":""393dc7e0-9f17-413f-bdbf-430cb09b9e18""}",2026-03-28T06:25:29.051639690Z
[DB] Synced 1 accounts to database,info,"{""level"":""info""}","{""project"":""ce3616d9-58ad-4ec7-a294-1821e1564434"",""environment"":""fb6513d0-42a4-4660-82b5-509c54b15f2a"",""service"":""4978aa94-666c-47c7-8024-3ada55195a51"",""deployment"":""e15128e0-a06e-4ecc-a154-cf21da1d2ead"",""replica"":""393dc7e0-9f17-413f-bdbf-430cb09b9e18""}",2026-03-28T06:25:58.894944301Z
[DB] Synced 1 accounts to database,info,"{""level"":""info""}","{""project"":""ce3616d9-58ad-4ec7-a294-1821e1564434"",""environment"":""fb6513d0-42a4-4660-82b5-509c54b15f2a"",""service"":""4978aa94-666c-47c7-8024-3ada55195a51"",""deployment"":""e15128e0-a06e-4ecc-a154-cf21da1d2ead"",""replica"":""393dc7e0-9f17-413f-bdbf-430cb09b9e18""}",2026-03-28T06:26:27.673882242Z
[DB] Synced 1 accounts to database,info,"{""level"":""info""}","{""project"":""ce3616d9-58ad-4ec7-a294-1821e1564434"",""environment"":""fb6513d0-42a4-4660-82b5-509c54b15f2a"",""service"":""4978aa94-666c-47c7-8024-3ada55195a51"",""deployment"":""e15128e0-a06e-4ecc-a154-cf21da1d2ead"",""replica"":""393dc7e0-9f17-413f-bdbf-430cb09b9e18""}",2026-03-28T06:26:58.241260694Z
[DB] Synced 1 accounts to database,info,"{""level"":""info""}","{""project"":""ce3616d9-58ad-4ec7-a294-1821e1564434"",""environment"":""fb6513d0-42a4-4660-82b5-509c54b15f2a"",""service"":""4978aa94-666c-47c7-8024-3ada55195a51"",""deployment"":""e15128e0-a06e-4ecc-a154-cf21da1d2ead"",""replica"":""393dc7e0-9f17-413f-bdbf-430cb09b9e18""}",2026-03-28T06:27:28.502313250Z
[DB] Synced 1 accounts to database,info,"{""level"":""info""}","{""project"":""ce3616d9-58ad-4ec7-a294-1821e1564434"",""environment"":""fb6513d0-42a4-4660-82b5-509c54b15f2a"",""service"":""4978aa94-666c-47c7-8024-3ada55195a51"",""deployment"":""e15128e0-a06e-4ecc-a154-cf21da1d2ead"",""replica"":""393dc7e0-9f17-413f-bdbf-430cb09b9e18""}",2026-03-28T06:27:58.114658224Z
[DB] Synced 1 accounts to database,info,"{""level"":""info""}","{""project"":""ce3616d9-58ad-4ec7-a294-1821e1564434"",""environment"":""fb6513d0-42a4-4660-82b5-509c54b15f2a"",""service"":""4978aa94-666c-47c7-8024-3ada55195a51"",""deployment"":""e15128e0-a06e-4ecc-a154-cf21da1d2ead"",""replica"":""393dc7e0-9f17-413f-bdbf-430cb09b9e18""}",2026-03-28T06:28:28.376552605Z
[DB] Synced 1 accounts to database,info,"{""level"":""info""}","{""project"":""ce3616d9-58ad-4ec7-a294-1821e1564434"",""environment"":""fb6513d0-42a4-4660-82b5-509c54b15f2a"",""service"":""4978aa94-666c-47c7-8024-3ada55195a51"",""deployment"":""e15128e0-a06e-4ecc-a154-cf21da1d2ead"",""replica"":""393dc7e0-9f17-413f-bdbf-430cb09b9e18""}",2026-03-28T06:28:58.763256100Z
[DB] Synced 1 accounts to database,info,"{""level"":""info""}","{""project"":""ce3616d9-58ad-4ec7-a294-1821e1564434"",""environment"":""fb6513d0-42a4-4660-82b5-509c54b15f2a"",""service"":""4978aa94-666c-47c7-8024-3ada55195a51"",""deployment"":""e15128e0-a06e-4ecc-a154-cf21da1d2ead"",""replica"":""393dc7e0-9f17-413f-bdbf-430cb09b9e18""}",2026-03-28T06:29:29.199047130Z
[DB] Synced 1 accounts to database,info,"{""level"":""info""}","{""project"":""ce3616d9-58ad-4ec7-a294-1821e1564434"",""environment"":""fb6513d0-42a4-4660-82b5-509c54b15f2a"",""service"":""4978aa94-666c-47c7-8024-3ada55195a51"",""deployment"":""e15128e0-a06e-4ecc-a154-cf21da1d2ead"",""replica"":""393dc7e0-9f17-413f-bdbf-430cb09b9e18""}",2026-03-28T06:29:59.524788933Z
[DB] Synced 1 accounts to database,info,"{""level"":""info""}","{""project"":""ce3616d9-58ad-4ec7-a294-1821e1564434"",""environment"":""fb6513d0-42a4-4660-82b5-509c54b15f2a"",""service"":""4978aa94-666c-47c7-8024-3ada55195a51"",""deployment"":""e15128e0-a06e-4ecc-a154-cf21da1d2ead"",""replica"":""393dc7e0-9f17-413f-bdbf-430cb09b9e18""}",2026-03-28T06:30:29.942170211Z
[DB] Synced 1 accounts to database,info,"{""level"":""info""}","{""project"":""ce3616d9-58ad-4ec7-a294-1821e1564434"",""environment"":""fb6513d0-42a4-4660-82b5-509c54b15f2a"",""service"":""4978aa94-666c-47c7-8024-3ada55195a51"",""deployment"":""e15128e0-a06e-4ecc-a154-cf21da1d2ead"",""replica"":""393dc7e0-9f17-413f-bdbf-430cb09b9e18""}",2026-03-28T06:30:59.939745049Z
[DB] Synced 1 accounts to database,info,"{""level"":""info""}","{""project"":""ce3616d9-58ad-4ec7-a294-1821e1564434"",""environment"":""fb6513d0-42a4-4660-82b5-509c54b15f2a"",""service"":""4978aa94-666c-47c7-8024-3ada55195a51"",""deployment"":""e15128e0-a06e-4ecc-a154-cf21da1d2ead"",""replica"":""393dc7e0-9f17-413f-bdbf-430cb09b9e18""}",2026-03-28T06:31:30.436890223Z
[DB] Synced 1 accounts to database,info,"{""level"":""info""}","{""project"":""ce3616d9-58ad-4ec7-a294-1821e1564434"",""environment"":""fb6513d0-42a4-4660-82b5-509c54b15f2a"",""service"":""4978aa94-666c-47c7-8024-3ada55195a51"",""deployment"":""e15128e0-a06e-4ecc-a154-cf21da1d2ead"",""replica"":""393dc7e0-9f17-413f-bdbf-430cb09b9e18""}",2026-03-28T06:32:00.264676519Z
[DB] Synced 1 accounts to database,info,"{""level"":""info""}","{""project"":""ce3616d9-58ad-4ec7-a294-1821e1564434"",""environment"":""fb6513d0-42a4-4660-82b5-509c54b15f2a"",""service"":""4978aa94-666c-47c7-8024-3ada55195a51"",""deployment"":""e15128e0-a06e-4ecc-a154-cf21da1d2ead"",""replica"":""393dc7e0-9f17-413f-bdbf-430cb09b9e18""}",2026-03-28T06:32:30.351117354Z
[DB] Synced 1 accounts to database,info,"{""level"":""info""}","{""project"":""ce3616d9-58ad-4ec7-a294-1821e1564434"",""environment"":""fb6513d0-42a4-4660-82b5-509c54b15f2a"",""service"":""4978aa94-666c-47c7-8024-3ada55195a51"",""deployment"":""e15128e0-a06e-4ecc-a154-cf21da1d2ead"",""replica"":""393dc7e0-9f17-413f-bdbf-430cb09b9e18""}",2026-03-28T06:33:00.733750150Z
[DB] Synced 1 accounts to database,info,"{""level"":""info""}","{""project"":""ce3616d9-58ad-4ec7-a294-1821e1564434"",""environment"":""fb6513d0-42a4-4660-82b5-509c54b15f2a"",""service"":""4978aa94-666c-47c7-8024-3ada55195a51"",""deployment"":""e15128e0-a06e-4ecc-a154-cf21da1d2ead"",""replica"":""393dc7e0-9f17-413f-bdbf-430cb09b9e18""}",2026-03-28T06:33:31.720864513Z
[DB] Synced 1 accounts to database,info,"{""level"":""info""}","{""project"":""ce3616d9-58ad-4ec7-a294-1821e1564434"",""environment"":""fb6513d0-42a4-4660-82b5-509c54b15f2a"",""service"":""4978aa94-666c-47c7-8024-3ada55195a51"",""deployment"":""e15128e0-a06e-4ecc-a154-cf21da1d2ead"",""replica"":""393dc7e0-9f17-413f-bdbf-430cb09b9e18""}",2026-03-28T06:34:02.523939134Z
[DB] Synced 1 accounts to database,info,"{""level"":""info""}","{""project"":""ce3616d9-58ad-4ec7-a294-1821e1564434"",""environment"":""fb6513d0-42a4-4660-82b5-509c54b15f2a"",""service"":""4978aa94-666c-47c7-8024-3ada55195a51"",""deployment"":""e15128e0-a06e-4ecc-a154-cf21da1d2ead"",""replica"":""393dc7e0-9f17-413f-bdbf-430cb09b9e18""}",2026-03-28T06:34:32.729769326Z
[DB] Synced 1 accounts to database,info,"{""level"":""info""}","{""project"":""ce3616d9-58ad-4ec7-a294-1821e1564434"",""environment"":""fb6513d0-42a4-4660-82b5-509c54b15f2a"",""service"":""4978aa94-666c-47c7-8024-3ada55195a51"",""deployment"":""e15128e0-a06e-4ecc-a154-cf21da1d2ead"",""replica"":""393dc7e0-9f17-413f-bdbf-430cb09b9e18""}",2026-03-28T06:35:02.805261021Z
[DB] Synced 1 accounts to database,info,"{""level"":""info""}","{""project"":""ce3616d9-58ad-4ec7-a294-1821e1564434"",""environment"":""fb6513d0-42a4-4660-82b5-509c54b15f2a"",""service"":""4978aa94-666c-47c7-8024-3ada55195a51"",""deployment"":""e15128e0-a06e-4ecc-a154-cf21da1d2ead"",""replica"":""393dc7e0-9f17-413f-bdbf-430cb09b9e18""}",2026-03-28T06:35:22.982131042Z
[DB] Synced 1 accounts to database,info,"{""level"":""info""}","{""project"":""ce3616d9-58ad-4ec7-a294-1821e1564434"",""environment"":""fb6513d0-42a4-4660-82b5-509c54b15f2a"",""service"":""4978aa94-666c-47c7-8024-3ada55195a51"",""deployment"":""e15128e0-a06e-4ecc-a154-cf21da1d2ead"",""replica"":""393dc7e0-9f17-413f-bdbf-430cb09b9e18""}",2026-03-28T06:36:02.675713833Z
[DB] Synced 1 accounts to database,info,"{""level"":""info""}","{""project"":""ce3616d9-58ad-4ec7-a294-1821e1564434"",""environment"":""fb6513d0-42a4-4660-82b5-509c54b15f2a"",""service"":""4978aa94-666c-47c7-8024-3ada55195a51"",""deployment"":""e15128e0-a06e-4ecc-a154-cf21da1d2ead"",""replica"":""393dc7e0-9f17-413f-bdbf-430cb09b9e18""}",2026-03-28T06:36:32.820483806Z
[DB] Synced 1 accounts to database,info,"{""level"":""info""}","{""project"":""ce3616d9-58ad-4ec7-a294-1821e1564434"",""environment"":""fb6513d0-42a4-4660-82b5-509c54b15f2a"",""service"":""4978aa94-666c-47c7-8024-3ada55195a51"",""deployment"":""e15128e0-a06e-4ecc-a154-cf21da1d2ead"",""replica"":""393dc7e0-9f17-413f-bdbf-430cb09b9e18""}",2026-03-28T06:36:53.182996147Z
[DB] Synced 1 accounts to database,info,"{""level"":""info""}","{""project"":""ce3616d9-58ad-4ec7-a294-1821e1564434"",""environment"":""fb6513d0-42a4-4660-82b5-509c54b15f2a"",""service"":""4978aa94-666c-47c7-8024-3ada55195a51"",""deployment"":""e15128e0-a06e-4ecc-a154-cf21da1d2ead"",""replica"":""393dc7e0-9f17-413f-bdbf-430cb09b9e18""}",2026-03-28T06:37:23.325281244Z
[DB] Synced 1 accounts to database,info,"{""level"":""info""}","{""project"":""ce3616d9-58ad-4ec7-a294-1821e1564434"",""environment"":""fb6513d0-42a4-4660-82b5-509c54b15f2a"",""service"":""4978aa94-666c-47c7-8024-3ada55195a51"",""deployment"":""e15128e0-a06e-4ecc-a154-cf21da1d2ead"",""replica"":""393dc7e0-9f17-413f-bdbf-430cb09b9e18""}",2026-03-28T06:37:53.283702644Z
[DB] Synced 1 accounts to database,info,"{""level"":""info""}","{""project"":""ce3616d9-58ad-4ec7-a294-1821e1564434"",""environment"":""fb6513d0-42a4-4660-82b5-509c54b15f2a"",""service"":""4978aa94-666c-47c7-8024-3ada55195a51"",""deployment"":""e15128e0-a06e-4ecc-a154-cf21da1d2ead"",""replica"":""393dc7e0-9f17-413f-bdbf-430cb09b9e18""}",2026-03-28T06:38:23.232155065Z
[DB] Synced 1 accounts to database,info,"{""level"":""info""}","{""project"":""ce3616d9-58ad-4ec7-a294-1821e1564434"",""environment"":""fb6513d0-42a4-4660-82b5-509c54b15f2a"",""service"":""4978aa94-666c-47c7-8024-3ada55195a51"",""deployment"":""e15128e0-a06e-4ecc-a154-cf21da1d2ead"",""replica"":""393dc7e0-9f17-413f-bdbf-430cb09b9e18""}",2026-03-28T06:38:53.440020306Z
[DB] Synced 1 accounts to database,info,"{""level"":""info""}","{""project"":""ce3616d9-58ad-4ec7-a294-1821e1564434"",""environment"":""fb6513d0-42a4-4660-82b5-509c54b15f2a"",""service"":""4978aa94-666c-47c7-8024-3ada55195a51"",""deployment"":""e15128e0-a06e-4ecc-a154-cf21da1d2ead"",""replica"":""393dc7e0-9f17-413f-bdbf-430cb09b9e18""}",2026-03-28T06:39:23.288026541Z
[DB] Synced 1 accounts to database,info,"{""level"":""info""}","{""project"":""ce3616d9-58ad-4ec7-a294-1821e1564434"",""environment"":""fb6513d0-42a4-4660-82b5-509c54b15f2a"",""service"":""4978aa94-666c-47c7-8024-3ada55195a51"",""deployment"":""e15128e0-a06e-4ecc-a154-cf21da1d2ead"",""replica"":""393dc7e0-9f17-413f-bdbf-430cb09b9e18""}",2026-03-28T06:39:54.053007087Z
[DB] Synced 1 accounts to database,info,"{""level"":""info""}","{""project"":""ce3616d9-58ad-4ec7-a294-1821e1564434"",""environment"":""fb6513d0-42a4-4660-82b5-509c54b15f2a"",""service"":""4978aa94-666c-47c7-8024-3ada55195a51"",""deployment"":""e15128e0-a06e-4ecc-a154-cf21da1d2ead"",""replica"":""393dc7e0-9f17-413f-bdbf-430cb09b9e18""}",2026-03-28T06:40:24.182177215Z
[DB] Synced 1 accounts to database,info,"{""level"":""info""}","{""project"":""ce3616d9-58ad-4ec7-a294-1821e1564434"",""environment"":""fb6513d0-42a4-4660-82b5-509c54b15f2a"",""service"":""4978aa94-666c-47c7-8024-3ada55195a51"",""deployment"":""e15128e0-a06e-4ecc-a154-cf21da1d2ead"",""replica"":""393dc7e0-9f17-413f-bdbf-430cb09b9e18""}",2026-03-28T06:40:53.216599076Z
[DB] Synced 1 accounts to database,info,"{""level"":""info""}","{""project"":""ce3616d9-58ad-4ec7-a294-1821e1564434"",""environment"":""fb6513d0-42a4-4660-82b5-509c54b15f2a"",""service"":""4978aa94-666c-47c7-8024-3ada55195a51"",""deployment"":""e15128e0-a06e-4ecc-a154-cf21da1d2ead"",""replica"":""393dc7e0-9f17-413f-bdbf-430cb09b9e18""}",2026-03-28T06:41:22.912767249Z
[DB] Synced 1 accounts to database,info,"{""level"":""info""}","{""project"":""ce3616d9-58ad-4ec7-a294-1821e1564434"",""environment"":""fb6513d0-42a4-4660-82b5-509c54b15f2a"",""service"":""4978aa94-666c-47c7-8024-3ada55195a51"",""deployment"":""e15128e0-a06e-4ecc-a154-cf21da1d2ead"",""replica"":""393dc7e0-9f17-413f-bdbf-430cb09b9e18""}",2026-03-28T06:41:53.266913791Z
[DB] Synced 1 accounts to database,info,"{""level"":""info""}","{""project"":""ce3616d9-58ad-4ec7-a294-1821e1564434"",""environment"":""fb6513d0-42a4-4660-82b5-509c54b15f2a"",""service"":""4978aa94-666c-47c7-8024-3ada55195a51"",""deployment"":""e15128e0-a06e-4ecc-a154-cf21da1d2ead"",""replica"":""393dc7e0-9f17-413f-bdbf-430cb09b9e18""}",2026-03-28T06:42:23.306980620Z
[DB] Synced 1 accounts to database,info,"{""level"":""info""}","{""project"":""ce3616d9-58ad-4ec7-a294-1821e1564434"",""environment"":""fb6513d0-42a4-4660-82b5-509c54b15f2a"",""service"":""4978aa94-666c-47c7-8024-3ada55195a51"",""deployment"":""e15128e0-a06e-4ecc-a154-cf21da1d2ead"",""replica"":""393dc7e0-9f17-413f-bdbf-430cb09b9e18""}",2026-03-28T06:42:53.486344319Z
[DB] Synced 1 accounts to database,info,"{""level"":""info""}","{""project"":""ce3616d9-58ad-4ec7-a294-1821e1564434"",""environment"":""fb6513d0-42a4-4660-82b5-509c54b15f2a"",""service"":""4978aa94-666c-47c7-8024-3ada55195a51"",""deployment"":""e15128e0-a06e-4ecc-a154-cf21da1d2ead"",""replica"":""393dc7e0-9f17-413f-bdbf-430cb09b9e18""}",2026-03-28T06:43:23.059708345Z
[DB] Synced 1 accounts to database,info,"{""level"":""info""}","{""project"":""ce3616d9-58ad-4ec7-a294-1821e1564434"",""environment"":""fb6513d0-42a4-4660-82b5-509c54b15f2a"",""service"":""4978aa94-666c-47c7-8024-3ada55195a51"",""deployment"":""e15128e0-a06e-4ecc-a154-cf21da1d2ead"",""replica"":""393dc7e0-9f17-413f-bdbf-430cb09b9e18""}",2026-03-28T06:43:53.250062216Z
[DB] Synced 1 accounts to database,info,"{""level"":""info""}","{""project"":""ce3616d9-58ad-4ec7-a294-1821e1564434"",""environment"":""fb6513d0-42a4-4660-82b5-509c54b15f2a"",""service"":""4978aa94-666c-47c7-8024-3ada55195a51"",""deployment"":""e15128e0-a06e-4ecc-a154-cf21da1d2ead"",""replica"":""393dc7e0-9f17-413f-bdbf-430cb09b9e18""}",2026-03-28T06:44:23.073996874Z
[DB] Synced 1 accounts to database,info,"{""level"":""info""}","{""project"":""ce3616d9-58ad-4ec7-a294-1821e1564434"",""environment"":""fb6513d0-42a4-4660-82b5-509c54b15f2a"",""service"":""4978aa94-666c-47c7-8024-3ada55195a51"",""deployment"":""e15128e0-a06e-4ecc-a154-cf21da1d2ead"",""replica"":""393dc7e0-9f17-413f-bdbf-430cb09b9e18""}",2026-03-28T06:45:03.756327398Z
[DB] Synced 1 accounts to database,info,"{""level"":""info""}","{""project"":""ce3616d9-58ad-4ec7-a294-1821e1564434"",""environment"":""fb6513d0-42a4-4660-82b5-509c54b15f2a"",""service"":""4978aa94-666c-47c7-8024-3ada55195a51"",""deployment"":""e15128e0-a06e-4ecc-a154-cf21da1d2ead"",""replica"":""393dc7e0-9f17-413f-bdbf-430cb09b9e18""}",2026-03-28T06:45:25.001615540Z
[DB] Synced 1 accounts to database,info,"{""level"":""info""}","{""project"":""ce3616d9-58ad-4ec7-a294-1821e1564434"",""environment"":""fb6513d0-42a4-4660-82b5-509c54b15f2a"",""service"":""4978aa94-666c-47c7-8024-3ada55195a51"",""deployment"":""e15128e0-a06e-4ecc-a154-cf21da1d2ead"",""replica"":""393dc7e0-9f17-413f-bdbf-430cb09b9e18""}",2026-03-28T06:45:56.286756489Z
[DB] Synced 1 accounts to database,info,"{""level"":""info""}","{""project"":""ce3616d9-58ad-4ec7-a294-1821e1564434"",""environment"":""fb6513d0-42a4-4660-82b5-509c54b15f2a"",""service"":""4978aa94-666c-47c7-8024-3ada55195a51"",""deployment"":""e15128e0-a06e-4ecc-a154-cf21da1d2ead"",""replica"":""393dc7e0-9f17-413f-bdbf-430cb09b9e18""}",2026-03-28T06:46:26.478180622Z
[DB] Synced 1 accounts to database,info,"{""level"":""info""}","{""project"":""ce3616d9-58ad-4ec7-a294-1821e1564434"",""environment"":""fb6513d0-42a4-4660-82b5-509c54b15f2a"",""service"":""4978aa94-666c-47c7-8024-3ada55195a51"",""deployment"":""e15128e0-a06e-4ecc-a154-cf21da1d2ead"",""replica"":""393dc7e0-9f17-413f-bdbf-430cb09b9e18""}",2026-03-28T06:46:56.571134748Z
[DB] Synced 1 accounts to database,info,"{""level"":""info""}","{""project"":""ce3616d9-58ad-4ec7-a294-1821e1564434"",""environment"":""fb6513d0-42a4-4660-82b5-509c54b15f2a"",""service"":""4978aa94-666c-47c7-8024-3ada55195a51"",""deployment"":""e15128e0-a06e-4ecc-a154-cf21da1d2ead"",""replica"":""393dc7e0-9f17-413f-bdbf-430cb09b9e18""}",2026-03-28T06:47:26.943279559Z
[DB] Synced 1 accounts to database,info,"{""level"":""info""}","{""project"":""ce3616d9-58ad-4ec7-a294-1821e1564434"",""environment"":""fb6513d0-42a4-4660-82b5-509c54b15f2a"",""service"":""4978aa94-666c-47c7-8024-3ada55195a51"",""deployment"":""e15128e0-a06e-4ecc-a154-cf21da1d2ead"",""replica"":""393dc7e0-9f17-413f-bdbf-430cb09b9e18""}",2026-03-28T06:47:56.615934528Z
[DB] Synced 1 accounts to database,info,"{""level"":""info""}","{""project"":""ce3616d9-58ad-4ec7-a294-1821e1564434"",""environment"":""fb6513d0-42a4-4660-82b5-509c54b15f2a"",""service"":""4978aa94-666c-47c7-8024-3ada55195a51"",""deployment"":""e15128e0-a06e-4ecc-a154-cf21da1d2ead"",""replica"":""393dc7e0-9f17-413f-bdbf-430cb09b9e18""}",2026-03-28T06:48:26.789101407Z
[DB] Synced 1 accounts to database,info,"{""level"":""info""}","{""project"":""ce3616d9-58ad-4ec7-a294-1821e1564434"",""environment"":""fb6513d0-42a4-4660-82b5-509c54b15f2a"",""service"":""4978aa94-666c-47c7-8024-3ada55195a51"",""deployment"":""e15128e0-a06e-4ecc-a154-cf21da1d2ead"",""replica"":""393dc7e0-9f17-413f-bdbf-430cb09b9e18""}",2026-03-28T06:48:57.595108500Z
[DB] Synced 1 accounts to database,info,"{""level"":""info""}","{""project"":""ce3616d9-58ad-4ec7-a294-1821e1564434"",""environment"":""fb6513d0-42a4-4660-82b5-509c54b15f2a"",""service"":""4978aa94-666c-47c7-8024-3ada55195a51"",""deployment"":""e15128e0-a06e-4ecc-a154-cf21da1d2ead"",""replica"":""393dc7e0-9f17-413f-bdbf-430cb09b9e18""}",2026-03-28T06:49:28.146814712Z
[DB] Synced 1 accounts to database,info,"{""level"":""info""}","{""project"":""ce3616d9-58ad-4ec7-a294-1821e1564434"",""environment"":""fb6513d0-42a4-4660-82b5-509c54b15f2a"",""service"":""4978aa94-666c-47c7-8024-3ada55195a51"",""deployment"":""e15128e0-a06e-4ecc-a154-cf21da1d2ead"",""replica"":""393dc7e0-9f17-413f-bdbf-430cb09b9e18""}",2026-03-28T06:49:58.681072124Z
[DB] Synced 1 accounts to database,info,"{""level"":""info""}","{""project"":""ce3616d9-58ad-4ec7-a294-1821e1564434"",""environment"":""fb6513d0-42a4-4660-82b5-509c54b15f2a"",""service"":""4978aa94-666c-47c7-8024-3ada55195a51"",""deployment"":""e15128e0-a06e-4ecc-a154-cf21da1d2ead"",""replica"":""393dc7e0-9f17-413f-bdbf-430cb09b9e18""}",2026-03-28T06:50:28.562356675Z
[DB] Synced 1 accounts to database,info,"{""level"":""info""}","{""project"":""ce3616d9-58ad-4ec7-a294-1821e1564434"",""environment"":""fb6513d0-42a4-4660-82b5-509c54b15f2a"",""service"":""4978aa94-666c-47c7-8024-3ada55195a51"",""deployment"":""e15128e0-a06e-4ecc-a154-cf21da1d2ead"",""replica"":""393dc7e0-9f17-413f-bdbf-430cb09b9e18""}",2026-03-28T06:50:58.892455952Z
[DB] Synced 1 accounts to database,info,"{""level"":""info""}","{""project"":""ce3616d9-58ad-4ec7-a294-1821e1564434"",""environment"":""fb6513d0-42a4-4660-82b5-509c54b15f2a"",""service"":""4978aa94-666c-47c7-8024-3ada55195a51"",""deployment"":""e15128e0-a06e-4ecc-a154-cf21da1d2ead"",""replica"":""393dc7e0-9f17-413f-bdbf-430cb09b9e18""}",2026-03-28T06:51:29.779410909Z
[DB] Synced 1 accounts to database,info,"{""level"":""info""}","{""project"":""ce3616d9-58ad-4ec7-a294-1821e1564434"",""environment"":""fb6513d0-42a4-4660-82b5-509c54b15f2a"",""service"":""4978aa94-666c-47c7-8024-3ada55195a51"",""deployment"":""e15128e0-a06e-4ecc-a154-cf21da1d2ead"",""replica"":""393dc7e0-9f17-413f-bdbf-430cb09b9e18""}",2026-03-28T06:51:59.450602124Z
[DB] Synced 1 accounts to database,info,"{""level"":""info""}","{""project"":""ce3616d9-58ad-4ec7-a294-1821e1564434"",""environment"":""fb6513d0-42a4-4660-82b5-509c54b15f2a"",""service"":""4978aa94-666c-47c7-8024-3ada55195a51"",""deployment"":""e15128e0-a06e-4ecc-a154-cf21da1d2ead"",""replica"":""393dc7e0-9f17-413f-bdbf-430cb09b9e18""}",2026-03-28T06:52:29.623427057Z
[DB] Synced 1 accounts to database,info,"{""level"":""info""}","{""project"":""ce3616d9-58ad-4ec7-a294-1821e1564434"",""environment"":""fb6513d0-42a4-4660-82b5-509c54b15f2a"",""service"":""4978aa94-666c-47c7-8024-3ada55195a51"",""deployment"":""e15128e0-a06e-4ecc-a154-cf21da1d2ead"",""replica"":""393dc7e0-9f17-413f-bdbf-430cb09b9e18""}",2026-03-28T06:52:59.604937380Z
[DB] Synced 1 accounts to database,info,"{""level"":""info""}","{""project"":""ce3616d9-58ad-4ec7-a294-1821e1564434"",""environment"":""fb6513d0-42a4-4660-82b5-509c54b15f2a"",""service"":""4978aa94-666c-47c7-8024-3ada55195a51"",""deployment"":""e15128e0-a06e-4ecc-a154-cf21da1d2ead"",""replica"":""393dc7e0-9f17-413f-bdbf-430cb09b9e18""}",2026-03-28T06:53:29.418999255Z
[DB] Synced 1 accounts to database,info,"{""level"":""info""}","{""project"":""ce3616d9-58ad-4ec7-a294-1821e1564434"",""environment"":""fb6513d0-42a4-4660-82b5-509c54b15f2a"",""service"":""4978aa94-666c-47c7-8024-3ada55195a51"",""deployment"":""e15128e0-a06e-4ecc-a154-cf21da1d2ead"",""replica"":""393dc7e0-9f17-413f-bdbf-430cb09b9e18""}",2026-03-28T06:53:59.781614161Z
[DB] Synced 1 accounts to database,info,"{""level"":""info""}","{""project"":""ce3616d9-58ad-4ec7-a294-1821e1564434"",""environment"":""fb6513d0-42a4-4660-82b5-509c54b15f2a"",""service"":""4978aa94-666c-47c7-8024-3ada55195a51"",""deployment"":""e15128e0-a06e-4ecc-a154-cf21da1d2ead"",""replica"":""393dc7e0-9f17-413f-bdbf-430cb09b9e18""}",2026-03-28T06:54:30.846775772Z
[DB] Synced 1 accounts to database,info,"{""level"":""info""}","{""project"":""ce3616d9-58ad-4ec7-a294-1821e1564434"",""environment"":""fb6513d0-42a4-4660-82b5-509c54b15f2a"",""service"":""4978aa94-666c-47c7-8024-3ada55195a51"",""deployment"":""e15128e0-a06e-4ecc-a154-cf21da1d2ead"",""replica"":""393dc7e0-9f17-413f-bdbf-430cb09b9e18""}",2026-03-28T06:55:01.470229874Z
[DB] Synced 1 accounts to database,info,"{""level"":""info""}","{""project"":""ce3616d9-58ad-4ec7-a294-1821e1564434"",""environment"":""fb6513d0-42a4-4660-82b5-509c54b15f2a"",""service"":""4978aa94-666c-47c7-8024-3ada55195a51"",""deployment"":""e15128e0-a06e-4ecc-a154-cf21da1d2ead"",""replica"":""393dc7e0-9f17-413f-bdbf-430cb09b9e18""}",2026-03-28T06:55:32.051293422Z
[DB] Synced 1 accounts to database,info,"{""level"":""info""}","{""project"":""ce3616d9-58ad-4ec7-a294-1821e1564434"",""environment"":""fb6513d0-42a4-4660-82b5-509c54b15f2a"",""service"":""4978aa94-666c-47c7-8024-3ada55195a51"",""deployment"":""e15128e0-a06e-4ecc-a154-cf21da1d2ead"",""replica"":""393dc7e0-9f17-413f-bdbf-430cb09b9e18""}",2026-03-28T06:56:02.551753817Z
[DB] Synced 1 accounts to database,info,"{""level"":""info""}","{""project"":""ce3616d9-58ad-4ec7-a294-1821e1564434"",""environment"":""fb6513d0-42a4-4660-82b5-509c54b15f2a"",""service"":""4978aa94-666c-47c7-8024-3ada55195a51"",""deployment"":""e15128e0-a06e-4ecc-a154-cf21da1d2ead"",""replica"":""393dc7e0-9f17-413f-bdbf-430cb09b9e18""}",2026-03-28T06:56:32.999127377Z
[DB] Synced 1 accounts to database,info,"{""level"":""info""}","{""project"":""ce3616d9-58ad-4ec7-a294-1821e1564434"",""environment"":""fb6513d0-42a4-4660-82b5-509c54b15f2a"",""service"":""4978aa94-666c-47c7-8024-3ada55195a51"",""deployment"":""e15128e0-a06e-4ecc-a154-cf21da1d2ead"",""replica"":""393dc7e0-9f17-413f-bdbf-430cb09b9e18""}",2026-03-28T06:57:03.048979692Z
[DB] Synced 1 accounts to database,info,"{""level"":""info""}","{""project"":""ce3616d9-58ad-4ec7-a294-1821e1564434"",""environment"":""fb6513d0-42a4-4660-82b5-509c54b15f2a"",""service"":""4978aa94-666c-47c7-8024-3ada55195a51"",""deployment"":""e15128e0-a06e-4ecc-a154-cf21da1d2ead"",""replica"":""393dc7e0-9f17-413f-bdbf-430cb09b9e18""}",2026-03-28T06:57:33.059358949Z
[DB] Synced 1 accounts to database,info,"{""level"":""info""}","{""project"":""ce3616d9-58ad-4ec7-a294-1821e1564434"",""environment"":""fb6513d0-42a4-4660-82b5-509c54b15f2a"",""service"":""4978aa94-666c-47c7-8024-3ada55195a51"",""deployment"":""e15128e0-a06e-4ecc-a154-cf21da1d2ead"",""replica"":""393dc7e0-9f17-413f-bdbf-430cb09b9e18""}",2026-03-28T06:57:53.151622104Z
[DB] Synced 1 accounts to database,info,"{""level"":""info""}","{""project"":""ce3616d9-58ad-4ec7-a294-1821e1564434"",""environment"":""fb6513d0-42a4-4660-82b5-509c54b15f2a"",""service"":""4978aa94-666c-47c7-8024-3ada55195a51"",""deployment"":""e15128e0-a06e-4ecc-a154-cf21da1d2ead"",""replica"":""393dc7e0-9f17-413f-bdbf-430cb09b9e18""}",2026-03-28T06:58:23.300925527Z
[DB] Synced 1 accounts to database,info,"{""level"":""info""}","{""project"":""ce3616d9-58ad-4ec7-a294-1821e1564434"",""environment"":""fb6513d0-42a4-4660-82b5-509c54b15f2a"",""service"":""4978aa94-666c-47c7-8024-3ada55195a51"",""deployment"":""e15128e0-a06e-4ecc-a154-cf21da1d2ead"",""replica"":""393dc7e0-9f17-413f-bdbf-430cb09b9e18""}",2026-03-28T06:58:53.351404396Z
[DB] Synced 1 accounts to database,info,"{""level"":""info""}","{""project"":""ce3616d9-58ad-4ec7-a294-1821e1564434"",""environment"":""fb6513d0-42a4-4660-82b5-509c54b15f2a"",""service"":""4978aa94-666c-47c7-8024-3ada55195a51"",""deployment"":""e15128e0-a06e-4ecc-a154-cf21da1d2ead"",""replica"":""393dc7e0-9f17-413f-bdbf-430cb09b9e18""}",2026-03-28T06:59:23.628972574Z
[DB] Synced 1 accounts to database,info,"{""level"":""info""}","{""project"":""ce3616d9-58ad-4ec7-a294-1821e1564434"",""environment"":""fb6513d0-42a4-4660-82b5-509c54b15f2a"",""service"":""4978aa94-666c-47c7-8024-3ada55195a51"",""deployment"":""e15128e0-a06e-4ecc-a154-cf21da1d2ead"",""replica"":""393dc7e0-9f17-413f-bdbf-430cb09b9e18""}",2026-03-28T06:59:53.286683684Z
[DB] Synced 1 accounts to database,info,"{""level"":""info""}","{""project"":""ce3616d9-58ad-4ec7-a294-1821e1564434"",""environment"":""fb6513d0-42a4-4660-82b5-509c54b15f2a"",""service"":""4978aa94-666c-47c7-8024-3ada55195a51"",""deployment"":""e15128e0-a06e-4ecc-a154-cf21da1d2ead"",""replica"":""393dc7e0-9f17-413f-bdbf-430cb09b9e18""}",2026-03-28T07:00:23.352627864Z
[DB] Synced 1 accounts to database,info,"{""level"":""info""}","{""project"":""ce3616d9-58ad-4ec7-a294-1821e1564434"",""environment"":""fb6513d0-42a4-4660-82b5-509c54b15f2a"",""service"":""4978aa94-666c-47c7-8024-3ada55195a51"",""deployment"":""e15128e0-a06e-4ecc-a154-cf21da1d2ead"",""replica"":""393dc7e0-9f17-413f-bdbf-430cb09b9e18""}",2026-03-28T07:00:53.567442047Z
[DB] Synced 1 accounts to database,info,"{""level"":""info""}","{""project"":""ce3616d9-58ad-4ec7-a294-1821e1564434"",""environment"":""fb6513d0-42a4-4660-82b5-509c54b15f2a"",""service"":""4978aa94-666c-47c7-8024-3ada55195a51"",""deployment"":""e15128e0-a06e-4ecc-a154-cf21da1d2ead"",""replica"":""393dc7e0-9f17-413f-bdbf-430cb09b9e18""}",2026-03-28T07:01:23.879250803Z
[DB] Synced 1 accounts to database,info,"{""level"":""info""}","{""project"":""ce3616d9-58ad-4ec7-a294-1821e1564434"",""environment"":""fb6513d0-42a4-4660-82b5-509c54b15f2a"",""service"":""4978aa94-666c-47c7-8024-3ada55195a51"",""deployment"":""e15128e0-a06e-4ecc-a154-cf21da1d2ead"",""replica"":""393dc7e0-9f17-413f-bdbf-430cb09b9e18""}",2026-03-28T07:01:54.009253935Z
[DB] Synced 1 accounts to database,info,"{""level"":""info""}","{""project"":""ce3616d9-58ad-4ec7-a294-1821e1564434"",""environment"":""fb6513d0-42a4-4660-82b5-509c54b15f2a"",""service"":""4978aa94-666c-47c7-8024-3ada55195a51"",""deployment"":""e15128e0-a06e-4ecc-a154-cf21da1d2ead"",""replica"":""393dc7e0-9f17-413f-bdbf-430cb09b9e18""}",2026-03-28T07:02:24.905946671Z
[DB] Synced 1 accounts to database,info,"{""level"":""info""}","{""project"":""ce3616d9-58ad-4ec7-a294-1821e1564434"",""environment"":""fb6513d0-42a4-4660-82b5-509c54b15f2a"",""service"":""4978aa94-666c-47c7-8024-3ada55195a51"",""deployment"":""e15128e0-a06e-4ecc-a154-cf21da1d2ead"",""replica"":""393dc7e0-9f17-413f-bdbf-430cb09b9e18""}",2026-03-28T07:02:55.172164188Z
[DB] Synced 1 accounts to database,info,"{""level"":""info""}","{""project"":""ce3616d9-58ad-4ec7-a294-1821e1564434"",""environment"":""fb6513d0-42a4-4660-82b5-509c54b15f2a"",""service"":""4978aa94-666c-47c7-8024-3ada55195a51"",""deployment"":""e15128e0-a06e-4ecc-a154-cf21da1d2ead"",""replica"":""393dc7e0-9f17-413f-bdbf-430cb09b9e18""}",2026-03-28T07:03:24.434848459Z
[DB] Synced 1 accounts to database,info,"{""level"":""info""}","{""project"":""ce3616d9-58ad-4ec7-a294-1821e1564434"",""environment"":""fb6513d0-42a4-4660-82b5-509c54b15f2a"",""service"":""4978aa94-666c-47c7-8024-3ada55195a51"",""deployment"":""e15128e0-a06e-4ecc-a154-cf21da1d2ead"",""replica"":""393dc7e0-9f17-413f-bdbf-430cb09b9e18""}",2026-03-28T07:03:54.112472138Z
[DB] Synced 1 accounts to database,info,"{""level"":""info""}","{""project"":""ce3616d9-58ad-4ec7-a294-1821e1564434"",""environment"":""fb6513d0-42a4-4660-82b5-509c54b15f2a"",""service"":""4978aa94-666c-47c7-8024-3ada55195a51"",""deployment"":""e15128e0-a06e-4ecc-a154-cf21da1d2ead"",""replica"":""393dc7e0-9f17-413f-bdbf-430cb09b9e18""}",2026-03-28T07:04:24.179157293Z
[DB] Synced 1 accounts to database,info,"{""level"":""info""}","{""project"":""ce3616d9-58ad-4ec7-a294-1821e1564434"",""environment"":""fb6513d0-42a4-4660-82b5-509c54b15f2a"",""service"":""4978aa94-666c-47c7-8024-3ada55195a51"",""deployment"":""e15128e0-a06e-4ecc-a154-cf21da1d2ead"",""replica"":""393dc7e0-9f17-413f-bdbf-430cb09b9e18""}",2026-03-28T07:04:54.179490230Z
[DB] Synced 1 accounts to database,info,"{""level"":""info""}","{""project"":""ce3616d9-58ad-4ec7-a294-1821e1564434"",""environment"":""fb6513d0-42a4-4660-82b5-509c54b15f2a"",""service"":""4978aa94-666c-47c7-8024-3ada55195a51"",""deployment"":""e15128e0-a06e-4ecc-a154-cf21da1d2ead"",""replica"":""393dc7e0-9f17-413f-bdbf-430cb09b9e18""}",2026-03-28T07:05:24.316316010Z
[DB] Synced 1 accounts to database,info,"{""level"":""info""}","{""project"":""ce3616d9-58ad-4ec7-a294-1821e1564434"",""environment"":""fb6513d0-42a4-4660-82b5-509c54b15f2a"",""service"":""4978aa94-666c-47c7-8024-3ada55195a51"",""deployment"":""e15128e0-a06e-4ecc-a154-cf21da1d2ead"",""replica"":""393dc7e0-9f17-413f-bdbf-430cb09b9e18""}",2026-03-28T07:05:54.343710932Z
[DB] Synced 1 accounts to database,info,"{""level"":""info""}","{""project"":""ce3616d9-58ad-4ec7-a294-1821e1564434"",""environment"":""fb6513d0-42a4-4660-82b5-509c54b15f2a"",""service"":""4978aa94-666c-47c7-8024-3ada55195a51"",""deployment"":""e15128e0-a06e-4ecc-a154-cf21da1d2ead"",""replica"":""393dc7e0-9f17-413f-bdbf-430cb09b9e18""}",2026-03-28T07:06:24.125895520Z
[DB] Synced 1 accounts to database,info,"{""level"":""info""}","{""project"":""ce3616d9-58ad-4ec7-a294-1821e1564434"",""environment"":""fb6513d0-42a4-4660-82b5-509c54b15f2a"",""service"":""4978aa94-666c-47c7-8024-3ada55195a51"",""deployment"":""e15128e0-a06e-4ecc-a154-cf21da1d2ead"",""replica"":""393dc7e0-9f17-413f-bdbf-430cb09b9e18""}",2026-03-28T07:06:54.365918175Z
[DB] Synced 1 accounts to database,info,"{""level"":""info""}","{""project"":""ce3616d9-58ad-4ec7-a294-1821e1564434"",""environment"":""fb6513d0-42a4-4660-82b5-509c54b15f2a"",""service"":""4978aa94-666c-47c7-8024-3ada55195a51"",""deployment"":""e15128e0-a06e-4ecc-a154-cf21da1d2ead"",""replica"":""393dc7e0-9f17-413f-bdbf-430cb09b9e18""}",2026-03-28T07:07:24.375999643Z
[DB] Synced 1 accounts to database,info,"{""level"":""info""}","{""project"":""ce3616d9-58ad-4ec7-a294-1821e1564434"",""environment"":""fb6513d0-42a4-4660-82b5-509c54b15f2a"",""service"":""4978aa94-666c-47c7-8024-3ada55195a51"",""deployment"":""e15128e0-a06e-4ecc-a154-cf21da1d2ead"",""replica"":""393dc7e0-9f17-413f-bdbf-430cb09b9e18""}",2026-03-28T07:07:54.745321504Z
[DB] Synced 1 accounts to database,info,"{""level"":""info""}","{""project"":""ce3616d9-58ad-4ec7-a294-1821e1564434"",""environment"":""fb6513d0-42a4-4660-82b5-509c54b15f2a"",""service"":""4978aa94-666c-47c7-8024-3ada55195a51"",""deployment"":""e15128e0-a06e-4ecc-a154-cf21da1d2ead"",""replica"":""393dc7e0-9f17-413f-bdbf-430cb09b9e18""}",2026-03-28T07:08:24.838606120Z
[DB] Synced 1 accounts to database,info,"{""level"":""info""}","{""project"":""ce3616d9-58ad-4ec7-a294-1821e1564434"",""environment"":""fb6513d0-42a4-4660-82b5-509c54b15f2a"",""service"":""4978aa94-666c-47c7-8024-3ada55195a51"",""deployment"":""e15128e0-a06e-4ecc-a154-cf21da1d2ead"",""replica"":""393dc7e0-9f17-413f-bdbf-430cb09b9e18""}",2026-03-28T07:08:54.721919335Z
[DB] Synced 1 accounts to database,info,"{""level"":""info""}","{""project"":""ce3616d9-58ad-4ec7-a294-1821e1564434"",""environment"":""fb6513d0-42a4-4660-82b5-509c54b15f2a"",""service"":""4978aa94-666c-47c7-8024-3ada55195a51"",""deployment"":""e15128e0-a06e-4ecc-a154-cf21da1d2ead"",""replica"":""393dc7e0-9f17-413f-bdbf-430cb09b9e18""}",2026-03-28T07:09:24.729471591Z
[DB] Synced 1 accounts to database,info,"{""level"":""info""}","{""project"":""ce3616d9-58ad-4ec7-a294-1821e1564434"",""environment"":""fb6513d0-42a4-4660-82b5-509c54b15f2a"",""service"":""4978aa94-666c-47c7-8024-3ada55195a51"",""deployment"":""e15128e0-a06e-4ecc-a154-cf21da1d2ead"",""replica"":""393dc7e0-9f17-413f-bdbf-430cb09b9e18""}",2026-03-28T07:09:54.765797051Z
[DB] Synced 1 accounts to database,info,"{""level"":""info""}","{""project"":""ce3616d9-58ad-4ec7-a294-1821e1564434"",""environment"":""fb6513d0-42a4-4660-82b5-509c54b15f2a"",""service"":""4978aa94-666c-47c7-8024-3ada55195a51"",""deployment"":""e15128e0-a06e-4ecc-a154-cf21da1d2ead"",""replica"":""393dc7e0-9f17-413f-bdbf-430cb09b9e18""}",2026-03-28T07:10:24.940401471Z
[DB] Synced 1 accounts to database,info,"{""level"":""info""}","{""project"":""ce3616d9-58ad-4ec7-a294-1821e1564434"",""environment"":""fb6513d0-42a4-4660-82b5-509c54b15f2a"",""service"":""4978aa94-666c-47c7-8024-3ada55195a51"",""deployment"":""e15128e0-a06e-4ecc-a154-cf21da1d2ead"",""replica"":""393dc7e0-9f17-413f-bdbf-430cb09b9e18""}",2026-03-28T07:10:55.134865343Z
[DB] Synced 1 accounts to database,info,"{""level"":""info""}","{""project"":""ce3616d9-58ad-4ec7-a294-1821e1564434"",""environment"":""fb6513d0-42a4-4660-82b5-509c54b15f2a"",""service"":""4978aa94-666c-47c7-8024-3ada55195a51"",""deployment"":""e15128e0-a06e-4ecc-a154-cf21da1d2ead"",""replica"":""393dc7e0-9f17-413f-bdbf-430cb09b9e18""}",2026-03-28T07:11:25.191196526Z
[DB] Synced 1 accounts to database,info,"{""level"":""info""}","{""project"":""ce3616d9-58ad-4ec7-a294-1821e1564434"",""environment"":""fb6513d0-42a4-4660-82b5-509c54b15f2a"",""service"":""4978aa94-666c-47c7-8024-3ada55195a51"",""deployment"":""e15128e0-a06e-4ecc-a154-cf21da1d2ead"",""replica"":""393dc7e0-9f17-413f-bdbf-430cb09b9e18""}",2026-03-28T07:11:55.222610055Z
[DB] Synced 1 accounts to database,info,"{""level"":""info""}","{""project"":""ce3616d9-58ad-4ec7-a294-1821e1564434"",""environment"":""fb6513d0-42a4-4660-82b5-509c54b15f2a"",""service"":""4978aa94-666c-47c7-8024-3ada55195a51"",""deployment"":""e15128e0-a06e-4ecc-a154-cf21da1d2ead"",""replica"":""393dc7e0-9f17-413f-bdbf-430cb09b9e18""}",2026-03-28T07:12:25.227045208Z
[DB] Synced 1 accounts to database,info,"{""level"":""info""}","{""project"":""ce3616d9-58ad-4ec7-a294-1821e1564434"",""environment"":""fb6513d0-42a4-4660-82b5-509c54b15f2a"",""service"":""4978aa94-666c-47c7-8024-3ada55195a51"",""deployment"":""e15128e0-a06e-4ecc-a154-cf21da1d2ead"",""replica"":""393dc7e0-9f17-413f-bdbf-430cb09b9e18""}",2026-03-28T07:12:55.181896971Z
[DB] Synced 1 accounts to database,info,"{""level"":""info""}","{""project"":""ce3616d9-58ad-4ec7-a294-1821e1564434"",""environment"":""fb6513d0-42a4-4660-82b5-509c54b15f2a"",""service"":""4978aa94-666c-47c7-8024-3ada55195a51"",""deployment"":""e15128e0-a06e-4ecc-a154-cf21da1d2ead"",""replica"":""393dc7e0-9f17-413f-bdbf-430cb09b9e18""}",2026-03-28T07:13:25.202194031Z
[DB] Synced 1 accounts to database,info,"{""level"":""info""}","{""project"":""ce3616d9-58ad-4ec7-a294-1821e1564434"",""environment"":""fb6513d0-42a4-4660-82b5-509c54b15f2a"",""service"":""4978aa94-666c-47c7-8024-3ada55195a51"",""deployment"":""e15128e0-a06e-4ecc-a154-cf21da1d2ead"",""replica"":""393dc7e0-9f17-413f-bdbf-430cb09b9e18""}",2026-03-28T07:13:55.269077115Z
[DB] Synced 1 accounts to database,info,"{""level"":""info""}","{""project"":""ce3616d9-58ad-4ec7-a294-1821e1564434"",""environment"":""fb6513d0-42a4-4660-82b5-509c54b15f2a"",""service"":""4978aa94-666c-47c7-8024-3ada55195a51"",""deployment"":""e15128e0-a06e-4ecc-a154-cf21da1d2ead"",""replica"":""393dc7e0-9f17-413f-bdbf-430cb09b9e18""}",2026-03-28T07:14:25.357983721Z
[DB] Synced 1 accounts to database,info,"{""level"":""info""}","{""project"":""ce3616d9-58ad-4ec7-a294-1821e1564434"",""environment"":""fb6513d0-42a4-4660-82b5-509c54b15f2a"",""service"":""4978aa94-666c-47c7-8024-3ada55195a51"",""deployment"":""e15128e0-a06e-4ecc-a154-cf21da1d2ead"",""replica"":""393dc7e0-9f17-413f-bdbf-430cb09b9e18""}",2026-03-28T07:14:55.061131945Z
[DB] Synced 1 accounts to database,info,"{""level"":""info""}","{""project"":""ce3616d9-58ad-4ec7-a294-1821e1564434"",""environment"":""fb6513d0-42a4-4660-82b5-509c54b15f2a"",""service"":""4978aa94-666c-47c7-8024-3ada55195a51"",""deployment"":""e15128e0-a06e-4ecc-a154-cf21da1d2ead"",""replica"":""393dc7e0-9f17-413f-bdbf-430cb09b9e18""}",2026-03-28T07:15:25.431281462Z
[DB] Synced 1 accounts to database,info,"{""level"":""info""}","{""project"":""ce3616d9-58ad-4ec7-a294-1821e1564434"",""environment"":""fb6513d0-42a4-4660-82b5-509c54b15f2a"",""service"":""4978aa94-666c-47c7-8024-3ada55195a51"",""deployment"":""e15128e0-a06e-4ecc-a154-cf21da1d2ead"",""replica"":""393dc7e0-9f17-413f-bdbf-430cb09b9e18""}",2026-03-28T07:15:55.474157611Z
[DB] Synced 1 accounts to database,info,"{""level"":""info""}","{""project"":""ce3616d9-58ad-4ec7-a294-1821e1564434"",""environment"":""fb6513d0-42a4-4660-82b5-509c54b15f2a"",""service"":""4978aa94-666c-47c7-8024-3ada55195a51"",""deployment"":""e15128e0-a06e-4ecc-a154-cf21da1d2ead"",""replica"":""393dc7e0-9f17-413f-bdbf-430cb09b9e18""}",2026-03-28T07:16:25.598600260Z
[DB] Synced 1 accounts to database,info,"{""level"":""info""}","{""project"":""ce3616d9-58ad-4ec7-a294-1821e1564434"",""environment"":""fb6513d0-42a4-4660-82b5-509c54b15f2a"",""service"":""4978aa94-666c-47c7-8024-3ada55195a51"",""deployment"":""e15128e0-a06e-4ecc-a154-cf21da1d2ead"",""replica"":""393dc7e0-9f17-413f-bdbf-430cb09b9e18""}",2026-03-28T07:16:55.674681033Z
[DB] Synced 1 accounts to database,info,"{""level"":""info""}","{""project"":""ce3616d9-58ad-4ec7-a294-1821e1564434"",""environment"":""fb6513d0-42a4-4660-82b5-509c54b15f2a"",""service"":""4978aa94-666c-47c7-8024-3ada55195a51"",""deployment"":""e15128e0-a06e-4ecc-a154-cf21da1d2ead"",""replica"":""393dc7e0-9f17-413f-bdbf-430cb09b9e18""}",2026-03-28T07:17:25.826209322Z
[DB] Synced 1 accounts to database,info,"{""level"":""info""}","{""project"":""ce3616d9-58ad-4ec7-a294-1821e1564434"",""environment"":""fb6513d0-42a4-4660-82b5-509c54b15f2a"",""service"":""4978aa94-666c-47c7-8024-3ada55195a51"",""deployment"":""e15128e0-a06e-4ecc-a154-cf21da1d2ead"",""replica"":""393dc7e0-9f17-413f-bdbf-430cb09b9e18""}",2026-03-28T07:17:55.971528413Z
[DB] Synced 1 accounts to database,info,"{""level"":""info""}","{""project"":""ce3616d9-58ad-4ec7-a294-1821e1564434"",""environment"":""fb6513d0-42a4-4660-82b5-509c54b15f2a"",""service"":""4978aa94-666c-47c7-8024-3ada55195a51"",""deployment"":""e15128e0-a06e-4ecc-a154-cf21da1d2ead"",""replica"":""393dc7e0-9f17-413f-bdbf-430cb09b9e18""}",2026-03-28T07:18:25.976388347Z
[DB] Synced 1 accounts to database,info,"{""level"":""info""}","{""project"":""ce3616d9-58ad-4ec7-a294-1821e1564434"",""environment"":""fb6513d0-42a4-4660-82b5-509c54b15f2a"",""service"":""4978aa94-666c-47c7-8024-3ada55195a51"",""deployment"":""e15128e0-a06e-4ecc-a154-cf21da1d2ead"",""replica"":""393dc7e0-9f17-413f-bdbf-430cb09b9e18""}",2026-03-28T07:18:56.047874124Z
[DB] Synced 1 accounts to database,info,"{""level"":""info""}","{""project"":""ce3616d9-58ad-4ec7-a294-1821e1564434"",""environment"":""fb6513d0-42a4-4660-82b5-509c54b15f2a"",""service"":""4978aa94-666c-47c7-8024-3ada55195a51"",""deployment"":""e15128e0-a06e-4ecc-a154-cf21da1d2ead"",""replica"":""393dc7e0-9f17-413f-bdbf-430cb09b9e18""}",2026-03-28T07:19:26.099507355Z
[DB] Synced 1 accounts to database,info,"{""level"":""info""}","{""project"":""ce3616d9-58ad-4ec7-a294-1821e1564434"",""environment"":""fb6513d0-42a4-4660-82b5-509c54b15f2a"",""service"":""4978aa94-666c-47c7-8024-3ada55195a51"",""deployment"":""e15128e0-a06e-4ecc-a154-cf21da1d2ead"",""replica"":""393dc7e0-9f17-413f-bdbf-430cb09b9e18""}",2026-03-28T07:19:55.959490044Z
[DB] Synced 1 accounts to database,info,"{""level"":""info""}","{""project"":""ce3616d9-58ad-4ec7-a294-1821e1564434"",""environment"":""fb6513d0-42a4-4660-82b5-509c54b15f2a"",""service"":""4978aa94-666c-47c7-8024-3ada55195a51"",""deployment"":""e15128e0-a06e-4ecc-a154-cf21da1d2ead"",""replica"":""393dc7e0-9f17-413f-bdbf-430cb09b9e18""}",2026-03-28T07:20:26.076065312Z
[DB] Synced 1 accounts to database,info,"{""level"":""info""}","{""project"":""ce3616d9-58ad-4ec7-a294-1821e1564434"",""environment"":""fb6513d0-42a4-4660-82b5-509c54b15f2a"",""service"":""4978aa94-666c-47c7-8024-3ada55195a51"",""deployment"":""e15128e0-a06e-4ecc-a154-cf21da1d2ead"",""replica"":""393dc7e0-9f17-413f-bdbf-430cb09b9e18""}",2026-03-28T07:20:56.523316068Z
[DB] Synced 1 accounts to database,info,"{""level"":""info""}","{""project"":""ce3616d9-58ad-4ec7-a294-1821e1564434"",""environment"":""fb6513d0-42a4-4660-82b5-509c54b15f2a"",""service"":""4978aa94-666c-47c7-8024-3ada55195a51"",""deployment"":""e15128e0-a06e-4ecc-a154-cf21da1d2ead"",""replica"":""393dc7e0-9f17-413f-bdbf-430cb09b9e18""}",2026-03-28T07:21:26.720965995Z
[DB] Synced 1 accounts to database,info,"{""level"":""info""}","{""project"":""ce3616d9-58ad-4ec7-a294-1821e1564434"",""environment"":""fb6513d0-42a4-4660-82b5-509c54b15f2a"",""service"":""4978aa94-666c-47c7-8024-3ada55195a51"",""deployment"":""e15128e0-a06e-4ecc-a154-cf21da1d2ead"",""replica"":""393dc7e0-9f17-413f-bdbf-430cb09b9e18""}",2026-03-28T07:21:56.782360708Z
[DB] Synced 1 accounts to database,info,"{""level"":""info""}","{""project"":""ce3616d9-58ad-4ec7-a294-1821e1564434"",""environment"":""fb6513d0-42a4-4660-82b5-509c54b15f2a"",""service"":""4978aa94-666c-47c7-8024-3ada55195a51"",""deployment"":""e15128e0-a06e-4ecc-a154-cf21da1d2ead"",""replica"":""393dc7e0-9f17-413f-bdbf-430cb09b9e18""}",2026-03-28T07:22:26.823910113Z
[DB] Synced 1 accounts to database,info,"{""level"":""info""}","{""project"":""ce3616d9-58ad-4ec7-a294-1821e1564434"",""environment"":""fb6513d0-42a4-4660-82b5-509c54b15f2a"",""service"":""4978aa94-666c-47c7-8024-3ada55195a51"",""deployment"":""e15128e0-a06e-4ecc-a154-cf21da1d2ead"",""replica"":""393dc7e0-9f17-413f-bdbf-430cb09b9e18""}",2026-03-28T07:22:57.440999926Z
[DB] Synced 1 accounts to database,info,"{""level"":""info""}","{""project"":""ce3616d9-58ad-4ec7-a294-1821e1564434"",""environment"":""fb6513d0-42a4-4660-82b5-509c54b15f2a"",""service"":""4978aa94-666c-47c7-8024-3ada55195a51"",""deployment"":""e15128e0-a06e-4ecc-a154-cf21da1d2ead"",""replica"":""393dc7e0-9f17-413f-bdbf-430cb09b9e18""}",2026-03-28T07:23:27.535357783Z
[DB] Synced 1 accounts to database,info,"{""level"":""info""}","{""project"":""ce3616d9-58ad-4ec7-a294-1821e1564434"",""environment"":""fb6513d0-42a4-4660-82b5-509c54b15f2a"",""service"":""4978aa94-666c-47c7-8024-3ada55195a51"",""deployment"":""e15128e0-a06e-4ecc-a154-cf21da1d2ead"",""replica"":""393dc7e0-9f17-413f-bdbf-430cb09b9e18""}",2026-03-28T07:23:57.429494433Z
[DB] Synced 1 accounts to database,info,"{""level"":""info""}","{""project"":""ce3616d9-58ad-4ec7-a294-1821e1564434"",""environment"":""fb6513d0-42a4-4660-82b5-509c54b15f2a"",""service"":""4978aa94-666c-47c7-8024-3ada55195a51"",""deployment"":""e15128e0-a06e-4ecc-a154-cf21da1d2ead"",""replica"":""393dc7e0-9f17-413f-bdbf-430cb09b9e18""}",2026-03-28T07:24:28.254832219Z
[DB] Synced 1 accounts to database,info,"{""level"":""info""}","{""project"":""ce3616d9-58ad-4ec7-a294-1821e1564434"",""environment"":""fb6513d0-42a4-4660-82b5-509c54b15f2a"",""service"":""4978aa94-666c-47c7-8024-3ada55195a51"",""deployment"":""e15128e0-a06e-4ecc-a154-cf21da1d2ead"",""replica"":""393dc7e0-9f17-413f-bdbf-430cb09b9e18""}",2026-03-28T07:24:58.926366792Z
[DB] Synced 1 accounts to database,info,"{""level"":""info""}","{""project"":""ce3616d9-58ad-4ec7-a294-1821e1564434"",""environment"":""fb6513d0-42a4-4660-82b5-509c54b15f2a"",""service"":""4978aa94-666c-47c7-8024-3ada55195a51"",""deployment"":""e15128e0-a06e-4ecc-a154-cf21da1d2ead"",""replica"":""393dc7e0-9f17-413f-bdbf-430cb09b9e18""}",2026-03-28T07:25:29.107255285Z
[DB] Synced 1 accounts to database,info,"{""level"":""info""}","{""project"":""ce3616d9-58ad-4ec7-a294-1821e1564434"",""environment"":""fb6513d0-42a4-4660-82b5-509c54b15f2a"",""service"":""4978aa94-666c-47c7-8024-3ada55195a51"",""deployment"":""e15128e0-a06e-4ecc-a154-cf21da1d2ead"",""replica"":""393dc7e0-9f17-413f-bdbf-430cb09b9e18""}",2026-03-28T07:25:59.024939354Z
[DB] Synced 1 accounts to database,info,"{""level"":""info""}","{""project"":""ce3616d9-58ad-4ec7-a294-1821e1564434"",""environment"":""fb6513d0-42a4-4660-82b5-509c54b15f2a"",""service"":""4978aa94-666c-47c7-8024-3ada55195a51"",""deployment"":""e15128e0-a06e-4ecc-a154-cf21da1d2ead"",""replica"":""393dc7e0-9f17-413f-bdbf-430cb09b9e18""}",2026-03-28T07:26:29.140304862Z
[DB] Synced 1 accounts to database,info,"{""level"":""info""}","{""project"":""ce3616d9-58ad-4ec7-a294-1821e1564434"",""environment"":""fb6513d0-42a4-4660-82b5-509c54b15f2a"",""service"":""4978aa94-666c-47c7-8024-3ada55195a51"",""deployment"":""e15128e0-a06e-4ecc-a154-cf21da1d2ead"",""replica"":""393dc7e0-9f17-413f-bdbf-430cb09b9e18""}",2026-03-28T07:26:59.641149721Z
[DB] Synced 1 accounts to database,info,"{""level"":""info""}","{""project"":""ce3616d9-58ad-4ec7-a294-1821e1564434"",""environment"":""fb6513d0-42a4-4660-82b5-509c54b15f2a"",""service"":""4978aa94-666c-47c7-8024-3ada55195a51"",""deployment"":""e15128e0-a06e-4ecc-a154-cf21da1d2ead"",""replica"":""393dc7e0-9f17-413f-bdbf-430cb09b9e18""}",2026-03-28T07:27:29.702495812Z
[DB] Synced 1 accounts to database,info,"{""level"":""info""}","{""project"":""ce3616d9-58ad-4ec7-a294-1821e1564434"",""environment"":""fb6513d0-42a4-4660-82b5-509c54b15f2a"",""service"":""4978aa94-666c-47c7-8024-3ada55195a51"",""deployment"":""e15128e0-a06e-4ecc-a154-cf21da1d2ead"",""replica"":""393dc7e0-9f17-413f-bdbf-430cb09b9e18""}",2026-03-28T07:27:59.772908219Z
[DB] Synced 1 accounts to database,info,"{""level"":""info""}","{""project"":""ce3616d9-58ad-4ec7-a294-1821e1564434"",""environment"":""fb6513d0-42a4-4660-82b5-509c54b15f2a"",""service"":""4978aa94-666c-47c7-8024-3ada55195a51"",""deployment"":""e15128e0-a06e-4ecc-a154-cf21da1d2ead"",""replica"":""393dc7e0-9f17-413f-bdbf-430cb09b9e18""}",2026-03-28T07:28:29.879925130Z
[DB] Synced 1 accounts to database,info,"{""level"":""info""}","{""project"":""ce3616d9-58ad-4ec7-a294-1821e1564434"",""environment"":""fb6513d0-42a4-4660-82b5-509c54b15f2a"",""service"":""4978aa94-666c-47c7-8024-3ada55195a51"",""deployment"":""e15128e0-a06e-4ecc-a154-cf21da1d2ead"",""replica"":""393dc7e0-9f17-413f-bdbf-430cb09b9e18""}",2026-03-28T07:28:59.923045309Z
[DB] Synced 1 accounts to database,info,"{""level"":""info""}","{""project"":""ce3616d9-58ad-4ec7-a294-1821e1564434"",""environment"":""fb6513d0-42a4-4660-82b5-509c54b15f2a"",""service"":""4978aa94-666c-47c7-8024-3ada55195a51"",""deployment"":""e15128e0-a06e-4ecc-a154-cf21da1d2ead"",""replica"":""393dc7e0-9f17-413f-bdbf-430cb09b9e18""}",2026-03-28T07:29:29.761287469Z
[DB] Synced 1 accounts to database,info,"{""level"":""info""}","{""project"":""ce3616d9-58ad-4ec7-a294-1821e1564434"",""environment"":""fb6513d0-42a4-4660-82b5-509c54b15f2a"",""service"":""4978aa94-666c-47c7-8024-3ada55195a51"",""deployment"":""e15128e0-a06e-4ecc-a154-cf21da1d2ead"",""replica"":""393dc7e0-9f17-413f-bdbf-430cb09b9e18""}",2026-03-28T07:30:00.243201234Z
[DB] Synced 1 accounts to database,info,"{""level"":""info""}","{""project"":""ce3616d9-58ad-4ec7-a294-1821e1564434"",""environment"":""fb6513d0-42a4-4660-82b5-509c54b15f2a"",""service"":""4978aa94-666c-47c7-8024-3ada55195a51"",""deployment"":""e15128e0-a06e-4ecc-a154-cf21da1d2ead"",""replica"":""393dc7e0-9f17-413f-bdbf-430cb09b9e18""}",2026-03-28T07:30:30.190397345Z
[DB] Synced 1 accounts to database,info,"{""level"":""info""}","{""project"":""ce3616d9-58ad-4ec7-a294-1821e1564434"",""environment"":""fb6513d0-42a4-4660-82b5-509c54b15f2a"",""service"":""4978aa94-666c-47c7-8024-3ada55195a51"",""deployment"":""e15128e0-a06e-4ecc-a154-cf21da1d2ead"",""replica"":""393dc7e0-9f17-413f-bdbf-430cb09b9e18""}",2026-03-28T07:31:00.321864295Z
[DB] Synced 1 accounts to database,info,"{""level"":""info""}","{""project"":""ce3616d9-58ad-4ec7-a294-1821e1564434"",""environment"":""fb6513d0-42a4-4660-82b5-509c54b15f2a"",""service"":""4978aa94-666c-47c7-8024-3ada55195a51"",""deployment"":""e15128e0-a06e-4ecc-a154-cf21da1d2ead"",""replica"":""393dc7e0-9f17-413f-bdbf-430cb09b9e18""}",2026-03-28T07:31:30.534272918Z
[DB] Synced 1 accounts to database,info,"{""level"":""info""}","{""project"":""ce3616d9-58ad-4ec7-a294-1821e1564434"",""environment"":""fb6513d0-42a4-4660-82b5-509c54b15f2a"",""service"":""4978aa94-666c-47c7-8024-3ada55195a51"",""deployment"":""e15128e0-a06e-4ecc-a154-cf21da1d2ead"",""replica"":""393dc7e0-9f17-413f-bdbf-430cb09b9e18""}",2026-03-28T07:32:00.379978530Z
[DB] Synced 1 accounts to database,info,"{""level"":""info""}","{""project"":""ce3616d9-58ad-4ec7-a294-1821e1564434"",""environment"":""fb6513d0-42a4-4660-82b5-509c54b15f2a"",""service"":""4978aa94-666c-47c7-8024-3ada55195a51"",""deployment"":""e15128e0-a06e-4ecc-a154-cf21da1d2ead"",""replica"":""393dc7e0-9f17-413f-bdbf-430cb09b9e18""}",2026-03-28T07:32:30.554480649Z
[DB] Synced 1 accounts to database,info,"{""level"":""info""}","{""project"":""ce3616d9-58ad-4ec7-a294-1821e1564434"",""environment"":""fb6513d0-42a4-4660-82b5-509c54b15f2a"",""service"":""4978aa94-666c-47c7-8024-3ada55195a51"",""deployment"":""e15128e0-a06e-4ecc-a154-cf21da1d2ead"",""replica"":""393dc7e0-9f17-413f-bdbf-430cb09b9e18""}",2026-03-28T07:33:00.357252926Z
[DB] Synced 1 accounts to database,info,"{""level"":""info""}","{""project"":""ce3616d9-58ad-4ec7-a294-1821e1564434"",""environment"":""fb6513d0-42a4-4660-82b5-509c54b15f2a"",""service"":""4978aa94-666c-47c7-8024-3ada55195a51"",""deployment"":""e15128e0-a06e-4ecc-a154-cf21da1d2ead"",""replica"":""393dc7e0-9f17-413f-bdbf-430cb09b9e18""}",2026-03-28T07:33:31.000704048Z
[DB] Synced 1 accounts to database,info,"{""level"":""info""}","{""project"":""ce3616d9-58ad-4ec7-a294-1821e1564434"",""environment"":""fb6513d0-42a4-4660-82b5-509c54b15f2a"",""service"":""4978aa94-666c-47c7-8024-3ada55195a51"",""deployment"":""e15128e0-a06e-4ecc-a154-cf21da1d2ead"",""replica"":""393dc7e0-9f17-413f-bdbf-430cb09b9e18""}",2026-03-28T07:34:01.483068517Z
[DB] Synced 1 accounts to database,info,"{""level"":""info""}","{""project"":""ce3616d9-58ad-4ec7-a294-1821e1564434"",""environment"":""fb6513d0-42a4-4660-82b5-509c54b15f2a"",""service"":""4978aa94-666c-47c7-8024-3ada55195a51"",""deployment"":""e15128e0-a06e-4ecc-a154-cf21da1d2ead"",""replica"":""393dc7e0-9f17-413f-bdbf-430cb09b9e18""}",2026-03-28T07:34:32.375332243Z
[DB] Synced 1 accounts to database,info,"{""level"":""info""}","{""project"":""ce3616d9-58ad-4ec7-a294-1821e1564434"",""environment"":""fb6513d0-42a4-4660-82b5-509c54b15f2a"",""service"":""4978aa94-666c-47c7-8024-3ada55195a51"",""deployment"":""e15128e0-a06e-4ecc-a154-cf21da1d2ead"",""replica"":""393dc7e0-9f17-413f-bdbf-430cb09b9e18""}",2026-03-28T07:35:02.873007878Z
[DB] Synced 1 accounts to database,info,"{""level"":""info""}","{""project"":""ce3616d9-58ad-4ec7-a294-1821e1564434"",""environment"":""fb6513d0-42a4-4660-82b5-509c54b15f2a"",""service"":""4978aa94-666c-47c7-8024-3ada55195a51"",""deployment"":""e15128e0-a06e-4ecc-a154-cf21da1d2ead"",""replica"":""393dc7e0-9f17-413f-bdbf-430cb09b9e18""}",2026-03-28T07:35:32.868206143Z
[DB] Synced 1 accounts to database,info,"{""level"":""info""}","{""project"":""ce3616d9-58ad-4ec7-a294-1821e1564434"",""environment"":""fb6513d0-42a4-4660-82b5-509c54b15f2a"",""service"":""4978aa94-666c-47c7-8024-3ada55195a51"",""deployment"":""e15128e0-a06e-4ecc-a154-cf21da1d2ead"",""replica"":""393dc7e0-9f17-413f-bdbf-430cb09b9e18""}",2026-03-28T07:36:02.929661210Z
[DB] Synced 1 accounts to database,info,"{""level"":""info""}","{""project"":""ce3616d9-58ad-4ec7-a294-1821e1564434"",""environment"":""fb6513d0-42a4-4660-82b5-509c54b15f2a"",""service"":""4978aa94-666c-47c7-8024-3ada55195a51"",""deployment"":""e15128e0-a06e-4ecc-a154-cf21da1d2ead"",""replica"":""393dc7e0-9f17-413f-bdbf-430cb09b9e18""}",2026-03-28T07:36:33.019512103Z
[DB] Synced 1 accounts to database,info,"{""level"":""info""}","{""project"":""ce3616d9-58ad-4ec7-a294-1821e1564434"",""environment"":""fb6513d0-42a4-4660-82b5-509c54b15f2a"",""service"":""4978aa94-666c-47c7-8024-3ada55195a51"",""deployment"":""e15128e0-a06e-4ecc-a154-cf21da1d2ead"",""replica"":""393dc7e0-9f17-413f-bdbf-430cb09b9e18""}",2026-03-28T07:37:03.232272697Z
[DB] Synced 1 accounts to database,info,"{""level"":""info""}","{""project"":""ce3616d9-58ad-4ec7-a294-1821e1564434"",""environment"":""fb6513d0-42a4-4660-82b5-509c54b15f2a"",""service"":""4978aa94-666c-47c7-8024-3ada55195a51"",""deployment"":""e15128e0-a06e-4ecc-a154-cf21da1d2ead"",""replica"":""393dc7e0-9f17-413f-bdbf-430cb09b9e18""}",2026-03-28T07:37:33.385861982Z
[DB] Synced 1 accounts to database,info,"{""level"":""info""}","{""project"":""ce3616d9-58ad-4ec7-a294-1821e1564434"",""environment"":""fb6513d0-42a4-4660-82b5-509c54b15f2a"",""service"":""4978aa94-666c-47c7-8024-3ada55195a51"",""deployment"":""e15128e0-a06e-4ecc-a154-cf21da1d2ead"",""replica"":""393dc7e0-9f17-413f-bdbf-430cb09b9e18""}",2026-03-28T07:38:03.514469234Z
[DB] Synced 1 accounts to database,info,"{""level"":""info""}","{""project"":""ce3616d9-58ad-4ec7-a294-1821e1564434"",""environment"":""fb6513d0-42a4-4660-82b5-509c54b15f2a"",""service"":""4978aa94-666c-47c7-8024-3ada55195a51"",""deployment"":""e15128e0-a06e-4ecc-a154-cf21da1d2ead"",""replica"":""393dc7e0-9f17-413f-bdbf-430cb09b9e18""}",2026-03-28T07:38:33.262720268Z
[DB] Synced 1 accounts to database,info,"{""level"":""info""}","{""project"":""ce3616d9-58ad-4ec7-a294-1821e1564434"",""environment"":""fb6513d0-42a4-4660-82b5-509c54b15f2a"",""service"":""4978aa94-666c-47c7-8024-3ada55195a51"",""deployment"":""e15128e0-a06e-4ecc-a154-cf21da1d2ead"",""replica"":""393dc7e0-9f17-413f-bdbf-430cb09b9e18""}",2026-03-28T07:39:03.358362187Z
[DB] Synced 1 accounts to database,info,"{""level"":""info""}","{""project"":""ce3616d9-58ad-4ec7-a294-1821e1564434"",""environment"":""fb6513d0-42a4-4660-82b5-509c54b15f2a"",""service"":""4978aa94-666c-47c7-8024-3ada55195a51"",""deployment"":""e15128e0-a06e-4ecc-a154-cf21da1d2ead"",""replica"":""393dc7e0-9f17-413f-bdbf-430cb09b9e18""}",2026-03-28T07:39:33.442814278Z
[DB] Synced 1 accounts to database,info,"{""level"":""info""}","{""project"":""ce3616d9-58ad-4ec7-a294-1821e1564434"",""environment"":""fb6513d0-42a4-4660-82b5-509c54b15f2a"",""service"":""4978aa94-666c-47c7-8024-3ada55195a51"",""deployment"":""e15128e0-a06e-4ecc-a154-cf21da1d2ead"",""replica"":""393dc7e0-9f17-413f-bdbf-430cb09b9e18""}",2026-03-28T07:40:03.281600304Z
[DB] Synced 1 accounts to database,info,"{""level"":""info""}","{""project"":""ce3616d9-58ad-4ec7-a294-1821e1564434"",""environment"":""fb6513d0-42a4-4660-82b5-509c54b15f2a"",""service"":""4978aa94-666c-47c7-8024-3ada55195a51"",""deployment"":""e15128e0-a06e-4ecc-a154-cf21da1d2ead"",""replica"":""393dc7e0-9f17-413f-bdbf-430cb09b9e18""}",2026-03-28T07:40:33.629330653Z
[DB] Synced 1 accounts to database,info,"{""level"":""info""}","{""project"":""ce3616d9-58ad-4ec7-a294-1821e1564434"",""environment"":""fb6513d0-42a4-4660-82b5-509c54b15f2a"",""service"":""4978aa94-666c-47c7-8024-3ada55195a51"",""deployment"":""e15128e0-a06e-4ecc-a154-cf21da1d2ead"",""replica"":""393dc7e0-9f17-413f-bdbf-430cb09b9e18""}",2026-03-28T07:40:53.640056654Z
[DB] Synced 1 accounts to database,info,"{""level"":""info""}","{""project"":""ce3616d9-58ad-4ec7-a294-1821e1564434"",""environment"":""fb6513d0-42a4-4660-82b5-509c54b15f2a"",""service"":""4978aa94-666c-47c7-8024-3ada55195a51"",""deployment"":""e15128e0-a06e-4ecc-a154-cf21da1d2ead"",""replica"":""393dc7e0-9f17-413f-bdbf-430cb09b9e18""}",2026-03-28T07:41:23.579753028Z
[DB] Synced 1 accounts to database,info,"{""level"":""info""}","{""project"":""ce3616d9-58ad-4ec7-a294-1821e1564434"",""environment"":""fb6513d0-42a4-4660-82b5-509c54b15f2a"",""service"":""4978aa94-666c-47c7-8024-3ada55195a51"",""deployment"":""e15128e0-a06e-4ecc-a154-cf21da1d2ead"",""replica"":""393dc7e0-9f17-413f-bdbf-430cb09b9e18""}",2026-03-28T07:41:53.694349460Z
[DB] Synced 1 accounts to database,info,"{""level"":""info""}","{""project"":""ce3616d9-58ad-4ec7-a294-1821e1564434"",""environment"":""fb6513d0-42a4-4660-82b5-509c54b15f2a"",""service"":""4978aa94-666c-47c7-8024-3ada55195a51"",""deployment"":""e15128e0-a06e-4ecc-a154-cf21da1d2ead"",""replica"":""393dc7e0-9f17-413f-bdbf-430cb09b9e18""}",2026-03-28T07:42:23.843626589Z
[DB] Synced 1 accounts to database,info,"{""level"":""info""}","{""project"":""ce3616d9-58ad-4ec7-a294-1821e1564434"",""environment"":""fb6513d0-42a4-4660-82b5-509c54b15f2a"",""service"":""4978aa94-666c-47c7-8024-3ada55195a51"",""deployment"":""e15128e0-a06e-4ecc-a154-cf21da1d2ead"",""replica"":""393dc7e0-9f17-413f-bdbf-430cb09b9e18""}",2026-03-28T07:42:53.814794069Z
[DB] Synced 1 accounts to database,info,"{""level"":""info""}","{""project"":""ce3616d9-58ad-4ec7-a294-1821e1564434"",""environment"":""fb6513d0-42a4-4660-82b5-509c54b15f2a"",""service"":""4978aa94-666c-47c7-8024-3ada55195a51"",""deployment"":""e15128e0-a06e-4ecc-a154-cf21da1d2ead"",""replica"":""393dc7e0-9f17-413f-bdbf-430cb09b9e18""}",2026-03-28T07:43:24.081545886Z
[DB] Synced 1 accounts to database,info,"{""level"":""info""}","{""project"":""ce3616d9-58ad-4ec7-a294-1821e1564434"",""environment"":""fb6513d0-42a4-4660-82b5-509c54b15f2a"",""service"":""4978aa94-666c-47c7-8024-3ada55195a51"",""deployment"":""e15128e0-a06e-4ecc-a154-cf21da1d2ead"",""replica"":""393dc7e0-9f17-413f-bdbf-430cb09b9e18""}",2026-03-28T07:43:54.204942555Z
[DB] Synced 1 accounts to database,info,"{""level"":""info""}","{""project"":""ce3616d9-58ad-4ec7-a294-1821e1564434"",""environment"":""fb6513d0-42a4-4660-82b5-509c54b15f2a"",""service"":""4978aa94-666c-47c7-8024-3ada55195a51"",""deployment"":""e15128e0-a06e-4ecc-a154-cf21da1d2ead"",""replica"":""393dc7e0-9f17-413f-bdbf-430cb09b9e18""}",2026-03-28T07:44:24.368074243Z
[DB] Synced 1 accounts to database,info,"{""level"":""info""}","{""project"":""ce3616d9-58ad-4ec7-a294-1821e1564434"",""environment"":""fb6513d0-42a4-4660-82b5-509c54b15f2a"",""service"":""4978aa94-666c-47c7-8024-3ada55195a51"",""deployment"":""e15128e0-a06e-4ecc-a154-cf21da1d2ead"",""replica"":""393dc7e0-9f17-413f-bdbf-430cb09b9e18""}",2026-03-28T07:44:54.768566116Z
[DB] Synced 1 accounts to database,info,"{""level"":""info""}","{""project"":""ce3616d9-58ad-4ec7-a294-1821e1564434"",""environment"":""fb6513d0-42a4-4660-82b5-509c54b15f2a"",""service"":""4978aa94-666c-47c7-8024-3ada55195a51"",""deployment"":""e15128e0-a06e-4ecc-a154-cf21da1d2ead"",""replica"":""393dc7e0-9f17-413f-bdbf-430cb09b9e18""}",2026-03-28T07:45:24.807196338Z
[DB] Synced 1 accounts to database,info,"{""level"":""info""}","{""project"":""ce3616d9-58ad-4ec7-a294-1821e1564434"",""environment"":""fb6513d0-42a4-4660-82b5-509c54b15f2a"",""service"":""4978aa94-666c-47c7-8024-3ada55195a51"",""deployment"":""e15128e0-a06e-4ecc-a154-cf21da1d2ead"",""replica"":""393dc7e0-9f17-413f-bdbf-430cb09b9e18""}",2026-03-28T07:45:55.322943665Z
[DB] Synced 1 accounts to database,info,"{""level"":""info""}","{""project"":""ce3616d9-58ad-4ec7-a294-1821e1564434"",""environment"":""fb6513d0-42a4-4660-82b5-509c54b15f2a"",""service"":""4978aa94-666c-47c7-8024-3ada55195a51"",""deployment"":""e15128e0-a06e-4ecc-a154-cf21da1d2ead"",""replica"":""393dc7e0-9f17-413f-bdbf-430cb09b9e18""}",2026-03-28T07:46:25.329394459Z
[DB] Synced 1 accounts to database,info,"{""level"":""info""}","{""project"":""ce3616d9-58ad-4ec7-a294-1821e1564434"",""environment"":""fb6513d0-42a4-4660-82b5-509c54b15f2a"",""service"":""4978aa94-666c-47c7-8024-3ada55195a51"",""deployment"":""e15128e0-a06e-4ecc-a154-cf21da1d2ead"",""replica"":""393dc7e0-9f17-413f-bdbf-430cb09b9e18""}",2026-03-28T07:46:55.336912283Z
[DB] Synced 1 accounts to database,info,"{""level"":""info""}","{""project"":""ce3616d9-58ad-4ec7-a294-1821e1564434"",""environment"":""fb6513d0-42a4-4660-82b5-509c54b15f2a"",""service"":""4978aa94-666c-47c7-8024-3ada55195a51"",""deployment"":""e15128e0-a06e-4ecc-a154-cf21da1d2ead"",""replica"":""393dc7e0-9f17-413f-bdbf-430cb09b9e18""}",2026-03-28T07:47:25.531046074Z
[DB] Synced 1 accounts to database,info,"{""level"":""info""}","{""project"":""ce3616d9-58ad-4ec7-a294-1821e1564434"",""environment"":""fb6513d0-42a4-4660-82b5-509c54b15f2a"",""service"":""4978aa94-666c-47c7-8024-3ada55195a51"",""deployment"":""e15128e0-a06e-4ecc-a154-cf21da1d2ead"",""replica"":""393dc7e0-9f17-413f-bdbf-430cb09b9e18""}",2026-03-28T07:47:55.531419487Z
[DB] Synced 1 accounts to database,info,"{""level"":""info""}","{""project"":""ce3616d9-58ad-4ec7-a294-1821e1564434"",""environment"":""fb6513d0-42a4-4660-82b5-509c54b15f2a"",""service"":""4978aa94-666c-47c7-8024-3ada55195a51"",""deployment"":""e15128e0-a06e-4ecc-a154-cf21da1d2ead"",""replica"":""393dc7e0-9f17-413f-bdbf-430cb09b9e18""}",2026-03-28T07:48:25.687346748Z
[DB] Synced 1 accounts to database,info,"{""level"":""info""}","{""project"":""ce3616d9-58ad-4ec7-a294-1821e1564434"",""environment"":""fb6513d0-42a4-4660-82b5-509c54b15f2a"",""service"":""4978aa94-666c-47c7-8024-3ada55195a51"",""deployment"":""e15128e0-a06e-4ecc-a154-cf21da1d2ead"",""replica"":""393dc7e0-9f17-413f-bdbf-430cb09b9e18""}",2026-03-28T07:48:55.813044224Z
[DB] Synced 1 accounts to database,info,"{""level"":""info""}","{""project"":""ce3616d9-58ad-4ec7-a294-1821e1564434"",""environment"":""fb6513d0-42a4-4660-82b5-509c54b15f2a"",""service"":""4978aa94-666c-47c7-8024-3ada55195a51"",""deployment"":""e15128e0-a06e-4ecc-a154-cf21da1d2ead"",""replica"":""393dc7e0-9f17-413f-bdbf-430cb09b9e18""}",2026-03-28T07:49:25.834197441Z
[DB] Synced 1 accounts to database,info,"{""level"":""info""}","{""project"":""ce3616d9-58ad-4ec7-a294-1821e1564434"",""environment"":""fb6513d0-42a4-4660-82b5-509c54b15f2a"",""service"":""4978aa94-666c-47c7-8024-3ada55195a51"",""deployment"":""e15128e0-a06e-4ecc-a154-cf21da1d2ead"",""replica"":""393dc7e0-9f17-413f-bdbf-430cb09b9e18""}",2026-03-28T07:49:55.856569788Z
[DB] Synced 1 accounts to database,info,"{""level"":""info""}","{""project"":""ce3616d9-58ad-4ec7-a294-1821e1564434"",""environment"":""fb6513d0-42a4-4660-82b5-509c54b15f2a"",""service"":""4978aa94-666c-47c7-8024-3ada55195a51"",""deployment"":""e15128e0-a06e-4ecc-a154-cf21da1d2ead"",""replica"":""393dc7e0-9f17-413f-bdbf-430cb09b9e18""}",2026-03-28T07:50:26.194273556Z
[DB] Synced 1 accounts to database,info,"{""level"":""info""}","{""project"":""ce3616d9-58ad-4ec7-a294-1821e1564434"",""environment"":""fb6513d0-42a4-4660-82b5-509c54b15f2a"",""service"":""4978aa94-666c-47c7-8024-3ada55195a51"",""deployment"":""e15128e0-a06e-4ecc-a154-cf21da1d2ead"",""replica"":""393dc7e0-9f17-413f-bdbf-430cb09b9e18""}",2026-03-28T07:50:56.180952744Z
[DB] Synced 1 accounts to database,info,"{""level"":""info""}","{""project"":""ce3616d9-58ad-4ec7-a294-1821e1564434"",""environment"":""fb6513d0-42a4-4660-82b5-509c54b15f2a"",""service"":""4978aa94-666c-47c7-8024-3ada55195a51"",""deployment"":""e15128e0-a06e-4ecc-a154-cf21da1d2ead"",""replica"":""393dc7e0-9f17-413f-bdbf-430cb09b9e18""}",2026-03-28T07:51:25.835515691Z
[DB] Synced 1 accounts to database,info,"{""level"":""info""}","{""project"":""ce3616d9-58ad-4ec7-a294-1821e1564434"",""environment"":""fb6513d0-42a4-4660-82b5-509c54b15f2a"",""service"":""4978aa94-666c-47c7-8024-3ada55195a51"",""deployment"":""e15128e0-a06e-4ecc-a154-cf21da1d2ead"",""replica"":""393dc7e0-9f17-413f-bdbf-430cb09b9e18""}",2026-03-28T07:51:55.785907248Z
[DB] Synced 1 accounts to database,info,"{""level"":""info""}","{""project"":""ce3616d9-58ad-4ec7-a294-1821e1564434"",""environment"":""fb6513d0-42a4-4660-82b5-509c54b15f2a"",""service"":""4978aa94-666c-47c7-8024-3ada55195a51"",""deployment"":""e15128e0-a06e-4ecc-a154-cf21da1d2ead"",""replica"":""393dc7e0-9f17-413f-bdbf-430cb09b9e18""}",2026-03-28T07:52:25.657399492Z
[DB] Synced 1 accounts to database,info,"{""level"":""info""}","{""project"":""ce3616d9-58ad-4ec7-a294-1821e1564434"",""environment"":""fb6513d0-42a4-4660-82b5-509c54b15f2a"",""service"":""4978aa94-666c-47c7-8024-3ada55195a51"",""deployment"":""e15128e0-a06e-4ecc-a154-cf21da1d2ead"",""replica"":""393dc7e0-9f17-413f-bdbf-430cb09b9e18""}",2026-03-28T07:52:55.819274036Z
[DB] Synced 1 accounts to database,info,"{""level"":""info""}","{""project"":""ce3616d9-58ad-4ec7-a294-1821e1564434"",""environment"":""fb6513d0-42a4-4660-82b5-509c54b15f2a"",""service"":""4978aa94-666c-47c7-8024-3ada55195a51"",""deployment"":""e15128e0-a06e-4ecc-a154-cf21da1d2ead"",""replica"":""393dc7e0-9f17-413f-bdbf-430cb09b9e18""}",2026-03-28T07:53:25.620905159Z
[DB] Synced 1 accounts to database,info,"{""level"":""info""}","{""project"":""ce3616d9-58ad-4ec7-a294-1821e1564434"",""environment"":""fb6513d0-42a4-4660-82b5-509c54b15f2a"",""service"":""4978aa94-666c-47c7-8024-3ada55195a51"",""deployment"":""e15128e0-a06e-4ecc-a154-cf21da1d2ead"",""replica"":""393dc7e0-9f17-413f-bdbf-430cb09b9e18""}",2026-03-28T07:53:55.739629135Z
[DB] Synced 1 accounts to database,info,"{""level"":""info""}","{""project"":""ce3616d9-58ad-4ec7-a294-1821e1564434"",""environment"":""fb6513d0-42a4-4660-82b5-509c54b15f2a"",""service"":""4978aa94-666c-47c7-8024-3ada55195a51"",""deployment"":""e15128e0-a06e-4ecc-a154-cf21da1d2ead"",""replica"":""393dc7e0-9f17-413f-bdbf-430cb09b9e18""}",2026-03-28T07:54:25.639228213Z
[DB] Synced 1 accounts to database,info,"{""level"":""info""}","{""project"":""ce3616d9-58ad-4ec7-a294-1821e1564434"",""environment"":""fb6513d0-42a4-4660-82b5-509c54b15f2a"",""service"":""4978aa94-666c-47c7-8024-3ada55195a51"",""deployment"":""e15128e0-a06e-4ecc-a154-cf21da1d2ead"",""replica"":""393dc7e0-9f17-413f-bdbf-430cb09b9e18""}",2026-03-28T07:54:55.952400496Z
[DB] Synced 1 accounts to database,info,"{""level"":""info""}","{""project"":""ce3616d9-58ad-4ec7-a294-1821e1564434"",""environment"":""fb6513d0-42a4-4660-82b5-509c54b15f2a"",""service"":""4978aa94-666c-47c7-8024-3ada55195a51"",""deployment"":""e15128e0-a06e-4ecc-a154-cf21da1d2ead"",""replica"":""393dc7e0-9f17-413f-bdbf-430cb09b9e18""}",2026-03-28T07:55:26.126151654Z
[DB] Synced 1 accounts to database,info,"{""level"":""info""}","{""project"":""ce3616d9-58ad-4ec7-a294-1821e1564434"",""environment"":""fb6513d0-42a4-4660-82b5-509c54b15f2a"",""service"":""4978aa94-666c-47c7-8024-3ada55195a51"",""deployment"":""e15128e0-a06e-4ecc-a154-cf21da1d2ead"",""replica"":""393dc7e0-9f17-413f-bdbf-430cb09b9e18""}",2026-03-28T07:55:56.918281391Z
[DB] Synced 1 accounts to database,info,"{""level"":""info""}","{""project"":""ce3616d9-58ad-4ec7-a294-1821e1564434"",""environment"":""fb6513d0-42a4-4660-82b5-509c54b15f2a"",""service"":""4978aa94-666c-47c7-8024-3ada55195a51"",""deployment"":""e15128e0-a06e-4ecc-a154-cf21da1d2ead"",""replica"":""393dc7e0-9f17-413f-bdbf-430cb09b9e18""}",2026-03-28T07:56:27.114306614Z
[DB] Synced 1 accounts to database,info,"{""level"":""info""}","{""project"":""ce3616d9-58ad-4ec7-a294-1821e1564434"",""environment"":""fb6513d0-42a4-4660-82b5-509c54b15f2a"",""service"":""4978aa94-666c-47c7-8024-3ada55195a51"",""deployment"":""e15128e0-a06e-4ecc-a154-cf21da1d2ead"",""replica"":""393dc7e0-9f17-413f-bdbf-430cb09b9e18""}",2026-03-28T07:56:57.064537763Z
[DB] Synced 1 accounts to database,info,"{""level"":""info""}","{""project"":""ce3616d9-58ad-4ec7-a294-1821e1564434"",""environment"":""fb6513d0-42a4-4660-82b5-509c54b15f2a"",""service"":""4978aa94-666c-47c7-8024-3ada55195a51"",""deployment"":""e15128e0-a06e-4ecc-a154-cf21da1d2ead"",""replica"":""393dc7e0-9f17-413f-bdbf-430cb09b9e18""}",2026-03-28T07:57:27.048329937Z
[DB] Synced 1 accounts to database,info,"{""level"":""info""}","{""project"":""ce3616d9-58ad-4ec7-a294-1821e1564434"",""environment"":""fb6513d0-42a4-4660-82b5-509c54b15f2a"",""service"":""4978aa94-666c-47c7-8024-3ada55195a51"",""deployment"":""e15128e0-a06e-4ecc-a154-cf21da1d2ead"",""replica"":""393dc7e0-9f17-413f-bdbf-430cb09b9e18""}",2026-03-28T07:57:57.209769151Z
[DB] Synced 1 accounts to database,info,"{""level"":""info""}","{""project"":""ce3616d9-58ad-4ec7-a294-1821e1564434"",""environment"":""fb6513d0-42a4-4660-82b5-509c54b15f2a"",""service"":""4978aa94-666c-47c7-8024-3ada55195a51"",""deployment"":""e15128e0-a06e-4ecc-a154-cf21da1d2ead"",""replica"":""393dc7e0-9f17-413f-bdbf-430cb09b9e18""}",2026-03-28T07:58:27.204413331Z
[DB] Synced 1 accounts to database,info,"{""level"":""info""}","{""project"":""ce3616d9-58ad-4ec7-a294-1821e1564434"",""environment"":""fb6513d0-42a4-4660-82b5-509c54b15f2a"",""service"":""4978aa94-666c-47c7-8024-3ada55195a51"",""deployment"":""e15128e0-a06e-4ecc-a154-cf21da1d2ead"",""replica"":""393dc7e0-9f17-413f-bdbf-430cb09b9e18""}",2026-03-28T07:58:57.606394168Z
[DB] Synced 1 accounts to database,info,"{""level"":""info""}","{""project"":""ce3616d9-58ad-4ec7-a294-1821e1564434"",""environment"":""fb6513d0-42a4-4660-82b5-509c54b15f2a"",""service"":""4978aa94-666c-47c7-8024-3ada55195a51"",""deployment"":""e15128e0-a06e-4ecc-a154-cf21da1d2ead"",""replica"":""393dc7e0-9f17-413f-bdbf-430cb09b9e18""}",2026-03-28T07:59:27.571617746Z
[DB] Synced 1 accounts to database,info,"{""level"":""info""}","{""project"":""ce3616d9-58ad-4ec7-a294-1821e1564434"",""environment"":""fb6513d0-42a4-4660-82b5-509c54b15f2a"",""service"":""4978aa94-666c-47c7-8024-3ada55195a51"",""deployment"":""e15128e0-a06e-4ecc-a154-cf21da1d2ead"",""replica"":""393dc7e0-9f17-413f-bdbf-430cb09b9e18""}",2026-03-28T07:59:57.334342656Z
[DB] Synced 1 accounts to database,info,"{""level"":""info""}","{""project"":""ce3616d9-58ad-4ec7-a294-1821e1564434"",""environment"":""fb6513d0-42a4-4660-82b5-509c54b15f2a"",""service"":""4978aa94-666c-47c7-8024-3ada55195a51"",""deployment"":""e15128e0-a06e-4ecc-a154-cf21da1d2ead"",""replica"":""393dc7e0-9f17-413f-bdbf-430cb09b9e18""}",2026-03-28T08:00:27.343843831Z
[DB] Synced 1 accounts to database,info,"{""level"":""info""}","{""project"":""ce3616d9-58ad-4ec7-a294-1821e1564434"",""environment"":""fb6513d0-42a4-4660-82b5-509c54b15f2a"",""service"":""4978aa94-666c-47c7-8024-3ada55195a51"",""deployment"":""e15128e0-a06e-4ecc-a154-cf21da1d2ead"",""replica"":""393dc7e0-9f17-413f-bdbf-430cb09b9e18""}",2026-03-28T08:00:57.274962516Z
[DB] Synced 1 accounts to database,info,"{""level"":""info""}","{""project"":""ce3616d9-58ad-4ec7-a294-1821e1564434"",""environment"":""fb6513d0-42a4-4660-82b5-509c54b15f2a"",""service"":""4978aa94-666c-47c7-8024-3ada55195a51"",""deployment"":""e15128e0-a06e-4ecc-a154-cf21da1d2ead"",""replica"":""393dc7e0-9f17-413f-bdbf-430cb09b9e18""}",2026-03-28T08:01:27.243660236Z
[DB] Synced 1 accounts to database,info,"{""level"":""info""}","{""project"":""ce3616d9-58ad-4ec7-a294-1821e1564434"",""environment"":""fb6513d0-42a4-4660-82b5-509c54b15f2a"",""service"":""4978aa94-666c-47c7-8024-3ada55195a51"",""deployment"":""e15128e0-a06e-4ecc-a154-cf21da1d2ead"",""replica"":""393dc7e0-9f17-413f-bdbf-430cb09b9e18""}",2026-03-28T08:01:57.450583888Z
[DB] Synced 1 accounts to database,info,"{""level"":""info""}","{""project"":""ce3616d9-58ad-4ec7-a294-1821e1564434"",""environment"":""fb6513d0-42a4-4660-82b5-509c54b15f2a"",""service"":""4978aa94-666c-47c7-8024-3ada55195a51"",""deployment"":""e15128e0-a06e-4ecc-a154-cf21da1d2ead"",""replica"":""393dc7e0-9f17-413f-bdbf-430cb09b9e18""}",2026-03-28T08:02:27.613976128Z
[DB] Synced 1 accounts to database,info,"{""level"":""info""}","{""project"":""ce3616d9-58ad-4ec7-a294-1821e1564434"",""environment"":""fb6513d0-42a4-4660-82b5-509c54b15f2a"",""service"":""4978aa94-666c-47c7-8024-3ada55195a51"",""deployment"":""e15128e0-a06e-4ecc-a154-cf21da1d2ead"",""replica"":""393dc7e0-9f17-413f-bdbf-430cb09b9e18""}",2026-03-28T08:02:57.514811863Z
[DB] Synced 1 accounts to database,info,"{""level"":""info""}","{""project"":""ce3616d9-58ad-4ec7-a294-1821e1564434"",""environment"":""fb6513d0-42a4-4660-82b5-509c54b15f2a"",""service"":""4978aa94-666c-47c7-8024-3ada55195a51"",""deployment"":""e15128e0-a06e-4ecc-a154-cf21da1d2ead"",""replica"":""393dc7e0-9f17-413f-bdbf-430cb09b9e18""}",2026-03-28T08:03:27.741798690Z
[DB] Synced 1 accounts to database,info,"{""level"":""info""}","{""project"":""ce3616d9-58ad-4ec7-a294-1821e1564434"",""environment"":""fb6513d0-42a4-4660-82b5-509c54b15f2a"",""service"":""4978aa94-666c-47c7-8024-3ada55195a51"",""deployment"":""e15128e0-a06e-4ecc-a154-cf21da1d2ead"",""replica"":""393dc7e0-9f17-413f-bdbf-430cb09b9e18""}",2026-03-28T08:03:58.192515305Z
[DB] Synced 1 accounts to database,info,"{""level"":""info""}","{""project"":""ce3616d9-58ad-4ec7-a294-1821e1564434"",""environment"":""fb6513d0-42a4-4660-82b5-509c54b15f2a"",""service"":""4978aa94-666c-47c7-8024-3ada55195a51"",""deployment"":""e15128e0-a06e-4ecc-a154-cf21da1d2ead"",""replica"":""393dc7e0-9f17-413f-bdbf-430cb09b9e18""}",2026-03-28T08:04:28.236897480Z
[DB] Synced 1 accounts to database,info,"{""level"":""info""}","{""project"":""ce3616d9-58ad-4ec7-a294-1821e1564434"",""environment"":""fb6513d0-42a4-4660-82b5-509c54b15f2a"",""service"":""4978aa94-666c-47c7-8024-3ada55195a51"",""deployment"":""e15128e0-a06e-4ecc-a154-cf21da1d2ead"",""replica"":""393dc7e0-9f17-413f-bdbf-430cb09b9e18""}",2026-03-28T08:04:58.718438476Z
[DB] Synced 1 accounts to database,info,"{""level"":""info""}","{""project"":""ce3616d9-58ad-4ec7-a294-1821e1564434"",""environment"":""fb6513d0-42a4-4660-82b5-509c54b15f2a"",""service"":""4978aa94-666c-47c7-8024-3ada55195a51"",""deployment"":""e15128e0-a06e-4ecc-a154-cf21da1d2ead"",""replica"":""393dc7e0-9f17-413f-bdbf-430cb09b9e18""}",2026-03-28T08:05:28.887173417Z
[DB] Synced 1 accounts to database,info,"{""level"":""info""}","{""project"":""ce3616d9-58ad-4ec7-a294-1821e1564434"",""environment"":""fb6513d0-42a4-4660-82b5-509c54b15f2a"",""service"":""4978aa94-666c-47c7-8024-3ada55195a51"",""deployment"":""e15128e0-a06e-4ecc-a154-cf21da1d2ead"",""replica"":""393dc7e0-9f17-413f-bdbf-430cb09b9e18""}",2026-03-28T08:05:58.911759477Z
[DB] Synced 1 accounts to database,info,"{""level"":""info""}","{""project"":""ce3616d9-58ad-4ec7-a294-1821e1564434"",""environment"":""fb6513d0-42a4-4660-82b5-509c54b15f2a"",""service"":""4978aa94-666c-47c7-8024-3ada55195a51"",""deployment"":""e15128e0-a06e-4ecc-a154-cf21da1d2ead"",""replica"":""393dc7e0-9f17-413f-bdbf-430cb09b9e18""}",2026-03-28T08:06:29.461790476Z
[DB] Synced 1 accounts to database,info,"{""level"":""info""}","{""project"":""ce3616d9-58ad-4ec7-a294-1821e1564434"",""environment"":""fb6513d0-42a4-4660-82b5-509c54b15f2a"",""service"":""4978aa94-666c-47c7-8024-3ada55195a51"",""deployment"":""e15128e0-a06e-4ecc-a154-cf21da1d2ead"",""replica"":""393dc7e0-9f17-413f-bdbf-430cb09b9e18""}",2026-03-28T08:06:59.522877771Z
[DB] Synced 1 accounts to database,info,"{""level"":""info""}","{""project"":""ce3616d9-58ad-4ec7-a294-1821e1564434"",""environment"":""fb6513d0-42a4-4660-82b5-509c54b15f2a"",""service"":""4978aa94-666c-47c7-8024-3ada55195a51"",""deployment"":""e15128e0-a06e-4ecc-a154-cf21da1d2ead"",""replica"":""393dc7e0-9f17-413f-bdbf-430cb09b9e18""}",2026-03-28T08:07:29.716673579Z
[DB] Synced 1 accounts to database,info,"{""level"":""info""}","{""project"":""ce3616d9-58ad-4ec7-a294-1821e1564434"",""environment"":""fb6513d0-42a4-4660-82b5-509c54b15f2a"",""service"":""4978aa94-666c-47c7-8024-3ada55195a51"",""deployment"":""e15128e0-a06e-4ecc-a154-cf21da1d2ead"",""replica"":""393dc7e0-9f17-413f-bdbf-430cb09b9e18""}",2026-03-28T08:07:59.740790180Z
[DB] Synced 1 accounts to database,info,"{""level"":""info""}","{""project"":""ce3616d9-58ad-4ec7-a294-1821e1564434"",""environment"":""fb6513d0-42a4-4660-82b5-509c54b15f2a"",""service"":""4978aa94-666c-47c7-8024-3ada55195a51"",""deployment"":""e15128e0-a06e-4ecc-a154-cf21da1d2ead"",""replica"":""393dc7e0-9f17-413f-bdbf-430cb09b9e18""}",2026-03-28T08:08:29.898726361Z
[DB] Synced 1 accounts to database,info,"{""level"":""info""}","{""project"":""ce3616d9-58ad-4ec7-a294-1821e1564434"",""environment"":""fb6513d0-42a4-4660-82b5-509c54b15f2a"",""service"":""4978aa94-666c-47c7-8024-3ada55195a51"",""deployment"":""e15128e0-a06e-4ecc-a154-cf21da1d2ead"",""replica"":""393dc7e0-9f17-413f-bdbf-430cb09b9e18""}",2026-03-28T08:09:00.254279924Z
[DB] Synced 1 accounts to database,info,"{""level"":""info""}","{""project"":""ce3616d9-58ad-4ec7-a294-1821e1564434"",""environment"":""fb6513d0-42a4-4660-82b5-509c54b15f2a"",""service"":""4978aa94-666c-47c7-8024-3ada55195a51"",""deployment"":""e15128e0-a06e-4ecc-a154-cf21da1d2ead"",""replica"":""393dc7e0-9f17-413f-bdbf-430cb09b9e18""}",2026-03-28T08:09:30.156497231Z
[DB] Synced 1 accounts to database,info,"{""level"":""info""}","{""project"":""ce3616d9-58ad-4ec7-a294-1821e1564434"",""environment"":""fb6513d0-42a4-4660-82b5-509c54b15f2a"",""service"":""4978aa94-666c-47c7-8024-3ada55195a51"",""deployment"":""e15128e0-a06e-4ecc-a154-cf21da1d2ead"",""replica"":""393dc7e0-9f17-413f-bdbf-430cb09b9e18""}",2026-03-28T08:09:59.992483640Z
[DB] Synced 1 accounts to database,info,"{""level"":""info""}","{""project"":""ce3616d9-58ad-4ec7-a294-1821e1564434"",""environment"":""fb6513d0-42a4-4660-82b5-509c54b15f2a"",""service"":""4978aa94-666c-47c7-8024-3ada55195a51"",""deployment"":""e15128e0-a06e-4ecc-a154-cf21da1d2ead"",""replica"":""393dc7e0-9f17-413f-bdbf-430cb09b9e18""}",2026-03-28T08:10:30.527608736Z
[DB] Synced 1 accounts to database,info,"{""level"":""info""}","{""project"":""ce3616d9-58ad-4ec7-a294-1821e1564434"",""environment"":""fb6513d0-42a4-4660-82b5-509c54b15f2a"",""service"":""4978aa94-666c-47c7-8024-3ada55195a51"",""deployment"":""e15128e0-a06e-4ecc-a154-cf21da1d2ead"",""replica"":""393dc7e0-9f17-413f-bdbf-430cb09b9e18""}",2026-03-28T08:11:00.864995089Z
[DB] Synced 1 accounts to database,info,"{""level"":""info""}","{""project"":""ce3616d9-58ad-4ec7-a294-1821e1564434"",""environment"":""fb6513d0-42a4-4660-82b5-509c54b15f2a"",""service"":""4978aa94-666c-47c7-8024-3ada55195a51"",""deployment"":""e15128e0-a06e-4ecc-a154-cf21da1d2ead"",""replica"":""393dc7e0-9f17-413f-bdbf-430cb09b9e18""}",2026-03-28T08:11:31.072193798Z
[DB] Synced 1 accounts to database,info,"{""level"":""info""}","{""project"":""ce3616d9-58ad-4ec7-a294-1821e1564434"",""environment"":""fb6513d0-42a4-4660-82b5-509c54b15f2a"",""service"":""4978aa94-666c-47c7-8024-3ada55195a51"",""deployment"":""e15128e0-a06e-4ecc-a154-cf21da1d2ead"",""replica"":""393dc7e0-9f17-413f-bdbf-430cb09b9e18""}",2026-03-28T08:12:01.075894914Z
[DB] Synced 1 accounts to database,info,"{""level"":""info""}","{""project"":""ce3616d9-58ad-4ec7-a294-1821e1564434"",""environment"":""fb6513d0-42a4-4660-82b5-509c54b15f2a"",""service"":""4978aa94-666c-47c7-8024-3ada55195a51"",""deployment"":""e15128e0-a06e-4ecc-a154-cf21da1d2ead"",""replica"":""393dc7e0-9f17-413f-bdbf-430cb09b9e18""}",2026-03-28T08:12:31.247236503Z
[DB] Synced 1 accounts to database,info,"{""level"":""info""}","{""project"":""ce3616d9-58ad-4ec7-a294-1821e1564434"",""environment"":""fb6513d0-42a4-4660-82b5-509c54b15f2a"",""service"":""4978aa94-666c-47c7-8024-3ada55195a51"",""deployment"":""e15128e0-a06e-4ecc-a154-cf21da1d2ead"",""replica"":""393dc7e0-9f17-413f-bdbf-430cb09b9e18""}",2026-03-28T08:13:01.698687478Z
[DB] Synced 1 accounts to database,info,"{""level"":""info""}","{""project"":""ce3616d9-58ad-4ec7-a294-1821e1564434"",""environment"":""fb6513d0-42a4-4660-82b5-509c54b15f2a"",""service"":""4978aa94-666c-47c7-8024-3ada55195a51"",""deployment"":""e15128e0-a06e-4ecc-a154-cf21da1d2ead"",""replica"":""393dc7e0-9f17-413f-bdbf-430cb09b9e18""}",2026-03-28T08:13:31.625259037Z
[DB] Synced 1 accounts to database,info,"{""level"":""info""}","{""project"":""ce3616d9-58ad-4ec7-a294-1821e1564434"",""environment"":""fb6513d0-42a4-4660-82b5-509c54b15f2a"",""service"":""4978aa94-666c-47c7-8024-3ada55195a51"",""deployment"":""e15128e0-a06e-4ecc-a154-cf21da1d2ead"",""replica"":""393dc7e0-9f17-413f-bdbf-430cb09b9e18""}",2026-03-28T08:14:01.653757813Z
[DB] Synced 1 accounts to database,info,"{""level"":""info""}","{""project"":""ce3616d9-58ad-4ec7-a294-1821e1564434"",""environment"":""fb6513d0-42a4-4660-82b5-509c54b15f2a"",""service"":""4978aa94-666c-47c7-8024-3ada55195a51"",""deployment"":""e15128e0-a06e-4ecc-a154-cf21da1d2ead"",""replica"":""393dc7e0-9f17-413f-bdbf-430cb09b9e18""}",2026-03-28T08:14:31.721733576Z
[DB] Synced 1 accounts to database,info,"{""level"":""info""}","{""project"":""ce3616d9-58ad-4ec7-a294-1821e1564434"",""environment"":""fb6513d0-42a4-4660-82b5-509c54b15f2a"",""service"":""4978aa94-666c-47c7-8024-3ada55195a51"",""deployment"":""e15128e0-a06e-4ecc-a154-cf21da1d2ead"",""replica"":""393dc7e0-9f17-413f-bdbf-430cb09b9e18""}",2026-03-28T08:15:01.830937615Z
[DB] Synced 1 accounts to database,info,"{""level"":""info""}","{""project"":""ce3616d9-58ad-4ec7-a294-1821e1564434"",""environment"":""fb6513d0-42a4-4660-82b5-509c54b15f2a"",""service"":""4978aa94-666c-47c7-8024-3ada55195a51"",""deployment"":""e15128e0-a06e-4ecc-a154-cf21da1d2ead"",""replica"":""393dc7e0-9f17-413f-bdbf-430cb09b9e18""}",2026-03-28T08:15:32.225539354Z
[DB] Synced 1 accounts to database,info,"{""level"":""info""}","{""project"":""ce3616d9-58ad-4ec7-a294-1821e1564434"",""environment"":""fb6513d0-42a4-4660-82b5-509c54b15f2a"",""service"":""4978aa94-666c-47c7-8024-3ada55195a51"",""deployment"":""e15128e0-a06e-4ecc-a154-cf21da1d2ead"",""replica"":""393dc7e0-9f17-413f-bdbf-430cb09b9e18""}",2026-03-28T08:16:02.097963008Z
[DB] Synced 1 accounts to database,info,"{""level"":""info""}","{""project"":""ce3616d9-58ad-4ec7-a294-1821e1564434"",""environment"":""fb6513d0-42a4-4660-82b5-509c54b15f2a"",""service"":""4978aa94-666c-47c7-8024-3ada55195a51"",""deployment"":""e15128e0-a06e-4ecc-a154-cf21da1d2ead"",""replica"":""393dc7e0-9f17-413f-bdbf-430cb09b9e18""}",2026-03-28T08:16:32.098778767Z
[DB] Synced 1 accounts to database,info,"{""level"":""info""}","{""project"":""ce3616d9-58ad-4ec7-a294-1821e1564434"",""environment"":""fb6513d0-42a4-4660-82b5-509c54b15f2a"",""service"":""4978aa94-666c-47c7-8024-3ada55195a51"",""deployment"":""e15128e0-a06e-4ecc-a154-cf21da1d2ead"",""replica"":""393dc7e0-9f17-413f-bdbf-430cb09b9e18""}",2026-03-28T08:17:02.100783787Z
[DB] Synced 1 accounts to database,info,"{""level"":""info""}","{""project"":""ce3616d9-58ad-4ec7-a294-1821e1564434"",""environment"":""fb6513d0-42a4-4660-82b5-509c54b15f2a"",""service"":""4978aa94-666c-47c7-8024-3ada55195a51"",""deployment"":""e15128e0-a06e-4ecc-a154-cf21da1d2ead"",""replica"":""393dc7e0-9f17-413f-bdbf-430cb09b9e18""}",2026-03-28T08:17:32.456812555Z
[DB] Synced 1 accounts to database,info,"{""level"":""info""}","{""project"":""ce3616d9-58ad-4ec7-a294-1821e1564434"",""environment"":""fb6513d0-42a4-4660-82b5-509c54b15f2a"",""service"":""4978aa94-666c-47c7-8024-3ada55195a51"",""deployment"":""e15128e0-a06e-4ecc-a154-cf21da1d2ead"",""replica"":""393dc7e0-9f17-413f-bdbf-430cb09b9e18""}",2026-03-28T08:18:02.750064889Z
[DB] Synced 1 accounts to database,info,"{""level"":""info""}","{""project"":""ce3616d9-58ad-4ec7-a294-1821e1564434"",""environment"":""fb6513d0-42a4-4660-82b5-509c54b15f2a"",""service"":""4978aa94-666c-47c7-8024-3ada55195a51"",""deployment"":""e15128e0-a06e-4ecc-a154-cf21da1d2ead"",""replica"":""393dc7e0-9f17-413f-bdbf-430cb09b9e18""}",2026-03-28T08:18:32.543286947Z
[DB] Synced 1 accounts to database,info,"{""level"":""info""}","{""project"":""ce3616d9-58ad-4ec7-a294-1821e1564434"",""environment"":""fb6513d0-42a4-4660-82b5-509c54b15f2a"",""service"":""4978aa94-666c-47c7-8024-3ada55195a51"",""deployment"":""e15128e0-a06e-4ecc-a154-cf21da1d2ead"",""replica"":""393dc7e0-9f17-413f-bdbf-430cb09b9e18""}",2026-03-28T08:19:02.975219146Z
[DB] Synced 1 accounts to database,info,"{""level"":""info""}","{""project"":""ce3616d9-58ad-4ec7-a294-1821e1564434"",""environment"":""fb6513d0-42a4-4660-82b5-509c54b15f2a"",""service"":""4978aa94-666c-47c7-8024-3ada55195a51"",""deployment"":""e15128e0-a06e-4ecc-a154-cf21da1d2ead"",""replica"":""393dc7e0-9f17-413f-bdbf-430cb09b9e18""}",2026-03-28T08:19:33.210546658Z
[DB] Synced 1 accounts to database,info,"{""level"":""info""}","{""project"":""ce3616d9-58ad-4ec7-a294-1821e1564434"",""environment"":""fb6513d0-42a4-4660-82b5-509c54b15f2a"",""service"":""4978aa94-666c-47c7-8024-3ada55195a51"",""deployment"":""e15128e0-a06e-4ecc-a154-cf21da1d2ead"",""replica"":""393dc7e0-9f17-413f-bdbf-430cb09b9e18""}",2026-03-28T08:20:03.445537458Z
[DB] Synced 1 accounts to database,info,"{""level"":""info""}","{""project"":""ce3616d9-58ad-4ec7-a294-1821e1564434"",""environment"":""fb6513d0-42a4-4660-82b5-509c54b15f2a"",""service"":""4978aa94-666c-47c7-8024-3ada55195a51"",""deployment"":""e15128e0-a06e-4ecc-a154-cf21da1d2ead"",""replica"":""393dc7e0-9f17-413f-bdbf-430cb09b9e18""}",2026-03-28T08:20:33.779148134Z
[DB] Synced 1 accounts to database,info,"{""level"":""info""}","{""project"":""ce3616d9-58ad-4ec7-a294-1821e1564434"",""environment"":""fb6513d0-42a4-4660-82b5-509c54b15f2a"",""service"":""4978aa94-666c-47c7-8024-3ada55195a51"",""deployment"":""e15128e0-a06e-4ecc-a154-cf21da1d2ead"",""replica"":""393dc7e0-9f17-413f-bdbf-430cb09b9e18""}",2026-03-28T08:21:03.581914900Z
[DB] Synced 1 accounts to database,info,"{""level"":""info""}","{""project"":""ce3616d9-58ad-4ec7-a294-1821e1564434"",""environment"":""fb6513d0-42a4-4660-82b5-509c54b15f2a"",""service"":""4978aa94-666c-47c7-8024-3ada55195a51"",""deployment"":""e15128e0-a06e-4ecc-a154-cf21da1d2ead"",""replica"":""393dc7e0-9f17-413f-bdbf-430cb09b9e18""}",2026-03-28T08:21:33.960411628Z
[DB] Synced 1 accounts to database,info,"{""level"":""info""}","{""project"":""ce3616d9-58ad-4ec7-a294-1821e1564434"",""environment"":""fb6513d0-42a4-4660-82b5-509c54b15f2a"",""service"":""4978aa94-666c-47c7-8024-3ada55195a51"",""deployment"":""e15128e0-a06e-4ecc-a154-cf21da1d2ead"",""replica"":""393dc7e0-9f17-413f-bdbf-430cb09b9e18""}",2026-03-28T08:21:53.980230020Z
[DB] Synced 1 accounts to database,info,"{""level"":""info""}","{""project"":""ce3616d9-58ad-4ec7-a294-1821e1564434"",""environment"":""fb6513d0-42a4-4660-82b5-509c54b15f2a"",""service"":""4978aa94-666c-47c7-8024-3ada55195a51"",""deployment"":""e15128e0-a06e-4ecc-a154-cf21da1d2ead"",""replica"":""393dc7e0-9f17-413f-bdbf-430cb09b9e18""}",2026-03-28T08:22:24.079013416Z
[DB] Synced 1 accounts to database,info,"{""level"":""info""}","{""project"":""ce3616d9-58ad-4ec7-a294-1821e1564434"",""environment"":""fb6513d0-42a4-4660-82b5-509c54b15f2a"",""service"":""4978aa94-666c-47c7-8024-3ada55195a51"",""deployment"":""e15128e0-a06e-4ecc-a154-cf21da1d2ead"",""replica"":""393dc7e0-9f17-413f-bdbf-430cb09b9e18""}",2026-03-28T08:22:54.044119620Z
[DB] Synced 1 accounts to database,info,"{""level"":""info""}","{""project"":""ce3616d9-58ad-4ec7-a294-1821e1564434"",""environment"":""fb6513d0-42a4-4660-82b5-509c54b15f2a"",""service"":""4978aa94-666c-47c7-8024-3ada55195a51"",""deployment"":""e15128e0-a06e-4ecc-a154-cf21da1d2ead"",""replica"":""393dc7e0-9f17-413f-bdbf-430cb09b9e18""}",2026-03-28T08:23:24.072699459Z
[DB] Synced 1 accounts to database,info,"{""level"":""info""}","{""project"":""ce3616d9-58ad-4ec7-a294-1821e1564434"",""environment"":""fb6513d0-42a4-4660-82b5-509c54b15f2a"",""service"":""4978aa94-666c-47c7-8024-3ada55195a51"",""deployment"":""e15128e0-a06e-4ecc-a154-cf21da1d2ead"",""replica"":""393dc7e0-9f17-413f-bdbf-430cb09b9e18""}",2026-03-28T08:24:03.857163780Z
[DB] Synced 1 accounts to database,info,"{""level"":""info""}","{""project"":""ce3616d9-58ad-4ec7-a294-1821e1564434"",""environment"":""fb6513d0-42a4-4660-82b5-509c54b15f2a"",""service"":""4978aa94-666c-47c7-8024-3ada55195a51"",""deployment"":""e15128e0-a06e-4ecc-a154-cf21da1d2ead"",""replica"":""393dc7e0-9f17-413f-bdbf-430cb09b9e18""}",2026-03-28T08:24:33.741385696Z
[DB] Synced 1 accounts to database,info,"{""level"":""info""}","{""project"":""ce3616d9-58ad-4ec7-a294-1821e1564434"",""environment"":""fb6513d0-42a4-4660-82b5-509c54b15f2a"",""service"":""4978aa94-666c-47c7-8024-3ada55195a51"",""deployment"":""e15128e0-a06e-4ecc-a154-cf21da1d2ead"",""replica"":""393dc7e0-9f17-413f-bdbf-430cb09b9e18""}",2026-03-28T08:25:03.831120267Z
[DB] Synced 1 accounts to database,info,"{""level"":""info""}","{""project"":""ce3616d9-58ad-4ec7-a294-1821e1564434"",""environment"":""fb6513d0-42a4-4660-82b5-509c54b15f2a"",""service"":""4978aa94-666c-47c7-8024-3ada55195a51"",""deployment"":""e15128e0-a06e-4ecc-a154-cf21da1d2ead"",""replica"":""393dc7e0-9f17-413f-bdbf-430cb09b9e18""}",2026-03-28T08:25:33.787334898Z
[DB] Synced 1 accounts to database,info,"{""level"":""info""}","{""project"":""ce3616d9-58ad-4ec7-a294-1821e1564434"",""environment"":""fb6513d0-42a4-4660-82b5-509c54b15f2a"",""service"":""4978aa94-666c-47c7-8024-3ada55195a51"",""deployment"":""e15128e0-a06e-4ecc-a154-cf21da1d2ead"",""replica"":""393dc7e0-9f17-413f-bdbf-430cb09b9e18""}",2026-03-28T08:26:03.865062620Z
[DB] Synced 1 accounts to database,info,"{""level"":""info""}","{""project"":""ce3616d9-58ad-4ec7-a294-1821e1564434"",""environment"":""fb6513d0-42a4-4660-82b5-509c54b15f2a"",""service"":""4978aa94-666c-47c7-8024-3ada55195a51"",""deployment"":""e15128e0-a06e-4ecc-a154-cf21da1d2ead"",""replica"":""393dc7e0-9f17-413f-bdbf-430cb09b9e18""}",2026-03-28T08:26:33.566238632Z
[DB] Synced 1 accounts to database,info,"{""level"":""info""}","{""project"":""ce3616d9-58ad-4ec7-a294-1821e1564434"",""environment"":""fb6513d0-42a4-4660-82b5-509c54b15f2a"",""service"":""4978aa94-666c-47c7-8024-3ada55195a51"",""deployment"":""e15128e0-a06e-4ecc-a154-cf21da1d2ead"",""replica"":""393dc7e0-9f17-413f-bdbf-430cb09b9e18""}",2026-03-28T08:27:03.585092542Z
[DB] Synced 1 accounts to database,info,"{""level"":""info""}","{""project"":""ce3616d9-58ad-4ec7-a294-1821e1564434"",""environment"":""fb6513d0-42a4-4660-82b5-509c54b15f2a"",""service"":""4978aa94-666c-47c7-8024-3ada55195a51"",""deployment"":""e15128e0-a06e-4ecc-a154-cf21da1d2ead"",""replica"":""393dc7e0-9f17-413f-bdbf-430cb09b9e18""}",2026-03-28T08:27:33.649449506Z
[DB] Synced 1 accounts to database,info,"{""level"":""info""}","{""project"":""ce3616d9-58ad-4ec7-a294-1821e1564434"",""environment"":""fb6513d0-42a4-4660-82b5-509c54b15f2a"",""service"":""4978aa94-666c-47c7-8024-3ada55195a51"",""deployment"":""e15128e0-a06e-4ecc-a154-cf21da1d2ead"",""replica"":""393dc7e0-9f17-413f-bdbf-430cb09b9e18""}",2026-03-28T08:28:03.662735990Z
[DB] Synced 1 accounts to database,info,"{""level"":""info""}","{""project"":""ce3616d9-58ad-4ec7-a294-1821e1564434"",""environment"":""fb6513d0-42a4-4660-82b5-509c54b15f2a"",""service"":""4978aa94-666c-47c7-8024-3ada55195a51"",""deployment"":""e15128e0-a06e-4ecc-a154-cf21da1d2ead"",""replica"":""393dc7e0-9f17-413f-bdbf-430cb09b9e18""}",2026-03-28T08:28:33.921902467Z
[DB] Synced 1 accounts to database,info,"{""level"":""info""}","{""project"":""ce3616d9-58ad-4ec7-a294-1821e1564434"",""environment"":""fb6513d0-42a4-4660-82b5-509c54b15f2a"",""service"":""4978aa94-666c-47c7-8024-3ada55195a51"",""deployment"":""e15128e0-a06e-4ecc-a154-cf21da1d2ead"",""replica"":""393dc7e0-9f17-413f-bdbf-430cb09b9e18""}",2026-03-28T08:28:54.148962595Z
[DB] Synced 1 accounts to database,info,"{""level"":""info""}","{""project"":""ce3616d9-58ad-4ec7-a294-1821e1564434"",""environment"":""fb6513d0-42a4-4660-82b5-509c54b15f2a"",""service"":""4978aa94-666c-47c7-8024-3ada55195a51"",""deployment"":""e15128e0-a06e-4ecc-a154-cf21da1d2ead"",""replica"":""393dc7e0-9f17-413f-bdbf-430cb09b9e18""}",2026-03-28T08:29:24.287156781Z
[DB] Synced 1 accounts to database,info,"{""level"":""info""}","{""project"":""ce3616d9-58ad-4ec7-a294-1821e1564434"",""environment"":""fb6513d0-42a4-4660-82b5-509c54b15f2a"",""service"":""4978aa94-666c-47c7-8024-3ada55195a51"",""deployment"":""e15128e0-a06e-4ecc-a154-cf21da1d2ead"",""replica"":""393dc7e0-9f17-413f-bdbf-430cb09b9e18""}",2026-03-28T08:29:54.317433752Z
[DB] Synced 1 accounts to database,info,"{""level"":""info""}","{""project"":""ce3616d9-58ad-4ec7-a294-1821e1564434"",""environment"":""fb6513d0-42a4-4660-82b5-509c54b15f2a"",""service"":""4978aa94-666c-47c7-8024-3ada55195a51"",""deployment"":""e15128e0-a06e-4ecc-a154-cf21da1d2ead"",""replica"":""393dc7e0-9f17-413f-bdbf-430cb09b9e18""}",2026-03-28T08:30:24.377702167Z
[DB] Synced 1 accounts to database,info,"{""level"":""info""}","{""project"":""ce3616d9-58ad-4ec7-a294-1821e1564434"",""environment"":""fb6513d0-42a4-4660-82b5-509c54b15f2a"",""service"":""4978aa94-666c-47c7-8024-3ada55195a51"",""deployment"":""e15128e0-a06e-4ecc-a154-cf21da1d2ead"",""replica"":""393dc7e0-9f17-413f-bdbf-430cb09b9e18""}",2026-03-28T08:30:54.504907987Z
[DB] Synced 1 accounts to database,info,"{""level"":""info""}","{""project"":""ce3616d9-58ad-4ec7-a294-1821e1564434"",""environment"":""fb6513d0-42a4-4660-82b5-509c54b15f2a"",""service"":""4978aa94-666c-47c7-8024-3ada55195a51"",""deployment"":""e15128e0-a06e-4ecc-a154-cf21da1d2ead"",""replica"":""393dc7e0-9f17-413f-bdbf-430cb09b9e18""}",2026-03-28T08:31:24.605007516Z
[DB] Synced 1 accounts to database,info,"{""level"":""info""}","{""project"":""ce3616d9-58ad-4ec7-a294-1821e1564434"",""environment"":""fb6513d0-42a4-4660-82b5-509c54b15f2a"",""service"":""4978aa94-666c-47c7-8024-3ada55195a51"",""deployment"":""e15128e0-a06e-4ecc-a154-cf21da1d2ead"",""replica"":""393dc7e0-9f17-413f-bdbf-430cb09b9e18""}",2026-03-28T08:31:54.807132210Z
[DB] Synced 1 accounts to database,info,"{""level"":""info""}","{""project"":""ce3616d9-58ad-4ec7-a294-1821e1564434"",""environment"":""fb6513d0-42a4-4660-82b5-509c54b15f2a"",""service"":""4978aa94-666c-47c7-8024-3ada55195a51"",""deployment"":""e15128e0-a06e-4ecc-a154-cf21da1d2ead"",""replica"":""393dc7e0-9f17-413f-bdbf-430cb09b9e18""}",2026-03-28T08:32:24.765669792Z
[DB] Synced 1 accounts to database,info,"{""level"":""info""}","{""project"":""ce3616d9-58ad-4ec7-a294-1821e1564434"",""environment"":""fb6513d0-42a4-4660-82b5-509c54b15f2a"",""service"":""4978aa94-666c-47c7-8024-3ada55195a51"",""deployment"":""e15128e0-a06e-4ecc-a154-cf21da1d2ead"",""replica"":""393dc7e0-9f17-413f-bdbf-430cb09b9e18""}",2026-03-28T08:32:54.771119359Z
[DB] Synced 1 accounts to database,info,"{""level"":""info""}","{""project"":""ce3616d9-58ad-4ec7-a294-1821e1564434"",""environment"":""fb6513d0-42a4-4660-82b5-509c54b15f2a"",""service"":""4978aa94-666c-47c7-8024-3ada55195a51"",""deployment"":""e15128e0-a06e-4ecc-a154-cf21da1d2ead"",""replica"":""393dc7e0-9f17-413f-bdbf-430cb09b9e18""}",2026-03-28T08:33:24.795089632Z
[DB] Synced 1 accounts to database,info,"{""level"":""info""}","{""project"":""ce3616d9-58ad-4ec7-a294-1821e1564434"",""environment"":""fb6513d0-42a4-4660-82b5-509c54b15f2a"",""service"":""4978aa94-666c-47c7-8024-3ada55195a51"",""deployment"":""e15128e0-a06e-4ecc-a154-cf21da1d2ead"",""replica"":""393dc7e0-9f17-413f-bdbf-430cb09b9e18""}",2026-03-28T08:33:54.746106954Z
[DB] Synced 1 accounts to database,info,"{""level"":""info""}","{""project"":""ce3616d9-58ad-4ec7-a294-1821e1564434"",""environment"":""fb6513d0-42a4-4660-82b5-509c54b15f2a"",""service"":""4978aa94-666c-47c7-8024-3ada55195a51"",""deployment"":""e15128e0-a06e-4ecc-a154-cf21da1d2ead"",""replica"":""393dc7e0-9f17-413f-bdbf-430cb09b9e18""}",2026-03-28T08:34:25.189613495Z
[DB] Synced 1 accounts to database,info,"{""level"":""info""}","{""project"":""ce3616d9-58ad-4ec7-a294-1821e1564434"",""environment"":""fb6513d0-42a4-4660-82b5-509c54b15f2a"",""service"":""4978aa94-666c-47c7-8024-3ada55195a51"",""deployment"":""e15128e0-a06e-4ecc-a154-cf21da1d2ead"",""replica"":""393dc7e0-9f17-413f-bdbf-430cb09b9e18""}",2026-03-28T08:34:55.258248083Z
[DB] Synced 1 accounts to database,info,"{""level"":""info""}","{""project"":""ce3616d9-58ad-4ec7-a294-1821e1564434"",""environment"":""fb6513d0-42a4-4660-82b5-509c54b15f2a"",""service"":""4978aa94-666c-47c7-8024-3ada55195a51"",""deployment"":""e15128e0-a06e-4ecc-a154-cf21da1d2ead"",""replica"":""393dc7e0-9f17-413f-bdbf-430cb09b9e18""}",2026-03-28T08:35:25.280277362Z
[DB] Synced 1 accounts to database,info,"{""level"":""info""}","{""project"":""ce3616d9-58ad-4ec7-a294-1821e1564434"",""environment"":""fb6513d0-42a4-4660-82b5-509c54b15f2a"",""service"":""4978aa94-666c-47c7-8024-3ada55195a51"",""deployment"":""e15128e0-a06e-4ecc-a154-cf21da1d2ead"",""replica"":""393dc7e0-9f17-413f-bdbf-430cb09b9e18""}",2026-03-28T08:35:55.374848007Z
[DB] Synced 1 accounts to database,info,"{""level"":""info""}","{""project"":""ce3616d9-58ad-4ec7-a294-1821e1564434"",""environment"":""fb6513d0-42a4-4660-82b5-509c54b15f2a"",""service"":""4978aa94-666c-47c7-8024-3ada55195a51"",""deployment"":""e15128e0-a06e-4ecc-a154-cf21da1d2ead"",""replica"":""393dc7e0-9f17-413f-bdbf-430cb09b9e18""}",2026-03-28T08:36:25.272838341Z
[DB] Synced 1 accounts to database,info,"{""level"":""info""}","{""project"":""ce3616d9-58ad-4ec7-a294-1821e1564434"",""environment"":""fb6513d0-42a4-4660-82b5-509c54b15f2a"",""service"":""4978aa94-666c-47c7-8024-3ada55195a51"",""deployment"":""e15128e0-a06e-4ecc-a154-cf21da1d2ead"",""replica"":""393dc7e0-9f17-413f-bdbf-430cb09b9e18""}",2026-03-28T08:36:55.244080798Z
[DB] Synced 1 accounts to database,info,"{""level"":""info""}","{""project"":""ce3616d9-58ad-4ec7-a294-1821e1564434"",""environment"":""fb6513d0-42a4-4660-82b5-509c54b15f2a"",""service"":""4978aa94-666c-47c7-8024-3ada55195a51"",""deployment"":""e15128e0-a06e-4ecc-a154-cf21da1d2ead"",""replica"":""393dc7e0-9f17-413f-bdbf-430cb09b9e18""}",2026-03-28T08:37:25.528631991Z
[DB] Synced 1 accounts to database,info,"{""level"":""info""}","{""project"":""ce3616d9-58ad-4ec7-a294-1821e1564434"",""environment"":""fb6513d0-42a4-4660-82b5-509c54b15f2a"",""service"":""4978aa94-666c-47c7-8024-3ada55195a51"",""deployment"":""e15128e0-a06e-4ecc-a154-cf21da1d2ead"",""replica"":""393dc7e0-9f17-413f-bdbf-430cb09b9e18""}",2026-03-28T08:37:55.333669537Z
[DB] Synced 1 accounts to database,info,"{""level"":""info""}","{""project"":""ce3616d9-58ad-4ec7-a294-1821e1564434"",""environment"":""fb6513d0-42a4-4660-82b5-509c54b15f2a"",""service"":""4978aa94-666c-47c7-8024-3ada55195a51"",""deployment"":""e15128e0-a06e-4ecc-a154-cf21da1d2ead"",""replica"":""393dc7e0-9f17-413f-bdbf-430cb09b9e18""}",2026-03-28T08:38:25.243882186Z
[DB] Synced 1 accounts to database,info,"{""level"":""info""}","{""project"":""ce3616d9-58ad-4ec7-a294-1821e1564434"",""environment"":""fb6513d0-42a4-4660-82b5-509c54b15f2a"",""service"":""4978aa94-666c-47c7-8024-3ada55195a51"",""deployment"":""e15128e0-a06e-4ecc-a154-cf21da1d2ead"",""replica"":""393dc7e0-9f17-413f-bdbf-430cb09b9e18""}",2026-03-28T08:38:55.370902731Z
[DB] Synced 1 accounts to database,info,"{""level"":""info""}","{""project"":""ce3616d9-58ad-4ec7-a294-1821e1564434"",""environment"":""fb6513d0-42a4-4660-82b5-509c54b15f2a"",""service"":""4978aa94-666c-47c7-8024-3ada55195a51"",""deployment"":""e15128e0-a06e-4ecc-a154-cf21da1d2ead"",""replica"":""393dc7e0-9f17-413f-bdbf-430cb09b9e18""}",2026-03-28T08:39:25.540130711Z
[DB] Synced 1 accounts to database,info,"{""level"":""info""}","{""project"":""ce3616d9-58ad-4ec7-a294-1821e1564434"",""environment"":""fb6513d0-42a4-4660-82b5-509c54b15f2a"",""service"":""4978aa94-666c-47c7-8024-3ada55195a51"",""deployment"":""e15128e0-a06e-4ecc-a154-cf21da1d2ead"",""replica"":""393dc7e0-9f17-413f-bdbf-430cb09b9e18""}",2026-03-28T08:39:55.674697866Z
[DB] Synced 1 accounts to database,info,"{""level"":""info""}","{""project"":""ce3616d9-58ad-4ec7-a294-1821e1564434"",""environment"":""fb6513d0-42a4-4660-82b5-509c54b15f2a"",""service"":""4978aa94-666c-47c7-8024-3ada55195a51"",""deployment"":""e15128e0-a06e-4ecc-a154-cf21da1d2ead"",""replica"":""393dc7e0-9f17-413f-bdbf-430cb09b9e18""}",2026-03-28T08:40:26.145653341Z
[DB] Synced 1 accounts to database,info,"{""level"":""info""}","{""project"":""ce3616d9-58ad-4ec7-a294-1821e1564434"",""environment"":""fb6513d0-42a4-4660-82b5-509c54b15f2a"",""service"":""4978aa94-666c-47c7-8024-3ada55195a51"",""deployment"":""e15128e0-a06e-4ecc-a154-cf21da1d2ead"",""replica"":""393dc7e0-9f17-413f-bdbf-430cb09b9e18""}",2026-03-28T08:40:56.376303610Z
[DB] Synced 1 accounts to database,info,"{""level"":""info""}","{""project"":""ce3616d9-58ad-4ec7-a294-1821e1564434"",""environment"":""fb6513d0-42a4-4660-82b5-509c54b15f2a"",""service"":""4978aa94-666c-47c7-8024-3ada55195a51"",""deployment"":""e15128e0-a06e-4ecc-a154-cf21da1d2ead"",""replica"":""393dc7e0-9f17-413f-bdbf-430cb09b9e18""}",2026-03-28T08:41:26.366086126Z
[DB] Synced 1 accounts to database,info,"{""level"":""info""}","{""project"":""ce3616d9-58ad-4ec7-a294-1821e1564434"",""environment"":""fb6513d0-42a4-4660-82b5-509c54b15f2a"",""service"":""4978aa94-666c-47c7-8024-3ada55195a51"",""deployment"":""e15128e0-a06e-4ecc-a154-cf21da1d2ead"",""replica"":""393dc7e0-9f17-413f-bdbf-430cb09b9e18""}",2026-03-28T08:41:56.398188351Z
[DB] Synced 1 accounts to database,info,"{""level"":""info""}","{""project"":""ce3616d9-58ad-4ec7-a294-1821e1564434"",""environment"":""fb6513d0-42a4-4660-82b5-509c54b15f2a"",""service"":""4978aa94-666c-47c7-8024-3ada55195a51"",""deployment"":""e15128e0-a06e-4ecc-a154-cf21da1d2ead"",""replica"":""393dc7e0-9f17-413f-bdbf-430cb09b9e18""}",2026-03-28T08:42:26.399794940Z
[DB] Synced 1 accounts to database,info,"{""level"":""info""}","{""project"":""ce3616d9-58ad-4ec7-a294-1821e1564434"",""environment"":""fb6513d0-42a4-4660-82b5-509c54b15f2a"",""service"":""4978aa94-666c-47c7-8024-3ada55195a51"",""deployment"":""e15128e0-a06e-4ecc-a154-cf21da1d2ead"",""replica"":""393dc7e0-9f17-413f-bdbf-430cb09b9e18""}",2026-03-28T08:42:56.348170458Z
[DB] Synced 1 accounts to database,info,"{""level"":""info""}","{""project"":""ce3616d9-58ad-4ec7-a294-1821e1564434"",""environment"":""fb6513d0-42a4-4660-82b5-509c54b15f2a"",""service"":""4978aa94-666c-47c7-8024-3ada55195a51"",""deployment"":""e15128e0-a06e-4ecc-a154-cf21da1d2ead"",""replica"":""393dc7e0-9f17-413f-bdbf-430cb09b9e18""}",2026-03-28T08:43:26.406217825Z
[DB] Synced 1 accounts to database,info,"{""level"":""info""}","{""project"":""ce3616d9-58ad-4ec7-a294-1821e1564434"",""environment"":""fb6513d0-42a4-4660-82b5-509c54b15f2a"",""service"":""4978aa94-666c-47c7-8024-3ada55195a51"",""deployment"":""e15128e0-a06e-4ecc-a154-cf21da1d2ead"",""replica"":""393dc7e0-9f17-413f-bdbf-430cb09b9e18""}",2026-03-28T08:43:56.363243206Z
[DB] Synced 1 accounts to database,info,"{""level"":""info""}","{""project"":""ce3616d9-58ad-4ec7-a294-1821e1564434"",""environment"":""fb6513d0-42a4-4660-82b5-509c54b15f2a"",""service"":""4978aa94-666c-47c7-8024-3ada55195a51"",""deployment"":""e15128e0-a06e-4ecc-a154-cf21da1d2ead"",""replica"":""393dc7e0-9f17-413f-bdbf-430cb09b9e18""}",2026-03-28T08:44:26.315593396Z
[DB] Synced 1 accounts to database,info,"{""level"":""info""}","{""project"":""ce3616d9-58ad-4ec7-a294-1821e1564434"",""environment"":""fb6513d0-42a4-4660-82b5-509c54b15f2a"",""service"":""4978aa94-666c-47c7-8024-3ada55195a51"",""deployment"":""e15128e0-a06e-4ecc-a154-cf21da1d2ead"",""replica"":""393dc7e0-9f17-413f-bdbf-430cb09b9e18""}",2026-03-28T08:44:56.439482500Z
[DB] Synced 1 accounts to database,info,"{""level"":""info""}","{""project"":""ce3616d9-58ad-4ec7-a294-1821e1564434"",""environment"":""fb6513d0-42a4-4660-82b5-509c54b15f2a"",""service"":""4978aa94-666c-47c7-8024-3ada55195a51"",""deployment"":""e15128e0-a06e-4ecc-a154-cf21da1d2ead"",""replica"":""393dc7e0-9f17-413f-bdbf-430cb09b9e18""}",2026-03-28T08:45:26.559672479Z
[DB] Synced 1 accounts to database,info,"{""level"":""info""}","{""project"":""ce3616d9-58ad-4ec7-a294-1821e1564434"",""environment"":""fb6513d0-42a4-4660-82b5-509c54b15f2a"",""service"":""4978aa94-666c-47c7-8024-3ada55195a51"",""deployment"":""e15128e0-a06e-4ecc-a154-cf21da1d2ead"",""replica"":""393dc7e0-9f17-413f-bdbf-430cb09b9e18""}",2026-03-28T08:45:56.810909221Z
[DB] Synced 1 accounts to database,info,"{""level"":""info""}","{""project"":""ce3616d9-58ad-4ec7-a294-1821e1564434"",""environment"":""fb6513d0-42a4-4660-82b5-509c54b15f2a"",""service"":""4978aa94-666c-47c7-8024-3ada55195a51"",""deployment"":""e15128e0-a06e-4ecc-a154-cf21da1d2ead"",""replica"":""393dc7e0-9f17-413f-bdbf-430cb09b9e18""}",2026-03-28T08:46:26.804887056Z
[DB] Synced 1 accounts to database,info,"{""level"":""info""}","{""project"":""ce3616d9-58ad-4ec7-a294-1821e1564434"",""environment"":""fb6513d0-42a4-4660-82b5-509c54b15f2a"",""service"":""4978aa94-666c-47c7-8024-3ada55195a51"",""deployment"":""e15128e0-a06e-4ecc-a154-cf21da1d2ead"",""replica"":""393dc7e0-9f17-413f-bdbf-430cb09b9e18""}",2026-03-28T08:46:56.951594736Z
[DB] Synced 1 accounts to database,info,"{""level"":""info""}","{""project"":""ce3616d9-58ad-4ec7-a294-1821e1564434"",""environment"":""fb6513d0-42a4-4660-82b5-509c54b15f2a"",""service"":""4978aa94-666c-47c7-8024-3ada55195a51"",""deployment"":""e15128e0-a06e-4ecc-a154-cf21da1d2ead"",""replica"":""393dc7e0-9f17-413f-bdbf-430cb09b9e18""}",2026-03-28T08:47:26.779497476Z
[DB] Synced 1 accounts to database,info,"{""level"":""info""}","{""project"":""ce3616d9-58ad-4ec7-a294-1821e1564434"",""environment"":""fb6513d0-42a4-4660-82b5-509c54b15f2a"",""service"":""4978aa94-666c-47c7-8024-3ada55195a51"",""deployment"":""e15128e0-a06e-4ecc-a154-cf21da1d2ead"",""replica"":""393dc7e0-9f17-413f-bdbf-430cb09b9e18""}",2026-03-28T08:47:56.869887686Z
[DB] Synced 1 accounts to database,info,"{""level"":""info""}","{""project"":""ce3616d9-58ad-4ec7-a294-1821e1564434"",""environment"":""fb6513d0-42a4-4660-82b5-509c54b15f2a"",""service"":""4978aa94-666c-47c7-8024-3ada55195a51"",""deployment"":""e15128e0-a06e-4ecc-a154-cf21da1d2ead"",""replica"":""393dc7e0-9f17-413f-bdbf-430cb09b9e18""}",2026-03-28T08:48:27.059604270Z
[DB] Synced 1 accounts to database,info,"{""level"":""info""}","{""project"":""ce3616d9-58ad-4ec7-a294-1821e1564434"",""environment"":""fb6513d0-42a4-4660-82b5-509c54b15f2a"",""service"":""4978aa94-666c-47c7-8024-3ada55195a51"",""deployment"":""e15128e0-a06e-4ecc-a154-cf21da1d2ead"",""replica"":""393dc7e0-9f17-413f-bdbf-430cb09b9e18""}",2026-03-28T08:48:57.418478166Z
[DB] Synced 1 accounts to database,info,"{""level"":""info""}","{""project"":""ce3616d9-58ad-4ec7-a294-1821e1564434"",""environment"":""fb6513d0-42a4-4660-82b5-509c54b15f2a"",""service"":""4978aa94-666c-47c7-8024-3ada55195a51"",""deployment"":""e15128e0-a06e-4ecc-a154-cf21da1d2ead"",""replica"":""393dc7e0-9f17-413f-bdbf-430cb09b9e18""}",2026-03-28T08:49:27.505482073Z
[DB] Synced 1 accounts to database,info,"{""level"":""info""}","{""project"":""ce3616d9-58ad-4ec7-a294-1821e1564434"",""environment"":""fb6513d0-42a4-4660-82b5-509c54b15f2a"",""service"":""4978aa94-666c-47c7-8024-3ada55195a51"",""deployment"":""e15128e0-a06e-4ecc-a154-cf21da1d2ead"",""replica"":""393dc7e0-9f17-413f-bdbf-430cb09b9e18""}",2026-03-28T08:49:57.834915269Z
[DB] Synced 1 accounts to database,info,"{""level"":""info""}","{""project"":""ce3616d9-58ad-4ec7-a294-1821e1564434"",""environment"":""fb6513d0-42a4-4660-82b5-509c54b15f2a"",""service"":""4978aa94-666c-47c7-8024-3ada55195a51"",""deployment"":""e15128e0-a06e-4ecc-a154-cf21da1d2ead"",""replica"":""393dc7e0-9f17-413f-bdbf-430cb09b9e18""}",2026-03-28T08:50:27.897868744Z
[DB] Synced 1 accounts to database,info,"{""level"":""info""}","{""project"":""ce3616d9-58ad-4ec7-a294-1821e1564434"",""environment"":""fb6513d0-42a4-4660-82b5-509c54b15f2a"",""service"":""4978aa94-666c-47c7-8024-3ada55195a51"",""deployment"":""e15128e0-a06e-4ecc-a154-cf21da1d2ead"",""replica"":""393dc7e0-9f17-413f-bdbf-430cb09b9e18""}",2026-03-28T08:50:57.948386833Z
[DB] Synced 1 accounts to database,info,"{""level"":""info""}","{""project"":""ce3616d9-58ad-4ec7-a294-1821e1564434"",""environment"":""fb6513d0-42a4-4660-82b5-509c54b15f2a"",""service"":""4978aa94-666c-47c7-8024-3ada55195a51"",""deployment"":""e15128e0-a06e-4ecc-a154-cf21da1d2ead"",""replica"":""393dc7e0-9f17-413f-bdbf-430cb09b9e18""}",2026-03-28T08:51:28.274946735Z
[DB] Synced 1 accounts to database,info,"{""level"":""info""}","{""project"":""ce3616d9-58ad-4ec7-a294-1821e1564434"",""environment"":""fb6513d0-42a4-4660-82b5-509c54b15f2a"",""service"":""4978aa94-666c-47c7-8024-3ada55195a51"",""deployment"":""e15128e0-a06e-4ecc-a154-cf21da1d2ead"",""replica"":""393dc7e0-9f17-413f-bdbf-430cb09b9e18""}",2026-03-28T08:51:58.384839565Z
[DB] Synced 1 accounts to database,info,"{""level"":""info""}","{""project"":""ce3616d9-58ad-4ec7-a294-1821e1564434"",""environment"":""fb6513d0-42a4-4660-82b5-509c54b15f2a"",""service"":""4978aa94-666c-47c7-8024-3ada55195a51"",""deployment"":""e15128e0-a06e-4ecc-a154-cf21da1d2ead"",""replica"":""393dc7e0-9f17-413f-bdbf-430cb09b9e18""}",2026-03-28T08:52:28.287845114Z
[DB] Synced 1 accounts to database,info,"{""level"":""info""}","{""project"":""ce3616d9-58ad-4ec7-a294-1821e1564434"",""environment"":""fb6513d0-42a4-4660-82b5-509c54b15f2a"",""service"":""4978aa94-666c-47c7-8024-3ada55195a51"",""deployment"":""e15128e0-a06e-4ecc-a154-cf21da1d2ead"",""replica"":""393dc7e0-9f17-413f-bdbf-430cb09b9e18""}",2026-03-28T08:52:58.367523766Z
[DB] Synced 1 accounts to database,info,"{""level"":""info""}","{""project"":""ce3616d9-58ad-4ec7-a294-1821e1564434"",""environment"":""fb6513d0-42a4-4660-82b5-509c54b15f2a"",""service"":""4978aa94-666c-47c7-8024-3ada55195a51"",""deployment"":""e15128e0-a06e-4ecc-a154-cf21da1d2ead"",""replica"":""393dc7e0-9f17-413f-bdbf-430cb09b9e18""}",2026-03-28T08:53:28.357092799Z
[DB] Synced 1 accounts to database,info,"{""level"":""info""}","{""project"":""ce3616d9-58ad-4ec7-a294-1821e1564434"",""environment"":""fb6513d0-42a4-4660-82b5-509c54b15f2a"",""service"":""4978aa94-666c-47c7-8024-3ada55195a51"",""deployment"":""e15128e0-a06e-4ecc-a154-cf21da1d2ead"",""replica"":""393dc7e0-9f17-413f-bdbf-430cb09b9e18""}",2026-03-28T08:53:58.394456847Z
[DB] Synced 1 accounts to database,info,"{""level"":""info""}","{""project"":""ce3616d9-58ad-4ec7-a294-1821e1564434"",""environment"":""fb6513d0-42a4-4660-82b5-509c54b15f2a"",""service"":""4978aa94-666c-47c7-8024-3ada55195a51"",""deployment"":""e15128e0-a06e-4ecc-a154-cf21da1d2ead"",""replica"":""393dc7e0-9f17-413f-bdbf-430cb09b9e18""}",2026-03-28T08:54:28.440753425Z
[DB] Synced 1 accounts to database,info,"{""level"":""info""}","{""project"":""ce3616d9-58ad-4ec7-a294-1821e1564434"",""environment"":""fb6513d0-42a4-4660-82b5-509c54b15f2a"",""service"":""4978aa94-666c-47c7-8024-3ada55195a51"",""deployment"":""e15128e0-a06e-4ecc-a154-cf21da1d2ead"",""replica"":""393dc7e0-9f17-413f-bdbf-430cb09b9e18""}",2026-03-28T08:54:58.786106900Z
[DB] Synced 1 accounts to database,info,"{""level"":""info""}","{""project"":""ce3616d9-58ad-4ec7-a294-1821e1564434"",""environment"":""fb6513d0-42a4-4660-82b5-509c54b15f2a"",""service"":""4978aa94-666c-47c7-8024-3ada55195a51"",""deployment"":""e15128e0-a06e-4ecc-a154-cf21da1d2ead"",""replica"":""393dc7e0-9f17-413f-bdbf-430cb09b9e18""}",2026-03-28T08:55:28.714984611Z
[DB] Synced 1 accounts to database,info,"{""level"":""info""}","{""project"":""ce3616d9-58ad-4ec7-a294-1821e1564434"",""environment"":""fb6513d0-42a4-4660-82b5-509c54b15f2a"",""service"":""4978aa94-666c-47c7-8024-3ada55195a51"",""deployment"":""e15128e0-a06e-4ecc-a154-cf21da1d2ead"",""replica"":""393dc7e0-9f17-413f-bdbf-430cb09b9e18""}",2026-03-28T08:55:58.704467382Z
[DB] Synced 1 accounts to database,info,"{""level"":""info""}","{""project"":""ce3616d9-58ad-4ec7-a294-1821e1564434"",""environment"":""fb6513d0-42a4-4660-82b5-509c54b15f2a"",""service"":""4978aa94-666c-47c7-8024-3ada55195a51"",""deployment"":""e15128e0-a06e-4ecc-a154-cf21da1d2ead"",""replica"":""393dc7e0-9f17-413f-bdbf-430cb09b9e18""}",2026-03-28T08:56:28.629283338Z
[DB] Synced 1 accounts to database,info,"{""level"":""info""}","{""project"":""ce3616d9-58ad-4ec7-a294-1821e1564434"",""environment"":""fb6513d0-42a4-4660-82b5-509c54b15f2a"",""service"":""4978aa94-666c-47c7-8024-3ada55195a51"",""deployment"":""e15128e0-a06e-4ecc-a154-cf21da1d2ead"",""replica"":""393dc7e0-9f17-413f-bdbf-430cb09b9e18""}",2026-03-28T08:56:58.632554689Z
[DB] Synced 1 accounts to database,info,"{""level"":""info""}","{""project"":""ce3616d9-58ad-4ec7-a294-1821e1564434"",""environment"":""fb6513d0-42a4-4660-82b5-509c54b15f2a"",""service"":""4978aa94-666c-47c7-8024-3ada55195a51"",""deployment"":""e15128e0-a06e-4ecc-a154-cf21da1d2ead"",""replica"":""393dc7e0-9f17-413f-bdbf-430cb09b9e18""}",2026-03-28T08:57:28.656603970Z
[DB] Synced 1 accounts to database,info,"{""level"":""info""}","{""project"":""ce3616d9-58ad-4ec7-a294-1821e1564434"",""environment"":""fb6513d0-42a4-4660-82b5-509c54b15f2a"",""service"":""4978aa94-666c-47c7-8024-3ada55195a51"",""deployment"":""e15128e0-a06e-4ecc-a154-cf21da1d2ead"",""replica"":""393dc7e0-9f17-413f-bdbf-430cb09b9e18""}",2026-03-28T08:57:58.875853415Z
[DB] Synced 1 accounts to database,info,"{""level"":""info""}","{""project"":""ce3616d9-58ad-4ec7-a294-1821e1564434"",""environment"":""fb6513d0-42a4-4660-82b5-509c54b15f2a"",""service"":""4978aa94-666c-47c7-8024-3ada55195a51"",""deployment"":""e15128e0-a06e-4ecc-a154-cf21da1d2ead"",""replica"":""393dc7e0-9f17-413f-bdbf-430cb09b9e18""}",2026-03-28T08:58:28.927994768Z
Client disconnected: v6oY_kMRAtoYg-PzAAAL Reason: ping timeout Transport was: polling,info,"{""level"":""info""}","{""project"":""ce3616d9-58ad-4ec7-a294-1821e1564434"",""environment"":""fb6513d0-42a4-4660-82b5-509c54b15f2a"",""service"":""4978aa94-666c-47c7-8024-3ada55195a51"",""deployment"":""e15128e0-a06e-4ecc-a154-cf21da1d2ead"",""replica"":""393dc7e0-9f17-413f-bdbf-430cb09b9e18""}",2026-03-28T08:58:49.096306041Z
[DB] Synced 1 accounts to database,info,"{""level"":""info""}","{""project"":""ce3616d9-58ad-4ec7-a294-1821e1564434"",""environment"":""fb6513d0-42a4-4660-82b5-509c54b15f2a"",""service"":""4978aa94-666c-47c7-8024-3ada55195a51"",""deployment"":""e15128e0-a06e-4ecc-a154-cf21da1d2ead"",""replica"":""393dc7e0-9f17-413f-bdbf-430cb09b9e18""}",2026-03-28T08:58:54.445175251Z
[DB] Synced 1 accounts to database,info,"{""level"":""info""}","{""project"":""ce3616d9-58ad-4ec7-a294-1821e1564434"",""environment"":""fb6513d0-42a4-4660-82b5-509c54b15f2a"",""service"":""4978aa94-666c-47c7-8024-3ada55195a51"",""deployment"":""e15128e0-a06e-4ecc-a154-cf21da1d2ead"",""replica"":""393dc7e0-9f17-413f-bdbf-430cb09b9e18""}",2026-03-28T08:59:24.692858700Z
[DB] Synced 1 accounts to database,info,"{""level"":""info""}","{""project"":""ce3616d9-58ad-4ec7-a294-1821e1564434"",""environment"":""fb6513d0-42a4-4660-82b5-509c54b15f2a"",""service"":""4978aa94-666c-47c7-8024-3ada55195a51"",""deployment"":""e15128e0-a06e-4ecc-a154-cf21da1d2ead"",""replica"":""393dc7e0-9f17-413f-bdbf-430cb09b9e18""}",2026-03-28T08:59:54.988649752Z
[DB] Synced 1 accounts to database,info,"{""level"":""info""}","{""project"":""ce3616d9-58ad-4ec7-a294-1821e1564434"",""environment"":""fb6513d0-42a4-4660-82b5-509c54b15f2a"",""service"":""4978aa94-666c-47c7-8024-3ada55195a51"",""deployment"":""e15128e0-a06e-4ecc-a154-cf21da1d2ead"",""replica"":""393dc7e0-9f17-413f-bdbf-430cb09b9e18""}",2026-03-28T09:00:25.062636052Z
[DB] Synced 1 accounts to database,info,"{""level"":""info""}","{""project"":""ce3616d9-58ad-4ec7-a294-1821e1564434"",""environment"":""fb6513d0-42a4-4660-82b5-509c54b15f2a"",""service"":""4978aa94-666c-47c7-8024-3ada55195a51"",""deployment"":""e15128e0-a06e-4ecc-a154-cf21da1d2ead"",""replica"":""393dc7e0-9f17-413f-bdbf-430cb09b9e18""}",2026-03-28T09:00:55.209922576Z
[DB] Synced 1 accounts to database,info,"{""level"":""info""}","{""project"":""ce3616d9-58ad-4ec7-a294-1821e1564434"",""environment"":""fb6513d0-42a4-4660-82b5-509c54b15f2a"",""service"":""4978aa94-666c-47c7-8024-3ada55195a51"",""deployment"":""e15128e0-a06e-4ecc-a154-cf21da1d2ead"",""replica"":""393dc7e0-9f17-413f-bdbf-430cb09b9e18""}",2026-03-28T09:01:25.223500435Z
[DB] Synced 1 accounts to database,info,"{""level"":""info""}","{""project"":""ce3616d9-58ad-4ec7-a294-1821e1564434"",""environment"":""fb6513d0-42a4-4660-82b5-509c54b15f2a"",""service"":""4978aa94-666c-47c7-8024-3ada55195a51"",""deployment"":""e15128e0-a06e-4ecc-a154-cf21da1d2ead"",""replica"":""393dc7e0-9f17-413f-bdbf-430cb09b9e18""}",2026-03-28T09:01:55.300301913Z
[DB] Synced 1 accounts to database,info,"{""level"":""info""}","{""project"":""ce3616d9-58ad-4ec7-a294-1821e1564434"",""environment"":""fb6513d0-42a4-4660-82b5-509c54b15f2a"",""service"":""4978aa94-666c-47c7-8024-3ada55195a51"",""deployment"":""e15128e0-a06e-4ecc-a154-cf21da1d2ead"",""replica"":""393dc7e0-9f17-413f-bdbf-430cb09b9e18""}",2026-03-28T09:02:25.738186021Z
[DB] Synced 1 accounts to database,info,"{""level"":""info""}","{""project"":""ce3616d9-58ad-4ec7-a294-1821e1564434"",""environment"":""fb6513d0-42a4-4660-82b5-509c54b15f2a"",""service"":""4978aa94-666c-47c7-8024-3ada55195a51"",""deployment"":""e15128e0-a06e-4ecc-a154-cf21da1d2ead"",""replica"":""393dc7e0-9f17-413f-bdbf-430cb09b9e18""}",2026-03-28T09:02:56.211689505Z
[DB] Synced 1 accounts to database,info,"{""level"":""info""}","{""project"":""ce3616d9-58ad-4ec7-a294-1821e1564434"",""environment"":""fb6513d0-42a4-4660-82b5-509c54b15f2a"",""service"":""4978aa94-666c-47c7-8024-3ada55195a51"",""deployment"":""e15128e0-a06e-4ecc-a154-cf21da1d2ead"",""replica"":""393dc7e0-9f17-413f-bdbf-430cb09b9e18""}",2026-03-28T09:03:26.453344605Z
[DB] Synced 1 accounts to database,info,"{""level"":""info""}","{""project"":""ce3616d9-58ad-4ec7-a294-1821e1564434"",""environment"":""fb6513d0-42a4-4660-82b5-509c54b15f2a"",""service"":""4978aa94-666c-47c7-8024-3ada55195a51"",""deployment"":""e15128e0-a06e-4ecc-a154-cf21da1d2ead"",""replica"":""393dc7e0-9f17-413f-bdbf-430cb09b9e18""}",2026-03-28T09:03:56.257151042Z
[DB] Synced 1 accounts to database,info,"{""level"":""info""}","{""project"":""ce3616d9-58ad-4ec7-a294-1821e1564434"",""environment"":""fb6513d0-42a4-4660-82b5-509c54b15f2a"",""service"":""4978aa94-666c-47c7-8024-3ada55195a51"",""deployment"":""e15128e0-a06e-4ecc-a154-cf21da1d2ead"",""replica"":""393dc7e0-9f17-413f-bdbf-430cb09b9e18""}",2026-03-28T09:04:26.265263501Z
[DB] Synced 1 accounts to database,info,"{""level"":""info""}","{""project"":""ce3616d9-58ad-4ec7-a294-1821e1564434"",""environment"":""fb6513d0-42a4-4660-82b5-509c54b15f2a"",""service"":""4978aa94-666c-47c7-8024-3ada55195a51"",""deployment"":""e15128e0-a06e-4ecc-a154-cf21da1d2ead"",""replica"":""393dc7e0-9f17-413f-bdbf-430cb09b9e18""}",2026-03-28T09:04:55.784525826Z
[DB] Synced 1 accounts to database,info,"{""level"":""info""}","{""project"":""ce3616d9-58ad-4ec7-a294-1821e1564434"",""environment"":""fb6513d0-42a4-4660-82b5-509c54b15f2a"",""service"":""4978aa94-666c-47c7-8024-3ada55195a51"",""deployment"":""e15128e0-a06e-4ecc-a154-cf21da1d2ead"",""replica"":""393dc7e0-9f17-413f-bdbf-430cb09b9e18""}",2026-03-28T09:05:25.779530900Z
[DB] Synced 1 accounts to database,info,"{""level"":""info""}","{""project"":""ce3616d9-58ad-4ec7-a294-1821e1564434"",""environment"":""fb6513d0-42a4-4660-82b5-509c54b15f2a"",""service"":""4978aa94-666c-47c7-8024-3ada55195a51"",""deployment"":""e15128e0-a06e-4ecc-a154-cf21da1d2ead"",""replica"":""393dc7e0-9f17-413f-bdbf-430cb09b9e18""}",2026-03-28T09:05:55.936070320Z
[DB] Synced 1 accounts to database,info,"{""level"":""info""}","{""project"":""ce3616d9-58ad-4ec7-a294-1821e1564434"",""environment"":""fb6513d0-42a4-4660-82b5-509c54b15f2a"",""service"":""4978aa94-666c-47c7-8024-3ada55195a51"",""deployment"":""e15128e0-a06e-4ecc-a154-cf21da1d2ead"",""replica"":""393dc7e0-9f17-413f-bdbf-430cb09b9e18""}",2026-03-28T09:06:26.309509630Z
[DB] Synced 1 accounts to database,info,"{""level"":""info""}","{""project"":""ce3616d9-58ad-4ec7-a294-1821e1564434"",""environment"":""fb6513d0-42a4-4660-82b5-509c54b15f2a"",""service"":""4978aa94-666c-47c7-8024-3ada55195a51"",""deployment"":""e15128e0-a06e-4ecc-a154-cf21da1d2ead"",""replica"":""393dc7e0-9f17-413f-bdbf-430cb09b9e18""}",2026-03-28T09:06:56.449334434Z
[DB] Synced 1 accounts to database,info,"{""level"":""info""}","{""project"":""ce3616d9-58ad-4ec7-a294-1821e1564434"",""environment"":""fb6513d0-42a4-4660-82b5-509c54b15f2a"",""service"":""4978aa94-666c-47c7-8024-3ada55195a51"",""deployment"":""e15128e0-a06e-4ecc-a154-cf21da1d2ead"",""replica"":""393dc7e0-9f17-413f-bdbf-430cb09b9e18""}",2026-03-28T09:07:26.512127921Z
[DB] Synced 1 accounts to database,info,"{""level"":""info""}","{""project"":""ce3616d9-58ad-4ec7-a294-1821e1564434"",""environment"":""fb6513d0-42a4-4660-82b5-509c54b15f2a"",""service"":""4978aa94-666c-47c7-8024-3ada55195a51"",""deployment"":""e15128e0-a06e-4ecc-a154-cf21da1d2ead"",""replica"":""393dc7e0-9f17-413f-bdbf-430cb09b9e18""}",2026-03-28T09:07:56.501737035Z
[DB] Synced 1 accounts to database,info,"{""level"":""info""}","{""project"":""ce3616d9-58ad-4ec7-a294-1821e1564434"",""environment"":""fb6513d0-42a4-4660-82b5-509c54b15f2a"",""service"":""4978aa94-666c-47c7-8024-3ada55195a51"",""deployment"":""e15128e0-a06e-4ecc-a154-cf21da1d2ead"",""replica"":""393dc7e0-9f17-413f-bdbf-430cb09b9e18""}",2026-03-28T09:08:26.538446670Z
[DB] Synced 1 accounts to database,info,"{""level"":""info""}","{""project"":""ce3616d9-58ad-4ec7-a294-1821e1564434"",""environment"":""fb6513d0-42a4-4660-82b5-509c54b15f2a"",""service"":""4978aa94-666c-47c7-8024-3ada55195a51"",""deployment"":""e15128e0-a06e-4ecc-a154-cf21da1d2ead"",""replica"":""393dc7e0-9f17-413f-bdbf-430cb09b9e18""}",2026-03-28T09:08:56.621897542Z
[DB] Synced 1 accounts to database,info,"{""level"":""info""}","{""project"":""ce3616d9-58ad-4ec7-a294-1821e1564434"",""environment"":""fb6513d0-42a4-4660-82b5-509c54b15f2a"",""service"":""4978aa94-666c-47c7-8024-3ada55195a51"",""deployment"":""e15128e0-a06e-4ecc-a154-cf21da1d2ead"",""replica"":""393dc7e0-9f17-413f-bdbf-430cb09b9e18""}",2026-03-28T09:09:26.725070432Z
[DB] Synced 1 accounts to database,info,"{""level"":""info""}","{""project"":""ce3616d9-58ad-4ec7-a294-1821e1564434"",""environment"":""fb6513d0-42a4-4660-82b5-509c54b15f2a"",""service"":""4978aa94-666c-47c7-8024-3ada55195a51"",""deployment"":""e15128e0-a06e-4ecc-a154-cf21da1d2ead"",""replica"":""393dc7e0-9f17-413f-bdbf-430cb09b9e18""}",2026-03-28T09:09:56.806317326Z
[DB] Synced 1 accounts to database,info,"{""level"":""info""}","{""project"":""ce3616d9-58ad-4ec7-a294-1821e1564434"",""environment"":""fb6513d0-42a4-4660-82b5-509c54b15f2a"",""service"":""4978aa94-666c-47c7-8024-3ada55195a51"",""deployment"":""e15128e0-a06e-4ecc-a154-cf21da1d2ead"",""replica"":""393dc7e0-9f17-413f-bdbf-430cb09b9e18""}",2026-03-28T09:10:26.935136055Z
[DB] Synced 1 accounts to database,info,"{""level"":""info""}","{""project"":""ce3616d9-58ad-4ec7-a294-1821e1564434"",""environment"":""fb6513d0-42a4-4660-82b5-509c54b15f2a"",""service"":""4978aa94-666c-47c7-8024-3ada55195a51"",""deployment"":""e15128e0-a06e-4ecc-a154-cf21da1d2ead"",""replica"":""393dc7e0-9f17-413f-bdbf-430cb09b9e18""}",2026-03-28T09:10:57.122726837Z
[DB] Synced 1 accounts to database,info,"{""level"":""info""}","{""project"":""ce3616d9-58ad-4ec7-a294-1821e1564434"",""environment"":""fb6513d0-42a4-4660-82b5-509c54b15f2a"",""service"":""4978aa94-666c-47c7-8024-3ada55195a51"",""deployment"":""e15128e0-a06e-4ecc-a154-cf21da1d2ead"",""replica"":""393dc7e0-9f17-413f-bdbf-430cb09b9e18""}",2026-03-28T09:11:27.494372036Z
[DB] Synced 1 accounts to database,info,"{""level"":""info""}","{""project"":""ce3616d9-58ad-4ec7-a294-1821e1564434"",""environment"":""fb6513d0-42a4-4660-82b5-509c54b15f2a"",""service"":""4978aa94-666c-47c7-8024-3ada55195a51"",""deployment"":""e15128e0-a06e-4ecc-a154-cf21da1d2ead"",""replica"":""393dc7e0-9f17-413f-bdbf-430cb09b9e18""}",2026-03-28T09:11:57.493100226Z
[DB] Synced 1 accounts to database,info,"{""level"":""info""}","{""project"":""ce3616d9-58ad-4ec7-a294-1821e1564434"",""environment"":""fb6513d0-42a4-4660-82b5-509c54b15f2a"",""service"":""4978aa94-666c-47c7-8024-3ada55195a51"",""deployment"":""e15128e0-a06e-4ecc-a154-cf21da1d2ead"",""replica"":""393dc7e0-9f17-413f-bdbf-430cb09b9e18""}",2026-03-28T09:12:27.596836845Z
[DB] Synced 1 accounts to database,info,"{""level"":""info""}","{""project"":""ce3616d9-58ad-4ec7-a294-1821e1564434"",""environment"":""fb6513d0-42a4-4660-82b5-509c54b15f2a"",""service"":""4978aa94-666c-47c7-8024-3ada55195a51"",""deployment"":""e15128e0-a06e-4ecc-a154-cf21da1d2ead"",""replica"":""393dc7e0-9f17-413f-bdbf-430cb09b9e18""}",2026-03-28T09:12:58.101892468Z
[DB] Synced 1 accounts to database,info,"{""level"":""info""}","{""project"":""ce3616d9-58ad-4ec7-a294-1821e1564434"",""environment"":""fb6513d0-42a4-4660-82b5-509c54b15f2a"",""service"":""4978aa94-666c-47c7-8024-3ada55195a51"",""deployment"":""e15128e0-a06e-4ecc-a154-cf21da1d2ead"",""replica"":""393dc7e0-9f17-413f-bdbf-430cb09b9e18""}",2026-03-28T09:13:28.382666005Z
[DB] Synced 1 accounts to database,info,"{""level"":""info""}","{""project"":""ce3616d9-58ad-4ec7-a294-1821e1564434"",""environment"":""fb6513d0-42a4-4660-82b5-509c54b15f2a"",""service"":""4978aa94-666c-47c7-8024-3ada55195a51"",""deployment"":""e15128e0-a06e-4ecc-a154-cf21da1d2ead"",""replica"":""393dc7e0-9f17-413f-bdbf-430cb09b9e18""}",2026-03-28T09:13:58.415566888Z
[DB] Synced 1 accounts to database,info,"{""level"":""info""}","{""project"":""ce3616d9-58ad-4ec7-a294-1821e1564434"",""environment"":""fb6513d0-42a4-4660-82b5-509c54b15f2a"",""service"":""4978aa94-666c-47c7-8024-3ada55195a51"",""deployment"":""e15128e0-a06e-4ecc-a154-cf21da1d2ead"",""replica"":""393dc7e0-9f17-413f-bdbf-430cb09b9e18""}",2026-03-28T09:14:28.402762501Z
[DB] Synced 1 accounts to database,info,"{""level"":""info""}","{""project"":""ce3616d9-58ad-4ec7-a294-1821e1564434"",""environment"":""fb6513d0-42a4-4660-82b5-509c54b15f2a"",""service"":""4978aa94-666c-47c7-8024-3ada55195a51"",""deployment"":""e15128e0-a06e-4ecc-a154-cf21da1d2ead"",""replica"":""393dc7e0-9f17-413f-bdbf-430cb09b9e18""}",2026-03-28T09:14:58.356656711Z
[DB] Synced 1 accounts to database,info,"{""level"":""info""}","{""project"":""ce3616d9-58ad-4ec7-a294-1821e1564434"",""environment"":""fb6513d0-42a4-4660-82b5-509c54b15f2a"",""service"":""4978aa94-666c-47c7-8024-3ada55195a51"",""deployment"":""e15128e0-a06e-4ecc-a154-cf21da1d2ead"",""replica"":""393dc7e0-9f17-413f-bdbf-430cb09b9e18""}",2026-03-28T09:15:28.439987228Z
[DB] Synced 1 accounts to database,info,"{""level"":""info""}","{""project"":""ce3616d9-58ad-4ec7-a294-1821e1564434"",""environment"":""fb6513d0-42a4-4660-82b5-509c54b15f2a"",""service"":""4978aa94-666c-47c7-8024-3ada55195a51"",""deployment"":""e15128e0-a06e-4ecc-a154-cf21da1d2ead"",""replica"":""393dc7e0-9f17-413f-bdbf-430cb09b9e18""}",2026-03-28T09:15:58.459604591Z
[DB] Synced 1 accounts to database,info,"{""level"":""info""}","{""project"":""ce3616d9-58ad-4ec7-a294-1821e1564434"",""environment"":""fb6513d0-42a4-4660-82b5-509c54b15f2a"",""service"":""4978aa94-666c-47c7-8024-3ada55195a51"",""deployment"":""e15128e0-a06e-4ecc-a154-cf21da1d2ead"",""replica"":""393dc7e0-9f17-413f-bdbf-430cb09b9e18""}",2026-03-28T09:16:28.453969200Z
[DB] Synced 1 accounts to database,info,"{""level"":""info""}","{""project"":""ce3616d9-58ad-4ec7-a294-1821e1564434"",""environment"":""fb6513d0-42a4-4660-82b5-509c54b15f2a"",""service"":""4978aa94-666c-47c7-8024-3ada55195a51"",""deployment"":""e15128e0-a06e-4ecc-a154-cf21da1d2ead"",""replica"":""393dc7e0-9f17-413f-bdbf-430cb09b9e18""}",2026-03-28T09:16:58.465874802Z
[DB] Synced 1 accounts to database,info,"{""level"":""info""}","{""project"":""ce3616d9-58ad-4ec7-a294-1821e1564434"",""environment"":""fb6513d0-42a4-4660-82b5-509c54b15f2a"",""service"":""4978aa94-666c-47c7-8024-3ada55195a51"",""deployment"":""e15128e0-a06e-4ecc-a154-cf21da1d2ead"",""replica"":""393dc7e0-9f17-413f-bdbf-430cb09b9e18""}",2026-03-28T09:17:28.439830250Z
[DB] Synced 1 accounts to database,info,"{""level"":""info""}","{""project"":""ce3616d9-58ad-4ec7-a294-1821e1564434"",""environment"":""fb6513d0-42a4-4660-82b5-509c54b15f2a"",""service"":""4978aa94-666c-47c7-8024-3ada55195a51"",""deployment"":""e15128e0-a06e-4ecc-a154-cf21da1d2ead"",""replica"":""393dc7e0-9f17-413f-bdbf-430cb09b9e18""}",2026-03-28T09:17:58.323317097Z
[DB] Synced 1 accounts to database,info,"{""level"":""info""}","{""project"":""ce3616d9-58ad-4ec7-a294-1821e1564434"",""environment"":""fb6513d0-42a4-4660-82b5-509c54b15f2a"",""service"":""4978aa94-666c-47c7-8024-3ada55195a51"",""deployment"":""e15128e0-a06e-4ecc-a154-cf21da1d2ead"",""replica"":""393dc7e0-9f17-413f-bdbf-430cb09b9e18""}",2026-03-28T09:18:28.291780266Z
[DB] Synced 1 accounts to database,info,"{""level"":""info""}","{""project"":""ce3616d9-58ad-4ec7-a294-1821e1564434"",""environment"":""fb6513d0-42a4-4660-82b5-509c54b15f2a"",""service"":""4978aa94-666c-47c7-8024-3ada55195a51"",""deployment"":""e15128e0-a06e-4ecc-a154-cf21da1d2ead"",""replica"":""393dc7e0-9f17-413f-bdbf-430cb09b9e18""}",2026-03-28T09:18:58.371022068Z
[DB] Synced 1 accounts to database,info,"{""level"":""info""}","{""project"":""ce3616d9-58ad-4ec7-a294-1821e1564434"",""environment"":""fb6513d0-42a4-4660-82b5-509c54b15f2a"",""service"":""4978aa94-666c-47c7-8024-3ada55195a51"",""deployment"":""e15128e0-a06e-4ecc-a154-cf21da1d2ead"",""replica"":""393dc7e0-9f17-413f-bdbf-430cb09b9e18""}",2026-03-28T09:19:28.363827428Z
[DB] Synced 1 accounts to database,info,"{""level"":""info""}","{""project"":""ce3616d9-58ad-4ec7-a294-1821e1564434"",""environment"":""fb6513d0-42a4-4660-82b5-509c54b15f2a"",""service"":""4978aa94-666c-47c7-8024-3ada55195a51"",""deployment"":""e15128e0-a06e-4ecc-a154-cf21da1d2ead"",""replica"":""393dc7e0-9f17-413f-bdbf-430cb09b9e18""}",2026-03-28T09:19:58.307408000Z
[DB] Synced 1 accounts to database,info,"{""level"":""info""}","{""project"":""ce3616d9-58ad-4ec7-a294-1821e1564434"",""environment"":""fb6513d0-42a4-4660-82b5-509c54b15f2a"",""service"":""4978aa94-666c-47c7-8024-3ada55195a51"",""deployment"":""e15128e0-a06e-4ecc-a154-cf21da1d2ead"",""replica"":""393dc7e0-9f17-413f-bdbf-430cb09b9e18""}",2026-03-28T09:20:28.348503067Z
[DB] Synced 1 accounts to database,info,"{""level"":""info""}","{""project"":""ce3616d9-58ad-4ec7-a294-1821e1564434"",""environment"":""fb6513d0-42a4-4660-82b5-509c54b15f2a"",""service"":""4978aa94-666c-47c7-8024-3ada55195a51"",""deployment"":""e15128e0-a06e-4ecc-a154-cf21da1d2ead"",""replica"":""393dc7e0-9f17-413f-bdbf-430cb09b9e18""}",2026-03-28T09:20:58.372911415Z
[DB] Synced 1 accounts to database,info,"{""level"":""info""}","{""project"":""ce3616d9-58ad-4ec7-a294-1821e1564434"",""environment"":""fb6513d0-42a4-4660-82b5-509c54b15f2a"",""service"":""4978aa94-666c-47c7-8024-3ada55195a51"",""deployment"":""e15128e0-a06e-4ecc-a154-cf21da1d2ead"",""replica"":""393dc7e0-9f17-413f-bdbf-430cb09b9e18""}",2026-03-28T09:21:28.377556982Z
[DB] Synced 1 accounts to database,info,"{""level"":""info""}","{""project"":""ce3616d9-58ad-4ec7-a294-1821e1564434"",""environment"":""fb6513d0-42a4-4660-82b5-509c54b15f2a"",""service"":""4978aa94-666c-47c7-8024-3ada55195a51"",""deployment"":""e15128e0-a06e-4ecc-a154-cf21da1d2ead"",""replica"":""393dc7e0-9f17-413f-bdbf-430cb09b9e18""}",2026-03-28T09:21:58.337000085Z
[DB] Synced 1 accounts to database,info,"{""level"":""info""}","{""project"":""ce3616d9-58ad-4ec7-a294-1821e1564434"",""environment"":""fb6513d0-42a4-4660-82b5-509c54b15f2a"",""service"":""4978aa94-666c-47c7-8024-3ada55195a51"",""deployment"":""e15128e0-a06e-4ecc-a154-cf21da1d2ead"",""replica"":""393dc7e0-9f17-413f-bdbf-430cb09b9e18""}",2026-03-28T09:22:28.600116854Z
[DB] Synced 1 accounts to database,info,"{""level"":""info""}","{""project"":""ce3616d9-58ad-4ec7-a294-1821e1564434"",""environment"":""fb6513d0-42a4-4660-82b5-509c54b15f2a"",""service"":""4978aa94-666c-47c7-8024-3ada55195a51"",""deployment"":""e15128e0-a06e-4ecc-a154-cf21da1d2ead"",""replica"":""393dc7e0-9f17-413f-bdbf-430cb09b9e18""}",2026-03-28T09:22:59.078767774Z
[DB] Synced 1 accounts to database,info,"{""level"":""info""}","{""project"":""ce3616d9-58ad-4ec7-a294-1821e1564434"",""environment"":""fb6513d0-42a4-4660-82b5-509c54b15f2a"",""service"":""4978aa94-666c-47c7-8024-3ada55195a51"",""deployment"":""e15128e0-a06e-4ecc-a154-cf21da1d2ead"",""replica"":""393dc7e0-9f17-413f-bdbf-430cb09b9e18""}",2026-03-28T09:23:29.614794218Z
[DB] Synced 1 accounts to database,info,"{""level"":""info""}","{""project"":""ce3616d9-58ad-4ec7-a294-1821e1564434"",""environment"":""fb6513d0-42a4-4660-82b5-509c54b15f2a"",""service"":""4978aa94-666c-47c7-8024-3ada55195a51"",""deployment"":""e15128e0-a06e-4ecc-a154-cf21da1d2ead"",""replica"":""393dc7e0-9f17-413f-bdbf-430cb09b9e18""}",2026-03-28T09:23:59.640973499Z
[DB] Synced 1 accounts to database,info,"{""level"":""info""}","{""project"":""ce3616d9-58ad-4ec7-a294-1821e1564434"",""environment"":""fb6513d0-42a4-4660-82b5-509c54b15f2a"",""service"":""4978aa94-666c-47c7-8024-3ada55195a51"",""deployment"":""e15128e0-a06e-4ecc-a154-cf21da1d2ead"",""replica"":""393dc7e0-9f17-413f-bdbf-430cb09b9e18""}",2026-03-28T09:24:29.644693871Z
[DB] Synced 1 accounts to database,info,"{""level"":""info""}","{""project"":""ce3616d9-58ad-4ec7-a294-1821e1564434"",""environment"":""fb6513d0-42a4-4660-82b5-509c54b15f2a"",""service"":""4978aa94-666c-47c7-8024-3ada55195a51"",""deployment"":""e15128e0-a06e-4ecc-a154-cf21da1d2ead"",""replica"":""393dc7e0-9f17-413f-bdbf-430cb09b9e18""}",2026-03-28T09:24:59.570846104Z
[DB] Synced 1 accounts to database,info,"{""level"":""info""}","{""project"":""ce3616d9-58ad-4ec7-a294-1821e1564434"",""environment"":""fb6513d0-42a4-4660-82b5-509c54b15f2a"",""service"":""4978aa94-666c-47c7-8024-3ada55195a51"",""deployment"":""e15128e0-a06e-4ecc-a154-cf21da1d2ead"",""replica"":""393dc7e0-9f17-413f-bdbf-430cb09b9e18""}",2026-03-28T09:25:29.650963546Z
[DB] Synced 1 accounts to database,info,"{""level"":""info""}","{""project"":""ce3616d9-58ad-4ec7-a294-1821e1564434"",""environment"":""fb6513d0-42a4-4660-82b5-509c54b15f2a"",""service"":""4978aa94-666c-47c7-8024-3ada55195a51"",""deployment"":""e15128e0-a06e-4ecc-a154-cf21da1d2ead"",""replica"":""393dc7e0-9f17-413f-bdbf-430cb09b9e18""}",2026-03-28T09:25:59.613957617Z
[DB] Synced 1 accounts to database,info,"{""level"":""info""}","{""project"":""ce3616d9-58ad-4ec7-a294-1821e1564434"",""environment"":""fb6513d0-42a4-4660-82b5-509c54b15f2a"",""service"":""4978aa94-666c-47c7-8024-3ada55195a51"",""deployment"":""e15128e0-a06e-4ecc-a154-cf21da1d2ead"",""replica"":""393dc7e0-9f17-413f-bdbf-430cb09b9e18""}",2026-03-28T09:26:29.699527488Z
[DB] Synced 1 accounts to database,info,"{""level"":""info""}","{""project"":""ce3616d9-58ad-4ec7-a294-1821e1564434"",""environment"":""fb6513d0-42a4-4660-82b5-509c54b15f2a"",""service"":""4978aa94-666c-47c7-8024-3ada55195a51"",""deployment"":""e15128e0-a06e-4ecc-a154-cf21da1d2ead"",""replica"":""393dc7e0-9f17-413f-bdbf-430cb09b9e18""}",2026-03-28T09:26:59.824577539Z
[DB] Synced 1 accounts to database,info,"{""level"":""info""}","{""project"":""ce3616d9-58ad-4ec7-a294-1821e1564434"",""environment"":""fb6513d0-42a4-4660-82b5-509c54b15f2a"",""service"":""4978aa94-666c-47c7-8024-3ada55195a51"",""deployment"":""e15128e0-a06e-4ecc-a154-cf21da1d2ead"",""replica"":""393dc7e0-9f17-413f-bdbf-430cb09b9e18""}",2026-03-28T09:27:29.940468407Z
[DB] Synced 1 accounts to database,info,"{""level"":""info""}","{""project"":""ce3616d9-58ad-4ec7-a294-1821e1564434"",""environment"":""fb6513d0-42a4-4660-82b5-509c54b15f2a"",""service"":""4978aa94-666c-47c7-8024-3ada55195a51"",""deployment"":""e15128e0-a06e-4ecc-a154-cf21da1d2ead"",""replica"":""393dc7e0-9f17-413f-bdbf-430cb09b9e18""}",2026-03-28T09:27:59.883610029Z
[DB] Synced 1 accounts to database,info,"{""level"":""info""}","{""project"":""ce3616d9-58ad-4ec7-a294-1821e1564434"",""environment"":""fb6513d0-42a4-4660-82b5-509c54b15f2a"",""service"":""4978aa94-666c-47c7-8024-3ada55195a51"",""deployment"":""e15128e0-a06e-4ecc-a154-cf21da1d2ead"",""replica"":""393dc7e0-9f17-413f-bdbf-430cb09b9e18""}",2026-03-28T09:28:29.959118144Z
[DB] Synced 1 accounts to database,info,"{""level"":""info""}","{""project"":""ce3616d9-58ad-4ec7-a294-1821e1564434"",""environment"":""fb6513d0-42a4-4660-82b5-509c54b15f2a"",""service"":""4978aa94-666c-47c7-8024-3ada55195a51"",""deployment"":""e15128e0-a06e-4ecc-a154-cf21da1d2ead"",""replica"":""393dc7e0-9f17-413f-bdbf-430cb09b9e18""}",2026-03-28T09:29:00.230030650Z
[DB] Synced 1 accounts to database,info,"{""level"":""info""}","{""project"":""ce3616d9-58ad-4ec7-a294-1821e1564434"",""environment"":""fb6513d0-42a4-4660-82b5-509c54b15f2a"",""service"":""4978aa94-666c-47c7-8024-3ada55195a51"",""deployment"":""e15128e0-a06e-4ecc-a154-cf21da1d2ead"",""replica"":""393dc7e0-9f17-413f-bdbf-430cb09b9e18""}",2026-03-28T09:29:30.511769524Z
[DB] Synced 1 accounts to database,info,"{""level"":""info""}","{""project"":""ce3616d9-58ad-4ec7-a294-1821e1564434"",""environment"":""fb6513d0-42a4-4660-82b5-509c54b15f2a"",""service"":""4978aa94-666c-47c7-8024-3ada55195a51"",""deployment"":""e15128e0-a06e-4ecc-a154-cf21da1d2ead"",""replica"":""393dc7e0-9f17-413f-bdbf-430cb09b9e18""}",2026-03-28T09:30:00.484123239Z
[DB] Synced 1 accounts to database,info,"{""level"":""info""}","{""project"":""ce3616d9-58ad-4ec7-a294-1821e1564434"",""environment"":""fb6513d0-42a4-4660-82b5-509c54b15f2a"",""service"":""4978aa94-666c-47c7-8024-3ada55195a51"",""deployment"":""e15128e0-a06e-4ecc-a154-cf21da1d2ead"",""replica"":""393dc7e0-9f17-413f-bdbf-430cb09b9e18""}",2026-03-28T09:30:30.514499875Z
[DB] Synced 1 accounts to database,info,"{""level"":""info""}","{""project"":""ce3616d9-58ad-4ec7-a294-1821e1564434"",""environment"":""fb6513d0-42a4-4660-82b5-509c54b15f2a"",""service"":""4978aa94-666c-47c7-8024-3ada55195a51"",""deployment"":""e15128e0-a06e-4ecc-a154-cf21da1d2ead"",""replica"":""393dc7e0-9f17-413f-bdbf-430cb09b9e18""}",2026-03-28T09:31:00.699631484Z
Client connected: 3vxGq5xIx7f5ZeLTAAAP Transport: polling,info,"{""level"":""info""}","{""project"":""ce3616d9-58ad-4ec7-a294-1821e1564434"",""environment"":""fb6513d0-42a4-4660-82b5-509c54b15f2a"",""service"":""4978aa94-666c-47c7-8024-3ada55195a51"",""deployment"":""e15128e0-a06e-4ecc-a154-cf21da1d2ead"",""replica"":""393dc7e0-9f17-413f-bdbf-430cb09b9e18""}",2026-03-28T09:31:10.284458120Z
[DB] Synced 1 accounts to database,info,"{""level"":""info""}","{""project"":""ce3616d9-58ad-4ec7-a294-1821e1564434"",""environment"":""fb6513d0-42a4-4660-82b5-509c54b15f2a"",""service"":""4978aa94-666c-47c7-8024-3ada55195a51"",""deployment"":""e15128e0-a06e-4ecc-a154-cf21da1d2ead"",""replica"":""393dc7e0-9f17-413f-bdbf-430cb09b9e18""}",2026-03-28T09:31:30.295894611Z
[DB] Synced 1 accounts to database,info,"{""level"":""info""}","{""project"":""ce3616d9-58ad-4ec7-a294-1821e1564434"",""environment"":""fb6513d0-42a4-4660-82b5-509c54b15f2a"",""service"":""4978aa94-666c-47c7-8024-3ada55195a51"",""deployment"":""e15128e0-a06e-4ecc-a154-cf21da1d2ead"",""replica"":""393dc7e0-9f17-413f-bdbf-430cb09b9e18""}",2026-03-28T09:32:00.283050593Z
[DB] Synced 1 accounts to database,info,"{""level"":""info""}","{""project"":""ce3616d9-58ad-4ec7-a294-1821e1564434"",""environment"":""fb6513d0-42a4-4660-82b5-509c54b15f2a"",""service"":""4978aa94-666c-47c7-8024-3ada55195a51"",""deployment"":""e15128e0-a06e-4ecc-a154-cf21da1d2ead"",""replica"":""393dc7e0-9f17-413f-bdbf-430cb09b9e18""}",2026-03-28T09:32:30.386234199Z
[DB] Synced 1 accounts to database,info,"{""level"":""info""}","{""project"":""ce3616d9-58ad-4ec7-a294-1821e1564434"",""environment"":""fb6513d0-42a4-4660-82b5-509c54b15f2a"",""service"":""4978aa94-666c-47c7-8024-3ada55195a51"",""deployment"":""e15128e0-a06e-4ecc-a154-cf21da1d2ead"",""replica"":""393dc7e0-9f17-413f-bdbf-430cb09b9e18""}",2026-03-28T09:33:00.425260701Z