message,severity,attributes,tags,timestamp
==========================================,info,"{""level"":""info""}","{""project"":""ce3616d9-58ad-4ec7-a294-1821e1564434"",""environment"":""fb6513d0-42a4-4660-82b5-509c54b15f2a"",""service"":""4978aa94-666c-47c7-8024-3ada55195a51"",""deployment"":""321049af-1e5a-4184-8f77-6142b4346196"",""replica"":""076798bd-f35c-43ad-9382-ab4e1f64a4a8""}",2026-03-29T02:08:50.241613618Z
Running Prisma migrations...,info,"{""level"":""info""}","{""project"":""ce3616d9-58ad-4ec7-a294-1821e1564434"",""environment"":""fb6513d0-42a4-4660-82b5-509c54b15f2a"",""service"":""4978aa94-666c-47c7-8024-3ada55195a51"",""deployment"":""321049af-1e5a-4184-8f77-6142b4346196"",""replica"":""076798bd-f35c-43ad-9382-ab4e1f64a4a8""}",2026-03-29T02:08:50.241625116Z
==========================================,info,"{""level"":""info""}","{""project"":""ce3616d9-58ad-4ec7-a294-1821e1564434"",""environment"":""fb6513d0-42a4-4660-82b5-509c54b15f2a"",""service"":""4978aa94-666c-47c7-8024-3ada55195a51"",""deployment"":""321049af-1e5a-4184-8f77-6142b4346196"",""replica"":""076798bd-f35c-43ad-9382-ab4e1f64a4a8""}",2026-03-29T02:08:50.241627974Z
Starting WhatsApp Warmer Service,info,"{""level"":""info""}","{""project"":""ce3616d9-58ad-4ec7-a294-1821e1564434"",""environment"":""fb6513d0-42a4-4660-82b5-509c54b15f2a"",""service"":""4978aa94-666c-47c7-8024-3ada55195a51"",""deployment"":""321049af-1e5a-4184-8f77-6142b4346196"",""replica"":""076798bd-f35c-43ad-9382-ab4e1f64a4a8""}",2026-03-29T02:08:50.241638988Z
Time: 2026-03-29 02:08:49 UTC,info,"{""level"":""info""}","{""project"":""ce3616d9-58ad-4ec7-a294-1821e1564434"",""environment"":""fb6513d0-42a4-4660-82b5-509c54b15f2a"",""service"":""4978aa94-666c-47c7-8024-3ada55195a51"",""deployment"":""321049af-1e5a-4184-8f77-6142b4346196"",""replica"":""076798bd-f35c-43ad-9382-ab4e1f64a4a8""}",2026-03-29T02:08:50.241647391Z
Starting Container,info,"{""level"":""info""}","{""project"":""ce3616d9-58ad-4ec7-a294-1821e1564434"",""environment"":""fb6513d0-42a4-4660-82b5-509c54b15f2a"",""service"":""4978aa94-666c-47c7-8024-3ada55195a51"",""deployment"":""321049af-1e5a-4184-8f77-6142b4346196"",""replica"":""076798bd-f35c-43ad-9382-ab4e1f64a4a8""}",2026-03-29T02:08:50.448204377Z
Prisma schema loaded from prisma/schema.prisma,info,"{""level"":""info""}","{""project"":""ce3616d9-58ad-4ec7-a294-1821e1564434"",""environment"":""fb6513d0-42a4-4660-82b5-509c54b15f2a"",""service"":""4978aa94-666c-47c7-8024-3ada55195a51"",""deployment"":""321049af-1e5a-4184-8f77-6142b4346196"",""replica"":""076798bd-f35c-43ad-9382-ab4e1f64a4a8""}",2026-03-29T02:08:51.259823090Z
"Datasource ""db"": SQLite database ""whatsapp.db"" at ""file:/app/data/whatsapp.db""",info,"{""level"":""info""}","{""project"":""ce3616d9-58ad-4ec7-a294-1821e1564434"",""environment"":""fb6513d0-42a4-4660-82b5-509c54b15f2a"",""service"":""4978aa94-666c-47c7-8024-3ada55195a51"",""deployment"":""321049af-1e5a-4184-8f77-6142b4346196"",""replica"":""076798bd-f35c-43ad-9382-ab4e1f64a4a8""}",2026-03-29T02:08:51.265876669Z
,info,"{""level"":""info""}","{""project"":""ce3616d9-58ad-4ec7-a294-1821e1564434"",""environment"":""fb6513d0-42a4-4660-82b5-509c54b15f2a"",""service"":""4978aa94-666c-47c7-8024-3ada55195a51"",""deployment"":""321049af-1e5a-4184-8f77-6142b4346196"",""replica"":""076798bd-f35c-43ad-9382-ab4e1f64a4a8""}",2026-03-29T02:08:51.292170586Z
SQLite database whatsapp.db created at file:/app/data/whatsapp.db,info,"{""level"":""info""}","{""project"":""ce3616d9-58ad-4ec7-a294-1821e1564434"",""environment"":""fb6513d0-42a4-4660-82b5-509c54b15f2a"",""service"":""4978aa94-666c-47c7-8024-3ada55195a51"",""deployment"":""321049af-1e5a-4184-8f77-6142b4346196"",""replica"":""076798bd-f35c-43ad-9382-ab4e1f64a4a8""}",2026-03-29T02:08:51.292180304Z
,info,"{""level"":""info""}","{""project"":""ce3616d9-58ad-4ec7-a294-1821e1564434"",""environment"":""fb6513d0-42a4-4660-82b5-509c54b15f2a"",""service"":""4978aa94-666c-47c7-8024-3ada55195a51"",""deployment"":""321049af-1e5a-4184-8f77-6142b4346196"",""replica"":""076798bd-f35c-43ad-9382-ab4e1f64a4a8""}",2026-03-29T02:08:51.389353365Z
🚀  Your database is now in sync with your Prisma schema. Done in 91ms,info,"{""level"":""info""}","{""project"":""ce3616d9-58ad-4ec7-a294-1821e1564434"",""environment"":""fb6513d0-42a4-4660-82b5-509c54b15f2a"",""service"":""4978aa94-666c-47c7-8024-3ada55195a51"",""deployment"":""321049af-1e5a-4184-8f77-6142b4346196"",""replica"":""076798bd-f35c-43ad-9382-ab4e1f64a4a8""}",2026-03-29T02:08:51.389362268Z
┌─────────────────────────────────────────────────────────┐,error,"{""level"":""error""}","{""project"":""ce3616d9-58ad-4ec7-a294-1821e1564434"",""environment"":""fb6513d0-42a4-4660-82b5-509c54b15f2a"",""service"":""4978aa94-666c-47c7-8024-3ada55195a51"",""deployment"":""321049af-1e5a-4184-8f77-6142b4346196"",""replica"":""076798bd-f35c-43ad-9382-ab4e1f64a4a8""}",2026-03-29T02:08:51.389367727Z
│  Update available 6.19.2 -> 7.6.0                       │,error,"{""level"":""error""}","{""project"":""ce3616d9-58ad-4ec7-a294-1821e1564434"",""environment"":""fb6513d0-42a4-4660-82b5-509c54b15f2a"",""service"":""4978aa94-666c-47c7-8024-3ada55195a51"",""deployment"":""321049af-1e5a-4184-8f77-6142b4346196"",""replica"":""076798bd-f35c-43ad-9382-ab4e1f64a4a8""}",2026-03-29T02:08:51.389372762Z
│                                                         │,error,"{""level"":""error""}","{""project"":""ce3616d9-58ad-4ec7-a294-1821e1564434"",""environment"":""fb6513d0-42a4-4660-82b5-509c54b15f2a"",""service"":""4978aa94-666c-47c7-8024-3ada55195a51"",""deployment"":""321049af-1e5a-4184-8f77-6142b4346196"",""replica"":""076798bd-f35c-43ad-9382-ab4e1f64a4a8""}",2026-03-29T02:08:51.389378468Z
│  This is a major update - please follow the guide at    │,error,"{""level"":""error""}","{""project"":""ce3616d9-58ad-4ec7-a294-1821e1564434"",""environment"":""fb6513d0-42a4-4660-82b5-509c54b15f2a"",""service"":""4978aa94-666c-47c7-8024-3ada55195a51"",""deployment"":""321049af-1e5a-4184-8f77-6142b4346196"",""replica"":""076798bd-f35c-43ad-9382-ab4e1f64a4a8""}",2026-03-29T02:08:51.389384223Z
│  https://pris.ly/d/major-version-upgrade                │,error,"{""level"":""error""}","{""project"":""ce3616d9-58ad-4ec7-a294-1821e1564434"",""environment"":""fb6513d0-42a4-4660-82b5-509c54b15f2a"",""service"":""4978aa94-666c-47c7-8024-3ada55195a51"",""deployment"":""321049af-1e5a-4184-8f77-6142b4346196"",""replica"":""076798bd-f35c-43ad-9382-ab4e1f64a4a8""}",2026-03-29T02:08:51.389388713Z
│                                                         │,error,"{""level"":""error""}","{""project"":""ce3616d9-58ad-4ec7-a294-1821e1564434"",""environment"":""fb6513d0-42a4-4660-82b5-509c54b15f2a"",""service"":""4978aa94-666c-47c7-8024-3ada55195a51"",""deployment"":""321049af-1e5a-4184-8f77-6142b4346196"",""replica"":""076798bd-f35c-43ad-9382-ab4e1f64a4a8""}",2026-03-29T02:08:51.389393023Z
│  Run the following to update                            │,error,"{""level"":""error""}","{""project"":""ce3616d9-58ad-4ec7-a294-1821e1564434"",""environment"":""fb6513d0-42a4-4660-82b5-509c54b15f2a"",""service"":""4978aa94-666c-47c7-8024-3ada55195a51"",""deployment"":""321049af-1e5a-4184-8f77-6142b4346196"",""replica"":""076798bd-f35c-43ad-9382-ab4e1f64a4a8""}",2026-03-29T02:08:51.389397541Z
│    npm i --save-dev prisma@latest                       │,error,"{""level"":""error""}","{""project"":""ce3616d9-58ad-4ec7-a294-1821e1564434"",""environment"":""fb6513d0-42a4-4660-82b5-509c54b15f2a"",""service"":""4978aa94-666c-47c7-8024-3ada55195a51"",""deployment"":""321049af-1e5a-4184-8f77-6142b4346196"",""replica"":""076798bd-f35c-43ad-9382-ab4e1f64a4a8""}",2026-03-29T02:08:51.389403203Z
│    npm i @prisma/client@latest                          │,error,"{""level"":""error""}","{""project"":""ce3616d9-58ad-4ec7-a294-1821e1564434"",""environment"":""fb6513d0-42a4-4660-82b5-509c54b15f2a"",""service"":""4978aa94-666c-47c7-8024-3ada55195a51"",""deployment"":""321049af-1e5a-4184-8f77-6142b4346196"",""replica"":""076798bd-f35c-43ad-9382-ab4e1f64a4a8""}",2026-03-29T02:08:51.389408150Z
└─────────────────────────────────────────────────────────┘,error,"{""level"":""error""}","{""project"":""ce3616d9-58ad-4ec7-a294-1821e1564434"",""environment"":""fb6513d0-42a4-4660-82b5-509c54b15f2a"",""service"":""4978aa94-666c-47c7-8024-3ada55195a51"",""deployment"":""321049af-1e5a-4184-8f77-6142b4346196"",""replica"":""076798bd-f35c-43ad-9382-ab4e1f64a4a8""}",2026-03-29T02:08:51.389412927Z
,info,"{""level"":""info""}","{""project"":""ce3616d9-58ad-4ec7-a294-1821e1564434"",""environment"":""fb6513d0-42a4-4660-82b5-509c54b15f2a"",""service"":""4978aa94-666c-47c7-8024-3ada55195a51"",""deployment"":""321049af-1e5a-4184-8f77-6142b4346196"",""replica"":""076798bd-f35c-43ad-9382-ab4e1f64a4a8""}",2026-03-29T02:08:51.389421054Z
Setting up Prisma symlinks...,info,"{""level"":""info""}","{""project"":""ce3616d9-58ad-4ec7-a294-1821e1564434"",""environment"":""fb6513d0-42a4-4660-82b5-509c54b15f2a"",""service"":""4978aa94-666c-47c7-8024-3ada55195a51"",""deployment"":""321049af-1e5a-4184-8f77-6142b4346196"",""replica"":""076798bd-f35c-43ad-9382-ab4e1f64a4a8""}",2026-03-29T02:08:51.407559251Z
Starting Next.js server...,info,"{""level"":""info""}","{""project"":""ce3616d9-58ad-4ec7-a294-1821e1564434"",""environment"":""fb6513d0-42a4-4660-82b5-509c54b15f2a"",""service"":""4978aa94-666c-47c7-8024-3ada55195a51"",""deployment"":""321049af-1e5a-4184-8f77-6142b4346196"",""replica"":""076798bd-f35c-43ad-9382-ab4e1f64a4a8""}",2026-03-29T02:08:51.413624380Z
Next.js PID: 52,info,"{""level"":""info""}","{""project"":""ce3616d9-58ad-4ec7-a294-1821e1564434"",""environment"":""fb6513d0-42a4-4660-82b5-509c54b15f2a"",""service"":""4978aa94-666c-47c7-8024-3ada55195a51"",""deployment"":""321049af-1e5a-4184-8f77-6142b4346196"",""replica"":""076798bd-f35c-43ad-9382-ab4e1f64a4a8""}",2026-03-29T02:08:51.413631262Z
Waiting for localhost:3000 to be accessible...,info,"{""level"":""info""}","{""project"":""ce3616d9-58ad-4ec7-a294-1821e1564434"",""environment"":""fb6513d0-42a4-4660-82b5-509c54b15f2a"",""service"":""4978aa94-666c-47c7-8024-3ada55195a51"",""deployment"":""321049af-1e5a-4184-8f77-6142b4346196"",""replica"":""076798bd-f35c-43ad-9382-ab4e1f64a4a8""}",2026-03-29T02:08:51.413635567Z
"  ⏳ Attempt 1/30: Port 3000 not ready, waiting 1s...",info,"{""level"":""info""}","{""project"":""ce3616d9-58ad-4ec7-a294-1821e1564434"",""environment"":""fb6513d0-42a4-4660-82b5-509c54b15f2a"",""service"":""4978aa94-666c-47c7-8024-3ada55195a51"",""deployment"":""321049af-1e5a-4184-8f77-6142b4346196"",""replica"":""076798bd-f35c-43ad-9382-ab4e1f64a4a8""}",2026-03-29T02:08:51.413640983Z
▲ Next.js 16.1.6,info,"{""level"":""info""}","{""project"":""ce3616d9-58ad-4ec7-a294-1821e1564434"",""environment"":""fb6513d0-42a4-4660-82b5-509c54b15f2a"",""service"":""4978aa94-666c-47c7-8024-3ada55195a51"",""deployment"":""321049af-1e5a-4184-8f77-6142b4346196"",""replica"":""076798bd-f35c-43ad-9382-ab4e1f64a4a8""}",2026-03-29T02:08:51.978667660Z
- Local:         http://localhost:3000,info,"{""level"":""info""}","{""project"":""ce3616d9-58ad-4ec7-a294-1821e1564434"",""environment"":""fb6513d0-42a4-4660-82b5-509c54b15f2a"",""service"":""4978aa94-666c-47c7-8024-3ada55195a51"",""deployment"":""321049af-1e5a-4184-8f77-6142b4346196"",""replica"":""076798bd-f35c-43ad-9382-ab4e1f64a4a8""}",2026-03-29T02:08:51.978677786Z
- Network:       http://0.0.0.0:3000,info,"{""level"":""info""}","{""project"":""ce3616d9-58ad-4ec7-a294-1821e1564434"",""environment"":""fb6513d0-42a4-4660-82b5-509c54b15f2a"",""service"":""4978aa94-666c-47c7-8024-3ada55195a51"",""deployment"":""321049af-1e5a-4184-8f77-6142b4346196"",""replica"":""076798bd-f35c-43ad-9382-ab4e1f64a4a8""}",2026-03-29T02:08:51.978684325Z
,info,"{""level"":""info""}","{""project"":""ce3616d9-58ad-4ec7-a294-1821e1564434"",""environment"":""fb6513d0-42a4-4660-82b5-509c54b15f2a"",""service"":""4978aa94-666c-47c7-8024-3ada55195a51"",""deployment"":""321049af-1e5a-4184-8f77-6142b4346196"",""replica"":""076798bd-f35c-43ad-9382-ab4e1f64a4a8""}",2026-03-29T02:08:51.978690526Z
✓ Starting...,info,"{""level"":""info""}","{""project"":""ce3616d9-58ad-4ec7-a294-1821e1564434"",""environment"":""fb6513d0-42a4-4660-82b5-509c54b15f2a"",""service"":""4978aa94-666c-47c7-8024-3ada55195a51"",""deployment"":""321049af-1e5a-4184-8f77-6142b4346196"",""replica"":""076798bd-f35c-43ad-9382-ab4e1f64a4a8""}",2026-03-29T02:08:51.978696979Z
✓ Ready in 130ms,info,"{""level"":""info""}","{""project"":""ce3616d9-58ad-4ec7-a294-1821e1564434"",""environment"":""fb6513d0-42a4-4660-82b5-509c54b15f2a"",""service"":""4978aa94-666c-47c7-8024-3ada55195a51"",""deployment"":""321049af-1e5a-4184-8f77-6142b4346196"",""replica"":""076798bd-f35c-43ad-9382-ab4e1f64a4a8""}",2026-03-29T02:08:52.260403940Z
  ✅ Port 3000 is open!,info,"{""level"":""info""}","{""project"":""ce3616d9-58ad-4ec7-a294-1821e1564434"",""environment"":""fb6513d0-42a4-4660-82b5-509c54b15f2a"",""service"":""4978aa94-666c-47c7-8024-3ada55195a51"",""deployment"":""321049af-1e5a-4184-8f77-6142b4346196"",""replica"":""076798bd-f35c-43ad-9382-ab4e1f64a4a8""}",2026-03-29T02:08:52.430339301Z
Waiting for Next.js routes to warm up...,info,"{""level"":""info""}","{""project"":""ce3616d9-58ad-4ec7-a294-1821e1564434"",""environment"":""fb6513d0-42a4-4660-82b5-509c54b15f2a"",""service"":""4978aa94-666c-47c7-8024-3ada55195a51"",""deployment"":""321049af-1e5a-4184-8f77-6142b4346196"",""replica"":""076798bd-f35c-43ad-9382-ab4e1f64a4a8""}",2026-03-29T02:08:52.430343590Z
Waiting for Next.js to be ready...,info,"{""level"":""info""}","{""project"":""ce3616d9-58ad-4ec7-a294-1821e1564434"",""environment"":""fb6513d0-42a4-4660-82b5-509c54b15f2a"",""service"":""4978aa94-666c-47c7-8024-3ada55195a51"",""deployment"":""321049af-1e5a-4184-8f77-6142b4346196"",""replica"":""076798bd-f35c-43ad-9382-ab4e1f64a4a8""}",2026-03-29T02:08:55.472716986Z
  Attempt 1/15: Checking http://localhost:3000/api/wa/health...,info,"{""level"":""info""}","{""project"":""ce3616d9-58ad-4ec7-a294-1821e1564434"",""environment"":""fb6513d0-42a4-4660-82b5-509c54b15f2a"",""service"":""4978aa94-666c-47c7-8024-3ada55195a51"",""deployment"":""321049af-1e5a-4184-8f77-6142b4346196"",""replica"":""076798bd-f35c-43ad-9382-ab4e1f64a4a8""}",2026-03-29T02:08:55.472722268Z
"  ⏳ Next.js not ready yet, waiting 2s...",info,"{""level"":""info""}","{""project"":""ce3616d9-58ad-4ec7-a294-1821e1564434"",""environment"":""fb6513d0-42a4-4660-82b5-509c54b15f2a"",""service"":""4978aa94-666c-47c7-8024-3ada55195a51"",""deployment"":""321049af-1e5a-4184-8f77-6142b4346196"",""replica"":""076798bd-f35c-43ad-9382-ab4e1f64a4a8""}",2026-03-29T02:08:55.472726987Z
  Attempt 2/15: Checking http://localhost:3000/api/wa/health...,info,"{""level"":""info""}","{""project"":""ce3616d9-58ad-4ec7-a294-1821e1564434"",""environment"":""fb6513d0-42a4-4660-82b5-509c54b15f2a"",""service"":""4978aa94-666c-47c7-8024-3ada55195a51"",""deployment"":""321049af-1e5a-4184-8f77-6142b4346196"",""replica"":""076798bd-f35c-43ad-9382-ab4e1f64a4a8""}",2026-03-29T02:08:57.426091689Z
"  ⏳ Next.js not ready yet, waiting 2s...",info,"{""level"":""info""}","{""project"":""ce3616d9-58ad-4ec7-a294-1821e1564434"",""environment"":""fb6513d0-42a4-4660-82b5-509c54b15f2a"",""service"":""4978aa94-666c-47c7-8024-3ada55195a51"",""deployment"":""321049af-1e5a-4184-8f77-6142b4346196"",""replica"":""076798bd-f35c-43ad-9382-ab4e1f64a4a8""}",2026-03-29T02:08:57.426098628Z
  Attempt 3/15: Checking http://localhost:3000/api/wa/health...,info,"{""level"":""info""}","{""project"":""ce3616d9-58ad-4ec7-a294-1821e1564434"",""environment"":""fb6513d0-42a4-4660-82b5-509c54b15f2a"",""service"":""4978aa94-666c-47c7-8024-3ada55195a51"",""deployment"":""321049af-1e5a-4184-8f77-6142b4346196"",""replica"":""076798bd-f35c-43ad-9382-ab4e1f64a4a8""}",2026-03-29T02:08:59.421656742Z
"  ⏳ Next.js not ready yet, waiting 2s...",info,"{""level"":""info""}","{""project"":""ce3616d9-58ad-4ec7-a294-1821e1564434"",""environment"":""fb6513d0-42a4-4660-82b5-509c54b15f2a"",""service"":""4978aa94-666c-47c7-8024-3ada55195a51"",""deployment"":""321049af-1e5a-4184-8f77-6142b4346196"",""replica"":""076798bd-f35c-43ad-9382-ab4e1f64a4a8""}",2026-03-29T02:08:59.421663421Z
  Attempt 4/15: Checking http://localhost:3000/api/wa/health...,info,"{""level"":""info""}","{""project"":""ce3616d9-58ad-4ec7-a294-1821e1564434"",""environment"":""fb6513d0-42a4-4660-82b5-509c54b15f2a"",""service"":""4978aa94-666c-47c7-8024-3ada55195a51"",""deployment"":""321049af-1e5a-4184-8f77-6142b4346196"",""replica"":""076798bd-f35c-43ad-9382-ab4e1f64a4a8""}",2026-03-29T02:09:01.422152832Z
"  ⏳ Next.js not ready yet, waiting 2s...",info,"{""level"":""info""}","{""project"":""ce3616d9-58ad-4ec7-a294-1821e1564434"",""environment"":""fb6513d0-42a4-4660-82b5-509c54b15f2a"",""service"":""4978aa94-666c-47c7-8024-3ada55195a51"",""deployment"":""321049af-1e5a-4184-8f77-6142b4346196"",""replica"":""076798bd-f35c-43ad-9382-ab4e1f64a4a8""}",2026-03-29T02:09:01.422159994Z
  Attempt 5/15: Checking http://localhost:3000/api/wa/health...,info,"{""level"":""info""}","{""project"":""ce3616d9-58ad-4ec7-a294-1821e1564434"",""environment"":""fb6513d0-42a4-4660-82b5-509c54b15f2a"",""service"":""4978aa94-666c-47c7-8024-3ada55195a51"",""deployment"":""321049af-1e5a-4184-8f77-6142b4346196"",""replica"":""076798bd-f35c-43ad-9382-ab4e1f64a4a8""}",2026-03-29T02:09:03.426819515Z
"  ⏳ Next.js not ready yet, waiting 2s...",info,"{""level"":""info""}","{""project"":""ce3616d9-58ad-4ec7-a294-1821e1564434"",""environment"":""fb6513d0-42a4-4660-82b5-509c54b15f2a"",""service"":""4978aa94-666c-47c7-8024-3ada55195a51"",""deployment"":""321049af-1e5a-4184-8f77-6142b4346196"",""replica"":""076798bd-f35c-43ad-9382-ab4e1f64a4a8""}",2026-03-29T02:09:03.426826695Z
  Attempt 6/15: Checking http://localhost:3000/api/wa/health...,info,"{""level"":""info""}","{""project"":""ce3616d9-58ad-4ec7-a294-1821e1564434"",""environment"":""fb6513d0-42a4-4660-82b5-509c54b15f2a"",""service"":""4978aa94-666c-47c7-8024-3ada55195a51"",""deployment"":""321049af-1e5a-4184-8f77-6142b4346196"",""replica"":""076798bd-f35c-43ad-9382-ab4e1f64a4a8""}",2026-03-29T02:09:05.440533844Z
"  ⏳ Next.js not ready yet, waiting 2s...",info,"{""level"":""info""}","{""project"":""ce3616d9-58ad-4ec7-a294-1821e1564434"",""environment"":""fb6513d0-42a4-4660-82b5-509c54b15f2a"",""service"":""4978aa94-666c-47c7-8024-3ada55195a51"",""deployment"":""321049af-1e5a-4184-8f77-6142b4346196"",""replica"":""076798bd-f35c-43ad-9382-ab4e1f64a4a8""}",2026-03-29T02:09:05.440538570Z
  Attempt 7/15: Checking http://localhost:3000/api/wa/health...,info,"{""level"":""info""}","{""project"":""ce3616d9-58ad-4ec7-a294-1821e1564434"",""environment"":""fb6513d0-42a4-4660-82b5-509c54b15f2a"",""service"":""4978aa94-666c-47c7-8024-3ada55195a51"",""deployment"":""321049af-1e5a-4184-8f77-6142b4346196"",""replica"":""076798bd-f35c-43ad-9382-ab4e1f64a4a8""}",2026-03-29T02:09:07.454654484Z
"  ⏳ Next.js not ready yet, waiting 2s...",info,"{""level"":""info""}","{""project"":""ce3616d9-58ad-4ec7-a294-1821e1564434"",""environment"":""fb6513d0-42a4-4660-82b5-509c54b15f2a"",""service"":""4978aa94-666c-47c7-8024-3ada55195a51"",""deployment"":""321049af-1e5a-4184-8f77-6142b4346196"",""replica"":""076798bd-f35c-43ad-9382-ab4e1f64a4a8""}",2026-03-29T02:09:07.454670182Z
  Attempt 8/15: Checking http://localhost:3000/api/wa/health...,info,"{""level"":""info""}","{""project"":""ce3616d9-58ad-4ec7-a294-1821e1564434"",""environment"":""fb6513d0-42a4-4660-82b5-509c54b15f2a"",""service"":""4978aa94-666c-47c7-8024-3ada55195a51"",""deployment"":""321049af-1e5a-4184-8f77-6142b4346196"",""replica"":""076798bd-f35c-43ad-9382-ab4e1f64a4a8""}",2026-03-29T02:09:09.427319888Z
"  ⏳ Next.js not ready yet, waiting 2s...",info,"{""level"":""info""}","{""project"":""ce3616d9-58ad-4ec7-a294-1821e1564434"",""environment"":""fb6513d0-42a4-4660-82b5-509c54b15f2a"",""service"":""4978aa94-666c-47c7-8024-3ada55195a51"",""deployment"":""321049af-1e5a-4184-8f77-6142b4346196"",""replica"":""076798bd-f35c-43ad-9382-ab4e1f64a4a8""}",2026-03-29T02:09:09.427324332Z
  Attempt 9/15: Checking http://localhost:3000/api/wa/health...,info,"{""level"":""info""}","{""project"":""ce3616d9-58ad-4ec7-a294-1821e1564434"",""environment"":""fb6513d0-42a4-4660-82b5-509c54b15f2a"",""service"":""4978aa94-666c-47c7-8024-3ada55195a51"",""deployment"":""321049af-1e5a-4184-8f77-6142b4346196"",""replica"":""076798bd-f35c-43ad-9382-ab4e1f64a4a8""}",2026-03-29T02:09:11.430083831Z
"  ⏳ Next.js not ready yet, waiting 2s...",info,"{""level"":""info""}","{""project"":""ce3616d9-58ad-4ec7-a294-1821e1564434"",""environment"":""fb6513d0-42a4-4660-82b5-509c54b15f2a"",""service"":""4978aa94-666c-47c7-8024-3ada55195a51"",""deployment"":""321049af-1e5a-4184-8f77-6142b4346196"",""replica"":""076798bd-f35c-43ad-9382-ab4e1f64a4a8""}",2026-03-29T02:09:11.430091989Z
  Attempt 10/15: Checking http://localhost:3000/api/wa/health...,info,"{""level"":""info""}","{""project"":""ce3616d9-58ad-4ec7-a294-1821e1564434"",""environment"":""fb6513d0-42a4-4660-82b5-509c54b15f2a"",""service"":""4978aa94-666c-47c7-8024-3ada55195a51"",""deployment"":""321049af-1e5a-4184-8f77-6142b4346196"",""replica"":""076798bd-f35c-43ad-9382-ab4e1f64a4a8""}",2026-03-29T02:09:13.432905144Z
"  ⏳ Next.js not ready yet, waiting 2s...",info,"{""level"":""info""}","{""project"":""ce3616d9-58ad-4ec7-a294-1821e1564434"",""environment"":""fb6513d0-42a4-4660-82b5-509c54b15f2a"",""service"":""4978aa94-666c-47c7-8024-3ada55195a51"",""deployment"":""321049af-1e5a-4184-8f77-6142b4346196"",""replica"":""076798bd-f35c-43ad-9382-ab4e1f64a4a8""}",2026-03-29T02:09:13.432911228Z
  Attempt 11/15: Checking http://localhost:3000/api/wa/health...,info,"{""level"":""info""}","{""project"":""ce3616d9-58ad-4ec7-a294-1821e1564434"",""environment"":""fb6513d0-42a4-4660-82b5-509c54b15f2a"",""service"":""4978aa94-666c-47c7-8024-3ada55195a51"",""deployment"":""321049af-1e5a-4184-8f77-6142b4346196"",""replica"":""076798bd-f35c-43ad-9382-ab4e1f64a4a8""}",2026-03-29T02:09:15.428487438Z
"  ⏳ Next.js not ready yet, waiting 2s...",info,"{""level"":""info""}","{""project"":""ce3616d9-58ad-4ec7-a294-1821e1564434"",""environment"":""fb6513d0-42a4-4660-82b5-509c54b15f2a"",""service"":""4978aa94-666c-47c7-8024-3ada55195a51"",""deployment"":""321049af-1e5a-4184-8f77-6142b4346196"",""replica"":""076798bd-f35c-43ad-9382-ab4e1f64a4a8""}",2026-03-29T02:09:15.428493900Z
  Attempt 12/15: Checking http://localhost:3000/api/wa/health...,info,"{""level"":""info""}","{""project"":""ce3616d9-58ad-4ec7-a294-1821e1564434"",""environment"":""fb6513d0-42a4-4660-82b5-509c54b15f2a"",""service"":""4978aa94-666c-47c7-8024-3ada55195a51"",""deployment"":""321049af-1e5a-4184-8f77-6142b4346196"",""replica"":""076798bd-f35c-43ad-9382-ab4e1f64a4a8""}",2026-03-29T02:09:17.440621083Z
"  ⏳ Next.js not ready yet, waiting 2s...",info,"{""level"":""info""}","{""project"":""ce3616d9-58ad-4ec7-a294-1821e1564434"",""environment"":""fb6513d0-42a4-4660-82b5-509c54b15f2a"",""service"":""4978aa94-666c-47c7-8024-3ada55195a51"",""deployment"":""321049af-1e5a-4184-8f77-6142b4346196"",""replica"":""076798bd-f35c-43ad-9382-ab4e1f64a4a8""}",2026-03-29T02:09:17.440627514Z
  Attempt 13/15: Checking http://localhost:3000/api/wa/health...,info,"{""level"":""info""}","{""project"":""ce3616d9-58ad-4ec7-a294-1821e1564434"",""environment"":""fb6513d0-42a4-4660-82b5-509c54b15f2a"",""service"":""4978aa94-666c-47c7-8024-3ada55195a51"",""deployment"":""321049af-1e5a-4184-8f77-6142b4346196"",""replica"":""076798bd-f35c-43ad-9382-ab4e1f64a4a8""}",2026-03-29T02:09:19.449424717Z
"  ⏳ Next.js not ready yet, waiting 2s...",info,"{""level"":""info""}","{""project"":""ce3616d9-58ad-4ec7-a294-1821e1564434"",""environment"":""fb6513d0-42a4-4660-82b5-509c54b15f2a"",""service"":""4978aa94-666c-47c7-8024-3ada55195a51"",""deployment"":""321049af-1e5a-4184-8f77-6142b4346196"",""replica"":""076798bd-f35c-43ad-9382-ab4e1f64a4a8""}",2026-03-29T02:09:19.449436965Z
  Attempt 14/15: Checking http://localhost:3000/api/wa/health...,info,"{""level"":""info""}","{""project"":""ce3616d9-58ad-4ec7-a294-1821e1564434"",""environment"":""fb6513d0-42a4-4660-82b5-509c54b15f2a"",""service"":""4978aa94-666c-47c7-8024-3ada55195a51"",""deployment"":""321049af-1e5a-4184-8f77-6142b4346196"",""replica"":""076798bd-f35c-43ad-9382-ab4e1f64a4a8""}",2026-03-29T02:09:21.524441594Z
"  ⏳ Next.js not ready yet, waiting 2s...",info,"{""level"":""info""}","{""project"":""ce3616d9-58ad-4ec7-a294-1821e1564434"",""environment"":""fb6513d0-42a4-4660-82b5-509c54b15f2a"",""service"":""4978aa94-666c-47c7-8024-3ada55195a51"",""deployment"":""321049af-1e5a-4184-8f77-6142b4346196"",""replica"":""076798bd-f35c-43ad-9382-ab4e1f64a4a8""}",2026-03-29T02:09:21.524445866Z
  Attempt 15/15: Checking http://localhost:3000/api/wa/health...,info,"{""level"":""info""}","{""project"":""ce3616d9-58ad-4ec7-a294-1821e1564434"",""environment"":""fb6513d0-42a4-4660-82b5-509c54b15f2a"",""service"":""4978aa94-666c-47c7-8024-3ada55195a51"",""deployment"":""321049af-1e5a-4184-8f77-6142b4346196"",""replica"":""076798bd-f35c-43ad-9382-ab4e1f64a4a8""}",2026-03-29T02:09:23.544219475Z
"  ⏳ Next.js not ready yet, waiting 2s...",info,"{""level"":""info""}","{""project"":""ce3616d9-58ad-4ec7-a294-1821e1564434"",""environment"":""fb6513d0-42a4-4660-82b5-509c54b15f2a"",""service"":""4978aa94-666c-47c7-8024-3ada55195a51"",""deployment"":""321049af-1e5a-4184-8f77-6142b4346196"",""replica"":""076798bd-f35c-43ad-9382-ab4e1f64a4a8""}",2026-03-29T02:09:23.544225296Z
"  ⚠️ Next.js health check failed after 15 attempts, continuing anyway...",info,"{""level"":""info""}","{""project"":""ce3616d9-58ad-4ec7-a294-1821e1564434"",""environment"":""fb6513d0-42a4-4660-82b5-509c54b15f2a"",""service"":""4978aa94-666c-47c7-8024-3ada55195a51"",""deployment"":""321049af-1e5a-4184-8f77-6142b4346196"",""replica"":""076798bd-f35c-43ad-9382-ab4e1f64a4a8""}",2026-03-29T02:09:25.508523056Z
==========================================,info,"{""level"":""info""}","{""project"":""ce3616d9-58ad-4ec7-a294-1821e1564434"",""environment"":""fb6513d0-42a4-4660-82b5-509c54b15f2a"",""service"":""4978aa94-666c-47c7-8024-3ada55195a51"",""deployment"":""321049af-1e5a-4184-8f77-6142b4346196"",""replica"":""076798bd-f35c-43ad-9382-ab4e1f64a4a8""}",2026-03-29T02:09:26.033652474Z
Starting WhatsApp Warmer Service,info,"{""level"":""info""}","{""project"":""ce3616d9-58ad-4ec7-a294-1821e1564434"",""environment"":""fb6513d0-42a4-4660-82b5-509c54b15f2a"",""service"":""4978aa94-666c-47c7-8024-3ada55195a51"",""deployment"":""321049af-1e5a-4184-8f77-6142b4346196"",""replica"":""076798bd-f35c-43ad-9382-ab4e1f64a4a8""}",2026-03-29T02:09:26.033664357Z
Time: 2026-03-29 02:09:26 UTC,info,"{""level"":""info""}","{""project"":""ce3616d9-58ad-4ec7-a294-1821e1564434"",""environment"":""fb6513d0-42a4-4660-82b5-509c54b15f2a"",""service"":""4978aa94-666c-47c7-8024-3ada55195a51"",""deployment"":""321049af-1e5a-4184-8f77-6142b4346196"",""replica"":""076798bd-f35c-43ad-9382-ab4e1f64a4a8""}",2026-03-29T02:09:26.033670812Z
==========================================,info,"{""level"":""info""}","{""project"":""ce3616d9-58ad-4ec7-a294-1821e1564434"",""environment"":""fb6513d0-42a4-4660-82b5-509c54b15f2a"",""service"":""4978aa94-666c-47c7-8024-3ada55195a51"",""deployment"":""321049af-1e5a-4184-8f77-6142b4346196"",""replica"":""076798bd-f35c-43ad-9382-ab4e1f64a4a8""}",2026-03-29T02:09:26.033675759Z
Running Prisma migrations...,info,"{""level"":""info""}","{""project"":""ce3616d9-58ad-4ec7-a294-1821e1564434"",""environment"":""fb6513d0-42a4-4660-82b5-509c54b15f2a"",""service"":""4978aa94-666c-47c7-8024-3ada55195a51"",""deployment"":""321049af-1e5a-4184-8f77-6142b4346196"",""replica"":""076798bd-f35c-43ad-9382-ab4e1f64a4a8""}",2026-03-29T02:09:26.033680942Z
Prisma schema loaded from prisma/schema.prisma,info,"{""level"":""info""}","{""project"":""ce3616d9-58ad-4ec7-a294-1821e1564434"",""environment"":""fb6513d0-42a4-4660-82b5-509c54b15f2a"",""service"":""4978aa94-666c-47c7-8024-3ada55195a51"",""deployment"":""321049af-1e5a-4184-8f77-6142b4346196"",""replica"":""076798bd-f35c-43ad-9382-ab4e1f64a4a8""}",2026-03-29T02:09:27.194185975Z
"Datasource ""db"": SQLite database ""whatsapp.db"" at ""file:/app/data/whatsapp.db""",info,"{""level"":""info""}","{""project"":""ce3616d9-58ad-4ec7-a294-1821e1564434"",""environment"":""fb6513d0-42a4-4660-82b5-509c54b15f2a"",""service"":""4978aa94-666c-47c7-8024-3ada55195a51"",""deployment"":""321049af-1e5a-4184-8f77-6142b4346196"",""replica"":""076798bd-f35c-43ad-9382-ab4e1f64a4a8""}",2026-03-29T02:09:27.194195061Z
,info,"{""level"":""info""}","{""project"":""ce3616d9-58ad-4ec7-a294-1821e1564434"",""environment"":""fb6513d0-42a4-4660-82b5-509c54b15f2a"",""service"":""4978aa94-666c-47c7-8024-3ada55195a51"",""deployment"":""321049af-1e5a-4184-8f77-6142b4346196"",""replica"":""076798bd-f35c-43ad-9382-ab4e1f64a4a8""}",2026-03-29T02:09:27.217876333Z
The database is already in sync with the Prisma schema.,info,"{""level"":""info""}","{""project"":""ce3616d9-58ad-4ec7-a294-1821e1564434"",""environment"":""fb6513d0-42a4-4660-82b5-509c54b15f2a"",""service"":""4978aa94-666c-47c7-8024-3ada55195a51"",""deployment"":""321049af-1e5a-4184-8f77-6142b4346196"",""replica"":""076798bd-f35c-43ad-9382-ab4e1f64a4a8""}",2026-03-29T02:09:27.217882878Z
,info,"{""level"":""info""}","{""project"":""ce3616d9-58ad-4ec7-a294-1821e1564434"",""environment"":""fb6513d0-42a4-4660-82b5-509c54b15f2a"",""service"":""4978aa94-666c-47c7-8024-3ada55195a51"",""deployment"":""321049af-1e5a-4184-8f77-6142b4346196"",""replica"":""076798bd-f35c-43ad-9382-ab4e1f64a4a8""}",2026-03-29T02:09:27.217887352Z
Setting up Prisma symlinks...,info,"{""level"":""info""}","{""project"":""ce3616d9-58ad-4ec7-a294-1821e1564434"",""environment"":""fb6513d0-42a4-4660-82b5-509c54b15f2a"",""service"":""4978aa94-666c-47c7-8024-3ada55195a51"",""deployment"":""321049af-1e5a-4184-8f77-6142b4346196"",""replica"":""076798bd-f35c-43ad-9382-ab4e1f64a4a8""}",2026-03-29T02:09:27.236224354Z
Starting Next.js server...,info,"{""level"":""info""}","{""project"":""ce3616d9-58ad-4ec7-a294-1821e1564434"",""environment"":""fb6513d0-42a4-4660-82b5-509c54b15f2a"",""service"":""4978aa94-666c-47c7-8024-3ada55195a51"",""deployment"":""321049af-1e5a-4184-8f77-6142b4346196"",""replica"":""076798bd-f35c-43ad-9382-ab4e1f64a4a8""}",2026-03-29T02:09:27.243496361Z
Next.js PID: 46,info,"{""level"":""info""}","{""project"":""ce3616d9-58ad-4ec7-a294-1821e1564434"",""environment"":""fb6513d0-42a4-4660-82b5-509c54b15f2a"",""service"":""4978aa94-666c-47c7-8024-3ada55195a51"",""deployment"":""321049af-1e5a-4184-8f77-6142b4346196"",""replica"":""076798bd-f35c-43ad-9382-ab4e1f64a4a8""}",2026-03-29T02:09:27.243502986Z
Waiting for localhost:3000 to be accessible...,info,"{""level"":""info""}","{""project"":""ce3616d9-58ad-4ec7-a294-1821e1564434"",""environment"":""fb6513d0-42a4-4660-82b5-509c54b15f2a"",""service"":""4978aa94-666c-47c7-8024-3ada55195a51"",""deployment"":""321049af-1e5a-4184-8f77-6142b4346196"",""replica"":""076798bd-f35c-43ad-9382-ab4e1f64a4a8""}",2026-03-29T02:09:27.243507600Z
"  ⏳ Attempt 1/30: Port 3000 not ready, waiting 1s...",info,"{""level"":""info""}","{""project"":""ce3616d9-58ad-4ec7-a294-1821e1564434"",""environment"":""fb6513d0-42a4-4660-82b5-509c54b15f2a"",""service"":""4978aa94-666c-47c7-8024-3ada55195a51"",""deployment"":""321049af-1e5a-4184-8f77-6142b4346196"",""replica"":""076798bd-f35c-43ad-9382-ab4e1f64a4a8""}",2026-03-29T02:09:27.243511916Z
▲ Next.js 16.1.6,info,"{""level"":""info""}","{""project"":""ce3616d9-58ad-4ec7-a294-1821e1564434"",""environment"":""fb6513d0-42a4-4660-82b5-509c54b15f2a"",""service"":""4978aa94-666c-47c7-8024-3ada55195a51"",""deployment"":""321049af-1e5a-4184-8f77-6142b4346196"",""replica"":""076798bd-f35c-43ad-9382-ab4e1f64a4a8""}",2026-03-29T02:09:27.575881010Z
- Local:         http://localhost:3000,info,"{""level"":""info""}","{""project"":""ce3616d9-58ad-4ec7-a294-1821e1564434"",""environment"":""fb6513d0-42a4-4660-82b5-509c54b15f2a"",""service"":""4978aa94-666c-47c7-8024-3ada55195a51"",""deployment"":""321049af-1e5a-4184-8f77-6142b4346196"",""replica"":""076798bd-f35c-43ad-9382-ab4e1f64a4a8""}",2026-03-29T02:09:27.575892010Z
- Network:       http://0.0.0.0:3000,info,"{""level"":""info""}","{""project"":""ce3616d9-58ad-4ec7-a294-1821e1564434"",""environment"":""fb6513d0-42a4-4660-82b5-509c54b15f2a"",""service"":""4978aa94-666c-47c7-8024-3ada55195a51"",""deployment"":""321049af-1e5a-4184-8f77-6142b4346196"",""replica"":""076798bd-f35c-43ad-9382-ab4e1f64a4a8""}",2026-03-29T02:09:27.575900678Z
,info,"{""level"":""info""}","{""project"":""ce3616d9-58ad-4ec7-a294-1821e1564434"",""environment"":""fb6513d0-42a4-4660-82b5-509c54b15f2a"",""service"":""4978aa94-666c-47c7-8024-3ada55195a51"",""deployment"":""321049af-1e5a-4184-8f77-6142b4346196"",""replica"":""076798bd-f35c-43ad-9382-ab4e1f64a4a8""}",2026-03-29T02:09:27.575907629Z
✓ Starting...,info,"{""level"":""info""}","{""project"":""ce3616d9-58ad-4ec7-a294-1821e1564434"",""environment"":""fb6513d0-42a4-4660-82b5-509c54b15f2a"",""service"":""4978aa94-666c-47c7-8024-3ada55195a51"",""deployment"":""321049af-1e5a-4184-8f77-6142b4346196"",""replica"":""076798bd-f35c-43ad-9382-ab4e1f64a4a8""}",2026-03-29T02:09:27.575914598Z
✓ Ready in 101ms,info,"{""level"":""info""}","{""project"":""ce3616d9-58ad-4ec7-a294-1821e1564434"",""environment"":""fb6513d0-42a4-4660-82b5-509c54b15f2a"",""service"":""4978aa94-666c-47c7-8024-3ada55195a51"",""deployment"":""321049af-1e5a-4184-8f77-6142b4346196"",""replica"":""076798bd-f35c-43ad-9382-ab4e1f64a4a8""}",2026-03-29T02:09:27.652264183Z
  ✅ Port 3000 is open!,info,"{""level"":""info""}","{""project"":""ce3616d9-58ad-4ec7-a294-1821e1564434"",""environment"":""fb6513d0-42a4-4660-82b5-509c54b15f2a"",""service"":""4978aa94-666c-47c7-8024-3ada55195a51"",""deployment"":""321049af-1e5a-4184-8f77-6142b4346196"",""replica"":""076798bd-f35c-43ad-9382-ab4e1f64a4a8""}",2026-03-29T02:09:28.251988422Z
Waiting for Next.js routes to warm up...,info,"{""level"":""info""}","{""project"":""ce3616d9-58ad-4ec7-a294-1821e1564434"",""environment"":""fb6513d0-42a4-4660-82b5-509c54b15f2a"",""service"":""4978aa94-666c-47c7-8024-3ada55195a51"",""deployment"":""321049af-1e5a-4184-8f77-6142b4346196"",""replica"":""076798bd-f35c-43ad-9382-ab4e1f64a4a8""}",2026-03-29T02:09:28.251994569Z
Waiting for Next.js to be ready...,info,"{""level"":""info""}","{""project"":""ce3616d9-58ad-4ec7-a294-1821e1564434"",""environment"":""fb6513d0-42a4-4660-82b5-509c54b15f2a"",""service"":""4978aa94-666c-47c7-8024-3ada55195a51"",""deployment"":""321049af-1e5a-4184-8f77-6142b4346196"",""replica"":""076798bd-f35c-43ad-9382-ab4e1f64a4a8""}",2026-03-29T02:09:31.244851518Z
  Attempt 1/15: Checking http://localhost:3000/api/wa/health...,info,"{""level"":""info""}","{""project"":""ce3616d9-58ad-4ec7-a294-1821e1564434"",""environment"":""fb6513d0-42a4-4660-82b5-509c54b15f2a"",""service"":""4978aa94-666c-47c7-8024-3ada55195a51"",""deployment"":""321049af-1e5a-4184-8f77-6142b4346196"",""replica"":""076798bd-f35c-43ad-9382-ab4e1f64a4a8""}",2026-03-29T02:09:31.244858712Z
"  ⏳ Next.js not ready yet, waiting 2s...",info,"{""level"":""info""}","{""project"":""ce3616d9-58ad-4ec7-a294-1821e1564434"",""environment"":""fb6513d0-42a4-4660-82b5-509c54b15f2a"",""service"":""4978aa94-666c-47c7-8024-3ada55195a51"",""deployment"":""321049af-1e5a-4184-8f77-6142b4346196"",""replica"":""076798bd-f35c-43ad-9382-ab4e1f64a4a8""}",2026-03-29T02:09:31.244863243Z
  Attempt 2/15: Checking http://localhost:3000/api/wa/health...,info,"{""level"":""info""}","{""project"":""ce3616d9-58ad-4ec7-a294-1821e1564434"",""environment"":""fb6513d0-42a4-4660-82b5-509c54b15f2a"",""service"":""4978aa94-666c-47c7-8024-3ada55195a51"",""deployment"":""321049af-1e5a-4184-8f77-6142b4346196"",""replica"":""076798bd-f35c-43ad-9382-ab4e1f64a4a8""}",2026-03-29T02:09:33.256205651Z
"  ⏳ Next.js not ready yet, waiting 2s...",info,"{""level"":""info""}","{""project"":""ce3616d9-58ad-4ec7-a294-1821e1564434"",""environment"":""fb6513d0-42a4-4660-82b5-509c54b15f2a"",""service"":""4978aa94-666c-47c7-8024-3ada55195a51"",""deployment"":""321049af-1e5a-4184-8f77-6142b4346196"",""replica"":""076798bd-f35c-43ad-9382-ab4e1f64a4a8""}",2026-03-29T02:09:33.256210763Z
  Attempt 3/15: Checking http://localhost:3000/api/wa/health...,info,"{""level"":""info""}","{""project"":""ce3616d9-58ad-4ec7-a294-1821e1564434"",""environment"":""fb6513d0-42a4-4660-82b5-509c54b15f2a"",""service"":""4978aa94-666c-47c7-8024-3ada55195a51"",""deployment"":""321049af-1e5a-4184-8f77-6142b4346196"",""replica"":""076798bd-f35c-43ad-9382-ab4e1f64a4a8""}",2026-03-29T02:09:35.245802622Z
"  ⏳ Next.js not ready yet, waiting 2s...",info,"{""level"":""info""}","{""project"":""ce3616d9-58ad-4ec7-a294-1821e1564434"",""environment"":""fb6513d0-42a4-4660-82b5-509c54b15f2a"",""service"":""4978aa94-666c-47c7-8024-3ada55195a51"",""deployment"":""321049af-1e5a-4184-8f77-6142b4346196"",""replica"":""076798bd-f35c-43ad-9382-ab4e1f64a4a8""}",2026-03-29T02:09:35.245809516Z
  Attempt 4/15: Checking http://localhost:3000/api/wa/health...,info,"{""level"":""info""}","{""project"":""ce3616d9-58ad-4ec7-a294-1821e1564434"",""environment"":""fb6513d0-42a4-4660-82b5-509c54b15f2a"",""service"":""4978aa94-666c-47c7-8024-3ada55195a51"",""deployment"":""321049af-1e5a-4184-8f77-6142b4346196"",""replica"":""076798bd-f35c-43ad-9382-ab4e1f64a4a8""}",2026-03-29T02:09:37.263837870Z
"  ⏳ Next.js not ready yet, waiting 2s...",info,"{""level"":""info""}","{""project"":""ce3616d9-58ad-4ec7-a294-1821e1564434"",""environment"":""fb6513d0-42a4-4660-82b5-509c54b15f2a"",""service"":""4978aa94-666c-47c7-8024-3ada55195a51"",""deployment"":""321049af-1e5a-4184-8f77-6142b4346196"",""replica"":""076798bd-f35c-43ad-9382-ab4e1f64a4a8""}",2026-03-29T02:09:37.263842425Z
  Attempt 5/15: Checking http://localhost:3000/api/wa/health...,info,"{""level"":""info""}","{""project"":""ce3616d9-58ad-4ec7-a294-1821e1564434"",""environment"":""fb6513d0-42a4-4660-82b5-509c54b15f2a"",""service"":""4978aa94-666c-47c7-8024-3ada55195a51"",""deployment"":""321049af-1e5a-4184-8f77-6142b4346196"",""replica"":""076798bd-f35c-43ad-9382-ab4e1f64a4a8""}",2026-03-29T02:09:39.352262242Z
"  ⏳ Next.js not ready yet, waiting 2s...",info,"{""level"":""info""}","{""project"":""ce3616d9-58ad-4ec7-a294-1821e1564434"",""environment"":""fb6513d0-42a4-4660-82b5-509c54b15f2a"",""service"":""4978aa94-666c-47c7-8024-3ada55195a51"",""deployment"":""321049af-1e5a-4184-8f77-6142b4346196"",""replica"":""076798bd-f35c-43ad-9382-ab4e1f64a4a8""}",2026-03-29T02:09:39.352267110Z
  Attempt 6/15: Checking http://localhost:3000/api/wa/health...,info,"{""level"":""info""}","{""project"":""ce3616d9-58ad-4ec7-a294-1821e1564434"",""environment"":""fb6513d0-42a4-4660-82b5-509c54b15f2a"",""service"":""4978aa94-666c-47c7-8024-3ada55195a51"",""deployment"":""321049af-1e5a-4184-8f77-6142b4346196"",""replica"":""076798bd-f35c-43ad-9382-ab4e1f64a4a8""}",2026-03-29T02:09:41.279247060Z
"  ⏳ Next.js not ready yet, waiting 2s...",info,"{""level"":""info""}","{""project"":""ce3616d9-58ad-4ec7-a294-1821e1564434"",""environment"":""fb6513d0-42a4-4660-82b5-509c54b15f2a"",""service"":""4978aa94-666c-47c7-8024-3ada55195a51"",""deployment"":""321049af-1e5a-4184-8f77-6142b4346196"",""replica"":""076798bd-f35c-43ad-9382-ab4e1f64a4a8""}",2026-03-29T02:09:41.279253228Z
  Attempt 7/15: Checking http://localhost:3000/api/wa/health...,info,"{""level"":""info""}","{""project"":""ce3616d9-58ad-4ec7-a294-1821e1564434"",""environment"":""fb6513d0-42a4-4660-82b5-509c54b15f2a"",""service"":""4978aa94-666c-47c7-8024-3ada55195a51"",""deployment"":""321049af-1e5a-4184-8f77-6142b4346196"",""replica"":""076798bd-f35c-43ad-9382-ab4e1f64a4a8""}",2026-03-29T02:09:43.251708631Z
"  ⏳ Next.js not ready yet, waiting 2s...",info,"{""level"":""info""}","{""project"":""ce3616d9-58ad-4ec7-a294-1821e1564434"",""environment"":""fb6513d0-42a4-4660-82b5-509c54b15f2a"",""service"":""4978aa94-666c-47c7-8024-3ada55195a51"",""deployment"":""321049af-1e5a-4184-8f77-6142b4346196"",""replica"":""076798bd-f35c-43ad-9382-ab4e1f64a4a8""}",2026-03-29T02:09:43.251720770Z
  Attempt 8/15: Checking http://localhost:3000/api/wa/health...,info,"{""level"":""info""}","{""project"":""ce3616d9-58ad-4ec7-a294-1821e1564434"",""environment"":""fb6513d0-42a4-4660-82b5-509c54b15f2a"",""service"":""4978aa94-666c-47c7-8024-3ada55195a51"",""deployment"":""321049af-1e5a-4184-8f77-6142b4346196"",""replica"":""076798bd-f35c-43ad-9382-ab4e1f64a4a8""}",2026-03-29T02:09:45.375489622Z
"  ⏳ Next.js not ready yet, waiting 2s...",info,"{""level"":""info""}","{""project"":""ce3616d9-58ad-4ec7-a294-1821e1564434"",""environment"":""fb6513d0-42a4-4660-82b5-509c54b15f2a"",""service"":""4978aa94-666c-47c7-8024-3ada55195a51"",""deployment"":""321049af-1e5a-4184-8f77-6142b4346196"",""replica"":""076798bd-f35c-43ad-9382-ab4e1f64a4a8""}",2026-03-29T02:09:45.375493903Z
  Attempt 9/15: Checking http://localhost:3000/api/wa/health...,info,"{""level"":""info""}","{""project"":""ce3616d9-58ad-4ec7-a294-1821e1564434"",""environment"":""fb6513d0-42a4-4660-82b5-509c54b15f2a"",""service"":""4978aa94-666c-47c7-8024-3ada55195a51"",""deployment"":""321049af-1e5a-4184-8f77-6142b4346196"",""replica"":""076798bd-f35c-43ad-9382-ab4e1f64a4a8""}",2026-03-29T02:09:47.264279644Z
"  ⏳ Next.js not ready yet, waiting 2s...",info,"{""level"":""info""}","{""project"":""ce3616d9-58ad-4ec7-a294-1821e1564434"",""environment"":""fb6513d0-42a4-4660-82b5-509c54b15f2a"",""service"":""4978aa94-666c-47c7-8024-3ada55195a51"",""deployment"":""321049af-1e5a-4184-8f77-6142b4346196"",""replica"":""076798bd-f35c-43ad-9382-ab4e1f64a4a8""}",2026-03-29T02:09:47.264285743Z
  Attempt 10/15: Checking http://localhost:3000/api/wa/health...,info,"{""level"":""info""}","{""project"":""ce3616d9-58ad-4ec7-a294-1821e1564434"",""environment"":""fb6513d0-42a4-4660-82b5-509c54b15f2a"",""service"":""4978aa94-666c-47c7-8024-3ada55195a51"",""deployment"":""321049af-1e5a-4184-8f77-6142b4346196"",""replica"":""076798bd-f35c-43ad-9382-ab4e1f64a4a8""}",2026-03-29T02:09:49.306872927Z
"  ⏳ Next.js not ready yet, waiting 2s...",info,"{""level"":""info""}","{""project"":""ce3616d9-58ad-4ec7-a294-1821e1564434"",""environment"":""fb6513d0-42a4-4660-82b5-509c54b15f2a"",""service"":""4978aa94-666c-47c7-8024-3ada55195a51"",""deployment"":""321049af-1e5a-4184-8f77-6142b4346196"",""replica"":""076798bd-f35c-43ad-9382-ab4e1f64a4a8""}",2026-03-29T02:09:49.306877376Z
  Attempt 11/15: Checking http://localhost:3000/api/wa/health...,info,"{""level"":""info""}","{""project"":""ce3616d9-58ad-4ec7-a294-1821e1564434"",""environment"":""fb6513d0-42a4-4660-82b5-509c54b15f2a"",""service"":""4978aa94-666c-47c7-8024-3ada55195a51"",""deployment"":""321049af-1e5a-4184-8f77-6142b4346196"",""replica"":""076798bd-f35c-43ad-9382-ab4e1f64a4a8""}",2026-03-29T02:09:51.285810112Z
"  ⏳ Next.js not ready yet, waiting 2s...",info,"{""level"":""info""}","{""project"":""ce3616d9-58ad-4ec7-a294-1821e1564434"",""environment"":""fb6513d0-42a4-4660-82b5-509c54b15f2a"",""service"":""4978aa94-666c-47c7-8024-3ada55195a51"",""deployment"":""321049af-1e5a-4184-8f77-6142b4346196"",""replica"":""076798bd-f35c-43ad-9382-ab4e1f64a4a8""}",2026-03-29T02:09:51.285814535Z
  Attempt 12/15: Checking http://localhost:3000/api/wa/health...,info,"{""level"":""info""}","{""project"":""ce3616d9-58ad-4ec7-a294-1821e1564434"",""environment"":""fb6513d0-42a4-4660-82b5-509c54b15f2a"",""service"":""4978aa94-666c-47c7-8024-3ada55195a51"",""deployment"":""321049af-1e5a-4184-8f77-6142b4346196"",""replica"":""076798bd-f35c-43ad-9382-ab4e1f64a4a8""}",2026-03-29T02:09:53.290827512Z
"  ⏳ Next.js not ready yet, waiting 2s...",info,"{""level"":""info""}","{""project"":""ce3616d9-58ad-4ec7-a294-1821e1564434"",""environment"":""fb6513d0-42a4-4660-82b5-509c54b15f2a"",""service"":""4978aa94-666c-47c7-8024-3ada55195a51"",""deployment"":""321049af-1e5a-4184-8f77-6142b4346196"",""replica"":""076798bd-f35c-43ad-9382-ab4e1f64a4a8""}",2026-03-29T02:09:53.290837841Z
  Attempt 13/15: Checking http://localhost:3000/api/wa/health...,info,"{""level"":""info""}","{""project"":""ce3616d9-58ad-4ec7-a294-1821e1564434"",""environment"":""fb6513d0-42a4-4660-82b5-509c54b15f2a"",""service"":""4978aa94-666c-47c7-8024-3ada55195a51"",""deployment"":""321049af-1e5a-4184-8f77-6142b4346196"",""replica"":""076798bd-f35c-43ad-9382-ab4e1f64a4a8""}",2026-03-29T02:09:55.269832712Z
"  ⏳ Next.js not ready yet, waiting 2s...",info,"{""level"":""info""}","{""project"":""ce3616d9-58ad-4ec7-a294-1821e1564434"",""environment"":""fb6513d0-42a4-4660-82b5-509c54b15f2a"",""service"":""4978aa94-666c-47c7-8024-3ada55195a51"",""deployment"":""321049af-1e5a-4184-8f77-6142b4346196"",""replica"":""076798bd-f35c-43ad-9382-ab4e1f64a4a8""}",2026-03-29T02:09:55.269841492Z
  Attempt 14/15: Checking http://localhost:3000/api/wa/health...,info,"{""level"":""info""}","{""project"":""ce3616d9-58ad-4ec7-a294-1821e1564434"",""environment"":""fb6513d0-42a4-4660-82b5-509c54b15f2a"",""service"":""4978aa94-666c-47c7-8024-3ada55195a51"",""deployment"":""321049af-1e5a-4184-8f77-6142b4346196"",""replica"":""076798bd-f35c-43ad-9382-ab4e1f64a4a8""}",2026-03-29T02:09:57.259590231Z
"  ⏳ Next.js not ready yet, waiting 2s...",info,"{""level"":""info""}","{""project"":""ce3616d9-58ad-4ec7-a294-1821e1564434"",""environment"":""fb6513d0-42a4-4660-82b5-509c54b15f2a"",""service"":""4978aa94-666c-47c7-8024-3ada55195a51"",""deployment"":""321049af-1e5a-4184-8f77-6142b4346196"",""replica"":""076798bd-f35c-43ad-9382-ab4e1f64a4a8""}",2026-03-29T02:09:57.259599470Z
  Attempt 15/15: Checking http://localhost:3000/api/wa/health...,info,"{""level"":""info""}","{""project"":""ce3616d9-58ad-4ec7-a294-1821e1564434"",""environment"":""fb6513d0-42a4-4660-82b5-509c54b15f2a"",""service"":""4978aa94-666c-47c7-8024-3ada55195a51"",""deployment"":""321049af-1e5a-4184-8f77-6142b4346196"",""replica"":""076798bd-f35c-43ad-9382-ab4e1f64a4a8""}",2026-03-29T02:09:59.261682455Z
"  ⏳ Next.js not ready yet, waiting 2s...",info,"{""level"":""info""}","{""project"":""ce3616d9-58ad-4ec7-a294-1821e1564434"",""environment"":""fb6513d0-42a4-4660-82b5-509c54b15f2a"",""service"":""4978aa94-666c-47c7-8024-3ada55195a51"",""deployment"":""321049af-1e5a-4184-8f77-6142b4346196"",""replica"":""076798bd-f35c-43ad-9382-ab4e1f64a4a8""}",2026-03-29T02:09:59.261687369Z
"  ⚠️ Next.js health check failed after 15 attempts, continuing anyway...",info,"{""level"":""info""}","{""project"":""ce3616d9-58ad-4ec7-a294-1821e1564434"",""environment"":""fb6513d0-42a4-4660-82b5-509c54b15f2a"",""service"":""4978aa94-666c-47c7-8024-3ada55195a51"",""deployment"":""321049af-1e5a-4184-8f77-6142b4346196"",""replica"":""076798bd-f35c-43ad-9382-ab4e1f64a4a8""}",2026-03-29T02:10:01.263211823Z
Running Prisma migrations...,info,"{""level"":""info""}","{""project"":""ce3616d9-58ad-4ec7-a294-1821e1564434"",""environment"":""fb6513d0-42a4-4660-82b5-509c54b15f2a"",""service"":""4978aa94-666c-47c7-8024-3ada55195a51"",""deployment"":""321049af-1e5a-4184-8f77-6142b4346196"",""replica"":""076798bd-f35c-43ad-9382-ab4e1f64a4a8""}",2026-03-29T02:10:01.883815479Z
==========================================,info,"{""level"":""info""}","{""project"":""ce3616d9-58ad-4ec7-a294-1821e1564434"",""environment"":""fb6513d0-42a4-4660-82b5-509c54b15f2a"",""service"":""4978aa94-666c-47c7-8024-3ada55195a51"",""deployment"":""321049af-1e5a-4184-8f77-6142b4346196"",""replica"":""076798bd-f35c-43ad-9382-ab4e1f64a4a8""}",2026-03-29T02:10:01.883823042Z
Starting WhatsApp Warmer Service,info,"{""level"":""info""}","{""project"":""ce3616d9-58ad-4ec7-a294-1821e1564434"",""environment"":""fb6513d0-42a4-4660-82b5-509c54b15f2a"",""service"":""4978aa94-666c-47c7-8024-3ada55195a51"",""deployment"":""321049af-1e5a-4184-8f77-6142b4346196"",""replica"":""076798bd-f35c-43ad-9382-ab4e1f64a4a8""}",2026-03-29T02:10:01.883829261Z
Time: 2026-03-29 02:10:01 UTC,info,"{""level"":""info""}","{""project"":""ce3616d9-58ad-4ec7-a294-1821e1564434"",""environment"":""fb6513d0-42a4-4660-82b5-509c54b15f2a"",""service"":""4978aa94-666c-47c7-8024-3ada55195a51"",""deployment"":""321049af-1e5a-4184-8f77-6142b4346196"",""replica"":""076798bd-f35c-43ad-9382-ab4e1f64a4a8""}",2026-03-29T02:10:01.883833848Z
==========================================,info,"{""level"":""info""}","{""project"":""ce3616d9-58ad-4ec7-a294-1821e1564434"",""environment"":""fb6513d0-42a4-4660-82b5-509c54b15f2a"",""service"":""4978aa94-666c-47c7-8024-3ada55195a51"",""deployment"":""321049af-1e5a-4184-8f77-6142b4346196"",""replica"":""076798bd-f35c-43ad-9382-ab4e1f64a4a8""}",2026-03-29T02:10:01.883841590Z
Setting up Prisma symlinks...,info,"{""level"":""info""}","{""project"":""ce3616d9-58ad-4ec7-a294-1821e1564434"",""environment"":""fb6513d0-42a4-4660-82b5-509c54b15f2a"",""service"":""4978aa94-666c-47c7-8024-3ada55195a51"",""deployment"":""321049af-1e5a-4184-8f77-6142b4346196"",""replica"":""076798bd-f35c-43ad-9382-ab4e1f64a4a8""}",2026-03-29T02:10:03.283122400Z
Starting Next.js server...,info,"{""level"":""info""}","{""project"":""ce3616d9-58ad-4ec7-a294-1821e1564434"",""environment"":""fb6513d0-42a4-4660-82b5-509c54b15f2a"",""service"":""4978aa94-666c-47c7-8024-3ada55195a51"",""deployment"":""321049af-1e5a-4184-8f77-6142b4346196"",""replica"":""076798bd-f35c-43ad-9382-ab4e1f64a4a8""}",2026-03-29T02:10:03.283133224Z
Next.js PID: 46,info,"{""level"":""info""}","{""project"":""ce3616d9-58ad-4ec7-a294-1821e1564434"",""environment"":""fb6513d0-42a4-4660-82b5-509c54b15f2a"",""service"":""4978aa94-666c-47c7-8024-3ada55195a51"",""deployment"":""321049af-1e5a-4184-8f77-6142b4346196"",""replica"":""076798bd-f35c-43ad-9382-ab4e1f64a4a8""}",2026-03-29T02:10:03.283139856Z
Waiting for localhost:3000 to be accessible...,info,"{""level"":""info""}","{""project"":""ce3616d9-58ad-4ec7-a294-1821e1564434"",""environment"":""fb6513d0-42a4-4660-82b5-509c54b15f2a"",""service"":""4978aa94-666c-47c7-8024-3ada55195a51"",""deployment"":""321049af-1e5a-4184-8f77-6142b4346196"",""replica"":""076798bd-f35c-43ad-9382-ab4e1f64a4a8""}",2026-03-29T02:10:03.283145588Z
"  ⏳ Attempt 1/30: Port 3000 not ready, waiting 1s...",info,"{""level"":""info""}","{""project"":""ce3616d9-58ad-4ec7-a294-1821e1564434"",""environment"":""fb6513d0-42a4-4660-82b5-509c54b15f2a"",""service"":""4978aa94-666c-47c7-8024-3ada55195a51"",""deployment"":""321049af-1e5a-4184-8f77-6142b4346196"",""replica"":""076798bd-f35c-43ad-9382-ab4e1f64a4a8""}",2026-03-29T02:10:03.283150924Z
Prisma schema loaded from prisma/schema.prisma,info,"{""level"":""info""}","{""project"":""ce3616d9-58ad-4ec7-a294-1821e1564434"",""environment"":""fb6513d0-42a4-4660-82b5-509c54b15f2a"",""service"":""4978aa94-666c-47c7-8024-3ada55195a51"",""deployment"":""321049af-1e5a-4184-8f77-6142b4346196"",""replica"":""076798bd-f35c-43ad-9382-ab4e1f64a4a8""}",2026-03-29T02:10:03.283249722Z
"Datasource ""db"": SQLite database ""whatsapp.db"" at ""file:/app/data/whatsapp.db""",info,"{""level"":""info""}","{""project"":""ce3616d9-58ad-4ec7-a294-1821e1564434"",""environment"":""fb6513d0-42a4-4660-82b5-509c54b15f2a"",""service"":""4978aa94-666c-47c7-8024-3ada55195a51"",""deployment"":""321049af-1e5a-4184-8f77-6142b4346196"",""replica"":""076798bd-f35c-43ad-9382-ab4e1f64a4a8""}",2026-03-29T02:10:03.283254339Z
,info,"{""level"":""info""}","{""project"":""ce3616d9-58ad-4ec7-a294-1821e1564434"",""environment"":""fb6513d0-42a4-4660-82b5-509c54b15f2a"",""service"":""4978aa94-666c-47c7-8024-3ada55195a51"",""deployment"":""321049af-1e5a-4184-8f77-6142b4346196"",""replica"":""076798bd-f35c-43ad-9382-ab4e1f64a4a8""}",2026-03-29T02:10:03.283258618Z
The database is already in sync with the Prisma schema.,info,"{""level"":""info""}","{""project"":""ce3616d9-58ad-4ec7-a294-1821e1564434"",""environment"":""fb6513d0-42a4-4660-82b5-509c54b15f2a"",""service"":""4978aa94-666c-47c7-8024-3ada55195a51"",""deployment"":""321049af-1e5a-4184-8f77-6142b4346196"",""replica"":""076798bd-f35c-43ad-9382-ab4e1f64a4a8""}",2026-03-29T02:10:03.283263143Z
,info,"{""level"":""info""}","{""project"":""ce3616d9-58ad-4ec7-a294-1821e1564434"",""environment"":""fb6513d0-42a4-4660-82b5-509c54b15f2a"",""service"":""4978aa94-666c-47c7-8024-3ada55195a51"",""deployment"":""321049af-1e5a-4184-8f77-6142b4346196"",""replica"":""076798bd-f35c-43ad-9382-ab4e1f64a4a8""}",2026-03-29T02:10:03.283268693Z
▲ Next.js 16.1.6,info,"{""level"":""info""}","{""project"":""ce3616d9-58ad-4ec7-a294-1821e1564434"",""environment"":""fb6513d0-42a4-4660-82b5-509c54b15f2a"",""service"":""4978aa94-666c-47c7-8024-3ada55195a51"",""deployment"":""321049af-1e5a-4184-8f77-6142b4346196"",""replica"":""076798bd-f35c-43ad-9382-ab4e1f64a4a8""}",2026-03-29T02:10:03.582182574Z
- Local:         http://localhost:3000,info,"{""level"":""info""}","{""project"":""ce3616d9-58ad-4ec7-a294-1821e1564434"",""environment"":""fb6513d0-42a4-4660-82b5-509c54b15f2a"",""service"":""4978aa94-666c-47c7-8024-3ada55195a51"",""deployment"":""321049af-1e5a-4184-8f77-6142b4346196"",""replica"":""076798bd-f35c-43ad-9382-ab4e1f64a4a8""}",2026-03-29T02:10:03.582191169Z
- Network:       http://0.0.0.0:3000,info,"{""level"":""info""}","{""project"":""ce3616d9-58ad-4ec7-a294-1821e1564434"",""environment"":""fb6513d0-42a4-4660-82b5-509c54b15f2a"",""service"":""4978aa94-666c-47c7-8024-3ada55195a51"",""deployment"":""321049af-1e5a-4184-8f77-6142b4346196"",""replica"":""076798bd-f35c-43ad-9382-ab4e1f64a4a8""}",2026-03-29T02:10:03.582197466Z
,info,"{""level"":""info""}","{""project"":""ce3616d9-58ad-4ec7-a294-1821e1564434"",""environment"":""fb6513d0-42a4-4660-82b5-509c54b15f2a"",""service"":""4978aa94-666c-47c7-8024-3ada55195a51"",""deployment"":""321049af-1e5a-4184-8f77-6142b4346196"",""replica"":""076798bd-f35c-43ad-9382-ab4e1f64a4a8""}",2026-03-29T02:10:03.582201992Z
✓ Starting...,info,"{""level"":""info""}","{""project"":""ce3616d9-58ad-4ec7-a294-1821e1564434"",""environment"":""fb6513d0-42a4-4660-82b5-509c54b15f2a"",""service"":""4978aa94-666c-47c7-8024-3ada55195a51"",""deployment"":""321049af-1e5a-4184-8f77-6142b4346196"",""replica"":""076798bd-f35c-43ad-9382-ab4e1f64a4a8""}",2026-03-29T02:10:03.582206769Z
✓ Ready in 100ms,info,"{""level"":""info""}","{""project"":""ce3616d9-58ad-4ec7-a294-1821e1564434"",""environment"":""fb6513d0-42a4-4660-82b5-509c54b15f2a"",""service"":""4978aa94-666c-47c7-8024-3ada55195a51"",""deployment"":""321049af-1e5a-4184-8f77-6142b4346196"",""replica"":""076798bd-f35c-43ad-9382-ab4e1f64a4a8""}",2026-03-29T02:10:03.661033762Z
  ✅ Port 3000 is open!,info,"{""level"":""info""}","{""project"":""ce3616d9-58ad-4ec7-a294-1821e1564434"",""environment"":""fb6513d0-42a4-4660-82b5-509c54b15f2a"",""service"":""4978aa94-666c-47c7-8024-3ada55195a51"",""deployment"":""321049af-1e5a-4184-8f77-6142b4346196"",""replica"":""076798bd-f35c-43ad-9382-ab4e1f64a4a8""}",2026-03-29T02:10:04.311060640Z
Waiting for Next.js routes to warm up...,info,"{""level"":""info""}","{""project"":""ce3616d9-58ad-4ec7-a294-1821e1564434"",""environment"":""fb6513d0-42a4-4660-82b5-509c54b15f2a"",""service"":""4978aa94-666c-47c7-8024-3ada55195a51"",""deployment"":""321049af-1e5a-4184-8f77-6142b4346196"",""replica"":""076798bd-f35c-43ad-9382-ab4e1f64a4a8""}",2026-03-29T02:10:04.311073193Z
Waiting for Next.js to be ready...,info,"{""level"":""info""}","{""project"":""ce3616d9-58ad-4ec7-a294-1821e1564434"",""environment"":""fb6513d0-42a4-4660-82b5-509c54b15f2a"",""service"":""4978aa94-666c-47c7-8024-3ada55195a51"",""deployment"":""321049af-1e5a-4184-8f77-6142b4346196"",""replica"":""076798bd-f35c-43ad-9382-ab4e1f64a4a8""}",2026-03-29T02:10:07.424478955Z
  Attempt 1/15: Checking http://localhost:3000/api/wa/health...,info,"{""level"":""info""}","{""project"":""ce3616d9-58ad-4ec7-a294-1821e1564434"",""environment"":""fb6513d0-42a4-4660-82b5-509c54b15f2a"",""service"":""4978aa94-666c-47c7-8024-3ada55195a51"",""deployment"":""321049af-1e5a-4184-8f77-6142b4346196"",""replica"":""076798bd-f35c-43ad-9382-ab4e1f64a4a8""}",2026-03-29T02:10:07.424486125Z
"  ⏳ Next.js not ready yet, waiting 2s...",info,"{""level"":""info""}","{""project"":""ce3616d9-58ad-4ec7-a294-1821e1564434"",""environment"":""fb6513d0-42a4-4660-82b5-509c54b15f2a"",""service"":""4978aa94-666c-47c7-8024-3ada55195a51"",""deployment"":""321049af-1e5a-4184-8f77-6142b4346196"",""replica"":""076798bd-f35c-43ad-9382-ab4e1f64a4a8""}",2026-03-29T02:10:07.424492833Z
  Attempt 2/15: Checking http://localhost:3000/api/wa/health...,info,"{""level"":""info""}","{""project"":""ce3616d9-58ad-4ec7-a294-1821e1564434"",""environment"":""fb6513d0-42a4-4660-82b5-509c54b15f2a"",""service"":""4978aa94-666c-47c7-8024-3ada55195a51"",""deployment"":""321049af-1e5a-4184-8f77-6142b4346196"",""replica"":""076798bd-f35c-43ad-9382-ab4e1f64a4a8""}",2026-03-29T02:10:09.463226302Z
"  ⏳ Next.js not ready yet, waiting 2s...",info,"{""level"":""info""}","{""project"":""ce3616d9-58ad-4ec7-a294-1821e1564434"",""environment"":""fb6513d0-42a4-4660-82b5-509c54b15f2a"",""service"":""4978aa94-666c-47c7-8024-3ada55195a51"",""deployment"":""321049af-1e5a-4184-8f77-6142b4346196"",""replica"":""076798bd-f35c-43ad-9382-ab4e1f64a4a8""}",2026-03-29T02:10:09.463234798Z
  Attempt 3/15: Checking http://localhost:3000/api/wa/health...,info,"{""level"":""info""}","{""project"":""ce3616d9-58ad-4ec7-a294-1821e1564434"",""environment"":""fb6513d0-42a4-4660-82b5-509c54b15f2a"",""service"":""4978aa94-666c-47c7-8024-3ada55195a51"",""deployment"":""321049af-1e5a-4184-8f77-6142b4346196"",""replica"":""076798bd-f35c-43ad-9382-ab4e1f64a4a8""}",2026-03-29T02:10:11.503904410Z
"  ⏳ Next.js not ready yet, waiting 2s...",info,"{""level"":""info""}","{""project"":""ce3616d9-58ad-4ec7-a294-1821e1564434"",""environment"":""fb6513d0-42a4-4660-82b5-509c54b15f2a"",""service"":""4978aa94-666c-47c7-8024-3ada55195a51"",""deployment"":""321049af-1e5a-4184-8f77-6142b4346196"",""replica"":""076798bd-f35c-43ad-9382-ab4e1f64a4a8""}",2026-03-29T02:10:11.503909202Z
  Attempt 4/15: Checking http://localhost:3000/api/wa/health...,info,"{""level"":""info""}","{""project"":""ce3616d9-58ad-4ec7-a294-1821e1564434"",""environment"":""fb6513d0-42a4-4660-82b5-509c54b15f2a"",""service"":""4978aa94-666c-47c7-8024-3ada55195a51"",""deployment"":""321049af-1e5a-4184-8f77-6142b4346196"",""replica"":""076798bd-f35c-43ad-9382-ab4e1f64a4a8""}",2026-03-29T02:10:13.507555113Z
"  ⏳ Next.js not ready yet, waiting 2s...",info,"{""level"":""info""}","{""project"":""ce3616d9-58ad-4ec7-a294-1821e1564434"",""environment"":""fb6513d0-42a4-4660-82b5-509c54b15f2a"",""service"":""4978aa94-666c-47c7-8024-3ada55195a51"",""deployment"":""321049af-1e5a-4184-8f77-6142b4346196"",""replica"":""076798bd-f35c-43ad-9382-ab4e1f64a4a8""}",2026-03-29T02:10:13.507561370Z
"  ⏳ Next.js not ready yet, waiting 2s...",info,"{""level"":""info""}","{""project"":""ce3616d9-58ad-4ec7-a294-1821e1564434"",""environment"":""fb6513d0-42a4-4660-82b5-509c54b15f2a"",""service"":""4978aa94-666c-47c7-8024-3ada55195a51"",""deployment"":""321049af-1e5a-4184-8f77-6142b4346196"",""replica"":""076798bd-f35c-43ad-9382-ab4e1f64a4a8""}",2026-03-29T02:10:15.514380926Z
  Attempt 5/15: Checking http://localhost:3000/api/wa/health...,info,"{""level"":""info""}","{""project"":""ce3616d9-58ad-4ec7-a294-1821e1564434"",""environment"":""fb6513d0-42a4-4660-82b5-509c54b15f2a"",""service"":""4978aa94-666c-47c7-8024-3ada55195a51"",""deployment"":""321049af-1e5a-4184-8f77-6142b4346196"",""replica"":""076798bd-f35c-43ad-9382-ab4e1f64a4a8""}",2026-03-29T02:10:15.514430599Z
  Attempt 6/15: Checking http://localhost:3000/api/wa/health...,info,"{""level"":""info""}","{""project"":""ce3616d9-58ad-4ec7-a294-1821e1564434"",""environment"":""fb6513d0-42a4-4660-82b5-509c54b15f2a"",""service"":""4978aa94-666c-47c7-8024-3ada55195a51"",""deployment"":""321049af-1e5a-4184-8f77-6142b4346196"",""replica"":""076798bd-f35c-43ad-9382-ab4e1f64a4a8""}",2026-03-29T02:10:17.254913529Z
"  ⏳ Next.js not ready yet, waiting 2s...",info,"{""level"":""info""}","{""project"":""ce3616d9-58ad-4ec7-a294-1821e1564434"",""environment"":""fb6513d0-42a4-4660-82b5-509c54b15f2a"",""service"":""4978aa94-666c-47c7-8024-3ada55195a51"",""deployment"":""321049af-1e5a-4184-8f77-6142b4346196"",""replica"":""076798bd-f35c-43ad-9382-ab4e1f64a4a8""}",2026-03-29T02:10:17.254925359Z
  Attempt 7/15: Checking http://localhost:3000/api/wa/health...,info,"{""level"":""info""}","{""project"":""ce3616d9-58ad-4ec7-a294-1821e1564434"",""environment"":""fb6513d0-42a4-4660-82b5-509c54b15f2a"",""service"":""4978aa94-666c-47c7-8024-3ada55195a51"",""deployment"":""321049af-1e5a-4184-8f77-6142b4346196"",""replica"":""076798bd-f35c-43ad-9382-ab4e1f64a4a8""}",2026-03-29T02:10:19.271967577Z
"  ⏳ Next.js not ready yet, waiting 2s...",info,"{""level"":""info""}","{""project"":""ce3616d9-58ad-4ec7-a294-1821e1564434"",""environment"":""fb6513d0-42a4-4660-82b5-509c54b15f2a"",""service"":""4978aa94-666c-47c7-8024-3ada55195a51"",""deployment"":""321049af-1e5a-4184-8f77-6142b4346196"",""replica"":""076798bd-f35c-43ad-9382-ab4e1f64a4a8""}",2026-03-29T02:10:19.271974135Z
  Attempt 8/15: Checking http://localhost:3000/api/wa/health...,info,"{""level"":""info""}","{""project"":""ce3616d9-58ad-4ec7-a294-1821e1564434"",""environment"":""fb6513d0-42a4-4660-82b5-509c54b15f2a"",""service"":""4978aa94-666c-47c7-8024-3ada55195a51"",""deployment"":""321049af-1e5a-4184-8f77-6142b4346196"",""replica"":""076798bd-f35c-43ad-9382-ab4e1f64a4a8""}",2026-03-29T02:10:21.586902521Z
"  ⏳ Next.js not ready yet, waiting 2s...",info,"{""level"":""info""}","{""project"":""ce3616d9-58ad-4ec7-a294-1821e1564434"",""environment"":""fb6513d0-42a4-4660-82b5-509c54b15f2a"",""service"":""4978aa94-666c-47c7-8024-3ada55195a51"",""deployment"":""321049af-1e5a-4184-8f77-6142b4346196"",""replica"":""076798bd-f35c-43ad-9382-ab4e1f64a4a8""}",2026-03-29T02:10:21.586908273Z
  Attempt 9/15: Checking http://localhost:3000/api/wa/health...,info,"{""level"":""info""}","{""project"":""ce3616d9-58ad-4ec7-a294-1821e1564434"",""environment"":""fb6513d0-42a4-4660-82b5-509c54b15f2a"",""service"":""4978aa94-666c-47c7-8024-3ada55195a51"",""deployment"":""321049af-1e5a-4184-8f77-6142b4346196"",""replica"":""076798bd-f35c-43ad-9382-ab4e1f64a4a8""}",2026-03-29T02:10:23.615760709Z
"  ⏳ Next.js not ready yet, waiting 2s...",info,"{""level"":""info""}","{""project"":""ce3616d9-58ad-4ec7-a294-1821e1564434"",""environment"":""fb6513d0-42a4-4660-82b5-509c54b15f2a"",""service"":""4978aa94-666c-47c7-8024-3ada55195a51"",""deployment"":""321049af-1e5a-4184-8f77-6142b4346196"",""replica"":""076798bd-f35c-43ad-9382-ab4e1f64a4a8""}",2026-03-29T02:10:23.615765096Z
  Attempt 10/15: Checking http://localhost:3000/api/wa/health...,info,"{""level"":""info""}","{""project"":""ce3616d9-58ad-4ec7-a294-1821e1564434"",""environment"":""fb6513d0-42a4-4660-82b5-509c54b15f2a"",""service"":""4978aa94-666c-47c7-8024-3ada55195a51"",""deployment"":""321049af-1e5a-4184-8f77-6142b4346196"",""replica"":""076798bd-f35c-43ad-9382-ab4e1f64a4a8""}",2026-03-29T02:10:25.261570901Z
"  ⏳ Next.js not ready yet, waiting 2s...",info,"{""level"":""info""}","{""project"":""ce3616d9-58ad-4ec7-a294-1821e1564434"",""environment"":""fb6513d0-42a4-4660-82b5-509c54b15f2a"",""service"":""4978aa94-666c-47c7-8024-3ada55195a51"",""deployment"":""321049af-1e5a-4184-8f77-6142b4346196"",""replica"":""076798bd-f35c-43ad-9382-ab4e1f64a4a8""}",2026-03-29T02:10:25.261580575Z
  Attempt 11/15: Checking http://localhost:3000/api/wa/health...,info,"{""level"":""info""}","{""project"":""ce3616d9-58ad-4ec7-a294-1821e1564434"",""environment"":""fb6513d0-42a4-4660-82b5-509c54b15f2a"",""service"":""4978aa94-666c-47c7-8024-3ada55195a51"",""deployment"":""321049af-1e5a-4184-8f77-6142b4346196"",""replica"":""076798bd-f35c-43ad-9382-ab4e1f64a4a8""}",2026-03-29T02:10:27.328857265Z
"  ⏳ Next.js not ready yet, waiting 2s...",info,"{""level"":""info""}","{""project"":""ce3616d9-58ad-4ec7-a294-1821e1564434"",""environment"":""fb6513d0-42a4-4660-82b5-509c54b15f2a"",""service"":""4978aa94-666c-47c7-8024-3ada55195a51"",""deployment"":""321049af-1e5a-4184-8f77-6142b4346196"",""replica"":""076798bd-f35c-43ad-9382-ab4e1f64a4a8""}",2026-03-29T02:10:27.328864250Z
  Attempt 12/15: Checking http://localhost:3000/api/wa/health...,info,"{""level"":""info""}","{""project"":""ce3616d9-58ad-4ec7-a294-1821e1564434"",""environment"":""fb6513d0-42a4-4660-82b5-509c54b15f2a"",""service"":""4978aa94-666c-47c7-8024-3ada55195a51"",""deployment"":""321049af-1e5a-4184-8f77-6142b4346196"",""replica"":""076798bd-f35c-43ad-9382-ab4e1f64a4a8""}",2026-03-29T02:10:29.274717533Z
"  ⏳ Next.js not ready yet, waiting 2s...",info,"{""level"":""info""}","{""project"":""ce3616d9-58ad-4ec7-a294-1821e1564434"",""environment"":""fb6513d0-42a4-4660-82b5-509c54b15f2a"",""service"":""4978aa94-666c-47c7-8024-3ada55195a51"",""deployment"":""321049af-1e5a-4184-8f77-6142b4346196"",""replica"":""076798bd-f35c-43ad-9382-ab4e1f64a4a8""}",2026-03-29T02:10:29.274721899Z
  Attempt 13/15: Checking http://localhost:3000/api/wa/health...,info,"{""level"":""info""}","{""project"":""ce3616d9-58ad-4ec7-a294-1821e1564434"",""environment"":""fb6513d0-42a4-4660-82b5-509c54b15f2a"",""service"":""4978aa94-666c-47c7-8024-3ada55195a51"",""deployment"":""321049af-1e5a-4184-8f77-6142b4346196"",""replica"":""076798bd-f35c-43ad-9382-ab4e1f64a4a8""}",2026-03-29T02:10:31.296598068Z
"  ⏳ Next.js not ready yet, waiting 2s...",info,"{""level"":""info""}","{""project"":""ce3616d9-58ad-4ec7-a294-1821e1564434"",""environment"":""fb6513d0-42a4-4660-82b5-509c54b15f2a"",""service"":""4978aa94-666c-47c7-8024-3ada55195a51"",""deployment"":""321049af-1e5a-4184-8f77-6142b4346196"",""replica"":""076798bd-f35c-43ad-9382-ab4e1f64a4a8""}",2026-03-29T02:10:31.296606036Z
  Attempt 14/15: Checking http://localhost:3000/api/wa/health...,info,"{""level"":""info""}","{""project"":""ce3616d9-58ad-4ec7-a294-1821e1564434"",""environment"":""fb6513d0-42a4-4660-82b5-509c54b15f2a"",""service"":""4978aa94-666c-47c7-8024-3ada55195a51"",""deployment"":""321049af-1e5a-4184-8f77-6142b4346196"",""replica"":""076798bd-f35c-43ad-9382-ab4e1f64a4a8""}",2026-03-29T02:10:33.260264143Z
"  ⏳ Next.js not ready yet, waiting 2s...",info,"{""level"":""info""}","{""project"":""ce3616d9-58ad-4ec7-a294-1821e1564434"",""environment"":""fb6513d0-42a4-4660-82b5-509c54b15f2a"",""service"":""4978aa94-666c-47c7-8024-3ada55195a51"",""deployment"":""321049af-1e5a-4184-8f77-6142b4346196"",""replica"":""076798bd-f35c-43ad-9382-ab4e1f64a4a8""}",2026-03-29T02:10:33.260273178Z
  Attempt 15/15: Checking http://localhost:3000/api/wa/health...,info,"{""level"":""info""}","{""project"":""ce3616d9-58ad-4ec7-a294-1821e1564434"",""environment"":""fb6513d0-42a4-4660-82b5-509c54b15f2a"",""service"":""4978aa94-666c-47c7-8024-3ada55195a51"",""deployment"":""321049af-1e5a-4184-8f77-6142b4346196"",""replica"":""076798bd-f35c-43ad-9382-ab4e1f64a4a8""}",2026-03-29T02:10:35.297836969Z
"  ⏳ Next.js not ready yet, waiting 2s...",info,"{""level"":""info""}","{""project"":""ce3616d9-58ad-4ec7-a294-1821e1564434"",""environment"":""fb6513d0-42a4-4660-82b5-509c54b15f2a"",""service"":""4978aa94-666c-47c7-8024-3ada55195a51"",""deployment"":""321049af-1e5a-4184-8f77-6142b4346196"",""replica"":""076798bd-f35c-43ad-9382-ab4e1f64a4a8""}",2026-03-29T02:10:35.297842772Z
"  ⚠️ Next.js health check failed after 15 attempts, continuing anyway...",info,"{""level"":""info""}","{""project"":""ce3616d9-58ad-4ec7-a294-1821e1564434"",""environment"":""fb6513d0-42a4-4660-82b5-509c54b15f2a"",""service"":""4978aa94-666c-47c7-8024-3ada55195a51"",""deployment"":""321049af-1e5a-4184-8f77-6142b4346196"",""replica"":""076798bd-f35c-43ad-9382-ab4e1f64a4a8""}",2026-03-29T02:10:37.264808661Z
==========================================,info,"{""level"":""info""}","{""project"":""ce3616d9-58ad-4ec7-a294-1821e1564434"",""environment"":""fb6513d0-42a4-4660-82b5-509c54b15f2a"",""service"":""4978aa94-666c-47c7-8024-3ada55195a51"",""deployment"":""321049af-1e5a-4184-8f77-6142b4346196"",""replica"":""076798bd-f35c-43ad-9382-ab4e1f64a4a8""}",2026-03-29T02:10:38.062288265Z
Starting WhatsApp Warmer Service,info,"{""level"":""info""}","{""project"":""ce3616d9-58ad-4ec7-a294-1821e1564434"",""environment"":""fb6513d0-42a4-4660-82b5-509c54b15f2a"",""service"":""4978aa94-666c-47c7-8024-3ada55195a51"",""deployment"":""321049af-1e5a-4184-8f77-6142b4346196"",""replica"":""076798bd-f35c-43ad-9382-ab4e1f64a4a8""}",2026-03-29T02:10:38.062296376Z
Time: 2026-03-29 02:10:37 UTC,info,"{""level"":""info""}","{""project"":""ce3616d9-58ad-4ec7-a294-1821e1564434"",""environment"":""fb6513d0-42a4-4660-82b5-509c54b15f2a"",""service"":""4978aa94-666c-47c7-8024-3ada55195a51"",""deployment"":""321049af-1e5a-4184-8f77-6142b4346196"",""replica"":""076798bd-f35c-43ad-9382-ab4e1f64a4a8""}",2026-03-29T02:10:38.062303997Z
==========================================,info,"{""level"":""info""}","{""project"":""ce3616d9-58ad-4ec7-a294-1821e1564434"",""environment"":""fb6513d0-42a4-4660-82b5-509c54b15f2a"",""service"":""4978aa94-666c-47c7-8024-3ada55195a51"",""deployment"":""321049af-1e5a-4184-8f77-6142b4346196"",""replica"":""076798bd-f35c-43ad-9382-ab4e1f64a4a8""}",2026-03-29T02:10:38.062310855Z
Running Prisma migrations...,info,"{""level"":""info""}","{""project"":""ce3616d9-58ad-4ec7-a294-1821e1564434"",""environment"":""fb6513d0-42a4-4660-82b5-509c54b15f2a"",""service"":""4978aa94-666c-47c7-8024-3ada55195a51"",""deployment"":""321049af-1e5a-4184-8f77-6142b4346196"",""replica"":""076798bd-f35c-43ad-9382-ab4e1f64a4a8""}",2026-03-29T02:10:38.062317745Z
Prisma schema loaded from prisma/schema.prisma,info,"{""level"":""info""}","{""project"":""ce3616d9-58ad-4ec7-a294-1821e1564434"",""environment"":""fb6513d0-42a4-4660-82b5-509c54b15f2a"",""service"":""4978aa94-666c-47c7-8024-3ada55195a51"",""deployment"":""321049af-1e5a-4184-8f77-6142b4346196"",""replica"":""076798bd-f35c-43ad-9382-ab4e1f64a4a8""}",2026-03-29T02:10:39.190301739Z
"Datasource ""db"": SQLite database ""whatsapp.db"" at ""file:/app/data/whatsapp.db""",info,"{""level"":""info""}","{""project"":""ce3616d9-58ad-4ec7-a294-1821e1564434"",""environment"":""fb6513d0-42a4-4660-82b5-509c54b15f2a"",""service"":""4978aa94-666c-47c7-8024-3ada55195a51"",""deployment"":""321049af-1e5a-4184-8f77-6142b4346196"",""replica"":""076798bd-f35c-43ad-9382-ab4e1f64a4a8""}",2026-03-29T02:10:39.190310787Z
,info,"{""level"":""info""}","{""project"":""ce3616d9-58ad-4ec7-a294-1821e1564434"",""environment"":""fb6513d0-42a4-4660-82b5-509c54b15f2a"",""service"":""4978aa94-666c-47c7-8024-3ada55195a51"",""deployment"":""321049af-1e5a-4184-8f77-6142b4346196"",""replica"":""076798bd-f35c-43ad-9382-ab4e1f64a4a8""}",2026-03-29T02:10:39.231819917Z
The database is already in sync with the Prisma schema.,info,"{""level"":""info""}","{""project"":""ce3616d9-58ad-4ec7-a294-1821e1564434"",""environment"":""fb6513d0-42a4-4660-82b5-509c54b15f2a"",""service"":""4978aa94-666c-47c7-8024-3ada55195a51"",""deployment"":""321049af-1e5a-4184-8f77-6142b4346196"",""replica"":""076798bd-f35c-43ad-9382-ab4e1f64a4a8""}",2026-03-29T02:10:39.231826731Z
,info,"{""level"":""info""}","{""project"":""ce3616d9-58ad-4ec7-a294-1821e1564434"",""environment"":""fb6513d0-42a4-4660-82b5-509c54b15f2a"",""service"":""4978aa94-666c-47c7-8024-3ada55195a51"",""deployment"":""321049af-1e5a-4184-8f77-6142b4346196"",""replica"":""076798bd-f35c-43ad-9382-ab4e1f64a4a8""}",2026-03-29T02:10:39.231831023Z
Setting up Prisma symlinks...,info,"{""level"":""info""}","{""project"":""ce3616d9-58ad-4ec7-a294-1821e1564434"",""environment"":""fb6513d0-42a4-4660-82b5-509c54b15f2a"",""service"":""4978aa94-666c-47c7-8024-3ada55195a51"",""deployment"":""321049af-1e5a-4184-8f77-6142b4346196"",""replica"":""076798bd-f35c-43ad-9382-ab4e1f64a4a8""}",2026-03-29T02:10:39.243734849Z
Starting Next.js server...,info,"{""level"":""info""}","{""project"":""ce3616d9-58ad-4ec7-a294-1821e1564434"",""environment"":""fb6513d0-42a4-4660-82b5-509c54b15f2a"",""service"":""4978aa94-666c-47c7-8024-3ada55195a51"",""deployment"":""321049af-1e5a-4184-8f77-6142b4346196"",""replica"":""076798bd-f35c-43ad-9382-ab4e1f64a4a8""}",2026-03-29T02:10:39.243743967Z
Next.js PID: 46,info,"{""level"":""info""}","{""project"":""ce3616d9-58ad-4ec7-a294-1821e1564434"",""environment"":""fb6513d0-42a4-4660-82b5-509c54b15f2a"",""service"":""4978aa94-666c-47c7-8024-3ada55195a51"",""deployment"":""321049af-1e5a-4184-8f77-6142b4346196"",""replica"":""076798bd-f35c-43ad-9382-ab4e1f64a4a8""}",2026-03-29T02:10:39.243749507Z
Waiting for localhost:3000 to be accessible...,info,"{""level"":""info""}","{""project"":""ce3616d9-58ad-4ec7-a294-1821e1564434"",""environment"":""fb6513d0-42a4-4660-82b5-509c54b15f2a"",""service"":""4978aa94-666c-47c7-8024-3ada55195a51"",""deployment"":""321049af-1e5a-4184-8f77-6142b4346196"",""replica"":""076798bd-f35c-43ad-9382-ab4e1f64a4a8""}",2026-03-29T02:10:39.243756231Z
"  ⏳ Attempt 1/30: Port 3000 not ready, waiting 1s...",info,"{""level"":""info""}","{""project"":""ce3616d9-58ad-4ec7-a294-1821e1564434"",""environment"":""fb6513d0-42a4-4660-82b5-509c54b15f2a"",""service"":""4978aa94-666c-47c7-8024-3ada55195a51"",""deployment"":""321049af-1e5a-4184-8f77-6142b4346196"",""replica"":""076798bd-f35c-43ad-9382-ab4e1f64a4a8""}",2026-03-29T02:10:39.243762205Z
▲ Next.js 16.1.6,info,"{""level"":""info""}","{""project"":""ce3616d9-58ad-4ec7-a294-1821e1564434"",""environment"":""fb6513d0-42a4-4660-82b5-509c54b15f2a"",""service"":""4978aa94-666c-47c7-8024-3ada55195a51"",""deployment"":""321049af-1e5a-4184-8f77-6142b4346196"",""replica"":""076798bd-f35c-43ad-9382-ab4e1f64a4a8""}",2026-03-29T02:10:39.583349622Z
- Local:         http://localhost:3000,info,"{""level"":""info""}","{""project"":""ce3616d9-58ad-4ec7-a294-1821e1564434"",""environment"":""fb6513d0-42a4-4660-82b5-509c54b15f2a"",""service"":""4978aa94-666c-47c7-8024-3ada55195a51"",""deployment"":""321049af-1e5a-4184-8f77-6142b4346196"",""replica"":""076798bd-f35c-43ad-9382-ab4e1f64a4a8""}",2026-03-29T02:10:39.583356524Z
- Network:       http://0.0.0.0:3000,info,"{""level"":""info""}","{""project"":""ce3616d9-58ad-4ec7-a294-1821e1564434"",""environment"":""fb6513d0-42a4-4660-82b5-509c54b15f2a"",""service"":""4978aa94-666c-47c7-8024-3ada55195a51"",""deployment"":""321049af-1e5a-4184-8f77-6142b4346196"",""replica"":""076798bd-f35c-43ad-9382-ab4e1f64a4a8""}",2026-03-29T02:10:39.583361159Z
,info,"{""level"":""info""}","{""project"":""ce3616d9-58ad-4ec7-a294-1821e1564434"",""environment"":""fb6513d0-42a4-4660-82b5-509c54b15f2a"",""service"":""4978aa94-666c-47c7-8024-3ada55195a51"",""deployment"":""321049af-1e5a-4184-8f77-6142b4346196"",""replica"":""076798bd-f35c-43ad-9382-ab4e1f64a4a8""}",2026-03-29T02:10:39.583365309Z
✓ Starting...,info,"{""level"":""info""}","{""project"":""ce3616d9-58ad-4ec7-a294-1821e1564434"",""environment"":""fb6513d0-42a4-4660-82b5-509c54b15f2a"",""service"":""4978aa94-666c-47c7-8024-3ada55195a51"",""deployment"":""321049af-1e5a-4184-8f77-6142b4346196"",""replica"":""076798bd-f35c-43ad-9382-ab4e1f64a4a8""}",2026-03-29T02:10:39.583369595Z
✓ Ready in 110ms,info,"{""level"":""info""}","{""project"":""ce3616d9-58ad-4ec7-a294-1821e1564434"",""environment"":""fb6513d0-42a4-4660-82b5-509c54b15f2a"",""service"":""4978aa94-666c-47c7-8024-3ada55195a51"",""deployment"":""321049af-1e5a-4184-8f77-6142b4346196"",""replica"":""076798bd-f35c-43ad-9382-ab4e1f64a4a8""}",2026-03-29T02:10:39.678308992Z
  ✅ Port 3000 is open!,info,"{""level"":""info""}","{""project"":""ce3616d9-58ad-4ec7-a294-1821e1564434"",""environment"":""fb6513d0-42a4-4660-82b5-509c54b15f2a"",""service"":""4978aa94-666c-47c7-8024-3ada55195a51"",""deployment"":""321049af-1e5a-4184-8f77-6142b4346196"",""replica"":""076798bd-f35c-43ad-9382-ab4e1f64a4a8""}",2026-03-29T02:10:40.258719284Z
Waiting for Next.js routes to warm up...,info,"{""level"":""info""}","{""project"":""ce3616d9-58ad-4ec7-a294-1821e1564434"",""environment"":""fb6513d0-42a4-4660-82b5-509c54b15f2a"",""service"":""4978aa94-666c-47c7-8024-3ada55195a51"",""deployment"":""321049af-1e5a-4184-8f77-6142b4346196"",""replica"":""076798bd-f35c-43ad-9382-ab4e1f64a4a8""}",2026-03-29T02:10:40.258723748Z
Waiting for Next.js to be ready...,info,"{""level"":""info""}","{""project"":""ce3616d9-58ad-4ec7-a294-1821e1564434"",""environment"":""fb6513d0-42a4-4660-82b5-509c54b15f2a"",""service"":""4978aa94-666c-47c7-8024-3ada55195a51"",""deployment"":""321049af-1e5a-4184-8f77-6142b4346196"",""replica"":""076798bd-f35c-43ad-9382-ab4e1f64a4a8""}",2026-03-29T02:10:43.248890556Z
  Attempt 1/15: Checking http://localhost:3000/api/wa/health...,info,"{""level"":""info""}","{""project"":""ce3616d9-58ad-4ec7-a294-1821e1564434"",""environment"":""fb6513d0-42a4-4660-82b5-509c54b15f2a"",""service"":""4978aa94-666c-47c7-8024-3ada55195a51"",""deployment"":""321049af-1e5a-4184-8f77-6142b4346196"",""replica"":""076798bd-f35c-43ad-9382-ab4e1f64a4a8""}",2026-03-29T02:10:43.248897486Z
"  ⏳ Next.js not ready yet, waiting 2s...",info,"{""level"":""info""}","{""project"":""ce3616d9-58ad-4ec7-a294-1821e1564434"",""environment"":""fb6513d0-42a4-4660-82b5-509c54b15f2a"",""service"":""4978aa94-666c-47c7-8024-3ada55195a51"",""deployment"":""321049af-1e5a-4184-8f77-6142b4346196"",""replica"":""076798bd-f35c-43ad-9382-ab4e1f64a4a8""}",2026-03-29T02:10:43.248903033Z
  Attempt 2/15: Checking http://localhost:3000/api/wa/health...,info,"{""level"":""info""}","{""project"":""ce3616d9-58ad-4ec7-a294-1821e1564434"",""environment"":""fb6513d0-42a4-4660-82b5-509c54b15f2a"",""service"":""4978aa94-666c-47c7-8024-3ada55195a51"",""deployment"":""321049af-1e5a-4184-8f77-6142b4346196"",""replica"":""076798bd-f35c-43ad-9382-ab4e1f64a4a8""}",2026-03-29T02:10:45.255242686Z
"  ⏳ Next.js not ready yet, waiting 2s...",info,"{""level"":""info""}","{""project"":""ce3616d9-58ad-4ec7-a294-1821e1564434"",""environment"":""fb6513d0-42a4-4660-82b5-509c54b15f2a"",""service"":""4978aa94-666c-47c7-8024-3ada55195a51"",""deployment"":""321049af-1e5a-4184-8f77-6142b4346196"",""replica"":""076798bd-f35c-43ad-9382-ab4e1f64a4a8""}",2026-03-29T02:10:45.255251457Z
  Attempt 3/15: Checking http://localhost:3000/api/wa/health...,info,"{""level"":""info""}","{""project"":""ce3616d9-58ad-4ec7-a294-1821e1564434"",""environment"":""fb6513d0-42a4-4660-82b5-509c54b15f2a"",""service"":""4978aa94-666c-47c7-8024-3ada55195a51"",""deployment"":""321049af-1e5a-4184-8f77-6142b4346196"",""replica"":""076798bd-f35c-43ad-9382-ab4e1f64a4a8""}",2026-03-29T02:10:47.247122462Z
"  ⏳ Next.js not ready yet, waiting 2s...",info,"{""level"":""info""}","{""project"":""ce3616d9-58ad-4ec7-a294-1821e1564434"",""environment"":""fb6513d0-42a4-4660-82b5-509c54b15f2a"",""service"":""4978aa94-666c-47c7-8024-3ada55195a51"",""deployment"":""321049af-1e5a-4184-8f77-6142b4346196"",""replica"":""076798bd-f35c-43ad-9382-ab4e1f64a4a8""}",2026-03-29T02:10:47.247129165Z
  Attempt 4/15: Checking http://localhost:3000/api/wa/health...,info,"{""level"":""info""}","{""project"":""ce3616d9-58ad-4ec7-a294-1821e1564434"",""environment"":""fb6513d0-42a4-4660-82b5-509c54b15f2a"",""service"":""4978aa94-666c-47c7-8024-3ada55195a51"",""deployment"":""321049af-1e5a-4184-8f77-6142b4346196"",""replica"":""076798bd-f35c-43ad-9382-ab4e1f64a4a8""}",2026-03-29T02:10:49.294557340Z
"  ⏳ Next.js not ready yet, waiting 2s...",info,"{""level"":""info""}","{""project"":""ce3616d9-58ad-4ec7-a294-1821e1564434"",""environment"":""fb6513d0-42a4-4660-82b5-509c54b15f2a"",""service"":""4978aa94-666c-47c7-8024-3ada55195a51"",""deployment"":""321049af-1e5a-4184-8f77-6142b4346196"",""replica"":""076798bd-f35c-43ad-9382-ab4e1f64a4a8""}",2026-03-29T02:10:49.294562333Z
  Attempt 5/15: Checking http://localhost:3000/api/wa/health...,info,"{""level"":""info""}","{""project"":""ce3616d9-58ad-4ec7-a294-1821e1564434"",""environment"":""fb6513d0-42a4-4660-82b5-509c54b15f2a"",""service"":""4978aa94-666c-47c7-8024-3ada55195a51"",""deployment"":""321049af-1e5a-4184-8f77-6142b4346196"",""replica"":""076798bd-f35c-43ad-9382-ab4e1f64a4a8""}",2026-03-29T02:10:51.265566635Z
"  ⏳ Next.js not ready yet, waiting 2s...",info,"{""level"":""info""}","{""project"":""ce3616d9-58ad-4ec7-a294-1821e1564434"",""environment"":""fb6513d0-42a4-4660-82b5-509c54b15f2a"",""service"":""4978aa94-666c-47c7-8024-3ada55195a51"",""deployment"":""321049af-1e5a-4184-8f77-6142b4346196"",""replica"":""076798bd-f35c-43ad-9382-ab4e1f64a4a8""}",2026-03-29T02:10:51.265573533Z
  Attempt 6/15: Checking http://localhost:3000/api/wa/health...,info,"{""level"":""info""}","{""project"":""ce3616d9-58ad-4ec7-a294-1821e1564434"",""environment"":""fb6513d0-42a4-4660-82b5-509c54b15f2a"",""service"":""4978aa94-666c-47c7-8024-3ada55195a51"",""deployment"":""321049af-1e5a-4184-8f77-6142b4346196"",""replica"":""076798bd-f35c-43ad-9382-ab4e1f64a4a8""}",2026-03-29T02:10:53.307209086Z
"  ⏳ Next.js not ready yet, waiting 2s...",info,"{""level"":""info""}","{""project"":""ce3616d9-58ad-4ec7-a294-1821e1564434"",""environment"":""fb6513d0-42a4-4660-82b5-509c54b15f2a"",""service"":""4978aa94-666c-47c7-8024-3ada55195a51"",""deployment"":""321049af-1e5a-4184-8f77-6142b4346196"",""replica"":""076798bd-f35c-43ad-9382-ab4e1f64a4a8""}",2026-03-29T02:10:53.307217008Z
"  ⏳ Next.js not ready yet, waiting 2s...",info,"{""level"":""info""}","{""project"":""ce3616d9-58ad-4ec7-a294-1821e1564434"",""environment"":""fb6513d0-42a4-4660-82b5-509c54b15f2a"",""service"":""4978aa94-666c-47c7-8024-3ada55195a51"",""deployment"":""321049af-1e5a-4184-8f77-6142b4346196"",""replica"":""076798bd-f35c-43ad-9382-ab4e1f64a4a8""}",2026-03-29T02:10:55.328683549Z
  Attempt 7/15: Checking http://localhost:3000/api/wa/health...,info,"{""level"":""info""}","{""project"":""ce3616d9-58ad-4ec7-a294-1821e1564434"",""environment"":""fb6513d0-42a4-4660-82b5-509c54b15f2a"",""service"":""4978aa94-666c-47c7-8024-3ada55195a51"",""deployment"":""321049af-1e5a-4184-8f77-6142b4346196"",""replica"":""076798bd-f35c-43ad-9382-ab4e1f64a4a8""}",2026-03-29T02:10:55.328774906Z
  Attempt 8/15: Checking http://localhost:3000/api/wa/health...,info,"{""level"":""info""}","{""project"":""ce3616d9-58ad-4ec7-a294-1821e1564434"",""environment"":""fb6513d0-42a4-4660-82b5-509c54b15f2a"",""service"":""4978aa94-666c-47c7-8024-3ada55195a51"",""deployment"":""321049af-1e5a-4184-8f77-6142b4346196"",""replica"":""076798bd-f35c-43ad-9382-ab4e1f64a4a8""}",2026-03-29T02:10:57.371388332Z
"  ⏳ Next.js not ready yet, waiting 2s...",info,"{""level"":""info""}","{""project"":""ce3616d9-58ad-4ec7-a294-1821e1564434"",""environment"":""fb6513d0-42a4-4660-82b5-509c54b15f2a"",""service"":""4978aa94-666c-47c7-8024-3ada55195a51"",""deployment"":""321049af-1e5a-4184-8f77-6142b4346196"",""replica"":""076798bd-f35c-43ad-9382-ab4e1f64a4a8""}",2026-03-29T02:10:57.371393174Z
  Attempt 9/15: Checking http://localhost:3000/api/wa/health...,info,"{""level"":""info""}","{""project"":""ce3616d9-58ad-4ec7-a294-1821e1564434"",""environment"":""fb6513d0-42a4-4660-82b5-509c54b15f2a"",""service"":""4978aa94-666c-47c7-8024-3ada55195a51"",""deployment"":""321049af-1e5a-4184-8f77-6142b4346196"",""replica"":""076798bd-f35c-43ad-9382-ab4e1f64a4a8""}",2026-03-29T02:10:59.377789044Z
"  ⏳ Next.js not ready yet, waiting 2s...",info,"{""level"":""info""}","{""project"":""ce3616d9-58ad-4ec7-a294-1821e1564434"",""environment"":""fb6513d0-42a4-4660-82b5-509c54b15f2a"",""service"":""4978aa94-666c-47c7-8024-3ada55195a51"",""deployment"":""321049af-1e5a-4184-8f77-6142b4346196"",""replica"":""076798bd-f35c-43ad-9382-ab4e1f64a4a8""}",2026-03-29T02:10:59.377799954Z
  Attempt 10/15: Checking http://localhost:3000/api/wa/health...,info,"{""level"":""info""}","{""project"":""ce3616d9-58ad-4ec7-a294-1821e1564434"",""environment"":""fb6513d0-42a4-4660-82b5-509c54b15f2a"",""service"":""4978aa94-666c-47c7-8024-3ada55195a51"",""deployment"":""321049af-1e5a-4184-8f77-6142b4346196"",""replica"":""076798bd-f35c-43ad-9382-ab4e1f64a4a8""}",2026-03-29T02:11:01.361861881Z
"  ⏳ Next.js not ready yet, waiting 2s...",info,"{""level"":""info""}","{""project"":""ce3616d9-58ad-4ec7-a294-1821e1564434"",""environment"":""fb6513d0-42a4-4660-82b5-509c54b15f2a"",""service"":""4978aa94-666c-47c7-8024-3ada55195a51"",""deployment"":""321049af-1e5a-4184-8f77-6142b4346196"",""replica"":""076798bd-f35c-43ad-9382-ab4e1f64a4a8""}",2026-03-29T02:11:01.361867370Z
  Attempt 11/15: Checking http://localhost:3000/api/wa/health...,info,"{""level"":""info""}","{""project"":""ce3616d9-58ad-4ec7-a294-1821e1564434"",""environment"":""fb6513d0-42a4-4660-82b5-509c54b15f2a"",""service"":""4978aa94-666c-47c7-8024-3ada55195a51"",""deployment"":""321049af-1e5a-4184-8f77-6142b4346196"",""replica"":""076798bd-f35c-43ad-9382-ab4e1f64a4a8""}",2026-03-29T02:11:03.352552530Z
"  ⏳ Next.js not ready yet, waiting 2s...",info,"{""level"":""info""}","{""project"":""ce3616d9-58ad-4ec7-a294-1821e1564434"",""environment"":""fb6513d0-42a4-4660-82b5-509c54b15f2a"",""service"":""4978aa94-666c-47c7-8024-3ada55195a51"",""deployment"":""321049af-1e5a-4184-8f77-6142b4346196"",""replica"":""076798bd-f35c-43ad-9382-ab4e1f64a4a8""}",2026-03-29T02:11:03.352558008Z
  Attempt 12/15: Checking http://localhost:3000/api/wa/health...,info,"{""level"":""info""}","{""project"":""ce3616d9-58ad-4ec7-a294-1821e1564434"",""environment"":""fb6513d0-42a4-4660-82b5-509c54b15f2a"",""service"":""4978aa94-666c-47c7-8024-3ada55195a51"",""deployment"":""321049af-1e5a-4184-8f77-6142b4346196"",""replica"":""076798bd-f35c-43ad-9382-ab4e1f64a4a8""}",2026-03-29T02:11:05.376413449Z
"  ⏳ Next.js not ready yet, waiting 2s...",info,"{""level"":""info""}","{""project"":""ce3616d9-58ad-4ec7-a294-1821e1564434"",""environment"":""fb6513d0-42a4-4660-82b5-509c54b15f2a"",""service"":""4978aa94-666c-47c7-8024-3ada55195a51"",""deployment"":""321049af-1e5a-4184-8f77-6142b4346196"",""replica"":""076798bd-f35c-43ad-9382-ab4e1f64a4a8""}",2026-03-29T02:11:05.376420844Z
  Attempt 13/15: Checking http://localhost:3000/api/wa/health...,info,"{""level"":""info""}","{""project"":""ce3616d9-58ad-4ec7-a294-1821e1564434"",""environment"":""fb6513d0-42a4-4660-82b5-509c54b15f2a"",""service"":""4978aa94-666c-47c7-8024-3ada55195a51"",""deployment"":""321049af-1e5a-4184-8f77-6142b4346196"",""replica"":""076798bd-f35c-43ad-9382-ab4e1f64a4a8""}",2026-03-29T02:11:07.393377067Z
"  ⏳ Next.js not ready yet, waiting 2s...",info,"{""level"":""info""}","{""project"":""ce3616d9-58ad-4ec7-a294-1821e1564434"",""environment"":""fb6513d0-42a4-4660-82b5-509c54b15f2a"",""service"":""4978aa94-666c-47c7-8024-3ada55195a51"",""deployment"":""321049af-1e5a-4184-8f77-6142b4346196"",""replica"":""076798bd-f35c-43ad-9382-ab4e1f64a4a8""}",2026-03-29T02:11:07.393381220Z
  Attempt 14/15: Checking http://localhost:3000/api/wa/health...,info,"{""level"":""info""}","{""project"":""ce3616d9-58ad-4ec7-a294-1821e1564434"",""environment"":""fb6513d0-42a4-4660-82b5-509c54b15f2a"",""service"":""4978aa94-666c-47c7-8024-3ada55195a51"",""deployment"":""321049af-1e5a-4184-8f77-6142b4346196"",""replica"":""076798bd-f35c-43ad-9382-ab4e1f64a4a8""}",2026-03-29T02:11:09.472437873Z
"  ⏳ Next.js not ready yet, waiting 2s...",info,"{""level"":""info""}","{""project"":""ce3616d9-58ad-4ec7-a294-1821e1564434"",""environment"":""fb6513d0-42a4-4660-82b5-509c54b15f2a"",""service"":""4978aa94-666c-47c7-8024-3ada55195a51"",""deployment"":""321049af-1e5a-4184-8f77-6142b4346196"",""replica"":""076798bd-f35c-43ad-9382-ab4e1f64a4a8""}",2026-03-29T02:11:09.472442839Z
  Attempt 15/15: Checking http://localhost:3000/api/wa/health...,info,"{""level"":""info""}","{""project"":""ce3616d9-58ad-4ec7-a294-1821e1564434"",""environment"":""fb6513d0-42a4-4660-82b5-509c54b15f2a"",""service"":""4978aa94-666c-47c7-8024-3ada55195a51"",""deployment"":""321049af-1e5a-4184-8f77-6142b4346196"",""replica"":""076798bd-f35c-43ad-9382-ab4e1f64a4a8""}",2026-03-29T02:11:11.438506392Z
"  ⏳ Next.js not ready yet, waiting 2s...",info,"{""level"":""info""}","{""project"":""ce3616d9-58ad-4ec7-a294-1821e1564434"",""environment"":""fb6513d0-42a4-4660-82b5-509c54b15f2a"",""service"":""4978aa94-666c-47c7-8024-3ada55195a51"",""deployment"":""321049af-1e5a-4184-8f77-6142b4346196"",""replica"":""076798bd-f35c-43ad-9382-ab4e1f64a4a8""}",2026-03-29T02:11:11.438512664Z
"  ⚠️ Next.js health check failed after 15 attempts, continuing anyway...",info,"{""level"":""info""}","{""project"":""ce3616d9-58ad-4ec7-a294-1821e1564434"",""environment"":""fb6513d0-42a4-4660-82b5-509c54b15f2a"",""service"":""4978aa94-666c-47c7-8024-3ada55195a51"",""deployment"":""321049af-1e5a-4184-8f77-6142b4346196"",""replica"":""076798bd-f35c-43ad-9382-ab4e1f64a4a8""}",2026-03-29T02:11:13.490882672Z
==========================================,info,"{""level"":""info""}","{""project"":""ce3616d9-58ad-4ec7-a294-1821e1564434"",""environment"":""fb6513d0-42a4-4660-82b5-509c54b15f2a"",""service"":""4978aa94-666c-47c7-8024-3ada55195a51"",""deployment"":""321049af-1e5a-4184-8f77-6142b4346196"",""replica"":""076798bd-f35c-43ad-9382-ab4e1f64a4a8""}",2026-03-29T02:11:13.889645328Z
Starting WhatsApp Warmer Service,info,"{""level"":""info""}","{""project"":""ce3616d9-58ad-4ec7-a294-1821e1564434"",""environment"":""fb6513d0-42a4-4660-82b5-509c54b15f2a"",""service"":""4978aa94-666c-47c7-8024-3ada55195a51"",""deployment"":""321049af-1e5a-4184-8f77-6142b4346196"",""replica"":""076798bd-f35c-43ad-9382-ab4e1f64a4a8""}",2026-03-29T02:11:13.889654884Z
Time: 2026-03-29 02:11:13 UTC,info,"{""level"":""info""}","{""project"":""ce3616d9-58ad-4ec7-a294-1821e1564434"",""environment"":""fb6513d0-42a4-4660-82b5-509c54b15f2a"",""service"":""4978aa94-666c-47c7-8024-3ada55195a51"",""deployment"":""321049af-1e5a-4184-8f77-6142b4346196"",""replica"":""076798bd-f35c-43ad-9382-ab4e1f64a4a8""}",2026-03-29T02:11:13.889659595Z
==========================================,info,"{""level"":""info""}","{""project"":""ce3616d9-58ad-4ec7-a294-1821e1564434"",""environment"":""fb6513d0-42a4-4660-82b5-509c54b15f2a"",""service"":""4978aa94-666c-47c7-8024-3ada55195a51"",""deployment"":""321049af-1e5a-4184-8f77-6142b4346196"",""replica"":""076798bd-f35c-43ad-9382-ab4e1f64a4a8""}",2026-03-29T02:11:13.889663955Z
Running Prisma migrations...,info,"{""level"":""info""}","{""project"":""ce3616d9-58ad-4ec7-a294-1821e1564434"",""environment"":""fb6513d0-42a4-4660-82b5-509c54b15f2a"",""service"":""4978aa94-666c-47c7-8024-3ada55195a51"",""deployment"":""321049af-1e5a-4184-8f77-6142b4346196"",""replica"":""076798bd-f35c-43ad-9382-ab4e1f64a4a8""}",2026-03-29T02:11:13.889667997Z
Prisma schema loaded from prisma/schema.prisma,info,"{""level"":""info""}","{""project"":""ce3616d9-58ad-4ec7-a294-1821e1564434"",""environment"":""fb6513d0-42a4-4660-82b5-509c54b15f2a"",""service"":""4978aa94-666c-47c7-8024-3ada55195a51"",""deployment"":""321049af-1e5a-4184-8f77-6142b4346196"",""replica"":""076798bd-f35c-43ad-9382-ab4e1f64a4a8""}",2026-03-29T02:11:15.150784810Z
"Datasource ""db"": SQLite database ""whatsapp.db"" at ""file:/app/data/whatsapp.db""",info,"{""level"":""info""}","{""project"":""ce3616d9-58ad-4ec7-a294-1821e1564434"",""environment"":""fb6513d0-42a4-4660-82b5-509c54b15f2a"",""service"":""4978aa94-666c-47c7-8024-3ada55195a51"",""deployment"":""321049af-1e5a-4184-8f77-6142b4346196"",""replica"":""076798bd-f35c-43ad-9382-ab4e1f64a4a8""}",2026-03-29T02:11:15.150793078Z
,info,"{""level"":""info""}","{""project"":""ce3616d9-58ad-4ec7-a294-1821e1564434"",""environment"":""fb6513d0-42a4-4660-82b5-509c54b15f2a"",""service"":""4978aa94-666c-47c7-8024-3ada55195a51"",""deployment"":""321049af-1e5a-4184-8f77-6142b4346196"",""replica"":""076798bd-f35c-43ad-9382-ab4e1f64a4a8""}",2026-03-29T02:11:15.194158082Z
The database is already in sync with the Prisma schema.,info,"{""level"":""info""}","{""project"":""ce3616d9-58ad-4ec7-a294-1821e1564434"",""environment"":""fb6513d0-42a4-4660-82b5-509c54b15f2a"",""service"":""4978aa94-666c-47c7-8024-3ada55195a51"",""deployment"":""321049af-1e5a-4184-8f77-6142b4346196"",""replica"":""076798bd-f35c-43ad-9382-ab4e1f64a4a8""}",2026-03-29T02:11:15.194164028Z
,info,"{""level"":""info""}","{""project"":""ce3616d9-58ad-4ec7-a294-1821e1564434"",""environment"":""fb6513d0-42a4-4660-82b5-509c54b15f2a"",""service"":""4978aa94-666c-47c7-8024-3ada55195a51"",""deployment"":""321049af-1e5a-4184-8f77-6142b4346196"",""replica"":""076798bd-f35c-43ad-9382-ab4e1f64a4a8""}",2026-03-29T02:11:15.194170114Z
Setting up Prisma symlinks...,info,"{""level"":""info""}","{""project"":""ce3616d9-58ad-4ec7-a294-1821e1564434"",""environment"":""fb6513d0-42a4-4660-82b5-509c54b15f2a"",""service"":""4978aa94-666c-47c7-8024-3ada55195a51"",""deployment"":""321049af-1e5a-4184-8f77-6142b4346196"",""replica"":""076798bd-f35c-43ad-9382-ab4e1f64a4a8""}",2026-03-29T02:11:15.195388402Z
Starting Next.js server...,info,"{""level"":""info""}","{""project"":""ce3616d9-58ad-4ec7-a294-1821e1564434"",""environment"":""fb6513d0-42a4-4660-82b5-509c54b15f2a"",""service"":""4978aa94-666c-47c7-8024-3ada55195a51"",""deployment"":""321049af-1e5a-4184-8f77-6142b4346196"",""replica"":""076798bd-f35c-43ad-9382-ab4e1f64a4a8""}",2026-03-29T02:11:15.201610487Z
Next.js PID: 46,info,"{""level"":""info""}","{""project"":""ce3616d9-58ad-4ec7-a294-1821e1564434"",""environment"":""fb6513d0-42a4-4660-82b5-509c54b15f2a"",""service"":""4978aa94-666c-47c7-8024-3ada55195a51"",""deployment"":""321049af-1e5a-4184-8f77-6142b4346196"",""replica"":""076798bd-f35c-43ad-9382-ab4e1f64a4a8""}",2026-03-29T02:11:15.201618945Z
Waiting for localhost:3000 to be accessible...,info,"{""level"":""info""}","{""project"":""ce3616d9-58ad-4ec7-a294-1821e1564434"",""environment"":""fb6513d0-42a4-4660-82b5-509c54b15f2a"",""service"":""4978aa94-666c-47c7-8024-3ada55195a51"",""deployment"":""321049af-1e5a-4184-8f77-6142b4346196"",""replica"":""076798bd-f35c-43ad-9382-ab4e1f64a4a8""}",2026-03-29T02:11:15.201624487Z
"  ⏳ Attempt 1/30: Port 3000 not ready, waiting 1s...",info,"{""level"":""info""}","{""project"":""ce3616d9-58ad-4ec7-a294-1821e1564434"",""environment"":""fb6513d0-42a4-4660-82b5-509c54b15f2a"",""service"":""4978aa94-666c-47c7-8024-3ada55195a51"",""deployment"":""321049af-1e5a-4184-8f77-6142b4346196"",""replica"":""076798bd-f35c-43ad-9382-ab4e1f64a4a8""}",2026-03-29T02:11:15.201629646Z
▲ Next.js 16.1.6,info,"{""level"":""info""}","{""project"":""ce3616d9-58ad-4ec7-a294-1821e1564434"",""environment"":""fb6513d0-42a4-4660-82b5-509c54b15f2a"",""service"":""4978aa94-666c-47c7-8024-3ada55195a51"",""deployment"":""321049af-1e5a-4184-8f77-6142b4346196"",""replica"":""076798bd-f35c-43ad-9382-ab4e1f64a4a8""}",2026-03-29T02:11:15.537485661Z
- Local:         http://localhost:3000,info,"{""level"":""info""}","{""project"":""ce3616d9-58ad-4ec7-a294-1821e1564434"",""environment"":""fb6513d0-42a4-4660-82b5-509c54b15f2a"",""service"":""4978aa94-666c-47c7-8024-3ada55195a51"",""deployment"":""321049af-1e5a-4184-8f77-6142b4346196"",""replica"":""076798bd-f35c-43ad-9382-ab4e1f64a4a8""}",2026-03-29T02:11:15.537491454Z
- Network:       http://0.0.0.0:3000,info,"{""level"":""info""}","{""project"":""ce3616d9-58ad-4ec7-a294-1821e1564434"",""environment"":""fb6513d0-42a4-4660-82b5-509c54b15f2a"",""service"":""4978aa94-666c-47c7-8024-3ada55195a51"",""deployment"":""321049af-1e5a-4184-8f77-6142b4346196"",""replica"":""076798bd-f35c-43ad-9382-ab4e1f64a4a8""}",2026-03-29T02:11:15.537496233Z
,info,"{""level"":""info""}","{""project"":""ce3616d9-58ad-4ec7-a294-1821e1564434"",""environment"":""fb6513d0-42a4-4660-82b5-509c54b15f2a"",""service"":""4978aa94-666c-47c7-8024-3ada55195a51"",""deployment"":""321049af-1e5a-4184-8f77-6142b4346196"",""replica"":""076798bd-f35c-43ad-9382-ab4e1f64a4a8""}",2026-03-29T02:11:15.537501749Z
✓ Starting...,info,"{""level"":""info""}","{""project"":""ce3616d9-58ad-4ec7-a294-1821e1564434"",""environment"":""fb6513d0-42a4-4660-82b5-509c54b15f2a"",""service"":""4978aa94-666c-47c7-8024-3ada55195a51"",""deployment"":""321049af-1e5a-4184-8f77-6142b4346196"",""replica"":""076798bd-f35c-43ad-9382-ab4e1f64a4a8""}",2026-03-29T02:11:15.537508776Z
✓ Ready in 99ms,info,"{""level"":""info""}","{""project"":""ce3616d9-58ad-4ec7-a294-1821e1564434"",""environment"":""fb6513d0-42a4-4660-82b5-509c54b15f2a"",""service"":""4978aa94-666c-47c7-8024-3ada55195a51"",""deployment"":""321049af-1e5a-4184-8f77-6142b4346196"",""replica"":""076798bd-f35c-43ad-9382-ab4e1f64a4a8""}",2026-03-29T02:11:15.606921175Z
  ✅ Port 3000 is open!,info,"{""level"":""info""}","{""project"":""ce3616d9-58ad-4ec7-a294-1821e1564434"",""environment"":""fb6513d0-42a4-4660-82b5-509c54b15f2a"",""service"":""4978aa94-666c-47c7-8024-3ada55195a51"",""deployment"":""321049af-1e5a-4184-8f77-6142b4346196"",""replica"":""076798bd-f35c-43ad-9382-ab4e1f64a4a8""}",2026-03-29T02:11:16.201947947Z
Waiting for Next.js routes to warm up...,info,"{""level"":""info""}","{""project"":""ce3616d9-58ad-4ec7-a294-1821e1564434"",""environment"":""fb6513d0-42a4-4660-82b5-509c54b15f2a"",""service"":""4978aa94-666c-47c7-8024-3ada55195a51"",""deployment"":""321049af-1e5a-4184-8f77-6142b4346196"",""replica"":""076798bd-f35c-43ad-9382-ab4e1f64a4a8""}",2026-03-29T02:11:16.201955468Z
Waiting for Next.js to be ready...,info,"{""level"":""info""}","{""project"":""ce3616d9-58ad-4ec7-a294-1821e1564434"",""environment"":""fb6513d0-42a4-4660-82b5-509c54b15f2a"",""service"":""4978aa94-666c-47c7-8024-3ada55195a51"",""deployment"":""321049af-1e5a-4184-8f77-6142b4346196"",""replica"":""076798bd-f35c-43ad-9382-ab4e1f64a4a8""}",2026-03-29T02:11:19.227737744Z
  Attempt 1/15: Checking http://localhost:3000/api/wa/health...,info,"{""level"":""info""}","{""project"":""ce3616d9-58ad-4ec7-a294-1821e1564434"",""environment"":""fb6513d0-42a4-4660-82b5-509c54b15f2a"",""service"":""4978aa94-666c-47c7-8024-3ada55195a51"",""deployment"":""321049af-1e5a-4184-8f77-6142b4346196"",""replica"":""076798bd-f35c-43ad-9382-ab4e1f64a4a8""}",2026-03-29T02:11:19.227743422Z
"  ⏳ Next.js not ready yet, waiting 2s...",info,"{""level"":""info""}","{""project"":""ce3616d9-58ad-4ec7-a294-1821e1564434"",""environment"":""fb6513d0-42a4-4660-82b5-509c54b15f2a"",""service"":""4978aa94-666c-47c7-8024-3ada55195a51"",""deployment"":""321049af-1e5a-4184-8f77-6142b4346196"",""replica"":""076798bd-f35c-43ad-9382-ab4e1f64a4a8""}",2026-03-29T02:11:19.227749751Z
[Socket.io Proxy] GET error: Unable to connect. Is the computer able to access the url?,error,"{""level"":""error""}","{""project"":""ce3616d9-58ad-4ec7-a294-1821e1564434"",""environment"":""fb6513d0-42a4-4660-82b5-509c54b15f2a"",""service"":""4978aa94-666c-47c7-8024-3ada55195a51"",""deployment"":""321049af-1e5a-4184-8f77-6142b4346196"",""replica"":""076798bd-f35c-43ad-9382-ab4e1f64a4a8""}",2026-03-29T02:11:20.768622197Z
  Attempt 2/15: Checking http://localhost:3000/api/wa/health...,info,"{""level"":""info""}","{""project"":""ce3616d9-58ad-4ec7-a294-1821e1564434"",""environment"":""fb6513d0-42a4-4660-82b5-509c54b15f2a"",""service"":""4978aa94-666c-47c7-8024-3ada55195a51"",""deployment"":""321049af-1e5a-4184-8f77-6142b4346196"",""replica"":""076798bd-f35c-43ad-9382-ab4e1f64a4a8""}",2026-03-29T02:11:21.235879656Z
"  ⏳ Next.js not ready yet, waiting 2s...",info,"{""level"":""info""}","{""project"":""ce3616d9-58ad-4ec7-a294-1821e1564434"",""environment"":""fb6513d0-42a4-4660-82b5-509c54b15f2a"",""service"":""4978aa94-666c-47c7-8024-3ada55195a51"",""deployment"":""321049af-1e5a-4184-8f77-6142b4346196"",""replica"":""076798bd-f35c-43ad-9382-ab4e1f64a4a8""}",2026-03-29T02:11:21.235885644Z
  Attempt 3/15: Checking http://localhost:3000/api/wa/health...,info,"{""level"":""info""}","{""project"":""ce3616d9-58ad-4ec7-a294-1821e1564434"",""environment"":""fb6513d0-42a4-4660-82b5-509c54b15f2a"",""service"":""4978aa94-666c-47c7-8024-3ada55195a51"",""deployment"":""321049af-1e5a-4184-8f77-6142b4346196"",""replica"":""076798bd-f35c-43ad-9382-ab4e1f64a4a8""}",2026-03-29T02:11:23.203460253Z
"  ⏳ Next.js not ready yet, waiting 2s...",info,"{""level"":""info""}","{""project"":""ce3616d9-58ad-4ec7-a294-1821e1564434"",""environment"":""fb6513d0-42a4-4660-82b5-509c54b15f2a"",""service"":""4978aa94-666c-47c7-8024-3ada55195a51"",""deployment"":""321049af-1e5a-4184-8f77-6142b4346196"",""replica"":""076798bd-f35c-43ad-9382-ab4e1f64a4a8""}",2026-03-29T02:11:23.203466637Z
  Attempt 4/15: Checking http://localhost:3000/api/wa/health...,info,"{""level"":""info""}","{""project"":""ce3616d9-58ad-4ec7-a294-1821e1564434"",""environment"":""fb6513d0-42a4-4660-82b5-509c54b15f2a"",""service"":""4978aa94-666c-47c7-8024-3ada55195a51"",""deployment"":""321049af-1e5a-4184-8f77-6142b4346196"",""replica"":""076798bd-f35c-43ad-9382-ab4e1f64a4a8""}",2026-03-29T02:11:25.208030453Z
"  ⏳ Next.js not ready yet, waiting 2s...",info,"{""level"":""info""}","{""project"":""ce3616d9-58ad-4ec7-a294-1821e1564434"",""environment"":""fb6513d0-42a4-4660-82b5-509c54b15f2a"",""service"":""4978aa94-666c-47c7-8024-3ada55195a51"",""deployment"":""321049af-1e5a-4184-8f77-6142b4346196"",""replica"":""076798bd-f35c-43ad-9382-ab4e1f64a4a8""}",2026-03-29T02:11:25.208037226Z
  Attempt 5/15: Checking http://localhost:3000/api/wa/health...,info,"{""level"":""info""}","{""project"":""ce3616d9-58ad-4ec7-a294-1821e1564434"",""environment"":""fb6513d0-42a4-4660-82b5-509c54b15f2a"",""service"":""4978aa94-666c-47c7-8024-3ada55195a51"",""deployment"":""321049af-1e5a-4184-8f77-6142b4346196"",""replica"":""076798bd-f35c-43ad-9382-ab4e1f64a4a8""}",2026-03-29T02:11:27.217834092Z
"  ⏳ Next.js not ready yet, waiting 2s...",info,"{""level"":""info""}","{""project"":""ce3616d9-58ad-4ec7-a294-1821e1564434"",""environment"":""fb6513d0-42a4-4660-82b5-509c54b15f2a"",""service"":""4978aa94-666c-47c7-8024-3ada55195a51"",""deployment"":""321049af-1e5a-4184-8f77-6142b4346196"",""replica"":""076798bd-f35c-43ad-9382-ab4e1f64a4a8""}",2026-03-29T02:11:27.217838682Z
  Attempt 6/15: Checking http://localhost:3000/api/wa/health...,info,"{""level"":""info""}","{""project"":""ce3616d9-58ad-4ec7-a294-1821e1564434"",""environment"":""fb6513d0-42a4-4660-82b5-509c54b15f2a"",""service"":""4978aa94-666c-47c7-8024-3ada55195a51"",""deployment"":""321049af-1e5a-4184-8f77-6142b4346196"",""replica"":""076798bd-f35c-43ad-9382-ab4e1f64a4a8""}",2026-03-29T02:11:29.222741117Z
"  ⏳ Next.js not ready yet, waiting 2s...",info,"{""level"":""info""}","{""project"":""ce3616d9-58ad-4ec7-a294-1821e1564434"",""environment"":""fb6513d0-42a4-4660-82b5-509c54b15f2a"",""service"":""4978aa94-666c-47c7-8024-3ada55195a51"",""deployment"":""321049af-1e5a-4184-8f77-6142b4346196"",""replica"":""076798bd-f35c-43ad-9382-ab4e1f64a4a8""}",2026-03-29T02:11:29.222745222Z
  Attempt 7/15: Checking http://localhost:3000/api/wa/health...,info,"{""level"":""info""}","{""project"":""ce3616d9-58ad-4ec7-a294-1821e1564434"",""environment"":""fb6513d0-42a4-4660-82b5-509c54b15f2a"",""service"":""4978aa94-666c-47c7-8024-3ada55195a51"",""deployment"":""321049af-1e5a-4184-8f77-6142b4346196"",""replica"":""076798bd-f35c-43ad-9382-ab4e1f64a4a8""}",2026-03-29T02:11:31.235105374Z
"  ⏳ Next.js not ready yet, waiting 2s...",info,"{""level"":""info""}","{""project"":""ce3616d9-58ad-4ec7-a294-1821e1564434"",""environment"":""fb6513d0-42a4-4660-82b5-509c54b15f2a"",""service"":""4978aa94-666c-47c7-8024-3ada55195a51"",""deployment"":""321049af-1e5a-4184-8f77-6142b4346196"",""replica"":""076798bd-f35c-43ad-9382-ab4e1f64a4a8""}",2026-03-29T02:11:31.235110520Z
  Attempt 8/15: Checking http://localhost:3000/api/wa/health...,info,"{""level"":""info""}","{""project"":""ce3616d9-58ad-4ec7-a294-1821e1564434"",""environment"":""fb6513d0-42a4-4660-82b5-509c54b15f2a"",""service"":""4978aa94-666c-47c7-8024-3ada55195a51"",""deployment"":""321049af-1e5a-4184-8f77-6142b4346196"",""replica"":""076798bd-f35c-43ad-9382-ab4e1f64a4a8""}",2026-03-29T02:11:33.212484240Z
"  ⏳ Next.js not ready yet, waiting 2s...",info,"{""level"":""info""}","{""project"":""ce3616d9-58ad-4ec7-a294-1821e1564434"",""environment"":""fb6513d0-42a4-4660-82b5-509c54b15f2a"",""service"":""4978aa94-666c-47c7-8024-3ada55195a51"",""deployment"":""321049af-1e5a-4184-8f77-6142b4346196"",""replica"":""076798bd-f35c-43ad-9382-ab4e1f64a4a8""}",2026-03-29T02:11:33.212495795Z
  Attempt 9/15: Checking http://localhost:3000/api/wa/health...,info,"{""level"":""info""}","{""project"":""ce3616d9-58ad-4ec7-a294-1821e1564434"",""environment"":""fb6513d0-42a4-4660-82b5-509c54b15f2a"",""service"":""4978aa94-666c-47c7-8024-3ada55195a51"",""deployment"":""321049af-1e5a-4184-8f77-6142b4346196"",""replica"":""076798bd-f35c-43ad-9382-ab4e1f64a4a8""}",2026-03-29T02:11:35.208947216Z
"  ⏳ Next.js not ready yet, waiting 2s...",info,"{""level"":""info""}","{""project"":""ce3616d9-58ad-4ec7-a294-1821e1564434"",""environment"":""fb6513d0-42a4-4660-82b5-509c54b15f2a"",""service"":""4978aa94-666c-47c7-8024-3ada55195a51"",""deployment"":""321049af-1e5a-4184-8f77-6142b4346196"",""replica"":""076798bd-f35c-43ad-9382-ab4e1f64a4a8""}",2026-03-29T02:11:35.208955991Z
  Attempt 10/15: Checking http://localhost:3000/api/wa/health...,info,"{""level"":""info""}","{""project"":""ce3616d9-58ad-4ec7-a294-1821e1564434"",""environment"":""fb6513d0-42a4-4660-82b5-509c54b15f2a"",""service"":""4978aa94-666c-47c7-8024-3ada55195a51"",""deployment"":""321049af-1e5a-4184-8f77-6142b4346196"",""replica"":""076798bd-f35c-43ad-9382-ab4e1f64a4a8""}",2026-03-29T02:11:37.212051268Z
"  ⏳ Next.js not ready yet, waiting 2s...",info,"{""level"":""info""}","{""project"":""ce3616d9-58ad-4ec7-a294-1821e1564434"",""environment"":""fb6513d0-42a4-4660-82b5-509c54b15f2a"",""service"":""4978aa94-666c-47c7-8024-3ada55195a51"",""deployment"":""321049af-1e5a-4184-8f77-6142b4346196"",""replica"":""076798bd-f35c-43ad-9382-ab4e1f64a4a8""}",2026-03-29T02:11:37.212060136Z
[Socket.io Proxy] GET error: Unable to connect. Is the computer able to access the url?,error,"{""level"":""error""}","{""project"":""ce3616d9-58ad-4ec7-a294-1821e1564434"",""environment"":""fb6513d0-42a4-4660-82b5-509c54b15f2a"",""service"":""4978aa94-666c-47c7-8024-3ada55195a51"",""deployment"":""321049af-1e5a-4184-8f77-6142b4346196"",""replica"":""076798bd-f35c-43ad-9382-ab4e1f64a4a8""}",2026-03-29T02:11:37.895643152Z
  Attempt 11/15: Checking http://localhost:3000/api/wa/health...,info,"{""level"":""info""}","{""project"":""ce3616d9-58ad-4ec7-a294-1821e1564434"",""environment"":""fb6513d0-42a4-4660-82b5-509c54b15f2a"",""service"":""4978aa94-666c-47c7-8024-3ada55195a51"",""deployment"":""321049af-1e5a-4184-8f77-6142b4346196"",""replica"":""076798bd-f35c-43ad-9382-ab4e1f64a4a8""}",2026-03-29T02:11:39.217448289Z
"  ⏳ Next.js not ready yet, waiting 2s...",info,"{""level"":""info""}","{""project"":""ce3616d9-58ad-4ec7-a294-1821e1564434"",""environment"":""fb6513d0-42a4-4660-82b5-509c54b15f2a"",""service"":""4978aa94-666c-47c7-8024-3ada55195a51"",""deployment"":""321049af-1e5a-4184-8f77-6142b4346196"",""replica"":""076798bd-f35c-43ad-9382-ab4e1f64a4a8""}",2026-03-29T02:11:39.217455927Z
  Attempt 12/15: Checking http://localhost:3000/api/wa/health...,info,"{""level"":""info""}","{""project"":""ce3616d9-58ad-4ec7-a294-1821e1564434"",""environment"":""fb6513d0-42a4-4660-82b5-509c54b15f2a"",""service"":""4978aa94-666c-47c7-8024-3ada55195a51"",""deployment"":""321049af-1e5a-4184-8f77-6142b4346196"",""replica"":""076798bd-f35c-43ad-9382-ab4e1f64a4a8""}",2026-03-29T02:11:41.213250155Z
"  ⏳ Next.js not ready yet, waiting 2s...",info,"{""level"":""info""}","{""project"":""ce3616d9-58ad-4ec7-a294-1821e1564434"",""environment"":""fb6513d0-42a4-4660-82b5-509c54b15f2a"",""service"":""4978aa94-666c-47c7-8024-3ada55195a51"",""deployment"":""321049af-1e5a-4184-8f77-6142b4346196"",""replica"":""076798bd-f35c-43ad-9382-ab4e1f64a4a8""}",2026-03-29T02:11:41.213259378Z
  Attempt 13/15: Checking http://localhost:3000/api/wa/health...,info,"{""level"":""info""}","{""project"":""ce3616d9-58ad-4ec7-a294-1821e1564434"",""environment"":""fb6513d0-42a4-4660-82b5-509c54b15f2a"",""service"":""4978aa94-666c-47c7-8024-3ada55195a51"",""deployment"":""321049af-1e5a-4184-8f77-6142b4346196"",""replica"":""076798bd-f35c-43ad-9382-ab4e1f64a4a8""}",2026-03-29T02:11:43.218873793Z
"  ⏳ Next.js not ready yet, waiting 2s...",info,"{""level"":""info""}","{""project"":""ce3616d9-58ad-4ec7-a294-1821e1564434"",""environment"":""fb6513d0-42a4-4660-82b5-509c54b15f2a"",""service"":""4978aa94-666c-47c7-8024-3ada55195a51"",""deployment"":""321049af-1e5a-4184-8f77-6142b4346196"",""replica"":""076798bd-f35c-43ad-9382-ab4e1f64a4a8""}",2026-03-29T02:11:43.218880874Z
  Attempt 14/15: Checking http://localhost:3000/api/wa/health...,info,"{""level"":""info""}","{""project"":""ce3616d9-58ad-4ec7-a294-1821e1564434"",""environment"":""fb6513d0-42a4-4660-82b5-509c54b15f2a"",""service"":""4978aa94-666c-47c7-8024-3ada55195a51"",""deployment"":""321049af-1e5a-4184-8f77-6142b4346196"",""replica"":""076798bd-f35c-43ad-9382-ab4e1f64a4a8""}",2026-03-29T02:11:45.214357729Z
"  ⏳ Next.js not ready yet, waiting 2s...",info,"{""level"":""info""}","{""project"":""ce3616d9-58ad-4ec7-a294-1821e1564434"",""environment"":""fb6513d0-42a4-4660-82b5-509c54b15f2a"",""service"":""4978aa94-666c-47c7-8024-3ada55195a51"",""deployment"":""321049af-1e5a-4184-8f77-6142b4346196"",""replica"":""076798bd-f35c-43ad-9382-ab4e1f64a4a8""}",2026-03-29T02:11:45.214364536Z
  Attempt 15/15: Checking http://localhost:3000/api/wa/health...,info,"{""level"":""info""}","{""project"":""ce3616d9-58ad-4ec7-a294-1821e1564434"",""environment"":""fb6513d0-42a4-4660-82b5-509c54b15f2a"",""service"":""4978aa94-666c-47c7-8024-3ada55195a51"",""deployment"":""321049af-1e5a-4184-8f77-6142b4346196"",""replica"":""076798bd-f35c-43ad-9382-ab4e1f64a4a8""}",2026-03-29T02:11:47.220002675Z
"  ⏳ Next.js not ready yet, waiting 2s...",info,"{""level"":""info""}","{""project"":""ce3616d9-58ad-4ec7-a294-1821e1564434"",""environment"":""fb6513d0-42a4-4660-82b5-509c54b15f2a"",""service"":""4978aa94-666c-47c7-8024-3ada55195a51"",""deployment"":""321049af-1e5a-4184-8f77-6142b4346196"",""replica"":""076798bd-f35c-43ad-9382-ab4e1f64a4a8""}",2026-03-29T02:11:47.220009263Z
"  ⚠️ Next.js health check failed after 15 attempts, continuing anyway...",info,"{""level"":""info""}","{""project"":""ce3616d9-58ad-4ec7-a294-1821e1564434"",""environment"":""fb6513d0-42a4-4660-82b5-509c54b15f2a"",""service"":""4978aa94-666c-47c7-8024-3ada55195a51"",""deployment"":""321049af-1e5a-4184-8f77-6142b4346196"",""replica"":""076798bd-f35c-43ad-9382-ab4e1f64a4a8""}",2026-03-29T02:11:49.242571081Z
==========================================,info,"{""level"":""info""}","{""project"":""ce3616d9-58ad-4ec7-a294-1821e1564434"",""environment"":""fb6513d0-42a4-4660-82b5-509c54b15f2a"",""service"":""4978aa94-666c-47c7-8024-3ada55195a51"",""deployment"":""321049af-1e5a-4184-8f77-6142b4346196"",""replica"":""076798bd-f35c-43ad-9382-ab4e1f64a4a8""}",2026-03-29T02:11:50.110309360Z
Starting WhatsApp Warmer Service,info,"{""level"":""info""}","{""project"":""ce3616d9-58ad-4ec7-a294-1821e1564434"",""environment"":""fb6513d0-42a4-4660-82b5-509c54b15f2a"",""service"":""4978aa94-666c-47c7-8024-3ada55195a51"",""deployment"":""321049af-1e5a-4184-8f77-6142b4346196"",""replica"":""076798bd-f35c-43ad-9382-ab4e1f64a4a8""}",2026-03-29T02:11:50.110316749Z
Time: 2026-03-29 02:11:50 UTC,info,"{""level"":""info""}","{""project"":""ce3616d9-58ad-4ec7-a294-1821e1564434"",""environment"":""fb6513d0-42a4-4660-82b5-509c54b15f2a"",""service"":""4978aa94-666c-47c7-8024-3ada55195a51"",""deployment"":""321049af-1e5a-4184-8f77-6142b4346196"",""replica"":""076798bd-f35c-43ad-9382-ab4e1f64a4a8""}",2026-03-29T02:11:50.110323534Z
==========================================,info,"{""level"":""info""}","{""project"":""ce3616d9-58ad-4ec7-a294-1821e1564434"",""environment"":""fb6513d0-42a4-4660-82b5-509c54b15f2a"",""service"":""4978aa94-666c-47c7-8024-3ada55195a51"",""deployment"":""321049af-1e5a-4184-8f77-6142b4346196"",""replica"":""076798bd-f35c-43ad-9382-ab4e1f64a4a8""}",2026-03-29T02:11:50.110330332Z
Running Prisma migrations...,info,"{""level"":""info""}","{""project"":""ce3616d9-58ad-4ec7-a294-1821e1564434"",""environment"":""fb6513d0-42a4-4660-82b5-509c54b15f2a"",""service"":""4978aa94-666c-47c7-8024-3ada55195a51"",""deployment"":""321049af-1e5a-4184-8f77-6142b4346196"",""replica"":""076798bd-f35c-43ad-9382-ab4e1f64a4a8""}",2026-03-29T02:11:50.110336867Z
Prisma schema loaded from prisma/schema.prisma,info,"{""level"":""info""}","{""project"":""ce3616d9-58ad-4ec7-a294-1821e1564434"",""environment"":""fb6513d0-42a4-4660-82b5-509c54b15f2a"",""service"":""4978aa94-666c-47c7-8024-3ada55195a51"",""deployment"":""321049af-1e5a-4184-8f77-6142b4346196"",""replica"":""076798bd-f35c-43ad-9382-ab4e1f64a4a8""}",2026-03-29T02:11:51.256357062Z
"Datasource ""db"": SQLite database ""whatsapp.db"" at ""file:/app/data/whatsapp.db""",info,"{""level"":""info""}","{""project"":""ce3616d9-58ad-4ec7-a294-1821e1564434"",""environment"":""fb6513d0-42a4-4660-82b5-509c54b15f2a"",""service"":""4978aa94-666c-47c7-8024-3ada55195a51"",""deployment"":""321049af-1e5a-4184-8f77-6142b4346196"",""replica"":""076798bd-f35c-43ad-9382-ab4e1f64a4a8""}",2026-03-29T02:11:51.256363772Z
,info,"{""level"":""info""}","{""project"":""ce3616d9-58ad-4ec7-a294-1821e1564434"",""environment"":""fb6513d0-42a4-4660-82b5-509c54b15f2a"",""service"":""4978aa94-666c-47c7-8024-3ada55195a51"",""deployment"":""321049af-1e5a-4184-8f77-6142b4346196"",""replica"":""076798bd-f35c-43ad-9382-ab4e1f64a4a8""}",2026-03-29T02:11:51.279689816Z
The database is already in sync with the Prisma schema.,info,"{""level"":""info""}","{""project"":""ce3616d9-58ad-4ec7-a294-1821e1564434"",""environment"":""fb6513d0-42a4-4660-82b5-509c54b15f2a"",""service"":""4978aa94-666c-47c7-8024-3ada55195a51"",""deployment"":""321049af-1e5a-4184-8f77-6142b4346196"",""replica"":""076798bd-f35c-43ad-9382-ab4e1f64a4a8""}",2026-03-29T02:11:51.279706264Z
,info,"{""level"":""info""}","{""project"":""ce3616d9-58ad-4ec7-a294-1821e1564434"",""environment"":""fb6513d0-42a4-4660-82b5-509c54b15f2a"",""service"":""4978aa94-666c-47c7-8024-3ada55195a51"",""deployment"":""321049af-1e5a-4184-8f77-6142b4346196"",""replica"":""076798bd-f35c-43ad-9382-ab4e1f64a4a8""}",2026-03-29T02:11:51.279714045Z
Setting up Prisma symlinks...,info,"{""level"":""info""}","{""project"":""ce3616d9-58ad-4ec7-a294-1821e1564434"",""environment"":""fb6513d0-42a4-4660-82b5-509c54b15f2a"",""service"":""4978aa94-666c-47c7-8024-3ada55195a51"",""deployment"":""321049af-1e5a-4184-8f77-6142b4346196"",""replica"":""076798bd-f35c-43ad-9382-ab4e1f64a4a8""}",2026-03-29T02:11:51.292381616Z
Starting Next.js server...,info,"{""level"":""info""}","{""project"":""ce3616d9-58ad-4ec7-a294-1821e1564434"",""environment"":""fb6513d0-42a4-4660-82b5-509c54b15f2a"",""service"":""4978aa94-666c-47c7-8024-3ada55195a51"",""deployment"":""321049af-1e5a-4184-8f77-6142b4346196"",""replica"":""076798bd-f35c-43ad-9382-ab4e1f64a4a8""}",2026-03-29T02:11:51.292389725Z
Next.js PID: 46,info,"{""level"":""info""}","{""project"":""ce3616d9-58ad-4ec7-a294-1821e1564434"",""environment"":""fb6513d0-42a4-4660-82b5-509c54b15f2a"",""service"":""4978aa94-666c-47c7-8024-3ada55195a51"",""deployment"":""321049af-1e5a-4184-8f77-6142b4346196"",""replica"":""076798bd-f35c-43ad-9382-ab4e1f64a4a8""}",2026-03-29T02:11:51.292398758Z
Waiting for localhost:3000 to be accessible...,info,"{""level"":""info""}","{""project"":""ce3616d9-58ad-4ec7-a294-1821e1564434"",""environment"":""fb6513d0-42a4-4660-82b5-509c54b15f2a"",""service"":""4978aa94-666c-47c7-8024-3ada55195a51"",""deployment"":""321049af-1e5a-4184-8f77-6142b4346196"",""replica"":""076798bd-f35c-43ad-9382-ab4e1f64a4a8""}",2026-03-29T02:11:51.292403537Z
"  ⏳ Attempt 1/30: Port 3000 not ready, waiting 1s...",info,"{""level"":""info""}","{""project"":""ce3616d9-58ad-4ec7-a294-1821e1564434"",""environment"":""fb6513d0-42a4-4660-82b5-509c54b15f2a"",""service"":""4978aa94-666c-47c7-8024-3ada55195a51"",""deployment"":""321049af-1e5a-4184-8f77-6142b4346196"",""replica"":""076798bd-f35c-43ad-9382-ab4e1f64a4a8""}",2026-03-29T02:11:51.293646167Z
▲ Next.js 16.1.6,info,"{""level"":""info""}","{""project"":""ce3616d9-58ad-4ec7-a294-1821e1564434"",""environment"":""fb6513d0-42a4-4660-82b5-509c54b15f2a"",""service"":""4978aa94-666c-47c7-8024-3ada55195a51"",""deployment"":""321049af-1e5a-4184-8f77-6142b4346196"",""replica"":""076798bd-f35c-43ad-9382-ab4e1f64a4a8""}",2026-03-29T02:11:51.845064299Z
- Local:         http://localhost:3000,info,"{""level"":""info""}","{""project"":""ce3616d9-58ad-4ec7-a294-1821e1564434"",""environment"":""fb6513d0-42a4-4660-82b5-509c54b15f2a"",""service"":""4978aa94-666c-47c7-8024-3ada55195a51"",""deployment"":""321049af-1e5a-4184-8f77-6142b4346196"",""replica"":""076798bd-f35c-43ad-9382-ab4e1f64a4a8""}",2026-03-29T02:11:51.845069195Z
- Network:       http://0.0.0.0:3000,info,"{""level"":""info""}","{""project"":""ce3616d9-58ad-4ec7-a294-1821e1564434"",""environment"":""fb6513d0-42a4-4660-82b5-509c54b15f2a"",""service"":""4978aa94-666c-47c7-8024-3ada55195a51"",""deployment"":""321049af-1e5a-4184-8f77-6142b4346196"",""replica"":""076798bd-f35c-43ad-9382-ab4e1f64a4a8""}",2026-03-29T02:11:51.845074028Z
,info,"{""level"":""info""}","{""project"":""ce3616d9-58ad-4ec7-a294-1821e1564434"",""environment"":""fb6513d0-42a4-4660-82b5-509c54b15f2a"",""service"":""4978aa94-666c-47c7-8024-3ada55195a51"",""deployment"":""321049af-1e5a-4184-8f77-6142b4346196"",""replica"":""076798bd-f35c-43ad-9382-ab4e1f64a4a8""}",2026-03-29T02:11:51.845078188Z
✓ Starting...,info,"{""level"":""info""}","{""project"":""ce3616d9-58ad-4ec7-a294-1821e1564434"",""environment"":""fb6513d0-42a4-4660-82b5-509c54b15f2a"",""service"":""4978aa94-666c-47c7-8024-3ada55195a51"",""deployment"":""321049af-1e5a-4184-8f77-6142b4346196"",""replica"":""076798bd-f35c-43ad-9382-ab4e1f64a4a8""}",2026-03-29T02:11:51.845082208Z
✓ Ready in 100ms,info,"{""level"":""info""}","{""project"":""ce3616d9-58ad-4ec7-a294-1821e1564434"",""environment"":""fb6513d0-42a4-4660-82b5-509c54b15f2a"",""service"":""4978aa94-666c-47c7-8024-3ada55195a51"",""deployment"":""321049af-1e5a-4184-8f77-6142b4346196"",""replica"":""076798bd-f35c-43ad-9382-ab4e1f64a4a8""}",2026-03-29T02:11:51.845087532Z
  ✅ Port 3000 is open!,info,"{""level"":""info""}","{""project"":""ce3616d9-58ad-4ec7-a294-1821e1564434"",""environment"":""fb6513d0-42a4-4660-82b5-509c54b15f2a"",""service"":""4978aa94-666c-47c7-8024-3ada55195a51"",""deployment"":""321049af-1e5a-4184-8f77-6142b4346196"",""replica"":""076798bd-f35c-43ad-9382-ab4e1f64a4a8""}",2026-03-29T02:11:52.307740991Z
Waiting for Next.js routes to warm up...,info,"{""level"":""info""}","{""project"":""ce3616d9-58ad-4ec7-a294-1821e1564434"",""environment"":""fb6513d0-42a4-4660-82b5-509c54b15f2a"",""service"":""4978aa94-666c-47c7-8024-3ada55195a51"",""deployment"":""321049af-1e5a-4184-8f77-6142b4346196"",""replica"":""076798bd-f35c-43ad-9382-ab4e1f64a4a8""}",2026-03-29T02:11:52.307746290Z
Waiting for Next.js to be ready...,info,"{""level"":""info""}","{""project"":""ce3616d9-58ad-4ec7-a294-1821e1564434"",""environment"":""fb6513d0-42a4-4660-82b5-509c54b15f2a"",""service"":""4978aa94-666c-47c7-8024-3ada55195a51"",""deployment"":""321049af-1e5a-4184-8f77-6142b4346196"",""replica"":""076798bd-f35c-43ad-9382-ab4e1f64a4a8""}",2026-03-29T02:11:55.295783916Z
  Attempt 1/15: Checking http://localhost:3000/api/wa/health...,info,"{""level"":""info""}","{""project"":""ce3616d9-58ad-4ec7-a294-1821e1564434"",""environment"":""fb6513d0-42a4-4660-82b5-509c54b15f2a"",""service"":""4978aa94-666c-47c7-8024-3ada55195a51"",""deployment"":""321049af-1e5a-4184-8f77-6142b4346196"",""replica"":""076798bd-f35c-43ad-9382-ab4e1f64a4a8""}",2026-03-29T02:11:55.295792458Z
"  ⏳ Next.js not ready yet, waiting 2s...",info,"{""level"":""info""}","{""project"":""ce3616d9-58ad-4ec7-a294-1821e1564434"",""environment"":""fb6513d0-42a4-4660-82b5-509c54b15f2a"",""service"":""4978aa94-666c-47c7-8024-3ada55195a51"",""deployment"":""321049af-1e5a-4184-8f77-6142b4346196"",""replica"":""076798bd-f35c-43ad-9382-ab4e1f64a4a8""}",2026-03-29T02:11:55.295798754Z
  Attempt 2/15: Checking http://localhost:3000/api/wa/health...,info,"{""level"":""info""}","{""project"":""ce3616d9-58ad-4ec7-a294-1821e1564434"",""environment"":""fb6513d0-42a4-4660-82b5-509c54b15f2a"",""service"":""4978aa94-666c-47c7-8024-3ada55195a51"",""deployment"":""321049af-1e5a-4184-8f77-6142b4346196"",""replica"":""076798bd-f35c-43ad-9382-ab4e1f64a4a8""}",2026-03-29T02:11:57.296945081Z
"  ⏳ Next.js not ready yet, waiting 2s...",info,"{""level"":""info""}","{""project"":""ce3616d9-58ad-4ec7-a294-1821e1564434"",""environment"":""fb6513d0-42a4-4660-82b5-509c54b15f2a"",""service"":""4978aa94-666c-47c7-8024-3ada55195a51"",""deployment"":""321049af-1e5a-4184-8f77-6142b4346196"",""replica"":""076798bd-f35c-43ad-9382-ab4e1f64a4a8""}",2026-03-29T02:11:57.296953078Z
  Attempt 3/15: Checking http://localhost:3000/api/wa/health...,info,"{""level"":""info""}","{""project"":""ce3616d9-58ad-4ec7-a294-1821e1564434"",""environment"":""fb6513d0-42a4-4660-82b5-509c54b15f2a"",""service"":""4978aa94-666c-47c7-8024-3ada55195a51"",""deployment"":""321049af-1e5a-4184-8f77-6142b4346196"",""replica"":""076798bd-f35c-43ad-9382-ab4e1f64a4a8""}",2026-03-29T02:11:59.304986202Z
"  ⏳ Next.js not ready yet, waiting 2s...",info,"{""level"":""info""}","{""project"":""ce3616d9-58ad-4ec7-a294-1821e1564434"",""environment"":""fb6513d0-42a4-4660-82b5-509c54b15f2a"",""service"":""4978aa94-666c-47c7-8024-3ada55195a51"",""deployment"":""321049af-1e5a-4184-8f77-6142b4346196"",""replica"":""076798bd-f35c-43ad-9382-ab4e1f64a4a8""}",2026-03-29T02:11:59.304992596Z
  Attempt 4/15: Checking http://localhost:3000/api/wa/health...,info,"{""level"":""info""}","{""project"":""ce3616d9-58ad-4ec7-a294-1821e1564434"",""environment"":""fb6513d0-42a4-4660-82b5-509c54b15f2a"",""service"":""4978aa94-666c-47c7-8024-3ada55195a51"",""deployment"":""321049af-1e5a-4184-8f77-6142b4346196"",""replica"":""076798bd-f35c-43ad-9382-ab4e1f64a4a8""}",2026-03-29T02:12:01.298412400Z
"  ⏳ Next.js not ready yet, waiting 2s...",info,"{""level"":""info""}","{""project"":""ce3616d9-58ad-4ec7-a294-1821e1564434"",""environment"":""fb6513d0-42a4-4660-82b5-509c54b15f2a"",""service"":""4978aa94-666c-47c7-8024-3ada55195a51"",""deployment"":""321049af-1e5a-4184-8f77-6142b4346196"",""replica"":""076798bd-f35c-43ad-9382-ab4e1f64a4a8""}",2026-03-29T02:12:01.298419443Z
  Attempt 5/15: Checking http://localhost:3000/api/wa/health...,info,"{""level"":""info""}","{""project"":""ce3616d9-58ad-4ec7-a294-1821e1564434"",""environment"":""fb6513d0-42a4-4660-82b5-509c54b15f2a"",""service"":""4978aa94-666c-47c7-8024-3ada55195a51"",""deployment"":""321049af-1e5a-4184-8f77-6142b4346196"",""replica"":""076798bd-f35c-43ad-9382-ab4e1f64a4a8""}",2026-03-29T02:12:03.397834590Z
"  ⏳ Next.js not ready yet, waiting 2s...",info,"{""level"":""info""}","{""project"":""ce3616d9-58ad-4ec7-a294-1821e1564434"",""environment"":""fb6513d0-42a4-4660-82b5-509c54b15f2a"",""service"":""4978aa94-666c-47c7-8024-3ada55195a51"",""deployment"":""321049af-1e5a-4184-8f77-6142b4346196"",""replica"":""076798bd-f35c-43ad-9382-ab4e1f64a4a8""}",2026-03-29T02:12:03.397843110Z
  Attempt 6/15: Checking http://localhost:3000/api/wa/health...,info,"{""level"":""info""}","{""project"":""ce3616d9-58ad-4ec7-a294-1821e1564434"",""environment"":""fb6513d0-42a4-4660-82b5-509c54b15f2a"",""service"":""4978aa94-666c-47c7-8024-3ada55195a51"",""deployment"":""321049af-1e5a-4184-8f77-6142b4346196"",""replica"":""076798bd-f35c-43ad-9382-ab4e1f64a4a8""}",2026-03-29T02:12:05.392854104Z
"  ⏳ Next.js not ready yet, waiting 2s...",info,"{""level"":""info""}","{""project"":""ce3616d9-58ad-4ec7-a294-1821e1564434"",""environment"":""fb6513d0-42a4-4660-82b5-509c54b15f2a"",""service"":""4978aa94-666c-47c7-8024-3ada55195a51"",""deployment"":""321049af-1e5a-4184-8f77-6142b4346196"",""replica"":""076798bd-f35c-43ad-9382-ab4e1f64a4a8""}",2026-03-29T02:12:05.392860169Z
  Attempt 7/15: Checking http://localhost:3000/api/wa/health...,info,"{""level"":""info""}","{""project"":""ce3616d9-58ad-4ec7-a294-1821e1564434"",""environment"":""fb6513d0-42a4-4660-82b5-509c54b15f2a"",""service"":""4978aa94-666c-47c7-8024-3ada55195a51"",""deployment"":""321049af-1e5a-4184-8f77-6142b4346196"",""replica"":""076798bd-f35c-43ad-9382-ab4e1f64a4a8""}",2026-03-29T02:12:07.458621863Z
"  ⏳ Next.js not ready yet, waiting 2s...",info,"{""level"":""info""}","{""project"":""ce3616d9-58ad-4ec7-a294-1821e1564434"",""environment"":""fb6513d0-42a4-4660-82b5-509c54b15f2a"",""service"":""4978aa94-666c-47c7-8024-3ada55195a51"",""deployment"":""321049af-1e5a-4184-8f77-6142b4346196"",""replica"":""076798bd-f35c-43ad-9382-ab4e1f64a4a8""}",2026-03-29T02:12:07.458627369Z
  Attempt 8/15: Checking http://localhost:3000/api/wa/health...,info,"{""level"":""info""}","{""project"":""ce3616d9-58ad-4ec7-a294-1821e1564434"",""environment"":""fb6513d0-42a4-4660-82b5-509c54b15f2a"",""service"":""4978aa94-666c-47c7-8024-3ada55195a51"",""deployment"":""321049af-1e5a-4184-8f77-6142b4346196"",""replica"":""076798bd-f35c-43ad-9382-ab4e1f64a4a8""}",2026-03-29T02:12:09.499026136Z
"  ⏳ Next.js not ready yet, waiting 2s...",info,"{""level"":""info""}","{""project"":""ce3616d9-58ad-4ec7-a294-1821e1564434"",""environment"":""fb6513d0-42a4-4660-82b5-509c54b15f2a"",""service"":""4978aa94-666c-47c7-8024-3ada55195a51"",""deployment"":""321049af-1e5a-4184-8f77-6142b4346196"",""replica"":""076798bd-f35c-43ad-9382-ab4e1f64a4a8""}",2026-03-29T02:12:09.499030741Z
  Attempt 9/15: Checking http://localhost:3000/api/wa/health...,info,"{""level"":""info""}","{""project"":""ce3616d9-58ad-4ec7-a294-1821e1564434"",""environment"":""fb6513d0-42a4-4660-82b5-509c54b15f2a"",""service"":""4978aa94-666c-47c7-8024-3ada55195a51"",""deployment"":""321049af-1e5a-4184-8f77-6142b4346196"",""replica"":""076798bd-f35c-43ad-9382-ab4e1f64a4a8""}",2026-03-29T02:12:11.499160407Z
"  ⏳ Next.js not ready yet, waiting 2s...",info,"{""level"":""info""}","{""project"":""ce3616d9-58ad-4ec7-a294-1821e1564434"",""environment"":""fb6513d0-42a4-4660-82b5-509c54b15f2a"",""service"":""4978aa94-666c-47c7-8024-3ada55195a51"",""deployment"":""321049af-1e5a-4184-8f77-6142b4346196"",""replica"":""076798bd-f35c-43ad-9382-ab4e1f64a4a8""}",2026-03-29T02:12:11.499164899Z
  Attempt 10/15: Checking http://localhost:3000/api/wa/health...,info,"{""level"":""info""}","{""project"":""ce3616d9-58ad-4ec7-a294-1821e1564434"",""environment"":""fb6513d0-42a4-4660-82b5-509c54b15f2a"",""service"":""4978aa94-666c-47c7-8024-3ada55195a51"",""deployment"":""321049af-1e5a-4184-8f77-6142b4346196"",""replica"":""076798bd-f35c-43ad-9382-ab4e1f64a4a8""}",2026-03-29T02:12:13.526436234Z
"  ⏳ Next.js not ready yet, waiting 2s...",info,"{""level"":""info""}","{""project"":""ce3616d9-58ad-4ec7-a294-1821e1564434"",""environment"":""fb6513d0-42a4-4660-82b5-509c54b15f2a"",""service"":""4978aa94-666c-47c7-8024-3ada55195a51"",""deployment"":""321049af-1e5a-4184-8f77-6142b4346196"",""replica"":""076798bd-f35c-43ad-9382-ab4e1f64a4a8""}",2026-03-29T02:12:13.526441081Z
  Attempt 11/15: Checking http://localhost:3000/api/wa/health...,info,"{""level"":""info""}","{""project"":""ce3616d9-58ad-4ec7-a294-1821e1564434"",""environment"":""fb6513d0-42a4-4660-82b5-509c54b15f2a"",""service"":""4978aa94-666c-47c7-8024-3ada55195a51"",""deployment"":""321049af-1e5a-4184-8f77-6142b4346196"",""replica"":""076798bd-f35c-43ad-9382-ab4e1f64a4a8""}",2026-03-29T02:12:15.545777818Z
"  ⏳ Next.js not ready yet, waiting 2s...",info,"{""level"":""info""}","{""project"":""ce3616d9-58ad-4ec7-a294-1821e1564434"",""environment"":""fb6513d0-42a4-4660-82b5-509c54b15f2a"",""service"":""4978aa94-666c-47c7-8024-3ada55195a51"",""deployment"":""321049af-1e5a-4184-8f77-6142b4346196"",""replica"":""076798bd-f35c-43ad-9382-ab4e1f64a4a8""}",2026-03-29T02:12:15.545782720Z
  Attempt 12/15: Checking http://localhost:3000/api/wa/health...,info,"{""level"":""info""}","{""project"":""ce3616d9-58ad-4ec7-a294-1821e1564434"",""environment"":""fb6513d0-42a4-4660-82b5-509c54b15f2a"",""service"":""4978aa94-666c-47c7-8024-3ada55195a51"",""deployment"":""321049af-1e5a-4184-8f77-6142b4346196"",""replica"":""076798bd-f35c-43ad-9382-ab4e1f64a4a8""}",2026-03-29T02:12:17.574884941Z
"  ⏳ Next.js not ready yet, waiting 2s...",info,"{""level"":""info""}","{""project"":""ce3616d9-58ad-4ec7-a294-1821e1564434"",""environment"":""fb6513d0-42a4-4660-82b5-509c54b15f2a"",""service"":""4978aa94-666c-47c7-8024-3ada55195a51"",""deployment"":""321049af-1e5a-4184-8f77-6142b4346196"",""replica"":""076798bd-f35c-43ad-9382-ab4e1f64a4a8""}",2026-03-29T02:12:17.574890287Z
  Attempt 13/15: Checking http://localhost:3000/api/wa/health...,info,"{""level"":""info""}","{""project"":""ce3616d9-58ad-4ec7-a294-1821e1564434"",""environment"":""fb6513d0-42a4-4660-82b5-509c54b15f2a"",""service"":""4978aa94-666c-47c7-8024-3ada55195a51"",""deployment"":""321049af-1e5a-4184-8f77-6142b4346196"",""replica"":""076798bd-f35c-43ad-9382-ab4e1f64a4a8""}",2026-03-29T02:12:19.314167260Z
"  ⏳ Next.js not ready yet, waiting 2s...",info,"{""level"":""info""}","{""project"":""ce3616d9-58ad-4ec7-a294-1821e1564434"",""environment"":""fb6513d0-42a4-4660-82b5-509c54b15f2a"",""service"":""4978aa94-666c-47c7-8024-3ada55195a51"",""deployment"":""321049af-1e5a-4184-8f77-6142b4346196"",""replica"":""076798bd-f35c-43ad-9382-ab4e1f64a4a8""}",2026-03-29T02:12:19.314172735Z
  Attempt 14/15: Checking http://localhost:3000/api/wa/health...,info,"{""level"":""info""}","{""project"":""ce3616d9-58ad-4ec7-a294-1821e1564434"",""environment"":""fb6513d0-42a4-4660-82b5-509c54b15f2a"",""service"":""4978aa94-666c-47c7-8024-3ada55195a51"",""deployment"":""321049af-1e5a-4184-8f77-6142b4346196"",""replica"":""076798bd-f35c-43ad-9382-ab4e1f64a4a8""}",2026-03-29T02:12:21.308798930Z
"  ⏳ Next.js not ready yet, waiting 2s...",info,"{""level"":""info""}","{""project"":""ce3616d9-58ad-4ec7-a294-1821e1564434"",""environment"":""fb6513d0-42a4-4660-82b5-509c54b15f2a"",""service"":""4978aa94-666c-47c7-8024-3ada55195a51"",""deployment"":""321049af-1e5a-4184-8f77-6142b4346196"",""replica"":""076798bd-f35c-43ad-9382-ab4e1f64a4a8""}",2026-03-29T02:12:21.308807943Z
  Attempt 15/15: Checking http://localhost:3000/api/wa/health...,info,"{""level"":""info""}","{""project"":""ce3616d9-58ad-4ec7-a294-1821e1564434"",""environment"":""fb6513d0-42a4-4660-82b5-509c54b15f2a"",""service"":""4978aa94-666c-47c7-8024-3ada55195a51"",""deployment"":""321049af-1e5a-4184-8f77-6142b4346196"",""replica"":""076798bd-f35c-43ad-9382-ab4e1f64a4a8""}",2026-03-29T02:12:23.314186822Z
"  ⏳ Next.js not ready yet, waiting 2s...",info,"{""level"":""info""}","{""project"":""ce3616d9-58ad-4ec7-a294-1821e1564434"",""environment"":""fb6513d0-42a4-4660-82b5-509c54b15f2a"",""service"":""4978aa94-666c-47c7-8024-3ada55195a51"",""deployment"":""321049af-1e5a-4184-8f77-6142b4346196"",""replica"":""076798bd-f35c-43ad-9382-ab4e1f64a4a8""}",2026-03-29T02:12:23.314193349Z
"  ⚠️ Next.js health check failed after 15 attempts, continuing anyway...",info,"{""level"":""info""}","{""project"":""ce3616d9-58ad-4ec7-a294-1821e1564434"",""environment"":""fb6513d0-42a4-4660-82b5-509c54b15f2a"",""service"":""4978aa94-666c-47c7-8024-3ada55195a51"",""deployment"":""321049af-1e5a-4184-8f77-6142b4346196"",""replica"":""076798bd-f35c-43ad-9382-ab4e1f64a4a8""}",2026-03-29T02:12:25.312768077Z
==========================================,info,"{""level"":""info""}","{""project"":""ce3616d9-58ad-4ec7-a294-1821e1564434"",""environment"":""fb6513d0-42a4-4660-82b5-509c54b15f2a"",""service"":""4978aa94-666c-47c7-8024-3ada55195a51"",""deployment"":""321049af-1e5a-4184-8f77-6142b4346196"",""replica"":""076798bd-f35c-43ad-9382-ab4e1f64a4a8""}",2026-03-29T02:12:25.898233223Z
Starting WhatsApp Warmer Service,info,"{""level"":""info""}","{""project"":""ce3616d9-58ad-4ec7-a294-1821e1564434"",""environment"":""fb6513d0-42a4-4660-82b5-509c54b15f2a"",""service"":""4978aa94-666c-47c7-8024-3ada55195a51"",""deployment"":""321049af-1e5a-4184-8f77-6142b4346196"",""replica"":""076798bd-f35c-43ad-9382-ab4e1f64a4a8""}",2026-03-29T02:12:25.898240597Z
Time: 2026-03-29 02:12:25 UTC,info,"{""level"":""info""}","{""project"":""ce3616d9-58ad-4ec7-a294-1821e1564434"",""environment"":""fb6513d0-42a4-4660-82b5-509c54b15f2a"",""service"":""4978aa94-666c-47c7-8024-3ada55195a51"",""deployment"":""321049af-1e5a-4184-8f77-6142b4346196"",""replica"":""076798bd-f35c-43ad-9382-ab4e1f64a4a8""}",2026-03-29T02:12:25.898246343Z
==========================================,info,"{""level"":""info""}","{""project"":""ce3616d9-58ad-4ec7-a294-1821e1564434"",""environment"":""fb6513d0-42a4-4660-82b5-509c54b15f2a"",""service"":""4978aa94-666c-47c7-8024-3ada55195a51"",""deployment"":""321049af-1e5a-4184-8f77-6142b4346196"",""replica"":""076798bd-f35c-43ad-9382-ab4e1f64a4a8""}",2026-03-29T02:12:25.898250827Z
Running Prisma migrations...,info,"{""level"":""info""}","{""project"":""ce3616d9-58ad-4ec7-a294-1821e1564434"",""environment"":""fb6513d0-42a4-4660-82b5-509c54b15f2a"",""service"":""4978aa94-666c-47c7-8024-3ada55195a51"",""deployment"":""321049af-1e5a-4184-8f77-6142b4346196"",""replica"":""076798bd-f35c-43ad-9382-ab4e1f64a4a8""}",2026-03-29T02:12:25.898256669Z
Prisma schema loaded from prisma/schema.prisma,info,"{""level"":""info""}","{""project"":""ce3616d9-58ad-4ec7-a294-1821e1564434"",""environment"":""fb6513d0-42a4-4660-82b5-509c54b15f2a"",""service"":""4978aa94-666c-47c7-8024-3ada55195a51"",""deployment"":""321049af-1e5a-4184-8f77-6142b4346196"",""replica"":""076798bd-f35c-43ad-9382-ab4e1f64a4a8""}",2026-03-29T02:12:27.044561202Z
"Datasource ""db"": SQLite database ""whatsapp.db"" at ""file:/app/data/whatsapp.db""",info,"{""level"":""info""}","{""project"":""ce3616d9-58ad-4ec7-a294-1821e1564434"",""environment"":""fb6513d0-42a4-4660-82b5-509c54b15f2a"",""service"":""4978aa94-666c-47c7-8024-3ada55195a51"",""deployment"":""321049af-1e5a-4184-8f77-6142b4346196"",""replica"":""076798bd-f35c-43ad-9382-ab4e1f64a4a8""}",2026-03-29T02:12:27.050723670Z
,info,"{""level"":""info""}","{""project"":""ce3616d9-58ad-4ec7-a294-1821e1564434"",""environment"":""fb6513d0-42a4-4660-82b5-509c54b15f2a"",""service"":""4978aa94-666c-47c7-8024-3ada55195a51"",""deployment"":""321049af-1e5a-4184-8f77-6142b4346196"",""replica"":""076798bd-f35c-43ad-9382-ab4e1f64a4a8""}",2026-03-29T02:12:27.092238424Z
The database is already in sync with the Prisma schema.,info,"{""level"":""info""}","{""project"":""ce3616d9-58ad-4ec7-a294-1821e1564434"",""environment"":""fb6513d0-42a4-4660-82b5-509c54b15f2a"",""service"":""4978aa94-666c-47c7-8024-3ada55195a51"",""deployment"":""321049af-1e5a-4184-8f77-6142b4346196"",""replica"":""076798bd-f35c-43ad-9382-ab4e1f64a4a8""}",2026-03-29T02:12:27.092244543Z
,info,"{""level"":""info""}","{""project"":""ce3616d9-58ad-4ec7-a294-1821e1564434"",""environment"":""fb6513d0-42a4-4660-82b5-509c54b15f2a"",""service"":""4978aa94-666c-47c7-8024-3ada55195a51"",""deployment"":""321049af-1e5a-4184-8f77-6142b4346196"",""replica"":""076798bd-f35c-43ad-9382-ab4e1f64a4a8""}",2026-03-29T02:12:27.092249263Z
Setting up Prisma symlinks...,info,"{""level"":""info""}","{""project"":""ce3616d9-58ad-4ec7-a294-1821e1564434"",""environment"":""fb6513d0-42a4-4660-82b5-509c54b15f2a"",""service"":""4978aa94-666c-47c7-8024-3ada55195a51"",""deployment"":""321049af-1e5a-4184-8f77-6142b4346196"",""replica"":""076798bd-f35c-43ad-9382-ab4e1f64a4a8""}",2026-03-29T02:12:27.104291363Z
Starting Next.js server...,info,"{""level"":""info""}","{""project"":""ce3616d9-58ad-4ec7-a294-1821e1564434"",""environment"":""fb6513d0-42a4-4660-82b5-509c54b15f2a"",""service"":""4978aa94-666c-47c7-8024-3ada55195a51"",""deployment"":""321049af-1e5a-4184-8f77-6142b4346196"",""replica"":""076798bd-f35c-43ad-9382-ab4e1f64a4a8""}",2026-03-29T02:12:27.110363080Z
Next.js PID: 46,info,"{""level"":""info""}","{""project"":""ce3616d9-58ad-4ec7-a294-1821e1564434"",""environment"":""fb6513d0-42a4-4660-82b5-509c54b15f2a"",""service"":""4978aa94-666c-47c7-8024-3ada55195a51"",""deployment"":""321049af-1e5a-4184-8f77-6142b4346196"",""replica"":""076798bd-f35c-43ad-9382-ab4e1f64a4a8""}",2026-03-29T02:12:27.110369614Z
Waiting for localhost:3000 to be accessible...,info,"{""level"":""info""}","{""project"":""ce3616d9-58ad-4ec7-a294-1821e1564434"",""environment"":""fb6513d0-42a4-4660-82b5-509c54b15f2a"",""service"":""4978aa94-666c-47c7-8024-3ada55195a51"",""deployment"":""321049af-1e5a-4184-8f77-6142b4346196"",""replica"":""076798bd-f35c-43ad-9382-ab4e1f64a4a8""}",2026-03-29T02:12:27.110375706Z
"  ⏳ Attempt 1/30: Port 3000 not ready, waiting 1s...",info,"{""level"":""info""}","{""project"":""ce3616d9-58ad-4ec7-a294-1821e1564434"",""environment"":""fb6513d0-42a4-4660-82b5-509c54b15f2a"",""service"":""4978aa94-666c-47c7-8024-3ada55195a51"",""deployment"":""321049af-1e5a-4184-8f77-6142b4346196"",""replica"":""076798bd-f35c-43ad-9382-ab4e1f64a4a8""}",2026-03-29T02:12:27.110385237Z
▲ Next.js 16.1.6,info,"{""level"":""info""}","{""project"":""ce3616d9-58ad-4ec7-a294-1821e1564434"",""environment"":""fb6513d0-42a4-4660-82b5-509c54b15f2a"",""service"":""4978aa94-666c-47c7-8024-3ada55195a51"",""deployment"":""321049af-1e5a-4184-8f77-6142b4346196"",""replica"":""076798bd-f35c-43ad-9382-ab4e1f64a4a8""}",2026-03-29T02:12:27.717597703Z
- Local:         http://localhost:3000,info,"{""level"":""info""}","{""project"":""ce3616d9-58ad-4ec7-a294-1821e1564434"",""environment"":""fb6513d0-42a4-4660-82b5-509c54b15f2a"",""service"":""4978aa94-666c-47c7-8024-3ada55195a51"",""deployment"":""321049af-1e5a-4184-8f77-6142b4346196"",""replica"":""076798bd-f35c-43ad-9382-ab4e1f64a4a8""}",2026-03-29T02:12:27.717604119Z
- Network:       http://0.0.0.0:3000,info,"{""level"":""info""}","{""project"":""ce3616d9-58ad-4ec7-a294-1821e1564434"",""environment"":""fb6513d0-42a4-4660-82b5-509c54b15f2a"",""service"":""4978aa94-666c-47c7-8024-3ada55195a51"",""deployment"":""321049af-1e5a-4184-8f77-6142b4346196"",""replica"":""076798bd-f35c-43ad-9382-ab4e1f64a4a8""}",2026-03-29T02:12:27.717610108Z
,info,"{""level"":""info""}","{""project"":""ce3616d9-58ad-4ec7-a294-1821e1564434"",""environment"":""fb6513d0-42a4-4660-82b5-509c54b15f2a"",""service"":""4978aa94-666c-47c7-8024-3ada55195a51"",""deployment"":""321049af-1e5a-4184-8f77-6142b4346196"",""replica"":""076798bd-f35c-43ad-9382-ab4e1f64a4a8""}",2026-03-29T02:12:27.717616011Z
✓ Starting...,info,"{""level"":""info""}","{""project"":""ce3616d9-58ad-4ec7-a294-1821e1564434"",""environment"":""fb6513d0-42a4-4660-82b5-509c54b15f2a"",""service"":""4978aa94-666c-47c7-8024-3ada55195a51"",""deployment"":""321049af-1e5a-4184-8f77-6142b4346196"",""replica"":""076798bd-f35c-43ad-9382-ab4e1f64a4a8""}",2026-03-29T02:12:27.717621643Z
✓ Ready in 102ms,info,"{""level"":""info""}","{""project"":""ce3616d9-58ad-4ec7-a294-1821e1564434"",""environment"":""fb6513d0-42a4-4660-82b5-509c54b15f2a"",""service"":""4978aa94-666c-47c7-8024-3ada55195a51"",""deployment"":""321049af-1e5a-4184-8f77-6142b4346196"",""replica"":""076798bd-f35c-43ad-9382-ab4e1f64a4a8""}",2026-03-29T02:12:27.717627030Z
  ✅ Port 3000 is open!,info,"{""level"":""info""}","{""project"":""ce3616d9-58ad-4ec7-a294-1821e1564434"",""environment"":""fb6513d0-42a4-4660-82b5-509c54b15f2a"",""service"":""4978aa94-666c-47c7-8024-3ada55195a51"",""deployment"":""321049af-1e5a-4184-8f77-6142b4346196"",""replica"":""076798bd-f35c-43ad-9382-ab4e1f64a4a8""}",2026-03-29T02:12:28.120083007Z
Waiting for Next.js routes to warm up...,info,"{""level"":""info""}","{""project"":""ce3616d9-58ad-4ec7-a294-1821e1564434"",""environment"":""fb6513d0-42a4-4660-82b5-509c54b15f2a"",""service"":""4978aa94-666c-47c7-8024-3ada55195a51"",""deployment"":""321049af-1e5a-4184-8f77-6142b4346196"",""replica"":""076798bd-f35c-43ad-9382-ab4e1f64a4a8""}",2026-03-29T02:12:28.120091028Z
Waiting for Next.js to be ready...,info,"{""level"":""info""}","{""project"":""ce3616d9-58ad-4ec7-a294-1821e1564434"",""environment"":""fb6513d0-42a4-4660-82b5-509c54b15f2a"",""service"":""4978aa94-666c-47c7-8024-3ada55195a51"",""deployment"":""321049af-1e5a-4184-8f77-6142b4346196"",""replica"":""076798bd-f35c-43ad-9382-ab4e1f64a4a8""}",2026-03-29T02:12:31.112506833Z
  Attempt 1/15: Checking http://localhost:3000/api/wa/health...,info,"{""level"":""info""}","{""project"":""ce3616d9-58ad-4ec7-a294-1821e1564434"",""environment"":""fb6513d0-42a4-4660-82b5-509c54b15f2a"",""service"":""4978aa94-666c-47c7-8024-3ada55195a51"",""deployment"":""321049af-1e5a-4184-8f77-6142b4346196"",""replica"":""076798bd-f35c-43ad-9382-ab4e1f64a4a8""}",2026-03-29T02:12:31.112510997Z
"  ⏳ Next.js not ready yet, waiting 2s...",info,"{""level"":""info""}","{""project"":""ce3616d9-58ad-4ec7-a294-1821e1564434"",""environment"":""fb6513d0-42a4-4660-82b5-509c54b15f2a"",""service"":""4978aa94-666c-47c7-8024-3ada55195a51"",""deployment"":""321049af-1e5a-4184-8f77-6142b4346196"",""replica"":""076798bd-f35c-43ad-9382-ab4e1f64a4a8""}",2026-03-29T02:12:31.112514963Z
  Attempt 2/15: Checking http://localhost:3000/api/wa/health...,info,"{""level"":""info""}","{""project"":""ce3616d9-58ad-4ec7-a294-1821e1564434"",""environment"":""fb6513d0-42a4-4660-82b5-509c54b15f2a"",""service"":""4978aa94-666c-47c7-8024-3ada55195a51"",""deployment"":""321049af-1e5a-4184-8f77-6142b4346196"",""replica"":""076798bd-f35c-43ad-9382-ab4e1f64a4a8""}",2026-03-29T02:12:33.116932010Z
"  ⏳ Next.js not ready yet, waiting 2s...",info,"{""level"":""info""}","{""project"":""ce3616d9-58ad-4ec7-a294-1821e1564434"",""environment"":""fb6513d0-42a4-4660-82b5-509c54b15f2a"",""service"":""4978aa94-666c-47c7-8024-3ada55195a51"",""deployment"":""321049af-1e5a-4184-8f77-6142b4346196"",""replica"":""076798bd-f35c-43ad-9382-ab4e1f64a4a8""}",2026-03-29T02:12:33.116938814Z
  Attempt 3/15: Checking http://localhost:3000/api/wa/health...,info,"{""level"":""info""}","{""project"":""ce3616d9-58ad-4ec7-a294-1821e1564434"",""environment"":""fb6513d0-42a4-4660-82b5-509c54b15f2a"",""service"":""4978aa94-666c-47c7-8024-3ada55195a51"",""deployment"":""321049af-1e5a-4184-8f77-6142b4346196"",""replica"":""076798bd-f35c-43ad-9382-ab4e1f64a4a8""}",2026-03-29T02:12:35.119773480Z
"  ⏳ Next.js not ready yet, waiting 2s...",info,"{""level"":""info""}","{""project"":""ce3616d9-58ad-4ec7-a294-1821e1564434"",""environment"":""fb6513d0-42a4-4660-82b5-509c54b15f2a"",""service"":""4978aa94-666c-47c7-8024-3ada55195a51"",""deployment"":""321049af-1e5a-4184-8f77-6142b4346196"",""replica"":""076798bd-f35c-43ad-9382-ab4e1f64a4a8""}",2026-03-29T02:12:35.119782916Z
  Attempt 4/15: Checking http://localhost:3000/api/wa/health...,info,"{""level"":""info""}","{""project"":""ce3616d9-58ad-4ec7-a294-1821e1564434"",""environment"":""fb6513d0-42a4-4660-82b5-509c54b15f2a"",""service"":""4978aa94-666c-47c7-8024-3ada55195a51"",""deployment"":""321049af-1e5a-4184-8f77-6142b4346196"",""replica"":""076798bd-f35c-43ad-9382-ab4e1f64a4a8""}",2026-03-29T02:12:37.113405418Z
"  ⏳ Next.js not ready yet, waiting 2s...",info,"{""level"":""info""}","{""project"":""ce3616d9-58ad-4ec7-a294-1821e1564434"",""environment"":""fb6513d0-42a4-4660-82b5-509c54b15f2a"",""service"":""4978aa94-666c-47c7-8024-3ada55195a51"",""deployment"":""321049af-1e5a-4184-8f77-6142b4346196"",""replica"":""076798bd-f35c-43ad-9382-ab4e1f64a4a8""}",2026-03-29T02:12:37.113412369Z
  Attempt 5/15: Checking http://localhost:3000/api/wa/health...,info,"{""level"":""info""}","{""project"":""ce3616d9-58ad-4ec7-a294-1821e1564434"",""environment"":""fb6513d0-42a4-4660-82b5-509c54b15f2a"",""service"":""4978aa94-666c-47c7-8024-3ada55195a51"",""deployment"":""321049af-1e5a-4184-8f77-6142b4346196"",""replica"":""076798bd-f35c-43ad-9382-ab4e1f64a4a8""}",2026-03-29T02:12:39.144913623Z
"  ⏳ Next.js not ready yet, waiting 2s...",info,"{""level"":""info""}","{""project"":""ce3616d9-58ad-4ec7-a294-1821e1564434"",""environment"":""fb6513d0-42a4-4660-82b5-509c54b15f2a"",""service"":""4978aa94-666c-47c7-8024-3ada55195a51"",""deployment"":""321049af-1e5a-4184-8f77-6142b4346196"",""replica"":""076798bd-f35c-43ad-9382-ab4e1f64a4a8""}",2026-03-29T02:12:39.144922963Z
  Attempt 6/15: Checking http://localhost:3000/api/wa/health...,info,"{""level"":""info""}","{""project"":""ce3616d9-58ad-4ec7-a294-1821e1564434"",""environment"":""fb6513d0-42a4-4660-82b5-509c54b15f2a"",""service"":""4978aa94-666c-47c7-8024-3ada55195a51"",""deployment"":""321049af-1e5a-4184-8f77-6142b4346196"",""replica"":""076798bd-f35c-43ad-9382-ab4e1f64a4a8""}",2026-03-29T02:12:41.141322420Z
"  ⏳ Next.js not ready yet, waiting 2s...",info,"{""level"":""info""}","{""project"":""ce3616d9-58ad-4ec7-a294-1821e1564434"",""environment"":""fb6513d0-42a4-4660-82b5-509c54b15f2a"",""service"":""4978aa94-666c-47c7-8024-3ada55195a51"",""deployment"":""321049af-1e5a-4184-8f77-6142b4346196"",""replica"":""076798bd-f35c-43ad-9382-ab4e1f64a4a8""}",2026-03-29T02:12:41.141328912Z
  Attempt 7/15: Checking http://localhost:3000/api/wa/health...,info,"{""level"":""info""}","{""project"":""ce3616d9-58ad-4ec7-a294-1821e1564434"",""environment"":""fb6513d0-42a4-4660-82b5-509c54b15f2a"",""service"":""4978aa94-666c-47c7-8024-3ada55195a51"",""deployment"":""321049af-1e5a-4184-8f77-6142b4346196"",""replica"":""076798bd-f35c-43ad-9382-ab4e1f64a4a8""}",2026-03-29T02:12:43.116916669Z
"  ⏳ Next.js not ready yet, waiting 2s...",info,"{""level"":""info""}","{""project"":""ce3616d9-58ad-4ec7-a294-1821e1564434"",""environment"":""fb6513d0-42a4-4660-82b5-509c54b15f2a"",""service"":""4978aa94-666c-47c7-8024-3ada55195a51"",""deployment"":""321049af-1e5a-4184-8f77-6142b4346196"",""replica"":""076798bd-f35c-43ad-9382-ab4e1f64a4a8""}",2026-03-29T02:12:43.116922445Z
  Attempt 8/15: Checking http://localhost:3000/api/wa/health...,info,"{""level"":""info""}","{""project"":""ce3616d9-58ad-4ec7-a294-1821e1564434"",""environment"":""fb6513d0-42a4-4660-82b5-509c54b15f2a"",""service"":""4978aa94-666c-47c7-8024-3ada55195a51"",""deployment"":""321049af-1e5a-4184-8f77-6142b4346196"",""replica"":""076798bd-f35c-43ad-9382-ab4e1f64a4a8""}",2026-03-29T02:12:45.251957949Z
"  ⏳ Next.js not ready yet, waiting 2s...",info,"{""level"":""info""}","{""project"":""ce3616d9-58ad-4ec7-a294-1821e1564434"",""environment"":""fb6513d0-42a4-4660-82b5-509c54b15f2a"",""service"":""4978aa94-666c-47c7-8024-3ada55195a51"",""deployment"":""321049af-1e5a-4184-8f77-6142b4346196"",""replica"":""076798bd-f35c-43ad-9382-ab4e1f64a4a8""}",2026-03-29T02:12:45.251965182Z
  Attempt 9/15: Checking http://localhost:3000/api/wa/health...,info,"{""level"":""info""}","{""project"":""ce3616d9-58ad-4ec7-a294-1821e1564434"",""environment"":""fb6513d0-42a4-4660-82b5-509c54b15f2a"",""service"":""4978aa94-666c-47c7-8024-3ada55195a51"",""deployment"":""321049af-1e5a-4184-8f77-6142b4346196"",""replica"":""076798bd-f35c-43ad-9382-ab4e1f64a4a8""}",2026-03-29T02:12:47.248183907Z
"  ⏳ Next.js not ready yet, waiting 2s...",info,"{""level"":""info""}","{""project"":""ce3616d9-58ad-4ec7-a294-1821e1564434"",""environment"":""fb6513d0-42a4-4660-82b5-509c54b15f2a"",""service"":""4978aa94-666c-47c7-8024-3ada55195a51"",""deployment"":""321049af-1e5a-4184-8f77-6142b4346196"",""replica"":""076798bd-f35c-43ad-9382-ab4e1f64a4a8""}",2026-03-29T02:12:47.248188239Z
  Attempt 10/15: Checking http://localhost:3000/api/wa/health...,info,"{""level"":""info""}","{""project"":""ce3616d9-58ad-4ec7-a294-1821e1564434"",""environment"":""fb6513d0-42a4-4660-82b5-509c54b15f2a"",""service"":""4978aa94-666c-47c7-8024-3ada55195a51"",""deployment"":""321049af-1e5a-4184-8f77-6142b4346196"",""replica"":""076798bd-f35c-43ad-9382-ab4e1f64a4a8""}",2026-03-29T02:12:49.328960097Z
"  ⏳ Next.js not ready yet, waiting 2s...",info,"{""level"":""info""}","{""project"":""ce3616d9-58ad-4ec7-a294-1821e1564434"",""environment"":""fb6513d0-42a4-4660-82b5-509c54b15f2a"",""service"":""4978aa94-666c-47c7-8024-3ada55195a51"",""deployment"":""321049af-1e5a-4184-8f77-6142b4346196"",""replica"":""076798bd-f35c-43ad-9382-ab4e1f64a4a8""}",2026-03-29T02:12:49.328965820Z
  Attempt 11/15: Checking http://localhost:3000/api/wa/health...,info,"{""level"":""info""}","{""project"":""ce3616d9-58ad-4ec7-a294-1821e1564434"",""environment"":""fb6513d0-42a4-4660-82b5-509c54b15f2a"",""service"":""4978aa94-666c-47c7-8024-3ada55195a51"",""deployment"":""321049af-1e5a-4184-8f77-6142b4346196"",""replica"":""076798bd-f35c-43ad-9382-ab4e1f64a4a8""}",2026-03-29T02:12:51.329496236Z
"  ⏳ Next.js not ready yet, waiting 2s...",info,"{""level"":""info""}","{""project"":""ce3616d9-58ad-4ec7-a294-1821e1564434"",""environment"":""fb6513d0-42a4-4660-82b5-509c54b15f2a"",""service"":""4978aa94-666c-47c7-8024-3ada55195a51"",""deployment"":""321049af-1e5a-4184-8f77-6142b4346196"",""replica"":""076798bd-f35c-43ad-9382-ab4e1f64a4a8""}",2026-03-29T02:12:51.329503291Z
  Attempt 12/15: Checking http://localhost:3000/api/wa/health...,info,"{""level"":""info""}","{""project"":""ce3616d9-58ad-4ec7-a294-1821e1564434"",""environment"":""fb6513d0-42a4-4660-82b5-509c54b15f2a"",""service"":""4978aa94-666c-47c7-8024-3ada55195a51"",""deployment"":""321049af-1e5a-4184-8f77-6142b4346196"",""replica"":""076798bd-f35c-43ad-9382-ab4e1f64a4a8""}",2026-03-29T02:12:53.122296754Z
"  ⏳ Next.js not ready yet, waiting 2s...",info,"{""level"":""info""}","{""project"":""ce3616d9-58ad-4ec7-a294-1821e1564434"",""environment"":""fb6513d0-42a4-4660-82b5-509c54b15f2a"",""service"":""4978aa94-666c-47c7-8024-3ada55195a51"",""deployment"":""321049af-1e5a-4184-8f77-6142b4346196"",""replica"":""076798bd-f35c-43ad-9382-ab4e1f64a4a8""}",2026-03-29T02:12:53.122305784Z
  Attempt 13/15: Checking http://localhost:3000/api/wa/health...,info,"{""level"":""info""}","{""project"":""ce3616d9-58ad-4ec7-a294-1821e1564434"",""environment"":""fb6513d0-42a4-4660-82b5-509c54b15f2a"",""service"":""4978aa94-666c-47c7-8024-3ada55195a51"",""deployment"":""321049af-1e5a-4184-8f77-6142b4346196"",""replica"":""076798bd-f35c-43ad-9382-ab4e1f64a4a8""}",2026-03-29T02:12:55.435659509Z
"  ⏳ Next.js not ready yet, waiting 2s...",info,"{""level"":""info""}","{""project"":""ce3616d9-58ad-4ec7-a294-1821e1564434"",""environment"":""fb6513d0-42a4-4660-82b5-509c54b15f2a"",""service"":""4978aa94-666c-47c7-8024-3ada55195a51"",""deployment"":""321049af-1e5a-4184-8f77-6142b4346196"",""replica"":""076798bd-f35c-43ad-9382-ab4e1f64a4a8""}",2026-03-29T02:12:55.435665575Z
  Attempt 14/15: Checking http://localhost:3000/api/wa/health...,info,"{""level"":""info""}","{""project"":""ce3616d9-58ad-4ec7-a294-1821e1564434"",""environment"":""fb6513d0-42a4-4660-82b5-509c54b15f2a"",""service"":""4978aa94-666c-47c7-8024-3ada55195a51"",""deployment"":""321049af-1e5a-4184-8f77-6142b4346196"",""replica"":""076798bd-f35c-43ad-9382-ab4e1f64a4a8""}",2026-03-29T02:12:57.135792599Z
"  ⏳ Next.js not ready yet, waiting 2s...",info,"{""level"":""info""}","{""project"":""ce3616d9-58ad-4ec7-a294-1821e1564434"",""environment"":""fb6513d0-42a4-4660-82b5-509c54b15f2a"",""service"":""4978aa94-666c-47c7-8024-3ada55195a51"",""deployment"":""321049af-1e5a-4184-8f77-6142b4346196"",""replica"":""076798bd-f35c-43ad-9382-ab4e1f64a4a8""}",2026-03-29T02:12:57.135797218Z
"  ⚠️ Next.js health check failed after 15 attempts, continuing anyway...",info,"{""level"":""info""}","{""project"":""ce3616d9-58ad-4ec7-a294-1821e1564434"",""environment"":""fb6513d0-42a4-4660-82b5-509c54b15f2a"",""service"":""4978aa94-666c-47c7-8024-3ada55195a51"",""deployment"":""321049af-1e5a-4184-8f77-6142b4346196"",""replica"":""076798bd-f35c-43ad-9382-ab4e1f64a4a8""}",2026-03-29T02:13:01.124413390Z
==========================================,info,"{""level"":""info""}","{""project"":""ce3616d9-58ad-4ec7-a294-1821e1564434"",""environment"":""fb6513d0-42a4-4660-82b5-509c54b15f2a"",""service"":""4978aa94-666c-47c7-8024-3ada55195a51"",""deployment"":""321049af-1e5a-4184-8f77-6142b4346196"",""replica"":""076798bd-f35c-43ad-9382-ab4e1f64a4a8""}",2026-03-29T02:13:01.738029122Z
Starting WhatsApp Warmer Service,info,"{""level"":""info""}","{""project"":""ce3616d9-58ad-4ec7-a294-1821e1564434"",""environment"":""fb6513d0-42a4-4660-82b5-509c54b15f2a"",""service"":""4978aa94-666c-47c7-8024-3ada55195a51"",""deployment"":""321049af-1e5a-4184-8f77-6142b4346196"",""replica"":""076798bd-f35c-43ad-9382-ab4e1f64a4a8""}",2026-03-29T02:13:01.738037522Z
Time: 2026-03-29 02:13:01 UTC,info,"{""level"":""info""}","{""project"":""ce3616d9-58ad-4ec7-a294-1821e1564434"",""environment"":""fb6513d0-42a4-4660-82b5-509c54b15f2a"",""service"":""4978aa94-666c-47c7-8024-3ada55195a51"",""deployment"":""321049af-1e5a-4184-8f77-6142b4346196"",""replica"":""076798bd-f35c-43ad-9382-ab4e1f64a4a8""}",2026-03-29T02:13:01.738044620Z
==========================================,info,"{""level"":""info""}","{""project"":""ce3616d9-58ad-4ec7-a294-1821e1564434"",""environment"":""fb6513d0-42a4-4660-82b5-509c54b15f2a"",""service"":""4978aa94-666c-47c7-8024-3ada55195a51"",""deployment"":""321049af-1e5a-4184-8f77-6142b4346196"",""replica"":""076798bd-f35c-43ad-9382-ab4e1f64a4a8""}",2026-03-29T02:13:01.738049552Z
Running Prisma migrations...,info,"{""level"":""info""}","{""project"":""ce3616d9-58ad-4ec7-a294-1821e1564434"",""environment"":""fb6513d0-42a4-4660-82b5-509c54b15f2a"",""service"":""4978aa94-666c-47c7-8024-3ada55195a51"",""deployment"":""321049af-1e5a-4184-8f77-6142b4346196"",""replica"":""076798bd-f35c-43ad-9382-ab4e1f64a4a8""}",2026-03-29T02:13:01.738054823Z
Prisma schema loaded from prisma/schema.prisma,info,"{""level"":""info""}","{""project"":""ce3616d9-58ad-4ec7-a294-1821e1564434"",""environment"":""fb6513d0-42a4-4660-82b5-509c54b15f2a"",""service"":""4978aa94-666c-47c7-8024-3ada55195a51"",""deployment"":""321049af-1e5a-4184-8f77-6142b4346196"",""replica"":""076798bd-f35c-43ad-9382-ab4e1f64a4a8""}",2026-03-29T02:13:02.919390171Z
"Datasource ""db"": SQLite database ""whatsapp.db"" at ""file:/app/data/whatsapp.db""",info,"{""level"":""info""}","{""project"":""ce3616d9-58ad-4ec7-a294-1821e1564434"",""environment"":""fb6513d0-42a4-4660-82b5-509c54b15f2a"",""service"":""4978aa94-666c-47c7-8024-3ada55195a51"",""deployment"":""321049af-1e5a-4184-8f77-6142b4346196"",""replica"":""076798bd-f35c-43ad-9382-ab4e1f64a4a8""}",2026-03-29T02:13:02.925585601Z
The database is already in sync with the Prisma schema.,info,"{""level"":""info""}","{""project"":""ce3616d9-58ad-4ec7-a294-1821e1564434"",""environment"":""fb6513d0-42a4-4660-82b5-509c54b15f2a"",""service"":""4978aa94-666c-47c7-8024-3ada55195a51"",""deployment"":""321049af-1e5a-4184-8f77-6142b4346196"",""replica"":""076798bd-f35c-43ad-9382-ab4e1f64a4a8""}",2026-03-29T02:13:02.968619356Z
,info,"{""level"":""info""}","{""project"":""ce3616d9-58ad-4ec7-a294-1821e1564434"",""environment"":""fb6513d0-42a4-4660-82b5-509c54b15f2a"",""service"":""4978aa94-666c-47c7-8024-3ada55195a51"",""deployment"":""321049af-1e5a-4184-8f77-6142b4346196"",""replica"":""076798bd-f35c-43ad-9382-ab4e1f64a4a8""}",2026-03-29T02:13:02.968626295Z
Setting up Prisma symlinks...,info,"{""level"":""info""}","{""project"":""ce3616d9-58ad-4ec7-a294-1821e1564434"",""environment"":""fb6513d0-42a4-4660-82b5-509c54b15f2a"",""service"":""4978aa94-666c-47c7-8024-3ada55195a51"",""deployment"":""321049af-1e5a-4184-8f77-6142b4346196"",""replica"":""076798bd-f35c-43ad-9382-ab4e1f64a4a8""}",2026-03-29T02:13:02.968634092Z
Starting Next.js server...,info,"{""level"":""info""}","{""project"":""ce3616d9-58ad-4ec7-a294-1821e1564434"",""environment"":""fb6513d0-42a4-4660-82b5-509c54b15f2a"",""service"":""4978aa94-666c-47c7-8024-3ada55195a51"",""deployment"":""321049af-1e5a-4184-8f77-6142b4346196"",""replica"":""076798bd-f35c-43ad-9382-ab4e1f64a4a8""}",2026-03-29T02:13:02.968640682Z
Next.js PID: 46,info,"{""level"":""info""}","{""project"":""ce3616d9-58ad-4ec7-a294-1821e1564434"",""environment"":""fb6513d0-42a4-4660-82b5-509c54b15f2a"",""service"":""4978aa94-666c-47c7-8024-3ada55195a51"",""deployment"":""321049af-1e5a-4184-8f77-6142b4346196"",""replica"":""076798bd-f35c-43ad-9382-ab4e1f64a4a8""}",2026-03-29T02:13:02.968646807Z
Waiting for localhost:3000 to be accessible...,info,"{""level"":""info""}","{""project"":""ce3616d9-58ad-4ec7-a294-1821e1564434"",""environment"":""fb6513d0-42a4-4660-82b5-509c54b15f2a"",""service"":""4978aa94-666c-47c7-8024-3ada55195a51"",""deployment"":""321049af-1e5a-4184-8f77-6142b4346196"",""replica"":""076798bd-f35c-43ad-9382-ab4e1f64a4a8""}",2026-03-29T02:13:02.968653050Z
- Local:         http://localhost:3000,info,"{""level"":""info""}","{""project"":""ce3616d9-58ad-4ec7-a294-1821e1564434"",""environment"":""fb6513d0-42a4-4660-82b5-509c54b15f2a"",""service"":""4978aa94-666c-47c7-8024-3ada55195a51"",""deployment"":""321049af-1e5a-4184-8f77-6142b4346196"",""replica"":""076798bd-f35c-43ad-9382-ab4e1f64a4a8""}",2026-03-29T02:13:03.504488551Z
- Network:       http://0.0.0.0:3000,info,"{""level"":""info""}","{""project"":""ce3616d9-58ad-4ec7-a294-1821e1564434"",""environment"":""fb6513d0-42a4-4660-82b5-509c54b15f2a"",""service"":""4978aa94-666c-47c7-8024-3ada55195a51"",""deployment"":""321049af-1e5a-4184-8f77-6142b4346196"",""replica"":""076798bd-f35c-43ad-9382-ab4e1f64a4a8""}",2026-03-29T02:13:03.504493974Z
,info,"{""level"":""info""}","{""project"":""ce3616d9-58ad-4ec7-a294-1821e1564434"",""environment"":""fb6513d0-42a4-4660-82b5-509c54b15f2a"",""service"":""4978aa94-666c-47c7-8024-3ada55195a51"",""deployment"":""321049af-1e5a-4184-8f77-6142b4346196"",""replica"":""076798bd-f35c-43ad-9382-ab4e1f64a4a8""}",2026-03-29T02:13:03.504499184Z
✓ Ready in 102ms,info,"{""level"":""info""}","{""project"":""ce3616d9-58ad-4ec7-a294-1821e1564434"",""environment"":""fb6513d0-42a4-4660-82b5-509c54b15f2a"",""service"":""4978aa94-666c-47c7-8024-3ada55195a51"",""deployment"":""321049af-1e5a-4184-8f77-6142b4346196"",""replica"":""076798bd-f35c-43ad-9382-ab4e1f64a4a8""}",2026-03-29T02:13:03.504518079Z