message,severity,attributes,tags,timestamp
"  hostname: 'web.whatsapp.com',",info,"{""level"":""info""}","{""project"":""ce3616d9-58ad-4ec7-a294-1821e1564434"",""environment"":""fb6513d0-42a4-4660-82b5-509c54b15f2a"",""service"":""4978aa94-666c-47c7-8024-3ada55195a51"",""deployment"":""3b1fa354-15dc-4557-a220-0df46d05cef6"",""replica"":""fe005091-cfff-4ee8-81c0-5d1c9e578ad1""}",2026-03-28T16:17:30.534516390Z
"  port: '',",info,"{""level"":""info""}","{""project"":""ce3616d9-58ad-4ec7-a294-1821e1564434"",""environment"":""fb6513d0-42a4-4660-82b5-509c54b15f2a"",""service"":""4978aa94-666c-47c7-8024-3ada55195a51"",""deployment"":""3b1fa354-15dc-4557-a220-0df46d05cef6"",""replica"":""fe005091-cfff-4ee8-81c0-5d1c9e578ad1""}",2026-03-28T16:17:30.534520537Z
"  pathname: '/ws/chat',",info,"{""level"":""info""}","{""project"":""ce3616d9-58ad-4ec7-a294-1821e1564434"",""environment"":""fb6513d0-42a4-4660-82b5-509c54b15f2a"",""service"":""4978aa94-666c-47c7-8024-3ada55195a51"",""deployment"":""3b1fa354-15dc-4557-a220-0df46d05cef6"",""replica"":""fe005091-cfff-4ee8-81c0-5d1c9e578ad1""}",2026-03-28T16:17:30.534525971Z
[SESSION] ✅ Retrieved account from map: akun,info,"{""level"":""info""}","{""project"":""ce3616d9-58ad-4ec7-a294-1821e1564434"",""environment"":""fb6513d0-42a4-4660-82b5-509c54b15f2a"",""service"":""4978aa94-666c-47c7-8024-3ada55195a51"",""deployment"":""3b1fa354-15dc-4557-a220-0df46d05cef6"",""replica"":""fe005091-cfff-4ee8-81c0-5d1c9e578ad1""}",2026-03-28T16:17:30.535106487Z
==========================================,info,"{""level"":""info""}","{""project"":""ce3616d9-58ad-4ec7-a294-1821e1564434"",""environment"":""fb6513d0-42a4-4660-82b5-509c54b15f2a"",""service"":""4978aa94-666c-47c7-8024-3ada55195a51"",""deployment"":""3b1fa354-15dc-4557-a220-0df46d05cef6"",""replica"":""fe005091-cfff-4ee8-81c0-5d1c9e578ad1""}",2026-03-28T16:17:30.535115868Z
[CONNECTION UPDATE] ✅ EVENT RECEIVED! {,info,"{""level"":""info""}","{""project"":""ce3616d9-58ad-4ec7-a294-1821e1564434"",""environment"":""fb6513d0-42a4-4660-82b5-509c54b15f2a"",""service"":""4978aa94-666c-47c7-8024-3ada55195a51"",""deployment"":""3b1fa354-15dc-4557-a220-0df46d05cef6"",""replica"":""fe005091-cfff-4ee8-81c0-5d1c9e578ad1""}",2026-03-28T16:17:30.535122312Z
"  accountId: 'akun',",info,"{""level"":""info""}","{""project"":""ce3616d9-58ad-4ec7-a294-1821e1564434"",""environment"":""fb6513d0-42a4-4660-82b5-509c54b15f2a"",""service"":""4978aa94-666c-47c7-8024-3ada55195a51"",""deployment"":""3b1fa354-15dc-4557-a220-0df46d05cef6"",""replica"":""fe005091-cfff-4ee8-81c0-5d1c9e578ad1""}",2026-03-28T16:17:30.535127850Z
"  connection: 'connecting',",info,"{""level"":""info""}","{""project"":""ce3616d9-58ad-4ec7-a294-1821e1564434"",""environment"":""fb6513d0-42a4-4660-82b5-509c54b15f2a"",""service"":""4978aa94-666c-47c7-8024-3ada55195a51"",""deployment"":""3b1fa354-15dc-4557-a220-0df46d05cef6"",""replica"":""fe005091-cfff-4ee8-81c0-5d1c9e578ad1""}",2026-03-28T16:17:30.535134492Z
"  hasQr: false,",info,"{""level"":""info""}","{""project"":""ce3616d9-58ad-4ec7-a294-1821e1564434"",""environment"":""fb6513d0-42a4-4660-82b5-509c54b15f2a"",""service"":""4978aa94-666c-47c7-8024-3ada55195a51"",""deployment"":""3b1fa354-15dc-4557-a220-0df46d05cef6"",""replica"":""fe005091-cfff-4ee8-81c0-5d1c9e578ad1""}",2026-03-28T16:17:30.535140107Z
"  qrPreview: null,",info,"{""level"":""info""}","{""project"":""ce3616d9-58ad-4ec7-a294-1821e1564434"",""environment"":""fb6513d0-42a4-4660-82b5-509c54b15f2a"",""service"":""4978aa94-666c-47c7-8024-3ada55195a51"",""deployment"":""3b1fa354-15dc-4557-a220-0df46d05cef6"",""replica"":""fe005091-cfff-4ee8-81c0-5d1c9e578ad1""}",2026-03-28T16:17:30.535144970Z
  isNewLogin: undefined,info,"{""level"":""info""}","{""project"":""ce3616d9-58ad-4ec7-a294-1821e1564434"",""environment"":""fb6513d0-42a4-4660-82b5-509c54b15f2a"",""service"":""4978aa94-666c-47c7-8024-3ada55195a51"",""deployment"":""3b1fa354-15dc-4557-a220-0df46d05cef6"",""replica"":""fe005091-cfff-4ee8-81c0-5d1c9e578ad1""}",2026-03-28T16:17:30.535150081Z
},info,"{""level"":""info""}","{""project"":""ce3616d9-58ad-4ec7-a294-1821e1564434"",""environment"":""fb6513d0-42a4-4660-82b5-509c54b15f2a"",""service"":""4978aa94-666c-47c7-8024-3ada55195a51"",""deployment"":""3b1fa354-15dc-4557-a220-0df46d05cef6"",""replica"":""fe005091-cfff-4ee8-81c0-5d1c9e578ad1""}",2026-03-28T16:17:30.535155045Z
==========================================,info,"{""level"":""info""}","{""project"":""ce3616d9-58ad-4ec7-a294-1821e1564434"",""environment"":""fb6513d0-42a4-4660-82b5-509c54b15f2a"",""service"":""4978aa94-666c-47c7-8024-3ada55195a51"",""deployment"":""3b1fa354-15dc-4557-a220-0df46d05cef6"",""replica"":""fe005091-cfff-4ee8-81c0-5d1c9e578ad1""}",2026-03-28T16:17:30.535163727Z
connected to WA,info,"{""time"":1774714650758,""pid"":92,""hostname"":""dc6d83b93d27"",""browser"":[""Mac OS"",""Chrome"",""14.4.1""],""helloMsg"":{""clientHello"":{""ephemeral"":""NBZmFqC0ZwRh/O9vM2kd/9LWDRyd27m9/DkKnJenQm8=""}},""level"":""info""}","{""project"":""ce3616d9-58ad-4ec7-a294-1821e1564434"",""environment"":""fb6513d0-42a4-4660-82b5-509c54b15f2a"",""service"":""4978aa94-666c-47c7-8024-3ada55195a51"",""deployment"":""3b1fa354-15dc-4557-a220-0df46d05cef6"",""replica"":""fe005091-cfff-4ee8-81c0-5d1c9e578ad1""}",2026-03-28T16:17:30.783371662Z
[WS NATIVE SEND] Sending for akun type: object preview: V0EGAwAAJBIiCiA0FmYWoLRnBGH8728zaR3/0tYNHJ3bub38OQqcl6dCbw==,info,"{""level"":""info""}","{""project"":""ce3616d9-58ad-4ec7-a294-1821e1564434"",""environment"":""fb6513d0-42a4-4660-82b5-509c54b15f2a"",""service"":""4978aa94-666c-47c7-8024-3ada55195a51"",""deployment"":""3b1fa354-15dc-4557-a220-0df46d05cef6"",""replica"":""fe005091-cfff-4ee8-81c0-5d1c9e578ad1""}",2026-03-28T16:17:30.783376341Z
[WS NATIVE OPEN] Native WebSocket opened for akun,info,"{""level"":""info""}","{""project"":""ce3616d9-58ad-4ec7-a294-1821e1564434"",""environment"":""fb6513d0-42a4-4660-82b5-509c54b15f2a"",""service"":""4978aa94-666c-47c7-8024-3ada55195a51"",""deployment"":""3b1fa354-15dc-4557-a220-0df46d05cef6"",""replica"":""fe005091-cfff-4ee8-81c0-5d1c9e578ad1""}",2026-03-28T16:17:30.783381112Z
[WS NATIVE MESSAGE] Received for akun binary: true len: 350 preview: AAFbGtgCCiAlIJ2Ys5g5BxEHT03NEOAE20MRLyXzOpPe0BfzQP3jIxIw1VlHSSAsvVI=...,info,"{""level"":""info""}","{""project"":""ce3616d9-58ad-4ec7-a294-1821e1564434"",""environment"":""fb6513d0-42a4-4660-82b5-509c54b15f2a"",""service"":""4978aa94-666c-47c7-8024-3ada55195a51"",""deployment"":""3b1fa354-15dc-4557-a220-0df46d05cef6"",""replica"":""fe005091-cfff-4ee8-81c0-5d1c9e578ad1""}",2026-03-28T16:17:30.972077832Z
"not logged in, attempting registration...",info,"{""time"":1774714650965,""pid"":92,""hostname"":""dc6d83b93d27"",""node"":{""passive"":false,""userAgent"":{""platform"":""WEB"",""appVersion"":{""primary"":2,""secondary"":3000,""tertiary"":1035194821},""mcc"":""000"",""mnc"":""000"",""osVersion"":""0.1"",""device"":""Desktop"",""osBuildNumber"":""0.1"",""releaseChannel"":""RELEASE"",""localeLanguageIso6391"":""en"",""localeCountryIso31661Alpha2"":""US""},""webInfo"":{""webSubPlatform"":""WEB_BROWSER""},""connectType"":""WIFI_UNKNOWN"",""connectReason"":""USER_ACTIVATED"",""devicePairingData"":{""eRegid"":""AAAAig=="",""eKeytype"":""BQ=="",""eIdent"":""sZUTgFoCtU/XCYViwXdmYKgzwq8ckgNpLEjGCTWeURw="",""eSkeyId"":""AAAB"",""eSkeyVal"":""iLXulZFBshWb7KFIljIBofOkYy04rs2ihToJWnVcDG8="",""eSkeySig"":""ptGN0LOFmUPq6phAlZgl+QINw0IYSIwmG8bz1bNHQeypv8yiMCzdT1N9PkhRdX1AIHNRygUPTu1I+2DJluMTCg=="",""buildHash"":""oslHHv+RCp4a5lmJCiiHLQ=="",""deviceProps"":""CgZNYWMgT1MYASAAKhUYgFAgATAAOAFAAUgBUAFYAWABcAE=""},""pull"":false},""level"":""info""}","{""project"":""ce3616d9-58ad-4ec7-a294-1821e1564434"",""environment"":""fb6513d0-42a4-4660-82b5-509c54b15f2a"",""service"":""4978aa94-666c-47c7-8024-3ada55195a51"",""deployment"":""3b1fa354-15dc-4557-a220-0df46d05cef6"",""replica"":""fe005091-cfff-4ee8-81c0-5d1c9e578ad1""}",2026-03-28T16:17:30.972086163Z
[WS NATIVE SEND] Sending for akun type: object preview: AAFcItkCCjDjLvhKOc6ngd0k17hTcN+pwjjUhvULSuD8TJe9qtfv4fF7caEInH3tAd0=,info,"{""level"":""info""}","{""project"":""ce3616d9-58ad-4ec7-a294-1821e1564434"",""environment"":""fb6513d0-42a4-4660-82b5-509c54b15f2a"",""service"":""4978aa94-666c-47c7-8024-3ada55195a51"",""deployment"":""3b1fa354-15dc-4557-a220-0df46d05cef6"",""replica"":""fe005091-cfff-4ee8-81c0-5d1c9e578ad1""}",2026-03-28T16:17:30.972091704Z
"  hasQr: true,",info,"{""level"":""info""}","{""project"":""ce3616d9-58ad-4ec7-a294-1821e1564434"",""environment"":""fb6513d0-42a4-4660-82b5-509c54b15f2a"",""service"":""4978aa94-666c-47c7-8024-3ada55195a51"",""deployment"":""3b1fa354-15dc-4557-a220-0df46d05cef6"",""replica"":""fe005091-cfff-4ee8-81c0-5d1c9e578ad1""}",2026-03-28T16:17:31.516739847Z
"  qrPreview: '2@g/WrvJ+DM6b5nsvGbo0G9GUliXRakzLn8N5Nt2YXc3lrCuEK...',",info,"{""level"":""info""}","{""project"":""ce3616d9-58ad-4ec7-a294-1821e1564434"",""environment"":""fb6513d0-42a4-4660-82b5-509c54b15f2a"",""service"":""4978aa94-666c-47c7-8024-3ada55195a51"",""deployment"":""3b1fa354-15dc-4557-a220-0df46d05cef6"",""replica"":""fe005091-cfff-4ee8-81c0-5d1c9e578ad1""}",2026-03-28T16:17:31.516747590Z
  isNewLogin: undefined,info,"{""level"":""info""}","{""project"":""ce3616d9-58ad-4ec7-a294-1821e1564434"",""environment"":""fb6513d0-42a4-4660-82b5-509c54b15f2a"",""service"":""4978aa94-666c-47c7-8024-3ada55195a51"",""deployment"":""3b1fa354-15dc-4557-a220-0df46d05cef6"",""replica"":""fe005091-cfff-4ee8-81c0-5d1c9e578ad1""}",2026-03-28T16:17:31.516753078Z
},info,"{""level"":""info""}","{""project"":""ce3616d9-58ad-4ec7-a294-1821e1564434"",""environment"":""fb6513d0-42a4-4660-82b5-509c54b15f2a"",""service"":""4978aa94-666c-47c7-8024-3ada55195a51"",""deployment"":""3b1fa354-15dc-4557-a220-0df46d05cef6"",""replica"":""fe005091-cfff-4ee8-81c0-5d1c9e578ad1""}",2026-03-28T16:17:31.516758869Z
==========================================,info,"{""level"":""info""}","{""project"":""ce3616d9-58ad-4ec7-a294-1821e1564434"",""environment"":""fb6513d0-42a4-4660-82b5-509c54b15f2a"",""service"":""4978aa94-666c-47c7-8024-3ada55195a51"",""deployment"":""3b1fa354-15dc-4557-a220-0df46d05cef6"",""replica"":""fe005091-cfff-4ee8-81c0-5d1c9e578ad1""}",2026-03-28T16:17:31.516763834Z
[QR] 🎯 QR code received for: akun,info,"{""level"":""info""}","{""project"":""ce3616d9-58ad-4ec7-a294-1821e1564434"",""environment"":""fb6513d0-42a4-4660-82b5-509c54b15f2a"",""service"":""4978aa94-666c-47c7-8024-3ada55195a51"",""deployment"":""3b1fa354-15dc-4557-a220-0df46d05cef6"",""replica"":""fe005091-cfff-4ee8-81c0-5d1c9e578ad1""}",2026-03-28T16:17:31.516769559Z
[QR] QR length: 237,info,"{""level"":""info""}","{""project"":""ce3616d9-58ad-4ec7-a294-1821e1564434"",""environment"":""fb6513d0-42a4-4660-82b5-509c54b15f2a"",""service"":""4978aa94-666c-47c7-8024-3ada55195a51"",""deployment"":""3b1fa354-15dc-4557-a220-0df46d05cef6"",""replica"":""fe005091-cfff-4ee8-81c0-5d1c9e578ad1""}",2026-03-28T16:17:31.516774782Z
[QR] Converting QR to data URL...,info,"{""level"":""info""}","{""project"":""ce3616d9-58ad-4ec7-a294-1821e1564434"",""environment"":""fb6513d0-42a4-4660-82b5-509c54b15f2a"",""service"":""4978aa94-666c-47c7-8024-3ada55195a51"",""deployment"":""3b1fa354-15dc-4557-a220-0df46d05cef6"",""replica"":""fe005091-cfff-4ee8-81c0-5d1c9e578ad1""}",2026-03-28T16:17:31.516780371Z
"[QR] ✅ QR converted, length: 6286",info,"{""level"":""info""}","{""project"":""ce3616d9-58ad-4ec7-a294-1821e1564434"",""environment"":""fb6513d0-42a4-4660-82b5-509c54b15f2a"",""service"":""4978aa94-666c-47c7-8024-3ada55195a51"",""deployment"":""3b1fa354-15dc-4557-a220-0df46d05cef6"",""replica"":""fe005091-cfff-4ee8-81c0-5d1c9e578ad1""}",2026-03-28T16:17:31.516785257Z
[WS NATIVE MESSAGE] Received for akun binary: true len: 698 preview: AAK3szn7j5WyzmorPYUovrz27ukbOmUsaKNSd9z+zzQ/xEZ0zZCR3/gPaBdmh+CpwJ8=...,info,"{""level"":""info""}","{""project"":""ce3616d9-58ad-4ec7-a294-1821e1564434"",""environment"":""fb6513d0-42a4-4660-82b5-509c54b15f2a"",""service"":""4978aa94-666c-47c7-8024-3ada55195a51"",""deployment"":""3b1fa354-15dc-4557-a220-0df46d05cef6"",""replica"":""fe005091-cfff-4ee8-81c0-5d1c9e578ad1""}",2026-03-28T16:17:31.516824206Z
[WS NATIVE SEND] Sending for akun type: object preview: AAAi/TmXZkDqhNkgy3VqdJRwmlFZldsm2/XHae6Waqa5TSvWJg==,info,"{""level"":""info""}","{""project"":""ce3616d9-58ad-4ec7-a294-1821e1564434"",""environment"":""fb6513d0-42a4-4660-82b5-509c54b15f2a"",""service"":""4978aa94-666c-47c7-8024-3ada55195a51"",""deployment"":""3b1fa354-15dc-4557-a220-0df46d05cef6"",""replica"":""fe005091-cfff-4ee8-81c0-5d1c9e578ad1""}",2026-03-28T16:17:31.516829709Z
==========================================,info,"{""level"":""info""}","{""project"":""ce3616d9-58ad-4ec7-a294-1821e1564434"",""environment"":""fb6513d0-42a4-4660-82b5-509c54b15f2a"",""service"":""4978aa94-666c-47c7-8024-3ada55195a51"",""deployment"":""3b1fa354-15dc-4557-a220-0df46d05cef6"",""replica"":""fe005091-cfff-4ee8-81c0-5d1c9e578ad1""}",2026-03-28T16:17:31.516836078Z
[CONNECTION UPDATE] ✅ EVENT RECEIVED! {,info,"{""level"":""info""}","{""project"":""ce3616d9-58ad-4ec7-a294-1821e1564434"",""environment"":""fb6513d0-42a4-4660-82b5-509c54b15f2a"",""service"":""4978aa94-666c-47c7-8024-3ada55195a51"",""deployment"":""3b1fa354-15dc-4557-a220-0df46d05cef6"",""replica"":""fe005091-cfff-4ee8-81c0-5d1c9e578ad1""}",2026-03-28T16:17:31.516840658Z
"  accountId: 'akun',",info,"{""level"":""info""}","{""project"":""ce3616d9-58ad-4ec7-a294-1821e1564434"",""environment"":""fb6513d0-42a4-4660-82b5-509c54b15f2a"",""service"":""4978aa94-666c-47c7-8024-3ada55195a51"",""deployment"":""3b1fa354-15dc-4557-a220-0df46d05cef6"",""replica"":""fe005091-cfff-4ee8-81c0-5d1c9e578ad1""}",2026-03-28T16:17:31.516845020Z
"  connection: undefined,",info,"{""level"":""info""}","{""project"":""ce3616d9-58ad-4ec7-a294-1821e1564434"",""environment"":""fb6513d0-42a4-4660-82b5-509c54b15f2a"",""service"":""4978aa94-666c-47c7-8024-3ada55195a51"",""deployment"":""3b1fa354-15dc-4557-a220-0df46d05cef6"",""replica"":""fe005091-cfff-4ee8-81c0-5d1c9e578ad1""}",2026-03-28T16:17:31.516849518Z
[NETWORK] HTTPS test TIMEOUT,info,"{""level"":""info""}","{""project"":""ce3616d9-58ad-4ec7-a294-1821e1564434"",""environment"":""fb6513d0-42a4-4660-82b5-509c54b15f2a"",""service"":""4978aa94-666c-47c7-8024-3ada55195a51"",""deployment"":""3b1fa354-15dc-4557-a220-0df46d05cef6"",""replica"":""fe005091-cfff-4ee8-81c0-5d1c9e578ad1""}",2026-03-28T16:17:40.573218415Z
[DB] Synced 1 accounts to database,info,"{""level"":""info""}","{""project"":""ce3616d9-58ad-4ec7-a294-1821e1564434"",""environment"":""fb6513d0-42a4-4660-82b5-509c54b15f2a"",""service"":""4978aa94-666c-47c7-8024-3ada55195a51"",""deployment"":""3b1fa354-15dc-4557-a220-0df46d05cef6"",""replica"":""fe005091-cfff-4ee8-81c0-5d1c9e578ad1""}",2026-03-28T16:18:00.353128598Z
[WS NATIVE SEND] Sending for akun type: object preview: AAAqSSGyOewzpHTBUykQZHQpsrE1yUGAR7wUwpeyU+j27IDGjEU+0B9wkmEc,info,"{""level"":""info""}","{""project"":""ce3616d9-58ad-4ec7-a294-1821e1564434"",""environment"":""fb6513d0-42a4-4660-82b5-509c54b15f2a"",""service"":""4978aa94-666c-47c7-8024-3ada55195a51"",""deployment"":""3b1fa354-15dc-4557-a220-0df46d05cef6"",""replica"":""fe005091-cfff-4ee8-81c0-5d1c9e578ad1""}",2026-03-28T16:18:00.979570458Z
[WS NATIVE MESSAGE] Received for akun binary: true len: 46 preview: AAArS4BOl/tPK1m6dsteHsZEmDKLtVnZLbbKvQOLuUnHoGqJyNlQMU6Bl89F1A==,info,"{""level"":""info""}","{""project"":""ce3616d9-58ad-4ec7-a294-1821e1564434"",""environment"":""fb6513d0-42a4-4660-82b5-509c54b15f2a"",""service"":""4978aa94-666c-47c7-8024-3ada55195a51"",""deployment"":""3b1fa354-15dc-4557-a220-0df46d05cef6"",""replica"":""fe005091-cfff-4ee8-81c0-5d1c9e578ad1""}",2026-03-28T16:18:01.171757405Z
[DB] Synced 1 accounts to database,info,"{""level"":""info""}","{""project"":""ce3616d9-58ad-4ec7-a294-1821e1564434"",""environment"":""fb6513d0-42a4-4660-82b5-509c54b15f2a"",""service"":""4978aa94-666c-47c7-8024-3ada55195a51"",""deployment"":""3b1fa354-15dc-4557-a220-0df46d05cef6"",""replica"":""fe005091-cfff-4ee8-81c0-5d1c9e578ad1""}",2026-03-28T16:18:31.224991181Z
[WS NATIVE SEND] Sending for akun type: object preview: AAAqcubhhuGC3G8Fx5O4JqVzAgDLVYOJW6D7+fRwYZW0az61IqLeesXyplyq,info,"{""level"":""info""}","{""project"":""ce3616d9-58ad-4ec7-a294-1821e1564434"",""environment"":""fb6513d0-42a4-4660-82b5-509c54b15f2a"",""service"":""4978aa94-666c-47c7-8024-3ada55195a51"",""deployment"":""3b1fa354-15dc-4557-a220-0df46d05cef6"",""replica"":""fe005091-cfff-4ee8-81c0-5d1c9e578ad1""}",2026-03-28T16:18:31.224997892Z
[WS NATIVE MESSAGE] Received for akun binary: true len: 39 preview: AAAkbzac4bCpjHjj8e1M/dMU4Mf/gdi9jKq785F85U98dgTcJ8pb,info,"{""level"":""info""}","{""project"":""ce3616d9-58ad-4ec7-a294-1821e1564434"",""environment"":""fb6513d0-42a4-4660-82b5-509c54b15f2a"",""service"":""4978aa94-666c-47c7-8024-3ada55195a51"",""deployment"":""3b1fa354-15dc-4557-a220-0df46d05cef6"",""replica"":""fe005091-cfff-4ee8-81c0-5d1c9e578ad1""}",2026-03-28T16:18:31.225013676Z
communication recv,info,"{""time"":1774714711172,""pid"":92,""hostname"":""dc6d83b93d27"",""unhandled"":true,""fromMe"":false,""frame"":{""tag"":""iq"",""attrs"":{""from"":""@s.whatsapp.net"",""type"":""get"",""t"":""1774714711"",""xmlns"":""urn:xmpp:ping""}},""level"":""info""}","{""project"":""ce3616d9-58ad-4ec7-a294-1821e1564434"",""environment"":""fb6513d0-42a4-4660-82b5-509c54b15f2a"",""service"":""4978aa94-666c-47c7-8024-3ada55195a51"",""deployment"":""3b1fa354-15dc-4557-a220-0df46d05cef6"",""replica"":""fe005091-cfff-4ee8-81c0-5d1c9e578ad1""}",2026-03-28T16:18:31.225021249Z
[WS NATIVE MESSAGE] Received for akun binary: true len: 46 preview: AAArbCvtens/xfu6e/63B++lQeDw/jXf0Y5XNnhTvuUAfBT0sWYxESWyRv38OQ==,info,"{""level"":""info""}","{""project"":""ce3616d9-58ad-4ec7-a294-1821e1564434"",""environment"":""fb6513d0-42a4-4660-82b5-509c54b15f2a"",""service"":""4978aa94-666c-47c7-8024-3ada55195a51"",""deployment"":""3b1fa354-15dc-4557-a220-0df46d05cef6"",""replica"":""fe005091-cfff-4ee8-81c0-5d1c9e578ad1""}",2026-03-28T16:18:31.225027725Z
==========================================,info,"{""level"":""info""}","{""project"":""ce3616d9-58ad-4ec7-a294-1821e1564434"",""environment"":""fb6513d0-42a4-4660-82b5-509c54b15f2a"",""service"":""4978aa94-666c-47c7-8024-3ada55195a51"",""deployment"":""3b1fa354-15dc-4557-a220-0df46d05cef6"",""replica"":""fe005091-cfff-4ee8-81c0-5d1c9e578ad1""}",2026-03-28T16:18:31.332684406Z
[CONNECTION UPDATE] ✅ EVENT RECEIVED! {,info,"{""level"":""info""}","{""project"":""ce3616d9-58ad-4ec7-a294-1821e1564434"",""environment"":""fb6513d0-42a4-4660-82b5-509c54b15f2a"",""service"":""4978aa94-666c-47c7-8024-3ada55195a51"",""deployment"":""3b1fa354-15dc-4557-a220-0df46d05cef6"",""replica"":""fe005091-cfff-4ee8-81c0-5d1c9e578ad1""}",2026-03-28T16:18:31.332695473Z
"  accountId: 'akun',",info,"{""level"":""info""}","{""project"":""ce3616d9-58ad-4ec7-a294-1821e1564434"",""environment"":""fb6513d0-42a4-4660-82b5-509c54b15f2a"",""service"":""4978aa94-666c-47c7-8024-3ada55195a51"",""deployment"":""3b1fa354-15dc-4557-a220-0df46d05cef6"",""replica"":""fe005091-cfff-4ee8-81c0-5d1c9e578ad1""}",2026-03-28T16:18:31.332703911Z
"  connection: undefined,",info,"{""level"":""info""}","{""project"":""ce3616d9-58ad-4ec7-a294-1821e1564434"",""environment"":""fb6513d0-42a4-4660-82b5-509c54b15f2a"",""service"":""4978aa94-666c-47c7-8024-3ada55195a51"",""deployment"":""3b1fa354-15dc-4557-a220-0df46d05cef6"",""replica"":""fe005091-cfff-4ee8-81c0-5d1c9e578ad1""}",2026-03-28T16:18:31.332710659Z
"  hasQr: true,",info,"{""level"":""info""}","{""project"":""ce3616d9-58ad-4ec7-a294-1821e1564434"",""environment"":""fb6513d0-42a4-4660-82b5-509c54b15f2a"",""service"":""4978aa94-666c-47c7-8024-3ada55195a51"",""deployment"":""3b1fa354-15dc-4557-a220-0df46d05cef6"",""replica"":""fe005091-cfff-4ee8-81c0-5d1c9e578ad1""}",2026-03-28T16:18:31.332718012Z
"  qrPreview: '2@e6jiWn1lI7UWnw8/cc1wrpHBYxDQ8HrAxlZuSxHKU22X3sDA...',",info,"{""level"":""info""}","{""project"":""ce3616d9-58ad-4ec7-a294-1821e1564434"",""environment"":""fb6513d0-42a4-4660-82b5-509c54b15f2a"",""service"":""4978aa94-666c-47c7-8024-3ada55195a51"",""deployment"":""3b1fa354-15dc-4557-a220-0df46d05cef6"",""replica"":""fe005091-cfff-4ee8-81c0-5d1c9e578ad1""}",2026-03-28T16:18:31.332724757Z
  isNewLogin: undefined,info,"{""level"":""info""}","{""project"":""ce3616d9-58ad-4ec7-a294-1821e1564434"",""environment"":""fb6513d0-42a4-4660-82b5-509c54b15f2a"",""service"":""4978aa94-666c-47c7-8024-3ada55195a51"",""deployment"":""3b1fa354-15dc-4557-a220-0df46d05cef6"",""replica"":""fe005091-cfff-4ee8-81c0-5d1c9e578ad1""}",2026-03-28T16:18:31.332731665Z
},info,"{""level"":""info""}","{""project"":""ce3616d9-58ad-4ec7-a294-1821e1564434"",""environment"":""fb6513d0-42a4-4660-82b5-509c54b15f2a"",""service"":""4978aa94-666c-47c7-8024-3ada55195a51"",""deployment"":""3b1fa354-15dc-4557-a220-0df46d05cef6"",""replica"":""fe005091-cfff-4ee8-81c0-5d1c9e578ad1""}",2026-03-28T16:18:31.332737693Z
==========================================,info,"{""level"":""info""}","{""project"":""ce3616d9-58ad-4ec7-a294-1821e1564434"",""environment"":""fb6513d0-42a4-4660-82b5-509c54b15f2a"",""service"":""4978aa94-666c-47c7-8024-3ada55195a51"",""deployment"":""3b1fa354-15dc-4557-a220-0df46d05cef6"",""replica"":""fe005091-cfff-4ee8-81c0-5d1c9e578ad1""}",2026-03-28T16:18:31.332744236Z
[QR] 🎯 QR code received for: akun,info,"{""level"":""info""}","{""project"":""ce3616d9-58ad-4ec7-a294-1821e1564434"",""environment"":""fb6513d0-42a4-4660-82b5-509c54b15f2a"",""service"":""4978aa94-666c-47c7-8024-3ada55195a51"",""deployment"":""3b1fa354-15dc-4557-a220-0df46d05cef6"",""replica"":""fe005091-cfff-4ee8-81c0-5d1c9e578ad1""}",2026-03-28T16:18:31.332750486Z
[QR] QR length: 237,info,"{""level"":""info""}","{""project"":""ce3616d9-58ad-4ec7-a294-1821e1564434"",""environment"":""fb6513d0-42a4-4660-82b5-509c54b15f2a"",""service"":""4978aa94-666c-47c7-8024-3ada55195a51"",""deployment"":""3b1fa354-15dc-4557-a220-0df46d05cef6"",""replica"":""fe005091-cfff-4ee8-81c0-5d1c9e578ad1""}",2026-03-28T16:18:31.332756785Z
[QR] Converting QR to data URL...,info,"{""level"":""info""}","{""project"":""ce3616d9-58ad-4ec7-a294-1821e1564434"",""environment"":""fb6513d0-42a4-4660-82b5-509c54b15f2a"",""service"":""4978aa94-666c-47c7-8024-3ada55195a51"",""deployment"":""3b1fa354-15dc-4557-a220-0df46d05cef6"",""replica"":""fe005091-cfff-4ee8-81c0-5d1c9e578ad1""}",2026-03-28T16:18:31.332763684Z
"[QR] ✅ QR converted, length: 6402",info,"{""level"":""info""}","{""project"":""ce3616d9-58ad-4ec7-a294-1821e1564434"",""environment"":""fb6513d0-42a4-4660-82b5-509c54b15f2a"",""service"":""4978aa94-666c-47c7-8024-3ada55195a51"",""deployment"":""3b1fa354-15dc-4557-a220-0df46d05cef6"",""replica"":""fe005091-cfff-4ee8-81c0-5d1c9e578ad1""}",2026-03-28T16:18:31.363332106Z
Client disconnected: D3vDnLITCodn0WWxAAAe Reason: ping timeout Transport was: polling,info,"{""level"":""info""}","{""project"":""ce3616d9-58ad-4ec7-a294-1821e1564434"",""environment"":""fb6513d0-42a4-4660-82b5-509c54b15f2a"",""service"":""4978aa94-666c-47c7-8024-3ada55195a51"",""deployment"":""3b1fa354-15dc-4557-a220-0df46d05cef6"",""replica"":""fe005091-cfff-4ee8-81c0-5d1c9e578ad1""}",2026-03-28T16:18:51.411486251Z
Client disconnected: D_Z-291W95XeMePWAAAg Reason: ping timeout Transport was: polling,info,"{""level"":""info""}","{""project"":""ce3616d9-58ad-4ec7-a294-1821e1564434"",""environment"":""fb6513d0-42a4-4660-82b5-509c54b15f2a"",""service"":""4978aa94-666c-47c7-8024-3ada55195a51"",""deployment"":""3b1fa354-15dc-4557-a220-0df46d05cef6"",""replica"":""fe005091-cfff-4ee8-81c0-5d1c9e578ad1""}",2026-03-28T16:18:51.411492369Z
==========================================,info,"{""level"":""info""}","{""project"":""ce3616d9-58ad-4ec7-a294-1821e1564434"",""environment"":""fb6513d0-42a4-4660-82b5-509c54b15f2a"",""service"":""4978aa94-666c-47c7-8024-3ada55195a51"",""deployment"":""3b1fa354-15dc-4557-a220-0df46d05cef6"",""replica"":""fe005091-cfff-4ee8-81c0-5d1c9e578ad1""}",2026-03-28T16:18:51.411497643Z
[CONNECTION UPDATE] ✅ EVENT RECEIVED! {,info,"{""level"":""info""}","{""project"":""ce3616d9-58ad-4ec7-a294-1821e1564434"",""environment"":""fb6513d0-42a4-4660-82b5-509c54b15f2a"",""service"":""4978aa94-666c-47c7-8024-3ada55195a51"",""deployment"":""3b1fa354-15dc-4557-a220-0df46d05cef6"",""replica"":""fe005091-cfff-4ee8-81c0-5d1c9e578ad1""}",2026-03-28T16:18:51.411502899Z
"  accountId: 'akun',",info,"{""level"":""info""}","{""project"":""ce3616d9-58ad-4ec7-a294-1821e1564434"",""environment"":""fb6513d0-42a4-4660-82b5-509c54b15f2a"",""service"":""4978aa94-666c-47c7-8024-3ada55195a51"",""deployment"":""3b1fa354-15dc-4557-a220-0df46d05cef6"",""replica"":""fe005091-cfff-4ee8-81c0-5d1c9e578ad1""}",2026-03-28T16:18:51.411509141Z
"  connection: undefined,",info,"{""level"":""info""}","{""project"":""ce3616d9-58ad-4ec7-a294-1821e1564434"",""environment"":""fb6513d0-42a4-4660-82b5-509c54b15f2a"",""service"":""4978aa94-666c-47c7-8024-3ada55195a51"",""deployment"":""3b1fa354-15dc-4557-a220-0df46d05cef6"",""replica"":""fe005091-cfff-4ee8-81c0-5d1c9e578ad1""}",2026-03-28T16:18:51.411517173Z
"  hasQr: true,",info,"{""level"":""info""}","{""project"":""ce3616d9-58ad-4ec7-a294-1821e1564434"",""environment"":""fb6513d0-42a4-4660-82b5-509c54b15f2a"",""service"":""4978aa94-666c-47c7-8024-3ada55195a51"",""deployment"":""3b1fa354-15dc-4557-a220-0df46d05cef6"",""replica"":""fe005091-cfff-4ee8-81c0-5d1c9e578ad1""}",2026-03-28T16:18:51.411523370Z
"  qrPreview: '2@3sQ9kkh1S61sZsXW8e8riMk+ibDyRCH+7K1hI2gc586x1mAJ...',",info,"{""level"":""info""}","{""project"":""ce3616d9-58ad-4ec7-a294-1821e1564434"",""environment"":""fb6513d0-42a4-4660-82b5-509c54b15f2a"",""service"":""4978aa94-666c-47c7-8024-3ada55195a51"",""deployment"":""3b1fa354-15dc-4557-a220-0df46d05cef6"",""replica"":""fe005091-cfff-4ee8-81c0-5d1c9e578ad1""}",2026-03-28T16:18:51.411531339Z
  isNewLogin: undefined,info,"{""level"":""info""}","{""project"":""ce3616d9-58ad-4ec7-a294-1821e1564434"",""environment"":""fb6513d0-42a4-4660-82b5-509c54b15f2a"",""service"":""4978aa94-666c-47c7-8024-3ada55195a51"",""deployment"":""3b1fa354-15dc-4557-a220-0df46d05cef6"",""replica"":""fe005091-cfff-4ee8-81c0-5d1c9e578ad1""}",2026-03-28T16:18:51.411539681Z
},info,"{""level"":""info""}","{""project"":""ce3616d9-58ad-4ec7-a294-1821e1564434"",""environment"":""fb6513d0-42a4-4660-82b5-509c54b15f2a"",""service"":""4978aa94-666c-47c7-8024-3ada55195a51"",""deployment"":""3b1fa354-15dc-4557-a220-0df46d05cef6"",""replica"":""fe005091-cfff-4ee8-81c0-5d1c9e578ad1""}",2026-03-28T16:18:51.411547435Z
==========================================,info,"{""level"":""info""}","{""project"":""ce3616d9-58ad-4ec7-a294-1821e1564434"",""environment"":""fb6513d0-42a4-4660-82b5-509c54b15f2a"",""service"":""4978aa94-666c-47c7-8024-3ada55195a51"",""deployment"":""3b1fa354-15dc-4557-a220-0df46d05cef6"",""replica"":""fe005091-cfff-4ee8-81c0-5d1c9e578ad1""}",2026-03-28T16:18:51.411554625Z
[QR] 🎯 QR code received for: akun,info,"{""level"":""info""}","{""project"":""ce3616d9-58ad-4ec7-a294-1821e1564434"",""environment"":""fb6513d0-42a4-4660-82b5-509c54b15f2a"",""service"":""4978aa94-666c-47c7-8024-3ada55195a51"",""deployment"":""3b1fa354-15dc-4557-a220-0df46d05cef6"",""replica"":""fe005091-cfff-4ee8-81c0-5d1c9e578ad1""}",2026-03-28T16:18:51.411561498Z
[QR] QR length: 237,info,"{""level"":""info""}","{""project"":""ce3616d9-58ad-4ec7-a294-1821e1564434"",""environment"":""fb6513d0-42a4-4660-82b5-509c54b15f2a"",""service"":""4978aa94-666c-47c7-8024-3ada55195a51"",""deployment"":""3b1fa354-15dc-4557-a220-0df46d05cef6"",""replica"":""fe005091-cfff-4ee8-81c0-5d1c9e578ad1""}",2026-03-28T16:18:51.411568154Z
[QR] Converting QR to data URL...,info,"{""level"":""info""}","{""project"":""ce3616d9-58ad-4ec7-a294-1821e1564434"",""environment"":""fb6513d0-42a4-4660-82b5-509c54b15f2a"",""service"":""4978aa94-666c-47c7-8024-3ada55195a51"",""deployment"":""3b1fa354-15dc-4557-a220-0df46d05cef6"",""replica"":""fe005091-cfff-4ee8-81c0-5d1c9e578ad1""}",2026-03-28T16:18:51.411575194Z
"[QR] ✅ QR converted, length: 6350",info,"{""level"":""info""}","{""project"":""ce3616d9-58ad-4ec7-a294-1821e1564434"",""environment"":""fb6513d0-42a4-4660-82b5-509c54b15f2a"",""service"":""4978aa94-666c-47c7-8024-3ada55195a51"",""deployment"":""3b1fa354-15dc-4557-a220-0df46d05cef6"",""replica"":""fe005091-cfff-4ee8-81c0-5d1c9e578ad1""}",2026-03-28T16:18:51.411582011Z
[DB] Synced 1 accounts to database,info,"{""level"":""info""}","{""project"":""ce3616d9-58ad-4ec7-a294-1821e1564434"",""environment"":""fb6513d0-42a4-4660-82b5-509c54b15f2a"",""service"":""4978aa94-666c-47c7-8024-3ada55195a51"",""deployment"":""3b1fa354-15dc-4557-a220-0df46d05cef6"",""replica"":""fe005091-cfff-4ee8-81c0-5d1c9e578ad1""}",2026-03-28T16:18:58.556071333Z
[WS NATIVE SEND] Sending for akun type: object preview: AAAq7qEgJ58/K42hRMxlGdEwhSPVaBmgymjhnnZAhKNweT97175/pFim58h8,info,"{""level"":""info""}","{""project"":""ce3616d9-58ad-4ec7-a294-1821e1564434"",""environment"":""fb6513d0-42a4-4660-82b5-509c54b15f2a"",""service"":""4978aa94-666c-47c7-8024-3ada55195a51"",""deployment"":""3b1fa354-15dc-4557-a220-0df46d05cef6"",""replica"":""fe005091-cfff-4ee8-81c0-5d1c9e578ad1""}",2026-03-28T16:19:00.972110809Z
[WS NATIVE MESSAGE] Received for akun binary: true len: 46 preview: AAArwrlK9qFLULsX0wB1/0dib8XK+icUbDPcLdx+lgvH596lw0PFoQWnGopczQ==,info,"{""level"":""info""}","{""project"":""ce3616d9-58ad-4ec7-a294-1821e1564434"",""environment"":""fb6513d0-42a4-4660-82b5-509c54b15f2a"",""service"":""4978aa94-666c-47c7-8024-3ada55195a51"",""deployment"":""3b1fa354-15dc-4557-a220-0df46d05cef6"",""replica"":""fe005091-cfff-4ee8-81c0-5d1c9e578ad1""}",2026-03-28T16:19:01.189941376Z
[QR] QR length: 237,info,"{""level"":""info""}","{""project"":""ce3616d9-58ad-4ec7-a294-1821e1564434"",""environment"":""fb6513d0-42a4-4660-82b5-509c54b15f2a"",""service"":""4978aa94-666c-47c7-8024-3ada55195a51"",""deployment"":""3b1fa354-15dc-4557-a220-0df46d05cef6"",""replica"":""fe005091-cfff-4ee8-81c0-5d1c9e578ad1""}",2026-03-28T16:19:21.195215132Z
[QR] Converting QR to data URL...,info,"{""level"":""info""}","{""project"":""ce3616d9-58ad-4ec7-a294-1821e1564434"",""environment"":""fb6513d0-42a4-4660-82b5-509c54b15f2a"",""service"":""4978aa94-666c-47c7-8024-3ada55195a51"",""deployment"":""3b1fa354-15dc-4557-a220-0df46d05cef6"",""replica"":""fe005091-cfff-4ee8-81c0-5d1c9e578ad1""}",2026-03-28T16:19:21.195224333Z
"[QR] ✅ QR converted, length: 6378",info,"{""level"":""info""}","{""project"":""ce3616d9-58ad-4ec7-a294-1821e1564434"",""environment"":""fb6513d0-42a4-4660-82b5-509c54b15f2a"",""service"":""4978aa94-666c-47c7-8024-3ada55195a51"",""deployment"":""3b1fa354-15dc-4557-a220-0df46d05cef6"",""replica"":""fe005091-cfff-4ee8-81c0-5d1c9e578ad1""}",2026-03-28T16:19:21.195234502Z
==========================================,info,"{""level"":""info""}","{""project"":""ce3616d9-58ad-4ec7-a294-1821e1564434"",""environment"":""fb6513d0-42a4-4660-82b5-509c54b15f2a"",""service"":""4978aa94-666c-47c7-8024-3ada55195a51"",""deployment"":""3b1fa354-15dc-4557-a220-0df46d05cef6"",""replica"":""fe005091-cfff-4ee8-81c0-5d1c9e578ad1""}",2026-03-28T16:19:21.195251571Z
[CONNECTION UPDATE] ✅ EVENT RECEIVED! {,info,"{""level"":""info""}","{""project"":""ce3616d9-58ad-4ec7-a294-1821e1564434"",""environment"":""fb6513d0-42a4-4660-82b5-509c54b15f2a"",""service"":""4978aa94-666c-47c7-8024-3ada55195a51"",""deployment"":""3b1fa354-15dc-4557-a220-0df46d05cef6"",""replica"":""fe005091-cfff-4ee8-81c0-5d1c9e578ad1""}",2026-03-28T16:19:21.195258417Z
"  accountId: 'akun',",info,"{""level"":""info""}","{""project"":""ce3616d9-58ad-4ec7-a294-1821e1564434"",""environment"":""fb6513d0-42a4-4660-82b5-509c54b15f2a"",""service"":""4978aa94-666c-47c7-8024-3ada55195a51"",""deployment"":""3b1fa354-15dc-4557-a220-0df46d05cef6"",""replica"":""fe005091-cfff-4ee8-81c0-5d1c9e578ad1""}",2026-03-28T16:19:21.195264130Z
"  connection: undefined,",info,"{""level"":""info""}","{""project"":""ce3616d9-58ad-4ec7-a294-1821e1564434"",""environment"":""fb6513d0-42a4-4660-82b5-509c54b15f2a"",""service"":""4978aa94-666c-47c7-8024-3ada55195a51"",""deployment"":""3b1fa354-15dc-4557-a220-0df46d05cef6"",""replica"":""fe005091-cfff-4ee8-81c0-5d1c9e578ad1""}",2026-03-28T16:19:21.195270115Z
"  hasQr: true,",info,"{""level"":""info""}","{""project"":""ce3616d9-58ad-4ec7-a294-1821e1564434"",""environment"":""fb6513d0-42a4-4660-82b5-509c54b15f2a"",""service"":""4978aa94-666c-47c7-8024-3ada55195a51"",""deployment"":""3b1fa354-15dc-4557-a220-0df46d05cef6"",""replica"":""fe005091-cfff-4ee8-81c0-5d1c9e578ad1""}",2026-03-28T16:19:21.195289248Z
"  qrPreview: '2@QrT6YaIRL7Ryxp9OjWFjbdip/96KAXal1zUI+QBBeVVLNGK2...',",info,"{""level"":""info""}","{""project"":""ce3616d9-58ad-4ec7-a294-1821e1564434"",""environment"":""fb6513d0-42a4-4660-82b5-509c54b15f2a"",""service"":""4978aa94-666c-47c7-8024-3ada55195a51"",""deployment"":""3b1fa354-15dc-4557-a220-0df46d05cef6"",""replica"":""fe005091-cfff-4ee8-81c0-5d1c9e578ad1""}",2026-03-28T16:19:21.195297737Z
  isNewLogin: undefined,info,"{""level"":""info""}","{""project"":""ce3616d9-58ad-4ec7-a294-1821e1564434"",""environment"":""fb6513d0-42a4-4660-82b5-509c54b15f2a"",""service"":""4978aa94-666c-47c7-8024-3ada55195a51"",""deployment"":""3b1fa354-15dc-4557-a220-0df46d05cef6"",""replica"":""fe005091-cfff-4ee8-81c0-5d1c9e578ad1""}",2026-03-28T16:19:21.195303962Z
},info,"{""level"":""info""}","{""project"":""ce3616d9-58ad-4ec7-a294-1821e1564434"",""environment"":""fb6513d0-42a4-4660-82b5-509c54b15f2a"",""service"":""4978aa94-666c-47c7-8024-3ada55195a51"",""deployment"":""3b1fa354-15dc-4557-a220-0df46d05cef6"",""replica"":""fe005091-cfff-4ee8-81c0-5d1c9e578ad1""}",2026-03-28T16:19:21.195310014Z
==========================================,info,"{""level"":""info""}","{""project"":""ce3616d9-58ad-4ec7-a294-1821e1564434"",""environment"":""fb6513d0-42a4-4660-82b5-509c54b15f2a"",""service"":""4978aa94-666c-47c7-8024-3ada55195a51"",""deployment"":""3b1fa354-15dc-4557-a220-0df46d05cef6"",""replica"":""fe005091-cfff-4ee8-81c0-5d1c9e578ad1""}",2026-03-28T16:19:21.195316020Z
[QR] 🎯 QR code received for: akun,info,"{""level"":""info""}","{""project"":""ce3616d9-58ad-4ec7-a294-1821e1564434"",""environment"":""fb6513d0-42a4-4660-82b5-509c54b15f2a"",""service"":""4978aa94-666c-47c7-8024-3ada55195a51"",""deployment"":""3b1fa354-15dc-4557-a220-0df46d05cef6"",""replica"":""fe005091-cfff-4ee8-81c0-5d1c9e578ad1""}",2026-03-28T16:19:21.195322371Z
[DB] Synced 1 accounts to database,info,"{""level"":""info""}","{""project"":""ce3616d9-58ad-4ec7-a294-1821e1564434"",""environment"":""fb6513d0-42a4-4660-82b5-509c54b15f2a"",""service"":""4978aa94-666c-47c7-8024-3ada55195a51"",""deployment"":""3b1fa354-15dc-4557-a220-0df46d05cef6"",""replica"":""fe005091-cfff-4ee8-81c0-5d1c9e578ad1""}",2026-03-28T16:19:28.289576637Z
[WS NATIVE SEND] Sending for akun type: object preview: AAAqSkHf07ycCRT8heGgiatd+sTTgOVmQaIlcQoMAszOdEyjmPX4cUirN4zY,info,"{""level"":""info""}","{""project"":""ce3616d9-58ad-4ec7-a294-1821e1564434"",""environment"":""fb6513d0-42a4-4660-82b5-509c54b15f2a"",""service"":""4978aa94-666c-47c7-8024-3ada55195a51"",""deployment"":""3b1fa354-15dc-4557-a220-0df46d05cef6"",""replica"":""fe005091-cfff-4ee8-81c0-5d1c9e578ad1""}",2026-03-28T16:19:30.979565306Z
[WS NATIVE MESSAGE] Received for akun binary: true len: 46 preview: AAArhd3PDzNAghBjib0zSB3cUO0lU/MAO8KznHOfYPnjlWcN0kETXmjmyzGhLA==,info,"{""level"":""info""}","{""project"":""ce3616d9-58ad-4ec7-a294-1821e1564434"",""environment"":""fb6513d0-42a4-4660-82b5-509c54b15f2a"",""service"":""4978aa94-666c-47c7-8024-3ada55195a51"",""deployment"":""3b1fa354-15dc-4557-a220-0df46d05cef6"",""replica"":""fe005091-cfff-4ee8-81c0-5d1c9e578ad1""}",2026-03-28T16:19:31.194627603Z
==========================================,info,"{""level"":""info""}","{""project"":""ce3616d9-58ad-4ec7-a294-1821e1564434"",""environment"":""fb6513d0-42a4-4660-82b5-509c54b15f2a"",""service"":""4978aa94-666c-47c7-8024-3ada55195a51"",""deployment"":""3b1fa354-15dc-4557-a220-0df46d05cef6"",""replica"":""fe005091-cfff-4ee8-81c0-5d1c9e578ad1""}",2026-03-28T16:19:31.407735675Z
[CONNECTION UPDATE] ✅ EVENT RECEIVED! {,info,"{""level"":""info""}","{""project"":""ce3616d9-58ad-4ec7-a294-1821e1564434"",""environment"":""fb6513d0-42a4-4660-82b5-509c54b15f2a"",""service"":""4978aa94-666c-47c7-8024-3ada55195a51"",""deployment"":""3b1fa354-15dc-4557-a220-0df46d05cef6"",""replica"":""fe005091-cfff-4ee8-81c0-5d1c9e578ad1""}",2026-03-28T16:19:31.407745542Z
"  accountId: 'akun',",info,"{""level"":""info""}","{""project"":""ce3616d9-58ad-4ec7-a294-1821e1564434"",""environment"":""fb6513d0-42a4-4660-82b5-509c54b15f2a"",""service"":""4978aa94-666c-47c7-8024-3ada55195a51"",""deployment"":""3b1fa354-15dc-4557-a220-0df46d05cef6"",""replica"":""fe005091-cfff-4ee8-81c0-5d1c9e578ad1""}",2026-03-28T16:19:31.407751952Z
"  connection: undefined,",info,"{""level"":""info""}","{""project"":""ce3616d9-58ad-4ec7-a294-1821e1564434"",""environment"":""fb6513d0-42a4-4660-82b5-509c54b15f2a"",""service"":""4978aa94-666c-47c7-8024-3ada55195a51"",""deployment"":""3b1fa354-15dc-4557-a220-0df46d05cef6"",""replica"":""fe005091-cfff-4ee8-81c0-5d1c9e578ad1""}",2026-03-28T16:19:31.407757929Z
"  hasQr: true,",info,"{""level"":""info""}","{""project"":""ce3616d9-58ad-4ec7-a294-1821e1564434"",""environment"":""fb6513d0-42a4-4660-82b5-509c54b15f2a"",""service"":""4978aa94-666c-47c7-8024-3ada55195a51"",""deployment"":""3b1fa354-15dc-4557-a220-0df46d05cef6"",""replica"":""fe005091-cfff-4ee8-81c0-5d1c9e578ad1""}",2026-03-28T16:19:31.407764072Z
"  qrPreview: '2@eFPVbFJ2dO/An2kksZp9jDN1A3bLBnWgTs6QnkGqO1TAtnDv...',",info,"{""level"":""info""}","{""project"":""ce3616d9-58ad-4ec7-a294-1821e1564434"",""environment"":""fb6513d0-42a4-4660-82b5-509c54b15f2a"",""service"":""4978aa94-666c-47c7-8024-3ada55195a51"",""deployment"":""3b1fa354-15dc-4557-a220-0df46d05cef6"",""replica"":""fe005091-cfff-4ee8-81c0-5d1c9e578ad1""}",2026-03-28T16:19:31.407771165Z
  isNewLogin: undefined,info,"{""level"":""info""}","{""project"":""ce3616d9-58ad-4ec7-a294-1821e1564434"",""environment"":""fb6513d0-42a4-4660-82b5-509c54b15f2a"",""service"":""4978aa94-666c-47c7-8024-3ada55195a51"",""deployment"":""3b1fa354-15dc-4557-a220-0df46d05cef6"",""replica"":""fe005091-cfff-4ee8-81c0-5d1c9e578ad1""}",2026-03-28T16:19:31.407777811Z
},info,"{""level"":""info""}","{""project"":""ce3616d9-58ad-4ec7-a294-1821e1564434"",""environment"":""fb6513d0-42a4-4660-82b5-509c54b15f2a"",""service"":""4978aa94-666c-47c7-8024-3ada55195a51"",""deployment"":""3b1fa354-15dc-4557-a220-0df46d05cef6"",""replica"":""fe005091-cfff-4ee8-81c0-5d1c9e578ad1""}",2026-03-28T16:19:31.407783365Z
==========================================,info,"{""level"":""info""}","{""project"":""ce3616d9-58ad-4ec7-a294-1821e1564434"",""environment"":""fb6513d0-42a4-4660-82b5-509c54b15f2a"",""service"":""4978aa94-666c-47c7-8024-3ada55195a51"",""deployment"":""3b1fa354-15dc-4557-a220-0df46d05cef6"",""replica"":""fe005091-cfff-4ee8-81c0-5d1c9e578ad1""}",2026-03-28T16:19:31.407788805Z
[QR] 🎯 QR code received for: akun,info,"{""level"":""info""}","{""project"":""ce3616d9-58ad-4ec7-a294-1821e1564434"",""environment"":""fb6513d0-42a4-4660-82b5-509c54b15f2a"",""service"":""4978aa94-666c-47c7-8024-3ada55195a51"",""deployment"":""3b1fa354-15dc-4557-a220-0df46d05cef6"",""replica"":""fe005091-cfff-4ee8-81c0-5d1c9e578ad1""}",2026-03-28T16:19:31.407793480Z
[QR] QR length: 237,info,"{""level"":""info""}","{""project"":""ce3616d9-58ad-4ec7-a294-1821e1564434"",""environment"":""fb6513d0-42a4-4660-82b5-509c54b15f2a"",""service"":""4978aa94-666c-47c7-8024-3ada55195a51"",""deployment"":""3b1fa354-15dc-4557-a220-0df46d05cef6"",""replica"":""fe005091-cfff-4ee8-81c0-5d1c9e578ad1""}",2026-03-28T16:19:31.407798309Z
[QR] Converting QR to data URL...,info,"{""level"":""info""}","{""project"":""ce3616d9-58ad-4ec7-a294-1821e1564434"",""environment"":""fb6513d0-42a4-4660-82b5-509c54b15f2a"",""service"":""4978aa94-666c-47c7-8024-3ada55195a51"",""deployment"":""3b1fa354-15dc-4557-a220-0df46d05cef6"",""replica"":""fe005091-cfff-4ee8-81c0-5d1c9e578ad1""}",2026-03-28T16:19:31.407803102Z
"[QR] ✅ QR converted, length: 6270",info,"{""level"":""info""}","{""project"":""ce3616d9-58ad-4ec7-a294-1821e1564434"",""environment"":""fb6513d0-42a4-4660-82b5-509c54b15f2a"",""service"":""4978aa94-666c-47c7-8024-3ada55195a51"",""deployment"":""3b1fa354-15dc-4557-a220-0df46d05cef6"",""replica"":""fe005091-cfff-4ee8-81c0-5d1c9e578ad1""}",2026-03-28T16:19:31.407807582Z
==========================================,info,"{""level"":""info""}","{""project"":""ce3616d9-58ad-4ec7-a294-1821e1564434"",""environment"":""fb6513d0-42a4-4660-82b5-509c54b15f2a"",""service"":""4978aa94-666c-47c7-8024-3ada55195a51"",""deployment"":""3b1fa354-15dc-4557-a220-0df46d05cef6"",""replica"":""fe005091-cfff-4ee8-81c0-5d1c9e578ad1""}",2026-03-28T16:19:51.442127332Z
[CONNECTION UPDATE] ✅ EVENT RECEIVED! {,info,"{""level"":""info""}","{""project"":""ce3616d9-58ad-4ec7-a294-1821e1564434"",""environment"":""fb6513d0-42a4-4660-82b5-509c54b15f2a"",""service"":""4978aa94-666c-47c7-8024-3ada55195a51"",""deployment"":""3b1fa354-15dc-4557-a220-0df46d05cef6"",""replica"":""fe005091-cfff-4ee8-81c0-5d1c9e578ad1""}",2026-03-28T16:19:51.442137859Z
"  accountId: 'akun',",info,"{""level"":""info""}","{""project"":""ce3616d9-58ad-4ec7-a294-1821e1564434"",""environment"":""fb6513d0-42a4-4660-82b5-509c54b15f2a"",""service"":""4978aa94-666c-47c7-8024-3ada55195a51"",""deployment"":""3b1fa354-15dc-4557-a220-0df46d05cef6"",""replica"":""fe005091-cfff-4ee8-81c0-5d1c9e578ad1""}",2026-03-28T16:19:51.442144861Z
"  connection: undefined,",info,"{""level"":""info""}","{""project"":""ce3616d9-58ad-4ec7-a294-1821e1564434"",""environment"":""fb6513d0-42a4-4660-82b5-509c54b15f2a"",""service"":""4978aa94-666c-47c7-8024-3ada55195a51"",""deployment"":""3b1fa354-15dc-4557-a220-0df46d05cef6"",""replica"":""fe005091-cfff-4ee8-81c0-5d1c9e578ad1""}",2026-03-28T16:19:51.442151527Z
"  hasQr: true,",info,"{""level"":""info""}","{""project"":""ce3616d9-58ad-4ec7-a294-1821e1564434"",""environment"":""fb6513d0-42a4-4660-82b5-509c54b15f2a"",""service"":""4978aa94-666c-47c7-8024-3ada55195a51"",""deployment"":""3b1fa354-15dc-4557-a220-0df46d05cef6"",""replica"":""fe005091-cfff-4ee8-81c0-5d1c9e578ad1""}",2026-03-28T16:19:51.442158146Z
"  qrPreview: '2@E6Ol/r4aK4gwj6XOAPuHdDwKLsYfzjl4qD2c2T6XneRWGJyH...',",info,"{""level"":""info""}","{""project"":""ce3616d9-58ad-4ec7-a294-1821e1564434"",""environment"":""fb6513d0-42a4-4660-82b5-509c54b15f2a"",""service"":""4978aa94-666c-47c7-8024-3ada55195a51"",""deployment"":""3b1fa354-15dc-4557-a220-0df46d05cef6"",""replica"":""fe005091-cfff-4ee8-81c0-5d1c9e578ad1""}",2026-03-28T16:19:51.442164801Z
  isNewLogin: undefined,info,"{""level"":""info""}","{""project"":""ce3616d9-58ad-4ec7-a294-1821e1564434"",""environment"":""fb6513d0-42a4-4660-82b5-509c54b15f2a"",""service"":""4978aa94-666c-47c7-8024-3ada55195a51"",""deployment"":""3b1fa354-15dc-4557-a220-0df46d05cef6"",""replica"":""fe005091-cfff-4ee8-81c0-5d1c9e578ad1""}",2026-03-28T16:19:51.442171548Z
},info,"{""level"":""info""}","{""project"":""ce3616d9-58ad-4ec7-a294-1821e1564434"",""environment"":""fb6513d0-42a4-4660-82b5-509c54b15f2a"",""service"":""4978aa94-666c-47c7-8024-3ada55195a51"",""deployment"":""3b1fa354-15dc-4557-a220-0df46d05cef6"",""replica"":""fe005091-cfff-4ee8-81c0-5d1c9e578ad1""}",2026-03-28T16:19:51.442180995Z
==========================================,info,"{""level"":""info""}","{""project"":""ce3616d9-58ad-4ec7-a294-1821e1564434"",""environment"":""fb6513d0-42a4-4660-82b5-509c54b15f2a"",""service"":""4978aa94-666c-47c7-8024-3ada55195a51"",""deployment"":""3b1fa354-15dc-4557-a220-0df46d05cef6"",""replica"":""fe005091-cfff-4ee8-81c0-5d1c9e578ad1""}",2026-03-28T16:19:51.442188236Z
[QR] 🎯 QR code received for: akun,info,"{""level"":""info""}","{""project"":""ce3616d9-58ad-4ec7-a294-1821e1564434"",""environment"":""fb6513d0-42a4-4660-82b5-509c54b15f2a"",""service"":""4978aa94-666c-47c7-8024-3ada55195a51"",""deployment"":""3b1fa354-15dc-4557-a220-0df46d05cef6"",""replica"":""fe005091-cfff-4ee8-81c0-5d1c9e578ad1""}",2026-03-28T16:19:51.442194619Z
[QR] QR length: 237,info,"{""level"":""info""}","{""project"":""ce3616d9-58ad-4ec7-a294-1821e1564434"",""environment"":""fb6513d0-42a4-4660-82b5-509c54b15f2a"",""service"":""4978aa94-666c-47c7-8024-3ada55195a51"",""deployment"":""3b1fa354-15dc-4557-a220-0df46d05cef6"",""replica"":""fe005091-cfff-4ee8-81c0-5d1c9e578ad1""}",2026-03-28T16:19:51.442201195Z
[QR] Converting QR to data URL...,info,"{""level"":""info""}","{""project"":""ce3616d9-58ad-4ec7-a294-1821e1564434"",""environment"":""fb6513d0-42a4-4660-82b5-509c54b15f2a"",""service"":""4978aa94-666c-47c7-8024-3ada55195a51"",""deployment"":""3b1fa354-15dc-4557-a220-0df46d05cef6"",""replica"":""fe005091-cfff-4ee8-81c0-5d1c9e578ad1""}",2026-03-28T16:19:51.442215778Z
"[QR] ✅ QR converted, length: 6386",info,"{""level"":""info""}","{""project"":""ce3616d9-58ad-4ec7-a294-1821e1564434"",""environment"":""fb6513d0-42a4-4660-82b5-509c54b15f2a"",""service"":""4978aa94-666c-47c7-8024-3ada55195a51"",""deployment"":""3b1fa354-15dc-4557-a220-0df46d05cef6"",""replica"":""fe005091-cfff-4ee8-81c0-5d1c9e578ad1""}",2026-03-28T16:19:51.442222809Z
[DB] Synced 1 accounts to database,info,"{""level"":""info""}","{""project"":""ce3616d9-58ad-4ec7-a294-1821e1564434"",""environment"":""fb6513d0-42a4-4660-82b5-509c54b15f2a"",""service"":""4978aa94-666c-47c7-8024-3ada55195a51"",""deployment"":""3b1fa354-15dc-4557-a220-0df46d05cef6"",""replica"":""fe005091-cfff-4ee8-81c0-5d1c9e578ad1""}",2026-03-28T16:19:58.341666036Z
[WS NATIVE SEND] Sending for akun type: object preview: AAAqbpNBAtiatc8jy/oYWbKGphc+le+yQGZuRHH1tY6mB/G2ea5VPdNMucv3,info,"{""level"":""info""}","{""project"":""ce3616d9-58ad-4ec7-a294-1821e1564434"",""environment"":""fb6513d0-42a4-4660-82b5-509c54b15f2a"",""service"":""4978aa94-666c-47c7-8024-3ada55195a51"",""deployment"":""3b1fa354-15dc-4557-a220-0df46d05cef6"",""replica"":""fe005091-cfff-4ee8-81c0-5d1c9e578ad1""}",2026-03-28T16:20:00.989764433Z
[WS NATIVE MESSAGE] Received for akun binary: true len: 39 preview: AAAkA55htVOY0TFe1Mxm7JRqZf5kjfAStrxJFrujWF/MxHV6n8CI,info,"{""level"":""info""}","{""project"":""ce3616d9-58ad-4ec7-a294-1821e1564434"",""environment"":""fb6513d0-42a4-4660-82b5-509c54b15f2a"",""service"":""4978aa94-666c-47c7-8024-3ada55195a51"",""deployment"":""3b1fa354-15dc-4557-a220-0df46d05cef6"",""replica"":""fe005091-cfff-4ee8-81c0-5d1c9e578ad1""}",2026-03-28T16:20:01.354560870Z
communication recv,info,"{""time"":1774714801175,""pid"":92,""hostname"":""dc6d83b93d27"",""unhandled"":true,""fromMe"":false,""frame"":{""tag"":""iq"",""attrs"":{""from"":""@s.whatsapp.net"",""type"":""get"",""t"":""1774714801"",""xmlns"":""urn:xmpp:ping""}},""level"":""info""}","{""project"":""ce3616d9-58ad-4ec7-a294-1821e1564434"",""environment"":""fb6513d0-42a4-4660-82b5-509c54b15f2a"",""service"":""4978aa94-666c-47c7-8024-3ada55195a51"",""deployment"":""3b1fa354-15dc-4557-a220-0df46d05cef6"",""replica"":""fe005091-cfff-4ee8-81c0-5d1c9e578ad1""}",2026-03-28T16:20:01.354564892Z
[WS NATIVE MESSAGE] Received for akun binary: true len: 46 preview: AAArq+bJvoeEinLYcQk/A/YbAHZ7C7oqvj6azbCm0dh/y0uIO3LvM99Vwf8Qcw==,info,"{""level"":""info""}","{""project"":""ce3616d9-58ad-4ec7-a294-1821e1564434"",""environment"":""fb6513d0-42a4-4660-82b5-509c54b15f2a"",""service"":""4978aa94-666c-47c7-8024-3ada55195a51"",""deployment"":""3b1fa354-15dc-4557-a220-0df46d05cef6"",""replica"":""fe005091-cfff-4ee8-81c0-5d1c9e578ad1""}",2026-03-28T16:20:01.354569166Z
connection errored,info,"{""time"":1774714811431,""pid"":92,""hostname"":""dc6d83b93d27"",""trace"":""Error: QR refs attempts ended\n    at Timeout.genPairQR (/app/mini-services/whatsapp-service/node_modules/@whiskeysockets/baileys/src/Socket/socket.ts:594:9)\n    at listOnTimeout (node:internal/timers:585:17)\n    at process.processTimers (node:internal/timers:521:7)"",""level"":""info""}","{""project"":""ce3616d9-58ad-4ec7-a294-1821e1564434"",""environment"":""fb6513d0-42a4-4660-82b5-509c54b15f2a"",""service"":""4978aa94-666c-47c7-8024-3ada55195a51"",""deployment"":""3b1fa354-15dc-4557-a220-0df46d05cef6"",""replica"":""fe005091-cfff-4ee8-81c0-5d1c9e578ad1""}",2026-03-28T16:20:21.122810556Z
==========================================,info,"{""level"":""info""}","{""project"":""ce3616d9-58ad-4ec7-a294-1821e1564434"",""environment"":""fb6513d0-42a4-4660-82b5-509c54b15f2a"",""service"":""4978aa94-666c-47c7-8024-3ada55195a51"",""deployment"":""3b1fa354-15dc-4557-a220-0df46d05cef6"",""replica"":""fe005091-cfff-4ee8-81c0-5d1c9e578ad1""}",2026-03-28T16:20:21.122818206Z
[CONNECTION UPDATE] ✅ EVENT RECEIVED! {,info,"{""level"":""info""}","{""project"":""ce3616d9-58ad-4ec7-a294-1821e1564434"",""environment"":""fb6513d0-42a4-4660-82b5-509c54b15f2a"",""service"":""4978aa94-666c-47c7-8024-3ada55195a51"",""deployment"":""3b1fa354-15dc-4557-a220-0df46d05cef6"",""replica"":""fe005091-cfff-4ee8-81c0-5d1c9e578ad1""}",2026-03-28T16:20:21.122824817Z
"  accountId: 'akun',",info,"{""level"":""info""}","{""project"":""ce3616d9-58ad-4ec7-a294-1821e1564434"",""environment"":""fb6513d0-42a4-4660-82b5-509c54b15f2a"",""service"":""4978aa94-666c-47c7-8024-3ada55195a51"",""deployment"":""3b1fa354-15dc-4557-a220-0df46d05cef6"",""replica"":""fe005091-cfff-4ee8-81c0-5d1c9e578ad1""}",2026-03-28T16:20:21.122830888Z
"  connection: 'close',",info,"{""level"":""info""}","{""project"":""ce3616d9-58ad-4ec7-a294-1821e1564434"",""environment"":""fb6513d0-42a4-4660-82b5-509c54b15f2a"",""service"":""4978aa94-666c-47c7-8024-3ada55195a51"",""deployment"":""3b1fa354-15dc-4557-a220-0df46d05cef6"",""replica"":""fe005091-cfff-4ee8-81c0-5d1c9e578ad1""}",2026-03-28T16:20:21.122838366Z
"  hasQr: false,",info,"{""level"":""info""}","{""project"":""ce3616d9-58ad-4ec7-a294-1821e1564434"",""environment"":""fb6513d0-42a4-4660-82b5-509c54b15f2a"",""service"":""4978aa94-666c-47c7-8024-3ada55195a51"",""deployment"":""3b1fa354-15dc-4557-a220-0df46d05cef6"",""replica"":""fe005091-cfff-4ee8-81c0-5d1c9e578ad1""}",2026-03-28T16:20:21.122844666Z
"  qrPreview: null,",info,"{""level"":""info""}","{""project"":""ce3616d9-58ad-4ec7-a294-1821e1564434"",""environment"":""fb6513d0-42a4-4660-82b5-509c54b15f2a"",""service"":""4978aa94-666c-47c7-8024-3ada55195a51"",""deployment"":""3b1fa354-15dc-4557-a220-0df46d05cef6"",""replica"":""fe005091-cfff-4ee8-81c0-5d1c9e578ad1""}",2026-03-28T16:20:21.122850568Z
  isNewLogin: undefined,info,"{""level"":""info""}","{""project"":""ce3616d9-58ad-4ec7-a294-1821e1564434"",""environment"":""fb6513d0-42a4-4660-82b5-509c54b15f2a"",""service"":""4978aa94-666c-47c7-8024-3ada55195a51"",""deployment"":""3b1fa354-15dc-4557-a220-0df46d05cef6"",""replica"":""fe005091-cfff-4ee8-81c0-5d1c9e578ad1""}",2026-03-28T16:20:21.122856733Z
},info,"{""level"":""info""}","{""project"":""ce3616d9-58ad-4ec7-a294-1821e1564434"",""environment"":""fb6513d0-42a4-4660-82b5-509c54b15f2a"",""service"":""4978aa94-666c-47c7-8024-3ada55195a51"",""deployment"":""3b1fa354-15dc-4557-a220-0df46d05cef6"",""replica"":""fe005091-cfff-4ee8-81c0-5d1c9e578ad1""}",2026-03-28T16:20:21.122862951Z
==========================================,info,"{""level"":""info""}","{""project"":""ce3616d9-58ad-4ec7-a294-1821e1564434"",""environment"":""fb6513d0-42a4-4660-82b5-509c54b15f2a"",""service"":""4978aa94-666c-47c7-8024-3ada55195a51"",""deployment"":""3b1fa354-15dc-4557-a220-0df46d05cef6"",""replica"":""fe005091-cfff-4ee8-81c0-5d1c9e578ad1""}",2026-03-28T16:20:21.122882499Z
[CONNECTION] ❌ Disconnected: akun code: 408 error: QR refs attempts ended,info,"{""level"":""info""}","{""project"":""ce3616d9-58ad-4ec7-a294-1821e1564434"",""environment"":""fb6513d0-42a4-4660-82b5-509c54b15f2a"",""service"":""4978aa94-666c-47c7-8024-3ada55195a51"",""deployment"":""3b1fa354-15dc-4557-a220-0df46d05cef6"",""replica"":""fe005091-cfff-4ee8-81c0-5d1c9e578ad1""}",2026-03-28T16:20:21.122889556Z
[WS NATIVE MESSAGE] Received for akun binary: true len: 4 preview: iAID8w==,info,"{""level"":""info""}","{""project"":""ce3616d9-58ad-4ec7-a294-1821e1564434"",""environment"":""fb6513d0-42a4-4660-82b5-509c54b15f2a"",""service"":""4978aa94-666c-47c7-8024-3ada55195a51"",""deployment"":""3b1fa354-15dc-4557-a220-0df46d05cef6"",""replica"":""fe005091-cfff-4ee8-81c0-5d1c9e578ad1""}",2026-03-28T16:20:21.122896024Z
[WS NATIVE CLOSE] Native WebSocket closed for akun code: 1006 reason: ,info,"{""level"":""info""}","{""project"":""ce3616d9-58ad-4ec7-a294-1821e1564434"",""environment"":""fb6513d0-42a4-4660-82b5-509c54b15f2a"",""service"":""4978aa94-666c-47c7-8024-3ada55195a51"",""deployment"":""3b1fa354-15dc-4557-a220-0df46d05cef6"",""replica"":""fe005091-cfff-4ee8-81c0-5d1c9e578ad1""}",2026-03-28T16:20:21.122902358Z
[DB] Synced 1 accounts to database,info,"{""level"":""info""}","{""project"":""ce3616d9-58ad-4ec7-a294-1821e1564434"",""environment"":""fb6513d0-42a4-4660-82b5-509c54b15f2a"",""service"":""4978aa94-666c-47c7-8024-3ada55195a51"",""deployment"":""3b1fa354-15dc-4557-a220-0df46d05cef6"",""replica"":""fe005091-cfff-4ee8-81c0-5d1c9e578ad1""}",2026-03-28T16:20:28.556417269Z
[DB] Synced 1 accounts to database,info,"{""level"":""info""}","{""project"":""ce3616d9-58ad-4ec7-a294-1821e1564434"",""environment"":""fb6513d0-42a4-4660-82b5-509c54b15f2a"",""service"":""4978aa94-666c-47c7-8024-3ada55195a51"",""deployment"":""3b1fa354-15dc-4557-a220-0df46d05cef6"",""replica"":""fe005091-cfff-4ee8-81c0-5d1c9e578ad1""}",2026-03-28T16:20:58.329044479Z
[DB] Synced 1 accounts to database,info,"{""level"":""info""}","{""project"":""ce3616d9-58ad-4ec7-a294-1821e1564434"",""environment"":""fb6513d0-42a4-4660-82b5-509c54b15f2a"",""service"":""4978aa94-666c-47c7-8024-3ada55195a51"",""deployment"":""3b1fa354-15dc-4557-a220-0df46d05cef6"",""replica"":""fe005091-cfff-4ee8-81c0-5d1c9e578ad1""}",2026-03-28T16:21:28.325112680Z
[DB] Synced 1 accounts to database,info,"{""level"":""info""}","{""project"":""ce3616d9-58ad-4ec7-a294-1821e1564434"",""environment"":""fb6513d0-42a4-4660-82b5-509c54b15f2a"",""service"":""4978aa94-666c-47c7-8024-3ada55195a51"",""deployment"":""3b1fa354-15dc-4557-a220-0df46d05cef6"",""replica"":""fe005091-cfff-4ee8-81c0-5d1c9e578ad1""}",2026-03-28T16:22:08.090129915Z
[DB] Synced 1 accounts to database,info,"{""level"":""info""}","{""project"":""ce3616d9-58ad-4ec7-a294-1821e1564434"",""environment"":""fb6513d0-42a4-4660-82b5-509c54b15f2a"",""service"":""4978aa94-666c-47c7-8024-3ada55195a51"",""deployment"":""3b1fa354-15dc-4557-a220-0df46d05cef6"",""replica"":""fe005091-cfff-4ee8-81c0-5d1c9e578ad1""}",2026-03-28T16:22:38.100273400Z
[DB] Synced 1 accounts to database,info,"{""level"":""info""}","{""project"":""ce3616d9-58ad-4ec7-a294-1821e1564434"",""environment"":""fb6513d0-42a4-4660-82b5-509c54b15f2a"",""service"":""4978aa94-666c-47c7-8024-3ada55195a51"",""deployment"":""3b1fa354-15dc-4557-a220-0df46d05cef6"",""replica"":""fe005091-cfff-4ee8-81c0-5d1c9e578ad1""}",2026-03-28T16:23:08.307613881Z
[DB] Synced 1 accounts to database,info,"{""level"":""info""}","{""project"":""ce3616d9-58ad-4ec7-a294-1821e1564434"",""environment"":""fb6513d0-42a4-4660-82b5-509c54b15f2a"",""service"":""4978aa94-666c-47c7-8024-3ada55195a51"",""deployment"":""3b1fa354-15dc-4557-a220-0df46d05cef6"",""replica"":""fe005091-cfff-4ee8-81c0-5d1c9e578ad1""}",2026-03-28T16:23:38.134295982Z
[DB] Synced 1 accounts to database,info,"{""level"":""info""}","{""project"":""ce3616d9-58ad-4ec7-a294-1821e1564434"",""environment"":""fb6513d0-42a4-4660-82b5-509c54b15f2a"",""service"":""4978aa94-666c-47c7-8024-3ada55195a51"",""deployment"":""3b1fa354-15dc-4557-a220-0df46d05cef6"",""replica"":""fe005091-cfff-4ee8-81c0-5d1c9e578ad1""}",2026-03-28T16:24:08.142615781Z
[DB] Synced 1 accounts to database,info,"{""level"":""info""}","{""project"":""ce3616d9-58ad-4ec7-a294-1821e1564434"",""environment"":""fb6513d0-42a4-4660-82b5-509c54b15f2a"",""service"":""4978aa94-666c-47c7-8024-3ada55195a51"",""deployment"":""3b1fa354-15dc-4557-a220-0df46d05cef6"",""replica"":""fe005091-cfff-4ee8-81c0-5d1c9e578ad1""}",2026-03-28T16:24:37.938692392Z
[DB] Synced 1 accounts to database,info,"{""level"":""info""}","{""project"":""ce3616d9-58ad-4ec7-a294-1821e1564434"",""environment"":""fb6513d0-42a4-4660-82b5-509c54b15f2a"",""service"":""4978aa94-666c-47c7-8024-3ada55195a51"",""deployment"":""3b1fa354-15dc-4557-a220-0df46d05cef6"",""replica"":""fe005091-cfff-4ee8-81c0-5d1c9e578ad1""}",2026-03-28T16:25:07.931852620Z
[DB] Synced 1 accounts to database,info,"{""level"":""info""}","{""project"":""ce3616d9-58ad-4ec7-a294-1821e1564434"",""environment"":""fb6513d0-42a4-4660-82b5-509c54b15f2a"",""service"":""4978aa94-666c-47c7-8024-3ada55195a51"",""deployment"":""3b1fa354-15dc-4557-a220-0df46d05cef6"",""replica"":""fe005091-cfff-4ee8-81c0-5d1c9e578ad1""}",2026-03-28T16:25:38.182741403Z
[DB] Synced 1 accounts to database,info,"{""level"":""info""}","{""project"":""ce3616d9-58ad-4ec7-a294-1821e1564434"",""environment"":""fb6513d0-42a4-4660-82b5-509c54b15f2a"",""service"":""4978aa94-666c-47c7-8024-3ada55195a51"",""deployment"":""3b1fa354-15dc-4557-a220-0df46d05cef6"",""replica"":""fe005091-cfff-4ee8-81c0-5d1c9e578ad1""}",2026-03-28T16:26:07.991454071Z
[DB] Synced 1 accounts to database,info,"{""level"":""info""}","{""project"":""ce3616d9-58ad-4ec7-a294-1821e1564434"",""environment"":""fb6513d0-42a4-4660-82b5-509c54b15f2a"",""service"":""4978aa94-666c-47c7-8024-3ada55195a51"",""deployment"":""3b1fa354-15dc-4557-a220-0df46d05cef6"",""replica"":""fe005091-cfff-4ee8-81c0-5d1c9e578ad1""}",2026-03-28T16:26:37.969907718Z
[DB] Synced 1 accounts to database,info,"{""level"":""info""}","{""project"":""ce3616d9-58ad-4ec7-a294-1821e1564434"",""environment"":""fb6513d0-42a4-4660-82b5-509c54b15f2a"",""service"":""4978aa94-666c-47c7-8024-3ada55195a51"",""deployment"":""3b1fa354-15dc-4557-a220-0df46d05cef6"",""replica"":""fe005091-cfff-4ee8-81c0-5d1c9e578ad1""}",2026-03-28T16:27:07.982790313Z
[DB] Synced 1 accounts to database,info,"{""level"":""info""}","{""project"":""ce3616d9-58ad-4ec7-a294-1821e1564434"",""environment"":""fb6513d0-42a4-4660-82b5-509c54b15f2a"",""service"":""4978aa94-666c-47c7-8024-3ada55195a51"",""deployment"":""3b1fa354-15dc-4557-a220-0df46d05cef6"",""replica"":""fe005091-cfff-4ee8-81c0-5d1c9e578ad1""}",2026-03-28T16:27:37.742297453Z
[DB] Synced 1 accounts to database,info,"{""level"":""info""}","{""project"":""ce3616d9-58ad-4ec7-a294-1821e1564434"",""environment"":""fb6513d0-42a4-4660-82b5-509c54b15f2a"",""service"":""4978aa94-666c-47c7-8024-3ada55195a51"",""deployment"":""3b1fa354-15dc-4557-a220-0df46d05cef6"",""replica"":""fe005091-cfff-4ee8-81c0-5d1c9e578ad1""}",2026-03-28T16:28:07.737795193Z
[DB] Synced 1 accounts to database,info,"{""level"":""info""}","{""project"":""ce3616d9-58ad-4ec7-a294-1821e1564434"",""environment"":""fb6513d0-42a4-4660-82b5-509c54b15f2a"",""service"":""4978aa94-666c-47c7-8024-3ada55195a51"",""deployment"":""3b1fa354-15dc-4557-a220-0df46d05cef6"",""replica"":""fe005091-cfff-4ee8-81c0-5d1c9e578ad1""}",2026-03-28T16:28:37.826810121Z
[DB] Synced 1 accounts to database,info,"{""level"":""info""}","{""project"":""ce3616d9-58ad-4ec7-a294-1821e1564434"",""environment"":""fb6513d0-42a4-4660-82b5-509c54b15f2a"",""service"":""4978aa94-666c-47c7-8024-3ada55195a51"",""deployment"":""3b1fa354-15dc-4557-a220-0df46d05cef6"",""replica"":""fe005091-cfff-4ee8-81c0-5d1c9e578ad1""}",2026-03-28T16:29:07.700165153Z
[DB] Synced 1 accounts to database,info,"{""level"":""info""}","{""project"":""ce3616d9-58ad-4ec7-a294-1821e1564434"",""environment"":""fb6513d0-42a4-4660-82b5-509c54b15f2a"",""service"":""4978aa94-666c-47c7-8024-3ada55195a51"",""deployment"":""3b1fa354-15dc-4557-a220-0df46d05cef6"",""replica"":""fe005091-cfff-4ee8-81c0-5d1c9e578ad1""}",2026-03-28T16:29:37.701270851Z
[DB] Synced 1 accounts to database,info,"{""level"":""info""}","{""project"":""ce3616d9-58ad-4ec7-a294-1821e1564434"",""environment"":""fb6513d0-42a4-4660-82b5-509c54b15f2a"",""service"":""4978aa94-666c-47c7-8024-3ada55195a51"",""deployment"":""3b1fa354-15dc-4557-a220-0df46d05cef6"",""replica"":""fe005091-cfff-4ee8-81c0-5d1c9e578ad1""}",2026-03-28T16:30:07.733318498Z
[DB] Synced 1 accounts to database,info,"{""level"":""info""}","{""project"":""ce3616d9-58ad-4ec7-a294-1821e1564434"",""environment"":""fb6513d0-42a4-4660-82b5-509c54b15f2a"",""service"":""4978aa94-666c-47c7-8024-3ada55195a51"",""deployment"":""3b1fa354-15dc-4557-a220-0df46d05cef6"",""replica"":""fe005091-cfff-4ee8-81c0-5d1c9e578ad1""}",2026-03-28T16:30:37.915009352Z
[DB] Synced 1 accounts to database,info,"{""level"":""info""}","{""project"":""ce3616d9-58ad-4ec7-a294-1821e1564434"",""environment"":""fb6513d0-42a4-4660-82b5-509c54b15f2a"",""service"":""4978aa94-666c-47c7-8024-3ada55195a51"",""deployment"":""3b1fa354-15dc-4557-a220-0df46d05cef6"",""replica"":""fe005091-cfff-4ee8-81c0-5d1c9e578ad1""}",2026-03-28T16:31:07.741744367Z
[DB] Synced 1 accounts to database,info,"{""level"":""info""}","{""project"":""ce3616d9-58ad-4ec7-a294-1821e1564434"",""environment"":""fb6513d0-42a4-4660-82b5-509c54b15f2a"",""service"":""4978aa94-666c-47c7-8024-3ada55195a51"",""deployment"":""3b1fa354-15dc-4557-a220-0df46d05cef6"",""replica"":""fe005091-cfff-4ee8-81c0-5d1c9e578ad1""}",2026-03-28T16:31:37.730192207Z
[DB] Synced 1 accounts to database,info,"{""level"":""info""}","{""project"":""ce3616d9-58ad-4ec7-a294-1821e1564434"",""environment"":""fb6513d0-42a4-4660-82b5-509c54b15f2a"",""service"":""4978aa94-666c-47c7-8024-3ada55195a51"",""deployment"":""3b1fa354-15dc-4557-a220-0df46d05cef6"",""replica"":""fe005091-cfff-4ee8-81c0-5d1c9e578ad1""}",2026-03-28T16:32:07.457512947Z
[DB] Synced 1 accounts to database,info,"{""level"":""info""}","{""project"":""ce3616d9-58ad-4ec7-a294-1821e1564434"",""environment"":""fb6513d0-42a4-4660-82b5-509c54b15f2a"",""service"":""4978aa94-666c-47c7-8024-3ada55195a51"",""deployment"":""3b1fa354-15dc-4557-a220-0df46d05cef6"",""replica"":""fe005091-cfff-4ee8-81c0-5d1c9e578ad1""}",2026-03-28T16:32:37.466260600Z
[DB] Synced 1 accounts to database,info,"{""level"":""info""}","{""project"":""ce3616d9-58ad-4ec7-a294-1821e1564434"",""environment"":""fb6513d0-42a4-4660-82b5-509c54b15f2a"",""service"":""4978aa94-666c-47c7-8024-3ada55195a51"",""deployment"":""3b1fa354-15dc-4557-a220-0df46d05cef6"",""replica"":""fe005091-cfff-4ee8-81c0-5d1c9e578ad1""}",2026-03-28T16:33:07.478481014Z
[DB] Synced 1 accounts to database,info,"{""level"":""info""}","{""project"":""ce3616d9-58ad-4ec7-a294-1821e1564434"",""environment"":""fb6513d0-42a4-4660-82b5-509c54b15f2a"",""service"":""4978aa94-666c-47c7-8024-3ada55195a51"",""deployment"":""3b1fa354-15dc-4557-a220-0df46d05cef6"",""replica"":""fe005091-cfff-4ee8-81c0-5d1c9e578ad1""}",2026-03-28T16:33:37.257702543Z
[DB] Synced 1 accounts to database,info,"{""level"":""info""}","{""project"":""ce3616d9-58ad-4ec7-a294-1821e1564434"",""environment"":""fb6513d0-42a4-4660-82b5-509c54b15f2a"",""service"":""4978aa94-666c-47c7-8024-3ada55195a51"",""deployment"":""3b1fa354-15dc-4557-a220-0df46d05cef6"",""replica"":""fe005091-cfff-4ee8-81c0-5d1c9e578ad1""}",2026-03-28T16:34:07.331232251Z
[DB] Synced 1 accounts to database,info,"{""level"":""info""}","{""project"":""ce3616d9-58ad-4ec7-a294-1821e1564434"",""environment"":""fb6513d0-42a4-4660-82b5-509c54b15f2a"",""service"":""4978aa94-666c-47c7-8024-3ada55195a51"",""deployment"":""3b1fa354-15dc-4557-a220-0df46d05cef6"",""replica"":""fe005091-cfff-4ee8-81c0-5d1c9e578ad1""}",2026-03-28T16:34:37.355460153Z
[DB] Synced 1 accounts to database,info,"{""level"":""info""}","{""project"":""ce3616d9-58ad-4ec7-a294-1821e1564434"",""environment"":""fb6513d0-42a4-4660-82b5-509c54b15f2a"",""service"":""4978aa94-666c-47c7-8024-3ada55195a51"",""deployment"":""3b1fa354-15dc-4557-a220-0df46d05cef6"",""replica"":""fe005091-cfff-4ee8-81c0-5d1c9e578ad1""}",2026-03-28T16:35:07.543562782Z
[DB] Synced 1 accounts to database,info,"{""level"":""info""}","{""project"":""ce3616d9-58ad-4ec7-a294-1821e1564434"",""environment"":""fb6513d0-42a4-4660-82b5-509c54b15f2a"",""service"":""4978aa94-666c-47c7-8024-3ada55195a51"",""deployment"":""3b1fa354-15dc-4557-a220-0df46d05cef6"",""replica"":""fe005091-cfff-4ee8-81c0-5d1c9e578ad1""}",2026-03-28T16:35:37.300979971Z
[DB] Synced 1 accounts to database,info,"{""level"":""info""}","{""project"":""ce3616d9-58ad-4ec7-a294-1821e1564434"",""environment"":""fb6513d0-42a4-4660-82b5-509c54b15f2a"",""service"":""4978aa94-666c-47c7-8024-3ada55195a51"",""deployment"":""3b1fa354-15dc-4557-a220-0df46d05cef6"",""replica"":""fe005091-cfff-4ee8-81c0-5d1c9e578ad1""}",2026-03-28T16:36:07.300722239Z
[DB] Synced 1 accounts to database,info,"{""level"":""info""}","{""project"":""ce3616d9-58ad-4ec7-a294-1821e1564434"",""environment"":""fb6513d0-42a4-4660-82b5-509c54b15f2a"",""service"":""4978aa94-666c-47c7-8024-3ada55195a51"",""deployment"":""3b1fa354-15dc-4557-a220-0df46d05cef6"",""replica"":""fe005091-cfff-4ee8-81c0-5d1c9e578ad1""}",2026-03-28T16:36:37.141018055Z
[DB] Synced 1 accounts to database,info,"{""level"":""info""}","{""project"":""ce3616d9-58ad-4ec7-a294-1821e1564434"",""environment"":""fb6513d0-42a4-4660-82b5-509c54b15f2a"",""service"":""4978aa94-666c-47c7-8024-3ada55195a51"",""deployment"":""3b1fa354-15dc-4557-a220-0df46d05cef6"",""replica"":""fe005091-cfff-4ee8-81c0-5d1c9e578ad1""}",2026-03-28T16:37:07.191751964Z
[DB] Synced 1 accounts to database,info,"{""level"":""info""}","{""project"":""ce3616d9-58ad-4ec7-a294-1821e1564434"",""environment"":""fb6513d0-42a4-4660-82b5-509c54b15f2a"",""service"":""4978aa94-666c-47c7-8024-3ada55195a51"",""deployment"":""3b1fa354-15dc-4557-a220-0df46d05cef6"",""replica"":""fe005091-cfff-4ee8-81c0-5d1c9e578ad1""}",2026-03-28T16:37:36.992761443Z
[DB] Synced 1 accounts to database,info,"{""level"":""info""}","{""project"":""ce3616d9-58ad-4ec7-a294-1821e1564434"",""environment"":""fb6513d0-42a4-4660-82b5-509c54b15f2a"",""service"":""4978aa94-666c-47c7-8024-3ada55195a51"",""deployment"":""3b1fa354-15dc-4557-a220-0df46d05cef6"",""replica"":""fe005091-cfff-4ee8-81c0-5d1c9e578ad1""}",2026-03-28T16:38:06.976554831Z
[DB] Synced 1 accounts to database,info,"{""level"":""info""}","{""project"":""ce3616d9-58ad-4ec7-a294-1821e1564434"",""environment"":""fb6513d0-42a4-4660-82b5-509c54b15f2a"",""service"":""4978aa94-666c-47c7-8024-3ada55195a51"",""deployment"":""3b1fa354-15dc-4557-a220-0df46d05cef6"",""replica"":""fe005091-cfff-4ee8-81c0-5d1c9e578ad1""}",2026-03-28T16:38:36.799199491Z
[DB] Synced 1 accounts to database,info,"{""level"":""info""}","{""project"":""ce3616d9-58ad-4ec7-a294-1821e1564434"",""environment"":""fb6513d0-42a4-4660-82b5-509c54b15f2a"",""service"":""4978aa94-666c-47c7-8024-3ada55195a51"",""deployment"":""3b1fa354-15dc-4557-a220-0df46d05cef6"",""replica"":""fe005091-cfff-4ee8-81c0-5d1c9e578ad1""}",2026-03-28T16:39:06.743602446Z
[DB] Synced 1 accounts to database,info,"{""level"":""info""}","{""project"":""ce3616d9-58ad-4ec7-a294-1821e1564434"",""environment"":""fb6513d0-42a4-4660-82b5-509c54b15f2a"",""service"":""4978aa94-666c-47c7-8024-3ada55195a51"",""deployment"":""3b1fa354-15dc-4557-a220-0df46d05cef6"",""replica"":""fe005091-cfff-4ee8-81c0-5d1c9e578ad1""}",2026-03-28T16:39:36.556568260Z
[DB] Synced 1 accounts to database,info,"{""level"":""info""}","{""project"":""ce3616d9-58ad-4ec7-a294-1821e1564434"",""environment"":""fb6513d0-42a4-4660-82b5-509c54b15f2a"",""service"":""4978aa94-666c-47c7-8024-3ada55195a51"",""deployment"":""3b1fa354-15dc-4557-a220-0df46d05cef6"",""replica"":""fe005091-cfff-4ee8-81c0-5d1c9e578ad1""}",2026-03-28T16:40:06.564511943Z
[DB] Synced 1 accounts to database,info,"{""level"":""info""}","{""project"":""ce3616d9-58ad-4ec7-a294-1821e1564434"",""environment"":""fb6513d0-42a4-4660-82b5-509c54b15f2a"",""service"":""4978aa94-666c-47c7-8024-3ada55195a51"",""deployment"":""3b1fa354-15dc-4557-a220-0df46d05cef6"",""replica"":""fe005091-cfff-4ee8-81c0-5d1c9e578ad1""}",2026-03-28T16:40:36.638698777Z
[DB] Synced 1 accounts to database,info,"{""level"":""info""}","{""project"":""ce3616d9-58ad-4ec7-a294-1821e1564434"",""environment"":""fb6513d0-42a4-4660-82b5-509c54b15f2a"",""service"":""4978aa94-666c-47c7-8024-3ada55195a51"",""deployment"":""3b1fa354-15dc-4557-a220-0df46d05cef6"",""replica"":""fe005091-cfff-4ee8-81c0-5d1c9e578ad1""}",2026-03-28T16:41:06.471296404Z
[DB] Synced 1 accounts to database,info,"{""level"":""info""}","{""project"":""ce3616d9-58ad-4ec7-a294-1821e1564434"",""environment"":""fb6513d0-42a4-4660-82b5-509c54b15f2a"",""service"":""4978aa94-666c-47c7-8024-3ada55195a51"",""deployment"":""3b1fa354-15dc-4557-a220-0df46d05cef6"",""replica"":""fe005091-cfff-4ee8-81c0-5d1c9e578ad1""}",2026-03-28T16:41:36.475640401Z
[DB] Synced 1 accounts to database,info,"{""level"":""info""}","{""project"":""ce3616d9-58ad-4ec7-a294-1821e1564434"",""environment"":""fb6513d0-42a4-4660-82b5-509c54b15f2a"",""service"":""4978aa94-666c-47c7-8024-3ada55195a51"",""deployment"":""3b1fa354-15dc-4557-a220-0df46d05cef6"",""replica"":""fe005091-cfff-4ee8-81c0-5d1c9e578ad1""}",2026-03-28T16:42:06.264636241Z
[DB] Synced 1 accounts to database,info,"{""level"":""info""}","{""project"":""ce3616d9-58ad-4ec7-a294-1821e1564434"",""environment"":""fb6513d0-42a4-4660-82b5-509c54b15f2a"",""service"":""4978aa94-666c-47c7-8024-3ada55195a51"",""deployment"":""3b1fa354-15dc-4557-a220-0df46d05cef6"",""replica"":""fe005091-cfff-4ee8-81c0-5d1c9e578ad1""}",2026-03-28T16:42:36.181258997Z
[DB] Synced 1 accounts to database,info,"{""level"":""info""}","{""project"":""ce3616d9-58ad-4ec7-a294-1821e1564434"",""environment"":""fb6513d0-42a4-4660-82b5-509c54b15f2a"",""service"":""4978aa94-666c-47c7-8024-3ada55195a51"",""deployment"":""3b1fa354-15dc-4557-a220-0df46d05cef6"",""replica"":""fe005091-cfff-4ee8-81c0-5d1c9e578ad1""}",2026-03-28T16:43:06.029581645Z
[DB] Synced 1 accounts to database,info,"{""level"":""info""}","{""project"":""ce3616d9-58ad-4ec7-a294-1821e1564434"",""environment"":""fb6513d0-42a4-4660-82b5-509c54b15f2a"",""service"":""4978aa94-666c-47c7-8024-3ada55195a51"",""deployment"":""3b1fa354-15dc-4557-a220-0df46d05cef6"",""replica"":""fe005091-cfff-4ee8-81c0-5d1c9e578ad1""}",2026-03-28T16:43:36.047152958Z
[DB] Synced 1 accounts to database,info,"{""level"":""info""}","{""project"":""ce3616d9-58ad-4ec7-a294-1821e1564434"",""environment"":""fb6513d0-42a4-4660-82b5-509c54b15f2a"",""service"":""4978aa94-666c-47c7-8024-3ada55195a51"",""deployment"":""3b1fa354-15dc-4557-a220-0df46d05cef6"",""replica"":""fe005091-cfff-4ee8-81c0-5d1c9e578ad1""}",2026-03-28T16:44:06.345960426Z
[DB] Synced 1 accounts to database,info,"{""level"":""info""}","{""project"":""ce3616d9-58ad-4ec7-a294-1821e1564434"",""environment"":""fb6513d0-42a4-4660-82b5-509c54b15f2a"",""service"":""4978aa94-666c-47c7-8024-3ada55195a51"",""deployment"":""3b1fa354-15dc-4557-a220-0df46d05cef6"",""replica"":""fe005091-cfff-4ee8-81c0-5d1c9e578ad1""}",2026-03-28T16:44:36.224414263Z
[DB] Synced 1 accounts to database,info,"{""level"":""info""}","{""project"":""ce3616d9-58ad-4ec7-a294-1821e1564434"",""environment"":""fb6513d0-42a4-4660-82b5-509c54b15f2a"",""service"":""4978aa94-666c-47c7-8024-3ada55195a51"",""deployment"":""3b1fa354-15dc-4557-a220-0df46d05cef6"",""replica"":""fe005091-cfff-4ee8-81c0-5d1c9e578ad1""}",2026-03-28T16:45:06.227966640Z
[DB] Synced 1 accounts to database,info,"{""level"":""info""}","{""project"":""ce3616d9-58ad-4ec7-a294-1821e1564434"",""environment"":""fb6513d0-42a4-4660-82b5-509c54b15f2a"",""service"":""4978aa94-666c-47c7-8024-3ada55195a51"",""deployment"":""3b1fa354-15dc-4557-a220-0df46d05cef6"",""replica"":""fe005091-cfff-4ee8-81c0-5d1c9e578ad1""}",2026-03-28T16:45:36.347904529Z
[DB] Synced 1 accounts to database,info,"{""level"":""info""}","{""project"":""ce3616d9-58ad-4ec7-a294-1821e1564434"",""environment"":""fb6513d0-42a4-4660-82b5-509c54b15f2a"",""service"":""4978aa94-666c-47c7-8024-3ada55195a51"",""deployment"":""3b1fa354-15dc-4557-a220-0df46d05cef6"",""replica"":""fe005091-cfff-4ee8-81c0-5d1c9e578ad1""}",2026-03-28T16:46:06.261122307Z
[DB] Synced 1 accounts to database,info,"{""level"":""info""}","{""project"":""ce3616d9-58ad-4ec7-a294-1821e1564434"",""environment"":""fb6513d0-42a4-4660-82b5-509c54b15f2a"",""service"":""4978aa94-666c-47c7-8024-3ada55195a51"",""deployment"":""3b1fa354-15dc-4557-a220-0df46d05cef6"",""replica"":""fe005091-cfff-4ee8-81c0-5d1c9e578ad1""}",2026-03-28T16:46:36.267682253Z
[DB] Synced 1 accounts to database,info,"{""level"":""info""}","{""project"":""ce3616d9-58ad-4ec7-a294-1821e1564434"",""environment"":""fb6513d0-42a4-4660-82b5-509c54b15f2a"",""service"":""4978aa94-666c-47c7-8024-3ada55195a51"",""deployment"":""3b1fa354-15dc-4557-a220-0df46d05cef6"",""replica"":""fe005091-cfff-4ee8-81c0-5d1c9e578ad1""}",2026-03-28T16:47:06.372845660Z
[DB] Synced 1 accounts to database,info,"{""level"":""info""}","{""project"":""ce3616d9-58ad-4ec7-a294-1821e1564434"",""environment"":""fb6513d0-42a4-4660-82b5-509c54b15f2a"",""service"":""4978aa94-666c-47c7-8024-3ada55195a51"",""deployment"":""3b1fa354-15dc-4557-a220-0df46d05cef6"",""replica"":""fe005091-cfff-4ee8-81c0-5d1c9e578ad1""}",2026-03-28T16:47:36.255111536Z
[DB] Synced 1 accounts to database,info,"{""level"":""info""}","{""project"":""ce3616d9-58ad-4ec7-a294-1821e1564434"",""environment"":""fb6513d0-42a4-4660-82b5-509c54b15f2a"",""service"":""4978aa94-666c-47c7-8024-3ada55195a51"",""deployment"":""3b1fa354-15dc-4557-a220-0df46d05cef6"",""replica"":""fe005091-cfff-4ee8-81c0-5d1c9e578ad1""}",2026-03-28T16:48:06.257081270Z
[DB] Synced 1 accounts to database,info,"{""level"":""info""}","{""project"":""ce3616d9-58ad-4ec7-a294-1821e1564434"",""environment"":""fb6513d0-42a4-4660-82b5-509c54b15f2a"",""service"":""4978aa94-666c-47c7-8024-3ada55195a51"",""deployment"":""3b1fa354-15dc-4557-a220-0df46d05cef6"",""replica"":""fe005091-cfff-4ee8-81c0-5d1c9e578ad1""}",2026-03-28T16:48:36.022632527Z
[DB] Synced 1 accounts to database,info,"{""level"":""info""}","{""project"":""ce3616d9-58ad-4ec7-a294-1821e1564434"",""environment"":""fb6513d0-42a4-4660-82b5-509c54b15f2a"",""service"":""4978aa94-666c-47c7-8024-3ada55195a51"",""deployment"":""3b1fa354-15dc-4557-a220-0df46d05cef6"",""replica"":""fe005091-cfff-4ee8-81c0-5d1c9e578ad1""}",2026-03-28T16:49:05.987122252Z
[DB] Synced 1 accounts to database,info,"{""level"":""info""}","{""project"":""ce3616d9-58ad-4ec7-a294-1821e1564434"",""environment"":""fb6513d0-42a4-4660-82b5-509c54b15f2a"",""service"":""4978aa94-666c-47c7-8024-3ada55195a51"",""deployment"":""3b1fa354-15dc-4557-a220-0df46d05cef6"",""replica"":""fe005091-cfff-4ee8-81c0-5d1c9e578ad1""}",2026-03-28T16:49:36.069168581Z
[DB] Synced 1 accounts to database,info,"{""level"":""info""}","{""project"":""ce3616d9-58ad-4ec7-a294-1821e1564434"",""environment"":""fb6513d0-42a4-4660-82b5-509c54b15f2a"",""service"":""4978aa94-666c-47c7-8024-3ada55195a51"",""deployment"":""3b1fa354-15dc-4557-a220-0df46d05cef6"",""replica"":""fe005091-cfff-4ee8-81c0-5d1c9e578ad1""}",2026-03-28T16:50:05.972952363Z
[DB] Synced 1 accounts to database,info,"{""level"":""info""}","{""project"":""ce3616d9-58ad-4ec7-a294-1821e1564434"",""environment"":""fb6513d0-42a4-4660-82b5-509c54b15f2a"",""service"":""4978aa94-666c-47c7-8024-3ada55195a51"",""deployment"":""3b1fa354-15dc-4557-a220-0df46d05cef6"",""replica"":""fe005091-cfff-4ee8-81c0-5d1c9e578ad1""}",2026-03-28T16:50:35.975645433Z
[DB] Synced 1 accounts to database,info,"{""level"":""info""}","{""project"":""ce3616d9-58ad-4ec7-a294-1821e1564434"",""environment"":""fb6513d0-42a4-4660-82b5-509c54b15f2a"",""service"":""4978aa94-666c-47c7-8024-3ada55195a51"",""deployment"":""3b1fa354-15dc-4557-a220-0df46d05cef6"",""replica"":""fe005091-cfff-4ee8-81c0-5d1c9e578ad1""}",2026-03-28T16:51:06.013591674Z
[DB] Synced 1 accounts to database,info,"{""level"":""info""}","{""project"":""ce3616d9-58ad-4ec7-a294-1821e1564434"",""environment"":""fb6513d0-42a4-4660-82b5-509c54b15f2a"",""service"":""4978aa94-666c-47c7-8024-3ada55195a51"",""deployment"":""3b1fa354-15dc-4557-a220-0df46d05cef6"",""replica"":""fe005091-cfff-4ee8-81c0-5d1c9e578ad1""}",2026-03-28T16:51:35.966240039Z
[DB] Synced 1 accounts to database,info,"{""level"":""info""}","{""project"":""ce3616d9-58ad-4ec7-a294-1821e1564434"",""environment"":""fb6513d0-42a4-4660-82b5-509c54b15f2a"",""service"":""4978aa94-666c-47c7-8024-3ada55195a51"",""deployment"":""3b1fa354-15dc-4557-a220-0df46d05cef6"",""replica"":""fe005091-cfff-4ee8-81c0-5d1c9e578ad1""}",2026-03-28T16:52:05.975487838Z
[DB] Synced 1 accounts to database,info,"{""level"":""info""}","{""project"":""ce3616d9-58ad-4ec7-a294-1821e1564434"",""environment"":""fb6513d0-42a4-4660-82b5-509c54b15f2a"",""service"":""4978aa94-666c-47c7-8024-3ada55195a51"",""deployment"":""3b1fa354-15dc-4557-a220-0df46d05cef6"",""replica"":""fe005091-cfff-4ee8-81c0-5d1c9e578ad1""}",2026-03-28T16:52:35.844693737Z
[DB] Synced 1 accounts to database,info,"{""level"":""info""}","{""project"":""ce3616d9-58ad-4ec7-a294-1821e1564434"",""environment"":""fb6513d0-42a4-4660-82b5-509c54b15f2a"",""service"":""4978aa94-666c-47c7-8024-3ada55195a51"",""deployment"":""3b1fa354-15dc-4557-a220-0df46d05cef6"",""replica"":""fe005091-cfff-4ee8-81c0-5d1c9e578ad1""}",2026-03-28T16:53:05.849884919Z
[DB] Synced 1 accounts to database,info,"{""level"":""info""}","{""project"":""ce3616d9-58ad-4ec7-a294-1821e1564434"",""environment"":""fb6513d0-42a4-4660-82b5-509c54b15f2a"",""service"":""4978aa94-666c-47c7-8024-3ada55195a51"",""deployment"":""3b1fa354-15dc-4557-a220-0df46d05cef6"",""replica"":""fe005091-cfff-4ee8-81c0-5d1c9e578ad1""}",2026-03-28T16:53:36.019167672Z
[DB] Synced 1 accounts to database,info,"{""level"":""info""}","{""project"":""ce3616d9-58ad-4ec7-a294-1821e1564434"",""environment"":""fb6513d0-42a4-4660-82b5-509c54b15f2a"",""service"":""4978aa94-666c-47c7-8024-3ada55195a51"",""deployment"":""3b1fa354-15dc-4557-a220-0df46d05cef6"",""replica"":""fe005091-cfff-4ee8-81c0-5d1c9e578ad1""}",2026-03-28T16:54:05.818494224Z
[DB] Synced 1 accounts to database,info,"{""level"":""info""}","{""project"":""ce3616d9-58ad-4ec7-a294-1821e1564434"",""environment"":""fb6513d0-42a4-4660-82b5-509c54b15f2a"",""service"":""4978aa94-666c-47c7-8024-3ada55195a51"",""deployment"":""3b1fa354-15dc-4557-a220-0df46d05cef6"",""replica"":""fe005091-cfff-4ee8-81c0-5d1c9e578ad1""}",2026-03-28T16:54:35.845128440Z
[DB] Synced 1 accounts to database,info,"{""level"":""info""}","{""project"":""ce3616d9-58ad-4ec7-a294-1821e1564434"",""environment"":""fb6513d0-42a4-4660-82b5-509c54b15f2a"",""service"":""4978aa94-666c-47c7-8024-3ada55195a51"",""deployment"":""3b1fa354-15dc-4557-a220-0df46d05cef6"",""replica"":""fe005091-cfff-4ee8-81c0-5d1c9e578ad1""}",2026-03-28T16:55:05.966785061Z
[DB] Synced 1 accounts to database,info,"{""level"":""info""}","{""project"":""ce3616d9-58ad-4ec7-a294-1821e1564434"",""environment"":""fb6513d0-42a4-4660-82b5-509c54b15f2a"",""service"":""4978aa94-666c-47c7-8024-3ada55195a51"",""deployment"":""3b1fa354-15dc-4557-a220-0df46d05cef6"",""replica"":""fe005091-cfff-4ee8-81c0-5d1c9e578ad1""}",2026-03-28T16:55:35.797720518Z
[DB] Synced 1 accounts to database,info,"{""level"":""info""}","{""project"":""ce3616d9-58ad-4ec7-a294-1821e1564434"",""environment"":""fb6513d0-42a4-4660-82b5-509c54b15f2a"",""service"":""4978aa94-666c-47c7-8024-3ada55195a51"",""deployment"":""3b1fa354-15dc-4557-a220-0df46d05cef6"",""replica"":""fe005091-cfff-4ee8-81c0-5d1c9e578ad1""}",2026-03-28T16:56:05.868802475Z
[DB] Synced 1 accounts to database,info,"{""level"":""info""}","{""project"":""ce3616d9-58ad-4ec7-a294-1821e1564434"",""environment"":""fb6513d0-42a4-4660-82b5-509c54b15f2a"",""service"":""4978aa94-666c-47c7-8024-3ada55195a51"",""deployment"":""3b1fa354-15dc-4557-a220-0df46d05cef6"",""replica"":""fe005091-cfff-4ee8-81c0-5d1c9e578ad1""}",2026-03-28T16:56:35.655651575Z
[DB] Synced 1 accounts to database,info,"{""level"":""info""}","{""project"":""ce3616d9-58ad-4ec7-a294-1821e1564434"",""environment"":""fb6513d0-42a4-4660-82b5-509c54b15f2a"",""service"":""4978aa94-666c-47c7-8024-3ada55195a51"",""deployment"":""3b1fa354-15dc-4557-a220-0df46d05cef6"",""replica"":""fe005091-cfff-4ee8-81c0-5d1c9e578ad1""}",2026-03-28T16:57:05.686300387Z
[DB] Synced 1 accounts to database,info,"{""level"":""info""}","{""project"":""ce3616d9-58ad-4ec7-a294-1821e1564434"",""environment"":""fb6513d0-42a4-4660-82b5-509c54b15f2a"",""service"":""4978aa94-666c-47c7-8024-3ada55195a51"",""deployment"":""3b1fa354-15dc-4557-a220-0df46d05cef6"",""replica"":""fe005091-cfff-4ee8-81c0-5d1c9e578ad1""}",2026-03-28T16:57:35.721129878Z
[DB] Synced 1 accounts to database,info,"{""level"":""info""}","{""project"":""ce3616d9-58ad-4ec7-a294-1821e1564434"",""environment"":""fb6513d0-42a4-4660-82b5-509c54b15f2a"",""service"":""4978aa94-666c-47c7-8024-3ada55195a51"",""deployment"":""3b1fa354-15dc-4557-a220-0df46d05cef6"",""replica"":""fe005091-cfff-4ee8-81c0-5d1c9e578ad1""}",2026-03-28T16:58:05.888108432Z
[DB] Synced 1 accounts to database,info,"{""level"":""info""}","{""project"":""ce3616d9-58ad-4ec7-a294-1821e1564434"",""environment"":""fb6513d0-42a4-4660-82b5-509c54b15f2a"",""service"":""4978aa94-666c-47c7-8024-3ada55195a51"",""deployment"":""3b1fa354-15dc-4557-a220-0df46d05cef6"",""replica"":""fe005091-cfff-4ee8-81c0-5d1c9e578ad1""}",2026-03-28T16:58:35.707710776Z
[DB] Synced 1 accounts to database,info,"{""level"":""info""}","{""project"":""ce3616d9-58ad-4ec7-a294-1821e1564434"",""environment"":""fb6513d0-42a4-4660-82b5-509c54b15f2a"",""service"":""4978aa94-666c-47c7-8024-3ada55195a51"",""deployment"":""3b1fa354-15dc-4557-a220-0df46d05cef6"",""replica"":""fe005091-cfff-4ee8-81c0-5d1c9e578ad1""}",2026-03-28T16:59:05.708086276Z
[DB] Synced 1 accounts to database,info,"{""level"":""info""}","{""project"":""ce3616d9-58ad-4ec7-a294-1821e1564434"",""environment"":""fb6513d0-42a4-4660-82b5-509c54b15f2a"",""service"":""4978aa94-666c-47c7-8024-3ada55195a51"",""deployment"":""3b1fa354-15dc-4557-a220-0df46d05cef6"",""replica"":""fe005091-cfff-4ee8-81c0-5d1c9e578ad1""}",2026-03-28T16:59:35.707527377Z
[DB] Synced 1 accounts to database,info,"{""level"":""info""}","{""project"":""ce3616d9-58ad-4ec7-a294-1821e1564434"",""environment"":""fb6513d0-42a4-4660-82b5-509c54b15f2a"",""service"":""4978aa94-666c-47c7-8024-3ada55195a51"",""deployment"":""3b1fa354-15dc-4557-a220-0df46d05cef6"",""replica"":""fe005091-cfff-4ee8-81c0-5d1c9e578ad1""}",2026-03-28T17:00:05.720490666Z
[DB] Synced 1 accounts to database,info,"{""level"":""info""}","{""project"":""ce3616d9-58ad-4ec7-a294-1821e1564434"",""environment"":""fb6513d0-42a4-4660-82b5-509c54b15f2a"",""service"":""4978aa94-666c-47c7-8024-3ada55195a51"",""deployment"":""3b1fa354-15dc-4557-a220-0df46d05cef6"",""replica"":""fe005091-cfff-4ee8-81c0-5d1c9e578ad1""}",2026-03-28T17:00:35.727262940Z
[DB] Synced 1 accounts to database,info,"{""level"":""info""}","{""project"":""ce3616d9-58ad-4ec7-a294-1821e1564434"",""environment"":""fb6513d0-42a4-4660-82b5-509c54b15f2a"",""service"":""4978aa94-666c-47c7-8024-3ada55195a51"",""deployment"":""3b1fa354-15dc-4557-a220-0df46d05cef6"",""replica"":""fe005091-cfff-4ee8-81c0-5d1c9e578ad1""}",2026-03-28T17:01:05.785173855Z
[DB] Synced 1 accounts to database,info,"{""level"":""info""}","{""project"":""ce3616d9-58ad-4ec7-a294-1821e1564434"",""environment"":""fb6513d0-42a4-4660-82b5-509c54b15f2a"",""service"":""4978aa94-666c-47c7-8024-3ada55195a51"",""deployment"":""3b1fa354-15dc-4557-a220-0df46d05cef6"",""replica"":""fe005091-cfff-4ee8-81c0-5d1c9e578ad1""}",2026-03-28T17:01:35.549117160Z
[DB] Synced 1 accounts to database,info,"{""level"":""info""}","{""project"":""ce3616d9-58ad-4ec7-a294-1821e1564434"",""environment"":""fb6513d0-42a4-4660-82b5-509c54b15f2a"",""service"":""4978aa94-666c-47c7-8024-3ada55195a51"",""deployment"":""3b1fa354-15dc-4557-a220-0df46d05cef6"",""replica"":""fe005091-cfff-4ee8-81c0-5d1c9e578ad1""}",2026-03-28T17:02:05.553636339Z
[DB] Synced 1 accounts to database,info,"{""level"":""info""}","{""project"":""ce3616d9-58ad-4ec7-a294-1821e1564434"",""environment"":""fb6513d0-42a4-4660-82b5-509c54b15f2a"",""service"":""4978aa94-666c-47c7-8024-3ada55195a51"",""deployment"":""3b1fa354-15dc-4557-a220-0df46d05cef6"",""replica"":""fe005091-cfff-4ee8-81c0-5d1c9e578ad1""}",2026-03-28T17:02:35.345658140Z
[DB] Synced 1 accounts to database,info,"{""level"":""info""}","{""project"":""ce3616d9-58ad-4ec7-a294-1821e1564434"",""environment"":""fb6513d0-42a4-4660-82b5-509c54b15f2a"",""service"":""4978aa94-666c-47c7-8024-3ada55195a51"",""deployment"":""3b1fa354-15dc-4557-a220-0df46d05cef6"",""replica"":""fe005091-cfff-4ee8-81c0-5d1c9e578ad1""}",2026-03-28T17:03:05.383603960Z
[DB] Synced 1 accounts to database,info,"{""level"":""info""}","{""project"":""ce3616d9-58ad-4ec7-a294-1821e1564434"",""environment"":""fb6513d0-42a4-4660-82b5-509c54b15f2a"",""service"":""4978aa94-666c-47c7-8024-3ada55195a51"",""deployment"":""3b1fa354-15dc-4557-a220-0df46d05cef6"",""replica"":""fe005091-cfff-4ee8-81c0-5d1c9e578ad1""}",2026-03-28T17:03:35.530984580Z
[DB] Synced 1 accounts to database,info,"{""level"":""info""}","{""project"":""ce3616d9-58ad-4ec7-a294-1821e1564434"",""environment"":""fb6513d0-42a4-4660-82b5-509c54b15f2a"",""service"":""4978aa94-666c-47c7-8024-3ada55195a51"",""deployment"":""3b1fa354-15dc-4557-a220-0df46d05cef6"",""replica"":""fe005091-cfff-4ee8-81c0-5d1c9e578ad1""}",2026-03-28T17:04:05.257553450Z
[DB] Synced 1 accounts to database,info,"{""level"":""info""}","{""project"":""ce3616d9-58ad-4ec7-a294-1821e1564434"",""environment"":""fb6513d0-42a4-4660-82b5-509c54b15f2a"",""service"":""4978aa94-666c-47c7-8024-3ada55195a51"",""deployment"":""3b1fa354-15dc-4557-a220-0df46d05cef6"",""replica"":""fe005091-cfff-4ee8-81c0-5d1c9e578ad1""}",2026-03-28T17:04:35.283196085Z
[DB] Synced 1 accounts to database,info,"{""level"":""info""}","{""project"":""ce3616d9-58ad-4ec7-a294-1821e1564434"",""environment"":""fb6513d0-42a4-4660-82b5-509c54b15f2a"",""service"":""4978aa94-666c-47c7-8024-3ada55195a51"",""deployment"":""3b1fa354-15dc-4557-a220-0df46d05cef6"",""replica"":""fe005091-cfff-4ee8-81c0-5d1c9e578ad1""}",2026-03-28T17:05:05.067427141Z
[DB] Synced 1 accounts to database,info,"{""level"":""info""}","{""project"":""ce3616d9-58ad-4ec7-a294-1821e1564434"",""environment"":""fb6513d0-42a4-4660-82b5-509c54b15f2a"",""service"":""4978aa94-666c-47c7-8024-3ada55195a51"",""deployment"":""3b1fa354-15dc-4557-a220-0df46d05cef6"",""replica"":""fe005091-cfff-4ee8-81c0-5d1c9e578ad1""}",2026-03-28T17:05:35.084127102Z
[DB] Synced 1 accounts to database,info,"{""level"":""info""}","{""project"":""ce3616d9-58ad-4ec7-a294-1821e1564434"",""environment"":""fb6513d0-42a4-4660-82b5-509c54b15f2a"",""service"":""4978aa94-666c-47c7-8024-3ada55195a51"",""deployment"":""3b1fa354-15dc-4557-a220-0df46d05cef6"",""replica"":""fe005091-cfff-4ee8-81c0-5d1c9e578ad1""}",2026-03-28T17:06:04.697224550Z
[DB] Synced 1 accounts to database,info,"{""level"":""info""}","{""project"":""ce3616d9-58ad-4ec7-a294-1821e1564434"",""environment"":""fb6513d0-42a4-4660-82b5-509c54b15f2a"",""service"":""4978aa94-666c-47c7-8024-3ada55195a51"",""deployment"":""3b1fa354-15dc-4557-a220-0df46d05cef6"",""replica"":""fe005091-cfff-4ee8-81c0-5d1c9e578ad1""}",2026-03-28T17:06:34.708253966Z
[DB] Synced 1 accounts to database,info,"{""level"":""info""}","{""project"":""ce3616d9-58ad-4ec7-a294-1821e1564434"",""environment"":""fb6513d0-42a4-4660-82b5-509c54b15f2a"",""service"":""4978aa94-666c-47c7-8024-3ada55195a51"",""deployment"":""3b1fa354-15dc-4557-a220-0df46d05cef6"",""replica"":""fe005091-cfff-4ee8-81c0-5d1c9e578ad1""}",2026-03-28T17:07:04.597000934Z
[DB] Synced 1 accounts to database,info,"{""level"":""info""}","{""project"":""ce3616d9-58ad-4ec7-a294-1821e1564434"",""environment"":""fb6513d0-42a4-4660-82b5-509c54b15f2a"",""service"":""4978aa94-666c-47c7-8024-3ada55195a51"",""deployment"":""3b1fa354-15dc-4557-a220-0df46d05cef6"",""replica"":""fe005091-cfff-4ee8-81c0-5d1c9e578ad1""}",2026-03-28T17:07:34.626487425Z
[DB] Synced 1 accounts to database,info,"{""level"":""info""}","{""project"":""ce3616d9-58ad-4ec7-a294-1821e1564434"",""environment"":""fb6513d0-42a4-4660-82b5-509c54b15f2a"",""service"":""4978aa94-666c-47c7-8024-3ada55195a51"",""deployment"":""3b1fa354-15dc-4557-a220-0df46d05cef6"",""replica"":""fe005091-cfff-4ee8-81c0-5d1c9e578ad1""}",2026-03-28T17:08:04.431265553Z
[DB] Synced 1 accounts to database,info,"{""level"":""info""}","{""project"":""ce3616d9-58ad-4ec7-a294-1821e1564434"",""environment"":""fb6513d0-42a4-4660-82b5-509c54b15f2a"",""service"":""4978aa94-666c-47c7-8024-3ada55195a51"",""deployment"":""3b1fa354-15dc-4557-a220-0df46d05cef6"",""replica"":""fe005091-cfff-4ee8-81c0-5d1c9e578ad1""}",2026-03-28T17:08:34.422917924Z
[DB] Synced 1 accounts to database,info,"{""level"":""info""}","{""project"":""ce3616d9-58ad-4ec7-a294-1821e1564434"",""environment"":""fb6513d0-42a4-4660-82b5-509c54b15f2a"",""service"":""4978aa94-666c-47c7-8024-3ada55195a51"",""deployment"":""3b1fa354-15dc-4557-a220-0df46d05cef6"",""replica"":""fe005091-cfff-4ee8-81c0-5d1c9e578ad1""}",2026-03-28T17:09:04.212883753Z
[DB] Synced 1 accounts to database,info,"{""level"":""info""}","{""project"":""ce3616d9-58ad-4ec7-a294-1821e1564434"",""environment"":""fb6513d0-42a4-4660-82b5-509c54b15f2a"",""service"":""4978aa94-666c-47c7-8024-3ada55195a51"",""deployment"":""3b1fa354-15dc-4557-a220-0df46d05cef6"",""replica"":""fe005091-cfff-4ee8-81c0-5d1c9e578ad1""}",2026-03-28T17:09:34.209327840Z
[DB] Synced 1 accounts to database,info,"{""level"":""info""}","{""project"":""ce3616d9-58ad-4ec7-a294-1821e1564434"",""environment"":""fb6513d0-42a4-4660-82b5-509c54b15f2a"",""service"":""4978aa94-666c-47c7-8024-3ada55195a51"",""deployment"":""3b1fa354-15dc-4557-a220-0df46d05cef6"",""replica"":""fe005091-cfff-4ee8-81c0-5d1c9e578ad1""}",2026-03-28T17:10:04.419514535Z
[DB] Synced 1 accounts to database,info,"{""level"":""info""}","{""project"":""ce3616d9-58ad-4ec7-a294-1821e1564434"",""environment"":""fb6513d0-42a4-4660-82b5-509c54b15f2a"",""service"":""4978aa94-666c-47c7-8024-3ada55195a51"",""deployment"":""3b1fa354-15dc-4557-a220-0df46d05cef6"",""replica"":""fe005091-cfff-4ee8-81c0-5d1c9e578ad1""}",2026-03-28T17:10:34.160009585Z
[DB] Synced 1 accounts to database,info,"{""level"":""info""}","{""project"":""ce3616d9-58ad-4ec7-a294-1821e1564434"",""environment"":""fb6513d0-42a4-4660-82b5-509c54b15f2a"",""service"":""4978aa94-666c-47c7-8024-3ada55195a51"",""deployment"":""3b1fa354-15dc-4557-a220-0df46d05cef6"",""replica"":""fe005091-cfff-4ee8-81c0-5d1c9e578ad1""}",2026-03-28T17:11:04.170519704Z
[DB] Synced 1 accounts to database,info,"{""level"":""info""}","{""project"":""ce3616d9-58ad-4ec7-a294-1821e1564434"",""environment"":""fb6513d0-42a4-4660-82b5-509c54b15f2a"",""service"":""4978aa94-666c-47c7-8024-3ada55195a51"",""deployment"":""3b1fa354-15dc-4557-a220-0df46d05cef6"",""replica"":""fe005091-cfff-4ee8-81c0-5d1c9e578ad1""}",2026-03-28T17:11:34.378694200Z
[DB] Synced 1 accounts to database,info,"{""level"":""info""}","{""project"":""ce3616d9-58ad-4ec7-a294-1821e1564434"",""environment"":""fb6513d0-42a4-4660-82b5-509c54b15f2a"",""service"":""4978aa94-666c-47c7-8024-3ada55195a51"",""deployment"":""3b1fa354-15dc-4557-a220-0df46d05cef6"",""replica"":""fe005091-cfff-4ee8-81c0-5d1c9e578ad1""}",2026-03-28T17:12:04.234792088Z
[DB] Synced 1 accounts to database,info,"{""level"":""info""}","{""project"":""ce3616d9-58ad-4ec7-a294-1821e1564434"",""environment"":""fb6513d0-42a4-4660-82b5-509c54b15f2a"",""service"":""4978aa94-666c-47c7-8024-3ada55195a51"",""deployment"":""3b1fa354-15dc-4557-a220-0df46d05cef6"",""replica"":""fe005091-cfff-4ee8-81c0-5d1c9e578ad1""}",2026-03-28T17:12:34.235161250Z
[DB] Synced 1 accounts to database,info,"{""level"":""info""}","{""project"":""ce3616d9-58ad-4ec7-a294-1821e1564434"",""environment"":""fb6513d0-42a4-4660-82b5-509c54b15f2a"",""service"":""4978aa94-666c-47c7-8024-3ada55195a51"",""deployment"":""3b1fa354-15dc-4557-a220-0df46d05cef6"",""replica"":""fe005091-cfff-4ee8-81c0-5d1c9e578ad1""}",2026-03-28T17:13:04.259134833Z
[DB] Synced 1 accounts to database,info,"{""level"":""info""}","{""project"":""ce3616d9-58ad-4ec7-a294-1821e1564434"",""environment"":""fb6513d0-42a4-4660-82b5-509c54b15f2a"",""service"":""4978aa94-666c-47c7-8024-3ada55195a51"",""deployment"":""3b1fa354-15dc-4557-a220-0df46d05cef6"",""replica"":""fe005091-cfff-4ee8-81c0-5d1c9e578ad1""}",2026-03-28T17:13:34.195014639Z
[DB] Synced 1 accounts to database,info,"{""level"":""info""}","{""project"":""ce3616d9-58ad-4ec7-a294-1821e1564434"",""environment"":""fb6513d0-42a4-4660-82b5-509c54b15f2a"",""service"":""4978aa94-666c-47c7-8024-3ada55195a51"",""deployment"":""3b1fa354-15dc-4557-a220-0df46d05cef6"",""replica"":""fe005091-cfff-4ee8-81c0-5d1c9e578ad1""}",2026-03-28T17:14:04.199412328Z
Client disconnected: Ve76ZFC_WFPYzaGEAAAi Reason: ping timeout Transport was: polling,info,"{""level"":""info""}","{""project"":""ce3616d9-58ad-4ec7-a294-1821e1564434"",""environment"":""fb6513d0-42a4-4660-82b5-509c54b15f2a"",""service"":""4978aa94-666c-47c7-8024-3ada55195a51"",""deployment"":""3b1fa354-15dc-4557-a220-0df46d05cef6"",""replica"":""fe005091-cfff-4ee8-81c0-5d1c9e578ad1""}",2026-03-28T17:14:04.199421532Z
[DB] Synced 1 accounts to database,info,"{""level"":""info""}","{""project"":""ce3616d9-58ad-4ec7-a294-1821e1564434"",""environment"":""fb6513d0-42a4-4660-82b5-509c54b15f2a"",""service"":""4978aa94-666c-47c7-8024-3ada55195a51"",""deployment"":""3b1fa354-15dc-4557-a220-0df46d05cef6"",""replica"":""fe005091-cfff-4ee8-81c0-5d1c9e578ad1""}",2026-03-28T17:14:34.025321370Z
[DB] Synced 1 accounts to database,info,"{""level"":""info""}","{""project"":""ce3616d9-58ad-4ec7-a294-1821e1564434"",""environment"":""fb6513d0-42a4-4660-82b5-509c54b15f2a"",""service"":""4978aa94-666c-47c7-8024-3ada55195a51"",""deployment"":""3b1fa354-15dc-4557-a220-0df46d05cef6"",""replica"":""fe005091-cfff-4ee8-81c0-5d1c9e578ad1""}",2026-03-28T17:15:04.094239944Z
[DB] Synced 1 accounts to database,info,"{""level"":""info""}","{""project"":""ce3616d9-58ad-4ec7-a294-1821e1564434"",""environment"":""fb6513d0-42a4-4660-82b5-509c54b15f2a"",""service"":""4978aa94-666c-47c7-8024-3ada55195a51"",""deployment"":""3b1fa354-15dc-4557-a220-0df46d05cef6"",""replica"":""fe005091-cfff-4ee8-81c0-5d1c9e578ad1""}",2026-03-28T17:15:33.898732374Z
[DB] Synced 1 accounts to database,info,"{""level"":""info""}","{""project"":""ce3616d9-58ad-4ec7-a294-1821e1564434"",""environment"":""fb6513d0-42a4-4660-82b5-509c54b15f2a"",""service"":""4978aa94-666c-47c7-8024-3ada55195a51"",""deployment"":""3b1fa354-15dc-4557-a220-0df46d05cef6"",""replica"":""fe005091-cfff-4ee8-81c0-5d1c9e578ad1""}",2026-03-28T17:16:03.904016746Z
[DB] Synced 1 accounts to database,info,"{""level"":""info""}","{""project"":""ce3616d9-58ad-4ec7-a294-1821e1564434"",""environment"":""fb6513d0-42a4-4660-82b5-509c54b15f2a"",""service"":""4978aa94-666c-47c7-8024-3ada55195a51"",""deployment"":""3b1fa354-15dc-4557-a220-0df46d05cef6"",""replica"":""fe005091-cfff-4ee8-81c0-5d1c9e578ad1""}",2026-03-28T17:16:33.792319655Z
[DB] Synced 1 accounts to database,info,"{""level"":""info""}","{""project"":""ce3616d9-58ad-4ec7-a294-1821e1564434"",""environment"":""fb6513d0-42a4-4660-82b5-509c54b15f2a"",""service"":""4978aa94-666c-47c7-8024-3ada55195a51"",""deployment"":""3b1fa354-15dc-4557-a220-0df46d05cef6"",""replica"":""fe005091-cfff-4ee8-81c0-5d1c9e578ad1""}",2026-03-28T17:17:03.799003796Z
[DB] Synced 1 accounts to database,info,"{""level"":""info""}","{""project"":""ce3616d9-58ad-4ec7-a294-1821e1564434"",""environment"":""fb6513d0-42a4-4660-82b5-509c54b15f2a"",""service"":""4978aa94-666c-47c7-8024-3ada55195a51"",""deployment"":""3b1fa354-15dc-4557-a220-0df46d05cef6"",""replica"":""fe005091-cfff-4ee8-81c0-5d1c9e578ad1""}",2026-03-28T17:17:33.575949679Z
[DB] Synced 1 accounts to database,info,"{""level"":""info""}","{""project"":""ce3616d9-58ad-4ec7-a294-1821e1564434"",""environment"":""fb6513d0-42a4-4660-82b5-509c54b15f2a"",""service"":""4978aa94-666c-47c7-8024-3ada55195a51"",""deployment"":""3b1fa354-15dc-4557-a220-0df46d05cef6"",""replica"":""fe005091-cfff-4ee8-81c0-5d1c9e578ad1""}",2026-03-28T17:18:03.573271017Z
[DB] Synced 1 accounts to database,info,"{""level"":""info""}","{""project"":""ce3616d9-58ad-4ec7-a294-1821e1564434"",""environment"":""fb6513d0-42a4-4660-82b5-509c54b15f2a"",""service"":""4978aa94-666c-47c7-8024-3ada55195a51"",""deployment"":""3b1fa354-15dc-4557-a220-0df46d05cef6"",""replica"":""fe005091-cfff-4ee8-81c0-5d1c9e578ad1""}",2026-03-28T17:18:33.590044281Z
[DB] Synced 1 accounts to database,info,"{""level"":""info""}","{""project"":""ce3616d9-58ad-4ec7-a294-1821e1564434"",""environment"":""fb6513d0-42a4-4660-82b5-509c54b15f2a"",""service"":""4978aa94-666c-47c7-8024-3ada55195a51"",""deployment"":""3b1fa354-15dc-4557-a220-0df46d05cef6"",""replica"":""fe005091-cfff-4ee8-81c0-5d1c9e578ad1""}",2026-03-28T17:19:03.343715694Z
[DB] Synced 1 accounts to database,info,"{""level"":""info""}","{""project"":""ce3616d9-58ad-4ec7-a294-1821e1564434"",""environment"":""fb6513d0-42a4-4660-82b5-509c54b15f2a"",""service"":""4978aa94-666c-47c7-8024-3ada55195a51"",""deployment"":""3b1fa354-15dc-4557-a220-0df46d05cef6"",""replica"":""fe005091-cfff-4ee8-81c0-5d1c9e578ad1""}",2026-03-28T17:19:33.394262008Z
[DB] Synced 1 accounts to database,info,"{""level"":""info""}","{""project"":""ce3616d9-58ad-4ec7-a294-1821e1564434"",""environment"":""fb6513d0-42a4-4660-82b5-509c54b15f2a"",""service"":""4978aa94-666c-47c7-8024-3ada55195a51"",""deployment"":""3b1fa354-15dc-4557-a220-0df46d05cef6"",""replica"":""fe005091-cfff-4ee8-81c0-5d1c9e578ad1""}",2026-03-28T17:20:03.537344747Z
[DB] Synced 1 accounts to database,info,"{""level"":""info""}","{""project"":""ce3616d9-58ad-4ec7-a294-1821e1564434"",""environment"":""fb6513d0-42a4-4660-82b5-509c54b15f2a"",""service"":""4978aa94-666c-47c7-8024-3ada55195a51"",""deployment"":""3b1fa354-15dc-4557-a220-0df46d05cef6"",""replica"":""fe005091-cfff-4ee8-81c0-5d1c9e578ad1""}",2026-03-28T17:20:33.301319541Z
[DB] Synced 1 accounts to database,info,"{""level"":""info""}","{""project"":""ce3616d9-58ad-4ec7-a294-1821e1564434"",""environment"":""fb6513d0-42a4-4660-82b5-509c54b15f2a"",""service"":""4978aa94-666c-47c7-8024-3ada55195a51"",""deployment"":""3b1fa354-15dc-4557-a220-0df46d05cef6"",""replica"":""fe005091-cfff-4ee8-81c0-5d1c9e578ad1""}",2026-03-28T17:21:03.378771348Z
[DB] Synced 1 accounts to database,info,"{""level"":""info""}","{""project"":""ce3616d9-58ad-4ec7-a294-1821e1564434"",""environment"":""fb6513d0-42a4-4660-82b5-509c54b15f2a"",""service"":""4978aa94-666c-47c7-8024-3ada55195a51"",""deployment"":""3b1fa354-15dc-4557-a220-0df46d05cef6"",""replica"":""fe005091-cfff-4ee8-81c0-5d1c9e578ad1""}",2026-03-28T17:21:33.498106496Z
[DB] Synced 1 accounts to database,info,"{""level"":""info""}","{""project"":""ce3616d9-58ad-4ec7-a294-1821e1564434"",""environment"":""fb6513d0-42a4-4660-82b5-509c54b15f2a"",""service"":""4978aa94-666c-47c7-8024-3ada55195a51"",""deployment"":""3b1fa354-15dc-4557-a220-0df46d05cef6"",""replica"":""fe005091-cfff-4ee8-81c0-5d1c9e578ad1""}",2026-03-28T17:22:03.511503435Z
[DB] Synced 1 accounts to database,info,"{""level"":""info""}","{""project"":""ce3616d9-58ad-4ec7-a294-1821e1564434"",""environment"":""fb6513d0-42a4-4660-82b5-509c54b15f2a"",""service"":""4978aa94-666c-47c7-8024-3ada55195a51"",""deployment"":""3b1fa354-15dc-4557-a220-0df46d05cef6"",""replica"":""fe005091-cfff-4ee8-81c0-5d1c9e578ad1""}",2026-03-28T17:22:33.490585600Z
[DB] Synced 1 accounts to database,info,"{""level"":""info""}","{""project"":""ce3616d9-58ad-4ec7-a294-1821e1564434"",""environment"":""fb6513d0-42a4-4660-82b5-509c54b15f2a"",""service"":""4978aa94-666c-47c7-8024-3ada55195a51"",""deployment"":""3b1fa354-15dc-4557-a220-0df46d05cef6"",""replica"":""fe005091-cfff-4ee8-81c0-5d1c9e578ad1""}",2026-03-28T17:23:03.241011472Z
[DB] Synced 1 accounts to database,info,"{""level"":""info""}","{""project"":""ce3616d9-58ad-4ec7-a294-1821e1564434"",""environment"":""fb6513d0-42a4-4660-82b5-509c54b15f2a"",""service"":""4978aa94-666c-47c7-8024-3ada55195a51"",""deployment"":""3b1fa354-15dc-4557-a220-0df46d05cef6"",""replica"":""fe005091-cfff-4ee8-81c0-5d1c9e578ad1""}",2026-03-28T17:23:33.235221466Z
[DB] Synced 1 accounts to database,info,"{""level"":""info""}","{""project"":""ce3616d9-58ad-4ec7-a294-1821e1564434"",""environment"":""fb6513d0-42a4-4660-82b5-509c54b15f2a"",""service"":""4978aa94-666c-47c7-8024-3ada55195a51"",""deployment"":""3b1fa354-15dc-4557-a220-0df46d05cef6"",""replica"":""fe005091-cfff-4ee8-81c0-5d1c9e578ad1""}",2026-03-28T17:24:03.075465921Z
[DB] Synced 1 accounts to database,info,"{""level"":""info""}","{""project"":""ce3616d9-58ad-4ec7-a294-1821e1564434"",""environment"":""fb6513d0-42a4-4660-82b5-509c54b15f2a"",""service"":""4978aa94-666c-47c7-8024-3ada55195a51"",""deployment"":""3b1fa354-15dc-4557-a220-0df46d05cef6"",""replica"":""fe005091-cfff-4ee8-81c0-5d1c9e578ad1""}",2026-03-28T17:24:33.109411195Z
[DB] Synced 1 accounts to database,info,"{""level"":""info""}","{""project"":""ce3616d9-58ad-4ec7-a294-1821e1564434"",""environment"":""fb6513d0-42a4-4660-82b5-509c54b15f2a"",""service"":""4978aa94-666c-47c7-8024-3ada55195a51"",""deployment"":""3b1fa354-15dc-4557-a220-0df46d05cef6"",""replica"":""fe005091-cfff-4ee8-81c0-5d1c9e578ad1""}",2026-03-28T17:25:03.320208191Z
[DB] Synced 1 accounts to database,info,"{""level"":""info""}","{""project"":""ce3616d9-58ad-4ec7-a294-1821e1564434"",""environment"":""fb6513d0-42a4-4660-82b5-509c54b15f2a"",""service"":""4978aa94-666c-47c7-8024-3ada55195a51"",""deployment"":""3b1fa354-15dc-4557-a220-0df46d05cef6"",""replica"":""fe005091-cfff-4ee8-81c0-5d1c9e578ad1""}",2026-03-28T17:25:33.070067961Z
[DB] Synced 1 accounts to database,info,"{""level"":""info""}","{""project"":""ce3616d9-58ad-4ec7-a294-1821e1564434"",""environment"":""fb6513d0-42a4-4660-82b5-509c54b15f2a"",""service"":""4978aa94-666c-47c7-8024-3ada55195a51"",""deployment"":""3b1fa354-15dc-4557-a220-0df46d05cef6"",""replica"":""fe005091-cfff-4ee8-81c0-5d1c9e578ad1""}",2026-03-28T17:26:03.098028849Z
[DB] Synced 1 accounts to database,info,"{""level"":""info""}","{""project"":""ce3616d9-58ad-4ec7-a294-1821e1564434"",""environment"":""fb6513d0-42a4-4660-82b5-509c54b15f2a"",""service"":""4978aa94-666c-47c7-8024-3ada55195a51"",""deployment"":""3b1fa354-15dc-4557-a220-0df46d05cef6"",""replica"":""fe005091-cfff-4ee8-81c0-5d1c9e578ad1""}",2026-03-28T17:26:33.260576237Z
[DB] Synced 1 accounts to database,info,"{""level"":""info""}","{""project"":""ce3616d9-58ad-4ec7-a294-1821e1564434"",""environment"":""fb6513d0-42a4-4660-82b5-509c54b15f2a"",""service"":""4978aa94-666c-47c7-8024-3ada55195a51"",""deployment"":""3b1fa354-15dc-4557-a220-0df46d05cef6"",""replica"":""fe005091-cfff-4ee8-81c0-5d1c9e578ad1""}",2026-03-28T17:27:03.082622109Z
[DB] Synced 1 accounts to database,info,"{""level"":""info""}","{""project"":""ce3616d9-58ad-4ec7-a294-1821e1564434"",""environment"":""fb6513d0-42a4-4660-82b5-509c54b15f2a"",""service"":""4978aa94-666c-47c7-8024-3ada55195a51"",""deployment"":""3b1fa354-15dc-4557-a220-0df46d05cef6"",""replica"":""fe005091-cfff-4ee8-81c0-5d1c9e578ad1""}",2026-03-28T17:27:32.874094844Z
[DB] Synced 1 accounts to database,info,"{""level"":""info""}","{""project"":""ce3616d9-58ad-4ec7-a294-1821e1564434"",""environment"":""fb6513d0-42a4-4660-82b5-509c54b15f2a"",""service"":""4978aa94-666c-47c7-8024-3ada55195a51"",""deployment"":""3b1fa354-15dc-4557-a220-0df46d05cef6"",""replica"":""fe005091-cfff-4ee8-81c0-5d1c9e578ad1""}",2026-03-28T17:28:02.873093678Z
[DB] Synced 1 accounts to database,info,"{""level"":""info""}","{""project"":""ce3616d9-58ad-4ec7-a294-1821e1564434"",""environment"":""fb6513d0-42a4-4660-82b5-509c54b15f2a"",""service"":""4978aa94-666c-47c7-8024-3ada55195a51"",""deployment"":""3b1fa354-15dc-4557-a220-0df46d05cef6"",""replica"":""fe005091-cfff-4ee8-81c0-5d1c9e578ad1""}",2026-03-28T17:28:33.053611726Z
[DB] Synced 1 accounts to database,info,"{""level"":""info""}","{""project"":""ce3616d9-58ad-4ec7-a294-1821e1564434"",""environment"":""fb6513d0-42a4-4660-82b5-509c54b15f2a"",""service"":""4978aa94-666c-47c7-8024-3ada55195a51"",""deployment"":""3b1fa354-15dc-4557-a220-0df46d05cef6"",""replica"":""fe005091-cfff-4ee8-81c0-5d1c9e578ad1""}",2026-03-28T17:29:02.953153259Z
[DB] Synced 1 accounts to database,info,"{""level"":""info""}","{""project"":""ce3616d9-58ad-4ec7-a294-1821e1564434"",""environment"":""fb6513d0-42a4-4660-82b5-509c54b15f2a"",""service"":""4978aa94-666c-47c7-8024-3ada55195a51"",""deployment"":""3b1fa354-15dc-4557-a220-0df46d05cef6"",""replica"":""fe005091-cfff-4ee8-81c0-5d1c9e578ad1""}",2026-03-28T17:29:33.038462893Z
[DB] Synced 1 accounts to database,info,"{""level"":""info""}","{""project"":""ce3616d9-58ad-4ec7-a294-1821e1564434"",""environment"":""fb6513d0-42a4-4660-82b5-509c54b15f2a"",""service"":""4978aa94-666c-47c7-8024-3ada55195a51"",""deployment"":""3b1fa354-15dc-4557-a220-0df46d05cef6"",""replica"":""fe005091-cfff-4ee8-81c0-5d1c9e578ad1""}",2026-03-28T17:30:02.974348266Z
[DB] Synced 1 accounts to database,info,"{""level"":""info""}","{""project"":""ce3616d9-58ad-4ec7-a294-1821e1564434"",""environment"":""fb6513d0-42a4-4660-82b5-509c54b15f2a"",""service"":""4978aa94-666c-47c7-8024-3ada55195a51"",""deployment"":""3b1fa354-15dc-4557-a220-0df46d05cef6"",""replica"":""fe005091-cfff-4ee8-81c0-5d1c9e578ad1""}",2026-03-28T17:30:32.994268573Z
[DB] Synced 1 accounts to database,info,"{""level"":""info""}","{""project"":""ce3616d9-58ad-4ec7-a294-1821e1564434"",""environment"":""fb6513d0-42a4-4660-82b5-509c54b15f2a"",""service"":""4978aa94-666c-47c7-8024-3ada55195a51"",""deployment"":""3b1fa354-15dc-4557-a220-0df46d05cef6"",""replica"":""fe005091-cfff-4ee8-81c0-5d1c9e578ad1""}",2026-03-28T17:31:02.743523027Z
[DB] Synced 1 accounts to database,info,"{""level"":""info""}","{""project"":""ce3616d9-58ad-4ec7-a294-1821e1564434"",""environment"":""fb6513d0-42a4-4660-82b5-509c54b15f2a"",""service"":""4978aa94-666c-47c7-8024-3ada55195a51"",""deployment"":""3b1fa354-15dc-4557-a220-0df46d05cef6"",""replica"":""fe005091-cfff-4ee8-81c0-5d1c9e578ad1""}",2026-03-28T17:31:32.751242769Z
[DB] Synced 1 accounts to database,info,"{""level"":""info""}","{""project"":""ce3616d9-58ad-4ec7-a294-1821e1564434"",""environment"":""fb6513d0-42a4-4660-82b5-509c54b15f2a"",""service"":""4978aa94-666c-47c7-8024-3ada55195a51"",""deployment"":""3b1fa354-15dc-4557-a220-0df46d05cef6"",""replica"":""fe005091-cfff-4ee8-81c0-5d1c9e578ad1""}",2026-03-28T17:32:02.851086934Z
[DB] Synced 1 accounts to database,info,"{""level"":""info""}","{""project"":""ce3616d9-58ad-4ec7-a294-1821e1564434"",""environment"":""fb6513d0-42a4-4660-82b5-509c54b15f2a"",""service"":""4978aa94-666c-47c7-8024-3ada55195a51"",""deployment"":""3b1fa354-15dc-4557-a220-0df46d05cef6"",""replica"":""fe005091-cfff-4ee8-81c0-5d1c9e578ad1""}",2026-03-28T17:32:32.717236830Z
[DB] Synced 1 accounts to database,info,"{""level"":""info""}","{""project"":""ce3616d9-58ad-4ec7-a294-1821e1564434"",""environment"":""fb6513d0-42a4-4660-82b5-509c54b15f2a"",""service"":""4978aa94-666c-47c7-8024-3ada55195a51"",""deployment"":""3b1fa354-15dc-4557-a220-0df46d05cef6"",""replica"":""fe005091-cfff-4ee8-81c0-5d1c9e578ad1""}",2026-03-28T17:33:02.741362331Z
[DB] Synced 1 accounts to database,info,"{""level"":""info""}","{""project"":""ce3616d9-58ad-4ec7-a294-1821e1564434"",""environment"":""fb6513d0-42a4-4660-82b5-509c54b15f2a"",""service"":""4978aa94-666c-47c7-8024-3ada55195a51"",""deployment"":""3b1fa354-15dc-4557-a220-0df46d05cef6"",""replica"":""fe005091-cfff-4ee8-81c0-5d1c9e578ad1""}",2026-03-28T17:33:33.068343726Z
[DB] Synced 1 accounts to database,info,"{""level"":""info""}","{""project"":""ce3616d9-58ad-4ec7-a294-1821e1564434"",""environment"":""fb6513d0-42a4-4660-82b5-509c54b15f2a"",""service"":""4978aa94-666c-47c7-8024-3ada55195a51"",""deployment"":""3b1fa354-15dc-4557-a220-0df46d05cef6"",""replica"":""fe005091-cfff-4ee8-81c0-5d1c9e578ad1""}",2026-03-28T17:34:02.886142843Z
[DB] Synced 1 accounts to database,info,"{""level"":""info""}","{""project"":""ce3616d9-58ad-4ec7-a294-1821e1564434"",""environment"":""fb6513d0-42a4-4660-82b5-509c54b15f2a"",""service"":""4978aa94-666c-47c7-8024-3ada55195a51"",""deployment"":""3b1fa354-15dc-4557-a220-0df46d05cef6"",""replica"":""fe005091-cfff-4ee8-81c0-5d1c9e578ad1""}",2026-03-28T17:34:32.944446931Z
[DB] Synced 1 accounts to database,info,"{""level"":""info""}","{""project"":""ce3616d9-58ad-4ec7-a294-1821e1564434"",""environment"":""fb6513d0-42a4-4660-82b5-509c54b15f2a"",""service"":""4978aa94-666c-47c7-8024-3ada55195a51"",""deployment"":""3b1fa354-15dc-4557-a220-0df46d05cef6"",""replica"":""fe005091-cfff-4ee8-81c0-5d1c9e578ad1""}",2026-03-28T17:35:03.174092899Z
[DB] Synced 1 accounts to database,info,"{""level"":""info""}","{""project"":""ce3616d9-58ad-4ec7-a294-1821e1564434"",""environment"":""fb6513d0-42a4-4660-82b5-509c54b15f2a"",""service"":""4978aa94-666c-47c7-8024-3ada55195a51"",""deployment"":""3b1fa354-15dc-4557-a220-0df46d05cef6"",""replica"":""fe005091-cfff-4ee8-81c0-5d1c9e578ad1""}",2026-03-28T17:35:33.054656423Z
[DB] Synced 1 accounts to database,info,"{""level"":""info""}","{""project"":""ce3616d9-58ad-4ec7-a294-1821e1564434"",""environment"":""fb6513d0-42a4-4660-82b5-509c54b15f2a"",""service"":""4978aa94-666c-47c7-8024-3ada55195a51"",""deployment"":""3b1fa354-15dc-4557-a220-0df46d05cef6"",""replica"":""fe005091-cfff-4ee8-81c0-5d1c9e578ad1""}",2026-03-28T17:36:03.050503837Z
[DB] Synced 1 accounts to database,info,"{""level"":""info""}","{""project"":""ce3616d9-58ad-4ec7-a294-1821e1564434"",""environment"":""fb6513d0-42a4-4660-82b5-509c54b15f2a"",""service"":""4978aa94-666c-47c7-8024-3ada55195a51"",""deployment"":""3b1fa354-15dc-4557-a220-0df46d05cef6"",""replica"":""fe005091-cfff-4ee8-81c0-5d1c9e578ad1""}",2026-03-28T17:36:33.386200546Z
[DB] Synced 1 accounts to database,info,"{""level"":""info""}","{""project"":""ce3616d9-58ad-4ec7-a294-1821e1564434"",""environment"":""fb6513d0-42a4-4660-82b5-509c54b15f2a"",""service"":""4978aa94-666c-47c7-8024-3ada55195a51"",""deployment"":""3b1fa354-15dc-4557-a220-0df46d05cef6"",""replica"":""fe005091-cfff-4ee8-81c0-5d1c9e578ad1""}",2026-03-28T17:37:03.274766653Z
[DB] Synced 1 accounts to database,info,"{""level"":""info""}","{""project"":""ce3616d9-58ad-4ec7-a294-1821e1564434"",""environment"":""fb6513d0-42a4-4660-82b5-509c54b15f2a"",""service"":""4978aa94-666c-47c7-8024-3ada55195a51"",""deployment"":""3b1fa354-15dc-4557-a220-0df46d05cef6"",""replica"":""fe005091-cfff-4ee8-81c0-5d1c9e578ad1""}",2026-03-28T17:37:33.282768198Z
[DB] Synced 1 accounts to database,info,"{""level"":""info""}","{""project"":""ce3616d9-58ad-4ec7-a294-1821e1564434"",""environment"":""fb6513d0-42a4-4660-82b5-509c54b15f2a"",""service"":""4978aa94-666c-47c7-8024-3ada55195a51"",""deployment"":""3b1fa354-15dc-4557-a220-0df46d05cef6"",""replica"":""fe005091-cfff-4ee8-81c0-5d1c9e578ad1""}",2026-03-28T17:38:03.101517477Z
[DB] Synced 1 accounts to database,info,"{""level"":""info""}","{""project"":""ce3616d9-58ad-4ec7-a294-1821e1564434"",""environment"":""fb6513d0-42a4-4660-82b5-509c54b15f2a"",""service"":""4978aa94-666c-47c7-8024-3ada55195a51"",""deployment"":""3b1fa354-15dc-4557-a220-0df46d05cef6"",""replica"":""fe005091-cfff-4ee8-81c0-5d1c9e578ad1""}",2026-03-28T17:38:33.145208037Z
[DB] Synced 1 accounts to database,info,"{""level"":""info""}","{""project"":""ce3616d9-58ad-4ec7-a294-1821e1564434"",""environment"":""fb6513d0-42a4-4660-82b5-509c54b15f2a"",""service"":""4978aa94-666c-47c7-8024-3ada55195a51"",""deployment"":""3b1fa354-15dc-4557-a220-0df46d05cef6"",""replica"":""fe005091-cfff-4ee8-81c0-5d1c9e578ad1""}",2026-03-28T17:39:03.154450748Z
[DB] Synced 1 accounts to database,info,"{""level"":""info""}","{""project"":""ce3616d9-58ad-4ec7-a294-1821e1564434"",""environment"":""fb6513d0-42a4-4660-82b5-509c54b15f2a"",""service"":""4978aa94-666c-47c7-8024-3ada55195a51"",""deployment"":""3b1fa354-15dc-4557-a220-0df46d05cef6"",""replica"":""fe005091-cfff-4ee8-81c0-5d1c9e578ad1""}",2026-03-28T17:39:33.058069756Z
[DB] Synced 1 accounts to database,info,"{""level"":""info""}","{""project"":""ce3616d9-58ad-4ec7-a294-1821e1564434"",""environment"":""fb6513d0-42a4-4660-82b5-509c54b15f2a"",""service"":""4978aa94-666c-47c7-8024-3ada55195a51"",""deployment"":""3b1fa354-15dc-4557-a220-0df46d05cef6"",""replica"":""fe005091-cfff-4ee8-81c0-5d1c9e578ad1""}",2026-03-28T17:40:03.057900520Z
[DB] Synced 1 accounts to database,info,"{""level"":""info""}","{""project"":""ce3616d9-58ad-4ec7-a294-1821e1564434"",""environment"":""fb6513d0-42a4-4660-82b5-509c54b15f2a"",""service"":""4978aa94-666c-47c7-8024-3ada55195a51"",""deployment"":""3b1fa354-15dc-4557-a220-0df46d05cef6"",""replica"":""fe005091-cfff-4ee8-81c0-5d1c9e578ad1""}",2026-03-28T17:40:33.278655560Z
[DB] Synced 1 accounts to database,info,"{""level"":""info""}","{""project"":""ce3616d9-58ad-4ec7-a294-1821e1564434"",""environment"":""fb6513d0-42a4-4660-82b5-509c54b15f2a"",""service"":""4978aa94-666c-47c7-8024-3ada55195a51"",""deployment"":""3b1fa354-15dc-4557-a220-0df46d05cef6"",""replica"":""fe005091-cfff-4ee8-81c0-5d1c9e578ad1""}",2026-03-28T17:41:02.989623163Z
[DB] Synced 1 accounts to database,info,"{""level"":""info""}","{""project"":""ce3616d9-58ad-4ec7-a294-1821e1564434"",""environment"":""fb6513d0-42a4-4660-82b5-509c54b15f2a"",""service"":""4978aa94-666c-47c7-8024-3ada55195a51"",""deployment"":""3b1fa354-15dc-4557-a220-0df46d05cef6"",""replica"":""fe005091-cfff-4ee8-81c0-5d1c9e578ad1""}",2026-03-28T17:41:33.022576530Z
[DB] Synced 1 accounts to database,info,"{""level"":""info""}","{""project"":""ce3616d9-58ad-4ec7-a294-1821e1564434"",""environment"":""fb6513d0-42a4-4660-82b5-509c54b15f2a"",""service"":""4978aa94-666c-47c7-8024-3ada55195a51"",""deployment"":""3b1fa354-15dc-4557-a220-0df46d05cef6"",""replica"":""fe005091-cfff-4ee8-81c0-5d1c9e578ad1""}",2026-03-28T17:42:03.353352029Z
[DB] Synced 1 accounts to database,info,"{""level"":""info""}","{""project"":""ce3616d9-58ad-4ec7-a294-1821e1564434"",""environment"":""fb6513d0-42a4-4660-82b5-509c54b15f2a"",""service"":""4978aa94-666c-47c7-8024-3ada55195a51"",""deployment"":""3b1fa354-15dc-4557-a220-0df46d05cef6"",""replica"":""fe005091-cfff-4ee8-81c0-5d1c9e578ad1""}",2026-03-28T17:42:33.243429520Z
[DB] Synced 1 accounts to database,info,"{""level"":""info""}","{""project"":""ce3616d9-58ad-4ec7-a294-1821e1564434"",""environment"":""fb6513d0-42a4-4660-82b5-509c54b15f2a"",""service"":""4978aa94-666c-47c7-8024-3ada55195a51"",""deployment"":""3b1fa354-15dc-4557-a220-0df46d05cef6"",""replica"":""fe005091-cfff-4ee8-81c0-5d1c9e578ad1""}",2026-03-28T17:43:03.258183687Z
[DB] Synced 1 accounts to database,info,"{""level"":""info""}","{""project"":""ce3616d9-58ad-4ec7-a294-1821e1564434"",""environment"":""fb6513d0-42a4-4660-82b5-509c54b15f2a"",""service"":""4978aa94-666c-47c7-8024-3ada55195a51"",""deployment"":""3b1fa354-15dc-4557-a220-0df46d05cef6"",""replica"":""fe005091-cfff-4ee8-81c0-5d1c9e578ad1""}",2026-03-28T17:43:33.030666317Z
[DB] Synced 1 accounts to database,info,"{""level"":""info""}","{""project"":""ce3616d9-58ad-4ec7-a294-1821e1564434"",""environment"":""fb6513d0-42a4-4660-82b5-509c54b15f2a"",""service"":""4978aa94-666c-47c7-8024-3ada55195a51"",""deployment"":""3b1fa354-15dc-4557-a220-0df46d05cef6"",""replica"":""fe005091-cfff-4ee8-81c0-5d1c9e578ad1""}",2026-03-28T17:44:03.048225541Z
[DB] Synced 1 accounts to database,info,"{""level"":""info""}","{""project"":""ce3616d9-58ad-4ec7-a294-1821e1564434"",""environment"":""fb6513d0-42a4-4660-82b5-509c54b15f2a"",""service"":""4978aa94-666c-47c7-8024-3ada55195a51"",""deployment"":""3b1fa354-15dc-4557-a220-0df46d05cef6"",""replica"":""fe005091-cfff-4ee8-81c0-5d1c9e578ad1""}",2026-03-28T17:44:32.795833380Z
[DB] Synced 1 accounts to database,info,"{""level"":""info""}","{""project"":""ce3616d9-58ad-4ec7-a294-1821e1564434"",""environment"":""fb6513d0-42a4-4660-82b5-509c54b15f2a"",""service"":""4978aa94-666c-47c7-8024-3ada55195a51"",""deployment"":""3b1fa354-15dc-4557-a220-0df46d05cef6"",""replica"":""fe005091-cfff-4ee8-81c0-5d1c9e578ad1""}",2026-03-28T17:45:02.808548872Z
[DB] Synced 1 accounts to database,info,"{""level"":""info""}","{""project"":""ce3616d9-58ad-4ec7-a294-1821e1564434"",""environment"":""fb6513d0-42a4-4660-82b5-509c54b15f2a"",""service"":""4978aa94-666c-47c7-8024-3ada55195a51"",""deployment"":""3b1fa354-15dc-4557-a220-0df46d05cef6"",""replica"":""fe005091-cfff-4ee8-81c0-5d1c9e578ad1""}",2026-03-28T17:45:32.912035849Z
[DB] Synced 1 accounts to database,info,"{""level"":""info""}","{""project"":""ce3616d9-58ad-4ec7-a294-1821e1564434"",""environment"":""fb6513d0-42a4-4660-82b5-509c54b15f2a"",""service"":""4978aa94-666c-47c7-8024-3ada55195a51"",""deployment"":""3b1fa354-15dc-4557-a220-0df46d05cef6"",""replica"":""fe005091-cfff-4ee8-81c0-5d1c9e578ad1""}",2026-03-28T17:46:02.781317649Z
[DB] Synced 1 accounts to database,info,"{""level"":""info""}","{""project"":""ce3616d9-58ad-4ec7-a294-1821e1564434"",""environment"":""fb6513d0-42a4-4660-82b5-509c54b15f2a"",""service"":""4978aa94-666c-47c7-8024-3ada55195a51"",""deployment"":""3b1fa354-15dc-4557-a220-0df46d05cef6"",""replica"":""fe005091-cfff-4ee8-81c0-5d1c9e578ad1""}",2026-03-28T17:46:32.797722552Z
[DB] Synced 1 accounts to database,info,"{""level"":""info""}","{""project"":""ce3616d9-58ad-4ec7-a294-1821e1564434"",""environment"":""fb6513d0-42a4-4660-82b5-509c54b15f2a"",""service"":""4978aa94-666c-47c7-8024-3ada55195a51"",""deployment"":""3b1fa354-15dc-4557-a220-0df46d05cef6"",""replica"":""fe005091-cfff-4ee8-81c0-5d1c9e578ad1""}",2026-03-28T17:47:03.022595241Z
[DB] Synced 1 accounts to database,info,"{""level"":""info""}","{""project"":""ce3616d9-58ad-4ec7-a294-1821e1564434"",""environment"":""fb6513d0-42a4-4660-82b5-509c54b15f2a"",""service"":""4978aa94-666c-47c7-8024-3ada55195a51"",""deployment"":""3b1fa354-15dc-4557-a220-0df46d05cef6"",""replica"":""fe005091-cfff-4ee8-81c0-5d1c9e578ad1""}",2026-03-28T17:47:32.889083009Z
[DB] Synced 1 accounts to database,info,"{""level"":""info""}","{""project"":""ce3616d9-58ad-4ec7-a294-1821e1564434"",""environment"":""fb6513d0-42a4-4660-82b5-509c54b15f2a"",""service"":""4978aa94-666c-47c7-8024-3ada55195a51"",""deployment"":""3b1fa354-15dc-4557-a220-0df46d05cef6"",""replica"":""fe005091-cfff-4ee8-81c0-5d1c9e578ad1""}",2026-03-28T17:48:02.972283944Z
[DB] Synced 1 accounts to database,info,"{""level"":""info""}","{""project"":""ce3616d9-58ad-4ec7-a294-1821e1564434"",""environment"":""fb6513d0-42a4-4660-82b5-509c54b15f2a"",""service"":""4978aa94-666c-47c7-8024-3ada55195a51"",""deployment"":""3b1fa354-15dc-4557-a220-0df46d05cef6"",""replica"":""fe005091-cfff-4ee8-81c0-5d1c9e578ad1""}",2026-03-28T17:48:32.840086008Z
[DB] Synced 1 accounts to database,info,"{""level"":""info""}","{""project"":""ce3616d9-58ad-4ec7-a294-1821e1564434"",""environment"":""fb6513d0-42a4-4660-82b5-509c54b15f2a"",""service"":""4978aa94-666c-47c7-8024-3ada55195a51"",""deployment"":""3b1fa354-15dc-4557-a220-0df46d05cef6"",""replica"":""fe005091-cfff-4ee8-81c0-5d1c9e578ad1""}",2026-03-28T17:49:02.891073114Z
[DB] Synced 1 accounts to database,info,"{""level"":""info""}","{""project"":""ce3616d9-58ad-4ec7-a294-1821e1564434"",""environment"":""fb6513d0-42a4-4660-82b5-509c54b15f2a"",""service"":""4978aa94-666c-47c7-8024-3ada55195a51"",""deployment"":""3b1fa354-15dc-4557-a220-0df46d05cef6"",""replica"":""fe005091-cfff-4ee8-81c0-5d1c9e578ad1""}",2026-03-28T17:49:32.643347788Z
[DB] Synced 1 accounts to database,info,"{""level"":""info""}","{""project"":""ce3616d9-58ad-4ec7-a294-1821e1564434"",""environment"":""fb6513d0-42a4-4660-82b5-509c54b15f2a"",""service"":""4978aa94-666c-47c7-8024-3ada55195a51"",""deployment"":""3b1fa354-15dc-4557-a220-0df46d05cef6"",""replica"":""fe005091-cfff-4ee8-81c0-5d1c9e578ad1""}",2026-03-28T17:50:02.637285907Z
[DB] Synced 1 accounts to database,info,"{""level"":""info""}","{""project"":""ce3616d9-58ad-4ec7-a294-1821e1564434"",""environment"":""fb6513d0-42a4-4660-82b5-509c54b15f2a"",""service"":""4978aa94-666c-47c7-8024-3ada55195a51"",""deployment"":""3b1fa354-15dc-4557-a220-0df46d05cef6"",""replica"":""fe005091-cfff-4ee8-81c0-5d1c9e578ad1""}",2026-03-28T17:50:32.472628525Z
[DB] Synced 1 accounts to database,info,"{""level"":""info""}","{""project"":""ce3616d9-58ad-4ec7-a294-1821e1564434"",""environment"":""fb6513d0-42a4-4660-82b5-509c54b15f2a"",""service"":""4978aa94-666c-47c7-8024-3ada55195a51"",""deployment"":""3b1fa354-15dc-4557-a220-0df46d05cef6"",""replica"":""fe005091-cfff-4ee8-81c0-5d1c9e578ad1""}",2026-03-28T17:51:02.543807001Z
[DB] Synced 1 accounts to database,info,"{""level"":""info""}","{""project"":""ce3616d9-58ad-4ec7-a294-1821e1564434"",""environment"":""fb6513d0-42a4-4660-82b5-509c54b15f2a"",""service"":""4978aa94-666c-47c7-8024-3ada55195a51"",""deployment"":""3b1fa354-15dc-4557-a220-0df46d05cef6"",""replica"":""fe005091-cfff-4ee8-81c0-5d1c9e578ad1""}",2026-03-28T17:51:32.351163268Z
[DB] Synced 1 accounts to database,info,"{""level"":""info""}","{""project"":""ce3616d9-58ad-4ec7-a294-1821e1564434"",""environment"":""fb6513d0-42a4-4660-82b5-509c54b15f2a"",""service"":""4978aa94-666c-47c7-8024-3ada55195a51"",""deployment"":""3b1fa354-15dc-4557-a220-0df46d05cef6"",""replica"":""fe005091-cfff-4ee8-81c0-5d1c9e578ad1""}",2026-03-28T17:52:02.360046701Z
[DB] Synced 1 accounts to database,info,"{""level"":""info""}","{""project"":""ce3616d9-58ad-4ec7-a294-1821e1564434"",""environment"":""fb6513d0-42a4-4660-82b5-509c54b15f2a"",""service"":""4978aa94-666c-47c7-8024-3ada55195a51"",""deployment"":""3b1fa354-15dc-4557-a220-0df46d05cef6"",""replica"":""fe005091-cfff-4ee8-81c0-5d1c9e578ad1""}",2026-03-28T17:52:32.254079163Z
[DB] Synced 1 accounts to database,info,"{""level"":""info""}","{""project"":""ce3616d9-58ad-4ec7-a294-1821e1564434"",""environment"":""fb6513d0-42a4-4660-82b5-509c54b15f2a"",""service"":""4978aa94-666c-47c7-8024-3ada55195a51"",""deployment"":""3b1fa354-15dc-4557-a220-0df46d05cef6"",""replica"":""fe005091-cfff-4ee8-81c0-5d1c9e578ad1""}",2026-03-28T17:53:02.328495405Z
[DB] Synced 1 accounts to database,info,"{""level"":""info""}","{""project"":""ce3616d9-58ad-4ec7-a294-1821e1564434"",""environment"":""fb6513d0-42a4-4660-82b5-509c54b15f2a"",""service"":""4978aa94-666c-47c7-8024-3ada55195a51"",""deployment"":""3b1fa354-15dc-4557-a220-0df46d05cef6"",""replica"":""fe005091-cfff-4ee8-81c0-5d1c9e578ad1""}",2026-03-28T17:53:32.450504318Z
[DB] Synced 1 accounts to database,info,"{""level"":""info""}","{""project"":""ce3616d9-58ad-4ec7-a294-1821e1564434"",""environment"":""fb6513d0-42a4-4660-82b5-509c54b15f2a"",""service"":""4978aa94-666c-47c7-8024-3ada55195a51"",""deployment"":""3b1fa354-15dc-4557-a220-0df46d05cef6"",""replica"":""fe005091-cfff-4ee8-81c0-5d1c9e578ad1""}",2026-03-28T17:54:02.258670255Z
[DB] Synced 1 accounts to database,info,"{""level"":""info""}","{""project"":""ce3616d9-58ad-4ec7-a294-1821e1564434"",""environment"":""fb6513d0-42a4-4660-82b5-509c54b15f2a"",""service"":""4978aa94-666c-47c7-8024-3ada55195a51"",""deployment"":""3b1fa354-15dc-4557-a220-0df46d05cef6"",""replica"":""fe005091-cfff-4ee8-81c0-5d1c9e578ad1""}",2026-03-28T17:54:32.278526572Z
[DB] Synced 1 accounts to database,info,"{""level"":""info""}","{""project"":""ce3616d9-58ad-4ec7-a294-1821e1564434"",""environment"":""fb6513d0-42a4-4660-82b5-509c54b15f2a"",""service"":""4978aa94-666c-47c7-8024-3ada55195a51"",""deployment"":""3b1fa354-15dc-4557-a220-0df46d05cef6"",""replica"":""fe005091-cfff-4ee8-81c0-5d1c9e578ad1""}",2026-03-28T17:55:02.341209729Z
[DB] Synced 1 accounts to database,info,"{""level"":""info""}","{""project"":""ce3616d9-58ad-4ec7-a294-1821e1564434"",""environment"":""fb6513d0-42a4-4660-82b5-509c54b15f2a"",""service"":""4978aa94-666c-47c7-8024-3ada55195a51"",""deployment"":""3b1fa354-15dc-4557-a220-0df46d05cef6"",""replica"":""fe005091-cfff-4ee8-81c0-5d1c9e578ad1""}",2026-03-28T17:55:32.165454892Z
[DB] Synced 1 accounts to database,info,"{""level"":""info""}","{""project"":""ce3616d9-58ad-4ec7-a294-1821e1564434"",""environment"":""fb6513d0-42a4-4660-82b5-509c54b15f2a"",""service"":""4978aa94-666c-47c7-8024-3ada55195a51"",""deployment"":""3b1fa354-15dc-4557-a220-0df46d05cef6"",""replica"":""fe005091-cfff-4ee8-81c0-5d1c9e578ad1""}",2026-03-28T17:56:02.135412162Z
[DB] Synced 1 accounts to database,info,"{""level"":""info""}","{""project"":""ce3616d9-58ad-4ec7-a294-1821e1564434"",""environment"":""fb6513d0-42a4-4660-82b5-509c54b15f2a"",""service"":""4978aa94-666c-47c7-8024-3ada55195a51"",""deployment"":""3b1fa354-15dc-4557-a220-0df46d05cef6"",""replica"":""fe005091-cfff-4ee8-81c0-5d1c9e578ad1""}",2026-03-28T17:56:32.176039485Z
[DB] Synced 1 accounts to database,info,"{""level"":""info""}","{""project"":""ce3616d9-58ad-4ec7-a294-1821e1564434"",""environment"":""fb6513d0-42a4-4660-82b5-509c54b15f2a"",""service"":""4978aa94-666c-47c7-8024-3ada55195a51"",""deployment"":""3b1fa354-15dc-4557-a220-0df46d05cef6"",""replica"":""fe005091-cfff-4ee8-81c0-5d1c9e578ad1""}",2026-03-28T17:57:02.002622285Z
[DB] Synced 1 accounts to database,info,"{""level"":""info""}","{""project"":""ce3616d9-58ad-4ec7-a294-1821e1564434"",""environment"":""fb6513d0-42a4-4660-82b5-509c54b15f2a"",""service"":""4978aa94-666c-47c7-8024-3ada55195a51"",""deployment"":""3b1fa354-15dc-4557-a220-0df46d05cef6"",""replica"":""fe005091-cfff-4ee8-81c0-5d1c9e578ad1""}",2026-03-28T17:57:32.009915262Z
[DB] Synced 1 accounts to database,info,"{""level"":""info""}","{""project"":""ce3616d9-58ad-4ec7-a294-1821e1564434"",""environment"":""fb6513d0-42a4-4660-82b5-509c54b15f2a"",""service"":""4978aa94-666c-47c7-8024-3ada55195a51"",""deployment"":""3b1fa354-15dc-4557-a220-0df46d05cef6"",""replica"":""fe005091-cfff-4ee8-81c0-5d1c9e578ad1""}",2026-03-28T17:58:02.244455560Z
[DB] Synced 1 accounts to database,info,"{""level"":""info""}","{""project"":""ce3616d9-58ad-4ec7-a294-1821e1564434"",""environment"":""fb6513d0-42a4-4660-82b5-509c54b15f2a"",""service"":""4978aa94-666c-47c7-8024-3ada55195a51"",""deployment"":""3b1fa354-15dc-4557-a220-0df46d05cef6"",""replica"":""fe005091-cfff-4ee8-81c0-5d1c9e578ad1""}",2026-03-28T17:58:32.104346733Z
[DB] Synced 1 accounts to database,info,"{""level"":""info""}","{""project"":""ce3616d9-58ad-4ec7-a294-1821e1564434"",""environment"":""fb6513d0-42a4-4660-82b5-509c54b15f2a"",""service"":""4978aa94-666c-47c7-8024-3ada55195a51"",""deployment"":""3b1fa354-15dc-4557-a220-0df46d05cef6"",""replica"":""fe005091-cfff-4ee8-81c0-5d1c9e578ad1""}",2026-03-28T17:59:01.803973834Z
[DB] Synced 1 accounts to database,info,"{""level"":""info""}","{""project"":""ce3616d9-58ad-4ec7-a294-1821e1564434"",""environment"":""fb6513d0-42a4-4660-82b5-509c54b15f2a"",""service"":""4978aa94-666c-47c7-8024-3ada55195a51"",""deployment"":""3b1fa354-15dc-4557-a220-0df46d05cef6"",""replica"":""fe005091-cfff-4ee8-81c0-5d1c9e578ad1""}",2026-03-28T17:59:31.805060720Z
[DB] Synced 1 accounts to database,info,"{""level"":""info""}","{""project"":""ce3616d9-58ad-4ec7-a294-1821e1564434"",""environment"":""fb6513d0-42a4-4660-82b5-509c54b15f2a"",""service"":""4978aa94-666c-47c7-8024-3ada55195a51"",""deployment"":""3b1fa354-15dc-4557-a220-0df46d05cef6"",""replica"":""fe005091-cfff-4ee8-81c0-5d1c9e578ad1""}",2026-03-28T18:00:01.995397041Z
[DB] Synced 1 accounts to database,info,"{""level"":""info""}","{""project"":""ce3616d9-58ad-4ec7-a294-1821e1564434"",""environment"":""fb6513d0-42a4-4660-82b5-509c54b15f2a"",""service"":""4978aa94-666c-47c7-8024-3ada55195a51"",""deployment"":""3b1fa354-15dc-4557-a220-0df46d05cef6"",""replica"":""fe005091-cfff-4ee8-81c0-5d1c9e578ad1""}",2026-03-28T18:00:31.746381407Z
[DB] Synced 1 accounts to database,info,"{""level"":""info""}","{""project"":""ce3616d9-58ad-4ec7-a294-1821e1564434"",""environment"":""fb6513d0-42a4-4660-82b5-509c54b15f2a"",""service"":""4978aa94-666c-47c7-8024-3ada55195a51"",""deployment"":""3b1fa354-15dc-4557-a220-0df46d05cef6"",""replica"":""fe005091-cfff-4ee8-81c0-5d1c9e578ad1""}",2026-03-28T18:01:01.746401563Z
[DB] Synced 1 accounts to database,info,"{""level"":""info""}","{""project"":""ce3616d9-58ad-4ec7-a294-1821e1564434"",""environment"":""fb6513d0-42a4-4660-82b5-509c54b15f2a"",""service"":""4978aa94-666c-47c7-8024-3ada55195a51"",""deployment"":""3b1fa354-15dc-4557-a220-0df46d05cef6"",""replica"":""fe005091-cfff-4ee8-81c0-5d1c9e578ad1""}",2026-03-28T18:01:31.754619892Z
[DB] Synced 1 accounts to database,info,"{""level"":""info""}","{""project"":""ce3616d9-58ad-4ec7-a294-1821e1564434"",""environment"":""fb6513d0-42a4-4660-82b5-509c54b15f2a"",""service"":""4978aa94-666c-47c7-8024-3ada55195a51"",""deployment"":""3b1fa354-15dc-4557-a220-0df46d05cef6"",""replica"":""fe005091-cfff-4ee8-81c0-5d1c9e578ad1""}",2026-03-28T18:02:01.625708330Z
[DB] Synced 1 accounts to database,info,"{""level"":""info""}","{""project"":""ce3616d9-58ad-4ec7-a294-1821e1564434"",""environment"":""fb6513d0-42a4-4660-82b5-509c54b15f2a"",""service"":""4978aa94-666c-47c7-8024-3ada55195a51"",""deployment"":""3b1fa354-15dc-4557-a220-0df46d05cef6"",""replica"":""fe005091-cfff-4ee8-81c0-5d1c9e578ad1""}",2026-03-28T18:02:31.630016489Z
[DB] Synced 1 accounts to database,info,"{""level"":""info""}","{""project"":""ce3616d9-58ad-4ec7-a294-1821e1564434"",""environment"":""fb6513d0-42a4-4660-82b5-509c54b15f2a"",""service"":""4978aa94-666c-47c7-8024-3ada55195a51"",""deployment"":""3b1fa354-15dc-4557-a220-0df46d05cef6"",""replica"":""fe005091-cfff-4ee8-81c0-5d1c9e578ad1""}",2026-03-28T18:03:01.785150916Z
[DB] Synced 1 accounts to database,info,"{""level"":""info""}","{""project"":""ce3616d9-58ad-4ec7-a294-1821e1564434"",""environment"":""fb6513d0-42a4-4660-82b5-509c54b15f2a"",""service"":""4978aa94-666c-47c7-8024-3ada55195a51"",""deployment"":""3b1fa354-15dc-4557-a220-0df46d05cef6"",""replica"":""fe005091-cfff-4ee8-81c0-5d1c9e578ad1""}",2026-03-28T18:03:31.700414154Z
[DB] Synced 1 accounts to database,info,"{""level"":""info""}","{""project"":""ce3616d9-58ad-4ec7-a294-1821e1564434"",""environment"":""fb6513d0-42a4-4660-82b5-509c54b15f2a"",""service"":""4978aa94-666c-47c7-8024-3ada55195a51"",""deployment"":""3b1fa354-15dc-4557-a220-0df46d05cef6"",""replica"":""fe005091-cfff-4ee8-81c0-5d1c9e578ad1""}",2026-03-28T18:04:01.760795923Z
[DB] Synced 1 accounts to database,info,"{""level"":""info""}","{""project"":""ce3616d9-58ad-4ec7-a294-1821e1564434"",""environment"":""fb6513d0-42a4-4660-82b5-509c54b15f2a"",""service"":""4978aa94-666c-47c7-8024-3ada55195a51"",""deployment"":""3b1fa354-15dc-4557-a220-0df46d05cef6"",""replica"":""fe005091-cfff-4ee8-81c0-5d1c9e578ad1""}",2026-03-28T18:04:31.995798627Z
[DB] Synced 1 accounts to database,info,"{""level"":""info""}","{""project"":""ce3616d9-58ad-4ec7-a294-1821e1564434"",""environment"":""fb6513d0-42a4-4660-82b5-509c54b15f2a"",""service"":""4978aa94-666c-47c7-8024-3ada55195a51"",""deployment"":""3b1fa354-15dc-4557-a220-0df46d05cef6"",""replica"":""fe005091-cfff-4ee8-81c0-5d1c9e578ad1""}",2026-03-28T18:05:01.780182363Z
[DB] Synced 1 accounts to database,info,"{""level"":""info""}","{""project"":""ce3616d9-58ad-4ec7-a294-1821e1564434"",""environment"":""fb6513d0-42a4-4660-82b5-509c54b15f2a"",""service"":""4978aa94-666c-47c7-8024-3ada55195a51"",""deployment"":""3b1fa354-15dc-4557-a220-0df46d05cef6"",""replica"":""fe005091-cfff-4ee8-81c0-5d1c9e578ad1""}",2026-03-28T18:05:31.851405173Z
[DB] Synced 1 accounts to database,info,"{""level"":""info""}","{""project"":""ce3616d9-58ad-4ec7-a294-1821e1564434"",""environment"":""fb6513d0-42a4-4660-82b5-509c54b15f2a"",""service"":""4978aa94-666c-47c7-8024-3ada55195a51"",""deployment"":""3b1fa354-15dc-4557-a220-0df46d05cef6"",""replica"":""fe005091-cfff-4ee8-81c0-5d1c9e578ad1""}",2026-03-28T18:06:01.697703105Z
[DB] Synced 1 accounts to database,info,"{""level"":""info""}","{""project"":""ce3616d9-58ad-4ec7-a294-1821e1564434"",""environment"":""fb6513d0-42a4-4660-82b5-509c54b15f2a"",""service"":""4978aa94-666c-47c7-8024-3ada55195a51"",""deployment"":""3b1fa354-15dc-4557-a220-0df46d05cef6"",""replica"":""fe005091-cfff-4ee8-81c0-5d1c9e578ad1""}",2026-03-28T18:06:41.861472345Z
[DB] Synced 1 accounts to database,info,"{""level"":""info""}","{""project"":""ce3616d9-58ad-4ec7-a294-1821e1564434"",""environment"":""fb6513d0-42a4-4660-82b5-509c54b15f2a"",""service"":""4978aa94-666c-47c7-8024-3ada55195a51"",""deployment"":""3b1fa354-15dc-4557-a220-0df46d05cef6"",""replica"":""fe005091-cfff-4ee8-81c0-5d1c9e578ad1""}",2026-03-28T18:07:01.761851232Z
[DB] Synced 1 accounts to database,info,"{""level"":""info""}","{""project"":""ce3616d9-58ad-4ec7-a294-1821e1564434"",""environment"":""fb6513d0-42a4-4660-82b5-509c54b15f2a"",""service"":""4978aa94-666c-47c7-8024-3ada55195a51"",""deployment"":""3b1fa354-15dc-4557-a220-0df46d05cef6"",""replica"":""fe005091-cfff-4ee8-81c0-5d1c9e578ad1""}",2026-03-28T18:07:31.740993005Z
[DB] Synced 1 accounts to database,info,"{""level"":""info""}","{""project"":""ce3616d9-58ad-4ec7-a294-1821e1564434"",""environment"":""fb6513d0-42a4-4660-82b5-509c54b15f2a"",""service"":""4978aa94-666c-47c7-8024-3ada55195a51"",""deployment"":""3b1fa354-15dc-4557-a220-0df46d05cef6"",""replica"":""fe005091-cfff-4ee8-81c0-5d1c9e578ad1""}",2026-03-28T18:08:01.894726476Z
[DB] Synced 1 accounts to database,info,"{""level"":""info""}","{""project"":""ce3616d9-58ad-4ec7-a294-1821e1564434"",""environment"":""fb6513d0-42a4-4660-82b5-509c54b15f2a"",""service"":""4978aa94-666c-47c7-8024-3ada55195a51"",""deployment"":""3b1fa354-15dc-4557-a220-0df46d05cef6"",""replica"":""fe005091-cfff-4ee8-81c0-5d1c9e578ad1""}",2026-03-28T18:08:41.731907004Z
[DB] Synced 1 accounts to database,info,"{""level"":""info""}","{""project"":""ce3616d9-58ad-4ec7-a294-1821e1564434"",""environment"":""fb6513d0-42a4-4660-82b5-509c54b15f2a"",""service"":""4978aa94-666c-47c7-8024-3ada55195a51"",""deployment"":""3b1fa354-15dc-4557-a220-0df46d05cef6"",""replica"":""fe005091-cfff-4ee8-81c0-5d1c9e578ad1""}",2026-03-28T18:09:11.743114458Z
[DB] Synced 1 accounts to database,info,"{""level"":""info""}","{""project"":""ce3616d9-58ad-4ec7-a294-1821e1564434"",""environment"":""fb6513d0-42a4-4660-82b5-509c54b15f2a"",""service"":""4978aa94-666c-47c7-8024-3ada55195a51"",""deployment"":""3b1fa354-15dc-4557-a220-0df46d05cef6"",""replica"":""fe005091-cfff-4ee8-81c0-5d1c9e578ad1""}",2026-03-28T18:09:41.851635616Z
[DB] Synced 1 accounts to database,info,"{""level"":""info""}","{""project"":""ce3616d9-58ad-4ec7-a294-1821e1564434"",""environment"":""fb6513d0-42a4-4660-82b5-509c54b15f2a"",""service"":""4978aa94-666c-47c7-8024-3ada55195a51"",""deployment"":""3b1fa354-15dc-4557-a220-0df46d05cef6"",""replica"":""fe005091-cfff-4ee8-81c0-5d1c9e578ad1""}",2026-03-28T18:10:11.809824995Z
[DB] Synced 1 accounts to database,info,"{""level"":""info""}","{""project"":""ce3616d9-58ad-4ec7-a294-1821e1564434"",""environment"":""fb6513d0-42a4-4660-82b5-509c54b15f2a"",""service"":""4978aa94-666c-47c7-8024-3ada55195a51"",""deployment"":""3b1fa354-15dc-4557-a220-0df46d05cef6"",""replica"":""fe005091-cfff-4ee8-81c0-5d1c9e578ad1""}",2026-03-28T18:10:41.856436072Z
[DB] Synced 1 accounts to database,info,"{""level"":""info""}","{""project"":""ce3616d9-58ad-4ec7-a294-1821e1564434"",""environment"":""fb6513d0-42a4-4660-82b5-509c54b15f2a"",""service"":""4978aa94-666c-47c7-8024-3ada55195a51"",""deployment"":""3b1fa354-15dc-4557-a220-0df46d05cef6"",""replica"":""fe005091-cfff-4ee8-81c0-5d1c9e578ad1""}",2026-03-28T18:11:11.868435202Z
[DB] Synced 1 accounts to database,info,"{""level"":""info""}","{""project"":""ce3616d9-58ad-4ec7-a294-1821e1564434"",""environment"":""fb6513d0-42a4-4660-82b5-509c54b15f2a"",""service"":""4978aa94-666c-47c7-8024-3ada55195a51"",""deployment"":""3b1fa354-15dc-4557-a220-0df46d05cef6"",""replica"":""fe005091-cfff-4ee8-81c0-5d1c9e578ad1""}",2026-03-28T18:11:41.721043205Z
[DB] Synced 1 accounts to database,info,"{""level"":""info""}","{""project"":""ce3616d9-58ad-4ec7-a294-1821e1564434"",""environment"":""fb6513d0-42a4-4660-82b5-509c54b15f2a"",""service"":""4978aa94-666c-47c7-8024-3ada55195a51"",""deployment"":""3b1fa354-15dc-4557-a220-0df46d05cef6"",""replica"":""fe005091-cfff-4ee8-81c0-5d1c9e578ad1""}",2026-03-28T18:12:11.739310421Z
[DB] Synced 1 accounts to database,info,"{""level"":""info""}","{""project"":""ce3616d9-58ad-4ec7-a294-1821e1564434"",""environment"":""fb6513d0-42a4-4660-82b5-509c54b15f2a"",""service"":""4978aa94-666c-47c7-8024-3ada55195a51"",""deployment"":""3b1fa354-15dc-4557-a220-0df46d05cef6"",""replica"":""fe005091-cfff-4ee8-81c0-5d1c9e578ad1""}",2026-03-28T18:12:41.977023121Z
[DB] Synced 1 accounts to database,info,"{""level"":""info""}","{""project"":""ce3616d9-58ad-4ec7-a294-1821e1564434"",""environment"":""fb6513d0-42a4-4660-82b5-509c54b15f2a"",""service"":""4978aa94-666c-47c7-8024-3ada55195a51"",""deployment"":""3b1fa354-15dc-4557-a220-0df46d05cef6"",""replica"":""fe005091-cfff-4ee8-81c0-5d1c9e578ad1""}",2026-03-28T18:13:11.874230643Z
[DB] Synced 1 accounts to database,info,"{""level"":""info""}","{""project"":""ce3616d9-58ad-4ec7-a294-1821e1564434"",""environment"":""fb6513d0-42a4-4660-82b5-509c54b15f2a"",""service"":""4978aa94-666c-47c7-8024-3ada55195a51"",""deployment"":""3b1fa354-15dc-4557-a220-0df46d05cef6"",""replica"":""fe005091-cfff-4ee8-81c0-5d1c9e578ad1""}",2026-03-28T18:13:41.942291896Z
[DB] Synced 1 accounts to database,info,"{""level"":""info""}","{""project"":""ce3616d9-58ad-4ec7-a294-1821e1564434"",""environment"":""fb6513d0-42a4-4660-82b5-509c54b15f2a"",""service"":""4978aa94-666c-47c7-8024-3ada55195a51"",""deployment"":""3b1fa354-15dc-4557-a220-0df46d05cef6"",""replica"":""fe005091-cfff-4ee8-81c0-5d1c9e578ad1""}",2026-03-28T18:14:11.976020974Z
[DB] Synced 1 accounts to database,info,"{""level"":""info""}","{""project"":""ce3616d9-58ad-4ec7-a294-1821e1564434"",""environment"":""fb6513d0-42a4-4660-82b5-509c54b15f2a"",""service"":""4978aa94-666c-47c7-8024-3ada55195a51"",""deployment"":""3b1fa354-15dc-4557-a220-0df46d05cef6"",""replica"":""fe005091-cfff-4ee8-81c0-5d1c9e578ad1""}",2026-03-28T18:14:41.877812592Z
[DB] Synced 1 accounts to database,info,"{""level"":""info""}","{""project"":""ce3616d9-58ad-4ec7-a294-1821e1564434"",""environment"":""fb6513d0-42a4-4660-82b5-509c54b15f2a"",""service"":""4978aa94-666c-47c7-8024-3ada55195a51"",""deployment"":""3b1fa354-15dc-4557-a220-0df46d05cef6"",""replica"":""fe005091-cfff-4ee8-81c0-5d1c9e578ad1""}",2026-03-28T18:15:11.894904790Z
[DB] Synced 1 accounts to database,info,"{""level"":""info""}","{""project"":""ce3616d9-58ad-4ec7-a294-1821e1564434"",""environment"":""fb6513d0-42a4-4660-82b5-509c54b15f2a"",""service"":""4978aa94-666c-47c7-8024-3ada55195a51"",""deployment"":""3b1fa354-15dc-4557-a220-0df46d05cef6"",""replica"":""fe005091-cfff-4ee8-81c0-5d1c9e578ad1""}",2026-03-28T18:15:41.877122443Z
[DB] Synced 1 accounts to database,info,"{""level"":""info""}","{""project"":""ce3616d9-58ad-4ec7-a294-1821e1564434"",""environment"":""fb6513d0-42a4-4660-82b5-509c54b15f2a"",""service"":""4978aa94-666c-47c7-8024-3ada55195a51"",""deployment"":""3b1fa354-15dc-4557-a220-0df46d05cef6"",""replica"":""fe005091-cfff-4ee8-81c0-5d1c9e578ad1""}",2026-03-28T18:16:11.656710080Z
[DB] Synced 1 accounts to database,info,"{""level"":""info""}","{""project"":""ce3616d9-58ad-4ec7-a294-1821e1564434"",""environment"":""fb6513d0-42a4-4660-82b5-509c54b15f2a"",""service"":""4978aa94-666c-47c7-8024-3ada55195a51"",""deployment"":""3b1fa354-15dc-4557-a220-0df46d05cef6"",""replica"":""fe005091-cfff-4ee8-81c0-5d1c9e578ad1""}",2026-03-28T18:16:41.644873672Z
[DB] Synced 1 accounts to database,info,"{""level"":""info""}","{""project"":""ce3616d9-58ad-4ec7-a294-1821e1564434"",""environment"":""fb6513d0-42a4-4660-82b5-509c54b15f2a"",""service"":""4978aa94-666c-47c7-8024-3ada55195a51"",""deployment"":""3b1fa354-15dc-4557-a220-0df46d05cef6"",""replica"":""fe005091-cfff-4ee8-81c0-5d1c9e578ad1""}",2026-03-28T18:17:12.105436769Z
[DB] Synced 1 accounts to database,info,"{""level"":""info""}","{""project"":""ce3616d9-58ad-4ec7-a294-1821e1564434"",""environment"":""fb6513d0-42a4-4660-82b5-509c54b15f2a"",""service"":""4978aa94-666c-47c7-8024-3ada55195a51"",""deployment"":""3b1fa354-15dc-4557-a220-0df46d05cef6"",""replica"":""fe005091-cfff-4ee8-81c0-5d1c9e578ad1""}",2026-03-28T18:17:41.890090849Z
[DB] Synced 1 accounts to database,info,"{""level"":""info""}","{""project"":""ce3616d9-58ad-4ec7-a294-1821e1564434"",""environment"":""fb6513d0-42a4-4660-82b5-509c54b15f2a"",""service"":""4978aa94-666c-47c7-8024-3ada55195a51"",""deployment"":""3b1fa354-15dc-4557-a220-0df46d05cef6"",""replica"":""fe005091-cfff-4ee8-81c0-5d1c9e578ad1""}",2026-03-28T18:18:11.888503315Z
[DB] Synced 1 accounts to database,info,"{""level"":""info""}","{""project"":""ce3616d9-58ad-4ec7-a294-1821e1564434"",""environment"":""fb6513d0-42a4-4660-82b5-509c54b15f2a"",""service"":""4978aa94-666c-47c7-8024-3ada55195a51"",""deployment"":""3b1fa354-15dc-4557-a220-0df46d05cef6"",""replica"":""fe005091-cfff-4ee8-81c0-5d1c9e578ad1""}",2026-03-28T18:18:42.185650486Z
[DB] Synced 1 accounts to database,info,"{""level"":""info""}","{""project"":""ce3616d9-58ad-4ec7-a294-1821e1564434"",""environment"":""fb6513d0-42a4-4660-82b5-509c54b15f2a"",""service"":""4978aa94-666c-47c7-8024-3ada55195a51"",""deployment"":""3b1fa354-15dc-4557-a220-0df46d05cef6"",""replica"":""fe005091-cfff-4ee8-81c0-5d1c9e578ad1""}",2026-03-28T18:19:11.997588683Z
[DB] Synced 1 accounts to database,info,"{""level"":""info""}","{""project"":""ce3616d9-58ad-4ec7-a294-1821e1564434"",""environment"":""fb6513d0-42a4-4660-82b5-509c54b15f2a"",""service"":""4978aa94-666c-47c7-8024-3ada55195a51"",""deployment"":""3b1fa354-15dc-4557-a220-0df46d05cef6"",""replica"":""fe005091-cfff-4ee8-81c0-5d1c9e578ad1""}",2026-03-28T18:19:42.047267051Z
[DB] Synced 1 accounts to database,info,"{""level"":""info""}","{""project"":""ce3616d9-58ad-4ec7-a294-1821e1564434"",""environment"":""fb6513d0-42a4-4660-82b5-509c54b15f2a"",""service"":""4978aa94-666c-47c7-8024-3ada55195a51"",""deployment"":""3b1fa354-15dc-4557-a220-0df46d05cef6"",""replica"":""fe005091-cfff-4ee8-81c0-5d1c9e578ad1""}",2026-03-28T18:20:11.767341171Z
[DB] Synced 1 accounts to database,info,"{""level"":""info""}","{""project"":""ce3616d9-58ad-4ec7-a294-1821e1564434"",""environment"":""fb6513d0-42a4-4660-82b5-509c54b15f2a"",""service"":""4978aa94-666c-47c7-8024-3ada55195a51"",""deployment"":""3b1fa354-15dc-4557-a220-0df46d05cef6"",""replica"":""fe005091-cfff-4ee8-81c0-5d1c9e578ad1""}",2026-03-28T18:20:41.788995735Z
[DB] Synced 1 accounts to database,info,"{""level"":""info""}","{""project"":""ce3616d9-58ad-4ec7-a294-1821e1564434"",""environment"":""fb6513d0-42a4-4660-82b5-509c54b15f2a"",""service"":""4978aa94-666c-47c7-8024-3ada55195a51"",""deployment"":""3b1fa354-15dc-4557-a220-0df46d05cef6"",""replica"":""fe005091-cfff-4ee8-81c0-5d1c9e578ad1""}",2026-03-28T18:21:11.550179542Z
[DB] Synced 1 accounts to database,info,"{""level"":""info""}","{""project"":""ce3616d9-58ad-4ec7-a294-1821e1564434"",""environment"":""fb6513d0-42a4-4660-82b5-509c54b15f2a"",""service"":""4978aa94-666c-47c7-8024-3ada55195a51"",""deployment"":""3b1fa354-15dc-4557-a220-0df46d05cef6"",""replica"":""fe005091-cfff-4ee8-81c0-5d1c9e578ad1""}",2026-03-28T18:21:41.618275719Z
[DB] Synced 1 accounts to database,info,"{""level"":""info""}","{""project"":""ce3616d9-58ad-4ec7-a294-1821e1564434"",""environment"":""fb6513d0-42a4-4660-82b5-509c54b15f2a"",""service"":""4978aa94-666c-47c7-8024-3ada55195a51"",""deployment"":""3b1fa354-15dc-4557-a220-0df46d05cef6"",""replica"":""fe005091-cfff-4ee8-81c0-5d1c9e578ad1""}",2026-03-28T18:22:12.080729070Z
[DB] Synced 1 accounts to database,info,"{""level"":""info""}","{""project"":""ce3616d9-58ad-4ec7-a294-1821e1564434"",""environment"":""fb6513d0-42a4-4660-82b5-509c54b15f2a"",""service"":""4978aa94-666c-47c7-8024-3ada55195a51"",""deployment"":""3b1fa354-15dc-4557-a220-0df46d05cef6"",""replica"":""fe005091-cfff-4ee8-81c0-5d1c9e578ad1""}",2026-03-28T18:22:41.878467127Z
[DB] Synced 1 accounts to database,info,"{""level"":""info""}","{""project"":""ce3616d9-58ad-4ec7-a294-1821e1564434"",""environment"":""fb6513d0-42a4-4660-82b5-509c54b15f2a"",""service"":""4978aa94-666c-47c7-8024-3ada55195a51"",""deployment"":""3b1fa354-15dc-4557-a220-0df46d05cef6"",""replica"":""fe005091-cfff-4ee8-81c0-5d1c9e578ad1""}",2026-03-28T18:23:11.880581827Z
[DB] Synced 1 accounts to database,info,"{""level"":""info""}","{""project"":""ce3616d9-58ad-4ec7-a294-1821e1564434"",""environment"":""fb6513d0-42a4-4660-82b5-509c54b15f2a"",""service"":""4978aa94-666c-47c7-8024-3ada55195a51"",""deployment"":""3b1fa354-15dc-4557-a220-0df46d05cef6"",""replica"":""fe005091-cfff-4ee8-81c0-5d1c9e578ad1""}",2026-03-28T18:23:41.849545817Z
[DB] Synced 1 accounts to database,info,"{""level"":""info""}","{""project"":""ce3616d9-58ad-4ec7-a294-1821e1564434"",""environment"":""fb6513d0-42a4-4660-82b5-509c54b15f2a"",""service"":""4978aa94-666c-47c7-8024-3ada55195a51"",""deployment"":""3b1fa354-15dc-4557-a220-0df46d05cef6"",""replica"":""fe005091-cfff-4ee8-81c0-5d1c9e578ad1""}",2026-03-28T18:24:11.706695887Z
[DB] Synced 1 accounts to database,info,"{""level"":""info""}","{""project"":""ce3616d9-58ad-4ec7-a294-1821e1564434"",""environment"":""fb6513d0-42a4-4660-82b5-509c54b15f2a"",""service"":""4978aa94-666c-47c7-8024-3ada55195a51"",""deployment"":""3b1fa354-15dc-4557-a220-0df46d05cef6"",""replica"":""fe005091-cfff-4ee8-81c0-5d1c9e578ad1""}",2026-03-28T18:24:41.707586050Z
[DB] Synced 1 accounts to database,info,"{""level"":""info""}","{""project"":""ce3616d9-58ad-4ec7-a294-1821e1564434"",""environment"":""fb6513d0-42a4-4660-82b5-509c54b15f2a"",""service"":""4978aa94-666c-47c7-8024-3ada55195a51"",""deployment"":""3b1fa354-15dc-4557-a220-0df46d05cef6"",""replica"":""fe005091-cfff-4ee8-81c0-5d1c9e578ad1""}",2026-03-28T18:25:11.585798631Z
[DB] Synced 1 accounts to database,info,"{""level"":""info""}","{""project"":""ce3616d9-58ad-4ec7-a294-1821e1564434"",""environment"":""fb6513d0-42a4-4660-82b5-509c54b15f2a"",""service"":""4978aa94-666c-47c7-8024-3ada55195a51"",""deployment"":""3b1fa354-15dc-4557-a220-0df46d05cef6"",""replica"":""fe005091-cfff-4ee8-81c0-5d1c9e578ad1""}",2026-03-28T18:25:41.589339231Z
[DB] Synced 1 accounts to database,info,"{""level"":""info""}","{""project"":""ce3616d9-58ad-4ec7-a294-1821e1564434"",""environment"":""fb6513d0-42a4-4660-82b5-509c54b15f2a"",""service"":""4978aa94-666c-47c7-8024-3ada55195a51"",""deployment"":""3b1fa354-15dc-4557-a220-0df46d05cef6"",""replica"":""fe005091-cfff-4ee8-81c0-5d1c9e578ad1""}",2026-03-28T18:26:11.568741019Z
[DB] Synced 1 accounts to database,info,"{""level"":""info""}","{""project"":""ce3616d9-58ad-4ec7-a294-1821e1564434"",""environment"":""fb6513d0-42a4-4660-82b5-509c54b15f2a"",""service"":""4978aa94-666c-47c7-8024-3ada55195a51"",""deployment"":""3b1fa354-15dc-4557-a220-0df46d05cef6"",""replica"":""fe005091-cfff-4ee8-81c0-5d1c9e578ad1""}",2026-03-28T18:26:41.384774273Z
[DB] Synced 1 accounts to database,info,"{""level"":""info""}","{""project"":""ce3616d9-58ad-4ec7-a294-1821e1564434"",""environment"":""fb6513d0-42a4-4660-82b5-509c54b15f2a"",""service"":""4978aa94-666c-47c7-8024-3ada55195a51"",""deployment"":""3b1fa354-15dc-4557-a220-0df46d05cef6"",""replica"":""fe005091-cfff-4ee8-81c0-5d1c9e578ad1""}",2026-03-28T18:27:11.376005610Z
[DB] Synced 1 accounts to database,info,"{""level"":""info""}","{""project"":""ce3616d9-58ad-4ec7-a294-1821e1564434"",""environment"":""fb6513d0-42a4-4660-82b5-509c54b15f2a"",""service"":""4978aa94-666c-47c7-8024-3ada55195a51"",""deployment"":""3b1fa354-15dc-4557-a220-0df46d05cef6"",""replica"":""fe005091-cfff-4ee8-81c0-5d1c9e578ad1""}",2026-03-28T18:27:41.144370549Z
[DB] Synced 1 accounts to database,info,"{""level"":""info""}","{""project"":""ce3616d9-58ad-4ec7-a294-1821e1564434"",""environment"":""fb6513d0-42a4-4660-82b5-509c54b15f2a"",""service"":""4978aa94-666c-47c7-8024-3ada55195a51"",""deployment"":""3b1fa354-15dc-4557-a220-0df46d05cef6"",""replica"":""fe005091-cfff-4ee8-81c0-5d1c9e578ad1""}",2026-03-28T18:28:11.229612184Z
[DB] Synced 1 accounts to database,info,"{""level"":""info""}","{""project"":""ce3616d9-58ad-4ec7-a294-1821e1564434"",""environment"":""fb6513d0-42a4-4660-82b5-509c54b15f2a"",""service"":""4978aa94-666c-47c7-8024-3ada55195a51"",""deployment"":""3b1fa354-15dc-4557-a220-0df46d05cef6"",""replica"":""fe005091-cfff-4ee8-81c0-5d1c9e578ad1""}",2026-03-28T18:28:41.095799283Z
[DB] Synced 1 accounts to database,info,"{""level"":""info""}","{""project"":""ce3616d9-58ad-4ec7-a294-1821e1564434"",""environment"":""fb6513d0-42a4-4660-82b5-509c54b15f2a"",""service"":""4978aa94-666c-47c7-8024-3ada55195a51"",""deployment"":""3b1fa354-15dc-4557-a220-0df46d05cef6"",""replica"":""fe005091-cfff-4ee8-81c0-5d1c9e578ad1""}",2026-03-28T18:29:11.110708089Z
[DB] Synced 1 accounts to database,info,"{""level"":""info""}","{""project"":""ce3616d9-58ad-4ec7-a294-1821e1564434"",""environment"":""fb6513d0-42a4-4660-82b5-509c54b15f2a"",""service"":""4978aa94-666c-47c7-8024-3ada55195a51"",""deployment"":""3b1fa354-15dc-4557-a220-0df46d05cef6"",""replica"":""fe005091-cfff-4ee8-81c0-5d1c9e578ad1""}",2026-03-28T18:29:40.896462200Z
[DB] Synced 1 accounts to database,info,"{""level"":""info""}","{""project"":""ce3616d9-58ad-4ec7-a294-1821e1564434"",""environment"":""fb6513d0-42a4-4660-82b5-509c54b15f2a"",""service"":""4978aa94-666c-47c7-8024-3ada55195a51"",""deployment"":""3b1fa354-15dc-4557-a220-0df46d05cef6"",""replica"":""fe005091-cfff-4ee8-81c0-5d1c9e578ad1""}",2026-03-28T18:30:10.884489677Z
[DB] Synced 1 accounts to database,info,"{""level"":""info""}","{""project"":""ce3616d9-58ad-4ec7-a294-1821e1564434"",""environment"":""fb6513d0-42a4-4660-82b5-509c54b15f2a"",""service"":""4978aa94-666c-47c7-8024-3ada55195a51"",""deployment"":""3b1fa354-15dc-4557-a220-0df46d05cef6"",""replica"":""fe005091-cfff-4ee8-81c0-5d1c9e578ad1""}",2026-03-28T18:30:40.825559340Z
[DB] Synced 1 accounts to database,info,"{""level"":""info""}","{""project"":""ce3616d9-58ad-4ec7-a294-1821e1564434"",""environment"":""fb6513d0-42a4-4660-82b5-509c54b15f2a"",""service"":""4978aa94-666c-47c7-8024-3ada55195a51"",""deployment"":""3b1fa354-15dc-4557-a220-0df46d05cef6"",""replica"":""fe005091-cfff-4ee8-81c0-5d1c9e578ad1""}",2026-03-28T18:31:10.642091316Z
[DB] Synced 1 accounts to database,info,"{""level"":""info""}","{""project"":""ce3616d9-58ad-4ec7-a294-1821e1564434"",""environment"":""fb6513d0-42a4-4660-82b5-509c54b15f2a"",""service"":""4978aa94-666c-47c7-8024-3ada55195a51"",""deployment"":""3b1fa354-15dc-4557-a220-0df46d05cef6"",""replica"":""fe005091-cfff-4ee8-81c0-5d1c9e578ad1""}",2026-03-28T18:31:40.639806775Z
[DB] Synced 1 accounts to database,info,"{""level"":""info""}","{""project"":""ce3616d9-58ad-4ec7-a294-1821e1564434"",""environment"":""fb6513d0-42a4-4660-82b5-509c54b15f2a"",""service"":""4978aa94-666c-47c7-8024-3ada55195a51"",""deployment"":""3b1fa354-15dc-4557-a220-0df46d05cef6"",""replica"":""fe005091-cfff-4ee8-81c0-5d1c9e578ad1""}",2026-03-28T18:32:10.715247980Z
[DB] Synced 1 accounts to database,info,"{""level"":""info""}","{""project"":""ce3616d9-58ad-4ec7-a294-1821e1564434"",""environment"":""fb6513d0-42a4-4660-82b5-509c54b15f2a"",""service"":""4978aa94-666c-47c7-8024-3ada55195a51"",""deployment"":""3b1fa354-15dc-4557-a220-0df46d05cef6"",""replica"":""fe005091-cfff-4ee8-81c0-5d1c9e578ad1""}",2026-03-28T18:32:40.527632458Z
[DB] Synced 1 accounts to database,info,"{""level"":""info""}","{""project"":""ce3616d9-58ad-4ec7-a294-1821e1564434"",""environment"":""fb6513d0-42a4-4660-82b5-509c54b15f2a"",""service"":""4978aa94-666c-47c7-8024-3ada55195a51"",""deployment"":""3b1fa354-15dc-4557-a220-0df46d05cef6"",""replica"":""fe005091-cfff-4ee8-81c0-5d1c9e578ad1""}",2026-03-28T18:33:10.544200861Z
[DB] Synced 1 accounts to database,info,"{""level"":""info""}","{""project"":""ce3616d9-58ad-4ec7-a294-1821e1564434"",""environment"":""fb6513d0-42a4-4660-82b5-509c54b15f2a"",""service"":""4978aa94-666c-47c7-8024-3ada55195a51"",""deployment"":""3b1fa354-15dc-4557-a220-0df46d05cef6"",""replica"":""fe005091-cfff-4ee8-81c0-5d1c9e578ad1""}",2026-03-28T18:33:40.600418965Z
[DB] Synced 1 accounts to database,info,"{""level"":""info""}","{""project"":""ce3616d9-58ad-4ec7-a294-1821e1564434"",""environment"":""fb6513d0-42a4-4660-82b5-509c54b15f2a"",""service"":""4978aa94-666c-47c7-8024-3ada55195a51"",""deployment"":""3b1fa354-15dc-4557-a220-0df46d05cef6"",""replica"":""fe005091-cfff-4ee8-81c0-5d1c9e578ad1""}",2026-03-28T18:34:10.523693796Z
[DB] Synced 1 accounts to database,info,"{""level"":""info""}","{""project"":""ce3616d9-58ad-4ec7-a294-1821e1564434"",""environment"":""fb6513d0-42a4-4660-82b5-509c54b15f2a"",""service"":""4978aa94-666c-47c7-8024-3ada55195a51"",""deployment"":""3b1fa354-15dc-4557-a220-0df46d05cef6"",""replica"":""fe005091-cfff-4ee8-81c0-5d1c9e578ad1""}",2026-03-28T18:34:40.567105509Z
[DB] Synced 1 accounts to database,info,"{""level"":""info""}","{""project"":""ce3616d9-58ad-4ec7-a294-1821e1564434"",""environment"":""fb6513d0-42a4-4660-82b5-509c54b15f2a"",""service"":""4978aa94-666c-47c7-8024-3ada55195a51"",""deployment"":""3b1fa354-15dc-4557-a220-0df46d05cef6"",""replica"":""fe005091-cfff-4ee8-81c0-5d1c9e578ad1""}",2026-03-28T18:35:10.625531277Z
[DB] Synced 1 accounts to database,info,"{""level"":""info""}","{""project"":""ce3616d9-58ad-4ec7-a294-1821e1564434"",""environment"":""fb6513d0-42a4-4660-82b5-509c54b15f2a"",""service"":""4978aa94-666c-47c7-8024-3ada55195a51"",""deployment"":""3b1fa354-15dc-4557-a220-0df46d05cef6"",""replica"":""fe005091-cfff-4ee8-81c0-5d1c9e578ad1""}",2026-03-28T18:35:40.503580427Z
[DB] Synced 1 accounts to database,info,"{""level"":""info""}","{""project"":""ce3616d9-58ad-4ec7-a294-1821e1564434"",""environment"":""fb6513d0-42a4-4660-82b5-509c54b15f2a"",""service"":""4978aa94-666c-47c7-8024-3ada55195a51"",""deployment"":""3b1fa354-15dc-4557-a220-0df46d05cef6"",""replica"":""fe005091-cfff-4ee8-81c0-5d1c9e578ad1""}",2026-03-28T18:36:10.579982605Z
[DB] Synced 1 accounts to database,info,"{""level"":""info""}","{""project"":""ce3616d9-58ad-4ec7-a294-1821e1564434"",""environment"":""fb6513d0-42a4-4660-82b5-509c54b15f2a"",""service"":""4978aa94-666c-47c7-8024-3ada55195a51"",""deployment"":""3b1fa354-15dc-4557-a220-0df46d05cef6"",""replica"":""fe005091-cfff-4ee8-81c0-5d1c9e578ad1""}",2026-03-28T18:36:40.691065557Z
[DB] Synced 1 accounts to database,info,"{""level"":""info""}","{""project"":""ce3616d9-58ad-4ec7-a294-1821e1564434"",""environment"":""fb6513d0-42a4-4660-82b5-509c54b15f2a"",""service"":""4978aa94-666c-47c7-8024-3ada55195a51"",""deployment"":""3b1fa354-15dc-4557-a220-0df46d05cef6"",""replica"":""fe005091-cfff-4ee8-81c0-5d1c9e578ad1""}",2026-03-28T18:37:10.555193821Z
[DB] Synced 1 accounts to database,info,"{""level"":""info""}","{""project"":""ce3616d9-58ad-4ec7-a294-1821e1564434"",""environment"":""fb6513d0-42a4-4660-82b5-509c54b15f2a"",""service"":""4978aa94-666c-47c7-8024-3ada55195a51"",""deployment"":""3b1fa354-15dc-4557-a220-0df46d05cef6"",""replica"":""fe005091-cfff-4ee8-81c0-5d1c9e578ad1""}",2026-03-28T18:37:40.563886910Z
[DB] Synced 1 accounts to database,info,"{""level"":""info""}","{""project"":""ce3616d9-58ad-4ec7-a294-1821e1564434"",""environment"":""fb6513d0-42a4-4660-82b5-509c54b15f2a"",""service"":""4978aa94-666c-47c7-8024-3ada55195a51"",""deployment"":""3b1fa354-15dc-4557-a220-0df46d05cef6"",""replica"":""fe005091-cfff-4ee8-81c0-5d1c9e578ad1""}",2026-03-28T18:38:10.846149260Z
[DB] Synced 1 accounts to database,info,"{""level"":""info""}","{""project"":""ce3616d9-58ad-4ec7-a294-1821e1564434"",""environment"":""fb6513d0-42a4-4660-82b5-509c54b15f2a"",""service"":""4978aa94-666c-47c7-8024-3ada55195a51"",""deployment"":""3b1fa354-15dc-4557-a220-0df46d05cef6"",""replica"":""fe005091-cfff-4ee8-81c0-5d1c9e578ad1""}",2026-03-28T18:38:40.771254243Z
[DB] Synced 1 accounts to database,info,"{""level"":""info""}","{""project"":""ce3616d9-58ad-4ec7-a294-1821e1564434"",""environment"":""fb6513d0-42a4-4660-82b5-509c54b15f2a"",""service"":""4978aa94-666c-47c7-8024-3ada55195a51"",""deployment"":""3b1fa354-15dc-4557-a220-0df46d05cef6"",""replica"":""fe005091-cfff-4ee8-81c0-5d1c9e578ad1""}",2026-03-28T18:39:10.775844876Z
[DB] Synced 1 accounts to database,info,"{""level"":""info""}","{""project"":""ce3616d9-58ad-4ec7-a294-1821e1564434"",""environment"":""fb6513d0-42a4-4660-82b5-509c54b15f2a"",""service"":""4978aa94-666c-47c7-8024-3ada55195a51"",""deployment"":""3b1fa354-15dc-4557-a220-0df46d05cef6"",""replica"":""fe005091-cfff-4ee8-81c0-5d1c9e578ad1""}",2026-03-28T18:39:40.829046470Z
[DB] Synced 1 accounts to database,info,"{""level"":""info""}","{""project"":""ce3616d9-58ad-4ec7-a294-1821e1564434"",""environment"":""fb6513d0-42a4-4660-82b5-509c54b15f2a"",""service"":""4978aa94-666c-47c7-8024-3ada55195a51"",""deployment"":""3b1fa354-15dc-4557-a220-0df46d05cef6"",""replica"":""fe005091-cfff-4ee8-81c0-5d1c9e578ad1""}",2026-03-28T18:40:10.687868030Z
[DB] Synced 1 accounts to database,info,"{""level"":""info""}","{""project"":""ce3616d9-58ad-4ec7-a294-1821e1564434"",""environment"":""fb6513d0-42a4-4660-82b5-509c54b15f2a"",""service"":""4978aa94-666c-47c7-8024-3ada55195a51"",""deployment"":""3b1fa354-15dc-4557-a220-0df46d05cef6"",""replica"":""fe005091-cfff-4ee8-81c0-5d1c9e578ad1""}",2026-03-28T18:40:40.751644500Z
[DB] Synced 1 accounts to database,info,"{""level"":""info""}","{""project"":""ce3616d9-58ad-4ec7-a294-1821e1564434"",""environment"":""fb6513d0-42a4-4660-82b5-509c54b15f2a"",""service"":""4978aa94-666c-47c7-8024-3ada55195a51"",""deployment"":""3b1fa354-15dc-4557-a220-0df46d05cef6"",""replica"":""fe005091-cfff-4ee8-81c0-5d1c9e578ad1""}",2026-03-28T18:41:10.860566933Z
[DB] Synced 1 accounts to database,info,"{""level"":""info""}","{""project"":""ce3616d9-58ad-4ec7-a294-1821e1564434"",""environment"":""fb6513d0-42a4-4660-82b5-509c54b15f2a"",""service"":""4978aa94-666c-47c7-8024-3ada55195a51"",""deployment"":""3b1fa354-15dc-4557-a220-0df46d05cef6"",""replica"":""fe005091-cfff-4ee8-81c0-5d1c9e578ad1""}",2026-03-28T18:41:40.645947349Z
[DB] Synced 1 accounts to database,info,"{""level"":""info""}","{""project"":""ce3616d9-58ad-4ec7-a294-1821e1564434"",""environment"":""fb6513d0-42a4-4660-82b5-509c54b15f2a"",""service"":""4978aa94-666c-47c7-8024-3ada55195a51"",""deployment"":""3b1fa354-15dc-4557-a220-0df46d05cef6"",""replica"":""fe005091-cfff-4ee8-81c0-5d1c9e578ad1""}",2026-03-28T18:42:10.717982688Z
[DB] Synced 1 accounts to database,info,"{""level"":""info""}","{""project"":""ce3616d9-58ad-4ec7-a294-1821e1564434"",""environment"":""fb6513d0-42a4-4660-82b5-509c54b15f2a"",""service"":""4978aa94-666c-47c7-8024-3ada55195a51"",""deployment"":""3b1fa354-15dc-4557-a220-0df46d05cef6"",""replica"":""fe005091-cfff-4ee8-81c0-5d1c9e578ad1""}",2026-03-28T18:42:40.661313935Z
[DB] Synced 1 accounts to database,info,"{""level"":""info""}","{""project"":""ce3616d9-58ad-4ec7-a294-1821e1564434"",""environment"":""fb6513d0-42a4-4660-82b5-509c54b15f2a"",""service"":""4978aa94-666c-47c7-8024-3ada55195a51"",""deployment"":""3b1fa354-15dc-4557-a220-0df46d05cef6"",""replica"":""fe005091-cfff-4ee8-81c0-5d1c9e578ad1""}",2026-03-28T18:43:10.688506624Z
[DB] Synced 1 accounts to database,info,"{""level"":""info""}","{""project"":""ce3616d9-58ad-4ec7-a294-1821e1564434"",""environment"":""fb6513d0-42a4-4660-82b5-509c54b15f2a"",""service"":""4978aa94-666c-47c7-8024-3ada55195a51"",""deployment"":""3b1fa354-15dc-4557-a220-0df46d05cef6"",""replica"":""fe005091-cfff-4ee8-81c0-5d1c9e578ad1""}",2026-03-28T18:43:40.844849774Z
[DB] Synced 1 accounts to database,info,"{""level"":""info""}","{""project"":""ce3616d9-58ad-4ec7-a294-1821e1564434"",""environment"":""fb6513d0-42a4-4660-82b5-509c54b15f2a"",""service"":""4978aa94-666c-47c7-8024-3ada55195a51"",""deployment"":""3b1fa354-15dc-4557-a220-0df46d05cef6"",""replica"":""fe005091-cfff-4ee8-81c0-5d1c9e578ad1""}",2026-03-28T18:44:10.679779594Z
[DB] Synced 1 accounts to database,info,"{""level"":""info""}","{""project"":""ce3616d9-58ad-4ec7-a294-1821e1564434"",""environment"":""fb6513d0-42a4-4660-82b5-509c54b15f2a"",""service"":""4978aa94-666c-47c7-8024-3ada55195a51"",""deployment"":""3b1fa354-15dc-4557-a220-0df46d05cef6"",""replica"":""fe005091-cfff-4ee8-81c0-5d1c9e578ad1""}",2026-03-28T18:44:40.584655010Z
[DB] Synced 1 accounts to database,info,"{""level"":""info""}","{""project"":""ce3616d9-58ad-4ec7-a294-1821e1564434"",""environment"":""fb6513d0-42a4-4660-82b5-509c54b15f2a"",""service"":""4978aa94-666c-47c7-8024-3ada55195a51"",""deployment"":""3b1fa354-15dc-4557-a220-0df46d05cef6"",""replica"":""fe005091-cfff-4ee8-81c0-5d1c9e578ad1""}",2026-03-28T18:45:10.332594279Z
[DB] Synced 1 accounts to database,info,"{""level"":""info""}","{""project"":""ce3616d9-58ad-4ec7-a294-1821e1564434"",""environment"":""fb6513d0-42a4-4660-82b5-509c54b15f2a"",""service"":""4978aa94-666c-47c7-8024-3ada55195a51"",""deployment"":""3b1fa354-15dc-4557-a220-0df46d05cef6"",""replica"":""fe005091-cfff-4ee8-81c0-5d1c9e578ad1""}",2026-03-28T18:45:40.331343239Z
[DB] Synced 1 accounts to database,info,"{""level"":""info""}","{""project"":""ce3616d9-58ad-4ec7-a294-1821e1564434"",""environment"":""fb6513d0-42a4-4660-82b5-509c54b15f2a"",""service"":""4978aa94-666c-47c7-8024-3ada55195a51"",""deployment"":""3b1fa354-15dc-4557-a220-0df46d05cef6"",""replica"":""fe005091-cfff-4ee8-81c0-5d1c9e578ad1""}",2026-03-28T18:46:10.432027196Z
[DB] Synced 1 accounts to database,info,"{""level"":""info""}","{""project"":""ce3616d9-58ad-4ec7-a294-1821e1564434"",""environment"":""fb6513d0-42a4-4660-82b5-509c54b15f2a"",""service"":""4978aa94-666c-47c7-8024-3ada55195a51"",""deployment"":""3b1fa354-15dc-4557-a220-0df46d05cef6"",""replica"":""fe005091-cfff-4ee8-81c0-5d1c9e578ad1""}",2026-03-28T18:46:40.341386523Z
[DB] Synced 1 accounts to database,info,"{""level"":""info""}","{""project"":""ce3616d9-58ad-4ec7-a294-1821e1564434"",""environment"":""fb6513d0-42a4-4660-82b5-509c54b15f2a"",""service"":""4978aa94-666c-47c7-8024-3ada55195a51"",""deployment"":""3b1fa354-15dc-4557-a220-0df46d05cef6"",""replica"":""fe005091-cfff-4ee8-81c0-5d1c9e578ad1""}",2026-03-28T18:47:10.346677816Z
[DB] Synced 1 accounts to database,info,"{""level"":""info""}","{""project"":""ce3616d9-58ad-4ec7-a294-1821e1564434"",""environment"":""fb6513d0-42a4-4660-82b5-509c54b15f2a"",""service"":""4978aa94-666c-47c7-8024-3ada55195a51"",""deployment"":""3b1fa354-15dc-4557-a220-0df46d05cef6"",""replica"":""fe005091-cfff-4ee8-81c0-5d1c9e578ad1""}",2026-03-28T18:47:40.343656993Z
[DB] Synced 1 accounts to database,info,"{""level"":""info""}","{""project"":""ce3616d9-58ad-4ec7-a294-1821e1564434"",""environment"":""fb6513d0-42a4-4660-82b5-509c54b15f2a"",""service"":""4978aa94-666c-47c7-8024-3ada55195a51"",""deployment"":""3b1fa354-15dc-4557-a220-0df46d05cef6"",""replica"":""fe005091-cfff-4ee8-81c0-5d1c9e578ad1""}",2026-03-28T18:48:10.126260949Z
[DB] Synced 1 accounts to database,info,"{""level"":""info""}","{""project"":""ce3616d9-58ad-4ec7-a294-1821e1564434"",""environment"":""fb6513d0-42a4-4660-82b5-509c54b15f2a"",""service"":""4978aa94-666c-47c7-8024-3ada55195a51"",""deployment"":""3b1fa354-15dc-4557-a220-0df46d05cef6"",""replica"":""fe005091-cfff-4ee8-81c0-5d1c9e578ad1""}",2026-03-28T18:48:40.123578706Z
[DB] Synced 1 accounts to database,info,"{""level"":""info""}","{""project"":""ce3616d9-58ad-4ec7-a294-1821e1564434"",""environment"":""fb6513d0-42a4-4660-82b5-509c54b15f2a"",""service"":""4978aa94-666c-47c7-8024-3ada55195a51"",""deployment"":""3b1fa354-15dc-4557-a220-0df46d05cef6"",""replica"":""fe005091-cfff-4ee8-81c0-5d1c9e578ad1""}",2026-03-28T18:49:09.956753630Z
[DB] Synced 1 accounts to database,info,"{""level"":""info""}","{""project"":""ce3616d9-58ad-4ec7-a294-1821e1564434"",""environment"":""fb6513d0-42a4-4660-82b5-509c54b15f2a"",""service"":""4978aa94-666c-47c7-8024-3ada55195a51"",""deployment"":""3b1fa354-15dc-4557-a220-0df46d05cef6"",""replica"":""fe005091-cfff-4ee8-81c0-5d1c9e578ad1""}",2026-03-28T18:49:39.990806625Z
[DB] Synced 1 accounts to database,info,"{""level"":""info""}","{""project"":""ce3616d9-58ad-4ec7-a294-1821e1564434"",""environment"":""fb6513d0-42a4-4660-82b5-509c54b15f2a"",""service"":""4978aa94-666c-47c7-8024-3ada55195a51"",""deployment"":""3b1fa354-15dc-4557-a220-0df46d05cef6"",""replica"":""fe005091-cfff-4ee8-81c0-5d1c9e578ad1""}",2026-03-28T18:50:09.732194613Z
[DB] Synced 1 accounts to database,info,"{""level"":""info""}","{""project"":""ce3616d9-58ad-4ec7-a294-1821e1564434"",""environment"":""fb6513d0-42a4-4660-82b5-509c54b15f2a"",""service"":""4978aa94-666c-47c7-8024-3ada55195a51"",""deployment"":""3b1fa354-15dc-4557-a220-0df46d05cef6"",""replica"":""fe005091-cfff-4ee8-81c0-5d1c9e578ad1""}",2026-03-28T18:50:39.808633253Z
[DB] Synced 1 accounts to database,info,"{""level"":""info""}","{""project"":""ce3616d9-58ad-4ec7-a294-1821e1564434"",""environment"":""fb6513d0-42a4-4660-82b5-509c54b15f2a"",""service"":""4978aa94-666c-47c7-8024-3ada55195a51"",""deployment"":""3b1fa354-15dc-4557-a220-0df46d05cef6"",""replica"":""fe005091-cfff-4ee8-81c0-5d1c9e578ad1""}",2026-03-28T18:51:09.798825066Z
[DB] Synced 1 accounts to database,info,"{""level"":""info""}","{""project"":""ce3616d9-58ad-4ec7-a294-1821e1564434"",""environment"":""fb6513d0-42a4-4660-82b5-509c54b15f2a"",""service"":""4978aa94-666c-47c7-8024-3ada55195a51"",""deployment"":""3b1fa354-15dc-4557-a220-0df46d05cef6"",""replica"":""fe005091-cfff-4ee8-81c0-5d1c9e578ad1""}",2026-03-28T18:51:39.582087054Z
[DB] Synced 1 accounts to database,info,"{""level"":""info""}","{""project"":""ce3616d9-58ad-4ec7-a294-1821e1564434"",""environment"":""fb6513d0-42a4-4660-82b5-509c54b15f2a"",""service"":""4978aa94-666c-47c7-8024-3ada55195a51"",""deployment"":""3b1fa354-15dc-4557-a220-0df46d05cef6"",""replica"":""fe005091-cfff-4ee8-81c0-5d1c9e578ad1""}",2026-03-28T18:52:09.608106881Z
[DB] Synced 1 accounts to database,info,"{""level"":""info""}","{""project"":""ce3616d9-58ad-4ec7-a294-1821e1564434"",""environment"":""fb6513d0-42a4-4660-82b5-509c54b15f2a"",""service"":""4978aa94-666c-47c7-8024-3ada55195a51"",""deployment"":""3b1fa354-15dc-4557-a220-0df46d05cef6"",""replica"":""fe005091-cfff-4ee8-81c0-5d1c9e578ad1""}",2026-03-28T18:52:39.444765606Z
[DB] Synced 1 accounts to database,info,"{""level"":""info""}","{""project"":""ce3616d9-58ad-4ec7-a294-1821e1564434"",""environment"":""fb6513d0-42a4-4660-82b5-509c54b15f2a"",""service"":""4978aa94-666c-47c7-8024-3ada55195a51"",""deployment"":""3b1fa354-15dc-4557-a220-0df46d05cef6"",""replica"":""fe005091-cfff-4ee8-81c0-5d1c9e578ad1""}",2026-03-28T18:53:09.446780024Z
[DB] Synced 1 accounts to database,info,"{""level"":""info""}","{""project"":""ce3616d9-58ad-4ec7-a294-1821e1564434"",""environment"":""fb6513d0-42a4-4660-82b5-509c54b15f2a"",""service"":""4978aa94-666c-47c7-8024-3ada55195a51"",""deployment"":""3b1fa354-15dc-4557-a220-0df46d05cef6"",""replica"":""fe005091-cfff-4ee8-81c0-5d1c9e578ad1""}",2026-03-28T18:53:39.517483403Z
[DB] Synced 1 accounts to database,info,"{""level"":""info""}","{""project"":""ce3616d9-58ad-4ec7-a294-1821e1564434"",""environment"":""fb6513d0-42a4-4660-82b5-509c54b15f2a"",""service"":""4978aa94-666c-47c7-8024-3ada55195a51"",""deployment"":""3b1fa354-15dc-4557-a220-0df46d05cef6"",""replica"":""fe005091-cfff-4ee8-81c0-5d1c9e578ad1""}",2026-03-28T18:54:09.298563269Z
[DB] Synced 1 accounts to database,info,"{""level"":""info""}","{""project"":""ce3616d9-58ad-4ec7-a294-1821e1564434"",""environment"":""fb6513d0-42a4-4660-82b5-509c54b15f2a"",""service"":""4978aa94-666c-47c7-8024-3ada55195a51"",""deployment"":""3b1fa354-15dc-4557-a220-0df46d05cef6"",""replica"":""fe005091-cfff-4ee8-81c0-5d1c9e578ad1""}",2026-03-28T18:54:39.311282107Z
[DB] Synced 1 accounts to database,info,"{""level"":""info""}","{""project"":""ce3616d9-58ad-4ec7-a294-1821e1564434"",""environment"":""fb6513d0-42a4-4660-82b5-509c54b15f2a"",""service"":""4978aa94-666c-47c7-8024-3ada55195a51"",""deployment"":""3b1fa354-15dc-4557-a220-0df46d05cef6"",""replica"":""fe005091-cfff-4ee8-81c0-5d1c9e578ad1""}",2026-03-28T18:55:09.252995585Z
[DB] Synced 1 accounts to database,info,"{""level"":""info""}","{""project"":""ce3616d9-58ad-4ec7-a294-1821e1564434"",""environment"":""fb6513d0-42a4-4660-82b5-509c54b15f2a"",""service"":""4978aa94-666c-47c7-8024-3ada55195a51"",""deployment"":""3b1fa354-15dc-4557-a220-0df46d05cef6"",""replica"":""fe005091-cfff-4ee8-81c0-5d1c9e578ad1""}",2026-03-28T18:55:39.220126127Z
[DB] Synced 1 accounts to database,info,"{""level"":""info""}","{""project"":""ce3616d9-58ad-4ec7-a294-1821e1564434"",""environment"":""fb6513d0-42a4-4660-82b5-509c54b15f2a"",""service"":""4978aa94-666c-47c7-8024-3ada55195a51"",""deployment"":""3b1fa354-15dc-4557-a220-0df46d05cef6"",""replica"":""fe005091-cfff-4ee8-81c0-5d1c9e578ad1""}",2026-03-28T18:56:09.362538659Z
[DB] Synced 1 accounts to database,info,"{""level"":""info""}","{""project"":""ce3616d9-58ad-4ec7-a294-1821e1564434"",""environment"":""fb6513d0-42a4-4660-82b5-509c54b15f2a"",""service"":""4978aa94-666c-47c7-8024-3ada55195a51"",""deployment"":""3b1fa354-15dc-4557-a220-0df46d05cef6"",""replica"":""fe005091-cfff-4ee8-81c0-5d1c9e578ad1""}",2026-03-28T18:56:39.191964581Z
[DB] Synced 1 accounts to database,info,"{""level"":""info""}","{""project"":""ce3616d9-58ad-4ec7-a294-1821e1564434"",""environment"":""fb6513d0-42a4-4660-82b5-509c54b15f2a"",""service"":""4978aa94-666c-47c7-8024-3ada55195a51"",""deployment"":""3b1fa354-15dc-4557-a220-0df46d05cef6"",""replica"":""fe005091-cfff-4ee8-81c0-5d1c9e578ad1""}",2026-03-28T18:57:09.247807497Z
[DB] Synced 1 accounts to database,info,"{""level"":""info""}","{""project"":""ce3616d9-58ad-4ec7-a294-1821e1564434"",""environment"":""fb6513d0-42a4-4660-82b5-509c54b15f2a"",""service"":""4978aa94-666c-47c7-8024-3ada55195a51"",""deployment"":""3b1fa354-15dc-4557-a220-0df46d05cef6"",""replica"":""fe005091-cfff-4ee8-81c0-5d1c9e578ad1""}",2026-03-28T18:57:39.038822464Z
[DB] Synced 1 accounts to database,info,"{""level"":""info""}","{""project"":""ce3616d9-58ad-4ec7-a294-1821e1564434"",""environment"":""fb6513d0-42a4-4660-82b5-509c54b15f2a"",""service"":""4978aa94-666c-47c7-8024-3ada55195a51"",""deployment"":""3b1fa354-15dc-4557-a220-0df46d05cef6"",""replica"":""fe005091-cfff-4ee8-81c0-5d1c9e578ad1""}",2026-03-28T18:58:09.045203835Z
[DB] Synced 1 accounts to database,info,"{""level"":""info""}","{""project"":""ce3616d9-58ad-4ec7-a294-1821e1564434"",""environment"":""fb6513d0-42a4-4660-82b5-509c54b15f2a"",""service"":""4978aa94-666c-47c7-8024-3ada55195a51"",""deployment"":""3b1fa354-15dc-4557-a220-0df46d05cef6"",""replica"":""fe005091-cfff-4ee8-81c0-5d1c9e578ad1""}",2026-03-28T18:58:39.060884720Z
[DB] Synced 1 accounts to database,info,"{""level"":""info""}","{""project"":""ce3616d9-58ad-4ec7-a294-1821e1564434"",""environment"":""fb6513d0-42a4-4660-82b5-509c54b15f2a"",""service"":""4978aa94-666c-47c7-8024-3ada55195a51"",""deployment"":""3b1fa354-15dc-4557-a220-0df46d05cef6"",""replica"":""fe005091-cfff-4ee8-81c0-5d1c9e578ad1""}",2026-03-28T18:59:09.200105502Z
[DB] Synced 1 accounts to database,info,"{""level"":""info""}","{""project"":""ce3616d9-58ad-4ec7-a294-1821e1564434"",""environment"":""fb6513d0-42a4-4660-82b5-509c54b15f2a"",""service"":""4978aa94-666c-47c7-8024-3ada55195a51"",""deployment"":""3b1fa354-15dc-4557-a220-0df46d05cef6"",""replica"":""fe005091-cfff-4ee8-81c0-5d1c9e578ad1""}",2026-03-28T18:59:38.993354067Z
[DB] Synced 1 accounts to database,info,"{""level"":""info""}","{""project"":""ce3616d9-58ad-4ec7-a294-1821e1564434"",""environment"":""fb6513d0-42a4-4660-82b5-509c54b15f2a"",""service"":""4978aa94-666c-47c7-8024-3ada55195a51"",""deployment"":""3b1fa354-15dc-4557-a220-0df46d05cef6"",""replica"":""fe005091-cfff-4ee8-81c0-5d1c9e578ad1""}",2026-03-28T19:00:08.997567105Z
[DB] Synced 1 accounts to database,info,"{""level"":""info""}","{""project"":""ce3616d9-58ad-4ec7-a294-1821e1564434"",""environment"":""fb6513d0-42a4-4660-82b5-509c54b15f2a"",""service"":""4978aa94-666c-47c7-8024-3ada55195a51"",""deployment"":""3b1fa354-15dc-4557-a220-0df46d05cef6"",""replica"":""fe005091-cfff-4ee8-81c0-5d1c9e578ad1""}",2026-03-28T19:00:38.999614083Z
[DB] Synced 1 accounts to database,info,"{""level"":""info""}","{""project"":""ce3616d9-58ad-4ec7-a294-1821e1564434"",""environment"":""fb6513d0-42a4-4660-82b5-509c54b15f2a"",""service"":""4978aa94-666c-47c7-8024-3ada55195a51"",""deployment"":""3b1fa354-15dc-4557-a220-0df46d05cef6"",""replica"":""fe005091-cfff-4ee8-81c0-5d1c9e578ad1""}",2026-03-28T19:01:08.765636832Z
[DB] Synced 1 accounts to database,info,"{""level"":""info""}","{""project"":""ce3616d9-58ad-4ec7-a294-1821e1564434"",""environment"":""fb6513d0-42a4-4660-82b5-509c54b15f2a"",""service"":""4978aa94-666c-47c7-8024-3ada55195a51"",""deployment"":""3b1fa354-15dc-4557-a220-0df46d05cef6"",""replica"":""fe005091-cfff-4ee8-81c0-5d1c9e578ad1""}",2026-03-28T19:01:38.778468334Z
[DB] Synced 1 accounts to database,info,"{""level"":""info""}","{""project"":""ce3616d9-58ad-4ec7-a294-1821e1564434"",""environment"":""fb6513d0-42a4-4660-82b5-509c54b15f2a"",""service"":""4978aa94-666c-47c7-8024-3ada55195a51"",""deployment"":""3b1fa354-15dc-4557-a220-0df46d05cef6"",""replica"":""fe005091-cfff-4ee8-81c0-5d1c9e578ad1""}",2026-03-28T19:02:08.807269704Z
[DB] Synced 1 accounts to database,info,"{""level"":""info""}","{""project"":""ce3616d9-58ad-4ec7-a294-1821e1564434"",""environment"":""fb6513d0-42a4-4660-82b5-509c54b15f2a"",""service"":""4978aa94-666c-47c7-8024-3ada55195a51"",""deployment"":""3b1fa354-15dc-4557-a220-0df46d05cef6"",""replica"":""fe005091-cfff-4ee8-81c0-5d1c9e578ad1""}",2026-03-28T19:02:38.598960421Z
[DB] Synced 1 accounts to database,info,"{""level"":""info""}","{""project"":""ce3616d9-58ad-4ec7-a294-1821e1564434"",""environment"":""fb6513d0-42a4-4660-82b5-509c54b15f2a"",""service"":""4978aa94-666c-47c7-8024-3ada55195a51"",""deployment"":""3b1fa354-15dc-4557-a220-0df46d05cef6"",""replica"":""fe005091-cfff-4ee8-81c0-5d1c9e578ad1""}",2026-03-28T19:03:08.588162290Z
[DB] Synced 1 accounts to database,info,"{""level"":""info""}","{""project"":""ce3616d9-58ad-4ec7-a294-1821e1564434"",""environment"":""fb6513d0-42a4-4660-82b5-509c54b15f2a"",""service"":""4978aa94-666c-47c7-8024-3ada55195a51"",""deployment"":""3b1fa354-15dc-4557-a220-0df46d05cef6"",""replica"":""fe005091-cfff-4ee8-81c0-5d1c9e578ad1""}",2026-03-28T19:03:38.591986494Z
[DB] Synced 1 accounts to database,info,"{""level"":""info""}","{""project"":""ce3616d9-58ad-4ec7-a294-1821e1564434"",""environment"":""fb6513d0-42a4-4660-82b5-509c54b15f2a"",""service"":""4978aa94-666c-47c7-8024-3ada55195a51"",""deployment"":""3b1fa354-15dc-4557-a220-0df46d05cef6"",""replica"":""fe005091-cfff-4ee8-81c0-5d1c9e578ad1""}",2026-03-28T19:04:08.387290267Z
[DB] Synced 1 accounts to database,info,"{""level"":""info""}","{""project"":""ce3616d9-58ad-4ec7-a294-1821e1564434"",""environment"":""fb6513d0-42a4-4660-82b5-509c54b15f2a"",""service"":""4978aa94-666c-47c7-8024-3ada55195a51"",""deployment"":""3b1fa354-15dc-4557-a220-0df46d05cef6"",""replica"":""fe005091-cfff-4ee8-81c0-5d1c9e578ad1""}",2026-03-28T19:04:38.384279525Z
[DB] Synced 1 accounts to database,info,"{""level"":""info""}","{""project"":""ce3616d9-58ad-4ec7-a294-1821e1564434"",""environment"":""fb6513d0-42a4-4660-82b5-509c54b15f2a"",""service"":""4978aa94-666c-47c7-8024-3ada55195a51"",""deployment"":""3b1fa354-15dc-4557-a220-0df46d05cef6"",""replica"":""fe005091-cfff-4ee8-81c0-5d1c9e578ad1""}",2026-03-28T19:05:08.512839826Z
[DB] Synced 1 accounts to database,info,"{""level"":""info""}","{""project"":""ce3616d9-58ad-4ec7-a294-1821e1564434"",""environment"":""fb6513d0-42a4-4660-82b5-509c54b15f2a"",""service"":""4978aa94-666c-47c7-8024-3ada55195a51"",""deployment"":""3b1fa354-15dc-4557-a220-0df46d05cef6"",""replica"":""fe005091-cfff-4ee8-81c0-5d1c9e578ad1""}",2026-03-28T19:05:38.280575333Z
[DB] Synced 1 accounts to database,info,"{""level"":""info""}","{""project"":""ce3616d9-58ad-4ec7-a294-1821e1564434"",""environment"":""fb6513d0-42a4-4660-82b5-509c54b15f2a"",""service"":""4978aa94-666c-47c7-8024-3ada55195a51"",""deployment"":""3b1fa354-15dc-4557-a220-0df46d05cef6"",""replica"":""fe005091-cfff-4ee8-81c0-5d1c9e578ad1""}",2026-03-28T19:06:08.287417150Z
[DB] Synced 1 accounts to database,info,"{""level"":""info""}","{""project"":""ce3616d9-58ad-4ec7-a294-1821e1564434"",""environment"":""fb6513d0-42a4-4660-82b5-509c54b15f2a"",""service"":""4978aa94-666c-47c7-8024-3ada55195a51"",""deployment"":""3b1fa354-15dc-4557-a220-0df46d05cef6"",""replica"":""fe005091-cfff-4ee8-81c0-5d1c9e578ad1""}",2026-03-28T19:06:38.388150669Z
[DB] Synced 1 accounts to database,info,"{""level"":""info""}","{""project"":""ce3616d9-58ad-4ec7-a294-1821e1564434"",""environment"":""fb6513d0-42a4-4660-82b5-509c54b15f2a"",""service"":""4978aa94-666c-47c7-8024-3ada55195a51"",""deployment"":""3b1fa354-15dc-4557-a220-0df46d05cef6"",""replica"":""fe005091-cfff-4ee8-81c0-5d1c9e578ad1""}",2026-03-28T19:07:08.182894800Z
[DB] Synced 1 accounts to database,info,"{""level"":""info""}","{""project"":""ce3616d9-58ad-4ec7-a294-1821e1564434"",""environment"":""fb6513d0-42a4-4660-82b5-509c54b15f2a"",""service"":""4978aa94-666c-47c7-8024-3ada55195a51"",""deployment"":""3b1fa354-15dc-4557-a220-0df46d05cef6"",""replica"":""fe005091-cfff-4ee8-81c0-5d1c9e578ad1""}",2026-03-28T19:07:38.247963348Z
[DB] Synced 1 accounts to database,info,"{""level"":""info""}","{""project"":""ce3616d9-58ad-4ec7-a294-1821e1564434"",""environment"":""fb6513d0-42a4-4660-82b5-509c54b15f2a"",""service"":""4978aa94-666c-47c7-8024-3ada55195a51"",""deployment"":""3b1fa354-15dc-4557-a220-0df46d05cef6"",""replica"":""fe005091-cfff-4ee8-81c0-5d1c9e578ad1""}",2026-03-28T19:08:08.191082394Z
[DB] Synced 1 accounts to database,info,"{""level"":""info""}","{""project"":""ce3616d9-58ad-4ec7-a294-1821e1564434"",""environment"":""fb6513d0-42a4-4660-82b5-509c54b15f2a"",""service"":""4978aa94-666c-47c7-8024-3ada55195a51"",""deployment"":""3b1fa354-15dc-4557-a220-0df46d05cef6"",""replica"":""fe005091-cfff-4ee8-81c0-5d1c9e578ad1""}",2026-03-28T19:08:38.092623675Z
[DB] Synced 1 accounts to database,info,"{""level"":""info""}","{""project"":""ce3616d9-58ad-4ec7-a294-1821e1564434"",""environment"":""fb6513d0-42a4-4660-82b5-509c54b15f2a"",""service"":""4978aa94-666c-47c7-8024-3ada55195a51"",""deployment"":""3b1fa354-15dc-4557-a220-0df46d05cef6"",""replica"":""fe005091-cfff-4ee8-81c0-5d1c9e578ad1""}",2026-03-28T19:09:08.112515354Z
[DB] Synced 1 accounts to database,info,"{""level"":""info""}","{""project"":""ce3616d9-58ad-4ec7-a294-1821e1564434"",""environment"":""fb6513d0-42a4-4660-82b5-509c54b15f2a"",""service"":""4978aa94-666c-47c7-8024-3ada55195a51"",""deployment"":""3b1fa354-15dc-4557-a220-0df46d05cef6"",""replica"":""fe005091-cfff-4ee8-81c0-5d1c9e578ad1""}",2026-03-28T19:09:37.961687905Z
[DB] Synced 1 accounts to database,info,"{""level"":""info""}","{""project"":""ce3616d9-58ad-4ec7-a294-1821e1564434"",""environment"":""fb6513d0-42a4-4660-82b5-509c54b15f2a"",""service"":""4978aa94-666c-47c7-8024-3ada55195a51"",""deployment"":""3b1fa354-15dc-4557-a220-0df46d05cef6"",""replica"":""fe005091-cfff-4ee8-81c0-5d1c9e578ad1""}",2026-03-28T19:10:07.966701426Z
[DB] Synced 1 accounts to database,info,"{""level"":""info""}","{""project"":""ce3616d9-58ad-4ec7-a294-1821e1564434"",""environment"":""fb6513d0-42a4-4660-82b5-509c54b15f2a"",""service"":""4978aa94-666c-47c7-8024-3ada55195a51"",""deployment"":""3b1fa354-15dc-4557-a220-0df46d05cef6"",""replica"":""fe005091-cfff-4ee8-81c0-5d1c9e578ad1""}",2026-03-28T19:10:37.728432343Z
[DB] Synced 1 accounts to database,info,"{""level"":""info""}","{""project"":""ce3616d9-58ad-4ec7-a294-1821e1564434"",""environment"":""fb6513d0-42a4-4660-82b5-509c54b15f2a"",""service"":""4978aa94-666c-47c7-8024-3ada55195a51"",""deployment"":""3b1fa354-15dc-4557-a220-0df46d05cef6"",""replica"":""fe005091-cfff-4ee8-81c0-5d1c9e578ad1""}",2026-03-28T19:11:07.804741681Z
[DB] Synced 1 accounts to database,info,"{""level"":""info""}","{""project"":""ce3616d9-58ad-4ec7-a294-1821e1564434"",""environment"":""fb6513d0-42a4-4660-82b5-509c54b15f2a"",""service"":""4978aa94-666c-47c7-8024-3ada55195a51"",""deployment"":""3b1fa354-15dc-4557-a220-0df46d05cef6"",""replica"":""fe005091-cfff-4ee8-81c0-5d1c9e578ad1""}",2026-03-28T19:11:37.931114095Z
[DB] Synced 1 accounts to database,info,"{""level"":""info""}","{""project"":""ce3616d9-58ad-4ec7-a294-1821e1564434"",""environment"":""fb6513d0-42a4-4660-82b5-509c54b15f2a"",""service"":""4978aa94-666c-47c7-8024-3ada55195a51"",""deployment"":""3b1fa354-15dc-4557-a220-0df46d05cef6"",""replica"":""fe005091-cfff-4ee8-81c0-5d1c9e578ad1""}",2026-03-28T19:12:07.718153272Z
[DB] Synced 1 accounts to database,info,"{""level"":""info""}","{""project"":""ce3616d9-58ad-4ec7-a294-1821e1564434"",""environment"":""fb6513d0-42a4-4660-82b5-509c54b15f2a"",""service"":""4978aa94-666c-47c7-8024-3ada55195a51"",""deployment"":""3b1fa354-15dc-4557-a220-0df46d05cef6"",""replica"":""fe005091-cfff-4ee8-81c0-5d1c9e578ad1""}",2026-03-28T19:12:37.726514587Z
[DB] Synced 1 accounts to database,info,"{""level"":""info""}","{""project"":""ce3616d9-58ad-4ec7-a294-1821e1564434"",""environment"":""fb6513d0-42a4-4660-82b5-509c54b15f2a"",""service"":""4978aa94-666c-47c7-8024-3ada55195a51"",""deployment"":""3b1fa354-15dc-4557-a220-0df46d05cef6"",""replica"":""fe005091-cfff-4ee8-81c0-5d1c9e578ad1""}",2026-03-28T19:13:07.904553501Z
[DB] Synced 1 accounts to database,info,"{""level"":""info""}","{""project"":""ce3616d9-58ad-4ec7-a294-1821e1564434"",""environment"":""fb6513d0-42a4-4660-82b5-509c54b15f2a"",""service"":""4978aa94-666c-47c7-8024-3ada55195a51"",""deployment"":""3b1fa354-15dc-4557-a220-0df46d05cef6"",""replica"":""fe005091-cfff-4ee8-81c0-5d1c9e578ad1""}",2026-03-28T19:13:37.728313749Z
[DB] Synced 1 accounts to database,info,"{""level"":""info""}","{""project"":""ce3616d9-58ad-4ec7-a294-1821e1564434"",""environment"":""fb6513d0-42a4-4660-82b5-509c54b15f2a"",""service"":""4978aa94-666c-47c7-8024-3ada55195a51"",""deployment"":""3b1fa354-15dc-4557-a220-0df46d05cef6"",""replica"":""fe005091-cfff-4ee8-81c0-5d1c9e578ad1""}",2026-03-28T19:14:07.739976973Z
[DB] Synced 1 accounts to database,info,"{""level"":""info""}","{""project"":""ce3616d9-58ad-4ec7-a294-1821e1564434"",""environment"":""fb6513d0-42a4-4660-82b5-509c54b15f2a"",""service"":""4978aa94-666c-47c7-8024-3ada55195a51"",""deployment"":""3b1fa354-15dc-4557-a220-0df46d05cef6"",""replica"":""fe005091-cfff-4ee8-81c0-5d1c9e578ad1""}",2026-03-28T19:14:37.963298117Z
[DB] Synced 1 accounts to database,info,"{""level"":""info""}","{""project"":""ce3616d9-58ad-4ec7-a294-1821e1564434"",""environment"":""fb6513d0-42a4-4660-82b5-509c54b15f2a"",""service"":""4978aa94-666c-47c7-8024-3ada55195a51"",""deployment"":""3b1fa354-15dc-4557-a220-0df46d05cef6"",""replica"":""fe005091-cfff-4ee8-81c0-5d1c9e578ad1""}",2026-03-28T19:15:07.825476080Z
[DB] Synced 1 accounts to database,info,"{""level"":""info""}","{""project"":""ce3616d9-58ad-4ec7-a294-1821e1564434"",""environment"":""fb6513d0-42a4-4660-82b5-509c54b15f2a"",""service"":""4978aa94-666c-47c7-8024-3ada55195a51"",""deployment"":""3b1fa354-15dc-4557-a220-0df46d05cef6"",""replica"":""fe005091-cfff-4ee8-81c0-5d1c9e578ad1""}",2026-03-28T19:15:37.848186689Z
[DB] Synced 1 accounts to database,info,"{""level"":""info""}","{""project"":""ce3616d9-58ad-4ec7-a294-1821e1564434"",""environment"":""fb6513d0-42a4-4660-82b5-509c54b15f2a"",""service"":""4978aa94-666c-47c7-8024-3ada55195a51"",""deployment"":""3b1fa354-15dc-4557-a220-0df46d05cef6"",""replica"":""fe005091-cfff-4ee8-81c0-5d1c9e578ad1""}",2026-03-28T19:16:07.648144966Z
[DB] Synced 1 accounts to database,info,"{""level"":""info""}","{""project"":""ce3616d9-58ad-4ec7-a294-1821e1564434"",""environment"":""fb6513d0-42a4-4660-82b5-509c54b15f2a"",""service"":""4978aa94-666c-47c7-8024-3ada55195a51"",""deployment"":""3b1fa354-15dc-4557-a220-0df46d05cef6"",""replica"":""fe005091-cfff-4ee8-81c0-5d1c9e578ad1""}",2026-03-28T19:16:37.653501315Z
[DB] Synced 1 accounts to database,info,"{""level"":""info""}","{""project"":""ce3616d9-58ad-4ec7-a294-1821e1564434"",""environment"":""fb6513d0-42a4-4660-82b5-509c54b15f2a"",""service"":""4978aa94-666c-47c7-8024-3ada55195a51"",""deployment"":""3b1fa354-15dc-4557-a220-0df46d05cef6"",""replica"":""fe005091-cfff-4ee8-81c0-5d1c9e578ad1""}",2026-03-28T19:17:07.412733067Z
[DB] Synced 1 accounts to database,info,"{""level"":""info""}","{""project"":""ce3616d9-58ad-4ec7-a294-1821e1564434"",""environment"":""fb6513d0-42a4-4660-82b5-509c54b15f2a"",""service"":""4978aa94-666c-47c7-8024-3ada55195a51"",""deployment"":""3b1fa354-15dc-4557-a220-0df46d05cef6"",""replica"":""fe005091-cfff-4ee8-81c0-5d1c9e578ad1""}",2026-03-28T19:17:37.410256112Z
[DB] Synced 1 accounts to database,info,"{""level"":""info""}","{""project"":""ce3616d9-58ad-4ec7-a294-1821e1564434"",""environment"":""fb6513d0-42a4-4660-82b5-509c54b15f2a"",""service"":""4978aa94-666c-47c7-8024-3ada55195a51"",""deployment"":""3b1fa354-15dc-4557-a220-0df46d05cef6"",""replica"":""fe005091-cfff-4ee8-81c0-5d1c9e578ad1""}",2026-03-28T19:18:07.244137139Z
[DB] Synced 1 accounts to database,info,"{""level"":""info""}","{""project"":""ce3616d9-58ad-4ec7-a294-1821e1564434"",""environment"":""fb6513d0-42a4-4660-82b5-509c54b15f2a"",""service"":""4978aa94-666c-47c7-8024-3ada55195a51"",""deployment"":""3b1fa354-15dc-4557-a220-0df46d05cef6"",""replica"":""fe005091-cfff-4ee8-81c0-5d1c9e578ad1""}",2026-03-28T19:18:37.252462215Z
[DB] Synced 1 accounts to database,info,"{""level"":""info""}","{""project"":""ce3616d9-58ad-4ec7-a294-1821e1564434"",""environment"":""fb6513d0-42a4-4660-82b5-509c54b15f2a"",""service"":""4978aa94-666c-47c7-8024-3ada55195a51"",""deployment"":""3b1fa354-15dc-4557-a220-0df46d05cef6"",""replica"":""fe005091-cfff-4ee8-81c0-5d1c9e578ad1""}",2026-03-28T19:19:07.426477529Z
[DB] Synced 1 accounts to database,info,"{""level"":""info""}","{""project"":""ce3616d9-58ad-4ec7-a294-1821e1564434"",""environment"":""fb6513d0-42a4-4660-82b5-509c54b15f2a"",""service"":""4978aa94-666c-47c7-8024-3ada55195a51"",""deployment"":""3b1fa354-15dc-4557-a220-0df46d05cef6"",""replica"":""fe005091-cfff-4ee8-81c0-5d1c9e578ad1""}",2026-03-28T19:19:37.276947180Z
[DB] Synced 1 accounts to database,info,"{""level"":""info""}","{""project"":""ce3616d9-58ad-4ec7-a294-1821e1564434"",""environment"":""fb6513d0-42a4-4660-82b5-509c54b15f2a"",""service"":""4978aa94-666c-47c7-8024-3ada55195a51"",""deployment"":""3b1fa354-15dc-4557-a220-0df46d05cef6"",""replica"":""fe005091-cfff-4ee8-81c0-5d1c9e578ad1""}",2026-03-28T19:20:07.341559579Z
[DB] Synced 1 accounts to database,info,"{""level"":""info""}","{""project"":""ce3616d9-58ad-4ec7-a294-1821e1564434"",""environment"":""fb6513d0-42a4-4660-82b5-509c54b15f2a"",""service"":""4978aa94-666c-47c7-8024-3ada55195a51"",""deployment"":""3b1fa354-15dc-4557-a220-0df46d05cef6"",""replica"":""fe005091-cfff-4ee8-81c0-5d1c9e578ad1""}",2026-03-28T19:20:37.100318698Z
[DB] Synced 1 accounts to database,info,"{""level"":""info""}","{""project"":""ce3616d9-58ad-4ec7-a294-1821e1564434"",""environment"":""fb6513d0-42a4-4660-82b5-509c54b15f2a"",""service"":""4978aa94-666c-47c7-8024-3ada55195a51"",""deployment"":""3b1fa354-15dc-4557-a220-0df46d05cef6"",""replica"":""fe005091-cfff-4ee8-81c0-5d1c9e578ad1""}",2026-03-28T19:21:07.079502261Z
[DB] Synced 1 accounts to database,info,"{""level"":""info""}","{""project"":""ce3616d9-58ad-4ec7-a294-1821e1564434"",""environment"":""fb6513d0-42a4-4660-82b5-509c54b15f2a"",""service"":""4978aa94-666c-47c7-8024-3ada55195a51"",""deployment"":""3b1fa354-15dc-4557-a220-0df46d05cef6"",""replica"":""fe005091-cfff-4ee8-81c0-5d1c9e578ad1""}",2026-03-28T19:21:36.875577599Z
[DB] Synced 1 accounts to database,info,"{""level"":""info""}","{""project"":""ce3616d9-58ad-4ec7-a294-1821e1564434"",""environment"":""fb6513d0-42a4-4660-82b5-509c54b15f2a"",""service"":""4978aa94-666c-47c7-8024-3ada55195a51"",""deployment"":""3b1fa354-15dc-4557-a220-0df46d05cef6"",""replica"":""fe005091-cfff-4ee8-81c0-5d1c9e578ad1""}",2026-03-28T19:22:06.867726790Z
[DB] Synced 1 accounts to database,info,"{""level"":""info""}","{""project"":""ce3616d9-58ad-4ec7-a294-1821e1564434"",""environment"":""fb6513d0-42a4-4660-82b5-509c54b15f2a"",""service"":""4978aa94-666c-47c7-8024-3ada55195a51"",""deployment"":""3b1fa354-15dc-4557-a220-0df46d05cef6"",""replica"":""fe005091-cfff-4ee8-81c0-5d1c9e578ad1""}",2026-03-28T19:22:36.709384638Z
[DB] Synced 1 accounts to database,info,"{""level"":""info""}","{""project"":""ce3616d9-58ad-4ec7-a294-1821e1564434"",""environment"":""fb6513d0-42a4-4660-82b5-509c54b15f2a"",""service"":""4978aa94-666c-47c7-8024-3ada55195a51"",""deployment"":""3b1fa354-15dc-4557-a220-0df46d05cef6"",""replica"":""fe005091-cfff-4ee8-81c0-5d1c9e578ad1""}",2026-03-28T19:23:06.767863692Z
[DB] Synced 1 accounts to database,info,"{""level"":""info""}","{""project"":""ce3616d9-58ad-4ec7-a294-1821e1564434"",""environment"":""fb6513d0-42a4-4660-82b5-509c54b15f2a"",""service"":""4978aa94-666c-47c7-8024-3ada55195a51"",""deployment"":""3b1fa354-15dc-4557-a220-0df46d05cef6"",""replica"":""fe005091-cfff-4ee8-81c0-5d1c9e578ad1""}",2026-03-28T19:23:36.613679524Z
[DB] Synced 1 accounts to database,info,"{""level"":""info""}","{""project"":""ce3616d9-58ad-4ec7-a294-1821e1564434"",""environment"":""fb6513d0-42a4-4660-82b5-509c54b15f2a"",""service"":""4978aa94-666c-47c7-8024-3ada55195a51"",""deployment"":""3b1fa354-15dc-4557-a220-0df46d05cef6"",""replica"":""fe005091-cfff-4ee8-81c0-5d1c9e578ad1""}",2026-03-28T19:24:06.624136895Z
[DB] Synced 1 accounts to database,info,"{""level"":""info""}","{""project"":""ce3616d9-58ad-4ec7-a294-1821e1564434"",""environment"":""fb6513d0-42a4-4660-82b5-509c54b15f2a"",""service"":""4978aa94-666c-47c7-8024-3ada55195a51"",""deployment"":""3b1fa354-15dc-4557-a220-0df46d05cef6"",""replica"":""fe005091-cfff-4ee8-81c0-5d1c9e578ad1""}",2026-03-28T19:24:36.915073863Z
[DB] Synced 1 accounts to database,info,"{""level"":""info""}","{""project"":""ce3616d9-58ad-4ec7-a294-1821e1564434"",""environment"":""fb6513d0-42a4-4660-82b5-509c54b15f2a"",""service"":""4978aa94-666c-47c7-8024-3ada55195a51"",""deployment"":""3b1fa354-15dc-4557-a220-0df46d05cef6"",""replica"":""fe005091-cfff-4ee8-81c0-5d1c9e578ad1""}",2026-03-28T19:25:06.708096873Z
[DB] Synced 1 accounts to database,info,"{""level"":""info""}","{""project"":""ce3616d9-58ad-4ec7-a294-1821e1564434"",""environment"":""fb6513d0-42a4-4660-82b5-509c54b15f2a"",""service"":""4978aa94-666c-47c7-8024-3ada55195a51"",""deployment"":""3b1fa354-15dc-4557-a220-0df46d05cef6"",""replica"":""fe005091-cfff-4ee8-81c0-5d1c9e578ad1""}",2026-03-28T19:25:36.778627514Z
[DB] Synced 1 accounts to database,info,"{""level"":""info""}","{""project"":""ce3616d9-58ad-4ec7-a294-1821e1564434"",""environment"":""fb6513d0-42a4-4660-82b5-509c54b15f2a"",""service"":""4978aa94-666c-47c7-8024-3ada55195a51"",""deployment"":""3b1fa354-15dc-4557-a220-0df46d05cef6"",""replica"":""fe005091-cfff-4ee8-81c0-5d1c9e578ad1""}",2026-03-28T19:26:06.856065432Z
[DB] Synced 1 accounts to database,info,"{""level"":""info""}","{""project"":""ce3616d9-58ad-4ec7-a294-1821e1564434"",""environment"":""fb6513d0-42a4-4660-82b5-509c54b15f2a"",""service"":""4978aa94-666c-47c7-8024-3ada55195a51"",""deployment"":""3b1fa354-15dc-4557-a220-0df46d05cef6"",""replica"":""fe005091-cfff-4ee8-81c0-5d1c9e578ad1""}",2026-03-28T19:26:36.695877547Z
[DB] Synced 1 accounts to database,info,"{""level"":""info""}","{""project"":""ce3616d9-58ad-4ec7-a294-1821e1564434"",""environment"":""fb6513d0-42a4-4660-82b5-509c54b15f2a"",""service"":""4978aa94-666c-47c7-8024-3ada55195a51"",""deployment"":""3b1fa354-15dc-4557-a220-0df46d05cef6"",""replica"":""fe005091-cfff-4ee8-81c0-5d1c9e578ad1""}",2026-03-28T19:27:06.710159444Z
[DB] Synced 1 accounts to database,info,"{""level"":""info""}","{""project"":""ce3616d9-58ad-4ec7-a294-1821e1564434"",""environment"":""fb6513d0-42a4-4660-82b5-509c54b15f2a"",""service"":""4978aa94-666c-47c7-8024-3ada55195a51"",""deployment"":""3b1fa354-15dc-4557-a220-0df46d05cef6"",""replica"":""fe005091-cfff-4ee8-81c0-5d1c9e578ad1""}",2026-03-28T19:27:36.487978182Z
[DB] Synced 1 accounts to database,info,"{""level"":""info""}","{""project"":""ce3616d9-58ad-4ec7-a294-1821e1564434"",""environment"":""fb6513d0-42a4-4660-82b5-509c54b15f2a"",""service"":""4978aa94-666c-47c7-8024-3ada55195a51"",""deployment"":""3b1fa354-15dc-4557-a220-0df46d05cef6"",""replica"":""fe005091-cfff-4ee8-81c0-5d1c9e578ad1""}",2026-03-28T19:28:06.544326856Z
[DB] Synced 1 accounts to database,info,"{""level"":""info""}","{""project"":""ce3616d9-58ad-4ec7-a294-1821e1564434"",""environment"":""fb6513d0-42a4-4660-82b5-509c54b15f2a"",""service"":""4978aa94-666c-47c7-8024-3ada55195a51"",""deployment"":""3b1fa354-15dc-4557-a220-0df46d05cef6"",""replica"":""fe005091-cfff-4ee8-81c0-5d1c9e578ad1""}",2026-03-28T19:28:36.271295199Z
[DB] Synced 1 accounts to database,info,"{""level"":""info""}","{""project"":""ce3616d9-58ad-4ec7-a294-1821e1564434"",""environment"":""fb6513d0-42a4-4660-82b5-509c54b15f2a"",""service"":""4978aa94-666c-47c7-8024-3ada55195a51"",""deployment"":""3b1fa354-15dc-4557-a220-0df46d05cef6"",""replica"":""fe005091-cfff-4ee8-81c0-5d1c9e578ad1""}",2026-03-28T19:29:06.279127074Z
[DB] Synced 1 accounts to database,info,"{""level"":""info""}","{""project"":""ce3616d9-58ad-4ec7-a294-1821e1564434"",""environment"":""fb6513d0-42a4-4660-82b5-509c54b15f2a"",""service"":""4978aa94-666c-47c7-8024-3ada55195a51"",""deployment"":""3b1fa354-15dc-4557-a220-0df46d05cef6"",""replica"":""fe005091-cfff-4ee8-81c0-5d1c9e578ad1""}",2026-03-28T19:29:36.543493035Z
[DB] Synced 1 accounts to database,info,"{""level"":""info""}","{""project"":""ce3616d9-58ad-4ec7-a294-1821e1564434"",""environment"":""fb6513d0-42a4-4660-82b5-509c54b15f2a"",""service"":""4978aa94-666c-47c7-8024-3ada55195a51"",""deployment"":""3b1fa354-15dc-4557-a220-0df46d05cef6"",""replica"":""fe005091-cfff-4ee8-81c0-5d1c9e578ad1""}",2026-03-28T19:30:06.424040115Z
[DB] Synced 1 accounts to database,info,"{""level"":""info""}","{""project"":""ce3616d9-58ad-4ec7-a294-1821e1564434"",""environment"":""fb6513d0-42a4-4660-82b5-509c54b15f2a"",""service"":""4978aa94-666c-47c7-8024-3ada55195a51"",""deployment"":""3b1fa354-15dc-4557-a220-0df46d05cef6"",""replica"":""fe005091-cfff-4ee8-81c0-5d1c9e578ad1""}",2026-03-28T19:30:36.446448888Z
[DB] Synced 1 accounts to database,info,"{""level"":""info""}","{""project"":""ce3616d9-58ad-4ec7-a294-1821e1564434"",""environment"":""fb6513d0-42a4-4660-82b5-509c54b15f2a"",""service"":""4978aa94-666c-47c7-8024-3ada55195a51"",""deployment"":""3b1fa354-15dc-4557-a220-0df46d05cef6"",""replica"":""fe005091-cfff-4ee8-81c0-5d1c9e578ad1""}",2026-03-28T19:31:06.600298992Z
[DB] Synced 1 accounts to database,info,"{""level"":""info""}","{""project"":""ce3616d9-58ad-4ec7-a294-1821e1564434"",""environment"":""fb6513d0-42a4-4660-82b5-509c54b15f2a"",""service"":""4978aa94-666c-47c7-8024-3ada55195a51"",""deployment"":""3b1fa354-15dc-4557-a220-0df46d05cef6"",""replica"":""fe005091-cfff-4ee8-81c0-5d1c9e578ad1""}",2026-03-28T19:31:36.482768316Z
[DB] Synced 1 accounts to database,info,"{""level"":""info""}","{""project"":""ce3616d9-58ad-4ec7-a294-1821e1564434"",""environment"":""fb6513d0-42a4-4660-82b5-509c54b15f2a"",""service"":""4978aa94-666c-47c7-8024-3ada55195a51"",""deployment"":""3b1fa354-15dc-4557-a220-0df46d05cef6"",""replica"":""fe005091-cfff-4ee8-81c0-5d1c9e578ad1""}",2026-03-28T19:32:06.528040308Z
[DB] Synced 1 accounts to database,info,"{""level"":""info""}","{""project"":""ce3616d9-58ad-4ec7-a294-1821e1564434"",""environment"":""fb6513d0-42a4-4660-82b5-509c54b15f2a"",""service"":""4978aa94-666c-47c7-8024-3ada55195a51"",""deployment"":""3b1fa354-15dc-4557-a220-0df46d05cef6"",""replica"":""fe005091-cfff-4ee8-81c0-5d1c9e578ad1""}",2026-03-28T19:32:36.311348328Z
[DB] Synced 1 accounts to database,info,"{""level"":""info""}","{""project"":""ce3616d9-58ad-4ec7-a294-1821e1564434"",""environment"":""fb6513d0-42a4-4660-82b5-509c54b15f2a"",""service"":""4978aa94-666c-47c7-8024-3ada55195a51"",""deployment"":""3b1fa354-15dc-4557-a220-0df46d05cef6"",""replica"":""fe005091-cfff-4ee8-81c0-5d1c9e578ad1""}",2026-03-28T19:33:06.624335285Z
[DB] Synced 1 accounts to database,info,"{""level"":""info""}","{""project"":""ce3616d9-58ad-4ec7-a294-1821e1564434"",""environment"":""fb6513d0-42a4-4660-82b5-509c54b15f2a"",""service"":""4978aa94-666c-47c7-8024-3ada55195a51"",""deployment"":""3b1fa354-15dc-4557-a220-0df46d05cef6"",""replica"":""fe005091-cfff-4ee8-81c0-5d1c9e578ad1""}",2026-03-28T19:33:36.451990138Z
[DB] Synced 1 accounts to database,info,"{""level"":""info""}","{""project"":""ce3616d9-58ad-4ec7-a294-1821e1564434"",""environment"":""fb6513d0-42a4-4660-82b5-509c54b15f2a"",""service"":""4978aa94-666c-47c7-8024-3ada55195a51"",""deployment"":""3b1fa354-15dc-4557-a220-0df46d05cef6"",""replica"":""fe005091-cfff-4ee8-81c0-5d1c9e578ad1""}",2026-03-28T19:34:06.432607109Z
[DB] Synced 1 accounts to database,info,"{""level"":""info""}","{""project"":""ce3616d9-58ad-4ec7-a294-1821e1564434"",""environment"":""fb6513d0-42a4-4660-82b5-509c54b15f2a"",""service"":""4978aa94-666c-47c7-8024-3ada55195a51"",""deployment"":""3b1fa354-15dc-4557-a220-0df46d05cef6"",""replica"":""fe005091-cfff-4ee8-81c0-5d1c9e578ad1""}",2026-03-28T19:34:36.243507470Z
[DB] Synced 1 accounts to database,info,"{""level"":""info""}","{""project"":""ce3616d9-58ad-4ec7-a294-1821e1564434"",""environment"":""fb6513d0-42a4-4660-82b5-509c54b15f2a"",""service"":""4978aa94-666c-47c7-8024-3ada55195a51"",""deployment"":""3b1fa354-15dc-4557-a220-0df46d05cef6"",""replica"":""fe005091-cfff-4ee8-81c0-5d1c9e578ad1""}",2026-03-28T19:35:06.475571181Z
[DB] Synced 1 accounts to database,info,"{""level"":""info""}","{""project"":""ce3616d9-58ad-4ec7-a294-1821e1564434"",""environment"":""fb6513d0-42a4-4660-82b5-509c54b15f2a"",""service"":""4978aa94-666c-47c7-8024-3ada55195a51"",""deployment"":""3b1fa354-15dc-4557-a220-0df46d05cef6"",""replica"":""fe005091-cfff-4ee8-81c0-5d1c9e578ad1""}",2026-03-28T19:35:36.276760114Z
[DB] Synced 1 accounts to database,info,"{""level"":""info""}","{""project"":""ce3616d9-58ad-4ec7-a294-1821e1564434"",""environment"":""fb6513d0-42a4-4660-82b5-509c54b15f2a"",""service"":""4978aa94-666c-47c7-8024-3ada55195a51"",""deployment"":""3b1fa354-15dc-4557-a220-0df46d05cef6"",""replica"":""fe005091-cfff-4ee8-81c0-5d1c9e578ad1""}",2026-03-28T19:36:06.372291961Z
[DB] Synced 1 accounts to database,info,"{""level"":""info""}","{""project"":""ce3616d9-58ad-4ec7-a294-1821e1564434"",""environment"":""fb6513d0-42a4-4660-82b5-509c54b15f2a"",""service"":""4978aa94-666c-47c7-8024-3ada55195a51"",""deployment"":""3b1fa354-15dc-4557-a220-0df46d05cef6"",""replica"":""fe005091-cfff-4ee8-81c0-5d1c9e578ad1""}",2026-03-28T19:36:36.408477019Z
[DB] Synced 1 accounts to database,info,"{""level"":""info""}","{""project"":""ce3616d9-58ad-4ec7-a294-1821e1564434"",""environment"":""fb6513d0-42a4-4660-82b5-509c54b15f2a"",""service"":""4978aa94-666c-47c7-8024-3ada55195a51"",""deployment"":""3b1fa354-15dc-4557-a220-0df46d05cef6"",""replica"":""fe005091-cfff-4ee8-81c0-5d1c9e578ad1""}",2026-03-28T19:37:06.430401419Z
[DB] Synced 1 accounts to database,info,"{""level"":""info""}","{""project"":""ce3616d9-58ad-4ec7-a294-1821e1564434"",""environment"":""fb6513d0-42a4-4660-82b5-509c54b15f2a"",""service"":""4978aa94-666c-47c7-8024-3ada55195a51"",""deployment"":""3b1fa354-15dc-4557-a220-0df46d05cef6"",""replica"":""fe005091-cfff-4ee8-81c0-5d1c9e578ad1""}",2026-03-28T19:37:36.476565919Z
[DB] Synced 1 accounts to database,info,"{""level"":""info""}","{""project"":""ce3616d9-58ad-4ec7-a294-1821e1564434"",""environment"":""fb6513d0-42a4-4660-82b5-509c54b15f2a"",""service"":""4978aa94-666c-47c7-8024-3ada55195a51"",""deployment"":""3b1fa354-15dc-4557-a220-0df46d05cef6"",""replica"":""fe005091-cfff-4ee8-81c0-5d1c9e578ad1""}",2026-03-28T19:38:06.377681601Z
[DB] Synced 1 accounts to database,info,"{""level"":""info""}","{""project"":""ce3616d9-58ad-4ec7-a294-1821e1564434"",""environment"":""fb6513d0-42a4-4660-82b5-509c54b15f2a"",""service"":""4978aa94-666c-47c7-8024-3ada55195a51"",""deployment"":""3b1fa354-15dc-4557-a220-0df46d05cef6"",""replica"":""fe005091-cfff-4ee8-81c0-5d1c9e578ad1""}",2026-03-28T19:38:36.435484751Z
[DB] Synced 1 accounts to database,info,"{""level"":""info""}","{""project"":""ce3616d9-58ad-4ec7-a294-1821e1564434"",""environment"":""fb6513d0-42a4-4660-82b5-509c54b15f2a"",""service"":""4978aa94-666c-47c7-8024-3ada55195a51"",""deployment"":""3b1fa354-15dc-4557-a220-0df46d05cef6"",""replica"":""fe005091-cfff-4ee8-81c0-5d1c9e578ad1""}",2026-03-28T19:39:06.270963852Z
[DB] Synced 1 accounts to database,info,"{""level"":""info""}","{""project"":""ce3616d9-58ad-4ec7-a294-1821e1564434"",""environment"":""fb6513d0-42a4-4660-82b5-509c54b15f2a"",""service"":""4978aa94-666c-47c7-8024-3ada55195a51"",""deployment"":""3b1fa354-15dc-4557-a220-0df46d05cef6"",""replica"":""fe005091-cfff-4ee8-81c0-5d1c9e578ad1""}",2026-03-28T19:39:36.359348276Z
[DB] Synced 1 accounts to database,info,"{""level"":""info""}","{""project"":""ce3616d9-58ad-4ec7-a294-1821e1564434"",""environment"":""fb6513d0-42a4-4660-82b5-509c54b15f2a"",""service"":""4978aa94-666c-47c7-8024-3ada55195a51"",""deployment"":""3b1fa354-15dc-4557-a220-0df46d05cef6"",""replica"":""fe005091-cfff-4ee8-81c0-5d1c9e578ad1""}",2026-03-28T19:40:16.280353267Z
[DB] Synced 1 accounts to database,info,"{""level"":""info""}","{""project"":""ce3616d9-58ad-4ec7-a294-1821e1564434"",""environment"":""fb6513d0-42a4-4660-82b5-509c54b15f2a"",""service"":""4978aa94-666c-47c7-8024-3ada55195a51"",""deployment"":""3b1fa354-15dc-4557-a220-0df46d05cef6"",""replica"":""fe005091-cfff-4ee8-81c0-5d1c9e578ad1""}",2026-03-28T19:40:46.278316549Z
[DB] Synced 1 accounts to database,info,"{""level"":""info""}","{""project"":""ce3616d9-58ad-4ec7-a294-1821e1564434"",""environment"":""fb6513d0-42a4-4660-82b5-509c54b15f2a"",""service"":""4978aa94-666c-47c7-8024-3ada55195a51"",""deployment"":""3b1fa354-15dc-4557-a220-0df46d05cef6"",""replica"":""fe005091-cfff-4ee8-81c0-5d1c9e578ad1""}",2026-03-28T19:41:06.521205891Z
[DB] Synced 1 accounts to database,info,"{""level"":""info""}","{""project"":""ce3616d9-58ad-4ec7-a294-1821e1564434"",""environment"":""fb6513d0-42a4-4660-82b5-509c54b15f2a"",""service"":""4978aa94-666c-47c7-8024-3ada55195a51"",""deployment"":""3b1fa354-15dc-4557-a220-0df46d05cef6"",""replica"":""fe005091-cfff-4ee8-81c0-5d1c9e578ad1""}",2026-03-28T19:41:46.336170158Z
[DB] Synced 1 accounts to database,info,"{""level"":""info""}","{""project"":""ce3616d9-58ad-4ec7-a294-1821e1564434"",""environment"":""fb6513d0-42a4-4660-82b5-509c54b15f2a"",""service"":""4978aa94-666c-47c7-8024-3ada55195a51"",""deployment"":""3b1fa354-15dc-4557-a220-0df46d05cef6"",""replica"":""fe005091-cfff-4ee8-81c0-5d1c9e578ad1""}",2026-03-28T19:42:16.378020676Z
[DB] Synced 1 accounts to database,info,"{""level"":""info""}","{""project"":""ce3616d9-58ad-4ec7-a294-1821e1564434"",""environment"":""fb6513d0-42a4-4660-82b5-509c54b15f2a"",""service"":""4978aa94-666c-47c7-8024-3ada55195a51"",""deployment"":""3b1fa354-15dc-4557-a220-0df46d05cef6"",""replica"":""fe005091-cfff-4ee8-81c0-5d1c9e578ad1""}",2026-03-28T19:42:46.262718562Z
[DB] Synced 1 accounts to database,info,"{""level"":""info""}","{""project"":""ce3616d9-58ad-4ec7-a294-1821e1564434"",""environment"":""fb6513d0-42a4-4660-82b5-509c54b15f2a"",""service"":""4978aa94-666c-47c7-8024-3ada55195a51"",""deployment"":""3b1fa354-15dc-4557-a220-0df46d05cef6"",""replica"":""fe005091-cfff-4ee8-81c0-5d1c9e578ad1""}",2026-03-28T19:43:16.414303650Z
[DB] Synced 1 accounts to database,info,"{""level"":""info""}","{""project"":""ce3616d9-58ad-4ec7-a294-1821e1564434"",""environment"":""fb6513d0-42a4-4660-82b5-509c54b15f2a"",""service"":""4978aa94-666c-47c7-8024-3ada55195a51"",""deployment"":""3b1fa354-15dc-4557-a220-0df46d05cef6"",""replica"":""fe005091-cfff-4ee8-81c0-5d1c9e578ad1""}",2026-03-28T19:43:46.277482676Z
[DB] Synced 1 accounts to database,info,"{""level"":""info""}","{""project"":""ce3616d9-58ad-4ec7-a294-1821e1564434"",""environment"":""fb6513d0-42a4-4660-82b5-509c54b15f2a"",""service"":""4978aa94-666c-47c7-8024-3ada55195a51"",""deployment"":""3b1fa354-15dc-4557-a220-0df46d05cef6"",""replica"":""fe005091-cfff-4ee8-81c0-5d1c9e578ad1""}",2026-03-28T19:44:16.280751206Z
[DB] Synced 1 accounts to database,info,"{""level"":""info""}","{""project"":""ce3616d9-58ad-4ec7-a294-1821e1564434"",""environment"":""fb6513d0-42a4-4660-82b5-509c54b15f2a"",""service"":""4978aa94-666c-47c7-8024-3ada55195a51"",""deployment"":""3b1fa354-15dc-4557-a220-0df46d05cef6"",""replica"":""fe005091-cfff-4ee8-81c0-5d1c9e578ad1""}",2026-03-28T19:44:46.151321846Z
[DB] Synced 1 accounts to database,info,"{""level"":""info""}","{""project"":""ce3616d9-58ad-4ec7-a294-1821e1564434"",""environment"":""fb6513d0-42a4-4660-82b5-509c54b15f2a"",""service"":""4978aa94-666c-47c7-8024-3ada55195a51"",""deployment"":""3b1fa354-15dc-4557-a220-0df46d05cef6"",""replica"":""fe005091-cfff-4ee8-81c0-5d1c9e578ad1""}",2026-03-28T19:45:16.112130860Z
[DB] Synced 1 accounts to database,info,"{""level"":""info""}","{""project"":""ce3616d9-58ad-4ec7-a294-1821e1564434"",""environment"":""fb6513d0-42a4-4660-82b5-509c54b15f2a"",""service"":""4978aa94-666c-47c7-8024-3ada55195a51"",""deployment"":""3b1fa354-15dc-4557-a220-0df46d05cef6"",""replica"":""fe005091-cfff-4ee8-81c0-5d1c9e578ad1""}",2026-03-28T19:45:46.037434946Z
[DB] Synced 1 accounts to database,info,"{""level"":""info""}","{""project"":""ce3616d9-58ad-4ec7-a294-1821e1564434"",""environment"":""fb6513d0-42a4-4660-82b5-509c54b15f2a"",""service"":""4978aa94-666c-47c7-8024-3ada55195a51"",""deployment"":""3b1fa354-15dc-4557-a220-0df46d05cef6"",""replica"":""fe005091-cfff-4ee8-81c0-5d1c9e578ad1""}",2026-03-28T19:46:16.005519269Z
[DB] Synced 1 accounts to database,info,"{""level"":""info""}","{""project"":""ce3616d9-58ad-4ec7-a294-1821e1564434"",""environment"":""fb6513d0-42a4-4660-82b5-509c54b15f2a"",""service"":""4978aa94-666c-47c7-8024-3ada55195a51"",""deployment"":""3b1fa354-15dc-4557-a220-0df46d05cef6"",""replica"":""fe005091-cfff-4ee8-81c0-5d1c9e578ad1""}",2026-03-28T19:46:46.174732368Z
[DB] Synced 1 accounts to database,info,"{""level"":""info""}","{""project"":""ce3616d9-58ad-4ec7-a294-1821e1564434"",""environment"":""fb6513d0-42a4-4660-82b5-509c54b15f2a"",""service"":""4978aa94-666c-47c7-8024-3ada55195a51"",""deployment"":""3b1fa354-15dc-4557-a220-0df46d05cef6"",""replica"":""fe005091-cfff-4ee8-81c0-5d1c9e578ad1""}",2026-03-28T19:47:16.055712489Z
[DB] Synced 1 accounts to database,info,"{""level"":""info""}","{""project"":""ce3616d9-58ad-4ec7-a294-1821e1564434"",""environment"":""fb6513d0-42a4-4660-82b5-509c54b15f2a"",""service"":""4978aa94-666c-47c7-8024-3ada55195a51"",""deployment"":""3b1fa354-15dc-4557-a220-0df46d05cef6"",""replica"":""fe005091-cfff-4ee8-81c0-5d1c9e578ad1""}",2026-03-28T19:47:46.055327329Z
[DB] Synced 1 accounts to database,info,"{""level"":""info""}","{""project"":""ce3616d9-58ad-4ec7-a294-1821e1564434"",""environment"":""fb6513d0-42a4-4660-82b5-509c54b15f2a"",""service"":""4978aa94-666c-47c7-8024-3ada55195a51"",""deployment"":""3b1fa354-15dc-4557-a220-0df46d05cef6"",""replica"":""fe005091-cfff-4ee8-81c0-5d1c9e578ad1""}",2026-03-28T19:48:15.992573748Z
[DB] Synced 1 accounts to database,info,"{""level"":""info""}","{""project"":""ce3616d9-58ad-4ec7-a294-1821e1564434"",""environment"":""fb6513d0-42a4-4660-82b5-509c54b15f2a"",""service"":""4978aa94-666c-47c7-8024-3ada55195a51"",""deployment"":""3b1fa354-15dc-4557-a220-0df46d05cef6"",""replica"":""fe005091-cfff-4ee8-81c0-5d1c9e578ad1""}",2026-03-28T19:48:46.214190674Z
[DB] Synced 1 accounts to database,info,"{""level"":""info""}","{""project"":""ce3616d9-58ad-4ec7-a294-1821e1564434"",""environment"":""fb6513d0-42a4-4660-82b5-509c54b15f2a"",""service"":""4978aa94-666c-47c7-8024-3ada55195a51"",""deployment"":""3b1fa354-15dc-4557-a220-0df46d05cef6"",""replica"":""fe005091-cfff-4ee8-81c0-5d1c9e578ad1""}",2026-03-28T19:49:16.010736524Z
[DB] Synced 1 accounts to database,info,"{""level"":""info""}","{""project"":""ce3616d9-58ad-4ec7-a294-1821e1564434"",""environment"":""fb6513d0-42a4-4660-82b5-509c54b15f2a"",""service"":""4978aa94-666c-47c7-8024-3ada55195a51"",""deployment"":""3b1fa354-15dc-4557-a220-0df46d05cef6"",""replica"":""fe005091-cfff-4ee8-81c0-5d1c9e578ad1""}",2026-03-28T19:49:46.010228485Z
[DB] Synced 1 accounts to database,info,"{""level"":""info""}","{""project"":""ce3616d9-58ad-4ec7-a294-1821e1564434"",""environment"":""fb6513d0-42a4-4660-82b5-509c54b15f2a"",""service"":""4978aa94-666c-47c7-8024-3ada55195a51"",""deployment"":""3b1fa354-15dc-4557-a220-0df46d05cef6"",""replica"":""fe005091-cfff-4ee8-81c0-5d1c9e578ad1""}",2026-03-28T19:50:15.888584477Z
[DB] Synced 1 accounts to database,info,"{""level"":""info""}","{""project"":""ce3616d9-58ad-4ec7-a294-1821e1564434"",""environment"":""fb6513d0-42a4-4660-82b5-509c54b15f2a"",""service"":""4978aa94-666c-47c7-8024-3ada55195a51"",""deployment"":""3b1fa354-15dc-4557-a220-0df46d05cef6"",""replica"":""fe005091-cfff-4ee8-81c0-5d1c9e578ad1""}",2026-03-28T19:50:45.945469311Z
[DB] Synced 1 accounts to database,info,"{""level"":""info""}","{""project"":""ce3616d9-58ad-4ec7-a294-1821e1564434"",""environment"":""fb6513d0-42a4-4660-82b5-509c54b15f2a"",""service"":""4978aa94-666c-47c7-8024-3ada55195a51"",""deployment"":""3b1fa354-15dc-4557-a220-0df46d05cef6"",""replica"":""fe005091-cfff-4ee8-81c0-5d1c9e578ad1""}",2026-03-28T19:51:15.839913404Z
[DB] Synced 1 accounts to database,info,"{""level"":""info""}","{""project"":""ce3616d9-58ad-4ec7-a294-1821e1564434"",""environment"":""fb6513d0-42a4-4660-82b5-509c54b15f2a"",""service"":""4978aa94-666c-47c7-8024-3ada55195a51"",""deployment"":""3b1fa354-15dc-4557-a220-0df46d05cef6"",""replica"":""fe005091-cfff-4ee8-81c0-5d1c9e578ad1""}",2026-03-28T19:51:45.826546578Z
[DB] Synced 1 accounts to database,info,"{""level"":""info""}","{""project"":""ce3616d9-58ad-4ec7-a294-1821e1564434"",""environment"":""fb6513d0-42a4-4660-82b5-509c54b15f2a"",""service"":""4978aa94-666c-47c7-8024-3ada55195a51"",""deployment"":""3b1fa354-15dc-4557-a220-0df46d05cef6"",""replica"":""fe005091-cfff-4ee8-81c0-5d1c9e578ad1""}",2026-03-28T19:52:15.745469182Z
[DB] Synced 1 accounts to database,info,"{""level"":""info""}","{""project"":""ce3616d9-58ad-4ec7-a294-1821e1564434"",""environment"":""fb6513d0-42a4-4660-82b5-509c54b15f2a"",""service"":""4978aa94-666c-47c7-8024-3ada55195a51"",""deployment"":""3b1fa354-15dc-4557-a220-0df46d05cef6"",""replica"":""fe005091-cfff-4ee8-81c0-5d1c9e578ad1""}",2026-03-28T19:52:45.774716263Z
[DB] Synced 1 accounts to database,info,"{""level"":""info""}","{""project"":""ce3616d9-58ad-4ec7-a294-1821e1564434"",""environment"":""fb6513d0-42a4-4660-82b5-509c54b15f2a"",""service"":""4978aa94-666c-47c7-8024-3ada55195a51"",""deployment"":""3b1fa354-15dc-4557-a220-0df46d05cef6"",""replica"":""fe005091-cfff-4ee8-81c0-5d1c9e578ad1""}",2026-03-28T19:53:15.719620964Z
[DB] Synced 1 accounts to database,info,"{""level"":""info""}","{""project"":""ce3616d9-58ad-4ec7-a294-1821e1564434"",""environment"":""fb6513d0-42a4-4660-82b5-509c54b15f2a"",""service"":""4978aa94-666c-47c7-8024-3ada55195a51"",""deployment"":""3b1fa354-15dc-4557-a220-0df46d05cef6"",""replica"":""fe005091-cfff-4ee8-81c0-5d1c9e578ad1""}",2026-03-28T19:53:45.907186534Z
[DB] Synced 1 accounts to database,info,"{""level"":""info""}","{""project"":""ce3616d9-58ad-4ec7-a294-1821e1564434"",""environment"":""fb6513d0-42a4-4660-82b5-509c54b15f2a"",""service"":""4978aa94-666c-47c7-8024-3ada55195a51"",""deployment"":""3b1fa354-15dc-4557-a220-0df46d05cef6"",""replica"":""fe005091-cfff-4ee8-81c0-5d1c9e578ad1""}",2026-03-28T19:54:15.744454411Z
[DB] Synced 1 accounts to database,info,"{""level"":""info""}","{""project"":""ce3616d9-58ad-4ec7-a294-1821e1564434"",""environment"":""fb6513d0-42a4-4660-82b5-509c54b15f2a"",""service"":""4978aa94-666c-47c7-8024-3ada55195a51"",""deployment"":""3b1fa354-15dc-4557-a220-0df46d05cef6"",""replica"":""fe005091-cfff-4ee8-81c0-5d1c9e578ad1""}",2026-03-28T19:54:45.875033436Z
[DB] Synced 1 accounts to database,info,"{""level"":""info""}","{""project"":""ce3616d9-58ad-4ec7-a294-1821e1564434"",""environment"":""fb6513d0-42a4-4660-82b5-509c54b15f2a"",""service"":""4978aa94-666c-47c7-8024-3ada55195a51"",""deployment"":""3b1fa354-15dc-4557-a220-0df46d05cef6"",""replica"":""fe005091-cfff-4ee8-81c0-5d1c9e578ad1""}",2026-03-28T19:55:15.707187039Z
[DB] Synced 1 accounts to database,info,"{""level"":""info""}","{""project"":""ce3616d9-58ad-4ec7-a294-1821e1564434"",""environment"":""fb6513d0-42a4-4660-82b5-509c54b15f2a"",""service"":""4978aa94-666c-47c7-8024-3ada55195a51"",""deployment"":""3b1fa354-15dc-4557-a220-0df46d05cef6"",""replica"":""fe005091-cfff-4ee8-81c0-5d1c9e578ad1""}",2026-03-28T19:55:45.720136899Z
[DB] Synced 1 accounts to database,info,"{""level"":""info""}","{""project"":""ce3616d9-58ad-4ec7-a294-1821e1564434"",""environment"":""fb6513d0-42a4-4660-82b5-509c54b15f2a"",""service"":""4978aa94-666c-47c7-8024-3ada55195a51"",""deployment"":""3b1fa354-15dc-4557-a220-0df46d05cef6"",""replica"":""fe005091-cfff-4ee8-81c0-5d1c9e578ad1""}",2026-03-28T19:56:15.954766387Z
[DB] Synced 1 accounts to database,info,"{""level"":""info""}","{""project"":""ce3616d9-58ad-4ec7-a294-1821e1564434"",""environment"":""fb6513d0-42a4-4660-82b5-509c54b15f2a"",""service"":""4978aa94-666c-47c7-8024-3ada55195a51"",""deployment"":""3b1fa354-15dc-4557-a220-0df46d05cef6"",""replica"":""fe005091-cfff-4ee8-81c0-5d1c9e578ad1""}",2026-03-28T19:56:46.017446501Z
[DB] Synced 1 accounts to database,info,"{""level"":""info""}","{""project"":""ce3616d9-58ad-4ec7-a294-1821e1564434"",""environment"":""fb6513d0-42a4-4660-82b5-509c54b15f2a"",""service"":""4978aa94-666c-47c7-8024-3ada55195a51"",""deployment"":""3b1fa354-15dc-4557-a220-0df46d05cef6"",""replica"":""fe005091-cfff-4ee8-81c0-5d1c9e578ad1""}",2026-03-28T19:57:16.193380671Z
[DB] Synced 1 accounts to database,info,"{""level"":""info""}","{""project"":""ce3616d9-58ad-4ec7-a294-1821e1564434"",""environment"":""fb6513d0-42a4-4660-82b5-509c54b15f2a"",""service"":""4978aa94-666c-47c7-8024-3ada55195a51"",""deployment"":""3b1fa354-15dc-4557-a220-0df46d05cef6"",""replica"":""fe005091-cfff-4ee8-81c0-5d1c9e578ad1""}",2026-03-28T19:57:45.991454166Z
[DB] Synced 1 accounts to database,info,"{""level"":""info""}","{""project"":""ce3616d9-58ad-4ec7-a294-1821e1564434"",""environment"":""fb6513d0-42a4-4660-82b5-509c54b15f2a"",""service"":""4978aa94-666c-47c7-8024-3ada55195a51"",""deployment"":""3b1fa354-15dc-4557-a220-0df46d05cef6"",""replica"":""fe005091-cfff-4ee8-81c0-5d1c9e578ad1""}",2026-03-28T19:58:16.018351778Z
[DB] Synced 1 accounts to database,info,"{""level"":""info""}","{""project"":""ce3616d9-58ad-4ec7-a294-1821e1564434"",""environment"":""fb6513d0-42a4-4660-82b5-509c54b15f2a"",""service"":""4978aa94-666c-47c7-8024-3ada55195a51"",""deployment"":""3b1fa354-15dc-4557-a220-0df46d05cef6"",""replica"":""fe005091-cfff-4ee8-81c0-5d1c9e578ad1""}",2026-03-28T19:58:45.931516521Z
[DB] Synced 1 accounts to database,info,"{""level"":""info""}","{""project"":""ce3616d9-58ad-4ec7-a294-1821e1564434"",""environment"":""fb6513d0-42a4-4660-82b5-509c54b15f2a"",""service"":""4978aa94-666c-47c7-8024-3ada55195a51"",""deployment"":""3b1fa354-15dc-4557-a220-0df46d05cef6"",""replica"":""fe005091-cfff-4ee8-81c0-5d1c9e578ad1""}",2026-03-28T19:59:16.031161225Z
[DB] Synced 1 accounts to database,info,"{""level"":""info""}","{""project"":""ce3616d9-58ad-4ec7-a294-1821e1564434"",""environment"":""fb6513d0-42a4-4660-82b5-509c54b15f2a"",""service"":""4978aa94-666c-47c7-8024-3ada55195a51"",""deployment"":""3b1fa354-15dc-4557-a220-0df46d05cef6"",""replica"":""fe005091-cfff-4ee8-81c0-5d1c9e578ad1""}",2026-03-28T19:59:45.853800787Z
[DB] Synced 1 accounts to database,info,"{""level"":""info""}","{""project"":""ce3616d9-58ad-4ec7-a294-1821e1564434"",""environment"":""fb6513d0-42a4-4660-82b5-509c54b15f2a"",""service"":""4978aa94-666c-47c7-8024-3ada55195a51"",""deployment"":""3b1fa354-15dc-4557-a220-0df46d05cef6"",""replica"":""fe005091-cfff-4ee8-81c0-5d1c9e578ad1""}",2026-03-28T20:00:15.877223854Z
[DB] Synced 1 accounts to database,info,"{""level"":""info""}","{""project"":""ce3616d9-58ad-4ec7-a294-1821e1564434"",""environment"":""fb6513d0-42a4-4660-82b5-509c54b15f2a"",""service"":""4978aa94-666c-47c7-8024-3ada55195a51"",""deployment"":""3b1fa354-15dc-4557-a220-0df46d05cef6"",""replica"":""fe005091-cfff-4ee8-81c0-5d1c9e578ad1""}",2026-03-28T20:00:46.050080256Z
[DB] Synced 1 accounts to database,info,"{""level"":""info""}","{""project"":""ce3616d9-58ad-4ec7-a294-1821e1564434"",""environment"":""fb6513d0-42a4-4660-82b5-509c54b15f2a"",""service"":""4978aa94-666c-47c7-8024-3ada55195a51"",""deployment"":""3b1fa354-15dc-4557-a220-0df46d05cef6"",""replica"":""fe005091-cfff-4ee8-81c0-5d1c9e578ad1""}",2026-03-28T20:01:15.925217977Z
[DB] Synced 1 accounts to database,info,"{""level"":""info""}","{""project"":""ce3616d9-58ad-4ec7-a294-1821e1564434"",""environment"":""fb6513d0-42a4-4660-82b5-509c54b15f2a"",""service"":""4978aa94-666c-47c7-8024-3ada55195a51"",""deployment"":""3b1fa354-15dc-4557-a220-0df46d05cef6"",""replica"":""fe005091-cfff-4ee8-81c0-5d1c9e578ad1""}",2026-03-28T20:01:45.912934427Z
[DB] Synced 1 accounts to database,info,"{""level"":""info""}","{""project"":""ce3616d9-58ad-4ec7-a294-1821e1564434"",""environment"":""fb6513d0-42a4-4660-82b5-509c54b15f2a"",""service"":""4978aa94-666c-47c7-8024-3ada55195a51"",""deployment"":""3b1fa354-15dc-4557-a220-0df46d05cef6"",""replica"":""fe005091-cfff-4ee8-81c0-5d1c9e578ad1""}",2026-03-28T20:02:15.691010138Z
[DB] Synced 1 accounts to database,info,"{""level"":""info""}","{""project"":""ce3616d9-58ad-4ec7-a294-1821e1564434"",""environment"":""fb6513d0-42a4-4660-82b5-509c54b15f2a"",""service"":""4978aa94-666c-47c7-8024-3ada55195a51"",""deployment"":""3b1fa354-15dc-4557-a220-0df46d05cef6"",""replica"":""fe005091-cfff-4ee8-81c0-5d1c9e578ad1""}",2026-03-28T20:02:45.741484272Z
[DB] Synced 1 accounts to database,info,"{""level"":""info""}","{""project"":""ce3616d9-58ad-4ec7-a294-1821e1564434"",""environment"":""fb6513d0-42a4-4660-82b5-509c54b15f2a"",""service"":""4978aa94-666c-47c7-8024-3ada55195a51"",""deployment"":""3b1fa354-15dc-4557-a220-0df46d05cef6"",""replica"":""fe005091-cfff-4ee8-81c0-5d1c9e578ad1""}",2026-03-28T20:03:15.970059000Z
[DB] Synced 1 accounts to database,info,"{""level"":""info""}","{""project"":""ce3616d9-58ad-4ec7-a294-1821e1564434"",""environment"":""fb6513d0-42a4-4660-82b5-509c54b15f2a"",""service"":""4978aa94-666c-47c7-8024-3ada55195a51"",""deployment"":""3b1fa354-15dc-4557-a220-0df46d05cef6"",""replica"":""fe005091-cfff-4ee8-81c0-5d1c9e578ad1""}",2026-03-28T20:03:45.802626714Z
[DB] Synced 1 accounts to database,info,"{""level"":""info""}","{""project"":""ce3616d9-58ad-4ec7-a294-1821e1564434"",""environment"":""fb6513d0-42a4-4660-82b5-509c54b15f2a"",""service"":""4978aa94-666c-47c7-8024-3ada55195a51"",""deployment"":""3b1fa354-15dc-4557-a220-0df46d05cef6"",""replica"":""fe005091-cfff-4ee8-81c0-5d1c9e578ad1""}",2026-03-28T20:04:15.802767487Z
[DB] Synced 1 accounts to database,info,"{""level"":""info""}","{""project"":""ce3616d9-58ad-4ec7-a294-1821e1564434"",""environment"":""fb6513d0-42a4-4660-82b5-509c54b15f2a"",""service"":""4978aa94-666c-47c7-8024-3ada55195a51"",""deployment"":""3b1fa354-15dc-4557-a220-0df46d05cef6"",""replica"":""fe005091-cfff-4ee8-81c0-5d1c9e578ad1""}",2026-03-28T20:04:45.568568464Z
[DB] Synced 1 accounts to database,info,"{""level"":""info""}","{""project"":""ce3616d9-58ad-4ec7-a294-1821e1564434"",""environment"":""fb6513d0-42a4-4660-82b5-509c54b15f2a"",""service"":""4978aa94-666c-47c7-8024-3ada55195a51"",""deployment"":""3b1fa354-15dc-4557-a220-0df46d05cef6"",""replica"":""fe005091-cfff-4ee8-81c0-5d1c9e578ad1""}",2026-03-28T20:05:15.623161826Z
[DB] Synced 1 accounts to database,info,"{""level"":""info""}","{""project"":""ce3616d9-58ad-4ec7-a294-1821e1564434"",""environment"":""fb6513d0-42a4-4660-82b5-509c54b15f2a"",""service"":""4978aa94-666c-47c7-8024-3ada55195a51"",""deployment"":""3b1fa354-15dc-4557-a220-0df46d05cef6"",""replica"":""fe005091-cfff-4ee8-81c0-5d1c9e578ad1""}",2026-03-28T20:05:45.576405910Z
[DB] Synced 1 accounts to database,info,"{""level"":""info""}","{""project"":""ce3616d9-58ad-4ec7-a294-1821e1564434"",""environment"":""fb6513d0-42a4-4660-82b5-509c54b15f2a"",""service"":""4978aa94-666c-47c7-8024-3ada55195a51"",""deployment"":""3b1fa354-15dc-4557-a220-0df46d05cef6"",""replica"":""fe005091-cfff-4ee8-81c0-5d1c9e578ad1""}",2026-03-28T20:06:15.615812253Z
[DB] Synced 1 accounts to database,info,"{""level"":""info""}","{""project"":""ce3616d9-58ad-4ec7-a294-1821e1564434"",""environment"":""fb6513d0-42a4-4660-82b5-509c54b15f2a"",""service"":""4978aa94-666c-47c7-8024-3ada55195a51"",""deployment"":""3b1fa354-15dc-4557-a220-0df46d05cef6"",""replica"":""fe005091-cfff-4ee8-81c0-5d1c9e578ad1""}",2026-03-28T20:06:45.851303184Z
[DB] Synced 1 accounts to database,info,"{""level"":""info""}","{""project"":""ce3616d9-58ad-4ec7-a294-1821e1564434"",""environment"":""fb6513d0-42a4-4660-82b5-509c54b15f2a"",""service"":""4978aa94-666c-47c7-8024-3ada55195a51"",""deployment"":""3b1fa354-15dc-4557-a220-0df46d05cef6"",""replica"":""fe005091-cfff-4ee8-81c0-5d1c9e578ad1""}",2026-03-28T20:07:15.714653492Z
[DB] Synced 1 accounts to database,info,"{""level"":""info""}","{""project"":""ce3616d9-58ad-4ec7-a294-1821e1564434"",""environment"":""fb6513d0-42a4-4660-82b5-509c54b15f2a"",""service"":""4978aa94-666c-47c7-8024-3ada55195a51"",""deployment"":""3b1fa354-15dc-4557-a220-0df46d05cef6"",""replica"":""fe005091-cfff-4ee8-81c0-5d1c9e578ad1""}",2026-03-28T20:07:45.760505474Z
[DB] Synced 1 accounts to database,info,"{""level"":""info""}","{""project"":""ce3616d9-58ad-4ec7-a294-1821e1564434"",""environment"":""fb6513d0-42a4-4660-82b5-509c54b15f2a"",""service"":""4978aa94-666c-47c7-8024-3ada55195a51"",""deployment"":""3b1fa354-15dc-4557-a220-0df46d05cef6"",""replica"":""fe005091-cfff-4ee8-81c0-5d1c9e578ad1""}",2026-03-28T20:08:15.494961645Z
[DB] Synced 1 accounts to database,info,"{""level"":""info""}","{""project"":""ce3616d9-58ad-4ec7-a294-1821e1564434"",""environment"":""fb6513d0-42a4-4660-82b5-509c54b15f2a"",""service"":""4978aa94-666c-47c7-8024-3ada55195a51"",""deployment"":""3b1fa354-15dc-4557-a220-0df46d05cef6"",""replica"":""fe005091-cfff-4ee8-81c0-5d1c9e578ad1""}",2026-03-28T20:08:45.514124457Z
[DB] Synced 1 accounts to database,info,"{""level"":""info""}","{""project"":""ce3616d9-58ad-4ec7-a294-1821e1564434"",""environment"":""fb6513d0-42a4-4660-82b5-509c54b15f2a"",""service"":""4978aa94-666c-47c7-8024-3ada55195a51"",""deployment"":""3b1fa354-15dc-4557-a220-0df46d05cef6"",""replica"":""fe005091-cfff-4ee8-81c0-5d1c9e578ad1""}",2026-03-28T20:09:15.711471309Z
[DB] Synced 1 accounts to database,info,"{""level"":""info""}","{""project"":""ce3616d9-58ad-4ec7-a294-1821e1564434"",""environment"":""fb6513d0-42a4-4660-82b5-509c54b15f2a"",""service"":""4978aa94-666c-47c7-8024-3ada55195a51"",""deployment"":""3b1fa354-15dc-4557-a220-0df46d05cef6"",""replica"":""fe005091-cfff-4ee8-81c0-5d1c9e578ad1""}",2026-03-28T20:09:45.625224645Z
[DB] Synced 1 accounts to database,info,"{""level"":""info""}","{""project"":""ce3616d9-58ad-4ec7-a294-1821e1564434"",""environment"":""fb6513d0-42a4-4660-82b5-509c54b15f2a"",""service"":""4978aa94-666c-47c7-8024-3ada55195a51"",""deployment"":""3b1fa354-15dc-4557-a220-0df46d05cef6"",""replica"":""fe005091-cfff-4ee8-81c0-5d1c9e578ad1""}",2026-03-28T20:10:15.622098037Z
[DB] Synced 1 accounts to database,info,"{""level"":""info""}","{""project"":""ce3616d9-58ad-4ec7-a294-1821e1564434"",""environment"":""fb6513d0-42a4-4660-82b5-509c54b15f2a"",""service"":""4978aa94-666c-47c7-8024-3ada55195a51"",""deployment"":""3b1fa354-15dc-4557-a220-0df46d05cef6"",""replica"":""fe005091-cfff-4ee8-81c0-5d1c9e578ad1""}",2026-03-28T20:10:45.562690362Z
[DB] Synced 1 accounts to database,info,"{""level"":""info""}","{""project"":""ce3616d9-58ad-4ec7-a294-1821e1564434"",""environment"":""fb6513d0-42a4-4660-82b5-509c54b15f2a"",""service"":""4978aa94-666c-47c7-8024-3ada55195a51"",""deployment"":""3b1fa354-15dc-4557-a220-0df46d05cef6"",""replica"":""fe005091-cfff-4ee8-81c0-5d1c9e578ad1""}",2026-03-28T20:11:15.690976450Z
[DB] Synced 1 accounts to database,info,"{""level"":""info""}","{""project"":""ce3616d9-58ad-4ec7-a294-1821e1564434"",""environment"":""fb6513d0-42a4-4660-82b5-509c54b15f2a"",""service"":""4978aa94-666c-47c7-8024-3ada55195a51"",""deployment"":""3b1fa354-15dc-4557-a220-0df46d05cef6"",""replica"":""fe005091-cfff-4ee8-81c0-5d1c9e578ad1""}",2026-03-28T20:11:45.608043119Z
[DB] Synced 1 accounts to database,info,"{""level"":""info""}","{""project"":""ce3616d9-58ad-4ec7-a294-1821e1564434"",""environment"":""fb6513d0-42a4-4660-82b5-509c54b15f2a"",""service"":""4978aa94-666c-47c7-8024-3ada55195a51"",""deployment"":""3b1fa354-15dc-4557-a220-0df46d05cef6"",""replica"":""fe005091-cfff-4ee8-81c0-5d1c9e578ad1""}",2026-03-28T20:12:15.630928850Z
[DB] Synced 1 accounts to database,info,"{""level"":""info""}","{""project"":""ce3616d9-58ad-4ec7-a294-1821e1564434"",""environment"":""fb6513d0-42a4-4660-82b5-509c54b15f2a"",""service"":""4978aa94-666c-47c7-8024-3ada55195a51"",""deployment"":""3b1fa354-15dc-4557-a220-0df46d05cef6"",""replica"":""fe005091-cfff-4ee8-81c0-5d1c9e578ad1""}",2026-03-28T20:12:45.425307640Z
[DB] Synced 1 accounts to database,info,"{""level"":""info""}","{""project"":""ce3616d9-58ad-4ec7-a294-1821e1564434"",""environment"":""fb6513d0-42a4-4660-82b5-509c54b15f2a"",""service"":""4978aa94-666c-47c7-8024-3ada55195a51"",""deployment"":""3b1fa354-15dc-4557-a220-0df46d05cef6"",""replica"":""fe005091-cfff-4ee8-81c0-5d1c9e578ad1""}",2026-03-28T20:13:15.419435525Z
[DB] Synced 1 accounts to database,info,"{""level"":""info""}","{""project"":""ce3616d9-58ad-4ec7-a294-1821e1564434"",""environment"":""fb6513d0-42a4-4660-82b5-509c54b15f2a"",""service"":""4978aa94-666c-47c7-8024-3ada55195a51"",""deployment"":""3b1fa354-15dc-4557-a220-0df46d05cef6"",""replica"":""fe005091-cfff-4ee8-81c0-5d1c9e578ad1""}",2026-03-28T20:13:45.261456539Z
[DB] Synced 1 accounts to database,info,"{""level"":""info""}","{""project"":""ce3616d9-58ad-4ec7-a294-1821e1564434"",""environment"":""fb6513d0-42a4-4660-82b5-509c54b15f2a"",""service"":""4978aa94-666c-47c7-8024-3ada55195a51"",""deployment"":""3b1fa354-15dc-4557-a220-0df46d05cef6"",""replica"":""fe005091-cfff-4ee8-81c0-5d1c9e578ad1""}",2026-03-28T20:14:15.445747288Z
[DB] Synced 1 accounts to database,info,"{""level"":""info""}","{""project"":""ce3616d9-58ad-4ec7-a294-1821e1564434"",""environment"":""fb6513d0-42a4-4660-82b5-509c54b15f2a"",""service"":""4978aa94-666c-47c7-8024-3ada55195a51"",""deployment"":""3b1fa354-15dc-4557-a220-0df46d05cef6"",""replica"":""fe005091-cfff-4ee8-81c0-5d1c9e578ad1""}",2026-03-28T20:14:45.302083697Z
[DB] Synced 1 accounts to database,info,"{""level"":""info""}","{""project"":""ce3616d9-58ad-4ec7-a294-1821e1564434"",""environment"":""fb6513d0-42a4-4660-82b5-509c54b15f2a"",""service"":""4978aa94-666c-47c7-8024-3ada55195a51"",""deployment"":""3b1fa354-15dc-4557-a220-0df46d05cef6"",""replica"":""fe005091-cfff-4ee8-81c0-5d1c9e578ad1""}",2026-03-28T20:15:15.344472183Z
[DB] Synced 1 accounts to database,info,"{""level"":""info""}","{""project"":""ce3616d9-58ad-4ec7-a294-1821e1564434"",""environment"":""fb6513d0-42a4-4660-82b5-509c54b15f2a"",""service"":""4978aa94-666c-47c7-8024-3ada55195a51"",""deployment"":""3b1fa354-15dc-4557-a220-0df46d05cef6"",""replica"":""fe005091-cfff-4ee8-81c0-5d1c9e578ad1""}",2026-03-28T20:15:45.305069477Z
[DB] Synced 1 accounts to database,info,"{""level"":""info""}","{""project"":""ce3616d9-58ad-4ec7-a294-1821e1564434"",""environment"":""fb6513d0-42a4-4660-82b5-509c54b15f2a"",""service"":""4978aa94-666c-47c7-8024-3ada55195a51"",""deployment"":""3b1fa354-15dc-4557-a220-0df46d05cef6"",""replica"":""fe005091-cfff-4ee8-81c0-5d1c9e578ad1""}",2026-03-28T20:16:15.311806458Z
[DB] Synced 1 accounts to database,info,"{""level"":""info""}","{""project"":""ce3616d9-58ad-4ec7-a294-1821e1564434"",""environment"":""fb6513d0-42a4-4660-82b5-509c54b15f2a"",""service"":""4978aa94-666c-47c7-8024-3ada55195a51"",""deployment"":""3b1fa354-15dc-4557-a220-0df46d05cef6"",""replica"":""fe005091-cfff-4ee8-81c0-5d1c9e578ad1""}",2026-03-28T20:16:45.539434048Z
[DB] Synced 1 accounts to database,info,"{""level"":""info""}","{""project"":""ce3616d9-58ad-4ec7-a294-1821e1564434"",""environment"":""fb6513d0-42a4-4660-82b5-509c54b15f2a"",""service"":""4978aa94-666c-47c7-8024-3ada55195a51"",""deployment"":""3b1fa354-15dc-4557-a220-0df46d05cef6"",""replica"":""fe005091-cfff-4ee8-81c0-5d1c9e578ad1""}",2026-03-28T20:17:15.380978782Z
[DB] Synced 1 accounts to database,info,"{""level"":""info""}","{""project"":""ce3616d9-58ad-4ec7-a294-1821e1564434"",""environment"":""fb6513d0-42a4-4660-82b5-509c54b15f2a"",""service"":""4978aa94-666c-47c7-8024-3ada55195a51"",""deployment"":""3b1fa354-15dc-4557-a220-0df46d05cef6"",""replica"":""fe005091-cfff-4ee8-81c0-5d1c9e578ad1""}",2026-03-28T20:17:45.436130776Z
[DB] Synced 1 accounts to database,info,"{""level"":""info""}","{""project"":""ce3616d9-58ad-4ec7-a294-1821e1564434"",""environment"":""fb6513d0-42a4-4660-82b5-509c54b15f2a"",""service"":""4978aa94-666c-47c7-8024-3ada55195a51"",""deployment"":""3b1fa354-15dc-4557-a220-0df46d05cef6"",""replica"":""fe005091-cfff-4ee8-81c0-5d1c9e578ad1""}",2026-03-28T20:18:15.337782003Z
[DB] Synced 1 accounts to database,info,"{""level"":""info""}","{""project"":""ce3616d9-58ad-4ec7-a294-1821e1564434"",""environment"":""fb6513d0-42a4-4660-82b5-509c54b15f2a"",""service"":""4978aa94-666c-47c7-8024-3ada55195a51"",""deployment"":""3b1fa354-15dc-4557-a220-0df46d05cef6"",""replica"":""fe005091-cfff-4ee8-81c0-5d1c9e578ad1""}",2026-03-28T20:18:45.333730802Z
[DB] Synced 1 accounts to database,info,"{""level"":""info""}","{""project"":""ce3616d9-58ad-4ec7-a294-1821e1564434"",""environment"":""fb6513d0-42a4-4660-82b5-509c54b15f2a"",""service"":""4978aa94-666c-47c7-8024-3ada55195a51"",""deployment"":""3b1fa354-15dc-4557-a220-0df46d05cef6"",""replica"":""fe005091-cfff-4ee8-81c0-5d1c9e578ad1""}",2026-03-28T20:19:15.124397276Z
[DB] Synced 1 accounts to database,info,"{""level"":""info""}","{""project"":""ce3616d9-58ad-4ec7-a294-1821e1564434"",""environment"":""fb6513d0-42a4-4660-82b5-509c54b15f2a"",""service"":""4978aa94-666c-47c7-8024-3ada55195a51"",""deployment"":""3b1fa354-15dc-4557-a220-0df46d05cef6"",""replica"":""fe005091-cfff-4ee8-81c0-5d1c9e578ad1""}",2026-03-28T20:19:45.122427084Z
[DB] Synced 1 accounts to database,info,"{""level"":""info""}","{""project"":""ce3616d9-58ad-4ec7-a294-1821e1564434"",""environment"":""fb6513d0-42a4-4660-82b5-509c54b15f2a"",""service"":""4978aa94-666c-47c7-8024-3ada55195a51"",""deployment"":""3b1fa354-15dc-4557-a220-0df46d05cef6"",""replica"":""fe005091-cfff-4ee8-81c0-5d1c9e578ad1""}",2026-03-28T20:20:14.893434367Z
[DB] Synced 1 accounts to database,info,"{""level"":""info""}","{""project"":""ce3616d9-58ad-4ec7-a294-1821e1564434"",""environment"":""fb6513d0-42a4-4660-82b5-509c54b15f2a"",""service"":""4978aa94-666c-47c7-8024-3ada55195a51"",""deployment"":""3b1fa354-15dc-4557-a220-0df46d05cef6"",""replica"":""fe005091-cfff-4ee8-81c0-5d1c9e578ad1""}",2026-03-28T20:20:45.023294819Z
[DB] Synced 1 accounts to database,info,"{""level"":""info""}","{""project"":""ce3616d9-58ad-4ec7-a294-1821e1564434"",""environment"":""fb6513d0-42a4-4660-82b5-509c54b15f2a"",""service"":""4978aa94-666c-47c7-8024-3ada55195a51"",""deployment"":""3b1fa354-15dc-4557-a220-0df46d05cef6"",""replica"":""fe005091-cfff-4ee8-81c0-5d1c9e578ad1""}",2026-03-28T20:21:15.054697595Z
[DB] Synced 1 accounts to database,info,"{""level"":""info""}","{""project"":""ce3616d9-58ad-4ec7-a294-1821e1564434"",""environment"":""fb6513d0-42a4-4660-82b5-509c54b15f2a"",""service"":""4978aa94-666c-47c7-8024-3ada55195a51"",""deployment"":""3b1fa354-15dc-4557-a220-0df46d05cef6"",""replica"":""fe005091-cfff-4ee8-81c0-5d1c9e578ad1""}",2026-03-28T20:21:44.896597396Z
[DB] Synced 1 accounts to database,info,"{""level"":""info""}","{""project"":""ce3616d9-58ad-4ec7-a294-1821e1564434"",""environment"":""fb6513d0-42a4-4660-82b5-509c54b15f2a"",""service"":""4978aa94-666c-47c7-8024-3ada55195a51"",""deployment"":""3b1fa354-15dc-4557-a220-0df46d05cef6"",""replica"":""fe005091-cfff-4ee8-81c0-5d1c9e578ad1""}",2026-03-28T20:22:15.014936554Z
[DB] Synced 1 accounts to database,info,"{""level"":""info""}","{""project"":""ce3616d9-58ad-4ec7-a294-1821e1564434"",""environment"":""fb6513d0-42a4-4660-82b5-509c54b15f2a"",""service"":""4978aa94-666c-47c7-8024-3ada55195a51"",""deployment"":""3b1fa354-15dc-4557-a220-0df46d05cef6"",""replica"":""fe005091-cfff-4ee8-81c0-5d1c9e578ad1""}",2026-03-28T20:22:44.780725714Z
[DB] Synced 1 accounts to database,info,"{""level"":""info""}","{""project"":""ce3616d9-58ad-4ec7-a294-1821e1564434"",""environment"":""fb6513d0-42a4-4660-82b5-509c54b15f2a"",""service"":""4978aa94-666c-47c7-8024-3ada55195a51"",""deployment"":""3b1fa354-15dc-4557-a220-0df46d05cef6"",""replica"":""fe005091-cfff-4ee8-81c0-5d1c9e578ad1""}",2026-03-28T20:23:14.875996009Z
[DB] Synced 1 accounts to database,info,"{""level"":""info""}","{""project"":""ce3616d9-58ad-4ec7-a294-1821e1564434"",""environment"":""fb6513d0-42a4-4660-82b5-509c54b15f2a"",""service"":""4978aa94-666c-47c7-8024-3ada55195a51"",""deployment"":""3b1fa354-15dc-4557-a220-0df46d05cef6"",""replica"":""fe005091-cfff-4ee8-81c0-5d1c9e578ad1""}",2026-03-28T20:23:44.861270438Z
[DB] Synced 1 accounts to database,info,"{""level"":""info""}","{""project"":""ce3616d9-58ad-4ec7-a294-1821e1564434"",""environment"":""fb6513d0-42a4-4660-82b5-509c54b15f2a"",""service"":""4978aa94-666c-47c7-8024-3ada55195a51"",""deployment"":""3b1fa354-15dc-4557-a220-0df46d05cef6"",""replica"":""fe005091-cfff-4ee8-81c0-5d1c9e578ad1""}",2026-03-28T20:24:14.875662505Z
[DB] Synced 1 accounts to database,info,"{""level"":""info""}","{""project"":""ce3616d9-58ad-4ec7-a294-1821e1564434"",""environment"":""fb6513d0-42a4-4660-82b5-509c54b15f2a"",""service"":""4978aa94-666c-47c7-8024-3ada55195a51"",""deployment"":""3b1fa354-15dc-4557-a220-0df46d05cef6"",""replica"":""fe005091-cfff-4ee8-81c0-5d1c9e578ad1""}",2026-03-28T20:24:45.034758524Z
[DB] Synced 1 accounts to database,info,"{""level"":""info""}","{""project"":""ce3616d9-58ad-4ec7-a294-1821e1564434"",""environment"":""fb6513d0-42a4-4660-82b5-509c54b15f2a"",""service"":""4978aa94-666c-47c7-8024-3ada55195a51"",""deployment"":""3b1fa354-15dc-4557-a220-0df46d05cef6"",""replica"":""fe005091-cfff-4ee8-81c0-5d1c9e578ad1""}",2026-03-28T20:25:14.962065016Z
[DB] Synced 1 accounts to database,info,"{""level"":""info""}","{""project"":""ce3616d9-58ad-4ec7-a294-1821e1564434"",""environment"":""fb6513d0-42a4-4660-82b5-509c54b15f2a"",""service"":""4978aa94-666c-47c7-8024-3ada55195a51"",""deployment"":""3b1fa354-15dc-4557-a220-0df46d05cef6"",""replica"":""fe005091-cfff-4ee8-81c0-5d1c9e578ad1""}",2026-03-28T20:25:44.947715554Z
[DB] Synced 1 accounts to database,info,"{""level"":""info""}","{""project"":""ce3616d9-58ad-4ec7-a294-1821e1564434"",""environment"":""fb6513d0-42a4-4660-82b5-509c54b15f2a"",""service"":""4978aa94-666c-47c7-8024-3ada55195a51"",""deployment"":""3b1fa354-15dc-4557-a220-0df46d05cef6"",""replica"":""fe005091-cfff-4ee8-81c0-5d1c9e578ad1""}",2026-03-28T20:26:15.151719322Z
[DB] Synced 1 accounts to database,info,"{""level"":""info""}","{""project"":""ce3616d9-58ad-4ec7-a294-1821e1564434"",""environment"":""fb6513d0-42a4-4660-82b5-509c54b15f2a"",""service"":""4978aa94-666c-47c7-8024-3ada55195a51"",""deployment"":""3b1fa354-15dc-4557-a220-0df46d05cef6"",""replica"":""fe005091-cfff-4ee8-81c0-5d1c9e578ad1""}",2026-03-28T20:26:45.114313673Z
[DB] Synced 1 accounts to database,info,"{""level"":""info""}","{""project"":""ce3616d9-58ad-4ec7-a294-1821e1564434"",""environment"":""fb6513d0-42a4-4660-82b5-509c54b15f2a"",""service"":""4978aa94-666c-47c7-8024-3ada55195a51"",""deployment"":""3b1fa354-15dc-4557-a220-0df46d05cef6"",""replica"":""fe005091-cfff-4ee8-81c0-5d1c9e578ad1""}",2026-03-28T20:27:15.115028516Z
[DB] Synced 1 accounts to database,info,"{""level"":""info""}","{""project"":""ce3616d9-58ad-4ec7-a294-1821e1564434"",""environment"":""fb6513d0-42a4-4660-82b5-509c54b15f2a"",""service"":""4978aa94-666c-47c7-8024-3ada55195a51"",""deployment"":""3b1fa354-15dc-4557-a220-0df46d05cef6"",""replica"":""fe005091-cfff-4ee8-81c0-5d1c9e578ad1""}",2026-03-28T20:27:44.851243097Z
[DB] Synced 1 accounts to database,info,"{""level"":""info""}","{""project"":""ce3616d9-58ad-4ec7-a294-1821e1564434"",""environment"":""fb6513d0-42a4-4660-82b5-509c54b15f2a"",""service"":""4978aa94-666c-47c7-8024-3ada55195a51"",""deployment"":""3b1fa354-15dc-4557-a220-0df46d05cef6"",""replica"":""fe005091-cfff-4ee8-81c0-5d1c9e578ad1""}",2026-03-28T20:28:14.873726341Z
[DB] Synced 1 accounts to database,info,"{""level"":""info""}","{""project"":""ce3616d9-58ad-4ec7-a294-1821e1564434"",""environment"":""fb6513d0-42a4-4660-82b5-509c54b15f2a"",""service"":""4978aa94-666c-47c7-8024-3ada55195a51"",""deployment"":""3b1fa354-15dc-4557-a220-0df46d05cef6"",""replica"":""fe005091-cfff-4ee8-81c0-5d1c9e578ad1""}",2026-03-28T20:28:44.610935058Z
[DB] Synced 1 accounts to database,info,"{""level"":""info""}","{""project"":""ce3616d9-58ad-4ec7-a294-1821e1564434"",""environment"":""fb6513d0-42a4-4660-82b5-509c54b15f2a"",""service"":""4978aa94-666c-47c7-8024-3ada55195a51"",""deployment"":""3b1fa354-15dc-4557-a220-0df46d05cef6"",""replica"":""fe005091-cfff-4ee8-81c0-5d1c9e578ad1""}",2026-03-28T20:29:14.600582374Z
[DB] Synced 1 accounts to database,info,"{""level"":""info""}","{""project"":""ce3616d9-58ad-4ec7-a294-1821e1564434"",""environment"":""fb6513d0-42a4-4660-82b5-509c54b15f2a"",""service"":""4978aa94-666c-47c7-8024-3ada55195a51"",""deployment"":""3b1fa354-15dc-4557-a220-0df46d05cef6"",""replica"":""fe005091-cfff-4ee8-81c0-5d1c9e578ad1""}",2026-03-28T20:29:44.446641688Z
[DB] Synced 1 accounts to database,info,"{""level"":""info""}","{""project"":""ce3616d9-58ad-4ec7-a294-1821e1564434"",""environment"":""fb6513d0-42a4-4660-82b5-509c54b15f2a"",""service"":""4978aa94-666c-47c7-8024-3ada55195a51"",""deployment"":""3b1fa354-15dc-4557-a220-0df46d05cef6"",""replica"":""fe005091-cfff-4ee8-81c0-5d1c9e578ad1""}",2026-03-28T20:30:14.450126079Z
[DB] Synced 1 accounts to database,info,"{""level"":""info""}","{""project"":""ce3616d9-58ad-4ec7-a294-1821e1564434"",""environment"":""fb6513d0-42a4-4660-82b5-509c54b15f2a"",""service"":""4978aa94-666c-47c7-8024-3ada55195a51"",""deployment"":""3b1fa354-15dc-4557-a220-0df46d05cef6"",""replica"":""fe005091-cfff-4ee8-81c0-5d1c9e578ad1""}",2026-03-28T20:30:44.273047913Z
[DB] Synced 1 accounts to database,info,"{""level"":""info""}","{""project"":""ce3616d9-58ad-4ec7-a294-1821e1564434"",""environment"":""fb6513d0-42a4-4660-82b5-509c54b15f2a"",""service"":""4978aa94-666c-47c7-8024-3ada55195a51"",""deployment"":""3b1fa354-15dc-4557-a220-0df46d05cef6"",""replica"":""fe005091-cfff-4ee8-81c0-5d1c9e578ad1""}",2026-03-28T20:31:14.286849854Z
[DB] Synced 1 accounts to database,info,"{""level"":""info""}","{""project"":""ce3616d9-58ad-4ec7-a294-1821e1564434"",""environment"":""fb6513d0-42a4-4660-82b5-509c54b15f2a"",""service"":""4978aa94-666c-47c7-8024-3ada55195a51"",""deployment"":""3b1fa354-15dc-4557-a220-0df46d05cef6"",""replica"":""fe005091-cfff-4ee8-81c0-5d1c9e578ad1""}",2026-03-28T20:31:44.189241845Z
[DB] Synced 1 accounts to database,info,"{""level"":""info""}","{""project"":""ce3616d9-58ad-4ec7-a294-1821e1564434"",""environment"":""fb6513d0-42a4-4660-82b5-509c54b15f2a"",""service"":""4978aa94-666c-47c7-8024-3ada55195a51"",""deployment"":""3b1fa354-15dc-4557-a220-0df46d05cef6"",""replica"":""fe005091-cfff-4ee8-81c0-5d1c9e578ad1""}",2026-03-28T20:32:14.312791847Z
[DB] Synced 1 accounts to database,info,"{""level"":""info""}","{""project"":""ce3616d9-58ad-4ec7-a294-1821e1564434"",""environment"":""fb6513d0-42a4-4660-82b5-509c54b15f2a"",""service"":""4978aa94-666c-47c7-8024-3ada55195a51"",""deployment"":""3b1fa354-15dc-4557-a220-0df46d05cef6"",""replica"":""fe005091-cfff-4ee8-81c0-5d1c9e578ad1""}",2026-03-28T20:32:44.244770642Z
[DB] Synced 1 accounts to database,info,"{""level"":""info""}","{""project"":""ce3616d9-58ad-4ec7-a294-1821e1564434"",""environment"":""fb6513d0-42a4-4660-82b5-509c54b15f2a"",""service"":""4978aa94-666c-47c7-8024-3ada55195a51"",""deployment"":""3b1fa354-15dc-4557-a220-0df46d05cef6"",""replica"":""fe005091-cfff-4ee8-81c0-5d1c9e578ad1""}",2026-03-28T20:33:14.124021647Z
[DB] Synced 1 accounts to database,info,"{""level"":""info""}","{""project"":""ce3616d9-58ad-4ec7-a294-1821e1564434"",""environment"":""fb6513d0-42a4-4660-82b5-509c54b15f2a"",""service"":""4978aa94-666c-47c7-8024-3ada55195a51"",""deployment"":""3b1fa354-15dc-4557-a220-0df46d05cef6"",""replica"":""fe005091-cfff-4ee8-81c0-5d1c9e578ad1""}",2026-03-28T20:33:43.949466790Z
[DB] Synced 1 accounts to database,info,"{""level"":""info""}","{""project"":""ce3616d9-58ad-4ec7-a294-1821e1564434"",""environment"":""fb6513d0-42a4-4660-82b5-509c54b15f2a"",""service"":""4978aa94-666c-47c7-8024-3ada55195a51"",""deployment"":""3b1fa354-15dc-4557-a220-0df46d05cef6"",""replica"":""fe005091-cfff-4ee8-81c0-5d1c9e578ad1""}",2026-03-28T20:34:13.950869155Z
[DB] Synced 1 accounts to database,info,"{""level"":""info""}","{""project"":""ce3616d9-58ad-4ec7-a294-1821e1564434"",""environment"":""fb6513d0-42a4-4660-82b5-509c54b15f2a"",""service"":""4978aa94-666c-47c7-8024-3ada55195a51"",""deployment"":""3b1fa354-15dc-4557-a220-0df46d05cef6"",""replica"":""fe005091-cfff-4ee8-81c0-5d1c9e578ad1""}",2026-03-28T20:34:44.064012158Z
[DB] Synced 1 accounts to database,info,"{""level"":""info""}","{""project"":""ce3616d9-58ad-4ec7-a294-1821e1564434"",""environment"":""fb6513d0-42a4-4660-82b5-509c54b15f2a"",""service"":""4978aa94-666c-47c7-8024-3ada55195a51"",""deployment"":""3b1fa354-15dc-4557-a220-0df46d05cef6"",""replica"":""fe005091-cfff-4ee8-81c0-5d1c9e578ad1""}",2026-03-28T20:35:13.847258058Z
[DB] Synced 1 accounts to database,info,"{""level"":""info""}","{""project"":""ce3616d9-58ad-4ec7-a294-1821e1564434"",""environment"":""fb6513d0-42a4-4660-82b5-509c54b15f2a"",""service"":""4978aa94-666c-47c7-8024-3ada55195a51"",""deployment"":""3b1fa354-15dc-4557-a220-0df46d05cef6"",""replica"":""fe005091-cfff-4ee8-81c0-5d1c9e578ad1""}",2026-03-28T20:35:43.999742504Z
[DB] Synced 1 accounts to database,info,"{""level"":""info""}","{""project"":""ce3616d9-58ad-4ec7-a294-1821e1564434"",""environment"":""fb6513d0-42a4-4660-82b5-509c54b15f2a"",""service"":""4978aa94-666c-47c7-8024-3ada55195a51"",""deployment"":""3b1fa354-15dc-4557-a220-0df46d05cef6"",""replica"":""fe005091-cfff-4ee8-81c0-5d1c9e578ad1""}",2026-03-28T20:36:13.860730022Z
[DB] Synced 1 accounts to database,info,"{""level"":""info""}","{""project"":""ce3616d9-58ad-4ec7-a294-1821e1564434"",""environment"":""fb6513d0-42a4-4660-82b5-509c54b15f2a"",""service"":""4978aa94-666c-47c7-8024-3ada55195a51"",""deployment"":""3b1fa354-15dc-4557-a220-0df46d05cef6"",""replica"":""fe005091-cfff-4ee8-81c0-5d1c9e578ad1""}",2026-03-28T20:36:43.853684717Z
[DB] Synced 1 accounts to database,info,"{""level"":""info""}","{""project"":""ce3616d9-58ad-4ec7-a294-1821e1564434"",""environment"":""fb6513d0-42a4-4660-82b5-509c54b15f2a"",""service"":""4978aa94-666c-47c7-8024-3ada55195a51"",""deployment"":""3b1fa354-15dc-4557-a220-0df46d05cef6"",""replica"":""fe005091-cfff-4ee8-81c0-5d1c9e578ad1""}",2026-03-28T20:37:13.624847945Z
[DB] Synced 1 accounts to database,info,"{""level"":""info""}","{""project"":""ce3616d9-58ad-4ec7-a294-1821e1564434"",""environment"":""fb6513d0-42a4-4660-82b5-509c54b15f2a"",""service"":""4978aa94-666c-47c7-8024-3ada55195a51"",""deployment"":""3b1fa354-15dc-4557-a220-0df46d05cef6"",""replica"":""fe005091-cfff-4ee8-81c0-5d1c9e578ad1""}",2026-03-28T20:37:43.643840440Z
[DB] Synced 1 accounts to database,info,"{""level"":""info""}","{""project"":""ce3616d9-58ad-4ec7-a294-1821e1564434"",""environment"":""fb6513d0-42a4-4660-82b5-509c54b15f2a"",""service"":""4978aa94-666c-47c7-8024-3ada55195a51"",""deployment"":""3b1fa354-15dc-4557-a220-0df46d05cef6"",""replica"":""fe005091-cfff-4ee8-81c0-5d1c9e578ad1""}",2026-03-28T20:38:13.643845069Z
[DB] Synced 1 accounts to database,info,"{""level"":""info""}","{""project"":""ce3616d9-58ad-4ec7-a294-1821e1564434"",""environment"":""fb6513d0-42a4-4660-82b5-509c54b15f2a"",""service"":""4978aa94-666c-47c7-8024-3ada55195a51"",""deployment"":""3b1fa354-15dc-4557-a220-0df46d05cef6"",""replica"":""fe005091-cfff-4ee8-81c0-5d1c9e578ad1""}",2026-03-28T20:38:43.678692773Z
[DB] Synced 1 accounts to database,info,"{""level"":""info""}","{""project"":""ce3616d9-58ad-4ec7-a294-1821e1564434"",""environment"":""fb6513d0-42a4-4660-82b5-509c54b15f2a"",""service"":""4978aa94-666c-47c7-8024-3ada55195a51"",""deployment"":""3b1fa354-15dc-4557-a220-0df46d05cef6"",""replica"":""fe005091-cfff-4ee8-81c0-5d1c9e578ad1""}",2026-03-28T20:39:13.952569450Z
[DB] Synced 1 accounts to database,info,"{""level"":""info""}","{""project"":""ce3616d9-58ad-4ec7-a294-1821e1564434"",""environment"":""fb6513d0-42a4-4660-82b5-509c54b15f2a"",""service"":""4978aa94-666c-47c7-8024-3ada55195a51"",""deployment"":""3b1fa354-15dc-4557-a220-0df46d05cef6"",""replica"":""fe005091-cfff-4ee8-81c0-5d1c9e578ad1""}",2026-03-28T20:39:43.792294417Z
[DB] Synced 1 accounts to database,info,"{""level"":""info""}","{""project"":""ce3616d9-58ad-4ec7-a294-1821e1564434"",""environment"":""fb6513d0-42a4-4660-82b5-509c54b15f2a"",""service"":""4978aa94-666c-47c7-8024-3ada55195a51"",""deployment"":""3b1fa354-15dc-4557-a220-0df46d05cef6"",""replica"":""fe005091-cfff-4ee8-81c0-5d1c9e578ad1""}",2026-03-28T20:40:13.783077906Z
[DB] Synced 1 accounts to database,info,"{""level"":""info""}","{""project"":""ce3616d9-58ad-4ec7-a294-1821e1564434"",""environment"":""fb6513d0-42a4-4660-82b5-509c54b15f2a"",""service"":""4978aa94-666c-47c7-8024-3ada55195a51"",""deployment"":""3b1fa354-15dc-4557-a220-0df46d05cef6"",""replica"":""fe005091-cfff-4ee8-81c0-5d1c9e578ad1""}",2026-03-28T20:40:44.070617500Z
[DB] Synced 1 accounts to database,info,"{""level"":""info""}","{""project"":""ce3616d9-58ad-4ec7-a294-1821e1564434"",""environment"":""fb6513d0-42a4-4660-82b5-509c54b15f2a"",""service"":""4978aa94-666c-47c7-8024-3ada55195a51"",""deployment"":""3b1fa354-15dc-4557-a220-0df46d05cef6"",""replica"":""fe005091-cfff-4ee8-81c0-5d1c9e578ad1""}",2026-03-28T20:41:14.007773540Z
[DB] Synced 1 accounts to database,info,"{""level"":""info""}","{""project"":""ce3616d9-58ad-4ec7-a294-1821e1564434"",""environment"":""fb6513d0-42a4-4660-82b5-509c54b15f2a"",""service"":""4978aa94-666c-47c7-8024-3ada55195a51"",""deployment"":""3b1fa354-15dc-4557-a220-0df46d05cef6"",""replica"":""fe005091-cfff-4ee8-81c0-5d1c9e578ad1""}",2026-03-28T20:41:44.043943087Z
[DB] Synced 1 accounts to database,info,"{""level"":""info""}","{""project"":""ce3616d9-58ad-4ec7-a294-1821e1564434"",""environment"":""fb6513d0-42a4-4660-82b5-509c54b15f2a"",""service"":""4978aa94-666c-47c7-8024-3ada55195a51"",""deployment"":""3b1fa354-15dc-4557-a220-0df46d05cef6"",""replica"":""fe005091-cfff-4ee8-81c0-5d1c9e578ad1""}",2026-03-28T20:42:14.185391397Z
[DB] Synced 1 accounts to database,info,"{""level"":""info""}","{""project"":""ce3616d9-58ad-4ec7-a294-1821e1564434"",""environment"":""fb6513d0-42a4-4660-82b5-509c54b15f2a"",""service"":""4978aa94-666c-47c7-8024-3ada55195a51"",""deployment"":""3b1fa354-15dc-4557-a220-0df46d05cef6"",""replica"":""fe005091-cfff-4ee8-81c0-5d1c9e578ad1""}",2026-03-28T20:42:44.096776723Z
[DB] Synced 1 accounts to database,info,"{""level"":""info""}","{""project"":""ce3616d9-58ad-4ec7-a294-1821e1564434"",""environment"":""fb6513d0-42a4-4660-82b5-509c54b15f2a"",""service"":""4978aa94-666c-47c7-8024-3ada55195a51"",""deployment"":""3b1fa354-15dc-4557-a220-0df46d05cef6"",""replica"":""fe005091-cfff-4ee8-81c0-5d1c9e578ad1""}",2026-03-28T20:43:14.125705915Z
[DB] Synced 1 accounts to database,info,"{""level"":""info""}","{""project"":""ce3616d9-58ad-4ec7-a294-1821e1564434"",""environment"":""fb6513d0-42a4-4660-82b5-509c54b15f2a"",""service"":""4978aa94-666c-47c7-8024-3ada55195a51"",""deployment"":""3b1fa354-15dc-4557-a220-0df46d05cef6"",""replica"":""fe005091-cfff-4ee8-81c0-5d1c9e578ad1""}",2026-03-28T20:43:44.043147484Z
[DB] Synced 1 accounts to database,info,"{""level"":""info""}","{""project"":""ce3616d9-58ad-4ec7-a294-1821e1564434"",""environment"":""fb6513d0-42a4-4660-82b5-509c54b15f2a"",""service"":""4978aa94-666c-47c7-8024-3ada55195a51"",""deployment"":""3b1fa354-15dc-4557-a220-0df46d05cef6"",""replica"":""fe005091-cfff-4ee8-81c0-5d1c9e578ad1""}",2026-03-28T20:44:14.050803354Z
[DB] Synced 1 accounts to database,info,"{""level"":""info""}","{""project"":""ce3616d9-58ad-4ec7-a294-1821e1564434"",""environment"":""fb6513d0-42a4-4660-82b5-509c54b15f2a"",""service"":""4978aa94-666c-47c7-8024-3ada55195a51"",""deployment"":""3b1fa354-15dc-4557-a220-0df46d05cef6"",""replica"":""fe005091-cfff-4ee8-81c0-5d1c9e578ad1""}",2026-03-28T20:44:44.001029141Z
[DB] Synced 1 accounts to database,info,"{""level"":""info""}","{""project"":""ce3616d9-58ad-4ec7-a294-1821e1564434"",""environment"":""fb6513d0-42a4-4660-82b5-509c54b15f2a"",""service"":""4978aa94-666c-47c7-8024-3ada55195a51"",""deployment"":""3b1fa354-15dc-4557-a220-0df46d05cef6"",""replica"":""fe005091-cfff-4ee8-81c0-5d1c9e578ad1""}",2026-03-28T20:45:14.173649410Z
[DB] Synced 1 accounts to database,info,"{""level"":""info""}","{""project"":""ce3616d9-58ad-4ec7-a294-1821e1564434"",""environment"":""fb6513d0-42a4-4660-82b5-509c54b15f2a"",""service"":""4978aa94-666c-47c7-8024-3ada55195a51"",""deployment"":""3b1fa354-15dc-4557-a220-0df46d05cef6"",""replica"":""fe005091-cfff-4ee8-81c0-5d1c9e578ad1""}",2026-03-28T20:45:44.030838152Z
[DB] Synced 1 accounts to database,info,"{""level"":""info""}","{""project"":""ce3616d9-58ad-4ec7-a294-1821e1564434"",""environment"":""fb6513d0-42a4-4660-82b5-509c54b15f2a"",""service"":""4978aa94-666c-47c7-8024-3ada55195a51"",""deployment"":""3b1fa354-15dc-4557-a220-0df46d05cef6"",""replica"":""fe005091-cfff-4ee8-81c0-5d1c9e578ad1""}",2026-03-28T20:46:14.254748386Z
[DB] Synced 1 accounts to database,info,"{""level"":""info""}","{""project"":""ce3616d9-58ad-4ec7-a294-1821e1564434"",""environment"":""fb6513d0-42a4-4660-82b5-509c54b15f2a"",""service"":""4978aa94-666c-47c7-8024-3ada55195a51"",""deployment"":""3b1fa354-15dc-4557-a220-0df46d05cef6"",""replica"":""fe005091-cfff-4ee8-81c0-5d1c9e578ad1""}",2026-03-28T20:46:44.176152631Z
[DB] Synced 1 accounts to database,info,"{""level"":""info""}","{""project"":""ce3616d9-58ad-4ec7-a294-1821e1564434"",""environment"":""fb6513d0-42a4-4660-82b5-509c54b15f2a"",""service"":""4978aa94-666c-47c7-8024-3ada55195a51"",""deployment"":""3b1fa354-15dc-4557-a220-0df46d05cef6"",""replica"":""fe005091-cfff-4ee8-81c0-5d1c9e578ad1""}",2026-03-28T20:47:14.267021991Z
[DB] Synced 1 accounts to database,info,"{""level"":""info""}","{""project"":""ce3616d9-58ad-4ec7-a294-1821e1564434"",""environment"":""fb6513d0-42a4-4660-82b5-509c54b15f2a"",""service"":""4978aa94-666c-47c7-8024-3ada55195a51"",""deployment"":""3b1fa354-15dc-4557-a220-0df46d05cef6"",""replica"":""fe005091-cfff-4ee8-81c0-5d1c9e578ad1""}",2026-03-28T20:47:44.335159474Z
[DB] Synced 1 accounts to database,info,"{""level"":""info""}","{""project"":""ce3616d9-58ad-4ec7-a294-1821e1564434"",""environment"":""fb6513d0-42a4-4660-82b5-509c54b15f2a"",""service"":""4978aa94-666c-47c7-8024-3ada55195a51"",""deployment"":""3b1fa354-15dc-4557-a220-0df46d05cef6"",""replica"":""fe005091-cfff-4ee8-81c0-5d1c9e578ad1""}",2026-03-28T20:48:14.150201834Z
[DB] Synced 1 accounts to database,info,"{""level"":""info""}","{""project"":""ce3616d9-58ad-4ec7-a294-1821e1564434"",""environment"":""fb6513d0-42a4-4660-82b5-509c54b15f2a"",""service"":""4978aa94-666c-47c7-8024-3ada55195a51"",""deployment"":""3b1fa354-15dc-4557-a220-0df46d05cef6"",""replica"":""fe005091-cfff-4ee8-81c0-5d1c9e578ad1""}",2026-03-28T20:48:44.297403429Z
[DB] Synced 1 accounts to database,info,"{""level"":""info""}","{""project"":""ce3616d9-58ad-4ec7-a294-1821e1564434"",""environment"":""fb6513d0-42a4-4660-82b5-509c54b15f2a"",""service"":""4978aa94-666c-47c7-8024-3ada55195a51"",""deployment"":""3b1fa354-15dc-4557-a220-0df46d05cef6"",""replica"":""fe005091-cfff-4ee8-81c0-5d1c9e578ad1""}",2026-03-28T20:49:14.179445599Z
[DB] Synced 1 accounts to database,info,"{""level"":""info""}","{""project"":""ce3616d9-58ad-4ec7-a294-1821e1564434"",""environment"":""fb6513d0-42a4-4660-82b5-509c54b15f2a"",""service"":""4978aa94-666c-47c7-8024-3ada55195a51"",""deployment"":""3b1fa354-15dc-4557-a220-0df46d05cef6"",""replica"":""fe005091-cfff-4ee8-81c0-5d1c9e578ad1""}",2026-03-28T20:49:44.228207010Z
[DB] Synced 1 accounts to database,info,"{""level"":""info""}","{""project"":""ce3616d9-58ad-4ec7-a294-1821e1564434"",""environment"":""fb6513d0-42a4-4660-82b5-509c54b15f2a"",""service"":""4978aa94-666c-47c7-8024-3ada55195a51"",""deployment"":""3b1fa354-15dc-4557-a220-0df46d05cef6"",""replica"":""fe005091-cfff-4ee8-81c0-5d1c9e578ad1""}",2026-03-28T20:50:14.443329644Z
[DB] Synced 1 accounts to database,info,"{""level"":""info""}","{""project"":""ce3616d9-58ad-4ec7-a294-1821e1564434"",""environment"":""fb6513d0-42a4-4660-82b5-509c54b15f2a"",""service"":""4978aa94-666c-47c7-8024-3ada55195a51"",""deployment"":""3b1fa354-15dc-4557-a220-0df46d05cef6"",""replica"":""fe005091-cfff-4ee8-81c0-5d1c9e578ad1""}",2026-03-28T20:50:44.272204408Z
[DB] Synced 1 accounts to database,info,"{""level"":""info""}","{""project"":""ce3616d9-58ad-4ec7-a294-1821e1564434"",""environment"":""fb6513d0-42a4-4660-82b5-509c54b15f2a"",""service"":""4978aa94-666c-47c7-8024-3ada55195a51"",""deployment"":""3b1fa354-15dc-4557-a220-0df46d05cef6"",""replica"":""fe005091-cfff-4ee8-81c0-5d1c9e578ad1""}",2026-03-28T20:51:14.278772632Z
[DB] Synced 1 accounts to database,info,"{""level"":""info""}","{""project"":""ce3616d9-58ad-4ec7-a294-1821e1564434"",""environment"":""fb6513d0-42a4-4660-82b5-509c54b15f2a"",""service"":""4978aa94-666c-47c7-8024-3ada55195a51"",""deployment"":""3b1fa354-15dc-4557-a220-0df46d05cef6"",""replica"":""fe005091-cfff-4ee8-81c0-5d1c9e578ad1""}",2026-03-28T20:51:44.603321188Z
[DB] Synced 1 accounts to database,info,"{""level"":""info""}","{""project"":""ce3616d9-58ad-4ec7-a294-1821e1564434"",""environment"":""fb6513d0-42a4-4660-82b5-509c54b15f2a"",""service"":""4978aa94-666c-47c7-8024-3ada55195a51"",""deployment"":""3b1fa354-15dc-4557-a220-0df46d05cef6"",""replica"":""fe005091-cfff-4ee8-81c0-5d1c9e578ad1""}",2026-03-28T20:52:14.408348714Z
[DB] Synced 1 accounts to database,info,"{""level"":""info""}","{""project"":""ce3616d9-58ad-4ec7-a294-1821e1564434"",""environment"":""fb6513d0-42a4-4660-82b5-509c54b15f2a"",""service"":""4978aa94-666c-47c7-8024-3ada55195a51"",""deployment"":""3b1fa354-15dc-4557-a220-0df46d05cef6"",""replica"":""fe005091-cfff-4ee8-81c0-5d1c9e578ad1""}",2026-03-28T20:52:44.440038398Z
[DB] Synced 1 accounts to database,info,"{""level"":""info""}","{""project"":""ce3616d9-58ad-4ec7-a294-1821e1564434"",""environment"":""fb6513d0-42a4-4660-82b5-509c54b15f2a"",""service"":""4978aa94-666c-47c7-8024-3ada55195a51"",""deployment"":""3b1fa354-15dc-4557-a220-0df46d05cef6"",""replica"":""fe005091-cfff-4ee8-81c0-5d1c9e578ad1""}",2026-03-28T20:53:14.638523798Z
[DB] Synced 1 accounts to database,info,"{""level"":""info""}","{""project"":""ce3616d9-58ad-4ec7-a294-1821e1564434"",""environment"":""fb6513d0-42a4-4660-82b5-509c54b15f2a"",""service"":""4978aa94-666c-47c7-8024-3ada55195a51"",""deployment"":""3b1fa354-15dc-4557-a220-0df46d05cef6"",""replica"":""fe005091-cfff-4ee8-81c0-5d1c9e578ad1""}",2026-03-28T20:53:44.382470231Z
[DB] Synced 1 accounts to database,info,"{""level"":""info""}","{""project"":""ce3616d9-58ad-4ec7-a294-1821e1564434"",""environment"":""fb6513d0-42a4-4660-82b5-509c54b15f2a"",""service"":""4978aa94-666c-47c7-8024-3ada55195a51"",""deployment"":""3b1fa354-15dc-4557-a220-0df46d05cef6"",""replica"":""fe005091-cfff-4ee8-81c0-5d1c9e578ad1""}",2026-03-28T20:54:14.395895761Z
[DB] Synced 1 accounts to database,info,"{""level"":""info""}","{""project"":""ce3616d9-58ad-4ec7-a294-1821e1564434"",""environment"":""fb6513d0-42a4-4660-82b5-509c54b15f2a"",""service"":""4978aa94-666c-47c7-8024-3ada55195a51"",""deployment"":""3b1fa354-15dc-4557-a220-0df46d05cef6"",""replica"":""fe005091-cfff-4ee8-81c0-5d1c9e578ad1""}",2026-03-28T20:54:44.241114895Z
[DB] Synced 1 accounts to database,info,"{""level"":""info""}","{""project"":""ce3616d9-58ad-4ec7-a294-1821e1564434"",""environment"":""fb6513d0-42a4-4660-82b5-509c54b15f2a"",""service"":""4978aa94-666c-47c7-8024-3ada55195a51"",""deployment"":""3b1fa354-15dc-4557-a220-0df46d05cef6"",""replica"":""fe005091-cfff-4ee8-81c0-5d1c9e578ad1""}",2026-03-28T20:55:14.242206679Z
[DB] Synced 1 accounts to database,info,"{""level"":""info""}","{""project"":""ce3616d9-58ad-4ec7-a294-1821e1564434"",""environment"":""fb6513d0-42a4-4660-82b5-509c54b15f2a"",""service"":""4978aa94-666c-47c7-8024-3ada55195a51"",""deployment"":""3b1fa354-15dc-4557-a220-0df46d05cef6"",""replica"":""fe005091-cfff-4ee8-81c0-5d1c9e578ad1""}",2026-03-28T20:55:44.246841541Z
[DB] Synced 1 accounts to database,info,"{""level"":""info""}","{""project"":""ce3616d9-58ad-4ec7-a294-1821e1564434"",""environment"":""fb6513d0-42a4-4660-82b5-509c54b15f2a"",""service"":""4978aa94-666c-47c7-8024-3ada55195a51"",""deployment"":""3b1fa354-15dc-4557-a220-0df46d05cef6"",""replica"":""fe005091-cfff-4ee8-81c0-5d1c9e578ad1""}",2026-03-28T20:56:14.019932621Z
[DB] Synced 1 accounts to database,info,"{""level"":""info""}","{""project"":""ce3616d9-58ad-4ec7-a294-1821e1564434"",""environment"":""fb6513d0-42a4-4660-82b5-509c54b15f2a"",""service"":""4978aa94-666c-47c7-8024-3ada55195a51"",""deployment"":""3b1fa354-15dc-4557-a220-0df46d05cef6"",""replica"":""fe005091-cfff-4ee8-81c0-5d1c9e578ad1""}",2026-03-28T20:56:44.036200012Z
[DB] Synced 1 accounts to database,info,"{""level"":""info""}","{""project"":""ce3616d9-58ad-4ec7-a294-1821e1564434"",""environment"":""fb6513d0-42a4-4660-82b5-509c54b15f2a"",""service"":""4978aa94-666c-47c7-8024-3ada55195a51"",""deployment"":""3b1fa354-15dc-4557-a220-0df46d05cef6"",""replica"":""fe005091-cfff-4ee8-81c0-5d1c9e578ad1""}",2026-03-28T20:57:14.102416983Z
[DB] Synced 1 accounts to database,info,"{""level"":""info""}","{""project"":""ce3616d9-58ad-4ec7-a294-1821e1564434"",""environment"":""fb6513d0-42a4-4660-82b5-509c54b15f2a"",""service"":""4978aa94-666c-47c7-8024-3ada55195a51"",""deployment"":""3b1fa354-15dc-4557-a220-0df46d05cef6"",""replica"":""fe005091-cfff-4ee8-81c0-5d1c9e578ad1""}",2026-03-28T20:57:44.175608644Z
[DB] Synced 1 accounts to database,info,"{""level"":""info""}","{""project"":""ce3616d9-58ad-4ec7-a294-1821e1564434"",""environment"":""fb6513d0-42a4-4660-82b5-509c54b15f2a"",""service"":""4978aa94-666c-47c7-8024-3ada55195a51"",""deployment"":""3b1fa354-15dc-4557-a220-0df46d05cef6"",""replica"":""fe005091-cfff-4ee8-81c0-5d1c9e578ad1""}",2026-03-28T20:58:14.441767366Z
[DB] Synced 1 accounts to database,info,"{""level"":""info""}","{""project"":""ce3616d9-58ad-4ec7-a294-1821e1564434"",""environment"":""fb6513d0-42a4-4660-82b5-509c54b15f2a"",""service"":""4978aa94-666c-47c7-8024-3ada55195a51"",""deployment"":""3b1fa354-15dc-4557-a220-0df46d05cef6"",""replica"":""fe005091-cfff-4ee8-81c0-5d1c9e578ad1""}",2026-03-28T20:58:44.462565833Z
[DB] Synced 1 accounts to database,info,"{""level"":""info""}","{""project"":""ce3616d9-58ad-4ec7-a294-1821e1564434"",""environment"":""fb6513d0-42a4-4660-82b5-509c54b15f2a"",""service"":""4978aa94-666c-47c7-8024-3ada55195a51"",""deployment"":""3b1fa354-15dc-4557-a220-0df46d05cef6"",""replica"":""fe005091-cfff-4ee8-81c0-5d1c9e578ad1""}",2026-03-28T20:59:14.589184064Z
[DB] Synced 1 accounts to database,info,"{""level"":""info""}","{""project"":""ce3616d9-58ad-4ec7-a294-1821e1564434"",""environment"":""fb6513d0-42a4-4660-82b5-509c54b15f2a"",""service"":""4978aa94-666c-47c7-8024-3ada55195a51"",""deployment"":""3b1fa354-15dc-4557-a220-0df46d05cef6"",""replica"":""fe005091-cfff-4ee8-81c0-5d1c9e578ad1""}",2026-03-28T20:59:44.433235365Z
[DB] Synced 1 accounts to database,info,"{""level"":""info""}","{""project"":""ce3616d9-58ad-4ec7-a294-1821e1564434"",""environment"":""fb6513d0-42a4-4660-82b5-509c54b15f2a"",""service"":""4978aa94-666c-47c7-8024-3ada55195a51"",""deployment"":""3b1fa354-15dc-4557-a220-0df46d05cef6"",""replica"":""fe005091-cfff-4ee8-81c0-5d1c9e578ad1""}",2026-03-28T21:00:14.457846568Z
[DB] Synced 1 accounts to database,info,"{""level"":""info""}","{""project"":""ce3616d9-58ad-4ec7-a294-1821e1564434"",""environment"":""fb6513d0-42a4-4660-82b5-509c54b15f2a"",""service"":""4978aa94-666c-47c7-8024-3ada55195a51"",""deployment"":""3b1fa354-15dc-4557-a220-0df46d05cef6"",""replica"":""fe005091-cfff-4ee8-81c0-5d1c9e578ad1""}",2026-03-28T21:00:44.283679392Z
[DB] Synced 1 accounts to database,info,"{""level"":""info""}","{""project"":""ce3616d9-58ad-4ec7-a294-1821e1564434"",""environment"":""fb6513d0-42a4-4660-82b5-509c54b15f2a"",""service"":""4978aa94-666c-47c7-8024-3ada55195a51"",""deployment"":""3b1fa354-15dc-4557-a220-0df46d05cef6"",""replica"":""fe005091-cfff-4ee8-81c0-5d1c9e578ad1""}",2026-03-28T21:01:14.326755550Z
[DB] Synced 1 accounts to database,info,"{""level"":""info""}","{""project"":""ce3616d9-58ad-4ec7-a294-1821e1564434"",""environment"":""fb6513d0-42a4-4660-82b5-509c54b15f2a"",""service"":""4978aa94-666c-47c7-8024-3ada55195a51"",""deployment"":""3b1fa354-15dc-4557-a220-0df46d05cef6"",""replica"":""fe005091-cfff-4ee8-81c0-5d1c9e578ad1""}",2026-03-28T21:01:44.246244377Z
[DB] Synced 1 accounts to database,info,"{""level"":""info""}","{""project"":""ce3616d9-58ad-4ec7-a294-1821e1564434"",""environment"":""fb6513d0-42a4-4660-82b5-509c54b15f2a"",""service"":""4978aa94-666c-47c7-8024-3ada55195a51"",""deployment"":""3b1fa354-15dc-4557-a220-0df46d05cef6"",""replica"":""fe005091-cfff-4ee8-81c0-5d1c9e578ad1""}",2026-03-28T21:02:14.255062192Z
[DB] Synced 1 accounts to database,info,"{""level"":""info""}","{""project"":""ce3616d9-58ad-4ec7-a294-1821e1564434"",""environment"":""fb6513d0-42a4-4660-82b5-509c54b15f2a"",""service"":""4978aa94-666c-47c7-8024-3ada55195a51"",""deployment"":""3b1fa354-15dc-4557-a220-0df46d05cef6"",""replica"":""fe005091-cfff-4ee8-81c0-5d1c9e578ad1""}",2026-03-28T21:02:43.996055182Z
[DB] Synced 1 accounts to database,info,"{""level"":""info""}","{""project"":""ce3616d9-58ad-4ec7-a294-1821e1564434"",""environment"":""fb6513d0-42a4-4660-82b5-509c54b15f2a"",""service"":""4978aa94-666c-47c7-8024-3ada55195a51"",""deployment"":""3b1fa354-15dc-4557-a220-0df46d05cef6"",""replica"":""fe005091-cfff-4ee8-81c0-5d1c9e578ad1""}",2026-03-28T21:03:14.026269885Z
[DB] Synced 1 accounts to database,info,"{""level"":""info""}","{""project"":""ce3616d9-58ad-4ec7-a294-1821e1564434"",""environment"":""fb6513d0-42a4-4660-82b5-509c54b15f2a"",""service"":""4978aa94-666c-47c7-8024-3ada55195a51"",""deployment"":""3b1fa354-15dc-4557-a220-0df46d05cef6"",""replica"":""fe005091-cfff-4ee8-81c0-5d1c9e578ad1""}",2026-03-28T21:03:43.890175445Z
[DB] Synced 1 accounts to database,info,"{""level"":""info""}","{""project"":""ce3616d9-58ad-4ec7-a294-1821e1564434"",""environment"":""fb6513d0-42a4-4660-82b5-509c54b15f2a"",""service"":""4978aa94-666c-47c7-8024-3ada55195a51"",""deployment"":""3b1fa354-15dc-4557-a220-0df46d05cef6"",""replica"":""fe005091-cfff-4ee8-81c0-5d1c9e578ad1""}",2026-03-28T21:04:13.911762488Z
[DB] Synced 1 accounts to database,info,"{""level"":""info""}","{""project"":""ce3616d9-58ad-4ec7-a294-1821e1564434"",""environment"":""fb6513d0-42a4-4660-82b5-509c54b15f2a"",""service"":""4978aa94-666c-47c7-8024-3ada55195a51"",""deployment"":""3b1fa354-15dc-4557-a220-0df46d05cef6"",""replica"":""fe005091-cfff-4ee8-81c0-5d1c9e578ad1""}",2026-03-28T21:04:43.723268355Z
[DB] Synced 1 accounts to database,info,"{""level"":""info""}","{""project"":""ce3616d9-58ad-4ec7-a294-1821e1564434"",""environment"":""fb6513d0-42a4-4660-82b5-509c54b15f2a"",""service"":""4978aa94-666c-47c7-8024-3ada55195a51"",""deployment"":""3b1fa354-15dc-4557-a220-0df46d05cef6"",""replica"":""fe005091-cfff-4ee8-81c0-5d1c9e578ad1""}",2026-03-28T21:05:13.738679311Z
[DB] Synced 1 accounts to database,info,"{""level"":""info""}","{""project"":""ce3616d9-58ad-4ec7-a294-1821e1564434"",""environment"":""fb6513d0-42a4-4660-82b5-509c54b15f2a"",""service"":""4978aa94-666c-47c7-8024-3ada55195a51"",""deployment"":""3b1fa354-15dc-4557-a220-0df46d05cef6"",""replica"":""fe005091-cfff-4ee8-81c0-5d1c9e578ad1""}",2026-03-28T21:05:43.552539236Z
[DB] Synced 1 accounts to database,info,"{""level"":""info""}","{""project"":""ce3616d9-58ad-4ec7-a294-1821e1564434"",""environment"":""fb6513d0-42a4-4660-82b5-509c54b15f2a"",""service"":""4978aa94-666c-47c7-8024-3ada55195a51"",""deployment"":""3b1fa354-15dc-4557-a220-0df46d05cef6"",""replica"":""fe005091-cfff-4ee8-81c0-5d1c9e578ad1""}",2026-03-28T21:06:13.566934691Z
[DB] Synced 1 accounts to database,info,"{""level"":""info""}","{""project"":""ce3616d9-58ad-4ec7-a294-1821e1564434"",""environment"":""fb6513d0-42a4-4660-82b5-509c54b15f2a"",""service"":""4978aa94-666c-47c7-8024-3ada55195a51"",""deployment"":""3b1fa354-15dc-4557-a220-0df46d05cef6"",""replica"":""fe005091-cfff-4ee8-81c0-5d1c9e578ad1""}",2026-03-28T21:06:43.334233852Z
[DB] Synced 1 accounts to database,info,"{""level"":""info""}","{""project"":""ce3616d9-58ad-4ec7-a294-1821e1564434"",""environment"":""fb6513d0-42a4-4660-82b5-509c54b15f2a"",""service"":""4978aa94-666c-47c7-8024-3ada55195a51"",""deployment"":""3b1fa354-15dc-4557-a220-0df46d05cef6"",""replica"":""fe005091-cfff-4ee8-81c0-5d1c9e578ad1""}",2026-03-28T21:07:13.487630839Z
[DB] Synced 1 accounts to database,info,"{""level"":""info""}","{""project"":""ce3616d9-58ad-4ec7-a294-1821e1564434"",""environment"":""fb6513d0-42a4-4660-82b5-509c54b15f2a"",""service"":""4978aa94-666c-47c7-8024-3ada55195a51"",""deployment"":""3b1fa354-15dc-4557-a220-0df46d05cef6"",""replica"":""fe005091-cfff-4ee8-81c0-5d1c9e578ad1""}",2026-03-28T21:07:43.290682800Z
[DB] Synced 1 accounts to database,info,"{""level"":""info""}","{""project"":""ce3616d9-58ad-4ec7-a294-1821e1564434"",""environment"":""fb6513d0-42a4-4660-82b5-509c54b15f2a"",""service"":""4978aa94-666c-47c7-8024-3ada55195a51"",""deployment"":""3b1fa354-15dc-4557-a220-0df46d05cef6"",""replica"":""fe005091-cfff-4ee8-81c0-5d1c9e578ad1""}",2026-03-28T21:08:13.549859336Z
[DB] Synced 1 accounts to database,info,"{""level"":""info""}","{""project"":""ce3616d9-58ad-4ec7-a294-1821e1564434"",""environment"":""fb6513d0-42a4-4660-82b5-509c54b15f2a"",""service"":""4978aa94-666c-47c7-8024-3ada55195a51"",""deployment"":""3b1fa354-15dc-4557-a220-0df46d05cef6"",""replica"":""fe005091-cfff-4ee8-81c0-5d1c9e578ad1""}",2026-03-28T21:08:43.330883234Z
[DB] Synced 1 accounts to database,info,"{""level"":""info""}","{""project"":""ce3616d9-58ad-4ec7-a294-1821e1564434"",""environment"":""fb6513d0-42a4-4660-82b5-509c54b15f2a"",""service"":""4978aa94-666c-47c7-8024-3ada55195a51"",""deployment"":""3b1fa354-15dc-4557-a220-0df46d05cef6"",""replica"":""fe005091-cfff-4ee8-81c0-5d1c9e578ad1""}",2026-03-28T21:09:13.330841875Z
[DB] Synced 1 accounts to database,info,"{""level"":""info""}","{""project"":""ce3616d9-58ad-4ec7-a294-1821e1564434"",""environment"":""fb6513d0-42a4-4660-82b5-509c54b15f2a"",""service"":""4978aa94-666c-47c7-8024-3ada55195a51"",""deployment"":""3b1fa354-15dc-4557-a220-0df46d05cef6"",""replica"":""fe005091-cfff-4ee8-81c0-5d1c9e578ad1""}",2026-03-28T21:09:43.261835269Z
[DB] Synced 1 accounts to database,info,"{""level"":""info""}","{""project"":""ce3616d9-58ad-4ec7-a294-1821e1564434"",""environment"":""fb6513d0-42a4-4660-82b5-509c54b15f2a"",""service"":""4978aa94-666c-47c7-8024-3ada55195a51"",""deployment"":""3b1fa354-15dc-4557-a220-0df46d05cef6"",""replica"":""fe005091-cfff-4ee8-81c0-5d1c9e578ad1""}",2026-03-28T21:10:13.299457808Z
[DB] Synced 1 accounts to database,info,"{""level"":""info""}","{""project"":""ce3616d9-58ad-4ec7-a294-1821e1564434"",""environment"":""fb6513d0-42a4-4660-82b5-509c54b15f2a"",""service"":""4978aa94-666c-47c7-8024-3ada55195a51"",""deployment"":""3b1fa354-15dc-4557-a220-0df46d05cef6"",""replica"":""fe005091-cfff-4ee8-81c0-5d1c9e578ad1""}",2026-03-28T21:10:43.522651709Z
[DB] Synced 1 accounts to database,info,"{""level"":""info""}","{""project"":""ce3616d9-58ad-4ec7-a294-1821e1564434"",""environment"":""fb6513d0-42a4-4660-82b5-509c54b15f2a"",""service"":""4978aa94-666c-47c7-8024-3ada55195a51"",""deployment"":""3b1fa354-15dc-4557-a220-0df46d05cef6"",""replica"":""fe005091-cfff-4ee8-81c0-5d1c9e578ad1""}",2026-03-28T21:11:13.281423621Z
[DB] Synced 1 accounts to database,info,"{""level"":""info""}","{""project"":""ce3616d9-58ad-4ec7-a294-1821e1564434"",""environment"":""fb6513d0-42a4-4660-82b5-509c54b15f2a"",""service"":""4978aa94-666c-47c7-8024-3ada55195a51"",""deployment"":""3b1fa354-15dc-4557-a220-0df46d05cef6"",""replica"":""fe005091-cfff-4ee8-81c0-5d1c9e578ad1""}",2026-03-28T21:11:43.300240054Z
[DB] Synced 1 accounts to database,info,"{""level"":""info""}","{""project"":""ce3616d9-58ad-4ec7-a294-1821e1564434"",""environment"":""fb6513d0-42a4-4660-82b5-509c54b15f2a"",""service"":""4978aa94-666c-47c7-8024-3ada55195a51"",""deployment"":""3b1fa354-15dc-4557-a220-0df46d05cef6"",""replica"":""fe005091-cfff-4ee8-81c0-5d1c9e578ad1""}",2026-03-28T21:12:13.156209773Z
[DB] Synced 1 accounts to database,info,"{""level"":""info""}","{""project"":""ce3616d9-58ad-4ec7-a294-1821e1564434"",""environment"":""fb6513d0-42a4-4660-82b5-509c54b15f2a"",""service"":""4978aa94-666c-47c7-8024-3ada55195a51"",""deployment"":""3b1fa354-15dc-4557-a220-0df46d05cef6"",""replica"":""fe005091-cfff-4ee8-81c0-5d1c9e578ad1""}",2026-03-28T21:12:43.174255621Z
[DB] Synced 1 accounts to database,info,"{""level"":""info""}","{""project"":""ce3616d9-58ad-4ec7-a294-1821e1564434"",""environment"":""fb6513d0-42a4-4660-82b5-509c54b15f2a"",""service"":""4978aa94-666c-47c7-8024-3ada55195a51"",""deployment"":""3b1fa354-15dc-4557-a220-0df46d05cef6"",""replica"":""fe005091-cfff-4ee8-81c0-5d1c9e578ad1""}",2026-03-28T21:13:13.054837769Z
[DB] Synced 1 accounts to database,info,"{""level"":""info""}","{""project"":""ce3616d9-58ad-4ec7-a294-1821e1564434"",""environment"":""fb6513d0-42a4-4660-82b5-509c54b15f2a"",""service"":""4978aa94-666c-47c7-8024-3ada55195a51"",""deployment"":""3b1fa354-15dc-4557-a220-0df46d05cef6"",""replica"":""fe005091-cfff-4ee8-81c0-5d1c9e578ad1""}",2026-03-28T21:13:43.056730356Z
[DB] Synced 1 accounts to database,info,"{""level"":""info""}","{""project"":""ce3616d9-58ad-4ec7-a294-1821e1564434"",""environment"":""fb6513d0-42a4-4660-82b5-509c54b15f2a"",""service"":""4978aa94-666c-47c7-8024-3ada55195a51"",""deployment"":""3b1fa354-15dc-4557-a220-0df46d05cef6"",""replica"":""fe005091-cfff-4ee8-81c0-5d1c9e578ad1""}",2026-03-28T21:14:13.080217446Z
[DB] Synced 1 accounts to database,info,"{""level"":""info""}","{""project"":""ce3616d9-58ad-4ec7-a294-1821e1564434"",""environment"":""fb6513d0-42a4-4660-82b5-509c54b15f2a"",""service"":""4978aa94-666c-47c7-8024-3ada55195a51"",""deployment"":""3b1fa354-15dc-4557-a220-0df46d05cef6"",""replica"":""fe005091-cfff-4ee8-81c0-5d1c9e578ad1""}",2026-03-28T21:14:42.955910149Z
[DB] Synced 1 accounts to database,info,"{""level"":""info""}","{""project"":""ce3616d9-58ad-4ec7-a294-1821e1564434"",""environment"":""fb6513d0-42a4-4660-82b5-509c54b15f2a"",""service"":""4978aa94-666c-47c7-8024-3ada55195a51"",""deployment"":""3b1fa354-15dc-4557-a220-0df46d05cef6"",""replica"":""fe005091-cfff-4ee8-81c0-5d1c9e578ad1""}",2026-03-28T21:15:12.945973499Z
[DB] Synced 1 accounts to database,info,"{""level"":""info""}","{""project"":""ce3616d9-58ad-4ec7-a294-1821e1564434"",""environment"":""fb6513d0-42a4-4660-82b5-509c54b15f2a"",""service"":""4978aa94-666c-47c7-8024-3ada55195a51"",""deployment"":""3b1fa354-15dc-4557-a220-0df46d05cef6"",""replica"":""fe005091-cfff-4ee8-81c0-5d1c9e578ad1""}",2026-03-28T21:15:43.244867701Z
[DB] Synced 1 accounts to database,info,"{""level"":""info""}","{""project"":""ce3616d9-58ad-4ec7-a294-1821e1564434"",""environment"":""fb6513d0-42a4-4660-82b5-509c54b15f2a"",""service"":""4978aa94-666c-47c7-8024-3ada55195a51"",""deployment"":""3b1fa354-15dc-4557-a220-0df46d05cef6"",""replica"":""fe005091-cfff-4ee8-81c0-5d1c9e578ad1""}",2026-03-28T21:16:13.089501470Z
[DB] Synced 1 accounts to database,info,"{""level"":""info""}","{""project"":""ce3616d9-58ad-4ec7-a294-1821e1564434"",""environment"":""fb6513d0-42a4-4660-82b5-509c54b15f2a"",""service"":""4978aa94-666c-47c7-8024-3ada55195a51"",""deployment"":""3b1fa354-15dc-4557-a220-0df46d05cef6"",""replica"":""fe005091-cfff-4ee8-81c0-5d1c9e578ad1""}",2026-03-28T21:16:43.087418714Z
[DB] Synced 1 accounts to database,info,"{""level"":""info""}","{""project"":""ce3616d9-58ad-4ec7-a294-1821e1564434"",""environment"":""fb6513d0-42a4-4660-82b5-509c54b15f2a"",""service"":""4978aa94-666c-47c7-8024-3ada55195a51"",""deployment"":""3b1fa354-15dc-4557-a220-0df46d05cef6"",""replica"":""fe005091-cfff-4ee8-81c0-5d1c9e578ad1""}",2026-03-28T21:17:12.983655080Z
[DB] Synced 1 accounts to database,info,"{""level"":""info""}","{""project"":""ce3616d9-58ad-4ec7-a294-1821e1564434"",""environment"":""fb6513d0-42a4-4660-82b5-509c54b15f2a"",""service"":""4978aa94-666c-47c7-8024-3ada55195a51"",""deployment"":""3b1fa354-15dc-4557-a220-0df46d05cef6"",""replica"":""fe005091-cfff-4ee8-81c0-5d1c9e578ad1""}",2026-03-28T21:17:42.990847662Z
[DB] Synced 1 accounts to database,info,"{""level"":""info""}","{""project"":""ce3616d9-58ad-4ec7-a294-1821e1564434"",""environment"":""fb6513d0-42a4-4660-82b5-509c54b15f2a"",""service"":""4978aa94-666c-47c7-8024-3ada55195a51"",""deployment"":""3b1fa354-15dc-4557-a220-0df46d05cef6"",""replica"":""fe005091-cfff-4ee8-81c0-5d1c9e578ad1""}",2026-03-28T21:18:12.844477529Z
[DB] Synced 1 accounts to database,info,"{""level"":""info""}","{""project"":""ce3616d9-58ad-4ec7-a294-1821e1564434"",""environment"":""fb6513d0-42a4-4660-82b5-509c54b15f2a"",""service"":""4978aa94-666c-47c7-8024-3ada55195a51"",""deployment"":""3b1fa354-15dc-4557-a220-0df46d05cef6"",""replica"":""fe005091-cfff-4ee8-81c0-5d1c9e578ad1""}",2026-03-28T21:18:42.913614475Z
[DB] Synced 1 accounts to database,info,"{""level"":""info""}","{""project"":""ce3616d9-58ad-4ec7-a294-1821e1564434"",""environment"":""fb6513d0-42a4-4660-82b5-509c54b15f2a"",""service"":""4978aa94-666c-47c7-8024-3ada55195a51"",""deployment"":""3b1fa354-15dc-4557-a220-0df46d05cef6"",""replica"":""fe005091-cfff-4ee8-81c0-5d1c9e578ad1""}",2026-03-28T21:19:13.173416975Z
[DB] Synced 1 accounts to database,info,"{""level"":""info""}","{""project"":""ce3616d9-58ad-4ec7-a294-1821e1564434"",""environment"":""fb6513d0-42a4-4660-82b5-509c54b15f2a"",""service"":""4978aa94-666c-47c7-8024-3ada55195a51"",""deployment"":""3b1fa354-15dc-4557-a220-0df46d05cef6"",""replica"":""fe005091-cfff-4ee8-81c0-5d1c9e578ad1""}",2026-03-28T21:19:43.135458264Z
[DB] Synced 1 accounts to database,info,"{""level"":""info""}","{""project"":""ce3616d9-58ad-4ec7-a294-1821e1564434"",""environment"":""fb6513d0-42a4-4660-82b5-509c54b15f2a"",""service"":""4978aa94-666c-47c7-8024-3ada55195a51"",""deployment"":""3b1fa354-15dc-4557-a220-0df46d05cef6"",""replica"":""fe005091-cfff-4ee8-81c0-5d1c9e578ad1""}",2026-03-28T21:20:13.150062419Z
[DB] Synced 1 accounts to database,info,"{""level"":""info""}","{""project"":""ce3616d9-58ad-4ec7-a294-1821e1564434"",""environment"":""fb6513d0-42a4-4660-82b5-509c54b15f2a"",""service"":""4978aa94-666c-47c7-8024-3ada55195a51"",""deployment"":""3b1fa354-15dc-4557-a220-0df46d05cef6"",""replica"":""fe005091-cfff-4ee8-81c0-5d1c9e578ad1""}",2026-03-28T21:20:43.336221813Z
[DB] Synced 1 accounts to database,info,"{""level"":""info""}","{""project"":""ce3616d9-58ad-4ec7-a294-1821e1564434"",""environment"":""fb6513d0-42a4-4660-82b5-509c54b15f2a"",""service"":""4978aa94-666c-47c7-8024-3ada55195a51"",""deployment"":""3b1fa354-15dc-4557-a220-0df46d05cef6"",""replica"":""fe005091-cfff-4ee8-81c0-5d1c9e578ad1""}",2026-03-28T21:21:13.271864141Z
[DB] Synced 1 accounts to database,info,"{""level"":""info""}","{""project"":""ce3616d9-58ad-4ec7-a294-1821e1564434"",""environment"":""fb6513d0-42a4-4660-82b5-509c54b15f2a"",""service"":""4978aa94-666c-47c7-8024-3ada55195a51"",""deployment"":""3b1fa354-15dc-4557-a220-0df46d05cef6"",""replica"":""fe005091-cfff-4ee8-81c0-5d1c9e578ad1""}",2026-03-28T21:21:43.333864827Z
[DB] Synced 1 accounts to database,info,"{""level"":""info""}","{""project"":""ce3616d9-58ad-4ec7-a294-1821e1564434"",""environment"":""fb6513d0-42a4-4660-82b5-509c54b15f2a"",""service"":""4978aa94-666c-47c7-8024-3ada55195a51"",""deployment"":""3b1fa354-15dc-4557-a220-0df46d05cef6"",""replica"":""fe005091-cfff-4ee8-81c0-5d1c9e578ad1""}",2026-03-28T21:22:13.246660542Z
[DB] Synced 1 accounts to database,info,"{""level"":""info""}","{""project"":""ce3616d9-58ad-4ec7-a294-1821e1564434"",""environment"":""fb6513d0-42a4-4660-82b5-509c54b15f2a"",""service"":""4978aa94-666c-47c7-8024-3ada55195a51"",""deployment"":""3b1fa354-15dc-4557-a220-0df46d05cef6"",""replica"":""fe005091-cfff-4ee8-81c0-5d1c9e578ad1""}",2026-03-28T21:22:43.259215606Z
[DB] Synced 1 accounts to database,info,"{""level"":""info""}","{""project"":""ce3616d9-58ad-4ec7-a294-1821e1564434"",""environment"":""fb6513d0-42a4-4660-82b5-509c54b15f2a"",""service"":""4978aa94-666c-47c7-8024-3ada55195a51"",""deployment"":""3b1fa354-15dc-4557-a220-0df46d05cef6"",""replica"":""fe005091-cfff-4ee8-81c0-5d1c9e578ad1""}",2026-03-28T21:23:13.079835494Z
[DB] Synced 1 accounts to database,info,"{""level"":""info""}","{""project"":""ce3616d9-58ad-4ec7-a294-1821e1564434"",""environment"":""fb6513d0-42a4-4660-82b5-509c54b15f2a"",""service"":""4978aa94-666c-47c7-8024-3ada55195a51"",""deployment"":""3b1fa354-15dc-4557-a220-0df46d05cef6"",""replica"":""fe005091-cfff-4ee8-81c0-5d1c9e578ad1""}",2026-03-28T21:23:43.081859101Z
[DB] Synced 1 accounts to database,info,"{""level"":""info""}","{""project"":""ce3616d9-58ad-4ec7-a294-1821e1564434"",""environment"":""fb6513d0-42a4-4660-82b5-509c54b15f2a"",""service"":""4978aa94-666c-47c7-8024-3ada55195a51"",""deployment"":""3b1fa354-15dc-4557-a220-0df46d05cef6"",""replica"":""fe005091-cfff-4ee8-81c0-5d1c9e578ad1""}",2026-03-28T21:24:13.053457819Z
[DB] Synced 1 accounts to database,info,"{""level"":""info""}","{""project"":""ce3616d9-58ad-4ec7-a294-1821e1564434"",""environment"":""fb6513d0-42a4-4660-82b5-509c54b15f2a"",""service"":""4978aa94-666c-47c7-8024-3ada55195a51"",""deployment"":""3b1fa354-15dc-4557-a220-0df46d05cef6"",""replica"":""fe005091-cfff-4ee8-81c0-5d1c9e578ad1""}",2026-03-28T21:24:43.062753108Z
[DB] Synced 1 accounts to database,info,"{""level"":""info""}","{""project"":""ce3616d9-58ad-4ec7-a294-1821e1564434"",""environment"":""fb6513d0-42a4-4660-82b5-509c54b15f2a"",""service"":""4978aa94-666c-47c7-8024-3ada55195a51"",""deployment"":""3b1fa354-15dc-4557-a220-0df46d05cef6"",""replica"":""fe005091-cfff-4ee8-81c0-5d1c9e578ad1""}",2026-03-28T21:25:12.923893149Z
[DB] Synced 1 accounts to database,info,"{""level"":""info""}","{""project"":""ce3616d9-58ad-4ec7-a294-1821e1564434"",""environment"":""fb6513d0-42a4-4660-82b5-509c54b15f2a"",""service"":""4978aa94-666c-47c7-8024-3ada55195a51"",""deployment"":""3b1fa354-15dc-4557-a220-0df46d05cef6"",""replica"":""fe005091-cfff-4ee8-81c0-5d1c9e578ad1""}",2026-03-28T21:25:42.910262164Z
[DB] Synced 1 accounts to database,info,"{""level"":""info""}","{""project"":""ce3616d9-58ad-4ec7-a294-1821e1564434"",""environment"":""fb6513d0-42a4-4660-82b5-509c54b15f2a"",""service"":""4978aa94-666c-47c7-8024-3ada55195a51"",""deployment"":""3b1fa354-15dc-4557-a220-0df46d05cef6"",""replica"":""fe005091-cfff-4ee8-81c0-5d1c9e578ad1""}",2026-03-28T21:26:12.575772504Z
[DB] Synced 1 accounts to database,info,"{""level"":""info""}","{""project"":""ce3616d9-58ad-4ec7-a294-1821e1564434"",""environment"":""fb6513d0-42a4-4660-82b5-509c54b15f2a"",""service"":""4978aa94-666c-47c7-8024-3ada55195a51"",""deployment"":""3b1fa354-15dc-4557-a220-0df46d05cef6"",""replica"":""fe005091-cfff-4ee8-81c0-5d1c9e578ad1""}",2026-03-28T21:26:42.850188306Z
[DB] Synced 1 accounts to database,info,"{""level"":""info""}","{""project"":""ce3616d9-58ad-4ec7-a294-1821e1564434"",""environment"":""fb6513d0-42a4-4660-82b5-509c54b15f2a"",""service"":""4978aa94-666c-47c7-8024-3ada55195a51"",""deployment"":""3b1fa354-15dc-4557-a220-0df46d05cef6"",""replica"":""fe005091-cfff-4ee8-81c0-5d1c9e578ad1""}",2026-03-28T21:27:12.674606847Z
[DB] Synced 1 accounts to database,info,"{""level"":""info""}","{""project"":""ce3616d9-58ad-4ec7-a294-1821e1564434"",""environment"":""fb6513d0-42a4-4660-82b5-509c54b15f2a"",""service"":""4978aa94-666c-47c7-8024-3ada55195a51"",""deployment"":""3b1fa354-15dc-4557-a220-0df46d05cef6"",""replica"":""fe005091-cfff-4ee8-81c0-5d1c9e578ad1""}",2026-03-28T21:27:42.678020055Z
[DB] Synced 1 accounts to database,info,"{""level"":""info""}","{""project"":""ce3616d9-58ad-4ec7-a294-1821e1564434"",""environment"":""fb6513d0-42a4-4660-82b5-509c54b15f2a"",""service"":""4978aa94-666c-47c7-8024-3ada55195a51"",""deployment"":""3b1fa354-15dc-4557-a220-0df46d05cef6"",""replica"":""fe005091-cfff-4ee8-81c0-5d1c9e578ad1""}",2026-03-28T21:28:12.891678191Z
[DB] Synced 1 accounts to database,info,"{""level"":""info""}","{""project"":""ce3616d9-58ad-4ec7-a294-1821e1564434"",""environment"":""fb6513d0-42a4-4660-82b5-509c54b15f2a"",""service"":""4978aa94-666c-47c7-8024-3ada55195a51"",""deployment"":""3b1fa354-15dc-4557-a220-0df46d05cef6"",""replica"":""fe005091-cfff-4ee8-81c0-5d1c9e578ad1""}",2026-03-28T21:28:42.664567320Z
[DB] Synced 1 accounts to database,info,"{""level"":""info""}","{""project"":""ce3616d9-58ad-4ec7-a294-1821e1564434"",""environment"":""fb6513d0-42a4-4660-82b5-509c54b15f2a"",""service"":""4978aa94-666c-47c7-8024-3ada55195a51"",""deployment"":""3b1fa354-15dc-4557-a220-0df46d05cef6"",""replica"":""fe005091-cfff-4ee8-81c0-5d1c9e578ad1""}",2026-03-28T21:29:12.650821027Z
[DB] Synced 1 accounts to database,info,"{""level"":""info""}","{""project"":""ce3616d9-58ad-4ec7-a294-1821e1564434"",""environment"":""fb6513d0-42a4-4660-82b5-509c54b15f2a"",""service"":""4978aa94-666c-47c7-8024-3ada55195a51"",""deployment"":""3b1fa354-15dc-4557-a220-0df46d05cef6"",""replica"":""fe005091-cfff-4ee8-81c0-5d1c9e578ad1""}",2026-03-28T21:29:42.745987686Z
[DB] Synced 1 accounts to database,info,"{""level"":""info""}","{""project"":""ce3616d9-58ad-4ec7-a294-1821e1564434"",""environment"":""fb6513d0-42a4-4660-82b5-509c54b15f2a"",""service"":""4978aa94-666c-47c7-8024-3ada55195a51"",""deployment"":""3b1fa354-15dc-4557-a220-0df46d05cef6"",""replica"":""fe005091-cfff-4ee8-81c0-5d1c9e578ad1""}",2026-03-28T21:30:12.567780595Z
[DB] Synced 1 accounts to database,info,"{""level"":""info""}","{""project"":""ce3616d9-58ad-4ec7-a294-1821e1564434"",""environment"":""fb6513d0-42a4-4660-82b5-509c54b15f2a"",""service"":""4978aa94-666c-47c7-8024-3ada55195a51"",""deployment"":""3b1fa354-15dc-4557-a220-0df46d05cef6"",""replica"":""fe005091-cfff-4ee8-81c0-5d1c9e578ad1""}",2026-03-28T21:30:42.591147259Z
[DB] Synced 1 accounts to database,info,"{""level"":""info""}","{""project"":""ce3616d9-58ad-4ec7-a294-1821e1564434"",""environment"":""fb6513d0-42a4-4660-82b5-509c54b15f2a"",""service"":""4978aa94-666c-47c7-8024-3ada55195a51"",""deployment"":""3b1fa354-15dc-4557-a220-0df46d05cef6"",""replica"":""fe005091-cfff-4ee8-81c0-5d1c9e578ad1""}",2026-03-28T21:31:12.439994050Z
[DB] Synced 1 accounts to database,info,"{""level"":""info""}","{""project"":""ce3616d9-58ad-4ec7-a294-1821e1564434"",""environment"":""fb6513d0-42a4-4660-82b5-509c54b15f2a"",""service"":""4978aa94-666c-47c7-8024-3ada55195a51"",""deployment"":""3b1fa354-15dc-4557-a220-0df46d05cef6"",""replica"":""fe005091-cfff-4ee8-81c0-5d1c9e578ad1""}",2026-03-28T21:31:42.488295013Z
[DB] Synced 1 accounts to database,info,"{""level"":""info""}","{""project"":""ce3616d9-58ad-4ec7-a294-1821e1564434"",""environment"":""fb6513d0-42a4-4660-82b5-509c54b15f2a"",""service"":""4978aa94-666c-47c7-8024-3ada55195a51"",""deployment"":""3b1fa354-15dc-4557-a220-0df46d05cef6"",""replica"":""fe005091-cfff-4ee8-81c0-5d1c9e578ad1""}",2026-03-28T21:32:12.277762431Z
[DB] Synced 1 accounts to database,info,"{""level"":""info""}","{""project"":""ce3616d9-58ad-4ec7-a294-1821e1564434"",""environment"":""fb6513d0-42a4-4660-82b5-509c54b15f2a"",""service"":""4978aa94-666c-47c7-8024-3ada55195a51"",""deployment"":""3b1fa354-15dc-4557-a220-0df46d05cef6"",""replica"":""fe005091-cfff-4ee8-81c0-5d1c9e578ad1""}",2026-03-28T21:32:42.284406275Z
[DB] Synced 1 accounts to database,info,"{""level"":""info""}","{""project"":""ce3616d9-58ad-4ec7-a294-1821e1564434"",""environment"":""fb6513d0-42a4-4660-82b5-509c54b15f2a"",""service"":""4978aa94-666c-47c7-8024-3ada55195a51"",""deployment"":""3b1fa354-15dc-4557-a220-0df46d05cef6"",""replica"":""fe005091-cfff-4ee8-81c0-5d1c9e578ad1""}",2026-03-28T21:33:12.526633323Z
[DB] Synced 1 accounts to database,info,"{""level"":""info""}","{""project"":""ce3616d9-58ad-4ec7-a294-1821e1564434"",""environment"":""fb6513d0-42a4-4660-82b5-509c54b15f2a"",""service"":""4978aa94-666c-47c7-8024-3ada55195a51"",""deployment"":""3b1fa354-15dc-4557-a220-0df46d05cef6"",""replica"":""fe005091-cfff-4ee8-81c0-5d1c9e578ad1""}",2026-03-28T21:33:42.373021125Z
[DB] Synced 1 accounts to database,info,"{""level"":""info""}","{""project"":""ce3616d9-58ad-4ec7-a294-1821e1564434"",""environment"":""fb6513d0-42a4-4660-82b5-509c54b15f2a"",""service"":""4978aa94-666c-47c7-8024-3ada55195a51"",""deployment"":""3b1fa354-15dc-4557-a220-0df46d05cef6"",""replica"":""fe005091-cfff-4ee8-81c0-5d1c9e578ad1""}",2026-03-28T21:34:12.686709293Z
[DB] Synced 1 accounts to database,info,"{""level"":""info""}","{""project"":""ce3616d9-58ad-4ec7-a294-1821e1564434"",""environment"":""fb6513d0-42a4-4660-82b5-509c54b15f2a"",""service"":""4978aa94-666c-47c7-8024-3ada55195a51"",""deployment"":""3b1fa354-15dc-4557-a220-0df46d05cef6"",""replica"":""fe005091-cfff-4ee8-81c0-5d1c9e578ad1""}",2026-03-28T21:34:42.541034638Z
[DB] Synced 1 accounts to database,info,"{""level"":""info""}","{""project"":""ce3616d9-58ad-4ec7-a294-1821e1564434"",""environment"":""fb6513d0-42a4-4660-82b5-509c54b15f2a"",""service"":""4978aa94-666c-47c7-8024-3ada55195a51"",""deployment"":""3b1fa354-15dc-4557-a220-0df46d05cef6"",""replica"":""fe005091-cfff-4ee8-81c0-5d1c9e578ad1""}",2026-03-28T21:35:12.501847336Z
[DB] Synced 1 accounts to database,info,"{""level"":""info""}","{""project"":""ce3616d9-58ad-4ec7-a294-1821e1564434"",""environment"":""fb6513d0-42a4-4660-82b5-509c54b15f2a"",""service"":""4978aa94-666c-47c7-8024-3ada55195a51"",""deployment"":""3b1fa354-15dc-4557-a220-0df46d05cef6"",""replica"":""fe005091-cfff-4ee8-81c0-5d1c9e578ad1""}",2026-03-28T21:35:42.282435564Z
[DB] Synced 1 accounts to database,info,"{""level"":""info""}","{""project"":""ce3616d9-58ad-4ec7-a294-1821e1564434"",""environment"":""fb6513d0-42a4-4660-82b5-509c54b15f2a"",""service"":""4978aa94-666c-47c7-8024-3ada55195a51"",""deployment"":""3b1fa354-15dc-4557-a220-0df46d05cef6"",""replica"":""fe005091-cfff-4ee8-81c0-5d1c9e578ad1""}",2026-03-28T21:36:12.403345593Z
[DB] Synced 1 accounts to database,info,"{""level"":""info""}","{""project"":""ce3616d9-58ad-4ec7-a294-1821e1564434"",""environment"":""fb6513d0-42a4-4660-82b5-509c54b15f2a"",""service"":""4978aa94-666c-47c7-8024-3ada55195a51"",""deployment"":""3b1fa354-15dc-4557-a220-0df46d05cef6"",""replica"":""fe005091-cfff-4ee8-81c0-5d1c9e578ad1""}",2026-03-28T21:36:42.330343629Z
[DB] Synced 1 accounts to database,info,"{""level"":""info""}","{""project"":""ce3616d9-58ad-4ec7-a294-1821e1564434"",""environment"":""fb6513d0-42a4-4660-82b5-509c54b15f2a"",""service"":""4978aa94-666c-47c7-8024-3ada55195a51"",""deployment"":""3b1fa354-15dc-4557-a220-0df46d05cef6"",""replica"":""fe005091-cfff-4ee8-81c0-5d1c9e578ad1""}",2026-03-28T21:37:12.327139951Z
[DB] Synced 1 accounts to database,info,"{""level"":""info""}","{""project"":""ce3616d9-58ad-4ec7-a294-1821e1564434"",""environment"":""fb6513d0-42a4-4660-82b5-509c54b15f2a"",""service"":""4978aa94-666c-47c7-8024-3ada55195a51"",""deployment"":""3b1fa354-15dc-4557-a220-0df46d05cef6"",""replica"":""fe005091-cfff-4ee8-81c0-5d1c9e578ad1""}",2026-03-28T21:37:42.665790506Z
[DB] Synced 1 accounts to database,info,"{""level"":""info""}","{""project"":""ce3616d9-58ad-4ec7-a294-1821e1564434"",""environment"":""fb6513d0-42a4-4660-82b5-509c54b15f2a"",""service"":""4978aa94-666c-47c7-8024-3ada55195a51"",""deployment"":""3b1fa354-15dc-4557-a220-0df46d05cef6"",""replica"":""fe005091-cfff-4ee8-81c0-5d1c9e578ad1""}",2026-03-28T21:38:12.461249967Z
[DB] Synced 1 accounts to database,info,"{""level"":""info""}","{""project"":""ce3616d9-58ad-4ec7-a294-1821e1564434"",""environment"":""fb6513d0-42a4-4660-82b5-509c54b15f2a"",""service"":""4978aa94-666c-47c7-8024-3ada55195a51"",""deployment"":""3b1fa354-15dc-4557-a220-0df46d05cef6"",""replica"":""fe005091-cfff-4ee8-81c0-5d1c9e578ad1""}",2026-03-28T21:38:42.768442645Z
[DB] Synced 1 accounts to database,info,"{""level"":""info""}","{""project"":""ce3616d9-58ad-4ec7-a294-1821e1564434"",""environment"":""fb6513d0-42a4-4660-82b5-509c54b15f2a"",""service"":""4978aa94-666c-47c7-8024-3ada55195a51"",""deployment"":""3b1fa354-15dc-4557-a220-0df46d05cef6"",""replica"":""fe005091-cfff-4ee8-81c0-5d1c9e578ad1""}",2026-03-28T21:39:12.605597708Z
[DB] Synced 1 accounts to database,info,"{""level"":""info""}","{""project"":""ce3616d9-58ad-4ec7-a294-1821e1564434"",""environment"":""fb6513d0-42a4-4660-82b5-509c54b15f2a"",""service"":""4978aa94-666c-47c7-8024-3ada55195a51"",""deployment"":""3b1fa354-15dc-4557-a220-0df46d05cef6"",""replica"":""fe005091-cfff-4ee8-81c0-5d1c9e578ad1""}",2026-03-28T21:39:42.686838135Z
[DB] Synced 1 accounts to database,info,"{""level"":""info""}","{""project"":""ce3616d9-58ad-4ec7-a294-1821e1564434"",""environment"":""fb6513d0-42a4-4660-82b5-509c54b15f2a"",""service"":""4978aa94-666c-47c7-8024-3ada55195a51"",""deployment"":""3b1fa354-15dc-4557-a220-0df46d05cef6"",""replica"":""fe005091-cfff-4ee8-81c0-5d1c9e578ad1""}",2026-03-28T21:40:12.491518572Z
[DB] Synced 1 accounts to database,info,"{""level"":""info""}","{""project"":""ce3616d9-58ad-4ec7-a294-1821e1564434"",""environment"":""fb6513d0-42a4-4660-82b5-509c54b15f2a"",""service"":""4978aa94-666c-47c7-8024-3ada55195a51"",""deployment"":""3b1fa354-15dc-4557-a220-0df46d05cef6"",""replica"":""fe005091-cfff-4ee8-81c0-5d1c9e578ad1""}",2026-03-28T21:40:42.567043265Z
[DB] Synced 1 accounts to database,info,"{""level"":""info""}","{""project"":""ce3616d9-58ad-4ec7-a294-1821e1564434"",""environment"":""fb6513d0-42a4-4660-82b5-509c54b15f2a"",""service"":""4978aa94-666c-47c7-8024-3ada55195a51"",""deployment"":""3b1fa354-15dc-4557-a220-0df46d05cef6"",""replica"":""fe005091-cfff-4ee8-81c0-5d1c9e578ad1""}",2026-03-28T21:41:12.497809218Z
[DB] Synced 1 accounts to database,info,"{""level"":""info""}","{""project"":""ce3616d9-58ad-4ec7-a294-1821e1564434"",""environment"":""fb6513d0-42a4-4660-82b5-509c54b15f2a"",""service"":""4978aa94-666c-47c7-8024-3ada55195a51"",""deployment"":""3b1fa354-15dc-4557-a220-0df46d05cef6"",""replica"":""fe005091-cfff-4ee8-81c0-5d1c9e578ad1""}",2026-03-28T21:41:42.597005723Z
[DB] Synced 1 accounts to database,info,"{""level"":""info""}","{""project"":""ce3616d9-58ad-4ec7-a294-1821e1564434"",""environment"":""fb6513d0-42a4-4660-82b5-509c54b15f2a"",""service"":""4978aa94-666c-47c7-8024-3ada55195a51"",""deployment"":""3b1fa354-15dc-4557-a220-0df46d05cef6"",""replica"":""fe005091-cfff-4ee8-81c0-5d1c9e578ad1""}",2026-03-28T21:42:22.457376339Z
[DB] Synced 1 accounts to database,info,"{""level"":""info""}","{""project"":""ce3616d9-58ad-4ec7-a294-1821e1564434"",""environment"":""fb6513d0-42a4-4660-82b5-509c54b15f2a"",""service"":""4978aa94-666c-47c7-8024-3ada55195a51"",""deployment"":""3b1fa354-15dc-4557-a220-0df46d05cef6"",""replica"":""fe005091-cfff-4ee8-81c0-5d1c9e578ad1""}",2026-03-28T21:42:52.604717437Z
[DB] Synced 1 accounts to database,info,"{""level"":""info""}","{""project"":""ce3616d9-58ad-4ec7-a294-1821e1564434"",""environment"":""fb6513d0-42a4-4660-82b5-509c54b15f2a"",""service"":""4978aa94-666c-47c7-8024-3ada55195a51"",""deployment"":""3b1fa354-15dc-4557-a220-0df46d05cef6"",""replica"":""fe005091-cfff-4ee8-81c0-5d1c9e578ad1""}",2026-03-28T21:43:12.621498470Z
[DB] Synced 1 accounts to database,info,"{""level"":""info""}","{""project"":""ce3616d9-58ad-4ec7-a294-1821e1564434"",""environment"":""fb6513d0-42a4-4660-82b5-509c54b15f2a"",""service"":""4978aa94-666c-47c7-8024-3ada55195a51"",""deployment"":""3b1fa354-15dc-4557-a220-0df46d05cef6"",""replica"":""fe005091-cfff-4ee8-81c0-5d1c9e578ad1""}",2026-03-28T21:43:52.644535523Z
[DB] Synced 1 accounts to database,info,"{""level"":""info""}","{""project"":""ce3616d9-58ad-4ec7-a294-1821e1564434"",""environment"":""fb6513d0-42a4-4660-82b5-509c54b15f2a"",""service"":""4978aa94-666c-47c7-8024-3ada55195a51"",""deployment"":""3b1fa354-15dc-4557-a220-0df46d05cef6"",""replica"":""fe005091-cfff-4ee8-81c0-5d1c9e578ad1""}",2026-03-28T21:44:22.645411119Z
[DB] Synced 1 accounts to database,info,"{""level"":""info""}","{""project"":""ce3616d9-58ad-4ec7-a294-1821e1564434"",""environment"":""fb6513d0-42a4-4660-82b5-509c54b15f2a"",""service"":""4978aa94-666c-47c7-8024-3ada55195a51"",""deployment"":""3b1fa354-15dc-4557-a220-0df46d05cef6"",""replica"":""fe005091-cfff-4ee8-81c0-5d1c9e578ad1""}",2026-03-28T21:44:42.725207120Z
[DB] Synced 1 accounts to database,info,"{""level"":""info""}","{""project"":""ce3616d9-58ad-4ec7-a294-1821e1564434"",""environment"":""fb6513d0-42a4-4660-82b5-509c54b15f2a"",""service"":""4978aa94-666c-47c7-8024-3ada55195a51"",""deployment"":""3b1fa354-15dc-4557-a220-0df46d05cef6"",""replica"":""fe005091-cfff-4ee8-81c0-5d1c9e578ad1""}",2026-03-28T21:45:22.478757321Z
[DB] Synced 1 accounts to database,info,"{""level"":""info""}","{""project"":""ce3616d9-58ad-4ec7-a294-1821e1564434"",""environment"":""fb6513d0-42a4-4660-82b5-509c54b15f2a"",""service"":""4978aa94-666c-47c7-8024-3ada55195a51"",""deployment"":""3b1fa354-15dc-4557-a220-0df46d05cef6"",""replica"":""fe005091-cfff-4ee8-81c0-5d1c9e578ad1""}",2026-03-28T21:45:52.672044299Z
[DB] Synced 1 accounts to database,info,"{""level"":""info""}","{""project"":""ce3616d9-58ad-4ec7-a294-1821e1564434"",""environment"":""fb6513d0-42a4-4660-82b5-509c54b15f2a"",""service"":""4978aa94-666c-47c7-8024-3ada55195a51"",""deployment"":""3b1fa354-15dc-4557-a220-0df46d05cef6"",""replica"":""fe005091-cfff-4ee8-81c0-5d1c9e578ad1""}",2026-03-28T21:46:22.575024619Z
[DB] Synced 1 accounts to database,info,"{""level"":""info""}","{""project"":""ce3616d9-58ad-4ec7-a294-1821e1564434"",""environment"":""fb6513d0-42a4-4660-82b5-509c54b15f2a"",""service"":""4978aa94-666c-47c7-8024-3ada55195a51"",""deployment"":""3b1fa354-15dc-4557-a220-0df46d05cef6"",""replica"":""fe005091-cfff-4ee8-81c0-5d1c9e578ad1""}",2026-03-28T21:46:52.835455188Z
[DB] Synced 1 accounts to database,info,"{""level"":""info""}","{""project"":""ce3616d9-58ad-4ec7-a294-1821e1564434"",""environment"":""fb6513d0-42a4-4660-82b5-509c54b15f2a"",""service"":""4978aa94-666c-47c7-8024-3ada55195a51"",""deployment"":""3b1fa354-15dc-4557-a220-0df46d05cef6"",""replica"":""fe005091-cfff-4ee8-81c0-5d1c9e578ad1""}",2026-03-28T21:47:22.645538589Z
[DB] Synced 1 accounts to database,info,"{""level"":""info""}","{""project"":""ce3616d9-58ad-4ec7-a294-1821e1564434"",""environment"":""fb6513d0-42a4-4660-82b5-509c54b15f2a"",""service"":""4978aa94-666c-47c7-8024-3ada55195a51"",""deployment"":""3b1fa354-15dc-4557-a220-0df46d05cef6"",""replica"":""fe005091-cfff-4ee8-81c0-5d1c9e578ad1""}",2026-03-28T21:47:52.719768690Z
[DB] Synced 1 accounts to database,info,"{""level"":""info""}","{""project"":""ce3616d9-58ad-4ec7-a294-1821e1564434"",""environment"":""fb6513d0-42a4-4660-82b5-509c54b15f2a"",""service"":""4978aa94-666c-47c7-8024-3ada55195a51"",""deployment"":""3b1fa354-15dc-4557-a220-0df46d05cef6"",""replica"":""fe005091-cfff-4ee8-81c0-5d1c9e578ad1""}",2026-03-28T21:48:22.565727725Z
[DB] Synced 1 accounts to database,info,"{""level"":""info""}","{""project"":""ce3616d9-58ad-4ec7-a294-1821e1564434"",""environment"":""fb6513d0-42a4-4660-82b5-509c54b15f2a"",""service"":""4978aa94-666c-47c7-8024-3ada55195a51"",""deployment"":""3b1fa354-15dc-4557-a220-0df46d05cef6"",""replica"":""fe005091-cfff-4ee8-81c0-5d1c9e578ad1""}",2026-03-28T21:48:52.579616704Z
[DB] Synced 1 accounts to database,info,"{""level"":""info""}","{""project"":""ce3616d9-58ad-4ec7-a294-1821e1564434"",""environment"":""fb6513d0-42a4-4660-82b5-509c54b15f2a"",""service"":""4978aa94-666c-47c7-8024-3ada55195a51"",""deployment"":""3b1fa354-15dc-4557-a220-0df46d05cef6"",""replica"":""fe005091-cfff-4ee8-81c0-5d1c9e578ad1""}",2026-03-28T21:49:22.423525354Z
[DB] Synced 1 accounts to database,info,"{""level"":""info""}","{""project"":""ce3616d9-58ad-4ec7-a294-1821e1564434"",""environment"":""fb6513d0-42a4-4660-82b5-509c54b15f2a"",""service"":""4978aa94-666c-47c7-8024-3ada55195a51"",""deployment"":""3b1fa354-15dc-4557-a220-0df46d05cef6"",""replica"":""fe005091-cfff-4ee8-81c0-5d1c9e578ad1""}",2026-03-28T21:49:52.575186146Z
[DB] Synced 1 accounts to database,info,"{""level"":""info""}","{""project"":""ce3616d9-58ad-4ec7-a294-1821e1564434"",""environment"":""fb6513d0-42a4-4660-82b5-509c54b15f2a"",""service"":""4978aa94-666c-47c7-8024-3ada55195a51"",""deployment"":""3b1fa354-15dc-4557-a220-0df46d05cef6"",""replica"":""fe005091-cfff-4ee8-81c0-5d1c9e578ad1""}",2026-03-28T21:50:22.455377942Z
[DB] Synced 1 accounts to database,info,"{""level"":""info""}","{""project"":""ce3616d9-58ad-4ec7-a294-1821e1564434"",""environment"":""fb6513d0-42a4-4660-82b5-509c54b15f2a"",""service"":""4978aa94-666c-47c7-8024-3ada55195a51"",""deployment"":""3b1fa354-15dc-4557-a220-0df46d05cef6"",""replica"":""fe005091-cfff-4ee8-81c0-5d1c9e578ad1""}",2026-03-28T21:50:52.474420482Z
[DB] Synced 1 accounts to database,info,"{""level"":""info""}","{""project"":""ce3616d9-58ad-4ec7-a294-1821e1564434"",""environment"":""fb6513d0-42a4-4660-82b5-509c54b15f2a"",""service"":""4978aa94-666c-47c7-8024-3ada55195a51"",""deployment"":""3b1fa354-15dc-4557-a220-0df46d05cef6"",""replica"":""fe005091-cfff-4ee8-81c0-5d1c9e578ad1""}",2026-03-28T21:51:22.174502270Z
[DB] Synced 1 accounts to database,info,"{""level"":""info""}","{""project"":""ce3616d9-58ad-4ec7-a294-1821e1564434"",""environment"":""fb6513d0-42a4-4660-82b5-509c54b15f2a"",""service"":""4978aa94-666c-47c7-8024-3ada55195a51"",""deployment"":""3b1fa354-15dc-4557-a220-0df46d05cef6"",""replica"":""fe005091-cfff-4ee8-81c0-5d1c9e578ad1""}",2026-03-28T21:51:52.220475273Z
[DB] Synced 1 accounts to database,info,"{""level"":""info""}","{""project"":""ce3616d9-58ad-4ec7-a294-1821e1564434"",""environment"":""fb6513d0-42a4-4660-82b5-509c54b15f2a"",""service"":""4978aa94-666c-47c7-8024-3ada55195a51"",""deployment"":""3b1fa354-15dc-4557-a220-0df46d05cef6"",""replica"":""fe005091-cfff-4ee8-81c0-5d1c9e578ad1""}",2026-03-28T21:52:22.186162496Z
[DB] Synced 1 accounts to database,info,"{""level"":""info""}","{""project"":""ce3616d9-58ad-4ec7-a294-1821e1564434"",""environment"":""fb6513d0-42a4-4660-82b5-509c54b15f2a"",""service"":""4978aa94-666c-47c7-8024-3ada55195a51"",""deployment"":""3b1fa354-15dc-4557-a220-0df46d05cef6"",""replica"":""fe005091-cfff-4ee8-81c0-5d1c9e578ad1""}",2026-03-28T21:52:52.187205871Z
[DB] Synced 1 accounts to database,info,"{""level"":""info""}","{""project"":""ce3616d9-58ad-4ec7-a294-1821e1564434"",""environment"":""fb6513d0-42a4-4660-82b5-509c54b15f2a"",""service"":""4978aa94-666c-47c7-8024-3ada55195a51"",""deployment"":""3b1fa354-15dc-4557-a220-0df46d05cef6"",""replica"":""fe005091-cfff-4ee8-81c0-5d1c9e578ad1""}",2026-03-28T21:53:21.904987761Z
[DB] Synced 1 accounts to database,info,"{""level"":""info""}","{""project"":""ce3616d9-58ad-4ec7-a294-1821e1564434"",""environment"":""fb6513d0-42a4-4660-82b5-509c54b15f2a"",""service"":""4978aa94-666c-47c7-8024-3ada55195a51"",""deployment"":""3b1fa354-15dc-4557-a220-0df46d05cef6"",""replica"":""fe005091-cfff-4ee8-81c0-5d1c9e578ad1""}",2026-03-28T21:53:51.913902524Z
[DB] Synced 1 accounts to database,info,"{""level"":""info""}","{""project"":""ce3616d9-58ad-4ec7-a294-1821e1564434"",""environment"":""fb6513d0-42a4-4660-82b5-509c54b15f2a"",""service"":""4978aa94-666c-47c7-8024-3ada55195a51"",""deployment"":""3b1fa354-15dc-4557-a220-0df46d05cef6"",""replica"":""fe005091-cfff-4ee8-81c0-5d1c9e578ad1""}",2026-03-28T21:54:21.825981038Z
[DB] Synced 1 accounts to database,info,"{""level"":""info""}","{""project"":""ce3616d9-58ad-4ec7-a294-1821e1564434"",""environment"":""fb6513d0-42a4-4660-82b5-509c54b15f2a"",""service"":""4978aa94-666c-47c7-8024-3ada55195a51"",""deployment"":""3b1fa354-15dc-4557-a220-0df46d05cef6"",""replica"":""fe005091-cfff-4ee8-81c0-5d1c9e578ad1""}",2026-03-28T21:54:51.840396468Z
[DB] Synced 1 accounts to database,info,"{""level"":""info""}","{""project"":""ce3616d9-58ad-4ec7-a294-1821e1564434"",""environment"":""fb6513d0-42a4-4660-82b5-509c54b15f2a"",""service"":""4978aa94-666c-47c7-8024-3ada55195a51"",""deployment"":""3b1fa354-15dc-4557-a220-0df46d05cef6"",""replica"":""fe005091-cfff-4ee8-81c0-5d1c9e578ad1""}",2026-03-28T21:55:21.645699331Z
[DB] Synced 1 accounts to database,info,"{""level"":""info""}","{""project"":""ce3616d9-58ad-4ec7-a294-1821e1564434"",""environment"":""fb6513d0-42a4-4660-82b5-509c54b15f2a"",""service"":""4978aa94-666c-47c7-8024-3ada55195a51"",""deployment"":""3b1fa354-15dc-4557-a220-0df46d05cef6"",""replica"":""fe005091-cfff-4ee8-81c0-5d1c9e578ad1""}",2026-03-28T21:55:51.648505030Z
[DB] Synced 1 accounts to database,info,"{""level"":""info""}","{""project"":""ce3616d9-58ad-4ec7-a294-1821e1564434"",""environment"":""fb6513d0-42a4-4660-82b5-509c54b15f2a"",""service"":""4978aa94-666c-47c7-8024-3ada55195a51"",""deployment"":""3b1fa354-15dc-4557-a220-0df46d05cef6"",""replica"":""fe005091-cfff-4ee8-81c0-5d1c9e578ad1""}",2026-03-28T21:56:21.747437296Z
[DB] Synced 1 accounts to database,info,"{""level"":""info""}","{""project"":""ce3616d9-58ad-4ec7-a294-1821e1564434"",""environment"":""fb6513d0-42a4-4660-82b5-509c54b15f2a"",""service"":""4978aa94-666c-47c7-8024-3ada55195a51"",""deployment"":""3b1fa354-15dc-4557-a220-0df46d05cef6"",""replica"":""fe005091-cfff-4ee8-81c0-5d1c9e578ad1""}",2026-03-28T21:56:51.455410203Z
[DB] Synced 1 accounts to database,info,"{""level"":""info""}","{""project"":""ce3616d9-58ad-4ec7-a294-1821e1564434"",""environment"":""fb6513d0-42a4-4660-82b5-509c54b15f2a"",""service"":""4978aa94-666c-47c7-8024-3ada55195a51"",""deployment"":""3b1fa354-15dc-4557-a220-0df46d05cef6"",""replica"":""fe005091-cfff-4ee8-81c0-5d1c9e578ad1""}",2026-03-28T21:57:21.797950716Z
[DB] Synced 1 accounts to database,info,"{""level"":""info""}","{""project"":""ce3616d9-58ad-4ec7-a294-1821e1564434"",""environment"":""fb6513d0-42a4-4660-82b5-509c54b15f2a"",""service"":""4978aa94-666c-47c7-8024-3ada55195a51"",""deployment"":""3b1fa354-15dc-4557-a220-0df46d05cef6"",""replica"":""fe005091-cfff-4ee8-81c0-5d1c9e578ad1""}",2026-03-28T21:57:51.664980920Z
[DB] Synced 1 accounts to database,info,"{""level"":""info""}","{""project"":""ce3616d9-58ad-4ec7-a294-1821e1564434"",""environment"":""fb6513d0-42a4-4660-82b5-509c54b15f2a"",""service"":""4978aa94-666c-47c7-8024-3ada55195a51"",""deployment"":""3b1fa354-15dc-4557-a220-0df46d05cef6"",""replica"":""fe005091-cfff-4ee8-81c0-5d1c9e578ad1""}",2026-03-28T21:58:21.705924235Z
[DB] Synced 1 accounts to database,info,"{""level"":""info""}","{""project"":""ce3616d9-58ad-4ec7-a294-1821e1564434"",""environment"":""fb6513d0-42a4-4660-82b5-509c54b15f2a"",""service"":""4978aa94-666c-47c7-8024-3ada55195a51"",""deployment"":""3b1fa354-15dc-4557-a220-0df46d05cef6"",""replica"":""fe005091-cfff-4ee8-81c0-5d1c9e578ad1""}",2026-03-28T21:58:51.455870881Z
[DB] Synced 1 accounts to database,info,"{""level"":""info""}","{""project"":""ce3616d9-58ad-4ec7-a294-1821e1564434"",""environment"":""fb6513d0-42a4-4660-82b5-509c54b15f2a"",""service"":""4978aa94-666c-47c7-8024-3ada55195a51"",""deployment"":""3b1fa354-15dc-4557-a220-0df46d05cef6"",""replica"":""fe005091-cfff-4ee8-81c0-5d1c9e578ad1""}",2026-03-28T21:59:21.190707547Z
[DB] Synced 1 accounts to database,info,"{""level"":""info""}","{""project"":""ce3616d9-58ad-4ec7-a294-1821e1564434"",""environment"":""fb6513d0-42a4-4660-82b5-509c54b15f2a"",""service"":""4978aa94-666c-47c7-8024-3ada55195a51"",""deployment"":""3b1fa354-15dc-4557-a220-0df46d05cef6"",""replica"":""fe005091-cfff-4ee8-81c0-5d1c9e578ad1""}",2026-03-28T21:59:51.220594500Z
[DB] Synced 1 accounts to database,info,"{""level"":""info""}","{""project"":""ce3616d9-58ad-4ec7-a294-1821e1564434"",""environment"":""fb6513d0-42a4-4660-82b5-509c54b15f2a"",""service"":""4978aa94-666c-47c7-8024-3ada55195a51"",""deployment"":""3b1fa354-15dc-4557-a220-0df46d05cef6"",""replica"":""fe005091-cfff-4ee8-81c0-5d1c9e578ad1""}",2026-03-28T22:00:21.078086815Z
[DB] Synced 1 accounts to database,info,"{""level"":""info""}","{""project"":""ce3616d9-58ad-4ec7-a294-1821e1564434"",""environment"":""fb6513d0-42a4-4660-82b5-509c54b15f2a"",""service"":""4978aa94-666c-47c7-8024-3ada55195a51"",""deployment"":""3b1fa354-15dc-4557-a220-0df46d05cef6"",""replica"":""fe005091-cfff-4ee8-81c0-5d1c9e578ad1""}",2026-03-28T22:00:51.077851412Z
[DB] Synced 1 accounts to database,info,"{""level"":""info""}","{""project"":""ce3616d9-58ad-4ec7-a294-1821e1564434"",""environment"":""fb6513d0-42a4-4660-82b5-509c54b15f2a"",""service"":""4978aa94-666c-47c7-8024-3ada55195a51"",""deployment"":""3b1fa354-15dc-4557-a220-0df46d05cef6"",""replica"":""fe005091-cfff-4ee8-81c0-5d1c9e578ad1""}",2026-03-28T22:01:20.890376086Z
[DB] Synced 1 accounts to database,info,"{""level"":""info""}","{""project"":""ce3616d9-58ad-4ec7-a294-1821e1564434"",""environment"":""fb6513d0-42a4-4660-82b5-509c54b15f2a"",""service"":""4978aa94-666c-47c7-8024-3ada55195a51"",""deployment"":""3b1fa354-15dc-4557-a220-0df46d05cef6"",""replica"":""fe005091-cfff-4ee8-81c0-5d1c9e578ad1""}",2026-03-28T22:01:50.905173986Z
[DB] Synced 1 accounts to database,info,"{""level"":""info""}","{""project"":""ce3616d9-58ad-4ec7-a294-1821e1564434"",""environment"":""fb6513d0-42a4-4660-82b5-509c54b15f2a"",""service"":""4978aa94-666c-47c7-8024-3ada55195a51"",""deployment"":""3b1fa354-15dc-4557-a220-0df46d05cef6"",""replica"":""fe005091-cfff-4ee8-81c0-5d1c9e578ad1""}",2026-03-28T22:02:20.732330354Z
[DB] Synced 1 accounts to database,info,"{""level"":""info""}","{""project"":""ce3616d9-58ad-4ec7-a294-1821e1564434"",""environment"":""fb6513d0-42a4-4660-82b5-509c54b15f2a"",""service"":""4978aa94-666c-47c7-8024-3ada55195a51"",""deployment"":""3b1fa354-15dc-4557-a220-0df46d05cef6"",""replica"":""fe005091-cfff-4ee8-81c0-5d1c9e578ad1""}",2026-03-28T22:02:50.741408347Z
[DB] Synced 1 accounts to database,info,"{""level"":""info""}","{""project"":""ce3616d9-58ad-4ec7-a294-1821e1564434"",""environment"":""fb6513d0-42a4-4660-82b5-509c54b15f2a"",""service"":""4978aa94-666c-47c7-8024-3ada55195a51"",""deployment"":""3b1fa354-15dc-4557-a220-0df46d05cef6"",""replica"":""fe005091-cfff-4ee8-81c0-5d1c9e578ad1""}",2026-03-28T22:03:21.026615383Z
[DB] Synced 1 accounts to database,info,"{""level"":""info""}","{""project"":""ce3616d9-58ad-4ec7-a294-1821e1564434"",""environment"":""fb6513d0-42a4-4660-82b5-509c54b15f2a"",""service"":""4978aa94-666c-47c7-8024-3ada55195a51"",""deployment"":""3b1fa354-15dc-4557-a220-0df46d05cef6"",""replica"":""fe005091-cfff-4ee8-81c0-5d1c9e578ad1""}",2026-03-28T22:03:50.860061960Z
[DB] Synced 1 accounts to database,info,"{""level"":""info""}","{""project"":""ce3616d9-58ad-4ec7-a294-1821e1564434"",""environment"":""fb6513d0-42a4-4660-82b5-509c54b15f2a"",""service"":""4978aa94-666c-47c7-8024-3ada55195a51"",""deployment"":""3b1fa354-15dc-4557-a220-0df46d05cef6"",""replica"":""fe005091-cfff-4ee8-81c0-5d1c9e578ad1""}",2026-03-28T22:04:20.866103324Z
[DB] Synced 1 accounts to database,info,"{""level"":""info""}","{""project"":""ce3616d9-58ad-4ec7-a294-1821e1564434"",""environment"":""fb6513d0-42a4-4660-82b5-509c54b15f2a"",""service"":""4978aa94-666c-47c7-8024-3ada55195a51"",""deployment"":""3b1fa354-15dc-4557-a220-0df46d05cef6"",""replica"":""fe005091-cfff-4ee8-81c0-5d1c9e578ad1""}",2026-03-28T22:04:50.616655451Z
[DB] Synced 1 accounts to database,info,"{""level"":""info""}","{""project"":""ce3616d9-58ad-4ec7-a294-1821e1564434"",""environment"":""fb6513d0-42a4-4660-82b5-509c54b15f2a"",""service"":""4978aa94-666c-47c7-8024-3ada55195a51"",""deployment"":""3b1fa354-15dc-4557-a220-0df46d05cef6"",""replica"":""fe005091-cfff-4ee8-81c0-5d1c9e578ad1""}",2026-03-28T22:05:20.613670497Z
[DB] Synced 1 accounts to database,info,"{""level"":""info""}","{""project"":""ce3616d9-58ad-4ec7-a294-1821e1564434"",""environment"":""fb6513d0-42a4-4660-82b5-509c54b15f2a"",""service"":""4978aa94-666c-47c7-8024-3ada55195a51"",""deployment"":""3b1fa354-15dc-4557-a220-0df46d05cef6"",""replica"":""fe005091-cfff-4ee8-81c0-5d1c9e578ad1""}",2026-03-28T22:05:50.374543203Z
[DB] Synced 1 accounts to database,info,"{""level"":""info""}","{""project"":""ce3616d9-58ad-4ec7-a294-1821e1564434"",""environment"":""fb6513d0-42a4-4660-82b5-509c54b15f2a"",""service"":""4978aa94-666c-47c7-8024-3ada55195a51"",""deployment"":""3b1fa354-15dc-4557-a220-0df46d05cef6"",""replica"":""fe005091-cfff-4ee8-81c0-5d1c9e578ad1""}",2026-03-28T22:06:20.585442349Z
[DB] Synced 1 accounts to database,info,"{""level"":""info""}","{""project"":""ce3616d9-58ad-4ec7-a294-1821e1564434"",""environment"":""fb6513d0-42a4-4660-82b5-509c54b15f2a"",""service"":""4978aa94-666c-47c7-8024-3ada55195a51"",""deployment"":""3b1fa354-15dc-4557-a220-0df46d05cef6"",""replica"":""fe005091-cfff-4ee8-81c0-5d1c9e578ad1""}",2026-03-28T22:06:50.351564520Z
[DB] Synced 1 accounts to database,info,"{""level"":""info""}","{""project"":""ce3616d9-58ad-4ec7-a294-1821e1564434"",""environment"":""fb6513d0-42a4-4660-82b5-509c54b15f2a"",""service"":""4978aa94-666c-47c7-8024-3ada55195a51"",""deployment"":""3b1fa354-15dc-4557-a220-0df46d05cef6"",""replica"":""fe005091-cfff-4ee8-81c0-5d1c9e578ad1""}",2026-03-28T22:07:20.374192948Z
[DB] Synced 1 accounts to database,info,"{""level"":""info""}","{""project"":""ce3616d9-58ad-4ec7-a294-1821e1564434"",""environment"":""fb6513d0-42a4-4660-82b5-509c54b15f2a"",""service"":""4978aa94-666c-47c7-8024-3ada55195a51"",""deployment"":""3b1fa354-15dc-4557-a220-0df46d05cef6"",""replica"":""fe005091-cfff-4ee8-81c0-5d1c9e578ad1""}",2026-03-28T22:07:50.182311050Z
[DB] Synced 1 accounts to database,info,"{""level"":""info""}","{""project"":""ce3616d9-58ad-4ec7-a294-1821e1564434"",""environment"":""fb6513d0-42a4-4660-82b5-509c54b15f2a"",""service"":""4978aa94-666c-47c7-8024-3ada55195a51"",""deployment"":""3b1fa354-15dc-4557-a220-0df46d05cef6"",""replica"":""fe005091-cfff-4ee8-81c0-5d1c9e578ad1""}",2026-03-28T22:08:20.194314392Z
[DB] Synced 1 accounts to database,info,"{""level"":""info""}","{""project"":""ce3616d9-58ad-4ec7-a294-1821e1564434"",""environment"":""fb6513d0-42a4-4660-82b5-509c54b15f2a"",""service"":""4978aa94-666c-47c7-8024-3ada55195a51"",""deployment"":""3b1fa354-15dc-4557-a220-0df46d05cef6"",""replica"":""fe005091-cfff-4ee8-81c0-5d1c9e578ad1""}",2026-03-28T22:08:50.378345429Z
[DB] Synced 1 accounts to database,info,"{""level"":""info""}","{""project"":""ce3616d9-58ad-4ec7-a294-1821e1564434"",""environment"":""fb6513d0-42a4-4660-82b5-509c54b15f2a"",""service"":""4978aa94-666c-47c7-8024-3ada55195a51"",""deployment"":""3b1fa354-15dc-4557-a220-0df46d05cef6"",""replica"":""fe005091-cfff-4ee8-81c0-5d1c9e578ad1""}",2026-03-28T22:09:20.164479406Z
[DB] Synced 1 accounts to database,info,"{""level"":""info""}","{""project"":""ce3616d9-58ad-4ec7-a294-1821e1564434"",""environment"":""fb6513d0-42a4-4660-82b5-509c54b15f2a"",""service"":""4978aa94-666c-47c7-8024-3ada55195a51"",""deployment"":""3b1fa354-15dc-4557-a220-0df46d05cef6"",""replica"":""fe005091-cfff-4ee8-81c0-5d1c9e578ad1""}",2026-03-28T22:09:50.187495561Z
[DB] Synced 1 accounts to database,info,"{""level"":""info""}","{""project"":""ce3616d9-58ad-4ec7-a294-1821e1564434"",""environment"":""fb6513d0-42a4-4660-82b5-509c54b15f2a"",""service"":""4978aa94-666c-47c7-8024-3ada55195a51"",""deployment"":""3b1fa354-15dc-4557-a220-0df46d05cef6"",""replica"":""fe005091-cfff-4ee8-81c0-5d1c9e578ad1""}",2026-03-28T22:10:20.193330744Z
[DB] Synced 1 accounts to database,info,"{""level"":""info""}","{""project"":""ce3616d9-58ad-4ec7-a294-1821e1564434"",""environment"":""fb6513d0-42a4-4660-82b5-509c54b15f2a"",""service"":""4978aa94-666c-47c7-8024-3ada55195a51"",""deployment"":""3b1fa354-15dc-4557-a220-0df46d05cef6"",""replica"":""fe005091-cfff-4ee8-81c0-5d1c9e578ad1""}",2026-03-28T22:10:49.973663777Z
[DB] Synced 1 accounts to database,info,"{""level"":""info""}","{""project"":""ce3616d9-58ad-4ec7-a294-1821e1564434"",""environment"":""fb6513d0-42a4-4660-82b5-509c54b15f2a"",""service"":""4978aa94-666c-47c7-8024-3ada55195a51"",""deployment"":""3b1fa354-15dc-4557-a220-0df46d05cef6"",""replica"":""fe005091-cfff-4ee8-81c0-5d1c9e578ad1""}",2026-03-28T22:11:19.977881000Z
[DB] Synced 1 accounts to database,info,"{""level"":""info""}","{""project"":""ce3616d9-58ad-4ec7-a294-1821e1564434"",""environment"":""fb6513d0-42a4-4660-82b5-509c54b15f2a"",""service"":""4978aa94-666c-47c7-8024-3ada55195a51"",""deployment"":""3b1fa354-15dc-4557-a220-0df46d05cef6"",""replica"":""fe005091-cfff-4ee8-81c0-5d1c9e578ad1""}",2026-03-28T22:11:50.219276390Z
[DB] Synced 1 accounts to database,info,"{""level"":""info""}","{""project"":""ce3616d9-58ad-4ec7-a294-1821e1564434"",""environment"":""fb6513d0-42a4-4660-82b5-509c54b15f2a"",""service"":""4978aa94-666c-47c7-8024-3ada55195a51"",""deployment"":""3b1fa354-15dc-4557-a220-0df46d05cef6"",""replica"":""fe005091-cfff-4ee8-81c0-5d1c9e578ad1""}",2026-03-28T22:12:20.055625596Z
[DB] Synced 1 accounts to database,info,"{""level"":""info""}","{""project"":""ce3616d9-58ad-4ec7-a294-1821e1564434"",""environment"":""fb6513d0-42a4-4660-82b5-509c54b15f2a"",""service"":""4978aa94-666c-47c7-8024-3ada55195a51"",""deployment"":""3b1fa354-15dc-4557-a220-0df46d05cef6"",""replica"":""fe005091-cfff-4ee8-81c0-5d1c9e578ad1""}",2026-03-28T22:12:50.108022255Z
[DB] Synced 1 accounts to database,info,"{""level"":""info""}","{""project"":""ce3616d9-58ad-4ec7-a294-1821e1564434"",""environment"":""fb6513d0-42a4-4660-82b5-509c54b15f2a"",""service"":""4978aa94-666c-47c7-8024-3ada55195a51"",""deployment"":""3b1fa354-15dc-4557-a220-0df46d05cef6"",""replica"":""fe005091-cfff-4ee8-81c0-5d1c9e578ad1""}",2026-03-28T22:13:19.955715578Z
[DB] Synced 1 accounts to database,info,"{""level"":""info""}","{""project"":""ce3616d9-58ad-4ec7-a294-1821e1564434"",""environment"":""fb6513d0-42a4-4660-82b5-509c54b15f2a"",""service"":""4978aa94-666c-47c7-8024-3ada55195a51"",""deployment"":""3b1fa354-15dc-4557-a220-0df46d05cef6"",""replica"":""fe005091-cfff-4ee8-81c0-5d1c9e578ad1""}",2026-03-28T22:13:49.960418685Z
[DB] Synced 1 accounts to database,info,"{""level"":""info""}","{""project"":""ce3616d9-58ad-4ec7-a294-1821e1564434"",""environment"":""fb6513d0-42a4-4660-82b5-509c54b15f2a"",""service"":""4978aa94-666c-47c7-8024-3ada55195a51"",""deployment"":""3b1fa354-15dc-4557-a220-0df46d05cef6"",""replica"":""fe005091-cfff-4ee8-81c0-5d1c9e578ad1""}",2026-03-28T22:14:19.774811622Z
[DB] Synced 1 accounts to database,info,"{""level"":""info""}","{""project"":""ce3616d9-58ad-4ec7-a294-1821e1564434"",""environment"":""fb6513d0-42a4-4660-82b5-509c54b15f2a"",""service"":""4978aa94-666c-47c7-8024-3ada55195a51"",""deployment"":""3b1fa354-15dc-4557-a220-0df46d05cef6"",""replica"":""fe005091-cfff-4ee8-81c0-5d1c9e578ad1""}",2026-03-28T22:14:49.808012991Z
[DB] Synced 1 accounts to database,info,"{""level"":""info""}","{""project"":""ce3616d9-58ad-4ec7-a294-1821e1564434"",""environment"":""fb6513d0-42a4-4660-82b5-509c54b15f2a"",""service"":""4978aa94-666c-47c7-8024-3ada55195a51"",""deployment"":""3b1fa354-15dc-4557-a220-0df46d05cef6"",""replica"":""fe005091-cfff-4ee8-81c0-5d1c9e578ad1""}",2026-03-28T22:15:19.812841268Z
[DB] Synced 1 accounts to database,info,"{""level"":""info""}","{""project"":""ce3616d9-58ad-4ec7-a294-1821e1564434"",""environment"":""fb6513d0-42a4-4660-82b5-509c54b15f2a"",""service"":""4978aa94-666c-47c7-8024-3ada55195a51"",""deployment"":""3b1fa354-15dc-4557-a220-0df46d05cef6"",""replica"":""fe005091-cfff-4ee8-81c0-5d1c9e578ad1""}",2026-03-28T22:15:50.138136092Z
[DB] Synced 1 accounts to database,info,"{""level"":""info""}","{""project"":""ce3616d9-58ad-4ec7-a294-1821e1564434"",""environment"":""fb6513d0-42a4-4660-82b5-509c54b15f2a"",""service"":""4978aa94-666c-47c7-8024-3ada55195a51"",""deployment"":""3b1fa354-15dc-4557-a220-0df46d05cef6"",""replica"":""fe005091-cfff-4ee8-81c0-5d1c9e578ad1""}",2026-03-28T22:16:20.007362995Z
[DB] Synced 1 accounts to database,info,"{""level"":""info""}","{""project"":""ce3616d9-58ad-4ec7-a294-1821e1564434"",""environment"":""fb6513d0-42a4-4660-82b5-509c54b15f2a"",""service"":""4978aa94-666c-47c7-8024-3ada55195a51"",""deployment"":""3b1fa354-15dc-4557-a220-0df46d05cef6"",""replica"":""fe005091-cfff-4ee8-81c0-5d1c9e578ad1""}",2026-03-28T22:16:49.993117428Z
[DB] Synced 1 accounts to database,info,"{""level"":""info""}","{""project"":""ce3616d9-58ad-4ec7-a294-1821e1564434"",""environment"":""fb6513d0-42a4-4660-82b5-509c54b15f2a"",""service"":""4978aa94-666c-47c7-8024-3ada55195a51"",""deployment"":""3b1fa354-15dc-4557-a220-0df46d05cef6"",""replica"":""fe005091-cfff-4ee8-81c0-5d1c9e578ad1""}",2026-03-28T22:17:19.752311222Z
[DB] Synced 1 accounts to database,info,"{""level"":""info""}","{""project"":""ce3616d9-58ad-4ec7-a294-1821e1564434"",""environment"":""fb6513d0-42a4-4660-82b5-509c54b15f2a"",""service"":""4978aa94-666c-47c7-8024-3ada55195a51"",""deployment"":""3b1fa354-15dc-4557-a220-0df46d05cef6"",""replica"":""fe005091-cfff-4ee8-81c0-5d1c9e578ad1""}",2026-03-28T22:17:49.780124157Z
[DB] Synced 1 accounts to database,info,"{""level"":""info""}","{""project"":""ce3616d9-58ad-4ec7-a294-1821e1564434"",""environment"":""fb6513d0-42a4-4660-82b5-509c54b15f2a"",""service"":""4978aa94-666c-47c7-8024-3ada55195a51"",""deployment"":""3b1fa354-15dc-4557-a220-0df46d05cef6"",""replica"":""fe005091-cfff-4ee8-81c0-5d1c9e578ad1""}",2026-03-28T22:18:20.084834755Z
[DB] Synced 1 accounts to database,info,"{""level"":""info""}","{""project"":""ce3616d9-58ad-4ec7-a294-1821e1564434"",""environment"":""fb6513d0-42a4-4660-82b5-509c54b15f2a"",""service"":""4978aa94-666c-47c7-8024-3ada55195a51"",""deployment"":""3b1fa354-15dc-4557-a220-0df46d05cef6"",""replica"":""fe005091-cfff-4ee8-81c0-5d1c9e578ad1""}",2026-03-28T22:18:49.892524901Z
[DB] Synced 1 accounts to database,info,"{""level"":""info""}","{""project"":""ce3616d9-58ad-4ec7-a294-1821e1564434"",""environment"":""fb6513d0-42a4-4660-82b5-509c54b15f2a"",""service"":""4978aa94-666c-47c7-8024-3ada55195a51"",""deployment"":""3b1fa354-15dc-4557-a220-0df46d05cef6"",""replica"":""fe005091-cfff-4ee8-81c0-5d1c9e578ad1""}",2026-03-28T22:19:19.895642947Z
[DB] Synced 1 accounts to database,info,"{""level"":""info""}","{""project"":""ce3616d9-58ad-4ec7-a294-1821e1564434"",""environment"":""fb6513d0-42a4-4660-82b5-509c54b15f2a"",""service"":""4978aa94-666c-47c7-8024-3ada55195a51"",""deployment"":""3b1fa354-15dc-4557-a220-0df46d05cef6"",""replica"":""fe005091-cfff-4ee8-81c0-5d1c9e578ad1""}",2026-03-28T22:19:49.580830310Z
[DB] Synced 1 accounts to database,info,"{""level"":""info""}","{""project"":""ce3616d9-58ad-4ec7-a294-1821e1564434"",""environment"":""fb6513d0-42a4-4660-82b5-509c54b15f2a"",""service"":""4978aa94-666c-47c7-8024-3ada55195a51"",""deployment"":""3b1fa354-15dc-4557-a220-0df46d05cef6"",""replica"":""fe005091-cfff-4ee8-81c0-5d1c9e578ad1""}",2026-03-28T22:20:19.565093299Z
[DB] Synced 1 accounts to database,info,"{""level"":""info""}","{""project"":""ce3616d9-58ad-4ec7-a294-1821e1564434"",""environment"":""fb6513d0-42a4-4660-82b5-509c54b15f2a"",""service"":""4978aa94-666c-47c7-8024-3ada55195a51"",""deployment"":""3b1fa354-15dc-4557-a220-0df46d05cef6"",""replica"":""fe005091-cfff-4ee8-81c0-5d1c9e578ad1""}",2026-03-28T22:20:49.820830872Z
[DB] Synced 1 accounts to database,info,"{""level"":""info""}","{""project"":""ce3616d9-58ad-4ec7-a294-1821e1564434"",""environment"":""fb6513d0-42a4-4660-82b5-509c54b15f2a"",""service"":""4978aa94-666c-47c7-8024-3ada55195a51"",""deployment"":""3b1fa354-15dc-4557-a220-0df46d05cef6"",""replica"":""fe005091-cfff-4ee8-81c0-5d1c9e578ad1""}",2026-03-28T22:21:19.669499930Z
[DB] Synced 1 accounts to database,info,"{""level"":""info""}","{""project"":""ce3616d9-58ad-4ec7-a294-1821e1564434"",""environment"":""fb6513d0-42a4-4660-82b5-509c54b15f2a"",""service"":""4978aa94-666c-47c7-8024-3ada55195a51"",""deployment"":""3b1fa354-15dc-4557-a220-0df46d05cef6"",""replica"":""fe005091-cfff-4ee8-81c0-5d1c9e578ad1""}",2026-03-28T22:21:49.693620631Z
[DB] Synced 1 accounts to database,info,"{""level"":""info""}","{""project"":""ce3616d9-58ad-4ec7-a294-1821e1564434"",""environment"":""fb6513d0-42a4-4660-82b5-509c54b15f2a"",""service"":""4978aa94-666c-47c7-8024-3ada55195a51"",""deployment"":""3b1fa354-15dc-4557-a220-0df46d05cef6"",""replica"":""fe005091-cfff-4ee8-81c0-5d1c9e578ad1""}",2026-03-28T22:22:19.643593345Z
[DB] Synced 1 accounts to database,info,"{""level"":""info""}","{""project"":""ce3616d9-58ad-4ec7-a294-1821e1564434"",""environment"":""fb6513d0-42a4-4660-82b5-509c54b15f2a"",""service"":""4978aa94-666c-47c7-8024-3ada55195a51"",""deployment"":""3b1fa354-15dc-4557-a220-0df46d05cef6"",""replica"":""fe005091-cfff-4ee8-81c0-5d1c9e578ad1""}",2026-03-28T22:22:49.707442029Z
[DB] Synced 1 accounts to database,info,"{""level"":""info""}","{""project"":""ce3616d9-58ad-4ec7-a294-1821e1564434"",""environment"":""fb6513d0-42a4-4660-82b5-509c54b15f2a"",""service"":""4978aa94-666c-47c7-8024-3ada55195a51"",""deployment"":""3b1fa354-15dc-4557-a220-0df46d05cef6"",""replica"":""fe005091-cfff-4ee8-81c0-5d1c9e578ad1""}",2026-03-28T22:23:19.540995011Z
[DB] Synced 1 accounts to database,info,"{""level"":""info""}","{""project"":""ce3616d9-58ad-4ec7-a294-1821e1564434"",""environment"":""fb6513d0-42a4-4660-82b5-509c54b15f2a"",""service"":""4978aa94-666c-47c7-8024-3ada55195a51"",""deployment"":""3b1fa354-15dc-4557-a220-0df46d05cef6"",""replica"":""fe005091-cfff-4ee8-81c0-5d1c9e578ad1""}",2026-03-28T22:23:49.581769193Z
[DB] Synced 1 accounts to database,info,"{""level"":""info""}","{""project"":""ce3616d9-58ad-4ec7-a294-1821e1564434"",""environment"":""fb6513d0-42a4-4660-82b5-509c54b15f2a"",""service"":""4978aa94-666c-47c7-8024-3ada55195a51"",""deployment"":""3b1fa354-15dc-4557-a220-0df46d05cef6"",""replica"":""fe005091-cfff-4ee8-81c0-5d1c9e578ad1""}",2026-03-28T22:24:19.492540956Z
[DB] Synced 1 accounts to database,info,"{""level"":""info""}","{""project"":""ce3616d9-58ad-4ec7-a294-1821e1564434"",""environment"":""fb6513d0-42a4-4660-82b5-509c54b15f2a"",""service"":""4978aa94-666c-47c7-8024-3ada55195a51"",""deployment"":""3b1fa354-15dc-4557-a220-0df46d05cef6"",""replica"":""fe005091-cfff-4ee8-81c0-5d1c9e578ad1""}",2026-03-28T22:24:49.555288410Z
[DB] Synced 1 accounts to database,info,"{""level"":""info""}","{""project"":""ce3616d9-58ad-4ec7-a294-1821e1564434"",""environment"":""fb6513d0-42a4-4660-82b5-509c54b15f2a"",""service"":""4978aa94-666c-47c7-8024-3ada55195a51"",""deployment"":""3b1fa354-15dc-4557-a220-0df46d05cef6"",""replica"":""fe005091-cfff-4ee8-81c0-5d1c9e578ad1""}",2026-03-28T22:25:19.578382009Z
[DB] Synced 1 accounts to database,info,"{""level"":""info""}","{""project"":""ce3616d9-58ad-4ec7-a294-1821e1564434"",""environment"":""fb6513d0-42a4-4660-82b5-509c54b15f2a"",""service"":""4978aa94-666c-47c7-8024-3ada55195a51"",""deployment"":""3b1fa354-15dc-4557-a220-0df46d05cef6"",""replica"":""fe005091-cfff-4ee8-81c0-5d1c9e578ad1""}",2026-03-28T22:25:49.442830015Z
[DB] Synced 1 accounts to database,info,"{""level"":""info""}","{""project"":""ce3616d9-58ad-4ec7-a294-1821e1564434"",""environment"":""fb6513d0-42a4-4660-82b5-509c54b15f2a"",""service"":""4978aa94-666c-47c7-8024-3ada55195a51"",""deployment"":""3b1fa354-15dc-4557-a220-0df46d05cef6"",""replica"":""fe005091-cfff-4ee8-81c0-5d1c9e578ad1""}",2026-03-28T22:26:19.555559640Z
[DB] Synced 1 accounts to database,info,"{""level"":""info""}","{""project"":""ce3616d9-58ad-4ec7-a294-1821e1564434"",""environment"":""fb6513d0-42a4-4660-82b5-509c54b15f2a"",""service"":""4978aa94-666c-47c7-8024-3ada55195a51"",""deployment"":""3b1fa354-15dc-4557-a220-0df46d05cef6"",""replica"":""fe005091-cfff-4ee8-81c0-5d1c9e578ad1""}",2026-03-28T22:26:49.444238104Z
[DB] Synced 1 accounts to database,info,"{""level"":""info""}","{""project"":""ce3616d9-58ad-4ec7-a294-1821e1564434"",""environment"":""fb6513d0-42a4-4660-82b5-509c54b15f2a"",""service"":""4978aa94-666c-47c7-8024-3ada55195a51"",""deployment"":""3b1fa354-15dc-4557-a220-0df46d05cef6"",""replica"":""fe005091-cfff-4ee8-81c0-5d1c9e578ad1""}",2026-03-28T22:27:19.397651384Z
[DB] Synced 1 accounts to database,info,"{""level"":""info""}","{""project"":""ce3616d9-58ad-4ec7-a294-1821e1564434"",""environment"":""fb6513d0-42a4-4660-82b5-509c54b15f2a"",""service"":""4978aa94-666c-47c7-8024-3ada55195a51"",""deployment"":""3b1fa354-15dc-4557-a220-0df46d05cef6"",""replica"":""fe005091-cfff-4ee8-81c0-5d1c9e578ad1""}",2026-03-28T22:27:49.558910727Z
[DB] Synced 1 accounts to database,info,"{""level"":""info""}","{""project"":""ce3616d9-58ad-4ec7-a294-1821e1564434"",""environment"":""fb6513d0-42a4-4660-82b5-509c54b15f2a"",""service"":""4978aa94-666c-47c7-8024-3ada55195a51"",""deployment"":""3b1fa354-15dc-4557-a220-0df46d05cef6"",""replica"":""fe005091-cfff-4ee8-81c0-5d1c9e578ad1""}",2026-03-28T22:28:19.330193870Z
[DB] Synced 1 accounts to database,info,"{""level"":""info""}","{""project"":""ce3616d9-58ad-4ec7-a294-1821e1564434"",""environment"":""fb6513d0-42a4-4660-82b5-509c54b15f2a"",""service"":""4978aa94-666c-47c7-8024-3ada55195a51"",""deployment"":""3b1fa354-15dc-4557-a220-0df46d05cef6"",""replica"":""fe005091-cfff-4ee8-81c0-5d1c9e578ad1""}",2026-03-28T22:28:49.416424467Z
[DB] Synced 1 accounts to database,info,"{""level"":""info""}","{""project"":""ce3616d9-58ad-4ec7-a294-1821e1564434"",""environment"":""fb6513d0-42a4-4660-82b5-509c54b15f2a"",""service"":""4978aa94-666c-47c7-8024-3ada55195a51"",""deployment"":""3b1fa354-15dc-4557-a220-0df46d05cef6"",""replica"":""fe005091-cfff-4ee8-81c0-5d1c9e578ad1""}",2026-03-28T22:29:19.332573856Z
[DB] Synced 1 accounts to database,info,"{""level"":""info""}","{""project"":""ce3616d9-58ad-4ec7-a294-1821e1564434"",""environment"":""fb6513d0-42a4-4660-82b5-509c54b15f2a"",""service"":""4978aa94-666c-47c7-8024-3ada55195a51"",""deployment"":""3b1fa354-15dc-4557-a220-0df46d05cef6"",""replica"":""fe005091-cfff-4ee8-81c0-5d1c9e578ad1""}",2026-03-28T22:29:49.400887630Z
[DB] Synced 1 accounts to database,info,"{""level"":""info""}","{""project"":""ce3616d9-58ad-4ec7-a294-1821e1564434"",""environment"":""fb6513d0-42a4-4660-82b5-509c54b15f2a"",""service"":""4978aa94-666c-47c7-8024-3ada55195a51"",""deployment"":""3b1fa354-15dc-4557-a220-0df46d05cef6"",""replica"":""fe005091-cfff-4ee8-81c0-5d1c9e578ad1""}",2026-03-28T22:30:19.474560836Z
[DB] Synced 1 accounts to database,info,"{""level"":""info""}","{""project"":""ce3616d9-58ad-4ec7-a294-1821e1564434"",""environment"":""fb6513d0-42a4-4660-82b5-509c54b15f2a"",""service"":""4978aa94-666c-47c7-8024-3ada55195a51"",""deployment"":""3b1fa354-15dc-4557-a220-0df46d05cef6"",""replica"":""fe005091-cfff-4ee8-81c0-5d1c9e578ad1""}",2026-03-28T22:30:49.294588586Z
[DB] Synced 1 accounts to database,info,"{""level"":""info""}","{""project"":""ce3616d9-58ad-4ec7-a294-1821e1564434"",""environment"":""fb6513d0-42a4-4660-82b5-509c54b15f2a"",""service"":""4978aa94-666c-47c7-8024-3ada55195a51"",""deployment"":""3b1fa354-15dc-4557-a220-0df46d05cef6"",""replica"":""fe005091-cfff-4ee8-81c0-5d1c9e578ad1""}",2026-03-28T22:31:19.299848522Z
[DB] Synced 1 accounts to database,info,"{""level"":""info""}","{""project"":""ce3616d9-58ad-4ec7-a294-1821e1564434"",""environment"":""fb6513d0-42a4-4660-82b5-509c54b15f2a"",""service"":""4978aa94-666c-47c7-8024-3ada55195a51"",""deployment"":""3b1fa354-15dc-4557-a220-0df46d05cef6"",""replica"":""fe005091-cfff-4ee8-81c0-5d1c9e578ad1""}",2026-03-28T22:31:49.173166462Z
[DB] Synced 1 accounts to database,info,"{""level"":""info""}","{""project"":""ce3616d9-58ad-4ec7-a294-1821e1564434"",""environment"":""fb6513d0-42a4-4660-82b5-509c54b15f2a"",""service"":""4978aa94-666c-47c7-8024-3ada55195a51"",""deployment"":""3b1fa354-15dc-4557-a220-0df46d05cef6"",""replica"":""fe005091-cfff-4ee8-81c0-5d1c9e578ad1""}",2026-03-28T22:32:19.187305126Z
[DB] Synced 1 accounts to database,info,"{""level"":""info""}","{""project"":""ce3616d9-58ad-4ec7-a294-1821e1564434"",""environment"":""fb6513d0-42a4-4660-82b5-509c54b15f2a"",""service"":""4978aa94-666c-47c7-8024-3ada55195a51"",""deployment"":""3b1fa354-15dc-4557-a220-0df46d05cef6"",""replica"":""fe005091-cfff-4ee8-81c0-5d1c9e578ad1""}",2026-03-28T22:32:49.103926214Z
[DB] Synced 1 accounts to database,info,"{""level"":""info""}","{""project"":""ce3616d9-58ad-4ec7-a294-1821e1564434"",""environment"":""fb6513d0-42a4-4660-82b5-509c54b15f2a"",""service"":""4978aa94-666c-47c7-8024-3ada55195a51"",""deployment"":""3b1fa354-15dc-4557-a220-0df46d05cef6"",""replica"":""fe005091-cfff-4ee8-81c0-5d1c9e578ad1""}",2026-03-28T22:33:19.145402291Z
[DB] Synced 1 accounts to database,info,"{""level"":""info""}","{""project"":""ce3616d9-58ad-4ec7-a294-1821e1564434"",""environment"":""fb6513d0-42a4-4660-82b5-509c54b15f2a"",""service"":""4978aa94-666c-47c7-8024-3ada55195a51"",""deployment"":""3b1fa354-15dc-4557-a220-0df46d05cef6"",""replica"":""fe005091-cfff-4ee8-81c0-5d1c9e578ad1""}",2026-03-28T22:33:48.950998865Z
[DB] Synced 1 accounts to database,info,"{""level"":""info""}","{""project"":""ce3616d9-58ad-4ec7-a294-1821e1564434"",""environment"":""fb6513d0-42a4-4660-82b5-509c54b15f2a"",""service"":""4978aa94-666c-47c7-8024-3ada55195a51"",""deployment"":""3b1fa354-15dc-4557-a220-0df46d05cef6"",""replica"":""fe005091-cfff-4ee8-81c0-5d1c9e578ad1""}",2026-03-28T22:34:18.998636810Z
[DB] Synced 1 accounts to database,info,"{""level"":""info""}","{""project"":""ce3616d9-58ad-4ec7-a294-1821e1564434"",""environment"":""fb6513d0-42a4-4660-82b5-509c54b15f2a"",""service"":""4978aa94-666c-47c7-8024-3ada55195a51"",""deployment"":""3b1fa354-15dc-4557-a220-0df46d05cef6"",""replica"":""fe005091-cfff-4ee8-81c0-5d1c9e578ad1""}",2026-03-28T22:34:48.919614919Z
[DB] Synced 1 accounts to database,info,"{""level"":""info""}","{""project"":""ce3616d9-58ad-4ec7-a294-1821e1564434"",""environment"":""fb6513d0-42a4-4660-82b5-509c54b15f2a"",""service"":""4978aa94-666c-47c7-8024-3ada55195a51"",""deployment"":""3b1fa354-15dc-4557-a220-0df46d05cef6"",""replica"":""fe005091-cfff-4ee8-81c0-5d1c9e578ad1""}",2026-03-28T22:35:19.044506544Z
[DB] Synced 1 accounts to database,info,"{""level"":""info""}","{""project"":""ce3616d9-58ad-4ec7-a294-1821e1564434"",""environment"":""fb6513d0-42a4-4660-82b5-509c54b15f2a"",""service"":""4978aa94-666c-47c7-8024-3ada55195a51"",""deployment"":""3b1fa354-15dc-4557-a220-0df46d05cef6"",""replica"":""fe005091-cfff-4ee8-81c0-5d1c9e578ad1""}",2026-03-28T22:35:48.897818816Z
[DB] Synced 1 accounts to database,info,"{""level"":""info""}","{""project"":""ce3616d9-58ad-4ec7-a294-1821e1564434"",""environment"":""fb6513d0-42a4-4660-82b5-509c54b15f2a"",""service"":""4978aa94-666c-47c7-8024-3ada55195a51"",""deployment"":""3b1fa354-15dc-4557-a220-0df46d05cef6"",""replica"":""fe005091-cfff-4ee8-81c0-5d1c9e578ad1""}",2026-03-28T22:36:18.956804498Z
[DB] Synced 1 accounts to database,info,"{""level"":""info""}","{""project"":""ce3616d9-58ad-4ec7-a294-1821e1564434"",""environment"":""fb6513d0-42a4-4660-82b5-509c54b15f2a"",""service"":""4978aa94-666c-47c7-8024-3ada55195a51"",""deployment"":""3b1fa354-15dc-4557-a220-0df46d05cef6"",""replica"":""fe005091-cfff-4ee8-81c0-5d1c9e578ad1""}",2026-03-28T22:36:49.227665273Z
[DB] Synced 1 accounts to database,info,"{""level"":""info""}","{""project"":""ce3616d9-58ad-4ec7-a294-1821e1564434"",""environment"":""fb6513d0-42a4-4660-82b5-509c54b15f2a"",""service"":""4978aa94-666c-47c7-8024-3ada55195a51"",""deployment"":""3b1fa354-15dc-4557-a220-0df46d05cef6"",""replica"":""fe005091-cfff-4ee8-81c0-5d1c9e578ad1""}",2026-03-28T22:37:19.177918254Z
[DB] Synced 1 accounts to database,info,"{""level"":""info""}","{""project"":""ce3616d9-58ad-4ec7-a294-1821e1564434"",""environment"":""fb6513d0-42a4-4660-82b5-509c54b15f2a"",""service"":""4978aa94-666c-47c7-8024-3ada55195a51"",""deployment"":""3b1fa354-15dc-4557-a220-0df46d05cef6"",""replica"":""fe005091-cfff-4ee8-81c0-5d1c9e578ad1""}",2026-03-28T22:37:49.269192453Z
[DB] Synced 1 accounts to database,info,"{""level"":""info""}","{""project"":""ce3616d9-58ad-4ec7-a294-1821e1564434"",""environment"":""fb6513d0-42a4-4660-82b5-509c54b15f2a"",""service"":""4978aa94-666c-47c7-8024-3ada55195a51"",""deployment"":""3b1fa354-15dc-4557-a220-0df46d05cef6"",""replica"":""fe005091-cfff-4ee8-81c0-5d1c9e578ad1""}",2026-03-28T22:38:19.053822694Z
[DB] Synced 1 accounts to database,info,"{""level"":""info""}","{""project"":""ce3616d9-58ad-4ec7-a294-1821e1564434"",""environment"":""fb6513d0-42a4-4660-82b5-509c54b15f2a"",""service"":""4978aa94-666c-47c7-8024-3ada55195a51"",""deployment"":""3b1fa354-15dc-4557-a220-0df46d05cef6"",""replica"":""fe005091-cfff-4ee8-81c0-5d1c9e578ad1""}",2026-03-28T22:38:49.059926817Z
[DB] Synced 1 accounts to database,info,"{""level"":""info""}","{""project"":""ce3616d9-58ad-4ec7-a294-1821e1564434"",""environment"":""fb6513d0-42a4-4660-82b5-509c54b15f2a"",""service"":""4978aa94-666c-47c7-8024-3ada55195a51"",""deployment"":""3b1fa354-15dc-4557-a220-0df46d05cef6"",""replica"":""fe005091-cfff-4ee8-81c0-5d1c9e578ad1""}",2026-03-28T22:39:18.768364820Z
[DB] Synced 1 accounts to database,info,"{""level"":""info""}","{""project"":""ce3616d9-58ad-4ec7-a294-1821e1564434"",""environment"":""fb6513d0-42a4-4660-82b5-509c54b15f2a"",""service"":""4978aa94-666c-47c7-8024-3ada55195a51"",""deployment"":""3b1fa354-15dc-4557-a220-0df46d05cef6"",""replica"":""fe005091-cfff-4ee8-81c0-5d1c9e578ad1""}",2026-03-28T22:39:48.774662830Z
[DB] Synced 1 accounts to database,info,"{""level"":""info""}","{""project"":""ce3616d9-58ad-4ec7-a294-1821e1564434"",""environment"":""fb6513d0-42a4-4660-82b5-509c54b15f2a"",""service"":""4978aa94-666c-47c7-8024-3ada55195a51"",""deployment"":""3b1fa354-15dc-4557-a220-0df46d05cef6"",""replica"":""fe005091-cfff-4ee8-81c0-5d1c9e578ad1""}",2026-03-28T22:40:18.817683289Z
[DB] Synced 1 accounts to database,info,"{""level"":""info""}","{""project"":""ce3616d9-58ad-4ec7-a294-1821e1564434"",""environment"":""fb6513d0-42a4-4660-82b5-509c54b15f2a"",""service"":""4978aa94-666c-47c7-8024-3ada55195a51"",""deployment"":""3b1fa354-15dc-4557-a220-0df46d05cef6"",""replica"":""fe005091-cfff-4ee8-81c0-5d1c9e578ad1""}",2026-03-28T22:40:48.849508686Z
[DB] Synced 1 accounts to database,info,"{""level"":""info""}","{""project"":""ce3616d9-58ad-4ec7-a294-1821e1564434"",""environment"":""fb6513d0-42a4-4660-82b5-509c54b15f2a"",""service"":""4978aa94-666c-47c7-8024-3ada55195a51"",""deployment"":""3b1fa354-15dc-4557-a220-0df46d05cef6"",""replica"":""fe005091-cfff-4ee8-81c0-5d1c9e578ad1""}",2026-03-28T22:41:18.877570438Z
[DB] Synced 1 accounts to database,info,"{""level"":""info""}","{""project"":""ce3616d9-58ad-4ec7-a294-1821e1564434"",""environment"":""fb6513d0-42a4-4660-82b5-509c54b15f2a"",""service"":""4978aa94-666c-47c7-8024-3ada55195a51"",""deployment"":""3b1fa354-15dc-4557-a220-0df46d05cef6"",""replica"":""fe005091-cfff-4ee8-81c0-5d1c9e578ad1""}",2026-03-28T22:41:48.675035787Z
[DB] Synced 1 accounts to database,info,"{""level"":""info""}","{""project"":""ce3616d9-58ad-4ec7-a294-1821e1564434"",""environment"":""fb6513d0-42a4-4660-82b5-509c54b15f2a"",""service"":""4978aa94-666c-47c7-8024-3ada55195a51"",""deployment"":""3b1fa354-15dc-4557-a220-0df46d05cef6"",""replica"":""fe005091-cfff-4ee8-81c0-5d1c9e578ad1""}",2026-03-28T22:42:18.531431431Z
[DB] Synced 1 accounts to database,info,"{""level"":""info""}","{""project"":""ce3616d9-58ad-4ec7-a294-1821e1564434"",""environment"":""fb6513d0-42a4-4660-82b5-509c54b15f2a"",""service"":""4978aa94-666c-47c7-8024-3ada55195a51"",""deployment"":""3b1fa354-15dc-4557-a220-0df46d05cef6"",""replica"":""fe005091-cfff-4ee8-81c0-5d1c9e578ad1""}",2026-03-28T22:42:48.589139356Z
[DB] Synced 1 accounts to database,info,"{""level"":""info""}","{""project"":""ce3616d9-58ad-4ec7-a294-1821e1564434"",""environment"":""fb6513d0-42a4-4660-82b5-509c54b15f2a"",""service"":""4978aa94-666c-47c7-8024-3ada55195a51"",""deployment"":""3b1fa354-15dc-4557-a220-0df46d05cef6"",""replica"":""fe005091-cfff-4ee8-81c0-5d1c9e578ad1""}",2026-03-28T22:43:18.762301762Z
[DB] Synced 1 accounts to database,info,"{""level"":""info""}","{""project"":""ce3616d9-58ad-4ec7-a294-1821e1564434"",""environment"":""fb6513d0-42a4-4660-82b5-509c54b15f2a"",""service"":""4978aa94-666c-47c7-8024-3ada55195a51"",""deployment"":""3b1fa354-15dc-4557-a220-0df46d05cef6"",""replica"":""fe005091-cfff-4ee8-81c0-5d1c9e578ad1""}",2026-03-28T22:43:48.587375294Z
[DB] Synced 1 accounts to database,info,"{""level"":""info""}","{""project"":""ce3616d9-58ad-4ec7-a294-1821e1564434"",""environment"":""fb6513d0-42a4-4660-82b5-509c54b15f2a"",""service"":""4978aa94-666c-47c7-8024-3ada55195a51"",""deployment"":""3b1fa354-15dc-4557-a220-0df46d05cef6"",""replica"":""fe005091-cfff-4ee8-81c0-5d1c9e578ad1""}",2026-03-28T22:44:18.646039182Z
[DB] Synced 1 accounts to database,info,"{""level"":""info""}","{""project"":""ce3616d9-58ad-4ec7-a294-1821e1564434"",""environment"":""fb6513d0-42a4-4660-82b5-509c54b15f2a"",""service"":""4978aa94-666c-47c7-8024-3ada55195a51"",""deployment"":""3b1fa354-15dc-4557-a220-0df46d05cef6"",""replica"":""fe005091-cfff-4ee8-81c0-5d1c9e578ad1""}",2026-03-28T22:44:48.487018452Z
[DB] Synced 1 accounts to database,info,"{""level"":""info""}","{""project"":""ce3616d9-58ad-4ec7-a294-1821e1564434"",""environment"":""fb6513d0-42a4-4660-82b5-509c54b15f2a"",""service"":""4978aa94-666c-47c7-8024-3ada55195a51"",""deployment"":""3b1fa354-15dc-4557-a220-0df46d05cef6"",""replica"":""fe005091-cfff-4ee8-81c0-5d1c9e578ad1""}",2026-03-28T22:45:18.495288409Z
[DB] Synced 1 accounts to database,info,"{""level"":""info""}","{""project"":""ce3616d9-58ad-4ec7-a294-1821e1564434"",""environment"":""fb6513d0-42a4-4660-82b5-509c54b15f2a"",""service"":""4978aa94-666c-47c7-8024-3ada55195a51"",""deployment"":""3b1fa354-15dc-4557-a220-0df46d05cef6"",""replica"":""fe005091-cfff-4ee8-81c0-5d1c9e578ad1""}",2026-03-28T22:45:48.502166036Z
[DB] Synced 1 accounts to database,info,"{""level"":""info""}","{""project"":""ce3616d9-58ad-4ec7-a294-1821e1564434"",""environment"":""fb6513d0-42a4-4660-82b5-509c54b15f2a"",""service"":""4978aa94-666c-47c7-8024-3ada55195a51"",""deployment"":""3b1fa354-15dc-4557-a220-0df46d05cef6"",""replica"":""fe005091-cfff-4ee8-81c0-5d1c9e578ad1""}",2026-03-28T22:46:18.303490798Z
[DB] Synced 1 accounts to database,info,"{""level"":""info""}","{""project"":""ce3616d9-58ad-4ec7-a294-1821e1564434"",""environment"":""fb6513d0-42a4-4660-82b5-509c54b15f2a"",""service"":""4978aa94-666c-47c7-8024-3ada55195a51"",""deployment"":""3b1fa354-15dc-4557-a220-0df46d05cef6"",""replica"":""fe005091-cfff-4ee8-81c0-5d1c9e578ad1""}",2026-03-28T22:46:48.503004458Z
[DB] Synced 1 accounts to database,info,"{""level"":""info""}","{""project"":""ce3616d9-58ad-4ec7-a294-1821e1564434"",""environment"":""fb6513d0-42a4-4660-82b5-509c54b15f2a"",""service"":""4978aa94-666c-47c7-8024-3ada55195a51"",""deployment"":""3b1fa354-15dc-4557-a220-0df46d05cef6"",""replica"":""fe005091-cfff-4ee8-81c0-5d1c9e578ad1""}",2026-03-28T22:47:18.305628868Z
[DB] Synced 1 accounts to database,info,"{""level"":""info""}","{""project"":""ce3616d9-58ad-4ec7-a294-1821e1564434"",""environment"":""fb6513d0-42a4-4660-82b5-509c54b15f2a"",""service"":""4978aa94-666c-47c7-8024-3ada55195a51"",""deployment"":""3b1fa354-15dc-4557-a220-0df46d05cef6"",""replica"":""fe005091-cfff-4ee8-81c0-5d1c9e578ad1""}",2026-03-28T22:47:48.443154317Z
[DB] Synced 1 accounts to database,info,"{""level"":""info""}","{""project"":""ce3616d9-58ad-4ec7-a294-1821e1564434"",""environment"":""fb6513d0-42a4-4660-82b5-509c54b15f2a"",""service"":""4978aa94-666c-47c7-8024-3ada55195a51"",""deployment"":""3b1fa354-15dc-4557-a220-0df46d05cef6"",""replica"":""fe005091-cfff-4ee8-81c0-5d1c9e578ad1""}",2026-03-28T22:48:18.282572993Z
[DB] Synced 1 accounts to database,info,"{""level"":""info""}","{""project"":""ce3616d9-58ad-4ec7-a294-1821e1564434"",""environment"":""fb6513d0-42a4-4660-82b5-509c54b15f2a"",""service"":""4978aa94-666c-47c7-8024-3ada55195a51"",""deployment"":""3b1fa354-15dc-4557-a220-0df46d05cef6"",""replica"":""fe005091-cfff-4ee8-81c0-5d1c9e578ad1""}",2026-03-28T22:48:48.254628164Z
[DB] Synced 1 accounts to database,info,"{""level"":""info""}","{""project"":""ce3616d9-58ad-4ec7-a294-1821e1564434"",""environment"":""fb6513d0-42a4-4660-82b5-509c54b15f2a"",""service"":""4978aa94-666c-47c7-8024-3ada55195a51"",""deployment"":""3b1fa354-15dc-4557-a220-0df46d05cef6"",""replica"":""fe005091-cfff-4ee8-81c0-5d1c9e578ad1""}",2026-03-28T22:49:17.994854825Z
[DB] Synced 1 accounts to database,info,"{""level"":""info""}","{""project"":""ce3616d9-58ad-4ec7-a294-1821e1564434"",""environment"":""fb6513d0-42a4-4660-82b5-509c54b15f2a"",""service"":""4978aa94-666c-47c7-8024-3ada55195a51"",""deployment"":""3b1fa354-15dc-4557-a220-0df46d05cef6"",""replica"":""fe005091-cfff-4ee8-81c0-5d1c9e578ad1""}",2026-03-28T22:49:48.205386969Z
Client connected: fJdNP391hcMJcWYiAAAk Transport: polling,info,"{""level"":""info""}","{""project"":""ce3616d9-58ad-4ec7-a294-1821e1564434"",""environment"":""fb6513d0-42a4-4660-82b5-509c54b15f2a"",""service"":""4978aa94-666c-47c7-8024-3ada55195a51"",""deployment"":""3b1fa354-15dc-4557-a220-0df46d05cef6"",""replica"":""fe005091-cfff-4ee8-81c0-5d1c9e578ad1""}",2026-03-28T22:50:07.996237463Z
[DB] Synced 1 accounts to database,info,"{""level"":""info""}","{""project"":""ce3616d9-58ad-4ec7-a294-1821e1564434"",""environment"":""fb6513d0-42a4-4660-82b5-509c54b15f2a"",""service"":""4978aa94-666c-47c7-8024-3ada55195a51"",""deployment"":""3b1fa354-15dc-4557-a220-0df46d05cef6"",""replica"":""fe005091-cfff-4ee8-81c0-5d1c9e578ad1""}",2026-03-28T22:50:16.074953064Z
[DB] Synced 1 accounts to database,info,"{""level"":""info""}","{""project"":""ce3616d9-58ad-4ec7-a294-1821e1564434"",""environment"":""fb6513d0-42a4-4660-82b5-509c54b15f2a"",""service"":""4978aa94-666c-47c7-8024-3ada55195a51"",""deployment"":""3b1fa354-15dc-4557-a220-0df46d05cef6"",""replica"":""fe005091-cfff-4ee8-81c0-5d1c9e578ad1""}",2026-03-28T22:50:46.078423598Z
Client connected: U5A7HkFKx7pCrWONAAAm Transport: polling,info,"{""level"":""info""}","{""project"":""ce3616d9-58ad-4ec7-a294-1821e1564434"",""environment"":""fb6513d0-42a4-4660-82b5-509c54b15f2a"",""service"":""4978aa94-666c-47c7-8024-3ada55195a51"",""deployment"":""3b1fa354-15dc-4557-a220-0df46d05cef6"",""replica"":""fe005091-cfff-4ee8-81c0-5d1c9e578ad1""}",2026-03-28T22:51:16.118467727Z
[DB] Synced 1 accounts to database,info,"{""level"":""info""}","{""project"":""ce3616d9-58ad-4ec7-a294-1821e1564434"",""environment"":""fb6513d0-42a4-4660-82b5-509c54b15f2a"",""service"":""4978aa94-666c-47c7-8024-3ada55195a51"",""deployment"":""3b1fa354-15dc-4557-a220-0df46d05cef6"",""replica"":""fe005091-cfff-4ee8-81c0-5d1c9e578ad1""}",2026-03-28T22:51:16.118478998Z
[DB] Synced 1 accounts to database,info,"{""level"":""info""}","{""project"":""ce3616d9-58ad-4ec7-a294-1821e1564434"",""environment"":""fb6513d0-42a4-4660-82b5-509c54b15f2a"",""service"":""4978aa94-666c-47c7-8024-3ada55195a51"",""deployment"":""3b1fa354-15dc-4557-a220-0df46d05cef6"",""replica"":""fe005091-cfff-4ee8-81c0-5d1c9e578ad1""}",2026-03-28T22:51:56.014394740Z
[DB] Synced 1 accounts to database,info,"{""level"":""info""}","{""project"":""ce3616d9-58ad-4ec7-a294-1821e1564434"",""environment"":""fb6513d0-42a4-4660-82b5-509c54b15f2a"",""service"":""4978aa94-666c-47c7-8024-3ada55195a51"",""deployment"":""3b1fa354-15dc-4557-a220-0df46d05cef6"",""replica"":""fe005091-cfff-4ee8-81c0-5d1c9e578ad1""}",2026-03-28T22:52:26.190501435Z
[DB] Synced 1 accounts to database,info,"{""level"":""info""}","{""project"":""ce3616d9-58ad-4ec7-a294-1821e1564434"",""environment"":""fb6513d0-42a4-4660-82b5-509c54b15f2a"",""service"":""4978aa94-666c-47c7-8024-3ada55195a51"",""deployment"":""3b1fa354-15dc-4557-a220-0df46d05cef6"",""replica"":""fe005091-cfff-4ee8-81c0-5d1c9e578ad1""}",2026-03-28T22:52:56.057237758Z
[DB] Synced 1 accounts to database,info,"{""level"":""info""}","{""project"":""ce3616d9-58ad-4ec7-a294-1821e1564434"",""environment"":""fb6513d0-42a4-4660-82b5-509c54b15f2a"",""service"":""4978aa94-666c-47c7-8024-3ada55195a51"",""deployment"":""3b1fa354-15dc-4557-a220-0df46d05cef6"",""replica"":""fe005091-cfff-4ee8-81c0-5d1c9e578ad1""}",2026-03-28T22:53:26.066256339Z
[DB] Synced 1 accounts to database,info,"{""level"":""info""}","{""project"":""ce3616d9-58ad-4ec7-a294-1821e1564434"",""environment"":""fb6513d0-42a4-4660-82b5-509c54b15f2a"",""service"":""4978aa94-666c-47c7-8024-3ada55195a51"",""deployment"":""3b1fa354-15dc-4557-a220-0df46d05cef6"",""replica"":""fe005091-cfff-4ee8-81c0-5d1c9e578ad1""}",2026-03-28T22:53:55.890163752Z
[DB] Synced 1 accounts to database,info,"{""level"":""info""}","{""project"":""ce3616d9-58ad-4ec7-a294-1821e1564434"",""environment"":""fb6513d0-42a4-4660-82b5-509c54b15f2a"",""service"":""4978aa94-666c-47c7-8024-3ada55195a51"",""deployment"":""3b1fa354-15dc-4557-a220-0df46d05cef6"",""replica"":""fe005091-cfff-4ee8-81c0-5d1c9e578ad1""}",2026-03-28T22:54:25.942834151Z
[DB] Synced 1 accounts to database,info,"{""level"":""info""}","{""project"":""ce3616d9-58ad-4ec7-a294-1821e1564434"",""environment"":""fb6513d0-42a4-4660-82b5-509c54b15f2a"",""service"":""4978aa94-666c-47c7-8024-3ada55195a51"",""deployment"":""3b1fa354-15dc-4557-a220-0df46d05cef6"",""replica"":""fe005091-cfff-4ee8-81c0-5d1c9e578ad1""}",2026-03-28T22:54:55.958316153Z
[DB] Synced 1 accounts to database,info,"{""level"":""info""}","{""project"":""ce3616d9-58ad-4ec7-a294-1821e1564434"",""environment"":""fb6513d0-42a4-4660-82b5-509c54b15f2a"",""service"":""4978aa94-666c-47c7-8024-3ada55195a51"",""deployment"":""3b1fa354-15dc-4557-a220-0df46d05cef6"",""replica"":""fe005091-cfff-4ee8-81c0-5d1c9e578ad1""}",2026-03-28T22:55:25.954277399Z
[DB] Synced 1 accounts to database,info,"{""level"":""info""}","{""project"":""ce3616d9-58ad-4ec7-a294-1821e1564434"",""environment"":""fb6513d0-42a4-4660-82b5-509c54b15f2a"",""service"":""4978aa94-666c-47c7-8024-3ada55195a51"",""deployment"":""3b1fa354-15dc-4557-a220-0df46d05cef6"",""replica"":""fe005091-cfff-4ee8-81c0-5d1c9e578ad1""}",2026-03-28T22:55:55.972682493Z
[DB] Synced 1 accounts to database,info,"{""level"":""info""}","{""project"":""ce3616d9-58ad-4ec7-a294-1821e1564434"",""environment"":""fb6513d0-42a4-4660-82b5-509c54b15f2a"",""service"":""4978aa94-666c-47c7-8024-3ada55195a51"",""deployment"":""3b1fa354-15dc-4557-a220-0df46d05cef6"",""replica"":""fe005091-cfff-4ee8-81c0-5d1c9e578ad1""}",2026-03-28T22:56:25.843764456Z
[DB] Synced 1 accounts to database,info,"{""level"":""info""}","{""project"":""ce3616d9-58ad-4ec7-a294-1821e1564434"",""environment"":""fb6513d0-42a4-4660-82b5-509c54b15f2a"",""service"":""4978aa94-666c-47c7-8024-3ada55195a51"",""deployment"":""3b1fa354-15dc-4557-a220-0df46d05cef6"",""replica"":""fe005091-cfff-4ee8-81c0-5d1c9e578ad1""}",2026-03-28T22:56:55.883460907Z
[DB] Synced 1 accounts to database,info,"{""level"":""info""}","{""project"":""ce3616d9-58ad-4ec7-a294-1821e1564434"",""environment"":""fb6513d0-42a4-4660-82b5-509c54b15f2a"",""service"":""4978aa94-666c-47c7-8024-3ada55195a51"",""deployment"":""3b1fa354-15dc-4557-a220-0df46d05cef6"",""replica"":""fe005091-cfff-4ee8-81c0-5d1c9e578ad1""}",2026-03-28T22:57:25.715009669Z
[DB] Synced 1 accounts to database,info,"{""level"":""info""}","{""project"":""ce3616d9-58ad-4ec7-a294-1821e1564434"",""environment"":""fb6513d0-42a4-4660-82b5-509c54b15f2a"",""service"":""4978aa94-666c-47c7-8024-3ada55195a51"",""deployment"":""3b1fa354-15dc-4557-a220-0df46d05cef6"",""replica"":""fe005091-cfff-4ee8-81c0-5d1c9e578ad1""}",2026-03-28T22:57:55.730336193Z
[DB] Synced 1 accounts to database,info,"{""level"":""info""}","{""project"":""ce3616d9-58ad-4ec7-a294-1821e1564434"",""environment"":""fb6513d0-42a4-4660-82b5-509c54b15f2a"",""service"":""4978aa94-666c-47c7-8024-3ada55195a51"",""deployment"":""3b1fa354-15dc-4557-a220-0df46d05cef6"",""replica"":""fe005091-cfff-4ee8-81c0-5d1c9e578ad1""}",2026-03-28T22:58:25.617475634Z
[DB] Synced 1 accounts to database,info,"{""level"":""info""}","{""project"":""ce3616d9-58ad-4ec7-a294-1821e1564434"",""environment"":""fb6513d0-42a4-4660-82b5-509c54b15f2a"",""service"":""4978aa94-666c-47c7-8024-3ada55195a51"",""deployment"":""3b1fa354-15dc-4557-a220-0df46d05cef6"",""replica"":""fe005091-cfff-4ee8-81c0-5d1c9e578ad1""}",2026-03-28T22:58:55.684217426Z
[DB] Synced 1 accounts to database,info,"{""level"":""info""}","{""project"":""ce3616d9-58ad-4ec7-a294-1821e1564434"",""environment"":""fb6513d0-42a4-4660-82b5-509c54b15f2a"",""service"":""4978aa94-666c-47c7-8024-3ada55195a51"",""deployment"":""3b1fa354-15dc-4557-a220-0df46d05cef6"",""replica"":""fe005091-cfff-4ee8-81c0-5d1c9e578ad1""}",2026-03-28T22:59:25.880708777Z
[DB] Synced 1 accounts to database,info,"{""level"":""info""}","{""project"":""ce3616d9-58ad-4ec7-a294-1821e1564434"",""environment"":""fb6513d0-42a4-4660-82b5-509c54b15f2a"",""service"":""4978aa94-666c-47c7-8024-3ada55195a51"",""deployment"":""3b1fa354-15dc-4557-a220-0df46d05cef6"",""replica"":""fe005091-cfff-4ee8-81c0-5d1c9e578ad1""}",2026-03-28T22:59:55.738524858Z
[DB] Synced 1 accounts to database,info,"{""level"":""info""}","{""project"":""ce3616d9-58ad-4ec7-a294-1821e1564434"",""environment"":""fb6513d0-42a4-4660-82b5-509c54b15f2a"",""service"":""4978aa94-666c-47c7-8024-3ada55195a51"",""deployment"":""3b1fa354-15dc-4557-a220-0df46d05cef6"",""replica"":""fe005091-cfff-4ee8-81c0-5d1c9e578ad1""}",2026-03-28T23:00:25.751989633Z
[DB] Synced 1 accounts to database,info,"{""level"":""info""}","{""project"":""ce3616d9-58ad-4ec7-a294-1821e1564434"",""environment"":""fb6513d0-42a4-4660-82b5-509c54b15f2a"",""service"":""4978aa94-666c-47c7-8024-3ada55195a51"",""deployment"":""3b1fa354-15dc-4557-a220-0df46d05cef6"",""replica"":""fe005091-cfff-4ee8-81c0-5d1c9e578ad1""}",2026-03-28T23:00:55.795057672Z
[DB] Synced 1 accounts to database,info,"{""level"":""info""}","{""project"":""ce3616d9-58ad-4ec7-a294-1821e1564434"",""environment"":""fb6513d0-42a4-4660-82b5-509c54b15f2a"",""service"":""4978aa94-666c-47c7-8024-3ada55195a51"",""deployment"":""3b1fa354-15dc-4557-a220-0df46d05cef6"",""replica"":""fe005091-cfff-4ee8-81c0-5d1c9e578ad1""}",2026-03-28T23:01:25.683154909Z
[DB] Synced 1 accounts to database,info,"{""level"":""info""}","{""project"":""ce3616d9-58ad-4ec7-a294-1821e1564434"",""environment"":""fb6513d0-42a4-4660-82b5-509c54b15f2a"",""service"":""4978aa94-666c-47c7-8024-3ada55195a51"",""deployment"":""3b1fa354-15dc-4557-a220-0df46d05cef6"",""replica"":""fe005091-cfff-4ee8-81c0-5d1c9e578ad1""}",2026-03-28T23:01:55.684760466Z
[DB] Synced 1 accounts to database,info,"{""level"":""info""}","{""project"":""ce3616d9-58ad-4ec7-a294-1821e1564434"",""environment"":""fb6513d0-42a4-4660-82b5-509c54b15f2a"",""service"":""4978aa94-666c-47c7-8024-3ada55195a51"",""deployment"":""3b1fa354-15dc-4557-a220-0df46d05cef6"",""replica"":""fe005091-cfff-4ee8-81c0-5d1c9e578ad1""}",2026-03-28T23:02:25.874313743Z
Client disconnected: U5A7HkFKx7pCrWONAAAm Reason: ping timeout Transport was: polling,info,"{""level"":""info""}","{""project"":""ce3616d9-58ad-4ec7-a294-1821e1564434"",""environment"":""fb6513d0-42a4-4660-82b5-509c54b15f2a"",""service"":""4978aa94-666c-47c7-8024-3ada55195a51"",""deployment"":""3b1fa354-15dc-4557-a220-0df46d05cef6"",""replica"":""fe005091-cfff-4ee8-81c0-5d1c9e578ad1""}",2026-03-28T23:02:33.919464498Z
[DB] Synced 1 accounts to database,info,"{""level"":""info""}","{""project"":""ce3616d9-58ad-4ec7-a294-1821e1564434"",""environment"":""fb6513d0-42a4-4660-82b5-509c54b15f2a"",""service"":""4978aa94-666c-47c7-8024-3ada55195a51"",""deployment"":""3b1fa354-15dc-4557-a220-0df46d05cef6"",""replica"":""fe005091-cfff-4ee8-81c0-5d1c9e578ad1""}",2026-03-28T23:02:53.721609907Z
[DB] Synced 1 accounts to database,info,"{""level"":""info""}","{""project"":""ce3616d9-58ad-4ec7-a294-1821e1564434"",""environment"":""fb6513d0-42a4-4660-82b5-509c54b15f2a"",""service"":""4978aa94-666c-47c7-8024-3ada55195a51"",""deployment"":""3b1fa354-15dc-4557-a220-0df46d05cef6"",""replica"":""fe005091-cfff-4ee8-81c0-5d1c9e578ad1""}",2026-03-28T23:03:23.733319027Z
[DB] Synced 1 accounts to database,info,"{""level"":""info""}","{""project"":""ce3616d9-58ad-4ec7-a294-1821e1564434"",""environment"":""fb6513d0-42a4-4660-82b5-509c54b15f2a"",""service"":""4978aa94-666c-47c7-8024-3ada55195a51"",""deployment"":""3b1fa354-15dc-4557-a220-0df46d05cef6"",""replica"":""fe005091-cfff-4ee8-81c0-5d1c9e578ad1""}",2026-03-28T23:03:53.548788508Z
[DB] Synced 1 accounts to database,info,"{""level"":""info""}","{""project"":""ce3616d9-58ad-4ec7-a294-1821e1564434"",""environment"":""fb6513d0-42a4-4660-82b5-509c54b15f2a"",""service"":""4978aa94-666c-47c7-8024-3ada55195a51"",""deployment"":""3b1fa354-15dc-4557-a220-0df46d05cef6"",""replica"":""fe005091-cfff-4ee8-81c0-5d1c9e578ad1""}",2026-03-28T23:04:23.605181945Z
[DB] Synced 1 accounts to database,info,"{""level"":""info""}","{""project"":""ce3616d9-58ad-4ec7-a294-1821e1564434"",""environment"":""fb6513d0-42a4-4660-82b5-509c54b15f2a"",""service"":""4978aa94-666c-47c7-8024-3ada55195a51"",""deployment"":""3b1fa354-15dc-4557-a220-0df46d05cef6"",""replica"":""fe005091-cfff-4ee8-81c0-5d1c9e578ad1""}",2026-03-28T23:04:53.438231582Z
[DB] Synced 1 accounts to database,info,"{""level"":""info""}","{""project"":""ce3616d9-58ad-4ec7-a294-1821e1564434"",""environment"":""fb6513d0-42a4-4660-82b5-509c54b15f2a"",""service"":""4978aa94-666c-47c7-8024-3ada55195a51"",""deployment"":""3b1fa354-15dc-4557-a220-0df46d05cef6"",""replica"":""fe005091-cfff-4ee8-81c0-5d1c9e578ad1""}",2026-03-28T23:05:23.430946148Z
[DB] Synced 1 accounts to database,info,"{""level"":""info""}","{""project"":""ce3616d9-58ad-4ec7-a294-1821e1564434"",""environment"":""fb6513d0-42a4-4660-82b5-509c54b15f2a"",""service"":""4978aa94-666c-47c7-8024-3ada55195a51"",""deployment"":""3b1fa354-15dc-4557-a220-0df46d05cef6"",""replica"":""fe005091-cfff-4ee8-81c0-5d1c9e578ad1""}",2026-03-28T23:05:53.475387099Z
[DB] Synced 1 accounts to database,info,"{""level"":""info""}","{""project"":""ce3616d9-58ad-4ec7-a294-1821e1564434"",""environment"":""fb6513d0-42a4-4660-82b5-509c54b15f2a"",""service"":""4978aa94-666c-47c7-8024-3ada55195a51"",""deployment"":""3b1fa354-15dc-4557-a220-0df46d05cef6"",""replica"":""fe005091-cfff-4ee8-81c0-5d1c9e578ad1""}",2026-03-28T23:06:23.592580069Z
[DB] Synced 1 accounts to database,info,"{""level"":""info""}","{""project"":""ce3616d9-58ad-4ec7-a294-1821e1564434"",""environment"":""fb6513d0-42a4-4660-82b5-509c54b15f2a"",""service"":""4978aa94-666c-47c7-8024-3ada55195a51"",""deployment"":""3b1fa354-15dc-4557-a220-0df46d05cef6"",""replica"":""fe005091-cfff-4ee8-81c0-5d1c9e578ad1""}",2026-03-28T23:06:53.785564917Z
[DB] Synced 1 accounts to database,info,"{""level"":""info""}","{""project"":""ce3616d9-58ad-4ec7-a294-1821e1564434"",""environment"":""fb6513d0-42a4-4660-82b5-509c54b15f2a"",""service"":""4978aa94-666c-47c7-8024-3ada55195a51"",""deployment"":""3b1fa354-15dc-4557-a220-0df46d05cef6"",""replica"":""fe005091-cfff-4ee8-81c0-5d1c9e578ad1""}",2026-03-28T23:07:23.539016290Z
[DB] Synced 1 accounts to database,info,"{""level"":""info""}","{""project"":""ce3616d9-58ad-4ec7-a294-1821e1564434"",""environment"":""fb6513d0-42a4-4660-82b5-509c54b15f2a"",""service"":""4978aa94-666c-47c7-8024-3ada55195a51"",""deployment"":""3b1fa354-15dc-4557-a220-0df46d05cef6"",""replica"":""fe005091-cfff-4ee8-81c0-5d1c9e578ad1""}",2026-03-28T23:07:53.547640709Z
[DB] Synced 1 accounts to database,info,"{""level"":""info""}","{""project"":""ce3616d9-58ad-4ec7-a294-1821e1564434"",""environment"":""fb6513d0-42a4-4660-82b5-509c54b15f2a"",""service"":""4978aa94-666c-47c7-8024-3ada55195a51"",""deployment"":""3b1fa354-15dc-4557-a220-0df46d05cef6"",""replica"":""fe005091-cfff-4ee8-81c0-5d1c9e578ad1""}",2026-03-28T23:08:23.570460875Z
[DB] Synced 1 accounts to database,info,"{""level"":""info""}","{""project"":""ce3616d9-58ad-4ec7-a294-1821e1564434"",""environment"":""fb6513d0-42a4-4660-82b5-509c54b15f2a"",""service"":""4978aa94-666c-47c7-8024-3ada55195a51"",""deployment"":""3b1fa354-15dc-4557-a220-0df46d05cef6"",""replica"":""fe005091-cfff-4ee8-81c0-5d1c9e578ad1""}",2026-03-28T23:08:53.430823964Z
[DB] Synced 1 accounts to database,info,"{""level"":""info""}","{""project"":""ce3616d9-58ad-4ec7-a294-1821e1564434"",""environment"":""fb6513d0-42a4-4660-82b5-509c54b15f2a"",""service"":""4978aa94-666c-47c7-8024-3ada55195a51"",""deployment"":""3b1fa354-15dc-4557-a220-0df46d05cef6"",""replica"":""fe005091-cfff-4ee8-81c0-5d1c9e578ad1""}",2026-03-28T23:09:23.433774770Z
[DB] Synced 1 accounts to database,info,"{""level"":""info""}","{""project"":""ce3616d9-58ad-4ec7-a294-1821e1564434"",""environment"":""fb6513d0-42a4-4660-82b5-509c54b15f2a"",""service"":""4978aa94-666c-47c7-8024-3ada55195a51"",""deployment"":""3b1fa354-15dc-4557-a220-0df46d05cef6"",""replica"":""fe005091-cfff-4ee8-81c0-5d1c9e578ad1""}",2026-03-28T23:09:53.274251556Z
[DB] Synced 1 accounts to database,info,"{""level"":""info""}","{""project"":""ce3616d9-58ad-4ec7-a294-1821e1564434"",""environment"":""fb6513d0-42a4-4660-82b5-509c54b15f2a"",""service"":""4978aa94-666c-47c7-8024-3ada55195a51"",""deployment"":""3b1fa354-15dc-4557-a220-0df46d05cef6"",""replica"":""fe005091-cfff-4ee8-81c0-5d1c9e578ad1""}",2026-03-28T23:10:23.277542621Z
[DB] Synced 1 accounts to database,info,"{""level"":""info""}","{""project"":""ce3616d9-58ad-4ec7-a294-1821e1564434"",""environment"":""fb6513d0-42a4-4660-82b5-509c54b15f2a"",""service"":""4978aa94-666c-47c7-8024-3ada55195a51"",""deployment"":""3b1fa354-15dc-4557-a220-0df46d05cef6"",""replica"":""fe005091-cfff-4ee8-81c0-5d1c9e578ad1""}",2026-03-28T23:10:53.287728287Z
[DB] Synced 1 accounts to database,info,"{""level"":""info""}","{""project"":""ce3616d9-58ad-4ec7-a294-1821e1564434"",""environment"":""fb6513d0-42a4-4660-82b5-509c54b15f2a"",""service"":""4978aa94-666c-47c7-8024-3ada55195a51"",""deployment"":""3b1fa354-15dc-4557-a220-0df46d05cef6"",""replica"":""fe005091-cfff-4ee8-81c0-5d1c9e578ad1""}",2026-03-28T23:11:23.452986661Z
[DB] Synced 1 accounts to database,info,"{""level"":""info""}","{""project"":""ce3616d9-58ad-4ec7-a294-1821e1564434"",""environment"":""fb6513d0-42a4-4660-82b5-509c54b15f2a"",""service"":""4978aa94-666c-47c7-8024-3ada55195a51"",""deployment"":""3b1fa354-15dc-4557-a220-0df46d05cef6"",""replica"":""fe005091-cfff-4ee8-81c0-5d1c9e578ad1""}",2026-03-28T23:11:53.295893395Z
[DB] Synced 1 accounts to database,info,"{""level"":""info""}","{""project"":""ce3616d9-58ad-4ec7-a294-1821e1564434"",""environment"":""fb6513d0-42a4-4660-82b5-509c54b15f2a"",""service"":""4978aa94-666c-47c7-8024-3ada55195a51"",""deployment"":""3b1fa354-15dc-4557-a220-0df46d05cef6"",""replica"":""fe005091-cfff-4ee8-81c0-5d1c9e578ad1""}",2026-03-28T23:12:23.330030960Z
[DB] Synced 1 accounts to database,info,"{""level"":""info""}","{""project"":""ce3616d9-58ad-4ec7-a294-1821e1564434"",""environment"":""fb6513d0-42a4-4660-82b5-509c54b15f2a"",""service"":""4978aa94-666c-47c7-8024-3ada55195a51"",""deployment"":""3b1fa354-15dc-4557-a220-0df46d05cef6"",""replica"":""fe005091-cfff-4ee8-81c0-5d1c9e578ad1""}",2026-03-28T23:12:53.334382059Z
[DB] Synced 1 accounts to database,info,"{""level"":""info""}","{""project"":""ce3616d9-58ad-4ec7-a294-1821e1564434"",""environment"":""fb6513d0-42a4-4660-82b5-509c54b15f2a"",""service"":""4978aa94-666c-47c7-8024-3ada55195a51"",""deployment"":""3b1fa354-15dc-4557-a220-0df46d05cef6"",""replica"":""fe005091-cfff-4ee8-81c0-5d1c9e578ad1""}",2026-03-28T23:13:23.153873256Z
[DB] Synced 1 accounts to database,info,"{""level"":""info""}","{""project"":""ce3616d9-58ad-4ec7-a294-1821e1564434"",""environment"":""fb6513d0-42a4-4660-82b5-509c54b15f2a"",""service"":""4978aa94-666c-47c7-8024-3ada55195a51"",""deployment"":""3b1fa354-15dc-4557-a220-0df46d05cef6"",""replica"":""fe005091-cfff-4ee8-81c0-5d1c9e578ad1""}",2026-03-28T23:13:53.195430572Z
[DB] Synced 1 accounts to database,info,"{""level"":""info""}","{""project"":""ce3616d9-58ad-4ec7-a294-1821e1564434"",""environment"":""fb6513d0-42a4-4660-82b5-509c54b15f2a"",""service"":""4978aa94-666c-47c7-8024-3ada55195a51"",""deployment"":""3b1fa354-15dc-4557-a220-0df46d05cef6"",""replica"":""fe005091-cfff-4ee8-81c0-5d1c9e578ad1""}",2026-03-28T23:14:23.476105574Z
[DB] Synced 1 accounts to database,info,"{""level"":""info""}","{""project"":""ce3616d9-58ad-4ec7-a294-1821e1564434"",""environment"":""fb6513d0-42a4-4660-82b5-509c54b15f2a"",""service"":""4978aa94-666c-47c7-8024-3ada55195a51"",""deployment"":""3b1fa354-15dc-4557-a220-0df46d05cef6"",""replica"":""fe005091-cfff-4ee8-81c0-5d1c9e578ad1""}",2026-03-28T23:14:53.289192805Z
[DB] Synced 1 accounts to database,info,"{""level"":""info""}","{""project"":""ce3616d9-58ad-4ec7-a294-1821e1564434"",""environment"":""fb6513d0-42a4-4660-82b5-509c54b15f2a"",""service"":""4978aa94-666c-47c7-8024-3ada55195a51"",""deployment"":""3b1fa354-15dc-4557-a220-0df46d05cef6"",""replica"":""fe005091-cfff-4ee8-81c0-5d1c9e578ad1""}",2026-03-28T23:15:23.310580829Z
[DB] Synced 1 accounts to database,info,"{""level"":""info""}","{""project"":""ce3616d9-58ad-4ec7-a294-1821e1564434"",""environment"":""fb6513d0-42a4-4660-82b5-509c54b15f2a"",""service"":""4978aa94-666c-47c7-8024-3ada55195a51"",""deployment"":""3b1fa354-15dc-4557-a220-0df46d05cef6"",""replica"":""fe005091-cfff-4ee8-81c0-5d1c9e578ad1""}",2026-03-28T23:15:53.044937786Z
[DB] Synced 1 accounts to database,info,"{""level"":""info""}","{""project"":""ce3616d9-58ad-4ec7-a294-1821e1564434"",""environment"":""fb6513d0-42a4-4660-82b5-509c54b15f2a"",""service"":""4978aa94-666c-47c7-8024-3ada55195a51"",""deployment"":""3b1fa354-15dc-4557-a220-0df46d05cef6"",""replica"":""fe005091-cfff-4ee8-81c0-5d1c9e578ad1""}",2026-03-28T23:16:23.077649489Z
[DB] Synced 1 accounts to database,info,"{""level"":""info""}","{""project"":""ce3616d9-58ad-4ec7-a294-1821e1564434"",""environment"":""fb6513d0-42a4-4660-82b5-509c54b15f2a"",""service"":""4978aa94-666c-47c7-8024-3ada55195a51"",""deployment"":""3b1fa354-15dc-4557-a220-0df46d05cef6"",""replica"":""fe005091-cfff-4ee8-81c0-5d1c9e578ad1""}",2026-03-28T23:16:53.154343154Z
[DB] Synced 1 accounts to database,info,"{""level"":""info""}","{""project"":""ce3616d9-58ad-4ec7-a294-1821e1564434"",""environment"":""fb6513d0-42a4-4660-82b5-509c54b15f2a"",""service"":""4978aa94-666c-47c7-8024-3ada55195a51"",""deployment"":""3b1fa354-15dc-4557-a220-0df46d05cef6"",""replica"":""fe005091-cfff-4ee8-81c0-5d1c9e578ad1""}",2026-03-28T23:17:22.878295020Z
[DB] Synced 1 accounts to database,info,"{""level"":""info""}","{""project"":""ce3616d9-58ad-4ec7-a294-1821e1564434"",""environment"":""fb6513d0-42a4-4660-82b5-509c54b15f2a"",""service"":""4978aa94-666c-47c7-8024-3ada55195a51"",""deployment"":""3b1fa354-15dc-4557-a220-0df46d05cef6"",""replica"":""fe005091-cfff-4ee8-81c0-5d1c9e578ad1""}",2026-03-28T23:17:52.939886904Z
[DB] Synced 1 accounts to database,info,"{""level"":""info""}","{""project"":""ce3616d9-58ad-4ec7-a294-1821e1564434"",""environment"":""fb6513d0-42a4-4660-82b5-509c54b15f2a"",""service"":""4978aa94-666c-47c7-8024-3ada55195a51"",""deployment"":""3b1fa354-15dc-4557-a220-0df46d05cef6"",""replica"":""fe005091-cfff-4ee8-81c0-5d1c9e578ad1""}",2026-03-28T23:18:22.988489542Z
[DB] Synced 1 accounts to database,info,"{""level"":""info""}","{""project"":""ce3616d9-58ad-4ec7-a294-1821e1564434"",""environment"":""fb6513d0-42a4-4660-82b5-509c54b15f2a"",""service"":""4978aa94-666c-47c7-8024-3ada55195a51"",""deployment"":""3b1fa354-15dc-4557-a220-0df46d05cef6"",""replica"":""fe005091-cfff-4ee8-81c0-5d1c9e578ad1""}",2026-03-28T23:18:53.006243075Z
[DB] Synced 1 accounts to database,info,"{""level"":""info""}","{""project"":""ce3616d9-58ad-4ec7-a294-1821e1564434"",""environment"":""fb6513d0-42a4-4660-82b5-509c54b15f2a"",""service"":""4978aa94-666c-47c7-8024-3ada55195a51"",""deployment"":""3b1fa354-15dc-4557-a220-0df46d05cef6"",""replica"":""fe005091-cfff-4ee8-81c0-5d1c9e578ad1""}",2026-03-28T23:19:23.050090098Z
[DB] Synced 1 accounts to database,info,"{""level"":""info""}","{""project"":""ce3616d9-58ad-4ec7-a294-1821e1564434"",""environment"":""fb6513d0-42a4-4660-82b5-509c54b15f2a"",""service"":""4978aa94-666c-47c7-8024-3ada55195a51"",""deployment"":""3b1fa354-15dc-4557-a220-0df46d05cef6"",""replica"":""fe005091-cfff-4ee8-81c0-5d1c9e578ad1""}",2026-03-28T23:19:53.066204093Z
[DB] Synced 1 accounts to database,info,"{""level"":""info""}","{""project"":""ce3616d9-58ad-4ec7-a294-1821e1564434"",""environment"":""fb6513d0-42a4-4660-82b5-509c54b15f2a"",""service"":""4978aa94-666c-47c7-8024-3ada55195a51"",""deployment"":""3b1fa354-15dc-4557-a220-0df46d05cef6"",""replica"":""fe005091-cfff-4ee8-81c0-5d1c9e578ad1""}",2026-03-28T23:20:22.800992845Z
[DB] Synced 1 accounts to database,info,"{""level"":""info""}","{""project"":""ce3616d9-58ad-4ec7-a294-1821e1564434"",""environment"":""fb6513d0-42a4-4660-82b5-509c54b15f2a"",""service"":""4978aa94-666c-47c7-8024-3ada55195a51"",""deployment"":""3b1fa354-15dc-4557-a220-0df46d05cef6"",""replica"":""fe005091-cfff-4ee8-81c0-5d1c9e578ad1""}",2026-03-28T23:20:52.850472278Z
[DB] Synced 1 accounts to database,info,"{""level"":""info""}","{""project"":""ce3616d9-58ad-4ec7-a294-1821e1564434"",""environment"":""fb6513d0-42a4-4660-82b5-509c54b15f2a"",""service"":""4978aa94-666c-47c7-8024-3ada55195a51"",""deployment"":""3b1fa354-15dc-4557-a220-0df46d05cef6"",""replica"":""fe005091-cfff-4ee8-81c0-5d1c9e578ad1""}",2026-03-28T23:21:22.751546072Z
[DB] Synced 1 accounts to database,info,"{""level"":""info""}","{""project"":""ce3616d9-58ad-4ec7-a294-1821e1564434"",""environment"":""fb6513d0-42a4-4660-82b5-509c54b15f2a"",""service"":""4978aa94-666c-47c7-8024-3ada55195a51"",""deployment"":""3b1fa354-15dc-4557-a220-0df46d05cef6"",""replica"":""fe005091-cfff-4ee8-81c0-5d1c9e578ad1""}",2026-03-28T23:21:52.740018719Z
[DB] Synced 1 accounts to database,info,"{""level"":""info""}","{""project"":""ce3616d9-58ad-4ec7-a294-1821e1564434"",""environment"":""fb6513d0-42a4-4660-82b5-509c54b15f2a"",""service"":""4978aa94-666c-47c7-8024-3ada55195a51"",""deployment"":""3b1fa354-15dc-4557-a220-0df46d05cef6"",""replica"":""fe005091-cfff-4ee8-81c0-5d1c9e578ad1""}",2026-03-28T23:22:22.648400867Z
[DB] Synced 1 accounts to database,info,"{""level"":""info""}","{""project"":""ce3616d9-58ad-4ec7-a294-1821e1564434"",""environment"":""fb6513d0-42a4-4660-82b5-509c54b15f2a"",""service"":""4978aa94-666c-47c7-8024-3ada55195a51"",""deployment"":""3b1fa354-15dc-4557-a220-0df46d05cef6"",""replica"":""fe005091-cfff-4ee8-81c0-5d1c9e578ad1""}",2026-03-28T23:22:52.661971424Z
[DB] Synced 1 accounts to database,info,"{""level"":""info""}","{""project"":""ce3616d9-58ad-4ec7-a294-1821e1564434"",""environment"":""fb6513d0-42a4-4660-82b5-509c54b15f2a"",""service"":""4978aa94-666c-47c7-8024-3ada55195a51"",""deployment"":""3b1fa354-15dc-4557-a220-0df46d05cef6"",""replica"":""fe005091-cfff-4ee8-81c0-5d1c9e578ad1""}",2026-03-28T23:23:22.662495579Z
[DB] Synced 1 accounts to database,info,"{""level"":""info""}","{""project"":""ce3616d9-58ad-4ec7-a294-1821e1564434"",""environment"":""fb6513d0-42a4-4660-82b5-509c54b15f2a"",""service"":""4978aa94-666c-47c7-8024-3ada55195a51"",""deployment"":""3b1fa354-15dc-4557-a220-0df46d05cef6"",""replica"":""fe005091-cfff-4ee8-81c0-5d1c9e578ad1""}",2026-03-28T23:23:52.528781133Z
Client connected: U2DyxSBKXU5qMuFQAAAo Transport: polling,info,"{""level"":""info""}","{""project"":""ce3616d9-58ad-4ec7-a294-1821e1564434"",""environment"":""fb6513d0-42a4-4660-82b5-509c54b15f2a"",""service"":""4978aa94-666c-47c7-8024-3ada55195a51"",""deployment"":""3b1fa354-15dc-4557-a220-0df46d05cef6"",""replica"":""fe005091-cfff-4ee8-81c0-5d1c9e578ad1""}",2026-03-28T23:24:12.525914042Z
[DB] Synced 1 accounts to database,info,"{""level"":""info""}","{""project"":""ce3616d9-58ad-4ec7-a294-1821e1564434"",""environment"":""fb6513d0-42a4-4660-82b5-509c54b15f2a"",""service"":""4978aa94-666c-47c7-8024-3ada55195a51"",""deployment"":""3b1fa354-15dc-4557-a220-0df46d05cef6"",""replica"":""fe005091-cfff-4ee8-81c0-5d1c9e578ad1""}",2026-03-28T23:24:16.439524185Z
[DB] Synced 1 accounts to database,info,"{""level"":""info""}","{""project"":""ce3616d9-58ad-4ec7-a294-1821e1564434"",""environment"":""fb6513d0-42a4-4660-82b5-509c54b15f2a"",""service"":""4978aa94-666c-47c7-8024-3ada55195a51"",""deployment"":""3b1fa354-15dc-4557-a220-0df46d05cef6"",""replica"":""fe005091-cfff-4ee8-81c0-5d1c9e578ad1""}",2026-03-28T23:24:56.141291495Z
[DB] Synced 1 accounts to database,info,"{""level"":""info""}","{""project"":""ce3616d9-58ad-4ec7-a294-1821e1564434"",""environment"":""fb6513d0-42a4-4660-82b5-509c54b15f2a"",""service"":""4978aa94-666c-47c7-8024-3ada55195a51"",""deployment"":""3b1fa354-15dc-4557-a220-0df46d05cef6"",""replica"":""fe005091-cfff-4ee8-81c0-5d1c9e578ad1""}",2026-03-28T23:25:26.209802727Z
[DB] Synced 1 accounts to database,info,"{""level"":""info""}","{""project"":""ce3616d9-58ad-4ec7-a294-1821e1564434"",""environment"":""fb6513d0-42a4-4660-82b5-509c54b15f2a"",""service"":""4978aa94-666c-47c7-8024-3ada55195a51"",""deployment"":""3b1fa354-15dc-4557-a220-0df46d05cef6"",""replica"":""fe005091-cfff-4ee8-81c0-5d1c9e578ad1""}",2026-03-28T23:25:56.442150398Z
[DB] Synced 1 accounts to database,info,"{""level"":""info""}","{""project"":""ce3616d9-58ad-4ec7-a294-1821e1564434"",""environment"":""fb6513d0-42a4-4660-82b5-509c54b15f2a"",""service"":""4978aa94-666c-47c7-8024-3ada55195a51"",""deployment"":""3b1fa354-15dc-4557-a220-0df46d05cef6"",""replica"":""fe005091-cfff-4ee8-81c0-5d1c9e578ad1""}",2026-03-28T23:26:26.343250054Z
[DB] Synced 1 accounts to database,info,"{""level"":""info""}","{""project"":""ce3616d9-58ad-4ec7-a294-1821e1564434"",""environment"":""fb6513d0-42a4-4660-82b5-509c54b15f2a"",""service"":""4978aa94-666c-47c7-8024-3ada55195a51"",""deployment"":""3b1fa354-15dc-4557-a220-0df46d05cef6"",""replica"":""fe005091-cfff-4ee8-81c0-5d1c9e578ad1""}",2026-03-28T23:26:56.343093140Z
[DB] Synced 1 accounts to database,info,"{""level"":""info""}","{""project"":""ce3616d9-58ad-4ec7-a294-1821e1564434"",""environment"":""fb6513d0-42a4-4660-82b5-509c54b15f2a"",""service"":""4978aa94-666c-47c7-8024-3ada55195a51"",""deployment"":""3b1fa354-15dc-4557-a220-0df46d05cef6"",""replica"":""fe005091-cfff-4ee8-81c0-5d1c9e578ad1""}",2026-03-28T23:27:26.246583327Z
[DB] Synced 1 accounts to database,info,"{""level"":""info""}","{""project"":""ce3616d9-58ad-4ec7-a294-1821e1564434"",""environment"":""fb6513d0-42a4-4660-82b5-509c54b15f2a"",""service"":""4978aa94-666c-47c7-8024-3ada55195a51"",""deployment"":""3b1fa354-15dc-4557-a220-0df46d05cef6"",""replica"":""fe005091-cfff-4ee8-81c0-5d1c9e578ad1""}",2026-03-28T23:27:56.228541236Z
[DB] Synced 1 accounts to database,info,"{""level"":""info""}","{""project"":""ce3616d9-58ad-4ec7-a294-1821e1564434"",""environment"":""fb6513d0-42a4-4660-82b5-509c54b15f2a"",""service"":""4978aa94-666c-47c7-8024-3ada55195a51"",""deployment"":""3b1fa354-15dc-4557-a220-0df46d05cef6"",""replica"":""fe005091-cfff-4ee8-81c0-5d1c9e578ad1""}",2026-03-28T23:28:26.086612798Z
[DB] Synced 1 accounts to database,info,"{""level"":""info""}","{""project"":""ce3616d9-58ad-4ec7-a294-1821e1564434"",""environment"":""fb6513d0-42a4-4660-82b5-509c54b15f2a"",""service"":""4978aa94-666c-47c7-8024-3ada55195a51"",""deployment"":""3b1fa354-15dc-4557-a220-0df46d05cef6"",""replica"":""fe005091-cfff-4ee8-81c0-5d1c9e578ad1""}",2026-03-28T23:28:56.146841777Z
[DB] Synced 1 accounts to database,info,"{""level"":""info""}","{""project"":""ce3616d9-58ad-4ec7-a294-1821e1564434"",""environment"":""fb6513d0-42a4-4660-82b5-509c54b15f2a"",""service"":""4978aa94-666c-47c7-8024-3ada55195a51"",""deployment"":""3b1fa354-15dc-4557-a220-0df46d05cef6"",""replica"":""fe005091-cfff-4ee8-81c0-5d1c9e578ad1""}",2026-03-28T23:29:25.949786712Z
[DB] Synced 1 accounts to database,info,"{""level"":""info""}","{""project"":""ce3616d9-58ad-4ec7-a294-1821e1564434"",""environment"":""fb6513d0-42a4-4660-82b5-509c54b15f2a"",""service"":""4978aa94-666c-47c7-8024-3ada55195a51"",""deployment"":""3b1fa354-15dc-4557-a220-0df46d05cef6"",""replica"":""fe005091-cfff-4ee8-81c0-5d1c9e578ad1""}",2026-03-28T23:29:56.056477889Z
[DB] Synced 1 accounts to database,info,"{""level"":""info""}","{""project"":""ce3616d9-58ad-4ec7-a294-1821e1564434"",""environment"":""fb6513d0-42a4-4660-82b5-509c54b15f2a"",""service"":""4978aa94-666c-47c7-8024-3ada55195a51"",""deployment"":""3b1fa354-15dc-4557-a220-0df46d05cef6"",""replica"":""fe005091-cfff-4ee8-81c0-5d1c9e578ad1""}",2026-03-28T23:30:26.036271201Z
[DB] Synced 1 accounts to database,info,"{""level"":""info""}","{""project"":""ce3616d9-58ad-4ec7-a294-1821e1564434"",""environment"":""fb6513d0-42a4-4660-82b5-509c54b15f2a"",""service"":""4978aa94-666c-47c7-8024-3ada55195a51"",""deployment"":""3b1fa354-15dc-4557-a220-0df46d05cef6"",""replica"":""fe005091-cfff-4ee8-81c0-5d1c9e578ad1""}",2026-03-28T23:30:56.074006058Z
[DB] Synced 1 accounts to database,info,"{""level"":""info""}","{""project"":""ce3616d9-58ad-4ec7-a294-1821e1564434"",""environment"":""fb6513d0-42a4-4660-82b5-509c54b15f2a"",""service"":""4978aa94-666c-47c7-8024-3ada55195a51"",""deployment"":""3b1fa354-15dc-4557-a220-0df46d05cef6"",""replica"":""fe005091-cfff-4ee8-81c0-5d1c9e578ad1""}",2026-03-28T23:31:26.140726611Z