message,severity,attributes,tags,timestamp
"  code: 'ConnectionRefused',",error,"{""level"":""error""}","{""project"":""ce3616d9-58ad-4ec7-a294-1821e1564434"",""environment"":""fb6513d0-42a4-4660-82b5-509c54b15f2a"",""service"":""4978aa94-666c-47c7-8024-3ada55195a51"",""deployment"":""4f671b19-856f-4f29-8e22-bcb2c07f3849"",""replica"":""bfc33194-db6e-41f2-b558-4502f04e4238""}",2026-03-29T01:39:21.263223021Z
"  code: 'ConnectionRefused',",error,"{""level"":""error""}","{""project"":""ce3616d9-58ad-4ec7-a294-1821e1564434"",""environment"":""fb6513d0-42a4-4660-82b5-509c54b15f2a"",""service"":""4978aa94-666c-47c7-8024-3ada55195a51"",""deployment"":""4f671b19-856f-4f29-8e22-bcb2c07f3849"",""replica"":""bfc33194-db6e-41f2-b558-4502f04e4238""}",2026-03-29T01:39:21.263230528Z
"  path: 'http://localhost:3030/logs?',",error,"{""level"":""error""}","{""project"":""ce3616d9-58ad-4ec7-a294-1821e1564434"",""environment"":""fb6513d0-42a4-4660-82b5-509c54b15f2a"",""service"":""4978aa94-666c-47c7-8024-3ada55195a51"",""deployment"":""4f671b19-856f-4f29-8e22-bcb2c07f3849"",""replica"":""bfc33194-db6e-41f2-b558-4502f04e4238""}",2026-03-29T01:39:21.263236145Z
  errno: 0,error,"{""level"":""error""}","{""project"":""ce3616d9-58ad-4ec7-a294-1821e1564434"",""environment"":""fb6513d0-42a4-4660-82b5-509c54b15f2a"",""service"":""4978aa94-666c-47c7-8024-3ada55195a51"",""deployment"":""4f671b19-856f-4f29-8e22-bcb2c07f3849"",""replica"":""bfc33194-db6e-41f2-b558-4502f04e4238""}",2026-03-29T01:39:21.263244647Z
"  path: 'http://localhost:3030/accounts?',",error,"{""level"":""error""}","{""project"":""ce3616d9-58ad-4ec7-a294-1821e1564434"",""environment"":""fb6513d0-42a4-4660-82b5-509c54b15f2a"",""service"":""4978aa94-666c-47c7-8024-3ada55195a51"",""deployment"":""4f671b19-856f-4f29-8e22-bcb2c07f3849"",""replica"":""bfc33194-db6e-41f2-b558-4502f04e4238""}",2026-03-29T01:39:21.263245151Z
},error,"{""level"":""error""}","{""project"":""ce3616d9-58ad-4ec7-a294-1821e1564434"",""environment"":""fb6513d0-42a4-4660-82b5-509c54b15f2a"",""service"":""4978aa94-666c-47c7-8024-3ada55195a51"",""deployment"":""4f671b19-856f-4f29-8e22-bcb2c07f3849"",""replica"":""bfc33194-db6e-41f2-b558-4502f04e4238""}",2026-03-29T01:39:21.263253099Z
  errno: 0,error,"{""level"":""error""}","{""project"":""ce3616d9-58ad-4ec7-a294-1821e1564434"",""environment"":""fb6513d0-42a4-4660-82b5-509c54b15f2a"",""service"":""4978aa94-666c-47c7-8024-3ada55195a51"",""deployment"":""4f671b19-856f-4f29-8e22-bcb2c07f3849"",""replica"":""bfc33194-db6e-41f2-b558-4502f04e4238""}",2026-03-29T01:39:21.263255163Z
[WA API] GET error: [Error: Unable to connect. Is the computer able to access the url?] {,error,"{""level"":""error""}","{""project"":""ce3616d9-58ad-4ec7-a294-1821e1564434"",""environment"":""fb6513d0-42a4-4660-82b5-509c54b15f2a"",""service"":""4978aa94-666c-47c7-8024-3ada55195a51"",""deployment"":""4f671b19-856f-4f29-8e22-bcb2c07f3849"",""replica"":""bfc33194-db6e-41f2-b558-4502f04e4238""}",2026-03-29T01:39:21.263261793Z
},error,"{""level"":""error""}","{""project"":""ce3616d9-58ad-4ec7-a294-1821e1564434"",""environment"":""fb6513d0-42a4-4660-82b5-509c54b15f2a"",""service"":""4978aa94-666c-47c7-8024-3ada55195a51"",""deployment"":""4f671b19-856f-4f29-8e22-bcb2c07f3849"",""replica"":""bfc33194-db6e-41f2-b558-4502f04e4238""}",2026-03-29T01:39:21.263264431Z
[WA API] GET error: [Error: Unable to connect. Is the computer able to access the url?] {,error,"{""level"":""error""}","{""project"":""ce3616d9-58ad-4ec7-a294-1821e1564434"",""environment"":""fb6513d0-42a4-4660-82b5-509c54b15f2a"",""service"":""4978aa94-666c-47c7-8024-3ada55195a51"",""deployment"":""4f671b19-856f-4f29-8e22-bcb2c07f3849"",""replica"":""bfc33194-db6e-41f2-b558-4502f04e4238""}",2026-03-29T01:39:21.263311222Z
"  code: 'ConnectionRefused',",error,"{""level"":""error""}","{""project"":""ce3616d9-58ad-4ec7-a294-1821e1564434"",""environment"":""fb6513d0-42a4-4660-82b5-509c54b15f2a"",""service"":""4978aa94-666c-47c7-8024-3ada55195a51"",""deployment"":""4f671b19-856f-4f29-8e22-bcb2c07f3849"",""replica"":""bfc33194-db6e-41f2-b558-4502f04e4238""}",2026-03-29T01:39:21.263319602Z
"  path: 'http://localhost:3030/chat-pairs?',",error,"{""level"":""error""}","{""project"":""ce3616d9-58ad-4ec7-a294-1821e1564434"",""environment"":""fb6513d0-42a4-4660-82b5-509c54b15f2a"",""service"":""4978aa94-666c-47c7-8024-3ada55195a51"",""deployment"":""4f671b19-856f-4f29-8e22-bcb2c07f3849"",""replica"":""bfc33194-db6e-41f2-b558-4502f04e4238""}",2026-03-29T01:39:21.263326755Z
  Attempt 23/30: Checking http://localhost:3000/api/wa/health...,info,"{""level"":""info""}","{""project"":""ce3616d9-58ad-4ec7-a294-1821e1564434"",""environment"":""fb6513d0-42a4-4660-82b5-509c54b15f2a"",""service"":""4978aa94-666c-47c7-8024-3ada55195a51"",""deployment"":""4f671b19-856f-4f29-8e22-bcb2c07f3849"",""replica"":""bfc33194-db6e-41f2-b558-4502f04e4238""}",2026-03-29T01:39:23.240613387Z
"  ⏳ Next.js not ready yet, waiting 2s...",info,"{""level"":""info""}","{""project"":""ce3616d9-58ad-4ec7-a294-1821e1564434"",""environment"":""fb6513d0-42a4-4660-82b5-509c54b15f2a"",""service"":""4978aa94-666c-47c7-8024-3ada55195a51"",""deployment"":""4f671b19-856f-4f29-8e22-bcb2c07f3849"",""replica"":""bfc33194-db6e-41f2-b558-4502f04e4238""}",2026-03-29T01:39:23.240618412Z
  Attempt 24/30: Checking http://localhost:3000/api/wa/health...,info,"{""level"":""info""}","{""project"":""ce3616d9-58ad-4ec7-a294-1821e1564434"",""environment"":""fb6513d0-42a4-4660-82b5-509c54b15f2a"",""service"":""4978aa94-666c-47c7-8024-3ada55195a51"",""deployment"":""4f671b19-856f-4f29-8e22-bcb2c07f3849"",""replica"":""bfc33194-db6e-41f2-b558-4502f04e4238""}",2026-03-29T01:39:25.204640358Z
"  ⏳ Next.js not ready yet, waiting 2s...",info,"{""level"":""info""}","{""project"":""ce3616d9-58ad-4ec7-a294-1821e1564434"",""environment"":""fb6513d0-42a4-4660-82b5-509c54b15f2a"",""service"":""4978aa94-666c-47c7-8024-3ada55195a51"",""deployment"":""4f671b19-856f-4f29-8e22-bcb2c07f3849"",""replica"":""bfc33194-db6e-41f2-b558-4502f04e4238""}",2026-03-29T01:39:25.204653661Z
  Attempt 25/30: Checking http://localhost:3000/api/wa/health...,info,"{""level"":""info""}","{""project"":""ce3616d9-58ad-4ec7-a294-1821e1564434"",""environment"":""fb6513d0-42a4-4660-82b5-509c54b15f2a"",""service"":""4978aa94-666c-47c7-8024-3ada55195a51"",""deployment"":""4f671b19-856f-4f29-8e22-bcb2c07f3849"",""replica"":""bfc33194-db6e-41f2-b558-4502f04e4238""}",2026-03-29T01:39:27.326922420Z
"  ⏳ Next.js not ready yet, waiting 2s...",info,"{""level"":""info""}","{""project"":""ce3616d9-58ad-4ec7-a294-1821e1564434"",""environment"":""fb6513d0-42a4-4660-82b5-509c54b15f2a"",""service"":""4978aa94-666c-47c7-8024-3ada55195a51"",""deployment"":""4f671b19-856f-4f29-8e22-bcb2c07f3849"",""replica"":""bfc33194-db6e-41f2-b558-4502f04e4238""}",2026-03-29T01:39:27.326925923Z
"  ⏳ Next.js not ready yet, waiting 2s...",info,"{""level"":""info""}","{""project"":""ce3616d9-58ad-4ec7-a294-1821e1564434"",""environment"":""fb6513d0-42a4-4660-82b5-509c54b15f2a"",""service"":""4978aa94-666c-47c7-8024-3ada55195a51"",""deployment"":""4f671b19-856f-4f29-8e22-bcb2c07f3849"",""replica"":""bfc33194-db6e-41f2-b558-4502f04e4238""}",2026-03-29T01:39:29.549289501Z
  Attempt 26/30: Checking http://localhost:3000/api/wa/health...,info,"{""level"":""info""}","{""project"":""ce3616d9-58ad-4ec7-a294-1821e1564434"",""environment"":""fb6513d0-42a4-4660-82b5-509c54b15f2a"",""service"":""4978aa94-666c-47c7-8024-3ada55195a51"",""deployment"":""4f671b19-856f-4f29-8e22-bcb2c07f3849"",""replica"":""bfc33194-db6e-41f2-b558-4502f04e4238""}",2026-03-29T01:39:29.549390124Z
"  ⏳ Next.js not ready yet, waiting 2s...",info,"{""level"":""info""}","{""project"":""ce3616d9-58ad-4ec7-a294-1821e1564434"",""environment"":""fb6513d0-42a4-4660-82b5-509c54b15f2a"",""service"":""4978aa94-666c-47c7-8024-3ada55195a51"",""deployment"":""4f671b19-856f-4f29-8e22-bcb2c07f3849"",""replica"":""bfc33194-db6e-41f2-b558-4502f04e4238""}",2026-03-29T01:39:31.278822605Z
  Attempt 27/30: Checking http://localhost:3000/api/wa/health...,info,"{""level"":""info""}","{""project"":""ce3616d9-58ad-4ec7-a294-1821e1564434"",""environment"":""fb6513d0-42a4-4660-82b5-509c54b15f2a"",""service"":""4978aa94-666c-47c7-8024-3ada55195a51"",""deployment"":""4f671b19-856f-4f29-8e22-bcb2c07f3849"",""replica"":""bfc33194-db6e-41f2-b558-4502f04e4238""}",2026-03-29T01:39:31.278851702Z
  Attempt 28/30: Checking http://localhost:3000/api/wa/health...,info,"{""level"":""info""}","{""project"":""ce3616d9-58ad-4ec7-a294-1821e1564434"",""environment"":""fb6513d0-42a4-4660-82b5-509c54b15f2a"",""service"":""4978aa94-666c-47c7-8024-3ada55195a51"",""deployment"":""4f671b19-856f-4f29-8e22-bcb2c07f3849"",""replica"":""bfc33194-db6e-41f2-b558-4502f04e4238""}",2026-03-29T01:39:33.292680186Z
"  ⏳ Next.js not ready yet, waiting 2s...",info,"{""level"":""info""}","{""project"":""ce3616d9-58ad-4ec7-a294-1821e1564434"",""environment"":""fb6513d0-42a4-4660-82b5-509c54b15f2a"",""service"":""4978aa94-666c-47c7-8024-3ada55195a51"",""deployment"":""4f671b19-856f-4f29-8e22-bcb2c07f3849"",""replica"":""bfc33194-db6e-41f2-b558-4502f04e4238""}",2026-03-29T01:39:33.292685519Z
  Attempt 29/30: Checking http://localhost:3000/api/wa/health...,info,"{""level"":""info""}","{""project"":""ce3616d9-58ad-4ec7-a294-1821e1564434"",""environment"":""fb6513d0-42a4-4660-82b5-509c54b15f2a"",""service"":""4978aa94-666c-47c7-8024-3ada55195a51"",""deployment"":""4f671b19-856f-4f29-8e22-bcb2c07f3849"",""replica"":""bfc33194-db6e-41f2-b558-4502f04e4238""}",2026-03-29T01:39:35.600274640Z
"  ⏳ Next.js not ready yet, waiting 2s...",info,"{""level"":""info""}","{""project"":""ce3616d9-58ad-4ec7-a294-1821e1564434"",""environment"":""fb6513d0-42a4-4660-82b5-509c54b15f2a"",""service"":""4978aa94-666c-47c7-8024-3ada55195a51"",""deployment"":""4f671b19-856f-4f29-8e22-bcb2c07f3849"",""replica"":""bfc33194-db6e-41f2-b558-4502f04e4238""}",2026-03-29T01:39:35.600279940Z
  Attempt 30/30: Checking http://localhost:3000/api/wa/health...,info,"{""level"":""info""}","{""project"":""ce3616d9-58ad-4ec7-a294-1821e1564434"",""environment"":""fb6513d0-42a4-4660-82b5-509c54b15f2a"",""service"":""4978aa94-666c-47c7-8024-3ada55195a51"",""deployment"":""4f671b19-856f-4f29-8e22-bcb2c07f3849"",""replica"":""bfc33194-db6e-41f2-b558-4502f04e4238""}",2026-03-29T01:39:37.385172708Z
"  ⏳ Next.js not ready yet, waiting 2s...",info,"{""level"":""info""}","{""project"":""ce3616d9-58ad-4ec7-a294-1821e1564434"",""environment"":""fb6513d0-42a4-4660-82b5-509c54b15f2a"",""service"":""4978aa94-666c-47c7-8024-3ada55195a51"",""deployment"":""4f671b19-856f-4f29-8e22-bcb2c07f3849"",""replica"":""bfc33194-db6e-41f2-b558-4502f04e4238""}",2026-03-29T01:39:37.385202975Z
[WA API] GET error: [Error: Unable to connect. Is the computer able to access the url?] {,error,"{""level"":""error""}","{""project"":""ce3616d9-58ad-4ec7-a294-1821e1564434"",""environment"":""fb6513d0-42a4-4660-82b5-509c54b15f2a"",""service"":""4978aa94-666c-47c7-8024-3ada55195a51"",""deployment"":""4f671b19-856f-4f29-8e22-bcb2c07f3849"",""replica"":""bfc33194-db6e-41f2-b558-4502f04e4238""}",2026-03-29T01:39:38.347330063Z
"  code: 'ConnectionRefused',",error,"{""level"":""error""}","{""project"":""ce3616d9-58ad-4ec7-a294-1821e1564434"",""environment"":""fb6513d0-42a4-4660-82b5-509c54b15f2a"",""service"":""4978aa94-666c-47c7-8024-3ada55195a51"",""deployment"":""4f671b19-856f-4f29-8e22-bcb2c07f3849"",""replica"":""bfc33194-db6e-41f2-b558-4502f04e4238""}",2026-03-29T01:39:38.347340639Z
"  path: 'http://localhost:3030/accounts?',",error,"{""level"":""error""}","{""project"":""ce3616d9-58ad-4ec7-a294-1821e1564434"",""environment"":""fb6513d0-42a4-4660-82b5-509c54b15f2a"",""service"":""4978aa94-666c-47c7-8024-3ada55195a51"",""deployment"":""4f671b19-856f-4f29-8e22-bcb2c07f3849"",""replica"":""bfc33194-db6e-41f2-b558-4502f04e4238""}",2026-03-29T01:39:38.347346370Z
  errno: 0,error,"{""level"":""error""}","{""project"":""ce3616d9-58ad-4ec7-a294-1821e1564434"",""environment"":""fb6513d0-42a4-4660-82b5-509c54b15f2a"",""service"":""4978aa94-666c-47c7-8024-3ada55195a51"",""deployment"":""4f671b19-856f-4f29-8e22-bcb2c07f3849"",""replica"":""bfc33194-db6e-41f2-b558-4502f04e4238""}",2026-03-29T01:39:38.347353029Z
},error,"{""level"":""error""}","{""project"":""ce3616d9-58ad-4ec7-a294-1821e1564434"",""environment"":""fb6513d0-42a4-4660-82b5-509c54b15f2a"",""service"":""4978aa94-666c-47c7-8024-3ada55195a51"",""deployment"":""4f671b19-856f-4f29-8e22-bcb2c07f3849"",""replica"":""bfc33194-db6e-41f2-b558-4502f04e4238""}",2026-03-29T01:39:38.347357386Z
[WA API] GET error: [Error: Unable to connect. Is the computer able to access the url?] {,error,"{""level"":""error""}","{""project"":""ce3616d9-58ad-4ec7-a294-1821e1564434"",""environment"":""fb6513d0-42a4-4660-82b5-509c54b15f2a"",""service"":""4978aa94-666c-47c7-8024-3ada55195a51"",""deployment"":""4f671b19-856f-4f29-8e22-bcb2c07f3849"",""replica"":""bfc33194-db6e-41f2-b558-4502f04e4238""}",2026-03-29T01:39:38.347361823Z
"  code: 'ConnectionRefused',",error,"{""level"":""error""}","{""project"":""ce3616d9-58ad-4ec7-a294-1821e1564434"",""environment"":""fb6513d0-42a4-4660-82b5-509c54b15f2a"",""service"":""4978aa94-666c-47c7-8024-3ada55195a51"",""deployment"":""4f671b19-856f-4f29-8e22-bcb2c07f3849"",""replica"":""bfc33194-db6e-41f2-b558-4502f04e4238""}",2026-03-29T01:39:38.347365856Z
"  path: 'http://localhost:3030/chat-pairs?',",error,"{""level"":""error""}","{""project"":""ce3616d9-58ad-4ec7-a294-1821e1564434"",""environment"":""fb6513d0-42a4-4660-82b5-509c54b15f2a"",""service"":""4978aa94-666c-47c7-8024-3ada55195a51"",""deployment"":""4f671b19-856f-4f29-8e22-bcb2c07f3849"",""replica"":""bfc33194-db6e-41f2-b558-4502f04e4238""}",2026-03-29T01:39:38.347369993Z
  errno: 0,error,"{""level"":""error""}","{""project"":""ce3616d9-58ad-4ec7-a294-1821e1564434"",""environment"":""fb6513d0-42a4-4660-82b5-509c54b15f2a"",""service"":""4978aa94-666c-47c7-8024-3ada55195a51"",""deployment"":""4f671b19-856f-4f29-8e22-bcb2c07f3849"",""replica"":""bfc33194-db6e-41f2-b558-4502f04e4238""}",2026-03-29T01:39:38.347377416Z
},error,"{""level"":""error""}","{""project"":""ce3616d9-58ad-4ec7-a294-1821e1564434"",""environment"":""fb6513d0-42a4-4660-82b5-509c54b15f2a"",""service"":""4978aa94-666c-47c7-8024-3ada55195a51"",""deployment"":""4f671b19-856f-4f29-8e22-bcb2c07f3849"",""replica"":""bfc33194-db6e-41f2-b558-4502f04e4238""}",2026-03-29T01:39:38.347382324Z
[WA API] GET error: [Error: Unable to connect. Is the computer able to access the url?] {,error,"{""level"":""error""}","{""project"":""ce3616d9-58ad-4ec7-a294-1821e1564434"",""environment"":""fb6513d0-42a4-4660-82b5-509c54b15f2a"",""service"":""4978aa94-666c-47c7-8024-3ada55195a51"",""deployment"":""4f671b19-856f-4f29-8e22-bcb2c07f3849"",""replica"":""bfc33194-db6e-41f2-b558-4502f04e4238""}",2026-03-29T01:39:38.347449802Z
"  code: 'ConnectionRefused',",error,"{""level"":""error""}","{""project"":""ce3616d9-58ad-4ec7-a294-1821e1564434"",""environment"":""fb6513d0-42a4-4660-82b5-509c54b15f2a"",""service"":""4978aa94-666c-47c7-8024-3ada55195a51"",""deployment"":""4f671b19-856f-4f29-8e22-bcb2c07f3849"",""replica"":""bfc33194-db6e-41f2-b558-4502f04e4238""}",2026-03-29T01:39:38.347461223Z
"  path: 'http://localhost:3030/logs?',",error,"{""level"":""error""}","{""project"":""ce3616d9-58ad-4ec7-a294-1821e1564434"",""environment"":""fb6513d0-42a4-4660-82b5-509c54b15f2a"",""service"":""4978aa94-666c-47c7-8024-3ada55195a51"",""deployment"":""4f671b19-856f-4f29-8e22-bcb2c07f3849"",""replica"":""bfc33194-db6e-41f2-b558-4502f04e4238""}",2026-03-29T01:39:38.347468211Z
  errno: 0,error,"{""level"":""error""}","{""project"":""ce3616d9-58ad-4ec7-a294-1821e1564434"",""environment"":""fb6513d0-42a4-4660-82b5-509c54b15f2a"",""service"":""4978aa94-666c-47c7-8024-3ada55195a51"",""deployment"":""4f671b19-856f-4f29-8e22-bcb2c07f3849"",""replica"":""bfc33194-db6e-41f2-b558-4502f04e4238""}",2026-03-29T01:39:38.347476576Z
},error,"{""level"":""error""}","{""project"":""ce3616d9-58ad-4ec7-a294-1821e1564434"",""environment"":""fb6513d0-42a4-4660-82b5-509c54b15f2a"",""service"":""4978aa94-666c-47c7-8024-3ada55195a51"",""deployment"":""4f671b19-856f-4f29-8e22-bcb2c07f3849"",""replica"":""bfc33194-db6e-41f2-b558-4502f04e4238""}",2026-03-29T01:39:38.347483569Z
"  ⚠️ Next.js health check failed after 30 attempts, continuing anyway...",info,"{""level"":""info""}","{""project"":""ce3616d9-58ad-4ec7-a294-1821e1564434"",""environment"":""fb6513d0-42a4-4660-82b5-509c54b15f2a"",""service"":""4978aa94-666c-47c7-8024-3ada55195a51"",""deployment"":""4f671b19-856f-4f29-8e22-bcb2c07f3849"",""replica"":""bfc33194-db6e-41f2-b558-4502f04e4238""}",2026-03-29T01:39:39.279377484Z
Starting WhatsApp Warmer Service,info,"{""level"":""info""}","{""project"":""ce3616d9-58ad-4ec7-a294-1821e1564434"",""environment"":""fb6513d0-42a4-4660-82b5-509c54b15f2a"",""service"":""4978aa94-666c-47c7-8024-3ada55195a51"",""deployment"":""4f671b19-856f-4f29-8e22-bcb2c07f3849"",""replica"":""bfc33194-db6e-41f2-b558-4502f04e4238""}",2026-03-29T01:39:40.327475354Z
==========================================,info,"{""level"":""info""}","{""project"":""ce3616d9-58ad-4ec7-a294-1821e1564434"",""environment"":""fb6513d0-42a4-4660-82b5-509c54b15f2a"",""service"":""4978aa94-666c-47c7-8024-3ada55195a51"",""deployment"":""4f671b19-856f-4f29-8e22-bcb2c07f3849"",""replica"":""bfc33194-db6e-41f2-b558-4502f04e4238""}",2026-03-29T01:39:40.327497779Z
Running Prisma migrations...,info,"{""level"":""info""}","{""project"":""ce3616d9-58ad-4ec7-a294-1821e1564434"",""environment"":""fb6513d0-42a4-4660-82b5-509c54b15f2a"",""service"":""4978aa94-666c-47c7-8024-3ada55195a51"",""deployment"":""4f671b19-856f-4f29-8e22-bcb2c07f3849"",""replica"":""bfc33194-db6e-41f2-b558-4502f04e4238""}",2026-03-29T01:39:40.327509394Z
==========================================,info,"{""level"":""info""}","{""project"":""ce3616d9-58ad-4ec7-a294-1821e1564434"",""environment"":""fb6513d0-42a4-4660-82b5-509c54b15f2a"",""service"":""4978aa94-666c-47c7-8024-3ada55195a51"",""deployment"":""4f671b19-856f-4f29-8e22-bcb2c07f3849"",""replica"":""bfc33194-db6e-41f2-b558-4502f04e4238""}",2026-03-29T01:39:40.327513090Z
Prisma schema loaded from prisma/schema.prisma,info,"{""level"":""info""}","{""project"":""ce3616d9-58ad-4ec7-a294-1821e1564434"",""environment"":""fb6513d0-42a4-4660-82b5-509c54b15f2a"",""service"":""4978aa94-666c-47c7-8024-3ada55195a51"",""deployment"":""4f671b19-856f-4f29-8e22-bcb2c07f3849"",""replica"":""bfc33194-db6e-41f2-b558-4502f04e4238""}",2026-03-29T01:39:42.276035626Z
"Datasource ""db"": SQLite database ""whatsapp.db"" at ""file:/app/data/whatsapp.db""",info,"{""level"":""info""}","{""project"":""ce3616d9-58ad-4ec7-a294-1821e1564434"",""environment"":""fb6513d0-42a4-4660-82b5-509c54b15f2a"",""service"":""4978aa94-666c-47c7-8024-3ada55195a51"",""deployment"":""4f671b19-856f-4f29-8e22-bcb2c07f3849"",""replica"":""bfc33194-db6e-41f2-b558-4502f04e4238""}",2026-03-29T01:39:42.276042978Z
,info,"{""level"":""info""}","{""project"":""ce3616d9-58ad-4ec7-a294-1821e1564434"",""environment"":""fb6513d0-42a4-4660-82b5-509c54b15f2a"",""service"":""4978aa94-666c-47c7-8024-3ada55195a51"",""deployment"":""4f671b19-856f-4f29-8e22-bcb2c07f3849"",""replica"":""bfc33194-db6e-41f2-b558-4502f04e4238""}",2026-03-29T01:39:42.276051872Z
The database is already in sync with the Prisma schema.,info,"{""level"":""info""}","{""project"":""ce3616d9-58ad-4ec7-a294-1821e1564434"",""environment"":""fb6513d0-42a4-4660-82b5-509c54b15f2a"",""service"":""4978aa94-666c-47c7-8024-3ada55195a51"",""deployment"":""4f671b19-856f-4f29-8e22-bcb2c07f3849"",""replica"":""bfc33194-db6e-41f2-b558-4502f04e4238""}",2026-03-29T01:39:42.276060823Z
,info,"{""level"":""info""}","{""project"":""ce3616d9-58ad-4ec7-a294-1821e1564434"",""environment"":""fb6513d0-42a4-4660-82b5-509c54b15f2a"",""service"":""4978aa94-666c-47c7-8024-3ada55195a51"",""deployment"":""4f671b19-856f-4f29-8e22-bcb2c07f3849"",""replica"":""bfc33194-db6e-41f2-b558-4502f04e4238""}",2026-03-29T01:39:42.276069615Z
Setting up Prisma symlinks...,info,"{""level"":""info""}","{""project"":""ce3616d9-58ad-4ec7-a294-1821e1564434"",""environment"":""fb6513d0-42a4-4660-82b5-509c54b15f2a"",""service"":""4978aa94-666c-47c7-8024-3ada55195a51"",""deployment"":""4f671b19-856f-4f29-8e22-bcb2c07f3849"",""replica"":""bfc33194-db6e-41f2-b558-4502f04e4238""}",2026-03-29T01:39:42.276076828Z
Starting Next.js server...,info,"{""level"":""info""}","{""project"":""ce3616d9-58ad-4ec7-a294-1821e1564434"",""environment"":""fb6513d0-42a4-4660-82b5-509c54b15f2a"",""service"":""4978aa94-666c-47c7-8024-3ada55195a51"",""deployment"":""4f671b19-856f-4f29-8e22-bcb2c07f3849"",""replica"":""bfc33194-db6e-41f2-b558-4502f04e4238""}",2026-03-29T01:39:42.276084695Z
Waiting for Next.js to be ready...,info,"{""level"":""info""}","{""project"":""ce3616d9-58ad-4ec7-a294-1821e1564434"",""environment"":""fb6513d0-42a4-4660-82b5-509c54b15f2a"",""service"":""4978aa94-666c-47c7-8024-3ada55195a51"",""deployment"":""4f671b19-856f-4f29-8e22-bcb2c07f3849"",""replica"":""bfc33194-db6e-41f2-b558-4502f04e4238""}",2026-03-29T01:39:42.276094064Z
  Attempt 1/30: Checking http://localhost:3000/api/wa/health...,info,"{""level"":""info""}","{""project"":""ce3616d9-58ad-4ec7-a294-1821e1564434"",""environment"":""fb6513d0-42a4-4660-82b5-509c54b15f2a"",""service"":""4978aa94-666c-47c7-8024-3ada55195a51"",""deployment"":""4f671b19-856f-4f29-8e22-bcb2c07f3849"",""replica"":""bfc33194-db6e-41f2-b558-4502f04e4238""}",2026-03-29T01:39:42.276102186Z
"  ⏳ Next.js not ready yet, waiting 2s...",info,"{""level"":""info""}","{""project"":""ce3616d9-58ad-4ec7-a294-1821e1564434"",""environment"":""fb6513d0-42a4-4660-82b5-509c54b15f2a"",""service"":""4978aa94-666c-47c7-8024-3ada55195a51"",""deployment"":""4f671b19-856f-4f29-8e22-bcb2c07f3849"",""replica"":""bfc33194-db6e-41f2-b558-4502f04e4238""}",2026-03-29T01:39:42.276109080Z
▲ Next.js 16.1.6,info,"{""level"":""info""}","{""project"":""ce3616d9-58ad-4ec7-a294-1821e1564434"",""environment"":""fb6513d0-42a4-4660-82b5-509c54b15f2a"",""service"":""4978aa94-666c-47c7-8024-3ada55195a51"",""deployment"":""4f671b19-856f-4f29-8e22-bcb2c07f3849"",""replica"":""bfc33194-db6e-41f2-b558-4502f04e4238""}",2026-03-29T01:39:43.164705867Z
- Local:         http://localhost:3000,info,"{""level"":""info""}","{""project"":""ce3616d9-58ad-4ec7-a294-1821e1564434"",""environment"":""fb6513d0-42a4-4660-82b5-509c54b15f2a"",""service"":""4978aa94-666c-47c7-8024-3ada55195a51"",""deployment"":""4f671b19-856f-4f29-8e22-bcb2c07f3849"",""replica"":""bfc33194-db6e-41f2-b558-4502f04e4238""}",2026-03-29T01:39:43.164714651Z
- Network:       http://0.0.0.0:3000,info,"{""level"":""info""}","{""project"":""ce3616d9-58ad-4ec7-a294-1821e1564434"",""environment"":""fb6513d0-42a4-4660-82b5-509c54b15f2a"",""service"":""4978aa94-666c-47c7-8024-3ada55195a51"",""deployment"":""4f671b19-856f-4f29-8e22-bcb2c07f3849"",""replica"":""bfc33194-db6e-41f2-b558-4502f04e4238""}",2026-03-29T01:39:43.164721003Z
,info,"{""level"":""info""}","{""project"":""ce3616d9-58ad-4ec7-a294-1821e1564434"",""environment"":""fb6513d0-42a4-4660-82b5-509c54b15f2a"",""service"":""4978aa94-666c-47c7-8024-3ada55195a51"",""deployment"":""4f671b19-856f-4f29-8e22-bcb2c07f3849"",""replica"":""bfc33194-db6e-41f2-b558-4502f04e4238""}",2026-03-29T01:39:43.164726874Z
✓ Starting...,info,"{""level"":""info""}","{""project"":""ce3616d9-58ad-4ec7-a294-1821e1564434"",""environment"":""fb6513d0-42a4-4660-82b5-509c54b15f2a"",""service"":""4978aa94-666c-47c7-8024-3ada55195a51"",""deployment"":""4f671b19-856f-4f29-8e22-bcb2c07f3849"",""replica"":""bfc33194-db6e-41f2-b558-4502f04e4238""}",2026-03-29T01:39:43.164734519Z
✓ Ready in 155ms,info,"{""level"":""info""}","{""project"":""ce3616d9-58ad-4ec7-a294-1821e1564434"",""environment"":""fb6513d0-42a4-4660-82b5-509c54b15f2a"",""service"":""4978aa94-666c-47c7-8024-3ada55195a51"",""deployment"":""4f671b19-856f-4f29-8e22-bcb2c07f3849"",""replica"":""bfc33194-db6e-41f2-b558-4502f04e4238""}",2026-03-29T01:39:43.164741013Z
  Attempt 2/30: Checking http://localhost:3000/api/wa/health...,info,"{""level"":""info""}","{""project"":""ce3616d9-58ad-4ec7-a294-1821e1564434"",""environment"":""fb6513d0-42a4-4660-82b5-509c54b15f2a"",""service"":""4978aa94-666c-47c7-8024-3ada55195a51"",""deployment"":""4f671b19-856f-4f29-8e22-bcb2c07f3849"",""replica"":""bfc33194-db6e-41f2-b558-4502f04e4238""}",2026-03-29T01:39:44.221077522Z
"  ⏳ Next.js not ready yet, waiting 2s...",info,"{""level"":""info""}","{""project"":""ce3616d9-58ad-4ec7-a294-1821e1564434"",""environment"":""fb6513d0-42a4-4660-82b5-509c54b15f2a"",""service"":""4978aa94-666c-47c7-8024-3ada55195a51"",""deployment"":""4f671b19-856f-4f29-8e22-bcb2c07f3849"",""replica"":""bfc33194-db6e-41f2-b558-4502f04e4238""}",2026-03-29T01:39:44.221083632Z
  Attempt 3/30: Checking http://localhost:3000/api/wa/health...,info,"{""level"":""info""}","{""project"":""ce3616d9-58ad-4ec7-a294-1821e1564434"",""environment"":""fb6513d0-42a4-4660-82b5-509c54b15f2a"",""service"":""4978aa94-666c-47c7-8024-3ada55195a51"",""deployment"":""4f671b19-856f-4f29-8e22-bcb2c07f3849"",""replica"":""bfc33194-db6e-41f2-b558-4502f04e4238""}",2026-03-29T01:39:46.430757308Z
"  ⏳ Next.js not ready yet, waiting 2s...",info,"{""level"":""info""}","{""project"":""ce3616d9-58ad-4ec7-a294-1821e1564434"",""environment"":""fb6513d0-42a4-4660-82b5-509c54b15f2a"",""service"":""4978aa94-666c-47c7-8024-3ada55195a51"",""deployment"":""4f671b19-856f-4f29-8e22-bcb2c07f3849"",""replica"":""bfc33194-db6e-41f2-b558-4502f04e4238""}",2026-03-29T01:39:46.430762589Z
  Attempt 4/30: Checking http://localhost:3000/api/wa/health...,info,"{""level"":""info""}","{""project"":""ce3616d9-58ad-4ec7-a294-1821e1564434"",""environment"":""fb6513d0-42a4-4660-82b5-509c54b15f2a"",""service"":""4978aa94-666c-47c7-8024-3ada55195a51"",""deployment"":""4f671b19-856f-4f29-8e22-bcb2c07f3849"",""replica"":""bfc33194-db6e-41f2-b558-4502f04e4238""}",2026-03-29T01:39:48.357267547Z
"  ⏳ Next.js not ready yet, waiting 2s...",info,"{""level"":""info""}","{""project"":""ce3616d9-58ad-4ec7-a294-1821e1564434"",""environment"":""fb6513d0-42a4-4660-82b5-509c54b15f2a"",""service"":""4978aa94-666c-47c7-8024-3ada55195a51"",""deployment"":""4f671b19-856f-4f29-8e22-bcb2c07f3849"",""replica"":""bfc33194-db6e-41f2-b558-4502f04e4238""}",2026-03-29T01:39:48.357278683Z
  Attempt 5/30: Checking http://localhost:3000/api/wa/health...,info,"{""level"":""info""}","{""project"":""ce3616d9-58ad-4ec7-a294-1821e1564434"",""environment"":""fb6513d0-42a4-4660-82b5-509c54b15f2a"",""service"":""4978aa94-666c-47c7-8024-3ada55195a51"",""deployment"":""4f671b19-856f-4f29-8e22-bcb2c07f3849"",""replica"":""bfc33194-db6e-41f2-b558-4502f04e4238""}",2026-03-29T01:39:50.517903567Z
"  ⏳ Next.js not ready yet, waiting 2s...",info,"{""level"":""info""}","{""project"":""ce3616d9-58ad-4ec7-a294-1821e1564434"",""environment"":""fb6513d0-42a4-4660-82b5-509c54b15f2a"",""service"":""4978aa94-666c-47c7-8024-3ada55195a51"",""deployment"":""4f671b19-856f-4f29-8e22-bcb2c07f3849"",""replica"":""bfc33194-db6e-41f2-b558-4502f04e4238""}",2026-03-29T01:39:50.517910752Z
  Attempt 6/30: Checking http://localhost:3000/api/wa/health...,info,"{""level"":""info""}","{""project"":""ce3616d9-58ad-4ec7-a294-1821e1564434"",""environment"":""fb6513d0-42a4-4660-82b5-509c54b15f2a"",""service"":""4978aa94-666c-47c7-8024-3ada55195a51"",""deployment"":""4f671b19-856f-4f29-8e22-bcb2c07f3849"",""replica"":""bfc33194-db6e-41f2-b558-4502f04e4238""}",2026-03-29T01:39:52.549948315Z
"  ⏳ Next.js not ready yet, waiting 2s...",info,"{""level"":""info""}","{""project"":""ce3616d9-58ad-4ec7-a294-1821e1564434"",""environment"":""fb6513d0-42a4-4660-82b5-509c54b15f2a"",""service"":""4978aa94-666c-47c7-8024-3ada55195a51"",""deployment"":""4f671b19-856f-4f29-8e22-bcb2c07f3849"",""replica"":""bfc33194-db6e-41f2-b558-4502f04e4238""}",2026-03-29T01:39:52.549963106Z
  Attempt 7/30: Checking http://localhost:3000/api/wa/health...,info,"{""level"":""info""}","{""project"":""ce3616d9-58ad-4ec7-a294-1821e1564434"",""environment"":""fb6513d0-42a4-4660-82b5-509c54b15f2a"",""service"":""4978aa94-666c-47c7-8024-3ada55195a51"",""deployment"":""4f671b19-856f-4f29-8e22-bcb2c07f3849"",""replica"":""bfc33194-db6e-41f2-b558-4502f04e4238""}",2026-03-29T01:39:54.604024874Z
"  ⏳ Next.js not ready yet, waiting 2s...",info,"{""level"":""info""}","{""project"":""ce3616d9-58ad-4ec7-a294-1821e1564434"",""environment"":""fb6513d0-42a4-4660-82b5-509c54b15f2a"",""service"":""4978aa94-666c-47c7-8024-3ada55195a51"",""deployment"":""4f671b19-856f-4f29-8e22-bcb2c07f3849"",""replica"":""bfc33194-db6e-41f2-b558-4502f04e4238""}",2026-03-29T01:39:54.604032361Z
  Attempt 8/30: Checking http://localhost:3000/api/wa/health...,info,"{""level"":""info""}","{""project"":""ce3616d9-58ad-4ec7-a294-1821e1564434"",""environment"":""fb6513d0-42a4-4660-82b5-509c54b15f2a"",""service"":""4978aa94-666c-47c7-8024-3ada55195a51"",""deployment"":""4f671b19-856f-4f29-8e22-bcb2c07f3849"",""replica"":""bfc33194-db6e-41f2-b558-4502f04e4238""}",2026-03-29T01:39:56.582198267Z
"  ⏳ Next.js not ready yet, waiting 2s...",info,"{""level"":""info""}","{""project"":""ce3616d9-58ad-4ec7-a294-1821e1564434"",""environment"":""fb6513d0-42a4-4660-82b5-509c54b15f2a"",""service"":""4978aa94-666c-47c7-8024-3ada55195a51"",""deployment"":""4f671b19-856f-4f29-8e22-bcb2c07f3849"",""replica"":""bfc33194-db6e-41f2-b558-4502f04e4238""}",2026-03-29T01:39:56.582206231Z
  Attempt 9/30: Checking http://localhost:3000/api/wa/health...,info,"{""level"":""info""}","{""project"":""ce3616d9-58ad-4ec7-a294-1821e1564434"",""environment"":""fb6513d0-42a4-4660-82b5-509c54b15f2a"",""service"":""4978aa94-666c-47c7-8024-3ada55195a51"",""deployment"":""4f671b19-856f-4f29-8e22-bcb2c07f3849"",""replica"":""bfc33194-db6e-41f2-b558-4502f04e4238""}",2026-03-29T01:39:58.370727093Z
"  ⏳ Next.js not ready yet, waiting 2s...",info,"{""level"":""info""}","{""project"":""ce3616d9-58ad-4ec7-a294-1821e1564434"",""environment"":""fb6513d0-42a4-4660-82b5-509c54b15f2a"",""service"":""4978aa94-666c-47c7-8024-3ada55195a51"",""deployment"":""4f671b19-856f-4f29-8e22-bcb2c07f3849"",""replica"":""bfc33194-db6e-41f2-b558-4502f04e4238""}",2026-03-29T01:39:58.370733636Z
  Attempt 10/30: Checking http://localhost:3000/api/wa/health...,info,"{""level"":""info""}","{""project"":""ce3616d9-58ad-4ec7-a294-1821e1564434"",""environment"":""fb6513d0-42a4-4660-82b5-509c54b15f2a"",""service"":""4978aa94-666c-47c7-8024-3ada55195a51"",""deployment"":""4f671b19-856f-4f29-8e22-bcb2c07f3849"",""replica"":""bfc33194-db6e-41f2-b558-4502f04e4238""}",2026-03-29T01:40:00.692078572Z
"  ⏳ Next.js not ready yet, waiting 2s...",info,"{""level"":""info""}","{""project"":""ce3616d9-58ad-4ec7-a294-1821e1564434"",""environment"":""fb6513d0-42a4-4660-82b5-509c54b15f2a"",""service"":""4978aa94-666c-47c7-8024-3ada55195a51"",""deployment"":""4f671b19-856f-4f29-8e22-bcb2c07f3849"",""replica"":""bfc33194-db6e-41f2-b558-4502f04e4238""}",2026-03-29T01:40:00.692087045Z
  Attempt 11/30: Checking http://localhost:3000/api/wa/health...,info,"{""level"":""info""}","{""project"":""ce3616d9-58ad-4ec7-a294-1821e1564434"",""environment"":""fb6513d0-42a4-4660-82b5-509c54b15f2a"",""service"":""4978aa94-666c-47c7-8024-3ada55195a51"",""deployment"":""4f671b19-856f-4f29-8e22-bcb2c07f3849"",""replica"":""bfc33194-db6e-41f2-b558-4502f04e4238""}",2026-03-29T01:40:02.495606889Z
"  ⏳ Next.js not ready yet, waiting 2s...",info,"{""level"":""info""}","{""project"":""ce3616d9-58ad-4ec7-a294-1821e1564434"",""environment"":""fb6513d0-42a4-4660-82b5-509c54b15f2a"",""service"":""4978aa94-666c-47c7-8024-3ada55195a51"",""deployment"":""4f671b19-856f-4f29-8e22-bcb2c07f3849"",""replica"":""bfc33194-db6e-41f2-b558-4502f04e4238""}",2026-03-29T01:40:02.495615252Z
  Attempt 12/30: Checking http://localhost:3000/api/wa/health...,info,"{""level"":""info""}","{""project"":""ce3616d9-58ad-4ec7-a294-1821e1564434"",""environment"":""fb6513d0-42a4-4660-82b5-509c54b15f2a"",""service"":""4978aa94-666c-47c7-8024-3ada55195a51"",""deployment"":""4f671b19-856f-4f29-8e22-bcb2c07f3849"",""replica"":""bfc33194-db6e-41f2-b558-4502f04e4238""}",2026-03-29T01:40:04.990444800Z
"  ⏳ Next.js not ready yet, waiting 2s...",info,"{""level"":""info""}","{""project"":""ce3616d9-58ad-4ec7-a294-1821e1564434"",""environment"":""fb6513d0-42a4-4660-82b5-509c54b15f2a"",""service"":""4978aa94-666c-47c7-8024-3ada55195a51"",""deployment"":""4f671b19-856f-4f29-8e22-bcb2c07f3849"",""replica"":""bfc33194-db6e-41f2-b558-4502f04e4238""}",2026-03-29T01:40:04.990450782Z
  Attempt 13/30: Checking http://localhost:3000/api/wa/health...,info,"{""level"":""info""}","{""project"":""ce3616d9-58ad-4ec7-a294-1821e1564434"",""environment"":""fb6513d0-42a4-4660-82b5-509c54b15f2a"",""service"":""4978aa94-666c-47c7-8024-3ada55195a51"",""deployment"":""4f671b19-856f-4f29-8e22-bcb2c07f3849"",""replica"":""bfc33194-db6e-41f2-b558-4502f04e4238""}",2026-03-29T01:40:06.591773515Z
"  ⏳ Next.js not ready yet, waiting 2s...",info,"{""level"":""info""}","{""project"":""ce3616d9-58ad-4ec7-a294-1821e1564434"",""environment"":""fb6513d0-42a4-4660-82b5-509c54b15f2a"",""service"":""4978aa94-666c-47c7-8024-3ada55195a51"",""deployment"":""4f671b19-856f-4f29-8e22-bcb2c07f3849"",""replica"":""bfc33194-db6e-41f2-b558-4502f04e4238""}",2026-03-29T01:40:06.591785834Z
  Attempt 14/30: Checking http://localhost:3000/api/wa/health...,info,"{""level"":""info""}","{""project"":""ce3616d9-58ad-4ec7-a294-1821e1564434"",""environment"":""fb6513d0-42a4-4660-82b5-509c54b15f2a"",""service"":""4978aa94-666c-47c7-8024-3ada55195a51"",""deployment"":""4f671b19-856f-4f29-8e22-bcb2c07f3849"",""replica"":""bfc33194-db6e-41f2-b558-4502f04e4238""}",2026-03-29T01:40:08.838281228Z
"  ⏳ Next.js not ready yet, waiting 2s...",info,"{""level"":""info""}","{""project"":""ce3616d9-58ad-4ec7-a294-1821e1564434"",""environment"":""fb6513d0-42a4-4660-82b5-509c54b15f2a"",""service"":""4978aa94-666c-47c7-8024-3ada55195a51"",""deployment"":""4f671b19-856f-4f29-8e22-bcb2c07f3849"",""replica"":""bfc33194-db6e-41f2-b558-4502f04e4238""}",2026-03-29T01:40:08.838286265Z
  Attempt 15/30: Checking http://localhost:3000/api/wa/health...,info,"{""level"":""info""}","{""project"":""ce3616d9-58ad-4ec7-a294-1821e1564434"",""environment"":""fb6513d0-42a4-4660-82b5-509c54b15f2a"",""service"":""4978aa94-666c-47c7-8024-3ada55195a51"",""deployment"":""4f671b19-856f-4f29-8e22-bcb2c07f3849"",""replica"":""bfc33194-db6e-41f2-b558-4502f04e4238""}",2026-03-29T01:40:10.780002403Z
"  ⏳ Next.js not ready yet, waiting 2s...",info,"{""level"":""info""}","{""project"":""ce3616d9-58ad-4ec7-a294-1821e1564434"",""environment"":""fb6513d0-42a4-4660-82b5-509c54b15f2a"",""service"":""4978aa94-666c-47c7-8024-3ada55195a51"",""deployment"":""4f671b19-856f-4f29-8e22-bcb2c07f3849"",""replica"":""bfc33194-db6e-41f2-b558-4502f04e4238""}",2026-03-29T01:40:10.780008455Z
  Attempt 16/30: Checking http://localhost:3000/api/wa/health...,info,"{""level"":""info""}","{""project"":""ce3616d9-58ad-4ec7-a294-1821e1564434"",""environment"":""fb6513d0-42a4-4660-82b5-509c54b15f2a"",""service"":""4978aa94-666c-47c7-8024-3ada55195a51"",""deployment"":""4f671b19-856f-4f29-8e22-bcb2c07f3849"",""replica"":""bfc33194-db6e-41f2-b558-4502f04e4238""}",2026-03-29T01:40:12.836007843Z
"  ⏳ Next.js not ready yet, waiting 2s...",info,"{""level"":""info""}","{""project"":""ce3616d9-58ad-4ec7-a294-1821e1564434"",""environment"":""fb6513d0-42a4-4660-82b5-509c54b15f2a"",""service"":""4978aa94-666c-47c7-8024-3ada55195a51"",""deployment"":""4f671b19-856f-4f29-8e22-bcb2c07f3849"",""replica"":""bfc33194-db6e-41f2-b558-4502f04e4238""}",2026-03-29T01:40:12.836014281Z
  Attempt 17/30: Checking http://localhost:3000/api/wa/health...,info,"{""level"":""info""}","{""project"":""ce3616d9-58ad-4ec7-a294-1821e1564434"",""environment"":""fb6513d0-42a4-4660-82b5-509c54b15f2a"",""service"":""4978aa94-666c-47c7-8024-3ada55195a51"",""deployment"":""4f671b19-856f-4f29-8e22-bcb2c07f3849"",""replica"":""bfc33194-db6e-41f2-b558-4502f04e4238""}",2026-03-29T01:40:14.530567492Z
"  ⏳ Next.js not ready yet, waiting 2s...",info,"{""level"":""info""}","{""project"":""ce3616d9-58ad-4ec7-a294-1821e1564434"",""environment"":""fb6513d0-42a4-4660-82b5-509c54b15f2a"",""service"":""4978aa94-666c-47c7-8024-3ada55195a51"",""deployment"":""4f671b19-856f-4f29-8e22-bcb2c07f3849"",""replica"":""bfc33194-db6e-41f2-b558-4502f04e4238""}",2026-03-29T01:40:14.530573169Z
  Attempt 18/30: Checking http://localhost:3000/api/wa/health...,info,"{""level"":""info""}","{""project"":""ce3616d9-58ad-4ec7-a294-1821e1564434"",""environment"":""fb6513d0-42a4-4660-82b5-509c54b15f2a"",""service"":""4978aa94-666c-47c7-8024-3ada55195a51"",""deployment"":""4f671b19-856f-4f29-8e22-bcb2c07f3849"",""replica"":""bfc33194-db6e-41f2-b558-4502f04e4238""}",2026-03-29T01:40:16.363652677Z
"  ⏳ Next.js not ready yet, waiting 2s...",info,"{""level"":""info""}","{""project"":""ce3616d9-58ad-4ec7-a294-1821e1564434"",""environment"":""fb6513d0-42a4-4660-82b5-509c54b15f2a"",""service"":""4978aa94-666c-47c7-8024-3ada55195a51"",""deployment"":""4f671b19-856f-4f29-8e22-bcb2c07f3849"",""replica"":""bfc33194-db6e-41f2-b558-4502f04e4238""}",2026-03-29T01:40:16.363660608Z
  Attempt 19/30: Checking http://localhost:3000/api/wa/health...,info,"{""level"":""info""}","{""project"":""ce3616d9-58ad-4ec7-a294-1821e1564434"",""environment"":""fb6513d0-42a4-4660-82b5-509c54b15f2a"",""service"":""4978aa94-666c-47c7-8024-3ada55195a51"",""deployment"":""4f671b19-856f-4f29-8e22-bcb2c07f3849"",""replica"":""bfc33194-db6e-41f2-b558-4502f04e4238""}",2026-03-29T01:40:18.376196410Z
"  ⏳ Next.js not ready yet, waiting 2s...",info,"{""level"":""info""}","{""project"":""ce3616d9-58ad-4ec7-a294-1821e1564434"",""environment"":""fb6513d0-42a4-4660-82b5-509c54b15f2a"",""service"":""4978aa94-666c-47c7-8024-3ada55195a51"",""deployment"":""4f671b19-856f-4f29-8e22-bcb2c07f3849"",""replica"":""bfc33194-db6e-41f2-b558-4502f04e4238""}",2026-03-29T01:40:18.376201691Z
  Attempt 20/30: Checking http://localhost:3000/api/wa/health...,info,"{""level"":""info""}","{""project"":""ce3616d9-58ad-4ec7-a294-1821e1564434"",""environment"":""fb6513d0-42a4-4660-82b5-509c54b15f2a"",""service"":""4978aa94-666c-47c7-8024-3ada55195a51"",""deployment"":""4f671b19-856f-4f29-8e22-bcb2c07f3849"",""replica"":""bfc33194-db6e-41f2-b558-4502f04e4238""}",2026-03-29T01:40:20.582942520Z
"  ⏳ Next.js not ready yet, waiting 2s...",info,"{""level"":""info""}","{""project"":""ce3616d9-58ad-4ec7-a294-1821e1564434"",""environment"":""fb6513d0-42a4-4660-82b5-509c54b15f2a"",""service"":""4978aa94-666c-47c7-8024-3ada55195a51"",""deployment"":""4f671b19-856f-4f29-8e22-bcb2c07f3849"",""replica"":""bfc33194-db6e-41f2-b558-4502f04e4238""}",2026-03-29T01:40:20.583028479Z
[WA API] GET error: [Error: Unable to connect. Is the computer able to access the url?] {,error,"{""level"":""error""}","{""project"":""ce3616d9-58ad-4ec7-a294-1821e1564434"",""environment"":""fb6513d0-42a4-4660-82b5-509c54b15f2a"",""service"":""4978aa94-666c-47c7-8024-3ada55195a51"",""deployment"":""4f671b19-856f-4f29-8e22-bcb2c07f3849"",""replica"":""bfc33194-db6e-41f2-b558-4502f04e4238""}",2026-03-29T01:40:21.535345698Z
"  code: 'ConnectionRefused',",error,"{""level"":""error""}","{""project"":""ce3616d9-58ad-4ec7-a294-1821e1564434"",""environment"":""fb6513d0-42a4-4660-82b5-509c54b15f2a"",""service"":""4978aa94-666c-47c7-8024-3ada55195a51"",""deployment"":""4f671b19-856f-4f29-8e22-bcb2c07f3849"",""replica"":""bfc33194-db6e-41f2-b558-4502f04e4238""}",2026-03-29T01:40:21.535353995Z
"  path: 'http://localhost:3030/logs?',",error,"{""level"":""error""}","{""project"":""ce3616d9-58ad-4ec7-a294-1821e1564434"",""environment"":""fb6513d0-42a4-4660-82b5-509c54b15f2a"",""service"":""4978aa94-666c-47c7-8024-3ada55195a51"",""deployment"":""4f671b19-856f-4f29-8e22-bcb2c07f3849"",""replica"":""bfc33194-db6e-41f2-b558-4502f04e4238""}",2026-03-29T01:40:21.535360538Z
  errno: 0,error,"{""level"":""error""}","{""project"":""ce3616d9-58ad-4ec7-a294-1821e1564434"",""environment"":""fb6513d0-42a4-4660-82b5-509c54b15f2a"",""service"":""4978aa94-666c-47c7-8024-3ada55195a51"",""deployment"":""4f671b19-856f-4f29-8e22-bcb2c07f3849"",""replica"":""bfc33194-db6e-41f2-b558-4502f04e4238""}",2026-03-29T01:40:21.535367216Z
},error,"{""level"":""error""}","{""project"":""ce3616d9-58ad-4ec7-a294-1821e1564434"",""environment"":""fb6513d0-42a4-4660-82b5-509c54b15f2a"",""service"":""4978aa94-666c-47c7-8024-3ada55195a51"",""deployment"":""4f671b19-856f-4f29-8e22-bcb2c07f3849"",""replica"":""bfc33194-db6e-41f2-b558-4502f04e4238""}",2026-03-29T01:40:21.535380063Z
[WA API] GET error: [Error: Unable to connect. Is the computer able to access the url?] {,error,"{""level"":""error""}","{""project"":""ce3616d9-58ad-4ec7-a294-1821e1564434"",""environment"":""fb6513d0-42a4-4660-82b5-509c54b15f2a"",""service"":""4978aa94-666c-47c7-8024-3ada55195a51"",""deployment"":""4f671b19-856f-4f29-8e22-bcb2c07f3849"",""replica"":""bfc33194-db6e-41f2-b558-4502f04e4238""}",2026-03-29T01:40:21.535387868Z
"  code: 'ConnectionRefused',",error,"{""level"":""error""}","{""project"":""ce3616d9-58ad-4ec7-a294-1821e1564434"",""environment"":""fb6513d0-42a4-4660-82b5-509c54b15f2a"",""service"":""4978aa94-666c-47c7-8024-3ada55195a51"",""deployment"":""4f671b19-856f-4f29-8e22-bcb2c07f3849"",""replica"":""bfc33194-db6e-41f2-b558-4502f04e4238""}",2026-03-29T01:40:21.535394957Z
"  path: 'http://localhost:3030/accounts?',",error,"{""level"":""error""}","{""project"":""ce3616d9-58ad-4ec7-a294-1821e1564434"",""environment"":""fb6513d0-42a4-4660-82b5-509c54b15f2a"",""service"":""4978aa94-666c-47c7-8024-3ada55195a51"",""deployment"":""4f671b19-856f-4f29-8e22-bcb2c07f3849"",""replica"":""bfc33194-db6e-41f2-b558-4502f04e4238""}",2026-03-29T01:40:21.535402215Z
  errno: 0,error,"{""level"":""error""}","{""project"":""ce3616d9-58ad-4ec7-a294-1821e1564434"",""environment"":""fb6513d0-42a4-4660-82b5-509c54b15f2a"",""service"":""4978aa94-666c-47c7-8024-3ada55195a51"",""deployment"":""4f671b19-856f-4f29-8e22-bcb2c07f3849"",""replica"":""bfc33194-db6e-41f2-b558-4502f04e4238""}",2026-03-29T01:40:21.535409060Z
},error,"{""level"":""error""}","{""project"":""ce3616d9-58ad-4ec7-a294-1821e1564434"",""environment"":""fb6513d0-42a4-4660-82b5-509c54b15f2a"",""service"":""4978aa94-666c-47c7-8024-3ada55195a51"",""deployment"":""4f671b19-856f-4f29-8e22-bcb2c07f3849"",""replica"":""bfc33194-db6e-41f2-b558-4502f04e4238""}",2026-03-29T01:40:21.535548786Z
[WA API] GET error: [Error: Unable to connect. Is the computer able to access the url?] {,error,"{""level"":""error""}","{""project"":""ce3616d9-58ad-4ec7-a294-1821e1564434"",""environment"":""fb6513d0-42a4-4660-82b5-509c54b15f2a"",""service"":""4978aa94-666c-47c7-8024-3ada55195a51"",""deployment"":""4f671b19-856f-4f29-8e22-bcb2c07f3849"",""replica"":""bfc33194-db6e-41f2-b558-4502f04e4238""}",2026-03-29T01:40:21.535558057Z
"  code: 'ConnectionRefused',",error,"{""level"":""error""}","{""project"":""ce3616d9-58ad-4ec7-a294-1821e1564434"",""environment"":""fb6513d0-42a4-4660-82b5-509c54b15f2a"",""service"":""4978aa94-666c-47c7-8024-3ada55195a51"",""deployment"":""4f671b19-856f-4f29-8e22-bcb2c07f3849"",""replica"":""bfc33194-db6e-41f2-b558-4502f04e4238""}",2026-03-29T01:40:21.535565290Z
"  path: 'http://localhost:3030/chat-pairs?',",error,"{""level"":""error""}","{""project"":""ce3616d9-58ad-4ec7-a294-1821e1564434"",""environment"":""fb6513d0-42a4-4660-82b5-509c54b15f2a"",""service"":""4978aa94-666c-47c7-8024-3ada55195a51"",""deployment"":""4f671b19-856f-4f29-8e22-bcb2c07f3849"",""replica"":""bfc33194-db6e-41f2-b558-4502f04e4238""}",2026-03-29T01:40:21.535574021Z
  errno: 0,error,"{""level"":""error""}","{""project"":""ce3616d9-58ad-4ec7-a294-1821e1564434"",""environment"":""fb6513d0-42a4-4660-82b5-509c54b15f2a"",""service"":""4978aa94-666c-47c7-8024-3ada55195a51"",""deployment"":""4f671b19-856f-4f29-8e22-bcb2c07f3849"",""replica"":""bfc33194-db6e-41f2-b558-4502f04e4238""}",2026-03-29T01:40:21.535581285Z
},error,"{""level"":""error""}","{""project"":""ce3616d9-58ad-4ec7-a294-1821e1564434"",""environment"":""fb6513d0-42a4-4660-82b5-509c54b15f2a"",""service"":""4978aa94-666c-47c7-8024-3ada55195a51"",""deployment"":""4f671b19-856f-4f29-8e22-bcb2c07f3849"",""replica"":""bfc33194-db6e-41f2-b558-4502f04e4238""}",2026-03-29T01:40:21.535587769Z
  Attempt 21/30: Checking http://localhost:3000/api/wa/health...,info,"{""level"":""info""}","{""project"":""ce3616d9-58ad-4ec7-a294-1821e1564434"",""environment"":""fb6513d0-42a4-4660-82b5-509c54b15f2a"",""service"":""4978aa94-666c-47c7-8024-3ada55195a51"",""deployment"":""4f671b19-856f-4f29-8e22-bcb2c07f3849"",""replica"":""bfc33194-db6e-41f2-b558-4502f04e4238""}",2026-03-29T01:40:22.363308309Z
"  ⏳ Next.js not ready yet, waiting 2s...",info,"{""level"":""info""}","{""project"":""ce3616d9-58ad-4ec7-a294-1821e1564434"",""environment"":""fb6513d0-42a4-4660-82b5-509c54b15f2a"",""service"":""4978aa94-666c-47c7-8024-3ada55195a51"",""deployment"":""4f671b19-856f-4f29-8e22-bcb2c07f3849"",""replica"":""bfc33194-db6e-41f2-b558-4502f04e4238""}",2026-03-29T01:40:22.363317021Z
  Attempt 22/30: Checking http://localhost:3000/api/wa/health...,info,"{""level"":""info""}","{""project"":""ce3616d9-58ad-4ec7-a294-1821e1564434"",""environment"":""fb6513d0-42a4-4660-82b5-509c54b15f2a"",""service"":""4978aa94-666c-47c7-8024-3ada55195a51"",""deployment"":""4f671b19-856f-4f29-8e22-bcb2c07f3849"",""replica"":""bfc33194-db6e-41f2-b558-4502f04e4238""}",2026-03-29T01:40:24.365063039Z
"  ⏳ Next.js not ready yet, waiting 2s...",info,"{""level"":""info""}","{""project"":""ce3616d9-58ad-4ec7-a294-1821e1564434"",""environment"":""fb6513d0-42a4-4660-82b5-509c54b15f2a"",""service"":""4978aa94-666c-47c7-8024-3ada55195a51"",""deployment"":""4f671b19-856f-4f29-8e22-bcb2c07f3849"",""replica"":""bfc33194-db6e-41f2-b558-4502f04e4238""}",2026-03-29T01:40:24.365070658Z
  Attempt 23/30: Checking http://localhost:3000/api/wa/health...,info,"{""level"":""info""}","{""project"":""ce3616d9-58ad-4ec7-a294-1821e1564434"",""environment"":""fb6513d0-42a4-4660-82b5-509c54b15f2a"",""service"":""4978aa94-666c-47c7-8024-3ada55195a51"",""deployment"":""4f671b19-856f-4f29-8e22-bcb2c07f3849"",""replica"":""bfc33194-db6e-41f2-b558-4502f04e4238""}",2026-03-29T01:40:26.605299617Z
"  ⏳ Next.js not ready yet, waiting 2s...",info,"{""level"":""info""}","{""project"":""ce3616d9-58ad-4ec7-a294-1821e1564434"",""environment"":""fb6513d0-42a4-4660-82b5-509c54b15f2a"",""service"":""4978aa94-666c-47c7-8024-3ada55195a51"",""deployment"":""4f671b19-856f-4f29-8e22-bcb2c07f3849"",""replica"":""bfc33194-db6e-41f2-b558-4502f04e4238""}",2026-03-29T01:40:26.605310509Z
  Attempt 24/30: Checking http://localhost:3000/api/wa/health...,info,"{""level"":""info""}","{""project"":""ce3616d9-58ad-4ec7-a294-1821e1564434"",""environment"":""fb6513d0-42a4-4660-82b5-509c54b15f2a"",""service"":""4978aa94-666c-47c7-8024-3ada55195a51"",""deployment"":""4f671b19-856f-4f29-8e22-bcb2c07f3849"",""replica"":""bfc33194-db6e-41f2-b558-4502f04e4238""}",2026-03-29T01:40:28.860790842Z
"  ⏳ Next.js not ready yet, waiting 2s...",info,"{""level"":""info""}","{""project"":""ce3616d9-58ad-4ec7-a294-1821e1564434"",""environment"":""fb6513d0-42a4-4660-82b5-509c54b15f2a"",""service"":""4978aa94-666c-47c7-8024-3ada55195a51"",""deployment"":""4f671b19-856f-4f29-8e22-bcb2c07f3849"",""replica"":""bfc33194-db6e-41f2-b558-4502f04e4238""}",2026-03-29T01:40:28.860800194Z
  Attempt 25/30: Checking http://localhost:3000/api/wa/health...,info,"{""level"":""info""}","{""project"":""ce3616d9-58ad-4ec7-a294-1821e1564434"",""environment"":""fb6513d0-42a4-4660-82b5-509c54b15f2a"",""service"":""4978aa94-666c-47c7-8024-3ada55195a51"",""deployment"":""4f671b19-856f-4f29-8e22-bcb2c07f3849"",""replica"":""bfc33194-db6e-41f2-b558-4502f04e4238""}",2026-03-29T01:40:30.322781722Z
"  ⏳ Next.js not ready yet, waiting 2s...",info,"{""level"":""info""}","{""project"":""ce3616d9-58ad-4ec7-a294-1821e1564434"",""environment"":""fb6513d0-42a4-4660-82b5-509c54b15f2a"",""service"":""4978aa94-666c-47c7-8024-3ada55195a51"",""deployment"":""4f671b19-856f-4f29-8e22-bcb2c07f3849"",""replica"":""bfc33194-db6e-41f2-b558-4502f04e4238""}",2026-03-29T01:40:30.322789831Z
  Attempt 26/30: Checking http://localhost:3000/api/wa/health...,info,"{""level"":""info""}","{""project"":""ce3616d9-58ad-4ec7-a294-1821e1564434"",""environment"":""fb6513d0-42a4-4660-82b5-509c54b15f2a"",""service"":""4978aa94-666c-47c7-8024-3ada55195a51"",""deployment"":""4f671b19-856f-4f29-8e22-bcb2c07f3849"",""replica"":""bfc33194-db6e-41f2-b558-4502f04e4238""}",2026-03-29T01:40:32.202269071Z
"  ⏳ Next.js not ready yet, waiting 2s...",info,"{""level"":""info""}","{""project"":""ce3616d9-58ad-4ec7-a294-1821e1564434"",""environment"":""fb6513d0-42a4-4660-82b5-509c54b15f2a"",""service"":""4978aa94-666c-47c7-8024-3ada55195a51"",""deployment"":""4f671b19-856f-4f29-8e22-bcb2c07f3849"",""replica"":""bfc33194-db6e-41f2-b558-4502f04e4238""}",2026-03-29T01:40:32.202274882Z
  Attempt 27/30: Checking http://localhost:3000/api/wa/health...,info,"{""level"":""info""}","{""project"":""ce3616d9-58ad-4ec7-a294-1821e1564434"",""environment"":""fb6513d0-42a4-4660-82b5-509c54b15f2a"",""service"":""4978aa94-666c-47c7-8024-3ada55195a51"",""deployment"":""4f671b19-856f-4f29-8e22-bcb2c07f3849"",""replica"":""bfc33194-db6e-41f2-b558-4502f04e4238""}",2026-03-29T01:40:34.208084863Z
"  ⏳ Next.js not ready yet, waiting 2s...",info,"{""level"":""info""}","{""project"":""ce3616d9-58ad-4ec7-a294-1821e1564434"",""environment"":""fb6513d0-42a4-4660-82b5-509c54b15f2a"",""service"":""4978aa94-666c-47c7-8024-3ada55195a51"",""deployment"":""4f671b19-856f-4f29-8e22-bcb2c07f3849"",""replica"":""bfc33194-db6e-41f2-b558-4502f04e4238""}",2026-03-29T01:40:34.208102876Z
  Attempt 28/30: Checking http://localhost:3000/api/wa/health...,info,"{""level"":""info""}","{""project"":""ce3616d9-58ad-4ec7-a294-1821e1564434"",""environment"":""fb6513d0-42a4-4660-82b5-509c54b15f2a"",""service"":""4978aa94-666c-47c7-8024-3ada55195a51"",""deployment"":""4f671b19-856f-4f29-8e22-bcb2c07f3849"",""replica"":""bfc33194-db6e-41f2-b558-4502f04e4238""}",2026-03-29T01:40:36.214370454Z
"  ⏳ Next.js not ready yet, waiting 2s...",info,"{""level"":""info""}","{""project"":""ce3616d9-58ad-4ec7-a294-1821e1564434"",""environment"":""fb6513d0-42a4-4660-82b5-509c54b15f2a"",""service"":""4978aa94-666c-47c7-8024-3ada55195a51"",""deployment"":""4f671b19-856f-4f29-8e22-bcb2c07f3849"",""replica"":""bfc33194-db6e-41f2-b558-4502f04e4238""}",2026-03-29T01:40:36.214382117Z
[WA API] GET error: [Error: Unable to connect. Is the computer able to access the url?] {,error,"{""level"":""error""}","{""project"":""ce3616d9-58ad-4ec7-a294-1821e1564434"",""environment"":""fb6513d0-42a4-4660-82b5-509c54b15f2a"",""service"":""4978aa94-666c-47c7-8024-3ada55195a51"",""deployment"":""4f671b19-856f-4f29-8e22-bcb2c07f3849"",""replica"":""bfc33194-db6e-41f2-b558-4502f04e4238""}",2026-03-29T01:40:37.778320413Z
"  code: 'ConnectionRefused',",error,"{""level"":""error""}","{""project"":""ce3616d9-58ad-4ec7-a294-1821e1564434"",""environment"":""fb6513d0-42a4-4660-82b5-509c54b15f2a"",""service"":""4978aa94-666c-47c7-8024-3ada55195a51"",""deployment"":""4f671b19-856f-4f29-8e22-bcb2c07f3849"",""replica"":""bfc33194-db6e-41f2-b558-4502f04e4238""}",2026-03-29T01:40:37.778327539Z
"  path: 'http://localhost:3030/logs?',",error,"{""level"":""error""}","{""project"":""ce3616d9-58ad-4ec7-a294-1821e1564434"",""environment"":""fb6513d0-42a4-4660-82b5-509c54b15f2a"",""service"":""4978aa94-666c-47c7-8024-3ada55195a51"",""deployment"":""4f671b19-856f-4f29-8e22-bcb2c07f3849"",""replica"":""bfc33194-db6e-41f2-b558-4502f04e4238""}",2026-03-29T01:40:37.778334563Z
  errno: 0,error,"{""level"":""error""}","{""project"":""ce3616d9-58ad-4ec7-a294-1821e1564434"",""environment"":""fb6513d0-42a4-4660-82b5-509c54b15f2a"",""service"":""4978aa94-666c-47c7-8024-3ada55195a51"",""deployment"":""4f671b19-856f-4f29-8e22-bcb2c07f3849"",""replica"":""bfc33194-db6e-41f2-b558-4502f04e4238""}",2026-03-29T01:40:37.778341000Z
},error,"{""level"":""error""}","{""project"":""ce3616d9-58ad-4ec7-a294-1821e1564434"",""environment"":""fb6513d0-42a4-4660-82b5-509c54b15f2a"",""service"":""4978aa94-666c-47c7-8024-3ada55195a51"",""deployment"":""4f671b19-856f-4f29-8e22-bcb2c07f3849"",""replica"":""bfc33194-db6e-41f2-b558-4502f04e4238""}",2026-03-29T01:40:37.778346976Z
[WA API] GET error: [Error: Unable to connect. Is the computer able to access the url?] {,error,"{""level"":""error""}","{""project"":""ce3616d9-58ad-4ec7-a294-1821e1564434"",""environment"":""fb6513d0-42a4-4660-82b5-509c54b15f2a"",""service"":""4978aa94-666c-47c7-8024-3ada55195a51"",""deployment"":""4f671b19-856f-4f29-8e22-bcb2c07f3849"",""replica"":""bfc33194-db6e-41f2-b558-4502f04e4238""}",2026-03-29T01:40:37.778356484Z
"  code: 'ConnectionRefused',",error,"{""level"":""error""}","{""project"":""ce3616d9-58ad-4ec7-a294-1821e1564434"",""environment"":""fb6513d0-42a4-4660-82b5-509c54b15f2a"",""service"":""4978aa94-666c-47c7-8024-3ada55195a51"",""deployment"":""4f671b19-856f-4f29-8e22-bcb2c07f3849"",""replica"":""bfc33194-db6e-41f2-b558-4502f04e4238""}",2026-03-29T01:40:37.778363048Z
"  path: 'http://localhost:3030/accounts?',",error,"{""level"":""error""}","{""project"":""ce3616d9-58ad-4ec7-a294-1821e1564434"",""environment"":""fb6513d0-42a4-4660-82b5-509c54b15f2a"",""service"":""4978aa94-666c-47c7-8024-3ada55195a51"",""deployment"":""4f671b19-856f-4f29-8e22-bcb2c07f3849"",""replica"":""bfc33194-db6e-41f2-b558-4502f04e4238""}",2026-03-29T01:40:37.778369448Z
[WA API] GET error: [Error: Unable to connect. Is the computer able to access the url?] {,error,"{""level"":""error""}","{""project"":""ce3616d9-58ad-4ec7-a294-1821e1564434"",""environment"":""fb6513d0-42a4-4660-82b5-509c54b15f2a"",""service"":""4978aa94-666c-47c7-8024-3ada55195a51"",""deployment"":""4f671b19-856f-4f29-8e22-bcb2c07f3849"",""replica"":""bfc33194-db6e-41f2-b558-4502f04e4238""}",2026-03-29T01:40:37.778377707Z
"  code: 'ConnectionRefused',",error,"{""level"":""error""}","{""project"":""ce3616d9-58ad-4ec7-a294-1821e1564434"",""environment"":""fb6513d0-42a4-4660-82b5-509c54b15f2a"",""service"":""4978aa94-666c-47c7-8024-3ada55195a51"",""deployment"":""4f671b19-856f-4f29-8e22-bcb2c07f3849"",""replica"":""bfc33194-db6e-41f2-b558-4502f04e4238""}",2026-03-29T01:40:37.778386132Z
"  path: 'http://localhost:3030/chat-pairs?',",error,"{""level"":""error""}","{""project"":""ce3616d9-58ad-4ec7-a294-1821e1564434"",""environment"":""fb6513d0-42a4-4660-82b5-509c54b15f2a"",""service"":""4978aa94-666c-47c7-8024-3ada55195a51"",""deployment"":""4f671b19-856f-4f29-8e22-bcb2c07f3849"",""replica"":""bfc33194-db6e-41f2-b558-4502f04e4238""}",2026-03-29T01:40:37.778393194Z
  errno: 0,error,"{""level"":""error""}","{""project"":""ce3616d9-58ad-4ec7-a294-1821e1564434"",""environment"":""fb6513d0-42a4-4660-82b5-509c54b15f2a"",""service"":""4978aa94-666c-47c7-8024-3ada55195a51"",""deployment"":""4f671b19-856f-4f29-8e22-bcb2c07f3849"",""replica"":""bfc33194-db6e-41f2-b558-4502f04e4238""}",2026-03-29T01:40:37.778400065Z
},error,"{""level"":""error""}","{""project"":""ce3616d9-58ad-4ec7-a294-1821e1564434"",""environment"":""fb6513d0-42a4-4660-82b5-509c54b15f2a"",""service"":""4978aa94-666c-47c7-8024-3ada55195a51"",""deployment"":""4f671b19-856f-4f29-8e22-bcb2c07f3849"",""replica"":""bfc33194-db6e-41f2-b558-4502f04e4238""}",2026-03-29T01:40:37.778406788Z
  errno: 0,error,"{""level"":""error""}","{""project"":""ce3616d9-58ad-4ec7-a294-1821e1564434"",""environment"":""fb6513d0-42a4-4660-82b5-509c54b15f2a"",""service"":""4978aa94-666c-47c7-8024-3ada55195a51"",""deployment"":""4f671b19-856f-4f29-8e22-bcb2c07f3849"",""replica"":""bfc33194-db6e-41f2-b558-4502f04e4238""}",2026-03-29T01:40:37.778476657Z
},error,"{""level"":""error""}","{""project"":""ce3616d9-58ad-4ec7-a294-1821e1564434"",""environment"":""fb6513d0-42a4-4660-82b5-509c54b15f2a"",""service"":""4978aa94-666c-47c7-8024-3ada55195a51"",""deployment"":""4f671b19-856f-4f29-8e22-bcb2c07f3849"",""replica"":""bfc33194-db6e-41f2-b558-4502f04e4238""}",2026-03-29T01:40:37.778482731Z
"  ⏳ Next.js not ready yet, waiting 2s...",info,"{""level"":""info""}","{""project"":""ce3616d9-58ad-4ec7-a294-1821e1564434"",""environment"":""fb6513d0-42a4-4660-82b5-509c54b15f2a"",""service"":""4978aa94-666c-47c7-8024-3ada55195a51"",""deployment"":""4f671b19-856f-4f29-8e22-bcb2c07f3849"",""replica"":""bfc33194-db6e-41f2-b558-4502f04e4238""}",2026-03-29T01:40:38.803158607Z
  Attempt 29/30: Checking http://localhost:3000/api/wa/health...,info,"{""level"":""info""}","{""project"":""ce3616d9-58ad-4ec7-a294-1821e1564434"",""environment"":""fb6513d0-42a4-4660-82b5-509c54b15f2a"",""service"":""4978aa94-666c-47c7-8024-3ada55195a51"",""deployment"":""4f671b19-856f-4f29-8e22-bcb2c07f3849"",""replica"":""bfc33194-db6e-41f2-b558-4502f04e4238""}",2026-03-29T01:40:38.803251895Z
  Attempt 30/30: Checking http://localhost:3000/api/wa/health...,info,"{""level"":""info""}","{""project"":""ce3616d9-58ad-4ec7-a294-1821e1564434"",""environment"":""fb6513d0-42a4-4660-82b5-509c54b15f2a"",""service"":""4978aa94-666c-47c7-8024-3ada55195a51"",""deployment"":""4f671b19-856f-4f29-8e22-bcb2c07f3849"",""replica"":""bfc33194-db6e-41f2-b558-4502f04e4238""}",2026-03-29T01:40:40.688610991Z
"  ⏳ Next.js not ready yet, waiting 2s...",info,"{""level"":""info""}","{""project"":""ce3616d9-58ad-4ec7-a294-1821e1564434"",""environment"":""fb6513d0-42a4-4660-82b5-509c54b15f2a"",""service"":""4978aa94-666c-47c7-8024-3ada55195a51"",""deployment"":""4f671b19-856f-4f29-8e22-bcb2c07f3849"",""replica"":""bfc33194-db6e-41f2-b558-4502f04e4238""}",2026-03-29T01:40:40.688616223Z
"  ⚠️ Next.js health check failed after 30 attempts, continuing anyway...",info,"{""level"":""info""}","{""project"":""ce3616d9-58ad-4ec7-a294-1821e1564434"",""environment"":""fb6513d0-42a4-4660-82b5-509c54b15f2a"",""service"":""4978aa94-666c-47c7-8024-3ada55195a51"",""deployment"":""4f671b19-856f-4f29-8e22-bcb2c07f3849"",""replica"":""bfc33194-db6e-41f2-b558-4502f04e4238""}",2026-03-29T01:40:42.740316380Z
==========================================,info,"{""level"":""info""}","{""project"":""ce3616d9-58ad-4ec7-a294-1821e1564434"",""environment"":""fb6513d0-42a4-4660-82b5-509c54b15f2a"",""service"":""4978aa94-666c-47c7-8024-3ada55195a51"",""deployment"":""4f671b19-856f-4f29-8e22-bcb2c07f3849"",""replica"":""bfc33194-db6e-41f2-b558-4502f04e4238""}",2026-03-29T01:40:43.766956314Z
Starting WhatsApp Warmer Service,info,"{""level"":""info""}","{""project"":""ce3616d9-58ad-4ec7-a294-1821e1564434"",""environment"":""fb6513d0-42a4-4660-82b5-509c54b15f2a"",""service"":""4978aa94-666c-47c7-8024-3ada55195a51"",""deployment"":""4f671b19-856f-4f29-8e22-bcb2c07f3849"",""replica"":""bfc33194-db6e-41f2-b558-4502f04e4238""}",2026-03-29T01:40:43.766962370Z
==========================================,info,"{""level"":""info""}","{""project"":""ce3616d9-58ad-4ec7-a294-1821e1564434"",""environment"":""fb6513d0-42a4-4660-82b5-509c54b15f2a"",""service"":""4978aa94-666c-47c7-8024-3ada55195a51"",""deployment"":""4f671b19-856f-4f29-8e22-bcb2c07f3849"",""replica"":""bfc33194-db6e-41f2-b558-4502f04e4238""}",2026-03-29T01:40:43.766967660Z
Running Prisma migrations...,info,"{""level"":""info""}","{""project"":""ce3616d9-58ad-4ec7-a294-1821e1564434"",""environment"":""fb6513d0-42a4-4660-82b5-509c54b15f2a"",""service"":""4978aa94-666c-47c7-8024-3ada55195a51"",""deployment"":""4f671b19-856f-4f29-8e22-bcb2c07f3849"",""replica"":""bfc33194-db6e-41f2-b558-4502f04e4238""}",2026-03-29T01:40:43.766977116Z
  Attempt 1/30: Checking http://localhost:3000/api/wa/health...,info,"{""level"":""info""}","{""project"":""ce3616d9-58ad-4ec7-a294-1821e1564434"",""environment"":""fb6513d0-42a4-4660-82b5-509c54b15f2a"",""service"":""4978aa94-666c-47c7-8024-3ada55195a51"",""deployment"":""4f671b19-856f-4f29-8e22-bcb2c07f3849"",""replica"":""bfc33194-db6e-41f2-b558-4502f04e4238""}",2026-03-29T01:40:45.698766964Z
,info,"{""level"":""info""}","{""project"":""ce3616d9-58ad-4ec7-a294-1821e1564434"",""environment"":""fb6513d0-42a4-4660-82b5-509c54b15f2a"",""service"":""4978aa94-666c-47c7-8024-3ada55195a51"",""deployment"":""4f671b19-856f-4f29-8e22-bcb2c07f3849"",""replica"":""bfc33194-db6e-41f2-b558-4502f04e4238""}",2026-03-29T01:40:45.698772034Z
Setting up Prisma symlinks...,info,"{""level"":""info""}","{""project"":""ce3616d9-58ad-4ec7-a294-1821e1564434"",""environment"":""fb6513d0-42a4-4660-82b5-509c54b15f2a"",""service"":""4978aa94-666c-47c7-8024-3ada55195a51"",""deployment"":""4f671b19-856f-4f29-8e22-bcb2c07f3849"",""replica"":""bfc33194-db6e-41f2-b558-4502f04e4238""}",2026-03-29T01:40:45.698774199Z
"  ⏳ Next.js not ready yet, waiting 2s...",info,"{""level"":""info""}","{""project"":""ce3616d9-58ad-4ec7-a294-1821e1564434"",""environment"":""fb6513d0-42a4-4660-82b5-509c54b15f2a"",""service"":""4978aa94-666c-47c7-8024-3ada55195a51"",""deployment"":""4f671b19-856f-4f29-8e22-bcb2c07f3849"",""replica"":""bfc33194-db6e-41f2-b558-4502f04e4238""}",2026-03-29T01:40:45.698778494Z
The database is already in sync with the Prisma schema.,info,"{""level"":""info""}","{""project"":""ce3616d9-58ad-4ec7-a294-1821e1564434"",""environment"":""fb6513d0-42a4-4660-82b5-509c54b15f2a"",""service"":""4978aa94-666c-47c7-8024-3ada55195a51"",""deployment"":""4f671b19-856f-4f29-8e22-bcb2c07f3849"",""replica"":""bfc33194-db6e-41f2-b558-4502f04e4238""}",2026-03-29T01:40:45.698781097Z
Starting Next.js server...,info,"{""level"":""info""}","{""project"":""ce3616d9-58ad-4ec7-a294-1821e1564434"",""environment"":""fb6513d0-42a4-4660-82b5-509c54b15f2a"",""service"":""4978aa94-666c-47c7-8024-3ada55195a51"",""deployment"":""4f671b19-856f-4f29-8e22-bcb2c07f3849"",""replica"":""bfc33194-db6e-41f2-b558-4502f04e4238""}",2026-03-29T01:40:45.698784785Z
,info,"{""level"":""info""}","{""project"":""ce3616d9-58ad-4ec7-a294-1821e1564434"",""environment"":""fb6513d0-42a4-4660-82b5-509c54b15f2a"",""service"":""4978aa94-666c-47c7-8024-3ada55195a51"",""deployment"":""4f671b19-856f-4f29-8e22-bcb2c07f3849"",""replica"":""bfc33194-db6e-41f2-b558-4502f04e4238""}",2026-03-29T01:40:45.698787983Z
Waiting for Next.js to be ready...,info,"{""level"":""info""}","{""project"":""ce3616d9-58ad-4ec7-a294-1821e1564434"",""environment"":""fb6513d0-42a4-4660-82b5-509c54b15f2a"",""service"":""4978aa94-666c-47c7-8024-3ada55195a51"",""deployment"":""4f671b19-856f-4f29-8e22-bcb2c07f3849"",""replica"":""bfc33194-db6e-41f2-b558-4502f04e4238""}",2026-03-29T01:40:45.698793188Z
Prisma schema loaded from prisma/schema.prisma,info,"{""level"":""info""}","{""project"":""ce3616d9-58ad-4ec7-a294-1821e1564434"",""environment"":""fb6513d0-42a4-4660-82b5-509c54b15f2a"",""service"":""4978aa94-666c-47c7-8024-3ada55195a51"",""deployment"":""4f671b19-856f-4f29-8e22-bcb2c07f3849"",""replica"":""bfc33194-db6e-41f2-b558-4502f04e4238""}",2026-03-29T01:40:45.698826797Z
"Datasource ""db"": SQLite database ""whatsapp.db"" at ""file:/app/data/whatsapp.db""",info,"{""level"":""info""}","{""project"":""ce3616d9-58ad-4ec7-a294-1821e1564434"",""environment"":""fb6513d0-42a4-4660-82b5-509c54b15f2a"",""service"":""4978aa94-666c-47c7-8024-3ada55195a51"",""deployment"":""4f671b19-856f-4f29-8e22-bcb2c07f3849"",""replica"":""bfc33194-db6e-41f2-b558-4502f04e4238""}",2026-03-29T01:40:45.698832693Z
▲ Next.js 16.1.6,info,"{""level"":""info""}","{""project"":""ce3616d9-58ad-4ec7-a294-1821e1564434"",""environment"":""fb6513d0-42a4-4660-82b5-509c54b15f2a"",""service"":""4978aa94-666c-47c7-8024-3ada55195a51"",""deployment"":""4f671b19-856f-4f29-8e22-bcb2c07f3849"",""replica"":""bfc33194-db6e-41f2-b558-4502f04e4238""}",2026-03-29T01:40:45.764831883Z
- Local:         http://localhost:3000,info,"{""level"":""info""}","{""project"":""ce3616d9-58ad-4ec7-a294-1821e1564434"",""environment"":""fb6513d0-42a4-4660-82b5-509c54b15f2a"",""service"":""4978aa94-666c-47c7-8024-3ada55195a51"",""deployment"":""4f671b19-856f-4f29-8e22-bcb2c07f3849"",""replica"":""bfc33194-db6e-41f2-b558-4502f04e4238""}",2026-03-29T01:40:45.764848701Z
- Network:       http://0.0.0.0:3000,info,"{""level"":""info""}","{""project"":""ce3616d9-58ad-4ec7-a294-1821e1564434"",""environment"":""fb6513d0-42a4-4660-82b5-509c54b15f2a"",""service"":""4978aa94-666c-47c7-8024-3ada55195a51"",""deployment"":""4f671b19-856f-4f29-8e22-bcb2c07f3849"",""replica"":""bfc33194-db6e-41f2-b558-4502f04e4238""}",2026-03-29T01:40:45.764858240Z
,info,"{""level"":""info""}","{""project"":""ce3616d9-58ad-4ec7-a294-1821e1564434"",""environment"":""fb6513d0-42a4-4660-82b5-509c54b15f2a"",""service"":""4978aa94-666c-47c7-8024-3ada55195a51"",""deployment"":""4f671b19-856f-4f29-8e22-bcb2c07f3849"",""replica"":""bfc33194-db6e-41f2-b558-4502f04e4238""}",2026-03-29T01:40:45.764865682Z
✓ Starting...,info,"{""level"":""info""}","{""project"":""ce3616d9-58ad-4ec7-a294-1821e1564434"",""environment"":""fb6513d0-42a4-4660-82b5-509c54b15f2a"",""service"":""4978aa94-666c-47c7-8024-3ada55195a51"",""deployment"":""4f671b19-856f-4f29-8e22-bcb2c07f3849"",""replica"":""bfc33194-db6e-41f2-b558-4502f04e4238""}",2026-03-29T01:40:45.764872689Z
✓ Ready in 165ms,info,"{""level"":""info""}","{""project"":""ce3616d9-58ad-4ec7-a294-1821e1564434"",""environment"":""fb6513d0-42a4-4660-82b5-509c54b15f2a"",""service"":""4978aa94-666c-47c7-8024-3ada55195a51"",""deployment"":""4f671b19-856f-4f29-8e22-bcb2c07f3849"",""replica"":""bfc33194-db6e-41f2-b558-4502f04e4238""}",2026-03-29T01:40:45.910562267Z
  Attempt 2/30: Checking http://localhost:3000/api/wa/health...,info,"{""level"":""info""}","{""project"":""ce3616d9-58ad-4ec7-a294-1821e1564434"",""environment"":""fb6513d0-42a4-4660-82b5-509c54b15f2a"",""service"":""4978aa94-666c-47c7-8024-3ada55195a51"",""deployment"":""4f671b19-856f-4f29-8e22-bcb2c07f3849"",""replica"":""bfc33194-db6e-41f2-b558-4502f04e4238""}",2026-03-29T01:40:47.727562067Z
"  ⏳ Next.js not ready yet, waiting 2s...",info,"{""level"":""info""}","{""project"":""ce3616d9-58ad-4ec7-a294-1821e1564434"",""environment"":""fb6513d0-42a4-4660-82b5-509c54b15f2a"",""service"":""4978aa94-666c-47c7-8024-3ada55195a51"",""deployment"":""4f671b19-856f-4f29-8e22-bcb2c07f3849"",""replica"":""bfc33194-db6e-41f2-b558-4502f04e4238""}",2026-03-29T01:40:47.727567697Z
  Attempt 3/30: Checking http://localhost:3000/api/wa/health...,info,"{""level"":""info""}","{""project"":""ce3616d9-58ad-4ec7-a294-1821e1564434"",""environment"":""fb6513d0-42a4-4660-82b5-509c54b15f2a"",""service"":""4978aa94-666c-47c7-8024-3ada55195a51"",""deployment"":""4f671b19-856f-4f29-8e22-bcb2c07f3849"",""replica"":""bfc33194-db6e-41f2-b558-4502f04e4238""}",2026-03-29T01:40:49.645931319Z
"  ⏳ Next.js not ready yet, waiting 2s...",info,"{""level"":""info""}","{""project"":""ce3616d9-58ad-4ec7-a294-1821e1564434"",""environment"":""fb6513d0-42a4-4660-82b5-509c54b15f2a"",""service"":""4978aa94-666c-47c7-8024-3ada55195a51"",""deployment"":""4f671b19-856f-4f29-8e22-bcb2c07f3849"",""replica"":""bfc33194-db6e-41f2-b558-4502f04e4238""}",2026-03-29T01:40:49.645937306Z
  Attempt 4/30: Checking http://localhost:3000/api/wa/health...,info,"{""level"":""info""}","{""project"":""ce3616d9-58ad-4ec7-a294-1821e1564434"",""environment"":""fb6513d0-42a4-4660-82b5-509c54b15f2a"",""service"":""4978aa94-666c-47c7-8024-3ada55195a51"",""deployment"":""4f671b19-856f-4f29-8e22-bcb2c07f3849"",""replica"":""bfc33194-db6e-41f2-b558-4502f04e4238""}",2026-03-29T01:40:51.687761378Z
"  ⏳ Next.js not ready yet, waiting 2s...",info,"{""level"":""info""}","{""project"":""ce3616d9-58ad-4ec7-a294-1821e1564434"",""environment"":""fb6513d0-42a4-4660-82b5-509c54b15f2a"",""service"":""4978aa94-666c-47c7-8024-3ada55195a51"",""deployment"":""4f671b19-856f-4f29-8e22-bcb2c07f3849"",""replica"":""bfc33194-db6e-41f2-b558-4502f04e4238""}",2026-03-29T01:40:51.687776221Z
  Attempt 5/30: Checking http://localhost:3000/api/wa/health...,info,"{""level"":""info""}","{""project"":""ce3616d9-58ad-4ec7-a294-1821e1564434"",""environment"":""fb6513d0-42a4-4660-82b5-509c54b15f2a"",""service"":""4978aa94-666c-47c7-8024-3ada55195a51"",""deployment"":""4f671b19-856f-4f29-8e22-bcb2c07f3849"",""replica"":""bfc33194-db6e-41f2-b558-4502f04e4238""}",2026-03-29T01:40:54.257425253Z
"  ⏳ Next.js not ready yet, waiting 2s...",info,"{""level"":""info""}","{""project"":""ce3616d9-58ad-4ec7-a294-1821e1564434"",""environment"":""fb6513d0-42a4-4660-82b5-509c54b15f2a"",""service"":""4978aa94-666c-47c7-8024-3ada55195a51"",""deployment"":""4f671b19-856f-4f29-8e22-bcb2c07f3849"",""replica"":""bfc33194-db6e-41f2-b558-4502f04e4238""}",2026-03-29T01:40:54.257435416Z
  Attempt 6/30: Checking http://localhost:3000/api/wa/health...,info,"{""level"":""info""}","{""project"":""ce3616d9-58ad-4ec7-a294-1821e1564434"",""environment"":""fb6513d0-42a4-4660-82b5-509c54b15f2a"",""service"":""4978aa94-666c-47c7-8024-3ada55195a51"",""deployment"":""4f671b19-856f-4f29-8e22-bcb2c07f3849"",""replica"":""bfc33194-db6e-41f2-b558-4502f04e4238""}",2026-03-29T01:40:55.290743702Z
"  ⏳ Next.js not ready yet, waiting 2s...",info,"{""level"":""info""}","{""project"":""ce3616d9-58ad-4ec7-a294-1821e1564434"",""environment"":""fb6513d0-42a4-4660-82b5-509c54b15f2a"",""service"":""4978aa94-666c-47c7-8024-3ada55195a51"",""deployment"":""4f671b19-856f-4f29-8e22-bcb2c07f3849"",""replica"":""bfc33194-db6e-41f2-b558-4502f04e4238""}",2026-03-29T01:40:55.290751370Z
  Attempt 7/30: Checking http://localhost:3000/api/wa/health...,info,"{""level"":""info""}","{""project"":""ce3616d9-58ad-4ec7-a294-1821e1564434"",""environment"":""fb6513d0-42a4-4660-82b5-509c54b15f2a"",""service"":""4978aa94-666c-47c7-8024-3ada55195a51"",""deployment"":""4f671b19-856f-4f29-8e22-bcb2c07f3849"",""replica"":""bfc33194-db6e-41f2-b558-4502f04e4238""}",2026-03-29T01:40:57.300363403Z
"  ⏳ Next.js not ready yet, waiting 2s...",info,"{""level"":""info""}","{""project"":""ce3616d9-58ad-4ec7-a294-1821e1564434"",""environment"":""fb6513d0-42a4-4660-82b5-509c54b15f2a"",""service"":""4978aa94-666c-47c7-8024-3ada55195a51"",""deployment"":""4f671b19-856f-4f29-8e22-bcb2c07f3849"",""replica"":""bfc33194-db6e-41f2-b558-4502f04e4238""}",2026-03-29T01:40:57.300377427Z
  Attempt 8/30: Checking http://localhost:3000/api/wa/health...,info,"{""level"":""info""}","{""project"":""ce3616d9-58ad-4ec7-a294-1821e1564434"",""environment"":""fb6513d0-42a4-4660-82b5-509c54b15f2a"",""service"":""4978aa94-666c-47c7-8024-3ada55195a51"",""deployment"":""4f671b19-856f-4f29-8e22-bcb2c07f3849"",""replica"":""bfc33194-db6e-41f2-b558-4502f04e4238""}",2026-03-29T01:40:59.600464677Z
"  ⏳ Next.js not ready yet, waiting 2s...",info,"{""level"":""info""}","{""project"":""ce3616d9-58ad-4ec7-a294-1821e1564434"",""environment"":""fb6513d0-42a4-4660-82b5-509c54b15f2a"",""service"":""4978aa94-666c-47c7-8024-3ada55195a51"",""deployment"":""4f671b19-856f-4f29-8e22-bcb2c07f3849"",""replica"":""bfc33194-db6e-41f2-b558-4502f04e4238""}",2026-03-29T01:40:59.600471957Z
  Attempt 9/30: Checking http://localhost:3000/api/wa/health...,info,"{""level"":""info""}","{""project"":""ce3616d9-58ad-4ec7-a294-1821e1564434"",""environment"":""fb6513d0-42a4-4660-82b5-509c54b15f2a"",""service"":""4978aa94-666c-47c7-8024-3ada55195a51"",""deployment"":""4f671b19-856f-4f29-8e22-bcb2c07f3849"",""replica"":""bfc33194-db6e-41f2-b558-4502f04e4238""}",2026-03-29T01:41:01.363065480Z
"  ⏳ Next.js not ready yet, waiting 2s...",info,"{""level"":""info""}","{""project"":""ce3616d9-58ad-4ec7-a294-1821e1564434"",""environment"":""fb6513d0-42a4-4660-82b5-509c54b15f2a"",""service"":""4978aa94-666c-47c7-8024-3ada55195a51"",""deployment"":""4f671b19-856f-4f29-8e22-bcb2c07f3849"",""replica"":""bfc33194-db6e-41f2-b558-4502f04e4238""}",2026-03-29T01:41:01.363072060Z
  Attempt 10/30: Checking http://localhost:3000/api/wa/health...,info,"{""level"":""info""}","{""project"":""ce3616d9-58ad-4ec7-a294-1821e1564434"",""environment"":""fb6513d0-42a4-4660-82b5-509c54b15f2a"",""service"":""4978aa94-666c-47c7-8024-3ada55195a51"",""deployment"":""4f671b19-856f-4f29-8e22-bcb2c07f3849"",""replica"":""bfc33194-db6e-41f2-b558-4502f04e4238""}",2026-03-29T01:41:03.299067938Z
"  ⏳ Next.js not ready yet, waiting 2s...",info,"{""level"":""info""}","{""project"":""ce3616d9-58ad-4ec7-a294-1821e1564434"",""environment"":""fb6513d0-42a4-4660-82b5-509c54b15f2a"",""service"":""4978aa94-666c-47c7-8024-3ada55195a51"",""deployment"":""4f671b19-856f-4f29-8e22-bcb2c07f3849"",""replica"":""bfc33194-db6e-41f2-b558-4502f04e4238""}",2026-03-29T01:41:03.299074508Z
  Attempt 11/30: Checking http://localhost:3000/api/wa/health...,info,"{""level"":""info""}","{""project"":""ce3616d9-58ad-4ec7-a294-1821e1564434"",""environment"":""fb6513d0-42a4-4660-82b5-509c54b15f2a"",""service"":""4978aa94-666c-47c7-8024-3ada55195a51"",""deployment"":""4f671b19-856f-4f29-8e22-bcb2c07f3849"",""replica"":""bfc33194-db6e-41f2-b558-4502f04e4238""}",2026-03-29T01:41:05.523656251Z
"  ⏳ Next.js not ready yet, waiting 2s...",info,"{""level"":""info""}","{""project"":""ce3616d9-58ad-4ec7-a294-1821e1564434"",""environment"":""fb6513d0-42a4-4660-82b5-509c54b15f2a"",""service"":""4978aa94-666c-47c7-8024-3ada55195a51"",""deployment"":""4f671b19-856f-4f29-8e22-bcb2c07f3849"",""replica"":""bfc33194-db6e-41f2-b558-4502f04e4238""}",2026-03-29T01:41:05.523662944Z
  Attempt 12/30: Checking http://localhost:3000/api/wa/health...,info,"{""level"":""info""}","{""project"":""ce3616d9-58ad-4ec7-a294-1821e1564434"",""environment"":""fb6513d0-42a4-4660-82b5-509c54b15f2a"",""service"":""4978aa94-666c-47c7-8024-3ada55195a51"",""deployment"":""4f671b19-856f-4f29-8e22-bcb2c07f3849"",""replica"":""bfc33194-db6e-41f2-b558-4502f04e4238""}",2026-03-29T01:41:07.514113593Z
"  ⏳ Next.js not ready yet, waiting 2s...",info,"{""level"":""info""}","{""project"":""ce3616d9-58ad-4ec7-a294-1821e1564434"",""environment"":""fb6513d0-42a4-4660-82b5-509c54b15f2a"",""service"":""4978aa94-666c-47c7-8024-3ada55195a51"",""deployment"":""4f671b19-856f-4f29-8e22-bcb2c07f3849"",""replica"":""bfc33194-db6e-41f2-b558-4502f04e4238""}",2026-03-29T01:41:07.514127987Z
  Attempt 13/30: Checking http://localhost:3000/api/wa/health...,info,"{""level"":""info""}","{""project"":""ce3616d9-58ad-4ec7-a294-1821e1564434"",""environment"":""fb6513d0-42a4-4660-82b5-509c54b15f2a"",""service"":""4978aa94-666c-47c7-8024-3ada55195a51"",""deployment"":""4f671b19-856f-4f29-8e22-bcb2c07f3849"",""replica"":""bfc33194-db6e-41f2-b558-4502f04e4238""}",2026-03-29T01:41:09.301848754Z
"  ⏳ Next.js not ready yet, waiting 2s...",info,"{""level"":""info""}","{""project"":""ce3616d9-58ad-4ec7-a294-1821e1564434"",""environment"":""fb6513d0-42a4-4660-82b5-509c54b15f2a"",""service"":""4978aa94-666c-47c7-8024-3ada55195a51"",""deployment"":""4f671b19-856f-4f29-8e22-bcb2c07f3849"",""replica"":""bfc33194-db6e-41f2-b558-4502f04e4238""}",2026-03-29T01:41:09.301859557Z
  Attempt 14/30: Checking http://localhost:3000/api/wa/health...,info,"{""level"":""info""}","{""project"":""ce3616d9-58ad-4ec7-a294-1821e1564434"",""environment"":""fb6513d0-42a4-4660-82b5-509c54b15f2a"",""service"":""4978aa94-666c-47c7-8024-3ada55195a51"",""deployment"":""4f671b19-856f-4f29-8e22-bcb2c07f3849"",""replica"":""bfc33194-db6e-41f2-b558-4502f04e4238""}",2026-03-29T01:41:11.825902141Z
"  ⏳ Next.js not ready yet, waiting 2s...",info,"{""level"":""info""}","{""project"":""ce3616d9-58ad-4ec7-a294-1821e1564434"",""environment"":""fb6513d0-42a4-4660-82b5-509c54b15f2a"",""service"":""4978aa94-666c-47c7-8024-3ada55195a51"",""deployment"":""4f671b19-856f-4f29-8e22-bcb2c07f3849"",""replica"":""bfc33194-db6e-41f2-b558-4502f04e4238""}",2026-03-29T01:41:11.825916094Z
  Attempt 15/30: Checking http://localhost:3000/api/wa/health...,info,"{""level"":""info""}","{""project"":""ce3616d9-58ad-4ec7-a294-1821e1564434"",""environment"":""fb6513d0-42a4-4660-82b5-509c54b15f2a"",""service"":""4978aa94-666c-47c7-8024-3ada55195a51"",""deployment"":""4f671b19-856f-4f29-8e22-bcb2c07f3849"",""replica"":""bfc33194-db6e-41f2-b558-4502f04e4238""}",2026-03-29T01:41:14.277105321Z
"  ⏳ Next.js not ready yet, waiting 2s...",info,"{""level"":""info""}","{""project"":""ce3616d9-58ad-4ec7-a294-1821e1564434"",""environment"":""fb6513d0-42a4-4660-82b5-509c54b15f2a"",""service"":""4978aa94-666c-47c7-8024-3ada55195a51"",""deployment"":""4f671b19-856f-4f29-8e22-bcb2c07f3849"",""replica"":""bfc33194-db6e-41f2-b558-4502f04e4238""}",2026-03-29T01:41:14.277112158Z
  Attempt 16/30: Checking http://localhost:3000/api/wa/health...,info,"{""level"":""info""}","{""project"":""ce3616d9-58ad-4ec7-a294-1821e1564434"",""environment"":""fb6513d0-42a4-4660-82b5-509c54b15f2a"",""service"":""4978aa94-666c-47c7-8024-3ada55195a51"",""deployment"":""4f671b19-856f-4f29-8e22-bcb2c07f3849"",""replica"":""bfc33194-db6e-41f2-b558-4502f04e4238""}",2026-03-29T01:41:16.148902781Z
"  ⏳ Next.js not ready yet, waiting 2s...",info,"{""level"":""info""}","{""project"":""ce3616d9-58ad-4ec7-a294-1821e1564434"",""environment"":""fb6513d0-42a4-4660-82b5-509c54b15f2a"",""service"":""4978aa94-666c-47c7-8024-3ada55195a51"",""deployment"":""4f671b19-856f-4f29-8e22-bcb2c07f3849"",""replica"":""bfc33194-db6e-41f2-b558-4502f04e4238""}",2026-03-29T01:41:16.148909727Z
  Attempt 17/30: Checking http://localhost:3000/api/wa/health...,info,"{""level"":""info""}","{""project"":""ce3616d9-58ad-4ec7-a294-1821e1564434"",""environment"":""fb6513d0-42a4-4660-82b5-509c54b15f2a"",""service"":""4978aa94-666c-47c7-8024-3ada55195a51"",""deployment"":""4f671b19-856f-4f29-8e22-bcb2c07f3849"",""replica"":""bfc33194-db6e-41f2-b558-4502f04e4238""}",2026-03-29T01:41:17.920762763Z
"  ⏳ Next.js not ready yet, waiting 2s...",info,"{""level"":""info""}","{""project"":""ce3616d9-58ad-4ec7-a294-1821e1564434"",""environment"":""fb6513d0-42a4-4660-82b5-509c54b15f2a"",""service"":""4978aa94-666c-47c7-8024-3ada55195a51"",""deployment"":""4f671b19-856f-4f29-8e22-bcb2c07f3849"",""replica"":""bfc33194-db6e-41f2-b558-4502f04e4238""}",2026-03-29T01:41:17.920770806Z
  Attempt 18/30: Checking http://localhost:3000/api/wa/health...,info,"{""level"":""info""}","{""project"":""ce3616d9-58ad-4ec7-a294-1821e1564434"",""environment"":""fb6513d0-42a4-4660-82b5-509c54b15f2a"",""service"":""4978aa94-666c-47c7-8024-3ada55195a51"",""deployment"":""4f671b19-856f-4f29-8e22-bcb2c07f3849"",""replica"":""bfc33194-db6e-41f2-b558-4502f04e4238""}",2026-03-29T01:41:19.998675449Z
"  ⏳ Next.js not ready yet, waiting 2s...",info,"{""level"":""info""}","{""project"":""ce3616d9-58ad-4ec7-a294-1821e1564434"",""environment"":""fb6513d0-42a4-4660-82b5-509c54b15f2a"",""service"":""4978aa94-666c-47c7-8024-3ada55195a51"",""deployment"":""4f671b19-856f-4f29-8e22-bcb2c07f3849"",""replica"":""bfc33194-db6e-41f2-b558-4502f04e4238""}",2026-03-29T01:41:19.998680042Z
"  code: 'ConnectionRefused',",error,"{""level"":""error""}","{""project"":""ce3616d9-58ad-4ec7-a294-1821e1564434"",""environment"":""fb6513d0-42a4-4660-82b5-509c54b15f2a"",""service"":""4978aa94-666c-47c7-8024-3ada55195a51"",""deployment"":""4f671b19-856f-4f29-8e22-bcb2c07f3849"",""replica"":""bfc33194-db6e-41f2-b558-4502f04e4238""}",2026-03-29T01:41:20.898409389Z
"  path: 'http://localhost:3030/logs?',",error,"{""level"":""error""}","{""project"":""ce3616d9-58ad-4ec7-a294-1821e1564434"",""environment"":""fb6513d0-42a4-4660-82b5-509c54b15f2a"",""service"":""4978aa94-666c-47c7-8024-3ada55195a51"",""deployment"":""4f671b19-856f-4f29-8e22-bcb2c07f3849"",""replica"":""bfc33194-db6e-41f2-b558-4502f04e4238""}",2026-03-29T01:41:20.898414796Z
  errno: 0,error,"{""level"":""error""}","{""project"":""ce3616d9-58ad-4ec7-a294-1821e1564434"",""environment"":""fb6513d0-42a4-4660-82b5-509c54b15f2a"",""service"":""4978aa94-666c-47c7-8024-3ada55195a51"",""deployment"":""4f671b19-856f-4f29-8e22-bcb2c07f3849"",""replica"":""bfc33194-db6e-41f2-b558-4502f04e4238""}",2026-03-29T01:41:20.898419488Z
},error,"{""level"":""error""}","{""project"":""ce3616d9-58ad-4ec7-a294-1821e1564434"",""environment"":""fb6513d0-42a4-4660-82b5-509c54b15f2a"",""service"":""4978aa94-666c-47c7-8024-3ada55195a51"",""deployment"":""4f671b19-856f-4f29-8e22-bcb2c07f3849"",""replica"":""bfc33194-db6e-41f2-b558-4502f04e4238""}",2026-03-29T01:41:20.898424496Z
[Socket.io Proxy] GET error: Unable to connect. Is the computer able to access the url?,error,"{""level"":""error""}","{""project"":""ce3616d9-58ad-4ec7-a294-1821e1564434"",""environment"":""fb6513d0-42a4-4660-82b5-509c54b15f2a"",""service"":""4978aa94-666c-47c7-8024-3ada55195a51"",""deployment"":""4f671b19-856f-4f29-8e22-bcb2c07f3849"",""replica"":""bfc33194-db6e-41f2-b558-4502f04e4238""}",2026-03-29T01:41:20.898429721Z
[WA API] GET error: [Error: Unable to connect. Is the computer able to access the url?] {,error,"{""level"":""error""}","{""project"":""ce3616d9-58ad-4ec7-a294-1821e1564434"",""environment"":""fb6513d0-42a4-4660-82b5-509c54b15f2a"",""service"":""4978aa94-666c-47c7-8024-3ada55195a51"",""deployment"":""4f671b19-856f-4f29-8e22-bcb2c07f3849"",""replica"":""bfc33194-db6e-41f2-b558-4502f04e4238""}",2026-03-29T01:41:20.898434748Z
"  code: 'ConnectionRefused',",error,"{""level"":""error""}","{""project"":""ce3616d9-58ad-4ec7-a294-1821e1564434"",""environment"":""fb6513d0-42a4-4660-82b5-509c54b15f2a"",""service"":""4978aa94-666c-47c7-8024-3ada55195a51"",""deployment"":""4f671b19-856f-4f29-8e22-bcb2c07f3849"",""replica"":""bfc33194-db6e-41f2-b558-4502f04e4238""}",2026-03-29T01:41:20.898442262Z
"  path: 'http://localhost:3030/chat-pairs?',",error,"{""level"":""error""}","{""project"":""ce3616d9-58ad-4ec7-a294-1821e1564434"",""environment"":""fb6513d0-42a4-4660-82b5-509c54b15f2a"",""service"":""4978aa94-666c-47c7-8024-3ada55195a51"",""deployment"":""4f671b19-856f-4f29-8e22-bcb2c07f3849"",""replica"":""bfc33194-db6e-41f2-b558-4502f04e4238""}",2026-03-29T01:41:20.898449771Z
  errno: 0,error,"{""level"":""error""}","{""project"":""ce3616d9-58ad-4ec7-a294-1821e1564434"",""environment"":""fb6513d0-42a4-4660-82b5-509c54b15f2a"",""service"":""4978aa94-666c-47c7-8024-3ada55195a51"",""deployment"":""4f671b19-856f-4f29-8e22-bcb2c07f3849"",""replica"":""bfc33194-db6e-41f2-b558-4502f04e4238""}",2026-03-29T01:41:20.898456045Z
},error,"{""level"":""error""}","{""project"":""ce3616d9-58ad-4ec7-a294-1821e1564434"",""environment"":""fb6513d0-42a4-4660-82b5-509c54b15f2a"",""service"":""4978aa94-666c-47c7-8024-3ada55195a51"",""deployment"":""4f671b19-856f-4f29-8e22-bcb2c07f3849"",""replica"":""bfc33194-db6e-41f2-b558-4502f04e4238""}",2026-03-29T01:41:20.898463510Z
[WA API] GET error: [Error: Unable to connect. Is the computer able to access the url?] {,error,"{""level"":""error""}","{""project"":""ce3616d9-58ad-4ec7-a294-1821e1564434"",""environment"":""fb6513d0-42a4-4660-82b5-509c54b15f2a"",""service"":""4978aa94-666c-47c7-8024-3ada55195a51"",""deployment"":""4f671b19-856f-4f29-8e22-bcb2c07f3849"",""replica"":""bfc33194-db6e-41f2-b558-4502f04e4238""}",2026-03-29T01:41:20.898463865Z
"  code: 'ConnectionRefused',",error,"{""level"":""error""}","{""project"":""ce3616d9-58ad-4ec7-a294-1821e1564434"",""environment"":""fb6513d0-42a4-4660-82b5-509c54b15f2a"",""service"":""4978aa94-666c-47c7-8024-3ada55195a51"",""deployment"":""4f671b19-856f-4f29-8e22-bcb2c07f3849"",""replica"":""bfc33194-db6e-41f2-b558-4502f04e4238""}",2026-03-29T01:41:20.898474543Z
"  path: 'http://localhost:3030/accounts?',",error,"{""level"":""error""}","{""project"":""ce3616d9-58ad-4ec7-a294-1821e1564434"",""environment"":""fb6513d0-42a4-4660-82b5-509c54b15f2a"",""service"":""4978aa94-666c-47c7-8024-3ada55195a51"",""deployment"":""4f671b19-856f-4f29-8e22-bcb2c07f3849"",""replica"":""bfc33194-db6e-41f2-b558-4502f04e4238""}",2026-03-29T01:41:20.898482159Z
  errno: 0,error,"{""level"":""error""}","{""project"":""ce3616d9-58ad-4ec7-a294-1821e1564434"",""environment"":""fb6513d0-42a4-4660-82b5-509c54b15f2a"",""service"":""4978aa94-666c-47c7-8024-3ada55195a51"",""deployment"":""4f671b19-856f-4f29-8e22-bcb2c07f3849"",""replica"":""bfc33194-db6e-41f2-b558-4502f04e4238""}",2026-03-29T01:41:20.898502967Z
},error,"{""level"":""error""}","{""project"":""ce3616d9-58ad-4ec7-a294-1821e1564434"",""environment"":""fb6513d0-42a4-4660-82b5-509c54b15f2a"",""service"":""4978aa94-666c-47c7-8024-3ada55195a51"",""deployment"":""4f671b19-856f-4f29-8e22-bcb2c07f3849"",""replica"":""bfc33194-db6e-41f2-b558-4502f04e4238""}",2026-03-29T01:41:20.898511994Z
[WA API] GET error: [Error: Unable to connect. Is the computer able to access the url?] {,error,"{""level"":""error""}","{""project"":""ce3616d9-58ad-4ec7-a294-1821e1564434"",""environment"":""fb6513d0-42a4-4660-82b5-509c54b15f2a"",""service"":""4978aa94-666c-47c7-8024-3ada55195a51"",""deployment"":""4f671b19-856f-4f29-8e22-bcb2c07f3849"",""replica"":""bfc33194-db6e-41f2-b558-4502f04e4238""}",2026-03-29T01:41:20.898518912Z
  Attempt 19/30: Checking http://localhost:3000/api/wa/health...,info,"{""level"":""info""}","{""project"":""ce3616d9-58ad-4ec7-a294-1821e1564434"",""environment"":""fb6513d0-42a4-4660-82b5-509c54b15f2a"",""service"":""4978aa94-666c-47c7-8024-3ada55195a51"",""deployment"":""4f671b19-856f-4f29-8e22-bcb2c07f3849"",""replica"":""bfc33194-db6e-41f2-b558-4502f04e4238""}",2026-03-29T01:41:22.029612244Z
"  ⏳ Next.js not ready yet, waiting 2s...",info,"{""level"":""info""}","{""project"":""ce3616d9-58ad-4ec7-a294-1821e1564434"",""environment"":""fb6513d0-42a4-4660-82b5-509c54b15f2a"",""service"":""4978aa94-666c-47c7-8024-3ada55195a51"",""deployment"":""4f671b19-856f-4f29-8e22-bcb2c07f3849"",""replica"":""bfc33194-db6e-41f2-b558-4502f04e4238""}",2026-03-29T01:41:22.029626068Z
  Attempt 20/30: Checking http://localhost:3000/api/wa/health...,info,"{""level"":""info""}","{""project"":""ce3616d9-58ad-4ec7-a294-1821e1564434"",""environment"":""fb6513d0-42a4-4660-82b5-509c54b15f2a"",""service"":""4978aa94-666c-47c7-8024-3ada55195a51"",""deployment"":""4f671b19-856f-4f29-8e22-bcb2c07f3849"",""replica"":""bfc33194-db6e-41f2-b558-4502f04e4238""}",2026-03-29T01:41:23.848072737Z
"  ⏳ Next.js not ready yet, waiting 2s...",info,"{""level"":""info""}","{""project"":""ce3616d9-58ad-4ec7-a294-1821e1564434"",""environment"":""fb6513d0-42a4-4660-82b5-509c54b15f2a"",""service"":""4978aa94-666c-47c7-8024-3ada55195a51"",""deployment"":""4f671b19-856f-4f29-8e22-bcb2c07f3849"",""replica"":""bfc33194-db6e-41f2-b558-4502f04e4238""}",2026-03-29T01:41:23.848079340Z
"  ⏳ Next.js not ready yet, waiting 2s...",info,"{""level"":""info""}","{""project"":""ce3616d9-58ad-4ec7-a294-1821e1564434"",""environment"":""fb6513d0-42a4-4660-82b5-509c54b15f2a"",""service"":""4978aa94-666c-47c7-8024-3ada55195a51"",""deployment"":""4f671b19-856f-4f29-8e22-bcb2c07f3849"",""replica"":""bfc33194-db6e-41f2-b558-4502f04e4238""}",2026-03-29T01:41:25.365787497Z
  Attempt 21/30: Checking http://localhost:3000/api/wa/health...,info,"{""level"":""info""}","{""project"":""ce3616d9-58ad-4ec7-a294-1821e1564434"",""environment"":""fb6513d0-42a4-4660-82b5-509c54b15f2a"",""service"":""4978aa94-666c-47c7-8024-3ada55195a51"",""deployment"":""4f671b19-856f-4f29-8e22-bcb2c07f3849"",""replica"":""bfc33194-db6e-41f2-b558-4502f04e4238""}",2026-03-29T01:41:25.365870704Z
  Attempt 22/30: Checking http://localhost:3000/api/wa/health...,info,"{""level"":""info""}","{""project"":""ce3616d9-58ad-4ec7-a294-1821e1564434"",""environment"":""fb6513d0-42a4-4660-82b5-509c54b15f2a"",""service"":""4978aa94-666c-47c7-8024-3ada55195a51"",""deployment"":""4f671b19-856f-4f29-8e22-bcb2c07f3849"",""replica"":""bfc33194-db6e-41f2-b558-4502f04e4238""}",2026-03-29T01:41:27.331954915Z
"  ⏳ Next.js not ready yet, waiting 2s...",info,"{""level"":""info""}","{""project"":""ce3616d9-58ad-4ec7-a294-1821e1564434"",""environment"":""fb6513d0-42a4-4660-82b5-509c54b15f2a"",""service"":""4978aa94-666c-47c7-8024-3ada55195a51"",""deployment"":""4f671b19-856f-4f29-8e22-bcb2c07f3849"",""replica"":""bfc33194-db6e-41f2-b558-4502f04e4238""}",2026-03-29T01:41:27.331970509Z
  Attempt 23/30: Checking http://localhost:3000/api/wa/health...,info,"{""level"":""info""}","{""project"":""ce3616d9-58ad-4ec7-a294-1821e1564434"",""environment"":""fb6513d0-42a4-4660-82b5-509c54b15f2a"",""service"":""4978aa94-666c-47c7-8024-3ada55195a51"",""deployment"":""4f671b19-856f-4f29-8e22-bcb2c07f3849"",""replica"":""bfc33194-db6e-41f2-b558-4502f04e4238""}",2026-03-29T01:41:29.587788944Z
"  ⏳ Next.js not ready yet, waiting 2s...",info,"{""level"":""info""}","{""project"":""ce3616d9-58ad-4ec7-a294-1821e1564434"",""environment"":""fb6513d0-42a4-4660-82b5-509c54b15f2a"",""service"":""4978aa94-666c-47c7-8024-3ada55195a51"",""deployment"":""4f671b19-856f-4f29-8e22-bcb2c07f3849"",""replica"":""bfc33194-db6e-41f2-b558-4502f04e4238""}",2026-03-29T01:41:29.587797812Z
  Attempt 24/30: Checking http://localhost:3000/api/wa/health...,info,"{""level"":""info""}","{""project"":""ce3616d9-58ad-4ec7-a294-1821e1564434"",""environment"":""fb6513d0-42a4-4660-82b5-509c54b15f2a"",""service"":""4978aa94-666c-47c7-8024-3ada55195a51"",""deployment"":""4f671b19-856f-4f29-8e22-bcb2c07f3849"",""replica"":""bfc33194-db6e-41f2-b558-4502f04e4238""}",2026-03-29T01:41:31.407877363Z
"  ⏳ Next.js not ready yet, waiting 2s...",info,"{""level"":""info""}","{""project"":""ce3616d9-58ad-4ec7-a294-1821e1564434"",""environment"":""fb6513d0-42a4-4660-82b5-509c54b15f2a"",""service"":""4978aa94-666c-47c7-8024-3ada55195a51"",""deployment"":""4f671b19-856f-4f29-8e22-bcb2c07f3849"",""replica"":""bfc33194-db6e-41f2-b558-4502f04e4238""}",2026-03-29T01:41:31.407882244Z
  Attempt 25/30: Checking http://localhost:3000/api/wa/health...,info,"{""level"":""info""}","{""project"":""ce3616d9-58ad-4ec7-a294-1821e1564434"",""environment"":""fb6513d0-42a4-4660-82b5-509c54b15f2a"",""service"":""4978aa94-666c-47c7-8024-3ada55195a51"",""deployment"":""4f671b19-856f-4f29-8e22-bcb2c07f3849"",""replica"":""bfc33194-db6e-41f2-b558-4502f04e4238""}",2026-03-29T01:41:33.446349047Z
"  ⏳ Next.js not ready yet, waiting 2s...",info,"{""level"":""info""}","{""project"":""ce3616d9-58ad-4ec7-a294-1821e1564434"",""environment"":""fb6513d0-42a4-4660-82b5-509c54b15f2a"",""service"":""4978aa94-666c-47c7-8024-3ada55195a51"",""deployment"":""4f671b19-856f-4f29-8e22-bcb2c07f3849"",""replica"":""bfc33194-db6e-41f2-b558-4502f04e4238""}",2026-03-29T01:41:33.446361913Z
  Attempt 26/30: Checking http://localhost:3000/api/wa/health...,info,"{""level"":""info""}","{""project"":""ce3616d9-58ad-4ec7-a294-1821e1564434"",""environment"":""fb6513d0-42a4-4660-82b5-509c54b15f2a"",""service"":""4978aa94-666c-47c7-8024-3ada55195a51"",""deployment"":""4f671b19-856f-4f29-8e22-bcb2c07f3849"",""replica"":""bfc33194-db6e-41f2-b558-4502f04e4238""}",2026-03-29T01:41:35.341992883Z
"  ⏳ Next.js not ready yet, waiting 2s...",info,"{""level"":""info""}","{""project"":""ce3616d9-58ad-4ec7-a294-1821e1564434"",""environment"":""fb6513d0-42a4-4660-82b5-509c54b15f2a"",""service"":""4978aa94-666c-47c7-8024-3ada55195a51"",""deployment"":""4f671b19-856f-4f29-8e22-bcb2c07f3849"",""replica"":""bfc33194-db6e-41f2-b558-4502f04e4238""}",2026-03-29T01:41:35.341999524Z
  Attempt 27/30: Checking http://localhost:3000/api/wa/health...,info,"{""level"":""info""}","{""project"":""ce3616d9-58ad-4ec7-a294-1821e1564434"",""environment"":""fb6513d0-42a4-4660-82b5-509c54b15f2a"",""service"":""4978aa94-666c-47c7-8024-3ada55195a51"",""deployment"":""4f671b19-856f-4f29-8e22-bcb2c07f3849"",""replica"":""bfc33194-db6e-41f2-b558-4502f04e4238""}",2026-03-29T01:41:37.342063521Z
"  ⏳ Next.js not ready yet, waiting 2s...",info,"{""level"":""info""}","{""project"":""ce3616d9-58ad-4ec7-a294-1821e1564434"",""environment"":""fb6513d0-42a4-4660-82b5-509c54b15f2a"",""service"":""4978aa94-666c-47c7-8024-3ada55195a51"",""deployment"":""4f671b19-856f-4f29-8e22-bcb2c07f3849"",""replica"":""bfc33194-db6e-41f2-b558-4502f04e4238""}",2026-03-29T01:41:37.342076146Z
[WA API] GET error: [Error: Unable to connect. Is the computer able to access the url?] {,error,"{""level"":""error""}","{""project"":""ce3616d9-58ad-4ec7-a294-1821e1564434"",""environment"":""fb6513d0-42a4-4660-82b5-509c54b15f2a"",""service"":""4978aa94-666c-47c7-8024-3ada55195a51"",""deployment"":""4f671b19-856f-4f29-8e22-bcb2c07f3849"",""replica"":""bfc33194-db6e-41f2-b558-4502f04e4238""}",2026-03-29T01:41:38.625681445Z
"  code: 'ConnectionRefused',",error,"{""level"":""error""}","{""project"":""ce3616d9-58ad-4ec7-a294-1821e1564434"",""environment"":""fb6513d0-42a4-4660-82b5-509c54b15f2a"",""service"":""4978aa94-666c-47c7-8024-3ada55195a51"",""deployment"":""4f671b19-856f-4f29-8e22-bcb2c07f3849"",""replica"":""bfc33194-db6e-41f2-b558-4502f04e4238""}",2026-03-29T01:41:38.625738563Z
"  path: 'http://localhost:3030/chat-pairs?',",error,"{""level"":""error""}","{""project"":""ce3616d9-58ad-4ec7-a294-1821e1564434"",""environment"":""fb6513d0-42a4-4660-82b5-509c54b15f2a"",""service"":""4978aa94-666c-47c7-8024-3ada55195a51"",""deployment"":""4f671b19-856f-4f29-8e22-bcb2c07f3849"",""replica"":""bfc33194-db6e-41f2-b558-4502f04e4238""}",2026-03-29T01:41:38.625746823Z
  errno: 0,error,"{""level"":""error""}","{""project"":""ce3616d9-58ad-4ec7-a294-1821e1564434"",""environment"":""fb6513d0-42a4-4660-82b5-509c54b15f2a"",""service"":""4978aa94-666c-47c7-8024-3ada55195a51"",""deployment"":""4f671b19-856f-4f29-8e22-bcb2c07f3849"",""replica"":""bfc33194-db6e-41f2-b558-4502f04e4238""}",2026-03-29T01:41:38.625774199Z
},error,"{""level"":""error""}","{""project"":""ce3616d9-58ad-4ec7-a294-1821e1564434"",""environment"":""fb6513d0-42a4-4660-82b5-509c54b15f2a"",""service"":""4978aa94-666c-47c7-8024-3ada55195a51"",""deployment"":""4f671b19-856f-4f29-8e22-bcb2c07f3849"",""replica"":""bfc33194-db6e-41f2-b558-4502f04e4238""}",2026-03-29T01:41:38.625781596Z
[WA API] GET error: [Error: Unable to connect. Is the computer able to access the url?] {,error,"{""level"":""error""}","{""project"":""ce3616d9-58ad-4ec7-a294-1821e1564434"",""environment"":""fb6513d0-42a4-4660-82b5-509c54b15f2a"",""service"":""4978aa94-666c-47c7-8024-3ada55195a51"",""deployment"":""4f671b19-856f-4f29-8e22-bcb2c07f3849"",""replica"":""bfc33194-db6e-41f2-b558-4502f04e4238""}",2026-03-29T01:41:38.625788697Z
"  code: 'ConnectionRefused',",error,"{""level"":""error""}","{""project"":""ce3616d9-58ad-4ec7-a294-1821e1564434"",""environment"":""fb6513d0-42a4-4660-82b5-509c54b15f2a"",""service"":""4978aa94-666c-47c7-8024-3ada55195a51"",""deployment"":""4f671b19-856f-4f29-8e22-bcb2c07f3849"",""replica"":""bfc33194-db6e-41f2-b558-4502f04e4238""}",2026-03-29T01:41:38.625795875Z
"  path: 'http://localhost:3030/logs?',",error,"{""level"":""error""}","{""project"":""ce3616d9-58ad-4ec7-a294-1821e1564434"",""environment"":""fb6513d0-42a4-4660-82b5-509c54b15f2a"",""service"":""4978aa94-666c-47c7-8024-3ada55195a51"",""deployment"":""4f671b19-856f-4f29-8e22-bcb2c07f3849"",""replica"":""bfc33194-db6e-41f2-b558-4502f04e4238""}",2026-03-29T01:41:38.625802993Z
  errno: 0,error,"{""level"":""error""}","{""project"":""ce3616d9-58ad-4ec7-a294-1821e1564434"",""environment"":""fb6513d0-42a4-4660-82b5-509c54b15f2a"",""service"":""4978aa94-666c-47c7-8024-3ada55195a51"",""deployment"":""4f671b19-856f-4f29-8e22-bcb2c07f3849"",""replica"":""bfc33194-db6e-41f2-b558-4502f04e4238""}",2026-03-29T01:41:38.625809637Z
},error,"{""level"":""error""}","{""project"":""ce3616d9-58ad-4ec7-a294-1821e1564434"",""environment"":""fb6513d0-42a4-4660-82b5-509c54b15f2a"",""service"":""4978aa94-666c-47c7-8024-3ada55195a51"",""deployment"":""4f671b19-856f-4f29-8e22-bcb2c07f3849"",""replica"":""bfc33194-db6e-41f2-b558-4502f04e4238""}",2026-03-29T01:41:38.625817025Z
[WA API] GET error: [Error: Unable to connect. Is the computer able to access the url?] {,error,"{""level"":""error""}","{""project"":""ce3616d9-58ad-4ec7-a294-1821e1564434"",""environment"":""fb6513d0-42a4-4660-82b5-509c54b15f2a"",""service"":""4978aa94-666c-47c7-8024-3ada55195a51"",""deployment"":""4f671b19-856f-4f29-8e22-bcb2c07f3849"",""replica"":""bfc33194-db6e-41f2-b558-4502f04e4238""}",2026-03-29T01:41:38.625823306Z
"  code: 'ConnectionRefused',",error,"{""level"":""error""}","{""project"":""ce3616d9-58ad-4ec7-a294-1821e1564434"",""environment"":""fb6513d0-42a4-4660-82b5-509c54b15f2a"",""service"":""4978aa94-666c-47c7-8024-3ada55195a51"",""deployment"":""4f671b19-856f-4f29-8e22-bcb2c07f3849"",""replica"":""bfc33194-db6e-41f2-b558-4502f04e4238""}",2026-03-29T01:41:38.625830031Z
"  path: 'http://localhost:3030/accounts?',",error,"{""level"":""error""}","{""project"":""ce3616d9-58ad-4ec7-a294-1821e1564434"",""environment"":""fb6513d0-42a4-4660-82b5-509c54b15f2a"",""service"":""4978aa94-666c-47c7-8024-3ada55195a51"",""deployment"":""4f671b19-856f-4f29-8e22-bcb2c07f3849"",""replica"":""bfc33194-db6e-41f2-b558-4502f04e4238""}",2026-03-29T01:41:38.625836943Z
  errno: 0,error,"{""level"":""error""}","{""project"":""ce3616d9-58ad-4ec7-a294-1821e1564434"",""environment"":""fb6513d0-42a4-4660-82b5-509c54b15f2a"",""service"":""4978aa94-666c-47c7-8024-3ada55195a51"",""deployment"":""4f671b19-856f-4f29-8e22-bcb2c07f3849"",""replica"":""bfc33194-db6e-41f2-b558-4502f04e4238""}",2026-03-29T01:41:38.625843658Z
},error,"{""level"":""error""}","{""project"":""ce3616d9-58ad-4ec7-a294-1821e1564434"",""environment"":""fb6513d0-42a4-4660-82b5-509c54b15f2a"",""service"":""4978aa94-666c-47c7-8024-3ada55195a51"",""deployment"":""4f671b19-856f-4f29-8e22-bcb2c07f3849"",""replica"":""bfc33194-db6e-41f2-b558-4502f04e4238""}",2026-03-29T01:41:38.625850972Z
[Socket.io Proxy] GET error: Unable to connect. Is the computer able to access the url?,error,"{""level"":""error""}","{""project"":""ce3616d9-58ad-4ec7-a294-1821e1564434"",""environment"":""fb6513d0-42a4-4660-82b5-509c54b15f2a"",""service"":""4978aa94-666c-47c7-8024-3ada55195a51"",""deployment"":""4f671b19-856f-4f29-8e22-bcb2c07f3849"",""replica"":""bfc33194-db6e-41f2-b558-4502f04e4238""}",2026-03-29T01:41:38.625857831Z
  Attempt 28/30: Checking http://localhost:3000/api/wa/health...,info,"{""level"":""info""}","{""project"":""ce3616d9-58ad-4ec7-a294-1821e1564434"",""environment"":""fb6513d0-42a4-4660-82b5-509c54b15f2a"",""service"":""4978aa94-666c-47c7-8024-3ada55195a51"",""deployment"":""4f671b19-856f-4f29-8e22-bcb2c07f3849"",""replica"":""bfc33194-db6e-41f2-b558-4502f04e4238""}",2026-03-29T01:41:39.795558708Z
"  ⏳ Next.js not ready yet, waiting 2s...",info,"{""level"":""info""}","{""project"":""ce3616d9-58ad-4ec7-a294-1821e1564434"",""environment"":""fb6513d0-42a4-4660-82b5-509c54b15f2a"",""service"":""4978aa94-666c-47c7-8024-3ada55195a51"",""deployment"":""4f671b19-856f-4f29-8e22-bcb2c07f3849"",""replica"":""bfc33194-db6e-41f2-b558-4502f04e4238""}",2026-03-29T01:41:39.795572103Z
  Attempt 29/30: Checking http://localhost:3000/api/wa/health...,info,"{""level"":""info""}","{""project"":""ce3616d9-58ad-4ec7-a294-1821e1564434"",""environment"":""fb6513d0-42a4-4660-82b5-509c54b15f2a"",""service"":""4978aa94-666c-47c7-8024-3ada55195a51"",""deployment"":""4f671b19-856f-4f29-8e22-bcb2c07f3849"",""replica"":""bfc33194-db6e-41f2-b558-4502f04e4238""}",2026-03-29T01:41:41.832638397Z
"  ⏳ Next.js not ready yet, waiting 2s...",info,"{""level"":""info""}","{""project"":""ce3616d9-58ad-4ec7-a294-1821e1564434"",""environment"":""fb6513d0-42a4-4660-82b5-509c54b15f2a"",""service"":""4978aa94-666c-47c7-8024-3ada55195a51"",""deployment"":""4f671b19-856f-4f29-8e22-bcb2c07f3849"",""replica"":""bfc33194-db6e-41f2-b558-4502f04e4238""}",2026-03-29T01:41:41.832646032Z
  Attempt 30/30: Checking http://localhost:3000/api/wa/health...,info,"{""level"":""info""}","{""project"":""ce3616d9-58ad-4ec7-a294-1821e1564434"",""environment"":""fb6513d0-42a4-4660-82b5-509c54b15f2a"",""service"":""4978aa94-666c-47c7-8024-3ada55195a51"",""deployment"":""4f671b19-856f-4f29-8e22-bcb2c07f3849"",""replica"":""bfc33194-db6e-41f2-b558-4502f04e4238""}",2026-03-29T01:41:44.042587975Z
"  ⏳ Next.js not ready yet, waiting 2s...",info,"{""level"":""info""}","{""project"":""ce3616d9-58ad-4ec7-a294-1821e1564434"",""environment"":""fb6513d0-42a4-4660-82b5-509c54b15f2a"",""service"":""4978aa94-666c-47c7-8024-3ada55195a51"",""deployment"":""4f671b19-856f-4f29-8e22-bcb2c07f3849"",""replica"":""bfc33194-db6e-41f2-b558-4502f04e4238""}",2026-03-29T01:41:44.042593502Z
"  ⚠️ Next.js health check failed after 30 attempts, continuing anyway...",info,"{""level"":""info""}","{""project"":""ce3616d9-58ad-4ec7-a294-1821e1564434"",""environment"":""fb6513d0-42a4-4660-82b5-509c54b15f2a"",""service"":""4978aa94-666c-47c7-8024-3ada55195a51"",""deployment"":""4f671b19-856f-4f29-8e22-bcb2c07f3849"",""replica"":""bfc33194-db6e-41f2-b558-4502f04e4238""}",2026-03-29T01:41:46.034313134Z
Running Prisma migrations...,info,"{""level"":""info""}","{""project"":""ce3616d9-58ad-4ec7-a294-1821e1564434"",""environment"":""fb6513d0-42a4-4660-82b5-509c54b15f2a"",""service"":""4978aa94-666c-47c7-8024-3ada55195a51"",""deployment"":""4f671b19-856f-4f29-8e22-bcb2c07f3849"",""replica"":""bfc33194-db6e-41f2-b558-4502f04e4238""}",2026-03-29T01:41:46.956712925Z
==========================================,info,"{""level"":""info""}","{""project"":""ce3616d9-58ad-4ec7-a294-1821e1564434"",""environment"":""fb6513d0-42a4-4660-82b5-509c54b15f2a"",""service"":""4978aa94-666c-47c7-8024-3ada55195a51"",""deployment"":""4f671b19-856f-4f29-8e22-bcb2c07f3849"",""replica"":""bfc33194-db6e-41f2-b558-4502f04e4238""}",2026-03-29T01:41:46.956805853Z
Starting WhatsApp Warmer Service,info,"{""level"":""info""}","{""project"":""ce3616d9-58ad-4ec7-a294-1821e1564434"",""environment"":""fb6513d0-42a4-4660-82b5-509c54b15f2a"",""service"":""4978aa94-666c-47c7-8024-3ada55195a51"",""deployment"":""4f671b19-856f-4f29-8e22-bcb2c07f3849"",""replica"":""bfc33194-db6e-41f2-b558-4502f04e4238""}",2026-03-29T01:41:46.956810783Z
==========================================,info,"{""level"":""info""}","{""project"":""ce3616d9-58ad-4ec7-a294-1821e1564434"",""environment"":""fb6513d0-42a4-4660-82b5-509c54b15f2a"",""service"":""4978aa94-666c-47c7-8024-3ada55195a51"",""deployment"":""4f671b19-856f-4f29-8e22-bcb2c07f3849"",""replica"":""bfc33194-db6e-41f2-b558-4502f04e4238""}",2026-03-29T01:41:46.956815333Z
Prisma schema loaded from prisma/schema.prisma,info,"{""level"":""info""}","{""project"":""ce3616d9-58ad-4ec7-a294-1821e1564434"",""environment"":""fb6513d0-42a4-4660-82b5-509c54b15f2a"",""service"":""4978aa94-666c-47c7-8024-3ada55195a51"",""deployment"":""4f671b19-856f-4f29-8e22-bcb2c07f3849"",""replica"":""bfc33194-db6e-41f2-b558-4502f04e4238""}",2026-03-29T01:41:47.945267673Z
"Datasource ""db"": SQLite database ""whatsapp.db"" at ""file:/app/data/whatsapp.db""",info,"{""level"":""info""}","{""project"":""ce3616d9-58ad-4ec7-a294-1821e1564434"",""environment"":""fb6513d0-42a4-4660-82b5-509c54b15f2a"",""service"":""4978aa94-666c-47c7-8024-3ada55195a51"",""deployment"":""4f671b19-856f-4f29-8e22-bcb2c07f3849"",""replica"":""bfc33194-db6e-41f2-b558-4502f04e4238""}",2026-03-29T01:41:47.948173842Z
,info,"{""level"":""info""}","{""project"":""ce3616d9-58ad-4ec7-a294-1821e1564434"",""environment"":""fb6513d0-42a4-4660-82b5-509c54b15f2a"",""service"":""4978aa94-666c-47c7-8024-3ada55195a51"",""deployment"":""4f671b19-856f-4f29-8e22-bcb2c07f3849"",""replica"":""bfc33194-db6e-41f2-b558-4502f04e4238""}",2026-03-29T01:41:48.002392961Z
The database is already in sync with the Prisma schema.,info,"{""level"":""info""}","{""project"":""ce3616d9-58ad-4ec7-a294-1821e1564434"",""environment"":""fb6513d0-42a4-4660-82b5-509c54b15f2a"",""service"":""4978aa94-666c-47c7-8024-3ada55195a51"",""deployment"":""4f671b19-856f-4f29-8e22-bcb2c07f3849"",""replica"":""bfc33194-db6e-41f2-b558-4502f04e4238""}",2026-03-29T01:41:48.002400407Z
,info,"{""level"":""info""}","{""project"":""ce3616d9-58ad-4ec7-a294-1821e1564434"",""environment"":""fb6513d0-42a4-4660-82b5-509c54b15f2a"",""service"":""4978aa94-666c-47c7-8024-3ada55195a51"",""deployment"":""4f671b19-856f-4f29-8e22-bcb2c07f3849"",""replica"":""bfc33194-db6e-41f2-b558-4502f04e4238""}",2026-03-29T01:41:48.002407414Z
Setting up Prisma symlinks...,info,"{""level"":""info""}","{""project"":""ce3616d9-58ad-4ec7-a294-1821e1564434"",""environment"":""fb6513d0-42a4-4660-82b5-509c54b15f2a"",""service"":""4978aa94-666c-47c7-8024-3ada55195a51"",""deployment"":""4f671b19-856f-4f29-8e22-bcb2c07f3849"",""replica"":""bfc33194-db6e-41f2-b558-4502f04e4238""}",2026-03-29T01:41:48.048590667Z
Starting Next.js server...,info,"{""level"":""info""}","{""project"":""ce3616d9-58ad-4ec7-a294-1821e1564434"",""environment"":""fb6513d0-42a4-4660-82b5-509c54b15f2a"",""service"":""4978aa94-666c-47c7-8024-3ada55195a51"",""deployment"":""4f671b19-856f-4f29-8e22-bcb2c07f3849"",""replica"":""bfc33194-db6e-41f2-b558-4502f04e4238""}",2026-03-29T01:41:48.048601568Z
Waiting for Next.js to be ready...,info,"{""level"":""info""}","{""project"":""ce3616d9-58ad-4ec7-a294-1821e1564434"",""environment"":""fb6513d0-42a4-4660-82b5-509c54b15f2a"",""service"":""4978aa94-666c-47c7-8024-3ada55195a51"",""deployment"":""4f671b19-856f-4f29-8e22-bcb2c07f3849"",""replica"":""bfc33194-db6e-41f2-b558-4502f04e4238""}",2026-03-29T01:41:48.048608158Z
  Attempt 1/30: Checking http://localhost:3000/api/wa/health...,info,"{""level"":""info""}","{""project"":""ce3616d9-58ad-4ec7-a294-1821e1564434"",""environment"":""fb6513d0-42a4-4660-82b5-509c54b15f2a"",""service"":""4978aa94-666c-47c7-8024-3ada55195a51"",""deployment"":""4f671b19-856f-4f29-8e22-bcb2c07f3849"",""replica"":""bfc33194-db6e-41f2-b558-4502f04e4238""}",2026-03-29T01:41:48.048615396Z
"  ⏳ Next.js not ready yet, waiting 2s...",info,"{""level"":""info""}","{""project"":""ce3616d9-58ad-4ec7-a294-1821e1564434"",""environment"":""fb6513d0-42a4-4660-82b5-509c54b15f2a"",""service"":""4978aa94-666c-47c7-8024-3ada55195a51"",""deployment"":""4f671b19-856f-4f29-8e22-bcb2c07f3849"",""replica"":""bfc33194-db6e-41f2-b558-4502f04e4238""}",2026-03-29T01:41:48.048620751Z
▲ Next.js 16.1.6,info,"{""level"":""info""}","{""project"":""ce3616d9-58ad-4ec7-a294-1821e1564434"",""environment"":""fb6513d0-42a4-4660-82b5-509c54b15f2a"",""service"":""4978aa94-666c-47c7-8024-3ada55195a51"",""deployment"":""4f671b19-856f-4f29-8e22-bcb2c07f3849"",""replica"":""bfc33194-db6e-41f2-b558-4502f04e4238""}",2026-03-29T01:41:48.955428911Z
- Local:         http://localhost:3000,info,"{""level"":""info""}","{""project"":""ce3616d9-58ad-4ec7-a294-1821e1564434"",""environment"":""fb6513d0-42a4-4660-82b5-509c54b15f2a"",""service"":""4978aa94-666c-47c7-8024-3ada55195a51"",""deployment"":""4f671b19-856f-4f29-8e22-bcb2c07f3849"",""replica"":""bfc33194-db6e-41f2-b558-4502f04e4238""}",2026-03-29T01:41:48.955436722Z
- Network:       http://0.0.0.0:3000,info,"{""level"":""info""}","{""project"":""ce3616d9-58ad-4ec7-a294-1821e1564434"",""environment"":""fb6513d0-42a4-4660-82b5-509c54b15f2a"",""service"":""4978aa94-666c-47c7-8024-3ada55195a51"",""deployment"":""4f671b19-856f-4f29-8e22-bcb2c07f3849"",""replica"":""bfc33194-db6e-41f2-b558-4502f04e4238""}",2026-03-29T01:41:48.955442998Z
,info,"{""level"":""info""}","{""project"":""ce3616d9-58ad-4ec7-a294-1821e1564434"",""environment"":""fb6513d0-42a4-4660-82b5-509c54b15f2a"",""service"":""4978aa94-666c-47c7-8024-3ada55195a51"",""deployment"":""4f671b19-856f-4f29-8e22-bcb2c07f3849"",""replica"":""bfc33194-db6e-41f2-b558-4502f04e4238""}",2026-03-29T01:41:48.955448495Z
✓ Starting...,info,"{""level"":""info""}","{""project"":""ce3616d9-58ad-4ec7-a294-1821e1564434"",""environment"":""fb6513d0-42a4-4660-82b5-509c54b15f2a"",""service"":""4978aa94-666c-47c7-8024-3ada55195a51"",""deployment"":""4f671b19-856f-4f29-8e22-bcb2c07f3849"",""replica"":""bfc33194-db6e-41f2-b558-4502f04e4238""}",2026-03-29T01:41:48.955453906Z
✓ Ready in 144ms,info,"{""level"":""info""}","{""project"":""ce3616d9-58ad-4ec7-a294-1821e1564434"",""environment"":""fb6513d0-42a4-4660-82b5-509c54b15f2a"",""service"":""4978aa94-666c-47c7-8024-3ada55195a51"",""deployment"":""4f671b19-856f-4f29-8e22-bcb2c07f3849"",""replica"":""bfc33194-db6e-41f2-b558-4502f04e4238""}",2026-03-29T01:41:48.955460430Z
  Attempt 2/30: Checking http://localhost:3000/api/wa/health...,info,"{""level"":""info""}","{""project"":""ce3616d9-58ad-4ec7-a294-1821e1564434"",""environment"":""fb6513d0-42a4-4660-82b5-509c54b15f2a"",""service"":""4978aa94-666c-47c7-8024-3ada55195a51"",""deployment"":""4f671b19-856f-4f29-8e22-bcb2c07f3849"",""replica"":""bfc33194-db6e-41f2-b558-4502f04e4238""}",2026-03-29T01:41:50.048949349Z
"  ⏳ Next.js not ready yet, waiting 2s...",info,"{""level"":""info""}","{""project"":""ce3616d9-58ad-4ec7-a294-1821e1564434"",""environment"":""fb6513d0-42a4-4660-82b5-509c54b15f2a"",""service"":""4978aa94-666c-47c7-8024-3ada55195a51"",""deployment"":""4f671b19-856f-4f29-8e22-bcb2c07f3849"",""replica"":""bfc33194-db6e-41f2-b558-4502f04e4238""}",2026-03-29T01:41:50.048955807Z
  Attempt 3/30: Checking http://localhost:3000/api/wa/health...,info,"{""level"":""info""}","{""project"":""ce3616d9-58ad-4ec7-a294-1821e1564434"",""environment"":""fb6513d0-42a4-4660-82b5-509c54b15f2a"",""service"":""4978aa94-666c-47c7-8024-3ada55195a51"",""deployment"":""4f671b19-856f-4f29-8e22-bcb2c07f3849"",""replica"":""bfc33194-db6e-41f2-b558-4502f04e4238""}",2026-03-29T01:41:52.049655071Z
"  ⏳ Next.js not ready yet, waiting 2s...",info,"{""level"":""info""}","{""project"":""ce3616d9-58ad-4ec7-a294-1821e1564434"",""environment"":""fb6513d0-42a4-4660-82b5-509c54b15f2a"",""service"":""4978aa94-666c-47c7-8024-3ada55195a51"",""deployment"":""4f671b19-856f-4f29-8e22-bcb2c07f3849"",""replica"":""bfc33194-db6e-41f2-b558-4502f04e4238""}",2026-03-29T01:41:52.049666176Z
  Attempt 4/30: Checking http://localhost:3000/api/wa/health...,info,"{""level"":""info""}","{""project"":""ce3616d9-58ad-4ec7-a294-1821e1564434"",""environment"":""fb6513d0-42a4-4660-82b5-509c54b15f2a"",""service"":""4978aa94-666c-47c7-8024-3ada55195a51"",""deployment"":""4f671b19-856f-4f29-8e22-bcb2c07f3849"",""replica"":""bfc33194-db6e-41f2-b558-4502f04e4238""}",2026-03-29T01:41:54.053810253Z
"  ⏳ Next.js not ready yet, waiting 2s...",info,"{""level"":""info""}","{""project"":""ce3616d9-58ad-4ec7-a294-1821e1564434"",""environment"":""fb6513d0-42a4-4660-82b5-509c54b15f2a"",""service"":""4978aa94-666c-47c7-8024-3ada55195a51"",""deployment"":""4f671b19-856f-4f29-8e22-bcb2c07f3849"",""replica"":""bfc33194-db6e-41f2-b558-4502f04e4238""}",2026-03-29T01:41:54.053818433Z
  Attempt 5/30: Checking http://localhost:3000/api/wa/health...,info,"{""level"":""info""}","{""project"":""ce3616d9-58ad-4ec7-a294-1821e1564434"",""environment"":""fb6513d0-42a4-4660-82b5-509c54b15f2a"",""service"":""4978aa94-666c-47c7-8024-3ada55195a51"",""deployment"":""4f671b19-856f-4f29-8e22-bcb2c07f3849"",""replica"":""bfc33194-db6e-41f2-b558-4502f04e4238""}",2026-03-29T01:41:56.066021490Z
"  ⏳ Next.js not ready yet, waiting 2s...",info,"{""level"":""info""}","{""project"":""ce3616d9-58ad-4ec7-a294-1821e1564434"",""environment"":""fb6513d0-42a4-4660-82b5-509c54b15f2a"",""service"":""4978aa94-666c-47c7-8024-3ada55195a51"",""deployment"":""4f671b19-856f-4f29-8e22-bcb2c07f3849"",""replica"":""bfc33194-db6e-41f2-b558-4502f04e4238""}",2026-03-29T01:41:56.066030233Z
"  ⏳ Next.js not ready yet, waiting 2s...",info,"{""level"":""info""}","{""project"":""ce3616d9-58ad-4ec7-a294-1821e1564434"",""environment"":""fb6513d0-42a4-4660-82b5-509c54b15f2a"",""service"":""4978aa94-666c-47c7-8024-3ada55195a51"",""deployment"":""4f671b19-856f-4f29-8e22-bcb2c07f3849"",""replica"":""bfc33194-db6e-41f2-b558-4502f04e4238""}",2026-03-29T01:41:58.339581935Z
  Attempt 6/30: Checking http://localhost:3000/api/wa/health...,info,"{""level"":""info""}","{""project"":""ce3616d9-58ad-4ec7-a294-1821e1564434"",""environment"":""fb6513d0-42a4-4660-82b5-509c54b15f2a"",""service"":""4978aa94-666c-47c7-8024-3ada55195a51"",""deployment"":""4f671b19-856f-4f29-8e22-bcb2c07f3849"",""replica"":""bfc33194-db6e-41f2-b558-4502f04e4238""}",2026-03-29T01:41:58.339655642Z
  Attempt 7/30: Checking http://localhost:3000/api/wa/health...,info,"{""level"":""info""}","{""project"":""ce3616d9-58ad-4ec7-a294-1821e1564434"",""environment"":""fb6513d0-42a4-4660-82b5-509c54b15f2a"",""service"":""4978aa94-666c-47c7-8024-3ada55195a51"",""deployment"":""4f671b19-856f-4f29-8e22-bcb2c07f3849"",""replica"":""bfc33194-db6e-41f2-b558-4502f04e4238""}",2026-03-29T01:42:00.540420029Z
"  ⏳ Next.js not ready yet, waiting 2s...",info,"{""level"":""info""}","{""project"":""ce3616d9-58ad-4ec7-a294-1821e1564434"",""environment"":""fb6513d0-42a4-4660-82b5-509c54b15f2a"",""service"":""4978aa94-666c-47c7-8024-3ada55195a51"",""deployment"":""4f671b19-856f-4f29-8e22-bcb2c07f3849"",""replica"":""bfc33194-db6e-41f2-b558-4502f04e4238""}",2026-03-29T01:42:00.540429023Z
  Attempt 8/30: Checking http://localhost:3000/api/wa/health...,info,"{""level"":""info""}","{""project"":""ce3616d9-58ad-4ec7-a294-1821e1564434"",""environment"":""fb6513d0-42a4-4660-82b5-509c54b15f2a"",""service"":""4978aa94-666c-47c7-8024-3ada55195a51"",""deployment"":""4f671b19-856f-4f29-8e22-bcb2c07f3849"",""replica"":""bfc33194-db6e-41f2-b558-4502f04e4238""}",2026-03-29T01:42:02.243121982Z
"  ⏳ Next.js not ready yet, waiting 2s...",info,"{""level"":""info""}","{""project"":""ce3616d9-58ad-4ec7-a294-1821e1564434"",""environment"":""fb6513d0-42a4-4660-82b5-509c54b15f2a"",""service"":""4978aa94-666c-47c7-8024-3ada55195a51"",""deployment"":""4f671b19-856f-4f29-8e22-bcb2c07f3849"",""replica"":""bfc33194-db6e-41f2-b558-4502f04e4238""}",2026-03-29T01:42:02.243127737Z
  Attempt 9/30: Checking http://localhost:3000/api/wa/health...,info,"{""level"":""info""}","{""project"":""ce3616d9-58ad-4ec7-a294-1821e1564434"",""environment"":""fb6513d0-42a4-4660-82b5-509c54b15f2a"",""service"":""4978aa94-666c-47c7-8024-3ada55195a51"",""deployment"":""4f671b19-856f-4f29-8e22-bcb2c07f3849"",""replica"":""bfc33194-db6e-41f2-b558-4502f04e4238""}",2026-03-29T01:42:04.384326499Z
"  ⏳ Next.js not ready yet, waiting 2s...",info,"{""level"":""info""}","{""project"":""ce3616d9-58ad-4ec7-a294-1821e1564434"",""environment"":""fb6513d0-42a4-4660-82b5-509c54b15f2a"",""service"":""4978aa94-666c-47c7-8024-3ada55195a51"",""deployment"":""4f671b19-856f-4f29-8e22-bcb2c07f3849"",""replica"":""bfc33194-db6e-41f2-b558-4502f04e4238""}",2026-03-29T01:42:04.384334933Z
  Attempt 10/30: Checking http://localhost:3000/api/wa/health...,info,"{""level"":""info""}","{""project"":""ce3616d9-58ad-4ec7-a294-1821e1564434"",""environment"":""fb6513d0-42a4-4660-82b5-509c54b15f2a"",""service"":""4978aa94-666c-47c7-8024-3ada55195a51"",""deployment"":""4f671b19-856f-4f29-8e22-bcb2c07f3849"",""replica"":""bfc33194-db6e-41f2-b558-4502f04e4238""}",2026-03-29T01:42:06.264268710Z
"  ⏳ Next.js not ready yet, waiting 2s...",info,"{""level"":""info""}","{""project"":""ce3616d9-58ad-4ec7-a294-1821e1564434"",""environment"":""fb6513d0-42a4-4660-82b5-509c54b15f2a"",""service"":""4978aa94-666c-47c7-8024-3ada55195a51"",""deployment"":""4f671b19-856f-4f29-8e22-bcb2c07f3849"",""replica"":""bfc33194-db6e-41f2-b558-4502f04e4238""}",2026-03-29T01:42:06.264273575Z
  Attempt 11/30: Checking http://localhost:3000/api/wa/health...,info,"{""level"":""info""}","{""project"":""ce3616d9-58ad-4ec7-a294-1821e1564434"",""environment"":""fb6513d0-42a4-4660-82b5-509c54b15f2a"",""service"":""4978aa94-666c-47c7-8024-3ada55195a51"",""deployment"":""4f671b19-856f-4f29-8e22-bcb2c07f3849"",""replica"":""bfc33194-db6e-41f2-b558-4502f04e4238""}",2026-03-29T01:42:08.124980774Z
"  ⏳ Next.js not ready yet, waiting 2s...",info,"{""level"":""info""}","{""project"":""ce3616d9-58ad-4ec7-a294-1821e1564434"",""environment"":""fb6513d0-42a4-4660-82b5-509c54b15f2a"",""service"":""4978aa94-666c-47c7-8024-3ada55195a51"",""deployment"":""4f671b19-856f-4f29-8e22-bcb2c07f3849"",""replica"":""bfc33194-db6e-41f2-b558-4502f04e4238""}",2026-03-29T01:42:08.124998118Z
  Attempt 12/30: Checking http://localhost:3000/api/wa/health...,info,"{""level"":""info""}","{""project"":""ce3616d9-58ad-4ec7-a294-1821e1564434"",""environment"":""fb6513d0-42a4-4660-82b5-509c54b15f2a"",""service"":""4978aa94-666c-47c7-8024-3ada55195a51"",""deployment"":""4f671b19-856f-4f29-8e22-bcb2c07f3849"",""replica"":""bfc33194-db6e-41f2-b558-4502f04e4238""}",2026-03-29T01:42:10.325706738Z
"  ⏳ Next.js not ready yet, waiting 2s...",info,"{""level"":""info""}","{""project"":""ce3616d9-58ad-4ec7-a294-1821e1564434"",""environment"":""fb6513d0-42a4-4660-82b5-509c54b15f2a"",""service"":""4978aa94-666c-47c7-8024-3ada55195a51"",""deployment"":""4f671b19-856f-4f29-8e22-bcb2c07f3849"",""replica"":""bfc33194-db6e-41f2-b558-4502f04e4238""}",2026-03-29T01:42:10.325720319Z
  Attempt 13/30: Checking http://localhost:3000/api/wa/health...,info,"{""level"":""info""}","{""project"":""ce3616d9-58ad-4ec7-a294-1821e1564434"",""environment"":""fb6513d0-42a4-4660-82b5-509c54b15f2a"",""service"":""4978aa94-666c-47c7-8024-3ada55195a51"",""deployment"":""4f671b19-856f-4f29-8e22-bcb2c07f3849"",""replica"":""bfc33194-db6e-41f2-b558-4502f04e4238""}",2026-03-29T01:42:12.082201017Z
"  ⏳ Next.js not ready yet, waiting 2s...",info,"{""level"":""info""}","{""project"":""ce3616d9-58ad-4ec7-a294-1821e1564434"",""environment"":""fb6513d0-42a4-4660-82b5-509c54b15f2a"",""service"":""4978aa94-666c-47c7-8024-3ada55195a51"",""deployment"":""4f671b19-856f-4f29-8e22-bcb2c07f3849"",""replica"":""bfc33194-db6e-41f2-b558-4502f04e4238""}",2026-03-29T01:42:12.082207425Z
  Attempt 14/30: Checking http://localhost:3000/api/wa/health...,info,"{""level"":""info""}","{""project"":""ce3616d9-58ad-4ec7-a294-1821e1564434"",""environment"":""fb6513d0-42a4-4660-82b5-509c54b15f2a"",""service"":""4978aa94-666c-47c7-8024-3ada55195a51"",""deployment"":""4f671b19-856f-4f29-8e22-bcb2c07f3849"",""replica"":""bfc33194-db6e-41f2-b558-4502f04e4238""}",2026-03-29T01:42:14.068381942Z
"  ⏳ Next.js not ready yet, waiting 2s...",info,"{""level"":""info""}","{""project"":""ce3616d9-58ad-4ec7-a294-1821e1564434"",""environment"":""fb6513d0-42a4-4660-82b5-509c54b15f2a"",""service"":""4978aa94-666c-47c7-8024-3ada55195a51"",""deployment"":""4f671b19-856f-4f29-8e22-bcb2c07f3849"",""replica"":""bfc33194-db6e-41f2-b558-4502f04e4238""}",2026-03-29T01:42:14.068390356Z
  Attempt 15/30: Checking http://localhost:3000/api/wa/health...,info,"{""level"":""info""}","{""project"":""ce3616d9-58ad-4ec7-a294-1821e1564434"",""environment"":""fb6513d0-42a4-4660-82b5-509c54b15f2a"",""service"":""4978aa94-666c-47c7-8024-3ada55195a51"",""deployment"":""4f671b19-856f-4f29-8e22-bcb2c07f3849"",""replica"":""bfc33194-db6e-41f2-b558-4502f04e4238""}",2026-03-29T01:42:16.070958469Z
"  ⏳ Next.js not ready yet, waiting 2s...",info,"{""level"":""info""}","{""project"":""ce3616d9-58ad-4ec7-a294-1821e1564434"",""environment"":""fb6513d0-42a4-4660-82b5-509c54b15f2a"",""service"":""4978aa94-666c-47c7-8024-3ada55195a51"",""deployment"":""4f671b19-856f-4f29-8e22-bcb2c07f3849"",""replica"":""bfc33194-db6e-41f2-b558-4502f04e4238""}",2026-03-29T01:42:16.070969470Z
"  ⏳ Next.js not ready yet, waiting 2s...",info,"{""level"":""info""}","{""project"":""ce3616d9-58ad-4ec7-a294-1821e1564434"",""environment"":""fb6513d0-42a4-4660-82b5-509c54b15f2a"",""service"":""4978aa94-666c-47c7-8024-3ada55195a51"",""deployment"":""4f671b19-856f-4f29-8e22-bcb2c07f3849"",""replica"":""bfc33194-db6e-41f2-b558-4502f04e4238""}",2026-03-29T01:42:18.107739235Z
  Attempt 16/30: Checking http://localhost:3000/api/wa/health...,info,"{""level"":""info""}","{""project"":""ce3616d9-58ad-4ec7-a294-1821e1564434"",""environment"":""fb6513d0-42a4-4660-82b5-509c54b15f2a"",""service"":""4978aa94-666c-47c7-8024-3ada55195a51"",""deployment"":""4f671b19-856f-4f29-8e22-bcb2c07f3849"",""replica"":""bfc33194-db6e-41f2-b558-4502f04e4238""}",2026-03-29T01:42:18.107793214Z
  Attempt 17/30: Checking http://localhost:3000/api/wa/health...,info,"{""level"":""info""}","{""project"":""ce3616d9-58ad-4ec7-a294-1821e1564434"",""environment"":""fb6513d0-42a4-4660-82b5-509c54b15f2a"",""service"":""4978aa94-666c-47c7-8024-3ada55195a51"",""deployment"":""4f671b19-856f-4f29-8e22-bcb2c07f3849"",""replica"":""bfc33194-db6e-41f2-b558-4502f04e4238""}",2026-03-29T01:42:20.956269747Z
"  ⏳ Next.js not ready yet, waiting 2s...",info,"{""level"":""info""}","{""project"":""ce3616d9-58ad-4ec7-a294-1821e1564434"",""environment"":""fb6513d0-42a4-4660-82b5-509c54b15f2a"",""service"":""4978aa94-666c-47c7-8024-3ada55195a51"",""deployment"":""4f671b19-856f-4f29-8e22-bcb2c07f3849"",""replica"":""bfc33194-db6e-41f2-b558-4502f04e4238""}",2026-03-29T01:42:20.956274417Z
[WA API] GET error: [Error: Unable to connect. Is the computer able to access the url?] {,error,"{""level"":""error""}","{""project"":""ce3616d9-58ad-4ec7-a294-1821e1564434"",""environment"":""fb6513d0-42a4-4660-82b5-509c54b15f2a"",""service"":""4978aa94-666c-47c7-8024-3ada55195a51"",""deployment"":""4f671b19-856f-4f29-8e22-bcb2c07f3849"",""replica"":""bfc33194-db6e-41f2-b558-4502f04e4238""}",2026-03-29T01:42:20.956278474Z
"  code: 'ConnectionRefused',",error,"{""level"":""error""}","{""project"":""ce3616d9-58ad-4ec7-a294-1821e1564434"",""environment"":""fb6513d0-42a4-4660-82b5-509c54b15f2a"",""service"":""4978aa94-666c-47c7-8024-3ada55195a51"",""deployment"":""4f671b19-856f-4f29-8e22-bcb2c07f3849"",""replica"":""bfc33194-db6e-41f2-b558-4502f04e4238""}",2026-03-29T01:42:20.956282752Z
"  path: 'http://localhost:3030/logs?',",error,"{""level"":""error""}","{""project"":""ce3616d9-58ad-4ec7-a294-1821e1564434"",""environment"":""fb6513d0-42a4-4660-82b5-509c54b15f2a"",""service"":""4978aa94-666c-47c7-8024-3ada55195a51"",""deployment"":""4f671b19-856f-4f29-8e22-bcb2c07f3849"",""replica"":""bfc33194-db6e-41f2-b558-4502f04e4238""}",2026-03-29T01:42:20.956287314Z
  errno: 0,error,"{""level"":""error""}","{""project"":""ce3616d9-58ad-4ec7-a294-1821e1564434"",""environment"":""fb6513d0-42a4-4660-82b5-509c54b15f2a"",""service"":""4978aa94-666c-47c7-8024-3ada55195a51"",""deployment"":""4f671b19-856f-4f29-8e22-bcb2c07f3849"",""replica"":""bfc33194-db6e-41f2-b558-4502f04e4238""}",2026-03-29T01:42:20.956292256Z
},error,"{""level"":""error""}","{""project"":""ce3616d9-58ad-4ec7-a294-1821e1564434"",""environment"":""fb6513d0-42a4-4660-82b5-509c54b15f2a"",""service"":""4978aa94-666c-47c7-8024-3ada55195a51"",""deployment"":""4f671b19-856f-4f29-8e22-bcb2c07f3849"",""replica"":""bfc33194-db6e-41f2-b558-4502f04e4238""}",2026-03-29T01:42:20.956297135Z
[WA API] GET error: [Error: Unable to connect. Is the computer able to access the url?] {,error,"{""level"":""error""}","{""project"":""ce3616d9-58ad-4ec7-a294-1821e1564434"",""environment"":""fb6513d0-42a4-4660-82b5-509c54b15f2a"",""service"":""4978aa94-666c-47c7-8024-3ada55195a51"",""deployment"":""4f671b19-856f-4f29-8e22-bcb2c07f3849"",""replica"":""bfc33194-db6e-41f2-b558-4502f04e4238""}",2026-03-29T01:42:20.956302904Z
"  code: 'ConnectionRefused',",error,"{""level"":""error""}","{""project"":""ce3616d9-58ad-4ec7-a294-1821e1564434"",""environment"":""fb6513d0-42a4-4660-82b5-509c54b15f2a"",""service"":""4978aa94-666c-47c7-8024-3ada55195a51"",""deployment"":""4f671b19-856f-4f29-8e22-bcb2c07f3849"",""replica"":""bfc33194-db6e-41f2-b558-4502f04e4238""}",2026-03-29T01:42:20.956307276Z
"  path: 'http://localhost:3030/chat-pairs?',",error,"{""level"":""error""}","{""project"":""ce3616d9-58ad-4ec7-a294-1821e1564434"",""environment"":""fb6513d0-42a4-4660-82b5-509c54b15f2a"",""service"":""4978aa94-666c-47c7-8024-3ada55195a51"",""deployment"":""4f671b19-856f-4f29-8e22-bcb2c07f3849"",""replica"":""bfc33194-db6e-41f2-b558-4502f04e4238""}",2026-03-29T01:42:20.956311844Z
  errno: 0,error,"{""level"":""error""}","{""project"":""ce3616d9-58ad-4ec7-a294-1821e1564434"",""environment"":""fb6513d0-42a4-4660-82b5-509c54b15f2a"",""service"":""4978aa94-666c-47c7-8024-3ada55195a51"",""deployment"":""4f671b19-856f-4f29-8e22-bcb2c07f3849"",""replica"":""bfc33194-db6e-41f2-b558-4502f04e4238""}",2026-03-29T01:42:20.956316320Z
},error,"{""level"":""error""}","{""project"":""ce3616d9-58ad-4ec7-a294-1821e1564434"",""environment"":""fb6513d0-42a4-4660-82b5-509c54b15f2a"",""service"":""4978aa94-666c-47c7-8024-3ada55195a51"",""deployment"":""4f671b19-856f-4f29-8e22-bcb2c07f3849"",""replica"":""bfc33194-db6e-41f2-b558-4502f04e4238""}",2026-03-29T01:42:20.956321293Z
[WA API] GET error: [Error: Unable to connect. Is the computer able to access the url?] {,error,"{""level"":""error""}","{""project"":""ce3616d9-58ad-4ec7-a294-1821e1564434"",""environment"":""fb6513d0-42a4-4660-82b5-509c54b15f2a"",""service"":""4978aa94-666c-47c7-8024-3ada55195a51"",""deployment"":""4f671b19-856f-4f29-8e22-bcb2c07f3849"",""replica"":""bfc33194-db6e-41f2-b558-4502f04e4238""}",2026-03-29T01:42:20.956326382Z
"  code: 'ConnectionRefused',",error,"{""level"":""error""}","{""project"":""ce3616d9-58ad-4ec7-a294-1821e1564434"",""environment"":""fb6513d0-42a4-4660-82b5-509c54b15f2a"",""service"":""4978aa94-666c-47c7-8024-3ada55195a51"",""deployment"":""4f671b19-856f-4f29-8e22-bcb2c07f3849"",""replica"":""bfc33194-db6e-41f2-b558-4502f04e4238""}",2026-03-29T01:42:20.956332050Z
"  path: 'http://localhost:3030/accounts?',",error,"{""level"":""error""}","{""project"":""ce3616d9-58ad-4ec7-a294-1821e1564434"",""environment"":""fb6513d0-42a4-4660-82b5-509c54b15f2a"",""service"":""4978aa94-666c-47c7-8024-3ada55195a51"",""deployment"":""4f671b19-856f-4f29-8e22-bcb2c07f3849"",""replica"":""bfc33194-db6e-41f2-b558-4502f04e4238""}",2026-03-29T01:42:20.956338943Z
  errno: 0,error,"{""level"":""error""}","{""project"":""ce3616d9-58ad-4ec7-a294-1821e1564434"",""environment"":""fb6513d0-42a4-4660-82b5-509c54b15f2a"",""service"":""4978aa94-666c-47c7-8024-3ada55195a51"",""deployment"":""4f671b19-856f-4f29-8e22-bcb2c07f3849"",""replica"":""bfc33194-db6e-41f2-b558-4502f04e4238""}",2026-03-29T01:42:20.956344927Z
},error,"{""level"":""error""}","{""project"":""ce3616d9-58ad-4ec7-a294-1821e1564434"",""environment"":""fb6513d0-42a4-4660-82b5-509c54b15f2a"",""service"":""4978aa94-666c-47c7-8024-3ada55195a51"",""deployment"":""4f671b19-856f-4f29-8e22-bcb2c07f3849"",""replica"":""bfc33194-db6e-41f2-b558-4502f04e4238""}",2026-03-29T01:42:20.956352099Z
  Attempt 18/30: Checking http://localhost:3000/api/wa/health...,info,"{""level"":""info""}","{""project"":""ce3616d9-58ad-4ec7-a294-1821e1564434"",""environment"":""fb6513d0-42a4-4660-82b5-509c54b15f2a"",""service"":""4978aa94-666c-47c7-8024-3ada55195a51"",""deployment"":""4f671b19-856f-4f29-8e22-bcb2c07f3849"",""replica"":""bfc33194-db6e-41f2-b558-4502f04e4238""}",2026-03-29T01:42:22.102661877Z
"  ⏳ Next.js not ready yet, waiting 2s...",info,"{""level"":""info""}","{""project"":""ce3616d9-58ad-4ec7-a294-1821e1564434"",""environment"":""fb6513d0-42a4-4660-82b5-509c54b15f2a"",""service"":""4978aa94-666c-47c7-8024-3ada55195a51"",""deployment"":""4f671b19-856f-4f29-8e22-bcb2c07f3849"",""replica"":""bfc33194-db6e-41f2-b558-4502f04e4238""}",2026-03-29T01:42:22.102665805Z
  Attempt 19/30: Checking http://localhost:3000/api/wa/health...,info,"{""level"":""info""}","{""project"":""ce3616d9-58ad-4ec7-a294-1821e1564434"",""environment"":""fb6513d0-42a4-4660-82b5-509c54b15f2a"",""service"":""4978aa94-666c-47c7-8024-3ada55195a51"",""deployment"":""4f671b19-856f-4f29-8e22-bcb2c07f3849"",""replica"":""bfc33194-db6e-41f2-b558-4502f04e4238""}",2026-03-29T01:42:24.072750372Z
"  ⏳ Next.js not ready yet, waiting 2s...",info,"{""level"":""info""}","{""project"":""ce3616d9-58ad-4ec7-a294-1821e1564434"",""environment"":""fb6513d0-42a4-4660-82b5-509c54b15f2a"",""service"":""4978aa94-666c-47c7-8024-3ada55195a51"",""deployment"":""4f671b19-856f-4f29-8e22-bcb2c07f3849"",""replica"":""bfc33194-db6e-41f2-b558-4502f04e4238""}",2026-03-29T01:42:24.072758226Z
  Attempt 20/30: Checking http://localhost:3000/api/wa/health...,info,"{""level"":""info""}","{""project"":""ce3616d9-58ad-4ec7-a294-1821e1564434"",""environment"":""fb6513d0-42a4-4660-82b5-509c54b15f2a"",""service"":""4978aa94-666c-47c7-8024-3ada55195a51"",""deployment"":""4f671b19-856f-4f29-8e22-bcb2c07f3849"",""replica"":""bfc33194-db6e-41f2-b558-4502f04e4238""}",2026-03-29T01:42:26.078564401Z
"  ⏳ Next.js not ready yet, waiting 2s...",info,"{""level"":""info""}","{""project"":""ce3616d9-58ad-4ec7-a294-1821e1564434"",""environment"":""fb6513d0-42a4-4660-82b5-509c54b15f2a"",""service"":""4978aa94-666c-47c7-8024-3ada55195a51"",""deployment"":""4f671b19-856f-4f29-8e22-bcb2c07f3849"",""replica"":""bfc33194-db6e-41f2-b558-4502f04e4238""}",2026-03-29T01:42:26.078570868Z
  Attempt 21/30: Checking http://localhost:3000/api/wa/health...,info,"{""level"":""info""}","{""project"":""ce3616d9-58ad-4ec7-a294-1821e1564434"",""environment"":""fb6513d0-42a4-4660-82b5-509c54b15f2a"",""service"":""4978aa94-666c-47c7-8024-3ada55195a51"",""deployment"":""4f671b19-856f-4f29-8e22-bcb2c07f3849"",""replica"":""bfc33194-db6e-41f2-b558-4502f04e4238""}",2026-03-29T01:42:28.080269748Z
"  ⏳ Next.js not ready yet, waiting 2s...",info,"{""level"":""info""}","{""project"":""ce3616d9-58ad-4ec7-a294-1821e1564434"",""environment"":""fb6513d0-42a4-4660-82b5-509c54b15f2a"",""service"":""4978aa94-666c-47c7-8024-3ada55195a51"",""deployment"":""4f671b19-856f-4f29-8e22-bcb2c07f3849"",""replica"":""bfc33194-db6e-41f2-b558-4502f04e4238""}",2026-03-29T01:42:28.080278314Z
  Attempt 22/30: Checking http://localhost:3000/api/wa/health...,info,"{""level"":""info""}","{""project"":""ce3616d9-58ad-4ec7-a294-1821e1564434"",""environment"":""fb6513d0-42a4-4660-82b5-509c54b15f2a"",""service"":""4978aa94-666c-47c7-8024-3ada55195a51"",""deployment"":""4f671b19-856f-4f29-8e22-bcb2c07f3849"",""replica"":""bfc33194-db6e-41f2-b558-4502f04e4238""}",2026-03-29T01:42:30.208685678Z
"  ⏳ Next.js not ready yet, waiting 2s...",info,"{""level"":""info""}","{""project"":""ce3616d9-58ad-4ec7-a294-1821e1564434"",""environment"":""fb6513d0-42a4-4660-82b5-509c54b15f2a"",""service"":""4978aa94-666c-47c7-8024-3ada55195a51"",""deployment"":""4f671b19-856f-4f29-8e22-bcb2c07f3849"",""replica"":""bfc33194-db6e-41f2-b558-4502f04e4238""}",2026-03-29T01:42:30.208691933Z
"  ⏳ Next.js not ready yet, waiting 2s...",info,"{""level"":""info""}","{""project"":""ce3616d9-58ad-4ec7-a294-1821e1564434"",""environment"":""fb6513d0-42a4-4660-82b5-509c54b15f2a"",""service"":""4978aa94-666c-47c7-8024-3ada55195a51"",""deployment"":""4f671b19-856f-4f29-8e22-bcb2c07f3849"",""replica"":""bfc33194-db6e-41f2-b558-4502f04e4238""}",2026-03-29T01:42:32.117193877Z
  Attempt 23/30: Checking http://localhost:3000/api/wa/health...,info,"{""level"":""info""}","{""project"":""ce3616d9-58ad-4ec7-a294-1821e1564434"",""environment"":""fb6513d0-42a4-4660-82b5-509c54b15f2a"",""service"":""4978aa94-666c-47c7-8024-3ada55195a51"",""deployment"":""4f671b19-856f-4f29-8e22-bcb2c07f3849"",""replica"":""bfc33194-db6e-41f2-b558-4502f04e4238""}",2026-03-29T01:42:32.117294571Z
"  ⏳ Next.js not ready yet, waiting 2s...",info,"{""level"":""info""}","{""project"":""ce3616d9-58ad-4ec7-a294-1821e1564434"",""environment"":""fb6513d0-42a4-4660-82b5-509c54b15f2a"",""service"":""4978aa94-666c-47c7-8024-3ada55195a51"",""deployment"":""4f671b19-856f-4f29-8e22-bcb2c07f3849"",""replica"":""bfc33194-db6e-41f2-b558-4502f04e4238""}",2026-03-29T01:42:34.113843495Z
  Attempt 24/30: Checking http://localhost:3000/api/wa/health...,info,"{""level"":""info""}","{""project"":""ce3616d9-58ad-4ec7-a294-1821e1564434"",""environment"":""fb6513d0-42a4-4660-82b5-509c54b15f2a"",""service"":""4978aa94-666c-47c7-8024-3ada55195a51"",""deployment"":""4f671b19-856f-4f29-8e22-bcb2c07f3849"",""replica"":""bfc33194-db6e-41f2-b558-4502f04e4238""}",2026-03-29T01:42:34.113893501Z
  Attempt 25/30: Checking http://localhost:3000/api/wa/health...,info,"{""level"":""info""}","{""project"":""ce3616d9-58ad-4ec7-a294-1821e1564434"",""environment"":""fb6513d0-42a4-4660-82b5-509c54b15f2a"",""service"":""4978aa94-666c-47c7-8024-3ada55195a51"",""deployment"":""4f671b19-856f-4f29-8e22-bcb2c07f3849"",""replica"":""bfc33194-db6e-41f2-b558-4502f04e4238""}",2026-03-29T01:42:36.119652179Z
"  ⏳ Next.js not ready yet, waiting 2s...",info,"{""level"":""info""}","{""project"":""ce3616d9-58ad-4ec7-a294-1821e1564434"",""environment"":""fb6513d0-42a4-4660-82b5-509c54b15f2a"",""service"":""4978aa94-666c-47c7-8024-3ada55195a51"",""deployment"":""4f671b19-856f-4f29-8e22-bcb2c07f3849"",""replica"":""bfc33194-db6e-41f2-b558-4502f04e4238""}",2026-03-29T01:42:36.119662764Z
[WA API] GET error: [Error: Unable to connect. Is the computer able to access the url?] {,error,"{""level"":""error""}","{""project"":""ce3616d9-58ad-4ec7-a294-1821e1564434"",""environment"":""fb6513d0-42a4-4660-82b5-509c54b15f2a"",""service"":""4978aa94-666c-47c7-8024-3ada55195a51"",""deployment"":""4f671b19-856f-4f29-8e22-bcb2c07f3849"",""replica"":""bfc33194-db6e-41f2-b558-4502f04e4238""}",2026-03-29T01:42:38.205331333Z
"  code: 'ConnectionRefused',",error,"{""level"":""error""}","{""project"":""ce3616d9-58ad-4ec7-a294-1821e1564434"",""environment"":""fb6513d0-42a4-4660-82b5-509c54b15f2a"",""service"":""4978aa94-666c-47c7-8024-3ada55195a51"",""deployment"":""4f671b19-856f-4f29-8e22-bcb2c07f3849"",""replica"":""bfc33194-db6e-41f2-b558-4502f04e4238""}",2026-03-29T01:42:38.205337917Z
"  path: 'http://localhost:3030/chat-pairs?',",error,"{""level"":""error""}","{""project"":""ce3616d9-58ad-4ec7-a294-1821e1564434"",""environment"":""fb6513d0-42a4-4660-82b5-509c54b15f2a"",""service"":""4978aa94-666c-47c7-8024-3ada55195a51"",""deployment"":""4f671b19-856f-4f29-8e22-bcb2c07f3849"",""replica"":""bfc33194-db6e-41f2-b558-4502f04e4238""}",2026-03-29T01:42:38.205345116Z
  errno: 0,error,"{""level"":""error""}","{""project"":""ce3616d9-58ad-4ec7-a294-1821e1564434"",""environment"":""fb6513d0-42a4-4660-82b5-509c54b15f2a"",""service"":""4978aa94-666c-47c7-8024-3ada55195a51"",""deployment"":""4f671b19-856f-4f29-8e22-bcb2c07f3849"",""replica"":""bfc33194-db6e-41f2-b558-4502f04e4238""}",2026-03-29T01:42:38.205352613Z
},error,"{""level"":""error""}","{""project"":""ce3616d9-58ad-4ec7-a294-1821e1564434"",""environment"":""fb6513d0-42a4-4660-82b5-509c54b15f2a"",""service"":""4978aa94-666c-47c7-8024-3ada55195a51"",""deployment"":""4f671b19-856f-4f29-8e22-bcb2c07f3849"",""replica"":""bfc33194-db6e-41f2-b558-4502f04e4238""}",2026-03-29T01:42:38.205359431Z
[WA API] GET error: [Error: Unable to connect. Is the computer able to access the url?] {,error,"{""level"":""error""}","{""project"":""ce3616d9-58ad-4ec7-a294-1821e1564434"",""environment"":""fb6513d0-42a4-4660-82b5-509c54b15f2a"",""service"":""4978aa94-666c-47c7-8024-3ada55195a51"",""deployment"":""4f671b19-856f-4f29-8e22-bcb2c07f3849"",""replica"":""bfc33194-db6e-41f2-b558-4502f04e4238""}",2026-03-29T01:42:38.205366232Z
"  code: 'ConnectionRefused',",error,"{""level"":""error""}","{""project"":""ce3616d9-58ad-4ec7-a294-1821e1564434"",""environment"":""fb6513d0-42a4-4660-82b5-509c54b15f2a"",""service"":""4978aa94-666c-47c7-8024-3ada55195a51"",""deployment"":""4f671b19-856f-4f29-8e22-bcb2c07f3849"",""replica"":""bfc33194-db6e-41f2-b558-4502f04e4238""}",2026-03-29T01:42:38.205372186Z
"  path: 'http://localhost:3030/logs?',",error,"{""level"":""error""}","{""project"":""ce3616d9-58ad-4ec7-a294-1821e1564434"",""environment"":""fb6513d0-42a4-4660-82b5-509c54b15f2a"",""service"":""4978aa94-666c-47c7-8024-3ada55195a51"",""deployment"":""4f671b19-856f-4f29-8e22-bcb2c07f3849"",""replica"":""bfc33194-db6e-41f2-b558-4502f04e4238""}",2026-03-29T01:42:38.205378446Z
  errno: 0,error,"{""level"":""error""}","{""project"":""ce3616d9-58ad-4ec7-a294-1821e1564434"",""environment"":""fb6513d0-42a4-4660-82b5-509c54b15f2a"",""service"":""4978aa94-666c-47c7-8024-3ada55195a51"",""deployment"":""4f671b19-856f-4f29-8e22-bcb2c07f3849"",""replica"":""bfc33194-db6e-41f2-b558-4502f04e4238""}",2026-03-29T01:42:38.205384481Z
},error,"{""level"":""error""}","{""project"":""ce3616d9-58ad-4ec7-a294-1821e1564434"",""environment"":""fb6513d0-42a4-4660-82b5-509c54b15f2a"",""service"":""4978aa94-666c-47c7-8024-3ada55195a51"",""deployment"":""4f671b19-856f-4f29-8e22-bcb2c07f3849"",""replica"":""bfc33194-db6e-41f2-b558-4502f04e4238""}",2026-03-29T01:42:38.205391051Z
[WA API] GET error: [Error: Unable to connect. Is the computer able to access the url?] {,error,"{""level"":""error""}","{""project"":""ce3616d9-58ad-4ec7-a294-1821e1564434"",""environment"":""fb6513d0-42a4-4660-82b5-509c54b15f2a"",""service"":""4978aa94-666c-47c7-8024-3ada55195a51"",""deployment"":""4f671b19-856f-4f29-8e22-bcb2c07f3849"",""replica"":""bfc33194-db6e-41f2-b558-4502f04e4238""}",2026-03-29T01:42:38.205398060Z
"  code: 'ConnectionRefused',",error,"{""level"":""error""}","{""project"":""ce3616d9-58ad-4ec7-a294-1821e1564434"",""environment"":""fb6513d0-42a4-4660-82b5-509c54b15f2a"",""service"":""4978aa94-666c-47c7-8024-3ada55195a51"",""deployment"":""4f671b19-856f-4f29-8e22-bcb2c07f3849"",""replica"":""bfc33194-db6e-41f2-b558-4502f04e4238""}",2026-03-29T01:42:38.205406414Z
"  path: 'http://localhost:3030/accounts?',",error,"{""level"":""error""}","{""project"":""ce3616d9-58ad-4ec7-a294-1821e1564434"",""environment"":""fb6513d0-42a4-4660-82b5-509c54b15f2a"",""service"":""4978aa94-666c-47c7-8024-3ada55195a51"",""deployment"":""4f671b19-856f-4f29-8e22-bcb2c07f3849"",""replica"":""bfc33194-db6e-41f2-b558-4502f04e4238""}",2026-03-29T01:42:38.205412601Z
  errno: 0,error,"{""level"":""error""}","{""project"":""ce3616d9-58ad-4ec7-a294-1821e1564434"",""environment"":""fb6513d0-42a4-4660-82b5-509c54b15f2a"",""service"":""4978aa94-666c-47c7-8024-3ada55195a51"",""deployment"":""4f671b19-856f-4f29-8e22-bcb2c07f3849"",""replica"":""bfc33194-db6e-41f2-b558-4502f04e4238""}",2026-03-29T01:42:38.205418289Z
},error,"{""level"":""error""}","{""project"":""ce3616d9-58ad-4ec7-a294-1821e1564434"",""environment"":""fb6513d0-42a4-4660-82b5-509c54b15f2a"",""service"":""4978aa94-666c-47c7-8024-3ada55195a51"",""deployment"":""4f671b19-856f-4f29-8e22-bcb2c07f3849"",""replica"":""bfc33194-db6e-41f2-b558-4502f04e4238""}",2026-03-29T01:42:38.205425353Z
  Attempt 26/30: Checking http://localhost:3000/api/wa/health...,info,"{""level"":""info""}","{""project"":""ce3616d9-58ad-4ec7-a294-1821e1564434"",""environment"":""fb6513d0-42a4-4660-82b5-509c54b15f2a"",""service"":""4978aa94-666c-47c7-8024-3ada55195a51"",""deployment"":""4f671b19-856f-4f29-8e22-bcb2c07f3849"",""replica"":""bfc33194-db6e-41f2-b558-4502f04e4238""}",2026-03-29T01:42:38.205430981Z
"  ⏳ Next.js not ready yet, waiting 2s...",info,"{""level"":""info""}","{""project"":""ce3616d9-58ad-4ec7-a294-1821e1564434"",""environment"":""fb6513d0-42a4-4660-82b5-509c54b15f2a"",""service"":""4978aa94-666c-47c7-8024-3ada55195a51"",""deployment"":""4f671b19-856f-4f29-8e22-bcb2c07f3849"",""replica"":""bfc33194-db6e-41f2-b558-4502f04e4238""}",2026-03-29T01:42:38.205436111Z
  Attempt 27/30: Checking http://localhost:3000/api/wa/health...,info,"{""level"":""info""}","{""project"":""ce3616d9-58ad-4ec7-a294-1821e1564434"",""environment"":""fb6513d0-42a4-4660-82b5-509c54b15f2a"",""service"":""4978aa94-666c-47c7-8024-3ada55195a51"",""deployment"":""4f671b19-856f-4f29-8e22-bcb2c07f3849"",""replica"":""bfc33194-db6e-41f2-b558-4502f04e4238""}",2026-03-29T01:42:40.129413151Z
"  ⏳ Next.js not ready yet, waiting 2s...",info,"{""level"":""info""}","{""project"":""ce3616d9-58ad-4ec7-a294-1821e1564434"",""environment"":""fb6513d0-42a4-4660-82b5-509c54b15f2a"",""service"":""4978aa94-666c-47c7-8024-3ada55195a51"",""deployment"":""4f671b19-856f-4f29-8e22-bcb2c07f3849"",""replica"":""bfc33194-db6e-41f2-b558-4502f04e4238""}",2026-03-29T01:42:40.129419487Z
  Attempt 28/30: Checking http://localhost:3000/api/wa/health...,info,"{""level"":""info""}","{""project"":""ce3616d9-58ad-4ec7-a294-1821e1564434"",""environment"":""fb6513d0-42a4-4660-82b5-509c54b15f2a"",""service"":""4978aa94-666c-47c7-8024-3ada55195a51"",""deployment"":""4f671b19-856f-4f29-8e22-bcb2c07f3849"",""replica"":""bfc33194-db6e-41f2-b558-4502f04e4238""}",2026-03-29T01:42:42.169241626Z
"  ⏳ Next.js not ready yet, waiting 2s...",info,"{""level"":""info""}","{""project"":""ce3616d9-58ad-4ec7-a294-1821e1564434"",""environment"":""fb6513d0-42a4-4660-82b5-509c54b15f2a"",""service"":""4978aa94-666c-47c7-8024-3ada55195a51"",""deployment"":""4f671b19-856f-4f29-8e22-bcb2c07f3849"",""replica"":""bfc33194-db6e-41f2-b558-4502f04e4238""}",2026-03-29T01:42:42.169247506Z
  Attempt 29/30: Checking http://localhost:3000/api/wa/health...,info,"{""level"":""info""}","{""project"":""ce3616d9-58ad-4ec7-a294-1821e1564434"",""environment"":""fb6513d0-42a4-4660-82b5-509c54b15f2a"",""service"":""4978aa94-666c-47c7-8024-3ada55195a51"",""deployment"":""4f671b19-856f-4f29-8e22-bcb2c07f3849"",""replica"":""bfc33194-db6e-41f2-b558-4502f04e4238""}",2026-03-29T01:42:44.312701012Z
"  ⏳ Next.js not ready yet, waiting 2s...",info,"{""level"":""info""}","{""project"":""ce3616d9-58ad-4ec7-a294-1821e1564434"",""environment"":""fb6513d0-42a4-4660-82b5-509c54b15f2a"",""service"":""4978aa94-666c-47c7-8024-3ada55195a51"",""deployment"":""4f671b19-856f-4f29-8e22-bcb2c07f3849"",""replica"":""bfc33194-db6e-41f2-b558-4502f04e4238""}",2026-03-29T01:42:44.312713759Z
  Attempt 30/30: Checking http://localhost:3000/api/wa/health...,info,"{""level"":""info""}","{""project"":""ce3616d9-58ad-4ec7-a294-1821e1564434"",""environment"":""fb6513d0-42a4-4660-82b5-509c54b15f2a"",""service"":""4978aa94-666c-47c7-8024-3ada55195a51"",""deployment"":""4f671b19-856f-4f29-8e22-bcb2c07f3849"",""replica"":""bfc33194-db6e-41f2-b558-4502f04e4238""}",2026-03-29T01:42:46.378324958Z
"  ⏳ Next.js not ready yet, waiting 2s...",info,"{""level"":""info""}","{""project"":""ce3616d9-58ad-4ec7-a294-1821e1564434"",""environment"":""fb6513d0-42a4-4660-82b5-509c54b15f2a"",""service"":""4978aa94-666c-47c7-8024-3ada55195a51"",""deployment"":""4f671b19-856f-4f29-8e22-bcb2c07f3849"",""replica"":""bfc33194-db6e-41f2-b558-4502f04e4238""}",2026-03-29T01:42:46.378332598Z
"  ⚠️ Next.js health check failed after 30 attempts, continuing anyway...",info,"{""level"":""info""}","{""project"":""ce3616d9-58ad-4ec7-a294-1821e1564434"",""environment"":""fb6513d0-42a4-4660-82b5-509c54b15f2a"",""service"":""4978aa94-666c-47c7-8024-3ada55195a51"",""deployment"":""4f671b19-856f-4f29-8e22-bcb2c07f3849"",""replica"":""bfc33194-db6e-41f2-b558-4502f04e4238""}",2026-03-29T01:42:48.292139200Z
==========================================,info,"{""level"":""info""}","{""project"":""ce3616d9-58ad-4ec7-a294-1821e1564434"",""environment"":""fb6513d0-42a4-4660-82b5-509c54b15f2a"",""service"":""4978aa94-666c-47c7-8024-3ada55195a51"",""deployment"":""4f671b19-856f-4f29-8e22-bcb2c07f3849"",""replica"":""bfc33194-db6e-41f2-b558-4502f04e4238""}",2026-03-29T01:42:49.341691433Z
Starting WhatsApp Warmer Service,info,"{""level"":""info""}","{""project"":""ce3616d9-58ad-4ec7-a294-1821e1564434"",""environment"":""fb6513d0-42a4-4660-82b5-509c54b15f2a"",""service"":""4978aa94-666c-47c7-8024-3ada55195a51"",""deployment"":""4f671b19-856f-4f29-8e22-bcb2c07f3849"",""replica"":""bfc33194-db6e-41f2-b558-4502f04e4238""}",2026-03-29T01:42:49.341698487Z
==========================================,info,"{""level"":""info""}","{""project"":""ce3616d9-58ad-4ec7-a294-1821e1564434"",""environment"":""fb6513d0-42a4-4660-82b5-509c54b15f2a"",""service"":""4978aa94-666c-47c7-8024-3ada55195a51"",""deployment"":""4f671b19-856f-4f29-8e22-bcb2c07f3849"",""replica"":""bfc33194-db6e-41f2-b558-4502f04e4238""}",2026-03-29T01:42:49.341704912Z
Running Prisma migrations...,info,"{""level"":""info""}","{""project"":""ce3616d9-58ad-4ec7-a294-1821e1564434"",""environment"":""fb6513d0-42a4-4660-82b5-509c54b15f2a"",""service"":""4978aa94-666c-47c7-8024-3ada55195a51"",""deployment"":""4f671b19-856f-4f29-8e22-bcb2c07f3849"",""replica"":""bfc33194-db6e-41f2-b558-4502f04e4238""}",2026-03-29T01:42:49.341711286Z
Prisma schema loaded from prisma/schema.prisma,info,"{""level"":""info""}","{""project"":""ce3616d9-58ad-4ec7-a294-1821e1564434"",""environment"":""fb6513d0-42a4-4660-82b5-509c54b15f2a"",""service"":""4978aa94-666c-47c7-8024-3ada55195a51"",""deployment"":""4f671b19-856f-4f29-8e22-bcb2c07f3849"",""replica"":""bfc33194-db6e-41f2-b558-4502f04e4238""}",2026-03-29T01:42:51.256507062Z
"Datasource ""db"": SQLite database ""whatsapp.db"" at ""file:/app/data/whatsapp.db""",info,"{""level"":""info""}","{""project"":""ce3616d9-58ad-4ec7-a294-1821e1564434"",""environment"":""fb6513d0-42a4-4660-82b5-509c54b15f2a"",""service"":""4978aa94-666c-47c7-8024-3ada55195a51"",""deployment"":""4f671b19-856f-4f29-8e22-bcb2c07f3849"",""replica"":""bfc33194-db6e-41f2-b558-4502f04e4238""}",2026-03-29T01:42:51.256515532Z
,info,"{""level"":""info""}","{""project"":""ce3616d9-58ad-4ec7-a294-1821e1564434"",""environment"":""fb6513d0-42a4-4660-82b5-509c54b15f2a"",""service"":""4978aa94-666c-47c7-8024-3ada55195a51"",""deployment"":""4f671b19-856f-4f29-8e22-bcb2c07f3849"",""replica"":""bfc33194-db6e-41f2-b558-4502f04e4238""}",2026-03-29T01:42:51.258215747Z
The database is already in sync with the Prisma schema.,info,"{""level"":""info""}","{""project"":""ce3616d9-58ad-4ec7-a294-1821e1564434"",""environment"":""fb6513d0-42a4-4660-82b5-509c54b15f2a"",""service"":""4978aa94-666c-47c7-8024-3ada55195a51"",""deployment"":""4f671b19-856f-4f29-8e22-bcb2c07f3849"",""replica"":""bfc33194-db6e-41f2-b558-4502f04e4238""}",2026-03-29T01:42:51.258223034Z
,info,"{""level"":""info""}","{""project"":""ce3616d9-58ad-4ec7-a294-1821e1564434"",""environment"":""fb6513d0-42a4-4660-82b5-509c54b15f2a"",""service"":""4978aa94-666c-47c7-8024-3ada55195a51"",""deployment"":""4f671b19-856f-4f29-8e22-bcb2c07f3849"",""replica"":""bfc33194-db6e-41f2-b558-4502f04e4238""}",2026-03-29T01:42:51.258227789Z
Setting up Prisma symlinks...,info,"{""level"":""info""}","{""project"":""ce3616d9-58ad-4ec7-a294-1821e1564434"",""environment"":""fb6513d0-42a4-4660-82b5-509c54b15f2a"",""service"":""4978aa94-666c-47c7-8024-3ada55195a51"",""deployment"":""4f671b19-856f-4f29-8e22-bcb2c07f3849"",""replica"":""bfc33194-db6e-41f2-b558-4502f04e4238""}",2026-03-29T01:42:51.258233784Z
Starting Next.js server...,info,"{""level"":""info""}","{""project"":""ce3616d9-58ad-4ec7-a294-1821e1564434"",""environment"":""fb6513d0-42a4-4660-82b5-509c54b15f2a"",""service"":""4978aa94-666c-47c7-8024-3ada55195a51"",""deployment"":""4f671b19-856f-4f29-8e22-bcb2c07f3849"",""replica"":""bfc33194-db6e-41f2-b558-4502f04e4238""}",2026-03-29T01:42:51.258238401Z
Waiting for Next.js to be ready...,info,"{""level"":""info""}","{""project"":""ce3616d9-58ad-4ec7-a294-1821e1564434"",""environment"":""fb6513d0-42a4-4660-82b5-509c54b15f2a"",""service"":""4978aa94-666c-47c7-8024-3ada55195a51"",""deployment"":""4f671b19-856f-4f29-8e22-bcb2c07f3849"",""replica"":""bfc33194-db6e-41f2-b558-4502f04e4238""}",2026-03-29T01:42:51.258244297Z
  Attempt 1/30: Checking http://localhost:3000/api/wa/health...,info,"{""level"":""info""}","{""project"":""ce3616d9-58ad-4ec7-a294-1821e1564434"",""environment"":""fb6513d0-42a4-4660-82b5-509c54b15f2a"",""service"":""4978aa94-666c-47c7-8024-3ada55195a51"",""deployment"":""4f671b19-856f-4f29-8e22-bcb2c07f3849"",""replica"":""bfc33194-db6e-41f2-b558-4502f04e4238""}",2026-03-29T01:42:51.258257091Z
"  ⏳ Next.js not ready yet, waiting 2s...",info,"{""level"":""info""}","{""project"":""ce3616d9-58ad-4ec7-a294-1821e1564434"",""environment"":""fb6513d0-42a4-4660-82b5-509c54b15f2a"",""service"":""4978aa94-666c-47c7-8024-3ada55195a51"",""deployment"":""4f671b19-856f-4f29-8e22-bcb2c07f3849"",""replica"":""bfc33194-db6e-41f2-b558-4502f04e4238""}",2026-03-29T01:42:51.258266775Z
▲ Next.js 16.1.6,info,"{""level"":""info""}","{""project"":""ce3616d9-58ad-4ec7-a294-1821e1564434"",""environment"":""fb6513d0-42a4-4660-82b5-509c54b15f2a"",""service"":""4978aa94-666c-47c7-8024-3ada55195a51"",""deployment"":""4f671b19-856f-4f29-8e22-bcb2c07f3849"",""replica"":""bfc33194-db6e-41f2-b558-4502f04e4238""}",2026-03-29T01:42:51.258271845Z
- Local:         http://localhost:3000,info,"{""level"":""info""}","{""project"":""ce3616d9-58ad-4ec7-a294-1821e1564434"",""environment"":""fb6513d0-42a4-4660-82b5-509c54b15f2a"",""service"":""4978aa94-666c-47c7-8024-3ada55195a51"",""deployment"":""4f671b19-856f-4f29-8e22-bcb2c07f3849"",""replica"":""bfc33194-db6e-41f2-b558-4502f04e4238""}",2026-03-29T01:42:51.258275985Z
- Network:       http://0.0.0.0:3000,info,"{""level"":""info""}","{""project"":""ce3616d9-58ad-4ec7-a294-1821e1564434"",""environment"":""fb6513d0-42a4-4660-82b5-509c54b15f2a"",""service"":""4978aa94-666c-47c7-8024-3ada55195a51"",""deployment"":""4f671b19-856f-4f29-8e22-bcb2c07f3849"",""replica"":""bfc33194-db6e-41f2-b558-4502f04e4238""}",2026-03-29T01:42:51.258280502Z
,info,"{""level"":""info""}","{""project"":""ce3616d9-58ad-4ec7-a294-1821e1564434"",""environment"":""fb6513d0-42a4-4660-82b5-509c54b15f2a"",""service"":""4978aa94-666c-47c7-8024-3ada55195a51"",""deployment"":""4f671b19-856f-4f29-8e22-bcb2c07f3849"",""replica"":""bfc33194-db6e-41f2-b558-4502f04e4238""}",2026-03-29T01:42:51.258321875Z
✓ Starting...,info,"{""level"":""info""}","{""project"":""ce3616d9-58ad-4ec7-a294-1821e1564434"",""environment"":""fb6513d0-42a4-4660-82b5-509c54b15f2a"",""service"":""4978aa94-666c-47c7-8024-3ada55195a51"",""deployment"":""4f671b19-856f-4f29-8e22-bcb2c07f3849"",""replica"":""bfc33194-db6e-41f2-b558-4502f04e4238""}",2026-03-29T01:42:51.258333723Z
✓ Ready in 139ms,info,"{""level"":""info""}","{""project"":""ce3616d9-58ad-4ec7-a294-1821e1564434"",""environment"":""fb6513d0-42a4-4660-82b5-509c54b15f2a"",""service"":""4978aa94-666c-47c7-8024-3ada55195a51"",""deployment"":""4f671b19-856f-4f29-8e22-bcb2c07f3849"",""replica"":""bfc33194-db6e-41f2-b558-4502f04e4238""}",2026-03-29T01:42:51.336524942Z
  Attempt 2/30: Checking http://localhost:3000/api/wa/health...,info,"{""level"":""info""}","{""project"":""ce3616d9-58ad-4ec7-a294-1821e1564434"",""environment"":""fb6513d0-42a4-4660-82b5-509c54b15f2a"",""service"":""4978aa94-666c-47c7-8024-3ada55195a51"",""deployment"":""4f671b19-856f-4f29-8e22-bcb2c07f3849"",""replica"":""bfc33194-db6e-41f2-b558-4502f04e4238""}",2026-03-29T01:42:53.583848001Z
"  ⏳ Next.js not ready yet, waiting 2s...",info,"{""level"":""info""}","{""project"":""ce3616d9-58ad-4ec7-a294-1821e1564434"",""environment"":""fb6513d0-42a4-4660-82b5-509c54b15f2a"",""service"":""4978aa94-666c-47c7-8024-3ada55195a51"",""deployment"":""4f671b19-856f-4f29-8e22-bcb2c07f3849"",""replica"":""bfc33194-db6e-41f2-b558-4502f04e4238""}",2026-03-29T01:42:53.583853810Z
  Attempt 3/30: Checking http://localhost:3000/api/wa/health...,info,"{""level"":""info""}","{""project"":""ce3616d9-58ad-4ec7-a294-1821e1564434"",""environment"":""fb6513d0-42a4-4660-82b5-509c54b15f2a"",""service"":""4978aa94-666c-47c7-8024-3ada55195a51"",""deployment"":""4f671b19-856f-4f29-8e22-bcb2c07f3849"",""replica"":""bfc33194-db6e-41f2-b558-4502f04e4238""}",2026-03-29T01:42:55.002211671Z
"  ⏳ Next.js not ready yet, waiting 2s...",info,"{""level"":""info""}","{""project"":""ce3616d9-58ad-4ec7-a294-1821e1564434"",""environment"":""fb6513d0-42a4-4660-82b5-509c54b15f2a"",""service"":""4978aa94-666c-47c7-8024-3ada55195a51"",""deployment"":""4f671b19-856f-4f29-8e22-bcb2c07f3849"",""replica"":""bfc33194-db6e-41f2-b558-4502f04e4238""}",2026-03-29T01:42:55.002217506Z
  Attempt 4/30: Checking http://localhost:3000/api/wa/health...,info,"{""level"":""info""}","{""project"":""ce3616d9-58ad-4ec7-a294-1821e1564434"",""environment"":""fb6513d0-42a4-4660-82b5-509c54b15f2a"",""service"":""4978aa94-666c-47c7-8024-3ada55195a51"",""deployment"":""4f671b19-856f-4f29-8e22-bcb2c07f3849"",""replica"":""bfc33194-db6e-41f2-b558-4502f04e4238""}",2026-03-29T01:42:56.762452697Z
"  ⏳ Next.js not ready yet, waiting 2s...",info,"{""level"":""info""}","{""project"":""ce3616d9-58ad-4ec7-a294-1821e1564434"",""environment"":""fb6513d0-42a4-4660-82b5-509c54b15f2a"",""service"":""4978aa94-666c-47c7-8024-3ada55195a51"",""deployment"":""4f671b19-856f-4f29-8e22-bcb2c07f3849"",""replica"":""bfc33194-db6e-41f2-b558-4502f04e4238""}",2026-03-29T01:42:56.762459102Z
  Attempt 5/30: Checking http://localhost:3000/api/wa/health...,info,"{""level"":""info""}","{""project"":""ce3616d9-58ad-4ec7-a294-1821e1564434"",""environment"":""fb6513d0-42a4-4660-82b5-509c54b15f2a"",""service"":""4978aa94-666c-47c7-8024-3ada55195a51"",""deployment"":""4f671b19-856f-4f29-8e22-bcb2c07f3849"",""replica"":""bfc33194-db6e-41f2-b558-4502f04e4238""}",2026-03-29T01:42:59.081834976Z
"  ⏳ Next.js not ready yet, waiting 2s...",info,"{""level"":""info""}","{""project"":""ce3616d9-58ad-4ec7-a294-1821e1564434"",""environment"":""fb6513d0-42a4-4660-82b5-509c54b15f2a"",""service"":""4978aa94-666c-47c7-8024-3ada55195a51"",""deployment"":""4f671b19-856f-4f29-8e22-bcb2c07f3849"",""replica"":""bfc33194-db6e-41f2-b558-4502f04e4238""}",2026-03-29T01:42:59.081840886Z
  Attempt 6/30: Checking http://localhost:3000/api/wa/health...,info,"{""level"":""info""}","{""project"":""ce3616d9-58ad-4ec7-a294-1821e1564434"",""environment"":""fb6513d0-42a4-4660-82b5-509c54b15f2a"",""service"":""4978aa94-666c-47c7-8024-3ada55195a51"",""deployment"":""4f671b19-856f-4f29-8e22-bcb2c07f3849"",""replica"":""bfc33194-db6e-41f2-b558-4502f04e4238""}",2026-03-29T01:43:01.060833719Z
"  ⏳ Next.js not ready yet, waiting 2s...",info,"{""level"":""info""}","{""project"":""ce3616d9-58ad-4ec7-a294-1821e1564434"",""environment"":""fb6513d0-42a4-4660-82b5-509c54b15f2a"",""service"":""4978aa94-666c-47c7-8024-3ada55195a51"",""deployment"":""4f671b19-856f-4f29-8e22-bcb2c07f3849"",""replica"":""bfc33194-db6e-41f2-b558-4502f04e4238""}",2026-03-29T01:43:01.060842306Z
  Attempt 7/30: Checking http://localhost:3000/api/wa/health...,info,"{""level"":""info""}","{""project"":""ce3616d9-58ad-4ec7-a294-1821e1564434"",""environment"":""fb6513d0-42a4-4660-82b5-509c54b15f2a"",""service"":""4978aa94-666c-47c7-8024-3ada55195a51"",""deployment"":""4f671b19-856f-4f29-8e22-bcb2c07f3849"",""replica"":""bfc33194-db6e-41f2-b558-4502f04e4238""}",2026-03-29T01:43:02.783294104Z
"  ⏳ Next.js not ready yet, waiting 2s...",info,"{""level"":""info""}","{""project"":""ce3616d9-58ad-4ec7-a294-1821e1564434"",""environment"":""fb6513d0-42a4-4660-82b5-509c54b15f2a"",""service"":""4978aa94-666c-47c7-8024-3ada55195a51"",""deployment"":""4f671b19-856f-4f29-8e22-bcb2c07f3849"",""replica"":""bfc33194-db6e-41f2-b558-4502f04e4238""}",2026-03-29T01:43:02.783298901Z
  Attempt 8/30: Checking http://localhost:3000/api/wa/health...,info,"{""level"":""info""}","{""project"":""ce3616d9-58ad-4ec7-a294-1821e1564434"",""environment"":""fb6513d0-42a4-4660-82b5-509c54b15f2a"",""service"":""4978aa94-666c-47c7-8024-3ada55195a51"",""deployment"":""4f671b19-856f-4f29-8e22-bcb2c07f3849"",""replica"":""bfc33194-db6e-41f2-b558-4502f04e4238""}",2026-03-29T01:43:05.067849817Z
"  ⏳ Next.js not ready yet, waiting 2s...",info,"{""level"":""info""}","{""project"":""ce3616d9-58ad-4ec7-a294-1821e1564434"",""environment"":""fb6513d0-42a4-4660-82b5-509c54b15f2a"",""service"":""4978aa94-666c-47c7-8024-3ada55195a51"",""deployment"":""4f671b19-856f-4f29-8e22-bcb2c07f3849"",""replica"":""bfc33194-db6e-41f2-b558-4502f04e4238""}",2026-03-29T01:43:05.067857250Z
"  ⏳ Next.js not ready yet, waiting 2s...",info,"{""level"":""info""}","{""project"":""ce3616d9-58ad-4ec7-a294-1821e1564434"",""environment"":""fb6513d0-42a4-4660-82b5-509c54b15f2a"",""service"":""4978aa94-666c-47c7-8024-3ada55195a51"",""deployment"":""4f671b19-856f-4f29-8e22-bcb2c07f3849"",""replica"":""bfc33194-db6e-41f2-b558-4502f04e4238""}",2026-03-29T01:43:06.946563076Z
  Attempt 9/30: Checking http://localhost:3000/api/wa/health...,info,"{""level"":""info""}","{""project"":""ce3616d9-58ad-4ec7-a294-1821e1564434"",""environment"":""fb6513d0-42a4-4660-82b5-509c54b15f2a"",""service"":""4978aa94-666c-47c7-8024-3ada55195a51"",""deployment"":""4f671b19-856f-4f29-8e22-bcb2c07f3849"",""replica"":""bfc33194-db6e-41f2-b558-4502f04e4238""}",2026-03-29T01:43:06.946835203Z
  Attempt 10/30: Checking http://localhost:3000/api/wa/health...,info,"{""level"":""info""}","{""project"":""ce3616d9-58ad-4ec7-a294-1821e1564434"",""environment"":""fb6513d0-42a4-4660-82b5-509c54b15f2a"",""service"":""4978aa94-666c-47c7-8024-3ada55195a51"",""deployment"":""4f671b19-856f-4f29-8e22-bcb2c07f3849"",""replica"":""bfc33194-db6e-41f2-b558-4502f04e4238""}",2026-03-29T01:43:09.054038724Z
"  ⏳ Next.js not ready yet, waiting 2s...",info,"{""level"":""info""}","{""project"":""ce3616d9-58ad-4ec7-a294-1821e1564434"",""environment"":""fb6513d0-42a4-4660-82b5-509c54b15f2a"",""service"":""4978aa94-666c-47c7-8024-3ada55195a51"",""deployment"":""4f671b19-856f-4f29-8e22-bcb2c07f3849"",""replica"":""bfc33194-db6e-41f2-b558-4502f04e4238""}",2026-03-29T01:43:09.054046602Z
  Attempt 11/30: Checking http://localhost:3000/api/wa/health...,info,"{""level"":""info""}","{""project"":""ce3616d9-58ad-4ec7-a294-1821e1564434"",""environment"":""fb6513d0-42a4-4660-82b5-509c54b15f2a"",""service"":""4978aa94-666c-47c7-8024-3ada55195a51"",""deployment"":""4f671b19-856f-4f29-8e22-bcb2c07f3849"",""replica"":""bfc33194-db6e-41f2-b558-4502f04e4238""}",2026-03-29T01:43:10.808997905Z
"  ⏳ Next.js not ready yet, waiting 2s...",info,"{""level"":""info""}","{""project"":""ce3616d9-58ad-4ec7-a294-1821e1564434"",""environment"":""fb6513d0-42a4-4660-82b5-509c54b15f2a"",""service"":""4978aa94-666c-47c7-8024-3ada55195a51"",""deployment"":""4f671b19-856f-4f29-8e22-bcb2c07f3849"",""replica"":""bfc33194-db6e-41f2-b558-4502f04e4238""}",2026-03-29T01:43:10.809012470Z
  Attempt 12/30: Checking http://localhost:3000/api/wa/health...,info,"{""level"":""info""}","{""project"":""ce3616d9-58ad-4ec7-a294-1821e1564434"",""environment"":""fb6513d0-42a4-4660-82b5-509c54b15f2a"",""service"":""4978aa94-666c-47c7-8024-3ada55195a51"",""deployment"":""4f671b19-856f-4f29-8e22-bcb2c07f3849"",""replica"":""bfc33194-db6e-41f2-b558-4502f04e4238""}",2026-03-29T01:43:12.905606579Z
"  ⏳ Next.js not ready yet, waiting 2s...",info,"{""level"":""info""}","{""project"":""ce3616d9-58ad-4ec7-a294-1821e1564434"",""environment"":""fb6513d0-42a4-4660-82b5-509c54b15f2a"",""service"":""4978aa94-666c-47c7-8024-3ada55195a51"",""deployment"":""4f671b19-856f-4f29-8e22-bcb2c07f3849"",""replica"":""bfc33194-db6e-41f2-b558-4502f04e4238""}",2026-03-29T01:43:12.905611810Z
  Attempt 13/30: Checking http://localhost:3000/api/wa/health...,info,"{""level"":""info""}","{""project"":""ce3616d9-58ad-4ec7-a294-1821e1564434"",""environment"":""fb6513d0-42a4-4660-82b5-509c54b15f2a"",""service"":""4978aa94-666c-47c7-8024-3ada55195a51"",""deployment"":""4f671b19-856f-4f29-8e22-bcb2c07f3849"",""replica"":""bfc33194-db6e-41f2-b558-4502f04e4238""}",2026-03-29T01:43:14.998149317Z
"  ⏳ Next.js not ready yet, waiting 2s...",info,"{""level"":""info""}","{""project"":""ce3616d9-58ad-4ec7-a294-1821e1564434"",""environment"":""fb6513d0-42a4-4660-82b5-509c54b15f2a"",""service"":""4978aa94-666c-47c7-8024-3ada55195a51"",""deployment"":""4f671b19-856f-4f29-8e22-bcb2c07f3849"",""replica"":""bfc33194-db6e-41f2-b558-4502f04e4238""}",2026-03-29T01:43:14.998161231Z
"  ⏳ Next.js not ready yet, waiting 2s...",info,"{""level"":""info""}","{""project"":""ce3616d9-58ad-4ec7-a294-1821e1564434"",""environment"":""fb6513d0-42a4-4660-82b5-509c54b15f2a"",""service"":""4978aa94-666c-47c7-8024-3ada55195a51"",""deployment"":""4f671b19-856f-4f29-8e22-bcb2c07f3849"",""replica"":""bfc33194-db6e-41f2-b558-4502f04e4238""}",2026-03-29T01:43:16.917068601Z
  Attempt 14/30: Checking http://localhost:3000/api/wa/health...,info,"{""level"":""info""}","{""project"":""ce3616d9-58ad-4ec7-a294-1821e1564434"",""environment"":""fb6513d0-42a4-4660-82b5-509c54b15f2a"",""service"":""4978aa94-666c-47c7-8024-3ada55195a51"",""deployment"":""4f671b19-856f-4f29-8e22-bcb2c07f3849"",""replica"":""bfc33194-db6e-41f2-b558-4502f04e4238""}",2026-03-29T01:43:16.917111114Z
  Attempt 15/30: Checking http://localhost:3000/api/wa/health...,info,"{""level"":""info""}","{""project"":""ce3616d9-58ad-4ec7-a294-1821e1564434"",""environment"":""fb6513d0-42a4-4660-82b5-509c54b15f2a"",""service"":""4978aa94-666c-47c7-8024-3ada55195a51"",""deployment"":""4f671b19-856f-4f29-8e22-bcb2c07f3849"",""replica"":""bfc33194-db6e-41f2-b558-4502f04e4238""}",2026-03-29T01:43:18.875834316Z
"  ⏳ Next.js not ready yet, waiting 2s...",info,"{""level"":""info""}","{""project"":""ce3616d9-58ad-4ec7-a294-1821e1564434"",""environment"":""fb6513d0-42a4-4660-82b5-509c54b15f2a"",""service"":""4978aa94-666c-47c7-8024-3ada55195a51"",""deployment"":""4f671b19-856f-4f29-8e22-bcb2c07f3849"",""replica"":""bfc33194-db6e-41f2-b558-4502f04e4238""}",2026-03-29T01:43:18.875839809Z
[WA API] GET error: [Error: Unable to connect. Is the computer able to access the url?] {,error,"{""level"":""error""}","{""project"":""ce3616d9-58ad-4ec7-a294-1821e1564434"",""environment"":""fb6513d0-42a4-4660-82b5-509c54b15f2a"",""service"":""4978aa94-666c-47c7-8024-3ada55195a51"",""deployment"":""4f671b19-856f-4f29-8e22-bcb2c07f3849"",""replica"":""bfc33194-db6e-41f2-b558-4502f04e4238""}",2026-03-29T01:43:20.944394132Z
"  code: 'ConnectionRefused',",error,"{""level"":""error""}","{""project"":""ce3616d9-58ad-4ec7-a294-1821e1564434"",""environment"":""fb6513d0-42a4-4660-82b5-509c54b15f2a"",""service"":""4978aa94-666c-47c7-8024-3ada55195a51"",""deployment"":""4f671b19-856f-4f29-8e22-bcb2c07f3849"",""replica"":""bfc33194-db6e-41f2-b558-4502f04e4238""}",2026-03-29T01:43:20.944408662Z
"  path: 'http://localhost:3030/accounts?',",error,"{""level"":""error""}","{""project"":""ce3616d9-58ad-4ec7-a294-1821e1564434"",""environment"":""fb6513d0-42a4-4660-82b5-509c54b15f2a"",""service"":""4978aa94-666c-47c7-8024-3ada55195a51"",""deployment"":""4f671b19-856f-4f29-8e22-bcb2c07f3849"",""replica"":""bfc33194-db6e-41f2-b558-4502f04e4238""}",2026-03-29T01:43:20.944416680Z
  errno: 0,error,"{""level"":""error""}","{""project"":""ce3616d9-58ad-4ec7-a294-1821e1564434"",""environment"":""fb6513d0-42a4-4660-82b5-509c54b15f2a"",""service"":""4978aa94-666c-47c7-8024-3ada55195a51"",""deployment"":""4f671b19-856f-4f29-8e22-bcb2c07f3849"",""replica"":""bfc33194-db6e-41f2-b558-4502f04e4238""}",2026-03-29T01:43:20.944423518Z
},error,"{""level"":""error""}","{""project"":""ce3616d9-58ad-4ec7-a294-1821e1564434"",""environment"":""fb6513d0-42a4-4660-82b5-509c54b15f2a"",""service"":""4978aa94-666c-47c7-8024-3ada55195a51"",""deployment"":""4f671b19-856f-4f29-8e22-bcb2c07f3849"",""replica"":""bfc33194-db6e-41f2-b558-4502f04e4238""}",2026-03-29T01:43:20.944430163Z
[WA API] GET error: [Error: Unable to connect. Is the computer able to access the url?] {,error,"{""level"":""error""}","{""project"":""ce3616d9-58ad-4ec7-a294-1821e1564434"",""environment"":""fb6513d0-42a4-4660-82b5-509c54b15f2a"",""service"":""4978aa94-666c-47c7-8024-3ada55195a51"",""deployment"":""4f671b19-856f-4f29-8e22-bcb2c07f3849"",""replica"":""bfc33194-db6e-41f2-b558-4502f04e4238""}",2026-03-29T01:43:20.944437866Z
"  code: 'ConnectionRefused',",error,"{""level"":""error""}","{""project"":""ce3616d9-58ad-4ec7-a294-1821e1564434"",""environment"":""fb6513d0-42a4-4660-82b5-509c54b15f2a"",""service"":""4978aa94-666c-47c7-8024-3ada55195a51"",""deployment"":""4f671b19-856f-4f29-8e22-bcb2c07f3849"",""replica"":""bfc33194-db6e-41f2-b558-4502f04e4238""}",2026-03-29T01:43:20.944444214Z
"  path: 'http://localhost:3030/logs?',",error,"{""level"":""error""}","{""project"":""ce3616d9-58ad-4ec7-a294-1821e1564434"",""environment"":""fb6513d0-42a4-4660-82b5-509c54b15f2a"",""service"":""4978aa94-666c-47c7-8024-3ada55195a51"",""deployment"":""4f671b19-856f-4f29-8e22-bcb2c07f3849"",""replica"":""bfc33194-db6e-41f2-b558-4502f04e4238""}",2026-03-29T01:43:20.944452116Z
  errno: 0,error,"{""level"":""error""}","{""project"":""ce3616d9-58ad-4ec7-a294-1821e1564434"",""environment"":""fb6513d0-42a4-4660-82b5-509c54b15f2a"",""service"":""4978aa94-666c-47c7-8024-3ada55195a51"",""deployment"":""4f671b19-856f-4f29-8e22-bcb2c07f3849"",""replica"":""bfc33194-db6e-41f2-b558-4502f04e4238""}",2026-03-29T01:43:20.944460535Z
},error,"{""level"":""error""}","{""project"":""ce3616d9-58ad-4ec7-a294-1821e1564434"",""environment"":""fb6513d0-42a4-4660-82b5-509c54b15f2a"",""service"":""4978aa94-666c-47c7-8024-3ada55195a51"",""deployment"":""4f671b19-856f-4f29-8e22-bcb2c07f3849"",""replica"":""bfc33194-db6e-41f2-b558-4502f04e4238""}",2026-03-29T01:43:20.944467863Z
[WA API] GET error: [Error: Unable to connect. Is the computer able to access the url?] {,error,"{""level"":""error""}","{""project"":""ce3616d9-58ad-4ec7-a294-1821e1564434"",""environment"":""fb6513d0-42a4-4660-82b5-509c54b15f2a"",""service"":""4978aa94-666c-47c7-8024-3ada55195a51"",""deployment"":""4f671b19-856f-4f29-8e22-bcb2c07f3849"",""replica"":""bfc33194-db6e-41f2-b558-4502f04e4238""}",2026-03-29T01:43:20.944475062Z
"  code: 'ConnectionRefused',",error,"{""level"":""error""}","{""project"":""ce3616d9-58ad-4ec7-a294-1821e1564434"",""environment"":""fb6513d0-42a4-4660-82b5-509c54b15f2a"",""service"":""4978aa94-666c-47c7-8024-3ada55195a51"",""deployment"":""4f671b19-856f-4f29-8e22-bcb2c07f3849"",""replica"":""bfc33194-db6e-41f2-b558-4502f04e4238""}",2026-03-29T01:43:20.944489274Z
"  path: 'http://localhost:3030/chat-pairs?',",error,"{""level"":""error""}","{""project"":""ce3616d9-58ad-4ec7-a294-1821e1564434"",""environment"":""fb6513d0-42a4-4660-82b5-509c54b15f2a"",""service"":""4978aa94-666c-47c7-8024-3ada55195a51"",""deployment"":""4f671b19-856f-4f29-8e22-bcb2c07f3849"",""replica"":""bfc33194-db6e-41f2-b558-4502f04e4238""}",2026-03-29T01:43:20.944496863Z
  errno: 0,error,"{""level"":""error""}","{""project"":""ce3616d9-58ad-4ec7-a294-1821e1564434"",""environment"":""fb6513d0-42a4-4660-82b5-509c54b15f2a"",""service"":""4978aa94-666c-47c7-8024-3ada55195a51"",""deployment"":""4f671b19-856f-4f29-8e22-bcb2c07f3849"",""replica"":""bfc33194-db6e-41f2-b558-4502f04e4238""}",2026-03-29T01:43:20.944503918Z
},error,"{""level"":""error""}","{""project"":""ce3616d9-58ad-4ec7-a294-1821e1564434"",""environment"":""fb6513d0-42a4-4660-82b5-509c54b15f2a"",""service"":""4978aa94-666c-47c7-8024-3ada55195a51"",""deployment"":""4f671b19-856f-4f29-8e22-bcb2c07f3849"",""replica"":""bfc33194-db6e-41f2-b558-4502f04e4238""}",2026-03-29T01:43:20.944510684Z
  Attempt 16/30: Checking http://localhost:3000/api/wa/health...,info,"{""level"":""info""}","{""project"":""ce3616d9-58ad-4ec7-a294-1821e1564434"",""environment"":""fb6513d0-42a4-4660-82b5-509c54b15f2a"",""service"":""4978aa94-666c-47c7-8024-3ada55195a51"",""deployment"":""4f671b19-856f-4f29-8e22-bcb2c07f3849"",""replica"":""bfc33194-db6e-41f2-b558-4502f04e4238""}",2026-03-29T01:43:20.944517704Z
"  ⏳ Next.js not ready yet, waiting 2s...",info,"{""level"":""info""}","{""project"":""ce3616d9-58ad-4ec7-a294-1821e1564434"",""environment"":""fb6513d0-42a4-4660-82b5-509c54b15f2a"",""service"":""4978aa94-666c-47c7-8024-3ada55195a51"",""deployment"":""4f671b19-856f-4f29-8e22-bcb2c07f3849"",""replica"":""bfc33194-db6e-41f2-b558-4502f04e4238""}",2026-03-29T01:43:20.944524441Z
  Attempt 17/30: Checking http://localhost:3000/api/wa/health...,info,"{""level"":""info""}","{""project"":""ce3616d9-58ad-4ec7-a294-1821e1564434"",""environment"":""fb6513d0-42a4-4660-82b5-509c54b15f2a"",""service"":""4978aa94-666c-47c7-8024-3ada55195a51"",""deployment"":""4f671b19-856f-4f29-8e22-bcb2c07f3849"",""replica"":""bfc33194-db6e-41f2-b558-4502f04e4238""}",2026-03-29T01:43:22.990700547Z
"  ⏳ Next.js not ready yet, waiting 2s...",info,"{""level"":""info""}","{""project"":""ce3616d9-58ad-4ec7-a294-1821e1564434"",""environment"":""fb6513d0-42a4-4660-82b5-509c54b15f2a"",""service"":""4978aa94-666c-47c7-8024-3ada55195a51"",""deployment"":""4f671b19-856f-4f29-8e22-bcb2c07f3849"",""replica"":""bfc33194-db6e-41f2-b558-4502f04e4238""}",2026-03-29T01:43:22.990709122Z
  Attempt 18/30: Checking http://localhost:3000/api/wa/health...,info,"{""level"":""info""}","{""project"":""ce3616d9-58ad-4ec7-a294-1821e1564434"",""environment"":""fb6513d0-42a4-4660-82b5-509c54b15f2a"",""service"":""4978aa94-666c-47c7-8024-3ada55195a51"",""deployment"":""4f671b19-856f-4f29-8e22-bcb2c07f3849"",""replica"":""bfc33194-db6e-41f2-b558-4502f04e4238""}",2026-03-29T01:43:25.208866578Z
"  ⏳ Next.js not ready yet, waiting 2s...",info,"{""level"":""info""}","{""project"":""ce3616d9-58ad-4ec7-a294-1821e1564434"",""environment"":""fb6513d0-42a4-4660-82b5-509c54b15f2a"",""service"":""4978aa94-666c-47c7-8024-3ada55195a51"",""deployment"":""4f671b19-856f-4f29-8e22-bcb2c07f3849"",""replica"":""bfc33194-db6e-41f2-b558-4502f04e4238""}",2026-03-29T01:43:25.208873274Z
  Attempt 19/30: Checking http://localhost:3000/api/wa/health...,info,"{""level"":""info""}","{""project"":""ce3616d9-58ad-4ec7-a294-1821e1564434"",""environment"":""fb6513d0-42a4-4660-82b5-509c54b15f2a"",""service"":""4978aa94-666c-47c7-8024-3ada55195a51"",""deployment"":""4f671b19-856f-4f29-8e22-bcb2c07f3849"",""replica"":""bfc33194-db6e-41f2-b558-4502f04e4238""}",2026-03-29T01:43:26.940940488Z
"  ⏳ Next.js not ready yet, waiting 2s...",info,"{""level"":""info""}","{""project"":""ce3616d9-58ad-4ec7-a294-1821e1564434"",""environment"":""fb6513d0-42a4-4660-82b5-509c54b15f2a"",""service"":""4978aa94-666c-47c7-8024-3ada55195a51"",""deployment"":""4f671b19-856f-4f29-8e22-bcb2c07f3849"",""replica"":""bfc33194-db6e-41f2-b558-4502f04e4238""}",2026-03-29T01:43:26.940947864Z
  Attempt 20/30: Checking http://localhost:3000/api/wa/health...,info,"{""level"":""info""}","{""project"":""ce3616d9-58ad-4ec7-a294-1821e1564434"",""environment"":""fb6513d0-42a4-4660-82b5-509c54b15f2a"",""service"":""4978aa94-666c-47c7-8024-3ada55195a51"",""deployment"":""4f671b19-856f-4f29-8e22-bcb2c07f3849"",""replica"":""bfc33194-db6e-41f2-b558-4502f04e4238""}",2026-03-29T01:43:29.127929081Z
"  ⏳ Next.js not ready yet, waiting 2s...",info,"{""level"":""info""}","{""project"":""ce3616d9-58ad-4ec7-a294-1821e1564434"",""environment"":""fb6513d0-42a4-4660-82b5-509c54b15f2a"",""service"":""4978aa94-666c-47c7-8024-3ada55195a51"",""deployment"":""4f671b19-856f-4f29-8e22-bcb2c07f3849"",""replica"":""bfc33194-db6e-41f2-b558-4502f04e4238""}",2026-03-29T01:43:29.127935236Z
"  ⏳ Next.js not ready yet, waiting 2s...",info,"{""level"":""info""}","{""project"":""ce3616d9-58ad-4ec7-a294-1821e1564434"",""environment"":""fb6513d0-42a4-4660-82b5-509c54b15f2a"",""service"":""4978aa94-666c-47c7-8024-3ada55195a51"",""deployment"":""4f671b19-856f-4f29-8e22-bcb2c07f3849"",""replica"":""bfc33194-db6e-41f2-b558-4502f04e4238""}",2026-03-29T01:43:31.221773889Z
  Attempt 21/30: Checking http://localhost:3000/api/wa/health...,info,"{""level"":""info""}","{""project"":""ce3616d9-58ad-4ec7-a294-1821e1564434"",""environment"":""fb6513d0-42a4-4660-82b5-509c54b15f2a"",""service"":""4978aa94-666c-47c7-8024-3ada55195a51"",""deployment"":""4f671b19-856f-4f29-8e22-bcb2c07f3849"",""replica"":""bfc33194-db6e-41f2-b558-4502f04e4238""}",2026-03-29T01:43:31.221774530Z
  Attempt 22/30: Checking http://localhost:3000/api/wa/health...,info,"{""level"":""info""}","{""project"":""ce3616d9-58ad-4ec7-a294-1821e1564434"",""environment"":""fb6513d0-42a4-4660-82b5-509c54b15f2a"",""service"":""4978aa94-666c-47c7-8024-3ada55195a51"",""deployment"":""4f671b19-856f-4f29-8e22-bcb2c07f3849"",""replica"":""bfc33194-db6e-41f2-b558-4502f04e4238""}",2026-03-29T01:43:33.020811353Z
"  ⏳ Next.js not ready yet, waiting 2s...",info,"{""level"":""info""}","{""project"":""ce3616d9-58ad-4ec7-a294-1821e1564434"",""environment"":""fb6513d0-42a4-4660-82b5-509c54b15f2a"",""service"":""4978aa94-666c-47c7-8024-3ada55195a51"",""deployment"":""4f671b19-856f-4f29-8e22-bcb2c07f3849"",""replica"":""bfc33194-db6e-41f2-b558-4502f04e4238""}",2026-03-29T01:43:33.020817269Z
"  ⏳ Next.js not ready yet, waiting 2s...",info,"{""level"":""info""}","{""project"":""ce3616d9-58ad-4ec7-a294-1821e1564434"",""environment"":""fb6513d0-42a4-4660-82b5-509c54b15f2a"",""service"":""4978aa94-666c-47c7-8024-3ada55195a51"",""deployment"":""4f671b19-856f-4f29-8e22-bcb2c07f3849"",""replica"":""bfc33194-db6e-41f2-b558-4502f04e4238""}",2026-03-29T01:43:34.930634301Z
  Attempt 23/30: Checking http://localhost:3000/api/wa/health...,info,"{""level"":""info""}","{""project"":""ce3616d9-58ad-4ec7-a294-1821e1564434"",""environment"":""fb6513d0-42a4-4660-82b5-509c54b15f2a"",""service"":""4978aa94-666c-47c7-8024-3ada55195a51"",""deployment"":""4f671b19-856f-4f29-8e22-bcb2c07f3849"",""replica"":""bfc33194-db6e-41f2-b558-4502f04e4238""}",2026-03-29T01:43:34.930876713Z
"  ⏳ Next.js not ready yet, waiting 2s...",info,"{""level"":""info""}","{""project"":""ce3616d9-58ad-4ec7-a294-1821e1564434"",""environment"":""fb6513d0-42a4-4660-82b5-509c54b15f2a"",""service"":""4978aa94-666c-47c7-8024-3ada55195a51"",""deployment"":""4f671b19-856f-4f29-8e22-bcb2c07f3849"",""replica"":""bfc33194-db6e-41f2-b558-4502f04e4238""}",2026-03-29T01:43:37.030160545Z
  Attempt 24/30: Checking http://localhost:3000/api/wa/health...,info,"{""level"":""info""}","{""project"":""ce3616d9-58ad-4ec7-a294-1821e1564434"",""environment"":""fb6513d0-42a4-4660-82b5-509c54b15f2a"",""service"":""4978aa94-666c-47c7-8024-3ada55195a51"",""deployment"":""4f671b19-856f-4f29-8e22-bcb2c07f3849"",""replica"":""bfc33194-db6e-41f2-b558-4502f04e4238""}",2026-03-29T01:43:37.030216991Z
[WA API] GET error: [Error: Unable to connect. Is the computer able to access the url?] {,error,"{""level"":""error""}","{""project"":""ce3616d9-58ad-4ec7-a294-1821e1564434"",""environment"":""fb6513d0-42a4-4660-82b5-509c54b15f2a"",""service"":""4978aa94-666c-47c7-8024-3ada55195a51"",""deployment"":""4f671b19-856f-4f29-8e22-bcb2c07f3849"",""replica"":""bfc33194-db6e-41f2-b558-4502f04e4238""}",2026-03-29T01:43:37.945927171Z
"  code: 'ConnectionRefused',",error,"{""level"":""error""}","{""project"":""ce3616d9-58ad-4ec7-a294-1821e1564434"",""environment"":""fb6513d0-42a4-4660-82b5-509c54b15f2a"",""service"":""4978aa94-666c-47c7-8024-3ada55195a51"",""deployment"":""4f671b19-856f-4f29-8e22-bcb2c07f3849"",""replica"":""bfc33194-db6e-41f2-b558-4502f04e4238""}",2026-03-29T01:43:37.945937830Z
"  path: 'http://localhost:3030/accounts?',",error,"{""level"":""error""}","{""project"":""ce3616d9-58ad-4ec7-a294-1821e1564434"",""environment"":""fb6513d0-42a4-4660-82b5-509c54b15f2a"",""service"":""4978aa94-666c-47c7-8024-3ada55195a51"",""deployment"":""4f671b19-856f-4f29-8e22-bcb2c07f3849"",""replica"":""bfc33194-db6e-41f2-b558-4502f04e4238""}",2026-03-29T01:43:37.945945744Z
[WA API] GET error: [Error: Unable to connect. Is the computer able to access the url?] {,error,"{""level"":""error""}","{""project"":""ce3616d9-58ad-4ec7-a294-1821e1564434"",""environment"":""fb6513d0-42a4-4660-82b5-509c54b15f2a"",""service"":""4978aa94-666c-47c7-8024-3ada55195a51"",""deployment"":""4f671b19-856f-4f29-8e22-bcb2c07f3849"",""replica"":""bfc33194-db6e-41f2-b558-4502f04e4238""}",2026-03-29T01:43:37.945952439Z
  errno: 0,error,"{""level"":""error""}","{""project"":""ce3616d9-58ad-4ec7-a294-1821e1564434"",""environment"":""fb6513d0-42a4-4660-82b5-509c54b15f2a"",""service"":""4978aa94-666c-47c7-8024-3ada55195a51"",""deployment"":""4f671b19-856f-4f29-8e22-bcb2c07f3849"",""replica"":""bfc33194-db6e-41f2-b558-4502f04e4238""}",2026-03-29T01:43:37.945952584Z
},error,"{""level"":""error""}","{""project"":""ce3616d9-58ad-4ec7-a294-1821e1564434"",""environment"":""fb6513d0-42a4-4660-82b5-509c54b15f2a"",""service"":""4978aa94-666c-47c7-8024-3ada55195a51"",""deployment"":""4f671b19-856f-4f29-8e22-bcb2c07f3849"",""replica"":""bfc33194-db6e-41f2-b558-4502f04e4238""}",2026-03-29T01:43:37.945960471Z
"  code: 'ConnectionRefused',",error,"{""level"":""error""}","{""project"":""ce3616d9-58ad-4ec7-a294-1821e1564434"",""environment"":""fb6513d0-42a4-4660-82b5-509c54b15f2a"",""service"":""4978aa94-666c-47c7-8024-3ada55195a51"",""deployment"":""4f671b19-856f-4f29-8e22-bcb2c07f3849"",""replica"":""bfc33194-db6e-41f2-b558-4502f04e4238""}",2026-03-29T01:43:37.945969567Z
"  path: 'http://localhost:3030/logs?',",error,"{""level"":""error""}","{""project"":""ce3616d9-58ad-4ec7-a294-1821e1564434"",""environment"":""fb6513d0-42a4-4660-82b5-509c54b15f2a"",""service"":""4978aa94-666c-47c7-8024-3ada55195a51"",""deployment"":""4f671b19-856f-4f29-8e22-bcb2c07f3849"",""replica"":""bfc33194-db6e-41f2-b558-4502f04e4238""}",2026-03-29T01:43:37.945978086Z
  errno: 0,error,"{""level"":""error""}","{""project"":""ce3616d9-58ad-4ec7-a294-1821e1564434"",""environment"":""fb6513d0-42a4-4660-82b5-509c54b15f2a"",""service"":""4978aa94-666c-47c7-8024-3ada55195a51"",""deployment"":""4f671b19-856f-4f29-8e22-bcb2c07f3849"",""replica"":""bfc33194-db6e-41f2-b558-4502f04e4238""}",2026-03-29T01:43:37.945987961Z
},error,"{""level"":""error""}","{""project"":""ce3616d9-58ad-4ec7-a294-1821e1564434"",""environment"":""fb6513d0-42a4-4660-82b5-509c54b15f2a"",""service"":""4978aa94-666c-47c7-8024-3ada55195a51"",""deployment"":""4f671b19-856f-4f29-8e22-bcb2c07f3849"",""replica"":""bfc33194-db6e-41f2-b558-4502f04e4238""}",2026-03-29T01:43:37.945995685Z
[WA API] GET error: [Error: Unable to connect. Is the computer able to access the url?] {,error,"{""level"":""error""}","{""project"":""ce3616d9-58ad-4ec7-a294-1821e1564434"",""environment"":""fb6513d0-42a4-4660-82b5-509c54b15f2a"",""service"":""4978aa94-666c-47c7-8024-3ada55195a51"",""deployment"":""4f671b19-856f-4f29-8e22-bcb2c07f3849"",""replica"":""bfc33194-db6e-41f2-b558-4502f04e4238""}",2026-03-29T01:43:37.946004194Z
"  code: 'ConnectionRefused',",error,"{""level"":""error""}","{""project"":""ce3616d9-58ad-4ec7-a294-1821e1564434"",""environment"":""fb6513d0-42a4-4660-82b5-509c54b15f2a"",""service"":""4978aa94-666c-47c7-8024-3ada55195a51"",""deployment"":""4f671b19-856f-4f29-8e22-bcb2c07f3849"",""replica"":""bfc33194-db6e-41f2-b558-4502f04e4238""}",2026-03-29T01:43:37.946011188Z
"  path: 'http://localhost:3030/chat-pairs?',",error,"{""level"":""error""}","{""project"":""ce3616d9-58ad-4ec7-a294-1821e1564434"",""environment"":""fb6513d0-42a4-4660-82b5-509c54b15f2a"",""service"":""4978aa94-666c-47c7-8024-3ada55195a51"",""deployment"":""4f671b19-856f-4f29-8e22-bcb2c07f3849"",""replica"":""bfc33194-db6e-41f2-b558-4502f04e4238""}",2026-03-29T01:43:37.946018307Z
  errno: 0,error,"{""level"":""error""}","{""project"":""ce3616d9-58ad-4ec7-a294-1821e1564434"",""environment"":""fb6513d0-42a4-4660-82b5-509c54b15f2a"",""service"":""4978aa94-666c-47c7-8024-3ada55195a51"",""deployment"":""4f671b19-856f-4f29-8e22-bcb2c07f3849"",""replica"":""bfc33194-db6e-41f2-b558-4502f04e4238""}",2026-03-29T01:43:37.946025242Z
},error,"{""level"":""error""}","{""project"":""ce3616d9-58ad-4ec7-a294-1821e1564434"",""environment"":""fb6513d0-42a4-4660-82b5-509c54b15f2a"",""service"":""4978aa94-666c-47c7-8024-3ada55195a51"",""deployment"":""4f671b19-856f-4f29-8e22-bcb2c07f3849"",""replica"":""bfc33194-db6e-41f2-b558-4502f04e4238""}",2026-03-29T01:43:37.946032394Z
  Attempt 25/30: Checking http://localhost:3000/api/wa/health...,info,"{""level"":""info""}","{""project"":""ce3616d9-58ad-4ec7-a294-1821e1564434"",""environment"":""fb6513d0-42a4-4660-82b5-509c54b15f2a"",""service"":""4978aa94-666c-47c7-8024-3ada55195a51"",""deployment"":""4f671b19-856f-4f29-8e22-bcb2c07f3849"",""replica"":""bfc33194-db6e-41f2-b558-4502f04e4238""}",2026-03-29T01:43:39.029629750Z
"  ⏳ Next.js not ready yet, waiting 2s...",info,"{""level"":""info""}","{""project"":""ce3616d9-58ad-4ec7-a294-1821e1564434"",""environment"":""fb6513d0-42a4-4660-82b5-509c54b15f2a"",""service"":""4978aa94-666c-47c7-8024-3ada55195a51"",""deployment"":""4f671b19-856f-4f29-8e22-bcb2c07f3849"",""replica"":""bfc33194-db6e-41f2-b558-4502f04e4238""}",2026-03-29T01:43:39.029644317Z
  Attempt 26/30: Checking http://localhost:3000/api/wa/health...,info,"{""level"":""info""}","{""project"":""ce3616d9-58ad-4ec7-a294-1821e1564434"",""environment"":""fb6513d0-42a4-4660-82b5-509c54b15f2a"",""service"":""4978aa94-666c-47c7-8024-3ada55195a51"",""deployment"":""4f671b19-856f-4f29-8e22-bcb2c07f3849"",""replica"":""bfc33194-db6e-41f2-b558-4502f04e4238""}",2026-03-29T01:43:41.050088282Z
"  ⏳ Next.js not ready yet, waiting 2s...",info,"{""level"":""info""}","{""project"":""ce3616d9-58ad-4ec7-a294-1821e1564434"",""environment"":""fb6513d0-42a4-4660-82b5-509c54b15f2a"",""service"":""4978aa94-666c-47c7-8024-3ada55195a51"",""deployment"":""4f671b19-856f-4f29-8e22-bcb2c07f3849"",""replica"":""bfc33194-db6e-41f2-b558-4502f04e4238""}",2026-03-29T01:43:41.050096372Z
  Attempt 27/30: Checking http://localhost:3000/api/wa/health...,info,"{""level"":""info""}","{""project"":""ce3616d9-58ad-4ec7-a294-1821e1564434"",""environment"":""fb6513d0-42a4-4660-82b5-509c54b15f2a"",""service"":""4978aa94-666c-47c7-8024-3ada55195a51"",""deployment"":""4f671b19-856f-4f29-8e22-bcb2c07f3849"",""replica"":""bfc33194-db6e-41f2-b558-4502f04e4238""}",2026-03-29T01:43:43.129108912Z
"  ⏳ Next.js not ready yet, waiting 2s...",info,"{""level"":""info""}","{""project"":""ce3616d9-58ad-4ec7-a294-1821e1564434"",""environment"":""fb6513d0-42a4-4660-82b5-509c54b15f2a"",""service"":""4978aa94-666c-47c7-8024-3ada55195a51"",""deployment"":""4f671b19-856f-4f29-8e22-bcb2c07f3849"",""replica"":""bfc33194-db6e-41f2-b558-4502f04e4238""}",2026-03-29T01:43:43.129116969Z
  Attempt 28/30: Checking http://localhost:3000/api/wa/health...,info,"{""level"":""info""}","{""project"":""ce3616d9-58ad-4ec7-a294-1821e1564434"",""environment"":""fb6513d0-42a4-4660-82b5-509c54b15f2a"",""service"":""4978aa94-666c-47c7-8024-3ada55195a51"",""deployment"":""4f671b19-856f-4f29-8e22-bcb2c07f3849"",""replica"":""bfc33194-db6e-41f2-b558-4502f04e4238""}",2026-03-29T01:43:45.108226989Z
"  ⏳ Next.js not ready yet, waiting 2s...",info,"{""level"":""info""}","{""project"":""ce3616d9-58ad-4ec7-a294-1821e1564434"",""environment"":""fb6513d0-42a4-4660-82b5-509c54b15f2a"",""service"":""4978aa94-666c-47c7-8024-3ada55195a51"",""deployment"":""4f671b19-856f-4f29-8e22-bcb2c07f3849"",""replica"":""bfc33194-db6e-41f2-b558-4502f04e4238""}",2026-03-29T01:43:45.108232882Z
  Attempt 29/30: Checking http://localhost:3000/api/wa/health...,info,"{""level"":""info""}","{""project"":""ce3616d9-58ad-4ec7-a294-1821e1564434"",""environment"":""fb6513d0-42a4-4660-82b5-509c54b15f2a"",""service"":""4978aa94-666c-47c7-8024-3ada55195a51"",""deployment"":""4f671b19-856f-4f29-8e22-bcb2c07f3849"",""replica"":""bfc33194-db6e-41f2-b558-4502f04e4238""}",2026-03-29T01:43:47.166852038Z
"  ⏳ Next.js not ready yet, waiting 2s...",info,"{""level"":""info""}","{""project"":""ce3616d9-58ad-4ec7-a294-1821e1564434"",""environment"":""fb6513d0-42a4-4660-82b5-509c54b15f2a"",""service"":""4978aa94-666c-47c7-8024-3ada55195a51"",""deployment"":""4f671b19-856f-4f29-8e22-bcb2c07f3849"",""replica"":""bfc33194-db6e-41f2-b558-4502f04e4238""}",2026-03-29T01:43:47.166856402Z
  Attempt 30/30: Checking http://localhost:3000/api/wa/health...,info,"{""level"":""info""}","{""project"":""ce3616d9-58ad-4ec7-a294-1821e1564434"",""environment"":""fb6513d0-42a4-4660-82b5-509c54b15f2a"",""service"":""4978aa94-666c-47c7-8024-3ada55195a51"",""deployment"":""4f671b19-856f-4f29-8e22-bcb2c07f3849"",""replica"":""bfc33194-db6e-41f2-b558-4502f04e4238""}",2026-03-29T01:43:49.031499577Z
"  ⏳ Next.js not ready yet, waiting 2s...",info,"{""level"":""info""}","{""project"":""ce3616d9-58ad-4ec7-a294-1821e1564434"",""environment"":""fb6513d0-42a4-4660-82b5-509c54b15f2a"",""service"":""4978aa94-666c-47c7-8024-3ada55195a51"",""deployment"":""4f671b19-856f-4f29-8e22-bcb2c07f3849"",""replica"":""bfc33194-db6e-41f2-b558-4502f04e4238""}",2026-03-29T01:43:49.031506728Z
"  ⚠️ Next.js health check failed after 30 attempts, continuing anyway...",info,"{""level"":""info""}","{""project"":""ce3616d9-58ad-4ec7-a294-1821e1564434"",""environment"":""fb6513d0-42a4-4660-82b5-509c54b15f2a"",""service"":""4978aa94-666c-47c7-8024-3ada55195a51"",""deployment"":""4f671b19-856f-4f29-8e22-bcb2c07f3849"",""replica"":""bfc33194-db6e-41f2-b558-4502f04e4238""}",2026-03-29T01:43:51.080237509Z
Running Prisma migrations...,info,"{""level"":""info""}","{""project"":""ce3616d9-58ad-4ec7-a294-1821e1564434"",""environment"":""fb6513d0-42a4-4660-82b5-509c54b15f2a"",""service"":""4978aa94-666c-47c7-8024-3ada55195a51"",""deployment"":""4f671b19-856f-4f29-8e22-bcb2c07f3849"",""replica"":""bfc33194-db6e-41f2-b558-4502f04e4238""}",2026-03-29T01:43:52.107837891Z
Starting WhatsApp Warmer Service,info,"{""level"":""info""}","{""project"":""ce3616d9-58ad-4ec7-a294-1821e1564434"",""environment"":""fb6513d0-42a4-4660-82b5-509c54b15f2a"",""service"":""4978aa94-666c-47c7-8024-3ada55195a51"",""deployment"":""4f671b19-856f-4f29-8e22-bcb2c07f3849"",""replica"":""bfc33194-db6e-41f2-b558-4502f04e4238""}",2026-03-29T01:43:52.107880201Z
==========================================,info,"{""level"":""info""}","{""project"":""ce3616d9-58ad-4ec7-a294-1821e1564434"",""environment"":""fb6513d0-42a4-4660-82b5-509c54b15f2a"",""service"":""4978aa94-666c-47c7-8024-3ada55195a51"",""deployment"":""4f671b19-856f-4f29-8e22-bcb2c07f3849"",""replica"":""bfc33194-db6e-41f2-b558-4502f04e4238""}",2026-03-29T01:43:52.107887163Z
==========================================,info,"{""level"":""info""}","{""project"":""ce3616d9-58ad-4ec7-a294-1821e1564434"",""environment"":""fb6513d0-42a4-4660-82b5-509c54b15f2a"",""service"":""4978aa94-666c-47c7-8024-3ada55195a51"",""deployment"":""4f671b19-856f-4f29-8e22-bcb2c07f3849"",""replica"":""bfc33194-db6e-41f2-b558-4502f04e4238""}",2026-03-29T01:43:52.107889996Z
Prisma schema loaded from prisma/schema.prisma,info,"{""level"":""info""}","{""project"":""ce3616d9-58ad-4ec7-a294-1821e1564434"",""environment"":""fb6513d0-42a4-4660-82b5-509c54b15f2a"",""service"":""4978aa94-666c-47c7-8024-3ada55195a51"",""deployment"":""4f671b19-856f-4f29-8e22-bcb2c07f3849"",""replica"":""bfc33194-db6e-41f2-b558-4502f04e4238""}",2026-03-29T01:43:53.218094429Z
"Datasource ""db"": SQLite database ""whatsapp.db"" at ""file:/app/data/whatsapp.db""",info,"{""level"":""info""}","{""project"":""ce3616d9-58ad-4ec7-a294-1821e1564434"",""environment"":""fb6513d0-42a4-4660-82b5-509c54b15f2a"",""service"":""4978aa94-666c-47c7-8024-3ada55195a51"",""deployment"":""4f671b19-856f-4f29-8e22-bcb2c07f3849"",""replica"":""bfc33194-db6e-41f2-b558-4502f04e4238""}",2026-03-29T01:43:53.218102551Z
,info,"{""level"":""info""}","{""project"":""ce3616d9-58ad-4ec7-a294-1821e1564434"",""environment"":""fb6513d0-42a4-4660-82b5-509c54b15f2a"",""service"":""4978aa94-666c-47c7-8024-3ada55195a51"",""deployment"":""4f671b19-856f-4f29-8e22-bcb2c07f3849"",""replica"":""bfc33194-db6e-41f2-b558-4502f04e4238""}",2026-03-29T01:43:53.268417096Z
The database is already in sync with the Prisma schema.,info,"{""level"":""info""}","{""project"":""ce3616d9-58ad-4ec7-a294-1821e1564434"",""environment"":""fb6513d0-42a4-4660-82b5-509c54b15f2a"",""service"":""4978aa94-666c-47c7-8024-3ada55195a51"",""deployment"":""4f671b19-856f-4f29-8e22-bcb2c07f3849"",""replica"":""bfc33194-db6e-41f2-b558-4502f04e4238""}",2026-03-29T01:43:53.268424593Z
,info,"{""level"":""info""}","{""project"":""ce3616d9-58ad-4ec7-a294-1821e1564434"",""environment"":""fb6513d0-42a4-4660-82b5-509c54b15f2a"",""service"":""4978aa94-666c-47c7-8024-3ada55195a51"",""deployment"":""4f671b19-856f-4f29-8e22-bcb2c07f3849"",""replica"":""bfc33194-db6e-41f2-b558-4502f04e4238""}",2026-03-29T01:43:53.268431846Z
Waiting for Next.js to be ready...,info,"{""level"":""info""}","{""project"":""ce3616d9-58ad-4ec7-a294-1821e1564434"",""environment"":""fb6513d0-42a4-4660-82b5-509c54b15f2a"",""service"":""4978aa94-666c-47c7-8024-3ada55195a51"",""deployment"":""4f671b19-856f-4f29-8e22-bcb2c07f3849"",""replica"":""bfc33194-db6e-41f2-b558-4502f04e4238""}",2026-03-29T01:43:53.306096675Z
Setting up Prisma symlinks...,info,"{""level"":""info""}","{""project"":""ce3616d9-58ad-4ec7-a294-1821e1564434"",""environment"":""fb6513d0-42a4-4660-82b5-509c54b15f2a"",""service"":""4978aa94-666c-47c7-8024-3ada55195a51"",""deployment"":""4f671b19-856f-4f29-8e22-bcb2c07f3849"",""replica"":""bfc33194-db6e-41f2-b558-4502f04e4238""}",2026-03-29T01:43:53.306114409Z
  Attempt 1/30: Checking http://localhost:3000/api/wa/health...,info,"{""level"":""info""}","{""project"":""ce3616d9-58ad-4ec7-a294-1821e1564434"",""environment"":""fb6513d0-42a4-4660-82b5-509c54b15f2a"",""service"":""4978aa94-666c-47c7-8024-3ada55195a51"",""deployment"":""4f671b19-856f-4f29-8e22-bcb2c07f3849"",""replica"":""bfc33194-db6e-41f2-b558-4502f04e4238""}",2026-03-29T01:43:53.306115420Z
Starting Next.js server...,info,"{""level"":""info""}","{""project"":""ce3616d9-58ad-4ec7-a294-1821e1564434"",""environment"":""fb6513d0-42a4-4660-82b5-509c54b15f2a"",""service"":""4978aa94-666c-47c7-8024-3ada55195a51"",""deployment"":""4f671b19-856f-4f29-8e22-bcb2c07f3849"",""replica"":""bfc33194-db6e-41f2-b558-4502f04e4238""}",2026-03-29T01:43:53.306122745Z
"  ⏳ Next.js not ready yet, waiting 2s...",info,"{""level"":""info""}","{""project"":""ce3616d9-58ad-4ec7-a294-1821e1564434"",""environment"":""fb6513d0-42a4-4660-82b5-509c54b15f2a"",""service"":""4978aa94-666c-47c7-8024-3ada55195a51"",""deployment"":""4f671b19-856f-4f29-8e22-bcb2c07f3849"",""replica"":""bfc33194-db6e-41f2-b558-4502f04e4238""}",2026-03-29T01:43:53.306128688Z
,info,"{""level"":""info""}","{""project"":""ce3616d9-58ad-4ec7-a294-1821e1564434"",""environment"":""fb6513d0-42a4-4660-82b5-509c54b15f2a"",""service"":""4978aa94-666c-47c7-8024-3ada55195a51"",""deployment"":""4f671b19-856f-4f29-8e22-bcb2c07f3849"",""replica"":""bfc33194-db6e-41f2-b558-4502f04e4238""}",2026-03-29T01:43:54.110951739Z
✓ Starting...,info,"{""level"":""info""}","{""project"":""ce3616d9-58ad-4ec7-a294-1821e1564434"",""environment"":""fb6513d0-42a4-4660-82b5-509c54b15f2a"",""service"":""4978aa94-666c-47c7-8024-3ada55195a51"",""deployment"":""4f671b19-856f-4f29-8e22-bcb2c07f3849"",""replica"":""bfc33194-db6e-41f2-b558-4502f04e4238""}",2026-03-29T01:43:54.110963240Z
✓ Ready in 154ms,info,"{""level"":""info""}","{""project"":""ce3616d9-58ad-4ec7-a294-1821e1564434"",""environment"":""fb6513d0-42a4-4660-82b5-509c54b15f2a"",""service"":""4978aa94-666c-47c7-8024-3ada55195a51"",""deployment"":""4f671b19-856f-4f29-8e22-bcb2c07f3849"",""replica"":""bfc33194-db6e-41f2-b558-4502f04e4238""}",2026-03-29T01:43:54.110973488Z
▲ Next.js 16.1.6,info,"{""level"":""info""}","{""project"":""ce3616d9-58ad-4ec7-a294-1821e1564434"",""environment"":""fb6513d0-42a4-4660-82b5-509c54b15f2a"",""service"":""4978aa94-666c-47c7-8024-3ada55195a51"",""deployment"":""4f671b19-856f-4f29-8e22-bcb2c07f3849"",""replica"":""bfc33194-db6e-41f2-b558-4502f04e4238""}",2026-03-29T01:43:54.111031375Z
- Local:         http://localhost:3000,info,"{""level"":""info""}","{""project"":""ce3616d9-58ad-4ec7-a294-1821e1564434"",""environment"":""fb6513d0-42a4-4660-82b5-509c54b15f2a"",""service"":""4978aa94-666c-47c7-8024-3ada55195a51"",""deployment"":""4f671b19-856f-4f29-8e22-bcb2c07f3849"",""replica"":""bfc33194-db6e-41f2-b558-4502f04e4238""}",2026-03-29T01:43:54.111038067Z
- Network:       http://0.0.0.0:3000,info,"{""level"":""info""}","{""project"":""ce3616d9-58ad-4ec7-a294-1821e1564434"",""environment"":""fb6513d0-42a4-4660-82b5-509c54b15f2a"",""service"":""4978aa94-666c-47c7-8024-3ada55195a51"",""deployment"":""4f671b19-856f-4f29-8e22-bcb2c07f3849"",""replica"":""bfc33194-db6e-41f2-b558-4502f04e4238""}",2026-03-29T01:43:54.111044942Z
  Attempt 2/30: Checking http://localhost:3000/api/wa/health...,info,"{""level"":""info""}","{""project"":""ce3616d9-58ad-4ec7-a294-1821e1564434"",""environment"":""fb6513d0-42a4-4660-82b5-509c54b15f2a"",""service"":""4978aa94-666c-47c7-8024-3ada55195a51"",""deployment"":""4f671b19-856f-4f29-8e22-bcb2c07f3849"",""replica"":""bfc33194-db6e-41f2-b558-4502f04e4238""}",2026-03-29T01:43:55.309664668Z
"  ⏳ Next.js not ready yet, waiting 2s...",info,"{""level"":""info""}","{""project"":""ce3616d9-58ad-4ec7-a294-1821e1564434"",""environment"":""fb6513d0-42a4-4660-82b5-509c54b15f2a"",""service"":""4978aa94-666c-47c7-8024-3ada55195a51"",""deployment"":""4f671b19-856f-4f29-8e22-bcb2c07f3849"",""replica"":""bfc33194-db6e-41f2-b558-4502f04e4238""}",2026-03-29T01:43:55.309671578Z
  Attempt 3/30: Checking http://localhost:3000/api/wa/health...,info,"{""level"":""info""}","{""project"":""ce3616d9-58ad-4ec7-a294-1821e1564434"",""environment"":""fb6513d0-42a4-4660-82b5-509c54b15f2a"",""service"":""4978aa94-666c-47c7-8024-3ada55195a51"",""deployment"":""4f671b19-856f-4f29-8e22-bcb2c07f3849"",""replica"":""bfc33194-db6e-41f2-b558-4502f04e4238""}",2026-03-29T01:43:57.312842345Z
"  ⏳ Next.js not ready yet, waiting 2s...",info,"{""level"":""info""}","{""project"":""ce3616d9-58ad-4ec7-a294-1821e1564434"",""environment"":""fb6513d0-42a4-4660-82b5-509c54b15f2a"",""service"":""4978aa94-666c-47c7-8024-3ada55195a51"",""deployment"":""4f671b19-856f-4f29-8e22-bcb2c07f3849"",""replica"":""bfc33194-db6e-41f2-b558-4502f04e4238""}",2026-03-29T01:43:57.312853259Z
  Attempt 4/30: Checking http://localhost:3000/api/wa/health...,info,"{""level"":""info""}","{""project"":""ce3616d9-58ad-4ec7-a294-1821e1564434"",""environment"":""fb6513d0-42a4-4660-82b5-509c54b15f2a"",""service"":""4978aa94-666c-47c7-8024-3ada55195a51"",""deployment"":""4f671b19-856f-4f29-8e22-bcb2c07f3849"",""replica"":""bfc33194-db6e-41f2-b558-4502f04e4238""}",2026-03-29T01:43:59.425531719Z
"  ⏳ Next.js not ready yet, waiting 2s...",info,"{""level"":""info""}","{""project"":""ce3616d9-58ad-4ec7-a294-1821e1564434"",""environment"":""fb6513d0-42a4-4660-82b5-509c54b15f2a"",""service"":""4978aa94-666c-47c7-8024-3ada55195a51"",""deployment"":""4f671b19-856f-4f29-8e22-bcb2c07f3849"",""replica"":""bfc33194-db6e-41f2-b558-4502f04e4238""}",2026-03-29T01:43:59.425540081Z
  Attempt 5/30: Checking http://localhost:3000/api/wa/health...,info,"{""level"":""info""}","{""project"":""ce3616d9-58ad-4ec7-a294-1821e1564434"",""environment"":""fb6513d0-42a4-4660-82b5-509c54b15f2a"",""service"":""4978aa94-666c-47c7-8024-3ada55195a51"",""deployment"":""4f671b19-856f-4f29-8e22-bcb2c07f3849"",""replica"":""bfc33194-db6e-41f2-b558-4502f04e4238""}",2026-03-29T01:44:01.337859796Z
"  ⏳ Next.js not ready yet, waiting 2s...",info,"{""level"":""info""}","{""project"":""ce3616d9-58ad-4ec7-a294-1821e1564434"",""environment"":""fb6513d0-42a4-4660-82b5-509c54b15f2a"",""service"":""4978aa94-666c-47c7-8024-3ada55195a51"",""deployment"":""4f671b19-856f-4f29-8e22-bcb2c07f3849"",""replica"":""bfc33194-db6e-41f2-b558-4502f04e4238""}",2026-03-29T01:44:01.337867040Z
  Attempt 6/30: Checking http://localhost:3000/api/wa/health...,info,"{""level"":""info""}","{""project"":""ce3616d9-58ad-4ec7-a294-1821e1564434"",""environment"":""fb6513d0-42a4-4660-82b5-509c54b15f2a"",""service"":""4978aa94-666c-47c7-8024-3ada55195a51"",""deployment"":""4f671b19-856f-4f29-8e22-bcb2c07f3849"",""replica"":""bfc33194-db6e-41f2-b558-4502f04e4238""}",2026-03-29T01:44:03.354292834Z
"  ⏳ Next.js not ready yet, waiting 2s...",info,"{""level"":""info""}","{""project"":""ce3616d9-58ad-4ec7-a294-1821e1564434"",""environment"":""fb6513d0-42a4-4660-82b5-509c54b15f2a"",""service"":""4978aa94-666c-47c7-8024-3ada55195a51"",""deployment"":""4f671b19-856f-4f29-8e22-bcb2c07f3849"",""replica"":""bfc33194-db6e-41f2-b558-4502f04e4238""}",2026-03-29T01:44:03.354298935Z
  Attempt 7/30: Checking http://localhost:3000/api/wa/health...,info,"{""level"":""info""}","{""project"":""ce3616d9-58ad-4ec7-a294-1821e1564434"",""environment"":""fb6513d0-42a4-4660-82b5-509c54b15f2a"",""service"":""4978aa94-666c-47c7-8024-3ada55195a51"",""deployment"":""4f671b19-856f-4f29-8e22-bcb2c07f3849"",""replica"":""bfc33194-db6e-41f2-b558-4502f04e4238""}",2026-03-29T01:44:05.317849304Z
"  ⏳ Next.js not ready yet, waiting 2s...",info,"{""level"":""info""}","{""project"":""ce3616d9-58ad-4ec7-a294-1821e1564434"",""environment"":""fb6513d0-42a4-4660-82b5-509c54b15f2a"",""service"":""4978aa94-666c-47c7-8024-3ada55195a51"",""deployment"":""4f671b19-856f-4f29-8e22-bcb2c07f3849"",""replica"":""bfc33194-db6e-41f2-b558-4502f04e4238""}",2026-03-29T01:44:05.317855990Z
  Attempt 8/30: Checking http://localhost:3000/api/wa/health...,info,"{""level"":""info""}","{""project"":""ce3616d9-58ad-4ec7-a294-1821e1564434"",""environment"":""fb6513d0-42a4-4660-82b5-509c54b15f2a"",""service"":""4978aa94-666c-47c7-8024-3ada55195a51"",""deployment"":""4f671b19-856f-4f29-8e22-bcb2c07f3849"",""replica"":""bfc33194-db6e-41f2-b558-4502f04e4238""}",2026-03-29T01:44:07.909644862Z
"  ⏳ Next.js not ready yet, waiting 2s...",info,"{""level"":""info""}","{""project"":""ce3616d9-58ad-4ec7-a294-1821e1564434"",""environment"":""fb6513d0-42a4-4660-82b5-509c54b15f2a"",""service"":""4978aa94-666c-47c7-8024-3ada55195a51"",""deployment"":""4f671b19-856f-4f29-8e22-bcb2c07f3849"",""replica"":""bfc33194-db6e-41f2-b558-4502f04e4238""}",2026-03-29T01:44:07.909649620Z
  Attempt 9/30: Checking http://localhost:3000/api/wa/health...,info,"{""level"":""info""}","{""project"":""ce3616d9-58ad-4ec7-a294-1821e1564434"",""environment"":""fb6513d0-42a4-4660-82b5-509c54b15f2a"",""service"":""4978aa94-666c-47c7-8024-3ada55195a51"",""deployment"":""4f671b19-856f-4f29-8e22-bcb2c07f3849"",""replica"":""bfc33194-db6e-41f2-b558-4502f04e4238""}",2026-03-29T01:44:09.600186243Z
"  ⏳ Next.js not ready yet, waiting 2s...",info,"{""level"":""info""}","{""project"":""ce3616d9-58ad-4ec7-a294-1821e1564434"",""environment"":""fb6513d0-42a4-4660-82b5-509c54b15f2a"",""service"":""4978aa94-666c-47c7-8024-3ada55195a51"",""deployment"":""4f671b19-856f-4f29-8e22-bcb2c07f3849"",""replica"":""bfc33194-db6e-41f2-b558-4502f04e4238""}",2026-03-29T01:44:09.600192630Z
  Attempt 10/30: Checking http://localhost:3000/api/wa/health...,info,"{""level"":""info""}","{""project"":""ce3616d9-58ad-4ec7-a294-1821e1564434"",""environment"":""fb6513d0-42a4-4660-82b5-509c54b15f2a"",""service"":""4978aa94-666c-47c7-8024-3ada55195a51"",""deployment"":""4f671b19-856f-4f29-8e22-bcb2c07f3849"",""replica"":""bfc33194-db6e-41f2-b558-4502f04e4238""}",2026-03-29T01:44:11.657413098Z
"  ⏳ Next.js not ready yet, waiting 2s...",info,"{""level"":""info""}","{""project"":""ce3616d9-58ad-4ec7-a294-1821e1564434"",""environment"":""fb6513d0-42a4-4660-82b5-509c54b15f2a"",""service"":""4978aa94-666c-47c7-8024-3ada55195a51"",""deployment"":""4f671b19-856f-4f29-8e22-bcb2c07f3849"",""replica"":""bfc33194-db6e-41f2-b558-4502f04e4238""}",2026-03-29T01:44:11.657423942Z
  Attempt 11/30: Checking http://localhost:3000/api/wa/health...,info,"{""level"":""info""}","{""project"":""ce3616d9-58ad-4ec7-a294-1821e1564434"",""environment"":""fb6513d0-42a4-4660-82b5-509c54b15f2a"",""service"":""4978aa94-666c-47c7-8024-3ada55195a51"",""deployment"":""4f671b19-856f-4f29-8e22-bcb2c07f3849"",""replica"":""bfc33194-db6e-41f2-b558-4502f04e4238""}",2026-03-29T01:44:13.768100248Z
"  ⏳ Next.js not ready yet, waiting 2s...",info,"{""level"":""info""}","{""project"":""ce3616d9-58ad-4ec7-a294-1821e1564434"",""environment"":""fb6513d0-42a4-4660-82b5-509c54b15f2a"",""service"":""4978aa94-666c-47c7-8024-3ada55195a51"",""deployment"":""4f671b19-856f-4f29-8e22-bcb2c07f3849"",""replica"":""bfc33194-db6e-41f2-b558-4502f04e4238""}",2026-03-29T01:44:13.768113831Z
  Attempt 12/30: Checking http://localhost:3000/api/wa/health...,info,"{""level"":""info""}","{""project"":""ce3616d9-58ad-4ec7-a294-1821e1564434"",""environment"":""fb6513d0-42a4-4660-82b5-509c54b15f2a"",""service"":""4978aa94-666c-47c7-8024-3ada55195a51"",""deployment"":""4f671b19-856f-4f29-8e22-bcb2c07f3849"",""replica"":""bfc33194-db6e-41f2-b558-4502f04e4238""}",2026-03-29T01:44:16.015969397Z
"  ⏳ Next.js not ready yet, waiting 2s...",info,"{""level"":""info""}","{""project"":""ce3616d9-58ad-4ec7-a294-1821e1564434"",""environment"":""fb6513d0-42a4-4660-82b5-509c54b15f2a"",""service"":""4978aa94-666c-47c7-8024-3ada55195a51"",""deployment"":""4f671b19-856f-4f29-8e22-bcb2c07f3849"",""replica"":""bfc33194-db6e-41f2-b558-4502f04e4238""}",2026-03-29T01:44:16.015975969Z
  Attempt 13/30: Checking http://localhost:3000/api/wa/health...,info,"{""level"":""info""}","{""project"":""ce3616d9-58ad-4ec7-a294-1821e1564434"",""environment"":""fb6513d0-42a4-4660-82b5-509c54b15f2a"",""service"":""4978aa94-666c-47c7-8024-3ada55195a51"",""deployment"":""4f671b19-856f-4f29-8e22-bcb2c07f3849"",""replica"":""bfc33194-db6e-41f2-b558-4502f04e4238""}",2026-03-29T01:44:18.051887244Z
"  ⏳ Next.js not ready yet, waiting 2s...",info,"{""level"":""info""}","{""project"":""ce3616d9-58ad-4ec7-a294-1821e1564434"",""environment"":""fb6513d0-42a4-4660-82b5-509c54b15f2a"",""service"":""4978aa94-666c-47c7-8024-3ada55195a51"",""deployment"":""4f671b19-856f-4f29-8e22-bcb2c07f3849"",""replica"":""bfc33194-db6e-41f2-b558-4502f04e4238""}",2026-03-29T01:44:18.051894754Z
  Attempt 14/30: Checking http://localhost:3000/api/wa/health...,info,"{""level"":""info""}","{""project"":""ce3616d9-58ad-4ec7-a294-1821e1564434"",""environment"":""fb6513d0-42a4-4660-82b5-509c54b15f2a"",""service"":""4978aa94-666c-47c7-8024-3ada55195a51"",""deployment"":""4f671b19-856f-4f29-8e22-bcb2c07f3849"",""replica"":""bfc33194-db6e-41f2-b558-4502f04e4238""}",2026-03-29T01:44:19.999456187Z
"  ⏳ Next.js not ready yet, waiting 2s...",info,"{""level"":""info""}","{""project"":""ce3616d9-58ad-4ec7-a294-1821e1564434"",""environment"":""fb6513d0-42a4-4660-82b5-509c54b15f2a"",""service"":""4978aa94-666c-47c7-8024-3ada55195a51"",""deployment"":""4f671b19-856f-4f29-8e22-bcb2c07f3849"",""replica"":""bfc33194-db6e-41f2-b558-4502f04e4238""}",2026-03-29T01:44:19.999470347Z
[WA API] GET error: [Error: Unable to connect. Is the computer able to access the url?] {,error,"{""level"":""error""}","{""project"":""ce3616d9-58ad-4ec7-a294-1821e1564434"",""environment"":""fb6513d0-42a4-4660-82b5-509c54b15f2a"",""service"":""4978aa94-666c-47c7-8024-3ada55195a51"",""deployment"":""4f671b19-856f-4f29-8e22-bcb2c07f3849"",""replica"":""bfc33194-db6e-41f2-b558-4502f04e4238""}",2026-03-29T01:44:20.945500059Z
"  code: 'ConnectionRefused',",error,"{""level"":""error""}","{""project"":""ce3616d9-58ad-4ec7-a294-1821e1564434"",""environment"":""fb6513d0-42a4-4660-82b5-509c54b15f2a"",""service"":""4978aa94-666c-47c7-8024-3ada55195a51"",""deployment"":""4f671b19-856f-4f29-8e22-bcb2c07f3849"",""replica"":""bfc33194-db6e-41f2-b558-4502f04e4238""}",2026-03-29T01:44:20.945504023Z
"  path: 'http://localhost:3030/accounts?',",error,"{""level"":""error""}","{""project"":""ce3616d9-58ad-4ec7-a294-1821e1564434"",""environment"":""fb6513d0-42a4-4660-82b5-509c54b15f2a"",""service"":""4978aa94-666c-47c7-8024-3ada55195a51"",""deployment"":""4f671b19-856f-4f29-8e22-bcb2c07f3849"",""replica"":""bfc33194-db6e-41f2-b558-4502f04e4238""}",2026-03-29T01:44:20.945508486Z
  errno: 0,error,"{""level"":""error""}","{""project"":""ce3616d9-58ad-4ec7-a294-1821e1564434"",""environment"":""fb6513d0-42a4-4660-82b5-509c54b15f2a"",""service"":""4978aa94-666c-47c7-8024-3ada55195a51"",""deployment"":""4f671b19-856f-4f29-8e22-bcb2c07f3849"",""replica"":""bfc33194-db6e-41f2-b558-4502f04e4238""}",2026-03-29T01:44:20.945512543Z
},error,"{""level"":""error""}","{""project"":""ce3616d9-58ad-4ec7-a294-1821e1564434"",""environment"":""fb6513d0-42a4-4660-82b5-509c54b15f2a"",""service"":""4978aa94-666c-47c7-8024-3ada55195a51"",""deployment"":""4f671b19-856f-4f29-8e22-bcb2c07f3849"",""replica"":""bfc33194-db6e-41f2-b558-4502f04e4238""}",2026-03-29T01:44:20.945517396Z
[WA API] GET error: [Error: Unable to connect. Is the computer able to access the url?] {,error,"{""level"":""error""}","{""project"":""ce3616d9-58ad-4ec7-a294-1821e1564434"",""environment"":""fb6513d0-42a4-4660-82b5-509c54b15f2a"",""service"":""4978aa94-666c-47c7-8024-3ada55195a51"",""deployment"":""4f671b19-856f-4f29-8e22-bcb2c07f3849"",""replica"":""bfc33194-db6e-41f2-b558-4502f04e4238""}",2026-03-29T01:44:20.945522119Z
"  code: 'ConnectionRefused',",error,"{""level"":""error""}","{""project"":""ce3616d9-58ad-4ec7-a294-1821e1564434"",""environment"":""fb6513d0-42a4-4660-82b5-509c54b15f2a"",""service"":""4978aa94-666c-47c7-8024-3ada55195a51"",""deployment"":""4f671b19-856f-4f29-8e22-bcb2c07f3849"",""replica"":""bfc33194-db6e-41f2-b558-4502f04e4238""}",2026-03-29T01:44:20.945528809Z
"  path: 'http://localhost:3030/logs?',",error,"{""level"":""error""}","{""project"":""ce3616d9-58ad-4ec7-a294-1821e1564434"",""environment"":""fb6513d0-42a4-4660-82b5-509c54b15f2a"",""service"":""4978aa94-666c-47c7-8024-3ada55195a51"",""deployment"":""4f671b19-856f-4f29-8e22-bcb2c07f3849"",""replica"":""bfc33194-db6e-41f2-b558-4502f04e4238""}",2026-03-29T01:44:20.945534634Z
  errno: 0,error,"{""level"":""error""}","{""project"":""ce3616d9-58ad-4ec7-a294-1821e1564434"",""environment"":""fb6513d0-42a4-4660-82b5-509c54b15f2a"",""service"":""4978aa94-666c-47c7-8024-3ada55195a51"",""deployment"":""4f671b19-856f-4f29-8e22-bcb2c07f3849"",""replica"":""bfc33194-db6e-41f2-b558-4502f04e4238""}",2026-03-29T01:44:20.945540488Z
},error,"{""level"":""error""}","{""project"":""ce3616d9-58ad-4ec7-a294-1821e1564434"",""environment"":""fb6513d0-42a4-4660-82b5-509c54b15f2a"",""service"":""4978aa94-666c-47c7-8024-3ada55195a51"",""deployment"":""4f671b19-856f-4f29-8e22-bcb2c07f3849"",""replica"":""bfc33194-db6e-41f2-b558-4502f04e4238""}",2026-03-29T01:44:20.945547182Z
[WA API] GET error: [Error: Unable to connect. Is the computer able to access the url?] {,error,"{""level"":""error""}","{""project"":""ce3616d9-58ad-4ec7-a294-1821e1564434"",""environment"":""fb6513d0-42a4-4660-82b5-509c54b15f2a"",""service"":""4978aa94-666c-47c7-8024-3ada55195a51"",""deployment"":""4f671b19-856f-4f29-8e22-bcb2c07f3849"",""replica"":""bfc33194-db6e-41f2-b558-4502f04e4238""}",2026-03-29T01:44:20.945551864Z
"  code: 'ConnectionRefused',",error,"{""level"":""error""}","{""project"":""ce3616d9-58ad-4ec7-a294-1821e1564434"",""environment"":""fb6513d0-42a4-4660-82b5-509c54b15f2a"",""service"":""4978aa94-666c-47c7-8024-3ada55195a51"",""deployment"":""4f671b19-856f-4f29-8e22-bcb2c07f3849"",""replica"":""bfc33194-db6e-41f2-b558-4502f04e4238""}",2026-03-29T01:44:20.945555994Z
"  path: 'http://localhost:3030/chat-pairs?',",error,"{""level"":""error""}","{""project"":""ce3616d9-58ad-4ec7-a294-1821e1564434"",""environment"":""fb6513d0-42a4-4660-82b5-509c54b15f2a"",""service"":""4978aa94-666c-47c7-8024-3ada55195a51"",""deployment"":""4f671b19-856f-4f29-8e22-bcb2c07f3849"",""replica"":""bfc33194-db6e-41f2-b558-4502f04e4238""}",2026-03-29T01:44:20.945559994Z
  errno: 0,error,"{""level"":""error""}","{""project"":""ce3616d9-58ad-4ec7-a294-1821e1564434"",""environment"":""fb6513d0-42a4-4660-82b5-509c54b15f2a"",""service"":""4978aa94-666c-47c7-8024-3ada55195a51"",""deployment"":""4f671b19-856f-4f29-8e22-bcb2c07f3849"",""replica"":""bfc33194-db6e-41f2-b558-4502f04e4238""}",2026-03-29T01:44:20.945563929Z
},error,"{""level"":""error""}","{""project"":""ce3616d9-58ad-4ec7-a294-1821e1564434"",""environment"":""fb6513d0-42a4-4660-82b5-509c54b15f2a"",""service"":""4978aa94-666c-47c7-8024-3ada55195a51"",""deployment"":""4f671b19-856f-4f29-8e22-bcb2c07f3849"",""replica"":""bfc33194-db6e-41f2-b558-4502f04e4238""}",2026-03-29T01:44:20.945568681Z
[Socket.io Proxy] GET error: Unable to connect. Is the computer able to access the url?,error,"{""level"":""error""}","{""project"":""ce3616d9-58ad-4ec7-a294-1821e1564434"",""environment"":""fb6513d0-42a4-4660-82b5-509c54b15f2a"",""service"":""4978aa94-666c-47c7-8024-3ada55195a51"",""deployment"":""4f671b19-856f-4f29-8e22-bcb2c07f3849"",""replica"":""bfc33194-db6e-41f2-b558-4502f04e4238""}",2026-03-29T01:44:20.945572501Z
  Attempt 15/30: Checking http://localhost:3000/api/wa/health...,info,"{""level"":""info""}","{""project"":""ce3616d9-58ad-4ec7-a294-1821e1564434"",""environment"":""fb6513d0-42a4-4660-82b5-509c54b15f2a"",""service"":""4978aa94-666c-47c7-8024-3ada55195a51"",""deployment"":""4f671b19-856f-4f29-8e22-bcb2c07f3849"",""replica"":""bfc33194-db6e-41f2-b558-4502f04e4238""}",2026-03-29T01:44:21.957605890Z
"  ⏳ Next.js not ready yet, waiting 2s...",info,"{""level"":""info""}","{""project"":""ce3616d9-58ad-4ec7-a294-1821e1564434"",""environment"":""fb6513d0-42a4-4660-82b5-509c54b15f2a"",""service"":""4978aa94-666c-47c7-8024-3ada55195a51"",""deployment"":""4f671b19-856f-4f29-8e22-bcb2c07f3849"",""replica"":""bfc33194-db6e-41f2-b558-4502f04e4238""}",2026-03-29T01:44:21.957612276Z
  Attempt 16/30: Checking http://localhost:3000/api/wa/health...,info,"{""level"":""info""}","{""project"":""ce3616d9-58ad-4ec7-a294-1821e1564434"",""environment"":""fb6513d0-42a4-4660-82b5-509c54b15f2a"",""service"":""4978aa94-666c-47c7-8024-3ada55195a51"",""deployment"":""4f671b19-856f-4f29-8e22-bcb2c07f3849"",""replica"":""bfc33194-db6e-41f2-b558-4502f04e4238""}",2026-03-29T01:44:23.820154674Z
"  ⏳ Next.js not ready yet, waiting 2s...",info,"{""level"":""info""}","{""project"":""ce3616d9-58ad-4ec7-a294-1821e1564434"",""environment"":""fb6513d0-42a4-4660-82b5-509c54b15f2a"",""service"":""4978aa94-666c-47c7-8024-3ada55195a51"",""deployment"":""4f671b19-856f-4f29-8e22-bcb2c07f3849"",""replica"":""bfc33194-db6e-41f2-b558-4502f04e4238""}",2026-03-29T01:44:23.820162517Z
  Attempt 17/30: Checking http://localhost:3000/api/wa/health...,info,"{""level"":""info""}","{""project"":""ce3616d9-58ad-4ec7-a294-1821e1564434"",""environment"":""fb6513d0-42a4-4660-82b5-509c54b15f2a"",""service"":""4978aa94-666c-47c7-8024-3ada55195a51"",""deployment"":""4f671b19-856f-4f29-8e22-bcb2c07f3849"",""replica"":""bfc33194-db6e-41f2-b558-4502f04e4238""}",2026-03-29T01:44:26.015606205Z
"  ⏳ Next.js not ready yet, waiting 2s...",info,"{""level"":""info""}","{""project"":""ce3616d9-58ad-4ec7-a294-1821e1564434"",""environment"":""fb6513d0-42a4-4660-82b5-509c54b15f2a"",""service"":""4978aa94-666c-47c7-8024-3ada55195a51"",""deployment"":""4f671b19-856f-4f29-8e22-bcb2c07f3849"",""replica"":""bfc33194-db6e-41f2-b558-4502f04e4238""}",2026-03-29T01:44:26.015612830Z
  Attempt 18/30: Checking http://localhost:3000/api/wa/health...,info,"{""level"":""info""}","{""project"":""ce3616d9-58ad-4ec7-a294-1821e1564434"",""environment"":""fb6513d0-42a4-4660-82b5-509c54b15f2a"",""service"":""4978aa94-666c-47c7-8024-3ada55195a51"",""deployment"":""4f671b19-856f-4f29-8e22-bcb2c07f3849"",""replica"":""bfc33194-db6e-41f2-b558-4502f04e4238""}",2026-03-29T01:44:27.338409876Z
"  ⏳ Next.js not ready yet, waiting 2s...",info,"{""level"":""info""}","{""project"":""ce3616d9-58ad-4ec7-a294-1821e1564434"",""environment"":""fb6513d0-42a4-4660-82b5-509c54b15f2a"",""service"":""4978aa94-666c-47c7-8024-3ada55195a51"",""deployment"":""4f671b19-856f-4f29-8e22-bcb2c07f3849"",""replica"":""bfc33194-db6e-41f2-b558-4502f04e4238""}",2026-03-29T01:44:27.338416321Z
  Attempt 19/30: Checking http://localhost:3000/api/wa/health...,info,"{""level"":""info""}","{""project"":""ce3616d9-58ad-4ec7-a294-1821e1564434"",""environment"":""fb6513d0-42a4-4660-82b5-509c54b15f2a"",""service"":""4978aa94-666c-47c7-8024-3ada55195a51"",""deployment"":""4f671b19-856f-4f29-8e22-bcb2c07f3849"",""replica"":""bfc33194-db6e-41f2-b558-4502f04e4238""}",2026-03-29T01:44:29.338179321Z
"  ⏳ Next.js not ready yet, waiting 2s...",info,"{""level"":""info""}","{""project"":""ce3616d9-58ad-4ec7-a294-1821e1564434"",""environment"":""fb6513d0-42a4-4660-82b5-509c54b15f2a"",""service"":""4978aa94-666c-47c7-8024-3ada55195a51"",""deployment"":""4f671b19-856f-4f29-8e22-bcb2c07f3849"",""replica"":""bfc33194-db6e-41f2-b558-4502f04e4238""}",2026-03-29T01:44:29.338185548Z
  Attempt 20/30: Checking http://localhost:3000/api/wa/health...,info,"{""level"":""info""}","{""project"":""ce3616d9-58ad-4ec7-a294-1821e1564434"",""environment"":""fb6513d0-42a4-4660-82b5-509c54b15f2a"",""service"":""4978aa94-666c-47c7-8024-3ada55195a51"",""deployment"":""4f671b19-856f-4f29-8e22-bcb2c07f3849"",""replica"":""bfc33194-db6e-41f2-b558-4502f04e4238""}",2026-03-29T01:44:31.338625448Z
"  ⏳ Next.js not ready yet, waiting 2s...",info,"{""level"":""info""}","{""project"":""ce3616d9-58ad-4ec7-a294-1821e1564434"",""environment"":""fb6513d0-42a4-4660-82b5-509c54b15f2a"",""service"":""4978aa94-666c-47c7-8024-3ada55195a51"",""deployment"":""4f671b19-856f-4f29-8e22-bcb2c07f3849"",""replica"":""bfc33194-db6e-41f2-b558-4502f04e4238""}",2026-03-29T01:44:31.338631219Z
  Attempt 21/30: Checking http://localhost:3000/api/wa/health...,info,"{""level"":""info""}","{""project"":""ce3616d9-58ad-4ec7-a294-1821e1564434"",""environment"":""fb6513d0-42a4-4660-82b5-509c54b15f2a"",""service"":""4978aa94-666c-47c7-8024-3ada55195a51"",""deployment"":""4f671b19-856f-4f29-8e22-bcb2c07f3849"",""replica"":""bfc33194-db6e-41f2-b558-4502f04e4238""}",2026-03-29T01:44:33.347403029Z
"  ⏳ Next.js not ready yet, waiting 2s...",info,"{""level"":""info""}","{""project"":""ce3616d9-58ad-4ec7-a294-1821e1564434"",""environment"":""fb6513d0-42a4-4660-82b5-509c54b15f2a"",""service"":""4978aa94-666c-47c7-8024-3ada55195a51"",""deployment"":""4f671b19-856f-4f29-8e22-bcb2c07f3849"",""replica"":""bfc33194-db6e-41f2-b558-4502f04e4238""}",2026-03-29T01:44:33.347409377Z
  Attempt 22/30: Checking http://localhost:3000/api/wa/health...,info,"{""level"":""info""}","{""project"":""ce3616d9-58ad-4ec7-a294-1821e1564434"",""environment"":""fb6513d0-42a4-4660-82b5-509c54b15f2a"",""service"":""4978aa94-666c-47c7-8024-3ada55195a51"",""deployment"":""4f671b19-856f-4f29-8e22-bcb2c07f3849"",""replica"":""bfc33194-db6e-41f2-b558-4502f04e4238""}",2026-03-29T01:44:35.340843695Z
"  ⏳ Next.js not ready yet, waiting 2s...",info,"{""level"":""info""}","{""project"":""ce3616d9-58ad-4ec7-a294-1821e1564434"",""environment"":""fb6513d0-42a4-4660-82b5-509c54b15f2a"",""service"":""4978aa94-666c-47c7-8024-3ada55195a51"",""deployment"":""4f671b19-856f-4f29-8e22-bcb2c07f3849"",""replica"":""bfc33194-db6e-41f2-b558-4502f04e4238""}",2026-03-29T01:44:35.340856187Z
  Attempt 23/30: Checking http://localhost:3000/api/wa/health...,info,"{""level"":""info""}","{""project"":""ce3616d9-58ad-4ec7-a294-1821e1564434"",""environment"":""fb6513d0-42a4-4660-82b5-509c54b15f2a"",""service"":""4978aa94-666c-47c7-8024-3ada55195a51"",""deployment"":""4f671b19-856f-4f29-8e22-bcb2c07f3849"",""replica"":""bfc33194-db6e-41f2-b558-4502f04e4238""}",2026-03-29T01:44:37.342091138Z
"  ⏳ Next.js not ready yet, waiting 2s...",info,"{""level"":""info""}","{""project"":""ce3616d9-58ad-4ec7-a294-1821e1564434"",""environment"":""fb6513d0-42a4-4660-82b5-509c54b15f2a"",""service"":""4978aa94-666c-47c7-8024-3ada55195a51"",""deployment"":""4f671b19-856f-4f29-8e22-bcb2c07f3849"",""replica"":""bfc33194-db6e-41f2-b558-4502f04e4238""}",2026-03-29T01:44:37.342096707Z
[WA API] GET error: [Error: Unable to connect. Is the computer able to access the url?] {,error,"{""level"":""error""}","{""project"":""ce3616d9-58ad-4ec7-a294-1821e1564434"",""environment"":""fb6513d0-42a4-4660-82b5-509c54b15f2a"",""service"":""4978aa94-666c-47c7-8024-3ada55195a51"",""deployment"":""4f671b19-856f-4f29-8e22-bcb2c07f3849"",""replica"":""bfc33194-db6e-41f2-b558-4502f04e4238""}",2026-03-29T01:44:38.225484120Z
"  code: 'ConnectionRefused',",error,"{""level"":""error""}","{""project"":""ce3616d9-58ad-4ec7-a294-1821e1564434"",""environment"":""fb6513d0-42a4-4660-82b5-509c54b15f2a"",""service"":""4978aa94-666c-47c7-8024-3ada55195a51"",""deployment"":""4f671b19-856f-4f29-8e22-bcb2c07f3849"",""replica"":""bfc33194-db6e-41f2-b558-4502f04e4238""}",2026-03-29T01:44:38.225490648Z
"  path: 'http://localhost:3030/accounts?',",error,"{""level"":""error""}","{""project"":""ce3616d9-58ad-4ec7-a294-1821e1564434"",""environment"":""fb6513d0-42a4-4660-82b5-509c54b15f2a"",""service"":""4978aa94-666c-47c7-8024-3ada55195a51"",""deployment"":""4f671b19-856f-4f29-8e22-bcb2c07f3849"",""replica"":""bfc33194-db6e-41f2-b558-4502f04e4238""}",2026-03-29T01:44:38.225494419Z
  errno: 0,error,"{""level"":""error""}","{""project"":""ce3616d9-58ad-4ec7-a294-1821e1564434"",""environment"":""fb6513d0-42a4-4660-82b5-509c54b15f2a"",""service"":""4978aa94-666c-47c7-8024-3ada55195a51"",""deployment"":""4f671b19-856f-4f29-8e22-bcb2c07f3849"",""replica"":""bfc33194-db6e-41f2-b558-4502f04e4238""}",2026-03-29T01:44:38.225502731Z
},error,"{""level"":""error""}","{""project"":""ce3616d9-58ad-4ec7-a294-1821e1564434"",""environment"":""fb6513d0-42a4-4660-82b5-509c54b15f2a"",""service"":""4978aa94-666c-47c7-8024-3ada55195a51"",""deployment"":""4f671b19-856f-4f29-8e22-bcb2c07f3849"",""replica"":""bfc33194-db6e-41f2-b558-4502f04e4238""}",2026-03-29T01:44:38.225509532Z
[WA API] GET error: [Error: Unable to connect. Is the computer able to access the url?] {,error,"{""level"":""error""}","{""project"":""ce3616d9-58ad-4ec7-a294-1821e1564434"",""environment"":""fb6513d0-42a4-4660-82b5-509c54b15f2a"",""service"":""4978aa94-666c-47c7-8024-3ada55195a51"",""deployment"":""4f671b19-856f-4f29-8e22-bcb2c07f3849"",""replica"":""bfc33194-db6e-41f2-b558-4502f04e4238""}",2026-03-29T01:44:38.225515935Z
"  code: 'ConnectionRefused',",error,"{""level"":""error""}","{""project"":""ce3616d9-58ad-4ec7-a294-1821e1564434"",""environment"":""fb6513d0-42a4-4660-82b5-509c54b15f2a"",""service"":""4978aa94-666c-47c7-8024-3ada55195a51"",""deployment"":""4f671b19-856f-4f29-8e22-bcb2c07f3849"",""replica"":""bfc33194-db6e-41f2-b558-4502f04e4238""}",2026-03-29T01:44:38.225551788Z
"  path: 'http://localhost:3030/logs?',",error,"{""level"":""error""}","{""project"":""ce3616d9-58ad-4ec7-a294-1821e1564434"",""environment"":""fb6513d0-42a4-4660-82b5-509c54b15f2a"",""service"":""4978aa94-666c-47c7-8024-3ada55195a51"",""deployment"":""4f671b19-856f-4f29-8e22-bcb2c07f3849"",""replica"":""bfc33194-db6e-41f2-b558-4502f04e4238""}",2026-03-29T01:44:38.225559670Z
  errno: 0,error,"{""level"":""error""}","{""project"":""ce3616d9-58ad-4ec7-a294-1821e1564434"",""environment"":""fb6513d0-42a4-4660-82b5-509c54b15f2a"",""service"":""4978aa94-666c-47c7-8024-3ada55195a51"",""deployment"":""4f671b19-856f-4f29-8e22-bcb2c07f3849"",""replica"":""bfc33194-db6e-41f2-b558-4502f04e4238""}",2026-03-29T01:44:38.225567765Z
},error,"{""level"":""error""}","{""project"":""ce3616d9-58ad-4ec7-a294-1821e1564434"",""environment"":""fb6513d0-42a4-4660-82b5-509c54b15f2a"",""service"":""4978aa94-666c-47c7-8024-3ada55195a51"",""deployment"":""4f671b19-856f-4f29-8e22-bcb2c07f3849"",""replica"":""bfc33194-db6e-41f2-b558-4502f04e4238""}",2026-03-29T01:44:38.225573744Z
[WA API] GET error: [Error: Unable to connect. Is the computer able to access the url?] {,error,"{""level"":""error""}","{""project"":""ce3616d9-58ad-4ec7-a294-1821e1564434"",""environment"":""fb6513d0-42a4-4660-82b5-509c54b15f2a"",""service"":""4978aa94-666c-47c7-8024-3ada55195a51"",""deployment"":""4f671b19-856f-4f29-8e22-bcb2c07f3849"",""replica"":""bfc33194-db6e-41f2-b558-4502f04e4238""}",2026-03-29T01:44:38.225579871Z
"  code: 'ConnectionRefused',",error,"{""level"":""error""}","{""project"":""ce3616d9-58ad-4ec7-a294-1821e1564434"",""environment"":""fb6513d0-42a4-4660-82b5-509c54b15f2a"",""service"":""4978aa94-666c-47c7-8024-3ada55195a51"",""deployment"":""4f671b19-856f-4f29-8e22-bcb2c07f3849"",""replica"":""bfc33194-db6e-41f2-b558-4502f04e4238""}",2026-03-29T01:44:38.225586718Z
"  path: 'http://localhost:3030/chat-pairs?',",error,"{""level"":""error""}","{""project"":""ce3616d9-58ad-4ec7-a294-1821e1564434"",""environment"":""fb6513d0-42a4-4660-82b5-509c54b15f2a"",""service"":""4978aa94-666c-47c7-8024-3ada55195a51"",""deployment"":""4f671b19-856f-4f29-8e22-bcb2c07f3849"",""replica"":""bfc33194-db6e-41f2-b558-4502f04e4238""}",2026-03-29T01:44:38.225594561Z
  errno: 0,error,"{""level"":""error""}","{""project"":""ce3616d9-58ad-4ec7-a294-1821e1564434"",""environment"":""fb6513d0-42a4-4660-82b5-509c54b15f2a"",""service"":""4978aa94-666c-47c7-8024-3ada55195a51"",""deployment"":""4f671b19-856f-4f29-8e22-bcb2c07f3849"",""replica"":""bfc33194-db6e-41f2-b558-4502f04e4238""}",2026-03-29T01:44:38.225602155Z
},error,"{""level"":""error""}","{""project"":""ce3616d9-58ad-4ec7-a294-1821e1564434"",""environment"":""fb6513d0-42a4-4660-82b5-509c54b15f2a"",""service"":""4978aa94-666c-47c7-8024-3ada55195a51"",""deployment"":""4f671b19-856f-4f29-8e22-bcb2c07f3849"",""replica"":""bfc33194-db6e-41f2-b558-4502f04e4238""}",2026-03-29T01:44:38.225608552Z
[Socket.io Proxy] GET error: Unable to connect. Is the computer able to access the url?,error,"{""level"":""error""}","{""project"":""ce3616d9-58ad-4ec7-a294-1821e1564434"",""environment"":""fb6513d0-42a4-4660-82b5-509c54b15f2a"",""service"":""4978aa94-666c-47c7-8024-3ada55195a51"",""deployment"":""4f671b19-856f-4f29-8e22-bcb2c07f3849"",""replica"":""bfc33194-db6e-41f2-b558-4502f04e4238""}",2026-03-29T01:44:38.225614673Z
  Attempt 24/30: Checking http://localhost:3000/api/wa/health...,info,"{""level"":""info""}","{""project"":""ce3616d9-58ad-4ec7-a294-1821e1564434"",""environment"":""fb6513d0-42a4-4660-82b5-509c54b15f2a"",""service"":""4978aa94-666c-47c7-8024-3ada55195a51"",""deployment"":""4f671b19-856f-4f29-8e22-bcb2c07f3849"",""replica"":""bfc33194-db6e-41f2-b558-4502f04e4238""}",2026-03-29T01:44:39.344751603Z
"  ⏳ Next.js not ready yet, waiting 2s...",info,"{""level"":""info""}","{""project"":""ce3616d9-58ad-4ec7-a294-1821e1564434"",""environment"":""fb6513d0-42a4-4660-82b5-509c54b15f2a"",""service"":""4978aa94-666c-47c7-8024-3ada55195a51"",""deployment"":""4f671b19-856f-4f29-8e22-bcb2c07f3849"",""replica"":""bfc33194-db6e-41f2-b558-4502f04e4238""}",2026-03-29T01:44:39.344759642Z
  Attempt 25/30: Checking http://localhost:3000/api/wa/health...,info,"{""level"":""info""}","{""project"":""ce3616d9-58ad-4ec7-a294-1821e1564434"",""environment"":""fb6513d0-42a4-4660-82b5-509c54b15f2a"",""service"":""4978aa94-666c-47c7-8024-3ada55195a51"",""deployment"":""4f671b19-856f-4f29-8e22-bcb2c07f3849"",""replica"":""bfc33194-db6e-41f2-b558-4502f04e4238""}",2026-03-29T01:44:41.349853485Z
"  ⏳ Next.js not ready yet, waiting 2s...",info,"{""level"":""info""}","{""project"":""ce3616d9-58ad-4ec7-a294-1821e1564434"",""environment"":""fb6513d0-42a4-4660-82b5-509c54b15f2a"",""service"":""4978aa94-666c-47c7-8024-3ada55195a51"",""deployment"":""4f671b19-856f-4f29-8e22-bcb2c07f3849"",""replica"":""bfc33194-db6e-41f2-b558-4502f04e4238""}",2026-03-29T01:44:41.349864225Z
  Attempt 26/30: Checking http://localhost:3000/api/wa/health...,info,"{""level"":""info""}","{""project"":""ce3616d9-58ad-4ec7-a294-1821e1564434"",""environment"":""fb6513d0-42a4-4660-82b5-509c54b15f2a"",""service"":""4978aa94-666c-47c7-8024-3ada55195a51"",""deployment"":""4f671b19-856f-4f29-8e22-bcb2c07f3849"",""replica"":""bfc33194-db6e-41f2-b558-4502f04e4238""}",2026-03-29T01:44:43.356222759Z
"  ⏳ Next.js not ready yet, waiting 2s...",info,"{""level"":""info""}","{""project"":""ce3616d9-58ad-4ec7-a294-1821e1564434"",""environment"":""fb6513d0-42a4-4660-82b5-509c54b15f2a"",""service"":""4978aa94-666c-47c7-8024-3ada55195a51"",""deployment"":""4f671b19-856f-4f29-8e22-bcb2c07f3849"",""replica"":""bfc33194-db6e-41f2-b558-4502f04e4238""}",2026-03-29T01:44:43.356230524Z
  Attempt 27/30: Checking http://localhost:3000/api/wa/health...,info,"{""level"":""info""}","{""project"":""ce3616d9-58ad-4ec7-a294-1821e1564434"",""environment"":""fb6513d0-42a4-4660-82b5-509c54b15f2a"",""service"":""4978aa94-666c-47c7-8024-3ada55195a51"",""deployment"":""4f671b19-856f-4f29-8e22-bcb2c07f3849"",""replica"":""bfc33194-db6e-41f2-b558-4502f04e4238""}",2026-03-29T01:44:45.354129372Z
"  ⏳ Next.js not ready yet, waiting 2s...",info,"{""level"":""info""}","{""project"":""ce3616d9-58ad-4ec7-a294-1821e1564434"",""environment"":""fb6513d0-42a4-4660-82b5-509c54b15f2a"",""service"":""4978aa94-666c-47c7-8024-3ada55195a51"",""deployment"":""4f671b19-856f-4f29-8e22-bcb2c07f3849"",""replica"":""bfc33194-db6e-41f2-b558-4502f04e4238""}",2026-03-29T01:44:45.354137234Z
  Attempt 28/30: Checking http://localhost:3000/api/wa/health...,info,"{""level"":""info""}","{""project"":""ce3616d9-58ad-4ec7-a294-1821e1564434"",""environment"":""fb6513d0-42a4-4660-82b5-509c54b15f2a"",""service"":""4978aa94-666c-47c7-8024-3ada55195a51"",""deployment"":""4f671b19-856f-4f29-8e22-bcb2c07f3849"",""replica"":""bfc33194-db6e-41f2-b558-4502f04e4238""}",2026-03-29T01:44:47.354926777Z
"  ⏳ Next.js not ready yet, waiting 2s...",info,"{""level"":""info""}","{""project"":""ce3616d9-58ad-4ec7-a294-1821e1564434"",""environment"":""fb6513d0-42a4-4660-82b5-509c54b15f2a"",""service"":""4978aa94-666c-47c7-8024-3ada55195a51"",""deployment"":""4f671b19-856f-4f29-8e22-bcb2c07f3849"",""replica"":""bfc33194-db6e-41f2-b558-4502f04e4238""}",2026-03-29T01:44:47.354931926Z
  Attempt 29/30: Checking http://localhost:3000/api/wa/health...,info,"{""level"":""info""}","{""project"":""ce3616d9-58ad-4ec7-a294-1821e1564434"",""environment"":""fb6513d0-42a4-4660-82b5-509c54b15f2a"",""service"":""4978aa94-666c-47c7-8024-3ada55195a51"",""deployment"":""4f671b19-856f-4f29-8e22-bcb2c07f3849"",""replica"":""bfc33194-db6e-41f2-b558-4502f04e4238""}",2026-03-29T01:44:49.362697148Z
"  ⏳ Next.js not ready yet, waiting 2s...",info,"{""level"":""info""}","{""project"":""ce3616d9-58ad-4ec7-a294-1821e1564434"",""environment"":""fb6513d0-42a4-4660-82b5-509c54b15f2a"",""service"":""4978aa94-666c-47c7-8024-3ada55195a51"",""deployment"":""4f671b19-856f-4f29-8e22-bcb2c07f3849"",""replica"":""bfc33194-db6e-41f2-b558-4502f04e4238""}",2026-03-29T01:44:49.362707765Z
  Attempt 30/30: Checking http://localhost:3000/api/wa/health...,info,"{""level"":""info""}","{""project"":""ce3616d9-58ad-4ec7-a294-1821e1564434"",""environment"":""fb6513d0-42a4-4660-82b5-509c54b15f2a"",""service"":""4978aa94-666c-47c7-8024-3ada55195a51"",""deployment"":""4f671b19-856f-4f29-8e22-bcb2c07f3849"",""replica"":""bfc33194-db6e-41f2-b558-4502f04e4238""}",2026-03-29T01:44:51.359244223Z
"  ⏳ Next.js not ready yet, waiting 2s...",info,"{""level"":""info""}","{""project"":""ce3616d9-58ad-4ec7-a294-1821e1564434"",""environment"":""fb6513d0-42a4-4660-82b5-509c54b15f2a"",""service"":""4978aa94-666c-47c7-8024-3ada55195a51"",""deployment"":""4f671b19-856f-4f29-8e22-bcb2c07f3849"",""replica"":""bfc33194-db6e-41f2-b558-4502f04e4238""}",2026-03-29T01:44:51.359251827Z
"  ⚠️ Next.js health check failed after 30 attempts, continuing anyway...",info,"{""level"":""info""}","{""project"":""ce3616d9-58ad-4ec7-a294-1821e1564434"",""environment"":""fb6513d0-42a4-4660-82b5-509c54b15f2a"",""service"":""4978aa94-666c-47c7-8024-3ada55195a51"",""deployment"":""4f671b19-856f-4f29-8e22-bcb2c07f3849"",""replica"":""bfc33194-db6e-41f2-b558-4502f04e4238""}",2026-03-29T01:44:53.459656273Z
==========================================,info,"{""level"":""info""}","{""project"":""ce3616d9-58ad-4ec7-a294-1821e1564434"",""environment"":""fb6513d0-42a4-4660-82b5-509c54b15f2a"",""service"":""4978aa94-666c-47c7-8024-3ada55195a51"",""deployment"":""4f671b19-856f-4f29-8e22-bcb2c07f3849"",""replica"":""bfc33194-db6e-41f2-b558-4502f04e4238""}",2026-03-29T01:44:54.648392443Z
Starting WhatsApp Warmer Service,info,"{""level"":""info""}","{""project"":""ce3616d9-58ad-4ec7-a294-1821e1564434"",""environment"":""fb6513d0-42a4-4660-82b5-509c54b15f2a"",""service"":""4978aa94-666c-47c7-8024-3ada55195a51"",""deployment"":""4f671b19-856f-4f29-8e22-bcb2c07f3849"",""replica"":""bfc33194-db6e-41f2-b558-4502f04e4238""}",2026-03-29T01:44:54.648398190Z
==========================================,info,"{""level"":""info""}","{""project"":""ce3616d9-58ad-4ec7-a294-1821e1564434"",""environment"":""fb6513d0-42a4-4660-82b5-509c54b15f2a"",""service"":""4978aa94-666c-47c7-8024-3ada55195a51"",""deployment"":""4f671b19-856f-4f29-8e22-bcb2c07f3849"",""replica"":""bfc33194-db6e-41f2-b558-4502f04e4238""}",2026-03-29T01:44:54.648406541Z
Running Prisma migrations...,info,"{""level"":""info""}","{""project"":""ce3616d9-58ad-4ec7-a294-1821e1564434"",""environment"":""fb6513d0-42a4-4660-82b5-509c54b15f2a"",""service"":""4978aa94-666c-47c7-8024-3ada55195a51"",""deployment"":""4f671b19-856f-4f29-8e22-bcb2c07f3849"",""replica"":""bfc33194-db6e-41f2-b558-4502f04e4238""}",2026-03-29T01:44:54.648412687Z
Prisma schema loaded from prisma/schema.prisma,info,"{""level"":""info""}","{""project"":""ce3616d9-58ad-4ec7-a294-1821e1564434"",""environment"":""fb6513d0-42a4-4660-82b5-509c54b15f2a"",""service"":""4978aa94-666c-47c7-8024-3ada55195a51"",""deployment"":""4f671b19-856f-4f29-8e22-bcb2c07f3849"",""replica"":""bfc33194-db6e-41f2-b558-4502f04e4238""}",2026-03-29T01:44:56.595125885Z
"Datasource ""db"": SQLite database ""whatsapp.db"" at ""file:/app/data/whatsapp.db""",info,"{""level"":""info""}","{""project"":""ce3616d9-58ad-4ec7-a294-1821e1564434"",""environment"":""fb6513d0-42a4-4660-82b5-509c54b15f2a"",""service"":""4978aa94-666c-47c7-8024-3ada55195a51"",""deployment"":""4f671b19-856f-4f29-8e22-bcb2c07f3849"",""replica"":""bfc33194-db6e-41f2-b558-4502f04e4238""}",2026-03-29T01:44:56.595129902Z
,info,"{""level"":""info""}","{""project"":""ce3616d9-58ad-4ec7-a294-1821e1564434"",""environment"":""fb6513d0-42a4-4660-82b5-509c54b15f2a"",""service"":""4978aa94-666c-47c7-8024-3ada55195a51"",""deployment"":""4f671b19-856f-4f29-8e22-bcb2c07f3849"",""replica"":""bfc33194-db6e-41f2-b558-4502f04e4238""}",2026-03-29T01:44:56.595158749Z
The database is already in sync with the Prisma schema.,info,"{""level"":""info""}","{""project"":""ce3616d9-58ad-4ec7-a294-1821e1564434"",""environment"":""fb6513d0-42a4-4660-82b5-509c54b15f2a"",""service"":""4978aa94-666c-47c7-8024-3ada55195a51"",""deployment"":""4f671b19-856f-4f29-8e22-bcb2c07f3849"",""replica"":""bfc33194-db6e-41f2-b558-4502f04e4238""}",2026-03-29T01:44:56.595177328Z
Starting Next.js server...,info,"{""level"":""info""}","{""project"":""ce3616d9-58ad-4ec7-a294-1821e1564434"",""environment"":""fb6513d0-42a4-4660-82b5-509c54b15f2a"",""service"":""4978aa94-666c-47c7-8024-3ada55195a51"",""deployment"":""4f671b19-856f-4f29-8e22-bcb2c07f3849"",""replica"":""bfc33194-db6e-41f2-b558-4502f04e4238""}",2026-03-29T01:44:56.595185393Z
,info,"{""level"":""info""}","{""project"":""ce3616d9-58ad-4ec7-a294-1821e1564434"",""environment"":""fb6513d0-42a4-4660-82b5-509c54b15f2a"",""service"":""4978aa94-666c-47c7-8024-3ada55195a51"",""deployment"":""4f671b19-856f-4f29-8e22-bcb2c07f3849"",""replica"":""bfc33194-db6e-41f2-b558-4502f04e4238""}",2026-03-29T01:44:56.595190217Z
Setting up Prisma symlinks...,info,"{""level"":""info""}","{""project"":""ce3616d9-58ad-4ec7-a294-1821e1564434"",""environment"":""fb6513d0-42a4-4660-82b5-509c54b15f2a"",""service"":""4978aa94-666c-47c7-8024-3ada55195a51"",""deployment"":""4f671b19-856f-4f29-8e22-bcb2c07f3849"",""replica"":""bfc33194-db6e-41f2-b558-4502f04e4238""}",2026-03-29T01:44:56.595198300Z
Waiting for Next.js to be ready...,info,"{""level"":""info""}","{""project"":""ce3616d9-58ad-4ec7-a294-1821e1564434"",""environment"":""fb6513d0-42a4-4660-82b5-509c54b15f2a"",""service"":""4978aa94-666c-47c7-8024-3ada55195a51"",""deployment"":""4f671b19-856f-4f29-8e22-bcb2c07f3849"",""replica"":""bfc33194-db6e-41f2-b558-4502f04e4238""}",2026-03-29T01:44:56.595213396Z
  Attempt 1/30: Checking http://localhost:3000/api/wa/health...,info,"{""level"":""info""}","{""project"":""ce3616d9-58ad-4ec7-a294-1821e1564434"",""environment"":""fb6513d0-42a4-4660-82b5-509c54b15f2a"",""service"":""4978aa94-666c-47c7-8024-3ada55195a51"",""deployment"":""4f671b19-856f-4f29-8e22-bcb2c07f3849"",""replica"":""bfc33194-db6e-41f2-b558-4502f04e4238""}",2026-03-29T01:44:56.595586464Z
"  ⏳ Next.js not ready yet, waiting 2s...",info,"{""level"":""info""}","{""project"":""ce3616d9-58ad-4ec7-a294-1821e1564434"",""environment"":""fb6513d0-42a4-4660-82b5-509c54b15f2a"",""service"":""4978aa94-666c-47c7-8024-3ada55195a51"",""deployment"":""4f671b19-856f-4f29-8e22-bcb2c07f3849"",""replica"":""bfc33194-db6e-41f2-b558-4502f04e4238""}",2026-03-29T01:44:56.595594490Z
▲ Next.js 16.1.6,info,"{""level"":""info""}","{""project"":""ce3616d9-58ad-4ec7-a294-1821e1564434"",""environment"":""fb6513d0-42a4-4660-82b5-509c54b15f2a"",""service"":""4978aa94-666c-47c7-8024-3ada55195a51"",""deployment"":""4f671b19-856f-4f29-8e22-bcb2c07f3849"",""replica"":""bfc33194-db6e-41f2-b558-4502f04e4238""}",2026-03-29T01:44:56.624036634Z
- Local:         http://localhost:3000,info,"{""level"":""info""}","{""project"":""ce3616d9-58ad-4ec7-a294-1821e1564434"",""environment"":""fb6513d0-42a4-4660-82b5-509c54b15f2a"",""service"":""4978aa94-666c-47c7-8024-3ada55195a51"",""deployment"":""4f671b19-856f-4f29-8e22-bcb2c07f3849"",""replica"":""bfc33194-db6e-41f2-b558-4502f04e4238""}",2026-03-29T01:44:56.624043064Z
- Network:       http://0.0.0.0:3000,info,"{""level"":""info""}","{""project"":""ce3616d9-58ad-4ec7-a294-1821e1564434"",""environment"":""fb6513d0-42a4-4660-82b5-509c54b15f2a"",""service"":""4978aa94-666c-47c7-8024-3ada55195a51"",""deployment"":""4f671b19-856f-4f29-8e22-bcb2c07f3849"",""replica"":""bfc33194-db6e-41f2-b558-4502f04e4238""}",2026-03-29T01:44:56.624049161Z
,info,"{""level"":""info""}","{""project"":""ce3616d9-58ad-4ec7-a294-1821e1564434"",""environment"":""fb6513d0-42a4-4660-82b5-509c54b15f2a"",""service"":""4978aa94-666c-47c7-8024-3ada55195a51"",""deployment"":""4f671b19-856f-4f29-8e22-bcb2c07f3849"",""replica"":""bfc33194-db6e-41f2-b558-4502f04e4238""}",2026-03-29T01:44:56.624054514Z
✓ Starting...,info,"{""level"":""info""}","{""project"":""ce3616d9-58ad-4ec7-a294-1821e1564434"",""environment"":""fb6513d0-42a4-4660-82b5-509c54b15f2a"",""service"":""4978aa94-666c-47c7-8024-3ada55195a51"",""deployment"":""4f671b19-856f-4f29-8e22-bcb2c07f3849"",""replica"":""bfc33194-db6e-41f2-b558-4502f04e4238""}",2026-03-29T01:44:56.624059827Z
✓ Ready in 153ms,info,"{""level"":""info""}","{""project"":""ce3616d9-58ad-4ec7-a294-1821e1564434"",""environment"":""fb6513d0-42a4-4660-82b5-509c54b15f2a"",""service"":""4978aa94-666c-47c7-8024-3ada55195a51"",""deployment"":""4f671b19-856f-4f29-8e22-bcb2c07f3849"",""replica"":""bfc33194-db6e-41f2-b558-4502f04e4238""}",2026-03-29T01:44:56.741274359Z
  Attempt 2/30: Checking http://localhost:3000/api/wa/health...,info,"{""level"":""info""}","{""project"":""ce3616d9-58ad-4ec7-a294-1821e1564434"",""environment"":""fb6513d0-42a4-4660-82b5-509c54b15f2a"",""service"":""4978aa94-666c-47c7-8024-3ada55195a51"",""deployment"":""4f671b19-856f-4f29-8e22-bcb2c07f3849"",""replica"":""bfc33194-db6e-41f2-b558-4502f04e4238""}",2026-03-29T01:44:58.206523341Z
"  ⏳ Next.js not ready yet, waiting 2s...",info,"{""level"":""info""}","{""project"":""ce3616d9-58ad-4ec7-a294-1821e1564434"",""environment"":""fb6513d0-42a4-4660-82b5-509c54b15f2a"",""service"":""4978aa94-666c-47c7-8024-3ada55195a51"",""deployment"":""4f671b19-856f-4f29-8e22-bcb2c07f3849"",""replica"":""bfc33194-db6e-41f2-b558-4502f04e4238""}",2026-03-29T01:44:58.206530291Z
  Attempt 3/30: Checking http://localhost:3000/api/wa/health...,info,"{""level"":""info""}","{""project"":""ce3616d9-58ad-4ec7-a294-1821e1564434"",""environment"":""fb6513d0-42a4-4660-82b5-509c54b15f2a"",""service"":""4978aa94-666c-47c7-8024-3ada55195a51"",""deployment"":""4f671b19-856f-4f29-8e22-bcb2c07f3849"",""replica"":""bfc33194-db6e-41f2-b558-4502f04e4238""}",2026-03-29T01:45:00.199851868Z
"  ⏳ Next.js not ready yet, waiting 2s...",info,"{""level"":""info""}","{""project"":""ce3616d9-58ad-4ec7-a294-1821e1564434"",""environment"":""fb6513d0-42a4-4660-82b5-509c54b15f2a"",""service"":""4978aa94-666c-47c7-8024-3ada55195a51"",""deployment"":""4f671b19-856f-4f29-8e22-bcb2c07f3849"",""replica"":""bfc33194-db6e-41f2-b558-4502f04e4238""}",2026-03-29T01:45:00.199857971Z
  Attempt 4/30: Checking http://localhost:3000/api/wa/health...,info,"{""level"":""info""}","{""project"":""ce3616d9-58ad-4ec7-a294-1821e1564434"",""environment"":""fb6513d0-42a4-4660-82b5-509c54b15f2a"",""service"":""4978aa94-666c-47c7-8024-3ada55195a51"",""deployment"":""4f671b19-856f-4f29-8e22-bcb2c07f3849"",""replica"":""bfc33194-db6e-41f2-b558-4502f04e4238""}",2026-03-29T01:45:02.378405848Z
"  ⏳ Next.js not ready yet, waiting 2s...",info,"{""level"":""info""}","{""project"":""ce3616d9-58ad-4ec7-a294-1821e1564434"",""environment"":""fb6513d0-42a4-4660-82b5-509c54b15f2a"",""service"":""4978aa94-666c-47c7-8024-3ada55195a51"",""deployment"":""4f671b19-856f-4f29-8e22-bcb2c07f3849"",""replica"":""bfc33194-db6e-41f2-b558-4502f04e4238""}",2026-03-29T01:45:02.378425603Z
  Attempt 5/30: Checking http://localhost:3000/api/wa/health...,info,"{""level"":""info""}","{""project"":""ce3616d9-58ad-4ec7-a294-1821e1564434"",""environment"":""fb6513d0-42a4-4660-82b5-509c54b15f2a"",""service"":""4978aa94-666c-47c7-8024-3ada55195a51"",""deployment"":""4f671b19-856f-4f29-8e22-bcb2c07f3849"",""replica"":""bfc33194-db6e-41f2-b558-4502f04e4238""}",2026-03-29T01:45:04.301121611Z
"  ⏳ Next.js not ready yet, waiting 2s...",info,"{""level"":""info""}","{""project"":""ce3616d9-58ad-4ec7-a294-1821e1564434"",""environment"":""fb6513d0-42a4-4660-82b5-509c54b15f2a"",""service"":""4978aa94-666c-47c7-8024-3ada55195a51"",""deployment"":""4f671b19-856f-4f29-8e22-bcb2c07f3849"",""replica"":""bfc33194-db6e-41f2-b558-4502f04e4238""}",2026-03-29T01:45:04.301126844Z
  Attempt 6/30: Checking http://localhost:3000/api/wa/health...,info,"{""level"":""info""}","{""project"":""ce3616d9-58ad-4ec7-a294-1821e1564434"",""environment"":""fb6513d0-42a4-4660-82b5-509c54b15f2a"",""service"":""4978aa94-666c-47c7-8024-3ada55195a51"",""deployment"":""4f671b19-856f-4f29-8e22-bcb2c07f3849"",""replica"":""bfc33194-db6e-41f2-b558-4502f04e4238""}",2026-03-29T01:45:06.304077038Z
"  ⏳ Next.js not ready yet, waiting 2s...",info,"{""level"":""info""}","{""project"":""ce3616d9-58ad-4ec7-a294-1821e1564434"",""environment"":""fb6513d0-42a4-4660-82b5-509c54b15f2a"",""service"":""4978aa94-666c-47c7-8024-3ada55195a51"",""deployment"":""4f671b19-856f-4f29-8e22-bcb2c07f3849"",""replica"":""bfc33194-db6e-41f2-b558-4502f04e4238""}",2026-03-29T01:45:06.304089756Z
  Attempt 7/30: Checking http://localhost:3000/api/wa/health...,info,"{""level"":""info""}","{""project"":""ce3616d9-58ad-4ec7-a294-1821e1564434"",""environment"":""fb6513d0-42a4-4660-82b5-509c54b15f2a"",""service"":""4978aa94-666c-47c7-8024-3ada55195a51"",""deployment"":""4f671b19-856f-4f29-8e22-bcb2c07f3849"",""replica"":""bfc33194-db6e-41f2-b558-4502f04e4238""}",2026-03-29T01:45:08.422724617Z
"  ⏳ Next.js not ready yet, waiting 2s...",info,"{""level"":""info""}","{""project"":""ce3616d9-58ad-4ec7-a294-1821e1564434"",""environment"":""fb6513d0-42a4-4660-82b5-509c54b15f2a"",""service"":""4978aa94-666c-47c7-8024-3ada55195a51"",""deployment"":""4f671b19-856f-4f29-8e22-bcb2c07f3849"",""replica"":""bfc33194-db6e-41f2-b558-4502f04e4238""}",2026-03-29T01:45:08.422733322Z
  Attempt 8/30: Checking http://localhost:3000/api/wa/health...,info,"{""level"":""info""}","{""project"":""ce3616d9-58ad-4ec7-a294-1821e1564434"",""environment"":""fb6513d0-42a4-4660-82b5-509c54b15f2a"",""service"":""4978aa94-666c-47c7-8024-3ada55195a51"",""deployment"":""4f671b19-856f-4f29-8e22-bcb2c07f3849"",""replica"":""bfc33194-db6e-41f2-b558-4502f04e4238""}",2026-03-29T01:45:10.419077134Z
"  ⏳ Next.js not ready yet, waiting 2s...",info,"{""level"":""info""}","{""project"":""ce3616d9-58ad-4ec7-a294-1821e1564434"",""environment"":""fb6513d0-42a4-4660-82b5-509c54b15f2a"",""service"":""4978aa94-666c-47c7-8024-3ada55195a51"",""deployment"":""4f671b19-856f-4f29-8e22-bcb2c07f3849"",""replica"":""bfc33194-db6e-41f2-b558-4502f04e4238""}",2026-03-29T01:45:10.419083231Z
"  ⏳ Next.js not ready yet, waiting 2s...",info,"{""level"":""info""}","{""project"":""ce3616d9-58ad-4ec7-a294-1821e1564434"",""environment"":""fb6513d0-42a4-4660-82b5-509c54b15f2a"",""service"":""4978aa94-666c-47c7-8024-3ada55195a51"",""deployment"":""4f671b19-856f-4f29-8e22-bcb2c07f3849"",""replica"":""bfc33194-db6e-41f2-b558-4502f04e4238""}",2026-03-29T01:45:12.269284126Z
  Attempt 9/30: Checking http://localhost:3000/api/wa/health...,info,"{""level"":""info""}","{""project"":""ce3616d9-58ad-4ec7-a294-1821e1564434"",""environment"":""fb6513d0-42a4-4660-82b5-509c54b15f2a"",""service"":""4978aa94-666c-47c7-8024-3ada55195a51"",""deployment"":""4f671b19-856f-4f29-8e22-bcb2c07f3849"",""replica"":""bfc33194-db6e-41f2-b558-4502f04e4238""}",2026-03-29T01:45:12.269346976Z
  Attempt 10/30: Checking http://localhost:3000/api/wa/health...,info,"{""level"":""info""}","{""project"":""ce3616d9-58ad-4ec7-a294-1821e1564434"",""environment"":""fb6513d0-42a4-4660-82b5-509c54b15f2a"",""service"":""4978aa94-666c-47c7-8024-3ada55195a51"",""deployment"":""4f671b19-856f-4f29-8e22-bcb2c07f3849"",""replica"":""bfc33194-db6e-41f2-b558-4502f04e4238""}",2026-03-29T01:45:14.410551924Z
"  ⏳ Next.js not ready yet, waiting 2s...",info,"{""level"":""info""}","{""project"":""ce3616d9-58ad-4ec7-a294-1821e1564434"",""environment"":""fb6513d0-42a4-4660-82b5-509c54b15f2a"",""service"":""4978aa94-666c-47c7-8024-3ada55195a51"",""deployment"":""4f671b19-856f-4f29-8e22-bcb2c07f3849"",""replica"":""bfc33194-db6e-41f2-b558-4502f04e4238""}",2026-03-29T01:45:14.410559699Z
  Attempt 11/30: Checking http://localhost:3000/api/wa/health...,info,"{""level"":""info""}","{""project"":""ce3616d9-58ad-4ec7-a294-1821e1564434"",""environment"":""fb6513d0-42a4-4660-82b5-509c54b15f2a"",""service"":""4978aa94-666c-47c7-8024-3ada55195a51"",""deployment"":""4f671b19-856f-4f29-8e22-bcb2c07f3849"",""replica"":""bfc33194-db6e-41f2-b558-4502f04e4238""}",2026-03-29T01:45:16.541975782Z
"  ⏳ Next.js not ready yet, waiting 2s...",info,"{""level"":""info""}","{""project"":""ce3616d9-58ad-4ec7-a294-1821e1564434"",""environment"":""fb6513d0-42a4-4660-82b5-509c54b15f2a"",""service"":""4978aa94-666c-47c7-8024-3ada55195a51"",""deployment"":""4f671b19-856f-4f29-8e22-bcb2c07f3849"",""replica"":""bfc33194-db6e-41f2-b558-4502f04e4238""}",2026-03-29T01:45:16.541985112Z
  Attempt 12/30: Checking http://localhost:3000/api/wa/health...,info,"{""level"":""info""}","{""project"":""ce3616d9-58ad-4ec7-a294-1821e1564434"",""environment"":""fb6513d0-42a4-4660-82b5-509c54b15f2a"",""service"":""4978aa94-666c-47c7-8024-3ada55195a51"",""deployment"":""4f671b19-856f-4f29-8e22-bcb2c07f3849"",""replica"":""bfc33194-db6e-41f2-b558-4502f04e4238""}",2026-03-29T01:45:18.484947451Z
"  ⏳ Next.js not ready yet, waiting 2s...",info,"{""level"":""info""}","{""project"":""ce3616d9-58ad-4ec7-a294-1821e1564434"",""environment"":""fb6513d0-42a4-4660-82b5-509c54b15f2a"",""service"":""4978aa94-666c-47c7-8024-3ada55195a51"",""deployment"":""4f671b19-856f-4f29-8e22-bcb2c07f3849"",""replica"":""bfc33194-db6e-41f2-b558-4502f04e4238""}",2026-03-29T01:45:18.484953063Z
  Attempt 13/30: Checking http://localhost:3000/api/wa/health...,info,"{""level"":""info""}","{""project"":""ce3616d9-58ad-4ec7-a294-1821e1564434"",""environment"":""fb6513d0-42a4-4660-82b5-509c54b15f2a"",""service"":""4978aa94-666c-47c7-8024-3ada55195a51"",""deployment"":""4f671b19-856f-4f29-8e22-bcb2c07f3849"",""replica"":""bfc33194-db6e-41f2-b558-4502f04e4238""}",2026-03-29T01:45:20.292922235Z
"  ⏳ Next.js not ready yet, waiting 2s...",info,"{""level"":""info""}","{""project"":""ce3616d9-58ad-4ec7-a294-1821e1564434"",""environment"":""fb6513d0-42a4-4660-82b5-509c54b15f2a"",""service"":""4978aa94-666c-47c7-8024-3ada55195a51"",""deployment"":""4f671b19-856f-4f29-8e22-bcb2c07f3849"",""replica"":""bfc33194-db6e-41f2-b558-4502f04e4238""}",2026-03-29T01:45:20.292933075Z
[WA API] GET error: [Error: Unable to connect. Is the computer able to access the url?] {,error,"{""level"":""error""}","{""project"":""ce3616d9-58ad-4ec7-a294-1821e1564434"",""environment"":""fb6513d0-42a4-4660-82b5-509c54b15f2a"",""service"":""4978aa94-666c-47c7-8024-3ada55195a51"",""deployment"":""4f671b19-856f-4f29-8e22-bcb2c07f3849"",""replica"":""bfc33194-db6e-41f2-b558-4502f04e4238""}",2026-03-29T01:45:20.741122102Z
"  code: 'ConnectionRefused',",error,"{""level"":""error""}","{""project"":""ce3616d9-58ad-4ec7-a294-1821e1564434"",""environment"":""fb6513d0-42a4-4660-82b5-509c54b15f2a"",""service"":""4978aa94-666c-47c7-8024-3ada55195a51"",""deployment"":""4f671b19-856f-4f29-8e22-bcb2c07f3849"",""replica"":""bfc33194-db6e-41f2-b558-4502f04e4238""}",2026-03-29T01:45:20.741133769Z
"  path: 'http://localhost:3030/accounts?',",error,"{""level"":""error""}","{""project"":""ce3616d9-58ad-4ec7-a294-1821e1564434"",""environment"":""fb6513d0-42a4-4660-82b5-509c54b15f2a"",""service"":""4978aa94-666c-47c7-8024-3ada55195a51"",""deployment"":""4f671b19-856f-4f29-8e22-bcb2c07f3849"",""replica"":""bfc33194-db6e-41f2-b558-4502f04e4238""}",2026-03-29T01:45:20.741140843Z
  errno: 0,error,"{""level"":""error""}","{""project"":""ce3616d9-58ad-4ec7-a294-1821e1564434"",""environment"":""fb6513d0-42a4-4660-82b5-509c54b15f2a"",""service"":""4978aa94-666c-47c7-8024-3ada55195a51"",""deployment"":""4f671b19-856f-4f29-8e22-bcb2c07f3849"",""replica"":""bfc33194-db6e-41f2-b558-4502f04e4238""}",2026-03-29T01:45:20.741147381Z
},error,"{""level"":""error""}","{""project"":""ce3616d9-58ad-4ec7-a294-1821e1564434"",""environment"":""fb6513d0-42a4-4660-82b5-509c54b15f2a"",""service"":""4978aa94-666c-47c7-8024-3ada55195a51"",""deployment"":""4f671b19-856f-4f29-8e22-bcb2c07f3849"",""replica"":""bfc33194-db6e-41f2-b558-4502f04e4238""}",2026-03-29T01:45:20.741153767Z
"  path: 'http://localhost:3030/logs?',",error,"{""level"":""error""}","{""project"":""ce3616d9-58ad-4ec7-a294-1821e1564434"",""environment"":""fb6513d0-42a4-4660-82b5-509c54b15f2a"",""service"":""4978aa94-666c-47c7-8024-3ada55195a51"",""deployment"":""4f671b19-856f-4f29-8e22-bcb2c07f3849"",""replica"":""bfc33194-db6e-41f2-b558-4502f04e4238""}",2026-03-29T01:45:21.436445887Z
  errno: 0,error,"{""level"":""error""}","{""project"":""ce3616d9-58ad-4ec7-a294-1821e1564434"",""environment"":""fb6513d0-42a4-4660-82b5-509c54b15f2a"",""service"":""4978aa94-666c-47c7-8024-3ada55195a51"",""deployment"":""4f671b19-856f-4f29-8e22-bcb2c07f3849"",""replica"":""bfc33194-db6e-41f2-b558-4502f04e4238""}",2026-03-29T01:45:21.436456407Z
},error,"{""level"":""error""}","{""project"":""ce3616d9-58ad-4ec7-a294-1821e1564434"",""environment"":""fb6513d0-42a4-4660-82b5-509c54b15f2a"",""service"":""4978aa94-666c-47c7-8024-3ada55195a51"",""deployment"":""4f671b19-856f-4f29-8e22-bcb2c07f3849"",""replica"":""bfc33194-db6e-41f2-b558-4502f04e4238""}",2026-03-29T01:45:21.436464057Z
"  path: 'http://localhost:3030/chat-pairs?',",error,"{""level"":""error""}","{""project"":""ce3616d9-58ad-4ec7-a294-1821e1564434"",""environment"":""fb6513d0-42a4-4660-82b5-509c54b15f2a"",""service"":""4978aa94-666c-47c7-8024-3ada55195a51"",""deployment"":""4f671b19-856f-4f29-8e22-bcb2c07f3849"",""replica"":""bfc33194-db6e-41f2-b558-4502f04e4238""}",2026-03-29T01:45:21.436481020Z
  errno: 0,error,"{""level"":""error""}","{""project"":""ce3616d9-58ad-4ec7-a294-1821e1564434"",""environment"":""fb6513d0-42a4-4660-82b5-509c54b15f2a"",""service"":""4978aa94-666c-47c7-8024-3ada55195a51"",""deployment"":""4f671b19-856f-4f29-8e22-bcb2c07f3849"",""replica"":""bfc33194-db6e-41f2-b558-4502f04e4238""}",2026-03-29T01:45:21.436495035Z
[WA API] GET error: [Error: Unable to connect. Is the computer able to access the url?] {,error,"{""level"":""error""}","{""project"":""ce3616d9-58ad-4ec7-a294-1821e1564434"",""environment"":""fb6513d0-42a4-4660-82b5-509c54b15f2a"",""service"":""4978aa94-666c-47c7-8024-3ada55195a51"",""deployment"":""4f671b19-856f-4f29-8e22-bcb2c07f3849"",""replica"":""bfc33194-db6e-41f2-b558-4502f04e4238""}",2026-03-29T01:45:21.436504635Z
},error,"{""level"":""error""}","{""project"":""ce3616d9-58ad-4ec7-a294-1821e1564434"",""environment"":""fb6513d0-42a4-4660-82b5-509c54b15f2a"",""service"":""4978aa94-666c-47c7-8024-3ada55195a51"",""deployment"":""4f671b19-856f-4f29-8e22-bcb2c07f3849"",""replica"":""bfc33194-db6e-41f2-b558-4502f04e4238""}",2026-03-29T01:45:21.436505039Z
"  code: 'ConnectionRefused',",error,"{""level"":""error""}","{""project"":""ce3616d9-58ad-4ec7-a294-1821e1564434"",""environment"":""fb6513d0-42a4-4660-82b5-509c54b15f2a"",""service"":""4978aa94-666c-47c7-8024-3ada55195a51"",""deployment"":""4f671b19-856f-4f29-8e22-bcb2c07f3849"",""replica"":""bfc33194-db6e-41f2-b558-4502f04e4238""}",2026-03-29T01:45:21.436511309Z
[WA API] GET error: [Error: Unable to connect. Is the computer able to access the url?] {,error,"{""level"":""error""}","{""project"":""ce3616d9-58ad-4ec7-a294-1821e1564434"",""environment"":""fb6513d0-42a4-4660-82b5-509c54b15f2a"",""service"":""4978aa94-666c-47c7-8024-3ada55195a51"",""deployment"":""4f671b19-856f-4f29-8e22-bcb2c07f3849"",""replica"":""bfc33194-db6e-41f2-b558-4502f04e4238""}",2026-03-29T01:45:21.436514461Z
"  code: 'ConnectionRefused',",error,"{""level"":""error""}","{""project"":""ce3616d9-58ad-4ec7-a294-1821e1564434"",""environment"":""fb6513d0-42a4-4660-82b5-509c54b15f2a"",""service"":""4978aa94-666c-47c7-8024-3ada55195a51"",""deployment"":""4f671b19-856f-4f29-8e22-bcb2c07f3849"",""replica"":""bfc33194-db6e-41f2-b558-4502f04e4238""}",2026-03-29T01:45:21.436524072Z
  Attempt 14/30: Checking http://localhost:3000/api/wa/health...,info,"{""level"":""info""}","{""project"":""ce3616d9-58ad-4ec7-a294-1821e1564434"",""environment"":""fb6513d0-42a4-4660-82b5-509c54b15f2a"",""service"":""4978aa94-666c-47c7-8024-3ada55195a51"",""deployment"":""4f671b19-856f-4f29-8e22-bcb2c07f3849"",""replica"":""bfc33194-db6e-41f2-b558-4502f04e4238""}",2026-03-29T01:45:22.416937232Z
"  ⏳ Next.js not ready yet, waiting 2s...",info,"{""level"":""info""}","{""project"":""ce3616d9-58ad-4ec7-a294-1821e1564434"",""environment"":""fb6513d0-42a4-4660-82b5-509c54b15f2a"",""service"":""4978aa94-666c-47c7-8024-3ada55195a51"",""deployment"":""4f671b19-856f-4f29-8e22-bcb2c07f3849"",""replica"":""bfc33194-db6e-41f2-b558-4502f04e4238""}",2026-03-29T01:45:22.416946760Z
  Attempt 15/30: Checking http://localhost:3000/api/wa/health...,info,"{""level"":""info""}","{""project"":""ce3616d9-58ad-4ec7-a294-1821e1564434"",""environment"":""fb6513d0-42a4-4660-82b5-509c54b15f2a"",""service"":""4978aa94-666c-47c7-8024-3ada55195a51"",""deployment"":""4f671b19-856f-4f29-8e22-bcb2c07f3849"",""replica"":""bfc33194-db6e-41f2-b558-4502f04e4238""}",2026-03-29T01:45:24.157411748Z
"  ⏳ Next.js not ready yet, waiting 2s...",info,"{""level"":""info""}","{""project"":""ce3616d9-58ad-4ec7-a294-1821e1564434"",""environment"":""fb6513d0-42a4-4660-82b5-509c54b15f2a"",""service"":""4978aa94-666c-47c7-8024-3ada55195a51"",""deployment"":""4f671b19-856f-4f29-8e22-bcb2c07f3849"",""replica"":""bfc33194-db6e-41f2-b558-4502f04e4238""}",2026-03-29T01:45:24.157425274Z
  Attempt 16/30: Checking http://localhost:3000/api/wa/health...,info,"{""level"":""info""}","{""project"":""ce3616d9-58ad-4ec7-a294-1821e1564434"",""environment"":""fb6513d0-42a4-4660-82b5-509c54b15f2a"",""service"":""4978aa94-666c-47c7-8024-3ada55195a51"",""deployment"":""4f671b19-856f-4f29-8e22-bcb2c07f3849"",""replica"":""bfc33194-db6e-41f2-b558-4502f04e4238""}",2026-03-29T01:45:26.163010548Z
"  ⏳ Next.js not ready yet, waiting 2s...",info,"{""level"":""info""}","{""project"":""ce3616d9-58ad-4ec7-a294-1821e1564434"",""environment"":""fb6513d0-42a4-4660-82b5-509c54b15f2a"",""service"":""4978aa94-666c-47c7-8024-3ada55195a51"",""deployment"":""4f671b19-856f-4f29-8e22-bcb2c07f3849"",""replica"":""bfc33194-db6e-41f2-b558-4502f04e4238""}",2026-03-29T01:45:26.163021107Z
  Attempt 17/30: Checking http://localhost:3000/api/wa/health...,info,"{""level"":""info""}","{""project"":""ce3616d9-58ad-4ec7-a294-1821e1564434"",""environment"":""fb6513d0-42a4-4660-82b5-509c54b15f2a"",""service"":""4978aa94-666c-47c7-8024-3ada55195a51"",""deployment"":""4f671b19-856f-4f29-8e22-bcb2c07f3849"",""replica"":""bfc33194-db6e-41f2-b558-4502f04e4238""}",2026-03-29T01:45:28.166815349Z
"  ⏳ Next.js not ready yet, waiting 2s...",info,"{""level"":""info""}","{""project"":""ce3616d9-58ad-4ec7-a294-1821e1564434"",""environment"":""fb6513d0-42a4-4660-82b5-509c54b15f2a"",""service"":""4978aa94-666c-47c7-8024-3ada55195a51"",""deployment"":""4f671b19-856f-4f29-8e22-bcb2c07f3849"",""replica"":""bfc33194-db6e-41f2-b558-4502f04e4238""}",2026-03-29T01:45:28.166825653Z
  Attempt 18/30: Checking http://localhost:3000/api/wa/health...,info,"{""level"":""info""}","{""project"":""ce3616d9-58ad-4ec7-a294-1821e1564434"",""environment"":""fb6513d0-42a4-4660-82b5-509c54b15f2a"",""service"":""4978aa94-666c-47c7-8024-3ada55195a51"",""deployment"":""4f671b19-856f-4f29-8e22-bcb2c07f3849"",""replica"":""bfc33194-db6e-41f2-b558-4502f04e4238""}",2026-03-29T01:45:30.246848314Z
"  ⏳ Next.js not ready yet, waiting 2s...",info,"{""level"":""info""}","{""project"":""ce3616d9-58ad-4ec7-a294-1821e1564434"",""environment"":""fb6513d0-42a4-4660-82b5-509c54b15f2a"",""service"":""4978aa94-666c-47c7-8024-3ada55195a51"",""deployment"":""4f671b19-856f-4f29-8e22-bcb2c07f3849"",""replica"":""bfc33194-db6e-41f2-b558-4502f04e4238""}",2026-03-29T01:45:30.246853520Z
  Attempt 19/30: Checking http://localhost:3000/api/wa/health...,info,"{""level"":""info""}","{""project"":""ce3616d9-58ad-4ec7-a294-1821e1564434"",""environment"":""fb6513d0-42a4-4660-82b5-509c54b15f2a"",""service"":""4978aa94-666c-47c7-8024-3ada55195a51"",""deployment"":""4f671b19-856f-4f29-8e22-bcb2c07f3849"",""replica"":""bfc33194-db6e-41f2-b558-4502f04e4238""}",2026-03-29T01:45:32.163999983Z
"  ⏳ Next.js not ready yet, waiting 2s...",info,"{""level"":""info""}","{""project"":""ce3616d9-58ad-4ec7-a294-1821e1564434"",""environment"":""fb6513d0-42a4-4660-82b5-509c54b15f2a"",""service"":""4978aa94-666c-47c7-8024-3ada55195a51"",""deployment"":""4f671b19-856f-4f29-8e22-bcb2c07f3849"",""replica"":""bfc33194-db6e-41f2-b558-4502f04e4238""}",2026-03-29T01:45:32.164009650Z
  Attempt 20/30: Checking http://localhost:3000/api/wa/health...,info,"{""level"":""info""}","{""project"":""ce3616d9-58ad-4ec7-a294-1821e1564434"",""environment"":""fb6513d0-42a4-4660-82b5-509c54b15f2a"",""service"":""4978aa94-666c-47c7-8024-3ada55195a51"",""deployment"":""4f671b19-856f-4f29-8e22-bcb2c07f3849"",""replica"":""bfc33194-db6e-41f2-b558-4502f04e4238""}",2026-03-29T01:45:34.173858941Z
"  ⏳ Next.js not ready yet, waiting 2s...",info,"{""level"":""info""}","{""project"":""ce3616d9-58ad-4ec7-a294-1821e1564434"",""environment"":""fb6513d0-42a4-4660-82b5-509c54b15f2a"",""service"":""4978aa94-666c-47c7-8024-3ada55195a51"",""deployment"":""4f671b19-856f-4f29-8e22-bcb2c07f3849"",""replica"":""bfc33194-db6e-41f2-b558-4502f04e4238""}",2026-03-29T01:45:34.173866046Z
  Attempt 21/30: Checking http://localhost:3000/api/wa/health...,info,"{""level"":""info""}","{""project"":""ce3616d9-58ad-4ec7-a294-1821e1564434"",""environment"":""fb6513d0-42a4-4660-82b5-509c54b15f2a"",""service"":""4978aa94-666c-47c7-8024-3ada55195a51"",""deployment"":""4f671b19-856f-4f29-8e22-bcb2c07f3849"",""replica"":""bfc33194-db6e-41f2-b558-4502f04e4238""}",2026-03-29T01:45:36.164565939Z
"  ⏳ Next.js not ready yet, waiting 2s...",info,"{""level"":""info""}","{""project"":""ce3616d9-58ad-4ec7-a294-1821e1564434"",""environment"":""fb6513d0-42a4-4660-82b5-509c54b15f2a"",""service"":""4978aa94-666c-47c7-8024-3ada55195a51"",""deployment"":""4f671b19-856f-4f29-8e22-bcb2c07f3849"",""replica"":""bfc33194-db6e-41f2-b558-4502f04e4238""}",2026-03-29T01:45:36.164578160Z
[WA API] GET error: [Error: Unable to connect. Is the computer able to access the url?] {,error,"{""level"":""error""}","{""project"":""ce3616d9-58ad-4ec7-a294-1821e1564434"",""environment"":""fb6513d0-42a4-4660-82b5-509c54b15f2a"",""service"":""4978aa94-666c-47c7-8024-3ada55195a51"",""deployment"":""4f671b19-856f-4f29-8e22-bcb2c07f3849"",""replica"":""bfc33194-db6e-41f2-b558-4502f04e4238""}",2026-03-29T01:45:37.934378352Z
"  code: 'ConnectionRefused',",error,"{""level"":""error""}","{""project"":""ce3616d9-58ad-4ec7-a294-1821e1564434"",""environment"":""fb6513d0-42a4-4660-82b5-509c54b15f2a"",""service"":""4978aa94-666c-47c7-8024-3ada55195a51"",""deployment"":""4f671b19-856f-4f29-8e22-bcb2c07f3849"",""replica"":""bfc33194-db6e-41f2-b558-4502f04e4238""}",2026-03-29T01:45:37.934382030Z
"  path: 'http://localhost:3030/logs?',",error,"{""level"":""error""}","{""project"":""ce3616d9-58ad-4ec7-a294-1821e1564434"",""environment"":""fb6513d0-42a4-4660-82b5-509c54b15f2a"",""service"":""4978aa94-666c-47c7-8024-3ada55195a51"",""deployment"":""4f671b19-856f-4f29-8e22-bcb2c07f3849"",""replica"":""bfc33194-db6e-41f2-b558-4502f04e4238""}",2026-03-29T01:45:37.934385750Z
  errno: 0,error,"{""level"":""error""}","{""project"":""ce3616d9-58ad-4ec7-a294-1821e1564434"",""environment"":""fb6513d0-42a4-4660-82b5-509c54b15f2a"",""service"":""4978aa94-666c-47c7-8024-3ada55195a51"",""deployment"":""4f671b19-856f-4f29-8e22-bcb2c07f3849"",""replica"":""bfc33194-db6e-41f2-b558-4502f04e4238""}",2026-03-29T01:45:37.934390473Z
},error,"{""level"":""error""}","{""project"":""ce3616d9-58ad-4ec7-a294-1821e1564434"",""environment"":""fb6513d0-42a4-4660-82b5-509c54b15f2a"",""service"":""4978aa94-666c-47c7-8024-3ada55195a51"",""deployment"":""4f671b19-856f-4f29-8e22-bcb2c07f3849"",""replica"":""bfc33194-db6e-41f2-b558-4502f04e4238""}",2026-03-29T01:45:37.934394345Z
[WA API] GET error: [Error: Unable to connect. Is the computer able to access the url?] {,error,"{""level"":""error""}","{""project"":""ce3616d9-58ad-4ec7-a294-1821e1564434"",""environment"":""fb6513d0-42a4-4660-82b5-509c54b15f2a"",""service"":""4978aa94-666c-47c7-8024-3ada55195a51"",""deployment"":""4f671b19-856f-4f29-8e22-bcb2c07f3849"",""replica"":""bfc33194-db6e-41f2-b558-4502f04e4238""}",2026-03-29T01:45:37.934398555Z
"  code: 'ConnectionRefused',",error,"{""level"":""error""}","{""project"":""ce3616d9-58ad-4ec7-a294-1821e1564434"",""environment"":""fb6513d0-42a4-4660-82b5-509c54b15f2a"",""service"":""4978aa94-666c-47c7-8024-3ada55195a51"",""deployment"":""4f671b19-856f-4f29-8e22-bcb2c07f3849"",""replica"":""bfc33194-db6e-41f2-b558-4502f04e4238""}",2026-03-29T01:45:37.934403557Z
"  path: 'http://localhost:3030/chat-pairs?',",error,"{""level"":""error""}","{""project"":""ce3616d9-58ad-4ec7-a294-1821e1564434"",""environment"":""fb6513d0-42a4-4660-82b5-509c54b15f2a"",""service"":""4978aa94-666c-47c7-8024-3ada55195a51"",""deployment"":""4f671b19-856f-4f29-8e22-bcb2c07f3849"",""replica"":""bfc33194-db6e-41f2-b558-4502f04e4238""}",2026-03-29T01:45:37.934407376Z
  errno: 0,error,"{""level"":""error""}","{""project"":""ce3616d9-58ad-4ec7-a294-1821e1564434"",""environment"":""fb6513d0-42a4-4660-82b5-509c54b15f2a"",""service"":""4978aa94-666c-47c7-8024-3ada55195a51"",""deployment"":""4f671b19-856f-4f29-8e22-bcb2c07f3849"",""replica"":""bfc33194-db6e-41f2-b558-4502f04e4238""}",2026-03-29T01:45:37.934413625Z
},error,"{""level"":""error""}","{""project"":""ce3616d9-58ad-4ec7-a294-1821e1564434"",""environment"":""fb6513d0-42a4-4660-82b5-509c54b15f2a"",""service"":""4978aa94-666c-47c7-8024-3ada55195a51"",""deployment"":""4f671b19-856f-4f29-8e22-bcb2c07f3849"",""replica"":""bfc33194-db6e-41f2-b558-4502f04e4238""}",2026-03-29T01:45:37.934417500Z
[WA API] GET error: [Error: Unable to connect. Is the computer able to access the url?] {,error,"{""level"":""error""}","{""project"":""ce3616d9-58ad-4ec7-a294-1821e1564434"",""environment"":""fb6513d0-42a4-4660-82b5-509c54b15f2a"",""service"":""4978aa94-666c-47c7-8024-3ada55195a51"",""deployment"":""4f671b19-856f-4f29-8e22-bcb2c07f3849"",""replica"":""bfc33194-db6e-41f2-b558-4502f04e4238""}",2026-03-29T01:45:37.934421554Z
"  code: 'ConnectionRefused',",error,"{""level"":""error""}","{""project"":""ce3616d9-58ad-4ec7-a294-1821e1564434"",""environment"":""fb6513d0-42a4-4660-82b5-509c54b15f2a"",""service"":""4978aa94-666c-47c7-8024-3ada55195a51"",""deployment"":""4f671b19-856f-4f29-8e22-bcb2c07f3849"",""replica"":""bfc33194-db6e-41f2-b558-4502f04e4238""}",2026-03-29T01:45:37.934426282Z
"  path: 'http://localhost:3030/accounts?',",error,"{""level"":""error""}","{""project"":""ce3616d9-58ad-4ec7-a294-1821e1564434"",""environment"":""fb6513d0-42a4-4660-82b5-509c54b15f2a"",""service"":""4978aa94-666c-47c7-8024-3ada55195a51"",""deployment"":""4f671b19-856f-4f29-8e22-bcb2c07f3849"",""replica"":""bfc33194-db6e-41f2-b558-4502f04e4238""}",2026-03-29T01:45:37.934430421Z
  errno: 0,error,"{""level"":""error""}","{""project"":""ce3616d9-58ad-4ec7-a294-1821e1564434"",""environment"":""fb6513d0-42a4-4660-82b5-509c54b15f2a"",""service"":""4978aa94-666c-47c7-8024-3ada55195a51"",""deployment"":""4f671b19-856f-4f29-8e22-bcb2c07f3849"",""replica"":""bfc33194-db6e-41f2-b558-4502f04e4238""}",2026-03-29T01:45:37.934434050Z
},error,"{""level"":""error""}","{""project"":""ce3616d9-58ad-4ec7-a294-1821e1564434"",""environment"":""fb6513d0-42a4-4660-82b5-509c54b15f2a"",""service"":""4978aa94-666c-47c7-8024-3ada55195a51"",""deployment"":""4f671b19-856f-4f29-8e22-bcb2c07f3849"",""replica"":""bfc33194-db6e-41f2-b558-4502f04e4238""}",2026-03-29T01:45:37.934437727Z
  Attempt 22/30: Checking http://localhost:3000/api/wa/health...,info,"{""level"":""info""}","{""project"":""ce3616d9-58ad-4ec7-a294-1821e1564434"",""environment"":""fb6513d0-42a4-4660-82b5-509c54b15f2a"",""service"":""4978aa94-666c-47c7-8024-3ada55195a51"",""deployment"":""4f671b19-856f-4f29-8e22-bcb2c07f3849"",""replica"":""bfc33194-db6e-41f2-b558-4502f04e4238""}",2026-03-29T01:45:38.168680895Z
"  ⏳ Next.js not ready yet, waiting 2s...",info,"{""level"":""info""}","{""project"":""ce3616d9-58ad-4ec7-a294-1821e1564434"",""environment"":""fb6513d0-42a4-4660-82b5-509c54b15f2a"",""service"":""4978aa94-666c-47c7-8024-3ada55195a51"",""deployment"":""4f671b19-856f-4f29-8e22-bcb2c07f3849"",""replica"":""bfc33194-db6e-41f2-b558-4502f04e4238""}",2026-03-29T01:45:38.168688005Z
  Attempt 23/30: Checking http://localhost:3000/api/wa/health...,info,"{""level"":""info""}","{""project"":""ce3616d9-58ad-4ec7-a294-1821e1564434"",""environment"":""fb6513d0-42a4-4660-82b5-509c54b15f2a"",""service"":""4978aa94-666c-47c7-8024-3ada55195a51"",""deployment"":""4f671b19-856f-4f29-8e22-bcb2c07f3849"",""replica"":""bfc33194-db6e-41f2-b558-4502f04e4238""}",2026-03-29T01:45:40.176394789Z
"  ⏳ Next.js not ready yet, waiting 2s...",info,"{""level"":""info""}","{""project"":""ce3616d9-58ad-4ec7-a294-1821e1564434"",""environment"":""fb6513d0-42a4-4660-82b5-509c54b15f2a"",""service"":""4978aa94-666c-47c7-8024-3ada55195a51"",""deployment"":""4f671b19-856f-4f29-8e22-bcb2c07f3849"",""replica"":""bfc33194-db6e-41f2-b558-4502f04e4238""}",2026-03-29T01:45:40.176411169Z
  Attempt 24/30: Checking http://localhost:3000/api/wa/health...,info,"{""level"":""info""}","{""project"":""ce3616d9-58ad-4ec7-a294-1821e1564434"",""environment"":""fb6513d0-42a4-4660-82b5-509c54b15f2a"",""service"":""4978aa94-666c-47c7-8024-3ada55195a51"",""deployment"":""4f671b19-856f-4f29-8e22-bcb2c07f3849"",""replica"":""bfc33194-db6e-41f2-b558-4502f04e4238""}",2026-03-29T01:45:42.170627301Z
"  ⏳ Next.js not ready yet, waiting 2s...",info,"{""level"":""info""}","{""project"":""ce3616d9-58ad-4ec7-a294-1821e1564434"",""environment"":""fb6513d0-42a4-4660-82b5-509c54b15f2a"",""service"":""4978aa94-666c-47c7-8024-3ada55195a51"",""deployment"":""4f671b19-856f-4f29-8e22-bcb2c07f3849"",""replica"":""bfc33194-db6e-41f2-b558-4502f04e4238""}",2026-03-29T01:45:42.170637173Z
  Attempt 25/30: Checking http://localhost:3000/api/wa/health...,info,"{""level"":""info""}","{""project"":""ce3616d9-58ad-4ec7-a294-1821e1564434"",""environment"":""fb6513d0-42a4-4660-82b5-509c54b15f2a"",""service"":""4978aa94-666c-47c7-8024-3ada55195a51"",""deployment"":""4f671b19-856f-4f29-8e22-bcb2c07f3849"",""replica"":""bfc33194-db6e-41f2-b558-4502f04e4238""}",2026-03-29T01:45:44.172414387Z
"  ⏳ Next.js not ready yet, waiting 2s...",info,"{""level"":""info""}","{""project"":""ce3616d9-58ad-4ec7-a294-1821e1564434"",""environment"":""fb6513d0-42a4-4660-82b5-509c54b15f2a"",""service"":""4978aa94-666c-47c7-8024-3ada55195a51"",""deployment"":""4f671b19-856f-4f29-8e22-bcb2c07f3849"",""replica"":""bfc33194-db6e-41f2-b558-4502f04e4238""}",2026-03-29T01:45:44.172419379Z
  Attempt 26/30: Checking http://localhost:3000/api/wa/health...,info,"{""level"":""info""}","{""project"":""ce3616d9-58ad-4ec7-a294-1821e1564434"",""environment"":""fb6513d0-42a4-4660-82b5-509c54b15f2a"",""service"":""4978aa94-666c-47c7-8024-3ada55195a51"",""deployment"":""4f671b19-856f-4f29-8e22-bcb2c07f3849"",""replica"":""bfc33194-db6e-41f2-b558-4502f04e4238""}",2026-03-29T01:45:46.175603572Z
"  ⏳ Next.js not ready yet, waiting 2s...",info,"{""level"":""info""}","{""project"":""ce3616d9-58ad-4ec7-a294-1821e1564434"",""environment"":""fb6513d0-42a4-4660-82b5-509c54b15f2a"",""service"":""4978aa94-666c-47c7-8024-3ada55195a51"",""deployment"":""4f671b19-856f-4f29-8e22-bcb2c07f3849"",""replica"":""bfc33194-db6e-41f2-b558-4502f04e4238""}",2026-03-29T01:45:46.175616852Z
  Attempt 27/30: Checking http://localhost:3000/api/wa/health...,info,"{""level"":""info""}","{""project"":""ce3616d9-58ad-4ec7-a294-1821e1564434"",""environment"":""fb6513d0-42a4-4660-82b5-509c54b15f2a"",""service"":""4978aa94-666c-47c7-8024-3ada55195a51"",""deployment"":""4f671b19-856f-4f29-8e22-bcb2c07f3849"",""replica"":""bfc33194-db6e-41f2-b558-4502f04e4238""}",2026-03-29T01:45:48.183365195Z
"  ⏳ Next.js not ready yet, waiting 2s...",info,"{""level"":""info""}","{""project"":""ce3616d9-58ad-4ec7-a294-1821e1564434"",""environment"":""fb6513d0-42a4-4660-82b5-509c54b15f2a"",""service"":""4978aa94-666c-47c7-8024-3ada55195a51"",""deployment"":""4f671b19-856f-4f29-8e22-bcb2c07f3849"",""replica"":""bfc33194-db6e-41f2-b558-4502f04e4238""}",2026-03-29T01:45:48.183372765Z
  Attempt 28/30: Checking http://localhost:3000/api/wa/health...,info,"{""level"":""info""}","{""project"":""ce3616d9-58ad-4ec7-a294-1821e1564434"",""environment"":""fb6513d0-42a4-4660-82b5-509c54b15f2a"",""service"":""4978aa94-666c-47c7-8024-3ada55195a51"",""deployment"":""4f671b19-856f-4f29-8e22-bcb2c07f3849"",""replica"":""bfc33194-db6e-41f2-b558-4502f04e4238""}",2026-03-29T01:45:50.178134580Z
"  ⏳ Next.js not ready yet, waiting 2s...",info,"{""level"":""info""}","{""project"":""ce3616d9-58ad-4ec7-a294-1821e1564434"",""environment"":""fb6513d0-42a4-4660-82b5-509c54b15f2a"",""service"":""4978aa94-666c-47c7-8024-3ada55195a51"",""deployment"":""4f671b19-856f-4f29-8e22-bcb2c07f3849"",""replica"":""bfc33194-db6e-41f2-b558-4502f04e4238""}",2026-03-29T01:45:50.178141080Z
  Attempt 29/30: Checking http://localhost:3000/api/wa/health...,info,"{""level"":""info""}","{""project"":""ce3616d9-58ad-4ec7-a294-1821e1564434"",""environment"":""fb6513d0-42a4-4660-82b5-509c54b15f2a"",""service"":""4978aa94-666c-47c7-8024-3ada55195a51"",""deployment"":""4f671b19-856f-4f29-8e22-bcb2c07f3849"",""replica"":""bfc33194-db6e-41f2-b558-4502f04e4238""}",2026-03-29T01:45:52.176744449Z
"  ⏳ Next.js not ready yet, waiting 2s...",info,"{""level"":""info""}","{""project"":""ce3616d9-58ad-4ec7-a294-1821e1564434"",""environment"":""fb6513d0-42a4-4660-82b5-509c54b15f2a"",""service"":""4978aa94-666c-47c7-8024-3ada55195a51"",""deployment"":""4f671b19-856f-4f29-8e22-bcb2c07f3849"",""replica"":""bfc33194-db6e-41f2-b558-4502f04e4238""}",2026-03-29T01:45:52.176754346Z
  Attempt 30/30: Checking http://localhost:3000/api/wa/health...,info,"{""level"":""info""}","{""project"":""ce3616d9-58ad-4ec7-a294-1821e1564434"",""environment"":""fb6513d0-42a4-4660-82b5-509c54b15f2a"",""service"":""4978aa94-666c-47c7-8024-3ada55195a51"",""deployment"":""4f671b19-856f-4f29-8e22-bcb2c07f3849"",""replica"":""bfc33194-db6e-41f2-b558-4502f04e4238""}",2026-03-29T01:45:54.178270392Z
"  ⏳ Next.js not ready yet, waiting 2s...",info,"{""level"":""info""}","{""project"":""ce3616d9-58ad-4ec7-a294-1821e1564434"",""environment"":""fb6513d0-42a4-4660-82b5-509c54b15f2a"",""service"":""4978aa94-666c-47c7-8024-3ada55195a51"",""deployment"":""4f671b19-856f-4f29-8e22-bcb2c07f3849"",""replica"":""bfc33194-db6e-41f2-b558-4502f04e4238""}",2026-03-29T01:45:54.178280884Z
"  ⚠️ Next.js health check failed after 30 attempts, continuing anyway...",info,"{""level"":""info""}","{""project"":""ce3616d9-58ad-4ec7-a294-1821e1564434"",""environment"":""fb6513d0-42a4-4660-82b5-509c54b15f2a"",""service"":""4978aa94-666c-47c7-8024-3ada55195a51"",""deployment"":""4f671b19-856f-4f29-8e22-bcb2c07f3849"",""replica"":""bfc33194-db6e-41f2-b558-4502f04e4238""}",2026-03-29T01:45:56.178053882Z
Starting WhatsApp Warmer Service,info,"{""level"":""info""}","{""project"":""ce3616d9-58ad-4ec7-a294-1821e1564434"",""environment"":""fb6513d0-42a4-4660-82b5-509c54b15f2a"",""service"":""4978aa94-666c-47c7-8024-3ada55195a51"",""deployment"":""4f671b19-856f-4f29-8e22-bcb2c07f3849"",""replica"":""bfc33194-db6e-41f2-b558-4502f04e4238""}",2026-03-29T01:45:57.085158583Z
==========================================,info,"{""level"":""info""}","{""project"":""ce3616d9-58ad-4ec7-a294-1821e1564434"",""environment"":""fb6513d0-42a4-4660-82b5-509c54b15f2a"",""service"":""4978aa94-666c-47c7-8024-3ada55195a51"",""deployment"":""4f671b19-856f-4f29-8e22-bcb2c07f3849"",""replica"":""bfc33194-db6e-41f2-b558-4502f04e4238""}",2026-03-29T01:45:57.085169594Z
Running Prisma migrations...,info,"{""level"":""info""}","{""project"":""ce3616d9-58ad-4ec7-a294-1821e1564434"",""environment"":""fb6513d0-42a4-4660-82b5-509c54b15f2a"",""service"":""4978aa94-666c-47c7-8024-3ada55195a51"",""deployment"":""4f671b19-856f-4f29-8e22-bcb2c07f3849"",""replica"":""bfc33194-db6e-41f2-b558-4502f04e4238""}",2026-03-29T01:45:57.085178822Z
==========================================,info,"{""level"":""info""}","{""project"":""ce3616d9-58ad-4ec7-a294-1821e1564434"",""environment"":""fb6513d0-42a4-4660-82b5-509c54b15f2a"",""service"":""4978aa94-666c-47c7-8024-3ada55195a51"",""deployment"":""4f671b19-856f-4f29-8e22-bcb2c07f3849"",""replica"":""bfc33194-db6e-41f2-b558-4502f04e4238""}",2026-03-29T01:45:57.085195440Z
Prisma schema loaded from prisma/schema.prisma,info,"{""level"":""info""}","{""project"":""ce3616d9-58ad-4ec7-a294-1821e1564434"",""environment"":""fb6513d0-42a4-4660-82b5-509c54b15f2a"",""service"":""4978aa94-666c-47c7-8024-3ada55195a51"",""deployment"":""4f671b19-856f-4f29-8e22-bcb2c07f3849"",""replica"":""bfc33194-db6e-41f2-b558-4502f04e4238""}",2026-03-29T01:45:59.387347675Z
"Datasource ""db"": SQLite database ""whatsapp.db"" at ""file:/app/data/whatsapp.db""",info,"{""level"":""info""}","{""project"":""ce3616d9-58ad-4ec7-a294-1821e1564434"",""environment"":""fb6513d0-42a4-4660-82b5-509c54b15f2a"",""service"":""4978aa94-666c-47c7-8024-3ada55195a51"",""deployment"":""4f671b19-856f-4f29-8e22-bcb2c07f3849"",""replica"":""bfc33194-db6e-41f2-b558-4502f04e4238""}",2026-03-29T01:45:59.387354038Z
,info,"{""level"":""info""}","{""project"":""ce3616d9-58ad-4ec7-a294-1821e1564434"",""environment"":""fb6513d0-42a4-4660-82b5-509c54b15f2a"",""service"":""4978aa94-666c-47c7-8024-3ada55195a51"",""deployment"":""4f671b19-856f-4f29-8e22-bcb2c07f3849"",""replica"":""bfc33194-db6e-41f2-b558-4502f04e4238""}",2026-03-29T01:45:59.387362838Z
The database is already in sync with the Prisma schema.,info,"{""level"":""info""}","{""project"":""ce3616d9-58ad-4ec7-a294-1821e1564434"",""environment"":""fb6513d0-42a4-4660-82b5-509c54b15f2a"",""service"":""4978aa94-666c-47c7-8024-3ada55195a51"",""deployment"":""4f671b19-856f-4f29-8e22-bcb2c07f3849"",""replica"":""bfc33194-db6e-41f2-b558-4502f04e4238""}",2026-03-29T01:45:59.387383090Z
,info,"{""level"":""info""}","{""project"":""ce3616d9-58ad-4ec7-a294-1821e1564434"",""environment"":""fb6513d0-42a4-4660-82b5-509c54b15f2a"",""service"":""4978aa94-666c-47c7-8024-3ada55195a51"",""deployment"":""4f671b19-856f-4f29-8e22-bcb2c07f3849"",""replica"":""bfc33194-db6e-41f2-b558-4502f04e4238""}",2026-03-29T01:45:59.387389642Z
Setting up Prisma symlinks...,info,"{""level"":""info""}","{""project"":""ce3616d9-58ad-4ec7-a294-1821e1564434"",""environment"":""fb6513d0-42a4-4660-82b5-509c54b15f2a"",""service"":""4978aa94-666c-47c7-8024-3ada55195a51"",""deployment"":""4f671b19-856f-4f29-8e22-bcb2c07f3849"",""replica"":""bfc33194-db6e-41f2-b558-4502f04e4238""}",2026-03-29T01:45:59.387396682Z
Starting Next.js server...,info,"{""level"":""info""}","{""project"":""ce3616d9-58ad-4ec7-a294-1821e1564434"",""environment"":""fb6513d0-42a4-4660-82b5-509c54b15f2a"",""service"":""4978aa94-666c-47c7-8024-3ada55195a51"",""deployment"":""4f671b19-856f-4f29-8e22-bcb2c07f3849"",""replica"":""bfc33194-db6e-41f2-b558-4502f04e4238""}",2026-03-29T01:45:59.387403078Z
Waiting for Next.js to be ready...,info,"{""level"":""info""}","{""project"":""ce3616d9-58ad-4ec7-a294-1821e1564434"",""environment"":""fb6513d0-42a4-4660-82b5-509c54b15f2a"",""service"":""4978aa94-666c-47c7-8024-3ada55195a51"",""deployment"":""4f671b19-856f-4f29-8e22-bcb2c07f3849"",""replica"":""bfc33194-db6e-41f2-b558-4502f04e4238""}",2026-03-29T01:45:59.387410671Z
  Attempt 1/30: Checking http://localhost:3000/api/wa/health...,info,"{""level"":""info""}","{""project"":""ce3616d9-58ad-4ec7-a294-1821e1564434"",""environment"":""fb6513d0-42a4-4660-82b5-509c54b15f2a"",""service"":""4978aa94-666c-47c7-8024-3ada55195a51"",""deployment"":""4f671b19-856f-4f29-8e22-bcb2c07f3849"",""replica"":""bfc33194-db6e-41f2-b558-4502f04e4238""}",2026-03-29T01:45:59.387430336Z
"  ⏳ Next.js not ready yet, waiting 2s...",info,"{""level"":""info""}","{""project"":""ce3616d9-58ad-4ec7-a294-1821e1564434"",""environment"":""fb6513d0-42a4-4660-82b5-509c54b15f2a"",""service"":""4978aa94-666c-47c7-8024-3ada55195a51"",""deployment"":""4f671b19-856f-4f29-8e22-bcb2c07f3849"",""replica"":""bfc33194-db6e-41f2-b558-4502f04e4238""}",2026-03-29T01:45:59.387438123Z
▲ Next.js 16.1.6,info,"{""level"":""info""}","{""project"":""ce3616d9-58ad-4ec7-a294-1821e1564434"",""environment"":""fb6513d0-42a4-4660-82b5-509c54b15f2a"",""service"":""4978aa94-666c-47c7-8024-3ada55195a51"",""deployment"":""4f671b19-856f-4f29-8e22-bcb2c07f3849"",""replica"":""bfc33194-db6e-41f2-b558-4502f04e4238""}",2026-03-29T01:46:00.031109462Z
- Local:         http://localhost:3000,info,"{""level"":""info""}","{""project"":""ce3616d9-58ad-4ec7-a294-1821e1564434"",""environment"":""fb6513d0-42a4-4660-82b5-509c54b15f2a"",""service"":""4978aa94-666c-47c7-8024-3ada55195a51"",""deployment"":""4f671b19-856f-4f29-8e22-bcb2c07f3849"",""replica"":""bfc33194-db6e-41f2-b558-4502f04e4238""}",2026-03-29T01:46:00.031116399Z
- Network:       http://0.0.0.0:3000,info,"{""level"":""info""}","{""project"":""ce3616d9-58ad-4ec7-a294-1821e1564434"",""environment"":""fb6513d0-42a4-4660-82b5-509c54b15f2a"",""service"":""4978aa94-666c-47c7-8024-3ada55195a51"",""deployment"":""4f671b19-856f-4f29-8e22-bcb2c07f3849"",""replica"":""bfc33194-db6e-41f2-b558-4502f04e4238""}",2026-03-29T01:46:00.031122759Z
,info,"{""level"":""info""}","{""project"":""ce3616d9-58ad-4ec7-a294-1821e1564434"",""environment"":""fb6513d0-42a4-4660-82b5-509c54b15f2a"",""service"":""4978aa94-666c-47c7-8024-3ada55195a51"",""deployment"":""4f671b19-856f-4f29-8e22-bcb2c07f3849"",""replica"":""bfc33194-db6e-41f2-b558-4502f04e4238""}",2026-03-29T01:46:00.031130021Z
✓ Starting...,info,"{""level"":""info""}","{""project"":""ce3616d9-58ad-4ec7-a294-1821e1564434"",""environment"":""fb6513d0-42a4-4660-82b5-509c54b15f2a"",""service"":""4978aa94-666c-47c7-8024-3ada55195a51"",""deployment"":""4f671b19-856f-4f29-8e22-bcb2c07f3849"",""replica"":""bfc33194-db6e-41f2-b558-4502f04e4238""}",2026-03-29T01:46:00.031136795Z
✓ Ready in 166ms,info,"{""level"":""info""}","{""project"":""ce3616d9-58ad-4ec7-a294-1821e1564434"",""environment"":""fb6513d0-42a4-4660-82b5-509c54b15f2a"",""service"":""4978aa94-666c-47c7-8024-3ada55195a51"",""deployment"":""4f671b19-856f-4f29-8e22-bcb2c07f3849"",""replica"":""bfc33194-db6e-41f2-b558-4502f04e4238""}",2026-03-29T01:46:00.031143813Z
  Attempt 2/30: Checking http://localhost:3000/api/wa/health...,info,"{""level"":""info""}","{""project"":""ce3616d9-58ad-4ec7-a294-1821e1564434"",""environment"":""fb6513d0-42a4-4660-82b5-509c54b15f2a"",""service"":""4978aa94-666c-47c7-8024-3ada55195a51"",""deployment"":""4f671b19-856f-4f29-8e22-bcb2c07f3849"",""replica"":""bfc33194-db6e-41f2-b558-4502f04e4238""}",2026-03-29T01:46:01.258580797Z
"  ⏳ Next.js not ready yet, waiting 2s...",info,"{""level"":""info""}","{""project"":""ce3616d9-58ad-4ec7-a294-1821e1564434"",""environment"":""fb6513d0-42a4-4660-82b5-509c54b15f2a"",""service"":""4978aa94-666c-47c7-8024-3ada55195a51"",""deployment"":""4f671b19-856f-4f29-8e22-bcb2c07f3849"",""replica"":""bfc33194-db6e-41f2-b558-4502f04e4238""}",2026-03-29T01:46:01.258592354Z
  Attempt 3/30: Checking http://localhost:3000/api/wa/health...,info,"{""level"":""info""}","{""project"":""ce3616d9-58ad-4ec7-a294-1821e1564434"",""environment"":""fb6513d0-42a4-4660-82b5-509c54b15f2a"",""service"":""4978aa94-666c-47c7-8024-3ada55195a51"",""deployment"":""4f671b19-856f-4f29-8e22-bcb2c07f3849"",""replica"":""bfc33194-db6e-41f2-b558-4502f04e4238""}",2026-03-29T01:46:03.152693325Z
"  ⏳ Next.js not ready yet, waiting 2s...",info,"{""level"":""info""}","{""project"":""ce3616d9-58ad-4ec7-a294-1821e1564434"",""environment"":""fb6513d0-42a4-4660-82b5-509c54b15f2a"",""service"":""4978aa94-666c-47c7-8024-3ada55195a51"",""deployment"":""4f671b19-856f-4f29-8e22-bcb2c07f3849"",""replica"":""bfc33194-db6e-41f2-b558-4502f04e4238""}",2026-03-29T01:46:03.152698456Z
  Attempt 4/30: Checking http://localhost:3000/api/wa/health...,info,"{""level"":""info""}","{""project"":""ce3616d9-58ad-4ec7-a294-1821e1564434"",""environment"":""fb6513d0-42a4-4660-82b5-509c54b15f2a"",""service"":""4978aa94-666c-47c7-8024-3ada55195a51"",""deployment"":""4f671b19-856f-4f29-8e22-bcb2c07f3849"",""replica"":""bfc33194-db6e-41f2-b558-4502f04e4238""}",2026-03-29T01:46:05.306930912Z
"  ⏳ Next.js not ready yet, waiting 2s...",info,"{""level"":""info""}","{""project"":""ce3616d9-58ad-4ec7-a294-1821e1564434"",""environment"":""fb6513d0-42a4-4660-82b5-509c54b15f2a"",""service"":""4978aa94-666c-47c7-8024-3ada55195a51"",""deployment"":""4f671b19-856f-4f29-8e22-bcb2c07f3849"",""replica"":""bfc33194-db6e-41f2-b558-4502f04e4238""}",2026-03-29T01:46:05.306942811Z
  Attempt 5/30: Checking http://localhost:3000/api/wa/health...,info,"{""level"":""info""}","{""project"":""ce3616d9-58ad-4ec7-a294-1821e1564434"",""environment"":""fb6513d0-42a4-4660-82b5-509c54b15f2a"",""service"":""4978aa94-666c-47c7-8024-3ada55195a51"",""deployment"":""4f671b19-856f-4f29-8e22-bcb2c07f3849"",""replica"":""bfc33194-db6e-41f2-b558-4502f04e4238""}",2026-03-29T01:46:07.374296108Z
"  ⏳ Next.js not ready yet, waiting 2s...",info,"{""level"":""info""}","{""project"":""ce3616d9-58ad-4ec7-a294-1821e1564434"",""environment"":""fb6513d0-42a4-4660-82b5-509c54b15f2a"",""service"":""4978aa94-666c-47c7-8024-3ada55195a51"",""deployment"":""4f671b19-856f-4f29-8e22-bcb2c07f3849"",""replica"":""bfc33194-db6e-41f2-b558-4502f04e4238""}",2026-03-29T01:46:07.374305124Z
  Attempt 6/30: Checking http://localhost:3000/api/wa/health...,info,"{""level"":""info""}","{""project"":""ce3616d9-58ad-4ec7-a294-1821e1564434"",""environment"":""fb6513d0-42a4-4660-82b5-509c54b15f2a"",""service"":""4978aa94-666c-47c7-8024-3ada55195a51"",""deployment"":""4f671b19-856f-4f29-8e22-bcb2c07f3849"",""replica"":""bfc33194-db6e-41f2-b558-4502f04e4238""}",2026-03-29T01:46:09.168842871Z
"  ⏳ Next.js not ready yet, waiting 2s...",info,"{""level"":""info""}","{""project"":""ce3616d9-58ad-4ec7-a294-1821e1564434"",""environment"":""fb6513d0-42a4-4660-82b5-509c54b15f2a"",""service"":""4978aa94-666c-47c7-8024-3ada55195a51"",""deployment"":""4f671b19-856f-4f29-8e22-bcb2c07f3849"",""replica"":""bfc33194-db6e-41f2-b558-4502f04e4238""}",2026-03-29T01:46:09.168847458Z
  Attempt 7/30: Checking http://localhost:3000/api/wa/health...,info,"{""level"":""info""}","{""project"":""ce3616d9-58ad-4ec7-a294-1821e1564434"",""environment"":""fb6513d0-42a4-4660-82b5-509c54b15f2a"",""service"":""4978aa94-666c-47c7-8024-3ada55195a51"",""deployment"":""4f671b19-856f-4f29-8e22-bcb2c07f3849"",""replica"":""bfc33194-db6e-41f2-b558-4502f04e4238""}",2026-03-29T01:46:11.121386792Z
"  ⏳ Next.js not ready yet, waiting 2s...",info,"{""level"":""info""}","{""project"":""ce3616d9-58ad-4ec7-a294-1821e1564434"",""environment"":""fb6513d0-42a4-4660-82b5-509c54b15f2a"",""service"":""4978aa94-666c-47c7-8024-3ada55195a51"",""deployment"":""4f671b19-856f-4f29-8e22-bcb2c07f3849"",""replica"":""bfc33194-db6e-41f2-b558-4502f04e4238""}",2026-03-29T01:46:11.121392399Z
  Attempt 8/30: Checking http://localhost:3000/api/wa/health...,info,"{""level"":""info""}","{""project"":""ce3616d9-58ad-4ec7-a294-1821e1564434"",""environment"":""fb6513d0-42a4-4660-82b5-509c54b15f2a"",""service"":""4978aa94-666c-47c7-8024-3ada55195a51"",""deployment"":""4f671b19-856f-4f29-8e22-bcb2c07f3849"",""replica"":""bfc33194-db6e-41f2-b558-4502f04e4238""}",2026-03-29T01:46:13.193610731Z
"  ⏳ Next.js not ready yet, waiting 2s...",info,"{""level"":""info""}","{""project"":""ce3616d9-58ad-4ec7-a294-1821e1564434"",""environment"":""fb6513d0-42a4-4660-82b5-509c54b15f2a"",""service"":""4978aa94-666c-47c7-8024-3ada55195a51"",""deployment"":""4f671b19-856f-4f29-8e22-bcb2c07f3849"",""replica"":""bfc33194-db6e-41f2-b558-4502f04e4238""}",2026-03-29T01:46:13.193616238Z
  Attempt 9/30: Checking http://localhost:3000/api/wa/health...,info,"{""level"":""info""}","{""project"":""ce3616d9-58ad-4ec7-a294-1821e1564434"",""environment"":""fb6513d0-42a4-4660-82b5-509c54b15f2a"",""service"":""4978aa94-666c-47c7-8024-3ada55195a51"",""deployment"":""4f671b19-856f-4f29-8e22-bcb2c07f3849"",""replica"":""bfc33194-db6e-41f2-b558-4502f04e4238""}",2026-03-29T01:46:15.998574857Z
"  ⏳ Next.js not ready yet, waiting 2s...",info,"{""level"":""info""}","{""project"":""ce3616d9-58ad-4ec7-a294-1821e1564434"",""environment"":""fb6513d0-42a4-4660-82b5-509c54b15f2a"",""service"":""4978aa94-666c-47c7-8024-3ada55195a51"",""deployment"":""4f671b19-856f-4f29-8e22-bcb2c07f3849"",""replica"":""bfc33194-db6e-41f2-b558-4502f04e4238""}",2026-03-29T01:46:15.998580832Z
  Attempt 10/30: Checking http://localhost:3000/api/wa/health...,info,"{""level"":""info""}","{""project"":""ce3616d9-58ad-4ec7-a294-1821e1564434"",""environment"":""fb6513d0-42a4-4660-82b5-509c54b15f2a"",""service"":""4978aa94-666c-47c7-8024-3ada55195a51"",""deployment"":""4f671b19-856f-4f29-8e22-bcb2c07f3849"",""replica"":""bfc33194-db6e-41f2-b558-4502f04e4238""}",2026-03-29T01:46:17.085690349Z
"  ⏳ Next.js not ready yet, waiting 2s...",info,"{""level"":""info""}","{""project"":""ce3616d9-58ad-4ec7-a294-1821e1564434"",""environment"":""fb6513d0-42a4-4660-82b5-509c54b15f2a"",""service"":""4978aa94-666c-47c7-8024-3ada55195a51"",""deployment"":""4f671b19-856f-4f29-8e22-bcb2c07f3849"",""replica"":""bfc33194-db6e-41f2-b558-4502f04e4238""}",2026-03-29T01:46:17.085701353Z
  Attempt 11/30: Checking http://localhost:3000/api/wa/health...,info,"{""level"":""info""}","{""project"":""ce3616d9-58ad-4ec7-a294-1821e1564434"",""environment"":""fb6513d0-42a4-4660-82b5-509c54b15f2a"",""service"":""4978aa94-666c-47c7-8024-3ada55195a51"",""deployment"":""4f671b19-856f-4f29-8e22-bcb2c07f3849"",""replica"":""bfc33194-db6e-41f2-b558-4502f04e4238""}",2026-03-29T01:46:19.088002283Z
"  ⏳ Next.js not ready yet, waiting 2s...",info,"{""level"":""info""}","{""project"":""ce3616d9-58ad-4ec7-a294-1821e1564434"",""environment"":""fb6513d0-42a4-4660-82b5-509c54b15f2a"",""service"":""4978aa94-666c-47c7-8024-3ada55195a51"",""deployment"":""4f671b19-856f-4f29-8e22-bcb2c07f3849"",""replica"":""bfc33194-db6e-41f2-b558-4502f04e4238""}",2026-03-29T01:46:19.088012977Z
"  ⏳ Next.js not ready yet, waiting 2s...",info,"{""level"":""info""}","{""project"":""ce3616d9-58ad-4ec7-a294-1821e1564434"",""environment"":""fb6513d0-42a4-4660-82b5-509c54b15f2a"",""service"":""4978aa94-666c-47c7-8024-3ada55195a51"",""deployment"":""4f671b19-856f-4f29-8e22-bcb2c07f3849"",""replica"":""bfc33194-db6e-41f2-b558-4502f04e4238""}",2026-03-29T01:46:21.310643648Z
[WA API] GET error: [Error: Unable to connect. Is the computer able to access the url?] {,error,"{""level"":""error""}","{""project"":""ce3616d9-58ad-4ec7-a294-1821e1564434"",""environment"":""fb6513d0-42a4-4660-82b5-509c54b15f2a"",""service"":""4978aa94-666c-47c7-8024-3ada55195a51"",""deployment"":""4f671b19-856f-4f29-8e22-bcb2c07f3849"",""replica"":""bfc33194-db6e-41f2-b558-4502f04e4238""}",2026-03-29T01:46:21.310850717Z
"  code: 'ConnectionRefused',",error,"{""level"":""error""}","{""project"":""ce3616d9-58ad-4ec7-a294-1821e1564434"",""environment"":""fb6513d0-42a4-4660-82b5-509c54b15f2a"",""service"":""4978aa94-666c-47c7-8024-3ada55195a51"",""deployment"":""4f671b19-856f-4f29-8e22-bcb2c07f3849"",""replica"":""bfc33194-db6e-41f2-b558-4502f04e4238""}",2026-03-29T01:46:21.310859807Z
"  path: 'http://localhost:3030/logs?',",error,"{""level"":""error""}","{""project"":""ce3616d9-58ad-4ec7-a294-1821e1564434"",""environment"":""fb6513d0-42a4-4660-82b5-509c54b15f2a"",""service"":""4978aa94-666c-47c7-8024-3ada55195a51"",""deployment"":""4f671b19-856f-4f29-8e22-bcb2c07f3849"",""replica"":""bfc33194-db6e-41f2-b558-4502f04e4238""}",2026-03-29T01:46:21.310867413Z
  errno: 0,error,"{""level"":""error""}","{""project"":""ce3616d9-58ad-4ec7-a294-1821e1564434"",""environment"":""fb6513d0-42a4-4660-82b5-509c54b15f2a"",""service"":""4978aa94-666c-47c7-8024-3ada55195a51"",""deployment"":""4f671b19-856f-4f29-8e22-bcb2c07f3849"",""replica"":""bfc33194-db6e-41f2-b558-4502f04e4238""}",2026-03-29T01:46:21.310875955Z
},error,"{""level"":""error""}","{""project"":""ce3616d9-58ad-4ec7-a294-1821e1564434"",""environment"":""fb6513d0-42a4-4660-82b5-509c54b15f2a"",""service"":""4978aa94-666c-47c7-8024-3ada55195a51"",""deployment"":""4f671b19-856f-4f29-8e22-bcb2c07f3849"",""replica"":""bfc33194-db6e-41f2-b558-4502f04e4238""}",2026-03-29T01:46:21.310883410Z
[WA API] GET error: [Error: Unable to connect. Is the computer able to access the url?] {,error,"{""level"":""error""}","{""project"":""ce3616d9-58ad-4ec7-a294-1821e1564434"",""environment"":""fb6513d0-42a4-4660-82b5-509c54b15f2a"",""service"":""4978aa94-666c-47c7-8024-3ada55195a51"",""deployment"":""4f671b19-856f-4f29-8e22-bcb2c07f3849"",""replica"":""bfc33194-db6e-41f2-b558-4502f04e4238""}",2026-03-29T01:46:21.310896172Z
"  code: 'ConnectionRefused',",error,"{""level"":""error""}","{""project"":""ce3616d9-58ad-4ec7-a294-1821e1564434"",""environment"":""fb6513d0-42a4-4660-82b5-509c54b15f2a"",""service"":""4978aa94-666c-47c7-8024-3ada55195a51"",""deployment"":""4f671b19-856f-4f29-8e22-bcb2c07f3849"",""replica"":""bfc33194-db6e-41f2-b558-4502f04e4238""}",2026-03-29T01:46:21.310908965Z
"  path: 'http://localhost:3030/chat-pairs?',",error,"{""level"":""error""}","{""project"":""ce3616d9-58ad-4ec7-a294-1821e1564434"",""environment"":""fb6513d0-42a4-4660-82b5-509c54b15f2a"",""service"":""4978aa94-666c-47c7-8024-3ada55195a51"",""deployment"":""4f671b19-856f-4f29-8e22-bcb2c07f3849"",""replica"":""bfc33194-db6e-41f2-b558-4502f04e4238""}",2026-03-29T01:46:21.310922846Z
  errno: 0,error,"{""level"":""error""}","{""project"":""ce3616d9-58ad-4ec7-a294-1821e1564434"",""environment"":""fb6513d0-42a4-4660-82b5-509c54b15f2a"",""service"":""4978aa94-666c-47c7-8024-3ada55195a51"",""deployment"":""4f671b19-856f-4f29-8e22-bcb2c07f3849"",""replica"":""bfc33194-db6e-41f2-b558-4502f04e4238""}",2026-03-29T01:46:21.310930538Z
},error,"{""level"":""error""}","{""project"":""ce3616d9-58ad-4ec7-a294-1821e1564434"",""environment"":""fb6513d0-42a4-4660-82b5-509c54b15f2a"",""service"":""4978aa94-666c-47c7-8024-3ada55195a51"",""deployment"":""4f671b19-856f-4f29-8e22-bcb2c07f3849"",""replica"":""bfc33194-db6e-41f2-b558-4502f04e4238""}",2026-03-29T01:46:21.310938245Z
[WA API] GET error: [Error: Unable to connect. Is the computer able to access the url?] {,error,"{""level"":""error""}","{""project"":""ce3616d9-58ad-4ec7-a294-1821e1564434"",""environment"":""fb6513d0-42a4-4660-82b5-509c54b15f2a"",""service"":""4978aa94-666c-47c7-8024-3ada55195a51"",""deployment"":""4f671b19-856f-4f29-8e22-bcb2c07f3849"",""replica"":""bfc33194-db6e-41f2-b558-4502f04e4238""}",2026-03-29T01:46:21.310946140Z
"  code: 'ConnectionRefused',",error,"{""level"":""error""}","{""project"":""ce3616d9-58ad-4ec7-a294-1821e1564434"",""environment"":""fb6513d0-42a4-4660-82b5-509c54b15f2a"",""service"":""4978aa94-666c-47c7-8024-3ada55195a51"",""deployment"":""4f671b19-856f-4f29-8e22-bcb2c07f3849"",""replica"":""bfc33194-db6e-41f2-b558-4502f04e4238""}",2026-03-29T01:46:21.310953448Z
"  path: 'http://localhost:3030/accounts?',",error,"{""level"":""error""}","{""project"":""ce3616d9-58ad-4ec7-a294-1821e1564434"",""environment"":""fb6513d0-42a4-4660-82b5-509c54b15f2a"",""service"":""4978aa94-666c-47c7-8024-3ada55195a51"",""deployment"":""4f671b19-856f-4f29-8e22-bcb2c07f3849"",""replica"":""bfc33194-db6e-41f2-b558-4502f04e4238""}",2026-03-29T01:46:21.310961221Z
  errno: 0,error,"{""level"":""error""}","{""project"":""ce3616d9-58ad-4ec7-a294-1821e1564434"",""environment"":""fb6513d0-42a4-4660-82b5-509c54b15f2a"",""service"":""4978aa94-666c-47c7-8024-3ada55195a51"",""deployment"":""4f671b19-856f-4f29-8e22-bcb2c07f3849"",""replica"":""bfc33194-db6e-41f2-b558-4502f04e4238""}",2026-03-29T01:46:21.310968469Z
},error,"{""level"":""error""}","{""project"":""ce3616d9-58ad-4ec7-a294-1821e1564434"",""environment"":""fb6513d0-42a4-4660-82b5-509c54b15f2a"",""service"":""4978aa94-666c-47c7-8024-3ada55195a51"",""deployment"":""4f671b19-856f-4f29-8e22-bcb2c07f3849"",""replica"":""bfc33194-db6e-41f2-b558-4502f04e4238""}",2026-03-29T01:46:21.310975635Z
  Attempt 12/30: Checking http://localhost:3000/api/wa/health...,info,"{""level"":""info""}","{""project"":""ce3616d9-58ad-4ec7-a294-1821e1564434"",""environment"":""fb6513d0-42a4-4660-82b5-509c54b15f2a"",""service"":""4978aa94-666c-47c7-8024-3ada55195a51"",""deployment"":""4f671b19-856f-4f29-8e22-bcb2c07f3849"",""replica"":""bfc33194-db6e-41f2-b558-4502f04e4238""}",2026-03-29T01:46:21.310987801Z
  Attempt 13/30: Checking http://localhost:3000/api/wa/health...,info,"{""level"":""info""}","{""project"":""ce3616d9-58ad-4ec7-a294-1821e1564434"",""environment"":""fb6513d0-42a4-4660-82b5-509c54b15f2a"",""service"":""4978aa94-666c-47c7-8024-3ada55195a51"",""deployment"":""4f671b19-856f-4f29-8e22-bcb2c07f3849"",""replica"":""bfc33194-db6e-41f2-b558-4502f04e4238""}",2026-03-29T01:46:23.371173563Z
"  ⏳ Next.js not ready yet, waiting 2s...",info,"{""level"":""info""}","{""project"":""ce3616d9-58ad-4ec7-a294-1821e1564434"",""environment"":""fb6513d0-42a4-4660-82b5-509c54b15f2a"",""service"":""4978aa94-666c-47c7-8024-3ada55195a51"",""deployment"":""4f671b19-856f-4f29-8e22-bcb2c07f3849"",""replica"":""bfc33194-db6e-41f2-b558-4502f04e4238""}",2026-03-29T01:46:23.371185430Z
  Attempt 14/30: Checking http://localhost:3000/api/wa/health...,info,"{""level"":""info""}","{""project"":""ce3616d9-58ad-4ec7-a294-1821e1564434"",""environment"":""fb6513d0-42a4-4660-82b5-509c54b15f2a"",""service"":""4978aa94-666c-47c7-8024-3ada55195a51"",""deployment"":""4f671b19-856f-4f29-8e22-bcb2c07f3849"",""replica"":""bfc33194-db6e-41f2-b558-4502f04e4238""}",2026-03-29T01:46:25.604023473Z
"  ⏳ Next.js not ready yet, waiting 2s...",info,"{""level"":""info""}","{""project"":""ce3616d9-58ad-4ec7-a294-1821e1564434"",""environment"":""fb6513d0-42a4-4660-82b5-509c54b15f2a"",""service"":""4978aa94-666c-47c7-8024-3ada55195a51"",""deployment"":""4f671b19-856f-4f29-8e22-bcb2c07f3849"",""replica"":""bfc33194-db6e-41f2-b558-4502f04e4238""}",2026-03-29T01:46:25.604034273Z
"  ⏳ Next.js not ready yet, waiting 2s...",info,"{""level"":""info""}","{""project"":""ce3616d9-58ad-4ec7-a294-1821e1564434"",""environment"":""fb6513d0-42a4-4660-82b5-509c54b15f2a"",""service"":""4978aa94-666c-47c7-8024-3ada55195a51"",""deployment"":""4f671b19-856f-4f29-8e22-bcb2c07f3849"",""replica"":""bfc33194-db6e-41f2-b558-4502f04e4238""}",2026-03-29T01:46:27.585408138Z
  Attempt 15/30: Checking http://localhost:3000/api/wa/health...,info,"{""level"":""info""}","{""project"":""ce3616d9-58ad-4ec7-a294-1821e1564434"",""environment"":""fb6513d0-42a4-4660-82b5-509c54b15f2a"",""service"":""4978aa94-666c-47c7-8024-3ada55195a51"",""deployment"":""4f671b19-856f-4f29-8e22-bcb2c07f3849"",""replica"":""bfc33194-db6e-41f2-b558-4502f04e4238""}",2026-03-29T01:46:27.585483226Z
  Attempt 16/30: Checking http://localhost:3000/api/wa/health...,info,"{""level"":""info""}","{""project"":""ce3616d9-58ad-4ec7-a294-1821e1564434"",""environment"":""fb6513d0-42a4-4660-82b5-509c54b15f2a"",""service"":""4978aa94-666c-47c7-8024-3ada55195a51"",""deployment"":""4f671b19-856f-4f29-8e22-bcb2c07f3849"",""replica"":""bfc33194-db6e-41f2-b558-4502f04e4238""}",2026-03-29T01:46:29.732609988Z
"  ⏳ Next.js not ready yet, waiting 2s...",info,"{""level"":""info""}","{""project"":""ce3616d9-58ad-4ec7-a294-1821e1564434"",""environment"":""fb6513d0-42a4-4660-82b5-509c54b15f2a"",""service"":""4978aa94-666c-47c7-8024-3ada55195a51"",""deployment"":""4f671b19-856f-4f29-8e22-bcb2c07f3849"",""replica"":""bfc33194-db6e-41f2-b558-4502f04e4238""}",2026-03-29T01:46:29.732617706Z
  Attempt 17/30: Checking http://localhost:3000/api/wa/health...,info,"{""level"":""info""}","{""project"":""ce3616d9-58ad-4ec7-a294-1821e1564434"",""environment"":""fb6513d0-42a4-4660-82b5-509c54b15f2a"",""service"":""4978aa94-666c-47c7-8024-3ada55195a51"",""deployment"":""4f671b19-856f-4f29-8e22-bcb2c07f3849"",""replica"":""bfc33194-db6e-41f2-b558-4502f04e4238""}",2026-03-29T01:46:31.587995388Z
"  ⏳ Next.js not ready yet, waiting 2s...",info,"{""level"":""info""}","{""project"":""ce3616d9-58ad-4ec7-a294-1821e1564434"",""environment"":""fb6513d0-42a4-4660-82b5-509c54b15f2a"",""service"":""4978aa94-666c-47c7-8024-3ada55195a51"",""deployment"":""4f671b19-856f-4f29-8e22-bcb2c07f3849"",""replica"":""bfc33194-db6e-41f2-b558-4502f04e4238""}",2026-03-29T01:46:31.588005616Z
  Attempt 18/30: Checking http://localhost:3000/api/wa/health...,info,"{""level"":""info""}","{""project"":""ce3616d9-58ad-4ec7-a294-1821e1564434"",""environment"":""fb6513d0-42a4-4660-82b5-509c54b15f2a"",""service"":""4978aa94-666c-47c7-8024-3ada55195a51"",""deployment"":""4f671b19-856f-4f29-8e22-bcb2c07f3849"",""replica"":""bfc33194-db6e-41f2-b558-4502f04e4238""}",2026-03-29T01:46:33.484145761Z
"  ⏳ Next.js not ready yet, waiting 2s...",info,"{""level"":""info""}","{""project"":""ce3616d9-58ad-4ec7-a294-1821e1564434"",""environment"":""fb6513d0-42a4-4660-82b5-509c54b15f2a"",""service"":""4978aa94-666c-47c7-8024-3ada55195a51"",""deployment"":""4f671b19-856f-4f29-8e22-bcb2c07f3849"",""replica"":""bfc33194-db6e-41f2-b558-4502f04e4238""}",2026-03-29T01:46:33.484151818Z
  Attempt 19/30: Checking http://localhost:3000/api/wa/health...,info,"{""level"":""info""}","{""project"":""ce3616d9-58ad-4ec7-a294-1821e1564434"",""environment"":""fb6513d0-42a4-4660-82b5-509c54b15f2a"",""service"":""4978aa94-666c-47c7-8024-3ada55195a51"",""deployment"":""4f671b19-856f-4f29-8e22-bcb2c07f3849"",""replica"":""bfc33194-db6e-41f2-b558-4502f04e4238""}",2026-03-29T01:46:35.709715331Z
"  ⏳ Next.js not ready yet, waiting 2s...",info,"{""level"":""info""}","{""project"":""ce3616d9-58ad-4ec7-a294-1821e1564434"",""environment"":""fb6513d0-42a4-4660-82b5-509c54b15f2a"",""service"":""4978aa94-666c-47c7-8024-3ada55195a51"",""deployment"":""4f671b19-856f-4f29-8e22-bcb2c07f3849"",""replica"":""bfc33194-db6e-41f2-b558-4502f04e4238""}",2026-03-29T01:46:35.709720297Z
  Attempt 20/30: Checking http://localhost:3000/api/wa/health...,info,"{""level"":""info""}","{""project"":""ce3616d9-58ad-4ec7-a294-1821e1564434"",""environment"":""fb6513d0-42a4-4660-82b5-509c54b15f2a"",""service"":""4978aa94-666c-47c7-8024-3ada55195a51"",""deployment"":""4f671b19-856f-4f29-8e22-bcb2c07f3849"",""replica"":""bfc33194-db6e-41f2-b558-4502f04e4238""}",2026-03-29T01:46:37.093371151Z
"  ⏳ Next.js not ready yet, waiting 2s...",info,"{""level"":""info""}","{""project"":""ce3616d9-58ad-4ec7-a294-1821e1564434"",""environment"":""fb6513d0-42a4-4660-82b5-509c54b15f2a"",""service"":""4978aa94-666c-47c7-8024-3ada55195a51"",""deployment"":""4f671b19-856f-4f29-8e22-bcb2c07f3849"",""replica"":""bfc33194-db6e-41f2-b558-4502f04e4238""}",2026-03-29T01:46:37.093378754Z
  errno: 0,error,"{""level"":""error""}","{""project"":""ce3616d9-58ad-4ec7-a294-1821e1564434"",""environment"":""fb6513d0-42a4-4660-82b5-509c54b15f2a"",""service"":""4978aa94-666c-47c7-8024-3ada55195a51"",""deployment"":""4f671b19-856f-4f29-8e22-bcb2c07f3849"",""replica"":""bfc33194-db6e-41f2-b558-4502f04e4238""}",2026-03-29T01:46:37.764620016Z
},error,"{""level"":""error""}","{""project"":""ce3616d9-58ad-4ec7-a294-1821e1564434"",""environment"":""fb6513d0-42a4-4660-82b5-509c54b15f2a"",""service"":""4978aa94-666c-47c7-8024-3ada55195a51"",""deployment"":""4f671b19-856f-4f29-8e22-bcb2c07f3849"",""replica"":""bfc33194-db6e-41f2-b558-4502f04e4238""}",2026-03-29T01:46:37.764628788Z
[WA API] GET error: [Error: Unable to connect. Is the computer able to access the url?] {,error,"{""level"":""error""}","{""project"":""ce3616d9-58ad-4ec7-a294-1821e1564434"",""environment"":""fb6513d0-42a4-4660-82b5-509c54b15f2a"",""service"":""4978aa94-666c-47c7-8024-3ada55195a51"",""deployment"":""4f671b19-856f-4f29-8e22-bcb2c07f3849"",""replica"":""bfc33194-db6e-41f2-b558-4502f04e4238""}",2026-03-29T01:46:37.764659479Z
"  code: 'ConnectionRefused',",error,"{""level"":""error""}","{""project"":""ce3616d9-58ad-4ec7-a294-1821e1564434"",""environment"":""fb6513d0-42a4-4660-82b5-509c54b15f2a"",""service"":""4978aa94-666c-47c7-8024-3ada55195a51"",""deployment"":""4f671b19-856f-4f29-8e22-bcb2c07f3849"",""replica"":""bfc33194-db6e-41f2-b558-4502f04e4238""}",2026-03-29T01:46:37.764664327Z
"  path: 'http://localhost:3030/logs?',",error,"{""level"":""error""}","{""project"":""ce3616d9-58ad-4ec7-a294-1821e1564434"",""environment"":""fb6513d0-42a4-4660-82b5-509c54b15f2a"",""service"":""4978aa94-666c-47c7-8024-3ada55195a51"",""deployment"":""4f671b19-856f-4f29-8e22-bcb2c07f3849"",""replica"":""bfc33194-db6e-41f2-b558-4502f04e4238""}",2026-03-29T01:46:37.764668270Z
  errno: 0,error,"{""level"":""error""}","{""project"":""ce3616d9-58ad-4ec7-a294-1821e1564434"",""environment"":""fb6513d0-42a4-4660-82b5-509c54b15f2a"",""service"":""4978aa94-666c-47c7-8024-3ada55195a51"",""deployment"":""4f671b19-856f-4f29-8e22-bcb2c07f3849"",""replica"":""bfc33194-db6e-41f2-b558-4502f04e4238""}",2026-03-29T01:46:37.764675254Z
},error,"{""level"":""error""}","{""project"":""ce3616d9-58ad-4ec7-a294-1821e1564434"",""environment"":""fb6513d0-42a4-4660-82b5-509c54b15f2a"",""service"":""4978aa94-666c-47c7-8024-3ada55195a51"",""deployment"":""4f671b19-856f-4f29-8e22-bcb2c07f3849"",""replica"":""bfc33194-db6e-41f2-b558-4502f04e4238""}",2026-03-29T01:46:37.764679589Z
[WA API] GET error: [Error: Unable to connect. Is the computer able to access the url?] {,error,"{""level"":""error""}","{""project"":""ce3616d9-58ad-4ec7-a294-1821e1564434"",""environment"":""fb6513d0-42a4-4660-82b5-509c54b15f2a"",""service"":""4978aa94-666c-47c7-8024-3ada55195a51"",""deployment"":""4f671b19-856f-4f29-8e22-bcb2c07f3849"",""replica"":""bfc33194-db6e-41f2-b558-4502f04e4238""}",2026-03-29T01:46:37.764686200Z
"  code: 'ConnectionRefused',",error,"{""level"":""error""}","{""project"":""ce3616d9-58ad-4ec7-a294-1821e1564434"",""environment"":""fb6513d0-42a4-4660-82b5-509c54b15f2a"",""service"":""4978aa94-666c-47c7-8024-3ada55195a51"",""deployment"":""4f671b19-856f-4f29-8e22-bcb2c07f3849"",""replica"":""bfc33194-db6e-41f2-b558-4502f04e4238""}",2026-03-29T01:46:37.764690699Z
"  path: 'http://localhost:3030/chat-pairs?',",error,"{""level"":""error""}","{""project"":""ce3616d9-58ad-4ec7-a294-1821e1564434"",""environment"":""fb6513d0-42a4-4660-82b5-509c54b15f2a"",""service"":""4978aa94-666c-47c7-8024-3ada55195a51"",""deployment"":""4f671b19-856f-4f29-8e22-bcb2c07f3849"",""replica"":""bfc33194-db6e-41f2-b558-4502f04e4238""}",2026-03-29T01:46:37.764694609Z
  errno: 0,error,"{""level"":""error""}","{""project"":""ce3616d9-58ad-4ec7-a294-1821e1564434"",""environment"":""fb6513d0-42a4-4660-82b5-509c54b15f2a"",""service"":""4978aa94-666c-47c7-8024-3ada55195a51"",""deployment"":""4f671b19-856f-4f29-8e22-bcb2c07f3849"",""replica"":""bfc33194-db6e-41f2-b558-4502f04e4238""}",2026-03-29T01:46:37.764699010Z
},error,"{""level"":""error""}","{""project"":""ce3616d9-58ad-4ec7-a294-1821e1564434"",""environment"":""fb6513d0-42a4-4660-82b5-509c54b15f2a"",""service"":""4978aa94-666c-47c7-8024-3ada55195a51"",""deployment"":""4f671b19-856f-4f29-8e22-bcb2c07f3849"",""replica"":""bfc33194-db6e-41f2-b558-4502f04e4238""}",2026-03-29T01:46:37.764703900Z
[WA API] GET error: [Error: Unable to connect. Is the computer able to access the url?] {,error,"{""level"":""error""}","{""project"":""ce3616d9-58ad-4ec7-a294-1821e1564434"",""environment"":""fb6513d0-42a4-4660-82b5-509c54b15f2a"",""service"":""4978aa94-666c-47c7-8024-3ada55195a51"",""deployment"":""4f671b19-856f-4f29-8e22-bcb2c07f3849"",""replica"":""bfc33194-db6e-41f2-b558-4502f04e4238""}",2026-03-29T01:46:37.764708295Z
"  code: 'ConnectionRefused',",error,"{""level"":""error""}","{""project"":""ce3616d9-58ad-4ec7-a294-1821e1564434"",""environment"":""fb6513d0-42a4-4660-82b5-509c54b15f2a"",""service"":""4978aa94-666c-47c7-8024-3ada55195a51"",""deployment"":""4f671b19-856f-4f29-8e22-bcb2c07f3849"",""replica"":""bfc33194-db6e-41f2-b558-4502f04e4238""}",2026-03-29T01:46:37.764712674Z
"  path: 'http://localhost:3030/accounts?',",error,"{""level"":""error""}","{""project"":""ce3616d9-58ad-4ec7-a294-1821e1564434"",""environment"":""fb6513d0-42a4-4660-82b5-509c54b15f2a"",""service"":""4978aa94-666c-47c7-8024-3ada55195a51"",""deployment"":""4f671b19-856f-4f29-8e22-bcb2c07f3849"",""replica"":""bfc33194-db6e-41f2-b558-4502f04e4238""}",2026-03-29T01:46:37.764718496Z
  Attempt 21/30: Checking http://localhost:3000/api/wa/health...,info,"{""level"":""info""}","{""project"":""ce3616d9-58ad-4ec7-a294-1821e1564434"",""environment"":""fb6513d0-42a4-4660-82b5-509c54b15f2a"",""service"":""4978aa94-666c-47c7-8024-3ada55195a51"",""deployment"":""4f671b19-856f-4f29-8e22-bcb2c07f3849"",""replica"":""bfc33194-db6e-41f2-b558-4502f04e4238""}",2026-03-29T01:46:39.096437252Z
"  ⏳ Next.js not ready yet, waiting 2s...",info,"{""level"":""info""}","{""project"":""ce3616d9-58ad-4ec7-a294-1821e1564434"",""environment"":""fb6513d0-42a4-4660-82b5-509c54b15f2a"",""service"":""4978aa94-666c-47c7-8024-3ada55195a51"",""deployment"":""4f671b19-856f-4f29-8e22-bcb2c07f3849"",""replica"":""bfc33194-db6e-41f2-b558-4502f04e4238""}",2026-03-29T01:46:39.096443911Z
  Attempt 22/30: Checking http://localhost:3000/api/wa/health...,info,"{""level"":""info""}","{""project"":""ce3616d9-58ad-4ec7-a294-1821e1564434"",""environment"":""fb6513d0-42a4-4660-82b5-509c54b15f2a"",""service"":""4978aa94-666c-47c7-8024-3ada55195a51"",""deployment"":""4f671b19-856f-4f29-8e22-bcb2c07f3849"",""replica"":""bfc33194-db6e-41f2-b558-4502f04e4238""}",2026-03-29T01:46:41.098036937Z
"  ⏳ Next.js not ready yet, waiting 2s...",info,"{""level"":""info""}","{""project"":""ce3616d9-58ad-4ec7-a294-1821e1564434"",""environment"":""fb6513d0-42a4-4660-82b5-509c54b15f2a"",""service"":""4978aa94-666c-47c7-8024-3ada55195a51"",""deployment"":""4f671b19-856f-4f29-8e22-bcb2c07f3849"",""replica"":""bfc33194-db6e-41f2-b558-4502f04e4238""}",2026-03-29T01:46:41.098046332Z
  Attempt 23/30: Checking http://localhost:3000/api/wa/health...,info,"{""level"":""info""}","{""project"":""ce3616d9-58ad-4ec7-a294-1821e1564434"",""environment"":""fb6513d0-42a4-4660-82b5-509c54b15f2a"",""service"":""4978aa94-666c-47c7-8024-3ada55195a51"",""deployment"":""4f671b19-856f-4f29-8e22-bcb2c07f3849"",""replica"":""bfc33194-db6e-41f2-b558-4502f04e4238""}",2026-03-29T01:46:43.100342440Z
"  ⏳ Next.js not ready yet, waiting 2s...",info,"{""level"":""info""}","{""project"":""ce3616d9-58ad-4ec7-a294-1821e1564434"",""environment"":""fb6513d0-42a4-4660-82b5-509c54b15f2a"",""service"":""4978aa94-666c-47c7-8024-3ada55195a51"",""deployment"":""4f671b19-856f-4f29-8e22-bcb2c07f3849"",""replica"":""bfc33194-db6e-41f2-b558-4502f04e4238""}",2026-03-29T01:46:43.100352679Z
  Attempt 24/30: Checking http://localhost:3000/api/wa/health...,info,"{""level"":""info""}","{""project"":""ce3616d9-58ad-4ec7-a294-1821e1564434"",""environment"":""fb6513d0-42a4-4660-82b5-509c54b15f2a"",""service"":""4978aa94-666c-47c7-8024-3ada55195a51"",""deployment"":""4f671b19-856f-4f29-8e22-bcb2c07f3849"",""replica"":""bfc33194-db6e-41f2-b558-4502f04e4238""}",2026-03-29T01:46:45.099561271Z
"  ⏳ Next.js not ready yet, waiting 2s...",info,"{""level"":""info""}","{""project"":""ce3616d9-58ad-4ec7-a294-1821e1564434"",""environment"":""fb6513d0-42a4-4660-82b5-509c54b15f2a"",""service"":""4978aa94-666c-47c7-8024-3ada55195a51"",""deployment"":""4f671b19-856f-4f29-8e22-bcb2c07f3849"",""replica"":""bfc33194-db6e-41f2-b558-4502f04e4238""}",2026-03-29T01:46:45.099574757Z
  Attempt 25/30: Checking http://localhost:3000/api/wa/health...,info,"{""level"":""info""}","{""project"":""ce3616d9-58ad-4ec7-a294-1821e1564434"",""environment"":""fb6513d0-42a4-4660-82b5-509c54b15f2a"",""service"":""4978aa94-666c-47c7-8024-3ada55195a51"",""deployment"":""4f671b19-856f-4f29-8e22-bcb2c07f3849"",""replica"":""bfc33194-db6e-41f2-b558-4502f04e4238""}",2026-03-29T01:46:47.101204485Z
"  ⏳ Next.js not ready yet, waiting 2s...",info,"{""level"":""info""}","{""project"":""ce3616d9-58ad-4ec7-a294-1821e1564434"",""environment"":""fb6513d0-42a4-4660-82b5-509c54b15f2a"",""service"":""4978aa94-666c-47c7-8024-3ada55195a51"",""deployment"":""4f671b19-856f-4f29-8e22-bcb2c07f3849"",""replica"":""bfc33194-db6e-41f2-b558-4502f04e4238""}",2026-03-29T01:46:47.101210561Z
  Attempt 26/30: Checking http://localhost:3000/api/wa/health...,info,"{""level"":""info""}","{""project"":""ce3616d9-58ad-4ec7-a294-1821e1564434"",""environment"":""fb6513d0-42a4-4660-82b5-509c54b15f2a"",""service"":""4978aa94-666c-47c7-8024-3ada55195a51"",""deployment"":""4f671b19-856f-4f29-8e22-bcb2c07f3849"",""replica"":""bfc33194-db6e-41f2-b558-4502f04e4238""}",2026-03-29T01:46:49.105345727Z
"  ⏳ Next.js not ready yet, waiting 2s...",info,"{""level"":""info""}","{""project"":""ce3616d9-58ad-4ec7-a294-1821e1564434"",""environment"":""fb6513d0-42a4-4660-82b5-509c54b15f2a"",""service"":""4978aa94-666c-47c7-8024-3ada55195a51"",""deployment"":""4f671b19-856f-4f29-8e22-bcb2c07f3849"",""replica"":""bfc33194-db6e-41f2-b558-4502f04e4238""}",2026-03-29T01:46:49.105351731Z
  Attempt 27/30: Checking http://localhost:3000/api/wa/health...,info,"{""level"":""info""}","{""project"":""ce3616d9-58ad-4ec7-a294-1821e1564434"",""environment"":""fb6513d0-42a4-4660-82b5-509c54b15f2a"",""service"":""4978aa94-666c-47c7-8024-3ada55195a51"",""deployment"":""4f671b19-856f-4f29-8e22-bcb2c07f3849"",""replica"":""bfc33194-db6e-41f2-b558-4502f04e4238""}",2026-03-29T01:46:51.108399132Z
"  ⏳ Next.js not ready yet, waiting 2s...",info,"{""level"":""info""}","{""project"":""ce3616d9-58ad-4ec7-a294-1821e1564434"",""environment"":""fb6513d0-42a4-4660-82b5-509c54b15f2a"",""service"":""4978aa94-666c-47c7-8024-3ada55195a51"",""deployment"":""4f671b19-856f-4f29-8e22-bcb2c07f3849"",""replica"":""bfc33194-db6e-41f2-b558-4502f04e4238""}",2026-03-29T01:46:51.108405738Z
  Attempt 28/30: Checking http://localhost:3000/api/wa/health...,info,"{""level"":""info""}","{""project"":""ce3616d9-58ad-4ec7-a294-1821e1564434"",""environment"":""fb6513d0-42a4-4660-82b5-509c54b15f2a"",""service"":""4978aa94-666c-47c7-8024-3ada55195a51"",""deployment"":""4f671b19-856f-4f29-8e22-bcb2c07f3849"",""replica"":""bfc33194-db6e-41f2-b558-4502f04e4238""}",2026-03-29T01:46:53.111922628Z
"  ⏳ Next.js not ready yet, waiting 2s...",info,"{""level"":""info""}","{""project"":""ce3616d9-58ad-4ec7-a294-1821e1564434"",""environment"":""fb6513d0-42a4-4660-82b5-509c54b15f2a"",""service"":""4978aa94-666c-47c7-8024-3ada55195a51"",""deployment"":""4f671b19-856f-4f29-8e22-bcb2c07f3849"",""replica"":""bfc33194-db6e-41f2-b558-4502f04e4238""}",2026-03-29T01:46:53.111930180Z
  Attempt 29/30: Checking http://localhost:3000/api/wa/health...,info,"{""level"":""info""}","{""project"":""ce3616d9-58ad-4ec7-a294-1821e1564434"",""environment"":""fb6513d0-42a4-4660-82b5-509c54b15f2a"",""service"":""4978aa94-666c-47c7-8024-3ada55195a51"",""deployment"":""4f671b19-856f-4f29-8e22-bcb2c07f3849"",""replica"":""bfc33194-db6e-41f2-b558-4502f04e4238""}",2026-03-29T01:46:55.273529862Z
"  ⏳ Next.js not ready yet, waiting 2s...",info,"{""level"":""info""}","{""project"":""ce3616d9-58ad-4ec7-a294-1821e1564434"",""environment"":""fb6513d0-42a4-4660-82b5-509c54b15f2a"",""service"":""4978aa94-666c-47c7-8024-3ada55195a51"",""deployment"":""4f671b19-856f-4f29-8e22-bcb2c07f3849"",""replica"":""bfc33194-db6e-41f2-b558-4502f04e4238""}",2026-03-29T01:46:55.273534182Z
  Attempt 30/30: Checking http://localhost:3000/api/wa/health...,info,"{""level"":""info""}","{""project"":""ce3616d9-58ad-4ec7-a294-1821e1564434"",""environment"":""fb6513d0-42a4-4660-82b5-509c54b15f2a"",""service"":""4978aa94-666c-47c7-8024-3ada55195a51"",""deployment"":""4f671b19-856f-4f29-8e22-bcb2c07f3849"",""replica"":""bfc33194-db6e-41f2-b558-4502f04e4238""}",2026-03-29T01:46:57.496612209Z
"  ⏳ Next.js not ready yet, waiting 2s...",info,"{""level"":""info""}","{""project"":""ce3616d9-58ad-4ec7-a294-1821e1564434"",""environment"":""fb6513d0-42a4-4660-82b5-509c54b15f2a"",""service"":""4978aa94-666c-47c7-8024-3ada55195a51"",""deployment"":""4f671b19-856f-4f29-8e22-bcb2c07f3849"",""replica"":""bfc33194-db6e-41f2-b558-4502f04e4238""}",2026-03-29T01:46:57.496617117Z
"  ⚠️ Next.js health check failed after 30 attempts, continuing anyway...",info,"{""level"":""info""}","{""project"":""ce3616d9-58ad-4ec7-a294-1821e1564434"",""environment"":""fb6513d0-42a4-4660-82b5-509c54b15f2a"",""service"":""4978aa94-666c-47c7-8024-3ada55195a51"",""deployment"":""4f671b19-856f-4f29-8e22-bcb2c07f3849"",""replica"":""bfc33194-db6e-41f2-b558-4502f04e4238""}",2026-03-29T01:46:59.564446501Z
==========================================,info,"{""level"":""info""}","{""project"":""ce3616d9-58ad-4ec7-a294-1821e1564434"",""environment"":""fb6513d0-42a4-4660-82b5-509c54b15f2a"",""service"":""4978aa94-666c-47c7-8024-3ada55195a51"",""deployment"":""4f671b19-856f-4f29-8e22-bcb2c07f3849"",""replica"":""bfc33194-db6e-41f2-b558-4502f04e4238""}",2026-03-29T01:47:00.993790326Z
Starting WhatsApp Warmer Service,info,"{""level"":""info""}","{""project"":""ce3616d9-58ad-4ec7-a294-1821e1564434"",""environment"":""fb6513d0-42a4-4660-82b5-509c54b15f2a"",""service"":""4978aa94-666c-47c7-8024-3ada55195a51"",""deployment"":""4f671b19-856f-4f29-8e22-bcb2c07f3849"",""replica"":""bfc33194-db6e-41f2-b558-4502f04e4238""}",2026-03-29T01:47:00.993796718Z
==========================================,info,"{""level"":""info""}","{""project"":""ce3616d9-58ad-4ec7-a294-1821e1564434"",""environment"":""fb6513d0-42a4-4660-82b5-509c54b15f2a"",""service"":""4978aa94-666c-47c7-8024-3ada55195a51"",""deployment"":""4f671b19-856f-4f29-8e22-bcb2c07f3849"",""replica"":""bfc33194-db6e-41f2-b558-4502f04e4238""}",2026-03-29T01:47:00.993804276Z
Running Prisma migrations...,info,"{""level"":""info""}","{""project"":""ce3616d9-58ad-4ec7-a294-1821e1564434"",""environment"":""fb6513d0-42a4-4660-82b5-509c54b15f2a"",""service"":""4978aa94-666c-47c7-8024-3ada55195a51"",""deployment"":""4f671b19-856f-4f29-8e22-bcb2c07f3849"",""replica"":""bfc33194-db6e-41f2-b558-4502f04e4238""}",2026-03-29T01:47:00.993811929Z
Prisma schema loaded from prisma/schema.prisma,info,"{""level"":""info""}","{""project"":""ce3616d9-58ad-4ec7-a294-1821e1564434"",""environment"":""fb6513d0-42a4-4660-82b5-509c54b15f2a"",""service"":""4978aa94-666c-47c7-8024-3ada55195a51"",""deployment"":""4f671b19-856f-4f29-8e22-bcb2c07f3849"",""replica"":""bfc33194-db6e-41f2-b558-4502f04e4238""}",2026-03-29T01:47:02.662043139Z
"Datasource ""db"": SQLite database ""whatsapp.db"" at ""file:/app/data/whatsapp.db""",info,"{""level"":""info""}","{""project"":""ce3616d9-58ad-4ec7-a294-1821e1564434"",""environment"":""fb6513d0-42a4-4660-82b5-509c54b15f2a"",""service"":""4978aa94-666c-47c7-8024-3ada55195a51"",""deployment"":""4f671b19-856f-4f29-8e22-bcb2c07f3849"",""replica"":""bfc33194-db6e-41f2-b558-4502f04e4238""}",2026-03-29T01:47:02.662049872Z
,info,"{""level"":""info""}","{""project"":""ce3616d9-58ad-4ec7-a294-1821e1564434"",""environment"":""fb6513d0-42a4-4660-82b5-509c54b15f2a"",""service"":""4978aa94-666c-47c7-8024-3ada55195a51"",""deployment"":""4f671b19-856f-4f29-8e22-bcb2c07f3849"",""replica"":""bfc33194-db6e-41f2-b558-4502f04e4238""}",2026-03-29T01:47:02.662055831Z
The database is already in sync with the Prisma schema.,info,"{""level"":""info""}","{""project"":""ce3616d9-58ad-4ec7-a294-1821e1564434"",""environment"":""fb6513d0-42a4-4660-82b5-509c54b15f2a"",""service"":""4978aa94-666c-47c7-8024-3ada55195a51"",""deployment"":""4f671b19-856f-4f29-8e22-bcb2c07f3849"",""replica"":""bfc33194-db6e-41f2-b558-4502f04e4238""}",2026-03-29T01:47:02.662061220Z
,info,"{""level"":""info""}","{""project"":""ce3616d9-58ad-4ec7-a294-1821e1564434"",""environment"":""fb6513d0-42a4-4660-82b5-509c54b15f2a"",""service"":""4978aa94-666c-47c7-8024-3ada55195a51"",""deployment"":""4f671b19-856f-4f29-8e22-bcb2c07f3849"",""replica"":""bfc33194-db6e-41f2-b558-4502f04e4238""}",2026-03-29T01:47:02.662066826Z
Setting up Prisma symlinks...,info,"{""level"":""info""}","{""project"":""ce3616d9-58ad-4ec7-a294-1821e1564434"",""environment"":""fb6513d0-42a4-4660-82b5-509c54b15f2a"",""service"":""4978aa94-666c-47c7-8024-3ada55195a51"",""deployment"":""4f671b19-856f-4f29-8e22-bcb2c07f3849"",""replica"":""bfc33194-db6e-41f2-b558-4502f04e4238""}",2026-03-29T01:47:02.662074746Z
Starting Next.js server...,info,"{""level"":""info""}","{""project"":""ce3616d9-58ad-4ec7-a294-1821e1564434"",""environment"":""fb6513d0-42a4-4660-82b5-509c54b15f2a"",""service"":""4978aa94-666c-47c7-8024-3ada55195a51"",""deployment"":""4f671b19-856f-4f29-8e22-bcb2c07f3849"",""replica"":""bfc33194-db6e-41f2-b558-4502f04e4238""}",2026-03-29T01:47:02.662080913Z
Waiting for Next.js to be ready...,info,"{""level"":""info""}","{""project"":""ce3616d9-58ad-4ec7-a294-1821e1564434"",""environment"":""fb6513d0-42a4-4660-82b5-509c54b15f2a"",""service"":""4978aa94-666c-47c7-8024-3ada55195a51"",""deployment"":""4f671b19-856f-4f29-8e22-bcb2c07f3849"",""replica"":""bfc33194-db6e-41f2-b558-4502f04e4238""}",2026-03-29T01:47:02.662087308Z
  Attempt 1/30: Checking http://localhost:3000/api/wa/health...,info,"{""level"":""info""}","{""project"":""ce3616d9-58ad-4ec7-a294-1821e1564434"",""environment"":""fb6513d0-42a4-4660-82b5-509c54b15f2a"",""service"":""4978aa94-666c-47c7-8024-3ada55195a51"",""deployment"":""4f671b19-856f-4f29-8e22-bcb2c07f3849"",""replica"":""bfc33194-db6e-41f2-b558-4502f04e4238""}",2026-03-29T01:47:02.662092911Z
"  ⏳ Next.js not ready yet, waiting 2s...",info,"{""level"":""info""}","{""project"":""ce3616d9-58ad-4ec7-a294-1821e1564434"",""environment"":""fb6513d0-42a4-4660-82b5-509c54b15f2a"",""service"":""4978aa94-666c-47c7-8024-3ada55195a51"",""deployment"":""4f671b19-856f-4f29-8e22-bcb2c07f3849"",""replica"":""bfc33194-db6e-41f2-b558-4502f04e4238""}",2026-03-29T01:47:02.662098545Z
▲ Next.js 16.1.6,info,"{""level"":""info""}","{""project"":""ce3616d9-58ad-4ec7-a294-1821e1564434"",""environment"":""fb6513d0-42a4-4660-82b5-509c54b15f2a"",""service"":""4978aa94-666c-47c7-8024-3ada55195a51"",""deployment"":""4f671b19-856f-4f29-8e22-bcb2c07f3849"",""replica"":""bfc33194-db6e-41f2-b558-4502f04e4238""}",2026-03-29T01:47:02.662104129Z
- Local:         http://localhost:3000,info,"{""level"":""info""}","{""project"":""ce3616d9-58ad-4ec7-a294-1821e1564434"",""environment"":""fb6513d0-42a4-4660-82b5-509c54b15f2a"",""service"":""4978aa94-666c-47c7-8024-3ada55195a51"",""deployment"":""4f671b19-856f-4f29-8e22-bcb2c07f3849"",""replica"":""bfc33194-db6e-41f2-b558-4502f04e4238""}",2026-03-29T01:47:02.662110315Z
- Network:       http://0.0.0.0:3000,info,"{""level"":""info""}","{""project"":""ce3616d9-58ad-4ec7-a294-1821e1564434"",""environment"":""fb6513d0-42a4-4660-82b5-509c54b15f2a"",""service"":""4978aa94-666c-47c7-8024-3ada55195a51"",""deployment"":""4f671b19-856f-4f29-8e22-bcb2c07f3849"",""replica"":""bfc33194-db6e-41f2-b558-4502f04e4238""}",2026-03-29T01:47:02.662119473Z
,info,"{""level"":""info""}","{""project"":""ce3616d9-58ad-4ec7-a294-1821e1564434"",""environment"":""fb6513d0-42a4-4660-82b5-509c54b15f2a"",""service"":""4978aa94-666c-47c7-8024-3ada55195a51"",""deployment"":""4f671b19-856f-4f29-8e22-bcb2c07f3849"",""replica"":""bfc33194-db6e-41f2-b558-4502f04e4238""}",2026-03-29T01:47:02.662125323Z
✓ Starting...,info,"{""level"":""info""}","{""project"":""ce3616d9-58ad-4ec7-a294-1821e1564434"",""environment"":""fb6513d0-42a4-4660-82b5-509c54b15f2a"",""service"":""4978aa94-666c-47c7-8024-3ada55195a51"",""deployment"":""4f671b19-856f-4f29-8e22-bcb2c07f3849"",""replica"":""bfc33194-db6e-41f2-b558-4502f04e4238""}",2026-03-29T01:47:02.662131961Z
✓ Ready in 137ms,info,"{""level"":""info""}","{""project"":""ce3616d9-58ad-4ec7-a294-1821e1564434"",""environment"":""fb6513d0-42a4-4660-82b5-509c54b15f2a"",""service"":""4978aa94-666c-47c7-8024-3ada55195a51"",""deployment"":""4f671b19-856f-4f29-8e22-bcb2c07f3849"",""replica"":""bfc33194-db6e-41f2-b558-4502f04e4238""}",2026-03-29T01:47:02.710097837Z
  Attempt 2/30: Checking http://localhost:3000/api/wa/health...,info,"{""level"":""info""}","{""project"":""ce3616d9-58ad-4ec7-a294-1821e1564434"",""environment"":""fb6513d0-42a4-4660-82b5-509c54b15f2a"",""service"":""4978aa94-666c-47c7-8024-3ada55195a51"",""deployment"":""4f671b19-856f-4f29-8e22-bcb2c07f3849"",""replica"":""bfc33194-db6e-41f2-b558-4502f04e4238""}",2026-03-29T01:47:04.850241657Z
"  ⏳ Next.js not ready yet, waiting 2s...",info,"{""level"":""info""}","{""project"":""ce3616d9-58ad-4ec7-a294-1821e1564434"",""environment"":""fb6513d0-42a4-4660-82b5-509c54b15f2a"",""service"":""4978aa94-666c-47c7-8024-3ada55195a51"",""deployment"":""4f671b19-856f-4f29-8e22-bcb2c07f3849"",""replica"":""bfc33194-db6e-41f2-b558-4502f04e4238""}",2026-03-29T01:47:04.850255148Z
  Attempt 3/30: Checking http://localhost:3000/api/wa/health...,info,"{""level"":""info""}","{""project"":""ce3616d9-58ad-4ec7-a294-1821e1564434"",""environment"":""fb6513d0-42a4-4660-82b5-509c54b15f2a"",""service"":""4978aa94-666c-47c7-8024-3ada55195a51"",""deployment"":""4f671b19-856f-4f29-8e22-bcb2c07f3849"",""replica"":""bfc33194-db6e-41f2-b558-4502f04e4238""}",2026-03-29T01:47:06.704528112Z
"  ⏳ Next.js not ready yet, waiting 2s...",info,"{""level"":""info""}","{""project"":""ce3616d9-58ad-4ec7-a294-1821e1564434"",""environment"":""fb6513d0-42a4-4660-82b5-509c54b15f2a"",""service"":""4978aa94-666c-47c7-8024-3ada55195a51"",""deployment"":""4f671b19-856f-4f29-8e22-bcb2c07f3849"",""replica"":""bfc33194-db6e-41f2-b558-4502f04e4238""}",2026-03-29T01:47:06.704534545Z
  Attempt 4/30: Checking http://localhost:3000/api/wa/health...,info,"{""level"":""info""}","{""project"":""ce3616d9-58ad-4ec7-a294-1821e1564434"",""environment"":""fb6513d0-42a4-4660-82b5-509c54b15f2a"",""service"":""4978aa94-666c-47c7-8024-3ada55195a51"",""deployment"":""4f671b19-856f-4f29-8e22-bcb2c07f3849"",""replica"":""bfc33194-db6e-41f2-b558-4502f04e4238""}",2026-03-29T01:47:08.620578518Z
"  ⏳ Next.js not ready yet, waiting 2s...",info,"{""level"":""info""}","{""project"":""ce3616d9-58ad-4ec7-a294-1821e1564434"",""environment"":""fb6513d0-42a4-4660-82b5-509c54b15f2a"",""service"":""4978aa94-666c-47c7-8024-3ada55195a51"",""deployment"":""4f671b19-856f-4f29-8e22-bcb2c07f3849"",""replica"":""bfc33194-db6e-41f2-b558-4502f04e4238""}",2026-03-29T01:47:08.620582917Z
  Attempt 5/30: Checking http://localhost:3000/api/wa/health...,info,"{""level"":""info""}","{""project"":""ce3616d9-58ad-4ec7-a294-1821e1564434"",""environment"":""fb6513d0-42a4-4660-82b5-509c54b15f2a"",""service"":""4978aa94-666c-47c7-8024-3ada55195a51"",""deployment"":""4f671b19-856f-4f29-8e22-bcb2c07f3849"",""replica"":""bfc33194-db6e-41f2-b558-4502f04e4238""}",2026-03-29T01:47:10.769833375Z
"  ⏳ Next.js not ready yet, waiting 2s...",info,"{""level"":""info""}","{""project"":""ce3616d9-58ad-4ec7-a294-1821e1564434"",""environment"":""fb6513d0-42a4-4660-82b5-509c54b15f2a"",""service"":""4978aa94-666c-47c7-8024-3ada55195a51"",""deployment"":""4f671b19-856f-4f29-8e22-bcb2c07f3849"",""replica"":""bfc33194-db6e-41f2-b558-4502f04e4238""}",2026-03-29T01:47:10.769838638Z
  Attempt 6/30: Checking http://localhost:3000/api/wa/health...,info,"{""level"":""info""}","{""project"":""ce3616d9-58ad-4ec7-a294-1821e1564434"",""environment"":""fb6513d0-42a4-4660-82b5-509c54b15f2a"",""service"":""4978aa94-666c-47c7-8024-3ada55195a51"",""deployment"":""4f671b19-856f-4f29-8e22-bcb2c07f3849"",""replica"":""bfc33194-db6e-41f2-b558-4502f04e4238""}",2026-03-29T01:47:12.845263124Z
"  ⏳ Next.js not ready yet, waiting 2s...",info,"{""level"":""info""}","{""project"":""ce3616d9-58ad-4ec7-a294-1821e1564434"",""environment"":""fb6513d0-42a4-4660-82b5-509c54b15f2a"",""service"":""4978aa94-666c-47c7-8024-3ada55195a51"",""deployment"":""4f671b19-856f-4f29-8e22-bcb2c07f3849"",""replica"":""bfc33194-db6e-41f2-b558-4502f04e4238""}",2026-03-29T01:47:12.845271915Z
  Attempt 7/30: Checking http://localhost:3000/api/wa/health...,info,"{""level"":""info""}","{""project"":""ce3616d9-58ad-4ec7-a294-1821e1564434"",""environment"":""fb6513d0-42a4-4660-82b5-509c54b15f2a"",""service"":""4978aa94-666c-47c7-8024-3ada55195a51"",""deployment"":""4f671b19-856f-4f29-8e22-bcb2c07f3849"",""replica"":""bfc33194-db6e-41f2-b558-4502f04e4238""}",2026-03-29T01:47:14.735449022Z
"  ⏳ Next.js not ready yet, waiting 2s...",info,"{""level"":""info""}","{""project"":""ce3616d9-58ad-4ec7-a294-1821e1564434"",""environment"":""fb6513d0-42a4-4660-82b5-509c54b15f2a"",""service"":""4978aa94-666c-47c7-8024-3ada55195a51"",""deployment"":""4f671b19-856f-4f29-8e22-bcb2c07f3849"",""replica"":""bfc33194-db6e-41f2-b558-4502f04e4238""}",2026-03-29T01:47:14.735456844Z
  Attempt 8/30: Checking http://localhost:3000/api/wa/health...,info,"{""level"":""info""}","{""project"":""ce3616d9-58ad-4ec7-a294-1821e1564434"",""environment"":""fb6513d0-42a4-4660-82b5-509c54b15f2a"",""service"":""4978aa94-666c-47c7-8024-3ada55195a51"",""deployment"":""4f671b19-856f-4f29-8e22-bcb2c07f3849"",""replica"":""bfc33194-db6e-41f2-b558-4502f04e4238""}",2026-03-29T01:47:16.484014864Z
"  ⏳ Next.js not ready yet, waiting 2s...",info,"{""level"":""info""}","{""project"":""ce3616d9-58ad-4ec7-a294-1821e1564434"",""environment"":""fb6513d0-42a4-4660-82b5-509c54b15f2a"",""service"":""4978aa94-666c-47c7-8024-3ada55195a51"",""deployment"":""4f671b19-856f-4f29-8e22-bcb2c07f3849"",""replica"":""bfc33194-db6e-41f2-b558-4502f04e4238""}",2026-03-29T01:47:16.484021050Z
"  ⏳ Next.js not ready yet, waiting 2s...",info,"{""level"":""info""}","{""project"":""ce3616d9-58ad-4ec7-a294-1821e1564434"",""environment"":""fb6513d0-42a4-4660-82b5-509c54b15f2a"",""service"":""4978aa94-666c-47c7-8024-3ada55195a51"",""deployment"":""4f671b19-856f-4f29-8e22-bcb2c07f3849"",""replica"":""bfc33194-db6e-41f2-b558-4502f04e4238""}",2026-03-29T01:47:18.251292324Z
  Attempt 9/30: Checking http://localhost:3000/api/wa/health...,info,"{""level"":""info""}","{""project"":""ce3616d9-58ad-4ec7-a294-1821e1564434"",""environment"":""fb6513d0-42a4-4660-82b5-509c54b15f2a"",""service"":""4978aa94-666c-47c7-8024-3ada55195a51"",""deployment"":""4f671b19-856f-4f29-8e22-bcb2c07f3849"",""replica"":""bfc33194-db6e-41f2-b558-4502f04e4238""}",2026-03-29T01:47:18.251392187Z
"  ⏳ Next.js not ready yet, waiting 2s...",info,"{""level"":""info""}","{""project"":""ce3616d9-58ad-4ec7-a294-1821e1564434"",""environment"":""fb6513d0-42a4-4660-82b5-509c54b15f2a"",""service"":""4978aa94-666c-47c7-8024-3ada55195a51"",""deployment"":""4f671b19-856f-4f29-8e22-bcb2c07f3849"",""replica"":""bfc33194-db6e-41f2-b558-4502f04e4238""}",2026-03-29T01:47:20.441365562Z
  Attempt 10/30: Checking http://localhost:3000/api/wa/health...,info,"{""level"":""info""}","{""project"":""ce3616d9-58ad-4ec7-a294-1821e1564434"",""environment"":""fb6513d0-42a4-4660-82b5-509c54b15f2a"",""service"":""4978aa94-666c-47c7-8024-3ada55195a51"",""deployment"":""4f671b19-856f-4f29-8e22-bcb2c07f3849"",""replica"":""bfc33194-db6e-41f2-b558-4502f04e4238""}",2026-03-29T01:47:20.441375851Z
[WA API] GET error: [Error: Unable to connect. Is the computer able to access the url?] {,error,"{""level"":""error""}","{""project"":""ce3616d9-58ad-4ec7-a294-1821e1564434"",""environment"":""fb6513d0-42a4-4660-82b5-509c54b15f2a"",""service"":""4978aa94-666c-47c7-8024-3ada55195a51"",""deployment"":""4f671b19-856f-4f29-8e22-bcb2c07f3849"",""replica"":""bfc33194-db6e-41f2-b558-4502f04e4238""}",2026-03-29T01:47:21.468196892Z
"  code: 'ConnectionRefused',",error,"{""level"":""error""}","{""project"":""ce3616d9-58ad-4ec7-a294-1821e1564434"",""environment"":""fb6513d0-42a4-4660-82b5-509c54b15f2a"",""service"":""4978aa94-666c-47c7-8024-3ada55195a51"",""deployment"":""4f671b19-856f-4f29-8e22-bcb2c07f3849"",""replica"":""bfc33194-db6e-41f2-b558-4502f04e4238""}",2026-03-29T01:47:21.468203575Z
"  path: 'http://localhost:3030/accounts?',",error,"{""level"":""error""}","{""project"":""ce3616d9-58ad-4ec7-a294-1821e1564434"",""environment"":""fb6513d0-42a4-4660-82b5-509c54b15f2a"",""service"":""4978aa94-666c-47c7-8024-3ada55195a51"",""deployment"":""4f671b19-856f-4f29-8e22-bcb2c07f3849"",""replica"":""bfc33194-db6e-41f2-b558-4502f04e4238""}",2026-03-29T01:47:21.468212027Z
  errno: 0,error,"{""level"":""error""}","{""project"":""ce3616d9-58ad-4ec7-a294-1821e1564434"",""environment"":""fb6513d0-42a4-4660-82b5-509c54b15f2a"",""service"":""4978aa94-666c-47c7-8024-3ada55195a51"",""deployment"":""4f671b19-856f-4f29-8e22-bcb2c07f3849"",""replica"":""bfc33194-db6e-41f2-b558-4502f04e4238""}",2026-03-29T01:47:21.468219521Z
},error,"{""level"":""error""}","{""project"":""ce3616d9-58ad-4ec7-a294-1821e1564434"",""environment"":""fb6513d0-42a4-4660-82b5-509c54b15f2a"",""service"":""4978aa94-666c-47c7-8024-3ada55195a51"",""deployment"":""4f671b19-856f-4f29-8e22-bcb2c07f3849"",""replica"":""bfc33194-db6e-41f2-b558-4502f04e4238""}",2026-03-29T01:47:21.468226263Z
[Socket.io Proxy] GET error: Unable to connect. Is the computer able to access the url?,error,"{""level"":""error""}","{""project"":""ce3616d9-58ad-4ec7-a294-1821e1564434"",""environment"":""fb6513d0-42a4-4660-82b5-509c54b15f2a"",""service"":""4978aa94-666c-47c7-8024-3ada55195a51"",""deployment"":""4f671b19-856f-4f29-8e22-bcb2c07f3849"",""replica"":""bfc33194-db6e-41f2-b558-4502f04e4238""}",2026-03-29T01:47:21.468232599Z
[WA API] GET error: [Error: Unable to connect. Is the computer able to access the url?] {,error,"{""level"":""error""}","{""project"":""ce3616d9-58ad-4ec7-a294-1821e1564434"",""environment"":""fb6513d0-42a4-4660-82b5-509c54b15f2a"",""service"":""4978aa94-666c-47c7-8024-3ada55195a51"",""deployment"":""4f671b19-856f-4f29-8e22-bcb2c07f3849"",""replica"":""bfc33194-db6e-41f2-b558-4502f04e4238""}",2026-03-29T01:47:21.468249638Z
"  code: 'ConnectionRefused',",error,"{""level"":""error""}","{""project"":""ce3616d9-58ad-4ec7-a294-1821e1564434"",""environment"":""fb6513d0-42a4-4660-82b5-509c54b15f2a"",""service"":""4978aa94-666c-47c7-8024-3ada55195a51"",""deployment"":""4f671b19-856f-4f29-8e22-bcb2c07f3849"",""replica"":""bfc33194-db6e-41f2-b558-4502f04e4238""}",2026-03-29T01:47:21.468258377Z
"  path: 'http://localhost:3030/logs?',",error,"{""level"":""error""}","{""project"":""ce3616d9-58ad-4ec7-a294-1821e1564434"",""environment"":""fb6513d0-42a4-4660-82b5-509c54b15f2a"",""service"":""4978aa94-666c-47c7-8024-3ada55195a51"",""deployment"":""4f671b19-856f-4f29-8e22-bcb2c07f3849"",""replica"":""bfc33194-db6e-41f2-b558-4502f04e4238""}",2026-03-29T01:47:21.468265727Z
  errno: 0,error,"{""level"":""error""}","{""project"":""ce3616d9-58ad-4ec7-a294-1821e1564434"",""environment"":""fb6513d0-42a4-4660-82b5-509c54b15f2a"",""service"":""4978aa94-666c-47c7-8024-3ada55195a51"",""deployment"":""4f671b19-856f-4f29-8e22-bcb2c07f3849"",""replica"":""bfc33194-db6e-41f2-b558-4502f04e4238""}",2026-03-29T01:47:21.468272860Z
},error,"{""level"":""error""}","{""project"":""ce3616d9-58ad-4ec7-a294-1821e1564434"",""environment"":""fb6513d0-42a4-4660-82b5-509c54b15f2a"",""service"":""4978aa94-666c-47c7-8024-3ada55195a51"",""deployment"":""4f671b19-856f-4f29-8e22-bcb2c07f3849"",""replica"":""bfc33194-db6e-41f2-b558-4502f04e4238""}",2026-03-29T01:47:21.468274032Z
[WA API] GET error: [Error: Unable to connect. Is the computer able to access the url?] {,error,"{""level"":""error""}","{""project"":""ce3616d9-58ad-4ec7-a294-1821e1564434"",""environment"":""fb6513d0-42a4-4660-82b5-509c54b15f2a"",""service"":""4978aa94-666c-47c7-8024-3ada55195a51"",""deployment"":""4f671b19-856f-4f29-8e22-bcb2c07f3849"",""replica"":""bfc33194-db6e-41f2-b558-4502f04e4238""}",2026-03-29T01:47:21.468286656Z
"  code: 'ConnectionRefused',",error,"{""level"":""error""}","{""project"":""ce3616d9-58ad-4ec7-a294-1821e1564434"",""environment"":""fb6513d0-42a4-4660-82b5-509c54b15f2a"",""service"":""4978aa94-666c-47c7-8024-3ada55195a51"",""deployment"":""4f671b19-856f-4f29-8e22-bcb2c07f3849"",""replica"":""bfc33194-db6e-41f2-b558-4502f04e4238""}",2026-03-29T01:47:21.468294656Z
"  path: 'http://localhost:3030/chat-pairs?',",error,"{""level"":""error""}","{""project"":""ce3616d9-58ad-4ec7-a294-1821e1564434"",""environment"":""fb6513d0-42a4-4660-82b5-509c54b15f2a"",""service"":""4978aa94-666c-47c7-8024-3ada55195a51"",""deployment"":""4f671b19-856f-4f29-8e22-bcb2c07f3849"",""replica"":""bfc33194-db6e-41f2-b558-4502f04e4238""}",2026-03-29T01:47:21.468300765Z
  errno: 0,error,"{""level"":""error""}","{""project"":""ce3616d9-58ad-4ec7-a294-1821e1564434"",""environment"":""fb6513d0-42a4-4660-82b5-509c54b15f2a"",""service"":""4978aa94-666c-47c7-8024-3ada55195a51"",""deployment"":""4f671b19-856f-4f29-8e22-bcb2c07f3849"",""replica"":""bfc33194-db6e-41f2-b558-4502f04e4238""}",2026-03-29T01:47:21.468306873Z
},error,"{""level"":""error""}","{""project"":""ce3616d9-58ad-4ec7-a294-1821e1564434"",""environment"":""fb6513d0-42a4-4660-82b5-509c54b15f2a"",""service"":""4978aa94-666c-47c7-8024-3ada55195a51"",""deployment"":""4f671b19-856f-4f29-8e22-bcb2c07f3849"",""replica"":""bfc33194-db6e-41f2-b558-4502f04e4238""}",2026-03-29T01:47:21.468312872Z
  Attempt 11/30: Checking http://localhost:3000/api/wa/health...,info,"{""level"":""info""}","{""project"":""ce3616d9-58ad-4ec7-a294-1821e1564434"",""environment"":""fb6513d0-42a4-4660-82b5-509c54b15f2a"",""service"":""4978aa94-666c-47c7-8024-3ada55195a51"",""deployment"":""4f671b19-856f-4f29-8e22-bcb2c07f3849"",""replica"":""bfc33194-db6e-41f2-b558-4502f04e4238""}",2026-03-29T01:47:22.328006745Z
"  ⏳ Next.js not ready yet, waiting 2s...",info,"{""level"":""info""}","{""project"":""ce3616d9-58ad-4ec7-a294-1821e1564434"",""environment"":""fb6513d0-42a4-4660-82b5-509c54b15f2a"",""service"":""4978aa94-666c-47c7-8024-3ada55195a51"",""deployment"":""4f671b19-856f-4f29-8e22-bcb2c07f3849"",""replica"":""bfc33194-db6e-41f2-b558-4502f04e4238""}",2026-03-29T01:47:22.328011864Z
  Attempt 12/30: Checking http://localhost:3000/api/wa/health...,info,"{""level"":""info""}","{""project"":""ce3616d9-58ad-4ec7-a294-1821e1564434"",""environment"":""fb6513d0-42a4-4660-82b5-509c54b15f2a"",""service"":""4978aa94-666c-47c7-8024-3ada55195a51"",""deployment"":""4f671b19-856f-4f29-8e22-bcb2c07f3849"",""replica"":""bfc33194-db6e-41f2-b558-4502f04e4238""}",2026-03-29T01:47:24.346975335Z
"  ⏳ Next.js not ready yet, waiting 2s...",info,"{""level"":""info""}","{""project"":""ce3616d9-58ad-4ec7-a294-1821e1564434"",""environment"":""fb6513d0-42a4-4660-82b5-509c54b15f2a"",""service"":""4978aa94-666c-47c7-8024-3ada55195a51"",""deployment"":""4f671b19-856f-4f29-8e22-bcb2c07f3849"",""replica"":""bfc33194-db6e-41f2-b558-4502f04e4238""}",2026-03-29T01:47:24.346981948Z
  Attempt 13/30: Checking http://localhost:3000/api/wa/health...,info,"{""level"":""info""}","{""project"":""ce3616d9-58ad-4ec7-a294-1821e1564434"",""environment"":""fb6513d0-42a4-4660-82b5-509c54b15f2a"",""service"":""4978aa94-666c-47c7-8024-3ada55195a51"",""deployment"":""4f671b19-856f-4f29-8e22-bcb2c07f3849"",""replica"":""bfc33194-db6e-41f2-b558-4502f04e4238""}",2026-03-29T01:47:26.409533226Z
"  ⏳ Next.js not ready yet, waiting 2s...",info,"{""level"":""info""}","{""project"":""ce3616d9-58ad-4ec7-a294-1821e1564434"",""environment"":""fb6513d0-42a4-4660-82b5-509c54b15f2a"",""service"":""4978aa94-666c-47c7-8024-3ada55195a51"",""deployment"":""4f671b19-856f-4f29-8e22-bcb2c07f3849"",""replica"":""bfc33194-db6e-41f2-b558-4502f04e4238""}",2026-03-29T01:47:26.409537829Z
  Attempt 14/30: Checking http://localhost:3000/api/wa/health...,info,"{""level"":""info""}","{""project"":""ce3616d9-58ad-4ec7-a294-1821e1564434"",""environment"":""fb6513d0-42a4-4660-82b5-509c54b15f2a"",""service"":""4978aa94-666c-47c7-8024-3ada55195a51"",""deployment"":""4f671b19-856f-4f29-8e22-bcb2c07f3849"",""replica"":""bfc33194-db6e-41f2-b558-4502f04e4238""}",2026-03-29T01:47:28.404225062Z
"  ⏳ Next.js not ready yet, waiting 2s...",info,"{""level"":""info""}","{""project"":""ce3616d9-58ad-4ec7-a294-1821e1564434"",""environment"":""fb6513d0-42a4-4660-82b5-509c54b15f2a"",""service"":""4978aa94-666c-47c7-8024-3ada55195a51"",""deployment"":""4f671b19-856f-4f29-8e22-bcb2c07f3849"",""replica"":""bfc33194-db6e-41f2-b558-4502f04e4238""}",2026-03-29T01:47:28.404231819Z
  Attempt 15/30: Checking http://localhost:3000/api/wa/health...,info,"{""level"":""info""}","{""project"":""ce3616d9-58ad-4ec7-a294-1821e1564434"",""environment"":""fb6513d0-42a4-4660-82b5-509c54b15f2a"",""service"":""4978aa94-666c-47c7-8024-3ada55195a51"",""deployment"":""4f671b19-856f-4f29-8e22-bcb2c07f3849"",""replica"":""bfc33194-db6e-41f2-b558-4502f04e4238""}",2026-03-29T01:47:30.551262808Z
"  ⏳ Next.js not ready yet, waiting 2s...",info,"{""level"":""info""}","{""project"":""ce3616d9-58ad-4ec7-a294-1821e1564434"",""environment"":""fb6513d0-42a4-4660-82b5-509c54b15f2a"",""service"":""4978aa94-666c-47c7-8024-3ada55195a51"",""deployment"":""4f671b19-856f-4f29-8e22-bcb2c07f3849"",""replica"":""bfc33194-db6e-41f2-b558-4502f04e4238""}",2026-03-29T01:47:30.551270166Z
  Attempt 16/30: Checking http://localhost:3000/api/wa/health...,info,"{""level"":""info""}","{""project"":""ce3616d9-58ad-4ec7-a294-1821e1564434"",""environment"":""fb6513d0-42a4-4660-82b5-509c54b15f2a"",""service"":""4978aa94-666c-47c7-8024-3ada55195a51"",""deployment"":""4f671b19-856f-4f29-8e22-bcb2c07f3849"",""replica"":""bfc33194-db6e-41f2-b558-4502f04e4238""}",2026-03-29T01:47:32.295645734Z
"  ⏳ Next.js not ready yet, waiting 2s...",info,"{""level"":""info""}","{""project"":""ce3616d9-58ad-4ec7-a294-1821e1564434"",""environment"":""fb6513d0-42a4-4660-82b5-509c54b15f2a"",""service"":""4978aa94-666c-47c7-8024-3ada55195a51"",""deployment"":""4f671b19-856f-4f29-8e22-bcb2c07f3849"",""replica"":""bfc33194-db6e-41f2-b558-4502f04e4238""}",2026-03-29T01:47:32.295655614Z
  Attempt 17/30: Checking http://localhost:3000/api/wa/health...,info,"{""level"":""info""}","{""project"":""ce3616d9-58ad-4ec7-a294-1821e1564434"",""environment"":""fb6513d0-42a4-4660-82b5-509c54b15f2a"",""service"":""4978aa94-666c-47c7-8024-3ada55195a51"",""deployment"":""4f671b19-856f-4f29-8e22-bcb2c07f3849"",""replica"":""bfc33194-db6e-41f2-b558-4502f04e4238""}",2026-03-29T01:47:34.504656598Z
"  ⏳ Next.js not ready yet, waiting 2s...",info,"{""level"":""info""}","{""project"":""ce3616d9-58ad-4ec7-a294-1821e1564434"",""environment"":""fb6513d0-42a4-4660-82b5-509c54b15f2a"",""service"":""4978aa94-666c-47c7-8024-3ada55195a51"",""deployment"":""4f671b19-856f-4f29-8e22-bcb2c07f3849"",""replica"":""bfc33194-db6e-41f2-b558-4502f04e4238""}",2026-03-29T01:47:34.504663105Z
  Attempt 18/30: Checking http://localhost:3000/api/wa/health...,info,"{""level"":""info""}","{""project"":""ce3616d9-58ad-4ec7-a294-1821e1564434"",""environment"":""fb6513d0-42a4-4660-82b5-509c54b15f2a"",""service"":""4978aa94-666c-47c7-8024-3ada55195a51"",""deployment"":""4f671b19-856f-4f29-8e22-bcb2c07f3849"",""replica"":""bfc33194-db6e-41f2-b558-4502f04e4238""}",2026-03-29T01:47:36.577015861Z
"  ⏳ Next.js not ready yet, waiting 2s...",info,"{""level"":""info""}","{""project"":""ce3616d9-58ad-4ec7-a294-1821e1564434"",""environment"":""fb6513d0-42a4-4660-82b5-509c54b15f2a"",""service"":""4978aa94-666c-47c7-8024-3ada55195a51"",""deployment"":""4f671b19-856f-4f29-8e22-bcb2c07f3849"",""replica"":""bfc33194-db6e-41f2-b558-4502f04e4238""}",2026-03-29T01:47:36.577023265Z
[WA API] GET error: [Error: Unable to connect. Is the computer able to access the url?] {,error,"{""level"":""error""}","{""project"":""ce3616d9-58ad-4ec7-a294-1821e1564434"",""environment"":""fb6513d0-42a4-4660-82b5-509c54b15f2a"",""service"":""4978aa94-666c-47c7-8024-3ada55195a51"",""deployment"":""4f671b19-856f-4f29-8e22-bcb2c07f3849"",""replica"":""bfc33194-db6e-41f2-b558-4502f04e4238""}",2026-03-29T01:47:37.696290474Z
"  code: 'ConnectionRefused',",error,"{""level"":""error""}","{""project"":""ce3616d9-58ad-4ec7-a294-1821e1564434"",""environment"":""fb6513d0-42a4-4660-82b5-509c54b15f2a"",""service"":""4978aa94-666c-47c7-8024-3ada55195a51"",""deployment"":""4f671b19-856f-4f29-8e22-bcb2c07f3849"",""replica"":""bfc33194-db6e-41f2-b558-4502f04e4238""}",2026-03-29T01:47:37.696299094Z
"  path: 'http://localhost:3030/chat-pairs?',",error,"{""level"":""error""}","{""project"":""ce3616d9-58ad-4ec7-a294-1821e1564434"",""environment"":""fb6513d0-42a4-4660-82b5-509c54b15f2a"",""service"":""4978aa94-666c-47c7-8024-3ada55195a51"",""deployment"":""4f671b19-856f-4f29-8e22-bcb2c07f3849"",""replica"":""bfc33194-db6e-41f2-b558-4502f04e4238""}",2026-03-29T01:47:37.696303616Z
  errno: 0,error,"{""level"":""error""}","{""project"":""ce3616d9-58ad-4ec7-a294-1821e1564434"",""environment"":""fb6513d0-42a4-4660-82b5-509c54b15f2a"",""service"":""4978aa94-666c-47c7-8024-3ada55195a51"",""deployment"":""4f671b19-856f-4f29-8e22-bcb2c07f3849"",""replica"":""bfc33194-db6e-41f2-b558-4502f04e4238""}",2026-03-29T01:47:37.696308615Z
},error,"{""level"":""error""}","{""project"":""ce3616d9-58ad-4ec7-a294-1821e1564434"",""environment"":""fb6513d0-42a4-4660-82b5-509c54b15f2a"",""service"":""4978aa94-666c-47c7-8024-3ada55195a51"",""deployment"":""4f671b19-856f-4f29-8e22-bcb2c07f3849"",""replica"":""bfc33194-db6e-41f2-b558-4502f04e4238""}",2026-03-29T01:47:37.696313536Z
[WA API] GET error: [Error: Unable to connect. Is the computer able to access the url?] {,error,"{""level"":""error""}","{""project"":""ce3616d9-58ad-4ec7-a294-1821e1564434"",""environment"":""fb6513d0-42a4-4660-82b5-509c54b15f2a"",""service"":""4978aa94-666c-47c7-8024-3ada55195a51"",""deployment"":""4f671b19-856f-4f29-8e22-bcb2c07f3849"",""replica"":""bfc33194-db6e-41f2-b558-4502f04e4238""}",2026-03-29T01:47:37.697908325Z
"  code: 'ConnectionRefused',",error,"{""level"":""error""}","{""project"":""ce3616d9-58ad-4ec7-a294-1821e1564434"",""environment"":""fb6513d0-42a4-4660-82b5-509c54b15f2a"",""service"":""4978aa94-666c-47c7-8024-3ada55195a51"",""deployment"":""4f671b19-856f-4f29-8e22-bcb2c07f3849"",""replica"":""bfc33194-db6e-41f2-b558-4502f04e4238""}",2026-03-29T01:47:37.697916212Z
"  path: 'http://localhost:3030/accounts?',",error,"{""level"":""error""}","{""project"":""ce3616d9-58ad-4ec7-a294-1821e1564434"",""environment"":""fb6513d0-42a4-4660-82b5-509c54b15f2a"",""service"":""4978aa94-666c-47c7-8024-3ada55195a51"",""deployment"":""4f671b19-856f-4f29-8e22-bcb2c07f3849"",""replica"":""bfc33194-db6e-41f2-b558-4502f04e4238""}",2026-03-29T01:47:37.697922309Z
  errno: 0,error,"{""level"":""error""}","{""project"":""ce3616d9-58ad-4ec7-a294-1821e1564434"",""environment"":""fb6513d0-42a4-4660-82b5-509c54b15f2a"",""service"":""4978aa94-666c-47c7-8024-3ada55195a51"",""deployment"":""4f671b19-856f-4f29-8e22-bcb2c07f3849"",""replica"":""bfc33194-db6e-41f2-b558-4502f04e4238""}",2026-03-29T01:47:37.697928003Z
},error,"{""level"":""error""}","{""project"":""ce3616d9-58ad-4ec7-a294-1821e1564434"",""environment"":""fb6513d0-42a4-4660-82b5-509c54b15f2a"",""service"":""4978aa94-666c-47c7-8024-3ada55195a51"",""deployment"":""4f671b19-856f-4f29-8e22-bcb2c07f3849"",""replica"":""bfc33194-db6e-41f2-b558-4502f04e4238""}",2026-03-29T01:47:37.697933922Z
[WA API] GET error: [Error: Unable to connect. Is the computer able to access the url?] {,error,"{""level"":""error""}","{""project"":""ce3616d9-58ad-4ec7-a294-1821e1564434"",""environment"":""fb6513d0-42a4-4660-82b5-509c54b15f2a"",""service"":""4978aa94-666c-47c7-8024-3ada55195a51"",""deployment"":""4f671b19-856f-4f29-8e22-bcb2c07f3849"",""replica"":""bfc33194-db6e-41f2-b558-4502f04e4238""}",2026-03-29T01:47:37.702192479Z
"  code: 'ConnectionRefused',",error,"{""level"":""error""}","{""project"":""ce3616d9-58ad-4ec7-a294-1821e1564434"",""environment"":""fb6513d0-42a4-4660-82b5-509c54b15f2a"",""service"":""4978aa94-666c-47c7-8024-3ada55195a51"",""deployment"":""4f671b19-856f-4f29-8e22-bcb2c07f3849"",""replica"":""bfc33194-db6e-41f2-b558-4502f04e4238""}",2026-03-29T01:47:37.702203700Z
"  path: 'http://localhost:3030/logs?',",error,"{""level"":""error""}","{""project"":""ce3616d9-58ad-4ec7-a294-1821e1564434"",""environment"":""fb6513d0-42a4-4660-82b5-509c54b15f2a"",""service"":""4978aa94-666c-47c7-8024-3ada55195a51"",""deployment"":""4f671b19-856f-4f29-8e22-bcb2c07f3849"",""replica"":""bfc33194-db6e-41f2-b558-4502f04e4238""}",2026-03-29T01:47:37.702211229Z
  errno: 0,error,"{""level"":""error""}","{""project"":""ce3616d9-58ad-4ec7-a294-1821e1564434"",""environment"":""fb6513d0-42a4-4660-82b5-509c54b15f2a"",""service"":""4978aa94-666c-47c7-8024-3ada55195a51"",""deployment"":""4f671b19-856f-4f29-8e22-bcb2c07f3849"",""replica"":""bfc33194-db6e-41f2-b558-4502f04e4238""}",2026-03-29T01:47:37.702217961Z
},error,"{""level"":""error""}","{""project"":""ce3616d9-58ad-4ec7-a294-1821e1564434"",""environment"":""fb6513d0-42a4-4660-82b5-509c54b15f2a"",""service"":""4978aa94-666c-47c7-8024-3ada55195a51"",""deployment"":""4f671b19-856f-4f29-8e22-bcb2c07f3849"",""replica"":""bfc33194-db6e-41f2-b558-4502f04e4238""}",2026-03-29T01:47:37.702223897Z
[Socket.io Proxy] GET error: Unable to connect. Is the computer able to access the url?,error,"{""level"":""error""}","{""project"":""ce3616d9-58ad-4ec7-a294-1821e1564434"",""environment"":""fb6513d0-42a4-4660-82b5-509c54b15f2a"",""service"":""4978aa94-666c-47c7-8024-3ada55195a51"",""deployment"":""4f671b19-856f-4f29-8e22-bcb2c07f3849"",""replica"":""bfc33194-db6e-41f2-b558-4502f04e4238""}",2026-03-29T01:47:38.321775409Z
  Attempt 19/30: Checking http://localhost:3000/api/wa/health...,info,"{""level"":""info""}","{""project"":""ce3616d9-58ad-4ec7-a294-1821e1564434"",""environment"":""fb6513d0-42a4-4660-82b5-509c54b15f2a"",""service"":""4978aa94-666c-47c7-8024-3ada55195a51"",""deployment"":""4f671b19-856f-4f29-8e22-bcb2c07f3849"",""replica"":""bfc33194-db6e-41f2-b558-4502f04e4238""}",2026-03-29T01:47:38.321781566Z
"  ⏳ Next.js not ready yet, waiting 2s...",info,"{""level"":""info""}","{""project"":""ce3616d9-58ad-4ec7-a294-1821e1564434"",""environment"":""fb6513d0-42a4-4660-82b5-509c54b15f2a"",""service"":""4978aa94-666c-47c7-8024-3ada55195a51"",""deployment"":""4f671b19-856f-4f29-8e22-bcb2c07f3849"",""replica"":""bfc33194-db6e-41f2-b558-4502f04e4238""}",2026-03-29T01:47:38.321787520Z
  Attempt 20/30: Checking http://localhost:3000/api/wa/health...,info,"{""level"":""info""}","{""project"":""ce3616d9-58ad-4ec7-a294-1821e1564434"",""environment"":""fb6513d0-42a4-4660-82b5-509c54b15f2a"",""service"":""4978aa94-666c-47c7-8024-3ada55195a51"",""deployment"":""4f671b19-856f-4f29-8e22-bcb2c07f3849"",""replica"":""bfc33194-db6e-41f2-b558-4502f04e4238""}",2026-03-29T01:47:40.542654695Z
"  ⏳ Next.js not ready yet, waiting 2s...",info,"{""level"":""info""}","{""project"":""ce3616d9-58ad-4ec7-a294-1821e1564434"",""environment"":""fb6513d0-42a4-4660-82b5-509c54b15f2a"",""service"":""4978aa94-666c-47c7-8024-3ada55195a51"",""deployment"":""4f671b19-856f-4f29-8e22-bcb2c07f3849"",""replica"":""bfc33194-db6e-41f2-b558-4502f04e4238""}",2026-03-29T01:47:40.542664661Z
  Attempt 21/30: Checking http://localhost:3000/api/wa/health...,info,"{""level"":""info""}","{""project"":""ce3616d9-58ad-4ec7-a294-1821e1564434"",""environment"":""fb6513d0-42a4-4660-82b5-509c54b15f2a"",""service"":""4978aa94-666c-47c7-8024-3ada55195a51"",""deployment"":""4f671b19-856f-4f29-8e22-bcb2c07f3849"",""replica"":""bfc33194-db6e-41f2-b558-4502f04e4238""}",2026-03-29T01:47:42.424849912Z
"  ⏳ Next.js not ready yet, waiting 2s...",info,"{""level"":""info""}","{""project"":""ce3616d9-58ad-4ec7-a294-1821e1564434"",""environment"":""fb6513d0-42a4-4660-82b5-509c54b15f2a"",""service"":""4978aa94-666c-47c7-8024-3ada55195a51"",""deployment"":""4f671b19-856f-4f29-8e22-bcb2c07f3849"",""replica"":""bfc33194-db6e-41f2-b558-4502f04e4238""}",2026-03-29T01:47:42.424856544Z
  Attempt 22/30: Checking http://localhost:3000/api/wa/health...,info,"{""level"":""info""}","{""project"":""ce3616d9-58ad-4ec7-a294-1821e1564434"",""environment"":""fb6513d0-42a4-4660-82b5-509c54b15f2a"",""service"":""4978aa94-666c-47c7-8024-3ada55195a51"",""deployment"":""4f671b19-856f-4f29-8e22-bcb2c07f3849"",""replica"":""bfc33194-db6e-41f2-b558-4502f04e4238""}",2026-03-29T01:47:44.453885789Z
"  ⏳ Next.js not ready yet, waiting 2s...",info,"{""level"":""info""}","{""project"":""ce3616d9-58ad-4ec7-a294-1821e1564434"",""environment"":""fb6513d0-42a4-4660-82b5-509c54b15f2a"",""service"":""4978aa94-666c-47c7-8024-3ada55195a51"",""deployment"":""4f671b19-856f-4f29-8e22-bcb2c07f3849"",""replica"":""bfc33194-db6e-41f2-b558-4502f04e4238""}",2026-03-29T01:47:44.453890493Z
  Attempt 23/30: Checking http://localhost:3000/api/wa/health...,info,"{""level"":""info""}","{""project"":""ce3616d9-58ad-4ec7-a294-1821e1564434"",""environment"":""fb6513d0-42a4-4660-82b5-509c54b15f2a"",""service"":""4978aa94-666c-47c7-8024-3ada55195a51"",""deployment"":""4f671b19-856f-4f29-8e22-bcb2c07f3849"",""replica"":""bfc33194-db6e-41f2-b558-4502f04e4238""}",2026-03-29T01:47:46.410100022Z
"  ⏳ Next.js not ready yet, waiting 2s...",info,"{""level"":""info""}","{""project"":""ce3616d9-58ad-4ec7-a294-1821e1564434"",""environment"":""fb6513d0-42a4-4660-82b5-509c54b15f2a"",""service"":""4978aa94-666c-47c7-8024-3ada55195a51"",""deployment"":""4f671b19-856f-4f29-8e22-bcb2c07f3849"",""replica"":""bfc33194-db6e-41f2-b558-4502f04e4238""}",2026-03-29T01:47:46.410107385Z
  Attempt 24/30: Checking http://localhost:3000/api/wa/health...,info,"{""level"":""info""}","{""project"":""ce3616d9-58ad-4ec7-a294-1821e1564434"",""environment"":""fb6513d0-42a4-4660-82b5-509c54b15f2a"",""service"":""4978aa94-666c-47c7-8024-3ada55195a51"",""deployment"":""4f671b19-856f-4f29-8e22-bcb2c07f3849"",""replica"":""bfc33194-db6e-41f2-b558-4502f04e4238""}",2026-03-29T01:47:48.437581604Z
"  ⏳ Next.js not ready yet, waiting 2s...",info,"{""level"":""info""}","{""project"":""ce3616d9-58ad-4ec7-a294-1821e1564434"",""environment"":""fb6513d0-42a4-4660-82b5-509c54b15f2a"",""service"":""4978aa94-666c-47c7-8024-3ada55195a51"",""deployment"":""4f671b19-856f-4f29-8e22-bcb2c07f3849"",""replica"":""bfc33194-db6e-41f2-b558-4502f04e4238""}",2026-03-29T01:47:48.437586089Z
"  ⏳ Next.js not ready yet, waiting 2s...",info,"{""level"":""info""}","{""project"":""ce3616d9-58ad-4ec7-a294-1821e1564434"",""environment"":""fb6513d0-42a4-4660-82b5-509c54b15f2a"",""service"":""4978aa94-666c-47c7-8024-3ada55195a51"",""deployment"":""4f671b19-856f-4f29-8e22-bcb2c07f3849"",""replica"":""bfc33194-db6e-41f2-b558-4502f04e4238""}",2026-03-29T01:47:50.371648873Z
  Attempt 25/30: Checking http://localhost:3000/api/wa/health...,info,"{""level"":""info""}","{""project"":""ce3616d9-58ad-4ec7-a294-1821e1564434"",""environment"":""fb6513d0-42a4-4660-82b5-509c54b15f2a"",""service"":""4978aa94-666c-47c7-8024-3ada55195a51"",""deployment"":""4f671b19-856f-4f29-8e22-bcb2c07f3849"",""replica"":""bfc33194-db6e-41f2-b558-4502f04e4238""}",2026-03-29T01:47:50.371939280Z
  Attempt 26/30: Checking http://localhost:3000/api/wa/health...,info,"{""level"":""info""}","{""project"":""ce3616d9-58ad-4ec7-a294-1821e1564434"",""environment"":""fb6513d0-42a4-4660-82b5-509c54b15f2a"",""service"":""4978aa94-666c-47c7-8024-3ada55195a51"",""deployment"":""4f671b19-856f-4f29-8e22-bcb2c07f3849"",""replica"":""bfc33194-db6e-41f2-b558-4502f04e4238""}",2026-03-29T01:47:52.516284825Z
"  ⏳ Next.js not ready yet, waiting 2s...",info,"{""level"":""info""}","{""project"":""ce3616d9-58ad-4ec7-a294-1821e1564434"",""environment"":""fb6513d0-42a4-4660-82b5-509c54b15f2a"",""service"":""4978aa94-666c-47c7-8024-3ada55195a51"",""deployment"":""4f671b19-856f-4f29-8e22-bcb2c07f3849"",""replica"":""bfc33194-db6e-41f2-b558-4502f04e4238""}",2026-03-29T01:47:52.516291540Z
  Attempt 27/30: Checking http://localhost:3000/api/wa/health...,info,"{""level"":""info""}","{""project"":""ce3616d9-58ad-4ec7-a294-1821e1564434"",""environment"":""fb6513d0-42a4-4660-82b5-509c54b15f2a"",""service"":""4978aa94-666c-47c7-8024-3ada55195a51"",""deployment"":""4f671b19-856f-4f29-8e22-bcb2c07f3849"",""replica"":""bfc33194-db6e-41f2-b558-4502f04e4238""}",2026-03-29T01:47:54.456196867Z
"  ⏳ Next.js not ready yet, waiting 2s...",info,"{""level"":""info""}","{""project"":""ce3616d9-58ad-4ec7-a294-1821e1564434"",""environment"":""fb6513d0-42a4-4660-82b5-509c54b15f2a"",""service"":""4978aa94-666c-47c7-8024-3ada55195a51"",""deployment"":""4f671b19-856f-4f29-8e22-bcb2c07f3849"",""replica"":""bfc33194-db6e-41f2-b558-4502f04e4238""}",2026-03-29T01:47:54.456201907Z
  Attempt 28/30: Checking http://localhost:3000/api/wa/health...,info,"{""level"":""info""}","{""project"":""ce3616d9-58ad-4ec7-a294-1821e1564434"",""environment"":""fb6513d0-42a4-4660-82b5-509c54b15f2a"",""service"":""4978aa94-666c-47c7-8024-3ada55195a51"",""deployment"":""4f671b19-856f-4f29-8e22-bcb2c07f3849"",""replica"":""bfc33194-db6e-41f2-b558-4502f04e4238""}",2026-03-29T01:47:56.418902642Z
"  ⏳ Next.js not ready yet, waiting 2s...",info,"{""level"":""info""}","{""project"":""ce3616d9-58ad-4ec7-a294-1821e1564434"",""environment"":""fb6513d0-42a4-4660-82b5-509c54b15f2a"",""service"":""4978aa94-666c-47c7-8024-3ada55195a51"",""deployment"":""4f671b19-856f-4f29-8e22-bcb2c07f3849"",""replica"":""bfc33194-db6e-41f2-b558-4502f04e4238""}",2026-03-29T01:47:56.418909009Z
  Attempt 29/30: Checking http://localhost:3000/api/wa/health...,info,"{""level"":""info""}","{""project"":""ce3616d9-58ad-4ec7-a294-1821e1564434"",""environment"":""fb6513d0-42a4-4660-82b5-509c54b15f2a"",""service"":""4978aa94-666c-47c7-8024-3ada55195a51"",""deployment"":""4f671b19-856f-4f29-8e22-bcb2c07f3849"",""replica"":""bfc33194-db6e-41f2-b558-4502f04e4238""}",2026-03-29T01:47:58.737488450Z
"  ⏳ Next.js not ready yet, waiting 2s...",info,"{""level"":""info""}","{""project"":""ce3616d9-58ad-4ec7-a294-1821e1564434"",""environment"":""fb6513d0-42a4-4660-82b5-509c54b15f2a"",""service"":""4978aa94-666c-47c7-8024-3ada55195a51"",""deployment"":""4f671b19-856f-4f29-8e22-bcb2c07f3849"",""replica"":""bfc33194-db6e-41f2-b558-4502f04e4238""}",2026-03-29T01:47:58.737493817Z
  Attempt 30/30: Checking http://localhost:3000/api/wa/health...,info,"{""level"":""info""}","{""project"":""ce3616d9-58ad-4ec7-a294-1821e1564434"",""environment"":""fb6513d0-42a4-4660-82b5-509c54b15f2a"",""service"":""4978aa94-666c-47c7-8024-3ada55195a51"",""deployment"":""4f671b19-856f-4f29-8e22-bcb2c07f3849"",""replica"":""bfc33194-db6e-41f2-b558-4502f04e4238""}",2026-03-29T01:48:01.137293692Z
"  ⏳ Next.js not ready yet, waiting 2s...",info,"{""level"":""info""}","{""project"":""ce3616d9-58ad-4ec7-a294-1821e1564434"",""environment"":""fb6513d0-42a4-4660-82b5-509c54b15f2a"",""service"":""4978aa94-666c-47c7-8024-3ada55195a51"",""deployment"":""4f671b19-856f-4f29-8e22-bcb2c07f3849"",""replica"":""bfc33194-db6e-41f2-b558-4502f04e4238""}",2026-03-29T01:48:01.137301019Z
"  ⚠️ Next.js health check failed after 30 attempts, continuing anyway...",info,"{""level"":""info""}","{""project"":""ce3616d9-58ad-4ec7-a294-1821e1564434"",""environment"":""fb6513d0-42a4-4660-82b5-509c54b15f2a"",""service"":""4978aa94-666c-47c7-8024-3ada55195a51"",""deployment"":""4f671b19-856f-4f29-8e22-bcb2c07f3849"",""replica"":""bfc33194-db6e-41f2-b558-4502f04e4238""}",2026-03-29T01:48:02.940593798Z
Starting WhatsApp Warmer Service,info,"{""level"":""info""}","{""project"":""ce3616d9-58ad-4ec7-a294-1821e1564434"",""environment"":""fb6513d0-42a4-4660-82b5-509c54b15f2a"",""service"":""4978aa94-666c-47c7-8024-3ada55195a51"",""deployment"":""4f671b19-856f-4f29-8e22-bcb2c07f3849"",""replica"":""bfc33194-db6e-41f2-b558-4502f04e4238""}",2026-03-29T01:55:33.553798218Z
==========================================,info,"{""level"":""info""}","{""project"":""ce3616d9-58ad-4ec7-a294-1821e1564434"",""environment"":""fb6513d0-42a4-4660-82b5-509c54b15f2a"",""service"":""4978aa94-666c-47c7-8024-3ada55195a51"",""deployment"":""4f671b19-856f-4f29-8e22-bcb2c07f3849"",""replica"":""bfc33194-db6e-41f2-b558-4502f04e4238""}",2026-03-29T01:55:33.553807775Z
==========================================,info,"{""level"":""info""}","{""project"":""ce3616d9-58ad-4ec7-a294-1821e1564434"",""environment"":""fb6513d0-42a4-4660-82b5-509c54b15f2a"",""service"":""4978aa94-666c-47c7-8024-3ada55195a51"",""deployment"":""4f671b19-856f-4f29-8e22-bcb2c07f3849"",""replica"":""bfc33194-db6e-41f2-b558-4502f04e4238""}",2026-03-29T01:55:33.553809641Z
Running Prisma migrations...,info,"{""level"":""info""}","{""project"":""ce3616d9-58ad-4ec7-a294-1821e1564434"",""environment"":""fb6513d0-42a4-4660-82b5-509c54b15f2a"",""service"":""4978aa94-666c-47c7-8024-3ada55195a51"",""deployment"":""4f671b19-856f-4f29-8e22-bcb2c07f3849"",""replica"":""bfc33194-db6e-41f2-b558-4502f04e4238""}",2026-03-29T01:55:33.553816064Z
Prisma schema loaded from prisma/schema.prisma,info,"{""level"":""info""}","{""project"":""ce3616d9-58ad-4ec7-a294-1821e1564434"",""environment"":""fb6513d0-42a4-4660-82b5-509c54b15f2a"",""service"":""4978aa94-666c-47c7-8024-3ada55195a51"",""deployment"":""4f671b19-856f-4f29-8e22-bcb2c07f3849"",""replica"":""bfc33194-db6e-41f2-b558-4502f04e4238""}",2026-03-29T01:55:35.570298877Z
"Datasource ""db"": SQLite database ""whatsapp.db"" at ""file:/app/data/whatsapp.db""",info,"{""level"":""info""}","{""project"":""ce3616d9-58ad-4ec7-a294-1821e1564434"",""environment"":""fb6513d0-42a4-4660-82b5-509c54b15f2a"",""service"":""4978aa94-666c-47c7-8024-3ada55195a51"",""deployment"":""4f671b19-856f-4f29-8e22-bcb2c07f3849"",""replica"":""bfc33194-db6e-41f2-b558-4502f04e4238""}",2026-03-29T01:55:35.570305139Z
,info,"{""level"":""info""}","{""project"":""ce3616d9-58ad-4ec7-a294-1821e1564434"",""environment"":""fb6513d0-42a4-4660-82b5-509c54b15f2a"",""service"":""4978aa94-666c-47c7-8024-3ada55195a51"",""deployment"":""4f671b19-856f-4f29-8e22-bcb2c07f3849"",""replica"":""bfc33194-db6e-41f2-b558-4502f04e4238""}",2026-03-29T01:55:35.570314710Z
The database is already in sync with the Prisma schema.,info,"{""level"":""info""}","{""project"":""ce3616d9-58ad-4ec7-a294-1821e1564434"",""environment"":""fb6513d0-42a4-4660-82b5-509c54b15f2a"",""service"":""4978aa94-666c-47c7-8024-3ada55195a51"",""deployment"":""4f671b19-856f-4f29-8e22-bcb2c07f3849"",""replica"":""bfc33194-db6e-41f2-b558-4502f04e4238""}",2026-03-29T01:55:35.570320441Z
,info,"{""level"":""info""}","{""project"":""ce3616d9-58ad-4ec7-a294-1821e1564434"",""environment"":""fb6513d0-42a4-4660-82b5-509c54b15f2a"",""service"":""4978aa94-666c-47c7-8024-3ada55195a51"",""deployment"":""4f671b19-856f-4f29-8e22-bcb2c07f3849"",""replica"":""bfc33194-db6e-41f2-b558-4502f04e4238""}",2026-03-29T01:55:35.570326473Z
Setting up Prisma symlinks...,info,"{""level"":""info""}","{""project"":""ce3616d9-58ad-4ec7-a294-1821e1564434"",""environment"":""fb6513d0-42a4-4660-82b5-509c54b15f2a"",""service"":""4978aa94-666c-47c7-8024-3ada55195a51"",""deployment"":""4f671b19-856f-4f29-8e22-bcb2c07f3849"",""replica"":""bfc33194-db6e-41f2-b558-4502f04e4238""}",2026-03-29T01:55:35.570334023Z
Starting Next.js server...,info,"{""level"":""info""}","{""project"":""ce3616d9-58ad-4ec7-a294-1821e1564434"",""environment"":""fb6513d0-42a4-4660-82b5-509c54b15f2a"",""service"":""4978aa94-666c-47c7-8024-3ada55195a51"",""deployment"":""4f671b19-856f-4f29-8e22-bcb2c07f3849"",""replica"":""bfc33194-db6e-41f2-b558-4502f04e4238""}",2026-03-29T01:55:35.570340616Z
Waiting for Next.js to be ready...,info,"{""level"":""info""}","{""project"":""ce3616d9-58ad-4ec7-a294-1821e1564434"",""environment"":""fb6513d0-42a4-4660-82b5-509c54b15f2a"",""service"":""4978aa94-666c-47c7-8024-3ada55195a51"",""deployment"":""4f671b19-856f-4f29-8e22-bcb2c07f3849"",""replica"":""bfc33194-db6e-41f2-b558-4502f04e4238""}",2026-03-29T01:55:35.570346672Z
  Attempt 1/30: Checking http://localhost:3000/api/wa/health...,info,"{""level"":""info""}","{""project"":""ce3616d9-58ad-4ec7-a294-1821e1564434"",""environment"":""fb6513d0-42a4-4660-82b5-509c54b15f2a"",""service"":""4978aa94-666c-47c7-8024-3ada55195a51"",""deployment"":""4f671b19-856f-4f29-8e22-bcb2c07f3849"",""replica"":""bfc33194-db6e-41f2-b558-4502f04e4238""}",2026-03-29T01:55:35.570352239Z
"  ⏳ Next.js not ready yet, waiting 2s...",info,"{""level"":""info""}","{""project"":""ce3616d9-58ad-4ec7-a294-1821e1564434"",""environment"":""fb6513d0-42a4-4660-82b5-509c54b15f2a"",""service"":""4978aa94-666c-47c7-8024-3ada55195a51"",""deployment"":""4f671b19-856f-4f29-8e22-bcb2c07f3849"",""replica"":""bfc33194-db6e-41f2-b558-4502f04e4238""}",2026-03-29T01:55:35.571116133Z
▲ Next.js 16.1.6,info,"{""level"":""info""}","{""project"":""ce3616d9-58ad-4ec7-a294-1821e1564434"",""environment"":""fb6513d0-42a4-4660-82b5-509c54b15f2a"",""service"":""4978aa94-666c-47c7-8024-3ada55195a51"",""deployment"":""4f671b19-856f-4f29-8e22-bcb2c07f3849"",""replica"":""bfc33194-db6e-41f2-b558-4502f04e4238""}",2026-03-29T01:55:35.595491670Z
✓ Starting...,info,"{""level"":""info""}","{""project"":""ce3616d9-58ad-4ec7-a294-1821e1564434"",""environment"":""fb6513d0-42a4-4660-82b5-509c54b15f2a"",""service"":""4978aa94-666c-47c7-8024-3ada55195a51"",""deployment"":""4f671b19-856f-4f29-8e22-bcb2c07f3849"",""replica"":""bfc33194-db6e-41f2-b558-4502f04e4238""}",2026-03-29T01:55:35.595497363Z
- Local:         http://localhost:3000,info,"{""level"":""info""}","{""project"":""ce3616d9-58ad-4ec7-a294-1821e1564434"",""environment"":""fb6513d0-42a4-4660-82b5-509c54b15f2a"",""service"":""4978aa94-666c-47c7-8024-3ada55195a51"",""deployment"":""4f671b19-856f-4f29-8e22-bcb2c07f3849"",""replica"":""bfc33194-db6e-41f2-b558-4502f04e4238""}",2026-03-29T01:55:35.595499040Z
- Network:       http://0.0.0.0:3000,info,"{""level"":""info""}","{""project"":""ce3616d9-58ad-4ec7-a294-1821e1564434"",""environment"":""fb6513d0-42a4-4660-82b5-509c54b15f2a"",""service"":""4978aa94-666c-47c7-8024-3ada55195a51"",""deployment"":""4f671b19-856f-4f29-8e22-bcb2c07f3849"",""replica"":""bfc33194-db6e-41f2-b558-4502f04e4238""}",2026-03-29T01:55:35.595504335Z
,info,"{""level"":""info""}","{""project"":""ce3616d9-58ad-4ec7-a294-1821e1564434"",""environment"":""fb6513d0-42a4-4660-82b5-509c54b15f2a"",""service"":""4978aa94-666c-47c7-8024-3ada55195a51"",""deployment"":""4f671b19-856f-4f29-8e22-bcb2c07f3849"",""replica"":""bfc33194-db6e-41f2-b558-4502f04e4238""}",2026-03-29T01:55:35.595509142Z
✓ Ready in 151ms,info,"{""level"":""info""}","{""project"":""ce3616d9-58ad-4ec7-a294-1821e1564434"",""environment"":""fb6513d0-42a4-4660-82b5-509c54b15f2a"",""service"":""4978aa94-666c-47c7-8024-3ada55195a51"",""deployment"":""4f671b19-856f-4f29-8e22-bcb2c07f3849"",""replica"":""bfc33194-db6e-41f2-b558-4502f04e4238""}",2026-03-29T01:55:35.716667465Z
[Socket.io Proxy] GET error: Unable to connect. Is the computer able to access the url?,error,"{""level"":""error""}","{""project"":""ce3616d9-58ad-4ec7-a294-1821e1564434"",""environment"":""fb6513d0-42a4-4660-82b5-509c54b15f2a"",""service"":""4978aa94-666c-47c7-8024-3ada55195a51"",""deployment"":""4f671b19-856f-4f29-8e22-bcb2c07f3849"",""replica"":""bfc33194-db6e-41f2-b558-4502f04e4238""}",2026-03-29T01:55:36.694577947Z
  Attempt 2/30: Checking http://localhost:3000/api/wa/health...,info,"{""level"":""info""}","{""project"":""ce3616d9-58ad-4ec7-a294-1821e1564434"",""environment"":""fb6513d0-42a4-4660-82b5-509c54b15f2a"",""service"":""4978aa94-666c-47c7-8024-3ada55195a51"",""deployment"":""4f671b19-856f-4f29-8e22-bcb2c07f3849"",""replica"":""bfc33194-db6e-41f2-b558-4502f04e4238""}",2026-03-29T01:55:37.737256421Z
"  ⏳ Next.js not ready yet, waiting 2s...",info,"{""level"":""info""}","{""project"":""ce3616d9-58ad-4ec7-a294-1821e1564434"",""environment"":""fb6513d0-42a4-4660-82b5-509c54b15f2a"",""service"":""4978aa94-666c-47c7-8024-3ada55195a51"",""deployment"":""4f671b19-856f-4f29-8e22-bcb2c07f3849"",""replica"":""bfc33194-db6e-41f2-b558-4502f04e4238""}",2026-03-29T01:55:37.737263984Z
[WA API] GET error: [Error: Unable to connect. Is the computer able to access the url?] {,error,"{""level"":""error""}","{""project"":""ce3616d9-58ad-4ec7-a294-1821e1564434"",""environment"":""fb6513d0-42a4-4660-82b5-509c54b15f2a"",""service"":""4978aa94-666c-47c7-8024-3ada55195a51"",""deployment"":""4f671b19-856f-4f29-8e22-bcb2c07f3849"",""replica"":""bfc33194-db6e-41f2-b558-4502f04e4238""}",2026-03-29T01:55:37.844283921Z
"  code: 'ConnectionRefused',",error,"{""level"":""error""}","{""project"":""ce3616d9-58ad-4ec7-a294-1821e1564434"",""environment"":""fb6513d0-42a4-4660-82b5-509c54b15f2a"",""service"":""4978aa94-666c-47c7-8024-3ada55195a51"",""deployment"":""4f671b19-856f-4f29-8e22-bcb2c07f3849"",""replica"":""bfc33194-db6e-41f2-b558-4502f04e4238""}",2026-03-29T01:55:37.844291857Z
"  path: 'http://localhost:3030/logs?',",error,"{""level"":""error""}","{""project"":""ce3616d9-58ad-4ec7-a294-1821e1564434"",""environment"":""fb6513d0-42a4-4660-82b5-509c54b15f2a"",""service"":""4978aa94-666c-47c7-8024-3ada55195a51"",""deployment"":""4f671b19-856f-4f29-8e22-bcb2c07f3849"",""replica"":""bfc33194-db6e-41f2-b558-4502f04e4238""}",2026-03-29T01:55:37.844301924Z
  errno: 0,error,"{""level"":""error""}","{""project"":""ce3616d9-58ad-4ec7-a294-1821e1564434"",""environment"":""fb6513d0-42a4-4660-82b5-509c54b15f2a"",""service"":""4978aa94-666c-47c7-8024-3ada55195a51"",""deployment"":""4f671b19-856f-4f29-8e22-bcb2c07f3849"",""replica"":""bfc33194-db6e-41f2-b558-4502f04e4238""}",2026-03-29T01:55:37.844311782Z
},error,"{""level"":""error""}","{""project"":""ce3616d9-58ad-4ec7-a294-1821e1564434"",""environment"":""fb6513d0-42a4-4660-82b5-509c54b15f2a"",""service"":""4978aa94-666c-47c7-8024-3ada55195a51"",""deployment"":""4f671b19-856f-4f29-8e22-bcb2c07f3849"",""replica"":""bfc33194-db6e-41f2-b558-4502f04e4238""}",2026-03-29T01:55:37.844319134Z
[WA API] GET error: [Error: Unable to connect. Is the computer able to access the url?] {,error,"{""level"":""error""}","{""project"":""ce3616d9-58ad-4ec7-a294-1821e1564434"",""environment"":""fb6513d0-42a4-4660-82b5-509c54b15f2a"",""service"":""4978aa94-666c-47c7-8024-3ada55195a51"",""deployment"":""4f671b19-856f-4f29-8e22-bcb2c07f3849"",""replica"":""bfc33194-db6e-41f2-b558-4502f04e4238""}",2026-03-29T01:55:37.846733126Z
"  code: 'ConnectionRefused',",error,"{""level"":""error""}","{""project"":""ce3616d9-58ad-4ec7-a294-1821e1564434"",""environment"":""fb6513d0-42a4-4660-82b5-509c54b15f2a"",""service"":""4978aa94-666c-47c7-8024-3ada55195a51"",""deployment"":""4f671b19-856f-4f29-8e22-bcb2c07f3849"",""replica"":""bfc33194-db6e-41f2-b558-4502f04e4238""}",2026-03-29T01:55:37.846752660Z
"  path: 'http://localhost:3030/chat-pairs?',",error,"{""level"":""error""}","{""project"":""ce3616d9-58ad-4ec7-a294-1821e1564434"",""environment"":""fb6513d0-42a4-4660-82b5-509c54b15f2a"",""service"":""4978aa94-666c-47c7-8024-3ada55195a51"",""deployment"":""4f671b19-856f-4f29-8e22-bcb2c07f3849"",""replica"":""bfc33194-db6e-41f2-b558-4502f04e4238""}",2026-03-29T01:55:37.846759032Z
  errno: 0,error,"{""level"":""error""}","{""project"":""ce3616d9-58ad-4ec7-a294-1821e1564434"",""environment"":""fb6513d0-42a4-4660-82b5-509c54b15f2a"",""service"":""4978aa94-666c-47c7-8024-3ada55195a51"",""deployment"":""4f671b19-856f-4f29-8e22-bcb2c07f3849"",""replica"":""bfc33194-db6e-41f2-b558-4502f04e4238""}",2026-03-29T01:55:37.846764852Z
},error,"{""level"":""error""}","{""project"":""ce3616d9-58ad-4ec7-a294-1821e1564434"",""environment"":""fb6513d0-42a4-4660-82b5-509c54b15f2a"",""service"":""4978aa94-666c-47c7-8024-3ada55195a51"",""deployment"":""4f671b19-856f-4f29-8e22-bcb2c07f3849"",""replica"":""bfc33194-db6e-41f2-b558-4502f04e4238""}",2026-03-29T01:55:37.846771184Z
[WA API] GET error: [Error: Unable to connect. Is the computer able to access the url?] {,error,"{""level"":""error""}","{""project"":""ce3616d9-58ad-4ec7-a294-1821e1564434"",""environment"":""fb6513d0-42a4-4660-82b5-509c54b15f2a"",""service"":""4978aa94-666c-47c7-8024-3ada55195a51"",""deployment"":""4f671b19-856f-4f29-8e22-bcb2c07f3849"",""replica"":""bfc33194-db6e-41f2-b558-4502f04e4238""}",2026-03-29T01:55:37.849077656Z
"  code: 'ConnectionRefused',",error,"{""level"":""error""}","{""project"":""ce3616d9-58ad-4ec7-a294-1821e1564434"",""environment"":""fb6513d0-42a4-4660-82b5-509c54b15f2a"",""service"":""4978aa94-666c-47c7-8024-3ada55195a51"",""deployment"":""4f671b19-856f-4f29-8e22-bcb2c07f3849"",""replica"":""bfc33194-db6e-41f2-b558-4502f04e4238""}",2026-03-29T01:55:37.849087358Z
"  path: 'http://localhost:3030/accounts?',",error,"{""level"":""error""}","{""project"":""ce3616d9-58ad-4ec7-a294-1821e1564434"",""environment"":""fb6513d0-42a4-4660-82b5-509c54b15f2a"",""service"":""4978aa94-666c-47c7-8024-3ada55195a51"",""deployment"":""4f671b19-856f-4f29-8e22-bcb2c07f3849"",""replica"":""bfc33194-db6e-41f2-b558-4502f04e4238""}",2026-03-29T01:55:37.849095265Z
  errno: 0,error,"{""level"":""error""}","{""project"":""ce3616d9-58ad-4ec7-a294-1821e1564434"",""environment"":""fb6513d0-42a4-4660-82b5-509c54b15f2a"",""service"":""4978aa94-666c-47c7-8024-3ada55195a51"",""deployment"":""4f671b19-856f-4f29-8e22-bcb2c07f3849"",""replica"":""bfc33194-db6e-41f2-b558-4502f04e4238""}",2026-03-29T01:55:37.849102296Z
},error,"{""level"":""error""}","{""project"":""ce3616d9-58ad-4ec7-a294-1821e1564434"",""environment"":""fb6513d0-42a4-4660-82b5-509c54b15f2a"",""service"":""4978aa94-666c-47c7-8024-3ada55195a51"",""deployment"":""4f671b19-856f-4f29-8e22-bcb2c07f3849"",""replica"":""bfc33194-db6e-41f2-b558-4502f04e4238""}",2026-03-29T01:55:37.849110673Z
[Socket.io Proxy] GET error: Unable to connect. Is the computer able to access the url?,error,"{""level"":""error""}","{""project"":""ce3616d9-58ad-4ec7-a294-1821e1564434"",""environment"":""fb6513d0-42a4-4660-82b5-509c54b15f2a"",""service"":""4978aa94-666c-47c7-8024-3ada55195a51"",""deployment"":""4f671b19-856f-4f29-8e22-bcb2c07f3849"",""replica"":""bfc33194-db6e-41f2-b558-4502f04e4238""}",2026-03-29T01:55:40.057611852Z
  Attempt 3/30: Checking http://localhost:3000/api/wa/health...,info,"{""level"":""info""}","{""project"":""ce3616d9-58ad-4ec7-a294-1821e1564434"",""environment"":""fb6513d0-42a4-4660-82b5-509c54b15f2a"",""service"":""4978aa94-666c-47c7-8024-3ada55195a51"",""deployment"":""4f671b19-856f-4f29-8e22-bcb2c07f3849"",""replica"":""bfc33194-db6e-41f2-b558-4502f04e4238""}",2026-03-29T01:55:40.057645502Z
"  ⏳ Next.js not ready yet, waiting 2s...",info,"{""level"":""info""}","{""project"":""ce3616d9-58ad-4ec7-a294-1821e1564434"",""environment"":""fb6513d0-42a4-4660-82b5-509c54b15f2a"",""service"":""4978aa94-666c-47c7-8024-3ada55195a51"",""deployment"":""4f671b19-856f-4f29-8e22-bcb2c07f3849"",""replica"":""bfc33194-db6e-41f2-b558-4502f04e4238""}",2026-03-29T01:55:40.057653560Z
  Attempt 4/30: Checking http://localhost:3000/api/wa/health...,info,"{""level"":""info""}","{""project"":""ce3616d9-58ad-4ec7-a294-1821e1564434"",""environment"":""fb6513d0-42a4-4660-82b5-509c54b15f2a"",""service"":""4978aa94-666c-47c7-8024-3ada55195a51"",""deployment"":""4f671b19-856f-4f29-8e22-bcb2c07f3849"",""replica"":""bfc33194-db6e-41f2-b558-4502f04e4238""}",2026-03-29T01:55:41.773728301Z
"  ⏳ Next.js not ready yet, waiting 2s...",info,"{""level"":""info""}","{""project"":""ce3616d9-58ad-4ec7-a294-1821e1564434"",""environment"":""fb6513d0-42a4-4660-82b5-509c54b15f2a"",""service"":""4978aa94-666c-47c7-8024-3ada55195a51"",""deployment"":""4f671b19-856f-4f29-8e22-bcb2c07f3849"",""replica"":""bfc33194-db6e-41f2-b558-4502f04e4238""}",2026-03-29T01:55:41.773733682Z
  Attempt 5/30: Checking http://localhost:3000/api/wa/health...,info,"{""level"":""info""}","{""project"":""ce3616d9-58ad-4ec7-a294-1821e1564434"",""environment"":""fb6513d0-42a4-4660-82b5-509c54b15f2a"",""service"":""4978aa94-666c-47c7-8024-3ada55195a51"",""deployment"":""4f671b19-856f-4f29-8e22-bcb2c07f3849"",""replica"":""bfc33194-db6e-41f2-b558-4502f04e4238""}",2026-03-29T01:55:43.888689335Z
"  ⏳ Next.js not ready yet, waiting 2s...",info,"{""level"":""info""}","{""project"":""ce3616d9-58ad-4ec7-a294-1821e1564434"",""environment"":""fb6513d0-42a4-4660-82b5-509c54b15f2a"",""service"":""4978aa94-666c-47c7-8024-3ada55195a51"",""deployment"":""4f671b19-856f-4f29-8e22-bcb2c07f3849"",""replica"":""bfc33194-db6e-41f2-b558-4502f04e4238""}",2026-03-29T01:55:43.888726234Z
  Attempt 6/30: Checking http://localhost:3000/api/wa/health...,info,"{""level"":""info""}","{""project"":""ce3616d9-58ad-4ec7-a294-1821e1564434"",""environment"":""fb6513d0-42a4-4660-82b5-509c54b15f2a"",""service"":""4978aa94-666c-47c7-8024-3ada55195a51"",""deployment"":""4f671b19-856f-4f29-8e22-bcb2c07f3849"",""replica"":""bfc33194-db6e-41f2-b558-4502f04e4238""}",2026-03-29T01:55:46.057450346Z
"  ⏳ Next.js not ready yet, waiting 2s...",info,"{""level"":""info""}","{""project"":""ce3616d9-58ad-4ec7-a294-1821e1564434"",""environment"":""fb6513d0-42a4-4660-82b5-509c54b15f2a"",""service"":""4978aa94-666c-47c7-8024-3ada55195a51"",""deployment"":""4f671b19-856f-4f29-8e22-bcb2c07f3849"",""replica"":""bfc33194-db6e-41f2-b558-4502f04e4238""}",2026-03-29T01:55:46.057456079Z
  Attempt 7/30: Checking http://localhost:3000/api/wa/health...,info,"{""level"":""info""}","{""project"":""ce3616d9-58ad-4ec7-a294-1821e1564434"",""environment"":""fb6513d0-42a4-4660-82b5-509c54b15f2a"",""service"":""4978aa94-666c-47c7-8024-3ada55195a51"",""deployment"":""4f671b19-856f-4f29-8e22-bcb2c07f3849"",""replica"":""bfc33194-db6e-41f2-b558-4502f04e4238""}",2026-03-29T01:55:47.780684470Z
"  ⏳ Next.js not ready yet, waiting 2s...",info,"{""level"":""info""}","{""project"":""ce3616d9-58ad-4ec7-a294-1821e1564434"",""environment"":""fb6513d0-42a4-4660-82b5-509c54b15f2a"",""service"":""4978aa94-666c-47c7-8024-3ada55195a51"",""deployment"":""4f671b19-856f-4f29-8e22-bcb2c07f3849"",""replica"":""bfc33194-db6e-41f2-b558-4502f04e4238""}",2026-03-29T01:55:47.780692190Z
  Attempt 8/30: Checking http://localhost:3000/api/wa/health...,info,"{""level"":""info""}","{""project"":""ce3616d9-58ad-4ec7-a294-1821e1564434"",""environment"":""fb6513d0-42a4-4660-82b5-509c54b15f2a"",""service"":""4978aa94-666c-47c7-8024-3ada55195a51"",""deployment"":""4f671b19-856f-4f29-8e22-bcb2c07f3849"",""replica"":""bfc33194-db6e-41f2-b558-4502f04e4238""}",2026-03-29T01:55:49.826091471Z
"  ⏳ Next.js not ready yet, waiting 2s...",info,"{""level"":""info""}","{""project"":""ce3616d9-58ad-4ec7-a294-1821e1564434"",""environment"":""fb6513d0-42a4-4660-82b5-509c54b15f2a"",""service"":""4978aa94-666c-47c7-8024-3ada55195a51"",""deployment"":""4f671b19-856f-4f29-8e22-bcb2c07f3849"",""replica"":""bfc33194-db6e-41f2-b558-4502f04e4238""}",2026-03-29T01:55:49.826461174Z
  Attempt 9/30: Checking http://localhost:3000/api/wa/health...,info,"{""level"":""info""}","{""project"":""ce3616d9-58ad-4ec7-a294-1821e1564434"",""environment"":""fb6513d0-42a4-4660-82b5-509c54b15f2a"",""service"":""4978aa94-666c-47c7-8024-3ada55195a51"",""deployment"":""4f671b19-856f-4f29-8e22-bcb2c07f3849"",""replica"":""bfc33194-db6e-41f2-b558-4502f04e4238""}",2026-03-29T01:55:51.168038927Z
"  ⏳ Next.js not ready yet, waiting 2s...",info,"{""level"":""info""}","{""project"":""ce3616d9-58ad-4ec7-a294-1821e1564434"",""environment"":""fb6513d0-42a4-4660-82b5-509c54b15f2a"",""service"":""4978aa94-666c-47c7-8024-3ada55195a51"",""deployment"":""4f671b19-856f-4f29-8e22-bcb2c07f3849"",""replica"":""bfc33194-db6e-41f2-b558-4502f04e4238""}",2026-03-29T01:55:51.168044863Z
  Attempt 10/30: Checking http://localhost:3000/api/wa/health...,info,"{""level"":""info""}","{""project"":""ce3616d9-58ad-4ec7-a294-1821e1564434"",""environment"":""fb6513d0-42a4-4660-82b5-509c54b15f2a"",""service"":""4978aa94-666c-47c7-8024-3ada55195a51"",""deployment"":""4f671b19-856f-4f29-8e22-bcb2c07f3849"",""replica"":""bfc33194-db6e-41f2-b558-4502f04e4238""}",2026-03-29T01:55:53.177781997Z
"  ⏳ Next.js not ready yet, waiting 2s...",info,"{""level"":""info""}","{""project"":""ce3616d9-58ad-4ec7-a294-1821e1564434"",""environment"":""fb6513d0-42a4-4660-82b5-509c54b15f2a"",""service"":""4978aa94-666c-47c7-8024-3ada55195a51"",""deployment"":""4f671b19-856f-4f29-8e22-bcb2c07f3849"",""replica"":""bfc33194-db6e-41f2-b558-4502f04e4238""}",2026-03-29T01:55:53.177788475Z
  Attempt 11/30: Checking http://localhost:3000/api/wa/health...,info,"{""level"":""info""}","{""project"":""ce3616d9-58ad-4ec7-a294-1821e1564434"",""environment"":""fb6513d0-42a4-4660-82b5-509c54b15f2a"",""service"":""4978aa94-666c-47c7-8024-3ada55195a51"",""deployment"":""4f671b19-856f-4f29-8e22-bcb2c07f3849"",""replica"":""bfc33194-db6e-41f2-b558-4502f04e4238""}",2026-03-29T01:55:55.174222179Z
"  ⏳ Next.js not ready yet, waiting 2s...",info,"{""level"":""info""}","{""project"":""ce3616d9-58ad-4ec7-a294-1821e1564434"",""environment"":""fb6513d0-42a4-4660-82b5-509c54b15f2a"",""service"":""4978aa94-666c-47c7-8024-3ada55195a51"",""deployment"":""4f671b19-856f-4f29-8e22-bcb2c07f3849"",""replica"":""bfc33194-db6e-41f2-b558-4502f04e4238""}",2026-03-29T01:55:55.174231122Z
  Attempt 12/30: Checking http://localhost:3000/api/wa/health...,info,"{""level"":""info""}","{""project"":""ce3616d9-58ad-4ec7-a294-1821e1564434"",""environment"":""fb6513d0-42a4-4660-82b5-509c54b15f2a"",""service"":""4978aa94-666c-47c7-8024-3ada55195a51"",""deployment"":""4f671b19-856f-4f29-8e22-bcb2c07f3849"",""replica"":""bfc33194-db6e-41f2-b558-4502f04e4238""}",2026-03-29T01:55:57.172970940Z
"  ⏳ Next.js not ready yet, waiting 2s...",info,"{""level"":""info""}","{""project"":""ce3616d9-58ad-4ec7-a294-1821e1564434"",""environment"":""fb6513d0-42a4-4660-82b5-509c54b15f2a"",""service"":""4978aa94-666c-47c7-8024-3ada55195a51"",""deployment"":""4f671b19-856f-4f29-8e22-bcb2c07f3849"",""replica"":""bfc33194-db6e-41f2-b558-4502f04e4238""}",2026-03-29T01:55:57.172976922Z
  Attempt 13/30: Checking http://localhost:3000/api/wa/health...,info,"{""level"":""info""}","{""project"":""ce3616d9-58ad-4ec7-a294-1821e1564434"",""environment"":""fb6513d0-42a4-4660-82b5-509c54b15f2a"",""service"":""4978aa94-666c-47c7-8024-3ada55195a51"",""deployment"":""4f671b19-856f-4f29-8e22-bcb2c07f3849"",""replica"":""bfc33194-db6e-41f2-b558-4502f04e4238""}",2026-03-29T01:55:59.219482066Z
"  ⏳ Next.js not ready yet, waiting 2s...",info,"{""level"":""info""}","{""project"":""ce3616d9-58ad-4ec7-a294-1821e1564434"",""environment"":""fb6513d0-42a4-4660-82b5-509c54b15f2a"",""service"":""4978aa94-666c-47c7-8024-3ada55195a51"",""deployment"":""4f671b19-856f-4f29-8e22-bcb2c07f3849"",""replica"":""bfc33194-db6e-41f2-b558-4502f04e4238""}",2026-03-29T01:55:59.219490341Z
  Attempt 14/30: Checking http://localhost:3000/api/wa/health...,info,"{""level"":""info""}","{""project"":""ce3616d9-58ad-4ec7-a294-1821e1564434"",""environment"":""fb6513d0-42a4-4660-82b5-509c54b15f2a"",""service"":""4978aa94-666c-47c7-8024-3ada55195a51"",""deployment"":""4f671b19-856f-4f29-8e22-bcb2c07f3849"",""replica"":""bfc33194-db6e-41f2-b558-4502f04e4238""}",2026-03-29T01:56:01.177952665Z
"  ⏳ Next.js not ready yet, waiting 2s...",info,"{""level"":""info""}","{""project"":""ce3616d9-58ad-4ec7-a294-1821e1564434"",""environment"":""fb6513d0-42a4-4660-82b5-509c54b15f2a"",""service"":""4978aa94-666c-47c7-8024-3ada55195a51"",""deployment"":""4f671b19-856f-4f29-8e22-bcb2c07f3849"",""replica"":""bfc33194-db6e-41f2-b558-4502f04e4238""}",2026-03-29T01:56:01.177962566Z
  Attempt 15/30: Checking http://localhost:3000/api/wa/health...,info,"{""level"":""info""}","{""project"":""ce3616d9-58ad-4ec7-a294-1821e1564434"",""environment"":""fb6513d0-42a4-4660-82b5-509c54b15f2a"",""service"":""4978aa94-666c-47c7-8024-3ada55195a51"",""deployment"":""4f671b19-856f-4f29-8e22-bcb2c07f3849"",""replica"":""bfc33194-db6e-41f2-b558-4502f04e4238""}",2026-03-29T01:56:04.351515117Z
"  ⏳ Next.js not ready yet, waiting 2s...",info,"{""level"":""info""}","{""project"":""ce3616d9-58ad-4ec7-a294-1821e1564434"",""environment"":""fb6513d0-42a4-4660-82b5-509c54b15f2a"",""service"":""4978aa94-666c-47c7-8024-3ada55195a51"",""deployment"":""4f671b19-856f-4f29-8e22-bcb2c07f3849"",""replica"":""bfc33194-db6e-41f2-b558-4502f04e4238""}",2026-03-29T01:56:04.351520869Z
  Attempt 16/30: Checking http://localhost:3000/api/wa/health...,info,"{""level"":""info""}","{""project"":""ce3616d9-58ad-4ec7-a294-1821e1564434"",""environment"":""fb6513d0-42a4-4660-82b5-509c54b15f2a"",""service"":""4978aa94-666c-47c7-8024-3ada55195a51"",""deployment"":""4f671b19-856f-4f29-8e22-bcb2c07f3849"",""replica"":""bfc33194-db6e-41f2-b558-4502f04e4238""}",2026-03-29T01:56:05.244736052Z
"  ⏳ Next.js not ready yet, waiting 2s...",info,"{""level"":""info""}","{""project"":""ce3616d9-58ad-4ec7-a294-1821e1564434"",""environment"":""fb6513d0-42a4-4660-82b5-509c54b15f2a"",""service"":""4978aa94-666c-47c7-8024-3ada55195a51"",""deployment"":""4f671b19-856f-4f29-8e22-bcb2c07f3849"",""replica"":""bfc33194-db6e-41f2-b558-4502f04e4238""}",2026-03-29T01:56:05.244745023Z
"  ⏳ Next.js not ready yet, waiting 2s...",info,"{""level"":""info""}","{""project"":""ce3616d9-58ad-4ec7-a294-1821e1564434"",""environment"":""fb6513d0-42a4-4660-82b5-509c54b15f2a"",""service"":""4978aa94-666c-47c7-8024-3ada55195a51"",""deployment"":""4f671b19-856f-4f29-8e22-bcb2c07f3849"",""replica"":""bfc33194-db6e-41f2-b558-4502f04e4238""}",2026-03-29T01:56:07.235816892Z
  Attempt 18/30: Checking http://localhost:3000/api/wa/health...,info,"{""level"":""info""}","{""project"":""ce3616d9-58ad-4ec7-a294-1821e1564434"",""environment"":""fb6513d0-42a4-4660-82b5-509c54b15f2a"",""service"":""4978aa94-666c-47c7-8024-3ada55195a51"",""deployment"":""4f671b19-856f-4f29-8e22-bcb2c07f3849"",""replica"":""bfc33194-db6e-41f2-b558-4502f04e4238""}",2026-03-29T01:56:09.188378839Z
  Attempt 19/30: Checking http://localhost:3000/api/wa/health...,info,"{""level"":""info""}","{""project"":""ce3616d9-58ad-4ec7-a294-1821e1564434"",""environment"":""fb6513d0-42a4-4660-82b5-509c54b15f2a"",""service"":""4978aa94-666c-47c7-8024-3ada55195a51"",""deployment"":""4f671b19-856f-4f29-8e22-bcb2c07f3849"",""replica"":""bfc33194-db6e-41f2-b558-4502f04e4238""}",2026-03-29T01:56:11.390298259Z
"  ⏳ Next.js not ready yet, waiting 2s...",info,"{""level"":""info""}","{""project"":""ce3616d9-58ad-4ec7-a294-1821e1564434"",""environment"":""fb6513d0-42a4-4660-82b5-509c54b15f2a"",""service"":""4978aa94-666c-47c7-8024-3ada55195a51"",""deployment"":""4f671b19-856f-4f29-8e22-bcb2c07f3849"",""replica"":""bfc33194-db6e-41f2-b558-4502f04e4238""}",2026-03-29T01:56:11.390304918Z
"  ⏳ Next.js not ready yet, waiting 2s...",info,"{""level"":""info""}","{""project"":""ce3616d9-58ad-4ec7-a294-1821e1564434"",""environment"":""fb6513d0-42a4-4660-82b5-509c54b15f2a"",""service"":""4978aa94-666c-47c7-8024-3ada55195a51"",""deployment"":""4f671b19-856f-4f29-8e22-bcb2c07f3849"",""replica"":""bfc33194-db6e-41f2-b558-4502f04e4238""}",2026-03-29T01:56:13.622945237Z
  Attempt 20/30: Checking http://localhost:3000/api/wa/health...,info,"{""level"":""info""}","{""project"":""ce3616d9-58ad-4ec7-a294-1821e1564434"",""environment"":""fb6513d0-42a4-4660-82b5-509c54b15f2a"",""service"":""4978aa94-666c-47c7-8024-3ada55195a51"",""deployment"":""4f671b19-856f-4f29-8e22-bcb2c07f3849"",""replica"":""bfc33194-db6e-41f2-b558-4502f04e4238""}",2026-03-29T01:56:13.622980945Z
  Attempt 21/30: Checking http://localhost:3000/api/wa/health...,info,"{""level"":""info""}","{""project"":""ce3616d9-58ad-4ec7-a294-1821e1564434"",""environment"":""fb6513d0-42a4-4660-82b5-509c54b15f2a"",""service"":""4978aa94-666c-47c7-8024-3ada55195a51"",""deployment"":""4f671b19-856f-4f29-8e22-bcb2c07f3849"",""replica"":""bfc33194-db6e-41f2-b558-4502f04e4238""}",2026-03-29T01:56:15.401179112Z
"  ⏳ Next.js not ready yet, waiting 2s...",info,"{""level"":""info""}","{""project"":""ce3616d9-58ad-4ec7-a294-1821e1564434"",""environment"":""fb6513d0-42a4-4660-82b5-509c54b15f2a"",""service"":""4978aa94-666c-47c7-8024-3ada55195a51"",""deployment"":""4f671b19-856f-4f29-8e22-bcb2c07f3849"",""replica"":""bfc33194-db6e-41f2-b558-4502f04e4238""}",2026-03-29T01:56:15.401190998Z
  Attempt 22/30: Checking http://localhost:3000/api/wa/health...,info,"{""level"":""info""}","{""project"":""ce3616d9-58ad-4ec7-a294-1821e1564434"",""environment"":""fb6513d0-42a4-4660-82b5-509c54b15f2a"",""service"":""4978aa94-666c-47c7-8024-3ada55195a51"",""deployment"":""4f671b19-856f-4f29-8e22-bcb2c07f3849"",""replica"":""bfc33194-db6e-41f2-b558-4502f04e4238""}",2026-03-29T01:56:17.428648011Z
"  ⏳ Next.js not ready yet, waiting 2s...",info,"{""level"":""info""}","{""project"":""ce3616d9-58ad-4ec7-a294-1821e1564434"",""environment"":""fb6513d0-42a4-4660-82b5-509c54b15f2a"",""service"":""4978aa94-666c-47c7-8024-3ada55195a51"",""deployment"":""4f671b19-856f-4f29-8e22-bcb2c07f3849"",""replica"":""bfc33194-db6e-41f2-b558-4502f04e4238""}",2026-03-29T01:56:17.428654953Z
  Attempt 23/30: Checking http://localhost:3000/api/wa/health...,info,"{""level"":""info""}","{""project"":""ce3616d9-58ad-4ec7-a294-1821e1564434"",""environment"":""fb6513d0-42a4-4660-82b5-509c54b15f2a"",""service"":""4978aa94-666c-47c7-8024-3ada55195a51"",""deployment"":""4f671b19-856f-4f29-8e22-bcb2c07f3849"",""replica"":""bfc33194-db6e-41f2-b558-4502f04e4238""}",2026-03-29T01:56:19.363068318Z
"  ⏳ Next.js not ready yet, waiting 2s...",info,"{""level"":""info""}","{""project"":""ce3616d9-58ad-4ec7-a294-1821e1564434"",""environment"":""fb6513d0-42a4-4660-82b5-509c54b15f2a"",""service"":""4978aa94-666c-47c7-8024-3ada55195a51"",""deployment"":""4f671b19-856f-4f29-8e22-bcb2c07f3849"",""replica"":""bfc33194-db6e-41f2-b558-4502f04e4238""}",2026-03-29T01:56:19.363073426Z