message,severity,attributes,tags,timestamp
==========================================,info,"{""level"":""info""}","{""project"":""ce3616d9-58ad-4ec7-a294-1821e1564434"",""environment"":""fb6513d0-42a4-4660-82b5-509c54b15f2a"",""service"":""4978aa94-666c-47c7-8024-3ada55195a51"",""deployment"":""b4365154-eadc-4c11-b568-5a096850e705"",""replica"":""56b3bc11-84b5-4316-abf1-2dec254f4739""}",2026-03-27T23:52:16.673760610Z
connected to WA,info,"{""time"":1774655534022,""pid"":94,""hostname"":""9a45ddc40bc4"",""browser"":[""Mac OS"",""Chrome"",""14.4.1""],""helloMsg"":{""clientHello"":{""ephemeral"":""jr/IcJhUiazW8VXQnA34ahWeEtjzOJvDHAK84rVqf3c=""}},""level"":""info""}","{""project"":""ce3616d9-58ad-4ec7-a294-1821e1564434"",""environment"":""fb6513d0-42a4-4660-82b5-509c54b15f2a"",""service"":""4978aa94-666c-47c7-8024-3ada55195a51"",""deployment"":""b4365154-eadc-4c11-b568-5a096850e705"",""replica"":""56b3bc11-84b5-4316-abf1-2dec254f4739""}",2026-03-27T23:52:16.673767284Z
[WS NATIVE SEND] Sending for akunsatu type: object preview: V0EGAwAAJBIiCiCOv8hwmFSJrNbxVdCcDfhqFZ4S2PM4m8McArzitWp/dw==,info,"{""level"":""info""}","{""project"":""ce3616d9-58ad-4ec7-a294-1821e1564434"",""environment"":""fb6513d0-42a4-4660-82b5-509c54b15f2a"",""service"":""4978aa94-666c-47c7-8024-3ada55195a51"",""deployment"":""b4365154-eadc-4c11-b568-5a096850e705"",""replica"":""56b3bc11-84b5-4316-abf1-2dec254f4739""}",2026-03-27T23:52:16.673773243Z
[WS NATIVE OPEN] Native WebSocket opened for akunsatu,info,"{""level"":""info""}","{""project"":""ce3616d9-58ad-4ec7-a294-1821e1564434"",""environment"":""fb6513d0-42a4-4660-82b5-509c54b15f2a"",""service"":""4978aa94-666c-47c7-8024-3ada55195a51"",""deployment"":""b4365154-eadc-4c11-b568-5a096850e705"",""replica"":""56b3bc11-84b5-4316-abf1-2dec254f4739""}",2026-03-27T23:52:16.673779720Z
[WS NATIVE MESSAGE] Received for akunsatu binary: true len: 350 preview: AAFbGtgCCiCQJvP9mKGXwwwhjuR272tRFtJp3VY8br2p9xSnVtprIhIwLPYkwriVxc0=...,info,"{""level"":""info""}","{""project"":""ce3616d9-58ad-4ec7-a294-1821e1564434"",""environment"":""fb6513d0-42a4-4660-82b5-509c54b15f2a"",""service"":""4978aa94-666c-47c7-8024-3ada55195a51"",""deployment"":""b4365154-eadc-4c11-b568-5a096850e705"",""replica"":""56b3bc11-84b5-4316-abf1-2dec254f4739""}",2026-03-27T23:52:16.673786767Z
"not logged in, attempting registration...",info,"{""time"":1774655534184,""pid"":94,""hostname"":""9a45ddc40bc4"",""node"":{""passive"":false,""userAgent"":{""platform"":""WEB"",""appVersion"":{""primary"":2,""secondary"":3000,""tertiary"":1035194821},""mcc"":""000"",""mnc"":""000"",""osVersion"":""0.1"",""device"":""Desktop"",""osBuildNumber"":""0.1"",""releaseChannel"":""RELEASE"",""localeLanguageIso6391"":""en"",""localeCountryIso31661Alpha2"":""US""},""webInfo"":{""webSubPlatform"":""WEB_BROWSER""},""connectType"":""WIFI_UNKNOWN"",""connectReason"":""USER_ACTIVATED"",""devicePairingData"":{""eRegid"":""AAAAyA=="",""eKeytype"":""BQ=="",""eIdent"":""NriN0DJTQbN6U4fpJyiaD23/4BvfV38TuvRBIQQg52g="",""eSkeyId"":""AAAB"",""eSkeyVal"":""re9S3hhxY41bYJXEmOzOS1C6MzXWDG8DfW5hh0hARUo="",""eSkeySig"":""v7aC0HQBLLWc3S+hNVRXAr6MiJ7ga0KdFjMd+ebw5G+i+H2Uu/IDoWNdQwF4LOVpc+oLCuCx1qjE4xr+BXGfjQ=="",""buildHash"":""oslHHv+RCp4a5lmJCiiHLQ=="",""deviceProps"":""CgZNYWMgT1MYASAAKhUYgFAgATAAOAFAAUgBUAFYAWABcAE=""},""pull"":false},""level"":""info""}","{""project"":""ce3616d9-58ad-4ec7-a294-1821e1564434"",""environment"":""fb6513d0-42a4-4660-82b5-509c54b15f2a"",""service"":""4978aa94-666c-47c7-8024-3ada55195a51"",""deployment"":""b4365154-eadc-4c11-b568-5a096850e705"",""replica"":""56b3bc11-84b5-4316-abf1-2dec254f4739""}",2026-03-27T23:52:16.673792621Z
"  hostname: 'web.whatsapp.com',",info,"{""level"":""info""}","{""project"":""ce3616d9-58ad-4ec7-a294-1821e1564434"",""environment"":""fb6513d0-42a4-4660-82b5-509c54b15f2a"",""service"":""4978aa94-666c-47c7-8024-3ada55195a51"",""deployment"":""b4365154-eadc-4c11-b568-5a096850e705"",""replica"":""56b3bc11-84b5-4316-abf1-2dec254f4739""}",2026-03-27T23:52:16.673887743Z
"  port: '',",info,"{""level"":""info""}","{""project"":""ce3616d9-58ad-4ec7-a294-1821e1564434"",""environment"":""fb6513d0-42a4-4660-82b5-509c54b15f2a"",""service"":""4978aa94-666c-47c7-8024-3ada55195a51"",""deployment"":""b4365154-eadc-4c11-b568-5a096850e705"",""replica"":""56b3bc11-84b5-4316-abf1-2dec254f4739""}",2026-03-27T23:52:16.673897522Z
"  pathname: '/ws/chat',",info,"{""level"":""info""}","{""project"":""ce3616d9-58ad-4ec7-a294-1821e1564434"",""environment"":""fb6513d0-42a4-4660-82b5-509c54b15f2a"",""service"":""4978aa94-666c-47c7-8024-3ada55195a51"",""deployment"":""b4365154-eadc-4c11-b568-5a096850e705"",""replica"":""56b3bc11-84b5-4316-abf1-2dec254f4739""}",2026-03-27T23:52:16.673905449Z
"  search: '',",info,"{""level"":""info""}","{""project"":""ce3616d9-58ad-4ec7-a294-1821e1564434"",""environment"":""fb6513d0-42a4-4660-82b5-509c54b15f2a"",""service"":""4978aa94-666c-47c7-8024-3ada55195a51"",""deployment"":""b4365154-eadc-4c11-b568-5a096850e705"",""replica"":""56b3bc11-84b5-4316-abf1-2dec254f4739""}",2026-03-27T23:52:16.673914818Z
"  searchParams: URLSearchParams {},",info,"{""level"":""info""}","{""project"":""ce3616d9-58ad-4ec7-a294-1821e1564434"",""environment"":""fb6513d0-42a4-4660-82b5-509c54b15f2a"",""service"":""4978aa94-666c-47c7-8024-3ada55195a51"",""deployment"":""b4365154-eadc-4c11-b568-5a096850e705"",""replica"":""56b3bc11-84b5-4316-abf1-2dec254f4739""}",2026-03-27T23:52:16.673921310Z
  hash: '',info,"{""level"":""info""}","{""project"":""ce3616d9-58ad-4ec7-a294-1821e1564434"",""environment"":""fb6513d0-42a4-4660-82b5-509c54b15f2a"",""service"":""4978aa94-666c-47c7-8024-3ada55195a51"",""deployment"":""b4365154-eadc-4c11-b568-5a096850e705"",""replica"":""56b3bc11-84b5-4316-abf1-2dec254f4739""}",2026-03-27T23:52:16.673932553Z
},info,"{""level"":""info""}","{""project"":""ce3616d9-58ad-4ec7-a294-1821e1564434"",""environment"":""fb6513d0-42a4-4660-82b5-509c54b15f2a"",""service"":""4978aa94-666c-47c7-8024-3ada55195a51"",""deployment"":""b4365154-eadc-4c11-b568-5a096850e705"",""replica"":""56b3bc11-84b5-4316-abf1-2dec254f4739""}",2026-03-27T23:52:16.673940348Z
[CONNECTION UPDATE] ✅ EVENT RECEIVED! {,info,"{""level"":""info""}","{""project"":""ce3616d9-58ad-4ec7-a294-1821e1564434"",""environment"":""fb6513d0-42a4-4660-82b5-509c54b15f2a"",""service"":""4978aa94-666c-47c7-8024-3ada55195a51"",""deployment"":""b4365154-eadc-4c11-b568-5a096850e705"",""replica"":""56b3bc11-84b5-4316-abf1-2dec254f4739""}",2026-03-27T23:52:16.673951207Z
[SESSION] ✅ Retrieved account from map: akunsatu,info,"{""level"":""info""}","{""project"":""ce3616d9-58ad-4ec7-a294-1821e1564434"",""environment"":""fb6513d0-42a4-4660-82b5-509c54b15f2a"",""service"":""4978aa94-666c-47c7-8024-3ada55195a51"",""deployment"":""b4365154-eadc-4c11-b568-5a096850e705"",""replica"":""56b3bc11-84b5-4316-abf1-2dec254f4739""}",2026-03-27T23:52:16.673957064Z
"  accountId: 'akunsatu',",info,"{""level"":""info""}","{""project"":""ce3616d9-58ad-4ec7-a294-1821e1564434"",""environment"":""fb6513d0-42a4-4660-82b5-509c54b15f2a"",""service"":""4978aa94-666c-47c7-8024-3ada55195a51"",""deployment"":""b4365154-eadc-4c11-b568-5a096850e705"",""replica"":""56b3bc11-84b5-4316-abf1-2dec254f4739""}",2026-03-27T23:52:16.673965822Z
==========================================,info,"{""level"":""info""}","{""project"":""ce3616d9-58ad-4ec7-a294-1821e1564434"",""environment"":""fb6513d0-42a4-4660-82b5-509c54b15f2a"",""service"":""4978aa94-666c-47c7-8024-3ada55195a51"",""deployment"":""b4365154-eadc-4c11-b568-5a096850e705"",""replica"":""56b3bc11-84b5-4316-abf1-2dec254f4739""}",2026-03-27T23:52:16.673972160Z
"  connection: 'connecting',",info,"{""level"":""info""}","{""project"":""ce3616d9-58ad-4ec7-a294-1821e1564434"",""environment"":""fb6513d0-42a4-4660-82b5-509c54b15f2a"",""service"":""4978aa94-666c-47c7-8024-3ada55195a51"",""deployment"":""b4365154-eadc-4c11-b568-5a096850e705"",""replica"":""56b3bc11-84b5-4316-abf1-2dec254f4739""}",2026-03-27T23:52:16.673979967Z
"  hasQr: false,",info,"{""level"":""info""}","{""project"":""ce3616d9-58ad-4ec7-a294-1821e1564434"",""environment"":""fb6513d0-42a4-4660-82b5-509c54b15f2a"",""service"":""4978aa94-666c-47c7-8024-3ada55195a51"",""deployment"":""b4365154-eadc-4c11-b568-5a096850e705"",""replica"":""56b3bc11-84b5-4316-abf1-2dec254f4739""}",2026-03-27T23:52:16.673989026Z
"  qrPreview: null,",info,"{""level"":""info""}","{""project"":""ce3616d9-58ad-4ec7-a294-1821e1564434"",""environment"":""fb6513d0-42a4-4660-82b5-509c54b15f2a"",""service"":""4978aa94-666c-47c7-8024-3ada55195a51"",""deployment"":""b4365154-eadc-4c11-b568-5a096850e705"",""replica"":""56b3bc11-84b5-4316-abf1-2dec254f4739""}",2026-03-27T23:52:16.673994521Z
  isNewLogin: undefined,info,"{""level"":""info""}","{""project"":""ce3616d9-58ad-4ec7-a294-1821e1564434"",""environment"":""fb6513d0-42a4-4660-82b5-509c54b15f2a"",""service"":""4978aa94-666c-47c7-8024-3ada55195a51"",""deployment"":""b4365154-eadc-4c11-b568-5a096850e705"",""replica"":""56b3bc11-84b5-4316-abf1-2dec254f4739""}",2026-03-27T23:52:16.674003654Z
[QR] Converting QR to data URL...,info,"{""level"":""info""}","{""project"":""ce3616d9-58ad-4ec7-a294-1821e1564434"",""environment"":""fb6513d0-42a4-4660-82b5-509c54b15f2a"",""service"":""4978aa94-666c-47c7-8024-3ada55195a51"",""deployment"":""b4365154-eadc-4c11-b568-5a096850e705"",""replica"":""56b3bc11-84b5-4316-abf1-2dec254f4739""}",2026-03-27T23:52:16.675857814Z
"[QR] ✅ QR converted, length: 6454",info,"{""level"":""info""}","{""project"":""ce3616d9-58ad-4ec7-a294-1821e1564434"",""environment"":""fb6513d0-42a4-4660-82b5-509c54b15f2a"",""service"":""4978aa94-666c-47c7-8024-3ada55195a51"",""deployment"":""b4365154-eadc-4c11-b568-5a096850e705"",""replica"":""56b3bc11-84b5-4316-abf1-2dec254f4739""}",2026-03-27T23:52:16.675866283Z
==========================================,info,"{""level"":""info""}","{""project"":""ce3616d9-58ad-4ec7-a294-1821e1564434"",""environment"":""fb6513d0-42a4-4660-82b5-509c54b15f2a"",""service"":""4978aa94-666c-47c7-8024-3ada55195a51"",""deployment"":""b4365154-eadc-4c11-b568-5a096850e705"",""replica"":""56b3bc11-84b5-4316-abf1-2dec254f4739""}",2026-03-27T23:52:16.675887566Z
[QR] 🎯 QR code received for: akunsatu,info,"{""level"":""info""}","{""project"":""ce3616d9-58ad-4ec7-a294-1821e1564434"",""environment"":""fb6513d0-42a4-4660-82b5-509c54b15f2a"",""service"":""4978aa94-666c-47c7-8024-3ada55195a51"",""deployment"":""b4365154-eadc-4c11-b568-5a096850e705"",""replica"":""56b3bc11-84b5-4316-abf1-2dec254f4739""}",2026-03-27T23:52:16.675906610Z
[QR] QR length: 237,info,"{""level"":""info""}","{""project"":""ce3616d9-58ad-4ec7-a294-1821e1564434"",""environment"":""fb6513d0-42a4-4660-82b5-509c54b15f2a"",""service"":""4978aa94-666c-47c7-8024-3ada55195a51"",""deployment"":""b4365154-eadc-4c11-b568-5a096850e705"",""replica"":""56b3bc11-84b5-4316-abf1-2dec254f4739""}",2026-03-27T23:52:16.675915401Z
[WS NATIVE SEND] Sending for akunsatu type: object preview: AAFcItkCCjBq9CC0uvrYTe6cvRqFEk/A+X0I89iTr8S06KATRXFnaM/w9Xuchxc3jbg=,info,"{""level"":""info""}","{""project"":""ce3616d9-58ad-4ec7-a294-1821e1564434"",""environment"":""fb6513d0-42a4-4660-82b5-509c54b15f2a"",""service"":""4978aa94-666c-47c7-8024-3ada55195a51"",""deployment"":""b4365154-eadc-4c11-b568-5a096850e705"",""replica"":""56b3bc11-84b5-4316-abf1-2dec254f4739""}",2026-03-27T23:52:16.675948368Z
[WS NATIVE MESSAGE] Received for akunsatu binary: true len: 698 preview: AAK3SYAT+2240QjCvsPfPwfSgrh55Vs2UULY1ixQpAxM0ddNqlI16tlqnySG3cFveP0=...,info,"{""level"":""info""}","{""project"":""ce3616d9-58ad-4ec7-a294-1821e1564434"",""environment"":""fb6513d0-42a4-4660-82b5-509c54b15f2a"",""service"":""4978aa94-666c-47c7-8024-3ada55195a51"",""deployment"":""b4365154-eadc-4c11-b568-5a096850e705"",""replica"":""56b3bc11-84b5-4316-abf1-2dec254f4739""}",2026-03-27T23:52:16.675956451Z
[WS NATIVE SEND] Sending for akunsatu type: object preview: AAAi0maP4s1jbAiIs/FSEPyy+exnAxkLuFNCk7RPbqENMM7OmA==,info,"{""level"":""info""}","{""project"":""ce3616d9-58ad-4ec7-a294-1821e1564434"",""environment"":""fb6513d0-42a4-4660-82b5-509c54b15f2a"",""service"":""4978aa94-666c-47c7-8024-3ada55195a51"",""deployment"":""b4365154-eadc-4c11-b568-5a096850e705"",""replica"":""56b3bc11-84b5-4316-abf1-2dec254f4739""}",2026-03-27T23:52:16.675966654Z
==========================================,info,"{""level"":""info""}","{""project"":""ce3616d9-58ad-4ec7-a294-1821e1564434"",""environment"":""fb6513d0-42a4-4660-82b5-509c54b15f2a"",""service"":""4978aa94-666c-47c7-8024-3ada55195a51"",""deployment"":""b4365154-eadc-4c11-b568-5a096850e705"",""replica"":""56b3bc11-84b5-4316-abf1-2dec254f4739""}",2026-03-27T23:52:16.675973777Z
[CONNECTION UPDATE] ✅ EVENT RECEIVED! {,info,"{""level"":""info""}","{""project"":""ce3616d9-58ad-4ec7-a294-1821e1564434"",""environment"":""fb6513d0-42a4-4660-82b5-509c54b15f2a"",""service"":""4978aa94-666c-47c7-8024-3ada55195a51"",""deployment"":""b4365154-eadc-4c11-b568-5a096850e705"",""replica"":""56b3bc11-84b5-4316-abf1-2dec254f4739""}",2026-03-27T23:52:16.675980560Z
"  accountId: 'akunsatu',",info,"{""level"":""info""}","{""project"":""ce3616d9-58ad-4ec7-a294-1821e1564434"",""environment"":""fb6513d0-42a4-4660-82b5-509c54b15f2a"",""service"":""4978aa94-666c-47c7-8024-3ada55195a51"",""deployment"":""b4365154-eadc-4c11-b568-5a096850e705"",""replica"":""56b3bc11-84b5-4316-abf1-2dec254f4739""}",2026-03-27T23:52:16.675986931Z
"  connection: undefined,",info,"{""level"":""info""}","{""project"":""ce3616d9-58ad-4ec7-a294-1821e1564434"",""environment"":""fb6513d0-42a4-4660-82b5-509c54b15f2a"",""service"":""4978aa94-666c-47c7-8024-3ada55195a51"",""deployment"":""b4365154-eadc-4c11-b568-5a096850e705"",""replica"":""56b3bc11-84b5-4316-abf1-2dec254f4739""}",2026-03-27T23:52:16.675994046Z
"  hasQr: true,",info,"{""level"":""info""}","{""project"":""ce3616d9-58ad-4ec7-a294-1821e1564434"",""environment"":""fb6513d0-42a4-4660-82b5-509c54b15f2a"",""service"":""4978aa94-666c-47c7-8024-3ada55195a51"",""deployment"":""b4365154-eadc-4c11-b568-5a096850e705"",""replica"":""56b3bc11-84b5-4316-abf1-2dec254f4739""}",2026-03-27T23:52:16.676002121Z
"  qrPreview: '2@XLNcy9K44hROwTWOvntT4LNLJhREToKIr5KwjYpUan1ENPrC...',",info,"{""level"":""info""}","{""project"":""ce3616d9-58ad-4ec7-a294-1821e1564434"",""environment"":""fb6513d0-42a4-4660-82b5-509c54b15f2a"",""service"":""4978aa94-666c-47c7-8024-3ada55195a51"",""deployment"":""b4365154-eadc-4c11-b568-5a096850e705"",""replica"":""56b3bc11-84b5-4316-abf1-2dec254f4739""}",2026-03-27T23:52:16.676008339Z
  isNewLogin: undefined,info,"{""level"":""info""}","{""project"":""ce3616d9-58ad-4ec7-a294-1821e1564434"",""environment"":""fb6513d0-42a4-4660-82b5-509c54b15f2a"",""service"":""4978aa94-666c-47c7-8024-3ada55195a51"",""deployment"":""b4365154-eadc-4c11-b568-5a096850e705"",""replica"":""56b3bc11-84b5-4316-abf1-2dec254f4739""}",2026-03-27T23:52:16.676014482Z
},info,"{""level"":""info""}","{""project"":""ce3616d9-58ad-4ec7-a294-1821e1564434"",""environment"":""fb6513d0-42a4-4660-82b5-509c54b15f2a"",""service"":""4978aa94-666c-47c7-8024-3ada55195a51"",""deployment"":""b4365154-eadc-4c11-b568-5a096850e705"",""replica"":""56b3bc11-84b5-4316-abf1-2dec254f4739""}",2026-03-27T23:52:16.676019757Z
[DB] Synced 1 accounts to database,info,"{""level"":""info""}","{""project"":""ce3616d9-58ad-4ec7-a294-1821e1564434"",""environment"":""fb6513d0-42a4-4660-82b5-509c54b15f2a"",""service"":""4978aa94-666c-47c7-8024-3ada55195a51"",""deployment"":""b4365154-eadc-4c11-b568-5a096850e705"",""replica"":""56b3bc11-84b5-4316-abf1-2dec254f4739""}",2026-03-27T23:52:21.598706774Z
[NETWORK] HTTPS test TIMEOUT,info,"{""level"":""info""}","{""project"":""ce3616d9-58ad-4ec7-a294-1821e1564434"",""environment"":""fb6513d0-42a4-4660-82b5-509c54b15f2a"",""service"":""4978aa94-666c-47c7-8024-3ada55195a51"",""deployment"":""b4365154-eadc-4c11-b568-5a096850e705"",""replica"":""56b3bc11-84b5-4316-abf1-2dec254f4739""}",2026-03-27T23:52:24.657046476Z
[WS NATIVE SEND] Sending for akunsatu type: object preview: AAAqxgeSz67ZYON/awT+IueQOxRXpaV16KGX+/DxoH2MQg7LQ0fmeZYAzFgG,info,"{""level"":""info""}","{""project"":""ce3616d9-58ad-4ec7-a294-1821e1564434"",""environment"":""fb6513d0-42a4-4660-82b5-509c54b15f2a"",""service"":""4978aa94-666c-47c7-8024-3ada55195a51"",""deployment"":""b4365154-eadc-4c11-b568-5a096850e705"",""replica"":""56b3bc11-84b5-4316-abf1-2dec254f4739""}",2026-03-27T23:52:54.163987911Z
[WS NATIVE MESSAGE] Received for akunsatu binary: true len: 46 preview: AAArverSR+m+tZg4TW8WQS1J9x5pQLLOHhFpgut51l3UK89n8aweZMEdFWorFw==,info,"{""level"":""info""}","{""project"":""ce3616d9-58ad-4ec7-a294-1821e1564434"",""environment"":""fb6513d0-42a4-4660-82b5-509c54b15f2a"",""service"":""4978aa94-666c-47c7-8024-3ada55195a51"",""deployment"":""b4365154-eadc-4c11-b568-5a096850e705"",""replica"":""56b3bc11-84b5-4316-abf1-2dec254f4739""}",2026-03-27T23:52:54.163999112Z
[DB] Synced 1 accounts to database,info,"{""level"":""info""}","{""project"":""ce3616d9-58ad-4ec7-a294-1821e1564434"",""environment"":""fb6513d0-42a4-4660-82b5-509c54b15f2a"",""service"":""4978aa94-666c-47c7-8024-3ada55195a51"",""deployment"":""b4365154-eadc-4c11-b568-5a096850e705"",""replica"":""56b3bc11-84b5-4316-abf1-2dec254f4739""}",2026-03-27T23:52:54.164006444Z
Client disconnected: GkCJG4ZSAilMgt0oAAAR,info,"{""level"":""info""}","{""project"":""ce3616d9-58ad-4ec7-a294-1821e1564434"",""environment"":""fb6513d0-42a4-4660-82b5-509c54b15f2a"",""service"":""4978aa94-666c-47c7-8024-3ada55195a51"",""deployment"":""b4365154-eadc-4c11-b568-5a096850e705"",""replica"":""56b3bc11-84b5-4316-abf1-2dec254f4739""}",2026-03-27T23:53:14.249681618Z
Client connected: Omx0VtZJsLqJ-PpXAAAV,info,"{""level"":""info""}","{""project"":""ce3616d9-58ad-4ec7-a294-1821e1564434"",""environment"":""fb6513d0-42a4-4660-82b5-509c54b15f2a"",""service"":""4978aa94-666c-47c7-8024-3ada55195a51"",""deployment"":""b4365154-eadc-4c11-b568-5a096850e705"",""replica"":""56b3bc11-84b5-4316-abf1-2dec254f4739""}",2026-03-27T23:53:14.249689115Z
[WS NATIVE SEND] Sending for akunsatu type: object preview: AAAqOu+yS3wIuyGTDVl1+sUERMGkOgXVIFS8poJzVzb5SfPtc6LLIoNVjvfu,info,"{""level"":""info""}","{""project"":""ce3616d9-58ad-4ec7-a294-1821e1564434"",""environment"":""fb6513d0-42a4-4660-82b5-509c54b15f2a"",""service"":""4978aa94-666c-47c7-8024-3ada55195a51"",""deployment"":""b4365154-eadc-4c11-b568-5a096850e705"",""replica"":""56b3bc11-84b5-4316-abf1-2dec254f4739""}",2026-03-27T23:53:14.249697334Z
"  hasQr: true,",info,"{""level"":""info""}","{""project"":""ce3616d9-58ad-4ec7-a294-1821e1564434"",""environment"":""fb6513d0-42a4-4660-82b5-509c54b15f2a"",""service"":""4978aa94-666c-47c7-8024-3ada55195a51"",""deployment"":""b4365154-eadc-4c11-b568-5a096850e705"",""replica"":""56b3bc11-84b5-4316-abf1-2dec254f4739""}",2026-03-27T23:53:15.155416842Z
"  qrPreview: '2@H5o92OWZnboixN1v4sc/wzk/Jf2uBSSL2DQXAWCD9NLkres1...',",info,"{""level"":""info""}","{""project"":""ce3616d9-58ad-4ec7-a294-1821e1564434"",""environment"":""fb6513d0-42a4-4660-82b5-509c54b15f2a"",""service"":""4978aa94-666c-47c7-8024-3ada55195a51"",""deployment"":""b4365154-eadc-4c11-b568-5a096850e705"",""replica"":""56b3bc11-84b5-4316-abf1-2dec254f4739""}",2026-03-27T23:53:15.155424209Z
  isNewLogin: undefined,info,"{""level"":""info""}","{""project"":""ce3616d9-58ad-4ec7-a294-1821e1564434"",""environment"":""fb6513d0-42a4-4660-82b5-509c54b15f2a"",""service"":""4978aa94-666c-47c7-8024-3ada55195a51"",""deployment"":""b4365154-eadc-4c11-b568-5a096850e705"",""replica"":""56b3bc11-84b5-4316-abf1-2dec254f4739""}",2026-03-27T23:53:15.155429466Z
},info,"{""level"":""info""}","{""project"":""ce3616d9-58ad-4ec7-a294-1821e1564434"",""environment"":""fb6513d0-42a4-4660-82b5-509c54b15f2a"",""service"":""4978aa94-666c-47c7-8024-3ada55195a51"",""deployment"":""b4365154-eadc-4c11-b568-5a096850e705"",""replica"":""56b3bc11-84b5-4316-abf1-2dec254f4739""}",2026-03-27T23:53:15.155435389Z
==========================================,info,"{""level"":""info""}","{""project"":""ce3616d9-58ad-4ec7-a294-1821e1564434"",""environment"":""fb6513d0-42a4-4660-82b5-509c54b15f2a"",""service"":""4978aa94-666c-47c7-8024-3ada55195a51"",""deployment"":""b4365154-eadc-4c11-b568-5a096850e705"",""replica"":""56b3bc11-84b5-4316-abf1-2dec254f4739""}",2026-03-27T23:53:15.155443263Z
[QR] 🎯 QR code received for: akunsatu,info,"{""level"":""info""}","{""project"":""ce3616d9-58ad-4ec7-a294-1821e1564434"",""environment"":""fb6513d0-42a4-4660-82b5-509c54b15f2a"",""service"":""4978aa94-666c-47c7-8024-3ada55195a51"",""deployment"":""b4365154-eadc-4c11-b568-5a096850e705"",""replica"":""56b3bc11-84b5-4316-abf1-2dec254f4739""}",2026-03-27T23:53:15.155449300Z
[QR] QR length: 237,info,"{""level"":""info""}","{""project"":""ce3616d9-58ad-4ec7-a294-1821e1564434"",""environment"":""fb6513d0-42a4-4660-82b5-509c54b15f2a"",""service"":""4978aa94-666c-47c7-8024-3ada55195a51"",""deployment"":""b4365154-eadc-4c11-b568-5a096850e705"",""replica"":""56b3bc11-84b5-4316-abf1-2dec254f4739""}",2026-03-27T23:53:15.155454996Z
[QR] Converting QR to data URL...,info,"{""level"":""info""}","{""project"":""ce3616d9-58ad-4ec7-a294-1821e1564434"",""environment"":""fb6513d0-42a4-4660-82b5-509c54b15f2a"",""service"":""4978aa94-666c-47c7-8024-3ada55195a51"",""deployment"":""b4365154-eadc-4c11-b568-5a096850e705"",""replica"":""56b3bc11-84b5-4316-abf1-2dec254f4739""}",2026-03-27T23:53:15.155462765Z
"[QR] ✅ QR converted, length: 6434",info,"{""level"":""info""}","{""project"":""ce3616d9-58ad-4ec7-a294-1821e1564434"",""environment"":""fb6513d0-42a4-4660-82b5-509c54b15f2a"",""service"":""4978aa94-666c-47c7-8024-3ada55195a51"",""deployment"":""b4365154-eadc-4c11-b568-5a096850e705"",""replica"":""56b3bc11-84b5-4316-abf1-2dec254f4739""}",2026-03-27T23:53:15.155469148Z
[WS NATIVE MESSAGE] Received for akunsatu binary: true len: 39 preview: AAAkaYu+nXzboG4L+PvUteaRNgwtTve4ZgIPsPh4hma3QLvZjpRM,info,"{""level"":""info""}","{""project"":""ce3616d9-58ad-4ec7-a294-1821e1564434"",""environment"":""fb6513d0-42a4-4660-82b5-509c54b15f2a"",""service"":""4978aa94-666c-47c7-8024-3ada55195a51"",""deployment"":""b4365154-eadc-4c11-b568-5a096850e705"",""replica"":""56b3bc11-84b5-4316-abf1-2dec254f4739""}",2026-03-27T23:53:15.155481407Z
communication recv,info,"{""time"":1774655594357,""pid"":94,""hostname"":""9a45ddc40bc4"",""unhandled"":true,""fromMe"":false,""frame"":{""tag"":""iq"",""attrs"":{""from"":""@s.whatsapp.net"",""type"":""get"",""t"":""1774655594"",""xmlns"":""urn:xmpp:ping""}},""level"":""info""}","{""project"":""ce3616d9-58ad-4ec7-a294-1821e1564434"",""environment"":""fb6513d0-42a4-4660-82b5-509c54b15f2a"",""service"":""4978aa94-666c-47c7-8024-3ada55195a51"",""deployment"":""b4365154-eadc-4c11-b568-5a096850e705"",""replica"":""56b3bc11-84b5-4316-abf1-2dec254f4739""}",2026-03-27T23:53:15.155486986Z
[WS NATIVE MESSAGE] Received for akunsatu binary: true len: 46 preview: AAArzPz9D5E+ZuZ0GRNuklkrw6vL6ZMRi8rGzocw2z9l+0xW6JYK0MrKcwSN2Q==,info,"{""level"":""info""}","{""project"":""ce3616d9-58ad-4ec7-a294-1821e1564434"",""environment"":""fb6513d0-42a4-4660-82b5-509c54b15f2a"",""service"":""4978aa94-666c-47c7-8024-3ada55195a51"",""deployment"":""b4365154-eadc-4c11-b568-5a096850e705"",""replica"":""56b3bc11-84b5-4316-abf1-2dec254f4739""}",2026-03-27T23:53:15.155492262Z
==========================================,info,"{""level"":""info""}","{""project"":""ce3616d9-58ad-4ec7-a294-1821e1564434"",""environment"":""fb6513d0-42a4-4660-82b5-509c54b15f2a"",""service"":""4978aa94-666c-47c7-8024-3ada55195a51"",""deployment"":""b4365154-eadc-4c11-b568-5a096850e705"",""replica"":""56b3bc11-84b5-4316-abf1-2dec254f4739""}",2026-03-27T23:53:15.155498641Z
[CONNECTION UPDATE] ✅ EVENT RECEIVED! {,info,"{""level"":""info""}","{""project"":""ce3616d9-58ad-4ec7-a294-1821e1564434"",""environment"":""fb6513d0-42a4-4660-82b5-509c54b15f2a"",""service"":""4978aa94-666c-47c7-8024-3ada55195a51"",""deployment"":""b4365154-eadc-4c11-b568-5a096850e705"",""replica"":""56b3bc11-84b5-4316-abf1-2dec254f4739""}",2026-03-27T23:53:15.155503682Z
"  accountId: 'akunsatu',",info,"{""level"":""info""}","{""project"":""ce3616d9-58ad-4ec7-a294-1821e1564434"",""environment"":""fb6513d0-42a4-4660-82b5-509c54b15f2a"",""service"":""4978aa94-666c-47c7-8024-3ada55195a51"",""deployment"":""b4365154-eadc-4c11-b568-5a096850e705"",""replica"":""56b3bc11-84b5-4316-abf1-2dec254f4739""}",2026-03-27T23:53:15.155508110Z
"  connection: undefined,",info,"{""level"":""info""}","{""project"":""ce3616d9-58ad-4ec7-a294-1821e1564434"",""environment"":""fb6513d0-42a4-4660-82b5-509c54b15f2a"",""service"":""4978aa94-666c-47c7-8024-3ada55195a51"",""deployment"":""b4365154-eadc-4c11-b568-5a096850e705"",""replica"":""56b3bc11-84b5-4316-abf1-2dec254f4739""}",2026-03-27T23:53:15.155513064Z
[DB] Synced 1 accounts to database,info,"{""level"":""info""}","{""project"":""ce3616d9-58ad-4ec7-a294-1821e1564434"",""environment"":""fb6513d0-42a4-4660-82b5-509c54b15f2a"",""service"":""4978aa94-666c-47c7-8024-3ada55195a51"",""deployment"":""b4365154-eadc-4c11-b568-5a096850e705"",""replica"":""56b3bc11-84b5-4316-abf1-2dec254f4739""}",2026-03-27T23:53:21.149620601Z
==========================================,info,"{""level"":""info""}","{""project"":""ce3616d9-58ad-4ec7-a294-1821e1564434"",""environment"":""fb6513d0-42a4-4660-82b5-509c54b15f2a"",""service"":""4978aa94-666c-47c7-8024-3ada55195a51"",""deployment"":""b4365154-eadc-4c11-b568-5a096850e705"",""replica"":""56b3bc11-84b5-4316-abf1-2dec254f4739""}",2026-03-27T23:53:41.234387276Z
[CONNECTION UPDATE] ✅ EVENT RECEIVED! {,info,"{""level"":""info""}","{""project"":""ce3616d9-58ad-4ec7-a294-1821e1564434"",""environment"":""fb6513d0-42a4-4660-82b5-509c54b15f2a"",""service"":""4978aa94-666c-47c7-8024-3ada55195a51"",""deployment"":""b4365154-eadc-4c11-b568-5a096850e705"",""replica"":""56b3bc11-84b5-4316-abf1-2dec254f4739""}",2026-03-27T23:53:41.234395135Z
"  accountId: 'akunsatu',",info,"{""level"":""info""}","{""project"":""ce3616d9-58ad-4ec7-a294-1821e1564434"",""environment"":""fb6513d0-42a4-4660-82b5-509c54b15f2a"",""service"":""4978aa94-666c-47c7-8024-3ada55195a51"",""deployment"":""b4365154-eadc-4c11-b568-5a096850e705"",""replica"":""56b3bc11-84b5-4316-abf1-2dec254f4739""}",2026-03-27T23:53:41.234408189Z
"  connection: undefined,",info,"{""level"":""info""}","{""project"":""ce3616d9-58ad-4ec7-a294-1821e1564434"",""environment"":""fb6513d0-42a4-4660-82b5-509c54b15f2a"",""service"":""4978aa94-666c-47c7-8024-3ada55195a51"",""deployment"":""b4365154-eadc-4c11-b568-5a096850e705"",""replica"":""56b3bc11-84b5-4316-abf1-2dec254f4739""}",2026-03-27T23:53:41.234415939Z
"  hasQr: true,",info,"{""level"":""info""}","{""project"":""ce3616d9-58ad-4ec7-a294-1821e1564434"",""environment"":""fb6513d0-42a4-4660-82b5-509c54b15f2a"",""service"":""4978aa94-666c-47c7-8024-3ada55195a51"",""deployment"":""b4365154-eadc-4c11-b568-5a096850e705"",""replica"":""56b3bc11-84b5-4316-abf1-2dec254f4739""}",2026-03-27T23:53:41.234422733Z
"  qrPreview: '2@IA/2/QFfZNcx6WhsJWkXOEbzRjVBMiTZ+aXO1TCAdrUcsr1p...',",info,"{""level"":""info""}","{""project"":""ce3616d9-58ad-4ec7-a294-1821e1564434"",""environment"":""fb6513d0-42a4-4660-82b5-509c54b15f2a"",""service"":""4978aa94-666c-47c7-8024-3ada55195a51"",""deployment"":""b4365154-eadc-4c11-b568-5a096850e705"",""replica"":""56b3bc11-84b5-4316-abf1-2dec254f4739""}",2026-03-27T23:53:41.234430617Z
  isNewLogin: undefined,info,"{""level"":""info""}","{""project"":""ce3616d9-58ad-4ec7-a294-1821e1564434"",""environment"":""fb6513d0-42a4-4660-82b5-509c54b15f2a"",""service"":""4978aa94-666c-47c7-8024-3ada55195a51"",""deployment"":""b4365154-eadc-4c11-b568-5a096850e705"",""replica"":""56b3bc11-84b5-4316-abf1-2dec254f4739""}",2026-03-27T23:53:41.234439863Z
},info,"{""level"":""info""}","{""project"":""ce3616d9-58ad-4ec7-a294-1821e1564434"",""environment"":""fb6513d0-42a4-4660-82b5-509c54b15f2a"",""service"":""4978aa94-666c-47c7-8024-3ada55195a51"",""deployment"":""b4365154-eadc-4c11-b568-5a096850e705"",""replica"":""56b3bc11-84b5-4316-abf1-2dec254f4739""}",2026-03-27T23:53:41.234446549Z
==========================================,info,"{""level"":""info""}","{""project"":""ce3616d9-58ad-4ec7-a294-1821e1564434"",""environment"":""fb6513d0-42a4-4660-82b5-509c54b15f2a"",""service"":""4978aa94-666c-47c7-8024-3ada55195a51"",""deployment"":""b4365154-eadc-4c11-b568-5a096850e705"",""replica"":""56b3bc11-84b5-4316-abf1-2dec254f4739""}",2026-03-27T23:53:41.234453115Z
[QR] 🎯 QR code received for: akunsatu,info,"{""level"":""info""}","{""project"":""ce3616d9-58ad-4ec7-a294-1821e1564434"",""environment"":""fb6513d0-42a4-4660-82b5-509c54b15f2a"",""service"":""4978aa94-666c-47c7-8024-3ada55195a51"",""deployment"":""b4365154-eadc-4c11-b568-5a096850e705"",""replica"":""56b3bc11-84b5-4316-abf1-2dec254f4739""}",2026-03-27T23:53:41.234459786Z
[QR] QR length: 237,info,"{""level"":""info""}","{""project"":""ce3616d9-58ad-4ec7-a294-1821e1564434"",""environment"":""fb6513d0-42a4-4660-82b5-509c54b15f2a"",""service"":""4978aa94-666c-47c7-8024-3ada55195a51"",""deployment"":""b4365154-eadc-4c11-b568-5a096850e705"",""replica"":""56b3bc11-84b5-4316-abf1-2dec254f4739""}",2026-03-27T23:53:41.234467706Z
[QR] Converting QR to data URL...,info,"{""level"":""info""}","{""project"":""ce3616d9-58ad-4ec7-a294-1821e1564434"",""environment"":""fb6513d0-42a4-4660-82b5-509c54b15f2a"",""service"":""4978aa94-666c-47c7-8024-3ada55195a51"",""deployment"":""b4365154-eadc-4c11-b568-5a096850e705"",""replica"":""56b3bc11-84b5-4316-abf1-2dec254f4739""}",2026-03-27T23:53:41.234478163Z
"[QR] ✅ QR converted, length: 6446",info,"{""level"":""info""}","{""project"":""ce3616d9-58ad-4ec7-a294-1821e1564434"",""environment"":""fb6513d0-42a4-4660-82b5-509c54b15f2a"",""service"":""4978aa94-666c-47c7-8024-3ada55195a51"",""deployment"":""b4365154-eadc-4c11-b568-5a096850e705"",""replica"":""56b3bc11-84b5-4316-abf1-2dec254f4739""}",2026-03-27T23:53:41.234486100Z
[WS NATIVE SEND] Sending for akunsatu type: object preview: AAAq7BCZ6ZIqkp5C0W3BqNaGcwDDMtvd49LGFCAppVOq3P7OXO7autfgdcRC,info,"{""level"":""info""}","{""project"":""ce3616d9-58ad-4ec7-a294-1821e1564434"",""environment"":""fb6513d0-42a4-4660-82b5-509c54b15f2a"",""service"":""4978aa94-666c-47c7-8024-3ada55195a51"",""deployment"":""b4365154-eadc-4c11-b568-5a096850e705"",""replica"":""56b3bc11-84b5-4316-abf1-2dec254f4739""}",2026-03-27T23:53:44.681947012Z
[WS NATIVE MESSAGE] Received for akunsatu binary: true len: 39 preview: AAAkAYlCCqQVYsy7ZS7wCniZO1/qCv8OHI3Lxd6XeZcohz+5TBet,info,"{""level"":""info""}","{""project"":""ce3616d9-58ad-4ec7-a294-1821e1564434"",""environment"":""fb6513d0-42a4-4660-82b5-509c54b15f2a"",""service"":""4978aa94-666c-47c7-8024-3ada55195a51"",""deployment"":""b4365154-eadc-4c11-b568-5a096850e705"",""replica"":""56b3bc11-84b5-4316-abf1-2dec254f4739""}",2026-03-27T23:53:44.681953683Z
communication recv,info,"{""time"":1774655624360,""pid"":94,""hostname"":""9a45ddc40bc4"",""unhandled"":true,""fromMe"":false,""frame"":{""tag"":""iq"",""attrs"":{""from"":""@s.whatsapp.net"",""type"":""get"",""t"":""1774655624"",""xmlns"":""urn:xmpp:ping""}},""level"":""info""}","{""project"":""ce3616d9-58ad-4ec7-a294-1821e1564434"",""environment"":""fb6513d0-42a4-4660-82b5-509c54b15f2a"",""service"":""4978aa94-666c-47c7-8024-3ada55195a51"",""deployment"":""b4365154-eadc-4c11-b568-5a096850e705"",""replica"":""56b3bc11-84b5-4316-abf1-2dec254f4739""}",2026-03-27T23:53:44.681959646Z
[WS NATIVE MESSAGE] Received for akunsatu binary: true len: 46 preview: AAArIUcYmX5aLOrd748q30WwzlWX4oUGcU7AcYNMQ9rsh9j/NBnBSeThL1+8Ww==,info,"{""level"":""info""}","{""project"":""ce3616d9-58ad-4ec7-a294-1821e1564434"",""environment"":""fb6513d0-42a4-4660-82b5-509c54b15f2a"",""service"":""4978aa94-666c-47c7-8024-3ada55195a51"",""deployment"":""b4365154-eadc-4c11-b568-5a096850e705"",""replica"":""56b3bc11-84b5-4316-abf1-2dec254f4739""}",2026-03-27T23:53:44.681967526Z
[DB] Synced 1 accounts to database,info,"{""level"":""info""}","{""project"":""ce3616d9-58ad-4ec7-a294-1821e1564434"",""environment"":""fb6513d0-42a4-4660-82b5-509c54b15f2a"",""service"":""4978aa94-666c-47c7-8024-3ada55195a51"",""deployment"":""b4365154-eadc-4c11-b568-5a096850e705"",""replica"":""56b3bc11-84b5-4316-abf1-2dec254f4739""}",2026-03-27T23:53:51.636541505Z
==========================================,info,"{""level"":""info""}","{""project"":""ce3616d9-58ad-4ec7-a294-1821e1564434"",""environment"":""fb6513d0-42a4-4660-82b5-509c54b15f2a"",""service"":""4978aa94-666c-47c7-8024-3ada55195a51"",""deployment"":""b4365154-eadc-4c11-b568-5a096850e705"",""replica"":""56b3bc11-84b5-4316-abf1-2dec254f4739""}",2026-03-27T23:53:54.821533452Z
[CONNECTION UPDATE] ✅ EVENT RECEIVED! {,info,"{""level"":""info""}","{""project"":""ce3616d9-58ad-4ec7-a294-1821e1564434"",""environment"":""fb6513d0-42a4-4660-82b5-509c54b15f2a"",""service"":""4978aa94-666c-47c7-8024-3ada55195a51"",""deployment"":""b4365154-eadc-4c11-b568-5a096850e705"",""replica"":""56b3bc11-84b5-4316-abf1-2dec254f4739""}",2026-03-27T23:53:54.821538815Z
"  accountId: 'akunsatu',",info,"{""level"":""info""}","{""project"":""ce3616d9-58ad-4ec7-a294-1821e1564434"",""environment"":""fb6513d0-42a4-4660-82b5-509c54b15f2a"",""service"":""4978aa94-666c-47c7-8024-3ada55195a51"",""deployment"":""b4365154-eadc-4c11-b568-5a096850e705"",""replica"":""56b3bc11-84b5-4316-abf1-2dec254f4739""}",2026-03-27T23:53:54.821544842Z
"  connection: undefined,",info,"{""level"":""info""}","{""project"":""ce3616d9-58ad-4ec7-a294-1821e1564434"",""environment"":""fb6513d0-42a4-4660-82b5-509c54b15f2a"",""service"":""4978aa94-666c-47c7-8024-3ada55195a51"",""deployment"":""b4365154-eadc-4c11-b568-5a096850e705"",""replica"":""56b3bc11-84b5-4316-abf1-2dec254f4739""}",2026-03-27T23:53:54.821550048Z
"  hasQr: true,",info,"{""level"":""info""}","{""project"":""ce3616d9-58ad-4ec7-a294-1821e1564434"",""environment"":""fb6513d0-42a4-4660-82b5-509c54b15f2a"",""service"":""4978aa94-666c-47c7-8024-3ada55195a51"",""deployment"":""b4365154-eadc-4c11-b568-5a096850e705"",""replica"":""56b3bc11-84b5-4316-abf1-2dec254f4739""}",2026-03-27T23:53:54.821555207Z
"  qrPreview: '2@W5UsMMiYbuZDmebnL39c74Aum7Vyha0Sxfe01Wrru1J4jKWF...',",info,"{""level"":""info""}","{""project"":""ce3616d9-58ad-4ec7-a294-1821e1564434"",""environment"":""fb6513d0-42a4-4660-82b5-509c54b15f2a"",""service"":""4978aa94-666c-47c7-8024-3ada55195a51"",""deployment"":""b4365154-eadc-4c11-b568-5a096850e705"",""replica"":""56b3bc11-84b5-4316-abf1-2dec254f4739""}",2026-03-27T23:53:54.821560126Z
  isNewLogin: undefined,info,"{""level"":""info""}","{""project"":""ce3616d9-58ad-4ec7-a294-1821e1564434"",""environment"":""fb6513d0-42a4-4660-82b5-509c54b15f2a"",""service"":""4978aa94-666c-47c7-8024-3ada55195a51"",""deployment"":""b4365154-eadc-4c11-b568-5a096850e705"",""replica"":""56b3bc11-84b5-4316-abf1-2dec254f4739""}",2026-03-27T23:53:54.821566834Z
},info,"{""level"":""info""}","{""project"":""ce3616d9-58ad-4ec7-a294-1821e1564434"",""environment"":""fb6513d0-42a4-4660-82b5-509c54b15f2a"",""service"":""4978aa94-666c-47c7-8024-3ada55195a51"",""deployment"":""b4365154-eadc-4c11-b568-5a096850e705"",""replica"":""56b3bc11-84b5-4316-abf1-2dec254f4739""}",2026-03-27T23:53:54.821571802Z
==========================================,info,"{""level"":""info""}","{""project"":""ce3616d9-58ad-4ec7-a294-1821e1564434"",""environment"":""fb6513d0-42a4-4660-82b5-509c54b15f2a"",""service"":""4978aa94-666c-47c7-8024-3ada55195a51"",""deployment"":""b4365154-eadc-4c11-b568-5a096850e705"",""replica"":""56b3bc11-84b5-4316-abf1-2dec254f4739""}",2026-03-27T23:53:54.821576261Z
[QR] 🎯 QR code received for: akunsatu,info,"{""level"":""info""}","{""project"":""ce3616d9-58ad-4ec7-a294-1821e1564434"",""environment"":""fb6513d0-42a4-4660-82b5-509c54b15f2a"",""service"":""4978aa94-666c-47c7-8024-3ada55195a51"",""deployment"":""b4365154-eadc-4c11-b568-5a096850e705"",""replica"":""56b3bc11-84b5-4316-abf1-2dec254f4739""}",2026-03-27T23:53:54.821580435Z
[QR] QR length: 237,info,"{""level"":""info""}","{""project"":""ce3616d9-58ad-4ec7-a294-1821e1564434"",""environment"":""fb6513d0-42a4-4660-82b5-509c54b15f2a"",""service"":""4978aa94-666c-47c7-8024-3ada55195a51"",""deployment"":""b4365154-eadc-4c11-b568-5a096850e705"",""replica"":""56b3bc11-84b5-4316-abf1-2dec254f4739""}",2026-03-27T23:53:54.821585193Z
[QR] Converting QR to data URL...,info,"{""level"":""info""}","{""project"":""ce3616d9-58ad-4ec7-a294-1821e1564434"",""environment"":""fb6513d0-42a4-4660-82b5-509c54b15f2a"",""service"":""4978aa94-666c-47c7-8024-3ada55195a51"",""deployment"":""b4365154-eadc-4c11-b568-5a096850e705"",""replica"":""56b3bc11-84b5-4316-abf1-2dec254f4739""}",2026-03-27T23:53:54.821590407Z
"[QR] ✅ QR converted, length: 6410",info,"{""level"":""info""}","{""project"":""ce3616d9-58ad-4ec7-a294-1821e1564434"",""environment"":""fb6513d0-42a4-4660-82b5-509c54b15f2a"",""service"":""4978aa94-666c-47c7-8024-3ada55195a51"",""deployment"":""b4365154-eadc-4c11-b568-5a096850e705"",""replica"":""56b3bc11-84b5-4316-abf1-2dec254f4739""}",2026-03-27T23:53:54.821595019Z
[WS NATIVE SEND] Sending for akunsatu type: object preview: AAAq2qK/9gt7054Bf5yrvKBXrWaBZVqvMASjpqNC3QT2uGGZxhyQWyq3BOi5,info,"{""level"":""info""}","{""project"":""ce3616d9-58ad-4ec7-a294-1821e1564434"",""environment"":""fb6513d0-42a4-4660-82b5-509c54b15f2a"",""service"":""4978aa94-666c-47c7-8024-3ada55195a51"",""deployment"":""b4365154-eadc-4c11-b568-5a096850e705"",""replica"":""56b3bc11-84b5-4316-abf1-2dec254f4739""}",2026-03-27T23:54:14.369403260Z
[WS NATIVE MESSAGE] Received for akunsatu binary: true len: 46 preview: AAArPD+/4UjmWGpSygpNa5lm7Kx3sNRjVfNUliIy8SQFqXsJ3bRKY+m40jNe5w==,info,"{""level"":""info""}","{""project"":""ce3616d9-58ad-4ec7-a294-1821e1564434"",""environment"":""fb6513d0-42a4-4660-82b5-509c54b15f2a"",""service"":""4978aa94-666c-47c7-8024-3ada55195a51"",""deployment"":""b4365154-eadc-4c11-b568-5a096850e705"",""replica"":""56b3bc11-84b5-4316-abf1-2dec254f4739""}",2026-03-27T23:54:14.369419969Z
==========================================,info,"{""level"":""info""}","{""project"":""ce3616d9-58ad-4ec7-a294-1821e1564434"",""environment"":""fb6513d0-42a4-4660-82b5-509c54b15f2a"",""service"":""4978aa94-666c-47c7-8024-3ada55195a51"",""deployment"":""b4365154-eadc-4c11-b568-5a096850e705"",""replica"":""56b3bc11-84b5-4316-abf1-2dec254f4739""}",2026-03-27T23:54:15.520333368Z
[CONNECTION UPDATE] ✅ EVENT RECEIVED! {,info,"{""level"":""info""}","{""project"":""ce3616d9-58ad-4ec7-a294-1821e1564434"",""environment"":""fb6513d0-42a4-4660-82b5-509c54b15f2a"",""service"":""4978aa94-666c-47c7-8024-3ada55195a51"",""deployment"":""b4365154-eadc-4c11-b568-5a096850e705"",""replica"":""56b3bc11-84b5-4316-abf1-2dec254f4739""}",2026-03-27T23:54:15.520340596Z
"  accountId: 'akunsatu',",info,"{""level"":""info""}","{""project"":""ce3616d9-58ad-4ec7-a294-1821e1564434"",""environment"":""fb6513d0-42a4-4660-82b5-509c54b15f2a"",""service"":""4978aa94-666c-47c7-8024-3ada55195a51"",""deployment"":""b4365154-eadc-4c11-b568-5a096850e705"",""replica"":""56b3bc11-84b5-4316-abf1-2dec254f4739""}",2026-03-27T23:54:15.520347968Z
"  connection: undefined,",info,"{""level"":""info""}","{""project"":""ce3616d9-58ad-4ec7-a294-1821e1564434"",""environment"":""fb6513d0-42a4-4660-82b5-509c54b15f2a"",""service"":""4978aa94-666c-47c7-8024-3ada55195a51"",""deployment"":""b4365154-eadc-4c11-b568-5a096850e705"",""replica"":""56b3bc11-84b5-4316-abf1-2dec254f4739""}",2026-03-27T23:54:15.520355013Z
"  hasQr: true,",info,"{""level"":""info""}","{""project"":""ce3616d9-58ad-4ec7-a294-1821e1564434"",""environment"":""fb6513d0-42a4-4660-82b5-509c54b15f2a"",""service"":""4978aa94-666c-47c7-8024-3ada55195a51"",""deployment"":""b4365154-eadc-4c11-b568-5a096850e705"",""replica"":""56b3bc11-84b5-4316-abf1-2dec254f4739""}",2026-03-27T23:54:15.520363512Z
"  qrPreview: '2@Uz4RV3sCx1iI1bJoVXVeo72VU3ORiWJQBftsdmCpXADwQQnj...',",info,"{""level"":""info""}","{""project"":""ce3616d9-58ad-4ec7-a294-1821e1564434"",""environment"":""fb6513d0-42a4-4660-82b5-509c54b15f2a"",""service"":""4978aa94-666c-47c7-8024-3ada55195a51"",""deployment"":""b4365154-eadc-4c11-b568-5a096850e705"",""replica"":""56b3bc11-84b5-4316-abf1-2dec254f4739""}",2026-03-27T23:54:15.520373228Z
  isNewLogin: undefined,info,"{""level"":""info""}","{""project"":""ce3616d9-58ad-4ec7-a294-1821e1564434"",""environment"":""fb6513d0-42a4-4660-82b5-509c54b15f2a"",""service"":""4978aa94-666c-47c7-8024-3ada55195a51"",""deployment"":""b4365154-eadc-4c11-b568-5a096850e705"",""replica"":""56b3bc11-84b5-4316-abf1-2dec254f4739""}",2026-03-27T23:54:15.520380465Z
},info,"{""level"":""info""}","{""project"":""ce3616d9-58ad-4ec7-a294-1821e1564434"",""environment"":""fb6513d0-42a4-4660-82b5-509c54b15f2a"",""service"":""4978aa94-666c-47c7-8024-3ada55195a51"",""deployment"":""b4365154-eadc-4c11-b568-5a096850e705"",""replica"":""56b3bc11-84b5-4316-abf1-2dec254f4739""}",2026-03-27T23:54:15.520387272Z
==========================================,info,"{""level"":""info""}","{""project"":""ce3616d9-58ad-4ec7-a294-1821e1564434"",""environment"":""fb6513d0-42a4-4660-82b5-509c54b15f2a"",""service"":""4978aa94-666c-47c7-8024-3ada55195a51"",""deployment"":""b4365154-eadc-4c11-b568-5a096850e705"",""replica"":""56b3bc11-84b5-4316-abf1-2dec254f4739""}",2026-03-27T23:54:15.520394562Z
[QR] 🎯 QR code received for: akunsatu,info,"{""level"":""info""}","{""project"":""ce3616d9-58ad-4ec7-a294-1821e1564434"",""environment"":""fb6513d0-42a4-4660-82b5-509c54b15f2a"",""service"":""4978aa94-666c-47c7-8024-3ada55195a51"",""deployment"":""b4365154-eadc-4c11-b568-5a096850e705"",""replica"":""56b3bc11-84b5-4316-abf1-2dec254f4739""}",2026-03-27T23:54:15.520401102Z
[QR] QR length: 237,info,"{""level"":""info""}","{""project"":""ce3616d9-58ad-4ec7-a294-1821e1564434"",""environment"":""fb6513d0-42a4-4660-82b5-509c54b15f2a"",""service"":""4978aa94-666c-47c7-8024-3ada55195a51"",""deployment"":""b4365154-eadc-4c11-b568-5a096850e705"",""replica"":""56b3bc11-84b5-4316-abf1-2dec254f4739""}",2026-03-27T23:54:15.520408145Z
[QR] Converting QR to data URL...,info,"{""level"":""info""}","{""project"":""ce3616d9-58ad-4ec7-a294-1821e1564434"",""environment"":""fb6513d0-42a4-4660-82b5-509c54b15f2a"",""service"":""4978aa94-666c-47c7-8024-3ada55195a51"",""deployment"":""b4365154-eadc-4c11-b568-5a096850e705"",""replica"":""56b3bc11-84b5-4316-abf1-2dec254f4739""}",2026-03-27T23:54:15.520415364Z
"[QR] ✅ QR converted, length: 6418",info,"{""level"":""info""}","{""project"":""ce3616d9-58ad-4ec7-a294-1821e1564434"",""environment"":""fb6513d0-42a4-4660-82b5-509c54b15f2a"",""service"":""4978aa94-666c-47c7-8024-3ada55195a51"",""deployment"":""b4365154-eadc-4c11-b568-5a096850e705"",""replica"":""56b3bc11-84b5-4316-abf1-2dec254f4739""}",2026-03-27T23:54:15.520424406Z
[DB] Synced 1 accounts to database,info,"{""level"":""info""}","{""project"":""ce3616d9-58ad-4ec7-a294-1821e1564434"",""environment"":""fb6513d0-42a4-4660-82b5-509c54b15f2a"",""service"":""4978aa94-666c-47c7-8024-3ada55195a51"",""deployment"":""b4365154-eadc-4c11-b568-5a096850e705"",""replica"":""56b3bc11-84b5-4316-abf1-2dec254f4739""}",2026-03-27T23:54:21.426072574Z
==========================================,info,"{""level"":""info""}","{""project"":""ce3616d9-58ad-4ec7-a294-1821e1564434"",""environment"":""fb6513d0-42a4-4660-82b5-509c54b15f2a"",""service"":""4978aa94-666c-47c7-8024-3ada55195a51"",""deployment"":""b4365154-eadc-4c11-b568-5a096850e705"",""replica"":""56b3bc11-84b5-4316-abf1-2dec254f4739""}",2026-03-27T23:54:40.629566615Z
[CONNECTION UPDATE] ✅ EVENT RECEIVED! {,info,"{""level"":""info""}","{""project"":""ce3616d9-58ad-4ec7-a294-1821e1564434"",""environment"":""fb6513d0-42a4-4660-82b5-509c54b15f2a"",""service"":""4978aa94-666c-47c7-8024-3ada55195a51"",""deployment"":""b4365154-eadc-4c11-b568-5a096850e705"",""replica"":""56b3bc11-84b5-4316-abf1-2dec254f4739""}",2026-03-27T23:54:40.629908247Z
"  accountId: 'akunsatu',",info,"{""level"":""info""}","{""project"":""ce3616d9-58ad-4ec7-a294-1821e1564434"",""environment"":""fb6513d0-42a4-4660-82b5-509c54b15f2a"",""service"":""4978aa94-666c-47c7-8024-3ada55195a51"",""deployment"":""b4365154-eadc-4c11-b568-5a096850e705"",""replica"":""56b3bc11-84b5-4316-abf1-2dec254f4739""}",2026-03-27T23:54:40.629919656Z
"  connection: undefined,",info,"{""level"":""info""}","{""project"":""ce3616d9-58ad-4ec7-a294-1821e1564434"",""environment"":""fb6513d0-42a4-4660-82b5-509c54b15f2a"",""service"":""4978aa94-666c-47c7-8024-3ada55195a51"",""deployment"":""b4365154-eadc-4c11-b568-5a096850e705"",""replica"":""56b3bc11-84b5-4316-abf1-2dec254f4739""}",2026-03-27T23:54:40.629927536Z
"  hasQr: true,",info,"{""level"":""info""}","{""project"":""ce3616d9-58ad-4ec7-a294-1821e1564434"",""environment"":""fb6513d0-42a4-4660-82b5-509c54b15f2a"",""service"":""4978aa94-666c-47c7-8024-3ada55195a51"",""deployment"":""b4365154-eadc-4c11-b568-5a096850e705"",""replica"":""56b3bc11-84b5-4316-abf1-2dec254f4739""}",2026-03-27T23:54:40.629933347Z
"  qrPreview: '2@MCx9XpW3g0+KN+DVO9gNfXorVWIaEizJi9Pstf3L4S9II0oo...',",info,"{""level"":""info""}","{""project"":""ce3616d9-58ad-4ec7-a294-1821e1564434"",""environment"":""fb6513d0-42a4-4660-82b5-509c54b15f2a"",""service"":""4978aa94-666c-47c7-8024-3ada55195a51"",""deployment"":""b4365154-eadc-4c11-b568-5a096850e705"",""replica"":""56b3bc11-84b5-4316-abf1-2dec254f4739""}",2026-03-27T23:54:40.629938569Z
  isNewLogin: undefined,info,"{""level"":""info""}","{""project"":""ce3616d9-58ad-4ec7-a294-1821e1564434"",""environment"":""fb6513d0-42a4-4660-82b5-509c54b15f2a"",""service"":""4978aa94-666c-47c7-8024-3ada55195a51"",""deployment"":""b4365154-eadc-4c11-b568-5a096850e705"",""replica"":""56b3bc11-84b5-4316-abf1-2dec254f4739""}",2026-03-27T23:54:40.629944445Z
},info,"{""level"":""info""}","{""project"":""ce3616d9-58ad-4ec7-a294-1821e1564434"",""environment"":""fb6513d0-42a4-4660-82b5-509c54b15f2a"",""service"":""4978aa94-666c-47c7-8024-3ada55195a51"",""deployment"":""b4365154-eadc-4c11-b568-5a096850e705"",""replica"":""56b3bc11-84b5-4316-abf1-2dec254f4739""}",2026-03-27T23:54:40.629950520Z
==========================================,info,"{""level"":""info""}","{""project"":""ce3616d9-58ad-4ec7-a294-1821e1564434"",""environment"":""fb6513d0-42a4-4660-82b5-509c54b15f2a"",""service"":""4978aa94-666c-47c7-8024-3ada55195a51"",""deployment"":""b4365154-eadc-4c11-b568-5a096850e705"",""replica"":""56b3bc11-84b5-4316-abf1-2dec254f4739""}",2026-03-27T23:54:40.629958228Z
[QR] 🎯 QR code received for: akunsatu,info,"{""level"":""info""}","{""project"":""ce3616d9-58ad-4ec7-a294-1821e1564434"",""environment"":""fb6513d0-42a4-4660-82b5-509c54b15f2a"",""service"":""4978aa94-666c-47c7-8024-3ada55195a51"",""deployment"":""b4365154-eadc-4c11-b568-5a096850e705"",""replica"":""56b3bc11-84b5-4316-abf1-2dec254f4739""}",2026-03-27T23:54:40.629964379Z
[QR] QR length: 237,info,"{""level"":""info""}","{""project"":""ce3616d9-58ad-4ec7-a294-1821e1564434"",""environment"":""fb6513d0-42a4-4660-82b5-509c54b15f2a"",""service"":""4978aa94-666c-47c7-8024-3ada55195a51"",""deployment"":""b4365154-eadc-4c11-b568-5a096850e705"",""replica"":""56b3bc11-84b5-4316-abf1-2dec254f4739""}",2026-03-27T23:54:40.629970587Z
[QR] Converting QR to data URL...,info,"{""level"":""info""}","{""project"":""ce3616d9-58ad-4ec7-a294-1821e1564434"",""environment"":""fb6513d0-42a4-4660-82b5-509c54b15f2a"",""service"":""4978aa94-666c-47c7-8024-3ada55195a51"",""deployment"":""b4365154-eadc-4c11-b568-5a096850e705"",""replica"":""56b3bc11-84b5-4316-abf1-2dec254f4739""}",2026-03-27T23:54:40.629975904Z
"[QR] ✅ QR converted, length: 6382",info,"{""level"":""info""}","{""project"":""ce3616d9-58ad-4ec7-a294-1821e1564434"",""environment"":""fb6513d0-42a4-4660-82b5-509c54b15f2a"",""service"":""4978aa94-666c-47c7-8024-3ada55195a51"",""deployment"":""b4365154-eadc-4c11-b568-5a096850e705"",""replica"":""56b3bc11-84b5-4316-abf1-2dec254f4739""}",2026-03-27T23:54:40.629980726Z
[WS NATIVE SEND] Sending for akunsatu type: object preview: AAAqeTq80nSmQsuNGuGkbjePwNmlwxkSejO/I6uw7YRQkBHK7ZNxICM89MZg,info,"{""level"":""info""}","{""project"":""ce3616d9-58ad-4ec7-a294-1821e1564434"",""environment"":""fb6513d0-42a4-4660-82b5-509c54b15f2a"",""service"":""4978aa94-666c-47c7-8024-3ada55195a51"",""deployment"":""b4365154-eadc-4c11-b568-5a096850e705"",""replica"":""56b3bc11-84b5-4316-abf1-2dec254f4739""}",2026-03-27T23:54:44.964091450Z
[WS NATIVE MESSAGE] Received for akunsatu binary: true len: 39 preview: AAAk9LVSN+JuEcdHnLKZ2nJBRiWhplHfHxZwxjq8zJFquobkUHpI,info,"{""level"":""info""}","{""project"":""ce3616d9-58ad-4ec7-a294-1821e1564434"",""environment"":""fb6513d0-42a4-4660-82b5-509c54b15f2a"",""service"":""4978aa94-666c-47c7-8024-3ada55195a51"",""deployment"":""b4365154-eadc-4c11-b568-5a096850e705"",""replica"":""56b3bc11-84b5-4316-abf1-2dec254f4739""}",2026-03-27T23:54:44.964097175Z
communication recv,info,"{""time"":1774655684360,""pid"":94,""hostname"":""9a45ddc40bc4"",""unhandled"":true,""fromMe"":false,""frame"":{""tag"":""iq"",""attrs"":{""from"":""@s.whatsapp.net"",""type"":""get"",""t"":""1774655684"",""xmlns"":""urn:xmpp:ping""}},""level"":""info""}","{""project"":""ce3616d9-58ad-4ec7-a294-1821e1564434"",""environment"":""fb6513d0-42a4-4660-82b5-509c54b15f2a"",""service"":""4978aa94-666c-47c7-8024-3ada55195a51"",""deployment"":""b4365154-eadc-4c11-b568-5a096850e705"",""replica"":""56b3bc11-84b5-4316-abf1-2dec254f4739""}",2026-03-27T23:54:44.964103123Z
[WS NATIVE MESSAGE] Received for akunsatu binary: true len: 46 preview: AAArmnv0tu9ZnJ7HxIQgFVizpceU0PPQh9Ia2jLtQpVL/mECcjThrA+Ecc3FmQ==,info,"{""level"":""info""}","{""project"":""ce3616d9-58ad-4ec7-a294-1821e1564434"",""environment"":""fb6513d0-42a4-4660-82b5-509c54b15f2a"",""service"":""4978aa94-666c-47c7-8024-3ada55195a51"",""deployment"":""b4365154-eadc-4c11-b568-5a096850e705"",""replica"":""56b3bc11-84b5-4316-abf1-2dec254f4739""}",2026-03-27T23:54:44.964109450Z
[DB] Synced 1 accounts to database,info,"{""level"":""info""}","{""project"":""ce3616d9-58ad-4ec7-a294-1821e1564434"",""environment"":""fb6513d0-42a4-4660-82b5-509c54b15f2a"",""service"":""4978aa94-666c-47c7-8024-3ada55195a51"",""deployment"":""b4365154-eadc-4c11-b568-5a096850e705"",""replica"":""56b3bc11-84b5-4316-abf1-2dec254f4739""}",2026-03-27T23:54:51.207502332Z
connection errored,info,"{""time"":1774655694584,""pid"":94,""hostname"":""9a45ddc40bc4"",""trace"":""Error: QR refs attempts ended\n    at Timeout.genPairQR (/app/mini-services/whatsapp-service/node_modules/@whiskeysockets/baileys/src/Socket/socket.ts:594:9)\n    at listOnTimeout (node:internal/timers:588:17)\n    at process.processTimers (node:internal/timers:523:7)"",""level"":""info""}","{""project"":""ce3616d9-58ad-4ec7-a294-1821e1564434"",""environment"":""fb6513d0-42a4-4660-82b5-509c54b15f2a"",""service"":""4978aa94-666c-47c7-8024-3ada55195a51"",""deployment"":""b4365154-eadc-4c11-b568-5a096850e705"",""replica"":""56b3bc11-84b5-4316-abf1-2dec254f4739""}",2026-03-27T23:54:54.886396813Z
==========================================,info,"{""level"":""info""}","{""project"":""ce3616d9-58ad-4ec7-a294-1821e1564434"",""environment"":""fb6513d0-42a4-4660-82b5-509c54b15f2a"",""service"":""4978aa94-666c-47c7-8024-3ada55195a51"",""deployment"":""b4365154-eadc-4c11-b568-5a096850e705"",""replica"":""56b3bc11-84b5-4316-abf1-2dec254f4739""}",2026-03-27T23:54:54.886403679Z
[CONNECTION UPDATE] ✅ EVENT RECEIVED! {,info,"{""level"":""info""}","{""project"":""ce3616d9-58ad-4ec7-a294-1821e1564434"",""environment"":""fb6513d0-42a4-4660-82b5-509c54b15f2a"",""service"":""4978aa94-666c-47c7-8024-3ada55195a51"",""deployment"":""b4365154-eadc-4c11-b568-5a096850e705"",""replica"":""56b3bc11-84b5-4316-abf1-2dec254f4739""}",2026-03-27T23:54:54.886411867Z
"  accountId: 'akunsatu',",info,"{""level"":""info""}","{""project"":""ce3616d9-58ad-4ec7-a294-1821e1564434"",""environment"":""fb6513d0-42a4-4660-82b5-509c54b15f2a"",""service"":""4978aa94-666c-47c7-8024-3ada55195a51"",""deployment"":""b4365154-eadc-4c11-b568-5a096850e705"",""replica"":""56b3bc11-84b5-4316-abf1-2dec254f4739""}",2026-03-27T23:54:54.886418583Z
"  connection: 'close',",info,"{""level"":""info""}","{""project"":""ce3616d9-58ad-4ec7-a294-1821e1564434"",""environment"":""fb6513d0-42a4-4660-82b5-509c54b15f2a"",""service"":""4978aa94-666c-47c7-8024-3ada55195a51"",""deployment"":""b4365154-eadc-4c11-b568-5a096850e705"",""replica"":""56b3bc11-84b5-4316-abf1-2dec254f4739""}",2026-03-27T23:54:54.886425553Z
"  hasQr: false,",info,"{""level"":""info""}","{""project"":""ce3616d9-58ad-4ec7-a294-1821e1564434"",""environment"":""fb6513d0-42a4-4660-82b5-509c54b15f2a"",""service"":""4978aa94-666c-47c7-8024-3ada55195a51"",""deployment"":""b4365154-eadc-4c11-b568-5a096850e705"",""replica"":""56b3bc11-84b5-4316-abf1-2dec254f4739""}",2026-03-27T23:54:54.886454461Z
"  qrPreview: null,",info,"{""level"":""info""}","{""project"":""ce3616d9-58ad-4ec7-a294-1821e1564434"",""environment"":""fb6513d0-42a4-4660-82b5-509c54b15f2a"",""service"":""4978aa94-666c-47c7-8024-3ada55195a51"",""deployment"":""b4365154-eadc-4c11-b568-5a096850e705"",""replica"":""56b3bc11-84b5-4316-abf1-2dec254f4739""}",2026-03-27T23:54:54.886461496Z
  isNewLogin: undefined,info,"{""level"":""info""}","{""project"":""ce3616d9-58ad-4ec7-a294-1821e1564434"",""environment"":""fb6513d0-42a4-4660-82b5-509c54b15f2a"",""service"":""4978aa94-666c-47c7-8024-3ada55195a51"",""deployment"":""b4365154-eadc-4c11-b568-5a096850e705"",""replica"":""56b3bc11-84b5-4316-abf1-2dec254f4739""}",2026-03-27T23:54:54.886467748Z
},info,"{""level"":""info""}","{""project"":""ce3616d9-58ad-4ec7-a294-1821e1564434"",""environment"":""fb6513d0-42a4-4660-82b5-509c54b15f2a"",""service"":""4978aa94-666c-47c7-8024-3ada55195a51"",""deployment"":""b4365154-eadc-4c11-b568-5a096850e705"",""replica"":""56b3bc11-84b5-4316-abf1-2dec254f4739""}",2026-03-27T23:54:54.886473414Z
==========================================,info,"{""level"":""info""}","{""project"":""ce3616d9-58ad-4ec7-a294-1821e1564434"",""environment"":""fb6513d0-42a4-4660-82b5-509c54b15f2a"",""service"":""4978aa94-666c-47c7-8024-3ada55195a51"",""deployment"":""b4365154-eadc-4c11-b568-5a096850e705"",""replica"":""56b3bc11-84b5-4316-abf1-2dec254f4739""}",2026-03-27T23:54:54.886479384Z
[CONNECTION] ❌ Disconnected: akunsatu code: 408 error: QR refs attempts ended,info,"{""level"":""info""}","{""project"":""ce3616d9-58ad-4ec7-a294-1821e1564434"",""environment"":""fb6513d0-42a4-4660-82b5-509c54b15f2a"",""service"":""4978aa94-666c-47c7-8024-3ada55195a51"",""deployment"":""b4365154-eadc-4c11-b568-5a096850e705"",""replica"":""56b3bc11-84b5-4316-abf1-2dec254f4739""}",2026-03-27T23:54:54.886484489Z
[WS NATIVE MESSAGE] Received for akunsatu binary: true len: 4 preview: iAID8w==,info,"{""level"":""info""}","{""project"":""ce3616d9-58ad-4ec7-a294-1821e1564434"",""environment"":""fb6513d0-42a4-4660-82b5-509c54b15f2a"",""service"":""4978aa94-666c-47c7-8024-3ada55195a51"",""deployment"":""b4365154-eadc-4c11-b568-5a096850e705"",""replica"":""56b3bc11-84b5-4316-abf1-2dec254f4739""}",2026-03-27T23:54:54.929838623Z
[WS NATIVE CLOSE] Native WebSocket closed for akunsatu code: 1006 reason: ,info,"{""level"":""info""}","{""project"":""ce3616d9-58ad-4ec7-a294-1821e1564434"",""environment"":""fb6513d0-42a4-4660-82b5-509c54b15f2a"",""service"":""4978aa94-666c-47c7-8024-3ada55195a51"",""deployment"":""b4365154-eadc-4c11-b568-5a096850e705"",""replica"":""56b3bc11-84b5-4316-abf1-2dec254f4739""}",2026-03-27T23:54:54.929844337Z
[CLEAR SESSION] Deleting session directory with rimraf...,info,"{""level"":""info""}","{""project"":""ce3616d9-58ad-4ec7-a294-1821e1564434"",""environment"":""fb6513d0-42a4-4660-82b5-509c54b15f2a"",""service"":""4978aa94-666c-47c7-8024-3ada55195a51"",""deployment"":""b4365154-eadc-4c11-b568-5a096850e705"",""replica"":""56b3bc11-84b5-4316-abf1-2dec254f4739""}",2026-03-27T23:55:25.208934219Z
[CLEAR SESSION] ✅ Session directory successfully deleted,info,"{""level"":""info""}","{""project"":""ce3616d9-58ad-4ec7-a294-1821e1564434"",""environment"":""fb6513d0-42a4-4660-82b5-509c54b15f2a"",""service"":""4978aa94-666c-47c7-8024-3ada55195a51"",""deployment"":""b4365154-eadc-4c11-b568-5a096850e705"",""replica"":""56b3bc11-84b5-4316-abf1-2dec254f4739""}",2026-03-27T23:55:25.208949628Z
[START SESSION] ✅ Session data cleared successfully,info,"{""level"":""info""}","{""project"":""ce3616d9-58ad-4ec7-a294-1821e1564434"",""environment"":""fb6513d0-42a4-4660-82b5-509c54b15f2a"",""service"":""4978aa94-666c-47c7-8024-3ada55195a51"",""deployment"":""b4365154-eadc-4c11-b568-5a096850e705"",""replica"":""56b3bc11-84b5-4316-abf1-2dec254f4739""}",2026-03-27T23:55:25.208973523Z
[START SESSION] Session directory created: /app/mini-services/whatsapp-service/sessions/akunsatu,info,"{""level"":""info""}","{""project"":""ce3616d9-58ad-4ec7-a294-1821e1564434"",""environment"":""fb6513d0-42a4-4660-82b5-509c54b15f2a"",""service"":""4978aa94-666c-47c7-8024-3ada55195a51"",""deployment"":""b4365154-eadc-4c11-b568-5a096850e705"",""replica"":""56b3bc11-84b5-4316-abf1-2dec254f4739""}",2026-03-27T23:55:25.208984002Z
==========================================,info,"{""level"":""info""}","{""project"":""ce3616d9-58ad-4ec7-a294-1821e1564434"",""environment"":""fb6513d0-42a4-4660-82b5-509c54b15f2a"",""service"":""4978aa94-666c-47c7-8024-3ada55195a51"",""deployment"":""b4365154-eadc-4c11-b568-5a096850e705"",""replica"":""56b3bc11-84b5-4316-abf1-2dec254f4739""}",2026-03-27T23:55:25.208988551Z
[START SESSION] Loading auth state...,info,"{""level"":""info""}","{""project"":""ce3616d9-58ad-4ec7-a294-1821e1564434"",""environment"":""fb6513d0-42a4-4660-82b5-509c54b15f2a"",""service"":""4978aa94-666c-47c7-8024-3ada55195a51"",""deployment"":""b4365154-eadc-4c11-b568-5a096850e705"",""replica"":""56b3bc11-84b5-4316-abf1-2dec254f4739""}",2026-03-27T23:55:25.208994069Z
[START SESSION] Called with: {,info,"{""level"":""info""}","{""project"":""ce3616d9-58ad-4ec7-a294-1821e1564434"",""environment"":""fb6513d0-42a4-4660-82b5-509c54b15f2a"",""service"":""4978aa94-666c-47c7-8024-3ada55195a51"",""deployment"":""b4365154-eadc-4c11-b568-5a096850e705"",""replica"":""56b3bc11-84b5-4316-abf1-2dec254f4739""}",2026-03-27T23:55:25.209002533Z
[START SESSION] Auth state loaded:,info,"{""level"":""info""}","{""project"":""ce3616d9-58ad-4ec7-a294-1821e1564434"",""environment"":""fb6513d0-42a4-4660-82b5-509c54b15f2a"",""service"":""4978aa94-666c-47c7-8024-3ada55195a51"",""deployment"":""b4365154-eadc-4c11-b568-5a096850e705"",""replica"":""56b3bc11-84b5-4316-abf1-2dec254f4739""}",2026-03-27T23:55:25.209008488Z
"  accountId: 'akunsatu',",info,"{""level"":""info""}","{""project"":""ce3616d9-58ad-4ec7-a294-1821e1564434"",""environment"":""fb6513d0-42a4-4660-82b5-509c54b15f2a"",""service"":""4978aa94-666c-47c7-8024-3ada55195a51"",""deployment"":""b4365154-eadc-4c11-b568-5a096850e705"",""replica"":""56b3bc11-84b5-4316-abf1-2dec254f4739""}",2026-03-27T23:55:25.209014861Z
[START SESSION] - hasCreds: true,info,"{""level"":""info""}","{""project"":""ce3616d9-58ad-4ec7-a294-1821e1564434"",""environment"":""fb6513d0-42a4-4660-82b5-509c54b15f2a"",""service"":""4978aa94-666c-47c7-8024-3ada55195a51"",""deployment"":""b4365154-eadc-4c11-b568-5a096850e705"",""replica"":""56b3bc11-84b5-4316-abf1-2dec254f4739""}",2026-03-27T23:55:25.209021926Z
"  usePairingCode: false,",info,"{""level"":""info""}","{""project"":""ce3616d9-58ad-4ec7-a294-1821e1564434"",""environment"":""fb6513d0-42a4-4660-82b5-509c54b15f2a"",""service"":""4978aa94-666c-47c7-8024-3ada55195a51"",""deployment"":""b4365154-eadc-4c11-b568-5a096850e705"",""replica"":""56b3bc11-84b5-4316-abf1-2dec254f4739""}",2026-03-27T23:55:25.209029506Z
[START SESSION] - creds.me exists: false,info,"{""level"":""info""}","{""project"":""ce3616d9-58ad-4ec7-a294-1821e1564434"",""environment"":""fb6513d0-42a4-4660-82b5-509c54b15f2a"",""service"":""4978aa94-666c-47c7-8024-3ada55195a51"",""deployment"":""b4365154-eadc-4c11-b568-5a096850e705"",""replica"":""56b3bc11-84b5-4316-abf1-2dec254f4739""}",2026-03-27T23:55:25.209035343Z
[START SESSION] - creds.me.id: N/A,info,"{""level"":""info""}","{""project"":""ce3616d9-58ad-4ec7-a294-1821e1564434"",""environment"":""fb6513d0-42a4-4660-82b5-509c54b15f2a"",""service"":""4978aa94-666c-47c7-8024-3ada55195a51"",""deployment"":""b4365154-eadc-4c11-b568-5a096850e705"",""replica"":""56b3bc11-84b5-4316-abf1-2dec254f4739""}",2026-03-27T23:55:25.209042473Z
"  phoneNumber: undefined,",info,"{""level"":""info""}","{""project"":""ce3616d9-58ad-4ec7-a294-1821e1564434"",""environment"":""fb6513d0-42a4-4660-82b5-509c54b15f2a"",""service"":""4978aa94-666c-47c7-8024-3ada55195a51"",""deployment"":""b4365154-eadc-4c11-b568-5a096850e705"",""replica"":""56b3bc11-84b5-4316-abf1-2dec254f4739""}",2026-03-27T23:55:25.209053547Z
[START SESSION] - creds.me.name: N/A,info,"{""level"":""info""}","{""project"":""ce3616d9-58ad-4ec7-a294-1821e1564434"",""environment"":""fb6513d0-42a4-4660-82b5-509c54b15f2a"",""service"":""4978aa94-666c-47c7-8024-3ada55195a51"",""deployment"":""b4365154-eadc-4c11-b568-5a096850e705"",""replica"":""56b3bc11-84b5-4316-abf1-2dec254f4739""}",2026-03-27T23:55:25.209053889Z
[START SESSION] - This account will: REGISTER (expect QR),info,"{""level"":""info""}","{""project"":""ce3616d9-58ad-4ec7-a294-1821e1564434"",""environment"":""fb6513d0-42a4-4660-82b5-509c54b15f2a"",""service"":""4978aa94-666c-47c7-8024-3ada55195a51"",""deployment"":""b4365154-eadc-4c11-b568-5a096850e705"",""replica"":""56b3bc11-84b5-4316-abf1-2dec254f4739""}",2026-03-27T23:55:25.209065768Z
  forceNew: true,info,"{""level"":""info""}","{""project"":""ce3616d9-58ad-4ec7-a294-1821e1564434"",""environment"":""fb6513d0-42a4-4660-82b5-509c54b15f2a"",""service"":""4978aa94-666c-47c7-8024-3ada55195a51"",""deployment"":""b4365154-eadc-4c11-b568-5a096850e705"",""replica"":""56b3bc11-84b5-4316-abf1-2dec254f4739""}",2026-03-27T23:55:25.209068309Z
},info,"{""level"":""info""}","{""project"":""ce3616d9-58ad-4ec7-a294-1821e1564434"",""environment"":""fb6513d0-42a4-4660-82b5-509c54b15f2a"",""service"":""4978aa94-666c-47c7-8024-3ada55195a51"",""deployment"":""b4365154-eadc-4c11-b568-5a096850e705"",""replica"":""56b3bc11-84b5-4316-abf1-2dec254f4739""}",2026-03-27T23:55:25.209077879Z
[START SESSION] Current accounts: [],info,"{""level"":""info""}","{""project"":""ce3616d9-58ad-4ec7-a294-1821e1564434"",""environment"":""fb6513d0-42a4-4660-82b5-509c54b15f2a"",""service"":""4978aa94-666c-47c7-8024-3ada55195a51"",""deployment"":""b4365154-eadc-4c11-b568-5a096850e705"",""replica"":""56b3bc11-84b5-4316-abf1-2dec254f4739""}",2026-03-27T23:55:25.209086399Z
==========================================,info,"{""level"":""info""}","{""project"":""ce3616d9-58ad-4ec7-a294-1821e1564434"",""environment"":""fb6513d0-42a4-4660-82b5-509c54b15f2a"",""service"":""4978aa94-666c-47c7-8024-3ada55195a51"",""deployment"":""b4365154-eadc-4c11-b568-5a096850e705"",""replica"":""56b3bc11-84b5-4316-abf1-2dec254f4739""}",2026-03-27T23:55:25.209095071Z
"[START SESSION] forceNew=true, clearing old session data...",info,"{""level"":""info""}","{""project"":""ce3616d9-58ad-4ec7-a294-1821e1564434"",""environment"":""fb6513d0-42a4-4660-82b5-509c54b15f2a"",""service"":""4978aa94-666c-47c7-8024-3ada55195a51"",""deployment"":""b4365154-eadc-4c11-b568-5a096850e705"",""replica"":""56b3bc11-84b5-4316-abf1-2dec254f4739""}",2026-03-27T23:55:25.209103216Z
[CLEAR SESSION] Attempting to clear session for: akunsatu,info,"{""level"":""info""}","{""project"":""ce3616d9-58ad-4ec7-a294-1821e1564434"",""environment"":""fb6513d0-42a4-4660-82b5-509c54b15f2a"",""service"":""4978aa94-666c-47c7-8024-3ada55195a51"",""deployment"":""b4365154-eadc-4c11-b568-5a096850e705"",""replica"":""56b3bc11-84b5-4316-abf1-2dec254f4739""}",2026-03-27T23:55:25.209111273Z
[CLEAR SESSION] Session path: /app/mini-services/whatsapp-service/sessions/akunsatu,info,"{""level"":""info""}","{""project"":""ce3616d9-58ad-4ec7-a294-1821e1564434"",""environment"":""fb6513d0-42a4-4660-82b5-509c54b15f2a"",""service"":""4978aa94-666c-47c7-8024-3ada55195a51"",""deployment"":""b4365154-eadc-4c11-b568-5a096850e705"",""replica"":""56b3bc11-84b5-4316-abf1-2dec254f4739""}",2026-03-27T23:55:25.209121084Z
[CLEAR SESSION] Session directory exists,info,"{""level"":""info""}","{""project"":""ce3616d9-58ad-4ec7-a294-1821e1564434"",""environment"":""fb6513d0-42a4-4660-82b5-509c54b15f2a"",""service"":""4978aa94-666c-47c7-8024-3ada55195a51"",""deployment"":""b4365154-eadc-4c11-b568-5a096850e705"",""replica"":""56b3bc11-84b5-4316-abf1-2dec254f4739""}",2026-03-27T23:55:25.209128603Z
[START SESSION] Fetching Baileys version...,info,"{""level"":""info""}","{""project"":""ce3616d9-58ad-4ec7-a294-1821e1564434"",""environment"":""fb6513d0-42a4-4660-82b5-509c54b15f2a"",""service"":""4978aa94-666c-47c7-8024-3ada55195a51"",""deployment"":""b4365154-eadc-4c11-b568-5a096850e705"",""replica"":""56b3bc11-84b5-4316-abf1-2dec254f4739""}",2026-03-27T23:55:25.216079165Z
"[START SESSION] Baileys version: [ 2, 3000, 1035194821 ]",info,"{""level"":""info""}","{""project"":""ce3616d9-58ad-4ec7-a294-1821e1564434"",""environment"":""fb6513d0-42a4-4660-82b5-509c54b15f2a"",""service"":""4978aa94-666c-47c7-8024-3ada55195a51"",""deployment"":""b4365154-eadc-4c11-b568-5a096850e705"",""replica"":""56b3bc11-84b5-4316-abf1-2dec254f4739""}",2026-03-27T23:55:25.216089177Z
[START SESSION] Creating WhatsApp socket...,info,"{""level"":""info""}","{""project"":""ce3616d9-58ad-4ec7-a294-1821e1564434"",""environment"":""fb6513d0-42a4-4660-82b5-509c54b15f2a"",""service"":""4978aa94-666c-47c7-8024-3ada55195a51"",""deployment"":""b4365154-eadc-4c11-b568-5a096850e705"",""replica"":""56b3bc11-84b5-4316-abf1-2dec254f4739""}",2026-03-27T23:55:25.216096122Z
[NETWORK] Testing connectivity to WhatsApp servers...,info,"{""level"":""info""}","{""project"":""ce3616d9-58ad-4ec7-a294-1821e1564434"",""environment"":""fb6513d0-42a4-4660-82b5-509c54b15f2a"",""service"":""4978aa94-666c-47c7-8024-3ada55195a51"",""deployment"":""b4365154-eadc-4c11-b568-5a096850e705"",""replica"":""56b3bc11-84b5-4316-abf1-2dec254f4739""}",2026-03-27T23:55:25.216103026Z
[NETWORK] DNS resolution for web.whatsapp.com: [ '57.144.15.32' ],info,"{""level"":""info""}","{""project"":""ce3616d9-58ad-4ec7-a294-1821e1564434"",""environment"":""fb6513d0-42a4-4660-82b5-509c54b15f2a"",""service"":""4978aa94-666c-47c7-8024-3ada55195a51"",""deployment"":""b4365154-eadc-4c11-b568-5a096850e705"",""replica"":""56b3bc11-84b5-4316-abf1-2dec254f4739""}",2026-03-27T23:55:25.216108339Z
[NETWORK] HTTPS test to web.whatsapp.com: Status 200,info,"{""level"":""info""}","{""project"":""ce3616d9-58ad-4ec7-a294-1821e1564434"",""environment"":""fb6513d0-42a4-4660-82b5-509c54b15f2a"",""service"":""4978aa94-666c-47c7-8024-3ada55195a51"",""deployment"":""b4365154-eadc-4c11-b568-5a096850e705"",""replica"":""56b3bc11-84b5-4316-abf1-2dec254f4739""}",2026-03-27T23:55:25.216114963Z
[SOCKET] makeWASocket created for: akunsatu,info,"{""level"":""info""}","{""project"":""ce3616d9-58ad-4ec7-a294-1821e1564434"",""environment"":""fb6513d0-42a4-4660-82b5-509c54b15f2a"",""service"":""4978aa94-666c-47c7-8024-3ada55195a51"",""deployment"":""b4365154-eadc-4c11-b568-5a096850e705"",""replica"":""56b3bc11-84b5-4316-abf1-2dec254f4739""}",2026-03-27T23:55:25.216122966Z
[SOCKET] Socket has ev? true,info,"{""level"":""info""}","{""project"":""ce3616d9-58ad-4ec7-a294-1821e1564434"",""environment"":""fb6513d0-42a4-4660-82b5-509c54b15f2a"",""service"":""4978aa94-666c-47c7-8024-3ada55195a51"",""deployment"":""b4365154-eadc-4c11-b568-5a096850e705"",""replica"":""56b3bc11-84b5-4316-abf1-2dec254f4739""}",2026-03-27T23:55:25.216128503Z
[SOCKET] Socket has ws? true,info,"{""level"":""info""}","{""project"":""ce3616d9-58ad-4ec7-a294-1821e1564434"",""environment"":""fb6513d0-42a4-4660-82b5-509c54b15f2a"",""service"":""4978aa94-666c-47c7-8024-3ada55195a51"",""deployment"":""b4365154-eadc-4c11-b568-5a096850e705"",""replica"":""56b3bc11-84b5-4316-abf1-2dec254f4739""}",2026-03-27T23:55:25.216136134Z
[SOCKET] Socket user? undefined,info,"{""level"":""info""}","{""project"":""ce3616d9-58ad-4ec7-a294-1821e1564434"",""environment"":""fb6513d0-42a4-4660-82b5-509c54b15f2a"",""service"":""4978aa94-666c-47c7-8024-3ada55195a51"",""deployment"":""b4365154-eadc-4c11-b568-5a096850e705"",""replica"":""56b3bc11-84b5-4316-abf1-2dec254f4739""}",2026-03-27T23:55:25.216145405Z
[ACCOUNT] ✅ Added pending account to map immediately: akunsatu,info,"{""level"":""info""}","{""project"":""ce3616d9-58ad-4ec7-a294-1821e1564434"",""environment"":""fb6513d0-42a4-4660-82b5-509c54b15f2a"",""service"":""4978aa94-666c-47c7-8024-3ada55195a51"",""deployment"":""b4365154-eadc-4c11-b568-5a096850e705"",""replica"":""56b3bc11-84b5-4316-abf1-2dec254f4739""}",2026-03-27T23:55:25.216153388Z
[SOCKET] 🚀 Registering connection.update handler IMMEDIATELY for: akunsatu,info,"{""level"":""info""}","{""project"":""ce3616d9-58ad-4ec7-a294-1821e1564434"",""environment"":""fb6513d0-42a4-4660-82b5-509c54b15f2a"",""service"":""4978aa94-666c-47c7-8024-3ada55195a51"",""deployment"":""b4365154-eadc-4c11-b568-5a096850e705"",""replica"":""56b3bc11-84b5-4316-abf1-2dec254f4739""}",2026-03-27T23:55:25.216160815Z
[SOCKET] ✅ Event handlers registered IMMEDIATELY,info,"{""level"":""info""}","{""project"":""ce3616d9-58ad-4ec7-a294-1821e1564434"",""environment"":""fb6513d0-42a4-4660-82b5-509c54b15f2a"",""service"":""4978aa94-666c-47c7-8024-3ada55195a51"",""deployment"":""b4365154-eadc-4c11-b568-5a096850e705"",""replica"":""56b3bc11-84b5-4316-abf1-2dec254f4739""}",2026-03-27T23:55:25.216167381Z
[WS] Native WebSocket exists: true,info,"{""level"":""info""}","{""project"":""ce3616d9-58ad-4ec7-a294-1821e1564434"",""environment"":""fb6513d0-42a4-4660-82b5-509c54b15f2a"",""service"":""4978aa94-666c-47c7-8024-3ada55195a51"",""deployment"":""b4365154-eadc-4c11-b568-5a096850e705"",""replica"":""56b3bc11-84b5-4316-abf1-2dec254f4739""}",2026-03-27T23:55:25.216177697Z
[WS] Native WebSocket state: 0 = CONNECTING,info,"{""level"":""info""}","{""project"":""ce3616d9-58ad-4ec7-a294-1821e1564434"",""environment"":""fb6513d0-42a4-4660-82b5-509c54b15f2a"",""service"":""4978aa94-666c-47c7-8024-3ada55195a51"",""deployment"":""b4365154-eadc-4c11-b568-5a096850e705"",""replica"":""56b3bc11-84b5-4316-abf1-2dec254f4739""}",2026-03-27T23:55:25.216187703Z
[WS] WebSocketClient isConnecting: true,info,"{""level"":""info""}","{""project"":""ce3616d9-58ad-4ec7-a294-1821e1564434"",""environment"":""fb6513d0-42a4-4660-82b5-509c54b15f2a"",""service"":""4978aa94-666c-47c7-8024-3ada55195a51"",""deployment"":""b4365154-eadc-4c11-b568-5a096850e705"",""replica"":""56b3bc11-84b5-4316-abf1-2dec254f4739""}",2026-03-27T23:55:25.216194302Z
[WS] WebSocketClient isOpen: false,info,"{""level"":""info""}","{""project"":""ce3616d9-58ad-4ec7-a294-1821e1564434"",""environment"":""fb6513d0-42a4-4660-82b5-509c54b15f2a"",""service"":""4978aa94-666c-47c7-8024-3ada55195a51"",""deployment"":""b4365154-eadc-4c11-b568-5a096850e705"",""replica"":""56b3bc11-84b5-4316-abf1-2dec254f4739""}",2026-03-27T23:55:25.216199984Z
[WS] WebSocketClient isClosed: false,info,"{""level"":""info""}","{""project"":""ce3616d9-58ad-4ec7-a294-1821e1564434"",""environment"":""fb6513d0-42a4-4660-82b5-509c54b15f2a"",""service"":""4978aa94-666c-47c7-8024-3ada55195a51"",""deployment"":""b4365154-eadc-4c11-b568-5a096850e705"",""replica"":""56b3bc11-84b5-4316-abf1-2dec254f4739""}",2026-03-27T23:55:25.216205384Z
[WS] WebSocket URL: URL {,info,"{""level"":""info""}","{""project"":""ce3616d9-58ad-4ec7-a294-1821e1564434"",""environment"":""fb6513d0-42a4-4660-82b5-509c54b15f2a"",""service"":""4978aa94-666c-47c7-8024-3ada55195a51"",""deployment"":""b4365154-eadc-4c11-b568-5a096850e705"",""replica"":""56b3bc11-84b5-4316-abf1-2dec254f4739""}",2026-03-27T23:55:25.216210616Z
"  href: 'wss://web.whatsapp.com/ws/chat',",info,"{""level"":""info""}","{""project"":""ce3616d9-58ad-4ec7-a294-1821e1564434"",""environment"":""fb6513d0-42a4-4660-82b5-509c54b15f2a"",""service"":""4978aa94-666c-47c7-8024-3ada55195a51"",""deployment"":""b4365154-eadc-4c11-b568-5a096850e705"",""replica"":""56b3bc11-84b5-4316-abf1-2dec254f4739""}",2026-03-27T23:55:25.216216118Z
"  origin: 'wss://web.whatsapp.com',",info,"{""level"":""info""}","{""project"":""ce3616d9-58ad-4ec7-a294-1821e1564434"",""environment"":""fb6513d0-42a4-4660-82b5-509c54b15f2a"",""service"":""4978aa94-666c-47c7-8024-3ada55195a51"",""deployment"":""b4365154-eadc-4c11-b568-5a096850e705"",""replica"":""56b3bc11-84b5-4316-abf1-2dec254f4739""}",2026-03-27T23:55:25.216221702Z
"  protocol: 'wss:',",info,"{""level"":""info""}","{""project"":""ce3616d9-58ad-4ec7-a294-1821e1564434"",""environment"":""fb6513d0-42a4-4660-82b5-509c54b15f2a"",""service"":""4978aa94-666c-47c7-8024-3ada55195a51"",""deployment"":""b4365154-eadc-4c11-b568-5a096850e705"",""replica"":""56b3bc11-84b5-4316-abf1-2dec254f4739""}",2026-03-27T23:55:25.216226490Z
"  username: '',",info,"{""level"":""info""}","{""project"":""ce3616d9-58ad-4ec7-a294-1821e1564434"",""environment"":""fb6513d0-42a4-4660-82b5-509c54b15f2a"",""service"":""4978aa94-666c-47c7-8024-3ada55195a51"",""deployment"":""b4365154-eadc-4c11-b568-5a096850e705"",""replica"":""56b3bc11-84b5-4316-abf1-2dec254f4739""}",2026-03-27T23:55:25.216231514Z
"  password: '',",info,"{""level"":""info""}","{""project"":""ce3616d9-58ad-4ec7-a294-1821e1564434"",""environment"":""fb6513d0-42a4-4660-82b5-509c54b15f2a"",""service"":""4978aa94-666c-47c7-8024-3ada55195a51"",""deployment"":""b4365154-eadc-4c11-b568-5a096850e705"",""replica"":""56b3bc11-84b5-4316-abf1-2dec254f4739""}",2026-03-27T23:55:25.216236592Z
"  host: 'web.whatsapp.com',",info,"{""level"":""info""}","{""project"":""ce3616d9-58ad-4ec7-a294-1821e1564434"",""environment"":""fb6513d0-42a4-4660-82b5-509c54b15f2a"",""service"":""4978aa94-666c-47c7-8024-3ada55195a51"",""deployment"":""b4365154-eadc-4c11-b568-5a096850e705"",""replica"":""56b3bc11-84b5-4316-abf1-2dec254f4739""}",2026-03-27T23:55:25.220050652Z
"not logged in, attempting registration...",info,"{""time"":1774655718328,""pid"":94,""hostname"":""9a45ddc40bc4"",""node"":{""passive"":false,""userAgent"":{""platform"":""WEB"",""appVersion"":{""primary"":2,""secondary"":3000,""tertiary"":1035194821},""mcc"":""000"",""mnc"":""000"",""osVersion"":""0.1"",""device"":""Desktop"",""osBuildNumber"":""0.1"",""releaseChannel"":""RELEASE"",""localeLanguageIso6391"":""en"",""localeCountryIso31661Alpha2"":""US""},""webInfo"":{""webSubPlatform"":""WEB_BROWSER""},""connectType"":""WIFI_UNKNOWN"",""connectReason"":""USER_ACTIVATED"",""devicePairingData"":{""eRegid"":""AAAAAA=="",""eKeytype"":""BQ=="",""eIdent"":""O9PpY31Br4yvfBFa1FZDVqW6jbKNaiOelbasE11jiTA="",""eSkeyId"":""AAAB"",""eSkeyVal"":""SwdccgixOWne78ZzORY14TM8CZEWYE5uFuRALkbGtWA="",""eSkeySig"":""AWULF1enOiYLZoKLnnBKT2rwv36qCObqEXnda1C6Vo1g6ddXgSmY7+0z8uxlfQ/9oW4r7jT1Z7PTERh5VBhriQ=="",""buildHash"":""oslHHv+RCp4a5lmJCiiHLQ=="",""deviceProps"":""CgZNYWMgT1MYASAAKhUYgFAgATAAOAFAAUgBUAFYAWABcAE=""},""pull"":false},""level"":""info""}","{""project"":""ce3616d9-58ad-4ec7-a294-1821e1564434"",""environment"":""fb6513d0-42a4-4660-82b5-509c54b15f2a"",""service"":""4978aa94-666c-47c7-8024-3ada55195a51"",""deployment"":""b4365154-eadc-4c11-b568-5a096850e705"",""replica"":""56b3bc11-84b5-4316-abf1-2dec254f4739""}",2026-03-27T23:55:25.220050902Z
"  hostname: 'web.whatsapp.com',",info,"{""level"":""info""}","{""project"":""ce3616d9-58ad-4ec7-a294-1821e1564434"",""environment"":""fb6513d0-42a4-4660-82b5-509c54b15f2a"",""service"":""4978aa94-666c-47c7-8024-3ada55195a51"",""deployment"":""b4365154-eadc-4c11-b568-5a096850e705"",""replica"":""56b3bc11-84b5-4316-abf1-2dec254f4739""}",2026-03-27T23:55:25.220060509Z
"  port: '',",info,"{""level"":""info""}","{""project"":""ce3616d9-58ad-4ec7-a294-1821e1564434"",""environment"":""fb6513d0-42a4-4660-82b5-509c54b15f2a"",""service"":""4978aa94-666c-47c7-8024-3ada55195a51"",""deployment"":""b4365154-eadc-4c11-b568-5a096850e705"",""replica"":""56b3bc11-84b5-4316-abf1-2dec254f4739""}",2026-03-27T23:55:25.220066054Z
"  pathname: '/ws/chat',",info,"{""level"":""info""}","{""project"":""ce3616d9-58ad-4ec7-a294-1821e1564434"",""environment"":""fb6513d0-42a4-4660-82b5-509c54b15f2a"",""service"":""4978aa94-666c-47c7-8024-3ada55195a51"",""deployment"":""b4365154-eadc-4c11-b568-5a096850e705"",""replica"":""56b3bc11-84b5-4316-abf1-2dec254f4739""}",2026-03-27T23:55:25.220071752Z
"  search: '',",info,"{""level"":""info""}","{""project"":""ce3616d9-58ad-4ec7-a294-1821e1564434"",""environment"":""fb6513d0-42a4-4660-82b5-509c54b15f2a"",""service"":""4978aa94-666c-47c7-8024-3ada55195a51"",""deployment"":""b4365154-eadc-4c11-b568-5a096850e705"",""replica"":""56b3bc11-84b5-4316-abf1-2dec254f4739""}",2026-03-27T23:55:25.220077784Z
"  searchParams: URLSearchParams {},",info,"{""level"":""info""}","{""project"":""ce3616d9-58ad-4ec7-a294-1821e1564434"",""environment"":""fb6513d0-42a4-4660-82b5-509c54b15f2a"",""service"":""4978aa94-666c-47c7-8024-3ada55195a51"",""deployment"":""b4365154-eadc-4c11-b568-5a096850e705"",""replica"":""56b3bc11-84b5-4316-abf1-2dec254f4739""}",2026-03-27T23:55:25.220084337Z
  hash: '',info,"{""level"":""info""}","{""project"":""ce3616d9-58ad-4ec7-a294-1821e1564434"",""environment"":""fb6513d0-42a4-4660-82b5-509c54b15f2a"",""service"":""4978aa94-666c-47c7-8024-3ada55195a51"",""deployment"":""b4365154-eadc-4c11-b568-5a096850e705"",""replica"":""56b3bc11-84b5-4316-abf1-2dec254f4739""}",2026-03-27T23:55:25.220090939Z
},info,"{""level"":""info""}","{""project"":""ce3616d9-58ad-4ec7-a294-1821e1564434"",""environment"":""fb6513d0-42a4-4660-82b5-509c54b15f2a"",""service"":""4978aa94-666c-47c7-8024-3ada55195a51"",""deployment"":""b4365154-eadc-4c11-b568-5a096850e705"",""replica"":""56b3bc11-84b5-4316-abf1-2dec254f4739""}",2026-03-27T23:55:25.220096751Z
[SESSION] ✅ Retrieved account from map: akunsatu,info,"{""level"":""info""}","{""project"":""ce3616d9-58ad-4ec7-a294-1821e1564434"",""environment"":""fb6513d0-42a4-4660-82b5-509c54b15f2a"",""service"":""4978aa94-666c-47c7-8024-3ada55195a51"",""deployment"":""b4365154-eadc-4c11-b568-5a096850e705"",""replica"":""56b3bc11-84b5-4316-abf1-2dec254f4739""}",2026-03-27T23:55:25.220103073Z
==========================================,info,"{""level"":""info""}","{""project"":""ce3616d9-58ad-4ec7-a294-1821e1564434"",""environment"":""fb6513d0-42a4-4660-82b5-509c54b15f2a"",""service"":""4978aa94-666c-47c7-8024-3ada55195a51"",""deployment"":""b4365154-eadc-4c11-b568-5a096850e705"",""replica"":""56b3bc11-84b5-4316-abf1-2dec254f4739""}",2026-03-27T23:55:25.220109262Z
[CONNECTION UPDATE] ✅ EVENT RECEIVED! {,info,"{""level"":""info""}","{""project"":""ce3616d9-58ad-4ec7-a294-1821e1564434"",""environment"":""fb6513d0-42a4-4660-82b5-509c54b15f2a"",""service"":""4978aa94-666c-47c7-8024-3ada55195a51"",""deployment"":""b4365154-eadc-4c11-b568-5a096850e705"",""replica"":""56b3bc11-84b5-4316-abf1-2dec254f4739""}",2026-03-27T23:55:25.220115066Z
"  accountId: 'akunsatu',",info,"{""level"":""info""}","{""project"":""ce3616d9-58ad-4ec7-a294-1821e1564434"",""environment"":""fb6513d0-42a4-4660-82b5-509c54b15f2a"",""service"":""4978aa94-666c-47c7-8024-3ada55195a51"",""deployment"":""b4365154-eadc-4c11-b568-5a096850e705"",""replica"":""56b3bc11-84b5-4316-abf1-2dec254f4739""}",2026-03-27T23:55:25.220120405Z
"  connection: 'connecting',",info,"{""level"":""info""}","{""project"":""ce3616d9-58ad-4ec7-a294-1821e1564434"",""environment"":""fb6513d0-42a4-4660-82b5-509c54b15f2a"",""service"":""4978aa94-666c-47c7-8024-3ada55195a51"",""deployment"":""b4365154-eadc-4c11-b568-5a096850e705"",""replica"":""56b3bc11-84b5-4316-abf1-2dec254f4739""}",2026-03-27T23:55:25.220125597Z
"  hasQr: false,",info,"{""level"":""info""}","{""project"":""ce3616d9-58ad-4ec7-a294-1821e1564434"",""environment"":""fb6513d0-42a4-4660-82b5-509c54b15f2a"",""service"":""4978aa94-666c-47c7-8024-3ada55195a51"",""deployment"":""b4365154-eadc-4c11-b568-5a096850e705"",""replica"":""56b3bc11-84b5-4316-abf1-2dec254f4739""}",2026-03-27T23:55:25.220130781Z
"  qrPreview: null,",info,"{""level"":""info""}","{""project"":""ce3616d9-58ad-4ec7-a294-1821e1564434"",""environment"":""fb6513d0-42a4-4660-82b5-509c54b15f2a"",""service"":""4978aa94-666c-47c7-8024-3ada55195a51"",""deployment"":""b4365154-eadc-4c11-b568-5a096850e705"",""replica"":""56b3bc11-84b5-4316-abf1-2dec254f4739""}",2026-03-27T23:55:25.220136506Z
  isNewLogin: undefined,info,"{""level"":""info""}","{""project"":""ce3616d9-58ad-4ec7-a294-1821e1564434"",""environment"":""fb6513d0-42a4-4660-82b5-509c54b15f2a"",""service"":""4978aa94-666c-47c7-8024-3ada55195a51"",""deployment"":""b4365154-eadc-4c11-b568-5a096850e705"",""replica"":""56b3bc11-84b5-4316-abf1-2dec254f4739""}",2026-03-27T23:55:25.220142014Z
},info,"{""level"":""info""}","{""project"":""ce3616d9-58ad-4ec7-a294-1821e1564434"",""environment"":""fb6513d0-42a4-4660-82b5-509c54b15f2a"",""service"":""4978aa94-666c-47c7-8024-3ada55195a51"",""deployment"":""b4365154-eadc-4c11-b568-5a096850e705"",""replica"":""56b3bc11-84b5-4316-abf1-2dec254f4739""}",2026-03-27T23:55:25.220147805Z
==========================================,info,"{""level"":""info""}","{""project"":""ce3616d9-58ad-4ec7-a294-1821e1564434"",""environment"":""fb6513d0-42a4-4660-82b5-509c54b15f2a"",""service"":""4978aa94-666c-47c7-8024-3ada55195a51"",""deployment"":""b4365154-eadc-4c11-b568-5a096850e705"",""replica"":""56b3bc11-84b5-4316-abf1-2dec254f4739""}",2026-03-27T23:55:25.220153250Z
connected to WA,info,"{""time"":1774655718143,""pid"":94,""hostname"":""9a45ddc40bc4"",""browser"":[""Mac OS"",""Chrome"",""14.4.1""],""helloMsg"":{""clientHello"":{""ephemeral"":""861FvzkAKOu2J2gN6027hzGGqvUBulJFP1aBbHoL0x4=""}},""level"":""info""}","{""project"":""ce3616d9-58ad-4ec7-a294-1821e1564434"",""environment"":""fb6513d0-42a4-4660-82b5-509c54b15f2a"",""service"":""4978aa94-666c-47c7-8024-3ada55195a51"",""deployment"":""b4365154-eadc-4c11-b568-5a096850e705"",""replica"":""56b3bc11-84b5-4316-abf1-2dec254f4739""}",2026-03-27T23:55:25.220158663Z
[WS NATIVE SEND] Sending for akunsatu type: object preview: V0EGAwAAJBIiCiDzrUW/OQAo67YnaA3rTbuHMYaq9QG6UkU/VoFsegvTHg==,info,"{""level"":""info""}","{""project"":""ce3616d9-58ad-4ec7-a294-1821e1564434"",""environment"":""fb6513d0-42a4-4660-82b5-509c54b15f2a"",""service"":""4978aa94-666c-47c7-8024-3ada55195a51"",""deployment"":""b4365154-eadc-4c11-b568-5a096850e705"",""replica"":""56b3bc11-84b5-4316-abf1-2dec254f4739""}",2026-03-27T23:55:25.220164236Z
[WS NATIVE OPEN] Native WebSocket opened for akunsatu,info,"{""level"":""info""}","{""project"":""ce3616d9-58ad-4ec7-a294-1821e1564434"",""environment"":""fb6513d0-42a4-4660-82b5-509c54b15f2a"",""service"":""4978aa94-666c-47c7-8024-3ada55195a51"",""deployment"":""b4365154-eadc-4c11-b568-5a096850e705"",""replica"":""56b3bc11-84b5-4316-abf1-2dec254f4739""}",2026-03-27T23:55:25.220169852Z
[WS NATIVE MESSAGE] Received for akunsatu binary: true len: 350 preview: AAFbGtgCCiB0bFrOJi35fxg4Pu08WEJOAVYsJ7nCHdqP19tmETdrahIwobZSorccDds=...,info,"{""level"":""info""}","{""project"":""ce3616d9-58ad-4ec7-a294-1821e1564434"",""environment"":""fb6513d0-42a4-4660-82b5-509c54b15f2a"",""service"":""4978aa94-666c-47c7-8024-3ada55195a51"",""deployment"":""b4365154-eadc-4c11-b568-5a096850e705"",""replica"":""56b3bc11-84b5-4316-abf1-2dec254f4739""}",2026-03-27T23:55:25.220177232Z
[WS NATIVE SEND] Sending for akunsatu type: object preview: AAFcItkCCjB2ECF1OtiM19K5aWRk/yxVcEeYsyPs/krmCTx33dIFCu2QdIfFF/ZYI+A=,info,"{""level"":""info""}","{""project"":""ce3616d9-58ad-4ec7-a294-1821e1564434"",""environment"":""fb6513d0-42a4-4660-82b5-509c54b15f2a"",""service"":""4978aa94-666c-47c7-8024-3ada55195a51"",""deployment"":""b4365154-eadc-4c11-b568-5a096850e705"",""replica"":""56b3bc11-84b5-4316-abf1-2dec254f4739""}",2026-03-27T23:55:25.224816181Z
[WS NATIVE MESSAGE] Received for akunsatu binary: true len: 698 preview: AAK3rjI1f0SEbLVJcWAfOVQKx7p82h4ALkOYniIIA4ZZt8ioc0RMKd/6n2ju2jaGI70=...,info,"{""level"":""info""}","{""project"":""ce3616d9-58ad-4ec7-a294-1821e1564434"",""environment"":""fb6513d0-42a4-4660-82b5-509c54b15f2a"",""service"":""4978aa94-666c-47c7-8024-3ada55195a51"",""deployment"":""b4365154-eadc-4c11-b568-5a096850e705"",""replica"":""56b3bc11-84b5-4316-abf1-2dec254f4739""}",2026-03-27T23:55:25.224831353Z
[WS NATIVE SEND] Sending for akunsatu type: object preview: AAAiKF0rZlJqNLq9ZBbOqSTsFZFOWjeyarSX/dxTw08Nqi7f9g==,info,"{""level"":""info""}","{""project"":""ce3616d9-58ad-4ec7-a294-1821e1564434"",""environment"":""fb6513d0-42a4-4660-82b5-509c54b15f2a"",""service"":""4978aa94-666c-47c7-8024-3ada55195a51"",""deployment"":""b4365154-eadc-4c11-b568-5a096850e705"",""replica"":""56b3bc11-84b5-4316-abf1-2dec254f4739""}",2026-03-27T23:55:25.224838559Z
==========================================,info,"{""level"":""info""}","{""project"":""ce3616d9-58ad-4ec7-a294-1821e1564434"",""environment"":""fb6513d0-42a4-4660-82b5-509c54b15f2a"",""service"":""4978aa94-666c-47c7-8024-3ada55195a51"",""deployment"":""b4365154-eadc-4c11-b568-5a096850e705"",""replica"":""56b3bc11-84b5-4316-abf1-2dec254f4739""}",2026-03-27T23:55:25.224844797Z
[CONNECTION UPDATE] ✅ EVENT RECEIVED! {,info,"{""level"":""info""}","{""project"":""ce3616d9-58ad-4ec7-a294-1821e1564434"",""environment"":""fb6513d0-42a4-4660-82b5-509c54b15f2a"",""service"":""4978aa94-666c-47c7-8024-3ada55195a51"",""deployment"":""b4365154-eadc-4c11-b568-5a096850e705"",""replica"":""56b3bc11-84b5-4316-abf1-2dec254f4739""}",2026-03-27T23:55:25.224850245Z
"  accountId: 'akunsatu',",info,"{""level"":""info""}","{""project"":""ce3616d9-58ad-4ec7-a294-1821e1564434"",""environment"":""fb6513d0-42a4-4660-82b5-509c54b15f2a"",""service"":""4978aa94-666c-47c7-8024-3ada55195a51"",""deployment"":""b4365154-eadc-4c11-b568-5a096850e705"",""replica"":""56b3bc11-84b5-4316-abf1-2dec254f4739""}",2026-03-27T23:55:25.224856692Z
"  connection: undefined,",info,"{""level"":""info""}","{""project"":""ce3616d9-58ad-4ec7-a294-1821e1564434"",""environment"":""fb6513d0-42a4-4660-82b5-509c54b15f2a"",""service"":""4978aa94-666c-47c7-8024-3ada55195a51"",""deployment"":""b4365154-eadc-4c11-b568-5a096850e705"",""replica"":""56b3bc11-84b5-4316-abf1-2dec254f4739""}",2026-03-27T23:55:25.224862684Z
"  hasQr: true,",info,"{""level"":""info""}","{""project"":""ce3616d9-58ad-4ec7-a294-1821e1564434"",""environment"":""fb6513d0-42a4-4660-82b5-509c54b15f2a"",""service"":""4978aa94-666c-47c7-8024-3ada55195a51"",""deployment"":""b4365154-eadc-4c11-b568-5a096850e705"",""replica"":""56b3bc11-84b5-4316-abf1-2dec254f4739""}",2026-03-27T23:55:25.224868175Z
"  qrPreview: '2@gBhXFpani/5Ah34yZUg/d3b7KCMwzhYWUGqN19ZoUc0YmX//...',",info,"{""level"":""info""}","{""project"":""ce3616d9-58ad-4ec7-a294-1821e1564434"",""environment"":""fb6513d0-42a4-4660-82b5-509c54b15f2a"",""service"":""4978aa94-666c-47c7-8024-3ada55195a51"",""deployment"":""b4365154-eadc-4c11-b568-5a096850e705"",""replica"":""56b3bc11-84b5-4316-abf1-2dec254f4739""}",2026-03-27T23:55:25.224875838Z
  isNewLogin: undefined,info,"{""level"":""info""}","{""project"":""ce3616d9-58ad-4ec7-a294-1821e1564434"",""environment"":""fb6513d0-42a4-4660-82b5-509c54b15f2a"",""service"":""4978aa94-666c-47c7-8024-3ada55195a51"",""deployment"":""b4365154-eadc-4c11-b568-5a096850e705"",""replica"":""56b3bc11-84b5-4316-abf1-2dec254f4739""}",2026-03-27T23:55:25.224881709Z
},info,"{""level"":""info""}","{""project"":""ce3616d9-58ad-4ec7-a294-1821e1564434"",""environment"":""fb6513d0-42a4-4660-82b5-509c54b15f2a"",""service"":""4978aa94-666c-47c7-8024-3ada55195a51"",""deployment"":""b4365154-eadc-4c11-b568-5a096850e705"",""replica"":""56b3bc11-84b5-4316-abf1-2dec254f4739""}",2026-03-27T23:55:25.224887321Z
==========================================,info,"{""level"":""info""}","{""project"":""ce3616d9-58ad-4ec7-a294-1821e1564434"",""environment"":""fb6513d0-42a4-4660-82b5-509c54b15f2a"",""service"":""4978aa94-666c-47c7-8024-3ada55195a51"",""deployment"":""b4365154-eadc-4c11-b568-5a096850e705"",""replica"":""56b3bc11-84b5-4316-abf1-2dec254f4739""}",2026-03-27T23:55:25.224893619Z
[QR] 🎯 QR code received for: akunsatu,info,"{""level"":""info""}","{""project"":""ce3616d9-58ad-4ec7-a294-1821e1564434"",""environment"":""fb6513d0-42a4-4660-82b5-509c54b15f2a"",""service"":""4978aa94-666c-47c7-8024-3ada55195a51"",""deployment"":""b4365154-eadc-4c11-b568-5a096850e705"",""replica"":""56b3bc11-84b5-4316-abf1-2dec254f4739""}",2026-03-27T23:55:25.224900573Z
[QR] QR length: 237,info,"{""level"":""info""}","{""project"":""ce3616d9-58ad-4ec7-a294-1821e1564434"",""environment"":""fb6513d0-42a4-4660-82b5-509c54b15f2a"",""service"":""4978aa94-666c-47c7-8024-3ada55195a51"",""deployment"":""b4365154-eadc-4c11-b568-5a096850e705"",""replica"":""56b3bc11-84b5-4316-abf1-2dec254f4739""}",2026-03-27T23:55:25.224906008Z
[QR] Converting QR to data URL...,info,"{""level"":""info""}","{""project"":""ce3616d9-58ad-4ec7-a294-1821e1564434"",""environment"":""fb6513d0-42a4-4660-82b5-509c54b15f2a"",""service"":""4978aa94-666c-47c7-8024-3ada55195a51"",""deployment"":""b4365154-eadc-4c11-b568-5a096850e705"",""replica"":""56b3bc11-84b5-4316-abf1-2dec254f4739""}",2026-03-27T23:55:25.224916874Z
"[QR] ✅ QR converted, length: 6374",info,"{""level"":""info""}","{""project"":""ce3616d9-58ad-4ec7-a294-1821e1564434"",""environment"":""fb6513d0-42a4-4660-82b5-509c54b15f2a"",""service"":""4978aa94-666c-47c7-8024-3ada55195a51"",""deployment"":""b4365154-eadc-4c11-b568-5a096850e705"",""replica"":""56b3bc11-84b5-4316-abf1-2dec254f4739""}",2026-03-27T23:55:25.224927723Z
[DB] Synced 1 accounts to database,info,"{""level"":""info""}","{""project"":""ce3616d9-58ad-4ec7-a294-1821e1564434"",""environment"":""fb6513d0-42a4-4660-82b5-509c54b15f2a"",""service"":""4978aa94-666c-47c7-8024-3ada55195a51"",""deployment"":""b4365154-eadc-4c11-b568-5a096850e705"",""replica"":""56b3bc11-84b5-4316-abf1-2dec254f4739""}",2026-03-27T23:55:25.224935747Z
[NETWORK] HTTPS test TIMEOUT,info,"{""level"":""info""}","{""project"":""ce3616d9-58ad-4ec7-a294-1821e1564434"",""environment"":""fb6513d0-42a4-4660-82b5-509c54b15f2a"",""service"":""4978aa94-666c-47c7-8024-3ada55195a51"",""deployment"":""b4365154-eadc-4c11-b568-5a096850e705"",""replica"":""56b3bc11-84b5-4316-abf1-2dec254f4739""}",2026-03-27T23:55:28.606826859Z
[WS NATIVE SEND] Sending for akunsatu type: object preview: AAAr0YknFw4lCNNeIsUcdibFtPzkYv7yi9FF7UPbBJ0OewJEscsdaR7R1gs8wg==,info,"{""level"":""info""}","{""project"":""ce3616d9-58ad-4ec7-a294-1821e1564434"",""environment"":""fb6513d0-42a4-4660-82b5-509c54b15f2a"",""service"":""4978aa94-666c-47c7-8024-3ada55195a51"",""deployment"":""b4365154-eadc-4c11-b568-5a096850e705"",""replica"":""56b3bc11-84b5-4316-abf1-2dec254f4739""}",2026-03-27T23:55:48.779948701Z
[WS NATIVE MESSAGE] Received for akunsatu binary: true len: 47 preview: AAAsReQtEBdBg5htv8ReSJWnYDiwnUUwvukCalQsfLH7LVvjZtjjig3ozGaHHTc=,info,"{""level"":""info""}","{""project"":""ce3616d9-58ad-4ec7-a294-1821e1564434"",""environment"":""fb6513d0-42a4-4660-82b5-509c54b15f2a"",""service"":""4978aa94-666c-47c7-8024-3ada55195a51"",""deployment"":""b4365154-eadc-4c11-b568-5a096850e705"",""replica"":""56b3bc11-84b5-4316-abf1-2dec254f4739""}",2026-03-27T23:55:48.779954223Z
[WS NATIVE MESSAGE] Received for akunsatu binary: true len: 297 preview: AAEmkVyIUiVK0jCyJG+qXStJozSSHToK4mRYMyxRfacZpmhk2RQQLj+AGyRAfKcHSeg=...,info,"{""level"":""info""}","{""project"":""ce3616d9-58ad-4ec7-a294-1821e1564434"",""environment"":""fb6513d0-42a4-4660-82b5-509c54b15f2a"",""service"":""4978aa94-666c-47c7-8024-3ada55195a51"",""deployment"":""b4365154-eadc-4c11-b568-5a096850e705"",""replica"":""56b3bc11-84b5-4316-abf1-2dec254f4739""}",2026-03-27T23:55:48.832976925Z
pair success recv,info,"{""time"":1774655748829,""pid"":94,""hostname"":""9a45ddc40bc4"",""level"":""info""}","{""project"":""ce3616d9-58ad-4ec7-a294-1821e1564434"",""environment"":""fb6513d0-42a4-4660-82b5-509c54b15f2a"",""service"":""4978aa94-666c-47c7-8024-3ada55195a51"",""deployment"":""b4365154-eadc-4c11-b568-5a096850e705"",""replica"":""56b3bc11-84b5-4316-abf1-2dec254f4739""}",2026-03-27T23:55:48.832984210Z
[WS NATIVE SEND] Sending for akunsatu type: object preview: AAAbjS1zN8QVXy3TafXuXg4DBD13A7hbbQ0cvghD,info,"{""level"":""info""}","{""project"":""ce3616d9-58ad-4ec7-a294-1821e1564434"",""environment"":""fb6513d0-42a4-4660-82b5-509c54b15f2a"",""service"":""4978aa94-666c-47c7-8024-3ada55195a51"",""deployment"":""b4365154-eadc-4c11-b568-5a096850e705"",""replica"":""56b3bc11-84b5-4316-abf1-2dec254f4739""}",2026-03-27T23:55:48.873056023Z
"  hasQr: false,",info,"{""level"":""info""}","{""project"":""ce3616d9-58ad-4ec7-a294-1821e1564434"",""environment"":""fb6513d0-42a4-4660-82b5-509c54b15f2a"",""service"":""4978aa94-666c-47c7-8024-3ada55195a51"",""deployment"":""b4365154-eadc-4c11-b568-5a096850e705"",""replica"":""56b3bc11-84b5-4316-abf1-2dec254f4739""}",2026-03-27T23:55:48.873056717Z
==========================================,info,"{""level"":""info""}","{""project"":""ce3616d9-58ad-4ec7-a294-1821e1564434"",""environment"":""fb6513d0-42a4-4660-82b5-509c54b15f2a"",""service"":""4978aa94-666c-47c7-8024-3ada55195a51"",""deployment"":""b4365154-eadc-4c11-b568-5a096850e705"",""replica"":""56b3bc11-84b5-4316-abf1-2dec254f4739""}",2026-03-27T23:55:48.873065372Z
"  qrPreview: null,",info,"{""level"":""info""}","{""project"":""ce3616d9-58ad-4ec7-a294-1821e1564434"",""environment"":""fb6513d0-42a4-4660-82b5-509c54b15f2a"",""service"":""4978aa94-666c-47c7-8024-3ada55195a51"",""deployment"":""b4365154-eadc-4c11-b568-5a096850e705"",""replica"":""56b3bc11-84b5-4316-abf1-2dec254f4739""}",2026-03-27T23:55:48.873068632Z
[CONNECTION UPDATE] ✅ EVENT RECEIVED! {,info,"{""level"":""info""}","{""project"":""ce3616d9-58ad-4ec7-a294-1821e1564434"",""environment"":""fb6513d0-42a4-4660-82b5-509c54b15f2a"",""service"":""4978aa94-666c-47c7-8024-3ada55195a51"",""deployment"":""b4365154-eadc-4c11-b568-5a096850e705"",""replica"":""56b3bc11-84b5-4316-abf1-2dec254f4739""}",2026-03-27T23:55:48.873072178Z
  isNewLogin: true,info,"{""level"":""info""}","{""project"":""ce3616d9-58ad-4ec7-a294-1821e1564434"",""environment"":""fb6513d0-42a4-4660-82b5-509c54b15f2a"",""service"":""4978aa94-666c-47c7-8024-3ada55195a51"",""deployment"":""b4365154-eadc-4c11-b568-5a096850e705"",""replica"":""56b3bc11-84b5-4316-abf1-2dec254f4739""}",2026-03-27T23:55:48.873077919Z
"  accountId: 'akunsatu',",info,"{""level"":""info""}","{""project"":""ce3616d9-58ad-4ec7-a294-1821e1564434"",""environment"":""fb6513d0-42a4-4660-82b5-509c54b15f2a"",""service"":""4978aa94-666c-47c7-8024-3ada55195a51"",""deployment"":""b4365154-eadc-4c11-b568-5a096850e705"",""replica"":""56b3bc11-84b5-4316-abf1-2dec254f4739""}",2026-03-27T23:55:48.873080354Z
"  connection: undefined,",info,"{""level"":""info""}","{""project"":""ce3616d9-58ad-4ec7-a294-1821e1564434"",""environment"":""fb6513d0-42a4-4660-82b5-509c54b15f2a"",""service"":""4978aa94-666c-47c7-8024-3ada55195a51"",""deployment"":""b4365154-eadc-4c11-b568-5a096850e705"",""replica"":""56b3bc11-84b5-4316-abf1-2dec254f4739""}",2026-03-27T23:55:48.873086574Z
},info,"{""level"":""info""}","{""project"":""ce3616d9-58ad-4ec7-a294-1821e1564434"",""environment"":""fb6513d0-42a4-4660-82b5-509c54b15f2a"",""service"":""4978aa94-666c-47c7-8024-3ada55195a51"",""deployment"":""b4365154-eadc-4c11-b568-5a096850e705"",""replica"":""56b3bc11-84b5-4316-abf1-2dec254f4739""}",2026-03-27T23:55:48.873088492Z
==========================================,info,"{""level"":""info""}","{""project"":""ce3616d9-58ad-4ec7-a294-1821e1564434"",""environment"":""fb6513d0-42a4-4660-82b5-509c54b15f2a"",""service"":""4978aa94-666c-47c7-8024-3ada55195a51"",""deployment"":""b4365154-eadc-4c11-b568-5a096850e705"",""replica"":""56b3bc11-84b5-4316-abf1-2dec254f4739""}",2026-03-27T23:55:48.873101992Z
[WS NATIVE SEND] Sending for akunsatu type: object preview: AADZsmyaE6GVzoaRAYJqAWJO9yV5X1JNFvOSmUkxu4dvUbMVGAzzOcdFnibzw3uBOfw=,info,"{""level"":""info""}","{""project"":""ce3616d9-58ad-4ec7-a294-1821e1564434"",""environment"":""fb6513d0-42a4-4660-82b5-509c54b15f2a"",""service"":""4978aa94-666c-47c7-8024-3ada55195a51"",""deployment"":""b4365154-eadc-4c11-b568-5a096850e705"",""replica"":""56b3bc11-84b5-4316-abf1-2dec254f4739""}",2026-03-27T23:55:48.873109542Z
"pairing configured successfully, expect to restart the connection...",info,"{""time"":1774655748861,""pid"":94,""hostname"":""9a45ddc40bc4"",""me"":{""id"":""6288267047790:2@s.whatsapp.net"",""name"":""ryan""},""platform"":""smba"",""level"":""info""}","{""project"":""ce3616d9-58ad-4ec7-a294-1821e1564434"",""environment"":""fb6513d0-42a4-4660-82b5-509c54b15f2a"",""service"":""4978aa94-666c-47c7-8024-3ada55195a51"",""deployment"":""b4365154-eadc-4c11-b568-5a096850e705"",""replica"":""56b3bc11-84b5-4316-abf1-2dec254f4739""}",2026-03-27T23:55:48.875135730Z
updated pushName,info,"{""time"":1774655748862,""pid"":94,""hostname"":""9a45ddc40bc4"",""name"":""ryan"",""level"":""info""}","{""project"":""ce3616d9-58ad-4ec7-a294-1821e1564434"",""environment"":""fb6513d0-42a4-4660-82b5-509c54b15f2a"",""service"":""4978aa94-666c-47c7-8024-3ada55195a51"",""deployment"":""b4365154-eadc-4c11-b568-5a096850e705"",""replica"":""56b3bc11-84b5-4316-abf1-2dec254f4739""}",2026-03-27T23:55:48.875152056Z
[WS NATIVE MESSAGE] Received for akunsatu binary: true len: 52 preview: AAAayZGhqm6cQZwbwVQ3k+rnZYoia3J/ylLSdnIAABREoDcLFLdPTQz5KaC5v/IbKVY=...,info,"{""level"":""info""}","{""project"":""ce3616d9-58ad-4ec7-a294-1821e1564434"",""environment"":""fb6513d0-42a4-4660-82b5-509c54b15f2a"",""service"":""4978aa94-666c-47c7-8024-3ada55195a51"",""deployment"":""b4365154-eadc-4c11-b568-5a096850e705"",""replica"":""56b3bc11-84b5-4316-abf1-2dec254f4739""}",2026-03-27T23:55:49.749551463Z
stream errored out,info,"{""time"":1774655749133,""pid"":94,""hostname"":""9a45ddc40bc4"",""node"":{""tag"":""stream:error"",""attrs"":{""code"":""515""}},""level"":""info""}","{""project"":""ce3616d9-58ad-4ec7-a294-1821e1564434"",""environment"":""fb6513d0-42a4-4660-82b5-509c54b15f2a"",""service"":""4978aa94-666c-47c7-8024-3ada55195a51"",""deployment"":""b4365154-eadc-4c11-b568-5a096850e705"",""replica"":""56b3bc11-84b5-4316-abf1-2dec254f4739""}",2026-03-27T23:55:49.749561576Z
==========================================,info,"{""level"":""info""}","{""project"":""ce3616d9-58ad-4ec7-a294-1821e1564434"",""environment"":""fb6513d0-42a4-4660-82b5-509c54b15f2a"",""service"":""4978aa94-666c-47c7-8024-3ada55195a51"",""deployment"":""b4365154-eadc-4c11-b568-5a096850e705"",""replica"":""56b3bc11-84b5-4316-abf1-2dec254f4739""}",2026-03-27T23:55:49.749566518Z
[CONNECTION UPDATE] ✅ EVENT RECEIVED! {,info,"{""level"":""info""}","{""project"":""ce3616d9-58ad-4ec7-a294-1821e1564434"",""environment"":""fb6513d0-42a4-4660-82b5-509c54b15f2a"",""service"":""4978aa94-666c-47c7-8024-3ada55195a51"",""deployment"":""b4365154-eadc-4c11-b568-5a096850e705"",""replica"":""56b3bc11-84b5-4316-abf1-2dec254f4739""}",2026-03-27T23:55:49.749572846Z
"  accountId: 'akunsatu',",info,"{""level"":""info""}","{""project"":""ce3616d9-58ad-4ec7-a294-1821e1564434"",""environment"":""fb6513d0-42a4-4660-82b5-509c54b15f2a"",""service"":""4978aa94-666c-47c7-8024-3ada55195a51"",""deployment"":""b4365154-eadc-4c11-b568-5a096850e705"",""replica"":""56b3bc11-84b5-4316-abf1-2dec254f4739""}",2026-03-27T23:55:49.749578884Z
"  connection: 'close',",info,"{""level"":""info""}","{""project"":""ce3616d9-58ad-4ec7-a294-1821e1564434"",""environment"":""fb6513d0-42a4-4660-82b5-509c54b15f2a"",""service"":""4978aa94-666c-47c7-8024-3ada55195a51"",""deployment"":""b4365154-eadc-4c11-b568-5a096850e705"",""replica"":""56b3bc11-84b5-4316-abf1-2dec254f4739""}",2026-03-27T23:55:49.749584618Z
"  hasQr: false,",info,"{""level"":""info""}","{""project"":""ce3616d9-58ad-4ec7-a294-1821e1564434"",""environment"":""fb6513d0-42a4-4660-82b5-509c54b15f2a"",""service"":""4978aa94-666c-47c7-8024-3ada55195a51"",""deployment"":""b4365154-eadc-4c11-b568-5a096850e705"",""replica"":""56b3bc11-84b5-4316-abf1-2dec254f4739""}",2026-03-27T23:55:49.749591250Z
"  qrPreview: null,",info,"{""level"":""info""}","{""project"":""ce3616d9-58ad-4ec7-a294-1821e1564434"",""environment"":""fb6513d0-42a4-4660-82b5-509c54b15f2a"",""service"":""4978aa94-666c-47c7-8024-3ada55195a51"",""deployment"":""b4365154-eadc-4c11-b568-5a096850e705"",""replica"":""56b3bc11-84b5-4316-abf1-2dec254f4739""}",2026-03-27T23:55:49.749596914Z
  isNewLogin: undefined,info,"{""level"":""info""}","{""project"":""ce3616d9-58ad-4ec7-a294-1821e1564434"",""environment"":""fb6513d0-42a4-4660-82b5-509c54b15f2a"",""service"":""4978aa94-666c-47c7-8024-3ada55195a51"",""deployment"":""b4365154-eadc-4c11-b568-5a096850e705"",""replica"":""56b3bc11-84b5-4316-abf1-2dec254f4739""}",2026-03-27T23:55:49.749602737Z
},info,"{""level"":""info""}","{""project"":""ce3616d9-58ad-4ec7-a294-1821e1564434"",""environment"":""fb6513d0-42a4-4660-82b5-509c54b15f2a"",""service"":""4978aa94-666c-47c7-8024-3ada55195a51"",""deployment"":""b4365154-eadc-4c11-b568-5a096850e705"",""replica"":""56b3bc11-84b5-4316-abf1-2dec254f4739""}",2026-03-27T23:55:49.749609416Z
==========================================,info,"{""level"":""info""}","{""project"":""ce3616d9-58ad-4ec7-a294-1821e1564434"",""environment"":""fb6513d0-42a4-4660-82b5-509c54b15f2a"",""service"":""4978aa94-666c-47c7-8024-3ada55195a51"",""deployment"":""b4365154-eadc-4c11-b568-5a096850e705"",""replica"":""56b3bc11-84b5-4316-abf1-2dec254f4739""}",2026-03-27T23:55:49.749615203Z
[CONNECTION] ❌ Disconnected: akunsatu code: 515 error: Stream Errored (restart required),info,"{""level"":""info""}","{""project"":""ce3616d9-58ad-4ec7-a294-1821e1564434"",""environment"":""fb6513d0-42a4-4660-82b5-509c54b15f2a"",""service"":""4978aa94-666c-47c7-8024-3ada55195a51"",""deployment"":""b4365154-eadc-4c11-b568-5a096850e705"",""replica"":""56b3bc11-84b5-4316-abf1-2dec254f4739""}",2026-03-27T23:55:49.749620303Z
connection errored,info,"{""time"":1774655749134,""pid"":94,""hostname"":""9a45ddc40bc4"",""trace"":""Error: Stream Errored (restart required)\n    at WebSocketClient.<anonymous> (/app/mini-services/whatsapp-service/node_modules/@whiskeysockets/baileys/src/Socket/socket.ts:648:7)\n    at WebSocketClient.emit (node:events:519:28)\n    at <anonymous> (/app/mini-services/whatsapp-service/node_modules/@whiskeysockets/baileys/src/Socket/socket.ts:327:23)\n    at Object.decodeFrame (/app/mini-services/whatsapp-service/node_modules/@whiskeysockets/baileys/src/Utils/noise-handler.ts:187:5)\n    at process.processTicksAndRejections (node:internal/process/task_queues:105:5)"",""level"":""info""}","{""project"":""ce3616d9-58ad-4ec7-a294-1821e1564434"",""environment"":""fb6513d0-42a4-4660-82b5-509c54b15f2a"",""service"":""4978aa94-666c-47c7-8024-3ada55195a51"",""deployment"":""b4365154-eadc-4c11-b568-5a096850e705"",""replica"":""56b3bc11-84b5-4316-abf1-2dec254f4739""}",2026-03-27T23:55:49.749625172Z
[WS NATIVE MESSAGE] Received for akunsatu binary: true len: 4 preview: iAID8w==,info,"{""level"":""info""}","{""project"":""ce3616d9-58ad-4ec7-a294-1821e1564434"",""environment"":""fb6513d0-42a4-4660-82b5-509c54b15f2a"",""service"":""4978aa94-666c-47c7-8024-3ada55195a51"",""deployment"":""b4365154-eadc-4c11-b568-5a096850e705"",""replica"":""56b3bc11-84b5-4316-abf1-2dec254f4739""}",2026-03-27T23:55:49.749630499Z
[WS NATIVE CLOSE] Native WebSocket closed for akunsatu code: 1006 reason: ,info,"{""level"":""info""}","{""project"":""ce3616d9-58ad-4ec7-a294-1821e1564434"",""environment"":""fb6513d0-42a4-4660-82b5-509c54b15f2a"",""service"":""4978aa94-666c-47c7-8024-3ada55195a51"",""deployment"":""b4365154-eadc-4c11-b568-5a096850e705"",""replica"":""56b3bc11-84b5-4316-abf1-2dec254f4739""}",2026-03-27T23:55:49.749636191Z
[DB] Synced 1 accounts to database,info,"{""level"":""info""}","{""project"":""ce3616d9-58ad-4ec7-a294-1821e1564434"",""environment"":""fb6513d0-42a4-4660-82b5-509c54b15f2a"",""service"":""4978aa94-666c-47c7-8024-3ada55195a51"",""deployment"":""b4365154-eadc-4c11-b568-5a096850e705"",""replica"":""56b3bc11-84b5-4316-abf1-2dec254f4739""}",2026-03-27T23:55:51.900794041Z
==========================================,info,"{""level"":""info""}","{""project"":""ce3616d9-58ad-4ec7-a294-1821e1564434"",""environment"":""fb6513d0-42a4-4660-82b5-509c54b15f2a"",""service"":""4978aa94-666c-47c7-8024-3ada55195a51"",""deployment"":""b4365154-eadc-4c11-b568-5a096850e705"",""replica"":""56b3bc11-84b5-4316-abf1-2dec254f4739""}",2026-03-27T23:56:21.973109001Z
[START SESSION] Called with: {,info,"{""level"":""info""}","{""project"":""ce3616d9-58ad-4ec7-a294-1821e1564434"",""environment"":""fb6513d0-42a4-4660-82b5-509c54b15f2a"",""service"":""4978aa94-666c-47c7-8024-3ada55195a51"",""deployment"":""b4365154-eadc-4c11-b568-5a096850e705"",""replica"":""56b3bc11-84b5-4316-abf1-2dec254f4739""}",2026-03-27T23:56:21.973117357Z
[CLEAR SESSION] Session path: /app/mini-services/whatsapp-service/sessions/akunsatu,info,"{""level"":""info""}","{""project"":""ce3616d9-58ad-4ec7-a294-1821e1564434"",""environment"":""fb6513d0-42a4-4660-82b5-509c54b15f2a"",""service"":""4978aa94-666c-47c7-8024-3ada55195a51"",""deployment"":""b4365154-eadc-4c11-b568-5a096850e705"",""replica"":""56b3bc11-84b5-4316-abf1-2dec254f4739""}",2026-03-27T23:56:21.973122977Z
"  accountId: 'akunsatu',",info,"{""level"":""info""}","{""project"":""ce3616d9-58ad-4ec7-a294-1821e1564434"",""environment"":""fb6513d0-42a4-4660-82b5-509c54b15f2a"",""service"":""4978aa94-666c-47c7-8024-3ada55195a51"",""deployment"":""b4365154-eadc-4c11-b568-5a096850e705"",""replica"":""56b3bc11-84b5-4316-abf1-2dec254f4739""}",2026-03-27T23:56:21.973127830Z
[CLEAR SESSION] Session directory exists,info,"{""level"":""info""}","{""project"":""ce3616d9-58ad-4ec7-a294-1821e1564434"",""environment"":""fb6513d0-42a4-4660-82b5-509c54b15f2a"",""service"":""4978aa94-666c-47c7-8024-3ada55195a51"",""deployment"":""b4365154-eadc-4c11-b568-5a096850e705"",""replica"":""56b3bc11-84b5-4316-abf1-2dec254f4739""}",2026-03-27T23:56:21.973133454Z
"  usePairingCode: false,",info,"{""level"":""info""}","{""project"":""ce3616d9-58ad-4ec7-a294-1821e1564434"",""environment"":""fb6513d0-42a4-4660-82b5-509c54b15f2a"",""service"":""4978aa94-666c-47c7-8024-3ada55195a51"",""deployment"":""b4365154-eadc-4c11-b568-5a096850e705"",""replica"":""56b3bc11-84b5-4316-abf1-2dec254f4739""}",2026-03-27T23:56:21.973135410Z
[START SESSION] Auth state loaded:,info,"{""level"":""info""}","{""project"":""ce3616d9-58ad-4ec7-a294-1821e1564434"",""environment"":""fb6513d0-42a4-4660-82b5-509c54b15f2a"",""service"":""4978aa94-666c-47c7-8024-3ada55195a51"",""deployment"":""b4365154-eadc-4c11-b568-5a096850e705"",""replica"":""56b3bc11-84b5-4316-abf1-2dec254f4739""}",2026-03-27T23:56:21.973135646Z
"  phoneNumber: undefined,",info,"{""level"":""info""}","{""project"":""ce3616d9-58ad-4ec7-a294-1821e1564434"",""environment"":""fb6513d0-42a4-4660-82b5-509c54b15f2a"",""service"":""4978aa94-666c-47c7-8024-3ada55195a51"",""deployment"":""b4365154-eadc-4c11-b568-5a096850e705"",""replica"":""56b3bc11-84b5-4316-abf1-2dec254f4739""}",2026-03-27T23:56:21.973142602Z
[CLEAR SESSION] Deleting session directory with rimraf...,info,"{""level"":""info""}","{""project"":""ce3616d9-58ad-4ec7-a294-1821e1564434"",""environment"":""fb6513d0-42a4-4660-82b5-509c54b15f2a"",""service"":""4978aa94-666c-47c7-8024-3ada55195a51"",""deployment"":""b4365154-eadc-4c11-b568-5a096850e705"",""replica"":""56b3bc11-84b5-4316-abf1-2dec254f4739""}",2026-03-27T23:56:21.973143843Z
[START SESSION] - hasCreds: true,info,"{""level"":""info""}","{""project"":""ce3616d9-58ad-4ec7-a294-1821e1564434"",""environment"":""fb6513d0-42a4-4660-82b5-509c54b15f2a"",""service"":""4978aa94-666c-47c7-8024-3ada55195a51"",""deployment"":""b4365154-eadc-4c11-b568-5a096850e705"",""replica"":""56b3bc11-84b5-4316-abf1-2dec254f4739""}",2026-03-27T23:56:21.973148882Z
  forceNew: true,info,"{""level"":""info""}","{""project"":""ce3616d9-58ad-4ec7-a294-1821e1564434"",""environment"":""fb6513d0-42a4-4660-82b5-509c54b15f2a"",""service"":""4978aa94-666c-47c7-8024-3ada55195a51"",""deployment"":""b4365154-eadc-4c11-b568-5a096850e705"",""replica"":""56b3bc11-84b5-4316-abf1-2dec254f4739""}",2026-03-27T23:56:21.973151060Z
[CLEAR SESSION] ✅ Session directory successfully deleted,info,"{""level"":""info""}","{""project"":""ce3616d9-58ad-4ec7-a294-1821e1564434"",""environment"":""fb6513d0-42a4-4660-82b5-509c54b15f2a"",""service"":""4978aa94-666c-47c7-8024-3ada55195a51"",""deployment"":""b4365154-eadc-4c11-b568-5a096850e705"",""replica"":""56b3bc11-84b5-4316-abf1-2dec254f4739""}",2026-03-27T23:56:21.973153307Z
},info,"{""level"":""info""}","{""project"":""ce3616d9-58ad-4ec7-a294-1821e1564434"",""environment"":""fb6513d0-42a4-4660-82b5-509c54b15f2a"",""service"":""4978aa94-666c-47c7-8024-3ada55195a51"",""deployment"":""b4365154-eadc-4c11-b568-5a096850e705"",""replica"":""56b3bc11-84b5-4316-abf1-2dec254f4739""}",2026-03-27T23:56:21.973157796Z
[START SESSION] - creds.me exists: false,info,"{""level"":""info""}","{""project"":""ce3616d9-58ad-4ec7-a294-1821e1564434"",""environment"":""fb6513d0-42a4-4660-82b5-509c54b15f2a"",""service"":""4978aa94-666c-47c7-8024-3ada55195a51"",""deployment"":""b4365154-eadc-4c11-b568-5a096850e705"",""replica"":""56b3bc11-84b5-4316-abf1-2dec254f4739""}",2026-03-27T23:56:21.973159059Z
[START SESSION] ✅ Session data cleared successfully,info,"{""level"":""info""}","{""project"":""ce3616d9-58ad-4ec7-a294-1821e1564434"",""environment"":""fb6513d0-42a4-4660-82b5-509c54b15f2a"",""service"":""4978aa94-666c-47c7-8024-3ada55195a51"",""deployment"":""b4365154-eadc-4c11-b568-5a096850e705"",""replica"":""56b3bc11-84b5-4316-abf1-2dec254f4739""}",2026-03-27T23:56:21.973163932Z
[START SESSION] - creds.me.id: N/A,info,"{""level"":""info""}","{""project"":""ce3616d9-58ad-4ec7-a294-1821e1564434"",""environment"":""fb6513d0-42a4-4660-82b5-509c54b15f2a"",""service"":""4978aa94-666c-47c7-8024-3ada55195a51"",""deployment"":""b4365154-eadc-4c11-b568-5a096850e705"",""replica"":""56b3bc11-84b5-4316-abf1-2dec254f4739""}",2026-03-27T23:56:21.973167719Z
[START SESSION] Current accounts: [],info,"{""level"":""info""}","{""project"":""ce3616d9-58ad-4ec7-a294-1821e1564434"",""environment"":""fb6513d0-42a4-4660-82b5-509c54b15f2a"",""service"":""4978aa94-666c-47c7-8024-3ada55195a51"",""deployment"":""b4365154-eadc-4c11-b568-5a096850e705"",""replica"":""56b3bc11-84b5-4316-abf1-2dec254f4739""}",2026-03-27T23:56:21.973167923Z
[START SESSION] Session directory created: /app/mini-services/whatsapp-service/sessions/akunsatu,info,"{""level"":""info""}","{""project"":""ce3616d9-58ad-4ec7-a294-1821e1564434"",""environment"":""fb6513d0-42a4-4660-82b5-509c54b15f2a"",""service"":""4978aa94-666c-47c7-8024-3ada55195a51"",""deployment"":""b4365154-eadc-4c11-b568-5a096850e705"",""replica"":""56b3bc11-84b5-4316-abf1-2dec254f4739""}",2026-03-27T23:56:21.973173765Z
[START SESSION] Loading auth state...,info,"{""level"":""info""}","{""project"":""ce3616d9-58ad-4ec7-a294-1821e1564434"",""environment"":""fb6513d0-42a4-4660-82b5-509c54b15f2a"",""service"":""4978aa94-666c-47c7-8024-3ada55195a51"",""deployment"":""b4365154-eadc-4c11-b568-5a096850e705"",""replica"":""56b3bc11-84b5-4316-abf1-2dec254f4739""}",2026-03-27T23:56:21.973182106Z
[START SESSION] - creds.me.name: N/A,info,"{""level"":""info""}","{""project"":""ce3616d9-58ad-4ec7-a294-1821e1564434"",""environment"":""fb6513d0-42a4-4660-82b5-509c54b15f2a"",""service"":""4978aa94-666c-47c7-8024-3ada55195a51"",""deployment"":""b4365154-eadc-4c11-b568-5a096850e705"",""replica"":""56b3bc11-84b5-4316-abf1-2dec254f4739""}",2026-03-27T23:56:21.973185959Z
==========================================,info,"{""level"":""info""}","{""project"":""ce3616d9-58ad-4ec7-a294-1821e1564434"",""environment"":""fb6513d0-42a4-4660-82b5-509c54b15f2a"",""service"":""4978aa94-666c-47c7-8024-3ada55195a51"",""deployment"":""b4365154-eadc-4c11-b568-5a096850e705"",""replica"":""56b3bc11-84b5-4316-abf1-2dec254f4739""}",2026-03-27T23:56:21.973186063Z
[START SESSION] - This account will: REGISTER (expect QR),info,"{""level"":""info""}","{""project"":""ce3616d9-58ad-4ec7-a294-1821e1564434"",""environment"":""fb6513d0-42a4-4660-82b5-509c54b15f2a"",""service"":""4978aa94-666c-47c7-8024-3ada55195a51"",""deployment"":""b4365154-eadc-4c11-b568-5a096850e705"",""replica"":""56b3bc11-84b5-4316-abf1-2dec254f4739""}",2026-03-27T23:56:21.973195470Z
"[START SESSION] forceNew=true, clearing old session data...",info,"{""level"":""info""}","{""project"":""ce3616d9-58ad-4ec7-a294-1821e1564434"",""environment"":""fb6513d0-42a4-4660-82b5-509c54b15f2a"",""service"":""4978aa94-666c-47c7-8024-3ada55195a51"",""deployment"":""b4365154-eadc-4c11-b568-5a096850e705"",""replica"":""56b3bc11-84b5-4316-abf1-2dec254f4739""}",2026-03-27T23:56:21.973197639Z
[CLEAR SESSION] Attempting to clear session for: akunsatu,info,"{""level"":""info""}","{""project"":""ce3616d9-58ad-4ec7-a294-1821e1564434"",""environment"":""fb6513d0-42a4-4660-82b5-509c54b15f2a"",""service"":""4978aa94-666c-47c7-8024-3ada55195a51"",""deployment"":""b4365154-eadc-4c11-b568-5a096850e705"",""replica"":""56b3bc11-84b5-4316-abf1-2dec254f4739""}",2026-03-27T23:56:21.973204332Z
[START SESSION] Fetching Baileys version...,info,"{""level"":""info""}","{""project"":""ce3616d9-58ad-4ec7-a294-1821e1564434"",""environment"":""fb6513d0-42a4-4660-82b5-509c54b15f2a"",""service"":""4978aa94-666c-47c7-8024-3ada55195a51"",""deployment"":""b4365154-eadc-4c11-b568-5a096850e705"",""replica"":""56b3bc11-84b5-4316-abf1-2dec254f4739""}",2026-03-27T23:56:21.975169191Z
"[START SESSION] Baileys version: [ 2, 3000, 1035194821 ]",info,"{""level"":""info""}","{""project"":""ce3616d9-58ad-4ec7-a294-1821e1564434"",""environment"":""fb6513d0-42a4-4660-82b5-509c54b15f2a"",""service"":""4978aa94-666c-47c7-8024-3ada55195a51"",""deployment"":""b4365154-eadc-4c11-b568-5a096850e705"",""replica"":""56b3bc11-84b5-4316-abf1-2dec254f4739""}",2026-03-27T23:56:21.975177117Z
[START SESSION] Creating WhatsApp socket...,info,"{""level"":""info""}","{""project"":""ce3616d9-58ad-4ec7-a294-1821e1564434"",""environment"":""fb6513d0-42a4-4660-82b5-509c54b15f2a"",""service"":""4978aa94-666c-47c7-8024-3ada55195a51"",""deployment"":""b4365154-eadc-4c11-b568-5a096850e705"",""replica"":""56b3bc11-84b5-4316-abf1-2dec254f4739""}",2026-03-27T23:56:21.975182334Z
[NETWORK] Testing connectivity to WhatsApp servers...,info,"{""level"":""info""}","{""project"":""ce3616d9-58ad-4ec7-a294-1821e1564434"",""environment"":""fb6513d0-42a4-4660-82b5-509c54b15f2a"",""service"":""4978aa94-666c-47c7-8024-3ada55195a51"",""deployment"":""b4365154-eadc-4c11-b568-5a096850e705"",""replica"":""56b3bc11-84b5-4316-abf1-2dec254f4739""}",2026-03-27T23:56:21.975186923Z
[NETWORK] DNS resolution for web.whatsapp.com: [ '57.144.15.32' ],info,"{""level"":""info""}","{""project"":""ce3616d9-58ad-4ec7-a294-1821e1564434"",""environment"":""fb6513d0-42a4-4660-82b5-509c54b15f2a"",""service"":""4978aa94-666c-47c7-8024-3ada55195a51"",""deployment"":""b4365154-eadc-4c11-b568-5a096850e705"",""replica"":""56b3bc11-84b5-4316-abf1-2dec254f4739""}",2026-03-27T23:56:21.975191196Z
[NETWORK] HTTPS test to web.whatsapp.com: Status 200,info,"{""level"":""info""}","{""project"":""ce3616d9-58ad-4ec7-a294-1821e1564434"",""environment"":""fb6513d0-42a4-4660-82b5-509c54b15f2a"",""service"":""4978aa94-666c-47c7-8024-3ada55195a51"",""deployment"":""b4365154-eadc-4c11-b568-5a096850e705"",""replica"":""56b3bc11-84b5-4316-abf1-2dec254f4739""}",2026-03-27T23:56:21.975196020Z
[SOCKET] makeWASocket created for: akunsatu,info,"{""level"":""info""}","{""project"":""ce3616d9-58ad-4ec7-a294-1821e1564434"",""environment"":""fb6513d0-42a4-4660-82b5-509c54b15f2a"",""service"":""4978aa94-666c-47c7-8024-3ada55195a51"",""deployment"":""b4365154-eadc-4c11-b568-5a096850e705"",""replica"":""56b3bc11-84b5-4316-abf1-2dec254f4739""}",2026-03-27T23:56:21.975201263Z
[SOCKET] Socket has ev? true,info,"{""level"":""info""}","{""project"":""ce3616d9-58ad-4ec7-a294-1821e1564434"",""environment"":""fb6513d0-42a4-4660-82b5-509c54b15f2a"",""service"":""4978aa94-666c-47c7-8024-3ada55195a51"",""deployment"":""b4365154-eadc-4c11-b568-5a096850e705"",""replica"":""56b3bc11-84b5-4316-abf1-2dec254f4739""}",2026-03-27T23:56:21.975205271Z
[SOCKET] Socket has ws? true,info,"{""level"":""info""}","{""project"":""ce3616d9-58ad-4ec7-a294-1821e1564434"",""environment"":""fb6513d0-42a4-4660-82b5-509c54b15f2a"",""service"":""4978aa94-666c-47c7-8024-3ada55195a51"",""deployment"":""b4365154-eadc-4c11-b568-5a096850e705"",""replica"":""56b3bc11-84b5-4316-abf1-2dec254f4739""}",2026-03-27T23:56:21.975209117Z
[SOCKET] Socket user? undefined,info,"{""level"":""info""}","{""project"":""ce3616d9-58ad-4ec7-a294-1821e1564434"",""environment"":""fb6513d0-42a4-4660-82b5-509c54b15f2a"",""service"":""4978aa94-666c-47c7-8024-3ada55195a51"",""deployment"":""b4365154-eadc-4c11-b568-5a096850e705"",""replica"":""56b3bc11-84b5-4316-abf1-2dec254f4739""}",2026-03-27T23:56:21.975213963Z
[ACCOUNT] ✅ Added pending account to map immediately: akunsatu,info,"{""level"":""info""}","{""project"":""ce3616d9-58ad-4ec7-a294-1821e1564434"",""environment"":""fb6513d0-42a4-4660-82b5-509c54b15f2a"",""service"":""4978aa94-666c-47c7-8024-3ada55195a51"",""deployment"":""b4365154-eadc-4c11-b568-5a096850e705"",""replica"":""56b3bc11-84b5-4316-abf1-2dec254f4739""}",2026-03-27T23:56:21.975218240Z
[SOCKET] 🚀 Registering connection.update handler IMMEDIATELY for: akunsatu,info,"{""level"":""info""}","{""project"":""ce3616d9-58ad-4ec7-a294-1821e1564434"",""environment"":""fb6513d0-42a4-4660-82b5-509c54b15f2a"",""service"":""4978aa94-666c-47c7-8024-3ada55195a51"",""deployment"":""b4365154-eadc-4c11-b568-5a096850e705"",""replica"":""56b3bc11-84b5-4316-abf1-2dec254f4739""}",2026-03-27T23:56:21.975222850Z
[SOCKET] ✅ Event handlers registered IMMEDIATELY,info,"{""level"":""info""}","{""project"":""ce3616d9-58ad-4ec7-a294-1821e1564434"",""environment"":""fb6513d0-42a4-4660-82b5-509c54b15f2a"",""service"":""4978aa94-666c-47c7-8024-3ada55195a51"",""deployment"":""b4365154-eadc-4c11-b568-5a096850e705"",""replica"":""56b3bc11-84b5-4316-abf1-2dec254f4739""}",2026-03-27T23:56:21.975228090Z
[WS] Native WebSocket exists: true,info,"{""level"":""info""}","{""project"":""ce3616d9-58ad-4ec7-a294-1821e1564434"",""environment"":""fb6513d0-42a4-4660-82b5-509c54b15f2a"",""service"":""4978aa94-666c-47c7-8024-3ada55195a51"",""deployment"":""b4365154-eadc-4c11-b568-5a096850e705"",""replica"":""56b3bc11-84b5-4316-abf1-2dec254f4739""}",2026-03-27T23:56:21.975232215Z
[WS] Native WebSocket state: 0 = CONNECTING,info,"{""level"":""info""}","{""project"":""ce3616d9-58ad-4ec7-a294-1821e1564434"",""environment"":""fb6513d0-42a4-4660-82b5-509c54b15f2a"",""service"":""4978aa94-666c-47c7-8024-3ada55195a51"",""deployment"":""b4365154-eadc-4c11-b568-5a096850e705"",""replica"":""56b3bc11-84b5-4316-abf1-2dec254f4739""}",2026-03-27T23:56:21.975236086Z
[WS] WebSocketClient isConnecting: true,info,"{""level"":""info""}","{""project"":""ce3616d9-58ad-4ec7-a294-1821e1564434"",""environment"":""fb6513d0-42a4-4660-82b5-509c54b15f2a"",""service"":""4978aa94-666c-47c7-8024-3ada55195a51"",""deployment"":""b4365154-eadc-4c11-b568-5a096850e705"",""replica"":""56b3bc11-84b5-4316-abf1-2dec254f4739""}",2026-03-27T23:56:21.975240995Z
[WS] WebSocketClient isOpen: false,info,"{""level"":""info""}","{""project"":""ce3616d9-58ad-4ec7-a294-1821e1564434"",""environment"":""fb6513d0-42a4-4660-82b5-509c54b15f2a"",""service"":""4978aa94-666c-47c7-8024-3ada55195a51"",""deployment"":""b4365154-eadc-4c11-b568-5a096850e705"",""replica"":""56b3bc11-84b5-4316-abf1-2dec254f4739""}",2026-03-27T23:56:21.975246499Z
[WS] WebSocketClient isClosed: false,info,"{""level"":""info""}","{""project"":""ce3616d9-58ad-4ec7-a294-1821e1564434"",""environment"":""fb6513d0-42a4-4660-82b5-509c54b15f2a"",""service"":""4978aa94-666c-47c7-8024-3ada55195a51"",""deployment"":""b4365154-eadc-4c11-b568-5a096850e705"",""replica"":""56b3bc11-84b5-4316-abf1-2dec254f4739""}",2026-03-27T23:56:21.975251467Z
[WS] WebSocket URL: URL {,info,"{""level"":""info""}","{""project"":""ce3616d9-58ad-4ec7-a294-1821e1564434"",""environment"":""fb6513d0-42a4-4660-82b5-509c54b15f2a"",""service"":""4978aa94-666c-47c7-8024-3ada55195a51"",""deployment"":""b4365154-eadc-4c11-b568-5a096850e705"",""replica"":""56b3bc11-84b5-4316-abf1-2dec254f4739""}",2026-03-27T23:56:21.975255245Z
"  href: 'wss://web.whatsapp.com/ws/chat',",info,"{""level"":""info""}","{""project"":""ce3616d9-58ad-4ec7-a294-1821e1564434"",""environment"":""fb6513d0-42a4-4660-82b5-509c54b15f2a"",""service"":""4978aa94-666c-47c7-8024-3ada55195a51"",""deployment"":""b4365154-eadc-4c11-b568-5a096850e705"",""replica"":""56b3bc11-84b5-4316-abf1-2dec254f4739""}",2026-03-27T23:56:21.975259187Z
"  origin: 'wss://web.whatsapp.com',",info,"{""level"":""info""}","{""project"":""ce3616d9-58ad-4ec7-a294-1821e1564434"",""environment"":""fb6513d0-42a4-4660-82b5-509c54b15f2a"",""service"":""4978aa94-666c-47c7-8024-3ada55195a51"",""deployment"":""b4365154-eadc-4c11-b568-5a096850e705"",""replica"":""56b3bc11-84b5-4316-abf1-2dec254f4739""}",2026-03-27T23:56:21.975263906Z
"  protocol: 'wss:',",info,"{""level"":""info""}","{""project"":""ce3616d9-58ad-4ec7-a294-1821e1564434"",""environment"":""fb6513d0-42a4-4660-82b5-509c54b15f2a"",""service"":""4978aa94-666c-47c7-8024-3ada55195a51"",""deployment"":""b4365154-eadc-4c11-b568-5a096850e705"",""replica"":""56b3bc11-84b5-4316-abf1-2dec254f4739""}",2026-03-27T23:56:21.975268776Z
"  username: '',",info,"{""level"":""info""}","{""project"":""ce3616d9-58ad-4ec7-a294-1821e1564434"",""environment"":""fb6513d0-42a4-4660-82b5-509c54b15f2a"",""service"":""4978aa94-666c-47c7-8024-3ada55195a51"",""deployment"":""b4365154-eadc-4c11-b568-5a096850e705"",""replica"":""56b3bc11-84b5-4316-abf1-2dec254f4739""}",2026-03-27T23:56:21.975273643Z
"  password: '',",info,"{""level"":""info""}","{""project"":""ce3616d9-58ad-4ec7-a294-1821e1564434"",""environment"":""fb6513d0-42a4-4660-82b5-509c54b15f2a"",""service"":""4978aa94-666c-47c7-8024-3ada55195a51"",""deployment"":""b4365154-eadc-4c11-b568-5a096850e705"",""replica"":""56b3bc11-84b5-4316-abf1-2dec254f4739""}",2026-03-27T23:56:21.975326651Z
"  host: 'web.whatsapp.com',",info,"{""level"":""info""}","{""project"":""ce3616d9-58ad-4ec7-a294-1821e1564434"",""environment"":""fb6513d0-42a4-4660-82b5-509c54b15f2a"",""service"":""4978aa94-666c-47c7-8024-3ada55195a51"",""deployment"":""b4365154-eadc-4c11-b568-5a096850e705"",""replica"":""56b3bc11-84b5-4316-abf1-2dec254f4739""}",2026-03-27T23:56:21.978184301Z
"  hostname: 'web.whatsapp.com',",info,"{""level"":""info""}","{""project"":""ce3616d9-58ad-4ec7-a294-1821e1564434"",""environment"":""fb6513d0-42a4-4660-82b5-509c54b15f2a"",""service"":""4978aa94-666c-47c7-8024-3ada55195a51"",""deployment"":""b4365154-eadc-4c11-b568-5a096850e705"",""replica"":""56b3bc11-84b5-4316-abf1-2dec254f4739""}",2026-03-27T23:56:21.978197269Z
"  port: '',",info,"{""level"":""info""}","{""project"":""ce3616d9-58ad-4ec7-a294-1821e1564434"",""environment"":""fb6513d0-42a4-4660-82b5-509c54b15f2a"",""service"":""4978aa94-666c-47c7-8024-3ada55195a51"",""deployment"":""b4365154-eadc-4c11-b568-5a096850e705"",""replica"":""56b3bc11-84b5-4316-abf1-2dec254f4739""}",2026-03-27T23:56:21.978206956Z
"  pathname: '/ws/chat',",info,"{""level"":""info""}","{""project"":""ce3616d9-58ad-4ec7-a294-1821e1564434"",""environment"":""fb6513d0-42a4-4660-82b5-509c54b15f2a"",""service"":""4978aa94-666c-47c7-8024-3ada55195a51"",""deployment"":""b4365154-eadc-4c11-b568-5a096850e705"",""replica"":""56b3bc11-84b5-4316-abf1-2dec254f4739""}",2026-03-27T23:56:21.978214823Z
"  search: '',",info,"{""level"":""info""}","{""project"":""ce3616d9-58ad-4ec7-a294-1821e1564434"",""environment"":""fb6513d0-42a4-4660-82b5-509c54b15f2a"",""service"":""4978aa94-666c-47c7-8024-3ada55195a51"",""deployment"":""b4365154-eadc-4c11-b568-5a096850e705"",""replica"":""56b3bc11-84b5-4316-abf1-2dec254f4739""}",2026-03-27T23:56:21.978222639Z
"  searchParams: URLSearchParams {},",info,"{""level"":""info""}","{""project"":""ce3616d9-58ad-4ec7-a294-1821e1564434"",""environment"":""fb6513d0-42a4-4660-82b5-509c54b15f2a"",""service"":""4978aa94-666c-47c7-8024-3ada55195a51"",""deployment"":""b4365154-eadc-4c11-b568-5a096850e705"",""replica"":""56b3bc11-84b5-4316-abf1-2dec254f4739""}",2026-03-27T23:56:21.978233737Z
  hash: '',info,"{""level"":""info""}","{""project"":""ce3616d9-58ad-4ec7-a294-1821e1564434"",""environment"":""fb6513d0-42a4-4660-82b5-509c54b15f2a"",""service"":""4978aa94-666c-47c7-8024-3ada55195a51"",""deployment"":""b4365154-eadc-4c11-b568-5a096850e705"",""replica"":""56b3bc11-84b5-4316-abf1-2dec254f4739""}",2026-03-27T23:56:21.978241252Z
},info,"{""level"":""info""}","{""project"":""ce3616d9-58ad-4ec7-a294-1821e1564434"",""environment"":""fb6513d0-42a4-4660-82b5-509c54b15f2a"",""service"":""4978aa94-666c-47c7-8024-3ada55195a51"",""deployment"":""b4365154-eadc-4c11-b568-5a096850e705"",""replica"":""56b3bc11-84b5-4316-abf1-2dec254f4739""}",2026-03-27T23:56:21.978248552Z
[SESSION] ✅ Retrieved account from map: akunsatu,info,"{""level"":""info""}","{""project"":""ce3616d9-58ad-4ec7-a294-1821e1564434"",""environment"":""fb6513d0-42a4-4660-82b5-509c54b15f2a"",""service"":""4978aa94-666c-47c7-8024-3ada55195a51"",""deployment"":""b4365154-eadc-4c11-b568-5a096850e705"",""replica"":""56b3bc11-84b5-4316-abf1-2dec254f4739""}",2026-03-27T23:56:21.978254853Z
==========================================,info,"{""level"":""info""}","{""project"":""ce3616d9-58ad-4ec7-a294-1821e1564434"",""environment"":""fb6513d0-42a4-4660-82b5-509c54b15f2a"",""service"":""4978aa94-666c-47c7-8024-3ada55195a51"",""deployment"":""b4365154-eadc-4c11-b568-5a096850e705"",""replica"":""56b3bc11-84b5-4316-abf1-2dec254f4739""}",2026-03-27T23:56:21.978262673Z
[CONNECTION UPDATE] ✅ EVENT RECEIVED! {,info,"{""level"":""info""}","{""project"":""ce3616d9-58ad-4ec7-a294-1821e1564434"",""environment"":""fb6513d0-42a4-4660-82b5-509c54b15f2a"",""service"":""4978aa94-666c-47c7-8024-3ada55195a51"",""deployment"":""b4365154-eadc-4c11-b568-5a096850e705"",""replica"":""56b3bc11-84b5-4316-abf1-2dec254f4739""}",2026-03-27T23:56:21.978268758Z
"  accountId: 'akunsatu',",info,"{""level"":""info""}","{""project"":""ce3616d9-58ad-4ec7-a294-1821e1564434"",""environment"":""fb6513d0-42a4-4660-82b5-509c54b15f2a"",""service"":""4978aa94-666c-47c7-8024-3ada55195a51"",""deployment"":""b4365154-eadc-4c11-b568-5a096850e705"",""replica"":""56b3bc11-84b5-4316-abf1-2dec254f4739""}",2026-03-27T23:56:21.978278007Z
"  connection: 'connecting',",info,"{""level"":""info""}","{""project"":""ce3616d9-58ad-4ec7-a294-1821e1564434"",""environment"":""fb6513d0-42a4-4660-82b5-509c54b15f2a"",""service"":""4978aa94-666c-47c7-8024-3ada55195a51"",""deployment"":""b4365154-eadc-4c11-b568-5a096850e705"",""replica"":""56b3bc11-84b5-4316-abf1-2dec254f4739""}",2026-03-27T23:56:21.978285645Z
"  hasQr: false,",info,"{""level"":""info""}","{""project"":""ce3616d9-58ad-4ec7-a294-1821e1564434"",""environment"":""fb6513d0-42a4-4660-82b5-509c54b15f2a"",""service"":""4978aa94-666c-47c7-8024-3ada55195a51"",""deployment"":""b4365154-eadc-4c11-b568-5a096850e705"",""replica"":""56b3bc11-84b5-4316-abf1-2dec254f4739""}",2026-03-27T23:56:21.978292824Z
"  qrPreview: null,",info,"{""level"":""info""}","{""project"":""ce3616d9-58ad-4ec7-a294-1821e1564434"",""environment"":""fb6513d0-42a4-4660-82b5-509c54b15f2a"",""service"":""4978aa94-666c-47c7-8024-3ada55195a51"",""deployment"":""b4365154-eadc-4c11-b568-5a096850e705"",""replica"":""56b3bc11-84b5-4316-abf1-2dec254f4739""}",2026-03-27T23:56:21.978301643Z
  isNewLogin: undefined,info,"{""level"":""info""}","{""project"":""ce3616d9-58ad-4ec7-a294-1821e1564434"",""environment"":""fb6513d0-42a4-4660-82b5-509c54b15f2a"",""service"":""4978aa94-666c-47c7-8024-3ada55195a51"",""deployment"":""b4365154-eadc-4c11-b568-5a096850e705"",""replica"":""56b3bc11-84b5-4316-abf1-2dec254f4739""}",2026-03-27T23:56:21.978314670Z
},info,"{""level"":""info""}","{""project"":""ce3616d9-58ad-4ec7-a294-1821e1564434"",""environment"":""fb6513d0-42a4-4660-82b5-509c54b15f2a"",""service"":""4978aa94-666c-47c7-8024-3ada55195a51"",""deployment"":""b4365154-eadc-4c11-b568-5a096850e705"",""replica"":""56b3bc11-84b5-4316-abf1-2dec254f4739""}",2026-03-27T23:56:21.978322091Z
==========================================,info,"{""level"":""info""}","{""project"":""ce3616d9-58ad-4ec7-a294-1821e1564434"",""environment"":""fb6513d0-42a4-4660-82b5-509c54b15f2a"",""service"":""4978aa94-666c-47c7-8024-3ada55195a51"",""deployment"":""b4365154-eadc-4c11-b568-5a096850e705"",""replica"":""56b3bc11-84b5-4316-abf1-2dec254f4739""}",2026-03-27T23:56:21.978328673Z
connected to WA,info,"{""time"":1774655774746,""pid"":94,""hostname"":""9a45ddc40bc4"",""browser"":[""Mac OS"",""Chrome"",""14.4.1""],""helloMsg"":{""clientHello"":{""ephemeral"":""G6S9w3in7xDm9kwsqs2crqKdHcNFUoKJpw/nn85/dEQ=""}},""level"":""info""}","{""project"":""ce3616d9-58ad-4ec7-a294-1821e1564434"",""environment"":""fb6513d0-42a4-4660-82b5-509c54b15f2a"",""service"":""4978aa94-666c-47c7-8024-3ada55195a51"",""deployment"":""b4365154-eadc-4c11-b568-5a096850e705"",""replica"":""56b3bc11-84b5-4316-abf1-2dec254f4739""}",2026-03-27T23:56:21.978335118Z
[WS NATIVE SEND] Sending for akunsatu type: object preview: V0EGAwAAJBIiCiAbpL3DeKfvEOb2TCyqzZyuop0dw0VSgomnD+efzn90RA==,info,"{""level"":""info""}","{""project"":""ce3616d9-58ad-4ec7-a294-1821e1564434"",""environment"":""fb6513d0-42a4-4660-82b5-509c54b15f2a"",""service"":""4978aa94-666c-47c7-8024-3ada55195a51"",""deployment"":""b4365154-eadc-4c11-b568-5a096850e705"",""replica"":""56b3bc11-84b5-4316-abf1-2dec254f4739""}",2026-03-27T23:56:21.978346792Z
[WS NATIVE OPEN] Native WebSocket opened for akunsatu,info,"{""level"":""info""}","{""project"":""ce3616d9-58ad-4ec7-a294-1821e1564434"",""environment"":""fb6513d0-42a4-4660-82b5-509c54b15f2a"",""service"":""4978aa94-666c-47c7-8024-3ada55195a51"",""deployment"":""b4365154-eadc-4c11-b568-5a096850e705"",""replica"":""56b3bc11-84b5-4316-abf1-2dec254f4739""}",2026-03-27T23:56:21.978354012Z
[WS NATIVE MESSAGE] Received for akunsatu binary: true len: 350 preview: AAFbGtgCCiApTzkjMDuznML93lc5nL35RnAIPZtu3ikfOdyU1u7ADRIwHStTfCT9Oq4=...,info,"{""level"":""info""}","{""project"":""ce3616d9-58ad-4ec7-a294-1821e1564434"",""environment"":""fb6513d0-42a4-4660-82b5-509c54b15f2a"",""service"":""4978aa94-666c-47c7-8024-3ada55195a51"",""deployment"":""b4365154-eadc-4c11-b568-5a096850e705"",""replica"":""56b3bc11-84b5-4316-abf1-2dec254f4739""}",2026-03-27T23:56:21.978359913Z
"not logged in, attempting registration...",info,"{""time"":1774655774957,""pid"":94,""hostname"":""9a45ddc40bc4"",""node"":{""passive"":false,""userAgent"":{""platform"":""WEB"",""appVersion"":{""primary"":2,""secondary"":3000,""tertiary"":1035194821},""mcc"":""000"",""mnc"":""000"",""osVersion"":""0.1"",""device"":""Desktop"",""osBuildNumber"":""0.1"",""releaseChannel"":""RELEASE"",""localeLanguageIso6391"":""en"",""localeCountryIso31661Alpha2"":""US""},""webInfo"":{""webSubPlatform"":""WEB_BROWSER""},""connectType"":""WIFI_UNKNOWN"",""connectReason"":""USER_ACTIVATED"",""devicePairingData"":{""eRegid"":""AAAATQ=="",""eKeytype"":""BQ=="",""eIdent"":""lmDWGuTbcgqUYMVMM1E8wEVzj+ruWsZq74RxwbZRwWA="",""eSkeyId"":""AAAB"",""eSkeyVal"":""K1QVCOehOUsU4qwle6q4Yxh5zjaNwE9Mjv86UrzZKjg="",""eSkeySig"":""QPZ+VC9KVBlw31F4lxZQre7w8d+TjJYQDvfAYfxr+QFHwoEX8SMxQphWmGQRMRAesY67pRZU2nwMpAAdvYaACg=="",""buildHash"":""oslHHv+RCp4a5lmJCiiHLQ=="",""deviceProps"":""CgZNYWMgT1MYASAAKhUYgFAgATAAOAFAAUgBUAFYAWABcAE=""},""pull"":false},""level"":""info""}","{""project"":""ce3616d9-58ad-4ec7-a294-1821e1564434"",""environment"":""fb6513d0-42a4-4660-82b5-509c54b15f2a"",""service"":""4978aa94-666c-47c7-8024-3ada55195a51"",""deployment"":""b4365154-eadc-4c11-b568-5a096850e705"",""replica"":""56b3bc11-84b5-4316-abf1-2dec254f4739""}",2026-03-27T23:56:21.978366157Z
[WS NATIVE SEND] Sending for akunsatu type: object preview: AAFcItkCCjC/P4+oGM2hlhf/OcEG0TvmL+X5OsztYUA+vDaLmSZu7grVOvCEmdNl3LM=,info,"{""level"":""info""}","{""project"":""ce3616d9-58ad-4ec7-a294-1821e1564434"",""environment"":""fb6513d0-42a4-4660-82b5-509c54b15f2a"",""service"":""4978aa94-666c-47c7-8024-3ada55195a51"",""deployment"":""b4365154-eadc-4c11-b568-5a096850e705"",""replica"":""56b3bc11-84b5-4316-abf1-2dec254f4739""}",2026-03-27T23:56:21.984560321Z
[WS NATIVE MESSAGE] Received for akunsatu binary: true len: 698 preview: AAK3Vy1RiOp3j9v9EJZOh6sLLBrzrjoI5L53F50MRKcZlFBdQFdDEpbdhLo/7dCf6Pw=...,info,"{""level"":""info""}","{""project"":""ce3616d9-58ad-4ec7-a294-1821e1564434"",""environment"":""fb6513d0-42a4-4660-82b5-509c54b15f2a"",""service"":""4978aa94-666c-47c7-8024-3ada55195a51"",""deployment"":""b4365154-eadc-4c11-b568-5a096850e705"",""replica"":""56b3bc11-84b5-4316-abf1-2dec254f4739""}",2026-03-27T23:56:21.984569722Z
[WS NATIVE SEND] Sending for akunsatu type: object preview: AAAiQBMzzgNm8siinDENDNl3Nbu4BbFz/rV5q/fK+alMUp5iZw==,info,"{""level"":""info""}","{""project"":""ce3616d9-58ad-4ec7-a294-1821e1564434"",""environment"":""fb6513d0-42a4-4660-82b5-509c54b15f2a"",""service"":""4978aa94-666c-47c7-8024-3ada55195a51"",""deployment"":""b4365154-eadc-4c11-b568-5a096850e705"",""replica"":""56b3bc11-84b5-4316-abf1-2dec254f4739""}",2026-03-27T23:56:21.984575436Z
==========================================,info,"{""level"":""info""}","{""project"":""ce3616d9-58ad-4ec7-a294-1821e1564434"",""environment"":""fb6513d0-42a4-4660-82b5-509c54b15f2a"",""service"":""4978aa94-666c-47c7-8024-3ada55195a51"",""deployment"":""b4365154-eadc-4c11-b568-5a096850e705"",""replica"":""56b3bc11-84b5-4316-abf1-2dec254f4739""}",2026-03-27T23:56:21.984581862Z
[CONNECTION UPDATE] ✅ EVENT RECEIVED! {,info,"{""level"":""info""}","{""project"":""ce3616d9-58ad-4ec7-a294-1821e1564434"",""environment"":""fb6513d0-42a4-4660-82b5-509c54b15f2a"",""service"":""4978aa94-666c-47c7-8024-3ada55195a51"",""deployment"":""b4365154-eadc-4c11-b568-5a096850e705"",""replica"":""56b3bc11-84b5-4316-abf1-2dec254f4739""}",2026-03-27T23:56:21.984587423Z
"  accountId: 'akunsatu',",info,"{""level"":""info""}","{""project"":""ce3616d9-58ad-4ec7-a294-1821e1564434"",""environment"":""fb6513d0-42a4-4660-82b5-509c54b15f2a"",""service"":""4978aa94-666c-47c7-8024-3ada55195a51"",""deployment"":""b4365154-eadc-4c11-b568-5a096850e705"",""replica"":""56b3bc11-84b5-4316-abf1-2dec254f4739""}",2026-03-27T23:56:21.984592025Z
"  connection: undefined,",info,"{""level"":""info""}","{""project"":""ce3616d9-58ad-4ec7-a294-1821e1564434"",""environment"":""fb6513d0-42a4-4660-82b5-509c54b15f2a"",""service"":""4978aa94-666c-47c7-8024-3ada55195a51"",""deployment"":""b4365154-eadc-4c11-b568-5a096850e705"",""replica"":""56b3bc11-84b5-4316-abf1-2dec254f4739""}",2026-03-27T23:56:21.984596640Z
"  hasQr: true,",info,"{""level"":""info""}","{""project"":""ce3616d9-58ad-4ec7-a294-1821e1564434"",""environment"":""fb6513d0-42a4-4660-82b5-509c54b15f2a"",""service"":""4978aa94-666c-47c7-8024-3ada55195a51"",""deployment"":""b4365154-eadc-4c11-b568-5a096850e705"",""replica"":""56b3bc11-84b5-4316-abf1-2dec254f4739""}",2026-03-27T23:56:21.984601534Z
"  qrPreview: '2@7nY6e1RyWNH92NCHKculhJNMZ7geeOf005eFJql1kR4BT+Zh...',",info,"{""level"":""info""}","{""project"":""ce3616d9-58ad-4ec7-a294-1821e1564434"",""environment"":""fb6513d0-42a4-4660-82b5-509c54b15f2a"",""service"":""4978aa94-666c-47c7-8024-3ada55195a51"",""deployment"":""b4365154-eadc-4c11-b568-5a096850e705"",""replica"":""56b3bc11-84b5-4316-abf1-2dec254f4739""}",2026-03-27T23:56:21.984606194Z
  isNewLogin: undefined,info,"{""level"":""info""}","{""project"":""ce3616d9-58ad-4ec7-a294-1821e1564434"",""environment"":""fb6513d0-42a4-4660-82b5-509c54b15f2a"",""service"":""4978aa94-666c-47c7-8024-3ada55195a51"",""deployment"":""b4365154-eadc-4c11-b568-5a096850e705"",""replica"":""56b3bc11-84b5-4316-abf1-2dec254f4739""}",2026-03-27T23:56:21.984610891Z
},info,"{""level"":""info""}","{""project"":""ce3616d9-58ad-4ec7-a294-1821e1564434"",""environment"":""fb6513d0-42a4-4660-82b5-509c54b15f2a"",""service"":""4978aa94-666c-47c7-8024-3ada55195a51"",""deployment"":""b4365154-eadc-4c11-b568-5a096850e705"",""replica"":""56b3bc11-84b5-4316-abf1-2dec254f4739""}",2026-03-27T23:56:21.984615019Z
==========================================,info,"{""level"":""info""}","{""project"":""ce3616d9-58ad-4ec7-a294-1821e1564434"",""environment"":""fb6513d0-42a4-4660-82b5-509c54b15f2a"",""service"":""4978aa94-666c-47c7-8024-3ada55195a51"",""deployment"":""b4365154-eadc-4c11-b568-5a096850e705"",""replica"":""56b3bc11-84b5-4316-abf1-2dec254f4739""}",2026-03-27T23:56:21.984619962Z
[QR] 🎯 QR code received for: akunsatu,info,"{""level"":""info""}","{""project"":""ce3616d9-58ad-4ec7-a294-1821e1564434"",""environment"":""fb6513d0-42a4-4660-82b5-509c54b15f2a"",""service"":""4978aa94-666c-47c7-8024-3ada55195a51"",""deployment"":""b4365154-eadc-4c11-b568-5a096850e705"",""replica"":""56b3bc11-84b5-4316-abf1-2dec254f4739""}",2026-03-27T23:56:21.984624275Z
[QR] QR length: 237,info,"{""level"":""info""}","{""project"":""ce3616d9-58ad-4ec7-a294-1821e1564434"",""environment"":""fb6513d0-42a4-4660-82b5-509c54b15f2a"",""service"":""4978aa94-666c-47c7-8024-3ada55195a51"",""deployment"":""b4365154-eadc-4c11-b568-5a096850e705"",""replica"":""56b3bc11-84b5-4316-abf1-2dec254f4739""}",2026-03-27T23:56:21.984628822Z
[QR] Converting QR to data URL...,info,"{""level"":""info""}","{""project"":""ce3616d9-58ad-4ec7-a294-1821e1564434"",""environment"":""fb6513d0-42a4-4660-82b5-509c54b15f2a"",""service"":""4978aa94-666c-47c7-8024-3ada55195a51"",""deployment"":""b4365154-eadc-4c11-b568-5a096850e705"",""replica"":""56b3bc11-84b5-4316-abf1-2dec254f4739""}",2026-03-27T23:56:21.984633321Z
"[QR] ✅ QR converted, length: 6418",info,"{""level"":""info""}","{""project"":""ce3616d9-58ad-4ec7-a294-1821e1564434"",""environment"":""fb6513d0-42a4-4660-82b5-509c54b15f2a"",""service"":""4978aa94-666c-47c7-8024-3ada55195a51"",""deployment"":""b4365154-eadc-4c11-b568-5a096850e705"",""replica"":""56b3bc11-84b5-4316-abf1-2dec254f4739""}",2026-03-27T23:56:21.984637592Z
[DB] Synced 1 accounts to database,info,"{""level"":""info""}","{""project"":""ce3616d9-58ad-4ec7-a294-1821e1564434"",""environment"":""fb6513d0-42a4-4660-82b5-509c54b15f2a"",""service"":""4978aa94-666c-47c7-8024-3ada55195a51"",""deployment"":""b4365154-eadc-4c11-b568-5a096850e705"",""replica"":""56b3bc11-84b5-4316-abf1-2dec254f4739""}",2026-03-27T23:56:21.984641706Z
[NETWORK] HTTPS test TIMEOUT,info,"{""level"":""info""}","{""project"":""ce3616d9-58ad-4ec7-a294-1821e1564434"",""environment"":""fb6513d0-42a4-4660-82b5-509c54b15f2a"",""service"":""4978aa94-666c-47c7-8024-3ada55195a51"",""deployment"":""b4365154-eadc-4c11-b568-5a096850e705"",""replica"":""56b3bc11-84b5-4316-abf1-2dec254f4739""}",2026-03-27T23:56:24.999384724Z
[WS NATIVE SEND] Sending for akunsatu type: object preview: AAAr9cBSs5TW046hhLsjqmzzshfPO4ZX9CS/zrClQ1GfyNYVNqKwySxtTnl4ww==,info,"{""level"":""info""}","{""project"":""ce3616d9-58ad-4ec7-a294-1821e1564434"",""environment"":""fb6513d0-42a4-4660-82b5-509c54b15f2a"",""service"":""4978aa94-666c-47c7-8024-3ada55195a51"",""deployment"":""b4365154-eadc-4c11-b568-5a096850e705"",""replica"":""56b3bc11-84b5-4316-abf1-2dec254f4739""}",2026-03-27T23:56:45.796117764Z
[WS NATIVE MESSAGE] Received for akunsatu binary: true len: 47 preview: AAAsPw+PTLxlVugRrtyWDpReWEC4ngM0o3EA5mQVxE7Z7ESBUDIK1NFM1kLePjI=,info,"{""level"":""info""}","{""project"":""ce3616d9-58ad-4ec7-a294-1821e1564434"",""environment"":""fb6513d0-42a4-4660-82b5-509c54b15f2a"",""service"":""4978aa94-666c-47c7-8024-3ada55195a51"",""deployment"":""b4365154-eadc-4c11-b568-5a096850e705"",""replica"":""56b3bc11-84b5-4316-abf1-2dec254f4739""}",2026-03-27T23:56:45.796124363Z
[DB] Synced 1 accounts to database,info,"{""level"":""info""}","{""project"":""ce3616d9-58ad-4ec7-a294-1821e1564434"",""environment"":""fb6513d0-42a4-4660-82b5-509c54b15f2a"",""service"":""4978aa94-666c-47c7-8024-3ada55195a51"",""deployment"":""b4365154-eadc-4c11-b568-5a096850e705"",""replica"":""56b3bc11-84b5-4316-abf1-2dec254f4739""}",2026-03-27T23:56:51.974492439Z
[WS NATIVE MESSAGE] Received for akunsatu binary: true len: 297 preview: AAEmJP9mOarC1NEJeP8S6TFtOJL2ZKVZgOGP34xl0vWW0be+52VcRkEtN3ebVZ+nCT8=...,info,"{""level"":""info""}","{""project"":""ce3616d9-58ad-4ec7-a294-1821e1564434"",""environment"":""fb6513d0-42a4-4660-82b5-509c54b15f2a"",""service"":""4978aa94-666c-47c7-8024-3ada55195a51"",""deployment"":""b4365154-eadc-4c11-b568-5a096850e705"",""replica"":""56b3bc11-84b5-4316-abf1-2dec254f4739""}",2026-03-27T23:56:56.897159519Z
pair success recv,info,"{""time"":1774655816893,""pid"":94,""hostname"":""9a45ddc40bc4"",""level"":""info""}","{""project"":""ce3616d9-58ad-4ec7-a294-1821e1564434"",""environment"":""fb6513d0-42a4-4660-82b5-509c54b15f2a"",""service"":""4978aa94-666c-47c7-8024-3ada55195a51"",""deployment"":""b4365154-eadc-4c11-b568-5a096850e705"",""replica"":""56b3bc11-84b5-4316-abf1-2dec254f4739""}",2026-03-27T23:56:56.897166162Z
[WS NATIVE SEND] Sending for akunsatu type: object preview: AAAbQKHuQx+pw+O+NbGFzQ+tSfo91S+eI9UXOlHx,info,"{""level"":""info""}","{""project"":""ce3616d9-58ad-4ec7-a294-1821e1564434"",""environment"":""fb6513d0-42a4-4660-82b5-509c54b15f2a"",""service"":""4978aa94-666c-47c7-8024-3ada55195a51"",""deployment"":""b4365154-eadc-4c11-b568-5a096850e705"",""replica"":""56b3bc11-84b5-4316-abf1-2dec254f4739""}",2026-03-27T23:56:56.924873038Z
==========================================,info,"{""level"":""info""}","{""project"":""ce3616d9-58ad-4ec7-a294-1821e1564434"",""environment"":""fb6513d0-42a4-4660-82b5-509c54b15f2a"",""service"":""4978aa94-666c-47c7-8024-3ada55195a51"",""deployment"":""b4365154-eadc-4c11-b568-5a096850e705"",""replica"":""56b3bc11-84b5-4316-abf1-2dec254f4739""}",2026-03-27T23:56:56.924881370Z
[CONNECTION UPDATE] ✅ EVENT RECEIVED! {,info,"{""level"":""info""}","{""project"":""ce3616d9-58ad-4ec7-a294-1821e1564434"",""environment"":""fb6513d0-42a4-4660-82b5-509c54b15f2a"",""service"":""4978aa94-666c-47c7-8024-3ada55195a51"",""deployment"":""b4365154-eadc-4c11-b568-5a096850e705"",""replica"":""56b3bc11-84b5-4316-abf1-2dec254f4739""}",2026-03-27T23:56:56.924888209Z
"  accountId: 'akunsatu',",info,"{""level"":""info""}","{""project"":""ce3616d9-58ad-4ec7-a294-1821e1564434"",""environment"":""fb6513d0-42a4-4660-82b5-509c54b15f2a"",""service"":""4978aa94-666c-47c7-8024-3ada55195a51"",""deployment"":""b4365154-eadc-4c11-b568-5a096850e705"",""replica"":""56b3bc11-84b5-4316-abf1-2dec254f4739""}",2026-03-27T23:56:56.924894568Z
"  connection: undefined,",info,"{""level"":""info""}","{""project"":""ce3616d9-58ad-4ec7-a294-1821e1564434"",""environment"":""fb6513d0-42a4-4660-82b5-509c54b15f2a"",""service"":""4978aa94-666c-47c7-8024-3ada55195a51"",""deployment"":""b4365154-eadc-4c11-b568-5a096850e705"",""replica"":""56b3bc11-84b5-4316-abf1-2dec254f4739""}",2026-03-27T23:56:56.924900861Z
"  hasQr: false,",info,"{""level"":""info""}","{""project"":""ce3616d9-58ad-4ec7-a294-1821e1564434"",""environment"":""fb6513d0-42a4-4660-82b5-509c54b15f2a"",""service"":""4978aa94-666c-47c7-8024-3ada55195a51"",""deployment"":""b4365154-eadc-4c11-b568-5a096850e705"",""replica"":""56b3bc11-84b5-4316-abf1-2dec254f4739""}",2026-03-27T23:56:56.924907156Z
"  qrPreview: null,",info,"{""level"":""info""}","{""project"":""ce3616d9-58ad-4ec7-a294-1821e1564434"",""environment"":""fb6513d0-42a4-4660-82b5-509c54b15f2a"",""service"":""4978aa94-666c-47c7-8024-3ada55195a51"",""deployment"":""b4365154-eadc-4c11-b568-5a096850e705"",""replica"":""56b3bc11-84b5-4316-abf1-2dec254f4739""}",2026-03-27T23:56:56.924912350Z
  isNewLogin: true,info,"{""level"":""info""}","{""project"":""ce3616d9-58ad-4ec7-a294-1821e1564434"",""environment"":""fb6513d0-42a4-4660-82b5-509c54b15f2a"",""service"":""4978aa94-666c-47c7-8024-3ada55195a51"",""deployment"":""b4365154-eadc-4c11-b568-5a096850e705"",""replica"":""56b3bc11-84b5-4316-abf1-2dec254f4739""}",2026-03-27T23:56:56.924916384Z
},info,"{""level"":""info""}","{""project"":""ce3616d9-58ad-4ec7-a294-1821e1564434"",""environment"":""fb6513d0-42a4-4660-82b5-509c54b15f2a"",""service"":""4978aa94-666c-47c7-8024-3ada55195a51"",""deployment"":""b4365154-eadc-4c11-b568-5a096850e705"",""replica"":""56b3bc11-84b5-4316-abf1-2dec254f4739""}",2026-03-27T23:56:56.924921047Z
==========================================,info,"{""level"":""info""}","{""project"":""ce3616d9-58ad-4ec7-a294-1821e1564434"",""environment"":""fb6513d0-42a4-4660-82b5-509c54b15f2a"",""service"":""4978aa94-666c-47c7-8024-3ada55195a51"",""deployment"":""b4365154-eadc-4c11-b568-5a096850e705"",""replica"":""56b3bc11-84b5-4316-abf1-2dec254f4739""}",2026-03-27T23:56:56.924926186Z
[WS NATIVE SEND] Sending for akunsatu type: object preview: AADZm3ut+En7e9pI19ynLQqDiBiscEnHe06hGLiTxOvXe5atVppRVyxKkgG7EFo4JMQ=,info,"{""level"":""info""}","{""project"":""ce3616d9-58ad-4ec7-a294-1821e1564434"",""environment"":""fb6513d0-42a4-4660-82b5-509c54b15f2a"",""service"":""4978aa94-666c-47c7-8024-3ada55195a51"",""deployment"":""b4365154-eadc-4c11-b568-5a096850e705"",""replica"":""56b3bc11-84b5-4316-abf1-2dec254f4739""}",2026-03-27T23:56:56.924930326Z
"pairing configured successfully, expect to restart the connection...",info,"{""time"":1774655816919,""pid"":94,""hostname"":""9a45ddc40bc4"",""me"":{""id"":""6288267047790:3@s.whatsapp.net"",""name"":""ryan""},""platform"":""smba"",""level"":""info""}","{""project"":""ce3616d9-58ad-4ec7-a294-1821e1564434"",""environment"":""fb6513d0-42a4-4660-82b5-509c54b15f2a"",""service"":""4978aa94-666c-47c7-8024-3ada55195a51"",""deployment"":""b4365154-eadc-4c11-b568-5a096850e705"",""replica"":""56b3bc11-84b5-4316-abf1-2dec254f4739""}",2026-03-27T23:56:56.924934174Z
updated pushName,info,"{""time"":1774655816920,""pid"":94,""hostname"":""9a45ddc40bc4"",""name"":""ryan"",""level"":""info""}","{""project"":""ce3616d9-58ad-4ec7-a294-1821e1564434"",""environment"":""fb6513d0-42a4-4660-82b5-509c54b15f2a"",""service"":""4978aa94-666c-47c7-8024-3ada55195a51"",""deployment"":""b4365154-eadc-4c11-b568-5a096850e705"",""replica"":""56b3bc11-84b5-4316-abf1-2dec254f4739""}",2026-03-27T23:56:56.924938853Z
[WS NATIVE MESSAGE] Received for akunsatu binary: true len: 52 preview: AAAaYrduVYTQckZEV/gfxeeo19TS5p88feN9HwcAABR65YgGMZLKsfn7PWC0S0ER5Pw=...,info,"{""level"":""info""}","{""project"":""ce3616d9-58ad-4ec7-a294-1821e1564434"",""environment"":""fb6513d0-42a4-4660-82b5-509c54b15f2a"",""service"":""4978aa94-666c-47c7-8024-3ada55195a51"",""deployment"":""b4365154-eadc-4c11-b568-5a096850e705"",""replica"":""56b3bc11-84b5-4316-abf1-2dec254f4739""}",2026-03-27T23:56:57.913140188Z
stream errored out,info,"{""time"":1774655817860,""pid"":94,""hostname"":""9a45ddc40bc4"",""node"":{""tag"":""stream:error"",""attrs"":{""code"":""515""}},""level"":""info""}","{""project"":""ce3616d9-58ad-4ec7-a294-1821e1564434"",""environment"":""fb6513d0-42a4-4660-82b5-509c54b15f2a"",""service"":""4978aa94-666c-47c7-8024-3ada55195a51"",""deployment"":""b4365154-eadc-4c11-b568-5a096850e705"",""replica"":""56b3bc11-84b5-4316-abf1-2dec254f4739""}",2026-03-27T23:56:57.913147095Z
==========================================,info,"{""level"":""info""}","{""project"":""ce3616d9-58ad-4ec7-a294-1821e1564434"",""environment"":""fb6513d0-42a4-4660-82b5-509c54b15f2a"",""service"":""4978aa94-666c-47c7-8024-3ada55195a51"",""deployment"":""b4365154-eadc-4c11-b568-5a096850e705"",""replica"":""56b3bc11-84b5-4316-abf1-2dec254f4739""}",2026-03-27T23:56:57.913153880Z
[CONNECTION UPDATE] ✅ EVENT RECEIVED! {,info,"{""level"":""info""}","{""project"":""ce3616d9-58ad-4ec7-a294-1821e1564434"",""environment"":""fb6513d0-42a4-4660-82b5-509c54b15f2a"",""service"":""4978aa94-666c-47c7-8024-3ada55195a51"",""deployment"":""b4365154-eadc-4c11-b568-5a096850e705"",""replica"":""56b3bc11-84b5-4316-abf1-2dec254f4739""}",2026-03-27T23:56:57.913163927Z
"  accountId: 'akunsatu',",info,"{""level"":""info""}","{""project"":""ce3616d9-58ad-4ec7-a294-1821e1564434"",""environment"":""fb6513d0-42a4-4660-82b5-509c54b15f2a"",""service"":""4978aa94-666c-47c7-8024-3ada55195a51"",""deployment"":""b4365154-eadc-4c11-b568-5a096850e705"",""replica"":""56b3bc11-84b5-4316-abf1-2dec254f4739""}",2026-03-27T23:56:57.913172326Z
"  connection: 'close',",info,"{""level"":""info""}","{""project"":""ce3616d9-58ad-4ec7-a294-1821e1564434"",""environment"":""fb6513d0-42a4-4660-82b5-509c54b15f2a"",""service"":""4978aa94-666c-47c7-8024-3ada55195a51"",""deployment"":""b4365154-eadc-4c11-b568-5a096850e705"",""replica"":""56b3bc11-84b5-4316-abf1-2dec254f4739""}",2026-03-27T23:56:57.913178902Z
"  hasQr: false,",info,"{""level"":""info""}","{""project"":""ce3616d9-58ad-4ec7-a294-1821e1564434"",""environment"":""fb6513d0-42a4-4660-82b5-509c54b15f2a"",""service"":""4978aa94-666c-47c7-8024-3ada55195a51"",""deployment"":""b4365154-eadc-4c11-b568-5a096850e705"",""replica"":""56b3bc11-84b5-4316-abf1-2dec254f4739""}",2026-03-27T23:56:57.913185135Z
"  qrPreview: null,",info,"{""level"":""info""}","{""project"":""ce3616d9-58ad-4ec7-a294-1821e1564434"",""environment"":""fb6513d0-42a4-4660-82b5-509c54b15f2a"",""service"":""4978aa94-666c-47c7-8024-3ada55195a51"",""deployment"":""b4365154-eadc-4c11-b568-5a096850e705"",""replica"":""56b3bc11-84b5-4316-abf1-2dec254f4739""}",2026-03-27T23:56:57.913191825Z
  isNewLogin: undefined,info,"{""level"":""info""}","{""project"":""ce3616d9-58ad-4ec7-a294-1821e1564434"",""environment"":""fb6513d0-42a4-4660-82b5-509c54b15f2a"",""service"":""4978aa94-666c-47c7-8024-3ada55195a51"",""deployment"":""b4365154-eadc-4c11-b568-5a096850e705"",""replica"":""56b3bc11-84b5-4316-abf1-2dec254f4739""}",2026-03-27T23:56:57.913198138Z
},info,"{""level"":""info""}","{""project"":""ce3616d9-58ad-4ec7-a294-1821e1564434"",""environment"":""fb6513d0-42a4-4660-82b5-509c54b15f2a"",""service"":""4978aa94-666c-47c7-8024-3ada55195a51"",""deployment"":""b4365154-eadc-4c11-b568-5a096850e705"",""replica"":""56b3bc11-84b5-4316-abf1-2dec254f4739""}",2026-03-27T23:56:57.913204288Z
==========================================,info,"{""level"":""info""}","{""project"":""ce3616d9-58ad-4ec7-a294-1821e1564434"",""environment"":""fb6513d0-42a4-4660-82b5-509c54b15f2a"",""service"":""4978aa94-666c-47c7-8024-3ada55195a51"",""deployment"":""b4365154-eadc-4c11-b568-5a096850e705"",""replica"":""56b3bc11-84b5-4316-abf1-2dec254f4739""}",2026-03-27T23:56:57.913212194Z
[CONNECTION] ❌ Disconnected: akunsatu code: 515 error: Stream Errored (restart required),info,"{""level"":""info""}","{""project"":""ce3616d9-58ad-4ec7-a294-1821e1564434"",""environment"":""fb6513d0-42a4-4660-82b5-509c54b15f2a"",""service"":""4978aa94-666c-47c7-8024-3ada55195a51"",""deployment"":""b4365154-eadc-4c11-b568-5a096850e705"",""replica"":""56b3bc11-84b5-4316-abf1-2dec254f4739""}",2026-03-27T23:56:57.913218598Z
connection errored,info,"{""time"":1774655817860,""pid"":94,""hostname"":""9a45ddc40bc4"",""trace"":""Error: Stream Errored (restart required)\n    at WebSocketClient.<anonymous> (/app/mini-services/whatsapp-service/node_modules/@whiskeysockets/baileys/src/Socket/socket.ts:648:7)\n    at WebSocketClient.emit (node:events:519:28)\n    at <anonymous> (/app/mini-services/whatsapp-service/node_modules/@whiskeysockets/baileys/src/Socket/socket.ts:327:23)\n    at Object.decodeFrame (/app/mini-services/whatsapp-service/node_modules/@whiskeysockets/baileys/src/Utils/noise-handler.ts:187:5)\n    at process.processTicksAndRejections (node:internal/process/task_queues:105:5)"",""level"":""info""}","{""project"":""ce3616d9-58ad-4ec7-a294-1821e1564434"",""environment"":""fb6513d0-42a4-4660-82b5-509c54b15f2a"",""service"":""4978aa94-666c-47c7-8024-3ada55195a51"",""deployment"":""b4365154-eadc-4c11-b568-5a096850e705"",""replica"":""56b3bc11-84b5-4316-abf1-2dec254f4739""}",2026-03-27T23:56:57.913225688Z
[WS NATIVE MESSAGE] Received for akunsatu binary: true len: 4 preview: iAID8w==,info,"{""level"":""info""}","{""project"":""ce3616d9-58ad-4ec7-a294-1821e1564434"",""environment"":""fb6513d0-42a4-4660-82b5-509c54b15f2a"",""service"":""4978aa94-666c-47c7-8024-3ada55195a51"",""deployment"":""b4365154-eadc-4c11-b568-5a096850e705"",""replica"":""56b3bc11-84b5-4316-abf1-2dec254f4739""}",2026-03-27T23:56:58.026788801Z
[WS NATIVE CLOSE] Native WebSocket closed for akunsatu code: 1006 reason: ,info,"{""level"":""info""}","{""project"":""ce3616d9-58ad-4ec7-a294-1821e1564434"",""environment"":""fb6513d0-42a4-4660-82b5-509c54b15f2a"",""service"":""4978aa94-666c-47c7-8024-3ada55195a51"",""deployment"":""b4365154-eadc-4c11-b568-5a096850e705"",""replica"":""56b3bc11-84b5-4316-abf1-2dec254f4739""}",2026-03-27T23:56:58.026797593Z
[DB] Synced 1 accounts to database,info,"{""level"":""info""}","{""project"":""ce3616d9-58ad-4ec7-a294-1821e1564434"",""environment"":""fb6513d0-42a4-4660-82b5-509c54b15f2a"",""service"":""4978aa94-666c-47c7-8024-3ada55195a51"",""deployment"":""b4365154-eadc-4c11-b568-5a096850e705"",""replica"":""56b3bc11-84b5-4316-abf1-2dec254f4739""}",2026-03-27T23:57:28.601901117Z
[DB] Synced 1 accounts to database,info,"{""level"":""info""}","{""project"":""ce3616d9-58ad-4ec7-a294-1821e1564434"",""environment"":""fb6513d0-42a4-4660-82b5-509c54b15f2a"",""service"":""4978aa94-666c-47c7-8024-3ada55195a51"",""deployment"":""b4365154-eadc-4c11-b568-5a096850e705"",""replica"":""56b3bc11-84b5-4316-abf1-2dec254f4739""}",2026-03-27T23:57:58.767335210Z
==========================================,info,"{""level"":""info""}","{""project"":""ce3616d9-58ad-4ec7-a294-1821e1564434"",""environment"":""fb6513d0-42a4-4660-82b5-509c54b15f2a"",""service"":""4978aa94-666c-47c7-8024-3ada55195a51"",""deployment"":""b4365154-eadc-4c11-b568-5a096850e705"",""replica"":""56b3bc11-84b5-4316-abf1-2dec254f4739""}",2026-03-27T23:58:18.150723358Z
[START SESSION] Called with: {,info,"{""level"":""info""}","{""project"":""ce3616d9-58ad-4ec7-a294-1821e1564434"",""environment"":""fb6513d0-42a4-4660-82b5-509c54b15f2a"",""service"":""4978aa94-666c-47c7-8024-3ada55195a51"",""deployment"":""b4365154-eadc-4c11-b568-5a096850e705"",""replica"":""56b3bc11-84b5-4316-abf1-2dec254f4739""}",2026-03-27T23:58:18.150732651Z
"  accountId: 'akunsatu',",info,"{""level"":""info""}","{""project"":""ce3616d9-58ad-4ec7-a294-1821e1564434"",""environment"":""fb6513d0-42a4-4660-82b5-509c54b15f2a"",""service"":""4978aa94-666c-47c7-8024-3ada55195a51"",""deployment"":""b4365154-eadc-4c11-b568-5a096850e705"",""replica"":""56b3bc11-84b5-4316-abf1-2dec254f4739""}",2026-03-27T23:58:18.150739358Z
"  usePairingCode: false,",info,"{""level"":""info""}","{""project"":""ce3616d9-58ad-4ec7-a294-1821e1564434"",""environment"":""fb6513d0-42a4-4660-82b5-509c54b15f2a"",""service"":""4978aa94-666c-47c7-8024-3ada55195a51"",""deployment"":""b4365154-eadc-4c11-b568-5a096850e705"",""replica"":""56b3bc11-84b5-4316-abf1-2dec254f4739""}",2026-03-27T23:58:18.150747223Z
"  phoneNumber: undefined,",info,"{""level"":""info""}","{""project"":""ce3616d9-58ad-4ec7-a294-1821e1564434"",""environment"":""fb6513d0-42a4-4660-82b5-509c54b15f2a"",""service"":""4978aa94-666c-47c7-8024-3ada55195a51"",""deployment"":""b4365154-eadc-4c11-b568-5a096850e705"",""replica"":""56b3bc11-84b5-4316-abf1-2dec254f4739""}",2026-03-27T23:58:18.150755624Z
[CLEAR SESSION] Attempting to clear session for: akunsatu,info,"{""level"":""info""}","{""project"":""ce3616d9-58ad-4ec7-a294-1821e1564434"",""environment"":""fb6513d0-42a4-4660-82b5-509c54b15f2a"",""service"":""4978aa94-666c-47c7-8024-3ada55195a51"",""deployment"":""b4365154-eadc-4c11-b568-5a096850e705"",""replica"":""56b3bc11-84b5-4316-abf1-2dec254f4739""}",2026-03-27T23:58:18.150756843Z
  forceNew: true,info,"{""level"":""info""}","{""project"":""ce3616d9-58ad-4ec7-a294-1821e1564434"",""environment"":""fb6513d0-42a4-4660-82b5-509c54b15f2a"",""service"":""4978aa94-666c-47c7-8024-3ada55195a51"",""deployment"":""b4365154-eadc-4c11-b568-5a096850e705"",""replica"":""56b3bc11-84b5-4316-abf1-2dec254f4739""}",2026-03-27T23:58:18.150762097Z
},info,"{""level"":""info""}","{""project"":""ce3616d9-58ad-4ec7-a294-1821e1564434"",""environment"":""fb6513d0-42a4-4660-82b5-509c54b15f2a"",""service"":""4978aa94-666c-47c7-8024-3ada55195a51"",""deployment"":""b4365154-eadc-4c11-b568-5a096850e705"",""replica"":""56b3bc11-84b5-4316-abf1-2dec254f4739""}",2026-03-27T23:58:18.150767933Z
[CLEAR SESSION] Session path: /app/mini-services/whatsapp-service/sessions/akunsatu,info,"{""level"":""info""}","{""project"":""ce3616d9-58ad-4ec7-a294-1821e1564434"",""environment"":""fb6513d0-42a4-4660-82b5-509c54b15f2a"",""service"":""4978aa94-666c-47c7-8024-3ada55195a51"",""deployment"":""b4365154-eadc-4c11-b568-5a096850e705"",""replica"":""56b3bc11-84b5-4316-abf1-2dec254f4739""}",2026-03-27T23:58:18.150772797Z
[START SESSION] Current accounts: [],info,"{""level"":""info""}","{""project"":""ce3616d9-58ad-4ec7-a294-1821e1564434"",""environment"":""fb6513d0-42a4-4660-82b5-509c54b15f2a"",""service"":""4978aa94-666c-47c7-8024-3ada55195a51"",""deployment"":""b4365154-eadc-4c11-b568-5a096850e705"",""replica"":""56b3bc11-84b5-4316-abf1-2dec254f4739""}",2026-03-27T23:58:18.150774229Z
==========================================,info,"{""level"":""info""}","{""project"":""ce3616d9-58ad-4ec7-a294-1821e1564434"",""environment"":""fb6513d0-42a4-4660-82b5-509c54b15f2a"",""service"":""4978aa94-666c-47c7-8024-3ada55195a51"",""deployment"":""b4365154-eadc-4c11-b568-5a096850e705"",""replica"":""56b3bc11-84b5-4316-abf1-2dec254f4739""}",2026-03-27T23:58:18.150780719Z
[CLEAR SESSION] Session directory exists,info,"{""level"":""info""}","{""project"":""ce3616d9-58ad-4ec7-a294-1821e1564434"",""environment"":""fb6513d0-42a4-4660-82b5-509c54b15f2a"",""service"":""4978aa94-666c-47c7-8024-3ada55195a51"",""deployment"":""b4365154-eadc-4c11-b568-5a096850e705"",""replica"":""56b3bc11-84b5-4316-abf1-2dec254f4739""}",2026-03-27T23:58:18.150783201Z
"[START SESSION] forceNew=true, clearing old session data...",info,"{""level"":""info""}","{""project"":""ce3616d9-58ad-4ec7-a294-1821e1564434"",""environment"":""fb6513d0-42a4-4660-82b5-509c54b15f2a"",""service"":""4978aa94-666c-47c7-8024-3ada55195a51"",""deployment"":""b4365154-eadc-4c11-b568-5a096850e705"",""replica"":""56b3bc11-84b5-4316-abf1-2dec254f4739""}",2026-03-27T23:58:18.150787136Z
[CLEAR SESSION] Deleting session directory with rimraf...,info,"{""level"":""info""}","{""project"":""ce3616d9-58ad-4ec7-a294-1821e1564434"",""environment"":""fb6513d0-42a4-4660-82b5-509c54b15f2a"",""service"":""4978aa94-666c-47c7-8024-3ada55195a51"",""deployment"":""b4365154-eadc-4c11-b568-5a096850e705"",""replica"":""56b3bc11-84b5-4316-abf1-2dec254f4739""}",2026-03-27T23:58:18.150793742Z
[CLEAR SESSION] ✅ Session directory successfully deleted,info,"{""level"":""info""}","{""project"":""ce3616d9-58ad-4ec7-a294-1821e1564434"",""environment"":""fb6513d0-42a4-4660-82b5-509c54b15f2a"",""service"":""4978aa94-666c-47c7-8024-3ada55195a51"",""deployment"":""b4365154-eadc-4c11-b568-5a096850e705"",""replica"":""56b3bc11-84b5-4316-abf1-2dec254f4739""}",2026-03-27T23:58:18.150800681Z
[START SESSION] ✅ Session data cleared successfully,info,"{""level"":""info""}","{""project"":""ce3616d9-58ad-4ec7-a294-1821e1564434"",""environment"":""fb6513d0-42a4-4660-82b5-509c54b15f2a"",""service"":""4978aa94-666c-47c7-8024-3ada55195a51"",""deployment"":""b4365154-eadc-4c11-b568-5a096850e705"",""replica"":""56b3bc11-84b5-4316-abf1-2dec254f4739""}",2026-03-27T23:58:18.150808570Z
[START SESSION] Session directory created: /app/mini-services/whatsapp-service/sessions/akunsatu,info,"{""level"":""info""}","{""project"":""ce3616d9-58ad-4ec7-a294-1821e1564434"",""environment"":""fb6513d0-42a4-4660-82b5-509c54b15f2a"",""service"":""4978aa94-666c-47c7-8024-3ada55195a51"",""deployment"":""b4365154-eadc-4c11-b568-5a096850e705"",""replica"":""56b3bc11-84b5-4316-abf1-2dec254f4739""}",2026-03-27T23:58:18.150815542Z
[START SESSION] Loading auth state...,info,"{""level"":""info""}","{""project"":""ce3616d9-58ad-4ec7-a294-1821e1564434"",""environment"":""fb6513d0-42a4-4660-82b5-509c54b15f2a"",""service"":""4978aa94-666c-47c7-8024-3ada55195a51"",""deployment"":""b4365154-eadc-4c11-b568-5a096850e705"",""replica"":""56b3bc11-84b5-4316-abf1-2dec254f4739""}",2026-03-27T23:58:18.150822912Z
[START SESSION] Auth state loaded:,info,"{""level"":""info""}","{""project"":""ce3616d9-58ad-4ec7-a294-1821e1564434"",""environment"":""fb6513d0-42a4-4660-82b5-509c54b15f2a"",""service"":""4978aa94-666c-47c7-8024-3ada55195a51"",""deployment"":""b4365154-eadc-4c11-b568-5a096850e705"",""replica"":""56b3bc11-84b5-4316-abf1-2dec254f4739""}",2026-03-27T23:58:18.150832274Z
[START SESSION] - hasCreds: true,info,"{""level"":""info""}","{""project"":""ce3616d9-58ad-4ec7-a294-1821e1564434"",""environment"":""fb6513d0-42a4-4660-82b5-509c54b15f2a"",""service"":""4978aa94-666c-47c7-8024-3ada55195a51"",""deployment"":""b4365154-eadc-4c11-b568-5a096850e705"",""replica"":""56b3bc11-84b5-4316-abf1-2dec254f4739""}",2026-03-27T23:58:18.150839653Z
[START SESSION] - creds.me exists: false,info,"{""level"":""info""}","{""project"":""ce3616d9-58ad-4ec7-a294-1821e1564434"",""environment"":""fb6513d0-42a4-4660-82b5-509c54b15f2a"",""service"":""4978aa94-666c-47c7-8024-3ada55195a51"",""deployment"":""b4365154-eadc-4c11-b568-5a096850e705"",""replica"":""56b3bc11-84b5-4316-abf1-2dec254f4739""}",2026-03-27T23:58:18.150846093Z
[START SESSION] - creds.me.id: N/A,info,"{""level"":""info""}","{""project"":""ce3616d9-58ad-4ec7-a294-1821e1564434"",""environment"":""fb6513d0-42a4-4660-82b5-509c54b15f2a"",""service"":""4978aa94-666c-47c7-8024-3ada55195a51"",""deployment"":""b4365154-eadc-4c11-b568-5a096850e705"",""replica"":""56b3bc11-84b5-4316-abf1-2dec254f4739""}",2026-03-27T23:58:18.150855830Z
[START SESSION] - creds.me.name: N/A,info,"{""level"":""info""}","{""project"":""ce3616d9-58ad-4ec7-a294-1821e1564434"",""environment"":""fb6513d0-42a4-4660-82b5-509c54b15f2a"",""service"":""4978aa94-666c-47c7-8024-3ada55195a51"",""deployment"":""b4365154-eadc-4c11-b568-5a096850e705"",""replica"":""56b3bc11-84b5-4316-abf1-2dec254f4739""}",2026-03-27T23:58:18.150862919Z
[START SESSION] - This account will: REGISTER (expect QR),info,"{""level"":""info""}","{""project"":""ce3616d9-58ad-4ec7-a294-1821e1564434"",""environment"":""fb6513d0-42a4-4660-82b5-509c54b15f2a"",""service"":""4978aa94-666c-47c7-8024-3ada55195a51"",""deployment"":""b4365154-eadc-4c11-b568-5a096850e705"",""replica"":""56b3bc11-84b5-4316-abf1-2dec254f4739""}",2026-03-27T23:58:18.150869610Z
[START SESSION] Fetching Baileys version...,info,"{""level"":""info""}","{""project"":""ce3616d9-58ad-4ec7-a294-1821e1564434"",""environment"":""fb6513d0-42a4-4660-82b5-509c54b15f2a"",""service"":""4978aa94-666c-47c7-8024-3ada55195a51"",""deployment"":""b4365154-eadc-4c11-b568-5a096850e705"",""replica"":""56b3bc11-84b5-4316-abf1-2dec254f4739""}",2026-03-27T23:58:18.153785687Z
"[START SESSION] Baileys version: [ 2, 3000, 1035194821 ]",info,"{""level"":""info""}","{""project"":""ce3616d9-58ad-4ec7-a294-1821e1564434"",""environment"":""fb6513d0-42a4-4660-82b5-509c54b15f2a"",""service"":""4978aa94-666c-47c7-8024-3ada55195a51"",""deployment"":""b4365154-eadc-4c11-b568-5a096850e705"",""replica"":""56b3bc11-84b5-4316-abf1-2dec254f4739""}",2026-03-27T23:58:18.153794802Z
[START SESSION] Creating WhatsApp socket...,info,"{""level"":""info""}","{""project"":""ce3616d9-58ad-4ec7-a294-1821e1564434"",""environment"":""fb6513d0-42a4-4660-82b5-509c54b15f2a"",""service"":""4978aa94-666c-47c7-8024-3ada55195a51"",""deployment"":""b4365154-eadc-4c11-b568-5a096850e705"",""replica"":""56b3bc11-84b5-4316-abf1-2dec254f4739""}",2026-03-27T23:58:18.153801103Z
[NETWORK] Testing connectivity to WhatsApp servers...,info,"{""level"":""info""}","{""project"":""ce3616d9-58ad-4ec7-a294-1821e1564434"",""environment"":""fb6513d0-42a4-4660-82b5-509c54b15f2a"",""service"":""4978aa94-666c-47c7-8024-3ada55195a51"",""deployment"":""b4365154-eadc-4c11-b568-5a096850e705"",""replica"":""56b3bc11-84b5-4316-abf1-2dec254f4739""}",2026-03-27T23:58:18.153806770Z
[NETWORK] DNS resolution for web.whatsapp.com: [ '57.144.15.32' ],info,"{""level"":""info""}","{""project"":""ce3616d9-58ad-4ec7-a294-1821e1564434"",""environment"":""fb6513d0-42a4-4660-82b5-509c54b15f2a"",""service"":""4978aa94-666c-47c7-8024-3ada55195a51"",""deployment"":""b4365154-eadc-4c11-b568-5a096850e705"",""replica"":""56b3bc11-84b5-4316-abf1-2dec254f4739""}",2026-03-27T23:58:18.153812238Z
[NETWORK] HTTPS test to web.whatsapp.com: Status 200,info,"{""level"":""info""}","{""project"":""ce3616d9-58ad-4ec7-a294-1821e1564434"",""environment"":""fb6513d0-42a4-4660-82b5-509c54b15f2a"",""service"":""4978aa94-666c-47c7-8024-3ada55195a51"",""deployment"":""b4365154-eadc-4c11-b568-5a096850e705"",""replica"":""56b3bc11-84b5-4316-abf1-2dec254f4739""}",2026-03-27T23:58:18.153818497Z
[SOCKET] makeWASocket created for: akunsatu,info,"{""level"":""info""}","{""project"":""ce3616d9-58ad-4ec7-a294-1821e1564434"",""environment"":""fb6513d0-42a4-4660-82b5-509c54b15f2a"",""service"":""4978aa94-666c-47c7-8024-3ada55195a51"",""deployment"":""b4365154-eadc-4c11-b568-5a096850e705"",""replica"":""56b3bc11-84b5-4316-abf1-2dec254f4739""}",2026-03-27T23:58:18.153824057Z
[SOCKET] Socket has ev? true,info,"{""level"":""info""}","{""project"":""ce3616d9-58ad-4ec7-a294-1821e1564434"",""environment"":""fb6513d0-42a4-4660-82b5-509c54b15f2a"",""service"":""4978aa94-666c-47c7-8024-3ada55195a51"",""deployment"":""b4365154-eadc-4c11-b568-5a096850e705"",""replica"":""56b3bc11-84b5-4316-abf1-2dec254f4739""}",2026-03-27T23:58:18.153829808Z
[SOCKET] Socket has ws? true,info,"{""level"":""info""}","{""project"":""ce3616d9-58ad-4ec7-a294-1821e1564434"",""environment"":""fb6513d0-42a4-4660-82b5-509c54b15f2a"",""service"":""4978aa94-666c-47c7-8024-3ada55195a51"",""deployment"":""b4365154-eadc-4c11-b568-5a096850e705"",""replica"":""56b3bc11-84b5-4316-abf1-2dec254f4739""}",2026-03-27T23:58:18.153834726Z
[SOCKET] Socket user? undefined,info,"{""level"":""info""}","{""project"":""ce3616d9-58ad-4ec7-a294-1821e1564434"",""environment"":""fb6513d0-42a4-4660-82b5-509c54b15f2a"",""service"":""4978aa94-666c-47c7-8024-3ada55195a51"",""deployment"":""b4365154-eadc-4c11-b568-5a096850e705"",""replica"":""56b3bc11-84b5-4316-abf1-2dec254f4739""}",2026-03-27T23:58:18.153839533Z
[ACCOUNT] ✅ Added pending account to map immediately: akunsatu,info,"{""level"":""info""}","{""project"":""ce3616d9-58ad-4ec7-a294-1821e1564434"",""environment"":""fb6513d0-42a4-4660-82b5-509c54b15f2a"",""service"":""4978aa94-666c-47c7-8024-3ada55195a51"",""deployment"":""b4365154-eadc-4c11-b568-5a096850e705"",""replica"":""56b3bc11-84b5-4316-abf1-2dec254f4739""}",2026-03-27T23:58:18.153845627Z
[SOCKET] 🚀 Registering connection.update handler IMMEDIATELY for: akunsatu,info,"{""level"":""info""}","{""project"":""ce3616d9-58ad-4ec7-a294-1821e1564434"",""environment"":""fb6513d0-42a4-4660-82b5-509c54b15f2a"",""service"":""4978aa94-666c-47c7-8024-3ada55195a51"",""deployment"":""b4365154-eadc-4c11-b568-5a096850e705"",""replica"":""56b3bc11-84b5-4316-abf1-2dec254f4739""}",2026-03-27T23:58:18.153850595Z
[SOCKET] ✅ Event handlers registered IMMEDIATELY,info,"{""level"":""info""}","{""project"":""ce3616d9-58ad-4ec7-a294-1821e1564434"",""environment"":""fb6513d0-42a4-4660-82b5-509c54b15f2a"",""service"":""4978aa94-666c-47c7-8024-3ada55195a51"",""deployment"":""b4365154-eadc-4c11-b568-5a096850e705"",""replica"":""56b3bc11-84b5-4316-abf1-2dec254f4739""}",2026-03-27T23:58:18.153855187Z
[WS] Native WebSocket exists: true,info,"{""level"":""info""}","{""project"":""ce3616d9-58ad-4ec7-a294-1821e1564434"",""environment"":""fb6513d0-42a4-4660-82b5-509c54b15f2a"",""service"":""4978aa94-666c-47c7-8024-3ada55195a51"",""deployment"":""b4365154-eadc-4c11-b568-5a096850e705"",""replica"":""56b3bc11-84b5-4316-abf1-2dec254f4739""}",2026-03-27T23:58:18.153860993Z
[WS] Native WebSocket state: 0 = CONNECTING,info,"{""level"":""info""}","{""project"":""ce3616d9-58ad-4ec7-a294-1821e1564434"",""environment"":""fb6513d0-42a4-4660-82b5-509c54b15f2a"",""service"":""4978aa94-666c-47c7-8024-3ada55195a51"",""deployment"":""b4365154-eadc-4c11-b568-5a096850e705"",""replica"":""56b3bc11-84b5-4316-abf1-2dec254f4739""}",2026-03-27T23:58:18.153865933Z
[WS] WebSocketClient isConnecting: true,info,"{""level"":""info""}","{""project"":""ce3616d9-58ad-4ec7-a294-1821e1564434"",""environment"":""fb6513d0-42a4-4660-82b5-509c54b15f2a"",""service"":""4978aa94-666c-47c7-8024-3ada55195a51"",""deployment"":""b4365154-eadc-4c11-b568-5a096850e705"",""replica"":""56b3bc11-84b5-4316-abf1-2dec254f4739""}",2026-03-27T23:58:18.153871981Z
[WS] WebSocketClient isOpen: false,info,"{""level"":""info""}","{""project"":""ce3616d9-58ad-4ec7-a294-1821e1564434"",""environment"":""fb6513d0-42a4-4660-82b5-509c54b15f2a"",""service"":""4978aa94-666c-47c7-8024-3ada55195a51"",""deployment"":""b4365154-eadc-4c11-b568-5a096850e705"",""replica"":""56b3bc11-84b5-4316-abf1-2dec254f4739""}",2026-03-27T23:58:18.153877236Z
[WS] WebSocketClient isClosed: false,info,"{""level"":""info""}","{""project"":""ce3616d9-58ad-4ec7-a294-1821e1564434"",""environment"":""fb6513d0-42a4-4660-82b5-509c54b15f2a"",""service"":""4978aa94-666c-47c7-8024-3ada55195a51"",""deployment"":""b4365154-eadc-4c11-b568-5a096850e705"",""replica"":""56b3bc11-84b5-4316-abf1-2dec254f4739""}",2026-03-27T23:58:18.153882270Z
[WS] WebSocket URL: URL {,info,"{""level"":""info""}","{""project"":""ce3616d9-58ad-4ec7-a294-1821e1564434"",""environment"":""fb6513d0-42a4-4660-82b5-509c54b15f2a"",""service"":""4978aa94-666c-47c7-8024-3ada55195a51"",""deployment"":""b4365154-eadc-4c11-b568-5a096850e705"",""replica"":""56b3bc11-84b5-4316-abf1-2dec254f4739""}",2026-03-27T23:58:18.153887097Z
"  href: 'wss://web.whatsapp.com/ws/chat',",info,"{""level"":""info""}","{""project"":""ce3616d9-58ad-4ec7-a294-1821e1564434"",""environment"":""fb6513d0-42a4-4660-82b5-509c54b15f2a"",""service"":""4978aa94-666c-47c7-8024-3ada55195a51"",""deployment"":""b4365154-eadc-4c11-b568-5a096850e705"",""replica"":""56b3bc11-84b5-4316-abf1-2dec254f4739""}",2026-03-27T23:58:18.153893175Z
"  origin: 'wss://web.whatsapp.com',",info,"{""level"":""info""}","{""project"":""ce3616d9-58ad-4ec7-a294-1821e1564434"",""environment"":""fb6513d0-42a4-4660-82b5-509c54b15f2a"",""service"":""4978aa94-666c-47c7-8024-3ada55195a51"",""deployment"":""b4365154-eadc-4c11-b568-5a096850e705"",""replica"":""56b3bc11-84b5-4316-abf1-2dec254f4739""}",2026-03-27T23:58:18.153898903Z
"  protocol: 'wss:',",info,"{""level"":""info""}","{""project"":""ce3616d9-58ad-4ec7-a294-1821e1564434"",""environment"":""fb6513d0-42a4-4660-82b5-509c54b15f2a"",""service"":""4978aa94-666c-47c7-8024-3ada55195a51"",""deployment"":""b4365154-eadc-4c11-b568-5a096850e705"",""replica"":""56b3bc11-84b5-4316-abf1-2dec254f4739""}",2026-03-27T23:58:18.153903972Z
"  username: '',",info,"{""level"":""info""}","{""project"":""ce3616d9-58ad-4ec7-a294-1821e1564434"",""environment"":""fb6513d0-42a4-4660-82b5-509c54b15f2a"",""service"":""4978aa94-666c-47c7-8024-3ada55195a51"",""deployment"":""b4365154-eadc-4c11-b568-5a096850e705"",""replica"":""56b3bc11-84b5-4316-abf1-2dec254f4739""}",2026-03-27T23:58:18.153909029Z
"  password: '',",info,"{""level"":""info""}","{""project"":""ce3616d9-58ad-4ec7-a294-1821e1564434"",""environment"":""fb6513d0-42a4-4660-82b5-509c54b15f2a"",""service"":""4978aa94-666c-47c7-8024-3ada55195a51"",""deployment"":""b4365154-eadc-4c11-b568-5a096850e705"",""replica"":""56b3bc11-84b5-4316-abf1-2dec254f4739""}",2026-03-27T23:58:18.153913957Z
"  qrPreview: null,",info,"{""level"":""info""}","{""project"":""ce3616d9-58ad-4ec7-a294-1821e1564434"",""environment"":""fb6513d0-42a4-4660-82b5-509c54b15f2a"",""service"":""4978aa94-666c-47c7-8024-3ada55195a51"",""deployment"":""b4365154-eadc-4c11-b568-5a096850e705"",""replica"":""56b3bc11-84b5-4316-abf1-2dec254f4739""}",2026-03-27T23:58:18.157476243Z
  isNewLogin: undefined,info,"{""level"":""info""}","{""project"":""ce3616d9-58ad-4ec7-a294-1821e1564434"",""environment"":""fb6513d0-42a4-4660-82b5-509c54b15f2a"",""service"":""4978aa94-666c-47c7-8024-3ada55195a51"",""deployment"":""b4365154-eadc-4c11-b568-5a096850e705"",""replica"":""56b3bc11-84b5-4316-abf1-2dec254f4739""}",2026-03-27T23:58:18.157486231Z
},info,"{""level"":""info""}","{""project"":""ce3616d9-58ad-4ec7-a294-1821e1564434"",""environment"":""fb6513d0-42a4-4660-82b5-509c54b15f2a"",""service"":""4978aa94-666c-47c7-8024-3ada55195a51"",""deployment"":""b4365154-eadc-4c11-b568-5a096850e705"",""replica"":""56b3bc11-84b5-4316-abf1-2dec254f4739""}",2026-03-27T23:58:18.157494011Z
==========================================,info,"{""level"":""info""}","{""project"":""ce3616d9-58ad-4ec7-a294-1821e1564434"",""environment"":""fb6513d0-42a4-4660-82b5-509c54b15f2a"",""service"":""4978aa94-666c-47c7-8024-3ada55195a51"",""deployment"":""b4365154-eadc-4c11-b568-5a096850e705"",""replica"":""56b3bc11-84b5-4316-abf1-2dec254f4739""}",2026-03-27T23:58:18.157505524Z
"  host: 'web.whatsapp.com',",info,"{""level"":""info""}","{""project"":""ce3616d9-58ad-4ec7-a294-1821e1564434"",""environment"":""fb6513d0-42a4-4660-82b5-509c54b15f2a"",""service"":""4978aa94-666c-47c7-8024-3ada55195a51"",""deployment"":""b4365154-eadc-4c11-b568-5a096850e705"",""replica"":""56b3bc11-84b5-4316-abf1-2dec254f4739""}",2026-03-27T23:58:18.157510094Z
connected to WA,info,"{""time"":1774655897130,""pid"":94,""hostname"":""9a45ddc40bc4"",""browser"":[""Mac OS"",""Chrome"",""14.4.1""],""helloMsg"":{""clientHello"":{""ephemeral"":""LDLvjDj960a0wRJnHrhPzboe7ka0+kz7+3nSPM2QOGY=""}},""level"":""info""}","{""project"":""ce3616d9-58ad-4ec7-a294-1821e1564434"",""environment"":""fb6513d0-42a4-4660-82b5-509c54b15f2a"",""service"":""4978aa94-666c-47c7-8024-3ada55195a51"",""deployment"":""b4365154-eadc-4c11-b568-5a096850e705"",""replica"":""56b3bc11-84b5-4316-abf1-2dec254f4739""}",2026-03-27T23:58:18.157514261Z
"  hostname: 'web.whatsapp.com',",info,"{""level"":""info""}","{""project"":""ce3616d9-58ad-4ec7-a294-1821e1564434"",""environment"":""fb6513d0-42a4-4660-82b5-509c54b15f2a"",""service"":""4978aa94-666c-47c7-8024-3ada55195a51"",""deployment"":""b4365154-eadc-4c11-b568-5a096850e705"",""replica"":""56b3bc11-84b5-4316-abf1-2dec254f4739""}",2026-03-27T23:58:18.157521709Z
[WS NATIVE SEND] Sending for akunsatu type: object preview: V0EGAwAAJBIiCiAsMu+MOP3rRrTBEmceuE/Nuh7uRrT6TPv7edI8zZA4Zg==,info,"{""level"":""info""}","{""project"":""ce3616d9-58ad-4ec7-a294-1821e1564434"",""environment"":""fb6513d0-42a4-4660-82b5-509c54b15f2a"",""service"":""4978aa94-666c-47c7-8024-3ada55195a51"",""deployment"":""b4365154-eadc-4c11-b568-5a096850e705"",""replica"":""56b3bc11-84b5-4316-abf1-2dec254f4739""}",2026-03-27T23:58:18.157522901Z
"  port: '',",info,"{""level"":""info""}","{""project"":""ce3616d9-58ad-4ec7-a294-1821e1564434"",""environment"":""fb6513d0-42a4-4660-82b5-509c54b15f2a"",""service"":""4978aa94-666c-47c7-8024-3ada55195a51"",""deployment"":""b4365154-eadc-4c11-b568-5a096850e705"",""replica"":""56b3bc11-84b5-4316-abf1-2dec254f4739""}",2026-03-27T23:58:18.157531568Z
[WS NATIVE OPEN] Native WebSocket opened for akunsatu,info,"{""level"":""info""}","{""project"":""ce3616d9-58ad-4ec7-a294-1821e1564434"",""environment"":""fb6513d0-42a4-4660-82b5-509c54b15f2a"",""service"":""4978aa94-666c-47c7-8024-3ada55195a51"",""deployment"":""b4365154-eadc-4c11-b568-5a096850e705"",""replica"":""56b3bc11-84b5-4316-abf1-2dec254f4739""}",2026-03-27T23:58:18.157532245Z
"  pathname: '/ws/chat',",info,"{""level"":""info""}","{""project"":""ce3616d9-58ad-4ec7-a294-1821e1564434"",""environment"":""fb6513d0-42a4-4660-82b5-509c54b15f2a"",""service"":""4978aa94-666c-47c7-8024-3ada55195a51"",""deployment"":""b4365154-eadc-4c11-b568-5a096850e705"",""replica"":""56b3bc11-84b5-4316-abf1-2dec254f4739""}",2026-03-27T23:58:18.157541832Z
[WS NATIVE MESSAGE] Received for akunsatu binary: true len: 350 preview: AAFbGtgCCiDkWg68lYNz9gg9KMOFdOBU5UXkTfQpj3xoO5imN6m4ChIwdXmWT1gmfVg=...,info,"{""level"":""info""}","{""project"":""ce3616d9-58ad-4ec7-a294-1821e1564434"",""environment"":""fb6513d0-42a4-4660-82b5-509c54b15f2a"",""service"":""4978aa94-666c-47c7-8024-3ada55195a51"",""deployment"":""b4365154-eadc-4c11-b568-5a096850e705"",""replica"":""56b3bc11-84b5-4316-abf1-2dec254f4739""}",2026-03-27T23:58:18.157542095Z
"not logged in, attempting registration...",info,"{""time"":1774655897347,""pid"":94,""hostname"":""9a45ddc40bc4"",""node"":{""passive"":false,""userAgent"":{""platform"":""WEB"",""appVersion"":{""primary"":2,""secondary"":3000,""tertiary"":1035194821},""mcc"":""000"",""mnc"":""000"",""osVersion"":""0.1"",""device"":""Desktop"",""osBuildNumber"":""0.1"",""releaseChannel"":""RELEASE"",""localeLanguageIso6391"":""en"",""localeCountryIso31661Alpha2"":""US""},""webInfo"":{""webSubPlatform"":""WEB_BROWSER""},""connectType"":""WIFI_UNKNOWN"",""connectReason"":""USER_ACTIVATED"",""devicePairingData"":{""eRegid"":""AAAAGg=="",""eKeytype"":""BQ=="",""eIdent"":""Bkz+7qk6qmJWaSZO+2S3QsSNDsyLxTUyKA5yN0/+R1E="",""eSkeyId"":""AAAB"",""eSkeyVal"":""7EuVr1dq9QwqOU/eJ4sp3grymHIXvilhd1363q/GAUw="",""eSkeySig"":""2Iy4Y9sOnerAPNegE8eHYzV8lUy+wQVzzis1KT6fj9Gt22IGQVZ4PH7Do9W/8WmVsc6jL3xIdYUiSnVvrLYnDQ=="",""buildHash"":""oslHHv+RCp4a5lmJCiiHLQ=="",""deviceProps"":""CgZNYWMgT1MYASAAKhUYgFAgATAAOAFAAUgBUAFYAWABcAE=""},""pull"":false},""level"":""info""}","{""project"":""ce3616d9-58ad-4ec7-a294-1821e1564434"",""environment"":""fb6513d0-42a4-4660-82b5-509c54b15f2a"",""service"":""4978aa94-666c-47c7-8024-3ada55195a51"",""deployment"":""b4365154-eadc-4c11-b568-5a096850e705"",""replica"":""56b3bc11-84b5-4316-abf1-2dec254f4739""}",2026-03-27T23:58:18.157551189Z
"  search: '',",info,"{""level"":""info""}","{""project"":""ce3616d9-58ad-4ec7-a294-1821e1564434"",""environment"":""fb6513d0-42a4-4660-82b5-509c54b15f2a"",""service"":""4978aa94-666c-47c7-8024-3ada55195a51"",""deployment"":""b4365154-eadc-4c11-b568-5a096850e705"",""replica"":""56b3bc11-84b5-4316-abf1-2dec254f4739""}",2026-03-27T23:58:18.157561037Z
"  searchParams: URLSearchParams {},",info,"{""level"":""info""}","{""project"":""ce3616d9-58ad-4ec7-a294-1821e1564434"",""environment"":""fb6513d0-42a4-4660-82b5-509c54b15f2a"",""service"":""4978aa94-666c-47c7-8024-3ada55195a51"",""deployment"":""b4365154-eadc-4c11-b568-5a096850e705"",""replica"":""56b3bc11-84b5-4316-abf1-2dec254f4739""}",2026-03-27T23:58:18.157573535Z
  hash: '',info,"{""level"":""info""}","{""project"":""ce3616d9-58ad-4ec7-a294-1821e1564434"",""environment"":""fb6513d0-42a4-4660-82b5-509c54b15f2a"",""service"":""4978aa94-666c-47c7-8024-3ada55195a51"",""deployment"":""b4365154-eadc-4c11-b568-5a096850e705"",""replica"":""56b3bc11-84b5-4316-abf1-2dec254f4739""}",2026-03-27T23:58:18.157581888Z
},info,"{""level"":""info""}","{""project"":""ce3616d9-58ad-4ec7-a294-1821e1564434"",""environment"":""fb6513d0-42a4-4660-82b5-509c54b15f2a"",""service"":""4978aa94-666c-47c7-8024-3ada55195a51"",""deployment"":""b4365154-eadc-4c11-b568-5a096850e705"",""replica"":""56b3bc11-84b5-4316-abf1-2dec254f4739""}",2026-03-27T23:58:18.157590226Z
[SESSION] ✅ Retrieved account from map: akunsatu,info,"{""level"":""info""}","{""project"":""ce3616d9-58ad-4ec7-a294-1821e1564434"",""environment"":""fb6513d0-42a4-4660-82b5-509c54b15f2a"",""service"":""4978aa94-666c-47c7-8024-3ada55195a51"",""deployment"":""b4365154-eadc-4c11-b568-5a096850e705"",""replica"":""56b3bc11-84b5-4316-abf1-2dec254f4739""}",2026-03-27T23:58:18.157597753Z
==========================================,info,"{""level"":""info""}","{""project"":""ce3616d9-58ad-4ec7-a294-1821e1564434"",""environment"":""fb6513d0-42a4-4660-82b5-509c54b15f2a"",""service"":""4978aa94-666c-47c7-8024-3ada55195a51"",""deployment"":""b4365154-eadc-4c11-b568-5a096850e705"",""replica"":""56b3bc11-84b5-4316-abf1-2dec254f4739""}",2026-03-27T23:58:18.157607604Z
[CONNECTION UPDATE] ✅ EVENT RECEIVED! {,info,"{""level"":""info""}","{""project"":""ce3616d9-58ad-4ec7-a294-1821e1564434"",""environment"":""fb6513d0-42a4-4660-82b5-509c54b15f2a"",""service"":""4978aa94-666c-47c7-8024-3ada55195a51"",""deployment"":""b4365154-eadc-4c11-b568-5a096850e705"",""replica"":""56b3bc11-84b5-4316-abf1-2dec254f4739""}",2026-03-27T23:58:18.157614663Z
"  accountId: 'akunsatu',",info,"{""level"":""info""}","{""project"":""ce3616d9-58ad-4ec7-a294-1821e1564434"",""environment"":""fb6513d0-42a4-4660-82b5-509c54b15f2a"",""service"":""4978aa94-666c-47c7-8024-3ada55195a51"",""deployment"":""b4365154-eadc-4c11-b568-5a096850e705"",""replica"":""56b3bc11-84b5-4316-abf1-2dec254f4739""}",2026-03-27T23:58:18.157622388Z
"  connection: 'connecting',",info,"{""level"":""info""}","{""project"":""ce3616d9-58ad-4ec7-a294-1821e1564434"",""environment"":""fb6513d0-42a4-4660-82b5-509c54b15f2a"",""service"":""4978aa94-666c-47c7-8024-3ada55195a51"",""deployment"":""b4365154-eadc-4c11-b568-5a096850e705"",""replica"":""56b3bc11-84b5-4316-abf1-2dec254f4739""}",2026-03-27T23:58:18.157630282Z
"  hasQr: false,",info,"{""level"":""info""}","{""project"":""ce3616d9-58ad-4ec7-a294-1821e1564434"",""environment"":""fb6513d0-42a4-4660-82b5-509c54b15f2a"",""service"":""4978aa94-666c-47c7-8024-3ada55195a51"",""deployment"":""b4365154-eadc-4c11-b568-5a096850e705"",""replica"":""56b3bc11-84b5-4316-abf1-2dec254f4739""}",2026-03-27T23:58:18.157638169Z
[WS NATIVE SEND] Sending for akunsatu type: object preview: AAFcItkCCjDW8d9vQdG5cydnaFIASBjnbpmN+kXPJr+H92CLBNGRqrBlWHh2kebGNio=,info,"{""level"":""info""}","{""project"":""ce3616d9-58ad-4ec7-a294-1821e1564434"",""environment"":""fb6513d0-42a4-4660-82b5-509c54b15f2a"",""service"":""4978aa94-666c-47c7-8024-3ada55195a51"",""deployment"":""b4365154-eadc-4c11-b568-5a096850e705"",""replica"":""56b3bc11-84b5-4316-abf1-2dec254f4739""}",2026-03-27T23:58:18.159829223Z
[WS NATIVE MESSAGE] Received for akunsatu binary: true len: 698 preview: AAK3iJLSc2wNHjkZK+cHfgyGZG3/acU6pflLE36hgLEodh3n2TcvLn2spxaMLQqpqcA=...,info,"{""level"":""info""}","{""project"":""ce3616d9-58ad-4ec7-a294-1821e1564434"",""environment"":""fb6513d0-42a4-4660-82b5-509c54b15f2a"",""service"":""4978aa94-666c-47c7-8024-3ada55195a51"",""deployment"":""b4365154-eadc-4c11-b568-5a096850e705"",""replica"":""56b3bc11-84b5-4316-abf1-2dec254f4739""}",2026-03-27T23:58:18.159836481Z
[WS NATIVE SEND] Sending for akunsatu type: object preview: AAAilbZ7/q3CGrUNjRTTsV9TsvVeW7rrJj18sm2qMuuzIt3MMA==,info,"{""level"":""info""}","{""project"":""ce3616d9-58ad-4ec7-a294-1821e1564434"",""environment"":""fb6513d0-42a4-4660-82b5-509c54b15f2a"",""service"":""4978aa94-666c-47c7-8024-3ada55195a51"",""deployment"":""b4365154-eadc-4c11-b568-5a096850e705"",""replica"":""56b3bc11-84b5-4316-abf1-2dec254f4739""}",2026-03-27T23:58:18.159842565Z
==========================================,info,"{""level"":""info""}","{""project"":""ce3616d9-58ad-4ec7-a294-1821e1564434"",""environment"":""fb6513d0-42a4-4660-82b5-509c54b15f2a"",""service"":""4978aa94-666c-47c7-8024-3ada55195a51"",""deployment"":""b4365154-eadc-4c11-b568-5a096850e705"",""replica"":""56b3bc11-84b5-4316-abf1-2dec254f4739""}",2026-03-27T23:58:18.159847593Z
[CONNECTION UPDATE] ✅ EVENT RECEIVED! {,info,"{""level"":""info""}","{""project"":""ce3616d9-58ad-4ec7-a294-1821e1564434"",""environment"":""fb6513d0-42a4-4660-82b5-509c54b15f2a"",""service"":""4978aa94-666c-47c7-8024-3ada55195a51"",""deployment"":""b4365154-eadc-4c11-b568-5a096850e705"",""replica"":""56b3bc11-84b5-4316-abf1-2dec254f4739""}",2026-03-27T23:58:18.159853933Z
"  accountId: 'akunsatu',",info,"{""level"":""info""}","{""project"":""ce3616d9-58ad-4ec7-a294-1821e1564434"",""environment"":""fb6513d0-42a4-4660-82b5-509c54b15f2a"",""service"":""4978aa94-666c-47c7-8024-3ada55195a51"",""deployment"":""b4365154-eadc-4c11-b568-5a096850e705"",""replica"":""56b3bc11-84b5-4316-abf1-2dec254f4739""}",2026-03-27T23:58:18.159858357Z
"  connection: undefined,",info,"{""level"":""info""}","{""project"":""ce3616d9-58ad-4ec7-a294-1821e1564434"",""environment"":""fb6513d0-42a4-4660-82b5-509c54b15f2a"",""service"":""4978aa94-666c-47c7-8024-3ada55195a51"",""deployment"":""b4365154-eadc-4c11-b568-5a096850e705"",""replica"":""56b3bc11-84b5-4316-abf1-2dec254f4739""}",2026-03-27T23:58:18.159864117Z
"  hasQr: true,",info,"{""level"":""info""}","{""project"":""ce3616d9-58ad-4ec7-a294-1821e1564434"",""environment"":""fb6513d0-42a4-4660-82b5-509c54b15f2a"",""service"":""4978aa94-666c-47c7-8024-3ada55195a51"",""deployment"":""b4365154-eadc-4c11-b568-5a096850e705"",""replica"":""56b3bc11-84b5-4316-abf1-2dec254f4739""}",2026-03-27T23:58:18.159868576Z
"  qrPreview: '2@9Ym62WqEvRSOA4mP0fldH8uSxe9BJNwOX8hihJ1AyLGFOTd3...',",info,"{""level"":""info""}","{""project"":""ce3616d9-58ad-4ec7-a294-1821e1564434"",""environment"":""fb6513d0-42a4-4660-82b5-509c54b15f2a"",""service"":""4978aa94-666c-47c7-8024-3ada55195a51"",""deployment"":""b4365154-eadc-4c11-b568-5a096850e705"",""replica"":""56b3bc11-84b5-4316-abf1-2dec254f4739""}",2026-03-27T23:58:18.159873370Z
  isNewLogin: undefined,info,"{""level"":""info""}","{""project"":""ce3616d9-58ad-4ec7-a294-1821e1564434"",""environment"":""fb6513d0-42a4-4660-82b5-509c54b15f2a"",""service"":""4978aa94-666c-47c7-8024-3ada55195a51"",""deployment"":""b4365154-eadc-4c11-b568-5a096850e705"",""replica"":""56b3bc11-84b5-4316-abf1-2dec254f4739""}",2026-03-27T23:58:18.159878320Z
},info,"{""level"":""info""}","{""project"":""ce3616d9-58ad-4ec7-a294-1821e1564434"",""environment"":""fb6513d0-42a4-4660-82b5-509c54b15f2a"",""service"":""4978aa94-666c-47c7-8024-3ada55195a51"",""deployment"":""b4365154-eadc-4c11-b568-5a096850e705"",""replica"":""56b3bc11-84b5-4316-abf1-2dec254f4739""}",2026-03-27T23:58:18.159884270Z
==========================================,info,"{""level"":""info""}","{""project"":""ce3616d9-58ad-4ec7-a294-1821e1564434"",""environment"":""fb6513d0-42a4-4660-82b5-509c54b15f2a"",""service"":""4978aa94-666c-47c7-8024-3ada55195a51"",""deployment"":""b4365154-eadc-4c11-b568-5a096850e705"",""replica"":""56b3bc11-84b5-4316-abf1-2dec254f4739""}",2026-03-27T23:58:18.159889569Z
[QR] 🎯 QR code received for: akunsatu,info,"{""level"":""info""}","{""project"":""ce3616d9-58ad-4ec7-a294-1821e1564434"",""environment"":""fb6513d0-42a4-4660-82b5-509c54b15f2a"",""service"":""4978aa94-666c-47c7-8024-3ada55195a51"",""deployment"":""b4365154-eadc-4c11-b568-5a096850e705"",""replica"":""56b3bc11-84b5-4316-abf1-2dec254f4739""}",2026-03-27T23:58:18.159894568Z
[QR] QR length: 237,info,"{""level"":""info""}","{""project"":""ce3616d9-58ad-4ec7-a294-1821e1564434"",""environment"":""fb6513d0-42a4-4660-82b5-509c54b15f2a"",""service"":""4978aa94-666c-47c7-8024-3ada55195a51"",""deployment"":""b4365154-eadc-4c11-b568-5a096850e705"",""replica"":""56b3bc11-84b5-4316-abf1-2dec254f4739""}",2026-03-27T23:58:18.159898853Z
[QR] Converting QR to data URL...,info,"{""level"":""info""}","{""project"":""ce3616d9-58ad-4ec7-a294-1821e1564434"",""environment"":""fb6513d0-42a4-4660-82b5-509c54b15f2a"",""service"":""4978aa94-666c-47c7-8024-3ada55195a51"",""deployment"":""b4365154-eadc-4c11-b568-5a096850e705"",""replica"":""56b3bc11-84b5-4316-abf1-2dec254f4739""}",2026-03-27T23:58:18.159906853Z
"[QR] ✅ QR converted, length: 6302",info,"{""level"":""info""}","{""project"":""ce3616d9-58ad-4ec7-a294-1821e1564434"",""environment"":""fb6513d0-42a4-4660-82b5-509c54b15f2a"",""service"":""4978aa94-666c-47c7-8024-3ada55195a51"",""deployment"":""b4365154-eadc-4c11-b568-5a096850e705"",""replica"":""56b3bc11-84b5-4316-abf1-2dec254f4739""}",2026-03-27T23:58:18.159910601Z
[DB] Synced 1 accounts to database,info,"{""level"":""info""}","{""project"":""ce3616d9-58ad-4ec7-a294-1821e1564434"",""environment"":""fb6513d0-42a4-4660-82b5-509c54b15f2a"",""service"":""4978aa94-666c-47c7-8024-3ada55195a51"",""deployment"":""b4365154-eadc-4c11-b568-5a096850e705"",""replica"":""56b3bc11-84b5-4316-abf1-2dec254f4739""}",2026-03-27T23:58:21.164795153Z
[NETWORK] HTTPS test TIMEOUT,info,"{""level"":""info""}","{""project"":""ce3616d9-58ad-4ec7-a294-1821e1564434"",""environment"":""fb6513d0-42a4-4660-82b5-509c54b15f2a"",""service"":""4978aa94-666c-47c7-8024-3ada55195a51"",""deployment"":""b4365154-eadc-4c11-b568-5a096850e705"",""replica"":""56b3bc11-84b5-4316-abf1-2dec254f4739""}",2026-03-27T23:58:27.552058082Z
[WS NATIVE MESSAGE] Received for akunsatu binary: true len: 297 preview: AAEmK8AXV33GgTj9IV8gpx3qKXCP57cs9v8iElLiO0TdwjGRnjFKVCjTOy7B7Qk5olA=...,info,"{""level"":""info""}","{""project"":""ce3616d9-58ad-4ec7-a294-1821e1564434"",""environment"":""fb6513d0-42a4-4660-82b5-509c54b15f2a"",""service"":""4978aa94-666c-47c7-8024-3ada55195a51"",""deployment"":""b4365154-eadc-4c11-b568-5a096850e705"",""replica"":""56b3bc11-84b5-4316-abf1-2dec254f4739""}",2026-03-27T23:58:33.550946842Z
pair success recv,info,"{""time"":1774655912951,""pid"":94,""hostname"":""9a45ddc40bc4"",""level"":""info""}","{""project"":""ce3616d9-58ad-4ec7-a294-1821e1564434"",""environment"":""fb6513d0-42a4-4660-82b5-509c54b15f2a"",""service"":""4978aa94-666c-47c7-8024-3ada55195a51"",""deployment"":""b4365154-eadc-4c11-b568-5a096850e705"",""replica"":""56b3bc11-84b5-4316-abf1-2dec254f4739""}",2026-03-27T23:58:33.550952423Z
[WS NATIVE SEND] Sending for akunsatu type: object preview: AAAbAgmXVrH1XVbf46xU4BKIGtQiTaHauYefK6be,info,"{""level"":""info""}","{""project"":""ce3616d9-58ad-4ec7-a294-1821e1564434"",""environment"":""fb6513d0-42a4-4660-82b5-509c54b15f2a"",""service"":""4978aa94-666c-47c7-8024-3ada55195a51"",""deployment"":""b4365154-eadc-4c11-b568-5a096850e705"",""replica"":""56b3bc11-84b5-4316-abf1-2dec254f4739""}",2026-03-27T23:58:33.550959728Z
==========================================,info,"{""level"":""info""}","{""project"":""ce3616d9-58ad-4ec7-a294-1821e1564434"",""environment"":""fb6513d0-42a4-4660-82b5-509c54b15f2a"",""service"":""4978aa94-666c-47c7-8024-3ada55195a51"",""deployment"":""b4365154-eadc-4c11-b568-5a096850e705"",""replica"":""56b3bc11-84b5-4316-abf1-2dec254f4739""}",2026-03-27T23:58:33.550964463Z
[CONNECTION UPDATE] ✅ EVENT RECEIVED! {,info,"{""level"":""info""}","{""project"":""ce3616d9-58ad-4ec7-a294-1821e1564434"",""environment"":""fb6513d0-42a4-4660-82b5-509c54b15f2a"",""service"":""4978aa94-666c-47c7-8024-3ada55195a51"",""deployment"":""b4365154-eadc-4c11-b568-5a096850e705"",""replica"":""56b3bc11-84b5-4316-abf1-2dec254f4739""}",2026-03-27T23:58:33.550969797Z
"  accountId: 'akunsatu',",info,"{""level"":""info""}","{""project"":""ce3616d9-58ad-4ec7-a294-1821e1564434"",""environment"":""fb6513d0-42a4-4660-82b5-509c54b15f2a"",""service"":""4978aa94-666c-47c7-8024-3ada55195a51"",""deployment"":""b4365154-eadc-4c11-b568-5a096850e705"",""replica"":""56b3bc11-84b5-4316-abf1-2dec254f4739""}",2026-03-27T23:58:33.550974723Z
"  connection: undefined,",info,"{""level"":""info""}","{""project"":""ce3616d9-58ad-4ec7-a294-1821e1564434"",""environment"":""fb6513d0-42a4-4660-82b5-509c54b15f2a"",""service"":""4978aa94-666c-47c7-8024-3ada55195a51"",""deployment"":""b4365154-eadc-4c11-b568-5a096850e705"",""replica"":""56b3bc11-84b5-4316-abf1-2dec254f4739""}",2026-03-27T23:58:33.550983353Z
"  hasQr: false,",info,"{""level"":""info""}","{""project"":""ce3616d9-58ad-4ec7-a294-1821e1564434"",""environment"":""fb6513d0-42a4-4660-82b5-509c54b15f2a"",""service"":""4978aa94-666c-47c7-8024-3ada55195a51"",""deployment"":""b4365154-eadc-4c11-b568-5a096850e705"",""replica"":""56b3bc11-84b5-4316-abf1-2dec254f4739""}",2026-03-27T23:58:33.550988392Z
"  qrPreview: null,",info,"{""level"":""info""}","{""project"":""ce3616d9-58ad-4ec7-a294-1821e1564434"",""environment"":""fb6513d0-42a4-4660-82b5-509c54b15f2a"",""service"":""4978aa94-666c-47c7-8024-3ada55195a51"",""deployment"":""b4365154-eadc-4c11-b568-5a096850e705"",""replica"":""56b3bc11-84b5-4316-abf1-2dec254f4739""}",2026-03-27T23:58:33.550994354Z
  isNewLogin: true,info,"{""level"":""info""}","{""project"":""ce3616d9-58ad-4ec7-a294-1821e1564434"",""environment"":""fb6513d0-42a4-4660-82b5-509c54b15f2a"",""service"":""4978aa94-666c-47c7-8024-3ada55195a51"",""deployment"":""b4365154-eadc-4c11-b568-5a096850e705"",""replica"":""56b3bc11-84b5-4316-abf1-2dec254f4739""}",2026-03-27T23:58:33.551001370Z
},info,"{""level"":""info""}","{""project"":""ce3616d9-58ad-4ec7-a294-1821e1564434"",""environment"":""fb6513d0-42a4-4660-82b5-509c54b15f2a"",""service"":""4978aa94-666c-47c7-8024-3ada55195a51"",""deployment"":""b4365154-eadc-4c11-b568-5a096850e705"",""replica"":""56b3bc11-84b5-4316-abf1-2dec254f4739""}",2026-03-27T23:58:33.551008440Z
==========================================,info,"{""level"":""info""}","{""project"":""ce3616d9-58ad-4ec7-a294-1821e1564434"",""environment"":""fb6513d0-42a4-4660-82b5-509c54b15f2a"",""service"":""4978aa94-666c-47c7-8024-3ada55195a51"",""deployment"":""b4365154-eadc-4c11-b568-5a096850e705"",""replica"":""56b3bc11-84b5-4316-abf1-2dec254f4739""}",2026-03-27T23:58:33.551015516Z
[WS NATIVE SEND] Sending for akunsatu type: object preview: AADZTeCOgLXANaa3ZaXP01nYrwXhF7gHPnnB8LGMyAsNjWr4mqjfHzwUUnQwOpGMWY4=,info,"{""level"":""info""}","{""project"":""ce3616d9-58ad-4ec7-a294-1821e1564434"",""environment"":""fb6513d0-42a4-4660-82b5-509c54b15f2a"",""service"":""4978aa94-666c-47c7-8024-3ada55195a51"",""deployment"":""b4365154-eadc-4c11-b568-5a096850e705"",""replica"":""56b3bc11-84b5-4316-abf1-2dec254f4739""}",2026-03-27T23:58:33.551022253Z
"pairing configured successfully, expect to restart the connection...",info,"{""time"":1774655912984,""pid"":94,""hostname"":""9a45ddc40bc4"",""me"":{""id"":""6288267047790:4@s.whatsapp.net"",""name"":""ryan""},""platform"":""smba"",""level"":""info""}","{""project"":""ce3616d9-58ad-4ec7-a294-1821e1564434"",""environment"":""fb6513d0-42a4-4660-82b5-509c54b15f2a"",""service"":""4978aa94-666c-47c7-8024-3ada55195a51"",""deployment"":""b4365154-eadc-4c11-b568-5a096850e705"",""replica"":""56b3bc11-84b5-4316-abf1-2dec254f4739""}",2026-03-27T23:58:33.551030267Z
updated pushName,info,"{""time"":1774655912984,""pid"":94,""hostname"":""9a45ddc40bc4"",""name"":""ryan"",""level"":""info""}","{""project"":""ce3616d9-58ad-4ec7-a294-1821e1564434"",""environment"":""fb6513d0-42a4-4660-82b5-509c54b15f2a"",""service"":""4978aa94-666c-47c7-8024-3ada55195a51"",""deployment"":""b4365154-eadc-4c11-b568-5a096850e705"",""replica"":""56b3bc11-84b5-4316-abf1-2dec254f4739""}",2026-03-27T23:58:33.551037627Z
[WS NATIVE MESSAGE] Received for akunsatu binary: true len: 52 preview: AAAa/rH72njJCeGodEmgEFuPmQ5dyAnwKRus1WUAABSPpt8PwD4e3FHVqdYLFR8V7Tk=...,info,"{""level"":""info""}","{""project"":""ce3616d9-58ad-4ec7-a294-1821e1564434"",""environment"":""fb6513d0-42a4-4660-82b5-509c54b15f2a"",""service"":""4978aa94-666c-47c7-8024-3ada55195a51"",""deployment"":""b4365154-eadc-4c11-b568-5a096850e705"",""replica"":""56b3bc11-84b5-4316-abf1-2dec254f4739""}",2026-03-27T23:58:33.551045424Z
stream errored out,info,"{""time"":1774655913375,""pid"":94,""hostname"":""9a45ddc40bc4"",""node"":{""tag"":""stream:error"",""attrs"":{""code"":""515""}},""level"":""info""}","{""project"":""ce3616d9-58ad-4ec7-a294-1821e1564434"",""environment"":""fb6513d0-42a4-4660-82b5-509c54b15f2a"",""service"":""4978aa94-666c-47c7-8024-3ada55195a51"",""deployment"":""b4365154-eadc-4c11-b568-5a096850e705"",""replica"":""56b3bc11-84b5-4316-abf1-2dec254f4739""}",2026-03-27T23:58:33.551053789Z
==========================================,info,"{""level"":""info""}","{""project"":""ce3616d9-58ad-4ec7-a294-1821e1564434"",""environment"":""fb6513d0-42a4-4660-82b5-509c54b15f2a"",""service"":""4978aa94-666c-47c7-8024-3ada55195a51"",""deployment"":""b4365154-eadc-4c11-b568-5a096850e705"",""replica"":""56b3bc11-84b5-4316-abf1-2dec254f4739""}",2026-03-27T23:58:34.294397379Z
[CONNECTION UPDATE] ✅ EVENT RECEIVED! {,info,"{""level"":""info""}","{""project"":""ce3616d9-58ad-4ec7-a294-1821e1564434"",""environment"":""fb6513d0-42a4-4660-82b5-509c54b15f2a"",""service"":""4978aa94-666c-47c7-8024-3ada55195a51"",""deployment"":""b4365154-eadc-4c11-b568-5a096850e705"",""replica"":""56b3bc11-84b5-4316-abf1-2dec254f4739""}",2026-03-27T23:58:34.294405490Z
"  accountId: 'akunsatu',",info,"{""level"":""info""}","{""project"":""ce3616d9-58ad-4ec7-a294-1821e1564434"",""environment"":""fb6513d0-42a4-4660-82b5-509c54b15f2a"",""service"":""4978aa94-666c-47c7-8024-3ada55195a51"",""deployment"":""b4365154-eadc-4c11-b568-5a096850e705"",""replica"":""56b3bc11-84b5-4316-abf1-2dec254f4739""}",2026-03-27T23:58:34.294411457Z
"  connection: 'close',",info,"{""level"":""info""}","{""project"":""ce3616d9-58ad-4ec7-a294-1821e1564434"",""environment"":""fb6513d0-42a4-4660-82b5-509c54b15f2a"",""service"":""4978aa94-666c-47c7-8024-3ada55195a51"",""deployment"":""b4365154-eadc-4c11-b568-5a096850e705"",""replica"":""56b3bc11-84b5-4316-abf1-2dec254f4739""}",2026-03-27T23:58:34.294417491Z
"  hasQr: false,",info,"{""level"":""info""}","{""project"":""ce3616d9-58ad-4ec7-a294-1821e1564434"",""environment"":""fb6513d0-42a4-4660-82b5-509c54b15f2a"",""service"":""4978aa94-666c-47c7-8024-3ada55195a51"",""deployment"":""b4365154-eadc-4c11-b568-5a096850e705"",""replica"":""56b3bc11-84b5-4316-abf1-2dec254f4739""}",2026-03-27T23:58:34.294423207Z
"  qrPreview: null,",info,"{""level"":""info""}","{""project"":""ce3616d9-58ad-4ec7-a294-1821e1564434"",""environment"":""fb6513d0-42a4-4660-82b5-509c54b15f2a"",""service"":""4978aa94-666c-47c7-8024-3ada55195a51"",""deployment"":""b4365154-eadc-4c11-b568-5a096850e705"",""replica"":""56b3bc11-84b5-4316-abf1-2dec254f4739""}",2026-03-27T23:58:34.294429519Z
  isNewLogin: undefined,info,"{""level"":""info""}","{""project"":""ce3616d9-58ad-4ec7-a294-1821e1564434"",""environment"":""fb6513d0-42a4-4660-82b5-509c54b15f2a"",""service"":""4978aa94-666c-47c7-8024-3ada55195a51"",""deployment"":""b4365154-eadc-4c11-b568-5a096850e705"",""replica"":""56b3bc11-84b5-4316-abf1-2dec254f4739""}",2026-03-27T23:58:34.294437454Z
},info,"{""level"":""info""}","{""project"":""ce3616d9-58ad-4ec7-a294-1821e1564434"",""environment"":""fb6513d0-42a4-4660-82b5-509c54b15f2a"",""service"":""4978aa94-666c-47c7-8024-3ada55195a51"",""deployment"":""b4365154-eadc-4c11-b568-5a096850e705"",""replica"":""56b3bc11-84b5-4316-abf1-2dec254f4739""}",2026-03-27T23:58:34.294444170Z
==========================================,info,"{""level"":""info""}","{""project"":""ce3616d9-58ad-4ec7-a294-1821e1564434"",""environment"":""fb6513d0-42a4-4660-82b5-509c54b15f2a"",""service"":""4978aa94-666c-47c7-8024-3ada55195a51"",""deployment"":""b4365154-eadc-4c11-b568-5a096850e705"",""replica"":""56b3bc11-84b5-4316-abf1-2dec254f4739""}",2026-03-27T23:58:34.294449787Z
[CONNECTION] ❌ Disconnected: akunsatu code: 515 error: Stream Errored (restart required),info,"{""level"":""info""}","{""project"":""ce3616d9-58ad-4ec7-a294-1821e1564434"",""environment"":""fb6513d0-42a4-4660-82b5-509c54b15f2a"",""service"":""4978aa94-666c-47c7-8024-3ada55195a51"",""deployment"":""b4365154-eadc-4c11-b568-5a096850e705"",""replica"":""56b3bc11-84b5-4316-abf1-2dec254f4739""}",2026-03-27T23:58:34.294455612Z
connection errored,info,"{""time"":1774655913376,""pid"":94,""hostname"":""9a45ddc40bc4"",""trace"":""Error: Stream Errored (restart required)\n    at WebSocketClient.<anonymous> (/app/mini-services/whatsapp-service/node_modules/@whiskeysockets/baileys/src/Socket/socket.ts:648:7)\n    at WebSocketClient.emit (node:events:519:28)\n    at <anonymous> (/app/mini-services/whatsapp-service/node_modules/@whiskeysockets/baileys/src/Socket/socket.ts:327:23)\n    at Object.decodeFrame (/app/mini-services/whatsapp-service/node_modules/@whiskeysockets/baileys/src/Utils/noise-handler.ts:187:5)\n    at process.processTicksAndRejections (node:internal/process/task_queues:105:5)"",""level"":""info""}","{""project"":""ce3616d9-58ad-4ec7-a294-1821e1564434"",""environment"":""fb6513d0-42a4-4660-82b5-509c54b15f2a"",""service"":""4978aa94-666c-47c7-8024-3ada55195a51"",""deployment"":""b4365154-eadc-4c11-b568-5a096850e705"",""replica"":""56b3bc11-84b5-4316-abf1-2dec254f4739""}",2026-03-27T23:58:34.294461443Z
[WS NATIVE MESSAGE] Received for akunsatu binary: true len: 4 preview: iAID8w==,info,"{""level"":""info""}","{""project"":""ce3616d9-58ad-4ec7-a294-1821e1564434"",""environment"":""fb6513d0-42a4-4660-82b5-509c54b15f2a"",""service"":""4978aa94-666c-47c7-8024-3ada55195a51"",""deployment"":""b4365154-eadc-4c11-b568-5a096850e705"",""replica"":""56b3bc11-84b5-4316-abf1-2dec254f4739""}",2026-03-27T23:58:34.294469454Z
[WS NATIVE CLOSE] Native WebSocket closed for akunsatu code: 1006 reason: ,info,"{""level"":""info""}","{""project"":""ce3616d9-58ad-4ec7-a294-1821e1564434"",""environment"":""fb6513d0-42a4-4660-82b5-509c54b15f2a"",""service"":""4978aa94-666c-47c7-8024-3ada55195a51"",""deployment"":""b4365154-eadc-4c11-b568-5a096850e705"",""replica"":""56b3bc11-84b5-4316-abf1-2dec254f4739""}",2026-03-27T23:58:34.294474899Z
[DB] Synced 1 accounts to database,info,"{""level"":""info""}","{""project"":""ce3616d9-58ad-4ec7-a294-1821e1564434"",""environment"":""fb6513d0-42a4-4660-82b5-509c54b15f2a"",""service"":""4978aa94-666c-47c7-8024-3ada55195a51"",""deployment"":""b4365154-eadc-4c11-b568-5a096850e705"",""replica"":""56b3bc11-84b5-4316-abf1-2dec254f4739""}",2026-03-27T23:58:53.690880401Z
[DB] Synced 1 accounts to database,info,"{""level"":""info""}","{""project"":""ce3616d9-58ad-4ec7-a294-1821e1564434"",""environment"":""fb6513d0-42a4-4660-82b5-509c54b15f2a"",""service"":""4978aa94-666c-47c7-8024-3ada55195a51"",""deployment"":""b4365154-eadc-4c11-b568-5a096850e705"",""replica"":""56b3bc11-84b5-4316-abf1-2dec254f4739""}",2026-03-27T23:59:23.281568472Z
[DB] Synced 1 accounts to database,info,"{""level"":""info""}","{""project"":""ce3616d9-58ad-4ec7-a294-1821e1564434"",""environment"":""fb6513d0-42a4-4660-82b5-509c54b15f2a"",""service"":""4978aa94-666c-47c7-8024-3ada55195a51"",""deployment"":""b4365154-eadc-4c11-b568-5a096850e705"",""replica"":""56b3bc11-84b5-4316-abf1-2dec254f4739""}",2026-03-27T23:59:52.840037983Z
[DB] Synced 1 accounts to database,info,"{""level"":""info""}","{""project"":""ce3616d9-58ad-4ec7-a294-1821e1564434"",""environment"":""fb6513d0-42a4-4660-82b5-509c54b15f2a"",""service"":""4978aa94-666c-47c7-8024-3ada55195a51"",""deployment"":""b4365154-eadc-4c11-b568-5a096850e705"",""replica"":""56b3bc11-84b5-4316-abf1-2dec254f4739""}",2026-03-28T00:00:21.868935246Z
[DB] Synced 1 accounts to database,info,"{""level"":""info""}","{""project"":""ce3616d9-58ad-4ec7-a294-1821e1564434"",""environment"":""fb6513d0-42a4-4660-82b5-509c54b15f2a"",""service"":""4978aa94-666c-47c7-8024-3ada55195a51"",""deployment"":""b4365154-eadc-4c11-b568-5a096850e705"",""replica"":""56b3bc11-84b5-4316-abf1-2dec254f4739""}",2026-03-28T00:01:01.718671299Z
[DB] Synced 1 accounts to database,info,"{""level"":""info""}","{""project"":""ce3616d9-58ad-4ec7-a294-1821e1564434"",""environment"":""fb6513d0-42a4-4660-82b5-509c54b15f2a"",""service"":""4978aa94-666c-47c7-8024-3ada55195a51"",""deployment"":""b4365154-eadc-4c11-b568-5a096850e705"",""replica"":""56b3bc11-84b5-4316-abf1-2dec254f4739""}",2026-03-28T00:01:21.969710199Z
[DB] Synced 1 accounts to database,info,"{""level"":""info""}","{""project"":""ce3616d9-58ad-4ec7-a294-1821e1564434"",""environment"":""fb6513d0-42a4-4660-82b5-509c54b15f2a"",""service"":""4978aa94-666c-47c7-8024-3ada55195a51"",""deployment"":""b4365154-eadc-4c11-b568-5a096850e705"",""replica"":""56b3bc11-84b5-4316-abf1-2dec254f4739""}",2026-03-28T00:01:51.192566364Z
"[WA API] POST to: http://localhost:3030/session/start? Body: {""accountId"":""akundua"",""usePairingCode"":false}",info,"{""level"":""info""}","{""project"":""ce3616d9-58ad-4ec7-a294-1821e1564434"",""environment"":""fb6513d0-42a4-4660-82b5-509c54b15f2a"",""service"":""4978aa94-666c-47c7-8024-3ada55195a51"",""deployment"":""b4365154-eadc-4c11-b568-5a096850e705"",""replica"":""56b3bc11-84b5-4316-abf1-2dec254f4739""}",2026-03-28T00:02:11.140616251Z
==========================================,info,"{""level"":""info""}","{""project"":""ce3616d9-58ad-4ec7-a294-1821e1564434"",""environment"":""fb6513d0-42a4-4660-82b5-509c54b15f2a"",""service"":""4978aa94-666c-47c7-8024-3ada55195a51"",""deployment"":""b4365154-eadc-4c11-b568-5a096850e705"",""replica"":""56b3bc11-84b5-4316-abf1-2dec254f4739""}",2026-03-28T00:02:11.140622983Z
  forceNew: false,info,"{""level"":""info""}","{""project"":""ce3616d9-58ad-4ec7-a294-1821e1564434"",""environment"":""fb6513d0-42a4-4660-82b5-509c54b15f2a"",""service"":""4978aa94-666c-47c7-8024-3ada55195a51"",""deployment"":""b4365154-eadc-4c11-b568-5a096850e705"",""replica"":""56b3bc11-84b5-4316-abf1-2dec254f4739""}",2026-03-28T00:02:11.140630906Z
[SESSION/START] Request received: {,info,"{""level"":""info""}","{""project"":""ce3616d9-58ad-4ec7-a294-1821e1564434"",""environment"":""fb6513d0-42a4-4660-82b5-509c54b15f2a"",""service"":""4978aa94-666c-47c7-8024-3ada55195a51"",""deployment"":""b4365154-eadc-4c11-b568-5a096850e705"",""replica"":""56b3bc11-84b5-4316-abf1-2dec254f4739""}",2026-03-28T00:02:11.140631512Z
"  accountId: 'akundua',",info,"{""level"":""info""}","{""project"":""ce3616d9-58ad-4ec7-a294-1821e1564434"",""environment"":""fb6513d0-42a4-4660-82b5-509c54b15f2a"",""service"":""4978aa94-666c-47c7-8024-3ada55195a51"",""deployment"":""b4365154-eadc-4c11-b568-5a096850e705"",""replica"":""56b3bc11-84b5-4316-abf1-2dec254f4739""}",2026-03-28T00:02:11.140639889Z
"  usePairingCode: false,",info,"{""level"":""info""}","{""project"":""ce3616d9-58ad-4ec7-a294-1821e1564434"",""environment"":""fb6513d0-42a4-4660-82b5-509c54b15f2a"",""service"":""4978aa94-666c-47c7-8024-3ada55195a51"",""deployment"":""b4365154-eadc-4c11-b568-5a096850e705"",""replica"":""56b3bc11-84b5-4316-abf1-2dec254f4739""}",2026-03-28T00:02:11.140648229Z
"  phoneNumber: undefined,",info,"{""level"":""info""}","{""project"":""ce3616d9-58ad-4ec7-a294-1821e1564434"",""environment"":""fb6513d0-42a4-4660-82b5-509c54b15f2a"",""service"":""4978aa94-666c-47c7-8024-3ada55195a51"",""deployment"":""b4365154-eadc-4c11-b568-5a096850e705"",""replica"":""56b3bc11-84b5-4316-abf1-2dec254f4739""}",2026-03-28T00:02:11.140656353Z
},info,"{""level"":""info""}","{""project"":""ce3616d9-58ad-4ec7-a294-1821e1564434"",""environment"":""fb6513d0-42a4-4660-82b5-509c54b15f2a"",""service"":""4978aa94-666c-47c7-8024-3ada55195a51"",""deployment"":""b4365154-eadc-4c11-b568-5a096850e705"",""replica"":""56b3bc11-84b5-4316-abf1-2dec254f4739""}",2026-03-28T00:02:11.140659563Z
[START SESSION] Current accounts: [ 'akunsatu' ],info,"{""level"":""info""}","{""project"":""ce3616d9-58ad-4ec7-a294-1821e1564434"",""environment"":""fb6513d0-42a4-4660-82b5-509c54b15f2a"",""service"":""4978aa94-666c-47c7-8024-3ada55195a51"",""deployment"":""b4365154-eadc-4c11-b568-5a096850e705"",""replica"":""56b3bc11-84b5-4316-abf1-2dec254f4739""}",2026-03-28T00:02:11.140671056Z
  forceNew: undefined,info,"{""level"":""info""}","{""project"":""ce3616d9-58ad-4ec7-a294-1821e1564434"",""environment"":""fb6513d0-42a4-4660-82b5-509c54b15f2a"",""service"":""4978aa94-666c-47c7-8024-3ada55195a51"",""deployment"":""b4365154-eadc-4c11-b568-5a096850e705"",""replica"":""56b3bc11-84b5-4316-abf1-2dec254f4739""}",2026-03-28T00:02:11.140678811Z
==========================================,info,"{""level"":""info""}","{""project"":""ce3616d9-58ad-4ec7-a294-1821e1564434"",""environment"":""fb6513d0-42a4-4660-82b5-509c54b15f2a"",""service"":""4978aa94-666c-47c7-8024-3ada55195a51"",""deployment"":""b4365154-eadc-4c11-b568-5a096850e705"",""replica"":""56b3bc11-84b5-4316-abf1-2dec254f4739""}",2026-03-28T00:02:11.140681676Z
},info,"{""level"":""info""}","{""project"":""ce3616d9-58ad-4ec7-a294-1821e1564434"",""environment"":""fb6513d0-42a4-4660-82b5-509c54b15f2a"",""service"":""4978aa94-666c-47c7-8024-3ada55195a51"",""deployment"":""b4365154-eadc-4c11-b568-5a096850e705"",""replica"":""56b3bc11-84b5-4316-abf1-2dec254f4739""}",2026-03-28T00:02:11.140689662Z
[START SESSION] Session directory created: /app/mini-services/whatsapp-service/sessions/akundua,info,"{""level"":""info""}","{""project"":""ce3616d9-58ad-4ec7-a294-1821e1564434"",""environment"":""fb6513d0-42a4-4660-82b5-509c54b15f2a"",""service"":""4978aa94-666c-47c7-8024-3ada55195a51"",""deployment"":""b4365154-eadc-4c11-b568-5a096850e705"",""replica"":""56b3bc11-84b5-4316-abf1-2dec254f4739""}",2026-03-28T00:02:11.140693853Z
==========================================,info,"{""level"":""info""}","{""project"":""ce3616d9-58ad-4ec7-a294-1821e1564434"",""environment"":""fb6513d0-42a4-4660-82b5-509c54b15f2a"",""service"":""4978aa94-666c-47c7-8024-3ada55195a51"",""deployment"":""b4365154-eadc-4c11-b568-5a096850e705"",""replica"":""56b3bc11-84b5-4316-abf1-2dec254f4739""}",2026-03-28T00:02:11.140700460Z
[START SESSION] Loading auth state...,info,"{""level"":""info""}","{""project"":""ce3616d9-58ad-4ec7-a294-1821e1564434"",""environment"":""fb6513d0-42a4-4660-82b5-509c54b15f2a"",""service"":""4978aa94-666c-47c7-8024-3ada55195a51"",""deployment"":""b4365154-eadc-4c11-b568-5a096850e705"",""replica"":""56b3bc11-84b5-4316-abf1-2dec254f4739""}",2026-03-28T00:02:11.140703810Z
[SESSION/START] Starting session for: akundua forceNew: false,info,"{""level"":""info""}","{""project"":""ce3616d9-58ad-4ec7-a294-1821e1564434"",""environment"":""fb6513d0-42a4-4660-82b5-509c54b15f2a"",""service"":""4978aa94-666c-47c7-8024-3ada55195a51"",""deployment"":""b4365154-eadc-4c11-b568-5a096850e705"",""replica"":""56b3bc11-84b5-4316-abf1-2dec254f4739""}",2026-03-28T00:02:11.140710495Z
[START SESSION] Auth state loaded:,info,"{""level"":""info""}","{""project"":""ce3616d9-58ad-4ec7-a294-1821e1564434"",""environment"":""fb6513d0-42a4-4660-82b5-509c54b15f2a"",""service"":""4978aa94-666c-47c7-8024-3ada55195a51"",""deployment"":""b4365154-eadc-4c11-b568-5a096850e705"",""replica"":""56b3bc11-84b5-4316-abf1-2dec254f4739""}",2026-03-28T00:02:11.140715337Z
==========================================,info,"{""level"":""info""}","{""project"":""ce3616d9-58ad-4ec7-a294-1821e1564434"",""environment"":""fb6513d0-42a4-4660-82b5-509c54b15f2a"",""service"":""4978aa94-666c-47c7-8024-3ada55195a51"",""deployment"":""b4365154-eadc-4c11-b568-5a096850e705"",""replica"":""56b3bc11-84b5-4316-abf1-2dec254f4739""}",2026-03-28T00:02:11.140721400Z
[START SESSION] - hasCreds: true,info,"{""level"":""info""}","{""project"":""ce3616d9-58ad-4ec7-a294-1821e1564434"",""environment"":""fb6513d0-42a4-4660-82b5-509c54b15f2a"",""service"":""4978aa94-666c-47c7-8024-3ada55195a51"",""deployment"":""b4365154-eadc-4c11-b568-5a096850e705"",""replica"":""56b3bc11-84b5-4316-abf1-2dec254f4739""}",2026-03-28T00:02:11.140726617Z
[START SESSION] Called with: {,info,"{""level"":""info""}","{""project"":""ce3616d9-58ad-4ec7-a294-1821e1564434"",""environment"":""fb6513d0-42a4-4660-82b5-509c54b15f2a"",""service"":""4978aa94-666c-47c7-8024-3ada55195a51"",""deployment"":""b4365154-eadc-4c11-b568-5a096850e705"",""replica"":""56b3bc11-84b5-4316-abf1-2dec254f4739""}",2026-03-28T00:02:11.140732385Z
[START SESSION] - creds.me exists: false,info,"{""level"":""info""}","{""project"":""ce3616d9-58ad-4ec7-a294-1821e1564434"",""environment"":""fb6513d0-42a4-4660-82b5-509c54b15f2a"",""service"":""4978aa94-666c-47c7-8024-3ada55195a51"",""deployment"":""b4365154-eadc-4c11-b568-5a096850e705"",""replica"":""56b3bc11-84b5-4316-abf1-2dec254f4739""}",2026-03-28T00:02:11.140736187Z
"  accountId: 'akundua',",info,"{""level"":""info""}","{""project"":""ce3616d9-58ad-4ec7-a294-1821e1564434"",""environment"":""fb6513d0-42a4-4660-82b5-509c54b15f2a"",""service"":""4978aa94-666c-47c7-8024-3ada55195a51"",""deployment"":""b4365154-eadc-4c11-b568-5a096850e705"",""replica"":""56b3bc11-84b5-4316-abf1-2dec254f4739""}",2026-03-28T00:02:11.140740539Z
"  usePairingCode: false,",info,"{""level"":""info""}","{""project"":""ce3616d9-58ad-4ec7-a294-1821e1564434"",""environment"":""fb6513d0-42a4-4660-82b5-509c54b15f2a"",""service"":""4978aa94-666c-47c7-8024-3ada55195a51"",""deployment"":""b4365154-eadc-4c11-b568-5a096850e705"",""replica"":""56b3bc11-84b5-4316-abf1-2dec254f4739""}",2026-03-28T00:02:11.140747533Z
"  phoneNumber: undefined,",info,"{""level"":""info""}","{""project"":""ce3616d9-58ad-4ec7-a294-1821e1564434"",""environment"":""fb6513d0-42a4-4660-82b5-509c54b15f2a"",""service"":""4978aa94-666c-47c7-8024-3ada55195a51"",""deployment"":""b4365154-eadc-4c11-b568-5a096850e705"",""replica"":""56b3bc11-84b5-4316-abf1-2dec254f4739""}",2026-03-28T00:02:11.140753012Z
[START SESSION] - creds.me.id: N/A,info,"{""level"":""info""}","{""project"":""ce3616d9-58ad-4ec7-a294-1821e1564434"",""environment"":""fb6513d0-42a4-4660-82b5-509c54b15f2a"",""service"":""4978aa94-666c-47c7-8024-3ada55195a51"",""deployment"":""b4365154-eadc-4c11-b568-5a096850e705"",""replica"":""56b3bc11-84b5-4316-abf1-2dec254f4739""}",2026-03-28T00:02:11.140753077Z
[START SESSION] - creds.me.name: N/A,info,"{""level"":""info""}","{""project"":""ce3616d9-58ad-4ec7-a294-1821e1564434"",""environment"":""fb6513d0-42a4-4660-82b5-509c54b15f2a"",""service"":""4978aa94-666c-47c7-8024-3ada55195a51"",""deployment"":""b4365154-eadc-4c11-b568-5a096850e705"",""replica"":""56b3bc11-84b5-4316-abf1-2dec254f4739""}",2026-03-28T00:02:11.140763930Z
[START SESSION] - This account will: REGISTER (expect QR),info,"{""level"":""info""}","{""project"":""ce3616d9-58ad-4ec7-a294-1821e1564434"",""environment"":""fb6513d0-42a4-4660-82b5-509c54b15f2a"",""service"":""4978aa94-666c-47c7-8024-3ada55195a51"",""deployment"":""b4365154-eadc-4c11-b568-5a096850e705"",""replica"":""56b3bc11-84b5-4316-abf1-2dec254f4739""}",2026-03-28T00:02:11.146264790Z
[NETWORK] DNS resolution for web.whatsapp.com: [ '57.144.15.32' ],info,"{""level"":""info""}","{""project"":""ce3616d9-58ad-4ec7-a294-1821e1564434"",""environment"":""fb6513d0-42a4-4660-82b5-509c54b15f2a"",""service"":""4978aa94-666c-47c7-8024-3ada55195a51"",""deployment"":""b4365154-eadc-4c11-b568-5a096850e705"",""replica"":""56b3bc11-84b5-4316-abf1-2dec254f4739""}",2026-03-28T00:02:11.146274504Z
[START SESSION] ⚠️ INCOMPLETE SESSION DETECTED! creds exists but no me identity.,info,"{""level"":""info""}","{""project"":""ce3616d9-58ad-4ec7-a294-1821e1564434"",""environment"":""fb6513d0-42a4-4660-82b5-509c54b15f2a"",""service"":""4978aa94-666c-47c7-8024-3ada55195a51"",""deployment"":""b4365154-eadc-4c11-b568-5a096850e705"",""replica"":""56b3bc11-84b5-4316-abf1-2dec254f4739""}",2026-03-28T00:02:11.146276651Z
[START SESSION] This happens when QR was generated but never scanned.,info,"{""level"":""info""}","{""project"":""ce3616d9-58ad-4ec7-a294-1821e1564434"",""environment"":""fb6513d0-42a4-4660-82b5-509c54b15f2a"",""service"":""4978aa94-666c-47c7-8024-3ada55195a51"",""deployment"":""b4365154-eadc-4c11-b568-5a096850e705"",""replica"":""56b3bc11-84b5-4316-abf1-2dec254f4739""}",2026-03-28T00:02:11.146284295Z
[NETWORK] HTTPS test to web.whatsapp.com: Status 200,info,"{""level"":""info""}","{""project"":""ce3616d9-58ad-4ec7-a294-1821e1564434"",""environment"":""fb6513d0-42a4-4660-82b5-509c54b15f2a"",""service"":""4978aa94-666c-47c7-8024-3ada55195a51"",""deployment"":""b4365154-eadc-4c11-b568-5a096850e705"",""replica"":""56b3bc11-84b5-4316-abf1-2dec254f4739""}",2026-03-28T00:02:11.146285850Z
[START SESSION] Auto-clearing incomplete session to force fresh QR generation...,info,"{""level"":""info""}","{""project"":""ce3616d9-58ad-4ec7-a294-1821e1564434"",""environment"":""fb6513d0-42a4-4660-82b5-509c54b15f2a"",""service"":""4978aa94-666c-47c7-8024-3ada55195a51"",""deployment"":""b4365154-eadc-4c11-b568-5a096850e705"",""replica"":""56b3bc11-84b5-4316-abf1-2dec254f4739""}",2026-03-28T00:02:11.146291807Z
[SOCKET] makeWASocket created for: akundua,info,"{""level"":""info""}","{""project"":""ce3616d9-58ad-4ec7-a294-1821e1564434"",""environment"":""fb6513d0-42a4-4660-82b5-509c54b15f2a"",""service"":""4978aa94-666c-47c7-8024-3ada55195a51"",""deployment"":""b4365154-eadc-4c11-b568-5a096850e705"",""replica"":""56b3bc11-84b5-4316-abf1-2dec254f4739""}",2026-03-28T00:02:11.146295211Z
[CLEAR SESSION] Attempting to clear session for: akundua,info,"{""level"":""info""}","{""project"":""ce3616d9-58ad-4ec7-a294-1821e1564434"",""environment"":""fb6513d0-42a4-4660-82b5-509c54b15f2a"",""service"":""4978aa94-666c-47c7-8024-3ada55195a51"",""deployment"":""b4365154-eadc-4c11-b568-5a096850e705"",""replica"":""56b3bc11-84b5-4316-abf1-2dec254f4739""}",2026-03-28T00:02:11.146302974Z
[SOCKET] Socket has ev? true,info,"{""level"":""info""}","{""project"":""ce3616d9-58ad-4ec7-a294-1821e1564434"",""environment"":""fb6513d0-42a4-4660-82b5-509c54b15f2a"",""service"":""4978aa94-666c-47c7-8024-3ada55195a51"",""deployment"":""b4365154-eadc-4c11-b568-5a096850e705"",""replica"":""56b3bc11-84b5-4316-abf1-2dec254f4739""}",2026-03-28T00:02:11.146305908Z
[CLEAR SESSION] Session path: /app/mini-services/whatsapp-service/sessions/akundua,info,"{""level"":""info""}","{""project"":""ce3616d9-58ad-4ec7-a294-1821e1564434"",""environment"":""fb6513d0-42a4-4660-82b5-509c54b15f2a"",""service"":""4978aa94-666c-47c7-8024-3ada55195a51"",""deployment"":""b4365154-eadc-4c11-b568-5a096850e705"",""replica"":""56b3bc11-84b5-4316-abf1-2dec254f4739""}",2026-03-28T00:02:11.146312961Z
[CLEAR SESSION] Session directory exists,info,"{""level"":""info""}","{""project"":""ce3616d9-58ad-4ec7-a294-1821e1564434"",""environment"":""fb6513d0-42a4-4660-82b5-509c54b15f2a"",""service"":""4978aa94-666c-47c7-8024-3ada55195a51"",""deployment"":""b4365154-eadc-4c11-b568-5a096850e705"",""replica"":""56b3bc11-84b5-4316-abf1-2dec254f4739""}",2026-03-28T00:02:11.146319882Z
[CLEAR SESSION] Deleting session directory with rimraf...,info,"{""level"":""info""}","{""project"":""ce3616d9-58ad-4ec7-a294-1821e1564434"",""environment"":""fb6513d0-42a4-4660-82b5-509c54b15f2a"",""service"":""4978aa94-666c-47c7-8024-3ada55195a51"",""deployment"":""b4365154-eadc-4c11-b568-5a096850e705"",""replica"":""56b3bc11-84b5-4316-abf1-2dec254f4739""}",2026-03-28T00:02:11.146326378Z
[CLEAR SESSION] ✅ Session directory successfully deleted,info,"{""level"":""info""}","{""project"":""ce3616d9-58ad-4ec7-a294-1821e1564434"",""environment"":""fb6513d0-42a4-4660-82b5-509c54b15f2a"",""service"":""4978aa94-666c-47c7-8024-3ada55195a51"",""deployment"":""b4365154-eadc-4c11-b568-5a096850e705"",""replica"":""56b3bc11-84b5-4316-abf1-2dec254f4739""}",2026-03-28T00:02:11.146331922Z
"[START SESSION] ✅ Incomplete session cleared, recreating fresh session...",info,"{""level"":""info""}","{""project"":""ce3616d9-58ad-4ec7-a294-1821e1564434"",""environment"":""fb6513d0-42a4-4660-82b5-509c54b15f2a"",""service"":""4978aa94-666c-47c7-8024-3ada55195a51"",""deployment"":""b4365154-eadc-4c11-b568-5a096850e705"",""replica"":""56b3bc11-84b5-4316-abf1-2dec254f4739""}",2026-03-28T00:02:11.146338001Z
[START SESSION] ✅ Fresh auth state loaded,info,"{""level"":""info""}","{""project"":""ce3616d9-58ad-4ec7-a294-1821e1564434"",""environment"":""fb6513d0-42a4-4660-82b5-509c54b15f2a"",""service"":""4978aa94-666c-47c7-8024-3ada55195a51"",""deployment"":""b4365154-eadc-4c11-b568-5a096850e705"",""replica"":""56b3bc11-84b5-4316-abf1-2dec254f4739""}",2026-03-28T00:02:11.146344101Z
[START SESSION] - hasCreds: true,info,"{""level"":""info""}","{""project"":""ce3616d9-58ad-4ec7-a294-1821e1564434"",""environment"":""fb6513d0-42a4-4660-82b5-509c54b15f2a"",""service"":""4978aa94-666c-47c7-8024-3ada55195a51"",""deployment"":""b4365154-eadc-4c11-b568-5a096850e705"",""replica"":""56b3bc11-84b5-4316-abf1-2dec254f4739""}",2026-03-28T00:02:11.146348929Z
[START SESSION] - creds.me exists: false,info,"{""level"":""info""}","{""project"":""ce3616d9-58ad-4ec7-a294-1821e1564434"",""environment"":""fb6513d0-42a4-4660-82b5-509c54b15f2a"",""service"":""4978aa94-666c-47c7-8024-3ada55195a51"",""deployment"":""b4365154-eadc-4c11-b568-5a096850e705"",""replica"":""56b3bc11-84b5-4316-abf1-2dec254f4739""}",2026-03-28T00:02:11.146353982Z
[START SESSION] Fetching Baileys version...,info,"{""level"":""info""}","{""project"":""ce3616d9-58ad-4ec7-a294-1821e1564434"",""environment"":""fb6513d0-42a4-4660-82b5-509c54b15f2a"",""service"":""4978aa94-666c-47c7-8024-3ada55195a51"",""deployment"":""b4365154-eadc-4c11-b568-5a096850e705"",""replica"":""56b3bc11-84b5-4316-abf1-2dec254f4739""}",2026-03-28T00:02:11.146360163Z
"[START SESSION] Baileys version: [ 2, 3000, 1035194821 ]",info,"{""level"":""info""}","{""project"":""ce3616d9-58ad-4ec7-a294-1821e1564434"",""environment"":""fb6513d0-42a4-4660-82b5-509c54b15f2a"",""service"":""4978aa94-666c-47c7-8024-3ada55195a51"",""deployment"":""b4365154-eadc-4c11-b568-5a096850e705"",""replica"":""56b3bc11-84b5-4316-abf1-2dec254f4739""}",2026-03-28T00:02:11.146365669Z
[START SESSION] Creating WhatsApp socket...,info,"{""level"":""info""}","{""project"":""ce3616d9-58ad-4ec7-a294-1821e1564434"",""environment"":""fb6513d0-42a4-4660-82b5-509c54b15f2a"",""service"":""4978aa94-666c-47c7-8024-3ada55195a51"",""deployment"":""b4365154-eadc-4c11-b568-5a096850e705"",""replica"":""56b3bc11-84b5-4316-abf1-2dec254f4739""}",2026-03-28T00:02:11.146371716Z
[NETWORK] Testing connectivity to WhatsApp servers...,info,"{""level"":""info""}","{""project"":""ce3616d9-58ad-4ec7-a294-1821e1564434"",""environment"":""fb6513d0-42a4-4660-82b5-509c54b15f2a"",""service"":""4978aa94-666c-47c7-8024-3ada55195a51"",""deployment"":""b4365154-eadc-4c11-b568-5a096850e705"",""replica"":""56b3bc11-84b5-4316-abf1-2dec254f4739""}",2026-03-28T00:02:11.146378183Z
"  search: '',",info,"{""level"":""info""}","{""project"":""ce3616d9-58ad-4ec7-a294-1821e1564434"",""environment"":""fb6513d0-42a4-4660-82b5-509c54b15f2a"",""service"":""4978aa94-666c-47c7-8024-3ada55195a51"",""deployment"":""b4365154-eadc-4c11-b568-5a096850e705"",""replica"":""56b3bc11-84b5-4316-abf1-2dec254f4739""}",2026-03-28T00:02:11.152933475Z
[WS] WebSocket URL: URL {,info,"{""level"":""info""}","{""project"":""ce3616d9-58ad-4ec7-a294-1821e1564434"",""environment"":""fb6513d0-42a4-4660-82b5-509c54b15f2a"",""service"":""4978aa94-666c-47c7-8024-3ada55195a51"",""deployment"":""b4365154-eadc-4c11-b568-5a096850e705"",""replica"":""56b3bc11-84b5-4316-abf1-2dec254f4739""}",2026-03-28T00:02:11.152933866Z
"  pathname: '/ws/chat',",info,"{""level"":""info""}","{""project"":""ce3616d9-58ad-4ec7-a294-1821e1564434"",""environment"":""fb6513d0-42a4-4660-82b5-509c54b15f2a"",""service"":""4978aa94-666c-47c7-8024-3ada55195a51"",""deployment"":""b4365154-eadc-4c11-b568-5a096850e705"",""replica"":""56b3bc11-84b5-4316-abf1-2dec254f4739""}",2026-03-28T00:02:11.152968290Z
"  searchParams: URLSearchParams {},",info,"{""level"":""info""}","{""project"":""ce3616d9-58ad-4ec7-a294-1821e1564434"",""environment"":""fb6513d0-42a4-4660-82b5-509c54b15f2a"",""service"":""4978aa94-666c-47c7-8024-3ada55195a51"",""deployment"":""b4365154-eadc-4c11-b568-5a096850e705"",""replica"":""56b3bc11-84b5-4316-abf1-2dec254f4739""}",2026-03-28T00:02:11.152991381Z
  hash: '',info,"{""level"":""info""}","{""project"":""ce3616d9-58ad-4ec7-a294-1821e1564434"",""environment"":""fb6513d0-42a4-4660-82b5-509c54b15f2a"",""service"":""4978aa94-666c-47c7-8024-3ada55195a51"",""deployment"":""b4365154-eadc-4c11-b568-5a096850e705"",""replica"":""56b3bc11-84b5-4316-abf1-2dec254f4739""}",2026-03-28T00:02:11.152998016Z
},info,"{""level"":""info""}","{""project"":""ce3616d9-58ad-4ec7-a294-1821e1564434"",""environment"":""fb6513d0-42a4-4660-82b5-509c54b15f2a"",""service"":""4978aa94-666c-47c7-8024-3ada55195a51"",""deployment"":""b4365154-eadc-4c11-b568-5a096850e705"",""replica"":""56b3bc11-84b5-4316-abf1-2dec254f4739""}",2026-03-28T00:02:11.153003949Z
[SESSION] ✅ Retrieved account from map: akundua,info,"{""level"":""info""}","{""project"":""ce3616d9-58ad-4ec7-a294-1821e1564434"",""environment"":""fb6513d0-42a4-4660-82b5-509c54b15f2a"",""service"":""4978aa94-666c-47c7-8024-3ada55195a51"",""deployment"":""b4365154-eadc-4c11-b568-5a096850e705"",""replica"":""56b3bc11-84b5-4316-abf1-2dec254f4739""}",2026-03-28T00:02:11.153009867Z
Using pooled personality for akundua: Lestari Widyastuti,info,"{""level"":""info""}","{""project"":""ce3616d9-58ad-4ec7-a294-1821e1564434"",""environment"":""fb6513d0-42a4-4660-82b5-509c54b15f2a"",""service"":""4978aa94-666c-47c7-8024-3ada55195a51"",""deployment"":""b4365154-eadc-4c11-b568-5a096850e705"",""replica"":""56b3bc11-84b5-4316-abf1-2dec254f4739""}",2026-03-28T00:02:11.153015673Z
"  host: 'web.whatsapp.com',",info,"{""level"":""info""}","{""project"":""ce3616d9-58ad-4ec7-a294-1821e1564434"",""environment"":""fb6513d0-42a4-4660-82b5-509c54b15f2a"",""service"":""4978aa94-666c-47c7-8024-3ada55195a51"",""deployment"":""b4365154-eadc-4c11-b568-5a096850e705"",""replica"":""56b3bc11-84b5-4316-abf1-2dec254f4739""}",2026-03-28T00:02:11.153027964Z
"  href: 'wss://web.whatsapp.com/ws/chat',",info,"{""level"":""info""}","{""project"":""ce3616d9-58ad-4ec7-a294-1821e1564434"",""environment"":""fb6513d0-42a4-4660-82b5-509c54b15f2a"",""service"":""4978aa94-666c-47c7-8024-3ada55195a51"",""deployment"":""b4365154-eadc-4c11-b568-5a096850e705"",""replica"":""56b3bc11-84b5-4316-abf1-2dec254f4739""}",2026-03-28T00:02:11.153030623Z
"  hostname: 'web.whatsapp.com',",info,"{""level"":""info""}","{""project"":""ce3616d9-58ad-4ec7-a294-1821e1564434"",""environment"":""fb6513d0-42a4-4660-82b5-509c54b15f2a"",""service"":""4978aa94-666c-47c7-8024-3ada55195a51"",""deployment"":""b4365154-eadc-4c11-b568-5a096850e705"",""replica"":""56b3bc11-84b5-4316-abf1-2dec254f4739""}",2026-03-28T00:02:11.153041632Z
"  origin: 'wss://web.whatsapp.com',",info,"{""level"":""info""}","{""project"":""ce3616d9-58ad-4ec7-a294-1821e1564434"",""environment"":""fb6513d0-42a4-4660-82b5-509c54b15f2a"",""service"":""4978aa94-666c-47c7-8024-3ada55195a51"",""deployment"":""b4365154-eadc-4c11-b568-5a096850e705"",""replica"":""56b3bc11-84b5-4316-abf1-2dec254f4739""}",2026-03-28T00:02:11.153042296Z
"  protocol: 'wss:',",info,"{""level"":""info""}","{""project"":""ce3616d9-58ad-4ec7-a294-1821e1564434"",""environment"":""fb6513d0-42a4-4660-82b5-509c54b15f2a"",""service"":""4978aa94-666c-47c7-8024-3ada55195a51"",""deployment"":""b4365154-eadc-4c11-b568-5a096850e705"",""replica"":""56b3bc11-84b5-4316-abf1-2dec254f4739""}",2026-03-28T00:02:11.153050528Z
"  username: '',",info,"{""level"":""info""}","{""project"":""ce3616d9-58ad-4ec7-a294-1821e1564434"",""environment"":""fb6513d0-42a4-4660-82b5-509c54b15f2a"",""service"":""4978aa94-666c-47c7-8024-3ada55195a51"",""deployment"":""b4365154-eadc-4c11-b568-5a096850e705"",""replica"":""56b3bc11-84b5-4316-abf1-2dec254f4739""}",2026-03-28T00:02:11.153058241Z
"  password: '',",info,"{""level"":""info""}","{""project"":""ce3616d9-58ad-4ec7-a294-1821e1564434"",""environment"":""fb6513d0-42a4-4660-82b5-509c54b15f2a"",""service"":""4978aa94-666c-47c7-8024-3ada55195a51"",""deployment"":""b4365154-eadc-4c11-b568-5a096850e705"",""replica"":""56b3bc11-84b5-4316-abf1-2dec254f4739""}",2026-03-28T00:02:11.153065236Z
"  port: '',",info,"{""level"":""info""}","{""project"":""ce3616d9-58ad-4ec7-a294-1821e1564434"",""environment"":""fb6513d0-42a4-4660-82b5-509c54b15f2a"",""service"":""4978aa94-666c-47c7-8024-3ada55195a51"",""deployment"":""b4365154-eadc-4c11-b568-5a096850e705"",""replica"":""56b3bc11-84b5-4316-abf1-2dec254f4739""}",2026-03-28T00:02:11.153093833Z
[SOCKET] Socket has ws? true,info,"{""level"":""info""}","{""project"":""ce3616d9-58ad-4ec7-a294-1821e1564434"",""environment"":""fb6513d0-42a4-4660-82b5-509c54b15f2a"",""service"":""4978aa94-666c-47c7-8024-3ada55195a51"",""deployment"":""b4365154-eadc-4c11-b568-5a096850e705"",""replica"":""56b3bc11-84b5-4316-abf1-2dec254f4739""}",2026-03-28T00:02:11.153130891Z
[SOCKET] Socket user? undefined,info,"{""level"":""info""}","{""project"":""ce3616d9-58ad-4ec7-a294-1821e1564434"",""environment"":""fb6513d0-42a4-4660-82b5-509c54b15f2a"",""service"":""4978aa94-666c-47c7-8024-3ada55195a51"",""deployment"":""b4365154-eadc-4c11-b568-5a096850e705"",""replica"":""56b3bc11-84b5-4316-abf1-2dec254f4739""}",2026-03-28T00:02:11.153147310Z
[ACCOUNT] ✅ Added pending account to map immediately: akundua,info,"{""level"":""info""}","{""project"":""ce3616d9-58ad-4ec7-a294-1821e1564434"",""environment"":""fb6513d0-42a4-4660-82b5-509c54b15f2a"",""service"":""4978aa94-666c-47c7-8024-3ada55195a51"",""deployment"":""b4365154-eadc-4c11-b568-5a096850e705"",""replica"":""56b3bc11-84b5-4316-abf1-2dec254f4739""}",2026-03-28T00:02:11.153157933Z
[SOCKET] 🚀 Registering connection.update handler IMMEDIATELY for: akundua,info,"{""level"":""info""}","{""project"":""ce3616d9-58ad-4ec7-a294-1821e1564434"",""environment"":""fb6513d0-42a4-4660-82b5-509c54b15f2a"",""service"":""4978aa94-666c-47c7-8024-3ada55195a51"",""deployment"":""b4365154-eadc-4c11-b568-5a096850e705"",""replica"":""56b3bc11-84b5-4316-abf1-2dec254f4739""}",2026-03-28T00:02:11.153166687Z
[SOCKET] ✅ Event handlers registered IMMEDIATELY,info,"{""level"":""info""}","{""project"":""ce3616d9-58ad-4ec7-a294-1821e1564434"",""environment"":""fb6513d0-42a4-4660-82b5-509c54b15f2a"",""service"":""4978aa94-666c-47c7-8024-3ada55195a51"",""deployment"":""b4365154-eadc-4c11-b568-5a096850e705"",""replica"":""56b3bc11-84b5-4316-abf1-2dec254f4739""}",2026-03-28T00:02:11.153180541Z
[WS] Native WebSocket exists: true,info,"{""level"":""info""}","{""project"":""ce3616d9-58ad-4ec7-a294-1821e1564434"",""environment"":""fb6513d0-42a4-4660-82b5-509c54b15f2a"",""service"":""4978aa94-666c-47c7-8024-3ada55195a51"",""deployment"":""b4365154-eadc-4c11-b568-5a096850e705"",""replica"":""56b3bc11-84b5-4316-abf1-2dec254f4739""}",2026-03-28T00:02:11.153193382Z
[WS] Native WebSocket state: 0 = CONNECTING,info,"{""level"":""info""}","{""project"":""ce3616d9-58ad-4ec7-a294-1821e1564434"",""environment"":""fb6513d0-42a4-4660-82b5-509c54b15f2a"",""service"":""4978aa94-666c-47c7-8024-3ada55195a51"",""deployment"":""b4365154-eadc-4c11-b568-5a096850e705"",""replica"":""56b3bc11-84b5-4316-abf1-2dec254f4739""}",2026-03-28T00:02:11.153203267Z
[WS] WebSocketClient isConnecting: true,info,"{""level"":""info""}","{""project"":""ce3616d9-58ad-4ec7-a294-1821e1564434"",""environment"":""fb6513d0-42a4-4660-82b5-509c54b15f2a"",""service"":""4978aa94-666c-47c7-8024-3ada55195a51"",""deployment"":""b4365154-eadc-4c11-b568-5a096850e705"",""replica"":""56b3bc11-84b5-4316-abf1-2dec254f4739""}",2026-03-28T00:02:11.153212685Z
[WS] WebSocketClient isOpen: false,info,"{""level"":""info""}","{""project"":""ce3616d9-58ad-4ec7-a294-1821e1564434"",""environment"":""fb6513d0-42a4-4660-82b5-509c54b15f2a"",""service"":""4978aa94-666c-47c7-8024-3ada55195a51"",""deployment"":""b4365154-eadc-4c11-b568-5a096850e705"",""replica"":""56b3bc11-84b5-4316-abf1-2dec254f4739""}",2026-03-28T00:02:11.153226237Z
[WS] WebSocketClient isClosed: false,info,"{""level"":""info""}","{""project"":""ce3616d9-58ad-4ec7-a294-1821e1564434"",""environment"":""fb6513d0-42a4-4660-82b5-509c54b15f2a"",""service"":""4978aa94-666c-47c7-8024-3ada55195a51"",""deployment"":""b4365154-eadc-4c11-b568-5a096850e705"",""replica"":""56b3bc11-84b5-4316-abf1-2dec254f4739""}",2026-03-28T00:02:11.153234851Z
[SESSION/START] Session started successfully for: akundua,info,"{""level"":""info""}","{""project"":""ce3616d9-58ad-4ec7-a294-1821e1564434"",""environment"":""fb6513d0-42a4-4660-82b5-509c54b15f2a"",""service"":""4978aa94-666c-47c7-8024-3ada55195a51"",""deployment"":""b4365154-eadc-4c11-b568-5a096850e705"",""replica"":""56b3bc11-84b5-4316-abf1-2dec254f4739""}",2026-03-28T00:02:11.153444843Z
[WA API] Response: 200 {,info,"{""level"":""info""}","{""project"":""ce3616d9-58ad-4ec7-a294-1821e1564434"",""environment"":""fb6513d0-42a4-4660-82b5-509c54b15f2a"",""service"":""4978aa94-666c-47c7-8024-3ada55195a51"",""deployment"":""b4365154-eadc-4c11-b568-5a096850e705"",""replica"":""56b3bc11-84b5-4316-abf1-2dec254f4739""}",2026-03-28T00:02:11.157849557Z
"  success: true,",info,"{""level"":""info""}","{""project"":""ce3616d9-58ad-4ec7-a294-1821e1564434"",""environment"":""fb6513d0-42a4-4660-82b5-509c54b15f2a"",""service"":""4978aa94-666c-47c7-8024-3ada55195a51"",""deployment"":""b4365154-eadc-4c11-b568-5a096850e705"",""replica"":""56b3bc11-84b5-4316-abf1-2dec254f4739""}",2026-03-28T00:02:11.157862146Z
"  accountId: ""akundua"",",info,"{""level"":""info""}","{""project"":""ce3616d9-58ad-4ec7-a294-1821e1564434"",""environment"":""fb6513d0-42a4-4660-82b5-509c54b15f2a"",""service"":""4978aa94-666c-47c7-8024-3ada55195a51"",""deployment"":""b4365154-eadc-4c11-b568-5a096850e705"",""replica"":""56b3bc11-84b5-4316-abf1-2dec254f4739""}",2026-03-28T00:02:11.157870639Z
},info,"{""level"":""info""}","{""project"":""ce3616d9-58ad-4ec7-a294-1821e1564434"",""environment"":""fb6513d0-42a4-4660-82b5-509c54b15f2a"",""service"":""4978aa94-666c-47c7-8024-3ada55195a51"",""deployment"":""b4365154-eadc-4c11-b568-5a096850e705"",""replica"":""56b3bc11-84b5-4316-abf1-2dec254f4739""}",2026-03-28T00:02:11.157877607Z
==========================================,info,"{""level"":""info""}","{""project"":""ce3616d9-58ad-4ec7-a294-1821e1564434"",""environment"":""fb6513d0-42a4-4660-82b5-509c54b15f2a"",""service"":""4978aa94-666c-47c7-8024-3ada55195a51"",""deployment"":""b4365154-eadc-4c11-b568-5a096850e705"",""replica"":""56b3bc11-84b5-4316-abf1-2dec254f4739""}",2026-03-28T00:02:11.157883121Z
[CONNECTION UPDATE] ✅ EVENT RECEIVED! {,info,"{""level"":""info""}","{""project"":""ce3616d9-58ad-4ec7-a294-1821e1564434"",""environment"":""fb6513d0-42a4-4660-82b5-509c54b15f2a"",""service"":""4978aa94-666c-47c7-8024-3ada55195a51"",""deployment"":""b4365154-eadc-4c11-b568-5a096850e705"",""replica"":""56b3bc11-84b5-4316-abf1-2dec254f4739""}",2026-03-28T00:02:11.157889897Z
"  accountId: 'akundua',",info,"{""level"":""info""}","{""project"":""ce3616d9-58ad-4ec7-a294-1821e1564434"",""environment"":""fb6513d0-42a4-4660-82b5-509c54b15f2a"",""service"":""4978aa94-666c-47c7-8024-3ada55195a51"",""deployment"":""b4365154-eadc-4c11-b568-5a096850e705"",""replica"":""56b3bc11-84b5-4316-abf1-2dec254f4739""}",2026-03-28T00:02:11.157896090Z
"  connection: 'connecting',",info,"{""level"":""info""}","{""project"":""ce3616d9-58ad-4ec7-a294-1821e1564434"",""environment"":""fb6513d0-42a4-4660-82b5-509c54b15f2a"",""service"":""4978aa94-666c-47c7-8024-3ada55195a51"",""deployment"":""b4365154-eadc-4c11-b568-5a096850e705"",""replica"":""56b3bc11-84b5-4316-abf1-2dec254f4739""}",2026-03-28T00:02:11.157902799Z
"  hasQr: false,",info,"{""level"":""info""}","{""project"":""ce3616d9-58ad-4ec7-a294-1821e1564434"",""environment"":""fb6513d0-42a4-4660-82b5-509c54b15f2a"",""service"":""4978aa94-666c-47c7-8024-3ada55195a51"",""deployment"":""b4365154-eadc-4c11-b568-5a096850e705"",""replica"":""56b3bc11-84b5-4316-abf1-2dec254f4739""}",2026-03-28T00:02:11.157909223Z
"  qrPreview: null,",info,"{""level"":""info""}","{""project"":""ce3616d9-58ad-4ec7-a294-1821e1564434"",""environment"":""fb6513d0-42a4-4660-82b5-509c54b15f2a"",""service"":""4978aa94-666c-47c7-8024-3ada55195a51"",""deployment"":""b4365154-eadc-4c11-b568-5a096850e705"",""replica"":""56b3bc11-84b5-4316-abf1-2dec254f4739""}",2026-03-28T00:02:11.157915655Z
  isNewLogin: undefined,info,"{""level"":""info""}","{""project"":""ce3616d9-58ad-4ec7-a294-1821e1564434"",""environment"":""fb6513d0-42a4-4660-82b5-509c54b15f2a"",""service"":""4978aa94-666c-47c7-8024-3ada55195a51"",""deployment"":""b4365154-eadc-4c11-b568-5a096850e705"",""replica"":""56b3bc11-84b5-4316-abf1-2dec254f4739""}",2026-03-28T00:02:11.157922952Z
},info,"{""level"":""info""}","{""project"":""ce3616d9-58ad-4ec7-a294-1821e1564434"",""environment"":""fb6513d0-42a4-4660-82b5-509c54b15f2a"",""service"":""4978aa94-666c-47c7-8024-3ada55195a51"",""deployment"":""b4365154-eadc-4c11-b568-5a096850e705"",""replica"":""56b3bc11-84b5-4316-abf1-2dec254f4739""}",2026-03-28T00:02:11.157928324Z
==========================================,info,"{""level"":""info""}","{""project"":""ce3616d9-58ad-4ec7-a294-1821e1564434"",""environment"":""fb6513d0-42a4-4660-82b5-509c54b15f2a"",""service"":""4978aa94-666c-47c7-8024-3ada55195a51"",""deployment"":""b4365154-eadc-4c11-b568-5a096850e705"",""replica"":""56b3bc11-84b5-4316-abf1-2dec254f4739""}",2026-03-28T00:02:11.157933516Z
connected to WA,info,"{""time"":1774656129572,""pid"":94,""hostname"":""9a45ddc40bc4"",""browser"":[""Mac OS"",""Chrome"",""14.4.1""],""helloMsg"":{""clientHello"":{""ephemeral"":""/rsZKZA+7hale5Ijn/szeor+jwt8NJJSaufxx2kIcCs=""}},""level"":""info""}","{""project"":""ce3616d9-58ad-4ec7-a294-1821e1564434"",""environment"":""fb6513d0-42a4-4660-82b5-509c54b15f2a"",""service"":""4978aa94-666c-47c7-8024-3ada55195a51"",""deployment"":""b4365154-eadc-4c11-b568-5a096850e705"",""replica"":""56b3bc11-84b5-4316-abf1-2dec254f4739""}",2026-03-28T00:02:11.157939208Z
[WS NATIVE SEND] Sending for akundua type: object preview: V0EGAwAAJBIiCiD+uxkpkD7uFqV7kiOf+zN6iv6PC3w0klJq5/HHaQhwKw==,info,"{""level"":""info""}","{""project"":""ce3616d9-58ad-4ec7-a294-1821e1564434"",""environment"":""fb6513d0-42a4-4660-82b5-509c54b15f2a"",""service"":""4978aa94-666c-47c7-8024-3ada55195a51"",""deployment"":""b4365154-eadc-4c11-b568-5a096850e705"",""replica"":""56b3bc11-84b5-4316-abf1-2dec254f4739""}",2026-03-28T00:02:11.157944939Z
[WS NATIVE OPEN] Native WebSocket opened for akundua,info,"{""level"":""info""}","{""project"":""ce3616d9-58ad-4ec7-a294-1821e1564434"",""environment"":""fb6513d0-42a4-4660-82b5-509c54b15f2a"",""service"":""4978aa94-666c-47c7-8024-3ada55195a51"",""deployment"":""b4365154-eadc-4c11-b568-5a096850e705"",""replica"":""56b3bc11-84b5-4316-abf1-2dec254f4739""}",2026-03-28T00:02:11.157951809Z
✅ Generated 1 personalities via Groq. Pool size: 10/50,info,"{""level"":""info""}","{""project"":""ce3616d9-58ad-4ec7-a294-1821e1564434"",""environment"":""fb6513d0-42a4-4660-82b5-509c54b15f2a"",""service"":""4978aa94-666c-47c7-8024-3ada55195a51"",""deployment"":""b4365154-eadc-4c11-b568-5a096850e705"",""replica"":""56b3bc11-84b5-4316-abf1-2dec254f4739""}",2026-03-28T00:02:11.157958502Z
[WS NATIVE MESSAGE] Received for akundua binary: true len: 350 preview: AAFbGtgCCiArkrsHPEMWtN/jrnWvja5+4gHblD70ILdyS+EDqecOIBIwntdgOtkMnM4=...,info,"{""level"":""info""}","{""project"":""ce3616d9-58ad-4ec7-a294-1821e1564434"",""environment"":""fb6513d0-42a4-4660-82b5-509c54b15f2a"",""service"":""4978aa94-666c-47c7-8024-3ada55195a51"",""deployment"":""b4365154-eadc-4c11-b568-5a096850e705"",""replica"":""56b3bc11-84b5-4316-abf1-2dec254f4739""}",2026-03-28T00:02:11.157964461Z
"not logged in, attempting registration...",info,"{""time"":1774656129789,""pid"":94,""hostname"":""9a45ddc40bc4"",""node"":{""passive"":false,""userAgent"":{""platform"":""WEB"",""appVersion"":{""primary"":2,""secondary"":3000,""tertiary"":1035194821},""mcc"":""000"",""mnc"":""000"",""osVersion"":""0.1"",""device"":""Desktop"",""osBuildNumber"":""0.1"",""releaseChannel"":""RELEASE"",""localeLanguageIso6391"":""en"",""localeCountryIso31661Alpha2"":""US""},""webInfo"":{""webSubPlatform"":""WEB_BROWSER""},""connectType"":""WIFI_UNKNOWN"",""connectReason"":""USER_ACTIVATED"",""devicePairingData"":{""eRegid"":""AAAABA=="",""eKeytype"":""BQ=="",""eIdent"":""aidtPpvNyKY0JXZ8sd2PhWVSco1YRbCM+0RV3xEKa00="",""eSkeyId"":""AAAB"",""eSkeyVal"":""WTFnRAT6MzbaCqthWLIJK2f1VMom4v6wljv/HLh1hwU="",""eSkeySig"":""poDBPG9GOSBPjzKBJ/kbSTVLSocu23MSnTQojrD8u43BK3LbPJJEe+Rz12EKSr/kTB7M2eY8PEhlfhlNZ7CYBw=="",""buildHash"":""oslHHv+RCp4a5lmJCiiHLQ=="",""deviceProps"":""CgZNYWMgT1MYASAAKhUYgFAgATAAOAFAAUgBUAFYAWABcAE=""},""pull"":false},""level"":""info""}","{""project"":""ce3616d9-58ad-4ec7-a294-1821e1564434"",""environment"":""fb6513d0-42a4-4660-82b5-509c54b15f2a"",""service"":""4978aa94-666c-47c7-8024-3ada55195a51"",""deployment"":""b4365154-eadc-4c11-b568-5a096850e705"",""replica"":""56b3bc11-84b5-4316-abf1-2dec254f4739""}",2026-03-28T00:02:11.157971000Z
==========================================,info,"{""level"":""info""}","{""project"":""ce3616d9-58ad-4ec7-a294-1821e1564434"",""environment"":""fb6513d0-42a4-4660-82b5-509c54b15f2a"",""service"":""4978aa94-666c-47c7-8024-3ada55195a51"",""deployment"":""b4365154-eadc-4c11-b568-5a096850e705"",""replica"":""56b3bc11-84b5-4316-abf1-2dec254f4739""}",2026-03-28T00:02:11.161618145Z
[QR] 🎯 QR code received for: akundua,info,"{""level"":""info""}","{""project"":""ce3616d9-58ad-4ec7-a294-1821e1564434"",""environment"":""fb6513d0-42a4-4660-82b5-509c54b15f2a"",""service"":""4978aa94-666c-47c7-8024-3ada55195a51"",""deployment"":""b4365154-eadc-4c11-b568-5a096850e705"",""replica"":""56b3bc11-84b5-4316-abf1-2dec254f4739""}",2026-03-28T00:02:11.161629759Z
[QR] QR length: 237,info,"{""level"":""info""}","{""project"":""ce3616d9-58ad-4ec7-a294-1821e1564434"",""environment"":""fb6513d0-42a4-4660-82b5-509c54b15f2a"",""service"":""4978aa94-666c-47c7-8024-3ada55195a51"",""deployment"":""b4365154-eadc-4c11-b568-5a096850e705"",""replica"":""56b3bc11-84b5-4316-abf1-2dec254f4739""}",2026-03-28T00:02:11.161636644Z
[QR] Converting QR to data URL...,info,"{""level"":""info""}","{""project"":""ce3616d9-58ad-4ec7-a294-1821e1564434"",""environment"":""fb6513d0-42a4-4660-82b5-509c54b15f2a"",""service"":""4978aa94-666c-47c7-8024-3ada55195a51"",""deployment"":""b4365154-eadc-4c11-b568-5a096850e705"",""replica"":""56b3bc11-84b5-4316-abf1-2dec254f4739""}",2026-03-28T00:02:11.161643983Z
"[QR] ✅ QR converted, length: 6346",info,"{""level"":""info""}","{""project"":""ce3616d9-58ad-4ec7-a294-1821e1564434"",""environment"":""fb6513d0-42a4-4660-82b5-509c54b15f2a"",""service"":""4978aa94-666c-47c7-8024-3ada55195a51"",""deployment"":""b4365154-eadc-4c11-b568-5a096850e705"",""replica"":""56b3bc11-84b5-4316-abf1-2dec254f4739""}",2026-03-28T00:02:11.161650133Z
[WS NATIVE SEND] Sending for akundua type: object preview: AAFcItkCCjAUvmI96hkLu3PwZOGb1tH62qveG1CaRap0yHFM+jPO5rkRoHpM+HT3w5A=,info,"{""level"":""info""}","{""project"":""ce3616d9-58ad-4ec7-a294-1821e1564434"",""environment"":""fb6513d0-42a4-4660-82b5-509c54b15f2a"",""service"":""4978aa94-666c-47c7-8024-3ada55195a51"",""deployment"":""b4365154-eadc-4c11-b568-5a096850e705"",""replica"":""56b3bc11-84b5-4316-abf1-2dec254f4739""}",2026-03-28T00:02:11.161654264Z
[WS NATIVE MESSAGE] Received for akundua binary: true len: 698 preview: AAK3LquSYzSWGdok6hoiYSgDL4kMp9c60hBGISASFy5c3LEe8j8/pc/56ncoCoJmU7E=...,info,"{""level"":""info""}","{""project"":""ce3616d9-58ad-4ec7-a294-1821e1564434"",""environment"":""fb6513d0-42a4-4660-82b5-509c54b15f2a"",""service"":""4978aa94-666c-47c7-8024-3ada55195a51"",""deployment"":""b4365154-eadc-4c11-b568-5a096850e705"",""replica"":""56b3bc11-84b5-4316-abf1-2dec254f4739""}",2026-03-28T00:02:11.161670476Z
[WS NATIVE SEND] Sending for akundua type: object preview: AAAiuw6I95G+4SE9OBkg6ImRDs7uNnHOxcuk6A9J+Q2HU58DRw==,info,"{""level"":""info""}","{""project"":""ce3616d9-58ad-4ec7-a294-1821e1564434"",""environment"":""fb6513d0-42a4-4660-82b5-509c54b15f2a"",""service"":""4978aa94-666c-47c7-8024-3ada55195a51"",""deployment"":""b4365154-eadc-4c11-b568-5a096850e705"",""replica"":""56b3bc11-84b5-4316-abf1-2dec254f4739""}",2026-03-28T00:02:11.161678290Z
==========================================,info,"{""level"":""info""}","{""project"":""ce3616d9-58ad-4ec7-a294-1821e1564434"",""environment"":""fb6513d0-42a4-4660-82b5-509c54b15f2a"",""service"":""4978aa94-666c-47c7-8024-3ada55195a51"",""deployment"":""b4365154-eadc-4c11-b568-5a096850e705"",""replica"":""56b3bc11-84b5-4316-abf1-2dec254f4739""}",2026-03-28T00:02:11.161685466Z
[CONNECTION UPDATE] ✅ EVENT RECEIVED! {,info,"{""level"":""info""}","{""project"":""ce3616d9-58ad-4ec7-a294-1821e1564434"",""environment"":""fb6513d0-42a4-4660-82b5-509c54b15f2a"",""service"":""4978aa94-666c-47c7-8024-3ada55195a51"",""deployment"":""b4365154-eadc-4c11-b568-5a096850e705"",""replica"":""56b3bc11-84b5-4316-abf1-2dec254f4739""}",2026-03-28T00:02:11.161692655Z
"  accountId: 'akundua',",info,"{""level"":""info""}","{""project"":""ce3616d9-58ad-4ec7-a294-1821e1564434"",""environment"":""fb6513d0-42a4-4660-82b5-509c54b15f2a"",""service"":""4978aa94-666c-47c7-8024-3ada55195a51"",""deployment"":""b4365154-eadc-4c11-b568-5a096850e705"",""replica"":""56b3bc11-84b5-4316-abf1-2dec254f4739""}",2026-03-28T00:02:11.161703618Z
"  connection: undefined,",info,"{""level"":""info""}","{""project"":""ce3616d9-58ad-4ec7-a294-1821e1564434"",""environment"":""fb6513d0-42a4-4660-82b5-509c54b15f2a"",""service"":""4978aa94-666c-47c7-8024-3ada55195a51"",""deployment"":""b4365154-eadc-4c11-b568-5a096850e705"",""replica"":""56b3bc11-84b5-4316-abf1-2dec254f4739""}",2026-03-28T00:02:11.161710727Z
"  hasQr: true,",info,"{""level"":""info""}","{""project"":""ce3616d9-58ad-4ec7-a294-1821e1564434"",""environment"":""fb6513d0-42a4-4660-82b5-509c54b15f2a"",""service"":""4978aa94-666c-47c7-8024-3ada55195a51"",""deployment"":""b4365154-eadc-4c11-b568-5a096850e705"",""replica"":""56b3bc11-84b5-4316-abf1-2dec254f4739""}",2026-03-28T00:02:11.161717956Z
"  qrPreview: '2@c3AZPmzHWf5sLHy6yuV3U62D+qTPYHHbMNH0SVFk8OHEAYpe...',",info,"{""level"":""info""}","{""project"":""ce3616d9-58ad-4ec7-a294-1821e1564434"",""environment"":""fb6513d0-42a4-4660-82b5-509c54b15f2a"",""service"":""4978aa94-666c-47c7-8024-3ada55195a51"",""deployment"":""b4365154-eadc-4c11-b568-5a096850e705"",""replica"":""56b3bc11-84b5-4316-abf1-2dec254f4739""}",2026-03-28T00:02:11.161725302Z
  isNewLogin: undefined,info,"{""level"":""info""}","{""project"":""ce3616d9-58ad-4ec7-a294-1821e1564434"",""environment"":""fb6513d0-42a4-4660-82b5-509c54b15f2a"",""service"":""4978aa94-666c-47c7-8024-3ada55195a51"",""deployment"":""b4365154-eadc-4c11-b568-5a096850e705"",""replica"":""56b3bc11-84b5-4316-abf1-2dec254f4739""}",2026-03-28T00:02:11.161732410Z
},info,"{""level"":""info""}","{""project"":""ce3616d9-58ad-4ec7-a294-1821e1564434"",""environment"":""fb6513d0-42a4-4660-82b5-509c54b15f2a"",""service"":""4978aa94-666c-47c7-8024-3ada55195a51"",""deployment"":""b4365154-eadc-4c11-b568-5a096850e705"",""replica"":""56b3bc11-84b5-4316-abf1-2dec254f4739""}",2026-03-28T00:02:11.161740234Z
[NETWORK] HTTPS test TIMEOUT,info,"{""level"":""info""}","{""project"":""ce3616d9-58ad-4ec7-a294-1821e1564434"",""environment"":""fb6513d0-42a4-4660-82b5-509c54b15f2a"",""service"":""4978aa94-666c-47c7-8024-3ada55195a51"",""deployment"":""b4365154-eadc-4c11-b568-5a096850e705"",""replica"":""56b3bc11-84b5-4316-abf1-2dec254f4739""}",2026-03-28T00:02:19.790595827Z
[DB] Synced 2 accounts to database,info,"{""level"":""info""}","{""project"":""ce3616d9-58ad-4ec7-a294-1821e1564434"",""environment"":""fb6513d0-42a4-4660-82b5-509c54b15f2a"",""service"":""4978aa94-666c-47c7-8024-3ada55195a51"",""deployment"":""b4365154-eadc-4c11-b568-5a096850e705"",""replica"":""56b3bc11-84b5-4316-abf1-2dec254f4739""}",2026-03-28T00:02:22.152618864Z
[WS NATIVE MESSAGE] Received for akundua binary: true len: 297 preview: AAEm8ydwsutBAbdOD0YwVXpTtD6vZlW6/oLtkeENsFUSPgZqwUUTttz2nIvYuR7soqc=...,info,"{""level"":""info""}","{""project"":""ce3616d9-58ad-4ec7-a294-1821e1564434"",""environment"":""fb6513d0-42a4-4660-82b5-509c54b15f2a"",""service"":""4978aa94-666c-47c7-8024-3ada55195a51"",""deployment"":""b4365154-eadc-4c11-b568-5a096850e705"",""replica"":""56b3bc11-84b5-4316-abf1-2dec254f4739""}",2026-03-28T00:02:41.648154087Z
pair success recv,info,"{""time"":1774656157884,""pid"":94,""hostname"":""9a45ddc40bc4"",""level"":""info""}","{""project"":""ce3616d9-58ad-4ec7-a294-1821e1564434"",""environment"":""fb6513d0-42a4-4660-82b5-509c54b15f2a"",""service"":""4978aa94-666c-47c7-8024-3ada55195a51"",""deployment"":""b4365154-eadc-4c11-b568-5a096850e705"",""replica"":""56b3bc11-84b5-4316-abf1-2dec254f4739""}",2026-03-28T00:02:41.648158525Z
[WS NATIVE SEND] Sending for akundua type: object preview: AAAaKjtRhgGZpkgVrTV0MsBkAiCrEo6/N6t4DCo=,info,"{""level"":""info""}","{""project"":""ce3616d9-58ad-4ec7-a294-1821e1564434"",""environment"":""fb6513d0-42a4-4660-82b5-509c54b15f2a"",""service"":""4978aa94-666c-47c7-8024-3ada55195a51"",""deployment"":""b4365154-eadc-4c11-b568-5a096850e705"",""replica"":""56b3bc11-84b5-4316-abf1-2dec254f4739""}",2026-03-28T00:02:41.648163260Z
==========================================,info,"{""level"":""info""}","{""project"":""ce3616d9-58ad-4ec7-a294-1821e1564434"",""environment"":""fb6513d0-42a4-4660-82b5-509c54b15f2a"",""service"":""4978aa94-666c-47c7-8024-3ada55195a51"",""deployment"":""b4365154-eadc-4c11-b568-5a096850e705"",""replica"":""56b3bc11-84b5-4316-abf1-2dec254f4739""}",2026-03-28T00:02:41.648167514Z
[CONNECTION UPDATE] ✅ EVENT RECEIVED! {,info,"{""level"":""info""}","{""project"":""ce3616d9-58ad-4ec7-a294-1821e1564434"",""environment"":""fb6513d0-42a4-4660-82b5-509c54b15f2a"",""service"":""4978aa94-666c-47c7-8024-3ada55195a51"",""deployment"":""b4365154-eadc-4c11-b568-5a096850e705"",""replica"":""56b3bc11-84b5-4316-abf1-2dec254f4739""}",2026-03-28T00:02:41.648173215Z
"  accountId: 'akundua',",info,"{""level"":""info""}","{""project"":""ce3616d9-58ad-4ec7-a294-1821e1564434"",""environment"":""fb6513d0-42a4-4660-82b5-509c54b15f2a"",""service"":""4978aa94-666c-47c7-8024-3ada55195a51"",""deployment"":""b4365154-eadc-4c11-b568-5a096850e705"",""replica"":""56b3bc11-84b5-4316-abf1-2dec254f4739""}",2026-03-28T00:02:41.648178902Z
"  connection: undefined,",info,"{""level"":""info""}","{""project"":""ce3616d9-58ad-4ec7-a294-1821e1564434"",""environment"":""fb6513d0-42a4-4660-82b5-509c54b15f2a"",""service"":""4978aa94-666c-47c7-8024-3ada55195a51"",""deployment"":""b4365154-eadc-4c11-b568-5a096850e705"",""replica"":""56b3bc11-84b5-4316-abf1-2dec254f4739""}",2026-03-28T00:02:41.648183989Z
"  hasQr: false,",info,"{""level"":""info""}","{""project"":""ce3616d9-58ad-4ec7-a294-1821e1564434"",""environment"":""fb6513d0-42a4-4660-82b5-509c54b15f2a"",""service"":""4978aa94-666c-47c7-8024-3ada55195a51"",""deployment"":""b4365154-eadc-4c11-b568-5a096850e705"",""replica"":""56b3bc11-84b5-4316-abf1-2dec254f4739""}",2026-03-28T00:02:41.648190272Z
"  qrPreview: null,",info,"{""level"":""info""}","{""project"":""ce3616d9-58ad-4ec7-a294-1821e1564434"",""environment"":""fb6513d0-42a4-4660-82b5-509c54b15f2a"",""service"":""4978aa94-666c-47c7-8024-3ada55195a51"",""deployment"":""b4365154-eadc-4c11-b568-5a096850e705"",""replica"":""56b3bc11-84b5-4316-abf1-2dec254f4739""}",2026-03-28T00:02:41.648195793Z
  isNewLogin: true,info,"{""level"":""info""}","{""project"":""ce3616d9-58ad-4ec7-a294-1821e1564434"",""environment"":""fb6513d0-42a4-4660-82b5-509c54b15f2a"",""service"":""4978aa94-666c-47c7-8024-3ada55195a51"",""deployment"":""b4365154-eadc-4c11-b568-5a096850e705"",""replica"":""56b3bc11-84b5-4316-abf1-2dec254f4739""}",2026-03-28T00:02:41.648201840Z
},info,"{""level"":""info""}","{""project"":""ce3616d9-58ad-4ec7-a294-1821e1564434"",""environment"":""fb6513d0-42a4-4660-82b5-509c54b15f2a"",""service"":""4978aa94-666c-47c7-8024-3ada55195a51"",""deployment"":""b4365154-eadc-4c11-b568-5a096850e705"",""replica"":""56b3bc11-84b5-4316-abf1-2dec254f4739""}",2026-03-28T00:02:41.648208832Z
==========================================,info,"{""level"":""info""}","{""project"":""ce3616d9-58ad-4ec7-a294-1821e1564434"",""environment"":""fb6513d0-42a4-4660-82b5-509c54b15f2a"",""service"":""4978aa94-666c-47c7-8024-3ada55195a51"",""deployment"":""b4365154-eadc-4c11-b568-5a096850e705"",""replica"":""56b3bc11-84b5-4316-abf1-2dec254f4739""}",2026-03-28T00:02:41.648215601Z
[WS NATIVE SEND] Sending for akundua type: object preview: AADZ7xnLJ75xmecJ0IatUx0erHx3x32eE2Y8uWzJqWJDGN/2aEr3v25YODX8R/Fjd/I=,info,"{""level"":""info""}","{""project"":""ce3616d9-58ad-4ec7-a294-1821e1564434"",""environment"":""fb6513d0-42a4-4660-82b5-509c54b15f2a"",""service"":""4978aa94-666c-47c7-8024-3ada55195a51"",""deployment"":""b4365154-eadc-4c11-b568-5a096850e705"",""replica"":""56b3bc11-84b5-4316-abf1-2dec254f4739""}",2026-03-28T00:02:41.648221296Z
"pairing configured successfully, expect to restart the connection...",info,"{""time"":1774656157924,""pid"":94,""hostname"":""9a45ddc40bc4"",""me"":{""id"":""6285189022727:1@s.whatsapp.net"",""name"":""nay""},""platform"":""smba"",""level"":""info""}","{""project"":""ce3616d9-58ad-4ec7-a294-1821e1564434"",""environment"":""fb6513d0-42a4-4660-82b5-509c54b15f2a"",""service"":""4978aa94-666c-47c7-8024-3ada55195a51"",""deployment"":""b4365154-eadc-4c11-b568-5a096850e705"",""replica"":""56b3bc11-84b5-4316-abf1-2dec254f4739""}",2026-03-28T00:02:41.648227043Z
updated pushName,info,"{""time"":1774656157924,""pid"":94,""hostname"":""9a45ddc40bc4"",""name"":""nay"",""level"":""info""}","{""project"":""ce3616d9-58ad-4ec7-a294-1821e1564434"",""environment"":""fb6513d0-42a4-4660-82b5-509c54b15f2a"",""service"":""4978aa94-666c-47c7-8024-3ada55195a51"",""deployment"":""b4365154-eadc-4c11-b568-5a096850e705"",""replica"":""56b3bc11-84b5-4316-abf1-2dec254f4739""}",2026-03-28T00:02:41.648231134Z
[WS NATIVE MESSAGE] Received for akundua binary: true len: 52 preview: AAAa/NolxjnvUao0YAOZ3hIIVMlcKjvuLPgNktoAABSEJJlxKdFAKATi/cjV0TKpDxI=...,info,"{""level"":""info""}","{""project"":""ce3616d9-58ad-4ec7-a294-1821e1564434"",""environment"":""fb6513d0-42a4-4660-82b5-509c54b15f2a"",""service"":""4978aa94-666c-47c7-8024-3ada55195a51"",""deployment"":""b4365154-eadc-4c11-b568-5a096850e705"",""replica"":""56b3bc11-84b5-4316-abf1-2dec254f4739""}",2026-03-28T00:02:41.648237664Z
stream errored out,info,"{""time"":1774656158338,""pid"":94,""hostname"":""9a45ddc40bc4"",""node"":{""tag"":""stream:error"",""attrs"":{""code"":""515""}},""level"":""info""}","{""project"":""ce3616d9-58ad-4ec7-a294-1821e1564434"",""environment"":""fb6513d0-42a4-4660-82b5-509c54b15f2a"",""service"":""4978aa94-666c-47c7-8024-3ada55195a51"",""deployment"":""b4365154-eadc-4c11-b568-5a096850e705"",""replica"":""56b3bc11-84b5-4316-abf1-2dec254f4739""}",2026-03-28T00:02:41.648243534Z
==========================================,info,"{""level"":""info""}","{""project"":""ce3616d9-58ad-4ec7-a294-1821e1564434"",""environment"":""fb6513d0-42a4-4660-82b5-509c54b15f2a"",""service"":""4978aa94-666c-47c7-8024-3ada55195a51"",""deployment"":""b4365154-eadc-4c11-b568-5a096850e705"",""replica"":""56b3bc11-84b5-4316-abf1-2dec254f4739""}",2026-03-28T00:02:41.662414327Z
[CONNECTION UPDATE] ✅ EVENT RECEIVED! {,info,"{""level"":""info""}","{""project"":""ce3616d9-58ad-4ec7-a294-1821e1564434"",""environment"":""fb6513d0-42a4-4660-82b5-509c54b15f2a"",""service"":""4978aa94-666c-47c7-8024-3ada55195a51"",""deployment"":""b4365154-eadc-4c11-b568-5a096850e705"",""replica"":""56b3bc11-84b5-4316-abf1-2dec254f4739""}",2026-03-28T00:02:41.662426671Z
"  accountId: 'akundua',",info,"{""level"":""info""}","{""project"":""ce3616d9-58ad-4ec7-a294-1821e1564434"",""environment"":""fb6513d0-42a4-4660-82b5-509c54b15f2a"",""service"":""4978aa94-666c-47c7-8024-3ada55195a51"",""deployment"":""b4365154-eadc-4c11-b568-5a096850e705"",""replica"":""56b3bc11-84b5-4316-abf1-2dec254f4739""}",2026-03-28T00:02:41.662434300Z
"  connection: 'close',",info,"{""level"":""info""}","{""project"":""ce3616d9-58ad-4ec7-a294-1821e1564434"",""environment"":""fb6513d0-42a4-4660-82b5-509c54b15f2a"",""service"":""4978aa94-666c-47c7-8024-3ada55195a51"",""deployment"":""b4365154-eadc-4c11-b568-5a096850e705"",""replica"":""56b3bc11-84b5-4316-abf1-2dec254f4739""}",2026-03-28T00:02:41.662443495Z
"  hasQr: false,",info,"{""level"":""info""}","{""project"":""ce3616d9-58ad-4ec7-a294-1821e1564434"",""environment"":""fb6513d0-42a4-4660-82b5-509c54b15f2a"",""service"":""4978aa94-666c-47c7-8024-3ada55195a51"",""deployment"":""b4365154-eadc-4c11-b568-5a096850e705"",""replica"":""56b3bc11-84b5-4316-abf1-2dec254f4739""}",2026-03-28T00:02:41.662451018Z
"  qrPreview: null,",info,"{""level"":""info""}","{""project"":""ce3616d9-58ad-4ec7-a294-1821e1564434"",""environment"":""fb6513d0-42a4-4660-82b5-509c54b15f2a"",""service"":""4978aa94-666c-47c7-8024-3ada55195a51"",""deployment"":""b4365154-eadc-4c11-b568-5a096850e705"",""replica"":""56b3bc11-84b5-4316-abf1-2dec254f4739""}",2026-03-28T00:02:41.662459545Z
  isNewLogin: undefined,info,"{""level"":""info""}","{""project"":""ce3616d9-58ad-4ec7-a294-1821e1564434"",""environment"":""fb6513d0-42a4-4660-82b5-509c54b15f2a"",""service"":""4978aa94-666c-47c7-8024-3ada55195a51"",""deployment"":""b4365154-eadc-4c11-b568-5a096850e705"",""replica"":""56b3bc11-84b5-4316-abf1-2dec254f4739""}",2026-03-28T00:02:41.662466668Z
},info,"{""level"":""info""}","{""project"":""ce3616d9-58ad-4ec7-a294-1821e1564434"",""environment"":""fb6513d0-42a4-4660-82b5-509c54b15f2a"",""service"":""4978aa94-666c-47c7-8024-3ada55195a51"",""deployment"":""b4365154-eadc-4c11-b568-5a096850e705"",""replica"":""56b3bc11-84b5-4316-abf1-2dec254f4739""}",2026-03-28T00:02:41.662473919Z
==========================================,info,"{""level"":""info""}","{""project"":""ce3616d9-58ad-4ec7-a294-1821e1564434"",""environment"":""fb6513d0-42a4-4660-82b5-509c54b15f2a"",""service"":""4978aa94-666c-47c7-8024-3ada55195a51"",""deployment"":""b4365154-eadc-4c11-b568-5a096850e705"",""replica"":""56b3bc11-84b5-4316-abf1-2dec254f4739""}",2026-03-28T00:02:41.662481008Z
[CONNECTION] ❌ Disconnected: akundua code: 515 error: Stream Errored (restart required),info,"{""level"":""info""}","{""project"":""ce3616d9-58ad-4ec7-a294-1821e1564434"",""environment"":""fb6513d0-42a4-4660-82b5-509c54b15f2a"",""service"":""4978aa94-666c-47c7-8024-3ada55195a51"",""deployment"":""b4365154-eadc-4c11-b568-5a096850e705"",""replica"":""56b3bc11-84b5-4316-abf1-2dec254f4739""}",2026-03-28T00:02:41.662487448Z
connection errored,info,"{""time"":1774656158339,""pid"":94,""hostname"":""9a45ddc40bc4"",""trace"":""Error: Stream Errored (restart required)\n    at WebSocketClient.<anonymous> (/app/mini-services/whatsapp-service/node_modules/@whiskeysockets/baileys/src/Socket/socket.ts:648:7)\n    at WebSocketClient.emit (node:events:519:28)\n    at <anonymous> (/app/mini-services/whatsapp-service/node_modules/@whiskeysockets/baileys/src/Socket/socket.ts:327:23)\n    at Object.decodeFrame (/app/mini-services/whatsapp-service/node_modules/@whiskeysockets/baileys/src/Utils/noise-handler.ts:187:5)\n    at process.processTicksAndRejections (node:internal/process/task_queues:105:5)"",""level"":""info""}","{""project"":""ce3616d9-58ad-4ec7-a294-1821e1564434"",""environment"":""fb6513d0-42a4-4660-82b5-509c54b15f2a"",""service"":""4978aa94-666c-47c7-8024-3ada55195a51"",""deployment"":""b4365154-eadc-4c11-b568-5a096850e705"",""replica"":""56b3bc11-84b5-4316-abf1-2dec254f4739""}",2026-03-28T00:02:41.662493369Z
[WS NATIVE MESSAGE] Received for akundua binary: true len: 4 preview: iAID8w==,info,"{""level"":""info""}","{""project"":""ce3616d9-58ad-4ec7-a294-1821e1564434"",""environment"":""fb6513d0-42a4-4660-82b5-509c54b15f2a"",""service"":""4978aa94-666c-47c7-8024-3ada55195a51"",""deployment"":""b4365154-eadc-4c11-b568-5a096850e705"",""replica"":""56b3bc11-84b5-4316-abf1-2dec254f4739""}",2026-03-28T00:02:41.662499483Z
[WS NATIVE CLOSE] Native WebSocket closed for akundua code: 1006 reason: ,info,"{""level"":""info""}","{""project"":""ce3616d9-58ad-4ec7-a294-1821e1564434"",""environment"":""fb6513d0-42a4-4660-82b5-509c54b15f2a"",""service"":""4978aa94-666c-47c7-8024-3ada55195a51"",""deployment"":""b4365154-eadc-4c11-b568-5a096850e705"",""replica"":""56b3bc11-84b5-4316-abf1-2dec254f4739""}",2026-03-28T00:02:41.662505581Z
[DB] Synced 2 accounts to database,info,"{""level"":""info""}","{""project"":""ce3616d9-58ad-4ec7-a294-1821e1564434"",""environment"":""fb6513d0-42a4-4660-82b5-509c54b15f2a"",""service"":""4978aa94-666c-47c7-8024-3ada55195a51"",""deployment"":""b4365154-eadc-4c11-b568-5a096850e705"",""replica"":""56b3bc11-84b5-4316-abf1-2dec254f4739""}",2026-03-28T00:02:51.300001488Z
[DB] Synced 2 accounts to database,info,"{""level"":""info""}","{""project"":""ce3616d9-58ad-4ec7-a294-1821e1564434"",""environment"":""fb6513d0-42a4-4660-82b5-509c54b15f2a"",""service"":""4978aa94-666c-47c7-8024-3ada55195a51"",""deployment"":""b4365154-eadc-4c11-b568-5a096850e705"",""replica"":""56b3bc11-84b5-4316-abf1-2dec254f4739""}",2026-03-28T00:03:32.239771664Z
[DB] Synced 2 accounts to database,info,"{""level"":""info""}","{""project"":""ce3616d9-58ad-4ec7-a294-1821e1564434"",""environment"":""fb6513d0-42a4-4660-82b5-509c54b15f2a"",""service"":""4978aa94-666c-47c7-8024-3ada55195a51"",""deployment"":""b4365154-eadc-4c11-b568-5a096850e705"",""replica"":""56b3bc11-84b5-4316-abf1-2dec254f4739""}",2026-03-28T00:03:52.441245281Z
[DB] Synced 2 accounts to database,info,"{""level"":""info""}","{""project"":""ce3616d9-58ad-4ec7-a294-1821e1564434"",""environment"":""fb6513d0-42a4-4660-82b5-509c54b15f2a"",""service"":""4978aa94-666c-47c7-8024-3ada55195a51"",""deployment"":""b4365154-eadc-4c11-b568-5a096850e705"",""replica"":""56b3bc11-84b5-4316-abf1-2dec254f4739""}",2026-03-28T00:04:22.581900082Z
[DB] Synced 2 accounts to database,info,"{""level"":""info""}","{""project"":""ce3616d9-58ad-4ec7-a294-1821e1564434"",""environment"":""fb6513d0-42a4-4660-82b5-509c54b15f2a"",""service"":""4978aa94-666c-47c7-8024-3ada55195a51"",""deployment"":""b4365154-eadc-4c11-b568-5a096850e705"",""replica"":""56b3bc11-84b5-4316-abf1-2dec254f4739""}",2026-03-28T00:04:52.983064599Z
[DB] Synced 2 accounts to database,info,"{""level"":""info""}","{""project"":""ce3616d9-58ad-4ec7-a294-1821e1564434"",""environment"":""fb6513d0-42a4-4660-82b5-509c54b15f2a"",""service"":""4978aa94-666c-47c7-8024-3ada55195a51"",""deployment"":""b4365154-eadc-4c11-b568-5a096850e705"",""replica"":""56b3bc11-84b5-4316-abf1-2dec254f4739""}",2026-03-28T00:05:23.465387063Z
[DB] Synced 2 accounts to database,info,"{""level"":""info""}","{""project"":""ce3616d9-58ad-4ec7-a294-1821e1564434"",""environment"":""fb6513d0-42a4-4660-82b5-509c54b15f2a"",""service"":""4978aa94-666c-47c7-8024-3ada55195a51"",""deployment"":""b4365154-eadc-4c11-b568-5a096850e705"",""replica"":""56b3bc11-84b5-4316-abf1-2dec254f4739""}",2026-03-28T00:05:53.300744287Z
[DB] Synced 2 accounts to database,info,"{""level"":""info""}","{""project"":""ce3616d9-58ad-4ec7-a294-1821e1564434"",""environment"":""fb6513d0-42a4-4660-82b5-509c54b15f2a"",""service"":""4978aa94-666c-47c7-8024-3ada55195a51"",""deployment"":""b4365154-eadc-4c11-b568-5a096850e705"",""replica"":""56b3bc11-84b5-4316-abf1-2dec254f4739""}",2026-03-28T00:06:23.368991480Z
[DB] Synced 2 accounts to database,info,"{""level"":""info""}","{""project"":""ce3616d9-58ad-4ec7-a294-1821e1564434"",""environment"":""fb6513d0-42a4-4660-82b5-509c54b15f2a"",""service"":""4978aa94-666c-47c7-8024-3ada55195a51"",""deployment"":""b4365154-eadc-4c11-b568-5a096850e705"",""replica"":""56b3bc11-84b5-4316-abf1-2dec254f4739""}",2026-03-28T00:06:53.033979117Z
[DB] Synced 2 accounts to database,info,"{""level"":""info""}","{""project"":""ce3616d9-58ad-4ec7-a294-1821e1564434"",""environment"":""fb6513d0-42a4-4660-82b5-509c54b15f2a"",""service"":""4978aa94-666c-47c7-8024-3ada55195a51"",""deployment"":""b4365154-eadc-4c11-b568-5a096850e705"",""replica"":""56b3bc11-84b5-4316-abf1-2dec254f4739""}",2026-03-28T00:07:22.614470913Z
[DB] Synced 2 accounts to database,info,"{""level"":""info""}","{""project"":""ce3616d9-58ad-4ec7-a294-1821e1564434"",""environment"":""fb6513d0-42a4-4660-82b5-509c54b15f2a"",""service"":""4978aa94-666c-47c7-8024-3ada55195a51"",""deployment"":""b4365154-eadc-4c11-b568-5a096850e705"",""replica"":""56b3bc11-84b5-4316-abf1-2dec254f4739""}",2026-03-28T00:07:52.279015749Z
"[WA API] POST to: http://localhost:3030/session/start? Body: {""accountId"":""akunpairing1"",""usePairingCode"":true,""phoneNumber"":""6285187744634""}",info,"{""level"":""info""}","{""project"":""ce3616d9-58ad-4ec7-a294-1821e1564434"",""environment"":""fb6513d0-42a4-4660-82b5-509c54b15f2a"",""service"":""4978aa94-666c-47c7-8024-3ada55195a51"",""deployment"":""b4365154-eadc-4c11-b568-5a096850e705"",""replica"":""56b3bc11-84b5-4316-abf1-2dec254f4739""}",2026-03-28T00:08:21.923855613Z
==========================================,info,"{""level"":""info""}","{""project"":""ce3616d9-58ad-4ec7-a294-1821e1564434"",""environment"":""fb6513d0-42a4-4660-82b5-509c54b15f2a"",""service"":""4978aa94-666c-47c7-8024-3ada55195a51"",""deployment"":""b4365154-eadc-4c11-b568-5a096850e705"",""replica"":""56b3bc11-84b5-4316-abf1-2dec254f4739""}",2026-03-28T00:08:21.923862801Z
[SESSION/START] Request received: {,info,"{""level"":""info""}","{""project"":""ce3616d9-58ad-4ec7-a294-1821e1564434"",""environment"":""fb6513d0-42a4-4660-82b5-509c54b15f2a"",""service"":""4978aa94-666c-47c7-8024-3ada55195a51"",""deployment"":""b4365154-eadc-4c11-b568-5a096850e705"",""replica"":""56b3bc11-84b5-4316-abf1-2dec254f4739""}",2026-03-28T00:08:21.923871095Z
"  accountId: 'akunpairing1',",info,"{""level"":""info""}","{""project"":""ce3616d9-58ad-4ec7-a294-1821e1564434"",""environment"":""fb6513d0-42a4-4660-82b5-509c54b15f2a"",""service"":""4978aa94-666c-47c7-8024-3ada55195a51"",""deployment"":""b4365154-eadc-4c11-b568-5a096850e705"",""replica"":""56b3bc11-84b5-4316-abf1-2dec254f4739""}",2026-03-28T00:08:21.923877666Z
"  usePairingCode: true,",info,"{""level"":""info""}","{""project"":""ce3616d9-58ad-4ec7-a294-1821e1564434"",""environment"":""fb6513d0-42a4-4660-82b5-509c54b15f2a"",""service"":""4978aa94-666c-47c7-8024-3ada55195a51"",""deployment"":""b4365154-eadc-4c11-b568-5a096850e705"",""replica"":""56b3bc11-84b5-4316-abf1-2dec254f4739""}",2026-03-28T00:08:21.923885347Z
"  phoneNumber: '6285187744634',",info,"{""level"":""info""}","{""project"":""ce3616d9-58ad-4ec7-a294-1821e1564434"",""environment"":""fb6513d0-42a4-4660-82b5-509c54b15f2a"",""service"":""4978aa94-666c-47c7-8024-3ada55195a51"",""deployment"":""b4365154-eadc-4c11-b568-5a096850e705"",""replica"":""56b3bc11-84b5-4316-abf1-2dec254f4739""}",2026-03-28T00:08:21.923893088Z
  forceNew: undefined,info,"{""level"":""info""}","{""project"":""ce3616d9-58ad-4ec7-a294-1821e1564434"",""environment"":""fb6513d0-42a4-4660-82b5-509c54b15f2a"",""service"":""4978aa94-666c-47c7-8024-3ada55195a51"",""deployment"":""b4365154-eadc-4c11-b568-5a096850e705"",""replica"":""56b3bc11-84b5-4316-abf1-2dec254f4739""}",2026-03-28T00:08:21.923899384Z
},info,"{""level"":""info""}","{""project"":""ce3616d9-58ad-4ec7-a294-1821e1564434"",""environment"":""fb6513d0-42a4-4660-82b5-509c54b15f2a"",""service"":""4978aa94-666c-47c7-8024-3ada55195a51"",""deployment"":""b4365154-eadc-4c11-b568-5a096850e705"",""replica"":""56b3bc11-84b5-4316-abf1-2dec254f4739""}",2026-03-28T00:08:21.923904931Z
==========================================,info,"{""level"":""info""}","{""project"":""ce3616d9-58ad-4ec7-a294-1821e1564434"",""environment"":""fb6513d0-42a4-4660-82b5-509c54b15f2a"",""service"":""4978aa94-666c-47c7-8024-3ada55195a51"",""deployment"":""b4365154-eadc-4c11-b568-5a096850e705"",""replica"":""56b3bc11-84b5-4316-abf1-2dec254f4739""}",2026-03-28T00:08:21.923911667Z
[SESSION/START] Starting session for: akunpairing1 forceNew: false,info,"{""level"":""info""}","{""project"":""ce3616d9-58ad-4ec7-a294-1821e1564434"",""environment"":""fb6513d0-42a4-4660-82b5-509c54b15f2a"",""service"":""4978aa94-666c-47c7-8024-3ada55195a51"",""deployment"":""b4365154-eadc-4c11-b568-5a096850e705"",""replica"":""56b3bc11-84b5-4316-abf1-2dec254f4739""}",2026-03-28T00:08:21.923917957Z
==========================================,info,"{""level"":""info""}","{""project"":""ce3616d9-58ad-4ec7-a294-1821e1564434"",""environment"":""fb6513d0-42a4-4660-82b5-509c54b15f2a"",""service"":""4978aa94-666c-47c7-8024-3ada55195a51"",""deployment"":""b4365154-eadc-4c11-b568-5a096850e705"",""replica"":""56b3bc11-84b5-4316-abf1-2dec254f4739""}",2026-03-28T00:08:21.923924186Z
[START SESSION] Called with: {,info,"{""level"":""info""}","{""project"":""ce3616d9-58ad-4ec7-a294-1821e1564434"",""environment"":""fb6513d0-42a4-4660-82b5-509c54b15f2a"",""service"":""4978aa94-666c-47c7-8024-3ada55195a51"",""deployment"":""b4365154-eadc-4c11-b568-5a096850e705"",""replica"":""56b3bc11-84b5-4316-abf1-2dec254f4739""}",2026-03-28T00:08:21.923931155Z
"  accountId: 'akunpairing1',",info,"{""level"":""info""}","{""project"":""ce3616d9-58ad-4ec7-a294-1821e1564434"",""environment"":""fb6513d0-42a4-4660-82b5-509c54b15f2a"",""service"":""4978aa94-666c-47c7-8024-3ada55195a51"",""deployment"":""b4365154-eadc-4c11-b568-5a096850e705"",""replica"":""56b3bc11-84b5-4316-abf1-2dec254f4739""}",2026-03-28T00:08:21.923939213Z
"  usePairingCode: true,",info,"{""level"":""info""}","{""project"":""ce3616d9-58ad-4ec7-a294-1821e1564434"",""environment"":""fb6513d0-42a4-4660-82b5-509c54b15f2a"",""service"":""4978aa94-666c-47c7-8024-3ada55195a51"",""deployment"":""b4365154-eadc-4c11-b568-5a096850e705"",""replica"":""56b3bc11-84b5-4316-abf1-2dec254f4739""}",2026-03-28T00:08:21.923946928Z
"  phoneNumber: '6285187744634',",info,"{""level"":""info""}","{""project"":""ce3616d9-58ad-4ec7-a294-1821e1564434"",""environment"":""fb6513d0-42a4-4660-82b5-509c54b15f2a"",""service"":""4978aa94-666c-47c7-8024-3ada55195a51"",""deployment"":""b4365154-eadc-4c11-b568-5a096850e705"",""replica"":""56b3bc11-84b5-4316-abf1-2dec254f4739""}",2026-03-28T00:08:21.923952974Z
  forceNew: false,info,"{""level"":""info""}","{""project"":""ce3616d9-58ad-4ec7-a294-1821e1564434"",""environment"":""fb6513d0-42a4-4660-82b5-509c54b15f2a"",""service"":""4978aa94-666c-47c7-8024-3ada55195a51"",""deployment"":""b4365154-eadc-4c11-b568-5a096850e705"",""replica"":""56b3bc11-84b5-4316-abf1-2dec254f4739""}",2026-03-28T00:08:21.923959944Z
},info,"{""level"":""info""}","{""project"":""ce3616d9-58ad-4ec7-a294-1821e1564434"",""environment"":""fb6513d0-42a4-4660-82b5-509c54b15f2a"",""service"":""4978aa94-666c-47c7-8024-3ada55195a51"",""deployment"":""b4365154-eadc-4c11-b568-5a096850e705"",""replica"":""56b3bc11-84b5-4316-abf1-2dec254f4739""}",2026-03-28T00:08:21.923966922Z
"[START SESSION] Current accounts: [ 'akunsatu', 'akundua' ]",info,"{""level"":""info""}","{""project"":""ce3616d9-58ad-4ec7-a294-1821e1564434"",""environment"":""fb6513d0-42a4-4660-82b5-509c54b15f2a"",""service"":""4978aa94-666c-47c7-8024-3ada55195a51"",""deployment"":""b4365154-eadc-4c11-b568-5a096850e705"",""replica"":""56b3bc11-84b5-4316-abf1-2dec254f4739""}",2026-03-28T00:08:21.923972945Z
==========================================,info,"{""level"":""info""}","{""project"":""ce3616d9-58ad-4ec7-a294-1821e1564434"",""environment"":""fb6513d0-42a4-4660-82b5-509c54b15f2a"",""service"":""4978aa94-666c-47c7-8024-3ada55195a51"",""deployment"":""b4365154-eadc-4c11-b568-5a096850e705"",""replica"":""56b3bc11-84b5-4316-abf1-2dec254f4739""}",2026-03-28T00:08:21.923979360Z
[START SESSION] Session directory created: /app/mini-services/whatsapp-service/sessions/akunpairing1,info,"{""level"":""info""}","{""project"":""ce3616d9-58ad-4ec7-a294-1821e1564434"",""environment"":""fb6513d0-42a4-4660-82b5-509c54b15f2a"",""service"":""4978aa94-666c-47c7-8024-3ada55195a51"",""deployment"":""b4365154-eadc-4c11-b568-5a096850e705"",""replica"":""56b3bc11-84b5-4316-abf1-2dec254f4739""}",2026-03-28T00:08:21.923990879Z
[START SESSION] Loading auth state...,info,"{""level"":""info""}","{""project"":""ce3616d9-58ad-4ec7-a294-1821e1564434"",""environment"":""fb6513d0-42a4-4660-82b5-509c54b15f2a"",""service"":""4978aa94-666c-47c7-8024-3ada55195a51"",""deployment"":""b4365154-eadc-4c11-b568-5a096850e705"",""replica"":""56b3bc11-84b5-4316-abf1-2dec254f4739""}",2026-03-28T00:08:21.923997983Z
[START SESSION] Auth state loaded:,info,"{""level"":""info""}","{""project"":""ce3616d9-58ad-4ec7-a294-1821e1564434"",""environment"":""fb6513d0-42a4-4660-82b5-509c54b15f2a"",""service"":""4978aa94-666c-47c7-8024-3ada55195a51"",""deployment"":""b4365154-eadc-4c11-b568-5a096850e705"",""replica"":""56b3bc11-84b5-4316-abf1-2dec254f4739""}",2026-03-28T00:08:21.924004323Z
[START SESSION] - hasCreds: true,info,"{""level"":""info""}","{""project"":""ce3616d9-58ad-4ec7-a294-1821e1564434"",""environment"":""fb6513d0-42a4-4660-82b5-509c54b15f2a"",""service"":""4978aa94-666c-47c7-8024-3ada55195a51"",""deployment"":""b4365154-eadc-4c11-b568-5a096850e705"",""replica"":""56b3bc11-84b5-4316-abf1-2dec254f4739""}",2026-03-28T00:08:21.924011272Z
[START SESSION] - creds.me exists: false,info,"{""level"":""info""}","{""project"":""ce3616d9-58ad-4ec7-a294-1821e1564434"",""environment"":""fb6513d0-42a4-4660-82b5-509c54b15f2a"",""service"":""4978aa94-666c-47c7-8024-3ada55195a51"",""deployment"":""b4365154-eadc-4c11-b568-5a096850e705"",""replica"":""56b3bc11-84b5-4316-abf1-2dec254f4739""}",2026-03-28T00:08:21.924017743Z
[START SESSION] - creds.me.id: N/A,info,"{""level"":""info""}","{""project"":""ce3616d9-58ad-4ec7-a294-1821e1564434"",""environment"":""fb6513d0-42a4-4660-82b5-509c54b15f2a"",""service"":""4978aa94-666c-47c7-8024-3ada55195a51"",""deployment"":""b4365154-eadc-4c11-b568-5a096850e705"",""replica"":""56b3bc11-84b5-4316-abf1-2dec254f4739""}",2026-03-28T00:08:21.924023737Z
[START SESSION] - creds.me.name: N/A,info,"{""level"":""info""}","{""project"":""ce3616d9-58ad-4ec7-a294-1821e1564434"",""environment"":""fb6513d0-42a4-4660-82b5-509c54b15f2a"",""service"":""4978aa94-666c-47c7-8024-3ada55195a51"",""deployment"":""b4365154-eadc-4c11-b568-5a096850e705"",""replica"":""56b3bc11-84b5-4316-abf1-2dec254f4739""}",2026-03-28T00:08:22.767259664Z
[START SESSION] - This account will: REGISTER (expect QR),info,"{""level"":""info""}","{""project"":""ce3616d9-58ad-4ec7-a294-1821e1564434"",""environment"":""fb6513d0-42a4-4660-82b5-509c54b15f2a"",""service"":""4978aa94-666c-47c7-8024-3ada55195a51"",""deployment"":""b4365154-eadc-4c11-b568-5a096850e705"",""replica"":""56b3bc11-84b5-4316-abf1-2dec254f4739""}",2026-03-28T00:08:22.767268258Z
[START SESSION] ⚠️ INCOMPLETE SESSION DETECTED! creds exists but no me identity.,info,"{""level"":""info""}","{""project"":""ce3616d9-58ad-4ec7-a294-1821e1564434"",""environment"":""fb6513d0-42a4-4660-82b5-509c54b15f2a"",""service"":""4978aa94-666c-47c7-8024-3ada55195a51"",""deployment"":""b4365154-eadc-4c11-b568-5a096850e705"",""replica"":""56b3bc11-84b5-4316-abf1-2dec254f4739""}",2026-03-28T00:08:22.767273233Z
[START SESSION] This happens when QR was generated but never scanned.,info,"{""level"":""info""}","{""project"":""ce3616d9-58ad-4ec7-a294-1821e1564434"",""environment"":""fb6513d0-42a4-4660-82b5-509c54b15f2a"",""service"":""4978aa94-666c-47c7-8024-3ada55195a51"",""deployment"":""b4365154-eadc-4c11-b568-5a096850e705"",""replica"":""56b3bc11-84b5-4316-abf1-2dec254f4739""}",2026-03-28T00:08:22.767278864Z
[START SESSION] Auto-clearing incomplete session to force fresh QR generation...,info,"{""level"":""info""}","{""project"":""ce3616d9-58ad-4ec7-a294-1821e1564434"",""environment"":""fb6513d0-42a4-4660-82b5-509c54b15f2a"",""service"":""4978aa94-666c-47c7-8024-3ada55195a51"",""deployment"":""b4365154-eadc-4c11-b568-5a096850e705"",""replica"":""56b3bc11-84b5-4316-abf1-2dec254f4739""}",2026-03-28T00:08:22.767284116Z
[CLEAR SESSION] Attempting to clear session for: akunpairing1,info,"{""level"":""info""}","{""project"":""ce3616d9-58ad-4ec7-a294-1821e1564434"",""environment"":""fb6513d0-42a4-4660-82b5-509c54b15f2a"",""service"":""4978aa94-666c-47c7-8024-3ada55195a51"",""deployment"":""b4365154-eadc-4c11-b568-5a096850e705"",""replica"":""56b3bc11-84b5-4316-abf1-2dec254f4739""}",2026-03-28T00:08:22.767290505Z
[CLEAR SESSION] Session path: /app/mini-services/whatsapp-service/sessions/akunpairing1,info,"{""level"":""info""}","{""project"":""ce3616d9-58ad-4ec7-a294-1821e1564434"",""environment"":""fb6513d0-42a4-4660-82b5-509c54b15f2a"",""service"":""4978aa94-666c-47c7-8024-3ada55195a51"",""deployment"":""b4365154-eadc-4c11-b568-5a096850e705"",""replica"":""56b3bc11-84b5-4316-abf1-2dec254f4739""}",2026-03-28T00:08:22.767296005Z
[CLEAR SESSION] Session directory exists,info,"{""level"":""info""}","{""project"":""ce3616d9-58ad-4ec7-a294-1821e1564434"",""environment"":""fb6513d0-42a4-4660-82b5-509c54b15f2a"",""service"":""4978aa94-666c-47c7-8024-3ada55195a51"",""deployment"":""b4365154-eadc-4c11-b568-5a096850e705"",""replica"":""56b3bc11-84b5-4316-abf1-2dec254f4739""}",2026-03-28T00:08:22.767300149Z
[CLEAR SESSION] Deleting session directory with rimraf...,info,"{""level"":""info""}","{""project"":""ce3616d9-58ad-4ec7-a294-1821e1564434"",""environment"":""fb6513d0-42a4-4660-82b5-509c54b15f2a"",""service"":""4978aa94-666c-47c7-8024-3ada55195a51"",""deployment"":""b4365154-eadc-4c11-b568-5a096850e705"",""replica"":""56b3bc11-84b5-4316-abf1-2dec254f4739""}",2026-03-28T00:08:22.767304779Z
[CLEAR SESSION] ✅ Session directory successfully deleted,info,"{""level"":""info""}","{""project"":""ce3616d9-58ad-4ec7-a294-1821e1564434"",""environment"":""fb6513d0-42a4-4660-82b5-509c54b15f2a"",""service"":""4978aa94-666c-47c7-8024-3ada55195a51"",""deployment"":""b4365154-eadc-4c11-b568-5a096850e705"",""replica"":""56b3bc11-84b5-4316-abf1-2dec254f4739""}",2026-03-28T00:08:22.767309188Z
"[START SESSION] ✅ Incomplete session cleared, recreating fresh session...",info,"{""level"":""info""}","{""project"":""ce3616d9-58ad-4ec7-a294-1821e1564434"",""environment"":""fb6513d0-42a4-4660-82b5-509c54b15f2a"",""service"":""4978aa94-666c-47c7-8024-3ada55195a51"",""deployment"":""b4365154-eadc-4c11-b568-5a096850e705"",""replica"":""56b3bc11-84b5-4316-abf1-2dec254f4739""}",2026-03-28T00:08:22.767313008Z
[START SESSION] ✅ Fresh auth state loaded,info,"{""level"":""info""}","{""project"":""ce3616d9-58ad-4ec7-a294-1821e1564434"",""environment"":""fb6513d0-42a4-4660-82b5-509c54b15f2a"",""service"":""4978aa94-666c-47c7-8024-3ada55195a51"",""deployment"":""b4365154-eadc-4c11-b568-5a096850e705"",""replica"":""56b3bc11-84b5-4316-abf1-2dec254f4739""}",2026-03-28T00:08:22.767336511Z
[START SESSION] - hasCreds: true,info,"{""level"":""info""}","{""project"":""ce3616d9-58ad-4ec7-a294-1821e1564434"",""environment"":""fb6513d0-42a4-4660-82b5-509c54b15f2a"",""service"":""4978aa94-666c-47c7-8024-3ada55195a51"",""deployment"":""b4365154-eadc-4c11-b568-5a096850e705"",""replica"":""56b3bc11-84b5-4316-abf1-2dec254f4739""}",2026-03-28T00:08:22.767342997Z
[START SESSION] - creds.me exists: false,info,"{""level"":""info""}","{""project"":""ce3616d9-58ad-4ec7-a294-1821e1564434"",""environment"":""fb6513d0-42a4-4660-82b5-509c54b15f2a"",""service"":""4978aa94-666c-47c7-8024-3ada55195a51"",""deployment"":""b4365154-eadc-4c11-b568-5a096850e705"",""replica"":""56b3bc11-84b5-4316-abf1-2dec254f4739""}",2026-03-28T00:08:22.767348830Z
[START SESSION] Fetching Baileys version...,info,"{""level"":""info""}","{""project"":""ce3616d9-58ad-4ec7-a294-1821e1564434"",""environment"":""fb6513d0-42a4-4660-82b5-509c54b15f2a"",""service"":""4978aa94-666c-47c7-8024-3ada55195a51"",""deployment"":""b4365154-eadc-4c11-b568-5a096850e705"",""replica"":""56b3bc11-84b5-4316-abf1-2dec254f4739""}",2026-03-28T00:08:22.767355070Z
"[START SESSION] Baileys version: [ 2, 3000, 1035194821 ]",info,"{""level"":""info""}","{""project"":""ce3616d9-58ad-4ec7-a294-1821e1564434"",""environment"":""fb6513d0-42a4-4660-82b5-509c54b15f2a"",""service"":""4978aa94-666c-47c7-8024-3ada55195a51"",""deployment"":""b4365154-eadc-4c11-b568-5a096850e705"",""replica"":""56b3bc11-84b5-4316-abf1-2dec254f4739""}",2026-03-28T00:08:22.767362122Z
[START SESSION] Creating WhatsApp socket...,info,"{""level"":""info""}","{""project"":""ce3616d9-58ad-4ec7-a294-1821e1564434"",""environment"":""fb6513d0-42a4-4660-82b5-509c54b15f2a"",""service"":""4978aa94-666c-47c7-8024-3ada55195a51"",""deployment"":""b4365154-eadc-4c11-b568-5a096850e705"",""replica"":""56b3bc11-84b5-4316-abf1-2dec254f4739""}",2026-03-28T00:08:22.767486955Z
[NETWORK] Testing connectivity to WhatsApp servers...,info,"{""level"":""info""}","{""project"":""ce3616d9-58ad-4ec7-a294-1821e1564434"",""environment"":""fb6513d0-42a4-4660-82b5-509c54b15f2a"",""service"":""4978aa94-666c-47c7-8024-3ada55195a51"",""deployment"":""b4365154-eadc-4c11-b568-5a096850e705"",""replica"":""56b3bc11-84b5-4316-abf1-2dec254f4739""}",2026-03-28T00:08:22.767495539Z
[NETWORK] DNS resolution for web.whatsapp.com: [ '57.144.15.32' ],info,"{""level"":""info""}","{""project"":""ce3616d9-58ad-4ec7-a294-1821e1564434"",""environment"":""fb6513d0-42a4-4660-82b5-509c54b15f2a"",""service"":""4978aa94-666c-47c7-8024-3ada55195a51"",""deployment"":""b4365154-eadc-4c11-b568-5a096850e705"",""replica"":""56b3bc11-84b5-4316-abf1-2dec254f4739""}",2026-03-28T00:08:22.767503535Z
[NETWORK] HTTPS test to web.whatsapp.com: Status 200,info,"{""level"":""info""}","{""project"":""ce3616d9-58ad-4ec7-a294-1821e1564434"",""environment"":""fb6513d0-42a4-4660-82b5-509c54b15f2a"",""service"":""4978aa94-666c-47c7-8024-3ada55195a51"",""deployment"":""b4365154-eadc-4c11-b568-5a096850e705"",""replica"":""56b3bc11-84b5-4316-abf1-2dec254f4739""}",2026-03-28T00:08:22.767510687Z
[SOCKET] makeWASocket created for: akunpairing1,info,"{""level"":""info""}","{""project"":""ce3616d9-58ad-4ec7-a294-1821e1564434"",""environment"":""fb6513d0-42a4-4660-82b5-509c54b15f2a"",""service"":""4978aa94-666c-47c7-8024-3ada55195a51"",""deployment"":""b4365154-eadc-4c11-b568-5a096850e705"",""replica"":""56b3bc11-84b5-4316-abf1-2dec254f4739""}",2026-03-28T00:08:22.767518445Z
[SOCKET] Socket has ev? true,info,"{""level"":""info""}","{""project"":""ce3616d9-58ad-4ec7-a294-1821e1564434"",""environment"":""fb6513d0-42a4-4660-82b5-509c54b15f2a"",""service"":""4978aa94-666c-47c7-8024-3ada55195a51"",""deployment"":""b4365154-eadc-4c11-b568-5a096850e705"",""replica"":""56b3bc11-84b5-4316-abf1-2dec254f4739""}",2026-03-28T00:08:22.769369386Z
[SOCKET] Socket has ws? true,info,"{""level"":""info""}","{""project"":""ce3616d9-58ad-4ec7-a294-1821e1564434"",""environment"":""fb6513d0-42a4-4660-82b5-509c54b15f2a"",""service"":""4978aa94-666c-47c7-8024-3ada55195a51"",""deployment"":""b4365154-eadc-4c11-b568-5a096850e705"",""replica"":""56b3bc11-84b5-4316-abf1-2dec254f4739""}",2026-03-28T00:08:22.769378227Z
[SOCKET] Socket user? undefined,info,"{""level"":""info""}","{""project"":""ce3616d9-58ad-4ec7-a294-1821e1564434"",""environment"":""fb6513d0-42a4-4660-82b5-509c54b15f2a"",""service"":""4978aa94-666c-47c7-8024-3ada55195a51"",""deployment"":""b4365154-eadc-4c11-b568-5a096850e705"",""replica"":""56b3bc11-84b5-4316-abf1-2dec254f4739""}",2026-03-28T00:08:22.769384503Z
[ACCOUNT] ✅ Added pending account to map immediately: akunpairing1,info,"{""level"":""info""}","{""project"":""ce3616d9-58ad-4ec7-a294-1821e1564434"",""environment"":""fb6513d0-42a4-4660-82b5-509c54b15f2a"",""service"":""4978aa94-666c-47c7-8024-3ada55195a51"",""deployment"":""b4365154-eadc-4c11-b568-5a096850e705"",""replica"":""56b3bc11-84b5-4316-abf1-2dec254f4739""}",2026-03-28T00:08:22.769392194Z
[SOCKET] 🚀 Registering connection.update handler IMMEDIATELY for: akunpairing1,info,"{""level"":""info""}","{""project"":""ce3616d9-58ad-4ec7-a294-1821e1564434"",""environment"":""fb6513d0-42a4-4660-82b5-509c54b15f2a"",""service"":""4978aa94-666c-47c7-8024-3ada55195a51"",""deployment"":""b4365154-eadc-4c11-b568-5a096850e705"",""replica"":""56b3bc11-84b5-4316-abf1-2dec254f4739""}",2026-03-28T00:08:22.769406798Z
[SOCKET] ✅ Event handlers registered IMMEDIATELY,info,"{""level"":""info""}","{""project"":""ce3616d9-58ad-4ec7-a294-1821e1564434"",""environment"":""fb6513d0-42a4-4660-82b5-509c54b15f2a"",""service"":""4978aa94-666c-47c7-8024-3ada55195a51"",""deployment"":""b4365154-eadc-4c11-b568-5a096850e705"",""replica"":""56b3bc11-84b5-4316-abf1-2dec254f4739""}",2026-03-28T00:08:22.769412539Z
[WS] Native WebSocket exists: true,info,"{""level"":""info""}","{""project"":""ce3616d9-58ad-4ec7-a294-1821e1564434"",""environment"":""fb6513d0-42a4-4660-82b5-509c54b15f2a"",""service"":""4978aa94-666c-47c7-8024-3ada55195a51"",""deployment"":""b4365154-eadc-4c11-b568-5a096850e705"",""replica"":""56b3bc11-84b5-4316-abf1-2dec254f4739""}",2026-03-28T00:08:22.769417731Z
[WS] Native WebSocket state: 0 = CONNECTING,info,"{""level"":""info""}","{""project"":""ce3616d9-58ad-4ec7-a294-1821e1564434"",""environment"":""fb6513d0-42a4-4660-82b5-509c54b15f2a"",""service"":""4978aa94-666c-47c7-8024-3ada55195a51"",""deployment"":""b4365154-eadc-4c11-b568-5a096850e705"",""replica"":""56b3bc11-84b5-4316-abf1-2dec254f4739""}",2026-03-28T00:08:22.769423548Z
[WS] WebSocketClient isConnecting: true,info,"{""level"":""info""}","{""project"":""ce3616d9-58ad-4ec7-a294-1821e1564434"",""environment"":""fb6513d0-42a4-4660-82b5-509c54b15f2a"",""service"":""4978aa94-666c-47c7-8024-3ada55195a51"",""deployment"":""b4365154-eadc-4c11-b568-5a096850e705"",""replica"":""56b3bc11-84b5-4316-abf1-2dec254f4739""}",2026-03-28T00:08:22.769428935Z
[WS] WebSocketClient isOpen: false,info,"{""level"":""info""}","{""project"":""ce3616d9-58ad-4ec7-a294-1821e1564434"",""environment"":""fb6513d0-42a4-4660-82b5-509c54b15f2a"",""service"":""4978aa94-666c-47c7-8024-3ada55195a51"",""deployment"":""b4365154-eadc-4c11-b568-5a096850e705"",""replica"":""56b3bc11-84b5-4316-abf1-2dec254f4739""}",2026-03-28T00:08:22.769437148Z
[WS] WebSocketClient isClosed: false,info,"{""level"":""info""}","{""project"":""ce3616d9-58ad-4ec7-a294-1821e1564434"",""environment"":""fb6513d0-42a4-4660-82b5-509c54b15f2a"",""service"":""4978aa94-666c-47c7-8024-3ada55195a51"",""deployment"":""b4365154-eadc-4c11-b568-5a096850e705"",""replica"":""56b3bc11-84b5-4316-abf1-2dec254f4739""}",2026-03-28T00:08:22.769442053Z
[WS] WebSocket URL: URL {,info,"{""level"":""info""}","{""project"":""ce3616d9-58ad-4ec7-a294-1821e1564434"",""environment"":""fb6513d0-42a4-4660-82b5-509c54b15f2a"",""service"":""4978aa94-666c-47c7-8024-3ada55195a51"",""deployment"":""b4365154-eadc-4c11-b568-5a096850e705"",""replica"":""56b3bc11-84b5-4316-abf1-2dec254f4739""}",2026-03-28T00:08:22.769446786Z
"  href: 'wss://web.whatsapp.com/ws/chat',",info,"{""level"":""info""}","{""project"":""ce3616d9-58ad-4ec7-a294-1821e1564434"",""environment"":""fb6513d0-42a4-4660-82b5-509c54b15f2a"",""service"":""4978aa94-666c-47c7-8024-3ada55195a51"",""deployment"":""b4365154-eadc-4c11-b568-5a096850e705"",""replica"":""56b3bc11-84b5-4316-abf1-2dec254f4739""}",2026-03-28T00:08:22.769454323Z
"  origin: 'wss://web.whatsapp.com',",info,"{""level"":""info""}","{""project"":""ce3616d9-58ad-4ec7-a294-1821e1564434"",""environment"":""fb6513d0-42a4-4660-82b5-509c54b15f2a"",""service"":""4978aa94-666c-47c7-8024-3ada55195a51"",""deployment"":""b4365154-eadc-4c11-b568-5a096850e705"",""replica"":""56b3bc11-84b5-4316-abf1-2dec254f4739""}",2026-03-28T00:08:22.769460989Z
"  protocol: 'wss:',",info,"{""level"":""info""}","{""project"":""ce3616d9-58ad-4ec7-a294-1821e1564434"",""environment"":""fb6513d0-42a4-4660-82b5-509c54b15f2a"",""service"":""4978aa94-666c-47c7-8024-3ada55195a51"",""deployment"":""b4365154-eadc-4c11-b568-5a096850e705"",""replica"":""56b3bc11-84b5-4316-abf1-2dec254f4739""}",2026-03-28T00:08:22.769466612Z
"  username: '',",info,"{""level"":""info""}","{""project"":""ce3616d9-58ad-4ec7-a294-1821e1564434"",""environment"":""fb6513d0-42a4-4660-82b5-509c54b15f2a"",""service"":""4978aa94-666c-47c7-8024-3ada55195a51"",""deployment"":""b4365154-eadc-4c11-b568-5a096850e705"",""replica"":""56b3bc11-84b5-4316-abf1-2dec254f4739""}",2026-03-28T00:08:22.769472151Z
"  password: '',",info,"{""level"":""info""}","{""project"":""ce3616d9-58ad-4ec7-a294-1821e1564434"",""environment"":""fb6513d0-42a4-4660-82b5-509c54b15f2a"",""service"":""4978aa94-666c-47c7-8024-3ada55195a51"",""deployment"":""b4365154-eadc-4c11-b568-5a096850e705"",""replica"":""56b3bc11-84b5-4316-abf1-2dec254f4739""}",2026-03-28T00:08:22.769479018Z
"  host: 'web.whatsapp.com',",info,"{""level"":""info""}","{""project"":""ce3616d9-58ad-4ec7-a294-1821e1564434"",""environment"":""fb6513d0-42a4-4660-82b5-509c54b15f2a"",""service"":""4978aa94-666c-47c7-8024-3ada55195a51"",""deployment"":""b4365154-eadc-4c11-b568-5a096850e705"",""replica"":""56b3bc11-84b5-4316-abf1-2dec254f4739""}",2026-03-28T00:08:22.769486772Z
"  hostname: 'web.whatsapp.com',",info,"{""level"":""info""}","{""project"":""ce3616d9-58ad-4ec7-a294-1821e1564434"",""environment"":""fb6513d0-42a4-4660-82b5-509c54b15f2a"",""service"":""4978aa94-666c-47c7-8024-3ada55195a51"",""deployment"":""b4365154-eadc-4c11-b568-5a096850e705"",""replica"":""56b3bc11-84b5-4316-abf1-2dec254f4739""}",2026-03-28T00:08:22.769492472Z
"  port: '',",info,"{""level"":""info""}","{""project"":""ce3616d9-58ad-4ec7-a294-1821e1564434"",""environment"":""fb6513d0-42a4-4660-82b5-509c54b15f2a"",""service"":""4978aa94-666c-47c7-8024-3ada55195a51"",""deployment"":""b4365154-eadc-4c11-b568-5a096850e705"",""replica"":""56b3bc11-84b5-4316-abf1-2dec254f4739""}",2026-03-28T00:08:22.769498117Z
"  pathname: '/ws/chat',",info,"{""level"":""info""}","{""project"":""ce3616d9-58ad-4ec7-a294-1821e1564434"",""environment"":""fb6513d0-42a4-4660-82b5-509c54b15f2a"",""service"":""4978aa94-666c-47c7-8024-3ada55195a51"",""deployment"":""b4365154-eadc-4c11-b568-5a096850e705"",""replica"":""56b3bc11-84b5-4316-abf1-2dec254f4739""}",2026-03-28T00:08:22.769503562Z
"  search: '',",info,"{""level"":""info""}","{""project"":""ce3616d9-58ad-4ec7-a294-1821e1564434"",""environment"":""fb6513d0-42a4-4660-82b5-509c54b15f2a"",""service"":""4978aa94-666c-47c7-8024-3ada55195a51"",""deployment"":""b4365154-eadc-4c11-b568-5a096850e705"",""replica"":""56b3bc11-84b5-4316-abf1-2dec254f4739""}",2026-03-28T00:08:22.769509816Z
"  searchParams: URLSearchParams {},",info,"{""level"":""info""}","{""project"":""ce3616d9-58ad-4ec7-a294-1821e1564434"",""environment"":""fb6513d0-42a4-4660-82b5-509c54b15f2a"",""service"":""4978aa94-666c-47c7-8024-3ada55195a51"",""deployment"":""b4365154-eadc-4c11-b568-5a096850e705"",""replica"":""56b3bc11-84b5-4316-abf1-2dec254f4739""}",2026-03-28T00:08:22.769515811Z
  hash: '',info,"{""level"":""info""}","{""project"":""ce3616d9-58ad-4ec7-a294-1821e1564434"",""environment"":""fb6513d0-42a4-4660-82b5-509c54b15f2a"",""service"":""4978aa94-666c-47c7-8024-3ada55195a51"",""deployment"":""b4365154-eadc-4c11-b568-5a096850e705"",""replica"":""56b3bc11-84b5-4316-abf1-2dec254f4739""}",2026-03-28T00:08:22.769522326Z
},info,"{""level"":""info""}","{""project"":""ce3616d9-58ad-4ec7-a294-1821e1564434"",""environment"":""fb6513d0-42a4-4660-82b5-509c54b15f2a"",""service"":""4978aa94-666c-47c7-8024-3ada55195a51"",""deployment"":""b4365154-eadc-4c11-b568-5a096850e705"",""replica"":""56b3bc11-84b5-4316-abf1-2dec254f4739""}",2026-03-28T00:08:22.769529320Z
[SESSION] ✅ Retrieved account from map: akunpairing1,info,"{""level"":""info""}","{""project"":""ce3616d9-58ad-4ec7-a294-1821e1564434"",""environment"":""fb6513d0-42a4-4660-82b5-509c54b15f2a"",""service"":""4978aa94-666c-47c7-8024-3ada55195a51"",""deployment"":""b4365154-eadc-4c11-b568-5a096850e705"",""replica"":""56b3bc11-84b5-4316-abf1-2dec254f4739""}",2026-03-28T00:08:22.769538215Z
Using pooled personality for akunpairing1: Budi Hartono,info,"{""level"":""info""}","{""project"":""ce3616d9-58ad-4ec7-a294-1821e1564434"",""environment"":""fb6513d0-42a4-4660-82b5-509c54b15f2a"",""service"":""4978aa94-666c-47c7-8024-3ada55195a51"",""deployment"":""b4365154-eadc-4c11-b568-5a096850e705"",""replica"":""56b3bc11-84b5-4316-abf1-2dec254f4739""}",2026-03-28T00:08:22.769543658Z
[SESSION/START] Session started successfully for: akunpairing1,info,"{""level"":""info""}","{""project"":""ce3616d9-58ad-4ec7-a294-1821e1564434"",""environment"":""fb6513d0-42a4-4660-82b5-509c54b15f2a"",""service"":""4978aa94-666c-47c7-8024-3ada55195a51"",""deployment"":""b4365154-eadc-4c11-b568-5a096850e705"",""replica"":""56b3bc11-84b5-4316-abf1-2dec254f4739""}",2026-03-28T00:08:22.772603952Z
==========================================,info,"{""level"":""info""}","{""project"":""ce3616d9-58ad-4ec7-a294-1821e1564434"",""environment"":""fb6513d0-42a4-4660-82b5-509c54b15f2a"",""service"":""4978aa94-666c-47c7-8024-3ada55195a51"",""deployment"":""b4365154-eadc-4c11-b568-5a096850e705"",""replica"":""56b3bc11-84b5-4316-abf1-2dec254f4739""}",2026-03-28T00:08:22.772645505Z
[CONNECTION UPDATE] ✅ EVENT RECEIVED! {,info,"{""level"":""info""}","{""project"":""ce3616d9-58ad-4ec7-a294-1821e1564434"",""environment"":""fb6513d0-42a4-4660-82b5-509c54b15f2a"",""service"":""4978aa94-666c-47c7-8024-3ada55195a51"",""deployment"":""b4365154-eadc-4c11-b568-5a096850e705"",""replica"":""56b3bc11-84b5-4316-abf1-2dec254f4739""}",2026-03-28T00:08:22.772653406Z
"  accountId: 'akunpairing1',",info,"{""level"":""info""}","{""project"":""ce3616d9-58ad-4ec7-a294-1821e1564434"",""environment"":""fb6513d0-42a4-4660-82b5-509c54b15f2a"",""service"":""4978aa94-666c-47c7-8024-3ada55195a51"",""deployment"":""b4365154-eadc-4c11-b568-5a096850e705"",""replica"":""56b3bc11-84b5-4316-abf1-2dec254f4739""}",2026-03-28T00:08:22.772661076Z
"  connection: 'connecting',",info,"{""level"":""info""}","{""project"":""ce3616d9-58ad-4ec7-a294-1821e1564434"",""environment"":""fb6513d0-42a4-4660-82b5-509c54b15f2a"",""service"":""4978aa94-666c-47c7-8024-3ada55195a51"",""deployment"":""b4365154-eadc-4c11-b568-5a096850e705"",""replica"":""56b3bc11-84b5-4316-abf1-2dec254f4739""}",2026-03-28T00:08:22.772668297Z
"  hasQr: false,",info,"{""level"":""info""}","{""project"":""ce3616d9-58ad-4ec7-a294-1821e1564434"",""environment"":""fb6513d0-42a4-4660-82b5-509c54b15f2a"",""service"":""4978aa94-666c-47c7-8024-3ada55195a51"",""deployment"":""b4365154-eadc-4c11-b568-5a096850e705"",""replica"":""56b3bc11-84b5-4316-abf1-2dec254f4739""}",2026-03-28T00:08:22.772675533Z
"  qrPreview: null,",info,"{""level"":""info""}","{""project"":""ce3616d9-58ad-4ec7-a294-1821e1564434"",""environment"":""fb6513d0-42a4-4660-82b5-509c54b15f2a"",""service"":""4978aa94-666c-47c7-8024-3ada55195a51"",""deployment"":""b4365154-eadc-4c11-b568-5a096850e705"",""replica"":""56b3bc11-84b5-4316-abf1-2dec254f4739""}",2026-03-28T00:08:22.772684847Z
  isNewLogin: undefined,info,"{""level"":""info""}","{""project"":""ce3616d9-58ad-4ec7-a294-1821e1564434"",""environment"":""fb6513d0-42a4-4660-82b5-509c54b15f2a"",""service"":""4978aa94-666c-47c7-8024-3ada55195a51"",""deployment"":""b4365154-eadc-4c11-b568-5a096850e705"",""replica"":""56b3bc11-84b5-4316-abf1-2dec254f4739""}",2026-03-28T00:08:22.772693413Z
},info,"{""level"":""info""}","{""project"":""ce3616d9-58ad-4ec7-a294-1821e1564434"",""environment"":""fb6513d0-42a4-4660-82b5-509c54b15f2a"",""service"":""4978aa94-666c-47c7-8024-3ada55195a51"",""deployment"":""b4365154-eadc-4c11-b568-5a096850e705"",""replica"":""56b3bc11-84b5-4316-abf1-2dec254f4739""}",2026-03-28T00:08:22.772702610Z
==========================================,info,"{""level"":""info""}","{""project"":""ce3616d9-58ad-4ec7-a294-1821e1564434"",""environment"":""fb6513d0-42a4-4660-82b5-509c54b15f2a"",""service"":""4978aa94-666c-47c7-8024-3ada55195a51"",""deployment"":""b4365154-eadc-4c11-b568-5a096850e705"",""replica"":""56b3bc11-84b5-4316-abf1-2dec254f4739""}",2026-03-28T00:08:22.772709714Z
[WA API] Response: 200 {,info,"{""level"":""info""}","{""project"":""ce3616d9-58ad-4ec7-a294-1821e1564434"",""environment"":""fb6513d0-42a4-4660-82b5-509c54b15f2a"",""service"":""4978aa94-666c-47c7-8024-3ada55195a51"",""deployment"":""b4365154-eadc-4c11-b568-5a096850e705"",""replica"":""56b3bc11-84b5-4316-abf1-2dec254f4739""}",2026-03-28T00:08:22.772716400Z
"  success: true,",info,"{""level"":""info""}","{""project"":""ce3616d9-58ad-4ec7-a294-1821e1564434"",""environment"":""fb6513d0-42a4-4660-82b5-509c54b15f2a"",""service"":""4978aa94-666c-47c7-8024-3ada55195a51"",""deployment"":""b4365154-eadc-4c11-b568-5a096850e705"",""replica"":""56b3bc11-84b5-4316-abf1-2dec254f4739""}",2026-03-28T00:08:22.772724156Z
"  accountId: ""akunpairing1"",",info,"{""level"":""info""}","{""project"":""ce3616d9-58ad-4ec7-a294-1821e1564434"",""environment"":""fb6513d0-42a4-4660-82b5-509c54b15f2a"",""service"":""4978aa94-666c-47c7-8024-3ada55195a51"",""deployment"":""b4365154-eadc-4c11-b568-5a096850e705"",""replica"":""56b3bc11-84b5-4316-abf1-2dec254f4739""}",2026-03-28T00:08:22.772730843Z
},info,"{""level"":""info""}","{""project"":""ce3616d9-58ad-4ec7-a294-1821e1564434"",""environment"":""fb6513d0-42a4-4660-82b5-509c54b15f2a"",""service"":""4978aa94-666c-47c7-8024-3ada55195a51"",""deployment"":""b4365154-eadc-4c11-b568-5a096850e705"",""replica"":""56b3bc11-84b5-4316-abf1-2dec254f4739""}",2026-03-28T00:08:22.772737667Z
✅ Generated 1 personalities via Groq. Pool size: 10/50,info,"{""level"":""info""}","{""project"":""ce3616d9-58ad-4ec7-a294-1821e1564434"",""environment"":""fb6513d0-42a4-4660-82b5-509c54b15f2a"",""service"":""4978aa94-666c-47c7-8024-3ada55195a51"",""deployment"":""b4365154-eadc-4c11-b568-5a096850e705"",""replica"":""56b3bc11-84b5-4316-abf1-2dec254f4739""}",2026-03-28T00:08:22.772744107Z
connected to WA,info,"{""time"":1774656499946,""pid"":94,""hostname"":""9a45ddc40bc4"",""browser"":[""Mac OS"",""Chrome"",""14.4.1""],""helloMsg"":{""clientHello"":{""ephemeral"":""ymP78RE287m5VPF8YG8knkyGjTh2C5kGY4e7KV3e7D8=""}},""level"":""info""}","{""project"":""ce3616d9-58ad-4ec7-a294-1821e1564434"",""environment"":""fb6513d0-42a4-4660-82b5-509c54b15f2a"",""service"":""4978aa94-666c-47c7-8024-3ada55195a51"",""deployment"":""b4365154-eadc-4c11-b568-5a096850e705"",""replica"":""56b3bc11-84b5-4316-abf1-2dec254f4739""}",2026-03-28T00:08:22.772750596Z
[WS NATIVE SEND] Sending for akunpairing1 type: object preview: V0EGAwAAJBIiCiDKY/vxETbzublU8XxgbySeTIaNOHYLmQZjh7spXd7sPw==,info,"{""level"":""info""}","{""project"":""ce3616d9-58ad-4ec7-a294-1821e1564434"",""environment"":""fb6513d0-42a4-4660-82b5-509c54b15f2a"",""service"":""4978aa94-666c-47c7-8024-3ada55195a51"",""deployment"":""b4365154-eadc-4c11-b568-5a096850e705"",""replica"":""56b3bc11-84b5-4316-abf1-2dec254f4739""}",2026-03-28T00:08:22.772757517Z
[WS NATIVE OPEN] Native WebSocket opened for akunpairing1,info,"{""level"":""info""}","{""project"":""ce3616d9-58ad-4ec7-a294-1821e1564434"",""environment"":""fb6513d0-42a4-4660-82b5-509c54b15f2a"",""service"":""4978aa94-666c-47c7-8024-3ada55195a51"",""deployment"":""b4365154-eadc-4c11-b568-5a096850e705"",""replica"":""56b3bc11-84b5-4316-abf1-2dec254f4739""}",2026-03-28T00:08:22.772765128Z
[WS NATIVE MESSAGE] Received for akunpairing1 binary: true len: 350 preview: AAFbGtgCCiCFNCkalLMYX6662FtjHKG7eaUEYOBlxuaXSBpbdULoZxIwdZpnERMHVw0=...,info,"{""level"":""info""}","{""project"":""ce3616d9-58ad-4ec7-a294-1821e1564434"",""environment"":""fb6513d0-42a4-4660-82b5-509c54b15f2a"",""service"":""4978aa94-666c-47c7-8024-3ada55195a51"",""deployment"":""b4365154-eadc-4c11-b568-5a096850e705"",""replica"":""56b3bc11-84b5-4316-abf1-2dec254f4739""}",2026-03-28T00:08:22.772771671Z
"not logged in, attempting registration...",info,"{""time"":1774656500171,""pid"":94,""hostname"":""9a45ddc40bc4"",""node"":{""passive"":false,""userAgent"":{""platform"":""WEB"",""appVersion"":{""primary"":2,""secondary"":3000,""tertiary"":1035194821},""mcc"":""000"",""mnc"":""000"",""osVersion"":""0.1"",""device"":""Desktop"",""osBuildNumber"":""0.1"",""releaseChannel"":""RELEASE"",""localeLanguageIso6391"":""en"",""localeCountryIso31661Alpha2"":""US""},""webInfo"":{""webSubPlatform"":""WEB_BROWSER""},""connectType"":""WIFI_UNKNOWN"",""connectReason"":""USER_ACTIVATED"",""devicePairingData"":{""eRegid"":""AAAAUw=="",""eKeytype"":""BQ=="",""eIdent"":""dIA2I7XMqC5mmojIO+feAdKFiTerAAV3aqkY+MsroTQ="",""eSkeyId"":""AAAB"",""eSkeyVal"":""8A1lENYHNy8I+/1MJ7LMYD5PlFp55DqycRZ/DYRgQCM="",""eSkeySig"":""RLlITSS6gAMmB7CCSz62fEA1dMqcCJzvAZxdzhBtx+76DDLPmm2OJW/8qMH3uMK9+0zVS0eYAx/q2iSJXzVUDw=="",""buildHash"":""oslHHv+RCp4a5lmJCiiHLQ=="",""deviceProps"":""CgZNYWMgT1MYASAAKhUYgFAgATAAOAFAAUgBUAFYAWABcAE=""},""pull"":false},""level"":""info""}","{""project"":""ce3616d9-58ad-4ec7-a294-1821e1564434"",""environment"":""fb6513d0-42a4-4660-82b5-509c54b15f2a"",""service"":""4978aa94-666c-47c7-8024-3ada55195a51"",""deployment"":""b4365154-eadc-4c11-b568-5a096850e705"",""replica"":""56b3bc11-84b5-4316-abf1-2dec254f4739""}",2026-03-28T00:08:22.772778310Z
[QR] 🎯 QR code received for: akunpairing1,info,"{""level"":""info""}","{""project"":""ce3616d9-58ad-4ec7-a294-1821e1564434"",""environment"":""fb6513d0-42a4-4660-82b5-509c54b15f2a"",""service"":""4978aa94-666c-47c7-8024-3ada55195a51"",""deployment"":""b4365154-eadc-4c11-b568-5a096850e705"",""replica"":""56b3bc11-84b5-4316-abf1-2dec254f4739""}",2026-03-28T00:08:22.775796531Z
[QR] QR length: 237,info,"{""level"":""info""}","{""project"":""ce3616d9-58ad-4ec7-a294-1821e1564434"",""environment"":""fb6513d0-42a4-4660-82b5-509c54b15f2a"",""service"":""4978aa94-666c-47c7-8024-3ada55195a51"",""deployment"":""b4365154-eadc-4c11-b568-5a096850e705"",""replica"":""56b3bc11-84b5-4316-abf1-2dec254f4739""}",2026-03-28T00:08:22.775804072Z
[WS NATIVE SEND] Sending for akunpairing1 type: object preview: AAG2o89zuc1BSXUBIea1SvyM5CyBjTd3jRMCLA8FvPmh+LLTQmjP+a9NPclvBKxGPGo=,info,"{""level"":""info""}","{""project"":""ce3616d9-58ad-4ec7-a294-1821e1564434"",""environment"":""fb6513d0-42a4-4660-82b5-509c54b15f2a"",""service"":""4978aa94-666c-47c7-8024-3ada55195a51"",""deployment"":""b4365154-eadc-4c11-b568-5a096850e705"",""replica"":""56b3bc11-84b5-4316-abf1-2dec254f4739""}",2026-03-28T00:08:22.775811071Z
[PAIRING] Code generated: NYVWB1CH,info,"{""level"":""info""}","{""project"":""ce3616d9-58ad-4ec7-a294-1821e1564434"",""environment"":""fb6513d0-42a4-4660-82b5-509c54b15f2a"",""service"":""4978aa94-666c-47c7-8024-3ada55195a51"",""deployment"":""b4365154-eadc-4c11-b568-5a096850e705"",""replica"":""56b3bc11-84b5-4316-abf1-2dec254f4739""}",2026-03-28T00:08:22.775818399Z
[WS NATIVE MESSAGE] Received for akunpairing1 binary: true len: 229 preview: AADiOIGSRpiscYclqWpFjZTEI8wHhTTQITd594VB4qURZKvfu4k2pmImbB2cXrhRAF4=...,info,"{""level"":""info""}","{""project"":""ce3616d9-58ad-4ec7-a294-1821e1564434"",""environment"":""fb6513d0-42a4-4660-82b5-509c54b15f2a"",""service"":""4978aa94-666c-47c7-8024-3ada55195a51"",""deployment"":""b4365154-eadc-4c11-b568-5a096850e705"",""replica"":""56b3bc11-84b5-4316-abf1-2dec254f4739""}",2026-03-28T00:08:22.775824000Z
communication recv,info,"{""time"":1774656500846,""pid"":94,""hostname"":""9a45ddc40bc4"",""unhandled"":true,""msgId"":""56131.20843-1"",""fromMe"":false,""frame"":{""tag"":""iq"",""attrs"":{""from"":""@s.whatsapp.net"",""type"":""result"",""id"":""56131.20843-1""},""content"":[{""tag"":""link_code_companion_reg"",""attrs"":{""stage"":""companion_hello""},""content"":[{""tag"":""link_code_pairing_ref"",""attrs"":{},""content"":{""type"":""Buffer"",""data"":[51,64,50,58,113,112,106,100,53,57,112,55,35,71,70,66,119,109,119,67,86,109,89,83,48,49,102,48,105,52,80,83,110,108,84,111,97,67,81,81,74,78,106,107,66,82,74,71,104,80,81,43,104,70,114,87,99,43,114,52,80,76,120,86,110,111,51,79,52,72,121,89,50,115,52,72,81,114,114,107,84,52,83,118,85,69,86,120,100,50,72,83,105,100,87,107,121,48,117,74,71,116,68,49,72,97,118,112,116,49,105,99,61]}}]}]},""level"":""info""}","{""project"":""ce3616d9-58ad-4ec7-a294-1821e1564434"",""environment"":""fb6513d0-42a4-4660-82b5-509c54b15f2a"",""service"":""4978aa94-666c-47c7-8024-3ada55195a51"",""deployment"":""b4365154-eadc-4c11-b568-5a096850e705"",""replica"":""56b3bc11-84b5-4316-abf1-2dec254f4739""}",2026-03-28T00:08:22.775833358Z
[WS NATIVE SEND] Sending for akunpairing1 type: object preview: AAFcItkCCjA8P6gafLDjHL9/Npi2KriK2qhMgZ2GVXO76JTiBRys6R7G2WEd1GPSUz0=,info,"{""level"":""info""}","{""project"":""ce3616d9-58ad-4ec7-a294-1821e1564434"",""environment"":""fb6513d0-42a4-4660-82b5-509c54b15f2a"",""service"":""4978aa94-666c-47c7-8024-3ada55195a51"",""deployment"":""b4365154-eadc-4c11-b568-5a096850e705"",""replica"":""56b3bc11-84b5-4316-abf1-2dec254f4739""}",2026-03-28T00:08:22.775846255Z
[WS NATIVE MESSAGE] Received for akunpairing1 binary: true len: 698 preview: AAK3pBb1tt/xakUY/qX/X5J/WbYDxUdF11Lc1ehCfsQ/ilEgG3UjjAkLxxd+/oIVQHk=...,info,"{""level"":""info""}","{""project"":""ce3616d9-58ad-4ec7-a294-1821e1564434"",""environment"":""fb6513d0-42a4-4660-82b5-509c54b15f2a"",""service"":""4978aa94-666c-47c7-8024-3ada55195a51"",""deployment"":""b4365154-eadc-4c11-b568-5a096850e705"",""replica"":""56b3bc11-84b5-4316-abf1-2dec254f4739""}",2026-03-28T00:08:22.775860352Z
[WS NATIVE SEND] Sending for akunpairing1 type: object preview: AAAi5bNaPPc8OpBGOa+CrkChhT69hYTPgnyk2dBVgjMGN8T10A==,info,"{""level"":""info""}","{""project"":""ce3616d9-58ad-4ec7-a294-1821e1564434"",""environment"":""fb6513d0-42a4-4660-82b5-509c54b15f2a"",""service"":""4978aa94-666c-47c7-8024-3ada55195a51"",""deployment"":""b4365154-eadc-4c11-b568-5a096850e705"",""replica"":""56b3bc11-84b5-4316-abf1-2dec254f4739""}",2026-03-28T00:08:22.775865479Z
==========================================,info,"{""level"":""info""}","{""project"":""ce3616d9-58ad-4ec7-a294-1821e1564434"",""environment"":""fb6513d0-42a4-4660-82b5-509c54b15f2a"",""service"":""4978aa94-666c-47c7-8024-3ada55195a51"",""deployment"":""b4365154-eadc-4c11-b568-5a096850e705"",""replica"":""56b3bc11-84b5-4316-abf1-2dec254f4739""}",2026-03-28T00:08:22.775871134Z
[CONNECTION UPDATE] ✅ EVENT RECEIVED! {,info,"{""level"":""info""}","{""project"":""ce3616d9-58ad-4ec7-a294-1821e1564434"",""environment"":""fb6513d0-42a4-4660-82b5-509c54b15f2a"",""service"":""4978aa94-666c-47c7-8024-3ada55195a51"",""deployment"":""b4365154-eadc-4c11-b568-5a096850e705"",""replica"":""56b3bc11-84b5-4316-abf1-2dec254f4739""}",2026-03-28T00:08:22.775876631Z
"  accountId: 'akunpairing1',",info,"{""level"":""info""}","{""project"":""ce3616d9-58ad-4ec7-a294-1821e1564434"",""environment"":""fb6513d0-42a4-4660-82b5-509c54b15f2a"",""service"":""4978aa94-666c-47c7-8024-3ada55195a51"",""deployment"":""b4365154-eadc-4c11-b568-5a096850e705"",""replica"":""56b3bc11-84b5-4316-abf1-2dec254f4739""}",2026-03-28T00:08:22.775881783Z
"  connection: undefined,",info,"{""level"":""info""}","{""project"":""ce3616d9-58ad-4ec7-a294-1821e1564434"",""environment"":""fb6513d0-42a4-4660-82b5-509c54b15f2a"",""service"":""4978aa94-666c-47c7-8024-3ada55195a51"",""deployment"":""b4365154-eadc-4c11-b568-5a096850e705"",""replica"":""56b3bc11-84b5-4316-abf1-2dec254f4739""}",2026-03-28T00:08:22.775888784Z
"  hasQr: true,",info,"{""level"":""info""}","{""project"":""ce3616d9-58ad-4ec7-a294-1821e1564434"",""environment"":""fb6513d0-42a4-4660-82b5-509c54b15f2a"",""service"":""4978aa94-666c-47c7-8024-3ada55195a51"",""deployment"":""b4365154-eadc-4c11-b568-5a096850e705"",""replica"":""56b3bc11-84b5-4316-abf1-2dec254f4739""}",2026-03-28T00:08:22.775893562Z
"  qrPreview: '2@HgqQoY4xMXSL2CWY8e1NAQ08osnrkECFvca1TEmyPyjjOf5f...',",info,"{""level"":""info""}","{""project"":""ce3616d9-58ad-4ec7-a294-1821e1564434"",""environment"":""fb6513d0-42a4-4660-82b5-509c54b15f2a"",""service"":""4978aa94-666c-47c7-8024-3ada55195a51"",""deployment"":""b4365154-eadc-4c11-b568-5a096850e705"",""replica"":""56b3bc11-84b5-4316-abf1-2dec254f4739""}",2026-03-28T00:08:22.775897664Z
  isNewLogin: undefined,info,"{""level"":""info""}","{""project"":""ce3616d9-58ad-4ec7-a294-1821e1564434"",""environment"":""fb6513d0-42a4-4660-82b5-509c54b15f2a"",""service"":""4978aa94-666c-47c7-8024-3ada55195a51"",""deployment"":""b4365154-eadc-4c11-b568-5a096850e705"",""replica"":""56b3bc11-84b5-4316-abf1-2dec254f4739""}",2026-03-28T00:08:22.775902570Z
},info,"{""level"":""info""}","{""project"":""ce3616d9-58ad-4ec7-a294-1821e1564434"",""environment"":""fb6513d0-42a4-4660-82b5-509c54b15f2a"",""service"":""4978aa94-666c-47c7-8024-3ada55195a51"",""deployment"":""b4365154-eadc-4c11-b568-5a096850e705"",""replica"":""56b3bc11-84b5-4316-abf1-2dec254f4739""}",2026-03-28T00:08:22.775906895Z
==========================================,info,"{""level"":""info""}","{""project"":""ce3616d9-58ad-4ec7-a294-1821e1564434"",""environment"":""fb6513d0-42a4-4660-82b5-509c54b15f2a"",""service"":""4978aa94-666c-47c7-8024-3ada55195a51"",""deployment"":""b4365154-eadc-4c11-b568-5a096850e705"",""replica"":""56b3bc11-84b5-4316-abf1-2dec254f4739""}",2026-03-28T00:08:22.775913568Z
[DB] Synced 3 accounts to database,info,"{""level"":""info""}","{""project"":""ce3616d9-58ad-4ec7-a294-1821e1564434"",""environment"":""fb6513d0-42a4-4660-82b5-509c54b15f2a"",""service"":""4978aa94-666c-47c7-8024-3ada55195a51"",""deployment"":""b4365154-eadc-4c11-b568-5a096850e705"",""replica"":""56b3bc11-84b5-4316-abf1-2dec254f4739""}",2026-03-28T00:08:22.779929722Z
[NETWORK] HTTPS test TIMEOUT,info,"{""level"":""info""}","{""project"":""ce3616d9-58ad-4ec7-a294-1821e1564434"",""environment"":""fb6513d0-42a4-4660-82b5-509c54b15f2a"",""service"":""4978aa94-666c-47c7-8024-3ada55195a51"",""deployment"":""b4365154-eadc-4c11-b568-5a096850e705"",""replica"":""56b3bc11-84b5-4316-abf1-2dec254f4739""}",2026-03-28T00:08:30.070816163Z
[WS NATIVE SEND] Sending for akunpairing1 type: object preview: AAArzyLLfgmOvaivO0c6eEWfFJMARp2ZplhQvH+k1W+Pumrwax9vUsczYmFwpw==,info,"{""level"":""info""}","{""project"":""ce3616d9-58ad-4ec7-a294-1821e1564434"",""environment"":""fb6513d0-42a4-4660-82b5-509c54b15f2a"",""service"":""4978aa94-666c-47c7-8024-3ada55195a51"",""deployment"":""b4365154-eadc-4c11-b568-5a096850e705"",""replica"":""56b3bc11-84b5-4316-abf1-2dec254f4739""}",2026-03-28T00:08:59.507946514Z
[WS NATIVE MESSAGE] Received for akunpairing1 binary: true len: 47 preview: AAAsZVvz2blDDqzlLvjdZQKxvVvULyAw77YzIU6A3v29PhAdDeBPG2Jq0H2YOyw=,info,"{""level"":""info""}","{""project"":""ce3616d9-58ad-4ec7-a294-1821e1564434"",""environment"":""fb6513d0-42a4-4660-82b5-509c54b15f2a"",""service"":""4978aa94-666c-47c7-8024-3ada55195a51"",""deployment"":""b4365154-eadc-4c11-b568-5a096850e705"",""replica"":""56b3bc11-84b5-4316-abf1-2dec254f4739""}",2026-03-28T00:08:59.507963867Z
[WS NATIVE MESSAGE] Received for akunpairing1 binary: true len: 448 preview: AAG9kbw4IRq8NfPFjl30039h1HzUROVbkOq4+9E3cDhDfPqenAZRBu67h1rwgh7h1WU=...,info,"{""level"":""info""}","{""project"":""ce3616d9-58ad-4ec7-a294-1821e1564434"",""environment"":""fb6513d0-42a4-4660-82b5-509c54b15f2a"",""service"":""4978aa94-666c-47c7-8024-3ada55195a51"",""deployment"":""b4365154-eadc-4c11-b568-5a096850e705"",""replica"":""56b3bc11-84b5-4316-abf1-2dec254f4739""}",2026-03-28T00:08:59.507973514Z
Event buffer activated,info,"{""time"":1774656530455,""pid"":94,""hostname"":""9a45ddc40bc4"",""level"":""info""}","{""project"":""ce3616d9-58ad-4ec7-a294-1821e1564434"",""environment"":""fb6513d0-42a4-4660-82b5-509c54b15f2a"",""service"":""4978aa94-666c-47c7-8024-3ada55195a51"",""deployment"":""b4365154-eadc-4c11-b568-5a096850e705"",""replica"":""56b3bc11-84b5-4316-abf1-2dec254f4739""}",2026-03-28T00:08:59.507988305Z
[WS NATIVE SEND] Sending for akunpairing1 type: object preview: AAH53LqGy9sqKFsxZyUPGVyyglkg9DIW9QkRmU1wqmDvIObcNrScQ1HWqGv64vaOceA=,info,"{""level"":""info""}","{""project"":""ce3616d9-58ad-4ec7-a294-1821e1564434"",""environment"":""fb6513d0-42a4-4660-82b5-509c54b15f2a"",""service"":""4978aa94-666c-47c7-8024-3ada55195a51"",""deployment"":""b4365154-eadc-4c11-b568-5a096850e705"",""replica"":""56b3bc11-84b5-4316-abf1-2dec254f4739""}",2026-03-28T00:08:59.508000673Z
[WS NATIVE MESSAGE] Received for akunpairing1 binary: true len: 39 preview: AAAkcp39updLsX9cglADk1d/e45NcamPRyelCrriF2OZf3JpaOMc,info,"{""level"":""info""}","{""project"":""ce3616d9-58ad-4ec7-a294-1821e1564434"",""environment"":""fb6513d0-42a4-4660-82b5-509c54b15f2a"",""service"":""4978aa94-666c-47c7-8024-3ada55195a51"",""deployment"":""b4365154-eadc-4c11-b568-5a096850e705"",""replica"":""56b3bc11-84b5-4316-abf1-2dec254f4739""}",2026-03-28T00:08:59.508009183Z
sent ack,info,"{""time"":1774656530730,""pid"":94,""hostname"":""9a45ddc40bc4"",""recv"":{""tag"":""notification"",""attrs"":{""from"":""@s.whatsapp.net"",""type"":""link_code_companion_reg"",""id"":""878746646"",""t"":""1774656530""}},""sent"":{""id"":""878746646"",""to"":""@s.whatsapp.net"",""class"":""notification"",""type"":""link_code_companion_reg""},""level"":""info""}","{""project"":""ce3616d9-58ad-4ec7-a294-1821e1564434"",""environment"":""fb6513d0-42a4-4660-82b5-509c54b15f2a"",""service"":""4978aa94-666c-47c7-8024-3ada55195a51"",""deployment"":""b4365154-eadc-4c11-b568-5a096850e705"",""replica"":""56b3bc11-84b5-4316-abf1-2dec254f4739""}",2026-03-28T00:08:59.508017620Z
[WS NATIVE SEND] Sending for akunpairing1 type: object preview: AAA8+7GVRCaq9W41MUGTEmT/lNC0YjLAStlnldFH8gAfK+rT0hK1dHAHVEff0WNWXuI=,info,"{""level"":""info""}","{""project"":""ce3616d9-58ad-4ec7-a294-1821e1564434"",""environment"":""fb6513d0-42a4-4660-82b5-509c54b15f2a"",""service"":""4978aa94-666c-47c7-8024-3ada55195a51"",""deployment"":""b4365154-eadc-4c11-b568-5a096850e705"",""replica"":""56b3bc11-84b5-4316-abf1-2dec254f4739""}",2026-03-28T00:08:59.508025844Z
Flushing event buffer,info,"{""time"":1774656530732,""pid"":94,""hostname"":""9a45ddc40bc4"",""level"":""info""}","{""project"":""ce3616d9-58ad-4ec7-a294-1821e1564434"",""environment"":""fb6513d0-42a4-4660-82b5-509c54b15f2a"",""service"":""4978aa94-666c-47c7-8024-3ada55195a51"",""deployment"":""b4365154-eadc-4c11-b568-5a096850e705"",""replica"":""56b3bc11-84b5-4316-abf1-2dec254f4739""}",2026-03-28T00:08:59.508034546Z
[DB] Synced 2 accounts to database,info,"{""level"":""info""}","{""project"":""ce3616d9-58ad-4ec7-a294-1821e1564434"",""environment"":""fb6513d0-42a4-4660-82b5-509c54b15f2a"",""service"":""4978aa94-666c-47c7-8024-3ada55195a51"",""deployment"":""b4365154-eadc-4c11-b568-5a096850e705"",""replica"":""56b3bc11-84b5-4316-abf1-2dec254f4739""}",2026-03-28T00:08:59.508042781Z
[WS NATIVE MESSAGE] Received for akunpairing1 binary: true len: 723 preview: AALQnGGag1TpYmiTAPhoDE6xwZwHLQcN9NjH7DqjE7tGz8b6B19xMTf4mEbrxFUDqDI=...,info,"{""level"":""info""}","{""project"":""ce3616d9-58ad-4ec7-a294-1821e1564434"",""environment"":""fb6513d0-42a4-4660-82b5-509c54b15f2a"",""service"":""4978aa94-666c-47c7-8024-3ada55195a51"",""deployment"":""b4365154-eadc-4c11-b568-5a096850e705"",""replica"":""56b3bc11-84b5-4316-abf1-2dec254f4739""}",2026-03-28T00:08:59.508051533Z
pair success recv,info,"{""time"":1774656536313,""pid"":94,""hostname"":""9a45ddc40bc4"",""level"":""info""}","{""project"":""ce3616d9-58ad-4ec7-a294-1821e1564434"",""environment"":""fb6513d0-42a4-4660-82b5-509c54b15f2a"",""service"":""4978aa94-666c-47c7-8024-3ada55195a51"",""deployment"":""b4365154-eadc-4c11-b568-5a096850e705"",""replica"":""56b3bc11-84b5-4316-abf1-2dec254f4739""}",2026-03-28T00:08:59.508059898Z
[WS NATIVE SEND] Sending for akunpairing1 type: object preview: AAAUwFmNRuEG35PQMMHCZhAbHEWCQyc=,info,"{""level"":""info""}","{""project"":""ce3616d9-58ad-4ec7-a294-1821e1564434"",""environment"":""fb6513d0-42a4-4660-82b5-509c54b15f2a"",""service"":""4978aa94-666c-47c7-8024-3ada55195a51"",""deployment"":""b4365154-eadc-4c11-b568-5a096850e705"",""replica"":""56b3bc11-84b5-4316-abf1-2dec254f4739""}",2026-03-28T00:08:59.514949920Z
==========================================,info,"{""level"":""info""}","{""project"":""ce3616d9-58ad-4ec7-a294-1821e1564434"",""environment"":""fb6513d0-42a4-4660-82b5-509c54b15f2a"",""service"":""4978aa94-666c-47c7-8024-3ada55195a51"",""deployment"":""b4365154-eadc-4c11-b568-5a096850e705"",""replica"":""56b3bc11-84b5-4316-abf1-2dec254f4739""}",2026-03-28T00:08:59.514962082Z
[CONNECTION UPDATE] ✅ EVENT RECEIVED! {,info,"{""level"":""info""}","{""project"":""ce3616d9-58ad-4ec7-a294-1821e1564434"",""environment"":""fb6513d0-42a4-4660-82b5-509c54b15f2a"",""service"":""4978aa94-666c-47c7-8024-3ada55195a51"",""deployment"":""b4365154-eadc-4c11-b568-5a096850e705"",""replica"":""56b3bc11-84b5-4316-abf1-2dec254f4739""}",2026-03-28T00:08:59.514969962Z
"  accountId: 'akunpairing1',",info,"{""level"":""info""}","{""project"":""ce3616d9-58ad-4ec7-a294-1821e1564434"",""environment"":""fb6513d0-42a4-4660-82b5-509c54b15f2a"",""service"":""4978aa94-666c-47c7-8024-3ada55195a51"",""deployment"":""b4365154-eadc-4c11-b568-5a096850e705"",""replica"":""56b3bc11-84b5-4316-abf1-2dec254f4739""}",2026-03-28T00:08:59.514977448Z
"  connection: undefined,",info,"{""level"":""info""}","{""project"":""ce3616d9-58ad-4ec7-a294-1821e1564434"",""environment"":""fb6513d0-42a4-4660-82b5-509c54b15f2a"",""service"":""4978aa94-666c-47c7-8024-3ada55195a51"",""deployment"":""b4365154-eadc-4c11-b568-5a096850e705"",""replica"":""56b3bc11-84b5-4316-abf1-2dec254f4739""}",2026-03-28T00:08:59.514984573Z
"  hasQr: false,",info,"{""level"":""info""}","{""project"":""ce3616d9-58ad-4ec7-a294-1821e1564434"",""environment"":""fb6513d0-42a4-4660-82b5-509c54b15f2a"",""service"":""4978aa94-666c-47c7-8024-3ada55195a51"",""deployment"":""b4365154-eadc-4c11-b568-5a096850e705"",""replica"":""56b3bc11-84b5-4316-abf1-2dec254f4739""}",2026-03-28T00:08:59.514993377Z
"  qrPreview: null,",info,"{""level"":""info""}","{""project"":""ce3616d9-58ad-4ec7-a294-1821e1564434"",""environment"":""fb6513d0-42a4-4660-82b5-509c54b15f2a"",""service"":""4978aa94-666c-47c7-8024-3ada55195a51"",""deployment"":""b4365154-eadc-4c11-b568-5a096850e705"",""replica"":""56b3bc11-84b5-4316-abf1-2dec254f4739""}",2026-03-28T00:08:59.515000795Z
  isNewLogin: true,info,"{""level"":""info""}","{""project"":""ce3616d9-58ad-4ec7-a294-1821e1564434"",""environment"":""fb6513d0-42a4-4660-82b5-509c54b15f2a"",""service"":""4978aa94-666c-47c7-8024-3ada55195a51"",""deployment"":""b4365154-eadc-4c11-b568-5a096850e705"",""replica"":""56b3bc11-84b5-4316-abf1-2dec254f4739""}",2026-03-28T00:08:59.515008452Z
},info,"{""level"":""info""}","{""project"":""ce3616d9-58ad-4ec7-a294-1821e1564434"",""environment"":""fb6513d0-42a4-4660-82b5-509c54b15f2a"",""service"":""4978aa94-666c-47c7-8024-3ada55195a51"",""deployment"":""b4365154-eadc-4c11-b568-5a096850e705"",""replica"":""56b3bc11-84b5-4316-abf1-2dec254f4739""}",2026-03-28T00:08:59.515016033Z
==========================================,info,"{""level"":""info""}","{""project"":""ce3616d9-58ad-4ec7-a294-1821e1564434"",""environment"":""fb6513d0-42a4-4660-82b5-509c54b15f2a"",""service"":""4978aa94-666c-47c7-8024-3ada55195a51"",""deployment"":""b4365154-eadc-4c11-b568-5a096850e705"",""replica"":""56b3bc11-84b5-4316-abf1-2dec254f4739""}",2026-03-28T00:08:59.515025029Z
[WS NATIVE SEND] Sending for akunpairing1 type: object preview: AADZ3xrdm8YdJ/2EAimD8ftnHK3ak5HsVI/MwQl8xLzTGC4UBz/635Md7KDpv0wmRc8=,info,"{""level"":""info""}","{""project"":""ce3616d9-58ad-4ec7-a294-1821e1564434"",""environment"":""fb6513d0-42a4-4660-82b5-509c54b15f2a"",""service"":""4978aa94-666c-47c7-8024-3ada55195a51"",""deployment"":""b4365154-eadc-4c11-b568-5a096850e705"",""replica"":""56b3bc11-84b5-4316-abf1-2dec254f4739""}",2026-03-28T00:08:59.515035684Z
"pairing configured successfully, expect to restart the connection...",info,"{""time"":1774656536340,""pid"":94,""hostname"":""9a45ddc40bc4"",""me"":{""id"":""6285187744634:2@s.whatsapp.net""},""platform"":""android"",""level"":""info""}","{""project"":""ce3616d9-58ad-4ec7-a294-1821e1564434"",""environment"":""fb6513d0-42a4-4660-82b5-509c54b15f2a"",""service"":""4978aa94-666c-47c7-8024-3ada55195a51"",""deployment"":""b4365154-eadc-4c11-b568-5a096850e705"",""replica"":""56b3bc11-84b5-4316-abf1-2dec254f4739""}",2026-03-28T00:08:59.515047444Z
updated pushName,info,"{""time"":1774656536340,""pid"":94,""hostname"":""9a45ddc40bc4"",""level"":""info""}","{""project"":""ce3616d9-58ad-4ec7-a294-1821e1564434"",""environment"":""fb6513d0-42a4-4660-82b5-509c54b15f2a"",""service"":""4978aa94-666c-47c7-8024-3ada55195a51"",""deployment"":""b4365154-eadc-4c11-b568-5a096850e705"",""replica"":""56b3bc11-84b5-4316-abf1-2dec254f4739""}",2026-03-28T00:08:59.515051864Z
[WS NATIVE MESSAGE] Received for akunpairing1 binary: true len: 52 preview: AAAak78xggGf8OwZu+hZxmavGDyfhax+XDBut0AAABTI28jetrdgdgJo4JRb6+WE86M=...,info,"{""level"":""info""}","{""project"":""ce3616d9-58ad-4ec7-a294-1821e1564434"",""environment"":""fb6513d0-42a4-4660-82b5-509c54b15f2a"",""service"":""4978aa94-666c-47c7-8024-3ada55195a51"",""deployment"":""b4365154-eadc-4c11-b568-5a096850e705"",""replica"":""56b3bc11-84b5-4316-abf1-2dec254f4739""}",2026-03-28T00:08:59.515057363Z
stream errored out,info,"{""time"":1774656536678,""pid"":94,""hostname"":""9a45ddc40bc4"",""node"":{""tag"":""stream:error"",""attrs"":{""code"":""515""}},""level"":""info""}","{""project"":""ce3616d9-58ad-4ec7-a294-1821e1564434"",""environment"":""fb6513d0-42a4-4660-82b5-509c54b15f2a"",""service"":""4978aa94-666c-47c7-8024-3ada55195a51"",""deployment"":""b4365154-eadc-4c11-b568-5a096850e705"",""replica"":""56b3bc11-84b5-4316-abf1-2dec254f4739""}",2026-03-28T00:08:59.515067950Z
==========================================,info,"{""level"":""info""}","{""project"":""ce3616d9-58ad-4ec7-a294-1821e1564434"",""environment"":""fb6513d0-42a4-4660-82b5-509c54b15f2a"",""service"":""4978aa94-666c-47c7-8024-3ada55195a51"",""deployment"":""b4365154-eadc-4c11-b568-5a096850e705"",""replica"":""56b3bc11-84b5-4316-abf1-2dec254f4739""}",2026-03-28T00:08:59.515073882Z
[CONNECTION UPDATE] ✅ EVENT RECEIVED! {,info,"{""level"":""info""}","{""project"":""ce3616d9-58ad-4ec7-a294-1821e1564434"",""environment"":""fb6513d0-42a4-4660-82b5-509c54b15f2a"",""service"":""4978aa94-666c-47c7-8024-3ada55195a51"",""deployment"":""b4365154-eadc-4c11-b568-5a096850e705"",""replica"":""56b3bc11-84b5-4316-abf1-2dec254f4739""}",2026-03-28T00:08:59.515078811Z
"  accountId: 'akunpairing1',",info,"{""level"":""info""}","{""project"":""ce3616d9-58ad-4ec7-a294-1821e1564434"",""environment"":""fb6513d0-42a4-4660-82b5-509c54b15f2a"",""service"":""4978aa94-666c-47c7-8024-3ada55195a51"",""deployment"":""b4365154-eadc-4c11-b568-5a096850e705"",""replica"":""56b3bc11-84b5-4316-abf1-2dec254f4739""}",2026-03-28T00:08:59.515086212Z
"  connection: 'close',",info,"{""level"":""info""}","{""project"":""ce3616d9-58ad-4ec7-a294-1821e1564434"",""environment"":""fb6513d0-42a4-4660-82b5-509c54b15f2a"",""service"":""4978aa94-666c-47c7-8024-3ada55195a51"",""deployment"":""b4365154-eadc-4c11-b568-5a096850e705"",""replica"":""56b3bc11-84b5-4316-abf1-2dec254f4739""}",2026-03-28T00:08:59.515092833Z
"  hasQr: false,",info,"{""level"":""info""}","{""project"":""ce3616d9-58ad-4ec7-a294-1821e1564434"",""environment"":""fb6513d0-42a4-4660-82b5-509c54b15f2a"",""service"":""4978aa94-666c-47c7-8024-3ada55195a51"",""deployment"":""b4365154-eadc-4c11-b568-5a096850e705"",""replica"":""56b3bc11-84b5-4316-abf1-2dec254f4739""}",2026-03-28T00:08:59.515099447Z
"  qrPreview: null,",info,"{""level"":""info""}","{""project"":""ce3616d9-58ad-4ec7-a294-1821e1564434"",""environment"":""fb6513d0-42a4-4660-82b5-509c54b15f2a"",""service"":""4978aa94-666c-47c7-8024-3ada55195a51"",""deployment"":""b4365154-eadc-4c11-b568-5a096850e705"",""replica"":""56b3bc11-84b5-4316-abf1-2dec254f4739""}",2026-03-28T00:08:59.519713046Z
  isNewLogin: undefined,info,"{""level"":""info""}","{""project"":""ce3616d9-58ad-4ec7-a294-1821e1564434"",""environment"":""fb6513d0-42a4-4660-82b5-509c54b15f2a"",""service"":""4978aa94-666c-47c7-8024-3ada55195a51"",""deployment"":""b4365154-eadc-4c11-b568-5a096850e705"",""replica"":""56b3bc11-84b5-4316-abf1-2dec254f4739""}",2026-03-28T00:08:59.519729663Z
},info,"{""level"":""info""}","{""project"":""ce3616d9-58ad-4ec7-a294-1821e1564434"",""environment"":""fb6513d0-42a4-4660-82b5-509c54b15f2a"",""service"":""4978aa94-666c-47c7-8024-3ada55195a51"",""deployment"":""b4365154-eadc-4c11-b568-5a096850e705"",""replica"":""56b3bc11-84b5-4316-abf1-2dec254f4739""}",2026-03-28T00:08:59.519741436Z
==========================================,info,"{""level"":""info""}","{""project"":""ce3616d9-58ad-4ec7-a294-1821e1564434"",""environment"":""fb6513d0-42a4-4660-82b5-509c54b15f2a"",""service"":""4978aa94-666c-47c7-8024-3ada55195a51"",""deployment"":""b4365154-eadc-4c11-b568-5a096850e705"",""replica"":""56b3bc11-84b5-4316-abf1-2dec254f4739""}",2026-03-28T00:08:59.519760010Z
[CONNECTION] ❌ Disconnected: akunpairing1 code: 515 error: Stream Errored (restart required),info,"{""level"":""info""}","{""project"":""ce3616d9-58ad-4ec7-a294-1821e1564434"",""environment"":""fb6513d0-42a4-4660-82b5-509c54b15f2a"",""service"":""4978aa94-666c-47c7-8024-3ada55195a51"",""deployment"":""b4365154-eadc-4c11-b568-5a096850e705"",""replica"":""56b3bc11-84b5-4316-abf1-2dec254f4739""}",2026-03-28T00:08:59.519788168Z
connection errored,info,"{""time"":1774656536679,""pid"":94,""hostname"":""9a45ddc40bc4"",""trace"":""Error: Stream Errored (restart required)\n    at WebSocketClient.<anonymous> (/app/mini-services/whatsapp-service/node_modules/@whiskeysockets/baileys/src/Socket/socket.ts:648:7)\n    at WebSocketClient.emit (node:events:519:28)\n    at <anonymous> (/app/mini-services/whatsapp-service/node_modules/@whiskeysockets/baileys/src/Socket/socket.ts:327:23)\n    at Object.decodeFrame (/app/mini-services/whatsapp-service/node_modules/@whiskeysockets/baileys/src/Utils/noise-handler.ts:187:5)\n    at process.processTicksAndRejections (node:internal/process/task_queues:105:5)"",""level"":""info""}","{""project"":""ce3616d9-58ad-4ec7-a294-1821e1564434"",""environment"":""fb6513d0-42a4-4660-82b5-509c54b15f2a"",""service"":""4978aa94-666c-47c7-8024-3ada55195a51"",""deployment"":""b4365154-eadc-4c11-b568-5a096850e705"",""replica"":""56b3bc11-84b5-4316-abf1-2dec254f4739""}",2026-03-28T00:08:59.519800447Z
[WS NATIVE MESSAGE] Received for akunpairing1 binary: true len: 4 preview: iAID8w==,info,"{""level"":""info""}","{""project"":""ce3616d9-58ad-4ec7-a294-1821e1564434"",""environment"":""fb6513d0-42a4-4660-82b5-509c54b15f2a"",""service"":""4978aa94-666c-47c7-8024-3ada55195a51"",""deployment"":""b4365154-eadc-4c11-b568-5a096850e705"",""replica"":""56b3bc11-84b5-4316-abf1-2dec254f4739""}",2026-03-28T00:08:59.519810541Z
[WS NATIVE CLOSE] Native WebSocket closed for akunpairing1 code: 1006 reason: ,info,"{""level"":""info""}","{""project"":""ce3616d9-58ad-4ec7-a294-1821e1564434"",""environment"":""fb6513d0-42a4-4660-82b5-509c54b15f2a"",""service"":""4978aa94-666c-47c7-8024-3ada55195a51"",""deployment"":""b4365154-eadc-4c11-b568-5a096850e705"",""replica"":""56b3bc11-84b5-4316-abf1-2dec254f4739""}",2026-03-28T00:08:59.519823259Z
[START SESSION] - creds.me exists: false,info,"{""level"":""info""}","{""project"":""ce3616d9-58ad-4ec7-a294-1821e1564434"",""environment"":""fb6513d0-42a4-4660-82b5-509c54b15f2a"",""service"":""4978aa94-666c-47c7-8024-3ada55195a51"",""deployment"":""b4365154-eadc-4c11-b568-5a096850e705"",""replica"":""56b3bc11-84b5-4316-abf1-2dec254f4739""}",2026-03-28T00:09:00.733996809Z
[START SESSION] - creds.me.id: N/A,info,"{""level"":""info""}","{""project"":""ce3616d9-58ad-4ec7-a294-1821e1564434"",""environment"":""fb6513d0-42a4-4660-82b5-509c54b15f2a"",""service"":""4978aa94-666c-47c7-8024-3ada55195a51"",""deployment"":""b4365154-eadc-4c11-b568-5a096850e705"",""replica"":""56b3bc11-84b5-4316-abf1-2dec254f4739""}",2026-03-28T00:09:00.734013689Z
[START SESSION] - creds.me.name: N/A,info,"{""level"":""info""}","{""project"":""ce3616d9-58ad-4ec7-a294-1821e1564434"",""environment"":""fb6513d0-42a4-4660-82b5-509c54b15f2a"",""service"":""4978aa94-666c-47c7-8024-3ada55195a51"",""deployment"":""b4365154-eadc-4c11-b568-5a096850e705"",""replica"":""56b3bc11-84b5-4316-abf1-2dec254f4739""}",2026-03-28T00:09:00.734025961Z
[START SESSION] - This account will: REGISTER (expect QR),info,"{""level"":""info""}","{""project"":""ce3616d9-58ad-4ec7-a294-1821e1564434"",""environment"":""fb6513d0-42a4-4660-82b5-509c54b15f2a"",""service"":""4978aa94-666c-47c7-8024-3ada55195a51"",""deployment"":""b4365154-eadc-4c11-b568-5a096850e705"",""replica"":""56b3bc11-84b5-4316-abf1-2dec254f4739""}",2026-03-28T00:09:00.734035918Z
==========================================,info,"{""level"":""info""}","{""project"":""ce3616d9-58ad-4ec7-a294-1821e1564434"",""environment"":""fb6513d0-42a4-4660-82b5-509c54b15f2a"",""service"":""4978aa94-666c-47c7-8024-3ada55195a51"",""deployment"":""b4365154-eadc-4c11-b568-5a096850e705"",""replica"":""56b3bc11-84b5-4316-abf1-2dec254f4739""}",2026-03-28T00:09:00.734149176Z
[START SESSION] Called with: {,info,"{""level"":""info""}","{""project"":""ce3616d9-58ad-4ec7-a294-1821e1564434"",""environment"":""fb6513d0-42a4-4660-82b5-509c54b15f2a"",""service"":""4978aa94-666c-47c7-8024-3ada55195a51"",""deployment"":""b4365154-eadc-4c11-b568-5a096850e705"",""replica"":""56b3bc11-84b5-4316-abf1-2dec254f4739""}",2026-03-28T00:09:00.734155544Z
"  accountId: 'akunpairing1',",info,"{""level"":""info""}","{""project"":""ce3616d9-58ad-4ec7-a294-1821e1564434"",""environment"":""fb6513d0-42a4-4660-82b5-509c54b15f2a"",""service"":""4978aa94-666c-47c7-8024-3ada55195a51"",""deployment"":""b4365154-eadc-4c11-b568-5a096850e705"",""replica"":""56b3bc11-84b5-4316-abf1-2dec254f4739""}",2026-03-28T00:09:00.734161895Z
"  usePairingCode: false,",info,"{""level"":""info""}","{""project"":""ce3616d9-58ad-4ec7-a294-1821e1564434"",""environment"":""fb6513d0-42a4-4660-82b5-509c54b15f2a"",""service"":""4978aa94-666c-47c7-8024-3ada55195a51"",""deployment"":""b4365154-eadc-4c11-b568-5a096850e705"",""replica"":""56b3bc11-84b5-4316-abf1-2dec254f4739""}",2026-03-28T00:09:00.734169691Z
"  phoneNumber: undefined,",info,"{""level"":""info""}","{""project"":""ce3616d9-58ad-4ec7-a294-1821e1564434"",""environment"":""fb6513d0-42a4-4660-82b5-509c54b15f2a"",""service"":""4978aa94-666c-47c7-8024-3ada55195a51"",""deployment"":""b4365154-eadc-4c11-b568-5a096850e705"",""replica"":""56b3bc11-84b5-4316-abf1-2dec254f4739""}",2026-03-28T00:09:00.734175934Z
  forceNew: true,info,"{""level"":""info""}","{""project"":""ce3616d9-58ad-4ec7-a294-1821e1564434"",""environment"":""fb6513d0-42a4-4660-82b5-509c54b15f2a"",""service"":""4978aa94-666c-47c7-8024-3ada55195a51"",""deployment"":""b4365154-eadc-4c11-b568-5a096850e705"",""replica"":""56b3bc11-84b5-4316-abf1-2dec254f4739""}",2026-03-28T00:09:00.734182559Z
},info,"{""level"":""info""}","{""project"":""ce3616d9-58ad-4ec7-a294-1821e1564434"",""environment"":""fb6513d0-42a4-4660-82b5-509c54b15f2a"",""service"":""4978aa94-666c-47c7-8024-3ada55195a51"",""deployment"":""b4365154-eadc-4c11-b568-5a096850e705"",""replica"":""56b3bc11-84b5-4316-abf1-2dec254f4739""}",2026-03-28T00:09:00.734189086Z
[START SESSION] Current accounts: [],info,"{""level"":""info""}","{""project"":""ce3616d9-58ad-4ec7-a294-1821e1564434"",""environment"":""fb6513d0-42a4-4660-82b5-509c54b15f2a"",""service"":""4978aa94-666c-47c7-8024-3ada55195a51"",""deployment"":""b4365154-eadc-4c11-b568-5a096850e705"",""replica"":""56b3bc11-84b5-4316-abf1-2dec254f4739""}",2026-03-28T00:09:00.734195698Z
==========================================,info,"{""level"":""info""}","{""project"":""ce3616d9-58ad-4ec7-a294-1821e1564434"",""environment"":""fb6513d0-42a4-4660-82b5-509c54b15f2a"",""service"":""4978aa94-666c-47c7-8024-3ada55195a51"",""deployment"":""b4365154-eadc-4c11-b568-5a096850e705"",""replica"":""56b3bc11-84b5-4316-abf1-2dec254f4739""}",2026-03-28T00:09:00.734203141Z
"[START SESSION] forceNew=true, clearing old session data...",info,"{""level"":""info""}","{""project"":""ce3616d9-58ad-4ec7-a294-1821e1564434"",""environment"":""fb6513d0-42a4-4660-82b5-509c54b15f2a"",""service"":""4978aa94-666c-47c7-8024-3ada55195a51"",""deployment"":""b4365154-eadc-4c11-b568-5a096850e705"",""replica"":""56b3bc11-84b5-4316-abf1-2dec254f4739""}",2026-03-28T00:09:00.734209421Z
[CLEAR SESSION] Attempting to clear session for: akunpairing1,info,"{""level"":""info""}","{""project"":""ce3616d9-58ad-4ec7-a294-1821e1564434"",""environment"":""fb6513d0-42a4-4660-82b5-509c54b15f2a"",""service"":""4978aa94-666c-47c7-8024-3ada55195a51"",""deployment"":""b4365154-eadc-4c11-b568-5a096850e705"",""replica"":""56b3bc11-84b5-4316-abf1-2dec254f4739""}",2026-03-28T00:09:00.734216623Z
[CLEAR SESSION] Session path: /app/mini-services/whatsapp-service/sessions/akunpairing1,info,"{""level"":""info""}","{""project"":""ce3616d9-58ad-4ec7-a294-1821e1564434"",""environment"":""fb6513d0-42a4-4660-82b5-509c54b15f2a"",""service"":""4978aa94-666c-47c7-8024-3ada55195a51"",""deployment"":""b4365154-eadc-4c11-b568-5a096850e705"",""replica"":""56b3bc11-84b5-4316-abf1-2dec254f4739""}",2026-03-28T00:09:00.734223183Z
[CLEAR SESSION] Session directory exists,info,"{""level"":""info""}","{""project"":""ce3616d9-58ad-4ec7-a294-1821e1564434"",""environment"":""fb6513d0-42a4-4660-82b5-509c54b15f2a"",""service"":""4978aa94-666c-47c7-8024-3ada55195a51"",""deployment"":""b4365154-eadc-4c11-b568-5a096850e705"",""replica"":""56b3bc11-84b5-4316-abf1-2dec254f4739""}",2026-03-28T00:09:00.734229240Z
[CLEAR SESSION] Deleting session directory with rimraf...,info,"{""level"":""info""}","{""project"":""ce3616d9-58ad-4ec7-a294-1821e1564434"",""environment"":""fb6513d0-42a4-4660-82b5-509c54b15f2a"",""service"":""4978aa94-666c-47c7-8024-3ada55195a51"",""deployment"":""b4365154-eadc-4c11-b568-5a096850e705"",""replica"":""56b3bc11-84b5-4316-abf1-2dec254f4739""}",2026-03-28T00:09:00.734236647Z
[CLEAR SESSION] ✅ Session directory successfully deleted,info,"{""level"":""info""}","{""project"":""ce3616d9-58ad-4ec7-a294-1821e1564434"",""environment"":""fb6513d0-42a4-4660-82b5-509c54b15f2a"",""service"":""4978aa94-666c-47c7-8024-3ada55195a51"",""deployment"":""b4365154-eadc-4c11-b568-5a096850e705"",""replica"":""56b3bc11-84b5-4316-abf1-2dec254f4739""}",2026-03-28T00:09:00.734243142Z
[START SESSION] ✅ Session data cleared successfully,info,"{""level"":""info""}","{""project"":""ce3616d9-58ad-4ec7-a294-1821e1564434"",""environment"":""fb6513d0-42a4-4660-82b5-509c54b15f2a"",""service"":""4978aa94-666c-47c7-8024-3ada55195a51"",""deployment"":""b4365154-eadc-4c11-b568-5a096850e705"",""replica"":""56b3bc11-84b5-4316-abf1-2dec254f4739""}",2026-03-28T00:09:00.734256437Z
[START SESSION] Session directory created: /app/mini-services/whatsapp-service/sessions/akunpairing1,info,"{""level"":""info""}","{""project"":""ce3616d9-58ad-4ec7-a294-1821e1564434"",""environment"":""fb6513d0-42a4-4660-82b5-509c54b15f2a"",""service"":""4978aa94-666c-47c7-8024-3ada55195a51"",""deployment"":""b4365154-eadc-4c11-b568-5a096850e705"",""replica"":""56b3bc11-84b5-4316-abf1-2dec254f4739""}",2026-03-28T00:09:00.734263353Z
[START SESSION] Loading auth state...,info,"{""level"":""info""}","{""project"":""ce3616d9-58ad-4ec7-a294-1821e1564434"",""environment"":""fb6513d0-42a4-4660-82b5-509c54b15f2a"",""service"":""4978aa94-666c-47c7-8024-3ada55195a51"",""deployment"":""b4365154-eadc-4c11-b568-5a096850e705"",""replica"":""56b3bc11-84b5-4316-abf1-2dec254f4739""}",2026-03-28T00:09:00.734270517Z
[START SESSION] Auth state loaded:,info,"{""level"":""info""}","{""project"":""ce3616d9-58ad-4ec7-a294-1821e1564434"",""environment"":""fb6513d0-42a4-4660-82b5-509c54b15f2a"",""service"":""4978aa94-666c-47c7-8024-3ada55195a51"",""deployment"":""b4365154-eadc-4c11-b568-5a096850e705"",""replica"":""56b3bc11-84b5-4316-abf1-2dec254f4739""}",2026-03-28T00:09:00.734276917Z
[START SESSION] - hasCreds: true,info,"{""level"":""info""}","{""project"":""ce3616d9-58ad-4ec7-a294-1821e1564434"",""environment"":""fb6513d0-42a4-4660-82b5-509c54b15f2a"",""service"":""4978aa94-666c-47c7-8024-3ada55195a51"",""deployment"":""b4365154-eadc-4c11-b568-5a096850e705"",""replica"":""56b3bc11-84b5-4316-abf1-2dec254f4739""}",2026-03-28T00:09:00.734283647Z
[START SESSION] Fetching Baileys version...,info,"{""level"":""info""}","{""project"":""ce3616d9-58ad-4ec7-a294-1821e1564434"",""environment"":""fb6513d0-42a4-4660-82b5-509c54b15f2a"",""service"":""4978aa94-666c-47c7-8024-3ada55195a51"",""deployment"":""b4365154-eadc-4c11-b568-5a096850e705"",""replica"":""56b3bc11-84b5-4316-abf1-2dec254f4739""}",2026-03-28T00:09:01.677106263Z
"[START SESSION] Baileys version: [ 2, 3000, 1035194821 ]",info,"{""level"":""info""}","{""project"":""ce3616d9-58ad-4ec7-a294-1821e1564434"",""environment"":""fb6513d0-42a4-4660-82b5-509c54b15f2a"",""service"":""4978aa94-666c-47c7-8024-3ada55195a51"",""deployment"":""b4365154-eadc-4c11-b568-5a096850e705"",""replica"":""56b3bc11-84b5-4316-abf1-2dec254f4739""}",2026-03-28T00:09:01.677113837Z
[START SESSION] Creating WhatsApp socket...,info,"{""level"":""info""}","{""project"":""ce3616d9-58ad-4ec7-a294-1821e1564434"",""environment"":""fb6513d0-42a4-4660-82b5-509c54b15f2a"",""service"":""4978aa94-666c-47c7-8024-3ada55195a51"",""deployment"":""b4365154-eadc-4c11-b568-5a096850e705"",""replica"":""56b3bc11-84b5-4316-abf1-2dec254f4739""}",2026-03-28T00:09:01.677120487Z
[NETWORK] Testing connectivity to WhatsApp servers...,info,"{""level"":""info""}","{""project"":""ce3616d9-58ad-4ec7-a294-1821e1564434"",""environment"":""fb6513d0-42a4-4660-82b5-509c54b15f2a"",""service"":""4978aa94-666c-47c7-8024-3ada55195a51"",""deployment"":""b4365154-eadc-4c11-b568-5a096850e705"",""replica"":""56b3bc11-84b5-4316-abf1-2dec254f4739""}",2026-03-28T00:09:01.677126401Z
[NETWORK] DNS resolution for web.whatsapp.com: [ '57.144.15.32' ],info,"{""level"":""info""}","{""project"":""ce3616d9-58ad-4ec7-a294-1821e1564434"",""environment"":""fb6513d0-42a4-4660-82b5-509c54b15f2a"",""service"":""4978aa94-666c-47c7-8024-3ada55195a51"",""deployment"":""b4365154-eadc-4c11-b568-5a096850e705"",""replica"":""56b3bc11-84b5-4316-abf1-2dec254f4739""}",2026-03-28T00:09:01.677133734Z
[NETWORK] HTTPS test to web.whatsapp.com: Status 200,info,"{""level"":""info""}","{""project"":""ce3616d9-58ad-4ec7-a294-1821e1564434"",""environment"":""fb6513d0-42a4-4660-82b5-509c54b15f2a"",""service"":""4978aa94-666c-47c7-8024-3ada55195a51"",""deployment"":""b4365154-eadc-4c11-b568-5a096850e705"",""replica"":""56b3bc11-84b5-4316-abf1-2dec254f4739""}",2026-03-28T00:09:01.677144167Z
[SOCKET] makeWASocket created for: akunpairing1,info,"{""level"":""info""}","{""project"":""ce3616d9-58ad-4ec7-a294-1821e1564434"",""environment"":""fb6513d0-42a4-4660-82b5-509c54b15f2a"",""service"":""4978aa94-666c-47c7-8024-3ada55195a51"",""deployment"":""b4365154-eadc-4c11-b568-5a096850e705"",""replica"":""56b3bc11-84b5-4316-abf1-2dec254f4739""}",2026-03-28T00:09:01.677151388Z
[SOCKET] Socket has ev? true,info,"{""level"":""info""}","{""project"":""ce3616d9-58ad-4ec7-a294-1821e1564434"",""environment"":""fb6513d0-42a4-4660-82b5-509c54b15f2a"",""service"":""4978aa94-666c-47c7-8024-3ada55195a51"",""deployment"":""b4365154-eadc-4c11-b568-5a096850e705"",""replica"":""56b3bc11-84b5-4316-abf1-2dec254f4739""}",2026-03-28T00:09:01.677157091Z
[SOCKET] Socket has ws? true,info,"{""level"":""info""}","{""project"":""ce3616d9-58ad-4ec7-a294-1821e1564434"",""environment"":""fb6513d0-42a4-4660-82b5-509c54b15f2a"",""service"":""4978aa94-666c-47c7-8024-3ada55195a51"",""deployment"":""b4365154-eadc-4c11-b568-5a096850e705"",""replica"":""56b3bc11-84b5-4316-abf1-2dec254f4739""}",2026-03-28T00:09:01.677162490Z
[SOCKET] Socket user? undefined,info,"{""level"":""info""}","{""project"":""ce3616d9-58ad-4ec7-a294-1821e1564434"",""environment"":""fb6513d0-42a4-4660-82b5-509c54b15f2a"",""service"":""4978aa94-666c-47c7-8024-3ada55195a51"",""deployment"":""b4365154-eadc-4c11-b568-5a096850e705"",""replica"":""56b3bc11-84b5-4316-abf1-2dec254f4739""}",2026-03-28T00:09:01.677169560Z
[ACCOUNT] ✅ Added pending account to map immediately: akunpairing1,info,"{""level"":""info""}","{""project"":""ce3616d9-58ad-4ec7-a294-1821e1564434"",""environment"":""fb6513d0-42a4-4660-82b5-509c54b15f2a"",""service"":""4978aa94-666c-47c7-8024-3ada55195a51"",""deployment"":""b4365154-eadc-4c11-b568-5a096850e705"",""replica"":""56b3bc11-84b5-4316-abf1-2dec254f4739""}",2026-03-28T00:09:01.677175414Z
[SOCKET] 🚀 Registering connection.update handler IMMEDIATELY for: akunpairing1,info,"{""level"":""info""}","{""project"":""ce3616d9-58ad-4ec7-a294-1821e1564434"",""environment"":""fb6513d0-42a4-4660-82b5-509c54b15f2a"",""service"":""4978aa94-666c-47c7-8024-3ada55195a51"",""deployment"":""b4365154-eadc-4c11-b568-5a096850e705"",""replica"":""56b3bc11-84b5-4316-abf1-2dec254f4739""}",2026-03-28T00:09:01.677181305Z
[SOCKET] ✅ Event handlers registered IMMEDIATELY,info,"{""level"":""info""}","{""project"":""ce3616d9-58ad-4ec7-a294-1821e1564434"",""environment"":""fb6513d0-42a4-4660-82b5-509c54b15f2a"",""service"":""4978aa94-666c-47c7-8024-3ada55195a51"",""deployment"":""b4365154-eadc-4c11-b568-5a096850e705"",""replica"":""56b3bc11-84b5-4316-abf1-2dec254f4739""}",2026-03-28T00:09:01.677187570Z
[WS] Native WebSocket exists: true,info,"{""level"":""info""}","{""project"":""ce3616d9-58ad-4ec7-a294-1821e1564434"",""environment"":""fb6513d0-42a4-4660-82b5-509c54b15f2a"",""service"":""4978aa94-666c-47c7-8024-3ada55195a51"",""deployment"":""b4365154-eadc-4c11-b568-5a096850e705"",""replica"":""56b3bc11-84b5-4316-abf1-2dec254f4739""}",2026-03-28T00:09:01.677195463Z
[WS] Native WebSocket state: 0 = CONNECTING,info,"{""level"":""info""}","{""project"":""ce3616d9-58ad-4ec7-a294-1821e1564434"",""environment"":""fb6513d0-42a4-4660-82b5-509c54b15f2a"",""service"":""4978aa94-666c-47c7-8024-3ada55195a51"",""deployment"":""b4365154-eadc-4c11-b568-5a096850e705"",""replica"":""56b3bc11-84b5-4316-abf1-2dec254f4739""}",2026-03-28T00:09:01.677201847Z
[WS] WebSocketClient isConnecting: true,info,"{""level"":""info""}","{""project"":""ce3616d9-58ad-4ec7-a294-1821e1564434"",""environment"":""fb6513d0-42a4-4660-82b5-509c54b15f2a"",""service"":""4978aa94-666c-47c7-8024-3ada55195a51"",""deployment"":""b4365154-eadc-4c11-b568-5a096850e705"",""replica"":""56b3bc11-84b5-4316-abf1-2dec254f4739""}",2026-03-28T00:09:01.677208470Z
[WS] WebSocketClient isOpen: false,info,"{""level"":""info""}","{""project"":""ce3616d9-58ad-4ec7-a294-1821e1564434"",""environment"":""fb6513d0-42a4-4660-82b5-509c54b15f2a"",""service"":""4978aa94-666c-47c7-8024-3ada55195a51"",""deployment"":""b4365154-eadc-4c11-b568-5a096850e705"",""replica"":""56b3bc11-84b5-4316-abf1-2dec254f4739""}",2026-03-28T00:09:01.677215812Z
[WS] WebSocketClient isClosed: false,info,"{""level"":""info""}","{""project"":""ce3616d9-58ad-4ec7-a294-1821e1564434"",""environment"":""fb6513d0-42a4-4660-82b5-509c54b15f2a"",""service"":""4978aa94-666c-47c7-8024-3ada55195a51"",""deployment"":""b4365154-eadc-4c11-b568-5a096850e705"",""replica"":""56b3bc11-84b5-4316-abf1-2dec254f4739""}",2026-03-28T00:09:01.677222905Z
[WS] WebSocket URL: URL {,info,"{""level"":""info""}","{""project"":""ce3616d9-58ad-4ec7-a294-1821e1564434"",""environment"":""fb6513d0-42a4-4660-82b5-509c54b15f2a"",""service"":""4978aa94-666c-47c7-8024-3ada55195a51"",""deployment"":""b4365154-eadc-4c11-b568-5a096850e705"",""replica"":""56b3bc11-84b5-4316-abf1-2dec254f4739""}",2026-03-28T00:09:01.677249511Z
"  href: 'wss://web.whatsapp.com/ws/chat',",info,"{""level"":""info""}","{""project"":""ce3616d9-58ad-4ec7-a294-1821e1564434"",""environment"":""fb6513d0-42a4-4660-82b5-509c54b15f2a"",""service"":""4978aa94-666c-47c7-8024-3ada55195a51"",""deployment"":""b4365154-eadc-4c11-b568-5a096850e705"",""replica"":""56b3bc11-84b5-4316-abf1-2dec254f4739""}",2026-03-28T00:09:01.677264494Z
"  origin: 'wss://web.whatsapp.com',",info,"{""level"":""info""}","{""project"":""ce3616d9-58ad-4ec7-a294-1821e1564434"",""environment"":""fb6513d0-42a4-4660-82b5-509c54b15f2a"",""service"":""4978aa94-666c-47c7-8024-3ada55195a51"",""deployment"":""b4365154-eadc-4c11-b568-5a096850e705"",""replica"":""56b3bc11-84b5-4316-abf1-2dec254f4739""}",2026-03-28T00:09:01.677272956Z
"  protocol: 'wss:',",info,"{""level"":""info""}","{""project"":""ce3616d9-58ad-4ec7-a294-1821e1564434"",""environment"":""fb6513d0-42a4-4660-82b5-509c54b15f2a"",""service"":""4978aa94-666c-47c7-8024-3ada55195a51"",""deployment"":""b4365154-eadc-4c11-b568-5a096850e705"",""replica"":""56b3bc11-84b5-4316-abf1-2dec254f4739""}",2026-03-28T00:09:01.677281221Z
"  username: '',",info,"{""level"":""info""}","{""project"":""ce3616d9-58ad-4ec7-a294-1821e1564434"",""environment"":""fb6513d0-42a4-4660-82b5-509c54b15f2a"",""service"":""4978aa94-666c-47c7-8024-3ada55195a51"",""deployment"":""b4365154-eadc-4c11-b568-5a096850e705"",""replica"":""56b3bc11-84b5-4316-abf1-2dec254f4739""}",2026-03-28T00:09:01.677291755Z
"  password: '',",info,"{""level"":""info""}","{""project"":""ce3616d9-58ad-4ec7-a294-1821e1564434"",""environment"":""fb6513d0-42a4-4660-82b5-509c54b15f2a"",""service"":""4978aa94-666c-47c7-8024-3ada55195a51"",""deployment"":""b4365154-eadc-4c11-b568-5a096850e705"",""replica"":""56b3bc11-84b5-4316-abf1-2dec254f4739""}",2026-03-28T00:09:01.677298955Z
"  host: 'web.whatsapp.com',",info,"{""level"":""info""}","{""project"":""ce3616d9-58ad-4ec7-a294-1821e1564434"",""environment"":""fb6513d0-42a4-4660-82b5-509c54b15f2a"",""service"":""4978aa94-666c-47c7-8024-3ada55195a51"",""deployment"":""b4365154-eadc-4c11-b568-5a096850e705"",""replica"":""56b3bc11-84b5-4316-abf1-2dec254f4739""}",2026-03-28T00:09:01.678631657Z
"  hostname: 'web.whatsapp.com',",info,"{""level"":""info""}","{""project"":""ce3616d9-58ad-4ec7-a294-1821e1564434"",""environment"":""fb6513d0-42a4-4660-82b5-509c54b15f2a"",""service"":""4978aa94-666c-47c7-8024-3ada55195a51"",""deployment"":""b4365154-eadc-4c11-b568-5a096850e705"",""replica"":""56b3bc11-84b5-4316-abf1-2dec254f4739""}",2026-03-28T00:09:01.678638422Z
"  port: '',",info,"{""level"":""info""}","{""project"":""ce3616d9-58ad-4ec7-a294-1821e1564434"",""environment"":""fb6513d0-42a4-4660-82b5-509c54b15f2a"",""service"":""4978aa94-666c-47c7-8024-3ada55195a51"",""deployment"":""b4365154-eadc-4c11-b568-5a096850e705"",""replica"":""56b3bc11-84b5-4316-abf1-2dec254f4739""}",2026-03-28T00:09:01.678644581Z
"  pathname: '/ws/chat',",info,"{""level"":""info""}","{""project"":""ce3616d9-58ad-4ec7-a294-1821e1564434"",""environment"":""fb6513d0-42a4-4660-82b5-509c54b15f2a"",""service"":""4978aa94-666c-47c7-8024-3ada55195a51"",""deployment"":""b4365154-eadc-4c11-b568-5a096850e705"",""replica"":""56b3bc11-84b5-4316-abf1-2dec254f4739""}",2026-03-28T00:09:01.678651129Z
"  search: '',",info,"{""level"":""info""}","{""project"":""ce3616d9-58ad-4ec7-a294-1821e1564434"",""environment"":""fb6513d0-42a4-4660-82b5-509c54b15f2a"",""service"":""4978aa94-666c-47c7-8024-3ada55195a51"",""deployment"":""b4365154-eadc-4c11-b568-5a096850e705"",""replica"":""56b3bc11-84b5-4316-abf1-2dec254f4739""}",2026-03-28T00:09:01.678658012Z
"  searchParams: URLSearchParams {},",info,"{""level"":""info""}","{""project"":""ce3616d9-58ad-4ec7-a294-1821e1564434"",""environment"":""fb6513d0-42a4-4660-82b5-509c54b15f2a"",""service"":""4978aa94-666c-47c7-8024-3ada55195a51"",""deployment"":""b4365154-eadc-4c11-b568-5a096850e705"",""replica"":""56b3bc11-84b5-4316-abf1-2dec254f4739""}",2026-03-28T00:09:01.678665346Z
  hash: '',info,"{""level"":""info""}","{""project"":""ce3616d9-58ad-4ec7-a294-1821e1564434"",""environment"":""fb6513d0-42a4-4660-82b5-509c54b15f2a"",""service"":""4978aa94-666c-47c7-8024-3ada55195a51"",""deployment"":""b4365154-eadc-4c11-b568-5a096850e705"",""replica"":""56b3bc11-84b5-4316-abf1-2dec254f4739""}",2026-03-28T00:09:01.678671901Z
},info,"{""level"":""info""}","{""project"":""ce3616d9-58ad-4ec7-a294-1821e1564434"",""environment"":""fb6513d0-42a4-4660-82b5-509c54b15f2a"",""service"":""4978aa94-666c-47c7-8024-3ada55195a51"",""deployment"":""b4365154-eadc-4c11-b568-5a096850e705"",""replica"":""56b3bc11-84b5-4316-abf1-2dec254f4739""}",2026-03-28T00:09:01.678679290Z
[SESSION] ✅ Retrieved account from map: akunpairing1,info,"{""level"":""info""}","{""project"":""ce3616d9-58ad-4ec7-a294-1821e1564434"",""environment"":""fb6513d0-42a4-4660-82b5-509c54b15f2a"",""service"":""4978aa94-666c-47c7-8024-3ada55195a51"",""deployment"":""b4365154-eadc-4c11-b568-5a096850e705"",""replica"":""56b3bc11-84b5-4316-abf1-2dec254f4739""}",2026-03-28T00:09:01.678690612Z
==========================================,info,"{""level"":""info""}","{""project"":""ce3616d9-58ad-4ec7-a294-1821e1564434"",""environment"":""fb6513d0-42a4-4660-82b5-509c54b15f2a"",""service"":""4978aa94-666c-47c7-8024-3ada55195a51"",""deployment"":""b4365154-eadc-4c11-b568-5a096850e705"",""replica"":""56b3bc11-84b5-4316-abf1-2dec254f4739""}",2026-03-28T00:09:01.678696986Z
[CONNECTION UPDATE] ✅ EVENT RECEIVED! {,info,"{""level"":""info""}","{""project"":""ce3616d9-58ad-4ec7-a294-1821e1564434"",""environment"":""fb6513d0-42a4-4660-82b5-509c54b15f2a"",""service"":""4978aa94-666c-47c7-8024-3ada55195a51"",""deployment"":""b4365154-eadc-4c11-b568-5a096850e705"",""replica"":""56b3bc11-84b5-4316-abf1-2dec254f4739""}",2026-03-28T00:09:01.678705113Z
"  accountId: 'akunpairing1',",info,"{""level"":""info""}","{""project"":""ce3616d9-58ad-4ec7-a294-1821e1564434"",""environment"":""fb6513d0-42a4-4660-82b5-509c54b15f2a"",""service"":""4978aa94-666c-47c7-8024-3ada55195a51"",""deployment"":""b4365154-eadc-4c11-b568-5a096850e705"",""replica"":""56b3bc11-84b5-4316-abf1-2dec254f4739""}",2026-03-28T00:09:01.678711635Z
"  connection: 'connecting',",info,"{""level"":""info""}","{""project"":""ce3616d9-58ad-4ec7-a294-1821e1564434"",""environment"":""fb6513d0-42a4-4660-82b5-509c54b15f2a"",""service"":""4978aa94-666c-47c7-8024-3ada55195a51"",""deployment"":""b4365154-eadc-4c11-b568-5a096850e705"",""replica"":""56b3bc11-84b5-4316-abf1-2dec254f4739""}",2026-03-28T00:09:01.678718031Z
"  hasQr: false,",info,"{""level"":""info""}","{""project"":""ce3616d9-58ad-4ec7-a294-1821e1564434"",""environment"":""fb6513d0-42a4-4660-82b5-509c54b15f2a"",""service"":""4978aa94-666c-47c7-8024-3ada55195a51"",""deployment"":""b4365154-eadc-4c11-b568-5a096850e705"",""replica"":""56b3bc11-84b5-4316-abf1-2dec254f4739""}",2026-03-28T00:09:01.678724475Z
"  qrPreview: null,",info,"{""level"":""info""}","{""project"":""ce3616d9-58ad-4ec7-a294-1821e1564434"",""environment"":""fb6513d0-42a4-4660-82b5-509c54b15f2a"",""service"":""4978aa94-666c-47c7-8024-3ada55195a51"",""deployment"":""b4365154-eadc-4c11-b568-5a096850e705"",""replica"":""56b3bc11-84b5-4316-abf1-2dec254f4739""}",2026-03-28T00:09:01.678730314Z
  isNewLogin: undefined,info,"{""level"":""info""}","{""project"":""ce3616d9-58ad-4ec7-a294-1821e1564434"",""environment"":""fb6513d0-42a4-4660-82b5-509c54b15f2a"",""service"":""4978aa94-666c-47c7-8024-3ada55195a51"",""deployment"":""b4365154-eadc-4c11-b568-5a096850e705"",""replica"":""56b3bc11-84b5-4316-abf1-2dec254f4739""}",2026-03-28T00:09:01.678737707Z
},info,"{""level"":""info""}","{""project"":""ce3616d9-58ad-4ec7-a294-1821e1564434"",""environment"":""fb6513d0-42a4-4660-82b5-509c54b15f2a"",""service"":""4978aa94-666c-47c7-8024-3ada55195a51"",""deployment"":""b4365154-eadc-4c11-b568-5a096850e705"",""replica"":""56b3bc11-84b5-4316-abf1-2dec254f4739""}",2026-03-28T00:09:01.678744279Z
==========================================,info,"{""level"":""info""}","{""project"":""ce3616d9-58ad-4ec7-a294-1821e1564434"",""environment"":""fb6513d0-42a4-4660-82b5-509c54b15f2a"",""service"":""4978aa94-666c-47c7-8024-3ada55195a51"",""deployment"":""b4365154-eadc-4c11-b568-5a096850e705"",""replica"":""56b3bc11-84b5-4316-abf1-2dec254f4739""}",2026-03-28T00:09:01.678752015Z
connected to WA,info,"{""time"":1774656540666,""pid"":94,""hostname"":""9a45ddc40bc4"",""browser"":[""Mac OS"",""Chrome"",""14.4.1""],""helloMsg"":{""clientHello"":{""ephemeral"":""uBrVWP110d1q4dYiovJnxGLH3WhAJZ3qbWHjRxFxU3o=""}},""level"":""info""}","{""project"":""ce3616d9-58ad-4ec7-a294-1821e1564434"",""environment"":""fb6513d0-42a4-4660-82b5-509c54b15f2a"",""service"":""4978aa94-666c-47c7-8024-3ada55195a51"",""deployment"":""b4365154-eadc-4c11-b568-5a096850e705"",""replica"":""56b3bc11-84b5-4316-abf1-2dec254f4739""}",2026-03-28T00:09:01.678758429Z
[WS NATIVE SEND] Sending for akunpairing1 type: object preview: V0EGAwAAJBIiCiC4GtVY/XXR3Wrh1iKi8mfEYsfdaEAlneptYeNHEXFTeg==,info,"{""level"":""info""}","{""project"":""ce3616d9-58ad-4ec7-a294-1821e1564434"",""environment"":""fb6513d0-42a4-4660-82b5-509c54b15f2a"",""service"":""4978aa94-666c-47c7-8024-3ada55195a51"",""deployment"":""b4365154-eadc-4c11-b568-5a096850e705"",""replica"":""56b3bc11-84b5-4316-abf1-2dec254f4739""}",2026-03-28T00:09:01.678764161Z
[WS NATIVE OPEN] Native WebSocket opened for akunpairing1,info,"{""level"":""info""}","{""project"":""ce3616d9-58ad-4ec7-a294-1821e1564434"",""environment"":""fb6513d0-42a4-4660-82b5-509c54b15f2a"",""service"":""4978aa94-666c-47c7-8024-3ada55195a51"",""deployment"":""b4365154-eadc-4c11-b568-5a096850e705"",""replica"":""56b3bc11-84b5-4316-abf1-2dec254f4739""}",2026-03-28T00:09:01.678771130Z
[WS NATIVE MESSAGE] Received for akunpairing1 binary: true len: 350 preview: AAFbGtgCCiDLBVUui9o5GOPcwHiLYASGgGWZnYV1m5JaUpYn1XIePBIwzkI1sCd9+AA=...,info,"{""level"":""info""}","{""project"":""ce3616d9-58ad-4ec7-a294-1821e1564434"",""environment"":""fb6513d0-42a4-4660-82b5-509c54b15f2a"",""service"":""4978aa94-666c-47c7-8024-3ada55195a51"",""deployment"":""b4365154-eadc-4c11-b568-5a096850e705"",""replica"":""56b3bc11-84b5-4316-abf1-2dec254f4739""}",2026-03-28T00:09:01.678777660Z
"not logged in, attempting registration...",info,"{""time"":1774656540865,""pid"":94,""hostname"":""9a45ddc40bc4"",""node"":{""passive"":false,""userAgent"":{""platform"":""WEB"",""appVersion"":{""primary"":2,""secondary"":3000,""tertiary"":1035194821},""mcc"":""000"",""mnc"":""000"",""osVersion"":""0.1"",""device"":""Desktop"",""osBuildNumber"":""0.1"",""releaseChannel"":""RELEASE"",""localeLanguageIso6391"":""en"",""localeCountryIso31661Alpha2"":""US""},""webInfo"":{""webSubPlatform"":""WEB_BROWSER""},""connectType"":""WIFI_UNKNOWN"",""connectReason"":""USER_ACTIVATED"",""devicePairingData"":{""eRegid"":""AAAABw=="",""eKeytype"":""BQ=="",""eIdent"":""Mz3ho+uuZTDECESy9o14Ckn4RJZ4BdqQza2JXZV6HG8="",""eSkeyId"":""AAAB"",""eSkeyVal"":""z/S9VEAbr6XNQ/qy3b9CCRP4l/BJwZdE09H5sK0ilD0="",""eSkeySig"":""7zN7S4+B3ZD4Xt1rkpK098NA9NW30b1Vo7l7kj/dGcF8QBzInXU6jjxY8ov2TEfTWPKPcjtFPOOI7JoSr73zhg=="",""buildHash"":""oslHHv+RCp4a5lmJCiiHLQ=="",""deviceProps"":""CgZNYWMgT1MYASAAKhUYgFAgATAAOAFAAUgBUAFYAWABcAE=""},""pull"":false},""level"":""info""}","{""project"":""ce3616d9-58ad-4ec7-a294-1821e1564434"",""environment"":""fb6513d0-42a4-4660-82b5-509c54b15f2a"",""service"":""4978aa94-666c-47c7-8024-3ada55195a51"",""deployment"":""b4365154-eadc-4c11-b568-5a096850e705"",""replica"":""56b3bc11-84b5-4316-abf1-2dec254f4739""}",2026-03-28T00:09:01.678784086Z
[WS NATIVE SEND] Sending for akunpairing1 type: object preview: AAFcItkCCjAJEDeMIsZ0g71Hp7zDXkl0D12vkpsl0vlQtMgBH5sRnZlDqzoH+sNxB8k=,info,"{""level"":""info""}","{""project"":""ce3616d9-58ad-4ec7-a294-1821e1564434"",""environment"":""fb6513d0-42a4-4660-82b5-509c54b15f2a"",""service"":""4978aa94-666c-47c7-8024-3ada55195a51"",""deployment"":""b4365154-eadc-4c11-b568-5a096850e705"",""replica"":""56b3bc11-84b5-4316-abf1-2dec254f4739""}",2026-03-28T00:09:01.681118862Z
[WS NATIVE MESSAGE] Received for akunpairing1 binary: true len: 698 preview: AAK3wNWgFWiVirZOMZ5uoS107yMO6Krm/L8/MT9vJcMG26EpbXlRhrhgGww1lGE+i0E=...,info,"{""level"":""info""}","{""project"":""ce3616d9-58ad-4ec7-a294-1821e1564434"",""environment"":""fb6513d0-42a4-4660-82b5-509c54b15f2a"",""service"":""4978aa94-666c-47c7-8024-3ada55195a51"",""deployment"":""b4365154-eadc-4c11-b568-5a096850e705"",""replica"":""56b3bc11-84b5-4316-abf1-2dec254f4739""}",2026-03-28T00:09:01.681125190Z
[WS NATIVE SEND] Sending for akunpairing1 type: object preview: AAAiD7PP6KbDTlHYrT3ysiH+ajNOg9YIvPnRvP4hx2Kbx67tyA==,info,"{""level"":""info""}","{""project"":""ce3616d9-58ad-4ec7-a294-1821e1564434"",""environment"":""fb6513d0-42a4-4660-82b5-509c54b15f2a"",""service"":""4978aa94-666c-47c7-8024-3ada55195a51"",""deployment"":""b4365154-eadc-4c11-b568-5a096850e705"",""replica"":""56b3bc11-84b5-4316-abf1-2dec254f4739""}",2026-03-28T00:09:01.681131706Z
==========================================,info,"{""level"":""info""}","{""project"":""ce3616d9-58ad-4ec7-a294-1821e1564434"",""environment"":""fb6513d0-42a4-4660-82b5-509c54b15f2a"",""service"":""4978aa94-666c-47c7-8024-3ada55195a51"",""deployment"":""b4365154-eadc-4c11-b568-5a096850e705"",""replica"":""56b3bc11-84b5-4316-abf1-2dec254f4739""}",2026-03-28T00:09:01.681137605Z
[CONNECTION UPDATE] ✅ EVENT RECEIVED! {,info,"{""level"":""info""}","{""project"":""ce3616d9-58ad-4ec7-a294-1821e1564434"",""environment"":""fb6513d0-42a4-4660-82b5-509c54b15f2a"",""service"":""4978aa94-666c-47c7-8024-3ada55195a51"",""deployment"":""b4365154-eadc-4c11-b568-5a096850e705"",""replica"":""56b3bc11-84b5-4316-abf1-2dec254f4739""}",2026-03-28T00:09:01.681145136Z
"  accountId: 'akunpairing1',",info,"{""level"":""info""}","{""project"":""ce3616d9-58ad-4ec7-a294-1821e1564434"",""environment"":""fb6513d0-42a4-4660-82b5-509c54b15f2a"",""service"":""4978aa94-666c-47c7-8024-3ada55195a51"",""deployment"":""b4365154-eadc-4c11-b568-5a096850e705"",""replica"":""56b3bc11-84b5-4316-abf1-2dec254f4739""}",2026-03-28T00:09:01.681151744Z
"  connection: undefined,",info,"{""level"":""info""}","{""project"":""ce3616d9-58ad-4ec7-a294-1821e1564434"",""environment"":""fb6513d0-42a4-4660-82b5-509c54b15f2a"",""service"":""4978aa94-666c-47c7-8024-3ada55195a51"",""deployment"":""b4365154-eadc-4c11-b568-5a096850e705"",""replica"":""56b3bc11-84b5-4316-abf1-2dec254f4739""}",2026-03-28T00:09:01.681157498Z
"  hasQr: true,",info,"{""level"":""info""}","{""project"":""ce3616d9-58ad-4ec7-a294-1821e1564434"",""environment"":""fb6513d0-42a4-4660-82b5-509c54b15f2a"",""service"":""4978aa94-666c-47c7-8024-3ada55195a51"",""deployment"":""b4365154-eadc-4c11-b568-5a096850e705"",""replica"":""56b3bc11-84b5-4316-abf1-2dec254f4739""}",2026-03-28T00:09:01.681163879Z
"  qrPreview: '2@YkCDoV+nY+DKmnYb1myoAnSbZA3Y3OO1WfGstqVS5o5N+5Zm...',",info,"{""level"":""info""}","{""project"":""ce3616d9-58ad-4ec7-a294-1821e1564434"",""environment"":""fb6513d0-42a4-4660-82b5-509c54b15f2a"",""service"":""4978aa94-666c-47c7-8024-3ada55195a51"",""deployment"":""b4365154-eadc-4c11-b568-5a096850e705"",""replica"":""56b3bc11-84b5-4316-abf1-2dec254f4739""}",2026-03-28T00:09:01.681170120Z
  isNewLogin: undefined,info,"{""level"":""info""}","{""project"":""ce3616d9-58ad-4ec7-a294-1821e1564434"",""environment"":""fb6513d0-42a4-4660-82b5-509c54b15f2a"",""service"":""4978aa94-666c-47c7-8024-3ada55195a51"",""deployment"":""b4365154-eadc-4c11-b568-5a096850e705"",""replica"":""56b3bc11-84b5-4316-abf1-2dec254f4739""}",2026-03-28T00:09:01.681177122Z
},info,"{""level"":""info""}","{""project"":""ce3616d9-58ad-4ec7-a294-1821e1564434"",""environment"":""fb6513d0-42a4-4660-82b5-509c54b15f2a"",""service"":""4978aa94-666c-47c7-8024-3ada55195a51"",""deployment"":""b4365154-eadc-4c11-b568-5a096850e705"",""replica"":""56b3bc11-84b5-4316-abf1-2dec254f4739""}",2026-03-28T00:09:01.681182666Z
==========================================,info,"{""level"":""info""}","{""project"":""ce3616d9-58ad-4ec7-a294-1821e1564434"",""environment"":""fb6513d0-42a4-4660-82b5-509c54b15f2a"",""service"":""4978aa94-666c-47c7-8024-3ada55195a51"",""deployment"":""b4365154-eadc-4c11-b568-5a096850e705"",""replica"":""56b3bc11-84b5-4316-abf1-2dec254f4739""}",2026-03-28T00:09:01.681188374Z
[QR] 🎯 QR code received for: akunpairing1,info,"{""level"":""info""}","{""project"":""ce3616d9-58ad-4ec7-a294-1821e1564434"",""environment"":""fb6513d0-42a4-4660-82b5-509c54b15f2a"",""service"":""4978aa94-666c-47c7-8024-3ada55195a51"",""deployment"":""b4365154-eadc-4c11-b568-5a096850e705"",""replica"":""56b3bc11-84b5-4316-abf1-2dec254f4739""}",2026-03-28T00:09:01.681198710Z
[QR] QR length: 237,info,"{""level"":""info""}","{""project"":""ce3616d9-58ad-4ec7-a294-1821e1564434"",""environment"":""fb6513d0-42a4-4660-82b5-509c54b15f2a"",""service"":""4978aa94-666c-47c7-8024-3ada55195a51"",""deployment"":""b4365154-eadc-4c11-b568-5a096850e705"",""replica"":""56b3bc11-84b5-4316-abf1-2dec254f4739""}",2026-03-28T00:09:01.681203911Z
[QR] Converting QR to data URL...,info,"{""level"":""info""}","{""project"":""ce3616d9-58ad-4ec7-a294-1821e1564434"",""environment"":""fb6513d0-42a4-4660-82b5-509c54b15f2a"",""service"":""4978aa94-666c-47c7-8024-3ada55195a51"",""deployment"":""b4365154-eadc-4c11-b568-5a096850e705"",""replica"":""56b3bc11-84b5-4316-abf1-2dec254f4739""}",2026-03-28T00:09:01.681210680Z
"[QR] ✅ QR converted, length: 6386",info,"{""level"":""info""}","{""project"":""ce3616d9-58ad-4ec7-a294-1821e1564434"",""environment"":""fb6513d0-42a4-4660-82b5-509c54b15f2a"",""service"":""4978aa94-666c-47c7-8024-3ada55195a51"",""deployment"":""b4365154-eadc-4c11-b568-5a096850e705"",""replica"":""56b3bc11-84b5-4316-abf1-2dec254f4739""}",2026-03-28T00:09:01.681217313Z
[NETWORK] HTTPS test TIMEOUT,info,"{""level"":""info""}","{""project"":""ce3616d9-58ad-4ec7-a294-1821e1564434"",""environment"":""fb6513d0-42a4-4660-82b5-509c54b15f2a"",""service"":""4978aa94-666c-47c7-8024-3ada55195a51"",""deployment"":""b4365154-eadc-4c11-b568-5a096850e705"",""replica"":""56b3bc11-84b5-4316-abf1-2dec254f4739""}",2026-03-28T00:09:10.582715814Z
[DB] Synced 1 accounts to database,info,"{""level"":""info""}","{""project"":""ce3616d9-58ad-4ec7-a294-1821e1564434"",""environment"":""fb6513d0-42a4-4660-82b5-509c54b15f2a"",""service"":""4978aa94-666c-47c7-8024-3ada55195a51"",""deployment"":""b4365154-eadc-4c11-b568-5a096850e705"",""replica"":""56b3bc11-84b5-4316-abf1-2dec254f4739""}",2026-03-28T00:09:29.982309220Z
[WS NATIVE SEND] Sending for akunpairing1 type: object preview: AAAr5OpE/oKGZooVtkFnrYbamVKO+jdj0dpCvnzzWIrn5VvxbZhp/5ZzXOCNkQ==,info,"{""level"":""info""}","{""project"":""ce3616d9-58ad-4ec7-a294-1821e1564434"",""environment"":""fb6513d0-42a4-4660-82b5-509c54b15f2a"",""service"":""4978aa94-666c-47c7-8024-3ada55195a51"",""deployment"":""b4365154-eadc-4c11-b568-5a096850e705"",""replica"":""56b3bc11-84b5-4316-abf1-2dec254f4739""}",2026-03-28T00:09:31.126965745Z
[WS NATIVE MESSAGE] Received for akunpairing1 binary: true len: 47 preview: AAAs4kRbrHuo0cGpVlnUzGPQYBmCE5FOLVz+fLgaw9rPlHzcUry1JcWV7dPGlFA=,info,"{""level"":""info""}","{""project"":""ce3616d9-58ad-4ec7-a294-1821e1564434"",""environment"":""fb6513d0-42a4-4660-82b5-509c54b15f2a"",""service"":""4978aa94-666c-47c7-8024-3ada55195a51"",""deployment"":""b4365154-eadc-4c11-b568-5a096850e705"",""replica"":""56b3bc11-84b5-4316-abf1-2dec254f4739""}",2026-03-28T00:09:31.126970604Z
[DB] Synced 1 accounts to database,info,"{""level"":""info""}","{""project"":""ce3616d9-58ad-4ec7-a294-1821e1564434"",""environment"":""fb6513d0-42a4-4660-82b5-509c54b15f2a"",""service"":""4978aa94-666c-47c7-8024-3ada55195a51"",""deployment"":""b4365154-eadc-4c11-b568-5a096850e705"",""replica"":""56b3bc11-84b5-4316-abf1-2dec254f4739""}",2026-03-28T00:10:01.568575739Z
[WS NATIVE SEND] Sending for akunpairing1 type: object preview: AAArf2ceyg/YjFZnWDfSYevXiyO5BL5SGZhCqK1DVG5uOzVnNLyC6YKCkYbQhQ==,info,"{""level"":""info""}","{""project"":""ce3616d9-58ad-4ec7-a294-1821e1564434"",""environment"":""fb6513d0-42a4-4660-82b5-509c54b15f2a"",""service"":""4978aa94-666c-47c7-8024-3ada55195a51"",""deployment"":""b4365154-eadc-4c11-b568-5a096850e705"",""replica"":""56b3bc11-84b5-4316-abf1-2dec254f4739""}",2026-03-28T00:10:01.568584897Z
[WS NATIVE MESSAGE] Received for akunpairing1 binary: true len: 39 preview: AAAk5ySuQFst1LKNB/UgBuWXCiRo0S/jg0pwyzju9qR5JK0Nb5vu,info,"{""level"":""info""}","{""project"":""ce3616d9-58ad-4ec7-a294-1821e1564434"",""environment"":""fb6513d0-42a4-4660-82b5-509c54b15f2a"",""service"":""4978aa94-666c-47c7-8024-3ada55195a51"",""deployment"":""b4365154-eadc-4c11-b568-5a096850e705"",""replica"":""56b3bc11-84b5-4316-abf1-2dec254f4739""}",2026-03-28T00:10:01.568596061Z
communication recv,info,"{""time"":1774656601073,""pid"":94,""hostname"":""9a45ddc40bc4"",""unhandled"":true,""fromMe"":false,""frame"":{""tag"":""iq"",""attrs"":{""from"":""@s.whatsapp.net"",""type"":""get"",""t"":""1774656601"",""xmlns"":""urn:xmpp:ping""}},""level"":""info""}","{""project"":""ce3616d9-58ad-4ec7-a294-1821e1564434"",""environment"":""fb6513d0-42a4-4660-82b5-509c54b15f2a"",""service"":""4978aa94-666c-47c7-8024-3ada55195a51"",""deployment"":""b4365154-eadc-4c11-b568-5a096850e705"",""replica"":""56b3bc11-84b5-4316-abf1-2dec254f4739""}",2026-03-28T00:10:01.568605435Z
[WS NATIVE MESSAGE] Received for akunpairing1 binary: true len: 47 preview: AAAsdo4rEn3DdEezOwCRopsArpTHnuuchWnZOBmrsvjrTOKQXzOFdpVAw4cdKAQ=,info,"{""level"":""info""}","{""project"":""ce3616d9-58ad-4ec7-a294-1821e1564434"",""environment"":""fb6513d0-42a4-4660-82b5-509c54b15f2a"",""service"":""4978aa94-666c-47c7-8024-3ada55195a51"",""deployment"":""b4365154-eadc-4c11-b568-5a096850e705"",""replica"":""56b3bc11-84b5-4316-abf1-2dec254f4739""}",2026-03-28T00:10:01.568615392Z
==========================================,info,"{""level"":""info""}","{""project"":""ce3616d9-58ad-4ec7-a294-1821e1564434"",""environment"":""fb6513d0-42a4-4660-82b5-509c54b15f2a"",""service"":""4978aa94-666c-47c7-8024-3ada55195a51"",""deployment"":""b4365154-eadc-4c11-b568-5a096850e705"",""replica"":""56b3bc11-84b5-4316-abf1-2dec254f4739""}",2026-03-28T00:10:01.568622984Z
[CONNECTION UPDATE] ✅ EVENT RECEIVED! {,info,"{""level"":""info""}","{""project"":""ce3616d9-58ad-4ec7-a294-1821e1564434"",""environment"":""fb6513d0-42a4-4660-82b5-509c54b15f2a"",""service"":""4978aa94-666c-47c7-8024-3ada55195a51"",""deployment"":""b4365154-eadc-4c11-b568-5a096850e705"",""replica"":""56b3bc11-84b5-4316-abf1-2dec254f4739""}",2026-03-28T00:10:01.568632173Z
"  accountId: 'akunpairing1',",info,"{""level"":""info""}","{""project"":""ce3616d9-58ad-4ec7-a294-1821e1564434"",""environment"":""fb6513d0-42a4-4660-82b5-509c54b15f2a"",""service"":""4978aa94-666c-47c7-8024-3ada55195a51"",""deployment"":""b4365154-eadc-4c11-b568-5a096850e705"",""replica"":""56b3bc11-84b5-4316-abf1-2dec254f4739""}",2026-03-28T00:10:01.568639610Z
"  connection: undefined,",info,"{""level"":""info""}","{""project"":""ce3616d9-58ad-4ec7-a294-1821e1564434"",""environment"":""fb6513d0-42a4-4660-82b5-509c54b15f2a"",""service"":""4978aa94-666c-47c7-8024-3ada55195a51"",""deployment"":""b4365154-eadc-4c11-b568-5a096850e705"",""replica"":""56b3bc11-84b5-4316-abf1-2dec254f4739""}",2026-03-28T00:10:01.568648306Z
"  hasQr: true,",info,"{""level"":""info""}","{""project"":""ce3616d9-58ad-4ec7-a294-1821e1564434"",""environment"":""fb6513d0-42a4-4660-82b5-509c54b15f2a"",""service"":""4978aa94-666c-47c7-8024-3ada55195a51"",""deployment"":""b4365154-eadc-4c11-b568-5a096850e705"",""replica"":""56b3bc11-84b5-4316-abf1-2dec254f4739""}",2026-03-28T00:10:01.568656181Z
"  qrPreview: '2@K5xJViJgs7LtHeWPVCHMTJdK06yDjcwhv+ybYhH6dsC/xdUg...',",info,"{""level"":""info""}","{""project"":""ce3616d9-58ad-4ec7-a294-1821e1564434"",""environment"":""fb6513d0-42a4-4660-82b5-509c54b15f2a"",""service"":""4978aa94-666c-47c7-8024-3ada55195a51"",""deployment"":""b4365154-eadc-4c11-b568-5a096850e705"",""replica"":""56b3bc11-84b5-4316-abf1-2dec254f4739""}",2026-03-28T00:10:01.568665440Z
  isNewLogin: undefined,info,"{""level"":""info""}","{""project"":""ce3616d9-58ad-4ec7-a294-1821e1564434"",""environment"":""fb6513d0-42a4-4660-82b5-509c54b15f2a"",""service"":""4978aa94-666c-47c7-8024-3ada55195a51"",""deployment"":""b4365154-eadc-4c11-b568-5a096850e705"",""replica"":""56b3bc11-84b5-4316-abf1-2dec254f4739""}",2026-03-28T00:10:01.568673092Z
},info,"{""level"":""info""}","{""project"":""ce3616d9-58ad-4ec7-a294-1821e1564434"",""environment"":""fb6513d0-42a4-4660-82b5-509c54b15f2a"",""service"":""4978aa94-666c-47c7-8024-3ada55195a51"",""deployment"":""b4365154-eadc-4c11-b568-5a096850e705"",""replica"":""56b3bc11-84b5-4316-abf1-2dec254f4739""}",2026-03-28T00:10:01.568680704Z
==========================================,info,"{""level"":""info""}","{""project"":""ce3616d9-58ad-4ec7-a294-1821e1564434"",""environment"":""fb6513d0-42a4-4660-82b5-509c54b15f2a"",""service"":""4978aa94-666c-47c7-8024-3ada55195a51"",""deployment"":""b4365154-eadc-4c11-b568-5a096850e705"",""replica"":""56b3bc11-84b5-4316-abf1-2dec254f4739""}",2026-03-28T00:10:01.568689003Z
[QR] 🎯 QR code received for: akunpairing1,info,"{""level"":""info""}","{""project"":""ce3616d9-58ad-4ec7-a294-1821e1564434"",""environment"":""fb6513d0-42a4-4660-82b5-509c54b15f2a"",""service"":""4978aa94-666c-47c7-8024-3ada55195a51"",""deployment"":""b4365154-eadc-4c11-b568-5a096850e705"",""replica"":""56b3bc11-84b5-4316-abf1-2dec254f4739""}",2026-03-28T00:10:01.568699701Z
[QR] QR length: 237,info,"{""level"":""info""}","{""project"":""ce3616d9-58ad-4ec7-a294-1821e1564434"",""environment"":""fb6513d0-42a4-4660-82b5-509c54b15f2a"",""service"":""4978aa94-666c-47c7-8024-3ada55195a51"",""deployment"":""b4365154-eadc-4c11-b568-5a096850e705"",""replica"":""56b3bc11-84b5-4316-abf1-2dec254f4739""}",2026-03-28T00:10:01.568709207Z
[QR] Converting QR to data URL...,info,"{""level"":""info""}","{""project"":""ce3616d9-58ad-4ec7-a294-1821e1564434"",""environment"":""fb6513d0-42a4-4660-82b5-509c54b15f2a"",""service"":""4978aa94-666c-47c7-8024-3ada55195a51"",""deployment"":""b4365154-eadc-4c11-b568-5a096850e705"",""replica"":""56b3bc11-84b5-4316-abf1-2dec254f4739""}",2026-03-28T00:10:01.568717381Z
"[QR] ✅ QR converted, length: 6350",info,"{""level"":""info""}","{""project"":""ce3616d9-58ad-4ec7-a294-1821e1564434"",""environment"":""fb6513d0-42a4-4660-82b5-509c54b15f2a"",""service"":""4978aa94-666c-47c7-8024-3ada55195a51"",""deployment"":""b4365154-eadc-4c11-b568-5a096850e705"",""replica"":""56b3bc11-84b5-4316-abf1-2dec254f4739""}",2026-03-28T00:10:01.568726219Z
==========================================,info,"{""level"":""info""}","{""project"":""ce3616d9-58ad-4ec7-a294-1821e1564434"",""environment"":""fb6513d0-42a4-4660-82b5-509c54b15f2a"",""service"":""4978aa94-666c-47c7-8024-3ada55195a51"",""deployment"":""b4365154-eadc-4c11-b568-5a096850e705"",""replica"":""56b3bc11-84b5-4316-abf1-2dec254f4739""}",2026-03-28T00:10:21.799431495Z
[CONNECTION UPDATE] ✅ EVENT RECEIVED! {,info,"{""level"":""info""}","{""project"":""ce3616d9-58ad-4ec7-a294-1821e1564434"",""environment"":""fb6513d0-42a4-4660-82b5-509c54b15f2a"",""service"":""4978aa94-666c-47c7-8024-3ada55195a51"",""deployment"":""b4365154-eadc-4c11-b568-5a096850e705"",""replica"":""56b3bc11-84b5-4316-abf1-2dec254f4739""}",2026-03-28T00:10:21.799437900Z
"  accountId: 'akunpairing1',",info,"{""level"":""info""}","{""project"":""ce3616d9-58ad-4ec7-a294-1821e1564434"",""environment"":""fb6513d0-42a4-4660-82b5-509c54b15f2a"",""service"":""4978aa94-666c-47c7-8024-3ada55195a51"",""deployment"":""b4365154-eadc-4c11-b568-5a096850e705"",""replica"":""56b3bc11-84b5-4316-abf1-2dec254f4739""}",2026-03-28T00:10:21.799446505Z
"  connection: undefined,",info,"{""level"":""info""}","{""project"":""ce3616d9-58ad-4ec7-a294-1821e1564434"",""environment"":""fb6513d0-42a4-4660-82b5-509c54b15f2a"",""service"":""4978aa94-666c-47c7-8024-3ada55195a51"",""deployment"":""b4365154-eadc-4c11-b568-5a096850e705"",""replica"":""56b3bc11-84b5-4316-abf1-2dec254f4739""}",2026-03-28T00:10:21.799452477Z
"  hasQr: true,",info,"{""level"":""info""}","{""project"":""ce3616d9-58ad-4ec7-a294-1821e1564434"",""environment"":""fb6513d0-42a4-4660-82b5-509c54b15f2a"",""service"":""4978aa94-666c-47c7-8024-3ada55195a51"",""deployment"":""b4365154-eadc-4c11-b568-5a096850e705"",""replica"":""56b3bc11-84b5-4316-abf1-2dec254f4739""}",2026-03-28T00:10:21.799463311Z
"  qrPreview: '2@E7pKH2bjAVyt0mgxKLtNp9aERMdF51IJMf/rG9e0g75dFHPH...',",info,"{""level"":""info""}","{""project"":""ce3616d9-58ad-4ec7-a294-1821e1564434"",""environment"":""fb6513d0-42a4-4660-82b5-509c54b15f2a"",""service"":""4978aa94-666c-47c7-8024-3ada55195a51"",""deployment"":""b4365154-eadc-4c11-b568-5a096850e705"",""replica"":""56b3bc11-84b5-4316-abf1-2dec254f4739""}",2026-03-28T00:10:21.799471028Z
  isNewLogin: undefined,info,"{""level"":""info""}","{""project"":""ce3616d9-58ad-4ec7-a294-1821e1564434"",""environment"":""fb6513d0-42a4-4660-82b5-509c54b15f2a"",""service"":""4978aa94-666c-47c7-8024-3ada55195a51"",""deployment"":""b4365154-eadc-4c11-b568-5a096850e705"",""replica"":""56b3bc11-84b5-4316-abf1-2dec254f4739""}",2026-03-28T00:10:21.799479361Z
},info,"{""level"":""info""}","{""project"":""ce3616d9-58ad-4ec7-a294-1821e1564434"",""environment"":""fb6513d0-42a4-4660-82b5-509c54b15f2a"",""service"":""4978aa94-666c-47c7-8024-3ada55195a51"",""deployment"":""b4365154-eadc-4c11-b568-5a096850e705"",""replica"":""56b3bc11-84b5-4316-abf1-2dec254f4739""}",2026-03-28T00:10:21.799488540Z
==========================================,info,"{""level"":""info""}","{""project"":""ce3616d9-58ad-4ec7-a294-1821e1564434"",""environment"":""fb6513d0-42a4-4660-82b5-509c54b15f2a"",""service"":""4978aa94-666c-47c7-8024-3ada55195a51"",""deployment"":""b4365154-eadc-4c11-b568-5a096850e705"",""replica"":""56b3bc11-84b5-4316-abf1-2dec254f4739""}",2026-03-28T00:10:21.799496800Z
[QR] 🎯 QR code received for: akunpairing1,info,"{""level"":""info""}","{""project"":""ce3616d9-58ad-4ec7-a294-1821e1564434"",""environment"":""fb6513d0-42a4-4660-82b5-509c54b15f2a"",""service"":""4978aa94-666c-47c7-8024-3ada55195a51"",""deployment"":""b4365154-eadc-4c11-b568-5a096850e705"",""replica"":""56b3bc11-84b5-4316-abf1-2dec254f4739""}",2026-03-28T00:10:21.799505059Z
[QR] QR length: 237,info,"{""level"":""info""}","{""project"":""ce3616d9-58ad-4ec7-a294-1821e1564434"",""environment"":""fb6513d0-42a4-4660-82b5-509c54b15f2a"",""service"":""4978aa94-666c-47c7-8024-3ada55195a51"",""deployment"":""b4365154-eadc-4c11-b568-5a096850e705"",""replica"":""56b3bc11-84b5-4316-abf1-2dec254f4739""}",2026-03-28T00:10:21.799513564Z
[QR] Converting QR to data URL...,info,"{""level"":""info""}","{""project"":""ce3616d9-58ad-4ec7-a294-1821e1564434"",""environment"":""fb6513d0-42a4-4660-82b5-509c54b15f2a"",""service"":""4978aa94-666c-47c7-8024-3ada55195a51"",""deployment"":""b4365154-eadc-4c11-b568-5a096850e705"",""replica"":""56b3bc11-84b5-4316-abf1-2dec254f4739""}",2026-03-28T00:10:21.799521864Z
"[QR] ✅ QR converted, length: 6418",info,"{""level"":""info""}","{""project"":""ce3616d9-58ad-4ec7-a294-1821e1564434"",""environment"":""fb6513d0-42a4-4660-82b5-509c54b15f2a"",""service"":""4978aa94-666c-47c7-8024-3ada55195a51"",""deployment"":""b4365154-eadc-4c11-b568-5a096850e705"",""replica"":""56b3bc11-84b5-4316-abf1-2dec254f4739""}",2026-03-28T00:10:21.799529949Z
[DB] Synced 1 accounts to database,info,"{""level"":""info""}","{""project"":""ce3616d9-58ad-4ec7-a294-1821e1564434"",""environment"":""fb6513d0-42a4-4660-82b5-509c54b15f2a"",""service"":""4978aa94-666c-47c7-8024-3ada55195a51"",""deployment"":""b4365154-eadc-4c11-b568-5a096850e705"",""replica"":""56b3bc11-84b5-4316-abf1-2dec254f4739""}",2026-03-28T00:10:21.799537932Z
[WS NATIVE SEND] Sending for akunpairing1 type: object preview: AAAr9HgE+1j1Ey4eK8uWnL6a3/vLN95Ln7SYuFjoVzLQroZ9J+t7g/08IPpPQg==,info,"{""level"":""info""}","{""project"":""ce3616d9-58ad-4ec7-a294-1821e1564434"",""environment"":""fb6513d0-42a4-4660-82b5-509c54b15f2a"",""service"":""4978aa94-666c-47c7-8024-3ada55195a51"",""deployment"":""b4365154-eadc-4c11-b568-5a096850e705"",""replica"":""56b3bc11-84b5-4316-abf1-2dec254f4739""}",2026-03-28T00:10:31.220901354Z
[WS NATIVE MESSAGE] Received for akunpairing1 binary: true len: 47 preview: AAAstKuLhbB2Ewhx/oY4ndc2xHJIB77UxNP2xjXLCv8RoCmIrJwLMLD67j/YVWQ=,info,"{""level"":""info""}","{""project"":""ce3616d9-58ad-4ec7-a294-1821e1564434"",""environment"":""fb6513d0-42a4-4660-82b5-509c54b15f2a"",""service"":""4978aa94-666c-47c7-8024-3ada55195a51"",""deployment"":""b4365154-eadc-4c11-b568-5a096850e705"",""replica"":""56b3bc11-84b5-4316-abf1-2dec254f4739""}",2026-03-28T00:10:31.220916083Z
==========================================,info,"{""level"":""info""}","{""project"":""ce3616d9-58ad-4ec7-a294-1821e1564434"",""environment"":""fb6513d0-42a4-4660-82b5-509c54b15f2a"",""service"":""4978aa94-666c-47c7-8024-3ada55195a51"",""deployment"":""b4365154-eadc-4c11-b568-5a096850e705"",""replica"":""56b3bc11-84b5-4316-abf1-2dec254f4739""}",2026-03-28T00:10:50.839508052Z
[CONNECTION UPDATE] ✅ EVENT RECEIVED! {,info,"{""level"":""info""}","{""project"":""ce3616d9-58ad-4ec7-a294-1821e1564434"",""environment"":""fb6513d0-42a4-4660-82b5-509c54b15f2a"",""service"":""4978aa94-666c-47c7-8024-3ada55195a51"",""deployment"":""b4365154-eadc-4c11-b568-5a096850e705"",""replica"":""56b3bc11-84b5-4316-abf1-2dec254f4739""}",2026-03-28T00:10:50.839520936Z
"  accountId: 'akunpairing1',",info,"{""level"":""info""}","{""project"":""ce3616d9-58ad-4ec7-a294-1821e1564434"",""environment"":""fb6513d0-42a4-4660-82b5-509c54b15f2a"",""service"":""4978aa94-666c-47c7-8024-3ada55195a51"",""deployment"":""b4365154-eadc-4c11-b568-5a096850e705"",""replica"":""56b3bc11-84b5-4316-abf1-2dec254f4739""}",2026-03-28T00:10:50.839528657Z
"  connection: undefined,",info,"{""level"":""info""}","{""project"":""ce3616d9-58ad-4ec7-a294-1821e1564434"",""environment"":""fb6513d0-42a4-4660-82b5-509c54b15f2a"",""service"":""4978aa94-666c-47c7-8024-3ada55195a51"",""deployment"":""b4365154-eadc-4c11-b568-5a096850e705"",""replica"":""56b3bc11-84b5-4316-abf1-2dec254f4739""}",2026-03-28T00:10:50.839539002Z
"  hasQr: true,",info,"{""level"":""info""}","{""project"":""ce3616d9-58ad-4ec7-a294-1821e1564434"",""environment"":""fb6513d0-42a4-4660-82b5-509c54b15f2a"",""service"":""4978aa94-666c-47c7-8024-3ada55195a51"",""deployment"":""b4365154-eadc-4c11-b568-5a096850e705"",""replica"":""56b3bc11-84b5-4316-abf1-2dec254f4739""}",2026-03-28T00:10:50.839545911Z
"  qrPreview: '2@ejVShP7AGHvqjB9cKQ2yIt49Haz0t8FJrIuwCHqV3GAVQV39...',",info,"{""level"":""info""}","{""project"":""ce3616d9-58ad-4ec7-a294-1821e1564434"",""environment"":""fb6513d0-42a4-4660-82b5-509c54b15f2a"",""service"":""4978aa94-666c-47c7-8024-3ada55195a51"",""deployment"":""b4365154-eadc-4c11-b568-5a096850e705"",""replica"":""56b3bc11-84b5-4316-abf1-2dec254f4739""}",2026-03-28T00:10:50.839553305Z
  isNewLogin: undefined,info,"{""level"":""info""}","{""project"":""ce3616d9-58ad-4ec7-a294-1821e1564434"",""environment"":""fb6513d0-42a4-4660-82b5-509c54b15f2a"",""service"":""4978aa94-666c-47c7-8024-3ada55195a51"",""deployment"":""b4365154-eadc-4c11-b568-5a096850e705"",""replica"":""56b3bc11-84b5-4316-abf1-2dec254f4739""}",2026-03-28T00:10:50.839561665Z
},info,"{""level"":""info""}","{""project"":""ce3616d9-58ad-4ec7-a294-1821e1564434"",""environment"":""fb6513d0-42a4-4660-82b5-509c54b15f2a"",""service"":""4978aa94-666c-47c7-8024-3ada55195a51"",""deployment"":""b4365154-eadc-4c11-b568-5a096850e705"",""replica"":""56b3bc11-84b5-4316-abf1-2dec254f4739""}",2026-03-28T00:10:50.839571286Z
==========================================,info,"{""level"":""info""}","{""project"":""ce3616d9-58ad-4ec7-a294-1821e1564434"",""environment"":""fb6513d0-42a4-4660-82b5-509c54b15f2a"",""service"":""4978aa94-666c-47c7-8024-3ada55195a51"",""deployment"":""b4365154-eadc-4c11-b568-5a096850e705"",""replica"":""56b3bc11-84b5-4316-abf1-2dec254f4739""}",2026-03-28T00:10:50.839578135Z
[QR] 🎯 QR code received for: akunpairing1,info,"{""level"":""info""}","{""project"":""ce3616d9-58ad-4ec7-a294-1821e1564434"",""environment"":""fb6513d0-42a4-4660-82b5-509c54b15f2a"",""service"":""4978aa94-666c-47c7-8024-3ada55195a51"",""deployment"":""b4365154-eadc-4c11-b568-5a096850e705"",""replica"":""56b3bc11-84b5-4316-abf1-2dec254f4739""}",2026-03-28T00:10:50.839585207Z
[QR] QR length: 237,info,"{""level"":""info""}","{""project"":""ce3616d9-58ad-4ec7-a294-1821e1564434"",""environment"":""fb6513d0-42a4-4660-82b5-509c54b15f2a"",""service"":""4978aa94-666c-47c7-8024-3ada55195a51"",""deployment"":""b4365154-eadc-4c11-b568-5a096850e705"",""replica"":""56b3bc11-84b5-4316-abf1-2dec254f4739""}",2026-03-28T00:10:50.839778654Z
[QR] Converting QR to data URL...,info,"{""level"":""info""}","{""project"":""ce3616d9-58ad-4ec7-a294-1821e1564434"",""environment"":""fb6513d0-42a4-4660-82b5-509c54b15f2a"",""service"":""4978aa94-666c-47c7-8024-3ada55195a51"",""deployment"":""b4365154-eadc-4c11-b568-5a096850e705"",""replica"":""56b3bc11-84b5-4316-abf1-2dec254f4739""}",2026-03-28T00:10:50.839787533Z
"[QR] ✅ QR converted, length: 6402",info,"{""level"":""info""}","{""project"":""ce3616d9-58ad-4ec7-a294-1821e1564434"",""environment"":""fb6513d0-42a4-4660-82b5-509c54b15f2a"",""service"":""4978aa94-666c-47c7-8024-3ada55195a51"",""deployment"":""b4365154-eadc-4c11-b568-5a096850e705"",""replica"":""56b3bc11-84b5-4316-abf1-2dec254f4739""}",2026-03-28T00:10:50.839793665Z
[DB] Synced 1 accounts to database,info,"{""level"":""info""}","{""project"":""ce3616d9-58ad-4ec7-a294-1821e1564434"",""environment"":""fb6513d0-42a4-4660-82b5-509c54b15f2a"",""service"":""4978aa94-666c-47c7-8024-3ada55195a51"",""deployment"":""b4365154-eadc-4c11-b568-5a096850e705"",""replica"":""56b3bc11-84b5-4316-abf1-2dec254f4739""}",2026-03-28T00:10:51.787216658Z
[WS NATIVE SEND] Sending for akunpairing1 type: object preview: AAArYJb87owPUbI6Rbh9tmVrB/OTvrpULR/DsQoEAamVjcI2qqq3fAAUk5kVNg==,info,"{""level"":""info""}","{""project"":""ce3616d9-58ad-4ec7-a294-1821e1564434"",""environment"":""fb6513d0-42a4-4660-82b5-509c54b15f2a"",""service"":""4978aa94-666c-47c7-8024-3ada55195a51"",""deployment"":""b4365154-eadc-4c11-b568-5a096850e705"",""replica"":""56b3bc11-84b5-4316-abf1-2dec254f4739""}",2026-03-28T00:11:01.704139309Z
[WS NATIVE MESSAGE] Received for akunpairing1 binary: true len: 39 preview: AAAkg+x0HE45XHQKpWnEwSBNAnguWAE0rKKf2PovwI3Ay5DKugMO,info,"{""level"":""info""}","{""project"":""ce3616d9-58ad-4ec7-a294-1821e1564434"",""environment"":""fb6513d0-42a4-4660-82b5-509c54b15f2a"",""service"":""4978aa94-666c-47c7-8024-3ada55195a51"",""deployment"":""b4365154-eadc-4c11-b568-5a096850e705"",""replica"":""56b3bc11-84b5-4316-abf1-2dec254f4739""}",2026-03-28T00:11:01.704149292Z
communication recv,info,"{""time"":1774656661074,""pid"":94,""hostname"":""9a45ddc40bc4"",""unhandled"":true,""fromMe"":false,""frame"":{""tag"":""iq"",""attrs"":{""from"":""@s.whatsapp.net"",""type"":""get"",""t"":""1774656661"",""xmlns"":""urn:xmpp:ping""}},""level"":""info""}","{""project"":""ce3616d9-58ad-4ec7-a294-1821e1564434"",""environment"":""fb6513d0-42a4-4660-82b5-509c54b15f2a"",""service"":""4978aa94-666c-47c7-8024-3ada55195a51"",""deployment"":""b4365154-eadc-4c11-b568-5a096850e705"",""replica"":""56b3bc11-84b5-4316-abf1-2dec254f4739""}",2026-03-28T00:11:01.704158151Z
[WS NATIVE MESSAGE] Received for akunpairing1 binary: true len: 47 preview: AAAs4lbxgoabnoaHPg2qhTW4oQRuYpbx/fcjmk+Ez0BazbPtVp+smEXRTt1V/DI=,info,"{""level"":""info""}","{""project"":""ce3616d9-58ad-4ec7-a294-1821e1564434"",""environment"":""fb6513d0-42a4-4660-82b5-509c54b15f2a"",""service"":""4978aa94-666c-47c7-8024-3ada55195a51"",""deployment"":""b4365154-eadc-4c11-b568-5a096850e705"",""replica"":""56b3bc11-84b5-4316-abf1-2dec254f4739""}",2026-03-28T00:11:01.704167220Z
==========================================,info,"{""level"":""info""}","{""project"":""ce3616d9-58ad-4ec7-a294-1821e1564434"",""environment"":""fb6513d0-42a4-4660-82b5-509c54b15f2a"",""service"":""4978aa94-666c-47c7-8024-3ada55195a51"",""deployment"":""b4365154-eadc-4c11-b568-5a096850e705"",""replica"":""56b3bc11-84b5-4316-abf1-2dec254f4739""}",2026-03-28T00:11:01.704177241Z
[CONNECTION UPDATE] ✅ EVENT RECEIVED! {,info,"{""level"":""info""}","{""project"":""ce3616d9-58ad-4ec7-a294-1821e1564434"",""environment"":""fb6513d0-42a4-4660-82b5-509c54b15f2a"",""service"":""4978aa94-666c-47c7-8024-3ada55195a51"",""deployment"":""b4365154-eadc-4c11-b568-5a096850e705"",""replica"":""56b3bc11-84b5-4316-abf1-2dec254f4739""}",2026-03-28T00:11:01.704185963Z
"  accountId: 'akunpairing1',",info,"{""level"":""info""}","{""project"":""ce3616d9-58ad-4ec7-a294-1821e1564434"",""environment"":""fb6513d0-42a4-4660-82b5-509c54b15f2a"",""service"":""4978aa94-666c-47c7-8024-3ada55195a51"",""deployment"":""b4365154-eadc-4c11-b568-5a096850e705"",""replica"":""56b3bc11-84b5-4316-abf1-2dec254f4739""}",2026-03-28T00:11:01.704200738Z
"  connection: undefined,",info,"{""level"":""info""}","{""project"":""ce3616d9-58ad-4ec7-a294-1821e1564434"",""environment"":""fb6513d0-42a4-4660-82b5-509c54b15f2a"",""service"":""4978aa94-666c-47c7-8024-3ada55195a51"",""deployment"":""b4365154-eadc-4c11-b568-5a096850e705"",""replica"":""56b3bc11-84b5-4316-abf1-2dec254f4739""}",2026-03-28T00:11:01.704211303Z
"  hasQr: true,",info,"{""level"":""info""}","{""project"":""ce3616d9-58ad-4ec7-a294-1821e1564434"",""environment"":""fb6513d0-42a4-4660-82b5-509c54b15f2a"",""service"":""4978aa94-666c-47c7-8024-3ada55195a51"",""deployment"":""b4365154-eadc-4c11-b568-5a096850e705"",""replica"":""56b3bc11-84b5-4316-abf1-2dec254f4739""}",2026-03-28T00:11:01.704219182Z
"  qrPreview: '2@tyRSDheKVeds1HN9ZHsem0i42huif4Cs5NqSo375o3LsT2FD...',",info,"{""level"":""info""}","{""project"":""ce3616d9-58ad-4ec7-a294-1821e1564434"",""environment"":""fb6513d0-42a4-4660-82b5-509c54b15f2a"",""service"":""4978aa94-666c-47c7-8024-3ada55195a51"",""deployment"":""b4365154-eadc-4c11-b568-5a096850e705"",""replica"":""56b3bc11-84b5-4316-abf1-2dec254f4739""}",2026-03-28T00:11:01.704227646Z
  isNewLogin: undefined,info,"{""level"":""info""}","{""project"":""ce3616d9-58ad-4ec7-a294-1821e1564434"",""environment"":""fb6513d0-42a4-4660-82b5-509c54b15f2a"",""service"":""4978aa94-666c-47c7-8024-3ada55195a51"",""deployment"":""b4365154-eadc-4c11-b568-5a096850e705"",""replica"":""56b3bc11-84b5-4316-abf1-2dec254f4739""}",2026-03-28T00:11:01.704234831Z
},info,"{""level"":""info""}","{""project"":""ce3616d9-58ad-4ec7-a294-1821e1564434"",""environment"":""fb6513d0-42a4-4660-82b5-509c54b15f2a"",""service"":""4978aa94-666c-47c7-8024-3ada55195a51"",""deployment"":""b4365154-eadc-4c11-b568-5a096850e705"",""replica"":""56b3bc11-84b5-4316-abf1-2dec254f4739""}",2026-03-28T00:11:01.704243848Z
==========================================,info,"{""level"":""info""}","{""project"":""ce3616d9-58ad-4ec7-a294-1821e1564434"",""environment"":""fb6513d0-42a4-4660-82b5-509c54b15f2a"",""service"":""4978aa94-666c-47c7-8024-3ada55195a51"",""deployment"":""b4365154-eadc-4c11-b568-5a096850e705"",""replica"":""56b3bc11-84b5-4316-abf1-2dec254f4739""}",2026-03-28T00:11:01.704250379Z
[QR] 🎯 QR code received for: akunpairing1,info,"{""level"":""info""}","{""project"":""ce3616d9-58ad-4ec7-a294-1821e1564434"",""environment"":""fb6513d0-42a4-4660-82b5-509c54b15f2a"",""service"":""4978aa94-666c-47c7-8024-3ada55195a51"",""deployment"":""b4365154-eadc-4c11-b568-5a096850e705"",""replica"":""56b3bc11-84b5-4316-abf1-2dec254f4739""}",2026-03-28T00:11:01.704255316Z
[QR] QR length: 237,info,"{""level"":""info""}","{""project"":""ce3616d9-58ad-4ec7-a294-1821e1564434"",""environment"":""fb6513d0-42a4-4660-82b5-509c54b15f2a"",""service"":""4978aa94-666c-47c7-8024-3ada55195a51"",""deployment"":""b4365154-eadc-4c11-b568-5a096850e705"",""replica"":""56b3bc11-84b5-4316-abf1-2dec254f4739""}",2026-03-28T00:11:01.704261973Z
[QR] Converting QR to data URL...,info,"{""level"":""info""}","{""project"":""ce3616d9-58ad-4ec7-a294-1821e1564434"",""environment"":""fb6513d0-42a4-4660-82b5-509c54b15f2a"",""service"":""4978aa94-666c-47c7-8024-3ada55195a51"",""deployment"":""b4365154-eadc-4c11-b568-5a096850e705"",""replica"":""56b3bc11-84b5-4316-abf1-2dec254f4739""}",2026-03-28T00:11:01.704267958Z
"[QR] ✅ QR converted, length: 6550",info,"{""level"":""info""}","{""project"":""ce3616d9-58ad-4ec7-a294-1821e1564434"",""environment"":""fb6513d0-42a4-4660-82b5-509c54b15f2a"",""service"":""4978aa94-666c-47c7-8024-3ada55195a51"",""deployment"":""b4365154-eadc-4c11-b568-5a096850e705"",""replica"":""56b3bc11-84b5-4316-abf1-2dec254f4739""}",2026-03-28T00:11:01.704273863Z
[DB] Synced 1 accounts to database,info,"{""level"":""info""}","{""project"":""ce3616d9-58ad-4ec7-a294-1821e1564434"",""environment"":""fb6513d0-42a4-4660-82b5-509c54b15f2a"",""service"":""4978aa94-666c-47c7-8024-3ada55195a51"",""deployment"":""b4365154-eadc-4c11-b568-5a096850e705"",""replica"":""56b3bc11-84b5-4316-abf1-2dec254f4739""}",2026-03-28T00:11:21.691796899Z
==========================================,info,"{""level"":""info""}","{""project"":""ce3616d9-58ad-4ec7-a294-1821e1564434"",""environment"":""fb6513d0-42a4-4660-82b5-509c54b15f2a"",""service"":""4978aa94-666c-47c7-8024-3ada55195a51"",""deployment"":""b4365154-eadc-4c11-b568-5a096850e705"",""replica"":""56b3bc11-84b5-4316-abf1-2dec254f4739""}",2026-03-28T00:11:21.691807664Z
[CONNECTION UPDATE] ✅ EVENT RECEIVED! {,info,"{""level"":""info""}","{""project"":""ce3616d9-58ad-4ec7-a294-1821e1564434"",""environment"":""fb6513d0-42a4-4660-82b5-509c54b15f2a"",""service"":""4978aa94-666c-47c7-8024-3ada55195a51"",""deployment"":""b4365154-eadc-4c11-b568-5a096850e705"",""replica"":""56b3bc11-84b5-4316-abf1-2dec254f4739""}",2026-03-28T00:11:21.691813634Z
"  connection: undefined,",info,"{""level"":""info""}","{""project"":""ce3616d9-58ad-4ec7-a294-1821e1564434"",""environment"":""fb6513d0-42a4-4660-82b5-509c54b15f2a"",""service"":""4978aa94-666c-47c7-8024-3ada55195a51"",""deployment"":""b4365154-eadc-4c11-b568-5a096850e705"",""replica"":""56b3bc11-84b5-4316-abf1-2dec254f4739""}",2026-03-28T00:11:21.691826293Z
"  hasQr: true,",info,"{""level"":""info""}","{""project"":""ce3616d9-58ad-4ec7-a294-1821e1564434"",""environment"":""fb6513d0-42a4-4660-82b5-509c54b15f2a"",""service"":""4978aa94-666c-47c7-8024-3ada55195a51"",""deployment"":""b4365154-eadc-4c11-b568-5a096850e705"",""replica"":""56b3bc11-84b5-4316-abf1-2dec254f4739""}",2026-03-28T00:11:21.691831795Z
"  qrPreview: '2@QheVYqSKDryJL4HfGfZqD4n0kOsdLa6y1Fg6eUDl2FXR24mn...',",info,"{""level"":""info""}","{""project"":""ce3616d9-58ad-4ec7-a294-1821e1564434"",""environment"":""fb6513d0-42a4-4660-82b5-509c54b15f2a"",""service"":""4978aa94-666c-47c7-8024-3ada55195a51"",""deployment"":""b4365154-eadc-4c11-b568-5a096850e705"",""replica"":""56b3bc11-84b5-4316-abf1-2dec254f4739""}",2026-03-28T00:11:21.691836582Z
},info,"{""level"":""info""}","{""project"":""ce3616d9-58ad-4ec7-a294-1821e1564434"",""environment"":""fb6513d0-42a4-4660-82b5-509c54b15f2a"",""service"":""4978aa94-666c-47c7-8024-3ada55195a51"",""deployment"":""b4365154-eadc-4c11-b568-5a096850e705"",""replica"":""56b3bc11-84b5-4316-abf1-2dec254f4739""}",2026-03-28T00:11:21.691847111Z
==========================================,info,"{""level"":""info""}","{""project"":""ce3616d9-58ad-4ec7-a294-1821e1564434"",""environment"":""fb6513d0-42a4-4660-82b5-509c54b15f2a"",""service"":""4978aa94-666c-47c7-8024-3ada55195a51"",""deployment"":""b4365154-eadc-4c11-b568-5a096850e705"",""replica"":""56b3bc11-84b5-4316-abf1-2dec254f4739""}",2026-03-28T00:11:21.691852137Z
[QR] 🎯 QR code received for: akunpairing1,info,"{""level"":""info""}","{""project"":""ce3616d9-58ad-4ec7-a294-1821e1564434"",""environment"":""fb6513d0-42a4-4660-82b5-509c54b15f2a"",""service"":""4978aa94-666c-47c7-8024-3ada55195a51"",""deployment"":""b4365154-eadc-4c11-b568-5a096850e705"",""replica"":""56b3bc11-84b5-4316-abf1-2dec254f4739""}",2026-03-28T00:11:21.691858500Z
"[QR] ✅ QR converted, length: 6394",info,"{""level"":""info""}","{""project"":""ce3616d9-58ad-4ec7-a294-1821e1564434"",""environment"":""fb6513d0-42a4-4660-82b5-509c54b15f2a"",""service"":""4978aa94-666c-47c7-8024-3ada55195a51"",""deployment"":""b4365154-eadc-4c11-b568-5a096850e705"",""replica"":""56b3bc11-84b5-4316-abf1-2dec254f4739""}",2026-03-28T00:11:21.691872005Z
[WS NATIVE SEND] Sending for akunpairing1 type: object preview: AAAreETWXL0NjwcXztVVnOZxUcWwn5UVYPcb7WBybvaa50jRJkhpJHQbGTZlig==,info,"{""level"":""info""}","{""project"":""ce3616d9-58ad-4ec7-a294-1821e1564434"",""environment"":""fb6513d0-42a4-4660-82b5-509c54b15f2a"",""service"":""4978aa94-666c-47c7-8024-3ada55195a51"",""deployment"":""b4365154-eadc-4c11-b568-5a096850e705"",""replica"":""56b3bc11-84b5-4316-abf1-2dec254f4739""}",2026-03-28T00:11:31.343687459Z
[WS NATIVE MESSAGE] Received for akunpairing1 binary: true len: 39 preview: AAAkIEcCdpEs73cTUOVddb/L7ZHJ0LblQ/x1eFto8U+AZcVXeqnz,info,"{""level"":""info""}","{""project"":""ce3616d9-58ad-4ec7-a294-1821e1564434"",""environment"":""fb6513d0-42a4-4660-82b5-509c54b15f2a"",""service"":""4978aa94-666c-47c7-8024-3ada55195a51"",""deployment"":""b4365154-eadc-4c11-b568-5a096850e705"",""replica"":""56b3bc11-84b5-4316-abf1-2dec254f4739""}",2026-03-28T00:11:31.343697816Z
communication recv,info,"{""time"":1774656691075,""pid"":94,""hostname"":""9a45ddc40bc4"",""unhandled"":true,""fromMe"":false,""frame"":{""tag"":""iq"",""attrs"":{""from"":""@s.whatsapp.net"",""type"":""get"",""t"":""1774656691"",""xmlns"":""urn:xmpp:ping""}},""level"":""info""}","{""project"":""ce3616d9-58ad-4ec7-a294-1821e1564434"",""environment"":""fb6513d0-42a4-4660-82b5-509c54b15f2a"",""service"":""4978aa94-666c-47c7-8024-3ada55195a51"",""deployment"":""b4365154-eadc-4c11-b568-5a096850e705"",""replica"":""56b3bc11-84b5-4316-abf1-2dec254f4739""}",2026-03-28T00:11:31.343705470Z
[WS NATIVE MESSAGE] Received for akunpairing1 binary: true len: 47 preview: AAAsUIRiG7TXygxDU7adeUOL9VFAgA7h+O+XW7yOsm27u1csd/Vr1ptUIvsHvtk=,info,"{""level"":""info""}","{""project"":""ce3616d9-58ad-4ec7-a294-1821e1564434"",""environment"":""fb6513d0-42a4-4660-82b5-509c54b15f2a"",""service"":""4978aa94-666c-47c7-8024-3ada55195a51"",""deployment"":""b4365154-eadc-4c11-b568-5a096850e705"",""replica"":""56b3bc11-84b5-4316-abf1-2dec254f4739""}",2026-03-28T00:11:31.343712783Z
connection errored,info,"{""time"":1774656701307,""pid"":94,""hostname"":""9a45ddc40bc4"",""trace"":""Error: QR refs attempts ended\n    at Timeout.genPairQR (/app/mini-services/whatsapp-service/node_modules/@whiskeysockets/baileys/src/Socket/socket.ts:594:9)\n    at listOnTimeout (node:internal/timers:588:17)\n    at process.processTimers (node:internal/timers:523:7)"",""level"":""info""}","{""project"":""ce3616d9-58ad-4ec7-a294-1821e1564434"",""environment"":""fb6513d0-42a4-4660-82b5-509c54b15f2a"",""service"":""4978aa94-666c-47c7-8024-3ada55195a51"",""deployment"":""b4365154-eadc-4c11-b568-5a096850e705"",""replica"":""56b3bc11-84b5-4316-abf1-2dec254f4739""}",2026-03-28T00:11:50.666903094Z
==========================================,info,"{""level"":""info""}","{""project"":""ce3616d9-58ad-4ec7-a294-1821e1564434"",""environment"":""fb6513d0-42a4-4660-82b5-509c54b15f2a"",""service"":""4978aa94-666c-47c7-8024-3ada55195a51"",""deployment"":""b4365154-eadc-4c11-b568-5a096850e705"",""replica"":""56b3bc11-84b5-4316-abf1-2dec254f4739""}",2026-03-28T00:11:50.666915246Z
[CONNECTION UPDATE] ✅ EVENT RECEIVED! {,info,"{""level"":""info""}","{""project"":""ce3616d9-58ad-4ec7-a294-1821e1564434"",""environment"":""fb6513d0-42a4-4660-82b5-509c54b15f2a"",""service"":""4978aa94-666c-47c7-8024-3ada55195a51"",""deployment"":""b4365154-eadc-4c11-b568-5a096850e705"",""replica"":""56b3bc11-84b5-4316-abf1-2dec254f4739""}",2026-03-28T00:11:50.666934397Z
"  accountId: 'akunpairing1',",info,"{""level"":""info""}","{""project"":""ce3616d9-58ad-4ec7-a294-1821e1564434"",""environment"":""fb6513d0-42a4-4660-82b5-509c54b15f2a"",""service"":""4978aa94-666c-47c7-8024-3ada55195a51"",""deployment"":""b4365154-eadc-4c11-b568-5a096850e705"",""replica"":""56b3bc11-84b5-4316-abf1-2dec254f4739""}",2026-03-28T00:11:50.666946152Z
"  connection: 'close',",info,"{""level"":""info""}","{""project"":""ce3616d9-58ad-4ec7-a294-1821e1564434"",""environment"":""fb6513d0-42a4-4660-82b5-509c54b15f2a"",""service"":""4978aa94-666c-47c7-8024-3ada55195a51"",""deployment"":""b4365154-eadc-4c11-b568-5a096850e705"",""replica"":""56b3bc11-84b5-4316-abf1-2dec254f4739""}",2026-03-28T00:11:50.666957209Z
"  hasQr: false,",info,"{""level"":""info""}","{""project"":""ce3616d9-58ad-4ec7-a294-1821e1564434"",""environment"":""fb6513d0-42a4-4660-82b5-509c54b15f2a"",""service"":""4978aa94-666c-47c7-8024-3ada55195a51"",""deployment"":""b4365154-eadc-4c11-b568-5a096850e705"",""replica"":""56b3bc11-84b5-4316-abf1-2dec254f4739""}",2026-03-28T00:11:50.666964469Z
"  qrPreview: null,",info,"{""level"":""info""}","{""project"":""ce3616d9-58ad-4ec7-a294-1821e1564434"",""environment"":""fb6513d0-42a4-4660-82b5-509c54b15f2a"",""service"":""4978aa94-666c-47c7-8024-3ada55195a51"",""deployment"":""b4365154-eadc-4c11-b568-5a096850e705"",""replica"":""56b3bc11-84b5-4316-abf1-2dec254f4739""}",2026-03-28T00:11:50.666972508Z
  isNewLogin: undefined,info,"{""level"":""info""}","{""project"":""ce3616d9-58ad-4ec7-a294-1821e1564434"",""environment"":""fb6513d0-42a4-4660-82b5-509c54b15f2a"",""service"":""4978aa94-666c-47c7-8024-3ada55195a51"",""deployment"":""b4365154-eadc-4c11-b568-5a096850e705"",""replica"":""56b3bc11-84b5-4316-abf1-2dec254f4739""}",2026-03-28T00:11:50.666980759Z
},info,"{""level"":""info""}","{""project"":""ce3616d9-58ad-4ec7-a294-1821e1564434"",""environment"":""fb6513d0-42a4-4660-82b5-509c54b15f2a"",""service"":""4978aa94-666c-47c7-8024-3ada55195a51"",""deployment"":""b4365154-eadc-4c11-b568-5a096850e705"",""replica"":""56b3bc11-84b5-4316-abf1-2dec254f4739""}",2026-03-28T00:11:50.666989802Z
==========================================,info,"{""level"":""info""}","{""project"":""ce3616d9-58ad-4ec7-a294-1821e1564434"",""environment"":""fb6513d0-42a4-4660-82b5-509c54b15f2a"",""service"":""4978aa94-666c-47c7-8024-3ada55195a51"",""deployment"":""b4365154-eadc-4c11-b568-5a096850e705"",""replica"":""56b3bc11-84b5-4316-abf1-2dec254f4739""}",2026-03-28T00:11:50.666997669Z
[CONNECTION] ❌ Disconnected: akunpairing1 code: 408 error: QR refs attempts ended,info,"{""level"":""info""}","{""project"":""ce3616d9-58ad-4ec7-a294-1821e1564434"",""environment"":""fb6513d0-42a4-4660-82b5-509c54b15f2a"",""service"":""4978aa94-666c-47c7-8024-3ada55195a51"",""deployment"":""b4365154-eadc-4c11-b568-5a096850e705"",""replica"":""56b3bc11-84b5-4316-abf1-2dec254f4739""}",2026-03-28T00:11:50.667006333Z
[WS NATIVE MESSAGE] Received for akunpairing1 binary: true len: 4 preview: iAID8w==,info,"{""level"":""info""}","{""project"":""ce3616d9-58ad-4ec7-a294-1821e1564434"",""environment"":""fb6513d0-42a4-4660-82b5-509c54b15f2a"",""service"":""4978aa94-666c-47c7-8024-3ada55195a51"",""deployment"":""b4365154-eadc-4c11-b568-5a096850e705"",""replica"":""56b3bc11-84b5-4316-abf1-2dec254f4739""}",2026-03-28T00:11:50.667015727Z
[WS NATIVE CLOSE] Native WebSocket closed for akunpairing1 code: 1006 reason: ,info,"{""level"":""info""}","{""project"":""ce3616d9-58ad-4ec7-a294-1821e1564434"",""environment"":""fb6513d0-42a4-4660-82b5-509c54b15f2a"",""service"":""4978aa94-666c-47c7-8024-3ada55195a51"",""deployment"":""b4365154-eadc-4c11-b568-5a096850e705"",""replica"":""56b3bc11-84b5-4316-abf1-2dec254f4739""}",2026-03-28T00:11:50.667024413Z
[DB] Synced 1 accounts to database,info,"{""level"":""info""}","{""project"":""ce3616d9-58ad-4ec7-a294-1821e1564434"",""environment"":""fb6513d0-42a4-4660-82b5-509c54b15f2a"",""service"":""4978aa94-666c-47c7-8024-3ada55195a51"",""deployment"":""b4365154-eadc-4c11-b568-5a096850e705"",""replica"":""56b3bc11-84b5-4316-abf1-2dec254f4739""}",2026-03-28T00:11:51.732853902Z