message,severity,attributes,tags,timestamp
DATABASE_URL: postgresql://postgres:XfccumoOsYWLMeAxQLzsKLyzTbTxznTW@postgres.railway.internal:5432/railway,info,"{""level"":""info""}","{""project"":""ce3616d9-58ad-4ec7-a294-1821e1564434"",""environment"":""fb6513d0-42a4-4660-82b5-509c54b15f2a"",""service"":""4978aa94-666c-47c7-8024-3ada55195a51"",""deployment"":""e6572e99-435a-4318-8085-a26955b8bae6"",""replica"":""bc280845-512d-4bab-ba8a-2b99bc9ab336""}",2026-04-03T02:50:31.271620587Z
Running Prisma db push...,info,"{""level"":""info""}","{""project"":""ce3616d9-58ad-4ec7-a294-1821e1564434"",""environment"":""fb6513d0-42a4-4660-82b5-509c54b15f2a"",""service"":""4978aa94-666c-47c7-8024-3ada55195a51"",""deployment"":""e6572e99-435a-4318-8085-a26955b8bae6"",""replica"":""bc280845-512d-4bab-ba8a-2b99bc9ab336""}",2026-04-03T02:50:31.271630974Z
Using PostgreSQL database,info,"{""level"":""info""}","{""project"":""ce3616d9-58ad-4ec7-a294-1821e1564434"",""environment"":""fb6513d0-42a4-4660-82b5-509c54b15f2a"",""service"":""4978aa94-666c-47c7-8024-3ada55195a51"",""deployment"":""e6572e99-435a-4318-8085-a26955b8bae6"",""replica"":""bc280845-512d-4bab-ba8a-2b99bc9ab336""}",2026-04-03T02:50:31.271637420Z
==========================================,info,"{""level"":""info""}","{""project"":""ce3616d9-58ad-4ec7-a294-1821e1564434"",""environment"":""fb6513d0-42a4-4660-82b5-509c54b15f2a"",""service"":""4978aa94-666c-47c7-8024-3ada55195a51"",""deployment"":""e6572e99-435a-4318-8085-a26955b8bae6"",""replica"":""bc280845-512d-4bab-ba8a-2b99bc9ab336""}",2026-04-03T02:50:31.271663995Z
Starting WhatsApp Warmer Service,info,"{""level"":""info""}","{""project"":""ce3616d9-58ad-4ec7-a294-1821e1564434"",""environment"":""fb6513d0-42a4-4660-82b5-509c54b15f2a"",""service"":""4978aa94-666c-47c7-8024-3ada55195a51"",""deployment"":""e6572e99-435a-4318-8085-a26955b8bae6"",""replica"":""bc280845-512d-4bab-ba8a-2b99bc9ab336""}",2026-04-03T02:50:31.271672908Z
Time: 2026-04-03 02:50:30 UTC,info,"{""level"":""info""}","{""project"":""ce3616d9-58ad-4ec7-a294-1821e1564434"",""environment"":""fb6513d0-42a4-4660-82b5-509c54b15f2a"",""service"":""4978aa94-666c-47c7-8024-3ada55195a51"",""deployment"":""e6572e99-435a-4318-8085-a26955b8bae6"",""replica"":""bc280845-512d-4bab-ba8a-2b99bc9ab336""}",2026-04-03T02:50:31.271678895Z
==========================================,info,"{""level"":""info""}","{""project"":""ce3616d9-58ad-4ec7-a294-1821e1564434"",""environment"":""fb6513d0-42a4-4660-82b5-509c54b15f2a"",""service"":""4978aa94-666c-47c7-8024-3ada55195a51"",""deployment"":""e6572e99-435a-4318-8085-a26955b8bae6"",""replica"":""bc280845-512d-4bab-ba8a-2b99bc9ab336""}",2026-04-03T02:50:31.271684565Z
Starting Container,info,"{""level"":""info""}","{""project"":""ce3616d9-58ad-4ec7-a294-1821e1564434"",""environment"":""fb6513d0-42a4-4660-82b5-509c54b15f2a"",""service"":""4978aa94-666c-47c7-8024-3ada55195a51"",""deployment"":""e6572e99-435a-4318-8085-a26955b8bae6"",""replica"":""bc280845-512d-4bab-ba8a-2b99bc9ab336""}",2026-04-03T02:50:31.398847792Z
Prisma schema loaded from prisma/schema.prisma,info,"{""level"":""info""}","{""project"":""ce3616d9-58ad-4ec7-a294-1821e1564434"",""environment"":""fb6513d0-42a4-4660-82b5-509c54b15f2a"",""service"":""4978aa94-666c-47c7-8024-3ada55195a51"",""deployment"":""e6572e99-435a-4318-8085-a26955b8bae6"",""replica"":""bc280845-512d-4bab-ba8a-2b99bc9ab336""}",2026-04-03T02:50:32.294018113Z
"Datasource ""db"": PostgreSQL database ""railway"", schema ""public"" at ""postgres.railway.internal:5432""",info,"{""level"":""info""}","{""project"":""ce3616d9-58ad-4ec7-a294-1821e1564434"",""environment"":""fb6513d0-42a4-4660-82b5-509c54b15f2a"",""service"":""4978aa94-666c-47c7-8024-3ada55195a51"",""deployment"":""e6572e99-435a-4318-8085-a26955b8bae6"",""replica"":""bc280845-512d-4bab-ba8a-2b99bc9ab336""}",2026-04-03T02:50:32.294024137Z
,info,"{""level"":""info""}","{""project"":""ce3616d9-58ad-4ec7-a294-1821e1564434"",""environment"":""fb6513d0-42a4-4660-82b5-509c54b15f2a"",""service"":""4978aa94-666c-47c7-8024-3ada55195a51"",""deployment"":""e6572e99-435a-4318-8085-a26955b8bae6"",""replica"":""bc280845-512d-4bab-ba8a-2b99bc9ab336""}",2026-04-03T02:50:32.369628425Z
The database is already in sync with the Prisma schema.,info,"{""level"":""info""}","{""project"":""ce3616d9-58ad-4ec7-a294-1821e1564434"",""environment"":""fb6513d0-42a4-4660-82b5-509c54b15f2a"",""service"":""4978aa94-666c-47c7-8024-3ada55195a51"",""deployment"":""e6572e99-435a-4318-8085-a26955b8bae6"",""replica"":""bc280845-512d-4bab-ba8a-2b99bc9ab336""}",2026-04-03T02:50:32.369634835Z
,info,"{""level"":""info""}","{""project"":""ce3616d9-58ad-4ec7-a294-1821e1564434"",""environment"":""fb6513d0-42a4-4660-82b5-509c54b15f2a"",""service"":""4978aa94-666c-47c7-8024-3ada55195a51"",""deployment"":""e6572e99-435a-4318-8085-a26955b8bae6"",""replica"":""bc280845-512d-4bab-ba8a-2b99bc9ab336""}",2026-04-03T02:50:32.376139043Z
Setting up Prisma symlinks...,info,"{""level"":""info""}","{""project"":""ce3616d9-58ad-4ec7-a294-1821e1564434"",""environment"":""fb6513d0-42a4-4660-82b5-509c54b15f2a"",""service"":""4978aa94-666c-47c7-8024-3ada55195a51"",""deployment"":""e6572e99-435a-4318-8085-a26955b8bae6"",""replica"":""bc280845-512d-4bab-ba8a-2b99bc9ab336""}",2026-04-03T02:50:32.396377342Z
,info,"{""level"":""info""}","{""project"":""ce3616d9-58ad-4ec7-a294-1821e1564434"",""environment"":""fb6513d0-42a4-4660-82b5-509c54b15f2a"",""service"":""4978aa94-666c-47c7-8024-3ada55195a51"",""deployment"":""e6572e99-435a-4318-8085-a26955b8bae6"",""replica"":""bc280845-512d-4bab-ba8a-2b99bc9ab336""}",2026-04-03T02:50:32.403855978Z
==========================================,info,"{""level"":""info""}","{""project"":""ce3616d9-58ad-4ec7-a294-1821e1564434"",""environment"":""fb6513d0-42a4-4660-82b5-509c54b15f2a"",""service"":""4978aa94-666c-47c7-8024-3ada55195a51"",""deployment"":""e6572e99-435a-4318-8085-a26955b8bae6"",""replica"":""bc280845-512d-4bab-ba8a-2b99bc9ab336""}",2026-04-03T02:50:32.403864071Z
STEP 1: Starting WhatsApp Service,info,"{""level"":""info""}","{""project"":""ce3616d9-58ad-4ec7-a294-1821e1564434"",""environment"":""fb6513d0-42a4-4660-82b5-509c54b15f2a"",""service"":""4978aa94-666c-47c7-8024-3ada55195a51"",""deployment"":""e6572e99-435a-4318-8085-a26955b8bae6"",""replica"":""bc280845-512d-4bab-ba8a-2b99bc9ab336""}",2026-04-03T02:50:32.403869082Z
==========================================,info,"{""level"":""info""}","{""project"":""ce3616d9-58ad-4ec7-a294-1821e1564434"",""environment"":""fb6513d0-42a4-4660-82b5-509c54b15f2a"",""service"":""4978aa94-666c-47c7-8024-3ada55195a51"",""deployment"":""e6572e99-435a-4318-8085-a26955b8bae6"",""replica"":""bc280845-512d-4bab-ba8a-2b99bc9ab336""}",2026-04-03T02:50:32.403873836Z
,info,"{""level"":""info""}","{""project"":""ce3616d9-58ad-4ec7-a294-1821e1564434"",""environment"":""fb6513d0-42a4-4660-82b5-509c54b15f2a"",""service"":""4978aa94-666c-47c7-8024-3ada55195a51"",""deployment"":""e6572e99-435a-4318-8085-a26955b8bae6"",""replica"":""bc280845-512d-4bab-ba8a-2b99bc9ab336""}",2026-04-03T02:50:32.403878440Z
Installing tsx...,info,"{""level"":""info""}","{""project"":""ce3616d9-58ad-4ec7-a294-1821e1564434"",""environment"":""fb6513d0-42a4-4660-82b5-509c54b15f2a"",""service"":""4978aa94-666c-47c7-8024-3ada55195a51"",""deployment"":""e6572e99-435a-4318-8085-a26955b8bae6"",""replica"":""bc280845-512d-4bab-ba8a-2b99bc9ab336""}",2026-04-03T02:50:32.403883769Z
,info,"{""level"":""info""}","{""project"":""ce3616d9-58ad-4ec7-a294-1821e1564434"",""environment"":""fb6513d0-42a4-4660-82b5-509c54b15f2a"",""service"":""4978aa94-666c-47c7-8024-3ada55195a51"",""deployment"":""e6572e99-435a-4318-8085-a26955b8bae6"",""replica"":""bc280845-512d-4bab-ba8a-2b99bc9ab336""}",2026-04-03T02:50:34.454080330Z
added 5 packages in 2s,info,"{""level"":""info""}","{""project"":""ce3616d9-58ad-4ec7-a294-1821e1564434"",""environment"":""fb6513d0-42a4-4660-82b5-509c54b15f2a"",""service"":""4978aa94-666c-47c7-8024-3ada55195a51"",""deployment"":""e6572e99-435a-4318-8085-a26955b8bae6"",""replica"":""bc280845-512d-4bab-ba8a-2b99bc9ab336""}",2026-04-03T02:50:34.454086737Z
,info,"{""level"":""info""}","{""project"":""ce3616d9-58ad-4ec7-a294-1821e1564434"",""environment"":""fb6513d0-42a4-4660-82b5-509c54b15f2a"",""service"":""4978aa94-666c-47c7-8024-3ada55195a51"",""deployment"":""e6572e99-435a-4318-8085-a26955b8bae6"",""replica"":""bc280845-512d-4bab-ba8a-2b99bc9ab336""}",2026-04-03T02:50:34.454091314Z
2 packages are looking for funding,info,"{""level"":""info""}","{""project"":""ce3616d9-58ad-4ec7-a294-1821e1564434"",""environment"":""fb6513d0-42a4-4660-82b5-509c54b15f2a"",""service"":""4978aa94-666c-47c7-8024-3ada55195a51"",""deployment"":""e6572e99-435a-4318-8085-a26955b8bae6"",""replica"":""bc280845-512d-4bab-ba8a-2b99bc9ab336""}",2026-04-03T02:50:34.454095971Z
  run `npm fund` for details,info,"{""level"":""info""}","{""project"":""ce3616d9-58ad-4ec7-a294-1821e1564434"",""environment"":""fb6513d0-42a4-4660-82b5-509c54b15f2a"",""service"":""4978aa94-666c-47c7-8024-3ada55195a51"",""deployment"":""e6572e99-435a-4318-8085-a26955b8bae6"",""replica"":""bc280845-512d-4bab-ba8a-2b99bc9ab336""}",2026-04-03T02:50:34.454100188Z
Starting WhatsApp service on port 3030...,info,"{""level"":""info""}","{""project"":""ce3616d9-58ad-4ec7-a294-1821e1564434"",""environment"":""fb6513d0-42a4-4660-82b5-509c54b15f2a"",""service"":""4978aa94-666c-47c7-8024-3ada55195a51"",""deployment"":""e6572e99-435a-4318-8085-a26955b8bae6"",""replica"":""bc280845-512d-4bab-ba8a-2b99bc9ab336""}",2026-04-03T02:50:34.467998399Z
WhatsApp Service PID: 71,info,"{""level"":""info""}","{""project"":""ce3616d9-58ad-4ec7-a294-1821e1564434"",""environment"":""fb6513d0-42a4-4660-82b5-509c54b15f2a"",""service"":""4978aa94-666c-47c7-8024-3ada55195a51"",""deployment"":""e6572e99-435a-4318-8085-a26955b8bae6"",""replica"":""bc280845-512d-4bab-ba8a-2b99bc9ab336""}",2026-04-03T02:50:34.469405819Z
Waiting for WhatsApp service to start...,info,"{""level"":""info""}","{""project"":""ce3616d9-58ad-4ec7-a294-1821e1564434"",""environment"":""fb6513d0-42a4-4660-82b5-509c54b15f2a"",""service"":""4978aa94-666c-47c7-8024-3ada55195a51"",""deployment"":""e6572e99-435a-4318-8085-a26955b8bae6"",""replica"":""bc280845-512d-4bab-ba8a-2b99bc9ab336""}",2026-04-03T02:50:34.469411880Z
  Waiting... (1/60),info,"{""level"":""info""}","{""project"":""ce3616d9-58ad-4ec7-a294-1821e1564434"",""environment"":""fb6513d0-42a4-4660-82b5-509c54b15f2a"",""service"":""4978aa94-666c-47c7-8024-3ada55195a51"",""deployment"":""e6572e99-435a-4318-8085-a26955b8bae6"",""replica"":""bc280845-512d-4bab-ba8a-2b99bc9ab336""}",2026-04-03T02:50:34.476098659Z
\[1G[0K  Waiting... (2/60),info,"{""level"":""info""}","{""project"":""ce3616d9-58ad-4ec7-a294-1821e1564434"",""environment"":""fb6513d0-42a4-4660-82b5-509c54b15f2a"",""service"":""4978aa94-666c-47c7-8024-3ada55195a51"",""deployment"":""e6572e99-435a-4318-8085-a26955b8bae6"",""replica"":""bc280845-512d-4bab-ba8a-2b99bc9ab336""}",2026-04-03T02:50:36.492366427Z
✅ Error handlers installed,info,"{""level"":""info""}","{""project"":""ce3616d9-58ad-4ec7-a294-1821e1564434"",""environment"":""fb6513d0-42a4-4660-82b5-509c54b15f2a"",""service"":""4978aa94-666c-47c7-8024-3ada55195a51"",""deployment"":""e6572e99-435a-4318-8085-a26955b8bae6"",""replica"":""bc280845-512d-4bab-ba8a-2b99bc9ab336""}",2026-04-03T02:50:36.640986009Z
[DB] Loading accounts from database...,info,"{""level"":""info""}","{""project"":""ce3616d9-58ad-4ec7-a294-1821e1564434"",""environment"":""fb6513d0-42a4-4660-82b5-509c54b15f2a"",""service"":""4978aa94-666c-47c7-8024-3ada55195a51"",""deployment"":""e6572e99-435a-4318-8085-a26955b8bae6"",""replica"":""bc280845-512d-4bab-ba8a-2b99bc9ab336""}",2026-04-03T02:50:36.904951186Z
[DB] Found 3 accounts in database,info,"{""level"":""info""}","{""project"":""ce3616d9-58ad-4ec7-a294-1821e1564434"",""environment"":""fb6513d0-42a4-4660-82b5-509c54b15f2a"",""service"":""4978aa94-666c-47c7-8024-3ada55195a51"",""deployment"":""e6572e99-435a-4318-8085-a26955b8bae6"",""replica"":""bc280845-512d-4bab-ba8a-2b99bc9ab336""}",2026-04-03T02:50:36.904958755Z
[DB] Restored account: akun-01 (no phone),info,"{""level"":""info""}","{""project"":""ce3616d9-58ad-4ec7-a294-1821e1564434"",""environment"":""fb6513d0-42a4-4660-82b5-509c54b15f2a"",""service"":""4978aa94-666c-47c7-8024-3ada55195a51"",""deployment"":""e6572e99-435a-4318-8085-a26955b8bae6"",""replica"":""bc280845-512d-4bab-ba8a-2b99bc9ab336""}",2026-04-03T02:50:36.904965971Z
[DB] Restored account: tes (no phone),info,"{""level"":""info""}","{""project"":""ce3616d9-58ad-4ec7-a294-1821e1564434"",""environment"":""fb6513d0-42a4-4660-82b5-509c54b15f2a"",""service"":""4978aa94-666c-47c7-8024-3ada55195a51"",""deployment"":""e6572e99-435a-4318-8085-a26955b8bae6"",""replica"":""bc280845-512d-4bab-ba8a-2b99bc9ab336""}",2026-04-03T02:50:36.904971925Z
[DB] Restored account: akun-1 (no phone),info,"{""level"":""info""}","{""project"":""ce3616d9-58ad-4ec7-a294-1821e1564434"",""environment"":""fb6513d0-42a4-4660-82b5-509c54b15f2a"",""service"":""4978aa94-666c-47c7-8024-3ada55195a51"",""deployment"":""e6572e99-435a-4318-8085-a26955b8bae6"",""replica"":""bc280845-512d-4bab-ba8a-2b99bc9ab336""}",2026-04-03T02:50:36.904980040Z
[DB] Restored 3 accounts to memory,info,"{""level"":""info""}","{""project"":""ce3616d9-58ad-4ec7-a294-1821e1564434"",""environment"":""fb6513d0-42a4-4660-82b5-509c54b15f2a"",""service"":""4978aa94-666c-47c7-8024-3ada55195a51"",""deployment"":""e6572e99-435a-4318-8085-a26955b8bae6"",""replica"":""bc280845-512d-4bab-ba8a-2b99bc9ab336""}",2026-04-03T02:50:36.904985743Z
==========================================,info,"{""level"":""info""}","{""project"":""ce3616d9-58ad-4ec7-a294-1821e1564434"",""environment"":""fb6513d0-42a4-4660-82b5-509c54b15f2a"",""service"":""4978aa94-666c-47c7-8024-3ada55195a51"",""deployment"":""e6572e99-435a-4318-8085-a26955b8bae6"",""replica"":""bc280845-512d-4bab-ba8a-2b99bc9ab336""}",2026-04-03T02:50:36.904991750Z
🔥 WhatsApp Warmer Service running on port 3030,info,"{""level"":""info""}","{""project"":""ce3616d9-58ad-4ec7-a294-1821e1564434"",""environment"":""fb6513d0-42a4-4660-82b5-509c54b15f2a"",""service"":""4978aa94-666c-47c7-8024-3ada55195a51"",""deployment"":""e6572e99-435a-4318-8085-a26955b8bae6"",""replica"":""bc280845-512d-4bab-ba8a-2b99bc9ab336""}",2026-04-03T02:50:36.904998003Z
📊 Health check: http://localhost:3030/health,info,"{""level"":""info""}","{""project"":""ce3616d9-58ad-4ec7-a294-1821e1564434"",""environment"":""fb6513d0-42a4-4660-82b5-509c54b15f2a"",""service"":""4978aa94-666c-47c7-8024-3ada55195a51"",""deployment"":""e6572e99-435a-4318-8085-a26955b8bae6"",""replica"":""bc280845-512d-4bab-ba8a-2b99bc9ab336""}",2026-04-03T02:50:36.905004165Z
🔑 Groq API: Configured,info,"{""level"":""info""}","{""project"":""ce3616d9-58ad-4ec7-a294-1821e1564434"",""environment"":""fb6513d0-42a4-4660-82b5-509c54b15f2a"",""service"":""4978aa94-666c-47c7-8024-3ada55195a51"",""deployment"":""e6572e99-435a-4318-8085-a26955b8bae6"",""replica"":""bc280845-512d-4bab-ba8a-2b99bc9ab336""}",2026-04-03T02:50:36.905011678Z
==========================================,info,"{""level"":""info""}","{""project"":""ce3616d9-58ad-4ec7-a294-1821e1564434"",""environment"":""fb6513d0-42a4-4660-82b5-509c54b15f2a"",""service"":""4978aa94-666c-47c7-8024-3ada55195a51"",""deployment"":""e6572e99-435a-4318-8085-a26955b8bae6"",""replica"":""bc280845-512d-4bab-ba8a-2b99bc9ab336""}",2026-04-03T02:50:36.905017462Z
✅ Groq instance initialized with API key,info,"{""level"":""info""}","{""project"":""ce3616d9-58ad-4ec7-a294-1821e1564434"",""environment"":""fb6513d0-42a4-4660-82b5-509c54b15f2a"",""service"":""4978aa94-666c-47c7-8024-3ada55195a51"",""deployment"":""e6572e99-435a-4318-8085-a26955b8bae6"",""replica"":""bc280845-512d-4bab-ba8a-2b99bc9ab336""}",2026-04-03T02:50:36.905023527Z
✅ Generated 5 personalities via Groq. Pool size: 5/50,info,"{""level"":""info""}","{""project"":""ce3616d9-58ad-4ec7-a294-1821e1564434"",""environment"":""fb6513d0-42a4-4660-82b5-509c54b15f2a"",""service"":""4978aa94-666c-47c7-8024-3ada55195a51"",""deployment"":""e6572e99-435a-4318-8085-a26955b8bae6"",""replica"":""bc280845-512d-4bab-ba8a-2b99bc9ab336""}",2026-04-03T02:50:38.336097980Z
✅ Port 3030 is open,info,"{""level"":""info""}","{""project"":""ce3616d9-58ad-4ec7-a294-1821e1564434"",""environment"":""fb6513d0-42a4-4660-82b5-509c54b15f2a"",""service"":""4978aa94-666c-47c7-8024-3ada55195a51"",""deployment"":""e6572e99-435a-4318-8085-a26955b8bae6"",""replica"":""bc280845-512d-4bab-ba8a-2b99bc9ab336""}",2026-04-03T02:50:38.544597462Z
✅ Socket.io endpoint responding (HTTP 200),info,"{""level"":""info""}","{""project"":""ce3616d9-58ad-4ec7-a294-1821e1564434"",""environment"":""fb6513d0-42a4-4660-82b5-509c54b15f2a"",""service"":""4978aa94-666c-47c7-8024-3ada55195a51"",""deployment"":""e6572e99-435a-4318-8085-a26955b8bae6"",""replica"":""bc280845-512d-4bab-ba8a-2b99bc9ab336""}",2026-04-03T02:50:38.544603224Z
,info,"{""level"":""info""}","{""project"":""ce3616d9-58ad-4ec7-a294-1821e1564434"",""environment"":""fb6513d0-42a4-4660-82b5-509c54b15f2a"",""service"":""4978aa94-666c-47c7-8024-3ada55195a51"",""deployment"":""e6572e99-435a-4318-8085-a26955b8bae6"",""replica"":""bc280845-512d-4bab-ba8a-2b99bc9ab336""}",2026-04-03T02:50:38.544608967Z
Testing Socket.io endpoint:,info,"{""level"":""info""}","{""project"":""ce3616d9-58ad-4ec7-a294-1821e1564434"",""environment"":""fb6513d0-42a4-4660-82b5-509c54b15f2a"",""service"":""4978aa94-666c-47c7-8024-3ada55195a51"",""deployment"":""e6572e99-435a-4318-8085-a26955b8bae6"",""replica"":""bc280845-512d-4bab-ba8a-2b99bc9ab336""}",2026-04-03T02:50:38.544614191Z
"Response: 0{""sid"":""Aij68oPSL3FOFxnAAAAB"",""upgrades"":[""websocket""],""pingInterval"":30000,""pingTimeout"":90000,""maxPayload"":10000000}",info,"{""level"":""info""}","{""project"":""ce3616d9-58ad-4ec7-a294-1821e1564434"",""environment"":""fb6513d0-42a4-4660-82b5-509c54b15f2a"",""service"":""4978aa94-666c-47c7-8024-3ada55195a51"",""deployment"":""e6572e99-435a-4318-8085-a26955b8bae6"",""replica"":""bc280845-512d-4bab-ba8a-2b99bc9ab336""}",2026-04-03T02:50:38.544620487Z
,info,"{""level"":""info""}","{""project"":""ce3616d9-58ad-4ec7-a294-1821e1564434"",""environment"":""fb6513d0-42a4-4660-82b5-509c54b15f2a"",""service"":""4978aa94-666c-47c7-8024-3ada55195a51"",""deployment"":""e6572e99-435a-4318-8085-a26955b8bae6"",""replica"":""bc280845-512d-4bab-ba8a-2b99bc9ab336""}",2026-04-03T02:50:38.544625755Z
,info,"{""level"":""info""}","{""project"":""ce3616d9-58ad-4ec7-a294-1821e1564434"",""environment"":""fb6513d0-42a4-4660-82b5-509c54b15f2a"",""service"":""4978aa94-666c-47c7-8024-3ada55195a51"",""deployment"":""e6572e99-435a-4318-8085-a26955b8bae6"",""replica"":""bc280845-512d-4bab-ba8a-2b99bc9ab336""}",2026-04-03T02:50:38.544630130Z
==========================================,info,"{""level"":""info""}","{""project"":""ce3616d9-58ad-4ec7-a294-1821e1564434"",""environment"":""fb6513d0-42a4-4660-82b5-509c54b15f2a"",""service"":""4978aa94-666c-47c7-8024-3ada55195a51"",""deployment"":""e6572e99-435a-4318-8085-a26955b8bae6"",""replica"":""bc280845-512d-4bab-ba8a-2b99bc9ab336""}",2026-04-03T02:50:38.544635122Z
STEP 2: Starting Next.js Custom Server,info,"{""level"":""info""}","{""project"":""ce3616d9-58ad-4ec7-a294-1821e1564434"",""environment"":""fb6513d0-42a4-4660-82b5-509c54b15f2a"",""service"":""4978aa94-666c-47c7-8024-3ada55195a51"",""deployment"":""e6572e99-435a-4318-8085-a26955b8bae6"",""replica"":""bc280845-512d-4bab-ba8a-2b99bc9ab336""}",2026-04-03T02:50:38.544640122Z
==========================================,info,"{""level"":""info""}","{""project"":""ce3616d9-58ad-4ec7-a294-1821e1564434"",""environment"":""fb6513d0-42a4-4660-82b5-509c54b15f2a"",""service"":""4978aa94-666c-47c7-8024-3ada55195a51"",""deployment"":""e6572e99-435a-4318-8085-a26955b8bae6"",""replica"":""bc280845-512d-4bab-ba8a-2b99bc9ab336""}",2026-04-03T02:50:38.544644900Z
,info,"{""level"":""info""}","{""project"":""ce3616d9-58ad-4ec7-a294-1821e1564434"",""environment"":""fb6513d0-42a4-4660-82b5-509c54b15f2a"",""service"":""4978aa94-666c-47c7-8024-3ada55195a51"",""deployment"":""e6572e99-435a-4318-8085-a26955b8bae6"",""replica"":""bc280845-512d-4bab-ba8a-2b99bc9ab336""}",2026-04-03T02:50:38.544650092Z
Starting Next.js server on port 3000...,info,"{""level"":""info""}","{""project"":""ce3616d9-58ad-4ec7-a294-1821e1564434"",""environment"":""fb6513d0-42a4-4660-82b5-509c54b15f2a"",""service"":""4978aa94-666c-47c7-8024-3ada55195a51"",""deployment"":""e6572e99-435a-4318-8085-a26955b8bae6"",""replica"":""bc280845-512d-4bab-ba8a-2b99bc9ab336""}",2026-04-03T02:50:38.544655455Z
Next.js PID: 148,info,"{""level"":""info""}","{""project"":""ce3616d9-58ad-4ec7-a294-1821e1564434"",""environment"":""fb6513d0-42a4-4660-82b5-509c54b15f2a"",""service"":""4978aa94-666c-47c7-8024-3ada55195a51"",""deployment"":""e6572e99-435a-4318-8085-a26955b8bae6"",""replica"":""bc280845-512d-4bab-ba8a-2b99bc9ab336""}",2026-04-03T02:50:38.544660798Z
Waiting for Next.js to start...,info,"{""level"":""info""}","{""project"":""ce3616d9-58ad-4ec7-a294-1821e1564434"",""environment"":""fb6513d0-42a4-4660-82b5-509c54b15f2a"",""service"":""4978aa94-666c-47c7-8024-3ada55195a51"",""deployment"":""e6572e99-435a-4318-8085-a26955b8bae6"",""replica"":""bc280845-512d-4bab-ba8a-2b99bc9ab336""}",2026-04-03T02:50:38.544665518Z
  Waiting... (1/60),info,"{""level"":""info""}","{""project"":""ce3616d9-58ad-4ec7-a294-1821e1564434"",""environment"":""fb6513d0-42a4-4660-82b5-509c54b15f2a"",""service"":""4978aa94-666c-47c7-8024-3ada55195a51"",""deployment"":""e6572e99-435a-4318-8085-a26955b8bae6"",""replica"":""bc280845-512d-4bab-ba8a-2b99bc9ab336""}",2026-04-03T02:50:38.544670015Z
============================================================,info,"{""level"":""info""}","{""project"":""ce3616d9-58ad-4ec7-a294-1821e1564434"",""environment"":""fb6513d0-42a4-4660-82b5-509c54b15f2a"",""service"":""4978aa94-666c-47c7-8024-3ada55195a51"",""deployment"":""e6572e99-435a-4318-8085-a26955b8bae6"",""replica"":""bc280845-512d-4bab-ba8a-2b99bc9ab336""}",2026-04-03T02:50:39.516588218Z
WhatsApp Warmer - Custom Server,info,"{""level"":""info""}","{""project"":""ce3616d9-58ad-4ec7-a294-1821e1564434"",""environment"":""fb6513d0-42a4-4660-82b5-509c54b15f2a"",""service"":""4978aa94-666c-47c7-8024-3ada55195a51"",""deployment"":""e6572e99-435a-4318-8085-a26955b8bae6"",""replica"":""bc280845-512d-4bab-ba8a-2b99bc9ab336""}",2026-04-03T02:50:39.516595245Z
Port: 3000 | WA Service: localhost:3030,info,"{""level"":""info""}","{""project"":""ce3616d9-58ad-4ec7-a294-1821e1564434"",""environment"":""fb6513d0-42a4-4660-82b5-509c54b15f2a"",""service"":""4978aa94-666c-47c7-8024-3ada55195a51"",""deployment"":""e6572e99-435a-4318-8085-a26955b8bae6"",""replica"":""bc280845-512d-4bab-ba8a-2b99bc9ab336""}",2026-04-03T02:50:39.516603579Z
============================================================,info,"{""level"":""info""}","{""project"":""ce3616d9-58ad-4ec7-a294-1821e1564434"",""environment"":""fb6513d0-42a4-4660-82b5-509c54b15f2a"",""service"":""4978aa94-666c-47c7-8024-3ada55195a51"",""deployment"":""e6572e99-435a-4318-8085-a26955b8bae6"",""replica"":""bc280845-512d-4bab-ba8a-2b99bc9ab336""}",2026-04-03T02:50:39.516610985Z
"⚠ ""next start"" does not work with ""output: standalone"" configuration. Use ""node .next/standalone/server.js"" instead.",info,"{""level"":""info""}","{""project"":""ce3616d9-58ad-4ec7-a294-1821e1564434"",""environment"":""fb6513d0-42a4-4660-82b5-509c54b15f2a"",""service"":""4978aa94-666c-47c7-8024-3ada55195a51"",""deployment"":""e6572e99-435a-4318-8085-a26955b8bae6"",""replica"":""bc280845-512d-4bab-ba8a-2b99bc9ab336""}",2026-04-03T02:50:40.394573249Z
  Waiting... (2/60),info,"{""level"":""info""}","{""project"":""ce3616d9-58ad-4ec7-a294-1821e1564434"",""environment"":""fb6513d0-42a4-4660-82b5-509c54b15f2a"",""service"":""4978aa94-666c-47c7-8024-3ada55195a51"",""deployment"":""e6572e99-435a-4318-8085-a26955b8bae6"",""replica"":""bc280845-512d-4bab-ba8a-2b99bc9ab336""}",2026-04-03T02:50:40.506971770Z
,info,"{""level"":""info""}","{""project"":""ce3616d9-58ad-4ec7-a294-1821e1564434"",""environment"":""fb6513d0-42a4-4660-82b5-509c54b15f2a"",""service"":""4978aa94-666c-47c7-8024-3ada55195a51"",""deployment"":""e6572e99-435a-4318-8085-a26955b8bae6"",""replica"":""bc280845-512d-4bab-ba8a-2b99bc9ab336""}",2026-04-03T02:50:40.761709343Z
🚀 Ready on http://0.0.0.0:3000,info,"{""level"":""info""}","{""project"":""ce3616d9-58ad-4ec7-a294-1821e1564434"",""environment"":""fb6513d0-42a4-4660-82b5-509c54b15f2a"",""service"":""4978aa94-666c-47c7-8024-3ada55195a51"",""deployment"":""e6572e99-435a-4318-8085-a26955b8bae6"",""replica"":""bc280845-512d-4bab-ba8a-2b99bc9ab336""}",2026-04-03T02:50:40.761720731Z
📡 Socket.io Proxy:,info,"{""level"":""info""}","{""project"":""ce3616d9-58ad-4ec7-a294-1821e1564434"",""environment"":""fb6513d0-42a4-4660-82b5-509c54b15f2a"",""service"":""4978aa94-666c-47c7-8024-3ada55195a51"",""deployment"":""e6572e99-435a-4318-8085-a26955b8bae6"",""replica"":""bc280845-512d-4bab-ba8a-2b99bc9ab336""}",2026-04-03T02:50:40.761729337Z
   /socket.io      → http://localhost:3030/socket.io,info,"{""level"":""info""}","{""project"":""ce3616d9-58ad-4ec7-a294-1821e1564434"",""environment"":""fb6513d0-42a4-4660-82b5-509c54b15f2a"",""service"":""4978aa94-666c-47c7-8024-3ada55195a51"",""deployment"":""e6572e99-435a-4318-8085-a26955b8bae6"",""replica"":""bc280845-512d-4bab-ba8a-2b99bc9ab336""}",2026-04-03T02:50:40.761736601Z
   /api/socket.io  → http://localhost:3030/socket.io (legacy),info,"{""level"":""info""}","{""project"":""ce3616d9-58ad-4ec7-a294-1821e1564434"",""environment"":""fb6513d0-42a4-4660-82b5-509c54b15f2a"",""service"":""4978aa94-666c-47c7-8024-3ada55195a51"",""deployment"":""e6572e99-435a-4318-8085-a26955b8bae6"",""replica"":""bc280845-512d-4bab-ba8a-2b99bc9ab336""}",2026-04-03T02:50:40.761743437Z
,info,"{""level"":""info""}","{""project"":""ce3616d9-58ad-4ec7-a294-1821e1564434"",""environment"":""fb6513d0-42a4-4660-82b5-509c54b15f2a"",""service"":""4978aa94-666c-47c7-8024-3ada55195a51"",""deployment"":""e6572e99-435a-4318-8085-a26955b8bae6"",""replica"":""bc280845-512d-4bab-ba8a-2b99bc9ab336""}",2026-04-03T02:50:40.761750684Z
✅ Using http-proxy-middleware v3 with WebSocket support,info,"{""level"":""info""}","{""project"":""ce3616d9-58ad-4ec7-a294-1821e1564434"",""environment"":""fb6513d0-42a4-4660-82b5-509c54b15f2a"",""service"":""4978aa94-666c-47c7-8024-3ada55195a51"",""deployment"":""e6572e99-435a-4318-8085-a26955b8bae6"",""replica"":""bc280845-512d-4bab-ba8a-2b99bc9ab336""}",2026-04-03T02:50:40.761756889Z
,info,"{""level"":""info""}","{""project"":""ce3616d9-58ad-4ec7-a294-1821e1564434"",""environment"":""fb6513d0-42a4-4660-82b5-509c54b15f2a"",""service"":""4978aa94-666c-47c7-8024-3ada55195a51"",""deployment"":""e6572e99-435a-4318-8085-a26955b8bae6"",""replica"":""bc280845-512d-4bab-ba8a-2b99bc9ab336""}",2026-04-03T02:50:40.761762914Z
   HTTP: 200,info,"{""level"":""info""}","{""project"":""ce3616d9-58ad-4ec7-a294-1821e1564434"",""environment"":""fb6513d0-42a4-4660-82b5-509c54b15f2a"",""service"":""4978aa94-666c-47c7-8024-3ada55195a51"",""deployment"":""e6572e99-435a-4318-8085-a26955b8bae6"",""replica"":""bc280845-512d-4bab-ba8a-2b99bc9ab336""}",2026-04-03T02:50:42.521897274Z
"   Response: 0{""sid"":""hySCqnKzmgslnJXbAAAD"",""upgrades"":[""websocket""],""pingInterval"":30000,""pingTimeout"":90000,""ma...",info,"{""level"":""info""}","{""project"":""ce3616d9-58ad-4ec7-a294-1821e1564434"",""environment"":""fb6513d0-42a4-4660-82b5-509c54b15f2a"",""service"":""4978aa94-666c-47c7-8024-3ada55195a51"",""deployment"":""e6572e99-435a-4318-8085-a26955b8bae6"",""replica"":""bc280845-512d-4bab-ba8a-2b99bc9ab336""}",2026-04-03T02:50:42.521906553Z
✅ Port 3000 is open,info,"{""level"":""info""}","{""project"":""ce3616d9-58ad-4ec7-a294-1821e1564434"",""environment"":""fb6513d0-42a4-4660-82b5-509c54b15f2a"",""service"":""4978aa94-666c-47c7-8024-3ada55195a51"",""deployment"":""e6572e99-435a-4318-8085-a26955b8bae6"",""replica"":""bc280845-512d-4bab-ba8a-2b99bc9ab336""}",2026-04-03T02:50:42.521913180Z
,info,"{""level"":""info""}","{""project"":""ce3616d9-58ad-4ec7-a294-1821e1564434"",""environment"":""fb6513d0-42a4-4660-82b5-509c54b15f2a"",""service"":""4978aa94-666c-47c7-8024-3ada55195a51"",""deployment"":""e6572e99-435a-4318-8085-a26955b8bae6"",""replica"":""bc280845-512d-4bab-ba8a-2b99bc9ab336""}",2026-04-03T02:50:42.521915156Z
2. Via Next.js Proxy /socket.io (port 3000):,info,"{""level"":""info""}","{""project"":""ce3616d9-58ad-4ec7-a294-1821e1564434"",""environment"":""fb6513d0-42a4-4660-82b5-509c54b15f2a"",""service"":""4978aa94-666c-47c7-8024-3ada55195a51"",""deployment"":""e6572e99-435a-4318-8085-a26955b8bae6"",""replica"":""bc280845-512d-4bab-ba8a-2b99bc9ab336""}",2026-04-03T02:50:42.521921576Z
,info,"{""level"":""info""}","{""project"":""ce3616d9-58ad-4ec7-a294-1821e1564434"",""environment"":""fb6513d0-42a4-4660-82b5-509c54b15f2a"",""service"":""4978aa94-666c-47c7-8024-3ada55195a51"",""deployment"":""e6572e99-435a-4318-8085-a26955b8bae6"",""replica"":""bc280845-512d-4bab-ba8a-2b99bc9ab336""}",2026-04-03T02:50:42.521923540Z
==========================================,info,"{""level"":""info""}","{""project"":""ce3616d9-58ad-4ec7-a294-1821e1564434"",""environment"":""fb6513d0-42a4-4660-82b5-509c54b15f2a"",""service"":""4978aa94-666c-47c7-8024-3ada55195a51"",""deployment"":""e6572e99-435a-4318-8085-a26955b8bae6"",""replica"":""bc280845-512d-4bab-ba8a-2b99bc9ab336""}",2026-04-03T02:50:42.521931252Z
STEP 3: Verifying Socket.io Proxy,info,"{""level"":""info""}","{""project"":""ce3616d9-58ad-4ec7-a294-1821e1564434"",""environment"":""fb6513d0-42a4-4660-82b5-509c54b15f2a"",""service"":""4978aa94-666c-47c7-8024-3ada55195a51"",""deployment"":""e6572e99-435a-4318-8085-a26955b8bae6"",""replica"":""bc280845-512d-4bab-ba8a-2b99bc9ab336""}",2026-04-03T02:50:42.521938345Z
==========================================,info,"{""level"":""info""}","{""project"":""ce3616d9-58ad-4ec7-a294-1821e1564434"",""environment"":""fb6513d0-42a4-4660-82b5-509c54b15f2a"",""service"":""4978aa94-666c-47c7-8024-3ada55195a51"",""deployment"":""e6572e99-435a-4318-8085-a26955b8bae6"",""replica"":""bc280845-512d-4bab-ba8a-2b99bc9ab336""}",2026-04-03T02:50:42.521945884Z
,info,"{""level"":""info""}","{""project"":""ce3616d9-58ad-4ec7-a294-1821e1564434"",""environment"":""fb6513d0-42a4-4660-82b5-509c54b15f2a"",""service"":""4978aa94-666c-47c7-8024-3ada55195a51"",""deployment"":""e6572e99-435a-4318-8085-a26955b8bae6"",""replica"":""bc280845-512d-4bab-ba8a-2b99bc9ab336""}",2026-04-03T02:50:42.521952596Z
1. Direct WA Service (port 3030):,info,"{""level"":""info""}","{""project"":""ce3616d9-58ad-4ec7-a294-1821e1564434"",""environment"":""fb6513d0-42a4-4660-82b5-509c54b15f2a"",""service"":""4978aa94-666c-47c7-8024-3ada55195a51"",""deployment"":""e6572e99-435a-4318-8085-a26955b8bae6"",""replica"":""bc280845-512d-4bab-ba8a-2b99bc9ab336""}",2026-04-03T02:50:42.521959348Z
[Proxy HTTP] GET /socket.io/?EIO=4&transport=polling,info,"{""level"":""info""}","{""project"":""ce3616d9-58ad-4ec7-a294-1821e1564434"",""environment"":""fb6513d0-42a4-4660-82b5-509c54b15f2a"",""service"":""4978aa94-666c-47c7-8024-3ada55195a51"",""deployment"":""e6572e99-435a-4318-8085-a26955b8bae6"",""replica"":""bc280845-512d-4bab-ba8a-2b99bc9ab336""}",2026-04-03T02:50:42.525034380Z
[Proxy HTTP] Response: 200,info,"{""level"":""info""}","{""project"":""ce3616d9-58ad-4ec7-a294-1821e1564434"",""environment"":""fb6513d0-42a4-4660-82b5-509c54b15f2a"",""service"":""4978aa94-666c-47c7-8024-3ada55195a51"",""deployment"":""e6572e99-435a-4318-8085-a26955b8bae6"",""replica"":""bc280845-512d-4bab-ba8a-2b99bc9ab336""}",2026-04-03T02:50:42.534280558Z
[Proxy HTTP] GET /socket.io/?EIO=4&transport=polling,info,"{""level"":""info""}","{""project"":""ce3616d9-58ad-4ec7-a294-1821e1564434"",""environment"":""fb6513d0-42a4-4660-82b5-509c54b15f2a"",""service"":""4978aa94-666c-47c7-8024-3ada55195a51"",""deployment"":""e6572e99-435a-4318-8085-a26955b8bae6"",""replica"":""bc280845-512d-4bab-ba8a-2b99bc9ab336""}",2026-04-03T02:50:42.541058391Z
[Proxy HTTP] Response: 200,info,"{""level"":""info""}","{""project"":""ce3616d9-58ad-4ec7-a294-1821e1564434"",""environment"":""fb6513d0-42a4-4660-82b5-509c54b15f2a"",""service"":""4978aa94-666c-47c7-8024-3ada55195a51"",""deployment"":""e6572e99-435a-4318-8085-a26955b8bae6"",""replica"":""bc280845-512d-4bab-ba8a-2b99bc9ab336""}",2026-04-03T02:50:42.541067295Z
,info,"{""level"":""info""}","{""project"":""ce3616d9-58ad-4ec7-a294-1821e1564434"",""environment"":""fb6513d0-42a4-4660-82b5-509c54b15f2a"",""service"":""4978aa94-666c-47c7-8024-3ada55195a51"",""deployment"":""e6572e99-435a-4318-8085-a26955b8bae6"",""replica"":""bc280845-512d-4bab-ba8a-2b99bc9ab336""}",2026-04-03T02:50:42.543281987Z
   HTTP: 200,info,"{""level"":""info""}","{""project"":""ce3616d9-58ad-4ec7-a294-1821e1564434"",""environment"":""fb6513d0-42a4-4660-82b5-509c54b15f2a"",""service"":""4978aa94-666c-47c7-8024-3ada55195a51"",""deployment"":""e6572e99-435a-4318-8085-a26955b8bae6"",""replica"":""bc280845-512d-4bab-ba8a-2b99bc9ab336""}",2026-04-03T02:50:42.543289531Z
Database: PostgreSQL (via Railway),info,"{""level"":""info""}","{""project"":""ce3616d9-58ad-4ec7-a294-1821e1564434"",""environment"":""fb6513d0-42a4-4660-82b5-509c54b15f2a"",""service"":""4978aa94-666c-47c7-8024-3ada55195a51"",""deployment"":""e6572e99-435a-4318-8085-a26955b8bae6"",""replica"":""bc280845-512d-4bab-ba8a-2b99bc9ab336""}",2026-04-03T02:50:42.543294435Z
"   Response: 0{""sid"":""XA93nOsnNIE_FjuOAAAF"",""upgrades"":[""websocket""],""pingInterval"":30000,""pingTimeout"":90000,""ma...",info,"{""level"":""info""}","{""project"":""ce3616d9-58ad-4ec7-a294-1821e1564434"",""environment"":""fb6513d0-42a4-4660-82b5-509c54b15f2a"",""service"":""4978aa94-666c-47c7-8024-3ada55195a51"",""deployment"":""e6572e99-435a-4318-8085-a26955b8bae6"",""replica"":""bc280845-512d-4bab-ba8a-2b99bc9ab336""}",2026-04-03T02:50:42.543298033Z
,info,"{""level"":""info""}","{""project"":""ce3616d9-58ad-4ec7-a294-1821e1564434"",""environment"":""fb6513d0-42a4-4660-82b5-509c54b15f2a"",""service"":""4978aa94-666c-47c7-8024-3ada55195a51"",""deployment"":""e6572e99-435a-4318-8085-a26955b8bae6"",""replica"":""bc280845-512d-4bab-ba8a-2b99bc9ab336""}",2026-04-03T02:50:42.543303788Z
,info,"{""level"":""info""}","{""project"":""ce3616d9-58ad-4ec7-a294-1821e1564434"",""environment"":""fb6513d0-42a4-4660-82b5-509c54b15f2a"",""service"":""4978aa94-666c-47c7-8024-3ada55195a51"",""deployment"":""e6572e99-435a-4318-8085-a26955b8bae6"",""replica"":""bc280845-512d-4bab-ba8a-2b99bc9ab336""}",2026-04-03T02:50:42.543304872Z
==========================================,info,"{""level"":""info""}","{""project"":""ce3616d9-58ad-4ec7-a294-1821e1564434"",""environment"":""fb6513d0-42a4-4660-82b5-509c54b15f2a"",""service"":""4978aa94-666c-47c7-8024-3ada55195a51"",""deployment"":""e6572e99-435a-4318-8085-a26955b8bae6"",""replica"":""bc280845-512d-4bab-ba8a-2b99bc9ab336""}",2026-04-03T02:50:42.543309355Z
Socket.io Endpoints:,info,"{""level"":""info""}","{""project"":""ce3616d9-58ad-4ec7-a294-1821e1564434"",""environment"":""fb6513d0-42a4-4660-82b5-509c54b15f2a"",""service"":""4978aa94-666c-47c7-8024-3ada55195a51"",""deployment"":""e6572e99-435a-4318-8085-a26955b8bae6"",""replica"":""bc280845-512d-4bab-ba8a-2b99bc9ab336""}",2026-04-03T02:50:42.543313637Z
🚀 ALL SERVICES STARTED,info,"{""level"":""info""}","{""project"":""ce3616d9-58ad-4ec7-a294-1821e1564434"",""environment"":""fb6513d0-42a4-4660-82b5-509c54b15f2a"",""service"":""4978aa94-666c-47c7-8024-3ada55195a51"",""deployment"":""e6572e99-435a-4318-8085-a26955b8bae6"",""replica"":""bc280845-512d-4bab-ba8a-2b99bc9ab336""}",2026-04-03T02:50:42.543318711Z
  ✅ /socket.io      → WA service (RECOMMENDED),info,"{""level"":""info""}","{""project"":""ce3616d9-58ad-4ec7-a294-1821e1564434"",""environment"":""fb6513d0-42a4-4660-82b5-509c54b15f2a"",""service"":""4978aa94-666c-47c7-8024-3ada55195a51"",""deployment"":""e6572e99-435a-4318-8085-a26955b8bae6"",""replica"":""bc280845-512d-4bab-ba8a-2b99bc9ab336""}",2026-04-03T02:50:42.543323006Z
==========================================,info,"{""level"":""info""}","{""project"":""ce3616d9-58ad-4ec7-a294-1821e1564434"",""environment"":""fb6513d0-42a4-4660-82b5-509c54b15f2a"",""service"":""4978aa94-666c-47c7-8024-3ada55195a51"",""deployment"":""e6572e99-435a-4318-8085-a26955b8bae6"",""replica"":""bc280845-512d-4bab-ba8a-2b99bc9ab336""}",2026-04-03T02:50:42.543325738Z
  ✅ /api/socket.io  → WA service (legacy compat),info,"{""level"":""info""}","{""project"":""ce3616d9-58ad-4ec7-a294-1821e1564434"",""environment"":""fb6513d0-42a4-4660-82b5-509c54b15f2a"",""service"":""4978aa94-666c-47c7-8024-3ada55195a51"",""deployment"":""e6572e99-435a-4318-8085-a26955b8bae6"",""replica"":""bc280845-512d-4bab-ba8a-2b99bc9ab336""}",2026-04-03T02:50:42.543333105Z
,info,"{""level"":""info""}","{""project"":""ce3616d9-58ad-4ec7-a294-1821e1564434"",""environment"":""fb6513d0-42a4-4660-82b5-509c54b15f2a"",""service"":""4978aa94-666c-47c7-8024-3ada55195a51"",""deployment"":""e6572e99-435a-4318-8085-a26955b8bae6"",""replica"":""bc280845-512d-4bab-ba8a-2b99bc9ab336""}",2026-04-03T02:50:42.543333248Z
Process IDs:,info,"{""level"":""info""}","{""project"":""ce3616d9-58ad-4ec7-a294-1821e1564434"",""environment"":""fb6513d0-42a4-4660-82b5-509c54b15f2a"",""service"":""4978aa94-666c-47c7-8024-3ada55195a51"",""deployment"":""e6572e99-435a-4318-8085-a26955b8bae6"",""replica"":""bc280845-512d-4bab-ba8a-2b99bc9ab336""}",2026-04-03T02:50:42.543338517Z
,info,"{""level"":""info""}","{""project"":""ce3616d9-58ad-4ec7-a294-1821e1564434"",""environment"":""fb6513d0-42a4-4660-82b5-509c54b15f2a"",""service"":""4978aa94-666c-47c7-8024-3ada55195a51"",""deployment"":""e6572e99-435a-4318-8085-a26955b8bae6"",""replica"":""bc280845-512d-4bab-ba8a-2b99bc9ab336""}",2026-04-03T02:50:42.543344037Z
  WhatsApp Service: 71 (port 3030),info,"{""level"":""info""}","{""project"":""ce3616d9-58ad-4ec7-a294-1821e1564434"",""environment"":""fb6513d0-42a4-4660-82b5-509c54b15f2a"",""service"":""4978aa94-666c-47c7-8024-3ada55195a51"",""deployment"":""e6572e99-435a-4318-8085-a26955b8bae6"",""replica"":""bc280845-512d-4bab-ba8a-2b99bc9ab336""}",2026-04-03T02:50:42.543344886Z
  Next.js Server:   148 (port 3000),info,"{""level"":""info""}","{""project"":""ce3616d9-58ad-4ec7-a294-1821e1564434"",""environment"":""fb6513d0-42a4-4660-82b5-509c54b15f2a"",""service"":""4978aa94-666c-47c7-8024-3ada55195a51"",""deployment"":""e6572e99-435a-4318-8085-a26955b8bae6"",""replica"":""bc280845-512d-4bab-ba8a-2b99bc9ab336""}",2026-04-03T02:50:42.543351102Z
==========================================,info,"{""level"":""info""}","{""project"":""ce3616d9-58ad-4ec7-a294-1821e1564434"",""environment"":""fb6513d0-42a4-4660-82b5-509c54b15f2a"",""service"":""4978aa94-666c-47c7-8024-3ada55195a51"",""deployment"":""e6572e99-435a-4318-8085-a26955b8bae6"",""replica"":""bc280845-512d-4bab-ba8a-2b99bc9ab336""}",2026-04-03T02:50:42.543353991Z
[DB] Synced 3 accounts to database,info,"{""level"":""info""}","{""project"":""ce3616d9-58ad-4ec7-a294-1821e1564434"",""environment"":""fb6513d0-42a4-4660-82b5-509c54b15f2a"",""service"":""4978aa94-666c-47c7-8024-3ada55195a51"",""deployment"":""e6572e99-435a-4318-8085-a26955b8bae6"",""replica"":""bc280845-512d-4bab-ba8a-2b99bc9ab336""}",2026-04-03T02:51:12.430040328Z
2026-04-03 02:51:12 UTC - Services healthy,info,"{""level"":""info""}","{""project"":""ce3616d9-58ad-4ec7-a294-1821e1564434"",""environment"":""fb6513d0-42a4-4660-82b5-509c54b15f2a"",""service"":""4978aa94-666c-47c7-8024-3ada55195a51"",""deployment"":""e6572e99-435a-4318-8085-a26955b8bae6"",""replica"":""bc280845-512d-4bab-ba8a-2b99bc9ab336""}",2026-04-03T02:51:12.569884587Z
[DB] Synced 3 accounts to database,info,"{""level"":""info""}","{""project"":""ce3616d9-58ad-4ec7-a294-1821e1564434"",""environment"":""fb6513d0-42a4-4660-82b5-509c54b15f2a"",""service"":""4978aa94-666c-47c7-8024-3ada55195a51"",""deployment"":""e6572e99-435a-4318-8085-a26955b8bae6"",""replica"":""bc280845-512d-4bab-ba8a-2b99bc9ab336""}",2026-04-03T02:51:42.968065442Z
2026-04-03 02:51:42 UTC - Services healthy,info,"{""level"":""info""}","{""project"":""ce3616d9-58ad-4ec7-a294-1821e1564434"",""environment"":""fb6513d0-42a4-4660-82b5-509c54b15f2a"",""service"":""4978aa94-666c-47c7-8024-3ada55195a51"",""deployment"":""e6572e99-435a-4318-8085-a26955b8bae6"",""replica"":""bc280845-512d-4bab-ba8a-2b99bc9ab336""}",2026-04-03T02:51:42.968071342Z
[DB] Synced 3 accounts to database,info,"{""level"":""info""}","{""project"":""ce3616d9-58ad-4ec7-a294-1821e1564434"",""environment"":""fb6513d0-42a4-4660-82b5-509c54b15f2a"",""service"":""4978aa94-666c-47c7-8024-3ada55195a51"",""deployment"":""e6572e99-435a-4318-8085-a26955b8bae6"",""replica"":""bc280845-512d-4bab-ba8a-2b99bc9ab336""}",2026-04-03T02:52:12.852845012Z
2026-04-03 02:52:12 UTC - Services healthy,info,"{""level"":""info""}","{""project"":""ce3616d9-58ad-4ec7-a294-1821e1564434"",""environment"":""fb6513d0-42a4-4660-82b5-509c54b15f2a"",""service"":""4978aa94-666c-47c7-8024-3ada55195a51"",""deployment"":""e6572e99-435a-4318-8085-a26955b8bae6"",""replica"":""bc280845-512d-4bab-ba8a-2b99bc9ab336""}",2026-04-03T02:52:12.852854281Z
[DB] Synced 3 accounts to database,info,"{""level"":""info""}","{""project"":""ce3616d9-58ad-4ec7-a294-1821e1564434"",""environment"":""fb6513d0-42a4-4660-82b5-509c54b15f2a"",""service"":""4978aa94-666c-47c7-8024-3ada55195a51"",""deployment"":""e6572e99-435a-4318-8085-a26955b8bae6"",""replica"":""bc280845-512d-4bab-ba8a-2b99bc9ab336""}",2026-04-03T02:52:43.154846931Z
2026-04-03 02:52:42 UTC - Services healthy,info,"{""level"":""info""}","{""project"":""ce3616d9-58ad-4ec7-a294-1821e1564434"",""environment"":""fb6513d0-42a4-4660-82b5-509c54b15f2a"",""service"":""4978aa94-666c-47c7-8024-3ada55195a51"",""deployment"":""e6572e99-435a-4318-8085-a26955b8bae6"",""replica"":""bc280845-512d-4bab-ba8a-2b99bc9ab336""}",2026-04-03T02:52:43.154854126Z
[DB] Synced 3 accounts to database,info,"{""level"":""info""}","{""project"":""ce3616d9-58ad-4ec7-a294-1821e1564434"",""environment"":""fb6513d0-42a4-4660-82b5-509c54b15f2a"",""service"":""4978aa94-666c-47c7-8024-3ada55195a51"",""deployment"":""e6572e99-435a-4318-8085-a26955b8bae6"",""replica"":""bc280845-512d-4bab-ba8a-2b99bc9ab336""}",2026-04-03T02:53:13.109155918Z
2026-04-03 02:53:12 UTC - Services healthy,info,"{""level"":""info""}","{""project"":""ce3616d9-58ad-4ec7-a294-1821e1564434"",""environment"":""fb6513d0-42a4-4660-82b5-509c54b15f2a"",""service"":""4978aa94-666c-47c7-8024-3ada55195a51"",""deployment"":""e6572e99-435a-4318-8085-a26955b8bae6"",""replica"":""bc280845-512d-4bab-ba8a-2b99bc9ab336""}",2026-04-03T02:53:13.109161094Z
[DB] Synced 3 accounts to database,info,"{""level"":""info""}","{""project"":""ce3616d9-58ad-4ec7-a294-1821e1564434"",""environment"":""fb6513d0-42a4-4660-82b5-509c54b15f2a"",""service"":""4978aa94-666c-47c7-8024-3ada55195a51"",""deployment"":""e6572e99-435a-4318-8085-a26955b8bae6"",""replica"":""bc280845-512d-4bab-ba8a-2b99bc9ab336""}",2026-04-03T02:53:43.415861860Z
2026-04-03 02:53:42 UTC - Services healthy,info,"{""level"":""info""}","{""project"":""ce3616d9-58ad-4ec7-a294-1821e1564434"",""environment"":""fb6513d0-42a4-4660-82b5-509c54b15f2a"",""service"":""4978aa94-666c-47c7-8024-3ada55195a51"",""deployment"":""e6572e99-435a-4318-8085-a26955b8bae6"",""replica"":""bc280845-512d-4bab-ba8a-2b99bc9ab336""}",2026-04-03T02:53:43.415867284Z
[DB] Synced 3 accounts to database,info,"{""level"":""info""}","{""project"":""ce3616d9-58ad-4ec7-a294-1821e1564434"",""environment"":""fb6513d0-42a4-4660-82b5-509c54b15f2a"",""service"":""4978aa94-666c-47c7-8024-3ada55195a51"",""deployment"":""e6572e99-435a-4318-8085-a26955b8bae6"",""replica"":""bc280845-512d-4bab-ba8a-2b99bc9ab336""}",2026-04-03T02:54:13.220541883Z
2026-04-03 02:54:12 UTC - Services healthy,info,"{""level"":""info""}","{""project"":""ce3616d9-58ad-4ec7-a294-1821e1564434"",""environment"":""fb6513d0-42a4-4660-82b5-509c54b15f2a"",""service"":""4978aa94-666c-47c7-8024-3ada55195a51"",""deployment"":""e6572e99-435a-4318-8085-a26955b8bae6"",""replica"":""bc280845-512d-4bab-ba8a-2b99bc9ab336""}",2026-04-03T02:54:13.220548469Z
[DB] Synced 3 accounts to database,info,"{""level"":""info""}","{""project"":""ce3616d9-58ad-4ec7-a294-1821e1564434"",""environment"":""fb6513d0-42a4-4660-82b5-509c54b15f2a"",""service"":""4978aa94-666c-47c7-8024-3ada55195a51"",""deployment"":""e6572e99-435a-4318-8085-a26955b8bae6"",""replica"":""bc280845-512d-4bab-ba8a-2b99bc9ab336""}",2026-04-03T02:54:43.291281029Z
2026-04-03 02:54:42 UTC - Services healthy,info,"{""level"":""info""}","{""project"":""ce3616d9-58ad-4ec7-a294-1821e1564434"",""environment"":""fb6513d0-42a4-4660-82b5-509c54b15f2a"",""service"":""4978aa94-666c-47c7-8024-3ada55195a51"",""deployment"":""e6572e99-435a-4318-8085-a26955b8bae6"",""replica"":""bc280845-512d-4bab-ba8a-2b99bc9ab336""}",2026-04-03T02:54:43.291289490Z
[DB] Synced 3 accounts to database,info,"{""level"":""info""}","{""project"":""ce3616d9-58ad-4ec7-a294-1821e1564434"",""environment"":""fb6513d0-42a4-4660-82b5-509c54b15f2a"",""service"":""4978aa94-666c-47c7-8024-3ada55195a51"",""deployment"":""e6572e99-435a-4318-8085-a26955b8bae6"",""replica"":""bc280845-512d-4bab-ba8a-2b99bc9ab336""}",2026-04-03T02:55:13.016357730Z
2026-04-03 02:55:12 UTC - Services healthy,info,"{""level"":""info""}","{""project"":""ce3616d9-58ad-4ec7-a294-1821e1564434"",""environment"":""fb6513d0-42a4-4660-82b5-509c54b15f2a"",""service"":""4978aa94-666c-47c7-8024-3ada55195a51"",""deployment"":""e6572e99-435a-4318-8085-a26955b8bae6"",""replica"":""bc280845-512d-4bab-ba8a-2b99bc9ab336""}",2026-04-03T02:55:13.016364260Z
[DB] Synced 3 accounts to database,info,"{""level"":""info""}","{""project"":""ce3616d9-58ad-4ec7-a294-1821e1564434"",""environment"":""fb6513d0-42a4-4660-82b5-509c54b15f2a"",""service"":""4978aa94-666c-47c7-8024-3ada55195a51"",""deployment"":""e6572e99-435a-4318-8085-a26955b8bae6"",""replica"":""bc280845-512d-4bab-ba8a-2b99bc9ab336""}",2026-04-03T02:55:43.106285257Z
2026-04-03 02:55:42 UTC - Services healthy,info,"{""level"":""info""}","{""project"":""ce3616d9-58ad-4ec7-a294-1821e1564434"",""environment"":""fb6513d0-42a4-4660-82b5-509c54b15f2a"",""service"":""4978aa94-666c-47c7-8024-3ada55195a51"",""deployment"":""e6572e99-435a-4318-8085-a26955b8bae6"",""replica"":""bc280845-512d-4bab-ba8a-2b99bc9ab336""}",2026-04-03T02:55:43.106292032Z
[DB] Synced 3 accounts to database,info,"{""level"":""info""}","{""project"":""ce3616d9-58ad-4ec7-a294-1821e1564434"",""environment"":""fb6513d0-42a4-4660-82b5-509c54b15f2a"",""service"":""4978aa94-666c-47c7-8024-3ada55195a51"",""deployment"":""e6572e99-435a-4318-8085-a26955b8bae6"",""replica"":""bc280845-512d-4bab-ba8a-2b99bc9ab336""}",2026-04-03T02:56:13.077354620Z
2026-04-03 02:56:12 UTC - Services healthy,info,"{""level"":""info""}","{""project"":""ce3616d9-58ad-4ec7-a294-1821e1564434"",""environment"":""fb6513d0-42a4-4660-82b5-509c54b15f2a"",""service"":""4978aa94-666c-47c7-8024-3ada55195a51"",""deployment"":""e6572e99-435a-4318-8085-a26955b8bae6"",""replica"":""bc280845-512d-4bab-ba8a-2b99bc9ab336""}",2026-04-03T02:56:13.077362357Z
[DB] Synced 3 accounts to database,info,"{""level"":""info""}","{""project"":""ce3616d9-58ad-4ec7-a294-1821e1564434"",""environment"":""fb6513d0-42a4-4660-82b5-509c54b15f2a"",""service"":""4978aa94-666c-47c7-8024-3ada55195a51"",""deployment"":""e6572e99-435a-4318-8085-a26955b8bae6"",""replica"":""bc280845-512d-4bab-ba8a-2b99bc9ab336""}",2026-04-03T02:56:43.462189833Z
2026-04-03 02:56:42 UTC - Services healthy,info,"{""level"":""info""}","{""project"":""ce3616d9-58ad-4ec7-a294-1821e1564434"",""environment"":""fb6513d0-42a4-4660-82b5-509c54b15f2a"",""service"":""4978aa94-666c-47c7-8024-3ada55195a51"",""deployment"":""e6572e99-435a-4318-8085-a26955b8bae6"",""replica"":""bc280845-512d-4bab-ba8a-2b99bc9ab336""}",2026-04-03T02:56:43.462194656Z
[DB] Synced 3 accounts to database,info,"{""level"":""info""}","{""project"":""ce3616d9-58ad-4ec7-a294-1821e1564434"",""environment"":""fb6513d0-42a4-4660-82b5-509c54b15f2a"",""service"":""4978aa94-666c-47c7-8024-3ada55195a51"",""deployment"":""e6572e99-435a-4318-8085-a26955b8bae6"",""replica"":""bc280845-512d-4bab-ba8a-2b99bc9ab336""}",2026-04-03T02:57:13.284823332Z
2026-04-03 02:57:12 UTC - Services healthy,info,"{""level"":""info""}","{""project"":""ce3616d9-58ad-4ec7-a294-1821e1564434"",""environment"":""fb6513d0-42a4-4660-82b5-509c54b15f2a"",""service"":""4978aa94-666c-47c7-8024-3ada55195a51"",""deployment"":""e6572e99-435a-4318-8085-a26955b8bae6"",""replica"":""bc280845-512d-4bab-ba8a-2b99bc9ab336""}",2026-04-03T02:57:13.284832964Z
[DB] Synced 3 accounts to database,info,"{""level"":""info""}","{""project"":""ce3616d9-58ad-4ec7-a294-1821e1564434"",""environment"":""fb6513d0-42a4-4660-82b5-509c54b15f2a"",""service"":""4978aa94-666c-47c7-8024-3ada55195a51"",""deployment"":""e6572e99-435a-4318-8085-a26955b8bae6"",""replica"":""bc280845-512d-4bab-ba8a-2b99bc9ab336""}",2026-04-03T02:57:43.484347140Z
2026-04-03 02:57:42 UTC - Services healthy,info,"{""level"":""info""}","{""project"":""ce3616d9-58ad-4ec7-a294-1821e1564434"",""environment"":""fb6513d0-42a4-4660-82b5-509c54b15f2a"",""service"":""4978aa94-666c-47c7-8024-3ada55195a51"",""deployment"":""e6572e99-435a-4318-8085-a26955b8bae6"",""replica"":""bc280845-512d-4bab-ba8a-2b99bc9ab336""}",2026-04-03T02:57:43.484354763Z
[DB] Synced 3 accounts to database,info,"{""level"":""info""}","{""project"":""ce3616d9-58ad-4ec7-a294-1821e1564434"",""environment"":""fb6513d0-42a4-4660-82b5-509c54b15f2a"",""service"":""4978aa94-666c-47c7-8024-3ada55195a51"",""deployment"":""e6572e99-435a-4318-8085-a26955b8bae6"",""replica"":""bc280845-512d-4bab-ba8a-2b99bc9ab336""}",2026-04-03T02:58:13.258267575Z
2026-04-03 02:58:12 UTC - Services healthy,info,"{""level"":""info""}","{""project"":""ce3616d9-58ad-4ec7-a294-1821e1564434"",""environment"":""fb6513d0-42a4-4660-82b5-509c54b15f2a"",""service"":""4978aa94-666c-47c7-8024-3ada55195a51"",""deployment"":""e6572e99-435a-4318-8085-a26955b8bae6"",""replica"":""bc280845-512d-4bab-ba8a-2b99bc9ab336""}",2026-04-03T02:58:13.258275832Z
[DB] Synced 3 accounts to database,info,"{""level"":""info""}","{""project"":""ce3616d9-58ad-4ec7-a294-1821e1564434"",""environment"":""fb6513d0-42a4-4660-82b5-509c54b15f2a"",""service"":""4978aa94-666c-47c7-8024-3ada55195a51"",""deployment"":""e6572e99-435a-4318-8085-a26955b8bae6"",""replica"":""bc280845-512d-4bab-ba8a-2b99bc9ab336""}",2026-04-03T02:58:43.226989894Z
2026-04-03 02:58:42 UTC - Services healthy,info,"{""level"":""info""}","{""project"":""ce3616d9-58ad-4ec7-a294-1821e1564434"",""environment"":""fb6513d0-42a4-4660-82b5-509c54b15f2a"",""service"":""4978aa94-666c-47c7-8024-3ada55195a51"",""deployment"":""e6572e99-435a-4318-8085-a26955b8bae6"",""replica"":""bc280845-512d-4bab-ba8a-2b99bc9ab336""}",2026-04-03T02:58:43.226995634Z
[DB] Synced 3 accounts to database,info,"{""level"":""info""}","{""project"":""ce3616d9-58ad-4ec7-a294-1821e1564434"",""environment"":""fb6513d0-42a4-4660-82b5-509c54b15f2a"",""service"":""4978aa94-666c-47c7-8024-3ada55195a51"",""deployment"":""e6572e99-435a-4318-8085-a26955b8bae6"",""replica"":""bc280845-512d-4bab-ba8a-2b99bc9ab336""}",2026-04-03T02:59:13.541870802Z
2026-04-03 02:59:12 UTC - Services healthy,info,"{""level"":""info""}","{""project"":""ce3616d9-58ad-4ec7-a294-1821e1564434"",""environment"":""fb6513d0-42a4-4660-82b5-509c54b15f2a"",""service"":""4978aa94-666c-47c7-8024-3ada55195a51"",""deployment"":""e6572e99-435a-4318-8085-a26955b8bae6"",""replica"":""bc280845-512d-4bab-ba8a-2b99bc9ab336""}",2026-04-03T02:59:13.541876923Z
[DB] Synced 3 accounts to database,info,"{""level"":""info""}","{""project"":""ce3616d9-58ad-4ec7-a294-1821e1564434"",""environment"":""fb6513d0-42a4-4660-82b5-509c54b15f2a"",""service"":""4978aa94-666c-47c7-8024-3ada55195a51"",""deployment"":""e6572e99-435a-4318-8085-a26955b8bae6"",""replica"":""bc280845-512d-4bab-ba8a-2b99bc9ab336""}",2026-04-03T02:59:43.400445428Z
2026-04-03 02:59:42 UTC - Services healthy,info,"{""level"":""info""}","{""project"":""ce3616d9-58ad-4ec7-a294-1821e1564434"",""environment"":""fb6513d0-42a4-4660-82b5-509c54b15f2a"",""service"":""4978aa94-666c-47c7-8024-3ada55195a51"",""deployment"":""e6572e99-435a-4318-8085-a26955b8bae6"",""replica"":""bc280845-512d-4bab-ba8a-2b99bc9ab336""}",2026-04-03T02:59:43.400451955Z
[DB] Synced 3 accounts to database,info,"{""level"":""info""}","{""project"":""ce3616d9-58ad-4ec7-a294-1821e1564434"",""environment"":""fb6513d0-42a4-4660-82b5-509c54b15f2a"",""service"":""4978aa94-666c-47c7-8024-3ada55195a51"",""deployment"":""e6572e99-435a-4318-8085-a26955b8bae6"",""replica"":""bc280845-512d-4bab-ba8a-2b99bc9ab336""}",2026-04-03T03:00:13.123017096Z
2026-04-03 03:00:12 UTC - Services healthy,info,"{""level"":""info""}","{""project"":""ce3616d9-58ad-4ec7-a294-1821e1564434"",""environment"":""fb6513d0-42a4-4660-82b5-509c54b15f2a"",""service"":""4978aa94-666c-47c7-8024-3ada55195a51"",""deployment"":""e6572e99-435a-4318-8085-a26955b8bae6"",""replica"":""bc280845-512d-4bab-ba8a-2b99bc9ab336""}",2026-04-03T03:00:13.123021959Z
[DB] Synced 3 accounts to database,info,"{""level"":""info""}","{""project"":""ce3616d9-58ad-4ec7-a294-1821e1564434"",""environment"":""fb6513d0-42a4-4660-82b5-509c54b15f2a"",""service"":""4978aa94-666c-47c7-8024-3ada55195a51"",""deployment"":""e6572e99-435a-4318-8085-a26955b8bae6"",""replica"":""bc280845-512d-4bab-ba8a-2b99bc9ab336""}",2026-04-03T03:00:43.257948260Z
2026-04-03 03:00:42 UTC - Services healthy,info,"{""level"":""info""}","{""project"":""ce3616d9-58ad-4ec7-a294-1821e1564434"",""environment"":""fb6513d0-42a4-4660-82b5-509c54b15f2a"",""service"":""4978aa94-666c-47c7-8024-3ada55195a51"",""deployment"":""e6572e99-435a-4318-8085-a26955b8bae6"",""replica"":""bc280845-512d-4bab-ba8a-2b99bc9ab336""}",2026-04-03T03:00:43.257953450Z
[DB] Synced 3 accounts to database,info,"{""level"":""info""}","{""project"":""ce3616d9-58ad-4ec7-a294-1821e1564434"",""environment"":""fb6513d0-42a4-4660-82b5-509c54b15f2a"",""service"":""4978aa94-666c-47c7-8024-3ada55195a51"",""deployment"":""e6572e99-435a-4318-8085-a26955b8bae6"",""replica"":""bc280845-512d-4bab-ba8a-2b99bc9ab336""}",2026-04-03T03:01:13.295586764Z
2026-04-03 03:01:12 UTC - Services healthy,info,"{""level"":""info""}","{""project"":""ce3616d9-58ad-4ec7-a294-1821e1564434"",""environment"":""fb6513d0-42a4-4660-82b5-509c54b15f2a"",""service"":""4978aa94-666c-47c7-8024-3ada55195a51"",""deployment"":""e6572e99-435a-4318-8085-a26955b8bae6"",""replica"":""bc280845-512d-4bab-ba8a-2b99bc9ab336""}",2026-04-03T03:01:13.295591054Z
[DB] Synced 3 accounts to database,info,"{""level"":""info""}","{""project"":""ce3616d9-58ad-4ec7-a294-1821e1564434"",""environment"":""fb6513d0-42a4-4660-82b5-509c54b15f2a"",""service"":""4978aa94-666c-47c7-8024-3ada55195a51"",""deployment"":""e6572e99-435a-4318-8085-a26955b8bae6"",""replica"":""bc280845-512d-4bab-ba8a-2b99bc9ab336""}",2026-04-03T03:01:43.503994874Z
2026-04-03 03:01:42 UTC - Services healthy,info,"{""level"":""info""}","{""project"":""ce3616d9-58ad-4ec7-a294-1821e1564434"",""environment"":""fb6513d0-42a4-4660-82b5-509c54b15f2a"",""service"":""4978aa94-666c-47c7-8024-3ada55195a51"",""deployment"":""e6572e99-435a-4318-8085-a26955b8bae6"",""replica"":""bc280845-512d-4bab-ba8a-2b99bc9ab336""}",2026-04-03T03:01:43.504005332Z
[DB] Synced 3 accounts to database,info,"{""level"":""info""}","{""project"":""ce3616d9-58ad-4ec7-a294-1821e1564434"",""environment"":""fb6513d0-42a4-4660-82b5-509c54b15f2a"",""service"":""4978aa94-666c-47c7-8024-3ada55195a51"",""deployment"":""e6572e99-435a-4318-8085-a26955b8bae6"",""replica"":""bc280845-512d-4bab-ba8a-2b99bc9ab336""}",2026-04-03T03:02:13.388297917Z
2026-04-03 03:02:12 UTC - Services healthy,info,"{""level"":""info""}","{""project"":""ce3616d9-58ad-4ec7-a294-1821e1564434"",""environment"":""fb6513d0-42a4-4660-82b5-509c54b15f2a"",""service"":""4978aa94-666c-47c7-8024-3ada55195a51"",""deployment"":""e6572e99-435a-4318-8085-a26955b8bae6"",""replica"":""bc280845-512d-4bab-ba8a-2b99bc9ab336""}",2026-04-03T03:02:13.388304393Z
[DB] Synced 3 accounts to database,info,"{""level"":""info""}","{""project"":""ce3616d9-58ad-4ec7-a294-1821e1564434"",""environment"":""fb6513d0-42a4-4660-82b5-509c54b15f2a"",""service"":""4978aa94-666c-47c7-8024-3ada55195a51"",""deployment"":""e6572e99-435a-4318-8085-a26955b8bae6"",""replica"":""bc280845-512d-4bab-ba8a-2b99bc9ab336""}",2026-04-03T03:02:43.501382443Z
2026-04-03 03:02:42 UTC - Services healthy,info,"{""level"":""info""}","{""project"":""ce3616d9-58ad-4ec7-a294-1821e1564434"",""environment"":""fb6513d0-42a4-4660-82b5-509c54b15f2a"",""service"":""4978aa94-666c-47c7-8024-3ada55195a51"",""deployment"":""e6572e99-435a-4318-8085-a26955b8bae6"",""replica"":""bc280845-512d-4bab-ba8a-2b99bc9ab336""}",2026-04-03T03:02:43.501392402Z
[DB] Synced 3 accounts to database,info,"{""level"":""info""}","{""project"":""ce3616d9-58ad-4ec7-a294-1821e1564434"",""environment"":""fb6513d0-42a4-4660-82b5-509c54b15f2a"",""service"":""4978aa94-666c-47c7-8024-3ada55195a51"",""deployment"":""e6572e99-435a-4318-8085-a26955b8bae6"",""replica"":""bc280845-512d-4bab-ba8a-2b99bc9ab336""}",2026-04-03T03:03:13.422907393Z
2026-04-03 03:03:12 UTC - Services healthy,info,"{""level"":""info""}","{""project"":""ce3616d9-58ad-4ec7-a294-1821e1564434"",""environment"":""fb6513d0-42a4-4660-82b5-509c54b15f2a"",""service"":""4978aa94-666c-47c7-8024-3ada55195a51"",""deployment"":""e6572e99-435a-4318-8085-a26955b8bae6"",""replica"":""bc280845-512d-4bab-ba8a-2b99bc9ab336""}",2026-04-03T03:03:13.422913740Z
[DB] Synced 3 accounts to database,info,"{""level"":""info""}","{""project"":""ce3616d9-58ad-4ec7-a294-1821e1564434"",""environment"":""fb6513d0-42a4-4660-82b5-509c54b15f2a"",""service"":""4978aa94-666c-47c7-8024-3ada55195a51"",""deployment"":""e6572e99-435a-4318-8085-a26955b8bae6"",""replica"":""bc280845-512d-4bab-ba8a-2b99bc9ab336""}",2026-04-03T03:03:43.734690248Z
2026-04-03 03:03:42 UTC - Services healthy,info,"{""level"":""info""}","{""project"":""ce3616d9-58ad-4ec7-a294-1821e1564434"",""environment"":""fb6513d0-42a4-4660-82b5-509c54b15f2a"",""service"":""4978aa94-666c-47c7-8024-3ada55195a51"",""deployment"":""e6572e99-435a-4318-8085-a26955b8bae6"",""replica"":""bc280845-512d-4bab-ba8a-2b99bc9ab336""}",2026-04-03T03:03:43.734694675Z
[DB] Synced 3 accounts to database,info,"{""level"":""info""}","{""project"":""ce3616d9-58ad-4ec7-a294-1821e1564434"",""environment"":""fb6513d0-42a4-4660-82b5-509c54b15f2a"",""service"":""4978aa94-666c-47c7-8024-3ada55195a51"",""deployment"":""e6572e99-435a-4318-8085-a26955b8bae6"",""replica"":""bc280845-512d-4bab-ba8a-2b99bc9ab336""}",2026-04-03T03:04:13.648689377Z
2026-04-03 03:04:12 UTC - Services healthy,info,"{""level"":""info""}","{""project"":""ce3616d9-58ad-4ec7-a294-1821e1564434"",""environment"":""fb6513d0-42a4-4660-82b5-509c54b15f2a"",""service"":""4978aa94-666c-47c7-8024-3ada55195a51"",""deployment"":""e6572e99-435a-4318-8085-a26955b8bae6"",""replica"":""bc280845-512d-4bab-ba8a-2b99bc9ab336""}",2026-04-03T03:04:13.648693944Z
[DB] Synced 3 accounts to database,info,"{""level"":""info""}","{""project"":""ce3616d9-58ad-4ec7-a294-1821e1564434"",""environment"":""fb6513d0-42a4-4660-82b5-509c54b15f2a"",""service"":""4978aa94-666c-47c7-8024-3ada55195a51"",""deployment"":""e6572e99-435a-4318-8085-a26955b8bae6"",""replica"":""bc280845-512d-4bab-ba8a-2b99bc9ab336""}",2026-04-03T03:04:43.420304748Z
2026-04-03 03:04:42 UTC - Services healthy,info,"{""level"":""info""}","{""project"":""ce3616d9-58ad-4ec7-a294-1821e1564434"",""environment"":""fb6513d0-42a4-4660-82b5-509c54b15f2a"",""service"":""4978aa94-666c-47c7-8024-3ada55195a51"",""deployment"":""e6572e99-435a-4318-8085-a26955b8bae6"",""replica"":""bc280845-512d-4bab-ba8a-2b99bc9ab336""}",2026-04-03T03:04:43.420309180Z
[DB] Synced 3 accounts to database,info,"{""level"":""info""}","{""project"":""ce3616d9-58ad-4ec7-a294-1821e1564434"",""environment"":""fb6513d0-42a4-4660-82b5-509c54b15f2a"",""service"":""4978aa94-666c-47c7-8024-3ada55195a51"",""deployment"":""e6572e99-435a-4318-8085-a26955b8bae6"",""replica"":""bc280845-512d-4bab-ba8a-2b99bc9ab336""}",2026-04-03T03:05:13.057253147Z
2026-04-03 03:05:12 UTC - Services healthy,info,"{""level"":""info""}","{""project"":""ce3616d9-58ad-4ec7-a294-1821e1564434"",""environment"":""fb6513d0-42a4-4660-82b5-509c54b15f2a"",""service"":""4978aa94-666c-47c7-8024-3ada55195a51"",""deployment"":""e6572e99-435a-4318-8085-a26955b8bae6"",""replica"":""bc280845-512d-4bab-ba8a-2b99bc9ab336""}",2026-04-03T03:05:13.057258580Z
[DB] Synced 3 accounts to database,info,"{""level"":""info""}","{""project"":""ce3616d9-58ad-4ec7-a294-1821e1564434"",""environment"":""fb6513d0-42a4-4660-82b5-509c54b15f2a"",""service"":""4978aa94-666c-47c7-8024-3ada55195a51"",""deployment"":""e6572e99-435a-4318-8085-a26955b8bae6"",""replica"":""bc280845-512d-4bab-ba8a-2b99bc9ab336""}",2026-04-03T03:05:43.140276874Z
2026-04-03 03:05:42 UTC - Services healthy,info,"{""level"":""info""}","{""project"":""ce3616d9-58ad-4ec7-a294-1821e1564434"",""environment"":""fb6513d0-42a4-4660-82b5-509c54b15f2a"",""service"":""4978aa94-666c-47c7-8024-3ada55195a51"",""deployment"":""e6572e99-435a-4318-8085-a26955b8bae6"",""replica"":""bc280845-512d-4bab-ba8a-2b99bc9ab336""}",2026-04-03T03:05:43.140283570Z
[DB] Synced 3 accounts to database,info,"{""level"":""info""}","{""project"":""ce3616d9-58ad-4ec7-a294-1821e1564434"",""environment"":""fb6513d0-42a4-4660-82b5-509c54b15f2a"",""service"":""4978aa94-666c-47c7-8024-3ada55195a51"",""deployment"":""e6572e99-435a-4318-8085-a26955b8bae6"",""replica"":""bc280845-512d-4bab-ba8a-2b99bc9ab336""}",2026-04-03T03:06:13.154221004Z
2026-04-03 03:06:12 UTC - Services healthy,info,"{""level"":""info""}","{""project"":""ce3616d9-58ad-4ec7-a294-1821e1564434"",""environment"":""fb6513d0-42a4-4660-82b5-509c54b15f2a"",""service"":""4978aa94-666c-47c7-8024-3ada55195a51"",""deployment"":""e6572e99-435a-4318-8085-a26955b8bae6"",""replica"":""bc280845-512d-4bab-ba8a-2b99bc9ab336""}",2026-04-03T03:06:13.154228096Z
[DB] Synced 3 accounts to database,info,"{""level"":""info""}","{""project"":""ce3616d9-58ad-4ec7-a294-1821e1564434"",""environment"":""fb6513d0-42a4-4660-82b5-509c54b15f2a"",""service"":""4978aa94-666c-47c7-8024-3ada55195a51"",""deployment"":""e6572e99-435a-4318-8085-a26955b8bae6"",""replica"":""bc280845-512d-4bab-ba8a-2b99bc9ab336""}",2026-04-03T03:06:43.398505010Z
2026-04-03 03:06:42 UTC - Services healthy,info,"{""level"":""info""}","{""project"":""ce3616d9-58ad-4ec7-a294-1821e1564434"",""environment"":""fb6513d0-42a4-4660-82b5-509c54b15f2a"",""service"":""4978aa94-666c-47c7-8024-3ada55195a51"",""deployment"":""e6572e99-435a-4318-8085-a26955b8bae6"",""replica"":""bc280845-512d-4bab-ba8a-2b99bc9ab336""}",2026-04-03T03:06:43.398509129Z
[DB] Synced 3 accounts to database,info,"{""level"":""info""}","{""project"":""ce3616d9-58ad-4ec7-a294-1821e1564434"",""environment"":""fb6513d0-42a4-4660-82b5-509c54b15f2a"",""service"":""4978aa94-666c-47c7-8024-3ada55195a51"",""deployment"":""e6572e99-435a-4318-8085-a26955b8bae6"",""replica"":""bc280845-512d-4bab-ba8a-2b99bc9ab336""}",2026-04-03T03:07:13.165091099Z
2026-04-03 03:07:12 UTC - Services healthy,info,"{""level"":""info""}","{""project"":""ce3616d9-58ad-4ec7-a294-1821e1564434"",""environment"":""fb6513d0-42a4-4660-82b5-509c54b15f2a"",""service"":""4978aa94-666c-47c7-8024-3ada55195a51"",""deployment"":""e6572e99-435a-4318-8085-a26955b8bae6"",""replica"":""bc280845-512d-4bab-ba8a-2b99bc9ab336""}",2026-04-03T03:07:13.165095566Z
[DB] Synced 3 accounts to database,info,"{""level"":""info""}","{""project"":""ce3616d9-58ad-4ec7-a294-1821e1564434"",""environment"":""fb6513d0-42a4-4660-82b5-509c54b15f2a"",""service"":""4978aa94-666c-47c7-8024-3ada55195a51"",""deployment"":""e6572e99-435a-4318-8085-a26955b8bae6"",""replica"":""bc280845-512d-4bab-ba8a-2b99bc9ab336""}",2026-04-03T03:07:43.440303883Z
2026-04-03 03:07:42 UTC - Services healthy,info,"{""level"":""info""}","{""project"":""ce3616d9-58ad-4ec7-a294-1821e1564434"",""environment"":""fb6513d0-42a4-4660-82b5-509c54b15f2a"",""service"":""4978aa94-666c-47c7-8024-3ada55195a51"",""deployment"":""e6572e99-435a-4318-8085-a26955b8bae6"",""replica"":""bc280845-512d-4bab-ba8a-2b99bc9ab336""}",2026-04-03T03:07:43.440310289Z
[DB] Synced 3 accounts to database,info,"{""level"":""info""}","{""project"":""ce3616d9-58ad-4ec7-a294-1821e1564434"",""environment"":""fb6513d0-42a4-4660-82b5-509c54b15f2a"",""service"":""4978aa94-666c-47c7-8024-3ada55195a51"",""deployment"":""e6572e99-435a-4318-8085-a26955b8bae6"",""replica"":""bc280845-512d-4bab-ba8a-2b99bc9ab336""}",2026-04-03T03:08:13.298913360Z
2026-04-03 03:08:12 UTC - Services healthy,info,"{""level"":""info""}","{""project"":""ce3616d9-58ad-4ec7-a294-1821e1564434"",""environment"":""fb6513d0-42a4-4660-82b5-509c54b15f2a"",""service"":""4978aa94-666c-47c7-8024-3ada55195a51"",""deployment"":""e6572e99-435a-4318-8085-a26955b8bae6"",""replica"":""bc280845-512d-4bab-ba8a-2b99bc9ab336""}",2026-04-03T03:08:13.298919332Z
[DB] Synced 3 accounts to database,info,"{""level"":""info""}","{""project"":""ce3616d9-58ad-4ec7-a294-1821e1564434"",""environment"":""fb6513d0-42a4-4660-82b5-509c54b15f2a"",""service"":""4978aa94-666c-47c7-8024-3ada55195a51"",""deployment"":""e6572e99-435a-4318-8085-a26955b8bae6"",""replica"":""bc280845-512d-4bab-ba8a-2b99bc9ab336""}",2026-04-03T03:08:43.408515408Z
2026-04-03 03:08:42 UTC - Services healthy,info,"{""level"":""info""}","{""project"":""ce3616d9-58ad-4ec7-a294-1821e1564434"",""environment"":""fb6513d0-42a4-4660-82b5-509c54b15f2a"",""service"":""4978aa94-666c-47c7-8024-3ada55195a51"",""deployment"":""e6572e99-435a-4318-8085-a26955b8bae6"",""replica"":""bc280845-512d-4bab-ba8a-2b99bc9ab336""}",2026-04-03T03:08:43.408524067Z
[DB] Synced 3 accounts to database,info,"{""level"":""info""}","{""project"":""ce3616d9-58ad-4ec7-a294-1821e1564434"",""environment"":""fb6513d0-42a4-4660-82b5-509c54b15f2a"",""service"":""4978aa94-666c-47c7-8024-3ada55195a51"",""deployment"":""e6572e99-435a-4318-8085-a26955b8bae6"",""replica"":""bc280845-512d-4bab-ba8a-2b99bc9ab336""}",2026-04-03T03:09:13.247368684Z
2026-04-03 03:09:12 UTC - Services healthy,info,"{""level"":""info""}","{""project"":""ce3616d9-58ad-4ec7-a294-1821e1564434"",""environment"":""fb6513d0-42a4-4660-82b5-509c54b15f2a"",""service"":""4978aa94-666c-47c7-8024-3ada55195a51"",""deployment"":""e6572e99-435a-4318-8085-a26955b8bae6"",""replica"":""bc280845-512d-4bab-ba8a-2b99bc9ab336""}",2026-04-03T03:09:13.247377771Z
[DB] Synced 3 accounts to database,info,"{""level"":""info""}","{""project"":""ce3616d9-58ad-4ec7-a294-1821e1564434"",""environment"":""fb6513d0-42a4-4660-82b5-509c54b15f2a"",""service"":""4978aa94-666c-47c7-8024-3ada55195a51"",""deployment"":""e6572e99-435a-4318-8085-a26955b8bae6"",""replica"":""bc280845-512d-4bab-ba8a-2b99bc9ab336""}",2026-04-03T03:09:43.303639358Z
2026-04-03 03:09:42 UTC - Services healthy,info,"{""level"":""info""}","{""project"":""ce3616d9-58ad-4ec7-a294-1821e1564434"",""environment"":""fb6513d0-42a4-4660-82b5-509c54b15f2a"",""service"":""4978aa94-666c-47c7-8024-3ada55195a51"",""deployment"":""e6572e99-435a-4318-8085-a26955b8bae6"",""replica"":""bc280845-512d-4bab-ba8a-2b99bc9ab336""}",2026-04-03T03:09:43.303645314Z
[DB] Synced 3 accounts to database,info,"{""level"":""info""}","{""project"":""ce3616d9-58ad-4ec7-a294-1821e1564434"",""environment"":""fb6513d0-42a4-4660-82b5-509c54b15f2a"",""service"":""4978aa94-666c-47c7-8024-3ada55195a51"",""deployment"":""e6572e99-435a-4318-8085-a26955b8bae6"",""replica"":""bc280845-512d-4bab-ba8a-2b99bc9ab336""}",2026-04-03T03:10:13.137502325Z
2026-04-03 03:10:12 UTC - Services healthy,info,"{""level"":""info""}","{""project"":""ce3616d9-58ad-4ec7-a294-1821e1564434"",""environment"":""fb6513d0-42a4-4660-82b5-509c54b15f2a"",""service"":""4978aa94-666c-47c7-8024-3ada55195a51"",""deployment"":""e6572e99-435a-4318-8085-a26955b8bae6"",""replica"":""bc280845-512d-4bab-ba8a-2b99bc9ab336""}",2026-04-03T03:10:13.137507880Z
[DB] Synced 3 accounts to database,info,"{""level"":""info""}","{""project"":""ce3616d9-58ad-4ec7-a294-1821e1564434"",""environment"":""fb6513d0-42a4-4660-82b5-509c54b15f2a"",""service"":""4978aa94-666c-47c7-8024-3ada55195a51"",""deployment"":""e6572e99-435a-4318-8085-a26955b8bae6"",""replica"":""bc280845-512d-4bab-ba8a-2b99bc9ab336""}",2026-04-03T03:10:43.447244980Z
2026-04-03 03:10:42 UTC - Services healthy,info,"{""level"":""info""}","{""project"":""ce3616d9-58ad-4ec7-a294-1821e1564434"",""environment"":""fb6513d0-42a4-4660-82b5-509c54b15f2a"",""service"":""4978aa94-666c-47c7-8024-3ada55195a51"",""deployment"":""e6572e99-435a-4318-8085-a26955b8bae6"",""replica"":""bc280845-512d-4bab-ba8a-2b99bc9ab336""}",2026-04-03T03:10:43.447260407Z
[DB] Synced 3 accounts to database,info,"{""level"":""info""}","{""project"":""ce3616d9-58ad-4ec7-a294-1821e1564434"",""environment"":""fb6513d0-42a4-4660-82b5-509c54b15f2a"",""service"":""4978aa94-666c-47c7-8024-3ada55195a51"",""deployment"":""e6572e99-435a-4318-8085-a26955b8bae6"",""replica"":""bc280845-512d-4bab-ba8a-2b99bc9ab336""}",2026-04-03T03:11:13.173443950Z
2026-04-03 03:11:12 UTC - Services healthy,info,"{""level"":""info""}","{""project"":""ce3616d9-58ad-4ec7-a294-1821e1564434"",""environment"":""fb6513d0-42a4-4660-82b5-509c54b15f2a"",""service"":""4978aa94-666c-47c7-8024-3ada55195a51"",""deployment"":""e6572e99-435a-4318-8085-a26955b8bae6"",""replica"":""bc280845-512d-4bab-ba8a-2b99bc9ab336""}",2026-04-03T03:11:13.173453939Z
[DB] Synced 3 accounts to database,info,"{""level"":""info""}","{""project"":""ce3616d9-58ad-4ec7-a294-1821e1564434"",""environment"":""fb6513d0-42a4-4660-82b5-509c54b15f2a"",""service"":""4978aa94-666c-47c7-8024-3ada55195a51"",""deployment"":""e6572e99-435a-4318-8085-a26955b8bae6"",""replica"":""bc280845-512d-4bab-ba8a-2b99bc9ab336""}",2026-04-03T03:11:43.401335871Z
2026-04-03 03:11:42 UTC - Services healthy,info,"{""level"":""info""}","{""project"":""ce3616d9-58ad-4ec7-a294-1821e1564434"",""environment"":""fb6513d0-42a4-4660-82b5-509c54b15f2a"",""service"":""4978aa94-666c-47c7-8024-3ada55195a51"",""deployment"":""e6572e99-435a-4318-8085-a26955b8bae6"",""replica"":""bc280845-512d-4bab-ba8a-2b99bc9ab336""}",2026-04-03T03:11:43.401340956Z
[DB] Synced 3 accounts to database,info,"{""level"":""info""}","{""project"":""ce3616d9-58ad-4ec7-a294-1821e1564434"",""environment"":""fb6513d0-42a4-4660-82b5-509c54b15f2a"",""service"":""4978aa94-666c-47c7-8024-3ada55195a51"",""deployment"":""e6572e99-435a-4318-8085-a26955b8bae6"",""replica"":""bc280845-512d-4bab-ba8a-2b99bc9ab336""}",2026-04-03T03:12:13.180185889Z
2026-04-03 03:12:12 UTC - Services healthy,info,"{""level"":""info""}","{""project"":""ce3616d9-58ad-4ec7-a294-1821e1564434"",""environment"":""fb6513d0-42a4-4660-82b5-509c54b15f2a"",""service"":""4978aa94-666c-47c7-8024-3ada55195a51"",""deployment"":""e6572e99-435a-4318-8085-a26955b8bae6"",""replica"":""bc280845-512d-4bab-ba8a-2b99bc9ab336""}",2026-04-03T03:12:13.180192368Z
[DB] Synced 3 accounts to database,info,"{""level"":""info""}","{""project"":""ce3616d9-58ad-4ec7-a294-1821e1564434"",""environment"":""fb6513d0-42a4-4660-82b5-509c54b15f2a"",""service"":""4978aa94-666c-47c7-8024-3ada55195a51"",""deployment"":""e6572e99-435a-4318-8085-a26955b8bae6"",""replica"":""bc280845-512d-4bab-ba8a-2b99bc9ab336""}",2026-04-03T03:12:43.217111338Z
2026-04-03 03:12:42 UTC - Services healthy,info,"{""level"":""info""}","{""project"":""ce3616d9-58ad-4ec7-a294-1821e1564434"",""environment"":""fb6513d0-42a4-4660-82b5-509c54b15f2a"",""service"":""4978aa94-666c-47c7-8024-3ada55195a51"",""deployment"":""e6572e99-435a-4318-8085-a26955b8bae6"",""replica"":""bc280845-512d-4bab-ba8a-2b99bc9ab336""}",2026-04-03T03:12:43.217116526Z
[DB] Synced 3 accounts to database,info,"{""level"":""info""}","{""project"":""ce3616d9-58ad-4ec7-a294-1821e1564434"",""environment"":""fb6513d0-42a4-4660-82b5-509c54b15f2a"",""service"":""4978aa94-666c-47c7-8024-3ada55195a51"",""deployment"":""e6572e99-435a-4318-8085-a26955b8bae6"",""replica"":""bc280845-512d-4bab-ba8a-2b99bc9ab336""}",2026-04-03T03:13:13.229538274Z
2026-04-03 03:13:12 UTC - Services healthy,info,"{""level"":""info""}","{""project"":""ce3616d9-58ad-4ec7-a294-1821e1564434"",""environment"":""fb6513d0-42a4-4660-82b5-509c54b15f2a"",""service"":""4978aa94-666c-47c7-8024-3ada55195a51"",""deployment"":""e6572e99-435a-4318-8085-a26955b8bae6"",""replica"":""bc280845-512d-4bab-ba8a-2b99bc9ab336""}",2026-04-03T03:13:13.229543475Z
[DB] Synced 3 accounts to database,info,"{""level"":""info""}","{""project"":""ce3616d9-58ad-4ec7-a294-1821e1564434"",""environment"":""fb6513d0-42a4-4660-82b5-509c54b15f2a"",""service"":""4978aa94-666c-47c7-8024-3ada55195a51"",""deployment"":""e6572e99-435a-4318-8085-a26955b8bae6"",""replica"":""bc280845-512d-4bab-ba8a-2b99bc9ab336""}",2026-04-03T03:13:43.000450305Z
2026-04-03 03:13:42 UTC - Services healthy,info,"{""level"":""info""}","{""project"":""ce3616d9-58ad-4ec7-a294-1821e1564434"",""environment"":""fb6513d0-42a4-4660-82b5-509c54b15f2a"",""service"":""4978aa94-666c-47c7-8024-3ada55195a51"",""deployment"":""e6572e99-435a-4318-8085-a26955b8bae6"",""replica"":""bc280845-512d-4bab-ba8a-2b99bc9ab336""}",2026-04-03T03:13:43.000456435Z
[DB] Synced 3 accounts to database,info,"{""level"":""info""}","{""project"":""ce3616d9-58ad-4ec7-a294-1821e1564434"",""environment"":""fb6513d0-42a4-4660-82b5-509c54b15f2a"",""service"":""4978aa94-666c-47c7-8024-3ada55195a51"",""deployment"":""e6572e99-435a-4318-8085-a26955b8bae6"",""replica"":""bc280845-512d-4bab-ba8a-2b99bc9ab336""}",2026-04-03T03:14:13.161589109Z
2026-04-03 03:14:12 UTC - Services healthy,info,"{""level"":""info""}","{""project"":""ce3616d9-58ad-4ec7-a294-1821e1564434"",""environment"":""fb6513d0-42a4-4660-82b5-509c54b15f2a"",""service"":""4978aa94-666c-47c7-8024-3ada55195a51"",""deployment"":""e6572e99-435a-4318-8085-a26955b8bae6"",""replica"":""bc280845-512d-4bab-ba8a-2b99bc9ab336""}",2026-04-03T03:14:13.161596218Z
[DB] Synced 3 accounts to database,info,"{""level"":""info""}","{""project"":""ce3616d9-58ad-4ec7-a294-1821e1564434"",""environment"":""fb6513d0-42a4-4660-82b5-509c54b15f2a"",""service"":""4978aa94-666c-47c7-8024-3ada55195a51"",""deployment"":""e6572e99-435a-4318-8085-a26955b8bae6"",""replica"":""bc280845-512d-4bab-ba8a-2b99bc9ab336""}",2026-04-03T03:14:42.991020296Z
2026-04-03 03:14:42 UTC - Services healthy,info,"{""level"":""info""}","{""project"":""ce3616d9-58ad-4ec7-a294-1821e1564434"",""environment"":""fb6513d0-42a4-4660-82b5-509c54b15f2a"",""service"":""4978aa94-666c-47c7-8024-3ada55195a51"",""deployment"":""e6572e99-435a-4318-8085-a26955b8bae6"",""replica"":""bc280845-512d-4bab-ba8a-2b99bc9ab336""}",2026-04-03T03:14:42.991027007Z
[DB] Synced 3 accounts to database,info,"{""level"":""info""}","{""project"":""ce3616d9-58ad-4ec7-a294-1821e1564434"",""environment"":""fb6513d0-42a4-4660-82b5-509c54b15f2a"",""service"":""4978aa94-666c-47c7-8024-3ada55195a51"",""deployment"":""e6572e99-435a-4318-8085-a26955b8bae6"",""replica"":""bc280845-512d-4bab-ba8a-2b99bc9ab336""}",2026-04-03T03:15:12.982581366Z
2026-04-03 03:15:12 UTC - Services healthy,info,"{""level"":""info""}","{""project"":""ce3616d9-58ad-4ec7-a294-1821e1564434"",""environment"":""fb6513d0-42a4-4660-82b5-509c54b15f2a"",""service"":""4978aa94-666c-47c7-8024-3ada55195a51"",""deployment"":""e6572e99-435a-4318-8085-a26955b8bae6"",""replica"":""bc280845-512d-4bab-ba8a-2b99bc9ab336""}",2026-04-03T03:15:12.982587978Z
[DB] Synced 3 accounts to database,info,"{""level"":""info""}","{""project"":""ce3616d9-58ad-4ec7-a294-1821e1564434"",""environment"":""fb6513d0-42a4-4660-82b5-509c54b15f2a"",""service"":""4978aa94-666c-47c7-8024-3ada55195a51"",""deployment"":""e6572e99-435a-4318-8085-a26955b8bae6"",""replica"":""bc280845-512d-4bab-ba8a-2b99bc9ab336""}",2026-04-03T03:15:42.774858664Z
2026-04-03 03:15:42 UTC - Services healthy,info,"{""level"":""info""}","{""project"":""ce3616d9-58ad-4ec7-a294-1821e1564434"",""environment"":""fb6513d0-42a4-4660-82b5-509c54b15f2a"",""service"":""4978aa94-666c-47c7-8024-3ada55195a51"",""deployment"":""e6572e99-435a-4318-8085-a26955b8bae6"",""replica"":""bc280845-512d-4bab-ba8a-2b99bc9ab336""}",2026-04-03T03:15:42.900175546Z
[DB] Synced 3 accounts to database,info,"{""level"":""info""}","{""project"":""ce3616d9-58ad-4ec7-a294-1821e1564434"",""environment"":""fb6513d0-42a4-4660-82b5-509c54b15f2a"",""service"":""4978aa94-666c-47c7-8024-3ada55195a51"",""deployment"":""e6572e99-435a-4318-8085-a26955b8bae6"",""replica"":""bc280845-512d-4bab-ba8a-2b99bc9ab336""}",2026-04-03T03:16:12.962764298Z
2026-04-03 03:16:12 UTC - Services healthy,info,"{""level"":""info""}","{""project"":""ce3616d9-58ad-4ec7-a294-1821e1564434"",""environment"":""fb6513d0-42a4-4660-82b5-509c54b15f2a"",""service"":""4978aa94-666c-47c7-8024-3ada55195a51"",""deployment"":""e6572e99-435a-4318-8085-a26955b8bae6"",""replica"":""bc280845-512d-4bab-ba8a-2b99bc9ab336""}",2026-04-03T03:16:12.962775940Z
[DB] Synced 3 accounts to database,info,"{""level"":""info""}","{""project"":""ce3616d9-58ad-4ec7-a294-1821e1564434"",""environment"":""fb6513d0-42a4-4660-82b5-509c54b15f2a"",""service"":""4978aa94-666c-47c7-8024-3ada55195a51"",""deployment"":""e6572e99-435a-4318-8085-a26955b8bae6"",""replica"":""bc280845-512d-4bab-ba8a-2b99bc9ab336""}",2026-04-03T03:16:42.733742408Z
2026-04-03 03:16:42 UTC - Services healthy,info,"{""level"":""info""}","{""project"":""ce3616d9-58ad-4ec7-a294-1821e1564434"",""environment"":""fb6513d0-42a4-4660-82b5-509c54b15f2a"",""service"":""4978aa94-666c-47c7-8024-3ada55195a51"",""deployment"":""e6572e99-435a-4318-8085-a26955b8bae6"",""replica"":""bc280845-512d-4bab-ba8a-2b99bc9ab336""}",2026-04-03T03:16:42.883902491Z
[DB] Synced 3 accounts to database,info,"{""level"":""info""}","{""project"":""ce3616d9-58ad-4ec7-a294-1821e1564434"",""environment"":""fb6513d0-42a4-4660-82b5-509c54b15f2a"",""service"":""4978aa94-666c-47c7-8024-3ada55195a51"",""deployment"":""e6572e99-435a-4318-8085-a26955b8bae6"",""replica"":""bc280845-512d-4bab-ba8a-2b99bc9ab336""}",2026-04-03T03:17:12.900310681Z
2026-04-03 03:17:12 UTC - Services healthy,info,"{""level"":""info""}","{""project"":""ce3616d9-58ad-4ec7-a294-1821e1564434"",""environment"":""fb6513d0-42a4-4660-82b5-509c54b15f2a"",""service"":""4978aa94-666c-47c7-8024-3ada55195a51"",""deployment"":""e6572e99-435a-4318-8085-a26955b8bae6"",""replica"":""bc280845-512d-4bab-ba8a-2b99bc9ab336""}",2026-04-03T03:17:12.900319762Z
[DB] Synced 3 accounts to database,info,"{""level"":""info""}","{""project"":""ce3616d9-58ad-4ec7-a294-1821e1564434"",""environment"":""fb6513d0-42a4-4660-82b5-509c54b15f2a"",""service"":""4978aa94-666c-47c7-8024-3ada55195a51"",""deployment"":""e6572e99-435a-4318-8085-a26955b8bae6"",""replica"":""bc280845-512d-4bab-ba8a-2b99bc9ab336""}",2026-04-03T03:17:42.668068123Z
2026-04-03 03:17:42 UTC - Services healthy,info,"{""level"":""info""}","{""project"":""ce3616d9-58ad-4ec7-a294-1821e1564434"",""environment"":""fb6513d0-42a4-4660-82b5-509c54b15f2a"",""service"":""4978aa94-666c-47c7-8024-3ada55195a51"",""deployment"":""e6572e99-435a-4318-8085-a26955b8bae6"",""replica"":""bc280845-512d-4bab-ba8a-2b99bc9ab336""}",2026-04-03T03:17:43.177330367Z
[DB] Synced 3 accounts to database,info,"{""level"":""info""}","{""project"":""ce3616d9-58ad-4ec7-a294-1821e1564434"",""environment"":""fb6513d0-42a4-4660-82b5-509c54b15f2a"",""service"":""4978aa94-666c-47c7-8024-3ada55195a51"",""deployment"":""e6572e99-435a-4318-8085-a26955b8bae6"",""replica"":""bc280845-512d-4bab-ba8a-2b99bc9ab336""}",2026-04-03T03:18:13.071598378Z
2026-04-03 03:18:12 UTC - Services healthy,info,"{""level"":""info""}","{""project"":""ce3616d9-58ad-4ec7-a294-1821e1564434"",""environment"":""fb6513d0-42a4-4660-82b5-509c54b15f2a"",""service"":""4978aa94-666c-47c7-8024-3ada55195a51"",""deployment"":""e6572e99-435a-4318-8085-a26955b8bae6"",""replica"":""bc280845-512d-4bab-ba8a-2b99bc9ab336""}",2026-04-03T03:18:13.071608532Z
[DB] Synced 3 accounts to database,info,"{""level"":""info""}","{""project"":""ce3616d9-58ad-4ec7-a294-1821e1564434"",""environment"":""fb6513d0-42a4-4660-82b5-509c54b15f2a"",""service"":""4978aa94-666c-47c7-8024-3ada55195a51"",""deployment"":""e6572e99-435a-4318-8085-a26955b8bae6"",""replica"":""bc280845-512d-4bab-ba8a-2b99bc9ab336""}",2026-04-03T03:18:43.147960995Z
2026-04-03 03:18:42 UTC - Services healthy,info,"{""level"":""info""}","{""project"":""ce3616d9-58ad-4ec7-a294-1821e1564434"",""environment"":""fb6513d0-42a4-4660-82b5-509c54b15f2a"",""service"":""4978aa94-666c-47c7-8024-3ada55195a51"",""deployment"":""e6572e99-435a-4318-8085-a26955b8bae6"",""replica"":""bc280845-512d-4bab-ba8a-2b99bc9ab336""}",2026-04-03T03:18:43.147968044Z
2026-04-03 03:19:12 UTC - Services healthy,info,"{""level"":""info""}","{""project"":""ce3616d9-58ad-4ec7-a294-1821e1564434"",""environment"":""fb6513d0-42a4-4660-82b5-509c54b15f2a"",""service"":""4978aa94-666c-47c7-8024-3ada55195a51"",""deployment"":""e6572e99-435a-4318-8085-a26955b8bae6"",""replica"":""bc280845-512d-4bab-ba8a-2b99bc9ab336""}",2026-04-03T03:19:12.985619381Z
[DB] Synced 3 accounts to database,info,"{""level"":""info""}","{""project"":""ce3616d9-58ad-4ec7-a294-1821e1564434"",""environment"":""fb6513d0-42a4-4660-82b5-509c54b15f2a"",""service"":""4978aa94-666c-47c7-8024-3ada55195a51"",""deployment"":""e6572e99-435a-4318-8085-a26955b8bae6"",""replica"":""bc280845-512d-4bab-ba8a-2b99bc9ab336""}",2026-04-03T03:19:12.985705701Z
[DB] Synced 3 accounts to database,info,"{""level"":""info""}","{""project"":""ce3616d9-58ad-4ec7-a294-1821e1564434"",""environment"":""fb6513d0-42a4-4660-82b5-509c54b15f2a"",""service"":""4978aa94-666c-47c7-8024-3ada55195a51"",""deployment"":""e6572e99-435a-4318-8085-a26955b8bae6"",""replica"":""bc280845-512d-4bab-ba8a-2b99bc9ab336""}",2026-04-03T03:19:43.099782434Z
2026-04-03 03:19:42 UTC - Services healthy,info,"{""level"":""info""}","{""project"":""ce3616d9-58ad-4ec7-a294-1821e1564434"",""environment"":""fb6513d0-42a4-4660-82b5-509c54b15f2a"",""service"":""4978aa94-666c-47c7-8024-3ada55195a51"",""deployment"":""e6572e99-435a-4318-8085-a26955b8bae6"",""replica"":""bc280845-512d-4bab-ba8a-2b99bc9ab336""}",2026-04-03T03:19:43.099794860Z
[DB] Synced 3 accounts to database,info,"{""level"":""info""}","{""project"":""ce3616d9-58ad-4ec7-a294-1821e1564434"",""environment"":""fb6513d0-42a4-4660-82b5-509c54b15f2a"",""service"":""4978aa94-666c-47c7-8024-3ada55195a51"",""deployment"":""e6572e99-435a-4318-8085-a26955b8bae6"",""replica"":""bc280845-512d-4bab-ba8a-2b99bc9ab336""}",2026-04-03T03:20:13.140630201Z
2026-04-03 03:20:12 UTC - Services healthy,info,"{""level"":""info""}","{""project"":""ce3616d9-58ad-4ec7-a294-1821e1564434"",""environment"":""fb6513d0-42a4-4660-82b5-509c54b15f2a"",""service"":""4978aa94-666c-47c7-8024-3ada55195a51"",""deployment"":""e6572e99-435a-4318-8085-a26955b8bae6"",""replica"":""bc280845-512d-4bab-ba8a-2b99bc9ab336""}",2026-04-03T03:20:13.140636944Z
[DB] Synced 3 accounts to database,info,"{""level"":""info""}","{""project"":""ce3616d9-58ad-4ec7-a294-1821e1564434"",""environment"":""fb6513d0-42a4-4660-82b5-509c54b15f2a"",""service"":""4978aa94-666c-47c7-8024-3ada55195a51"",""deployment"":""e6572e99-435a-4318-8085-a26955b8bae6"",""replica"":""bc280845-512d-4bab-ba8a-2b99bc9ab336""}",2026-04-03T03:20:43.405162476Z
2026-04-03 03:20:42 UTC - Services healthy,info,"{""level"":""info""}","{""project"":""ce3616d9-58ad-4ec7-a294-1821e1564434"",""environment"":""fb6513d0-42a4-4660-82b5-509c54b15f2a"",""service"":""4978aa94-666c-47c7-8024-3ada55195a51"",""deployment"":""e6572e99-435a-4318-8085-a26955b8bae6"",""replica"":""bc280845-512d-4bab-ba8a-2b99bc9ab336""}",2026-04-03T03:20:43.405169413Z
[DB] Synced 3 accounts to database,info,"{""level"":""info""}","{""project"":""ce3616d9-58ad-4ec7-a294-1821e1564434"",""environment"":""fb6513d0-42a4-4660-82b5-509c54b15f2a"",""service"":""4978aa94-666c-47c7-8024-3ada55195a51"",""deployment"":""e6572e99-435a-4318-8085-a26955b8bae6"",""replica"":""bc280845-512d-4bab-ba8a-2b99bc9ab336""}",2026-04-03T03:21:13.238733113Z
2026-04-03 03:21:12 UTC - Services healthy,info,"{""level"":""info""}","{""project"":""ce3616d9-58ad-4ec7-a294-1821e1564434"",""environment"":""fb6513d0-42a4-4660-82b5-509c54b15f2a"",""service"":""4978aa94-666c-47c7-8024-3ada55195a51"",""deployment"":""e6572e99-435a-4318-8085-a26955b8bae6"",""replica"":""bc280845-512d-4bab-ba8a-2b99bc9ab336""}",2026-04-03T03:21:13.238742061Z
[DB] Synced 3 accounts to database,info,"{""level"":""info""}","{""project"":""ce3616d9-58ad-4ec7-a294-1821e1564434"",""environment"":""fb6513d0-42a4-4660-82b5-509c54b15f2a"",""service"":""4978aa94-666c-47c7-8024-3ada55195a51"",""deployment"":""e6572e99-435a-4318-8085-a26955b8bae6"",""replica"":""bc280845-512d-4bab-ba8a-2b99bc9ab336""}",2026-04-03T03:21:43.249226354Z
2026-04-03 03:21:42 UTC - Services healthy,info,"{""level"":""info""}","{""project"":""ce3616d9-58ad-4ec7-a294-1821e1564434"",""environment"":""fb6513d0-42a4-4660-82b5-509c54b15f2a"",""service"":""4978aa94-666c-47c7-8024-3ada55195a51"",""deployment"":""e6572e99-435a-4318-8085-a26955b8bae6"",""replica"":""bc280845-512d-4bab-ba8a-2b99bc9ab336""}",2026-04-03T03:21:43.249233670Z
[DB] Synced 3 accounts to database,info,"{""level"":""info""}","{""project"":""ce3616d9-58ad-4ec7-a294-1821e1564434"",""environment"":""fb6513d0-42a4-4660-82b5-509c54b15f2a"",""service"":""4978aa94-666c-47c7-8024-3ada55195a51"",""deployment"":""e6572e99-435a-4318-8085-a26955b8bae6"",""replica"":""bc280845-512d-4bab-ba8a-2b99bc9ab336""}",2026-04-03T03:22:12.979438769Z
2026-04-03 03:22:12 UTC - Services healthy,info,"{""level"":""info""}","{""project"":""ce3616d9-58ad-4ec7-a294-1821e1564434"",""environment"":""fb6513d0-42a4-4660-82b5-509c54b15f2a"",""service"":""4978aa94-666c-47c7-8024-3ada55195a51"",""deployment"":""e6572e99-435a-4318-8085-a26955b8bae6"",""replica"":""bc280845-512d-4bab-ba8a-2b99bc9ab336""}",2026-04-03T03:22:12.979447624Z
[DB] Synced 3 accounts to database,info,"{""level"":""info""}","{""project"":""ce3616d9-58ad-4ec7-a294-1821e1564434"",""environment"":""fb6513d0-42a4-4660-82b5-509c54b15f2a"",""service"":""4978aa94-666c-47c7-8024-3ada55195a51"",""deployment"":""e6572e99-435a-4318-8085-a26955b8bae6"",""replica"":""bc280845-512d-4bab-ba8a-2b99bc9ab336""}",2026-04-03T03:22:42.981873405Z
2026-04-03 03:22:42 UTC - Services healthy,info,"{""level"":""info""}","{""project"":""ce3616d9-58ad-4ec7-a294-1821e1564434"",""environment"":""fb6513d0-42a4-4660-82b5-509c54b15f2a"",""service"":""4978aa94-666c-47c7-8024-3ada55195a51"",""deployment"":""e6572e99-435a-4318-8085-a26955b8bae6"",""replica"":""bc280845-512d-4bab-ba8a-2b99bc9ab336""}",2026-04-03T03:22:42.981880186Z
[DB] Synced 3 accounts to database,info,"{""level"":""info""}","{""project"":""ce3616d9-58ad-4ec7-a294-1821e1564434"",""environment"":""fb6513d0-42a4-4660-82b5-509c54b15f2a"",""service"":""4978aa94-666c-47c7-8024-3ada55195a51"",""deployment"":""e6572e99-435a-4318-8085-a26955b8bae6"",""replica"":""bc280845-512d-4bab-ba8a-2b99bc9ab336""}",2026-04-03T03:23:12.707615015Z
2026-04-03 03:23:12 UTC - Services healthy,info,"{""level"":""info""}","{""project"":""ce3616d9-58ad-4ec7-a294-1821e1564434"",""environment"":""fb6513d0-42a4-4660-82b5-509c54b15f2a"",""service"":""4978aa94-666c-47c7-8024-3ada55195a51"",""deployment"":""e6572e99-435a-4318-8085-a26955b8bae6"",""replica"":""bc280845-512d-4bab-ba8a-2b99bc9ab336""}",2026-04-03T03:23:12.969050186Z
[DB] Synced 3 accounts to database,info,"{""level"":""info""}","{""project"":""ce3616d9-58ad-4ec7-a294-1821e1564434"",""environment"":""fb6513d0-42a4-4660-82b5-509c54b15f2a"",""service"":""4978aa94-666c-47c7-8024-3ada55195a51"",""deployment"":""e6572e99-435a-4318-8085-a26955b8bae6"",""replica"":""bc280845-512d-4bab-ba8a-2b99bc9ab336""}",2026-04-03T03:23:42.976459512Z
2026-04-03 03:23:42 UTC - Services healthy,info,"{""level"":""info""}","{""project"":""ce3616d9-58ad-4ec7-a294-1821e1564434"",""environment"":""fb6513d0-42a4-4660-82b5-509c54b15f2a"",""service"":""4978aa94-666c-47c7-8024-3ada55195a51"",""deployment"":""e6572e99-435a-4318-8085-a26955b8bae6"",""replica"":""bc280845-512d-4bab-ba8a-2b99bc9ab336""}",2026-04-03T03:23:42.976469096Z
[DB] Synced 3 accounts to database,info,"{""level"":""info""}","{""project"":""ce3616d9-58ad-4ec7-a294-1821e1564434"",""environment"":""fb6513d0-42a4-4660-82b5-509c54b15f2a"",""service"":""4978aa94-666c-47c7-8024-3ada55195a51"",""deployment"":""e6572e99-435a-4318-8085-a26955b8bae6"",""replica"":""bc280845-512d-4bab-ba8a-2b99bc9ab336""}",2026-04-03T03:24:12.722539989Z
2026-04-03 03:24:12 UTC - Services healthy,info,"{""level"":""info""}","{""project"":""ce3616d9-58ad-4ec7-a294-1821e1564434"",""environment"":""fb6513d0-42a4-4660-82b5-509c54b15f2a"",""service"":""4978aa94-666c-47c7-8024-3ada55195a51"",""deployment"":""e6572e99-435a-4318-8085-a26955b8bae6"",""replica"":""bc280845-512d-4bab-ba8a-2b99bc9ab336""}",2026-04-03T03:24:13.269294362Z
[DB] Synced 3 accounts to database,info,"{""level"":""info""}","{""project"":""ce3616d9-58ad-4ec7-a294-1821e1564434"",""environment"":""fb6513d0-42a4-4660-82b5-509c54b15f2a"",""service"":""4978aa94-666c-47c7-8024-3ada55195a51"",""deployment"":""e6572e99-435a-4318-8085-a26955b8bae6"",""replica"":""bc280845-512d-4bab-ba8a-2b99bc9ab336""}",2026-04-03T03:24:43.133858765Z
2026-04-03 03:24:42 UTC - Services healthy,info,"{""level"":""info""}","{""project"":""ce3616d9-58ad-4ec7-a294-1821e1564434"",""environment"":""fb6513d0-42a4-4660-82b5-509c54b15f2a"",""service"":""4978aa94-666c-47c7-8024-3ada55195a51"",""deployment"":""e6572e99-435a-4318-8085-a26955b8bae6"",""replica"":""bc280845-512d-4bab-ba8a-2b99bc9ab336""}",2026-04-03T03:24:43.133866731Z
[DB] Synced 3 accounts to database,info,"{""level"":""info""}","{""project"":""ce3616d9-58ad-4ec7-a294-1821e1564434"",""environment"":""fb6513d0-42a4-4660-82b5-509c54b15f2a"",""service"":""4978aa94-666c-47c7-8024-3ada55195a51"",""deployment"":""e6572e99-435a-4318-8085-a26955b8bae6"",""replica"":""bc280845-512d-4bab-ba8a-2b99bc9ab336""}",2026-04-03T03:25:13.157404833Z
2026-04-03 03:25:12 UTC - Services healthy,info,"{""level"":""info""}","{""project"":""ce3616d9-58ad-4ec7-a294-1821e1564434"",""environment"":""fb6513d0-42a4-4660-82b5-509c54b15f2a"",""service"":""4978aa94-666c-47c7-8024-3ada55195a51"",""deployment"":""e6572e99-435a-4318-8085-a26955b8bae6"",""replica"":""bc280845-512d-4bab-ba8a-2b99bc9ab336""}",2026-04-03T03:25:13.157411082Z
[DB] Synced 3 accounts to database,info,"{""level"":""info""}","{""project"":""ce3616d9-58ad-4ec7-a294-1821e1564434"",""environment"":""fb6513d0-42a4-4660-82b5-509c54b15f2a"",""service"":""4978aa94-666c-47c7-8024-3ada55195a51"",""deployment"":""e6572e99-435a-4318-8085-a26955b8bae6"",""replica"":""bc280845-512d-4bab-ba8a-2b99bc9ab336""}",2026-04-03T03:25:42.936409246Z
2026-04-03 03:25:42 UTC - Services healthy,info,"{""level"":""info""}","{""project"":""ce3616d9-58ad-4ec7-a294-1821e1564434"",""environment"":""fb6513d0-42a4-4660-82b5-509c54b15f2a"",""service"":""4978aa94-666c-47c7-8024-3ada55195a51"",""deployment"":""e6572e99-435a-4318-8085-a26955b8bae6"",""replica"":""bc280845-512d-4bab-ba8a-2b99bc9ab336""}",2026-04-03T03:25:42.988184672Z
[DB] Synced 3 accounts to database,info,"{""level"":""info""}","{""project"":""ce3616d9-58ad-4ec7-a294-1821e1564434"",""environment"":""fb6513d0-42a4-4660-82b5-509c54b15f2a"",""service"":""4978aa94-666c-47c7-8024-3ada55195a51"",""deployment"":""e6572e99-435a-4318-8085-a26955b8bae6"",""replica"":""bc280845-512d-4bab-ba8a-2b99bc9ab336""}",2026-04-03T03:26:13.009279441Z
2026-04-03 03:26:12 UTC - Services healthy,info,"{""level"":""info""}","{""project"":""ce3616d9-58ad-4ec7-a294-1821e1564434"",""environment"":""fb6513d0-42a4-4660-82b5-509c54b15f2a"",""service"":""4978aa94-666c-47c7-8024-3ada55195a51"",""deployment"":""e6572e99-435a-4318-8085-a26955b8bae6"",""replica"":""bc280845-512d-4bab-ba8a-2b99bc9ab336""}",2026-04-03T03:26:13.009283341Z
[DB] Synced 3 accounts to database,info,"{""level"":""info""}","{""project"":""ce3616d9-58ad-4ec7-a294-1821e1564434"",""environment"":""fb6513d0-42a4-4660-82b5-509c54b15f2a"",""service"":""4978aa94-666c-47c7-8024-3ada55195a51"",""deployment"":""e6572e99-435a-4318-8085-a26955b8bae6"",""replica"":""bc280845-512d-4bab-ba8a-2b99bc9ab336""}",2026-04-03T03:26:43.198503211Z
2026-04-03 03:26:42 UTC - Services healthy,info,"{""level"":""info""}","{""project"":""ce3616d9-58ad-4ec7-a294-1821e1564434"",""environment"":""fb6513d0-42a4-4660-82b5-509c54b15f2a"",""service"":""4978aa94-666c-47c7-8024-3ada55195a51"",""deployment"":""e6572e99-435a-4318-8085-a26955b8bae6"",""replica"":""bc280845-512d-4bab-ba8a-2b99bc9ab336""}",2026-04-03T03:26:43.198509709Z
[DB] Synced 3 accounts to database,info,"{""level"":""info""}","{""project"":""ce3616d9-58ad-4ec7-a294-1821e1564434"",""environment"":""fb6513d0-42a4-4660-82b5-509c54b15f2a"",""service"":""4978aa94-666c-47c7-8024-3ada55195a51"",""deployment"":""e6572e99-435a-4318-8085-a26955b8bae6"",""replica"":""bc280845-512d-4bab-ba8a-2b99bc9ab336""}",2026-04-03T03:27:13.119986387Z
2026-04-03 03:27:13 UTC - Services healthy,info,"{""level"":""info""}","{""project"":""ce3616d9-58ad-4ec7-a294-1821e1564434"",""environment"":""fb6513d0-42a4-4660-82b5-509c54b15f2a"",""service"":""4978aa94-666c-47c7-8024-3ada55195a51"",""deployment"":""e6572e99-435a-4318-8085-a26955b8bae6"",""replica"":""bc280845-512d-4bab-ba8a-2b99bc9ab336""}",2026-04-03T03:27:13.119994395Z
[DB] Synced 3 accounts to database,info,"{""level"":""info""}","{""project"":""ce3616d9-58ad-4ec7-a294-1821e1564434"",""environment"":""fb6513d0-42a4-4660-82b5-509c54b15f2a"",""service"":""4978aa94-666c-47c7-8024-3ada55195a51"",""deployment"":""e6572e99-435a-4318-8085-a26955b8bae6"",""replica"":""bc280845-512d-4bab-ba8a-2b99bc9ab336""}",2026-04-03T03:27:43.233545431Z
2026-04-03 03:27:43 UTC - Services healthy,info,"{""level"":""info""}","{""project"":""ce3616d9-58ad-4ec7-a294-1821e1564434"",""environment"":""fb6513d0-42a4-4660-82b5-509c54b15f2a"",""service"":""4978aa94-666c-47c7-8024-3ada55195a51"",""deployment"":""e6572e99-435a-4318-8085-a26955b8bae6"",""replica"":""bc280845-512d-4bab-ba8a-2b99bc9ab336""}",2026-04-03T03:27:43.233558408Z
[DB] Synced 3 accounts to database,info,"{""level"":""info""}","{""project"":""ce3616d9-58ad-4ec7-a294-1821e1564434"",""environment"":""fb6513d0-42a4-4660-82b5-509c54b15f2a"",""service"":""4978aa94-666c-47c7-8024-3ada55195a51"",""deployment"":""e6572e99-435a-4318-8085-a26955b8bae6"",""replica"":""bc280845-512d-4bab-ba8a-2b99bc9ab336""}",2026-04-03T03:28:13.106307550Z
2026-04-03 03:28:13 UTC - Services healthy,info,"{""level"":""info""}","{""project"":""ce3616d9-58ad-4ec7-a294-1821e1564434"",""environment"":""fb6513d0-42a4-4660-82b5-509c54b15f2a"",""service"":""4978aa94-666c-47c7-8024-3ada55195a51"",""deployment"":""e6572e99-435a-4318-8085-a26955b8bae6"",""replica"":""bc280845-512d-4bab-ba8a-2b99bc9ab336""}",2026-04-03T03:28:13.106314736Z
[DB] Synced 3 accounts to database,info,"{""level"":""info""}","{""project"":""ce3616d9-58ad-4ec7-a294-1821e1564434"",""environment"":""fb6513d0-42a4-4660-82b5-509c54b15f2a"",""service"":""4978aa94-666c-47c7-8024-3ada55195a51"",""deployment"":""e6572e99-435a-4318-8085-a26955b8bae6"",""replica"":""bc280845-512d-4bab-ba8a-2b99bc9ab336""}",2026-04-03T03:28:43.122311336Z
2026-04-03 03:28:43 UTC - Services healthy,info,"{""level"":""info""}","{""project"":""ce3616d9-58ad-4ec7-a294-1821e1564434"",""environment"":""fb6513d0-42a4-4660-82b5-509c54b15f2a"",""service"":""4978aa94-666c-47c7-8024-3ada55195a51"",""deployment"":""e6572e99-435a-4318-8085-a26955b8bae6"",""replica"":""bc280845-512d-4bab-ba8a-2b99bc9ab336""}",2026-04-03T03:28:43.122317054Z
[DB] Synced 3 accounts to database,info,"{""level"":""info""}","{""project"":""ce3616d9-58ad-4ec7-a294-1821e1564434"",""environment"":""fb6513d0-42a4-4660-82b5-509c54b15f2a"",""service"":""4978aa94-666c-47c7-8024-3ada55195a51"",""deployment"":""e6572e99-435a-4318-8085-a26955b8bae6"",""replica"":""bc280845-512d-4bab-ba8a-2b99bc9ab336""}",2026-04-03T03:29:12.889195081Z
2026-04-03 03:29:13 UTC - Services healthy,info,"{""level"":""info""}","{""project"":""ce3616d9-58ad-4ec7-a294-1821e1564434"",""environment"":""fb6513d0-42a4-4660-82b5-509c54b15f2a"",""service"":""4978aa94-666c-47c7-8024-3ada55195a51"",""deployment"":""e6572e99-435a-4318-8085-a26955b8bae6"",""replica"":""bc280845-512d-4bab-ba8a-2b99bc9ab336""}",2026-04-03T03:29:13.036861647Z
[DB] Synced 3 accounts to database,info,"{""level"":""info""}","{""project"":""ce3616d9-58ad-4ec7-a294-1821e1564434"",""environment"":""fb6513d0-42a4-4660-82b5-509c54b15f2a"",""service"":""4978aa94-666c-47c7-8024-3ada55195a51"",""deployment"":""e6572e99-435a-4318-8085-a26955b8bae6"",""replica"":""bc280845-512d-4bab-ba8a-2b99bc9ab336""}",2026-04-03T03:29:43.097376803Z
2026-04-03 03:29:43 UTC - Services healthy,info,"{""level"":""info""}","{""project"":""ce3616d9-58ad-4ec7-a294-1821e1564434"",""environment"":""fb6513d0-42a4-4660-82b5-509c54b15f2a"",""service"":""4978aa94-666c-47c7-8024-3ada55195a51"",""deployment"":""e6572e99-435a-4318-8085-a26955b8bae6"",""replica"":""bc280845-512d-4bab-ba8a-2b99bc9ab336""}",2026-04-03T03:29:43.097384185Z
[DB] Synced 3 accounts to database,info,"{""level"":""info""}","{""project"":""ce3616d9-58ad-4ec7-a294-1821e1564434"",""environment"":""fb6513d0-42a4-4660-82b5-509c54b15f2a"",""service"":""4978aa94-666c-47c7-8024-3ada55195a51"",""deployment"":""e6572e99-435a-4318-8085-a26955b8bae6"",""replica"":""bc280845-512d-4bab-ba8a-2b99bc9ab336""}",2026-04-03T03:30:12.812632799Z
2026-04-03 03:30:13 UTC - Services healthy,info,"{""level"":""info""}","{""project"":""ce3616d9-58ad-4ec7-a294-1821e1564434"",""environment"":""fb6513d0-42a4-4660-82b5-509c54b15f2a"",""service"":""4978aa94-666c-47c7-8024-3ada55195a51"",""deployment"":""e6572e99-435a-4318-8085-a26955b8bae6"",""replica"":""bc280845-512d-4bab-ba8a-2b99bc9ab336""}",2026-04-03T03:30:13.365323867Z
[DB] Synced 3 accounts to database,info,"{""level"":""info""}","{""project"":""ce3616d9-58ad-4ec7-a294-1821e1564434"",""environment"":""fb6513d0-42a4-4660-82b5-509c54b15f2a"",""service"":""4978aa94-666c-47c7-8024-3ada55195a51"",""deployment"":""e6572e99-435a-4318-8085-a26955b8bae6"",""replica"":""bc280845-512d-4bab-ba8a-2b99bc9ab336""}",2026-04-03T03:30:43.142802792Z
2026-04-03 03:30:43 UTC - Services healthy,info,"{""level"":""info""}","{""project"":""ce3616d9-58ad-4ec7-a294-1821e1564434"",""environment"":""fb6513d0-42a4-4660-82b5-509c54b15f2a"",""service"":""4978aa94-666c-47c7-8024-3ada55195a51"",""deployment"":""e6572e99-435a-4318-8085-a26955b8bae6"",""replica"":""bc280845-512d-4bab-ba8a-2b99bc9ab336""}",2026-04-03T03:30:43.142811807Z
[DB] Synced 3 accounts to database,info,"{""level"":""info""}","{""project"":""ce3616d9-58ad-4ec7-a294-1821e1564434"",""environment"":""fb6513d0-42a4-4660-82b5-509c54b15f2a"",""service"":""4978aa94-666c-47c7-8024-3ada55195a51"",""deployment"":""e6572e99-435a-4318-8085-a26955b8bae6"",""replica"":""bc280845-512d-4bab-ba8a-2b99bc9ab336""}",2026-04-03T03:31:13.352367286Z
2026-04-03 03:31:13 UTC - Services healthy,info,"{""level"":""info""}","{""project"":""ce3616d9-58ad-4ec7-a294-1821e1564434"",""environment"":""fb6513d0-42a4-4660-82b5-509c54b15f2a"",""service"":""4978aa94-666c-47c7-8024-3ada55195a51"",""deployment"":""e6572e99-435a-4318-8085-a26955b8bae6"",""replica"":""bc280845-512d-4bab-ba8a-2b99bc9ab336""}",2026-04-03T03:31:13.352373859Z
[DB] Synced 3 accounts to database,info,"{""level"":""info""}","{""project"":""ce3616d9-58ad-4ec7-a294-1821e1564434"",""environment"":""fb6513d0-42a4-4660-82b5-509c54b15f2a"",""service"":""4978aa94-666c-47c7-8024-3ada55195a51"",""deployment"":""e6572e99-435a-4318-8085-a26955b8bae6"",""replica"":""bc280845-512d-4bab-ba8a-2b99bc9ab336""}",2026-04-03T03:31:43.248752992Z
2026-04-03 03:31:43 UTC - Services healthy,info,"{""level"":""info""}","{""project"":""ce3616d9-58ad-4ec7-a294-1821e1564434"",""environment"":""fb6513d0-42a4-4660-82b5-509c54b15f2a"",""service"":""4978aa94-666c-47c7-8024-3ada55195a51"",""deployment"":""e6572e99-435a-4318-8085-a26955b8bae6"",""replica"":""bc280845-512d-4bab-ba8a-2b99bc9ab336""}",2026-04-03T03:31:43.248762800Z
[DB] Synced 3 accounts to database,info,"{""level"":""info""}","{""project"":""ce3616d9-58ad-4ec7-a294-1821e1564434"",""environment"":""fb6513d0-42a4-4660-82b5-509c54b15f2a"",""service"":""4978aa94-666c-47c7-8024-3ada55195a51"",""deployment"":""e6572e99-435a-4318-8085-a26955b8bae6"",""replica"":""bc280845-512d-4bab-ba8a-2b99bc9ab336""}",2026-04-03T03:32:13.250576442Z
2026-04-03 03:32:13 UTC - Services healthy,info,"{""level"":""info""}","{""project"":""ce3616d9-58ad-4ec7-a294-1821e1564434"",""environment"":""fb6513d0-42a4-4660-82b5-509c54b15f2a"",""service"":""4978aa94-666c-47c7-8024-3ada55195a51"",""deployment"":""e6572e99-435a-4318-8085-a26955b8bae6"",""replica"":""bc280845-512d-4bab-ba8a-2b99bc9ab336""}",2026-04-03T03:32:13.250586304Z
[DB] Synced 3 accounts to database,info,"{""level"":""info""}","{""project"":""ce3616d9-58ad-4ec7-a294-1821e1564434"",""environment"":""fb6513d0-42a4-4660-82b5-509c54b15f2a"",""service"":""4978aa94-666c-47c7-8024-3ada55195a51"",""deployment"":""e6572e99-435a-4318-8085-a26955b8bae6"",""replica"":""bc280845-512d-4bab-ba8a-2b99bc9ab336""}",2026-04-03T03:32:43.101205885Z
2026-04-03 03:32:43 UTC - Services healthy,info,"{""level"":""info""}","{""project"":""ce3616d9-58ad-4ec7-a294-1821e1564434"",""environment"":""fb6513d0-42a4-4660-82b5-509c54b15f2a"",""service"":""4978aa94-666c-47c7-8024-3ada55195a51"",""deployment"":""e6572e99-435a-4318-8085-a26955b8bae6"",""replica"":""bc280845-512d-4bab-ba8a-2b99bc9ab336""}",2026-04-03T03:32:43.101212565Z
[DB] Synced 3 accounts to database,info,"{""level"":""info""}","{""project"":""ce3616d9-58ad-4ec7-a294-1821e1564434"",""environment"":""fb6513d0-42a4-4660-82b5-509c54b15f2a"",""service"":""4978aa94-666c-47c7-8024-3ada55195a51"",""deployment"":""e6572e99-435a-4318-8085-a26955b8bae6"",""replica"":""bc280845-512d-4bab-ba8a-2b99bc9ab336""}",2026-04-03T03:33:13.094004358Z
2026-04-03 03:33:13 UTC - Services healthy,info,"{""level"":""info""}","{""project"":""ce3616d9-58ad-4ec7-a294-1821e1564434"",""environment"":""fb6513d0-42a4-4660-82b5-509c54b15f2a"",""service"":""4978aa94-666c-47c7-8024-3ada55195a51"",""deployment"":""e6572e99-435a-4318-8085-a26955b8bae6"",""replica"":""bc280845-512d-4bab-ba8a-2b99bc9ab336""}",2026-04-03T03:33:13.094012533Z
[DB] Synced 3 accounts to database,info,"{""level"":""info""}","{""project"":""ce3616d9-58ad-4ec7-a294-1821e1564434"",""environment"":""fb6513d0-42a4-4660-82b5-509c54b15f2a"",""service"":""4978aa94-666c-47c7-8024-3ada55195a51"",""deployment"":""e6572e99-435a-4318-8085-a26955b8bae6"",""replica"":""bc280845-512d-4bab-ba8a-2b99bc9ab336""}",2026-04-03T03:33:42.906189869Z
2026-04-03 03:33:43 UTC - Services healthy,info,"{""level"":""info""}","{""project"":""ce3616d9-58ad-4ec7-a294-1821e1564434"",""environment"":""fb6513d0-42a4-4660-82b5-509c54b15f2a"",""service"":""4978aa94-666c-47c7-8024-3ada55195a51"",""deployment"":""e6572e99-435a-4318-8085-a26955b8bae6"",""replica"":""bc280845-512d-4bab-ba8a-2b99bc9ab336""}",2026-04-03T03:33:43.091160159Z
[DB] Synced 3 accounts to database,info,"{""level"":""info""}","{""project"":""ce3616d9-58ad-4ec7-a294-1821e1564434"",""environment"":""fb6513d0-42a4-4660-82b5-509c54b15f2a"",""service"":""4978aa94-666c-47c7-8024-3ada55195a51"",""deployment"":""e6572e99-435a-4318-8085-a26955b8bae6"",""replica"":""bc280845-512d-4bab-ba8a-2b99bc9ab336""}",2026-04-03T03:34:13.327107500Z
2026-04-03 03:34:13 UTC - Services healthy,info,"{""level"":""info""}","{""project"":""ce3616d9-58ad-4ec7-a294-1821e1564434"",""environment"":""fb6513d0-42a4-4660-82b5-509c54b15f2a"",""service"":""4978aa94-666c-47c7-8024-3ada55195a51"",""deployment"":""e6572e99-435a-4318-8085-a26955b8bae6"",""replica"":""bc280845-512d-4bab-ba8a-2b99bc9ab336""}",2026-04-03T03:34:13.327114319Z
[DB] Synced 3 accounts to database,info,"{""level"":""info""}","{""project"":""ce3616d9-58ad-4ec7-a294-1821e1564434"",""environment"":""fb6513d0-42a4-4660-82b5-509c54b15f2a"",""service"":""4978aa94-666c-47c7-8024-3ada55195a51"",""deployment"":""e6572e99-435a-4318-8085-a26955b8bae6"",""replica"":""bc280845-512d-4bab-ba8a-2b99bc9ab336""}",2026-04-03T03:34:43.185462225Z
2026-04-03 03:34:43 UTC - Services healthy,info,"{""level"":""info""}","{""project"":""ce3616d9-58ad-4ec7-a294-1821e1564434"",""environment"":""fb6513d0-42a4-4660-82b5-509c54b15f2a"",""service"":""4978aa94-666c-47c7-8024-3ada55195a51"",""deployment"":""e6572e99-435a-4318-8085-a26955b8bae6"",""replica"":""bc280845-512d-4bab-ba8a-2b99bc9ab336""}",2026-04-03T03:34:43.185471175Z
[DB] Synced 3 accounts to database,info,"{""level"":""info""}","{""project"":""ce3616d9-58ad-4ec7-a294-1821e1564434"",""environment"":""fb6513d0-42a4-4660-82b5-509c54b15f2a"",""service"":""4978aa94-666c-47c7-8024-3ada55195a51"",""deployment"":""e6572e99-435a-4318-8085-a26955b8bae6"",""replica"":""bc280845-512d-4bab-ba8a-2b99bc9ab336""}",2026-04-03T03:35:13.477163440Z
2026-04-03 03:35:13 UTC - Services healthy,info,"{""level"":""info""}","{""project"":""ce3616d9-58ad-4ec7-a294-1821e1564434"",""environment"":""fb6513d0-42a4-4660-82b5-509c54b15f2a"",""service"":""4978aa94-666c-47c7-8024-3ada55195a51"",""deployment"":""e6572e99-435a-4318-8085-a26955b8bae6"",""replica"":""bc280845-512d-4bab-ba8a-2b99bc9ab336""}",2026-04-03T03:35:13.477169828Z
[DB] Synced 3 accounts to database,info,"{""level"":""info""}","{""project"":""ce3616d9-58ad-4ec7-a294-1821e1564434"",""environment"":""fb6513d0-42a4-4660-82b5-509c54b15f2a"",""service"":""4978aa94-666c-47c7-8024-3ada55195a51"",""deployment"":""e6572e99-435a-4318-8085-a26955b8bae6"",""replica"":""bc280845-512d-4bab-ba8a-2b99bc9ab336""}",2026-04-03T03:35:43.235277512Z
2026-04-03 03:35:43 UTC - Services healthy,info,"{""level"":""info""}","{""project"":""ce3616d9-58ad-4ec7-a294-1821e1564434"",""environment"":""fb6513d0-42a4-4660-82b5-509c54b15f2a"",""service"":""4978aa94-666c-47c7-8024-3ada55195a51"",""deployment"":""e6572e99-435a-4318-8085-a26955b8bae6"",""replica"":""bc280845-512d-4bab-ba8a-2b99bc9ab336""}",2026-04-03T03:35:43.235282989Z
[DB] Synced 3 accounts to database,info,"{""level"":""info""}","{""project"":""ce3616d9-58ad-4ec7-a294-1821e1564434"",""environment"":""fb6513d0-42a4-4660-82b5-509c54b15f2a"",""service"":""4978aa94-666c-47c7-8024-3ada55195a51"",""deployment"":""e6572e99-435a-4318-8085-a26955b8bae6"",""replica"":""bc280845-512d-4bab-ba8a-2b99bc9ab336""}",2026-04-03T03:36:12.904676802Z
2026-04-03 03:36:13 UTC - Services healthy,info,"{""level"":""info""}","{""project"":""ce3616d9-58ad-4ec7-a294-1821e1564434"",""environment"":""fb6513d0-42a4-4660-82b5-509c54b15f2a"",""service"":""4978aa94-666c-47c7-8024-3ada55195a51"",""deployment"":""e6572e99-435a-4318-8085-a26955b8bae6"",""replica"":""bc280845-512d-4bab-ba8a-2b99bc9ab336""}",2026-04-03T03:36:13.416020789Z
[DB] Synced 3 accounts to database,info,"{""level"":""info""}","{""project"":""ce3616d9-58ad-4ec7-a294-1821e1564434"",""environment"":""fb6513d0-42a4-4660-82b5-509c54b15f2a"",""service"":""4978aa94-666c-47c7-8024-3ada55195a51"",""deployment"":""e6572e99-435a-4318-8085-a26955b8bae6"",""replica"":""bc280845-512d-4bab-ba8a-2b99bc9ab336""}",2026-04-03T03:36:43.258078777Z
2026-04-03 03:36:43 UTC - Services healthy,info,"{""level"":""info""}","{""project"":""ce3616d9-58ad-4ec7-a294-1821e1564434"",""environment"":""fb6513d0-42a4-4660-82b5-509c54b15f2a"",""service"":""4978aa94-666c-47c7-8024-3ada55195a51"",""deployment"":""e6572e99-435a-4318-8085-a26955b8bae6"",""replica"":""bc280845-512d-4bab-ba8a-2b99bc9ab336""}",2026-04-03T03:36:43.258085397Z
[DB] Synced 3 accounts to database,info,"{""level"":""info""}","{""project"":""ce3616d9-58ad-4ec7-a294-1821e1564434"",""environment"":""fb6513d0-42a4-4660-82b5-509c54b15f2a"",""service"":""4978aa94-666c-47c7-8024-3ada55195a51"",""deployment"":""e6572e99-435a-4318-8085-a26955b8bae6"",""replica"":""bc280845-512d-4bab-ba8a-2b99bc9ab336""}",2026-04-03T03:37:13.470197230Z
2026-04-03 03:37:13 UTC - Services healthy,info,"{""level"":""info""}","{""project"":""ce3616d9-58ad-4ec7-a294-1821e1564434"",""environment"":""fb6513d0-42a4-4660-82b5-509c54b15f2a"",""service"":""4978aa94-666c-47c7-8024-3ada55195a51"",""deployment"":""e6572e99-435a-4318-8085-a26955b8bae6"",""replica"":""bc280845-512d-4bab-ba8a-2b99bc9ab336""}",2026-04-03T03:37:13.470206596Z
[DB] Synced 3 accounts to database,info,"{""level"":""info""}","{""project"":""ce3616d9-58ad-4ec7-a294-1821e1564434"",""environment"":""fb6513d0-42a4-4660-82b5-509c54b15f2a"",""service"":""4978aa94-666c-47c7-8024-3ada55195a51"",""deployment"":""e6572e99-435a-4318-8085-a26955b8bae6"",""replica"":""bc280845-512d-4bab-ba8a-2b99bc9ab336""}",2026-04-03T03:37:43.416298994Z
2026-04-03 03:37:43 UTC - Services healthy,info,"{""level"":""info""}","{""project"":""ce3616d9-58ad-4ec7-a294-1821e1564434"",""environment"":""fb6513d0-42a4-4660-82b5-509c54b15f2a"",""service"":""4978aa94-666c-47c7-8024-3ada55195a51"",""deployment"":""e6572e99-435a-4318-8085-a26955b8bae6"",""replica"":""bc280845-512d-4bab-ba8a-2b99bc9ab336""}",2026-04-03T03:37:43.416304702Z
[DB] Synced 3 accounts to database,info,"{""level"":""info""}","{""project"":""ce3616d9-58ad-4ec7-a294-1821e1564434"",""environment"":""fb6513d0-42a4-4660-82b5-509c54b15f2a"",""service"":""4978aa94-666c-47c7-8024-3ada55195a51"",""deployment"":""e6572e99-435a-4318-8085-a26955b8bae6"",""replica"":""bc280845-512d-4bab-ba8a-2b99bc9ab336""}",2026-04-03T03:38:13.660103080Z
2026-04-03 03:38:13 UTC - Services healthy,info,"{""level"":""info""}","{""project"":""ce3616d9-58ad-4ec7-a294-1821e1564434"",""environment"":""fb6513d0-42a4-4660-82b5-509c54b15f2a"",""service"":""4978aa94-666c-47c7-8024-3ada55195a51"",""deployment"":""e6572e99-435a-4318-8085-a26955b8bae6"",""replica"":""bc280845-512d-4bab-ba8a-2b99bc9ab336""}",2026-04-03T03:38:13.660108805Z
[DB] Synced 3 accounts to database,info,"{""level"":""info""}","{""project"":""ce3616d9-58ad-4ec7-a294-1821e1564434"",""environment"":""fb6513d0-42a4-4660-82b5-509c54b15f2a"",""service"":""4978aa94-666c-47c7-8024-3ada55195a51"",""deployment"":""e6572e99-435a-4318-8085-a26955b8bae6"",""replica"":""bc280845-512d-4bab-ba8a-2b99bc9ab336""}",2026-04-03T03:38:43.507899687Z
2026-04-03 03:38:43 UTC - Services healthy,info,"{""level"":""info""}","{""project"":""ce3616d9-58ad-4ec7-a294-1821e1564434"",""environment"":""fb6513d0-42a4-4660-82b5-509c54b15f2a"",""service"":""4978aa94-666c-47c7-8024-3ada55195a51"",""deployment"":""e6572e99-435a-4318-8085-a26955b8bae6"",""replica"":""bc280845-512d-4bab-ba8a-2b99bc9ab336""}",2026-04-03T03:38:43.507903739Z
[DB] Synced 3 accounts to database,info,"{""level"":""info""}","{""project"":""ce3616d9-58ad-4ec7-a294-1821e1564434"",""environment"":""fb6513d0-42a4-4660-82b5-509c54b15f2a"",""service"":""4978aa94-666c-47c7-8024-3ada55195a51"",""deployment"":""e6572e99-435a-4318-8085-a26955b8bae6"",""replica"":""bc280845-512d-4bab-ba8a-2b99bc9ab336""}",2026-04-03T03:39:13.628116926Z
2026-04-03 03:39:13 UTC - Services healthy,info,"{""level"":""info""}","{""project"":""ce3616d9-58ad-4ec7-a294-1821e1564434"",""environment"":""fb6513d0-42a4-4660-82b5-509c54b15f2a"",""service"":""4978aa94-666c-47c7-8024-3ada55195a51"",""deployment"":""e6572e99-435a-4318-8085-a26955b8bae6"",""replica"":""bc280845-512d-4bab-ba8a-2b99bc9ab336""}",2026-04-03T03:39:13.628122440Z
[DB] Synced 3 accounts to database,info,"{""level"":""info""}","{""project"":""ce3616d9-58ad-4ec7-a294-1821e1564434"",""environment"":""fb6513d0-42a4-4660-82b5-509c54b15f2a"",""service"":""4978aa94-666c-47c7-8024-3ada55195a51"",""deployment"":""e6572e99-435a-4318-8085-a26955b8bae6"",""replica"":""bc280845-512d-4bab-ba8a-2b99bc9ab336""}",2026-04-03T03:39:43.707123574Z
2026-04-03 03:39:43 UTC - Services healthy,info,"{""level"":""info""}","{""project"":""ce3616d9-58ad-4ec7-a294-1821e1564434"",""environment"":""fb6513d0-42a4-4660-82b5-509c54b15f2a"",""service"":""4978aa94-666c-47c7-8024-3ada55195a51"",""deployment"":""e6572e99-435a-4318-8085-a26955b8bae6"",""replica"":""bc280845-512d-4bab-ba8a-2b99bc9ab336""}",2026-04-03T03:39:43.707128694Z
[DB] Synced 3 accounts to database,info,"{""level"":""info""}","{""project"":""ce3616d9-58ad-4ec7-a294-1821e1564434"",""environment"":""fb6513d0-42a4-4660-82b5-509c54b15f2a"",""service"":""4978aa94-666c-47c7-8024-3ada55195a51"",""deployment"":""e6572e99-435a-4318-8085-a26955b8bae6"",""replica"":""bc280845-512d-4bab-ba8a-2b99bc9ab336""}",2026-04-03T03:40:13.627951526Z
2026-04-03 03:40:13 UTC - Services healthy,info,"{""level"":""info""}","{""project"":""ce3616d9-58ad-4ec7-a294-1821e1564434"",""environment"":""fb6513d0-42a4-4660-82b5-509c54b15f2a"",""service"":""4978aa94-666c-47c7-8024-3ada55195a51"",""deployment"":""e6572e99-435a-4318-8085-a26955b8bae6"",""replica"":""bc280845-512d-4bab-ba8a-2b99bc9ab336""}",2026-04-03T03:40:13.627957895Z
2026-04-03 03:40:43 UTC - Services healthy,info,"{""level"":""info""}","{""project"":""ce3616d9-58ad-4ec7-a294-1821e1564434"",""environment"":""fb6513d0-42a4-4660-82b5-509c54b15f2a"",""service"":""4978aa94-666c-47c7-8024-3ada55195a51"",""deployment"":""e6572e99-435a-4318-8085-a26955b8bae6"",""replica"":""bc280845-512d-4bab-ba8a-2b99bc9ab336""}",2026-04-03T03:40:44.115664148Z
[DB] Synced 3 accounts to database,info,"{""level"":""info""}","{""project"":""ce3616d9-58ad-4ec7-a294-1821e1564434"",""environment"":""fb6513d0-42a4-4660-82b5-509c54b15f2a"",""service"":""4978aa94-666c-47c7-8024-3ada55195a51"",""deployment"":""e6572e99-435a-4318-8085-a26955b8bae6"",""replica"":""bc280845-512d-4bab-ba8a-2b99bc9ab336""}",2026-04-03T03:40:44.115745096Z
[DB] Synced 3 accounts to database,info,"{""level"":""info""}","{""project"":""ce3616d9-58ad-4ec7-a294-1821e1564434"",""environment"":""fb6513d0-42a4-4660-82b5-509c54b15f2a"",""service"":""4978aa94-666c-47c7-8024-3ada55195a51"",""deployment"":""e6572e99-435a-4318-8085-a26955b8bae6"",""replica"":""bc280845-512d-4bab-ba8a-2b99bc9ab336""}",2026-04-03T03:41:13.920558878Z
2026-04-03 03:41:13 UTC - Services healthy,info,"{""level"":""info""}","{""project"":""ce3616d9-58ad-4ec7-a294-1821e1564434"",""environment"":""fb6513d0-42a4-4660-82b5-509c54b15f2a"",""service"":""4978aa94-666c-47c7-8024-3ada55195a51"",""deployment"":""e6572e99-435a-4318-8085-a26955b8bae6"",""replica"":""bc280845-512d-4bab-ba8a-2b99bc9ab336""}",2026-04-03T03:41:13.920563154Z
[DB] Synced 3 accounts to database,info,"{""level"":""info""}","{""project"":""ce3616d9-58ad-4ec7-a294-1821e1564434"",""environment"":""fb6513d0-42a4-4660-82b5-509c54b15f2a"",""service"":""4978aa94-666c-47c7-8024-3ada55195a51"",""deployment"":""e6572e99-435a-4318-8085-a26955b8bae6"",""replica"":""bc280845-512d-4bab-ba8a-2b99bc9ab336""}",2026-04-03T03:41:43.637025716Z
2026-04-03 03:41:43 UTC - Services healthy,info,"{""level"":""info""}","{""project"":""ce3616d9-58ad-4ec7-a294-1821e1564434"",""environment"":""fb6513d0-42a4-4660-82b5-509c54b15f2a"",""service"":""4978aa94-666c-47c7-8024-3ada55195a51"",""deployment"":""e6572e99-435a-4318-8085-a26955b8bae6"",""replica"":""bc280845-512d-4bab-ba8a-2b99bc9ab336""}",2026-04-03T03:41:43.637029801Z
[DB] Synced 3 accounts to database,info,"{""level"":""info""}","{""project"":""ce3616d9-58ad-4ec7-a294-1821e1564434"",""environment"":""fb6513d0-42a4-4660-82b5-509c54b15f2a"",""service"":""4978aa94-666c-47c7-8024-3ada55195a51"",""deployment"":""e6572e99-435a-4318-8085-a26955b8bae6"",""replica"":""bc280845-512d-4bab-ba8a-2b99bc9ab336""}",2026-04-03T03:42:13.777059193Z
2026-04-03 03:42:13 UTC - Services healthy,info,"{""level"":""info""}","{""project"":""ce3616d9-58ad-4ec7-a294-1821e1564434"",""environment"":""fb6513d0-42a4-4660-82b5-509c54b15f2a"",""service"":""4978aa94-666c-47c7-8024-3ada55195a51"",""deployment"":""e6572e99-435a-4318-8085-a26955b8bae6"",""replica"":""bc280845-512d-4bab-ba8a-2b99bc9ab336""}",2026-04-03T03:42:13.777066299Z
[DB] Synced 3 accounts to database,info,"{""level"":""info""}","{""project"":""ce3616d9-58ad-4ec7-a294-1821e1564434"",""environment"":""fb6513d0-42a4-4660-82b5-509c54b15f2a"",""service"":""4978aa94-666c-47c7-8024-3ada55195a51"",""deployment"":""e6572e99-435a-4318-8085-a26955b8bae6"",""replica"":""bc280845-512d-4bab-ba8a-2b99bc9ab336""}",2026-04-03T03:42:43.964717010Z
2026-04-03 03:42:43 UTC - Services healthy,info,"{""level"":""info""}","{""project"":""ce3616d9-58ad-4ec7-a294-1821e1564434"",""environment"":""fb6513d0-42a4-4660-82b5-509c54b15f2a"",""service"":""4978aa94-666c-47c7-8024-3ada55195a51"",""deployment"":""e6572e99-435a-4318-8085-a26955b8bae6"",""replica"":""bc280845-512d-4bab-ba8a-2b99bc9ab336""}",2026-04-03T03:42:43.964723633Z
[DB] Synced 3 accounts to database,info,"{""level"":""info""}","{""project"":""ce3616d9-58ad-4ec7-a294-1821e1564434"",""environment"":""fb6513d0-42a4-4660-82b5-509c54b15f2a"",""service"":""4978aa94-666c-47c7-8024-3ada55195a51"",""deployment"":""e6572e99-435a-4318-8085-a26955b8bae6"",""replica"":""bc280845-512d-4bab-ba8a-2b99bc9ab336""}",2026-04-03T03:43:13.971006075Z
2026-04-03 03:43:13 UTC - Services healthy,info,"{""level"":""info""}","{""project"":""ce3616d9-58ad-4ec7-a294-1821e1564434"",""environment"":""fb6513d0-42a4-4660-82b5-509c54b15f2a"",""service"":""4978aa94-666c-47c7-8024-3ada55195a51"",""deployment"":""e6572e99-435a-4318-8085-a26955b8bae6"",""replica"":""bc280845-512d-4bab-ba8a-2b99bc9ab336""}",2026-04-03T03:43:13.971014847Z
[DB] Synced 3 accounts to database,info,"{""level"":""info""}","{""project"":""ce3616d9-58ad-4ec7-a294-1821e1564434"",""environment"":""fb6513d0-42a4-4660-82b5-509c54b15f2a"",""service"":""4978aa94-666c-47c7-8024-3ada55195a51"",""deployment"":""e6572e99-435a-4318-8085-a26955b8bae6"",""replica"":""bc280845-512d-4bab-ba8a-2b99bc9ab336""}",2026-04-03T03:43:43.725456766Z
2026-04-03 03:43:43 UTC - Services healthy,info,"{""level"":""info""}","{""project"":""ce3616d9-58ad-4ec7-a294-1821e1564434"",""environment"":""fb6513d0-42a4-4660-82b5-509c54b15f2a"",""service"":""4978aa94-666c-47c7-8024-3ada55195a51"",""deployment"":""e6572e99-435a-4318-8085-a26955b8bae6"",""replica"":""bc280845-512d-4bab-ba8a-2b99bc9ab336""}",2026-04-03T03:43:43.725463671Z
[DB] Synced 3 accounts to database,info,"{""level"":""info""}","{""project"":""ce3616d9-58ad-4ec7-a294-1821e1564434"",""environment"":""fb6513d0-42a4-4660-82b5-509c54b15f2a"",""service"":""4978aa94-666c-47c7-8024-3ada55195a51"",""deployment"":""e6572e99-435a-4318-8085-a26955b8bae6"",""replica"":""bc280845-512d-4bab-ba8a-2b99bc9ab336""}",2026-04-03T03:44:13.951844709Z
2026-04-03 03:44:13 UTC - Services healthy,info,"{""level"":""info""}","{""project"":""ce3616d9-58ad-4ec7-a294-1821e1564434"",""environment"":""fb6513d0-42a4-4660-82b5-509c54b15f2a"",""service"":""4978aa94-666c-47c7-8024-3ada55195a51"",""deployment"":""e6572e99-435a-4318-8085-a26955b8bae6"",""replica"":""bc280845-512d-4bab-ba8a-2b99bc9ab336""}",2026-04-03T03:44:13.951851936Z
[DB] Synced 3 accounts to database,info,"{""level"":""info""}","{""project"":""ce3616d9-58ad-4ec7-a294-1821e1564434"",""environment"":""fb6513d0-42a4-4660-82b5-509c54b15f2a"",""service"":""4978aa94-666c-47c7-8024-3ada55195a51"",""deployment"":""e6572e99-435a-4318-8085-a26955b8bae6"",""replica"":""bc280845-512d-4bab-ba8a-2b99bc9ab336""}",2026-04-03T03:44:43.728799935Z
2026-04-03 03:44:43 UTC - Services healthy,info,"{""level"":""info""}","{""project"":""ce3616d9-58ad-4ec7-a294-1821e1564434"",""environment"":""fb6513d0-42a4-4660-82b5-509c54b15f2a"",""service"":""4978aa94-666c-47c7-8024-3ada55195a51"",""deployment"":""e6572e99-435a-4318-8085-a26955b8bae6"",""replica"":""bc280845-512d-4bab-ba8a-2b99bc9ab336""}",2026-04-03T03:44:43.728807003Z
[DB] Synced 3 accounts to database,info,"{""level"":""info""}","{""project"":""ce3616d9-58ad-4ec7-a294-1821e1564434"",""environment"":""fb6513d0-42a4-4660-82b5-509c54b15f2a"",""service"":""4978aa94-666c-47c7-8024-3ada55195a51"",""deployment"":""e6572e99-435a-4318-8085-a26955b8bae6"",""replica"":""bc280845-512d-4bab-ba8a-2b99bc9ab336""}",2026-04-03T03:45:13.979413433Z
2026-04-03 03:45:13 UTC - Services healthy,info,"{""level"":""info""}","{""project"":""ce3616d9-58ad-4ec7-a294-1821e1564434"",""environment"":""fb6513d0-42a4-4660-82b5-509c54b15f2a"",""service"":""4978aa94-666c-47c7-8024-3ada55195a51"",""deployment"":""e6572e99-435a-4318-8085-a26955b8bae6"",""replica"":""bc280845-512d-4bab-ba8a-2b99bc9ab336""}",2026-04-03T03:45:13.979419485Z
[DB] Synced 3 accounts to database,info,"{""level"":""info""}","{""project"":""ce3616d9-58ad-4ec7-a294-1821e1564434"",""environment"":""fb6513d0-42a4-4660-82b5-509c54b15f2a"",""service"":""4978aa94-666c-47c7-8024-3ada55195a51"",""deployment"":""e6572e99-435a-4318-8085-a26955b8bae6"",""replica"":""bc280845-512d-4bab-ba8a-2b99bc9ab336""}",2026-04-03T03:45:43.771121172Z
2026-04-03 03:45:43 UTC - Services healthy,info,"{""level"":""info""}","{""project"":""ce3616d9-58ad-4ec7-a294-1821e1564434"",""environment"":""fb6513d0-42a4-4660-82b5-509c54b15f2a"",""service"":""4978aa94-666c-47c7-8024-3ada55195a51"",""deployment"":""e6572e99-435a-4318-8085-a26955b8bae6"",""replica"":""bc280845-512d-4bab-ba8a-2b99bc9ab336""}",2026-04-03T03:45:43.771128464Z
[DB] Synced 3 accounts to database,info,"{""level"":""info""}","{""project"":""ce3616d9-58ad-4ec7-a294-1821e1564434"",""environment"":""fb6513d0-42a4-4660-82b5-509c54b15f2a"",""service"":""4978aa94-666c-47c7-8024-3ada55195a51"",""deployment"":""e6572e99-435a-4318-8085-a26955b8bae6"",""replica"":""bc280845-512d-4bab-ba8a-2b99bc9ab336""}",2026-04-03T03:46:13.460482457Z
2026-04-03 03:46:13 UTC - Services healthy,info,"{""level"":""info""}","{""project"":""ce3616d9-58ad-4ec7-a294-1821e1564434"",""environment"":""fb6513d0-42a4-4660-82b5-509c54b15f2a"",""service"":""4978aa94-666c-47c7-8024-3ada55195a51"",""deployment"":""e6572e99-435a-4318-8085-a26955b8bae6"",""replica"":""bc280845-512d-4bab-ba8a-2b99bc9ab336""}",2026-04-03T03:46:13.460489424Z
[DB] Synced 3 accounts to database,info,"{""level"":""info""}","{""project"":""ce3616d9-58ad-4ec7-a294-1821e1564434"",""environment"":""fb6513d0-42a4-4660-82b5-509c54b15f2a"",""service"":""4978aa94-666c-47c7-8024-3ada55195a51"",""deployment"":""e6572e99-435a-4318-8085-a26955b8bae6"",""replica"":""bc280845-512d-4bab-ba8a-2b99bc9ab336""}",2026-04-03T03:46:43.278366579Z
2026-04-03 03:46:43 UTC - Services healthy,info,"{""level"":""info""}","{""project"":""ce3616d9-58ad-4ec7-a294-1821e1564434"",""environment"":""fb6513d0-42a4-4660-82b5-509c54b15f2a"",""service"":""4978aa94-666c-47c7-8024-3ada55195a51"",""deployment"":""e6572e99-435a-4318-8085-a26955b8bae6"",""replica"":""bc280845-512d-4bab-ba8a-2b99bc9ab336""}",2026-04-03T03:46:43.278407627Z
[DB] Synced 3 accounts to database,info,"{""level"":""info""}","{""project"":""ce3616d9-58ad-4ec7-a294-1821e1564434"",""environment"":""fb6513d0-42a4-4660-82b5-509c54b15f2a"",""service"":""4978aa94-666c-47c7-8024-3ada55195a51"",""deployment"":""e6572e99-435a-4318-8085-a26955b8bae6"",""replica"":""bc280845-512d-4bab-ba8a-2b99bc9ab336""}",2026-04-03T03:47:13.328286221Z
2026-04-03 03:47:13 UTC - Services healthy,info,"{""level"":""info""}","{""project"":""ce3616d9-58ad-4ec7-a294-1821e1564434"",""environment"":""fb6513d0-42a4-4660-82b5-509c54b15f2a"",""service"":""4978aa94-666c-47c7-8024-3ada55195a51"",""deployment"":""e6572e99-435a-4318-8085-a26955b8bae6"",""replica"":""bc280845-512d-4bab-ba8a-2b99bc9ab336""}",2026-04-03T03:47:13.328296666Z
[DB] Synced 3 accounts to database,info,"{""level"":""info""}","{""project"":""ce3616d9-58ad-4ec7-a294-1821e1564434"",""environment"":""fb6513d0-42a4-4660-82b5-509c54b15f2a"",""service"":""4978aa94-666c-47c7-8024-3ada55195a51"",""deployment"":""e6572e99-435a-4318-8085-a26955b8bae6"",""replica"":""bc280845-512d-4bab-ba8a-2b99bc9ab336""}",2026-04-03T03:47:43.179908678Z
2026-04-03 03:47:43 UTC - Services healthy,info,"{""level"":""info""}","{""project"":""ce3616d9-58ad-4ec7-a294-1821e1564434"",""environment"":""fb6513d0-42a4-4660-82b5-509c54b15f2a"",""service"":""4978aa94-666c-47c7-8024-3ada55195a51"",""deployment"":""e6572e99-435a-4318-8085-a26955b8bae6"",""replica"":""bc280845-512d-4bab-ba8a-2b99bc9ab336""}",2026-04-03T03:47:43.265966431Z
[DB] Synced 3 accounts to database,info,"{""level"":""info""}","{""project"":""ce3616d9-58ad-4ec7-a294-1821e1564434"",""environment"":""fb6513d0-42a4-4660-82b5-509c54b15f2a"",""service"":""4978aa94-666c-47c7-8024-3ada55195a51"",""deployment"":""e6572e99-435a-4318-8085-a26955b8bae6"",""replica"":""bc280845-512d-4bab-ba8a-2b99bc9ab336""}",2026-04-03T03:48:13.502019731Z
2026-04-03 03:48:13 UTC - Services healthy,info,"{""level"":""info""}","{""project"":""ce3616d9-58ad-4ec7-a294-1821e1564434"",""environment"":""fb6513d0-42a4-4660-82b5-509c54b15f2a"",""service"":""4978aa94-666c-47c7-8024-3ada55195a51"",""deployment"":""e6572e99-435a-4318-8085-a26955b8bae6"",""replica"":""bc280845-512d-4bab-ba8a-2b99bc9ab336""}",2026-04-03T03:48:13.502023930Z
[DB] Synced 3 accounts to database,info,"{""level"":""info""}","{""project"":""ce3616d9-58ad-4ec7-a294-1821e1564434"",""environment"":""fb6513d0-42a4-4660-82b5-509c54b15f2a"",""service"":""4978aa94-666c-47c7-8024-3ada55195a51"",""deployment"":""e6572e99-435a-4318-8085-a26955b8bae6"",""replica"":""bc280845-512d-4bab-ba8a-2b99bc9ab336""}",2026-04-03T03:48:43.391246656Z
2026-04-03 03:48:43 UTC - Services healthy,info,"{""level"":""info""}","{""project"":""ce3616d9-58ad-4ec7-a294-1821e1564434"",""environment"":""fb6513d0-42a4-4660-82b5-509c54b15f2a"",""service"":""4978aa94-666c-47c7-8024-3ada55195a51"",""deployment"":""e6572e99-435a-4318-8085-a26955b8bae6"",""replica"":""bc280845-512d-4bab-ba8a-2b99bc9ab336""}",2026-04-03T03:48:43.391253119Z
[DB] Synced 3 accounts to database,info,"{""level"":""info""}","{""project"":""ce3616d9-58ad-4ec7-a294-1821e1564434"",""environment"":""fb6513d0-42a4-4660-82b5-509c54b15f2a"",""service"":""4978aa94-666c-47c7-8024-3ada55195a51"",""deployment"":""e6572e99-435a-4318-8085-a26955b8bae6"",""replica"":""bc280845-512d-4bab-ba8a-2b99bc9ab336""}",2026-04-03T03:49:13.716009374Z
2026-04-03 03:49:13 UTC - Services healthy,info,"{""level"":""info""}","{""project"":""ce3616d9-58ad-4ec7-a294-1821e1564434"",""environment"":""fb6513d0-42a4-4660-82b5-509c54b15f2a"",""service"":""4978aa94-666c-47c7-8024-3ada55195a51"",""deployment"":""e6572e99-435a-4318-8085-a26955b8bae6"",""replica"":""bc280845-512d-4bab-ba8a-2b99bc9ab336""}",2026-04-03T03:49:13.716013352Z
[DB] Synced 3 accounts to database,info,"{""level"":""info""}","{""project"":""ce3616d9-58ad-4ec7-a294-1821e1564434"",""environment"":""fb6513d0-42a4-4660-82b5-509c54b15f2a"",""service"":""4978aa94-666c-47c7-8024-3ada55195a51"",""deployment"":""e6572e99-435a-4318-8085-a26955b8bae6"",""replica"":""bc280845-512d-4bab-ba8a-2b99bc9ab336""}",2026-04-03T03:49:43.705050219Z
2026-04-03 03:49:43 UTC - Services healthy,info,"{""level"":""info""}","{""project"":""ce3616d9-58ad-4ec7-a294-1821e1564434"",""environment"":""fb6513d0-42a4-4660-82b5-509c54b15f2a"",""service"":""4978aa94-666c-47c7-8024-3ada55195a51"",""deployment"":""e6572e99-435a-4318-8085-a26955b8bae6"",""replica"":""bc280845-512d-4bab-ba8a-2b99bc9ab336""}",2026-04-03T03:49:43.705054340Z
[DB] Synced 3 accounts to database,info,"{""level"":""info""}","{""project"":""ce3616d9-58ad-4ec7-a294-1821e1564434"",""environment"":""fb6513d0-42a4-4660-82b5-509c54b15f2a"",""service"":""4978aa94-666c-47c7-8024-3ada55195a51"",""deployment"":""e6572e99-435a-4318-8085-a26955b8bae6"",""replica"":""bc280845-512d-4bab-ba8a-2b99bc9ab336""}",2026-04-03T03:50:14.025791419Z
2026-04-03 03:50:13 UTC - Services healthy,info,"{""level"":""info""}","{""project"":""ce3616d9-58ad-4ec7-a294-1821e1564434"",""environment"":""fb6513d0-42a4-4660-82b5-509c54b15f2a"",""service"":""4978aa94-666c-47c7-8024-3ada55195a51"",""deployment"":""e6572e99-435a-4318-8085-a26955b8bae6"",""replica"":""bc280845-512d-4bab-ba8a-2b99bc9ab336""}",2026-04-03T03:50:14.025797038Z
[DB] Synced 3 accounts to database,info,"{""level"":""info""}","{""project"":""ce3616d9-58ad-4ec7-a294-1821e1564434"",""environment"":""fb6513d0-42a4-4660-82b5-509c54b15f2a"",""service"":""4978aa94-666c-47c7-8024-3ada55195a51"",""deployment"":""e6572e99-435a-4318-8085-a26955b8bae6"",""replica"":""bc280845-512d-4bab-ba8a-2b99bc9ab336""}",2026-04-03T03:50:43.973040794Z
2026-04-03 03:50:43 UTC - Services healthy,info,"{""level"":""info""}","{""project"":""ce3616d9-58ad-4ec7-a294-1821e1564434"",""environment"":""fb6513d0-42a4-4660-82b5-509c54b15f2a"",""service"":""4978aa94-666c-47c7-8024-3ada55195a51"",""deployment"":""e6572e99-435a-4318-8085-a26955b8bae6"",""replica"":""bc280845-512d-4bab-ba8a-2b99bc9ab336""}",2026-04-03T03:50:43.973052306Z
[DB] Synced 3 accounts to database,info,"{""level"":""info""}","{""project"":""ce3616d9-58ad-4ec7-a294-1821e1564434"",""environment"":""fb6513d0-42a4-4660-82b5-509c54b15f2a"",""service"":""4978aa94-666c-47c7-8024-3ada55195a51"",""deployment"":""e6572e99-435a-4318-8085-a26955b8bae6"",""replica"":""bc280845-512d-4bab-ba8a-2b99bc9ab336""}",2026-04-03T03:51:14.341487269Z
2026-04-03 03:51:13 UTC - Services healthy,info,"{""level"":""info""}","{""project"":""ce3616d9-58ad-4ec7-a294-1821e1564434"",""environment"":""fb6513d0-42a4-4660-82b5-509c54b15f2a"",""service"":""4978aa94-666c-47c7-8024-3ada55195a51"",""deployment"":""e6572e99-435a-4318-8085-a26955b8bae6"",""replica"":""bc280845-512d-4bab-ba8a-2b99bc9ab336""}",2026-04-03T03:51:14.341492487Z
[DB] Synced 3 accounts to database,info,"{""level"":""info""}","{""project"":""ce3616d9-58ad-4ec7-a294-1821e1564434"",""environment"":""fb6513d0-42a4-4660-82b5-509c54b15f2a"",""service"":""4978aa94-666c-47c7-8024-3ada55195a51"",""deployment"":""e6572e99-435a-4318-8085-a26955b8bae6"",""replica"":""bc280845-512d-4bab-ba8a-2b99bc9ab336""}",2026-04-03T03:51:43.944288220Z
2026-04-03 03:51:43 UTC - Services healthy,info,"{""level"":""info""}","{""project"":""ce3616d9-58ad-4ec7-a294-1821e1564434"",""environment"":""fb6513d0-42a4-4660-82b5-509c54b15f2a"",""service"":""4978aa94-666c-47c7-8024-3ada55195a51"",""deployment"":""e6572e99-435a-4318-8085-a26955b8bae6"",""replica"":""bc280845-512d-4bab-ba8a-2b99bc9ab336""}",2026-04-03T03:51:43.944297900Z
[DB] Synced 3 accounts to database,info,"{""level"":""info""}","{""project"":""ce3616d9-58ad-4ec7-a294-1821e1564434"",""environment"":""fb6513d0-42a4-4660-82b5-509c54b15f2a"",""service"":""4978aa94-666c-47c7-8024-3ada55195a51"",""deployment"":""e6572e99-435a-4318-8085-a26955b8bae6"",""replica"":""bc280845-512d-4bab-ba8a-2b99bc9ab336""}",2026-04-03T03:52:14.112254870Z
2026-04-03 03:52:13 UTC - Services healthy,info,"{""level"":""info""}","{""project"":""ce3616d9-58ad-4ec7-a294-1821e1564434"",""environment"":""fb6513d0-42a4-4660-82b5-509c54b15f2a"",""service"":""4978aa94-666c-47c7-8024-3ada55195a51"",""deployment"":""e6572e99-435a-4318-8085-a26955b8bae6"",""replica"":""bc280845-512d-4bab-ba8a-2b99bc9ab336""}",2026-04-03T03:52:14.112259688Z
[DB] Synced 3 accounts to database,info,"{""level"":""info""}","{""project"":""ce3616d9-58ad-4ec7-a294-1821e1564434"",""environment"":""fb6513d0-42a4-4660-82b5-509c54b15f2a"",""service"":""4978aa94-666c-47c7-8024-3ada55195a51"",""deployment"":""e6572e99-435a-4318-8085-a26955b8bae6"",""replica"":""bc280845-512d-4bab-ba8a-2b99bc9ab336""}",2026-04-03T03:52:44.022510337Z
2026-04-03 03:52:43 UTC - Services healthy,info,"{""level"":""info""}","{""project"":""ce3616d9-58ad-4ec7-a294-1821e1564434"",""environment"":""fb6513d0-42a4-4660-82b5-509c54b15f2a"",""service"":""4978aa94-666c-47c7-8024-3ada55195a51"",""deployment"":""e6572e99-435a-4318-8085-a26955b8bae6"",""replica"":""bc280845-512d-4bab-ba8a-2b99bc9ab336""}",2026-04-03T03:52:44.022519198Z
[DB] Synced 3 accounts to database,info,"{""level"":""info""}","{""project"":""ce3616d9-58ad-4ec7-a294-1821e1564434"",""environment"":""fb6513d0-42a4-4660-82b5-509c54b15f2a"",""service"":""4978aa94-666c-47c7-8024-3ada55195a51"",""deployment"":""e6572e99-435a-4318-8085-a26955b8bae6"",""replica"":""bc280845-512d-4bab-ba8a-2b99bc9ab336""}",2026-04-03T03:53:14.333495004Z
2026-04-03 03:53:13 UTC - Services healthy,info,"{""level"":""info""}","{""project"":""ce3616d9-58ad-4ec7-a294-1821e1564434"",""environment"":""fb6513d0-42a4-4660-82b5-509c54b15f2a"",""service"":""4978aa94-666c-47c7-8024-3ada55195a51"",""deployment"":""e6572e99-435a-4318-8085-a26955b8bae6"",""replica"":""bc280845-512d-4bab-ba8a-2b99bc9ab336""}",2026-04-03T03:53:14.333499184Z
[DB] Synced 3 accounts to database,info,"{""level"":""info""}","{""project"":""ce3616d9-58ad-4ec7-a294-1821e1564434"",""environment"":""fb6513d0-42a4-4660-82b5-509c54b15f2a"",""service"":""4978aa94-666c-47c7-8024-3ada55195a51"",""deployment"":""e6572e99-435a-4318-8085-a26955b8bae6"",""replica"":""bc280845-512d-4bab-ba8a-2b99bc9ab336""}",2026-04-03T03:53:44.341680283Z
2026-04-03 03:53:43 UTC - Services healthy,info,"{""level"":""info""}","{""project"":""ce3616d9-58ad-4ec7-a294-1821e1564434"",""environment"":""fb6513d0-42a4-4660-82b5-509c54b15f2a"",""service"":""4978aa94-666c-47c7-8024-3ada55195a51"",""deployment"":""e6572e99-435a-4318-8085-a26955b8bae6"",""replica"":""bc280845-512d-4bab-ba8a-2b99bc9ab336""}",2026-04-03T03:53:44.341691382Z
[DB] Synced 3 accounts to database,info,"{""level"":""info""}","{""project"":""ce3616d9-58ad-4ec7-a294-1821e1564434"",""environment"":""fb6513d0-42a4-4660-82b5-509c54b15f2a"",""service"":""4978aa94-666c-47c7-8024-3ada55195a51"",""deployment"":""e6572e99-435a-4318-8085-a26955b8bae6"",""replica"":""bc280845-512d-4bab-ba8a-2b99bc9ab336""}",2026-04-03T03:54:14.272050604Z
2026-04-03 03:54:13 UTC - Services healthy,info,"{""level"":""info""}","{""project"":""ce3616d9-58ad-4ec7-a294-1821e1564434"",""environment"":""fb6513d0-42a4-4660-82b5-509c54b15f2a"",""service"":""4978aa94-666c-47c7-8024-3ada55195a51"",""deployment"":""e6572e99-435a-4318-8085-a26955b8bae6"",""replica"":""bc280845-512d-4bab-ba8a-2b99bc9ab336""}",2026-04-03T03:54:14.272055903Z
[DB] Synced 3 accounts to database,info,"{""level"":""info""}","{""project"":""ce3616d9-58ad-4ec7-a294-1821e1564434"",""environment"":""fb6513d0-42a4-4660-82b5-509c54b15f2a"",""service"":""4978aa94-666c-47c7-8024-3ada55195a51"",""deployment"":""e6572e99-435a-4318-8085-a26955b8bae6"",""replica"":""bc280845-512d-4bab-ba8a-2b99bc9ab336""}",2026-04-03T03:54:44.424525329Z
2026-04-03 03:54:43 UTC - Services healthy,info,"{""level"":""info""}","{""project"":""ce3616d9-58ad-4ec7-a294-1821e1564434"",""environment"":""fb6513d0-42a4-4660-82b5-509c54b15f2a"",""service"":""4978aa94-666c-47c7-8024-3ada55195a51"",""deployment"":""e6572e99-435a-4318-8085-a26955b8bae6"",""replica"":""bc280845-512d-4bab-ba8a-2b99bc9ab336""}",2026-04-03T03:54:44.424531098Z
[DB] Synced 3 accounts to database,info,"{""level"":""info""}","{""project"":""ce3616d9-58ad-4ec7-a294-1821e1564434"",""environment"":""fb6513d0-42a4-4660-82b5-509c54b15f2a"",""service"":""4978aa94-666c-47c7-8024-3ada55195a51"",""deployment"":""e6572e99-435a-4318-8085-a26955b8bae6"",""replica"":""bc280845-512d-4bab-ba8a-2b99bc9ab336""}",2026-04-03T03:55:14.199094063Z
2026-04-03 03:55:13 UTC - Services healthy,info,"{""level"":""info""}","{""project"":""ce3616d9-58ad-4ec7-a294-1821e1564434"",""environment"":""fb6513d0-42a4-4660-82b5-509c54b15f2a"",""service"":""4978aa94-666c-47c7-8024-3ada55195a51"",""deployment"":""e6572e99-435a-4318-8085-a26955b8bae6"",""replica"":""bc280845-512d-4bab-ba8a-2b99bc9ab336""}",2026-04-03T03:55:14.199098381Z
[DB] Synced 3 accounts to database,info,"{""level"":""info""}","{""project"":""ce3616d9-58ad-4ec7-a294-1821e1564434"",""environment"":""fb6513d0-42a4-4660-82b5-509c54b15f2a"",""service"":""4978aa94-666c-47c7-8024-3ada55195a51"",""deployment"":""e6572e99-435a-4318-8085-a26955b8bae6"",""replica"":""bc280845-512d-4bab-ba8a-2b99bc9ab336""}",2026-04-03T03:55:44.363120406Z
2026-04-03 03:55:43 UTC - Services healthy,info,"{""level"":""info""}","{""project"":""ce3616d9-58ad-4ec7-a294-1821e1564434"",""environment"":""fb6513d0-42a4-4660-82b5-509c54b15f2a"",""service"":""4978aa94-666c-47c7-8024-3ada55195a51"",""deployment"":""e6572e99-435a-4318-8085-a26955b8bae6"",""replica"":""bc280845-512d-4bab-ba8a-2b99bc9ab336""}",2026-04-03T03:55:44.363125937Z
[DB] Synced 3 accounts to database,info,"{""level"":""info""}","{""project"":""ce3616d9-58ad-4ec7-a294-1821e1564434"",""environment"":""fb6513d0-42a4-4660-82b5-509c54b15f2a"",""service"":""4978aa94-666c-47c7-8024-3ada55195a51"",""deployment"":""e6572e99-435a-4318-8085-a26955b8bae6"",""replica"":""bc280845-512d-4bab-ba8a-2b99bc9ab336""}",2026-04-03T03:56:14.331428604Z
2026-04-03 03:56:13 UTC - Services healthy,info,"{""level"":""info""}","{""project"":""ce3616d9-58ad-4ec7-a294-1821e1564434"",""environment"":""fb6513d0-42a4-4660-82b5-509c54b15f2a"",""service"":""4978aa94-666c-47c7-8024-3ada55195a51"",""deployment"":""e6572e99-435a-4318-8085-a26955b8bae6"",""replica"":""bc280845-512d-4bab-ba8a-2b99bc9ab336""}",2026-04-03T03:56:14.331434478Z
[DB] Synced 3 accounts to database,info,"{""level"":""info""}","{""project"":""ce3616d9-58ad-4ec7-a294-1821e1564434"",""environment"":""fb6513d0-42a4-4660-82b5-509c54b15f2a"",""service"":""4978aa94-666c-47c7-8024-3ada55195a51"",""deployment"":""e6572e99-435a-4318-8085-a26955b8bae6"",""replica"":""bc280845-512d-4bab-ba8a-2b99bc9ab336""}",2026-04-03T03:56:44.523630959Z
2026-04-03 03:56:43 UTC - Services healthy,info,"{""level"":""info""}","{""project"":""ce3616d9-58ad-4ec7-a294-1821e1564434"",""environment"":""fb6513d0-42a4-4660-82b5-509c54b15f2a"",""service"":""4978aa94-666c-47c7-8024-3ada55195a51"",""deployment"":""e6572e99-435a-4318-8085-a26955b8bae6"",""replica"":""bc280845-512d-4bab-ba8a-2b99bc9ab336""}",2026-04-03T03:56:44.523635647Z
[DB] Synced 3 accounts to database,info,"{""level"":""info""}","{""project"":""ce3616d9-58ad-4ec7-a294-1821e1564434"",""environment"":""fb6513d0-42a4-4660-82b5-509c54b15f2a"",""service"":""4978aa94-666c-47c7-8024-3ada55195a51"",""deployment"":""e6572e99-435a-4318-8085-a26955b8bae6"",""replica"":""bc280845-512d-4bab-ba8a-2b99bc9ab336""}",2026-04-03T03:57:14.378258275Z
2026-04-03 03:57:13 UTC - Services healthy,info,"{""level"":""info""}","{""project"":""ce3616d9-58ad-4ec7-a294-1821e1564434"",""environment"":""fb6513d0-42a4-4660-82b5-509c54b15f2a"",""service"":""4978aa94-666c-47c7-8024-3ada55195a51"",""deployment"":""e6572e99-435a-4318-8085-a26955b8bae6"",""replica"":""bc280845-512d-4bab-ba8a-2b99bc9ab336""}",2026-04-03T03:57:14.378263243Z
2026-04-03 03:57:43 UTC - Services healthy,info,"{""level"":""info""}","{""project"":""ce3616d9-58ad-4ec7-a294-1821e1564434"",""environment"":""fb6513d0-42a4-4660-82b5-509c54b15f2a"",""service"":""4978aa94-666c-47c7-8024-3ada55195a51"",""deployment"":""e6572e99-435a-4318-8085-a26955b8bae6"",""replica"":""bc280845-512d-4bab-ba8a-2b99bc9ab336""}",2026-04-03T03:57:44.494050751Z
[DB] Synced 3 accounts to database,info,"{""level"":""info""}","{""project"":""ce3616d9-58ad-4ec7-a294-1821e1564434"",""environment"":""fb6513d0-42a4-4660-82b5-509c54b15f2a"",""service"":""4978aa94-666c-47c7-8024-3ada55195a51"",""deployment"":""e6572e99-435a-4318-8085-a26955b8bae6"",""replica"":""bc280845-512d-4bab-ba8a-2b99bc9ab336""}",2026-04-03T03:57:44.494201834Z
[DB] Synced 3 accounts to database,info,"{""level"":""info""}","{""project"":""ce3616d9-58ad-4ec7-a294-1821e1564434"",""environment"":""fb6513d0-42a4-4660-82b5-509c54b15f2a"",""service"":""4978aa94-666c-47c7-8024-3ada55195a51"",""deployment"":""e6572e99-435a-4318-8085-a26955b8bae6"",""replica"":""bc280845-512d-4bab-ba8a-2b99bc9ab336""}",2026-04-03T03:58:14.376450673Z
2026-04-03 03:58:13 UTC - Services healthy,info,"{""level"":""info""}","{""project"":""ce3616d9-58ad-4ec7-a294-1821e1564434"",""environment"":""fb6513d0-42a4-4660-82b5-509c54b15f2a"",""service"":""4978aa94-666c-47c7-8024-3ada55195a51"",""deployment"":""e6572e99-435a-4318-8085-a26955b8bae6"",""replica"":""bc280845-512d-4bab-ba8a-2b99bc9ab336""}",2026-04-03T03:58:14.376455563Z
[DB] Synced 3 accounts to database,info,"{""level"":""info""}","{""project"":""ce3616d9-58ad-4ec7-a294-1821e1564434"",""environment"":""fb6513d0-42a4-4660-82b5-509c54b15f2a"",""service"":""4978aa94-666c-47c7-8024-3ada55195a51"",""deployment"":""e6572e99-435a-4318-8085-a26955b8bae6"",""replica"":""bc280845-512d-4bab-ba8a-2b99bc9ab336""}",2026-04-03T03:58:44.312731109Z
2026-04-03 03:58:43 UTC - Services healthy,info,"{""level"":""info""}","{""project"":""ce3616d9-58ad-4ec7-a294-1821e1564434"",""environment"":""fb6513d0-42a4-4660-82b5-509c54b15f2a"",""service"":""4978aa94-666c-47c7-8024-3ada55195a51"",""deployment"":""e6572e99-435a-4318-8085-a26955b8bae6"",""replica"":""bc280845-512d-4bab-ba8a-2b99bc9ab336""}",2026-04-03T03:58:44.312735417Z
[DB] Synced 3 accounts to database,info,"{""level"":""info""}","{""project"":""ce3616d9-58ad-4ec7-a294-1821e1564434"",""environment"":""fb6513d0-42a4-4660-82b5-509c54b15f2a"",""service"":""4978aa94-666c-47c7-8024-3ada55195a51"",""deployment"":""e6572e99-435a-4318-8085-a26955b8bae6"",""replica"":""bc280845-512d-4bab-ba8a-2b99bc9ab336""}",2026-04-03T03:59:13.823531253Z
2026-04-03 03:59:13 UTC - Services healthy,info,"{""level"":""info""}","{""project"":""ce3616d9-58ad-4ec7-a294-1821e1564434"",""environment"":""fb6513d0-42a4-4660-82b5-509c54b15f2a"",""service"":""4978aa94-666c-47c7-8024-3ada55195a51"",""deployment"":""e6572e99-435a-4318-8085-a26955b8bae6"",""replica"":""bc280845-512d-4bab-ba8a-2b99bc9ab336""}",2026-04-03T03:59:13.823543542Z
[DB] Synced 3 accounts to database,info,"{""level"":""info""}","{""project"":""ce3616d9-58ad-4ec7-a294-1821e1564434"",""environment"":""fb6513d0-42a4-4660-82b5-509c54b15f2a"",""service"":""4978aa94-666c-47c7-8024-3ada55195a51"",""deployment"":""e6572e99-435a-4318-8085-a26955b8bae6"",""replica"":""bc280845-512d-4bab-ba8a-2b99bc9ab336""}",2026-04-03T03:59:43.487373620Z
2026-04-03 03:59:43 UTC - Services healthy,info,"{""level"":""info""}","{""project"":""ce3616d9-58ad-4ec7-a294-1821e1564434"",""environment"":""fb6513d0-42a4-4660-82b5-509c54b15f2a"",""service"":""4978aa94-666c-47c7-8024-3ada55195a51"",""deployment"":""e6572e99-435a-4318-8085-a26955b8bae6"",""replica"":""bc280845-512d-4bab-ba8a-2b99bc9ab336""}",2026-04-03T03:59:43.487380159Z
[DB] Synced 3 accounts to database,info,"{""level"":""info""}","{""project"":""ce3616d9-58ad-4ec7-a294-1821e1564434"",""environment"":""fb6513d0-42a4-4660-82b5-509c54b15f2a"",""service"":""4978aa94-666c-47c7-8024-3ada55195a51"",""deployment"":""e6572e99-435a-4318-8085-a26955b8bae6"",""replica"":""bc280845-512d-4bab-ba8a-2b99bc9ab336""}",2026-04-03T04:00:13.646229613Z
2026-04-03 04:00:13 UTC - Services healthy,info,"{""level"":""info""}","{""project"":""ce3616d9-58ad-4ec7-a294-1821e1564434"",""environment"":""fb6513d0-42a4-4660-82b5-509c54b15f2a"",""service"":""4978aa94-666c-47c7-8024-3ada55195a51"",""deployment"":""e6572e99-435a-4318-8085-a26955b8bae6"",""replica"":""bc280845-512d-4bab-ba8a-2b99bc9ab336""}",2026-04-03T04:00:13.646236389Z
[DB] Synced 3 accounts to database,info,"{""level"":""info""}","{""project"":""ce3616d9-58ad-4ec7-a294-1821e1564434"",""environment"":""fb6513d0-42a4-4660-82b5-509c54b15f2a"",""service"":""4978aa94-666c-47c7-8024-3ada55195a51"",""deployment"":""e6572e99-435a-4318-8085-a26955b8bae6"",""replica"":""bc280845-512d-4bab-ba8a-2b99bc9ab336""}",2026-04-03T04:00:43.511008932Z
2026-04-03 04:00:43 UTC - Services healthy,info,"{""level"":""info""}","{""project"":""ce3616d9-58ad-4ec7-a294-1821e1564434"",""environment"":""fb6513d0-42a4-4660-82b5-509c54b15f2a"",""service"":""4978aa94-666c-47c7-8024-3ada55195a51"",""deployment"":""e6572e99-435a-4318-8085-a26955b8bae6"",""replica"":""bc280845-512d-4bab-ba8a-2b99bc9ab336""}",2026-04-03T04:00:43.511015394Z
[DB] Synced 3 accounts to database,info,"{""level"":""info""}","{""project"":""ce3616d9-58ad-4ec7-a294-1821e1564434"",""environment"":""fb6513d0-42a4-4660-82b5-509c54b15f2a"",""service"":""4978aa94-666c-47c7-8024-3ada55195a51"",""deployment"":""e6572e99-435a-4318-8085-a26955b8bae6"",""replica"":""bc280845-512d-4bab-ba8a-2b99bc9ab336""}",2026-04-03T04:01:13.785655261Z
2026-04-03 04:01:13 UTC - Services healthy,info,"{""level"":""info""}","{""project"":""ce3616d9-58ad-4ec7-a294-1821e1564434"",""environment"":""fb6513d0-42a4-4660-82b5-509c54b15f2a"",""service"":""4978aa94-666c-47c7-8024-3ada55195a51"",""deployment"":""e6572e99-435a-4318-8085-a26955b8bae6"",""replica"":""bc280845-512d-4bab-ba8a-2b99bc9ab336""}",2026-04-03T04:01:13.785660341Z
[DB] Synced 3 accounts to database,info,"{""level"":""info""}","{""project"":""ce3616d9-58ad-4ec7-a294-1821e1564434"",""environment"":""fb6513d0-42a4-4660-82b5-509c54b15f2a"",""service"":""4978aa94-666c-47c7-8024-3ada55195a51"",""deployment"":""e6572e99-435a-4318-8085-a26955b8bae6"",""replica"":""bc280845-512d-4bab-ba8a-2b99bc9ab336""}",2026-04-03T04:01:43.685584519Z
2026-04-03 04:01:43 UTC - Services healthy,info,"{""level"":""info""}","{""project"":""ce3616d9-58ad-4ec7-a294-1821e1564434"",""environment"":""fb6513d0-42a4-4660-82b5-509c54b15f2a"",""service"":""4978aa94-666c-47c7-8024-3ada55195a51"",""deployment"":""e6572e99-435a-4318-8085-a26955b8bae6"",""replica"":""bc280845-512d-4bab-ba8a-2b99bc9ab336""}",2026-04-03T04:01:43.685589372Z
[DB] Synced 3 accounts to database,info,"{""level"":""info""}","{""project"":""ce3616d9-58ad-4ec7-a294-1821e1564434"",""environment"":""fb6513d0-42a4-4660-82b5-509c54b15f2a"",""service"":""4978aa94-666c-47c7-8024-3ada55195a51"",""deployment"":""e6572e99-435a-4318-8085-a26955b8bae6"",""replica"":""bc280845-512d-4bab-ba8a-2b99bc9ab336""}",2026-04-03T04:02:13.720792569Z
2026-04-03 04:02:13 UTC - Services healthy,info,"{""level"":""info""}","{""project"":""ce3616d9-58ad-4ec7-a294-1821e1564434"",""environment"":""fb6513d0-42a4-4660-82b5-509c54b15f2a"",""service"":""4978aa94-666c-47c7-8024-3ada55195a51"",""deployment"":""e6572e99-435a-4318-8085-a26955b8bae6"",""replica"":""bc280845-512d-4bab-ba8a-2b99bc9ab336""}",2026-04-03T04:02:13.720798873Z
[DB] Synced 3 accounts to database,info,"{""level"":""info""}","{""project"":""ce3616d9-58ad-4ec7-a294-1821e1564434"",""environment"":""fb6513d0-42a4-4660-82b5-509c54b15f2a"",""service"":""4978aa94-666c-47c7-8024-3ada55195a51"",""deployment"":""e6572e99-435a-4318-8085-a26955b8bae6"",""replica"":""bc280845-512d-4bab-ba8a-2b99bc9ab336""}",2026-04-03T04:02:43.990839598Z
2026-04-03 04:02:43 UTC - Services healthy,info,"{""level"":""info""}","{""project"":""ce3616d9-58ad-4ec7-a294-1821e1564434"",""environment"":""fb6513d0-42a4-4660-82b5-509c54b15f2a"",""service"":""4978aa94-666c-47c7-8024-3ada55195a51"",""deployment"":""e6572e99-435a-4318-8085-a26955b8bae6"",""replica"":""bc280845-512d-4bab-ba8a-2b99bc9ab336""}",2026-04-03T04:02:43.990848039Z
[DB] Synced 3 accounts to database,info,"{""level"":""info""}","{""project"":""ce3616d9-58ad-4ec7-a294-1821e1564434"",""environment"":""fb6513d0-42a4-4660-82b5-509c54b15f2a"",""service"":""4978aa94-666c-47c7-8024-3ada55195a51"",""deployment"":""e6572e99-435a-4318-8085-a26955b8bae6"",""replica"":""bc280845-512d-4bab-ba8a-2b99bc9ab336""}",2026-04-03T04:03:13.827015516Z
2026-04-03 04:03:13 UTC - Services healthy,info,"{""level"":""info""}","{""project"":""ce3616d9-58ad-4ec7-a294-1821e1564434"",""environment"":""fb6513d0-42a4-4660-82b5-509c54b15f2a"",""service"":""4978aa94-666c-47c7-8024-3ada55195a51"",""deployment"":""e6572e99-435a-4318-8085-a26955b8bae6"",""replica"":""bc280845-512d-4bab-ba8a-2b99bc9ab336""}",2026-04-03T04:03:13.827023926Z
[DB] Synced 3 accounts to database,info,"{""level"":""info""}","{""project"":""ce3616d9-58ad-4ec7-a294-1821e1564434"",""environment"":""fb6513d0-42a4-4660-82b5-509c54b15f2a"",""service"":""4978aa94-666c-47c7-8024-3ada55195a51"",""deployment"":""e6572e99-435a-4318-8085-a26955b8bae6"",""replica"":""bc280845-512d-4bab-ba8a-2b99bc9ab336""}",2026-04-03T04:03:43.602331728Z
2026-04-03 04:03:43 UTC - Services healthy,info,"{""level"":""info""}","{""project"":""ce3616d9-58ad-4ec7-a294-1821e1564434"",""environment"":""fb6513d0-42a4-4660-82b5-509c54b15f2a"",""service"":""4978aa94-666c-47c7-8024-3ada55195a51"",""deployment"":""e6572e99-435a-4318-8085-a26955b8bae6"",""replica"":""bc280845-512d-4bab-ba8a-2b99bc9ab336""}",2026-04-03T04:03:43.602340321Z
[DB] Synced 3 accounts to database,info,"{""level"":""info""}","{""project"":""ce3616d9-58ad-4ec7-a294-1821e1564434"",""environment"":""fb6513d0-42a4-4660-82b5-509c54b15f2a"",""service"":""4978aa94-666c-47c7-8024-3ada55195a51"",""deployment"":""e6572e99-435a-4318-8085-a26955b8bae6"",""replica"":""bc280845-512d-4bab-ba8a-2b99bc9ab336""}",2026-04-03T04:04:13.862358869Z
2026-04-03 04:04:13 UTC - Services healthy,info,"{""level"":""info""}","{""project"":""ce3616d9-58ad-4ec7-a294-1821e1564434"",""environment"":""fb6513d0-42a4-4660-82b5-509c54b15f2a"",""service"":""4978aa94-666c-47c7-8024-3ada55195a51"",""deployment"":""e6572e99-435a-4318-8085-a26955b8bae6"",""replica"":""bc280845-512d-4bab-ba8a-2b99bc9ab336""}",2026-04-03T04:04:13.862365361Z
[DB] Synced 3 accounts to database,info,"{""level"":""info""}","{""project"":""ce3616d9-58ad-4ec7-a294-1821e1564434"",""environment"":""fb6513d0-42a4-4660-82b5-509c54b15f2a"",""service"":""4978aa94-666c-47c7-8024-3ada55195a51"",""deployment"":""e6572e99-435a-4318-8085-a26955b8bae6"",""replica"":""bc280845-512d-4bab-ba8a-2b99bc9ab336""}",2026-04-03T04:04:43.872163658Z
2026-04-03 04:04:43 UTC - Services healthy,info,"{""level"":""info""}","{""project"":""ce3616d9-58ad-4ec7-a294-1821e1564434"",""environment"":""fb6513d0-42a4-4660-82b5-509c54b15f2a"",""service"":""4978aa94-666c-47c7-8024-3ada55195a51"",""deployment"":""e6572e99-435a-4318-8085-a26955b8bae6"",""replica"":""bc280845-512d-4bab-ba8a-2b99bc9ab336""}",2026-04-03T04:04:43.872168803Z
2026-04-03 04:05:13 UTC - Services healthy,info,"{""level"":""info""}","{""project"":""ce3616d9-58ad-4ec7-a294-1821e1564434"",""environment"":""fb6513d0-42a4-4660-82b5-509c54b15f2a"",""service"":""4978aa94-666c-47c7-8024-3ada55195a51"",""deployment"":""e6572e99-435a-4318-8085-a26955b8bae6"",""replica"":""bc280845-512d-4bab-ba8a-2b99bc9ab336""}",2026-04-03T04:05:14.139151062Z
[DB] Synced 3 accounts to database,info,"{""level"":""info""}","{""project"":""ce3616d9-58ad-4ec7-a294-1821e1564434"",""environment"":""fb6513d0-42a4-4660-82b5-509c54b15f2a"",""service"":""4978aa94-666c-47c7-8024-3ada55195a51"",""deployment"":""e6572e99-435a-4318-8085-a26955b8bae6"",""replica"":""bc280845-512d-4bab-ba8a-2b99bc9ab336""}",2026-04-03T04:05:14.139188191Z
[DB] Synced 3 accounts to database,info,"{""level"":""info""}","{""project"":""ce3616d9-58ad-4ec7-a294-1821e1564434"",""environment"":""fb6513d0-42a4-4660-82b5-509c54b15f2a"",""service"":""4978aa94-666c-47c7-8024-3ada55195a51"",""deployment"":""e6572e99-435a-4318-8085-a26955b8bae6"",""replica"":""bc280845-512d-4bab-ba8a-2b99bc9ab336""}",2026-04-03T04:05:44.127909852Z
2026-04-03 04:05:43 UTC - Services healthy,info,"{""level"":""info""}","{""project"":""ce3616d9-58ad-4ec7-a294-1821e1564434"",""environment"":""fb6513d0-42a4-4660-82b5-509c54b15f2a"",""service"":""4978aa94-666c-47c7-8024-3ada55195a51"",""deployment"":""e6572e99-435a-4318-8085-a26955b8bae6"",""replica"":""bc280845-512d-4bab-ba8a-2b99bc9ab336""}",2026-04-03T04:05:44.127918972Z
[DB] Synced 3 accounts to database,info,"{""level"":""info""}","{""project"":""ce3616d9-58ad-4ec7-a294-1821e1564434"",""environment"":""fb6513d0-42a4-4660-82b5-509c54b15f2a"",""service"":""4978aa94-666c-47c7-8024-3ada55195a51"",""deployment"":""e6572e99-435a-4318-8085-a26955b8bae6"",""replica"":""bc280845-512d-4bab-ba8a-2b99bc9ab336""}",2026-04-03T04:06:14.118720930Z
2026-04-03 04:06:13 UTC - Services healthy,info,"{""level"":""info""}","{""project"":""ce3616d9-58ad-4ec7-a294-1821e1564434"",""environment"":""fb6513d0-42a4-4660-82b5-509c54b15f2a"",""service"":""4978aa94-666c-47c7-8024-3ada55195a51"",""deployment"":""e6572e99-435a-4318-8085-a26955b8bae6"",""replica"":""bc280845-512d-4bab-ba8a-2b99bc9ab336""}",2026-04-03T04:06:14.118725848Z
[DB] Synced 3 accounts to database,info,"{""level"":""info""}","{""project"":""ce3616d9-58ad-4ec7-a294-1821e1564434"",""environment"":""fb6513d0-42a4-4660-82b5-509c54b15f2a"",""service"":""4978aa94-666c-47c7-8024-3ada55195a51"",""deployment"":""e6572e99-435a-4318-8085-a26955b8bae6"",""replica"":""bc280845-512d-4bab-ba8a-2b99bc9ab336""}",2026-04-03T04:06:44.319461280Z
2026-04-03 04:06:43 UTC - Services healthy,info,"{""level"":""info""}","{""project"":""ce3616d9-58ad-4ec7-a294-1821e1564434"",""environment"":""fb6513d0-42a4-4660-82b5-509c54b15f2a"",""service"":""4978aa94-666c-47c7-8024-3ada55195a51"",""deployment"":""e6572e99-435a-4318-8085-a26955b8bae6"",""replica"":""bc280845-512d-4bab-ba8a-2b99bc9ab336""}",2026-04-03T04:06:44.319468258Z
[DB] Synced 3 accounts to database,info,"{""level"":""info""}","{""project"":""ce3616d9-58ad-4ec7-a294-1821e1564434"",""environment"":""fb6513d0-42a4-4660-82b5-509c54b15f2a"",""service"":""4978aa94-666c-47c7-8024-3ada55195a51"",""deployment"":""e6572e99-435a-4318-8085-a26955b8bae6"",""replica"":""bc280845-512d-4bab-ba8a-2b99bc9ab336""}",2026-04-03T04:07:14.050023323Z
2026-04-03 04:07:13 UTC - Services healthy,info,"{""level"":""info""}","{""project"":""ce3616d9-58ad-4ec7-a294-1821e1564434"",""environment"":""fb6513d0-42a4-4660-82b5-509c54b15f2a"",""service"":""4978aa94-666c-47c7-8024-3ada55195a51"",""deployment"":""e6572e99-435a-4318-8085-a26955b8bae6"",""replica"":""bc280845-512d-4bab-ba8a-2b99bc9ab336""}",2026-04-03T04:07:14.050035690Z
[DB] Synced 3 accounts to database,info,"{""level"":""info""}","{""project"":""ce3616d9-58ad-4ec7-a294-1821e1564434"",""environment"":""fb6513d0-42a4-4660-82b5-509c54b15f2a"",""service"":""4978aa94-666c-47c7-8024-3ada55195a51"",""deployment"":""e6572e99-435a-4318-8085-a26955b8bae6"",""replica"":""bc280845-512d-4bab-ba8a-2b99bc9ab336""}",2026-04-03T04:07:44.145569817Z
2026-04-03 04:07:43 UTC - Services healthy,info,"{""level"":""info""}","{""project"":""ce3616d9-58ad-4ec7-a294-1821e1564434"",""environment"":""fb6513d0-42a4-4660-82b5-509c54b15f2a"",""service"":""4978aa94-666c-47c7-8024-3ada55195a51"",""deployment"":""e6572e99-435a-4318-8085-a26955b8bae6"",""replica"":""bc280845-512d-4bab-ba8a-2b99bc9ab336""}",2026-04-03T04:07:44.145576869Z
[DB] Synced 3 accounts to database,info,"{""level"":""info""}","{""project"":""ce3616d9-58ad-4ec7-a294-1821e1564434"",""environment"":""fb6513d0-42a4-4660-82b5-509c54b15f2a"",""service"":""4978aa94-666c-47c7-8024-3ada55195a51"",""deployment"":""e6572e99-435a-4318-8085-a26955b8bae6"",""replica"":""bc280845-512d-4bab-ba8a-2b99bc9ab336""}",2026-04-03T04:08:14.029766574Z
2026-04-03 04:08:13 UTC - Services healthy,info,"{""level"":""info""}","{""project"":""ce3616d9-58ad-4ec7-a294-1821e1564434"",""environment"":""fb6513d0-42a4-4660-82b5-509c54b15f2a"",""service"":""4978aa94-666c-47c7-8024-3ada55195a51"",""deployment"":""e6572e99-435a-4318-8085-a26955b8bae6"",""replica"":""bc280845-512d-4bab-ba8a-2b99bc9ab336""}",2026-04-03T04:08:14.029773472Z
[DB] Synced 3 accounts to database,info,"{""level"":""info""}","{""project"":""ce3616d9-58ad-4ec7-a294-1821e1564434"",""environment"":""fb6513d0-42a4-4660-82b5-509c54b15f2a"",""service"":""4978aa94-666c-47c7-8024-3ada55195a51"",""deployment"":""e6572e99-435a-4318-8085-a26955b8bae6"",""replica"":""bc280845-512d-4bab-ba8a-2b99bc9ab336""}",2026-04-03T04:08:44.031606262Z
2026-04-03 04:08:43 UTC - Services healthy,info,"{""level"":""info""}","{""project"":""ce3616d9-58ad-4ec7-a294-1821e1564434"",""environment"":""fb6513d0-42a4-4660-82b5-509c54b15f2a"",""service"":""4978aa94-666c-47c7-8024-3ada55195a51"",""deployment"":""e6572e99-435a-4318-8085-a26955b8bae6"",""replica"":""bc280845-512d-4bab-ba8a-2b99bc9ab336""}",2026-04-03T04:08:44.031612580Z
[DB] Synced 3 accounts to database,info,"{""level"":""info""}","{""project"":""ce3616d9-58ad-4ec7-a294-1821e1564434"",""environment"":""fb6513d0-42a4-4660-82b5-509c54b15f2a"",""service"":""4978aa94-666c-47c7-8024-3ada55195a51"",""deployment"":""e6572e99-435a-4318-8085-a26955b8bae6"",""replica"":""bc280845-512d-4bab-ba8a-2b99bc9ab336""}",2026-04-03T04:09:14.048983203Z
2026-04-03 04:09:13 UTC - Services healthy,info,"{""level"":""info""}","{""project"":""ce3616d9-58ad-4ec7-a294-1821e1564434"",""environment"":""fb6513d0-42a4-4660-82b5-509c54b15f2a"",""service"":""4978aa94-666c-47c7-8024-3ada55195a51"",""deployment"":""e6572e99-435a-4318-8085-a26955b8bae6"",""replica"":""bc280845-512d-4bab-ba8a-2b99bc9ab336""}",2026-04-03T04:09:14.048987805Z
2026-04-03 04:09:43 UTC - Services healthy,info,"{""level"":""info""}","{""project"":""ce3616d9-58ad-4ec7-a294-1821e1564434"",""environment"":""fb6513d0-42a4-4660-82b5-509c54b15f2a"",""service"":""4978aa94-666c-47c7-8024-3ada55195a51"",""deployment"":""e6572e99-435a-4318-8085-a26955b8bae6"",""replica"":""bc280845-512d-4bab-ba8a-2b99bc9ab336""}",2026-04-03T04:09:44.145393661Z
[DB] Synced 3 accounts to database,info,"{""level"":""info""}","{""project"":""ce3616d9-58ad-4ec7-a294-1821e1564434"",""environment"":""fb6513d0-42a4-4660-82b5-509c54b15f2a"",""service"":""4978aa94-666c-47c7-8024-3ada55195a51"",""deployment"":""e6572e99-435a-4318-8085-a26955b8bae6"",""replica"":""bc280845-512d-4bab-ba8a-2b99bc9ab336""}",2026-04-03T04:09:44.145535772Z
[DB] Synced 3 accounts to database,info,"{""level"":""info""}","{""project"":""ce3616d9-58ad-4ec7-a294-1821e1564434"",""environment"":""fb6513d0-42a4-4660-82b5-509c54b15f2a"",""service"":""4978aa94-666c-47c7-8024-3ada55195a51"",""deployment"":""e6572e99-435a-4318-8085-a26955b8bae6"",""replica"":""bc280845-512d-4bab-ba8a-2b99bc9ab336""}",2026-04-03T04:10:14.064469729Z
2026-04-03 04:10:13 UTC - Services healthy,info,"{""level"":""info""}","{""project"":""ce3616d9-58ad-4ec7-a294-1821e1564434"",""environment"":""fb6513d0-42a4-4660-82b5-509c54b15f2a"",""service"":""4978aa94-666c-47c7-8024-3ada55195a51"",""deployment"":""e6572e99-435a-4318-8085-a26955b8bae6"",""replica"":""bc280845-512d-4bab-ba8a-2b99bc9ab336""}",2026-04-03T04:10:14.064485611Z
[DB] Synced 3 accounts to database,info,"{""level"":""info""}","{""project"":""ce3616d9-58ad-4ec7-a294-1821e1564434"",""environment"":""fb6513d0-42a4-4660-82b5-509c54b15f2a"",""service"":""4978aa94-666c-47c7-8024-3ada55195a51"",""deployment"":""e6572e99-435a-4318-8085-a26955b8bae6"",""replica"":""bc280845-512d-4bab-ba8a-2b99bc9ab336""}",2026-04-03T04:10:44.031002475Z
2026-04-03 04:10:43 UTC - Services healthy,info,"{""level"":""info""}","{""project"":""ce3616d9-58ad-4ec7-a294-1821e1564434"",""environment"":""fb6513d0-42a4-4660-82b5-509c54b15f2a"",""service"":""4978aa94-666c-47c7-8024-3ada55195a51"",""deployment"":""e6572e99-435a-4318-8085-a26955b8bae6"",""replica"":""bc280845-512d-4bab-ba8a-2b99bc9ab336""}",2026-04-03T04:10:44.031008109Z
[DB] Synced 3 accounts to database,info,"{""level"":""info""}","{""project"":""ce3616d9-58ad-4ec7-a294-1821e1564434"",""environment"":""fb6513d0-42a4-4660-82b5-509c54b15f2a"",""service"":""4978aa94-666c-47c7-8024-3ada55195a51"",""deployment"":""e6572e99-435a-4318-8085-a26955b8bae6"",""replica"":""bc280845-512d-4bab-ba8a-2b99bc9ab336""}",2026-04-03T04:11:13.809140453Z
2026-04-03 04:11:13 UTC - Services healthy,info,"{""level"":""info""}","{""project"":""ce3616d9-58ad-4ec7-a294-1821e1564434"",""environment"":""fb6513d0-42a4-4660-82b5-509c54b15f2a"",""service"":""4978aa94-666c-47c7-8024-3ada55195a51"",""deployment"":""e6572e99-435a-4318-8085-a26955b8bae6"",""replica"":""bc280845-512d-4bab-ba8a-2b99bc9ab336""}",2026-04-03T04:11:13.809150670Z
[DB] Synced 3 accounts to database,info,"{""level"":""info""}","{""project"":""ce3616d9-58ad-4ec7-a294-1821e1564434"",""environment"":""fb6513d0-42a4-4660-82b5-509c54b15f2a"",""service"":""4978aa94-666c-47c7-8024-3ada55195a51"",""deployment"":""e6572e99-435a-4318-8085-a26955b8bae6"",""replica"":""bc280845-512d-4bab-ba8a-2b99bc9ab336""}",2026-04-03T04:11:43.964494498Z
2026-04-03 04:11:43 UTC - Services healthy,info,"{""level"":""info""}","{""project"":""ce3616d9-58ad-4ec7-a294-1821e1564434"",""environment"":""fb6513d0-42a4-4660-82b5-509c54b15f2a"",""service"":""4978aa94-666c-47c7-8024-3ada55195a51"",""deployment"":""e6572e99-435a-4318-8085-a26955b8bae6"",""replica"":""bc280845-512d-4bab-ba8a-2b99bc9ab336""}",2026-04-03T04:11:43.964499630Z
[DB] Synced 3 accounts to database,info,"{""level"":""info""}","{""project"":""ce3616d9-58ad-4ec7-a294-1821e1564434"",""environment"":""fb6513d0-42a4-4660-82b5-509c54b15f2a"",""service"":""4978aa94-666c-47c7-8024-3ada55195a51"",""deployment"":""e6572e99-435a-4318-8085-a26955b8bae6"",""replica"":""bc280845-512d-4bab-ba8a-2b99bc9ab336""}",2026-04-03T04:12:13.749557461Z
2026-04-03 04:12:13 UTC - Services healthy,info,"{""level"":""info""}","{""project"":""ce3616d9-58ad-4ec7-a294-1821e1564434"",""environment"":""fb6513d0-42a4-4660-82b5-509c54b15f2a"",""service"":""4978aa94-666c-47c7-8024-3ada55195a51"",""deployment"":""e6572e99-435a-4318-8085-a26955b8bae6"",""replica"":""bc280845-512d-4bab-ba8a-2b99bc9ab336""}",2026-04-03T04:12:13.749564853Z
[DB] Synced 3 accounts to database,info,"{""level"":""info""}","{""project"":""ce3616d9-58ad-4ec7-a294-1821e1564434"",""environment"":""fb6513d0-42a4-4660-82b5-509c54b15f2a"",""service"":""4978aa94-666c-47c7-8024-3ada55195a51"",""deployment"":""e6572e99-435a-4318-8085-a26955b8bae6"",""replica"":""bc280845-512d-4bab-ba8a-2b99bc9ab336""}",2026-04-03T04:12:43.490611833Z
2026-04-03 04:12:43 UTC - Services healthy,info,"{""level"":""info""}","{""project"":""ce3616d9-58ad-4ec7-a294-1821e1564434"",""environment"":""fb6513d0-42a4-4660-82b5-509c54b15f2a"",""service"":""4978aa94-666c-47c7-8024-3ada55195a51"",""deployment"":""e6572e99-435a-4318-8085-a26955b8bae6"",""replica"":""bc280845-512d-4bab-ba8a-2b99bc9ab336""}",2026-04-03T04:12:43.558448715Z
[DB] Synced 3 accounts to database,info,"{""level"":""info""}","{""project"":""ce3616d9-58ad-4ec7-a294-1821e1564434"",""environment"":""fb6513d0-42a4-4660-82b5-509c54b15f2a"",""service"":""4978aa94-666c-47c7-8024-3ada55195a51"",""deployment"":""e6572e99-435a-4318-8085-a26955b8bae6"",""replica"":""bc280845-512d-4bab-ba8a-2b99bc9ab336""}",2026-04-03T04:13:13.673749157Z
2026-04-03 04:13:13 UTC - Services healthy,info,"{""level"":""info""}","{""project"":""ce3616d9-58ad-4ec7-a294-1821e1564434"",""environment"":""fb6513d0-42a4-4660-82b5-509c54b15f2a"",""service"":""4978aa94-666c-47c7-8024-3ada55195a51"",""deployment"":""e6572e99-435a-4318-8085-a26955b8bae6"",""replica"":""bc280845-512d-4bab-ba8a-2b99bc9ab336""}",2026-04-03T04:13:13.673753901Z
[DB] Synced 3 accounts to database,info,"{""level"":""info""}","{""project"":""ce3616d9-58ad-4ec7-a294-1821e1564434"",""environment"":""fb6513d0-42a4-4660-82b5-509c54b15f2a"",""service"":""4978aa94-666c-47c7-8024-3ada55195a51"",""deployment"":""e6572e99-435a-4318-8085-a26955b8bae6"",""replica"":""bc280845-512d-4bab-ba8a-2b99bc9ab336""}",2026-04-03T04:13:43.487503402Z
2026-04-03 04:13:43 UTC - Services healthy,info,"{""level"":""info""}","{""project"":""ce3616d9-58ad-4ec7-a294-1821e1564434"",""environment"":""fb6513d0-42a4-4660-82b5-509c54b15f2a"",""service"":""4978aa94-666c-47c7-8024-3ada55195a51"",""deployment"":""e6572e99-435a-4318-8085-a26955b8bae6"",""replica"":""bc280845-512d-4bab-ba8a-2b99bc9ab336""}",2026-04-03T04:13:43.572875050Z
[DB] Synced 3 accounts to database,info,"{""level"":""info""}","{""project"":""ce3616d9-58ad-4ec7-a294-1821e1564434"",""environment"":""fb6513d0-42a4-4660-82b5-509c54b15f2a"",""service"":""4978aa94-666c-47c7-8024-3ada55195a51"",""deployment"":""e6572e99-435a-4318-8085-a26955b8bae6"",""replica"":""bc280845-512d-4bab-ba8a-2b99bc9ab336""}",2026-04-03T04:14:13.599016857Z
2026-04-03 04:14:13 UTC - Services healthy,info,"{""level"":""info""}","{""project"":""ce3616d9-58ad-4ec7-a294-1821e1564434"",""environment"":""fb6513d0-42a4-4660-82b5-509c54b15f2a"",""service"":""4978aa94-666c-47c7-8024-3ada55195a51"",""deployment"":""e6572e99-435a-4318-8085-a26955b8bae6"",""replica"":""bc280845-512d-4bab-ba8a-2b99bc9ab336""}",2026-04-03T04:14:13.599025717Z
[DB] Synced 3 accounts to database,info,"{""level"":""info""}","{""project"":""ce3616d9-58ad-4ec7-a294-1821e1564434"",""environment"":""fb6513d0-42a4-4660-82b5-509c54b15f2a"",""service"":""4978aa94-666c-47c7-8024-3ada55195a51"",""deployment"":""e6572e99-435a-4318-8085-a26955b8bae6"",""replica"":""bc280845-512d-4bab-ba8a-2b99bc9ab336""}",2026-04-03T04:14:43.402833898Z
2026-04-03 04:14:43 UTC - Services healthy,info,"{""level"":""info""}","{""project"":""ce3616d9-58ad-4ec7-a294-1821e1564434"",""environment"":""fb6513d0-42a4-4660-82b5-509c54b15f2a"",""service"":""4978aa94-666c-47c7-8024-3ada55195a51"",""deployment"":""e6572e99-435a-4318-8085-a26955b8bae6"",""replica"":""bc280845-512d-4bab-ba8a-2b99bc9ab336""}",2026-04-03T04:14:43.575605541Z
[DB] Synced 3 accounts to database,info,"{""level"":""info""}","{""project"":""ce3616d9-58ad-4ec7-a294-1821e1564434"",""environment"":""fb6513d0-42a4-4660-82b5-509c54b15f2a"",""service"":""4978aa94-666c-47c7-8024-3ada55195a51"",""deployment"":""e6572e99-435a-4318-8085-a26955b8bae6"",""replica"":""bc280845-512d-4bab-ba8a-2b99bc9ab336""}",2026-04-03T04:15:13.576998993Z
2026-04-03 04:15:13 UTC - Services healthy,info,"{""level"":""info""}","{""project"":""ce3616d9-58ad-4ec7-a294-1821e1564434"",""environment"":""fb6513d0-42a4-4660-82b5-509c54b15f2a"",""service"":""4978aa94-666c-47c7-8024-3ada55195a51"",""deployment"":""e6572e99-435a-4318-8085-a26955b8bae6"",""replica"":""bc280845-512d-4bab-ba8a-2b99bc9ab336""}",2026-04-03T04:15:13.578905167Z
[DB] Synced 3 accounts to database,info,"{""level"":""info""}","{""project"":""ce3616d9-58ad-4ec7-a294-1821e1564434"",""environment"":""fb6513d0-42a4-4660-82b5-509c54b15f2a"",""service"":""4978aa94-666c-47c7-8024-3ada55195a51"",""deployment"":""e6572e99-435a-4318-8085-a26955b8bae6"",""replica"":""bc280845-512d-4bab-ba8a-2b99bc9ab336""}",2026-04-03T04:15:43.768970337Z
2026-04-03 04:15:43 UTC - Services healthy,info,"{""level"":""info""}","{""project"":""ce3616d9-58ad-4ec7-a294-1821e1564434"",""environment"":""fb6513d0-42a4-4660-82b5-509c54b15f2a"",""service"":""4978aa94-666c-47c7-8024-3ada55195a51"",""deployment"":""e6572e99-435a-4318-8085-a26955b8bae6"",""replica"":""bc280845-512d-4bab-ba8a-2b99bc9ab336""}",2026-04-03T04:15:43.768977864Z
[DB] Synced 3 accounts to database,info,"{""level"":""info""}","{""project"":""ce3616d9-58ad-4ec7-a294-1821e1564434"",""environment"":""fb6513d0-42a4-4660-82b5-509c54b15f2a"",""service"":""4978aa94-666c-47c7-8024-3ada55195a51"",""deployment"":""e6572e99-435a-4318-8085-a26955b8bae6"",""replica"":""bc280845-512d-4bab-ba8a-2b99bc9ab336""}",2026-04-03T04:16:13.732211225Z
2026-04-03 04:16:13 UTC - Services healthy,info,"{""level"":""info""}","{""project"":""ce3616d9-58ad-4ec7-a294-1821e1564434"",""environment"":""fb6513d0-42a4-4660-82b5-509c54b15f2a"",""service"":""4978aa94-666c-47c7-8024-3ada55195a51"",""deployment"":""e6572e99-435a-4318-8085-a26955b8bae6"",""replica"":""bc280845-512d-4bab-ba8a-2b99bc9ab336""}",2026-04-03T04:16:13.732219032Z
[DB] Synced 3 accounts to database,info,"{""level"":""info""}","{""project"":""ce3616d9-58ad-4ec7-a294-1821e1564434"",""environment"":""fb6513d0-42a4-4660-82b5-509c54b15f2a"",""service"":""4978aa94-666c-47c7-8024-3ada55195a51"",""deployment"":""e6572e99-435a-4318-8085-a26955b8bae6"",""replica"":""bc280845-512d-4bab-ba8a-2b99bc9ab336""}",2026-04-03T04:16:43.738177622Z
2026-04-03 04:16:43 UTC - Services healthy,info,"{""level"":""info""}","{""project"":""ce3616d9-58ad-4ec7-a294-1821e1564434"",""environment"":""fb6513d0-42a4-4660-82b5-509c54b15f2a"",""service"":""4978aa94-666c-47c7-8024-3ada55195a51"",""deployment"":""e6572e99-435a-4318-8085-a26955b8bae6"",""replica"":""bc280845-512d-4bab-ba8a-2b99bc9ab336""}",2026-04-03T04:16:43.738182229Z
[DB] Synced 3 accounts to database,info,"{""level"":""info""}","{""project"":""ce3616d9-58ad-4ec7-a294-1821e1564434"",""environment"":""fb6513d0-42a4-4660-82b5-509c54b15f2a"",""service"":""4978aa94-666c-47c7-8024-3ada55195a51"",""deployment"":""e6572e99-435a-4318-8085-a26955b8bae6"",""replica"":""bc280845-512d-4bab-ba8a-2b99bc9ab336""}",2026-04-03T04:17:13.634715971Z
2026-04-03 04:17:13 UTC - Services healthy,info,"{""level"":""info""}","{""project"":""ce3616d9-58ad-4ec7-a294-1821e1564434"",""environment"":""fb6513d0-42a4-4660-82b5-509c54b15f2a"",""service"":""4978aa94-666c-47c7-8024-3ada55195a51"",""deployment"":""e6572e99-435a-4318-8085-a26955b8bae6"",""replica"":""bc280845-512d-4bab-ba8a-2b99bc9ab336""}",2026-04-03T04:17:13.634726978Z
[DB] Synced 3 accounts to database,info,"{""level"":""info""}","{""project"":""ce3616d9-58ad-4ec7-a294-1821e1564434"",""environment"":""fb6513d0-42a4-4660-82b5-509c54b15f2a"",""service"":""4978aa94-666c-47c7-8024-3ada55195a51"",""deployment"":""e6572e99-435a-4318-8085-a26955b8bae6"",""replica"":""bc280845-512d-4bab-ba8a-2b99bc9ab336""}",2026-04-03T04:17:43.424174839Z
2026-04-03 04:17:43 UTC - Services healthy,info,"{""level"":""info""}","{""project"":""ce3616d9-58ad-4ec7-a294-1821e1564434"",""environment"":""fb6513d0-42a4-4660-82b5-509c54b15f2a"",""service"":""4978aa94-666c-47c7-8024-3ada55195a51"",""deployment"":""e6572e99-435a-4318-8085-a26955b8bae6"",""replica"":""bc280845-512d-4bab-ba8a-2b99bc9ab336""}",2026-04-03T04:17:43.605935225Z
[DB] Synced 3 accounts to database,info,"{""level"":""info""}","{""project"":""ce3616d9-58ad-4ec7-a294-1821e1564434"",""environment"":""fb6513d0-42a4-4660-82b5-509c54b15f2a"",""service"":""4978aa94-666c-47c7-8024-3ada55195a51"",""deployment"":""e6572e99-435a-4318-8085-a26955b8bae6"",""replica"":""bc280845-512d-4bab-ba8a-2b99bc9ab336""}",2026-04-03T04:18:13.638967278Z
2026-04-03 04:18:13 UTC - Services healthy,info,"{""level"":""info""}","{""project"":""ce3616d9-58ad-4ec7-a294-1821e1564434"",""environment"":""fb6513d0-42a4-4660-82b5-509c54b15f2a"",""service"":""4978aa94-666c-47c7-8024-3ada55195a51"",""deployment"":""e6572e99-435a-4318-8085-a26955b8bae6"",""replica"":""bc280845-512d-4bab-ba8a-2b99bc9ab336""}",2026-04-03T04:18:13.638972090Z
[DB] Synced 3 accounts to database,info,"{""level"":""info""}","{""project"":""ce3616d9-58ad-4ec7-a294-1821e1564434"",""environment"":""fb6513d0-42a4-4660-82b5-509c54b15f2a"",""service"":""4978aa94-666c-47c7-8024-3ada55195a51"",""deployment"":""e6572e99-435a-4318-8085-a26955b8bae6"",""replica"":""bc280845-512d-4bab-ba8a-2b99bc9ab336""}",2026-04-03T04:18:43.421058019Z
2026-04-03 04:18:43 UTC - Services healthy,info,"{""level"":""info""}","{""project"":""ce3616d9-58ad-4ec7-a294-1821e1564434"",""environment"":""fb6513d0-42a4-4660-82b5-509c54b15f2a"",""service"":""4978aa94-666c-47c7-8024-3ada55195a51"",""deployment"":""e6572e99-435a-4318-8085-a26955b8bae6"",""replica"":""bc280845-512d-4bab-ba8a-2b99bc9ab336""}",2026-04-03T04:18:43.643281225Z
[DB] Synced 3 accounts to database,info,"{""level"":""info""}","{""project"":""ce3616d9-58ad-4ec7-a294-1821e1564434"",""environment"":""fb6513d0-42a4-4660-82b5-509c54b15f2a"",""service"":""4978aa94-666c-47c7-8024-3ada55195a51"",""deployment"":""e6572e99-435a-4318-8085-a26955b8bae6"",""replica"":""bc280845-512d-4bab-ba8a-2b99bc9ab336""}",2026-04-03T04:19:13.689778423Z
2026-04-03 04:19:13 UTC - Services healthy,info,"{""level"":""info""}","{""project"":""ce3616d9-58ad-4ec7-a294-1821e1564434"",""environment"":""fb6513d0-42a4-4660-82b5-509c54b15f2a"",""service"":""4978aa94-666c-47c7-8024-3ada55195a51"",""deployment"":""e6572e99-435a-4318-8085-a26955b8bae6"",""replica"":""bc280845-512d-4bab-ba8a-2b99bc9ab336""}",2026-04-03T04:19:13.689786944Z
[DB] Synced 3 accounts to database,info,"{""level"":""info""}","{""project"":""ce3616d9-58ad-4ec7-a294-1821e1564434"",""environment"":""fb6513d0-42a4-4660-82b5-509c54b15f2a"",""service"":""4978aa94-666c-47c7-8024-3ada55195a51"",""deployment"":""e6572e99-435a-4318-8085-a26955b8bae6"",""replica"":""bc280845-512d-4bab-ba8a-2b99bc9ab336""}",2026-04-03T04:19:43.770031017Z
2026-04-03 04:19:43 UTC - Services healthy,info,"{""level"":""info""}","{""project"":""ce3616d9-58ad-4ec7-a294-1821e1564434"",""environment"":""fb6513d0-42a4-4660-82b5-509c54b15f2a"",""service"":""4978aa94-666c-47c7-8024-3ada55195a51"",""deployment"":""e6572e99-435a-4318-8085-a26955b8bae6"",""replica"":""bc280845-512d-4bab-ba8a-2b99bc9ab336""}",2026-04-03T04:19:43.770035780Z
[DB] Synced 3 accounts to database,info,"{""level"":""info""}","{""project"":""ce3616d9-58ad-4ec7-a294-1821e1564434"",""environment"":""fb6513d0-42a4-4660-82b5-509c54b15f2a"",""service"":""4978aa94-666c-47c7-8024-3ada55195a51"",""deployment"":""e6572e99-435a-4318-8085-a26955b8bae6"",""replica"":""bc280845-512d-4bab-ba8a-2b99bc9ab336""}",2026-04-03T04:20:13.607597453Z
2026-04-03 04:20:13 UTC - Services healthy,info,"{""level"":""info""}","{""project"":""ce3616d9-58ad-4ec7-a294-1821e1564434"",""environment"":""fb6513d0-42a4-4660-82b5-509c54b15f2a"",""service"":""4978aa94-666c-47c7-8024-3ada55195a51"",""deployment"":""e6572e99-435a-4318-8085-a26955b8bae6"",""replica"":""bc280845-512d-4bab-ba8a-2b99bc9ab336""}",2026-04-03T04:20:13.654036405Z
[DB] Synced 3 accounts to database,info,"{""level"":""info""}","{""project"":""ce3616d9-58ad-4ec7-a294-1821e1564434"",""environment"":""fb6513d0-42a4-4660-82b5-509c54b15f2a"",""service"":""4978aa94-666c-47c7-8024-3ada55195a51"",""deployment"":""e6572e99-435a-4318-8085-a26955b8bae6"",""replica"":""bc280845-512d-4bab-ba8a-2b99bc9ab336""}",2026-04-03T04:20:43.805593259Z
2026-04-03 04:20:43 UTC - Services healthy,info,"{""level"":""info""}","{""project"":""ce3616d9-58ad-4ec7-a294-1821e1564434"",""environment"":""fb6513d0-42a4-4660-82b5-509c54b15f2a"",""service"":""4978aa94-666c-47c7-8024-3ada55195a51"",""deployment"":""e6572e99-435a-4318-8085-a26955b8bae6"",""replica"":""bc280845-512d-4bab-ba8a-2b99bc9ab336""}",2026-04-03T04:20:43.805599969Z
[DB] Synced 3 accounts to database,info,"{""level"":""info""}","{""project"":""ce3616d9-58ad-4ec7-a294-1821e1564434"",""environment"":""fb6513d0-42a4-4660-82b5-509c54b15f2a"",""service"":""4978aa94-666c-47c7-8024-3ada55195a51"",""deployment"":""e6572e99-435a-4318-8085-a26955b8bae6"",""replica"":""bc280845-512d-4bab-ba8a-2b99bc9ab336""}",2026-04-03T04:21:13.689540298Z
2026-04-03 04:21:13 UTC - Services healthy,info,"{""level"":""info""}","{""project"":""ce3616d9-58ad-4ec7-a294-1821e1564434"",""environment"":""fb6513d0-42a4-4660-82b5-509c54b15f2a"",""service"":""4978aa94-666c-47c7-8024-3ada55195a51"",""deployment"":""e6572e99-435a-4318-8085-a26955b8bae6"",""replica"":""bc280845-512d-4bab-ba8a-2b99bc9ab336""}",2026-04-03T04:21:13.689548266Z
[DB] Synced 3 accounts to database,info,"{""level"":""info""}","{""project"":""ce3616d9-58ad-4ec7-a294-1821e1564434"",""environment"":""fb6513d0-42a4-4660-82b5-509c54b15f2a"",""service"":""4978aa94-666c-47c7-8024-3ada55195a51"",""deployment"":""e6572e99-435a-4318-8085-a26955b8bae6"",""replica"":""bc280845-512d-4bab-ba8a-2b99bc9ab336""}",2026-04-03T04:21:43.707777103Z
2026-04-03 04:21:43 UTC - Services healthy,info,"{""level"":""info""}","{""project"":""ce3616d9-58ad-4ec7-a294-1821e1564434"",""environment"":""fb6513d0-42a4-4660-82b5-509c54b15f2a"",""service"":""4978aa94-666c-47c7-8024-3ada55195a51"",""deployment"":""e6572e99-435a-4318-8085-a26955b8bae6"",""replica"":""bc280845-512d-4bab-ba8a-2b99bc9ab336""}",2026-04-03T04:21:43.707785126Z
[DB] Synced 3 accounts to database,info,"{""level"":""info""}","{""project"":""ce3616d9-58ad-4ec7-a294-1821e1564434"",""environment"":""fb6513d0-42a4-4660-82b5-509c54b15f2a"",""service"":""4978aa94-666c-47c7-8024-3ada55195a51"",""deployment"":""e6572e99-435a-4318-8085-a26955b8bae6"",""replica"":""bc280845-512d-4bab-ba8a-2b99bc9ab336""}",2026-04-03T04:22:13.626540348Z
2026-04-03 04:22:13 UTC - Services healthy,info,"{""level"":""info""}","{""project"":""ce3616d9-58ad-4ec7-a294-1821e1564434"",""environment"":""fb6513d0-42a4-4660-82b5-509c54b15f2a"",""service"":""4978aa94-666c-47c7-8024-3ada55195a51"",""deployment"":""e6572e99-435a-4318-8085-a26955b8bae6"",""replica"":""bc280845-512d-4bab-ba8a-2b99bc9ab336""}",2026-04-03T04:22:13.677103191Z
[DB] Synced 3 accounts to database,info,"{""level"":""info""}","{""project"":""ce3616d9-58ad-4ec7-a294-1821e1564434"",""environment"":""fb6513d0-42a4-4660-82b5-509c54b15f2a"",""service"":""4978aa94-666c-47c7-8024-3ada55195a51"",""deployment"":""e6572e99-435a-4318-8085-a26955b8bae6"",""replica"":""bc280845-512d-4bab-ba8a-2b99bc9ab336""}",2026-04-03T04:22:43.789940658Z
2026-04-03 04:22:43 UTC - Services healthy,info,"{""level"":""info""}","{""project"":""ce3616d9-58ad-4ec7-a294-1821e1564434"",""environment"":""fb6513d0-42a4-4660-82b5-509c54b15f2a"",""service"":""4978aa94-666c-47c7-8024-3ada55195a51"",""deployment"":""e6572e99-435a-4318-8085-a26955b8bae6"",""replica"":""bc280845-512d-4bab-ba8a-2b99bc9ab336""}",2026-04-03T04:22:43.789945552Z
[DB] Synced 3 accounts to database,info,"{""level"":""info""}","{""project"":""ce3616d9-58ad-4ec7-a294-1821e1564434"",""environment"":""fb6513d0-42a4-4660-82b5-509c54b15f2a"",""service"":""4978aa94-666c-47c7-8024-3ada55195a51"",""deployment"":""e6572e99-435a-4318-8085-a26955b8bae6"",""replica"":""bc280845-512d-4bab-ba8a-2b99bc9ab336""}",2026-04-03T04:23:13.598218554Z
2026-04-03 04:23:13 UTC - Services healthy,info,"{""level"":""info""}","{""project"":""ce3616d9-58ad-4ec7-a294-1821e1564434"",""environment"":""fb6513d0-42a4-4660-82b5-509c54b15f2a"",""service"":""4978aa94-666c-47c7-8024-3ada55195a51"",""deployment"":""e6572e99-435a-4318-8085-a26955b8bae6"",""replica"":""bc280845-512d-4bab-ba8a-2b99bc9ab336""}",2026-04-03T04:23:13.672239808Z
[DB] Synced 3 accounts to database,info,"{""level"":""info""}","{""project"":""ce3616d9-58ad-4ec7-a294-1821e1564434"",""environment"":""fb6513d0-42a4-4660-82b5-509c54b15f2a"",""service"":""4978aa94-666c-47c7-8024-3ada55195a51"",""deployment"":""e6572e99-435a-4318-8085-a26955b8bae6"",""replica"":""bc280845-512d-4bab-ba8a-2b99bc9ab336""}",2026-04-03T04:23:43.837685996Z
2026-04-03 04:23:43 UTC - Services healthy,info,"{""level"":""info""}","{""project"":""ce3616d9-58ad-4ec7-a294-1821e1564434"",""environment"":""fb6513d0-42a4-4660-82b5-509c54b15f2a"",""service"":""4978aa94-666c-47c7-8024-3ada55195a51"",""deployment"":""e6572e99-435a-4318-8085-a26955b8bae6"",""replica"":""bc280845-512d-4bab-ba8a-2b99bc9ab336""}",2026-04-03T04:23:43.837694190Z
[DB] Synced 3 accounts to database,info,"{""level"":""info""}","{""project"":""ce3616d9-58ad-4ec7-a294-1821e1564434"",""environment"":""fb6513d0-42a4-4660-82b5-509c54b15f2a"",""service"":""4978aa94-666c-47c7-8024-3ada55195a51"",""deployment"":""e6572e99-435a-4318-8085-a26955b8bae6"",""replica"":""bc280845-512d-4bab-ba8a-2b99bc9ab336""}",2026-04-03T04:24:13.708630307Z
2026-04-03 04:24:13 UTC - Services healthy,info,"{""level"":""info""}","{""project"":""ce3616d9-58ad-4ec7-a294-1821e1564434"",""environment"":""fb6513d0-42a4-4660-82b5-509c54b15f2a"",""service"":""4978aa94-666c-47c7-8024-3ada55195a51"",""deployment"":""e6572e99-435a-4318-8085-a26955b8bae6"",""replica"":""bc280845-512d-4bab-ba8a-2b99bc9ab336""}",2026-04-03T04:24:13.708638957Z
[DB] Synced 3 accounts to database,info,"{""level"":""info""}","{""project"":""ce3616d9-58ad-4ec7-a294-1821e1564434"",""environment"":""fb6513d0-42a4-4660-82b5-509c54b15f2a"",""service"":""4978aa94-666c-47c7-8024-3ada55195a51"",""deployment"":""e6572e99-435a-4318-8085-a26955b8bae6"",""replica"":""bc280845-512d-4bab-ba8a-2b99bc9ab336""}",2026-04-03T04:24:43.693363819Z
2026-04-03 04:24:43 UTC - Services healthy,info,"{""level"":""info""}","{""project"":""ce3616d9-58ad-4ec7-a294-1821e1564434"",""environment"":""fb6513d0-42a4-4660-82b5-509c54b15f2a"",""service"":""4978aa94-666c-47c7-8024-3ada55195a51"",""deployment"":""e6572e99-435a-4318-8085-a26955b8bae6"",""replica"":""bc280845-512d-4bab-ba8a-2b99bc9ab336""}",2026-04-03T04:24:43.693370067Z
[DB] Synced 3 accounts to database,info,"{""level"":""info""}","{""project"":""ce3616d9-58ad-4ec7-a294-1821e1564434"",""environment"":""fb6513d0-42a4-4660-82b5-509c54b15f2a"",""service"":""4978aa94-666c-47c7-8024-3ada55195a51"",""deployment"":""e6572e99-435a-4318-8085-a26955b8bae6"",""replica"":""bc280845-512d-4bab-ba8a-2b99bc9ab336""}",2026-04-03T04:25:13.463281070Z
2026-04-03 04:25:13 UTC - Services healthy,info,"{""level"":""info""}","{""project"":""ce3616d9-58ad-4ec7-a294-1821e1564434"",""environment"":""fb6513d0-42a4-4660-82b5-509c54b15f2a"",""service"":""4978aa94-666c-47c7-8024-3ada55195a51"",""deployment"":""e6572e99-435a-4318-8085-a26955b8bae6"",""replica"":""bc280845-512d-4bab-ba8a-2b99bc9ab336""}",2026-04-03T04:25:13.698691520Z
[DB] Synced 3 accounts to database,info,"{""level"":""info""}","{""project"":""ce3616d9-58ad-4ec7-a294-1821e1564434"",""environment"":""fb6513d0-42a4-4660-82b5-509c54b15f2a"",""service"":""4978aa94-666c-47c7-8024-3ada55195a51"",""deployment"":""e6572e99-435a-4318-8085-a26955b8bae6"",""replica"":""bc280845-512d-4bab-ba8a-2b99bc9ab336""}",2026-04-03T04:25:43.700903212Z
2026-04-03 04:25:43 UTC - Services healthy,info,"{""level"":""info""}","{""project"":""ce3616d9-58ad-4ec7-a294-1821e1564434"",""environment"":""fb6513d0-42a4-4660-82b5-509c54b15f2a"",""service"":""4978aa94-666c-47c7-8024-3ada55195a51"",""deployment"":""e6572e99-435a-4318-8085-a26955b8bae6"",""replica"":""bc280845-512d-4bab-ba8a-2b99bc9ab336""}",2026-04-03T04:25:43.700911363Z
[DB] Synced 3 accounts to database,info,"{""level"":""info""}","{""project"":""ce3616d9-58ad-4ec7-a294-1821e1564434"",""environment"":""fb6513d0-42a4-4660-82b5-509c54b15f2a"",""service"":""4978aa94-666c-47c7-8024-3ada55195a51"",""deployment"":""e6572e99-435a-4318-8085-a26955b8bae6"",""replica"":""bc280845-512d-4bab-ba8a-2b99bc9ab336""}",2026-04-03T04:26:13.853745749Z
2026-04-03 04:26:13 UTC - Services healthy,info,"{""level"":""info""}","{""project"":""ce3616d9-58ad-4ec7-a294-1821e1564434"",""environment"":""fb6513d0-42a4-4660-82b5-509c54b15f2a"",""service"":""4978aa94-666c-47c7-8024-3ada55195a51"",""deployment"":""e6572e99-435a-4318-8085-a26955b8bae6"",""replica"":""bc280845-512d-4bab-ba8a-2b99bc9ab336""}",2026-04-03T04:26:13.853752376Z
[DB] Synced 3 accounts to database,info,"{""level"":""info""}","{""project"":""ce3616d9-58ad-4ec7-a294-1821e1564434"",""environment"":""fb6513d0-42a4-4660-82b5-509c54b15f2a"",""service"":""4978aa94-666c-47c7-8024-3ada55195a51"",""deployment"":""e6572e99-435a-4318-8085-a26955b8bae6"",""replica"":""bc280845-512d-4bab-ba8a-2b99bc9ab336""}",2026-04-03T04:26:43.647826316Z
2026-04-03 04:26:43 UTC - Services healthy,info,"{""level"":""info""}","{""project"":""ce3616d9-58ad-4ec7-a294-1821e1564434"",""environment"":""fb6513d0-42a4-4660-82b5-509c54b15f2a"",""service"":""4978aa94-666c-47c7-8024-3ada55195a51"",""deployment"":""e6572e99-435a-4318-8085-a26955b8bae6"",""replica"":""bc280845-512d-4bab-ba8a-2b99bc9ab336""}",2026-04-03T04:26:43.715745084Z
[DB] Synced 3 accounts to database,info,"{""level"":""info""}","{""project"":""ce3616d9-58ad-4ec7-a294-1821e1564434"",""environment"":""fb6513d0-42a4-4660-82b5-509c54b15f2a"",""service"":""4978aa94-666c-47c7-8024-3ada55195a51"",""deployment"":""e6572e99-435a-4318-8085-a26955b8bae6"",""replica"":""bc280845-512d-4bab-ba8a-2b99bc9ab336""}",2026-04-03T04:27:13.730311672Z
2026-04-03 04:27:13 UTC - Services healthy,info,"{""level"":""info""}","{""project"":""ce3616d9-58ad-4ec7-a294-1821e1564434"",""environment"":""fb6513d0-42a4-4660-82b5-509c54b15f2a"",""service"":""4978aa94-666c-47c7-8024-3ada55195a51"",""deployment"":""e6572e99-435a-4318-8085-a26955b8bae6"",""replica"":""bc280845-512d-4bab-ba8a-2b99bc9ab336""}",2026-04-03T04:27:13.730318592Z
[DB] Synced 3 accounts to database,info,"{""level"":""info""}","{""project"":""ce3616d9-58ad-4ec7-a294-1821e1564434"",""environment"":""fb6513d0-42a4-4660-82b5-509c54b15f2a"",""service"":""4978aa94-666c-47c7-8024-3ada55195a51"",""deployment"":""e6572e99-435a-4318-8085-a26955b8bae6"",""replica"":""bc280845-512d-4bab-ba8a-2b99bc9ab336""}",2026-04-03T04:27:43.551465298Z
2026-04-03 04:27:43 UTC - Services healthy,info,"{""level"":""info""}","{""project"":""ce3616d9-58ad-4ec7-a294-1821e1564434"",""environment"":""fb6513d0-42a4-4660-82b5-509c54b15f2a"",""service"":""4978aa94-666c-47c7-8024-3ada55195a51"",""deployment"":""e6572e99-435a-4318-8085-a26955b8bae6"",""replica"":""bc280845-512d-4bab-ba8a-2b99bc9ab336""}",2026-04-03T04:27:43.726967578Z
[DB] Synced 3 accounts to database,info,"{""level"":""info""}","{""project"":""ce3616d9-58ad-4ec7-a294-1821e1564434"",""environment"":""fb6513d0-42a4-4660-82b5-509c54b15f2a"",""service"":""4978aa94-666c-47c7-8024-3ada55195a51"",""deployment"":""e6572e99-435a-4318-8085-a26955b8bae6"",""replica"":""bc280845-512d-4bab-ba8a-2b99bc9ab336""}",2026-04-03T04:28:13.730189972Z
2026-04-03 04:28:13 UTC - Services healthy,info,"{""level"":""info""}","{""project"":""ce3616d9-58ad-4ec7-a294-1821e1564434"",""environment"":""fb6513d0-42a4-4660-82b5-509c54b15f2a"",""service"":""4978aa94-666c-47c7-8024-3ada55195a51"",""deployment"":""e6572e99-435a-4318-8085-a26955b8bae6"",""replica"":""bc280845-512d-4bab-ba8a-2b99bc9ab336""}",2026-04-03T04:28:13.730202756Z
[DB] Synced 3 accounts to database,info,"{""level"":""info""}","{""project"":""ce3616d9-58ad-4ec7-a294-1821e1564434"",""environment"":""fb6513d0-42a4-4660-82b5-509c54b15f2a"",""service"":""4978aa94-666c-47c7-8024-3ada55195a51"",""deployment"":""e6572e99-435a-4318-8085-a26955b8bae6"",""replica"":""bc280845-512d-4bab-ba8a-2b99bc9ab336""}",2026-04-03T04:28:43.800118418Z
2026-04-03 04:28:43 UTC - Services healthy,info,"{""level"":""info""}","{""project"":""ce3616d9-58ad-4ec7-a294-1821e1564434"",""environment"":""fb6513d0-42a4-4660-82b5-509c54b15f2a"",""service"":""4978aa94-666c-47c7-8024-3ada55195a51"",""deployment"":""e6572e99-435a-4318-8085-a26955b8bae6"",""replica"":""bc280845-512d-4bab-ba8a-2b99bc9ab336""}",2026-04-03T04:28:43.800122856Z
[DB] Synced 3 accounts to database,info,"{""level"":""info""}","{""project"":""ce3616d9-58ad-4ec7-a294-1821e1564434"",""environment"":""fb6513d0-42a4-4660-82b5-509c54b15f2a"",""service"":""4978aa94-666c-47c7-8024-3ada55195a51"",""deployment"":""e6572e99-435a-4318-8085-a26955b8bae6"",""replica"":""bc280845-512d-4bab-ba8a-2b99bc9ab336""}",2026-04-03T04:29:13.519158372Z
2026-04-03 04:29:13 UTC - Services healthy,info,"{""level"":""info""}","{""project"":""ce3616d9-58ad-4ec7-a294-1821e1564434"",""environment"":""fb6513d0-42a4-4660-82b5-509c54b15f2a"",""service"":""4978aa94-666c-47c7-8024-3ada55195a51"",""deployment"":""e6572e99-435a-4318-8085-a26955b8bae6"",""replica"":""bc280845-512d-4bab-ba8a-2b99bc9ab336""}",2026-04-03T04:29:13.744746620Z
[DB] Synced 3 accounts to database,info,"{""level"":""info""}","{""project"":""ce3616d9-58ad-4ec7-a294-1821e1564434"",""environment"":""fb6513d0-42a4-4660-82b5-509c54b15f2a"",""service"":""4978aa94-666c-47c7-8024-3ada55195a51"",""deployment"":""e6572e99-435a-4318-8085-a26955b8bae6"",""replica"":""bc280845-512d-4bab-ba8a-2b99bc9ab336""}",2026-04-03T04:29:43.755463300Z
2026-04-03 04:29:43 UTC - Services healthy,info,"{""level"":""info""}","{""project"":""ce3616d9-58ad-4ec7-a294-1821e1564434"",""environment"":""fb6513d0-42a4-4660-82b5-509c54b15f2a"",""service"":""4978aa94-666c-47c7-8024-3ada55195a51"",""deployment"":""e6572e99-435a-4318-8085-a26955b8bae6"",""replica"":""bc280845-512d-4bab-ba8a-2b99bc9ab336""}",2026-04-03T04:29:43.755471982Z
[DB] Synced 3 accounts to database,info,"{""level"":""info""}","{""project"":""ce3616d9-58ad-4ec7-a294-1821e1564434"",""environment"":""fb6513d0-42a4-4660-82b5-509c54b15f2a"",""service"":""4978aa94-666c-47c7-8024-3ada55195a51"",""deployment"":""e6572e99-435a-4318-8085-a26955b8bae6"",""replica"":""bc280845-512d-4bab-ba8a-2b99bc9ab336""}",2026-04-03T04:30:13.518043423Z
2026-04-03 04:30:13 UTC - Services healthy,info,"{""level"":""info""}","{""project"":""ce3616d9-58ad-4ec7-a294-1821e1564434"",""environment"":""fb6513d0-42a4-4660-82b5-509c54b15f2a"",""service"":""4978aa94-666c-47c7-8024-3ada55195a51"",""deployment"":""e6572e99-435a-4318-8085-a26955b8bae6"",""replica"":""bc280845-512d-4bab-ba8a-2b99bc9ab336""}",2026-04-03T04:30:13.757517117Z
[DB] Synced 3 accounts to database,info,"{""level"":""info""}","{""project"":""ce3616d9-58ad-4ec7-a294-1821e1564434"",""environment"":""fb6513d0-42a4-4660-82b5-509c54b15f2a"",""service"":""4978aa94-666c-47c7-8024-3ada55195a51"",""deployment"":""e6572e99-435a-4318-8085-a26955b8bae6"",""replica"":""bc280845-512d-4bab-ba8a-2b99bc9ab336""}",2026-04-03T04:30:43.757841815Z
2026-04-03 04:30:43 UTC - Services healthy,info,"{""level"":""info""}","{""project"":""ce3616d9-58ad-4ec7-a294-1821e1564434"",""environment"":""fb6513d0-42a4-4660-82b5-509c54b15f2a"",""service"":""4978aa94-666c-47c7-8024-3ada55195a51"",""deployment"":""e6572e99-435a-4318-8085-a26955b8bae6"",""replica"":""bc280845-512d-4bab-ba8a-2b99bc9ab336""}",2026-04-03T04:30:43.759758924Z
[DB] Synced 3 accounts to database,info,"{""level"":""info""}","{""project"":""ce3616d9-58ad-4ec7-a294-1821e1564434"",""environment"":""fb6513d0-42a4-4660-82b5-509c54b15f2a"",""service"":""4978aa94-666c-47c7-8024-3ada55195a51"",""deployment"":""e6572e99-435a-4318-8085-a26955b8bae6"",""replica"":""bc280845-512d-4bab-ba8a-2b99bc9ab336""}",2026-04-03T04:31:13.888728463Z
2026-04-03 04:31:13 UTC - Services healthy,info,"{""level"":""info""}","{""project"":""ce3616d9-58ad-4ec7-a294-1821e1564434"",""environment"":""fb6513d0-42a4-4660-82b5-509c54b15f2a"",""service"":""4978aa94-666c-47c7-8024-3ada55195a51"",""deployment"":""e6572e99-435a-4318-8085-a26955b8bae6"",""replica"":""bc280845-512d-4bab-ba8a-2b99bc9ab336""}",2026-04-03T04:31:13.888733358Z
[DB] Synced 3 accounts to database,info,"{""level"":""info""}","{""project"":""ce3616d9-58ad-4ec7-a294-1821e1564434"",""environment"":""fb6513d0-42a4-4660-82b5-509c54b15f2a"",""service"":""4978aa94-666c-47c7-8024-3ada55195a51"",""deployment"":""e6572e99-435a-4318-8085-a26955b8bae6"",""replica"":""bc280845-512d-4bab-ba8a-2b99bc9ab336""}",2026-04-03T04:31:43.728004455Z
2026-04-03 04:31:43 UTC - Services healthy,info,"{""level"":""info""}","{""project"":""ce3616d9-58ad-4ec7-a294-1821e1564434"",""environment"":""fb6513d0-42a4-4660-82b5-509c54b15f2a"",""service"":""4978aa94-666c-47c7-8024-3ada55195a51"",""deployment"":""e6572e99-435a-4318-8085-a26955b8bae6"",""replica"":""bc280845-512d-4bab-ba8a-2b99bc9ab336""}",2026-04-03T04:31:43.775642549Z
[DB] Synced 3 accounts to database,info,"{""level"":""info""}","{""project"":""ce3616d9-58ad-4ec7-a294-1821e1564434"",""environment"":""fb6513d0-42a4-4660-82b5-509c54b15f2a"",""service"":""4978aa94-666c-47c7-8024-3ada55195a51"",""deployment"":""e6572e99-435a-4318-8085-a26955b8bae6"",""replica"":""bc280845-512d-4bab-ba8a-2b99bc9ab336""}",2026-04-03T04:32:13.795268604Z
2026-04-03 04:32:13 UTC - Services healthy,info,"{""level"":""info""}","{""project"":""ce3616d9-58ad-4ec7-a294-1821e1564434"",""environment"":""fb6513d0-42a4-4660-82b5-509c54b15f2a"",""service"":""4978aa94-666c-47c7-8024-3ada55195a51"",""deployment"":""e6572e99-435a-4318-8085-a26955b8bae6"",""replica"":""bc280845-512d-4bab-ba8a-2b99bc9ab336""}",2026-04-03T04:32:13.795273632Z
[DB] Synced 3 accounts to database,info,"{""level"":""info""}","{""project"":""ce3616d9-58ad-4ec7-a294-1821e1564434"",""environment"":""fb6513d0-42a4-4660-82b5-509c54b15f2a"",""service"":""4978aa94-666c-47c7-8024-3ada55195a51"",""deployment"":""e6572e99-435a-4318-8085-a26955b8bae6"",""replica"":""bc280845-512d-4bab-ba8a-2b99bc9ab336""}",2026-04-03T04:32:43.464505985Z
2026-04-03 04:32:43 UTC - Services healthy,info,"{""level"":""info""}","{""project"":""ce3616d9-58ad-4ec7-a294-1821e1564434"",""environment"":""fb6513d0-42a4-4660-82b5-509c54b15f2a"",""service"":""4978aa94-666c-47c7-8024-3ada55195a51"",""deployment"":""e6572e99-435a-4318-8085-a26955b8bae6"",""replica"":""bc280845-512d-4bab-ba8a-2b99bc9ab336""}",2026-04-03T04:32:43.808650728Z
[DB] Synced 3 accounts to database,info,"{""level"":""info""}","{""project"":""ce3616d9-58ad-4ec7-a294-1821e1564434"",""environment"":""fb6513d0-42a4-4660-82b5-509c54b15f2a"",""service"":""4978aa94-666c-47c7-8024-3ada55195a51"",""deployment"":""e6572e99-435a-4318-8085-a26955b8bae6"",""replica"":""bc280845-512d-4bab-ba8a-2b99bc9ab336""}",2026-04-03T04:33:13.790859631Z
2026-04-03 04:33:13 UTC - Services healthy,info,"{""level"":""info""}","{""project"":""ce3616d9-58ad-4ec7-a294-1821e1564434"",""environment"":""fb6513d0-42a4-4660-82b5-509c54b15f2a"",""service"":""4978aa94-666c-47c7-8024-3ada55195a51"",""deployment"":""e6572e99-435a-4318-8085-a26955b8bae6"",""replica"":""bc280845-512d-4bab-ba8a-2b99bc9ab336""}",2026-04-03T04:33:13.790872353Z
[DB] Synced 3 accounts to database,info,"{""level"":""info""}","{""project"":""ce3616d9-58ad-4ec7-a294-1821e1564434"",""environment"":""fb6513d0-42a4-4660-82b5-509c54b15f2a"",""service"":""4978aa94-666c-47c7-8024-3ada55195a51"",""deployment"":""e6572e99-435a-4318-8085-a26955b8bae6"",""replica"":""bc280845-512d-4bab-ba8a-2b99bc9ab336""}",2026-04-03T04:33:43.866090091Z
2026-04-03 04:33:43 UTC - Services healthy,info,"{""level"":""info""}","{""project"":""ce3616d9-58ad-4ec7-a294-1821e1564434"",""environment"":""fb6513d0-42a4-4660-82b5-509c54b15f2a"",""service"":""4978aa94-666c-47c7-8024-3ada55195a51"",""deployment"":""e6572e99-435a-4318-8085-a26955b8bae6"",""replica"":""bc280845-512d-4bab-ba8a-2b99bc9ab336""}",2026-04-03T04:33:43.866098036Z
[DB] Synced 3 accounts to database,info,"{""level"":""info""}","{""project"":""ce3616d9-58ad-4ec7-a294-1821e1564434"",""environment"":""fb6513d0-42a4-4660-82b5-509c54b15f2a"",""service"":""4978aa94-666c-47c7-8024-3ada55195a51"",""deployment"":""e6572e99-435a-4318-8085-a26955b8bae6"",""replica"":""bc280845-512d-4bab-ba8a-2b99bc9ab336""}",2026-04-03T04:34:13.691001172Z
2026-04-03 04:34:13 UTC - Services healthy,info,"{""level"":""info""}","{""project"":""ce3616d9-58ad-4ec7-a294-1821e1564434"",""environment"":""fb6513d0-42a4-4660-82b5-509c54b15f2a"",""service"":""4978aa94-666c-47c7-8024-3ada55195a51"",""deployment"":""e6572e99-435a-4318-8085-a26955b8bae6"",""replica"":""bc280845-512d-4bab-ba8a-2b99bc9ab336""}",2026-04-03T04:34:13.815430668Z
[DB] Synced 3 accounts to database,info,"{""level"":""info""}","{""project"":""ce3616d9-58ad-4ec7-a294-1821e1564434"",""environment"":""fb6513d0-42a4-4660-82b5-509c54b15f2a"",""service"":""4978aa94-666c-47c7-8024-3ada55195a51"",""deployment"":""e6572e99-435a-4318-8085-a26955b8bae6"",""replica"":""bc280845-512d-4bab-ba8a-2b99bc9ab336""}",2026-04-03T04:34:43.852760755Z
2026-04-03 04:34:43 UTC - Services healthy,info,"{""level"":""info""}","{""project"":""ce3616d9-58ad-4ec7-a294-1821e1564434"",""environment"":""fb6513d0-42a4-4660-82b5-509c54b15f2a"",""service"":""4978aa94-666c-47c7-8024-3ada55195a51"",""deployment"":""e6572e99-435a-4318-8085-a26955b8bae6"",""replica"":""bc280845-512d-4bab-ba8a-2b99bc9ab336""}",2026-04-03T04:34:43.852767524Z
[DB] Synced 3 accounts to database,info,"{""level"":""info""}","{""project"":""ce3616d9-58ad-4ec7-a294-1821e1564434"",""environment"":""fb6513d0-42a4-4660-82b5-509c54b15f2a"",""service"":""4978aa94-666c-47c7-8024-3ada55195a51"",""deployment"":""e6572e99-435a-4318-8085-a26955b8bae6"",""replica"":""bc280845-512d-4bab-ba8a-2b99bc9ab336""}",2026-04-03T04:35:14.012432970Z
2026-04-03 04:35:13 UTC - Services healthy,info,"{""level"":""info""}","{""project"":""ce3616d9-58ad-4ec7-a294-1821e1564434"",""environment"":""fb6513d0-42a4-4660-82b5-509c54b15f2a"",""service"":""4978aa94-666c-47c7-8024-3ada55195a51"",""deployment"":""e6572e99-435a-4318-8085-a26955b8bae6"",""replica"":""bc280845-512d-4bab-ba8a-2b99bc9ab336""}",2026-04-03T04:35:14.012437990Z
[DB] Synced 3 accounts to database,info,"{""level"":""info""}","{""project"":""ce3616d9-58ad-4ec7-a294-1821e1564434"",""environment"":""fb6513d0-42a4-4660-82b5-509c54b15f2a"",""service"":""4978aa94-666c-47c7-8024-3ada55195a51"",""deployment"":""e6572e99-435a-4318-8085-a26955b8bae6"",""replica"":""bc280845-512d-4bab-ba8a-2b99bc9ab336""}",2026-04-03T04:35:43.962147871Z
2026-04-03 04:35:43 UTC - Services healthy,info,"{""level"":""info""}","{""project"":""ce3616d9-58ad-4ec7-a294-1821e1564434"",""environment"":""fb6513d0-42a4-4660-82b5-509c54b15f2a"",""service"":""4978aa94-666c-47c7-8024-3ada55195a51"",""deployment"":""e6572e99-435a-4318-8085-a26955b8bae6"",""replica"":""bc280845-512d-4bab-ba8a-2b99bc9ab336""}",2026-04-03T04:35:43.962154284Z
[DB] Synced 3 accounts to database,info,"{""level"":""info""}","{""project"":""ce3616d9-58ad-4ec7-a294-1821e1564434"",""environment"":""fb6513d0-42a4-4660-82b5-509c54b15f2a"",""service"":""4978aa94-666c-47c7-8024-3ada55195a51"",""deployment"":""e6572e99-435a-4318-8085-a26955b8bae6"",""replica"":""bc280845-512d-4bab-ba8a-2b99bc9ab336""}",2026-04-03T04:36:13.947861118Z
2026-04-03 04:36:13 UTC - Services healthy,info,"{""level"":""info""}","{""project"":""ce3616d9-58ad-4ec7-a294-1821e1564434"",""environment"":""fb6513d0-42a4-4660-82b5-509c54b15f2a"",""service"":""4978aa94-666c-47c7-8024-3ada55195a51"",""deployment"":""e6572e99-435a-4318-8085-a26955b8bae6"",""replica"":""bc280845-512d-4bab-ba8a-2b99bc9ab336""}",2026-04-03T04:36:13.947869304Z
[DB] Synced 3 accounts to database,info,"{""level"":""info""}","{""project"":""ce3616d9-58ad-4ec7-a294-1821e1564434"",""environment"":""fb6513d0-42a4-4660-82b5-509c54b15f2a"",""service"":""4978aa94-666c-47c7-8024-3ada55195a51"",""deployment"":""e6572e99-435a-4318-8085-a26955b8bae6"",""replica"":""bc280845-512d-4bab-ba8a-2b99bc9ab336""}",2026-04-03T04:36:43.759523951Z
2026-04-03 04:36:43 UTC - Services healthy,info,"{""level"":""info""}","{""project"":""ce3616d9-58ad-4ec7-a294-1821e1564434"",""environment"":""fb6513d0-42a4-4660-82b5-509c54b15f2a"",""service"":""4978aa94-666c-47c7-8024-3ada55195a51"",""deployment"":""e6572e99-435a-4318-8085-a26955b8bae6"",""replica"":""bc280845-512d-4bab-ba8a-2b99bc9ab336""}",2026-04-03T04:36:43.856498755Z
[DB] Synced 3 accounts to database,info,"{""level"":""info""}","{""project"":""ce3616d9-58ad-4ec7-a294-1821e1564434"",""environment"":""fb6513d0-42a4-4660-82b5-509c54b15f2a"",""service"":""4978aa94-666c-47c7-8024-3ada55195a51"",""deployment"":""e6572e99-435a-4318-8085-a26955b8bae6"",""replica"":""bc280845-512d-4bab-ba8a-2b99bc9ab336""}",2026-04-03T04:37:13.857690186Z
2026-04-03 04:37:13 UTC - Services healthy,info,"{""level"":""info""}","{""project"":""ce3616d9-58ad-4ec7-a294-1821e1564434"",""environment"":""fb6513d0-42a4-4660-82b5-509c54b15f2a"",""service"":""4978aa94-666c-47c7-8024-3ada55195a51"",""deployment"":""e6572e99-435a-4318-8085-a26955b8bae6"",""replica"":""bc280845-512d-4bab-ba8a-2b99bc9ab336""}",2026-04-03T04:37:13.857695606Z
[DB] Synced 3 accounts to database,info,"{""level"":""info""}","{""project"":""ce3616d9-58ad-4ec7-a294-1821e1564434"",""environment"":""fb6513d0-42a4-4660-82b5-509c54b15f2a"",""service"":""4978aa94-666c-47c7-8024-3ada55195a51"",""deployment"":""e6572e99-435a-4318-8085-a26955b8bae6"",""replica"":""bc280845-512d-4bab-ba8a-2b99bc9ab336""}",2026-04-03T04:37:43.632932746Z
2026-04-03 04:37:43 UTC - Services healthy,info,"{""level"":""info""}","{""project"":""ce3616d9-58ad-4ec7-a294-1821e1564434"",""environment"":""fb6513d0-42a4-4660-82b5-509c54b15f2a"",""service"":""4978aa94-666c-47c7-8024-3ada55195a51"",""deployment"":""e6572e99-435a-4318-8085-a26955b8bae6"",""replica"":""bc280845-512d-4bab-ba8a-2b99bc9ab336""}",2026-04-03T04:37:43.837784166Z
[DB] Synced 3 accounts to database,info,"{""level"":""info""}","{""project"":""ce3616d9-58ad-4ec7-a294-1821e1564434"",""environment"":""fb6513d0-42a4-4660-82b5-509c54b15f2a"",""service"":""4978aa94-666c-47c7-8024-3ada55195a51"",""deployment"":""e6572e99-435a-4318-8085-a26955b8bae6"",""replica"":""bc280845-512d-4bab-ba8a-2b99bc9ab336""}",2026-04-03T04:38:13.849034939Z
2026-04-03 04:38:13 UTC - Services healthy,info,"{""level"":""info""}","{""project"":""ce3616d9-58ad-4ec7-a294-1821e1564434"",""environment"":""fb6513d0-42a4-4660-82b5-509c54b15f2a"",""service"":""4978aa94-666c-47c7-8024-3ada55195a51"",""deployment"":""e6572e99-435a-4318-8085-a26955b8bae6"",""replica"":""bc280845-512d-4bab-ba8a-2b99bc9ab336""}",2026-04-03T04:38:13.849040918Z
[DB] Synced 3 accounts to database,info,"{""level"":""info""}","{""project"":""ce3616d9-58ad-4ec7-a294-1821e1564434"",""environment"":""fb6513d0-42a4-4660-82b5-509c54b15f2a"",""service"":""4978aa94-666c-47c7-8024-3ada55195a51"",""deployment"":""e6572e99-435a-4318-8085-a26955b8bae6"",""replica"":""bc280845-512d-4bab-ba8a-2b99bc9ab336""}",2026-04-03T04:38:44.243165064Z
2026-04-03 04:38:43 UTC - Services healthy,info,"{""level"":""info""}","{""project"":""ce3616d9-58ad-4ec7-a294-1821e1564434"",""environment"":""fb6513d0-42a4-4660-82b5-509c54b15f2a"",""service"":""4978aa94-666c-47c7-8024-3ada55195a51"",""deployment"":""e6572e99-435a-4318-8085-a26955b8bae6"",""replica"":""bc280845-512d-4bab-ba8a-2b99bc9ab336""}",2026-04-03T04:38:44.243173453Z
[DB] Synced 3 accounts to database,info,"{""level"":""info""}","{""project"":""ce3616d9-58ad-4ec7-a294-1821e1564434"",""environment"":""fb6513d0-42a4-4660-82b5-509c54b15f2a"",""service"":""4978aa94-666c-47c7-8024-3ada55195a51"",""deployment"":""e6572e99-435a-4318-8085-a26955b8bae6"",""replica"":""bc280845-512d-4bab-ba8a-2b99bc9ab336""}",2026-04-03T04:39:14.133301287Z
2026-04-03 04:39:13 UTC - Services healthy,info,"{""level"":""info""}","{""project"":""ce3616d9-58ad-4ec7-a294-1821e1564434"",""environment"":""fb6513d0-42a4-4660-82b5-509c54b15f2a"",""service"":""4978aa94-666c-47c7-8024-3ada55195a51"",""deployment"":""e6572e99-435a-4318-8085-a26955b8bae6"",""replica"":""bc280845-512d-4bab-ba8a-2b99bc9ab336""}",2026-04-03T04:39:14.133307926Z
[DB] Synced 3 accounts to database,info,"{""level"":""info""}","{""project"":""ce3616d9-58ad-4ec7-a294-1821e1564434"",""environment"":""fb6513d0-42a4-4660-82b5-509c54b15f2a"",""service"":""4978aa94-666c-47c7-8024-3ada55195a51"",""deployment"":""e6572e99-435a-4318-8085-a26955b8bae6"",""replica"":""bc280845-512d-4bab-ba8a-2b99bc9ab336""}",2026-04-03T04:39:44.514021232Z
2026-04-03 04:39:43 UTC - Services healthy,info,"{""level"":""info""}","{""project"":""ce3616d9-58ad-4ec7-a294-1821e1564434"",""environment"":""fb6513d0-42a4-4660-82b5-509c54b15f2a"",""service"":""4978aa94-666c-47c7-8024-3ada55195a51"",""deployment"":""e6572e99-435a-4318-8085-a26955b8bae6"",""replica"":""bc280845-512d-4bab-ba8a-2b99bc9ab336""}",2026-04-03T04:39:44.514031893Z
[DB] Synced 3 accounts to database,info,"{""level"":""info""}","{""project"":""ce3616d9-58ad-4ec7-a294-1821e1564434"",""environment"":""fb6513d0-42a4-4660-82b5-509c54b15f2a"",""service"":""4978aa94-666c-47c7-8024-3ada55195a51"",""deployment"":""e6572e99-435a-4318-8085-a26955b8bae6"",""replica"":""bc280845-512d-4bab-ba8a-2b99bc9ab336""}",2026-04-03T04:40:14.390310748Z
2026-04-03 04:40:13 UTC - Services healthy,info,"{""level"":""info""}","{""project"":""ce3616d9-58ad-4ec7-a294-1821e1564434"",""environment"":""fb6513d0-42a4-4660-82b5-509c54b15f2a"",""service"":""4978aa94-666c-47c7-8024-3ada55195a51"",""deployment"":""e6572e99-435a-4318-8085-a26955b8bae6"",""replica"":""bc280845-512d-4bab-ba8a-2b99bc9ab336""}",2026-04-03T04:40:14.390317785Z
[DB] Synced 3 accounts to database,info,"{""level"":""info""}","{""project"":""ce3616d9-58ad-4ec7-a294-1821e1564434"",""environment"":""fb6513d0-42a4-4660-82b5-509c54b15f2a"",""service"":""4978aa94-666c-47c7-8024-3ada55195a51"",""deployment"":""e6572e99-435a-4318-8085-a26955b8bae6"",""replica"":""bc280845-512d-4bab-ba8a-2b99bc9ab336""}",2026-04-03T04:40:44.490971489Z
2026-04-03 04:40:43 UTC - Services healthy,info,"{""level"":""info""}","{""project"":""ce3616d9-58ad-4ec7-a294-1821e1564434"",""environment"":""fb6513d0-42a4-4660-82b5-509c54b15f2a"",""service"":""4978aa94-666c-47c7-8024-3ada55195a51"",""deployment"":""e6572e99-435a-4318-8085-a26955b8bae6"",""replica"":""bc280845-512d-4bab-ba8a-2b99bc9ab336""}",2026-04-03T04:40:44.490985332Z
[DB] Synced 3 accounts to database,info,"{""level"":""info""}","{""project"":""ce3616d9-58ad-4ec7-a294-1821e1564434"",""environment"":""fb6513d0-42a4-4660-82b5-509c54b15f2a"",""service"":""4978aa94-666c-47c7-8024-3ada55195a51"",""deployment"":""e6572e99-435a-4318-8085-a26955b8bae6"",""replica"":""bc280845-512d-4bab-ba8a-2b99bc9ab336""}",2026-04-03T04:41:14.305290949Z
2026-04-03 04:41:13 UTC - Services healthy,info,"{""level"":""info""}","{""project"":""ce3616d9-58ad-4ec7-a294-1821e1564434"",""environment"":""fb6513d0-42a4-4660-82b5-509c54b15f2a"",""service"":""4978aa94-666c-47c7-8024-3ada55195a51"",""deployment"":""e6572e99-435a-4318-8085-a26955b8bae6"",""replica"":""bc280845-512d-4bab-ba8a-2b99bc9ab336""}",2026-04-03T04:41:14.305301120Z
[DB] Synced 3 accounts to database,info,"{""level"":""info""}","{""project"":""ce3616d9-58ad-4ec7-a294-1821e1564434"",""environment"":""fb6513d0-42a4-4660-82b5-509c54b15f2a"",""service"":""4978aa94-666c-47c7-8024-3ada55195a51"",""deployment"":""e6572e99-435a-4318-8085-a26955b8bae6"",""replica"":""bc280845-512d-4bab-ba8a-2b99bc9ab336""}",2026-04-03T04:41:44.324064994Z
2026-04-03 04:41:43 UTC - Services healthy,info,"{""level"":""info""}","{""project"":""ce3616d9-58ad-4ec7-a294-1821e1564434"",""environment"":""fb6513d0-42a4-4660-82b5-509c54b15f2a"",""service"":""4978aa94-666c-47c7-8024-3ada55195a51"",""deployment"":""e6572e99-435a-4318-8085-a26955b8bae6"",""replica"":""bc280845-512d-4bab-ba8a-2b99bc9ab336""}",2026-04-03T04:41:44.324069282Z
[DB] Synced 3 accounts to database,info,"{""level"":""info""}","{""project"":""ce3616d9-58ad-4ec7-a294-1821e1564434"",""environment"":""fb6513d0-42a4-4660-82b5-509c54b15f2a"",""service"":""4978aa94-666c-47c7-8024-3ada55195a51"",""deployment"":""e6572e99-435a-4318-8085-a26955b8bae6"",""replica"":""bc280845-512d-4bab-ba8a-2b99bc9ab336""}",2026-04-03T04:42:14.107988868Z
2026-04-03 04:42:13 UTC - Services healthy,info,"{""level"":""info""}","{""project"":""ce3616d9-58ad-4ec7-a294-1821e1564434"",""environment"":""fb6513d0-42a4-4660-82b5-509c54b15f2a"",""service"":""4978aa94-666c-47c7-8024-3ada55195a51"",""deployment"":""e6572e99-435a-4318-8085-a26955b8bae6"",""replica"":""bc280845-512d-4bab-ba8a-2b99bc9ab336""}",2026-04-03T04:42:14.107995290Z
[DB] Synced 3 accounts to database,info,"{""level"":""info""}","{""project"":""ce3616d9-58ad-4ec7-a294-1821e1564434"",""environment"":""fb6513d0-42a4-4660-82b5-509c54b15f2a"",""service"":""4978aa94-666c-47c7-8024-3ada55195a51"",""deployment"":""e6572e99-435a-4318-8085-a26955b8bae6"",""replica"":""bc280845-512d-4bab-ba8a-2b99bc9ab336""}",2026-04-03T04:42:44.245837123Z
2026-04-03 04:42:43 UTC - Services healthy,info,"{""level"":""info""}","{""project"":""ce3616d9-58ad-4ec7-a294-1821e1564434"",""environment"":""fb6513d0-42a4-4660-82b5-509c54b15f2a"",""service"":""4978aa94-666c-47c7-8024-3ada55195a51"",""deployment"":""e6572e99-435a-4318-8085-a26955b8bae6"",""replica"":""bc280845-512d-4bab-ba8a-2b99bc9ab336""}",2026-04-03T04:42:44.245841891Z
[DB] Synced 3 accounts to database,info,"{""level"":""info""}","{""project"":""ce3616d9-58ad-4ec7-a294-1821e1564434"",""environment"":""fb6513d0-42a4-4660-82b5-509c54b15f2a"",""service"":""4978aa94-666c-47c7-8024-3ada55195a51"",""deployment"":""e6572e99-435a-4318-8085-a26955b8bae6"",""replica"":""bc280845-512d-4bab-ba8a-2b99bc9ab336""}",2026-04-03T04:43:14.079980781Z
2026-04-03 04:43:13 UTC - Services healthy,info,"{""level"":""info""}","{""project"":""ce3616d9-58ad-4ec7-a294-1821e1564434"",""environment"":""fb6513d0-42a4-4660-82b5-509c54b15f2a"",""service"":""4978aa94-666c-47c7-8024-3ada55195a51"",""deployment"":""e6572e99-435a-4318-8085-a26955b8bae6"",""replica"":""bc280845-512d-4bab-ba8a-2b99bc9ab336""}",2026-04-03T04:43:14.079988341Z
[DB] Synced 3 accounts to database,info,"{""level"":""info""}","{""project"":""ce3616d9-58ad-4ec7-a294-1821e1564434"",""environment"":""fb6513d0-42a4-4660-82b5-509c54b15f2a"",""service"":""4978aa94-666c-47c7-8024-3ada55195a51"",""deployment"":""e6572e99-435a-4318-8085-a26955b8bae6"",""replica"":""bc280845-512d-4bab-ba8a-2b99bc9ab336""}",2026-04-03T04:43:44.148755311Z
2026-04-03 04:43:43 UTC - Services healthy,info,"{""level"":""info""}","{""project"":""ce3616d9-58ad-4ec7-a294-1821e1564434"",""environment"":""fb6513d0-42a4-4660-82b5-509c54b15f2a"",""service"":""4978aa94-666c-47c7-8024-3ada55195a51"",""deployment"":""e6572e99-435a-4318-8085-a26955b8bae6"",""replica"":""bc280845-512d-4bab-ba8a-2b99bc9ab336""}",2026-04-03T04:43:44.148761733Z
[DB] Synced 3 accounts to database,info,"{""level"":""info""}","{""project"":""ce3616d9-58ad-4ec7-a294-1821e1564434"",""environment"":""fb6513d0-42a4-4660-82b5-509c54b15f2a"",""service"":""4978aa94-666c-47c7-8024-3ada55195a51"",""deployment"":""e6572e99-435a-4318-8085-a26955b8bae6"",""replica"":""bc280845-512d-4bab-ba8a-2b99bc9ab336""}",2026-04-03T04:44:14.088488987Z
2026-04-03 04:44:13 UTC - Services healthy,info,"{""level"":""info""}","{""project"":""ce3616d9-58ad-4ec7-a294-1821e1564434"",""environment"":""fb6513d0-42a4-4660-82b5-509c54b15f2a"",""service"":""4978aa94-666c-47c7-8024-3ada55195a51"",""deployment"":""e6572e99-435a-4318-8085-a26955b8bae6"",""replica"":""bc280845-512d-4bab-ba8a-2b99bc9ab336""}",2026-04-03T04:44:14.088496709Z
[DB] Synced 3 accounts to database,info,"{""level"":""info""}","{""project"":""ce3616d9-58ad-4ec7-a294-1821e1564434"",""environment"":""fb6513d0-42a4-4660-82b5-509c54b15f2a"",""service"":""4978aa94-666c-47c7-8024-3ada55195a51"",""deployment"":""e6572e99-435a-4318-8085-a26955b8bae6"",""replica"":""bc280845-512d-4bab-ba8a-2b99bc9ab336""}",2026-04-03T04:44:44.452978870Z
2026-04-03 04:44:43 UTC - Services healthy,info,"{""level"":""info""}","{""project"":""ce3616d9-58ad-4ec7-a294-1821e1564434"",""environment"":""fb6513d0-42a4-4660-82b5-509c54b15f2a"",""service"":""4978aa94-666c-47c7-8024-3ada55195a51"",""deployment"":""e6572e99-435a-4318-8085-a26955b8bae6"",""replica"":""bc280845-512d-4bab-ba8a-2b99bc9ab336""}",2026-04-03T04:44:44.452984562Z
[DB] Synced 3 accounts to database,info,"{""level"":""info""}","{""project"":""ce3616d9-58ad-4ec7-a294-1821e1564434"",""environment"":""fb6513d0-42a4-4660-82b5-509c54b15f2a"",""service"":""4978aa94-666c-47c7-8024-3ada55195a51"",""deployment"":""e6572e99-435a-4318-8085-a26955b8bae6"",""replica"":""bc280845-512d-4bab-ba8a-2b99bc9ab336""}",2026-04-03T04:45:14.324243903Z
2026-04-03 04:45:13 UTC - Services healthy,info,"{""level"":""info""}","{""project"":""ce3616d9-58ad-4ec7-a294-1821e1564434"",""environment"":""fb6513d0-42a4-4660-82b5-509c54b15f2a"",""service"":""4978aa94-666c-47c7-8024-3ada55195a51"",""deployment"":""e6572e99-435a-4318-8085-a26955b8bae6"",""replica"":""bc280845-512d-4bab-ba8a-2b99bc9ab336""}",2026-04-03T04:45:14.324250508Z
[DB] Synced 3 accounts to database,info,"{""level"":""info""}","{""project"":""ce3616d9-58ad-4ec7-a294-1821e1564434"",""environment"":""fb6513d0-42a4-4660-82b5-509c54b15f2a"",""service"":""4978aa94-666c-47c7-8024-3ada55195a51"",""deployment"":""e6572e99-435a-4318-8085-a26955b8bae6"",""replica"":""bc280845-512d-4bab-ba8a-2b99bc9ab336""}",2026-04-03T04:45:44.734024889Z
2026-04-03 04:45:43 UTC - Services healthy,info,"{""level"":""info""}","{""project"":""ce3616d9-58ad-4ec7-a294-1821e1564434"",""environment"":""fb6513d0-42a4-4660-82b5-509c54b15f2a"",""service"":""4978aa94-666c-47c7-8024-3ada55195a51"",""deployment"":""e6572e99-435a-4318-8085-a26955b8bae6"",""replica"":""bc280845-512d-4bab-ba8a-2b99bc9ab336""}",2026-04-03T04:45:44.734031649Z
[DB] Synced 3 accounts to database,info,"{""level"":""info""}","{""project"":""ce3616d9-58ad-4ec7-a294-1821e1564434"",""environment"":""fb6513d0-42a4-4660-82b5-509c54b15f2a"",""service"":""4978aa94-666c-47c7-8024-3ada55195a51"",""deployment"":""e6572e99-435a-4318-8085-a26955b8bae6"",""replica"":""bc280845-512d-4bab-ba8a-2b99bc9ab336""}",2026-04-03T04:46:14.593998040Z
2026-04-03 04:46:13 UTC - Services healthy,info,"{""level"":""info""}","{""project"":""ce3616d9-58ad-4ec7-a294-1821e1564434"",""environment"":""fb6513d0-42a4-4660-82b5-509c54b15f2a"",""service"":""4978aa94-666c-47c7-8024-3ada55195a51"",""deployment"":""e6572e99-435a-4318-8085-a26955b8bae6"",""replica"":""bc280845-512d-4bab-ba8a-2b99bc9ab336""}",2026-04-03T04:46:14.594004540Z
[DB] Synced 3 accounts to database,info,"{""level"":""info""}","{""project"":""ce3616d9-58ad-4ec7-a294-1821e1564434"",""environment"":""fb6513d0-42a4-4660-82b5-509c54b15f2a"",""service"":""4978aa94-666c-47c7-8024-3ada55195a51"",""deployment"":""e6572e99-435a-4318-8085-a26955b8bae6"",""replica"":""bc280845-512d-4bab-ba8a-2b99bc9ab336""}",2026-04-03T04:46:44.600930298Z
2026-04-03 04:46:43 UTC - Services healthy,info,"{""level"":""info""}","{""project"":""ce3616d9-58ad-4ec7-a294-1821e1564434"",""environment"":""fb6513d0-42a4-4660-82b5-509c54b15f2a"",""service"":""4978aa94-666c-47c7-8024-3ada55195a51"",""deployment"":""e6572e99-435a-4318-8085-a26955b8bae6"",""replica"":""bc280845-512d-4bab-ba8a-2b99bc9ab336""}",2026-04-03T04:46:44.600937005Z
[DB] Synced 3 accounts to database,info,"{""level"":""info""}","{""project"":""ce3616d9-58ad-4ec7-a294-1821e1564434"",""environment"":""fb6513d0-42a4-4660-82b5-509c54b15f2a"",""service"":""4978aa94-666c-47c7-8024-3ada55195a51"",""deployment"":""e6572e99-435a-4318-8085-a26955b8bae6"",""replica"":""bc280845-512d-4bab-ba8a-2b99bc9ab336""}",2026-04-03T04:47:14.348519729Z
2026-04-03 04:47:13 UTC - Services healthy,info,"{""level"":""info""}","{""project"":""ce3616d9-58ad-4ec7-a294-1821e1564434"",""environment"":""fb6513d0-42a4-4660-82b5-509c54b15f2a"",""service"":""4978aa94-666c-47c7-8024-3ada55195a51"",""deployment"":""e6572e99-435a-4318-8085-a26955b8bae6"",""replica"":""bc280845-512d-4bab-ba8a-2b99bc9ab336""}",2026-04-03T04:47:14.348529136Z
[DB] Synced 3 accounts to database,info,"{""level"":""info""}","{""project"":""ce3616d9-58ad-4ec7-a294-1821e1564434"",""environment"":""fb6513d0-42a4-4660-82b5-509c54b15f2a"",""service"":""4978aa94-666c-47c7-8024-3ada55195a51"",""deployment"":""e6572e99-435a-4318-8085-a26955b8bae6"",""replica"":""bc280845-512d-4bab-ba8a-2b99bc9ab336""}",2026-04-03T04:47:44.387617399Z
2026-04-03 04:47:43 UTC - Services healthy,info,"{""level"":""info""}","{""project"":""ce3616d9-58ad-4ec7-a294-1821e1564434"",""environment"":""fb6513d0-42a4-4660-82b5-509c54b15f2a"",""service"":""4978aa94-666c-47c7-8024-3ada55195a51"",""deployment"":""e6572e99-435a-4318-8085-a26955b8bae6"",""replica"":""bc280845-512d-4bab-ba8a-2b99bc9ab336""}",2026-04-03T04:47:44.387624343Z
[DB] Synced 3 accounts to database,info,"{""level"":""info""}","{""project"":""ce3616d9-58ad-4ec7-a294-1821e1564434"",""environment"":""fb6513d0-42a4-4660-82b5-509c54b15f2a"",""service"":""4978aa94-666c-47c7-8024-3ada55195a51"",""deployment"":""e6572e99-435a-4318-8085-a26955b8bae6"",""replica"":""bc280845-512d-4bab-ba8a-2b99bc9ab336""}",2026-04-03T04:48:14.262647461Z
2026-04-03 04:48:13 UTC - Services healthy,info,"{""level"":""info""}","{""project"":""ce3616d9-58ad-4ec7-a294-1821e1564434"",""environment"":""fb6513d0-42a4-4660-82b5-509c54b15f2a"",""service"":""4978aa94-666c-47c7-8024-3ada55195a51"",""deployment"":""e6572e99-435a-4318-8085-a26955b8bae6"",""replica"":""bc280845-512d-4bab-ba8a-2b99bc9ab336""}",2026-04-03T04:48:14.262652347Z
[DB] Synced 3 accounts to database,info,"{""level"":""info""}","{""project"":""ce3616d9-58ad-4ec7-a294-1821e1564434"",""environment"":""fb6513d0-42a4-4660-82b5-509c54b15f2a"",""service"":""4978aa94-666c-47c7-8024-3ada55195a51"",""deployment"":""e6572e99-435a-4318-8085-a26955b8bae6"",""replica"":""bc280845-512d-4bab-ba8a-2b99bc9ab336""}",2026-04-03T04:48:44.295115737Z
2026-04-03 04:48:43 UTC - Services healthy,info,"{""level"":""info""}","{""project"":""ce3616d9-58ad-4ec7-a294-1821e1564434"",""environment"":""fb6513d0-42a4-4660-82b5-509c54b15f2a"",""service"":""4978aa94-666c-47c7-8024-3ada55195a51"",""deployment"":""e6572e99-435a-4318-8085-a26955b8bae6"",""replica"":""bc280845-512d-4bab-ba8a-2b99bc9ab336""}",2026-04-03T04:48:44.295120229Z
[DB] Synced 3 accounts to database,info,"{""level"":""info""}","{""project"":""ce3616d9-58ad-4ec7-a294-1821e1564434"",""environment"":""fb6513d0-42a4-4660-82b5-509c54b15f2a"",""service"":""4978aa94-666c-47c7-8024-3ada55195a51"",""deployment"":""e6572e99-435a-4318-8085-a26955b8bae6"",""replica"":""bc280845-512d-4bab-ba8a-2b99bc9ab336""}",2026-04-03T04:49:14.634761390Z
2026-04-03 04:49:13 UTC - Services healthy,info,"{""level"":""info""}","{""project"":""ce3616d9-58ad-4ec7-a294-1821e1564434"",""environment"":""fb6513d0-42a4-4660-82b5-509c54b15f2a"",""service"":""4978aa94-666c-47c7-8024-3ada55195a51"",""deployment"":""e6572e99-435a-4318-8085-a26955b8bae6"",""replica"":""bc280845-512d-4bab-ba8a-2b99bc9ab336""}",2026-04-03T04:49:14.634766215Z
[DB] Synced 3 accounts to database,info,"{""level"":""info""}","{""project"":""ce3616d9-58ad-4ec7-a294-1821e1564434"",""environment"":""fb6513d0-42a4-4660-82b5-509c54b15f2a"",""service"":""4978aa94-666c-47c7-8024-3ada55195a51"",""deployment"":""e6572e99-435a-4318-8085-a26955b8bae6"",""replica"":""bc280845-512d-4bab-ba8a-2b99bc9ab336""}",2026-04-03T04:49:44.385808382Z
2026-04-03 04:49:43 UTC - Services healthy,info,"{""level"":""info""}","{""project"":""ce3616d9-58ad-4ec7-a294-1821e1564434"",""environment"":""fb6513d0-42a4-4660-82b5-509c54b15f2a"",""service"":""4978aa94-666c-47c7-8024-3ada55195a51"",""deployment"":""e6572e99-435a-4318-8085-a26955b8bae6"",""replica"":""bc280845-512d-4bab-ba8a-2b99bc9ab336""}",2026-04-03T04:49:44.385814514Z
[DB] Synced 3 accounts to database,info,"{""level"":""info""}","{""project"":""ce3616d9-58ad-4ec7-a294-1821e1564434"",""environment"":""fb6513d0-42a4-4660-82b5-509c54b15f2a"",""service"":""4978aa94-666c-47c7-8024-3ada55195a51"",""deployment"":""e6572e99-435a-4318-8085-a26955b8bae6"",""replica"":""bc280845-512d-4bab-ba8a-2b99bc9ab336""}",2026-04-03T04:50:14.063477030Z
2026-04-03 04:50:13 UTC - Services healthy,info,"{""level"":""info""}","{""project"":""ce3616d9-58ad-4ec7-a294-1821e1564434"",""environment"":""fb6513d0-42a4-4660-82b5-509c54b15f2a"",""service"":""4978aa94-666c-47c7-8024-3ada55195a51"",""deployment"":""e6572e99-435a-4318-8085-a26955b8bae6"",""replica"":""bc280845-512d-4bab-ba8a-2b99bc9ab336""}",2026-04-03T04:50:14.063483630Z
[DB] Synced 3 accounts to database,info,"{""level"":""info""}","{""project"":""ce3616d9-58ad-4ec7-a294-1821e1564434"",""environment"":""fb6513d0-42a4-4660-82b5-509c54b15f2a"",""service"":""4978aa94-666c-47c7-8024-3ada55195a51"",""deployment"":""e6572e99-435a-4318-8085-a26955b8bae6"",""replica"":""bc280845-512d-4bab-ba8a-2b99bc9ab336""}",2026-04-03T04:50:44.208088399Z
2026-04-03 04:50:43 UTC - Services healthy,info,"{""level"":""info""}","{""project"":""ce3616d9-58ad-4ec7-a294-1821e1564434"",""environment"":""fb6513d0-42a4-4660-82b5-509c54b15f2a"",""service"":""4978aa94-666c-47c7-8024-3ada55195a51"",""deployment"":""e6572e99-435a-4318-8085-a26955b8bae6"",""replica"":""bc280845-512d-4bab-ba8a-2b99bc9ab336""}",2026-04-03T04:50:44.208093083Z
[DB] Synced 3 accounts to database,info,"{""level"":""info""}","{""project"":""ce3616d9-58ad-4ec7-a294-1821e1564434"",""environment"":""fb6513d0-42a4-4660-82b5-509c54b15f2a"",""service"":""4978aa94-666c-47c7-8024-3ada55195a51"",""deployment"":""e6572e99-435a-4318-8085-a26955b8bae6"",""replica"":""bc280845-512d-4bab-ba8a-2b99bc9ab336""}",2026-04-03T04:51:14.070545994Z
2026-04-03 04:51:13 UTC - Services healthy,info,"{""level"":""info""}","{""project"":""ce3616d9-58ad-4ec7-a294-1821e1564434"",""environment"":""fb6513d0-42a4-4660-82b5-509c54b15f2a"",""service"":""4978aa94-666c-47c7-8024-3ada55195a51"",""deployment"":""e6572e99-435a-4318-8085-a26955b8bae6"",""replica"":""bc280845-512d-4bab-ba8a-2b99bc9ab336""}",2026-04-03T04:51:14.070556056Z
[DB] Synced 3 accounts to database,info,"{""level"":""info""}","{""project"":""ce3616d9-58ad-4ec7-a294-1821e1564434"",""environment"":""fb6513d0-42a4-4660-82b5-509c54b15f2a"",""service"":""4978aa94-666c-47c7-8024-3ada55195a51"",""deployment"":""e6572e99-435a-4318-8085-a26955b8bae6"",""replica"":""bc280845-512d-4bab-ba8a-2b99bc9ab336""}",2026-04-03T04:51:44.082159220Z
2026-04-03 04:51:44 UTC - Services healthy,info,"{""level"":""info""}","{""project"":""ce3616d9-58ad-4ec7-a294-1821e1564434"",""environment"":""fb6513d0-42a4-4660-82b5-509c54b15f2a"",""service"":""4978aa94-666c-47c7-8024-3ada55195a51"",""deployment"":""e6572e99-435a-4318-8085-a26955b8bae6"",""replica"":""bc280845-512d-4bab-ba8a-2b99bc9ab336""}",2026-04-03T04:51:44.082168101Z
[DB] Synced 3 accounts to database,info,"{""level"":""info""}","{""project"":""ce3616d9-58ad-4ec7-a294-1821e1564434"",""environment"":""fb6513d0-42a4-4660-82b5-509c54b15f2a"",""service"":""4978aa94-666c-47c7-8024-3ada55195a51"",""deployment"":""e6572e99-435a-4318-8085-a26955b8bae6"",""replica"":""bc280845-512d-4bab-ba8a-2b99bc9ab336""}",2026-04-03T04:52:14.042317735Z
2026-04-03 04:52:14 UTC - Services healthy,info,"{""level"":""info""}","{""project"":""ce3616d9-58ad-4ec7-a294-1821e1564434"",""environment"":""fb6513d0-42a4-4660-82b5-509c54b15f2a"",""service"":""4978aa94-666c-47c7-8024-3ada55195a51"",""deployment"":""e6572e99-435a-4318-8085-a26955b8bae6"",""replica"":""bc280845-512d-4bab-ba8a-2b99bc9ab336""}",2026-04-03T04:52:14.042324836Z
[DB] Synced 3 accounts to database,info,"{""level"":""info""}","{""project"":""ce3616d9-58ad-4ec7-a294-1821e1564434"",""environment"":""fb6513d0-42a4-4660-82b5-509c54b15f2a"",""service"":""4978aa94-666c-47c7-8024-3ada55195a51"",""deployment"":""e6572e99-435a-4318-8085-a26955b8bae6"",""replica"":""bc280845-512d-4bab-ba8a-2b99bc9ab336""}",2026-04-03T04:52:44.065715688Z
2026-04-03 04:52:44 UTC - Services healthy,info,"{""level"":""info""}","{""project"":""ce3616d9-58ad-4ec7-a294-1821e1564434"",""environment"":""fb6513d0-42a4-4660-82b5-509c54b15f2a"",""service"":""4978aa94-666c-47c7-8024-3ada55195a51"",""deployment"":""e6572e99-435a-4318-8085-a26955b8bae6"",""replica"":""bc280845-512d-4bab-ba8a-2b99bc9ab336""}",2026-04-03T04:52:44.065726853Z
[DB] Synced 3 accounts to database,info,"{""level"":""info""}","{""project"":""ce3616d9-58ad-4ec7-a294-1821e1564434"",""environment"":""fb6513d0-42a4-4660-82b5-509c54b15f2a"",""service"":""4978aa94-666c-47c7-8024-3ada55195a51"",""deployment"":""e6572e99-435a-4318-8085-a26955b8bae6"",""replica"":""bc280845-512d-4bab-ba8a-2b99bc9ab336""}",2026-04-03T04:53:14.247460679Z
2026-04-03 04:53:14 UTC - Services healthy,info,"{""level"":""info""}","{""project"":""ce3616d9-58ad-4ec7-a294-1821e1564434"",""environment"":""fb6513d0-42a4-4660-82b5-509c54b15f2a"",""service"":""4978aa94-666c-47c7-8024-3ada55195a51"",""deployment"":""e6572e99-435a-4318-8085-a26955b8bae6"",""replica"":""bc280845-512d-4bab-ba8a-2b99bc9ab336""}",2026-04-03T04:53:14.247466719Z
[DB] Synced 3 accounts to database,info,"{""level"":""info""}","{""project"":""ce3616d9-58ad-4ec7-a294-1821e1564434"",""environment"":""fb6513d0-42a4-4660-82b5-509c54b15f2a"",""service"":""4978aa94-666c-47c7-8024-3ada55195a51"",""deployment"":""e6572e99-435a-4318-8085-a26955b8bae6"",""replica"":""bc280845-512d-4bab-ba8a-2b99bc9ab336""}",2026-04-03T04:53:44.229790777Z
2026-04-03 04:53:44 UTC - Services healthy,info,"{""level"":""info""}","{""project"":""ce3616d9-58ad-4ec7-a294-1821e1564434"",""environment"":""fb6513d0-42a4-4660-82b5-509c54b15f2a"",""service"":""4978aa94-666c-47c7-8024-3ada55195a51"",""deployment"":""e6572e99-435a-4318-8085-a26955b8bae6"",""replica"":""bc280845-512d-4bab-ba8a-2b99bc9ab336""}",2026-04-03T04:53:44.229797349Z
[DB] Synced 3 accounts to database,info,"{""level"":""info""}","{""project"":""ce3616d9-58ad-4ec7-a294-1821e1564434"",""environment"":""fb6513d0-42a4-4660-82b5-509c54b15f2a"",""service"":""4978aa94-666c-47c7-8024-3ada55195a51"",""deployment"":""e6572e99-435a-4318-8085-a26955b8bae6"",""replica"":""bc280845-512d-4bab-ba8a-2b99bc9ab336""}",2026-04-03T04:54:14.618572055Z
2026-04-03 04:54:14 UTC - Services healthy,info,"{""level"":""info""}","{""project"":""ce3616d9-58ad-4ec7-a294-1821e1564434"",""environment"":""fb6513d0-42a4-4660-82b5-509c54b15f2a"",""service"":""4978aa94-666c-47c7-8024-3ada55195a51"",""deployment"":""e6572e99-435a-4318-8085-a26955b8bae6"",""replica"":""bc280845-512d-4bab-ba8a-2b99bc9ab336""}",2026-04-03T04:54:14.618578285Z
[DB] Synced 3 accounts to database,info,"{""level"":""info""}","{""project"":""ce3616d9-58ad-4ec7-a294-1821e1564434"",""environment"":""fb6513d0-42a4-4660-82b5-509c54b15f2a"",""service"":""4978aa94-666c-47c7-8024-3ada55195a51"",""deployment"":""e6572e99-435a-4318-8085-a26955b8bae6"",""replica"":""bc280845-512d-4bab-ba8a-2b99bc9ab336""}",2026-04-03T04:54:44.511560344Z
2026-04-03 04:54:44 UTC - Services healthy,info,"{""level"":""info""}","{""project"":""ce3616d9-58ad-4ec7-a294-1821e1564434"",""environment"":""fb6513d0-42a4-4660-82b5-509c54b15f2a"",""service"":""4978aa94-666c-47c7-8024-3ada55195a51"",""deployment"":""e6572e99-435a-4318-8085-a26955b8bae6"",""replica"":""bc280845-512d-4bab-ba8a-2b99bc9ab336""}",2026-04-03T04:54:44.511568483Z
[DB] Synced 3 accounts to database,info,"{""level"":""info""}","{""project"":""ce3616d9-58ad-4ec7-a294-1821e1564434"",""environment"":""fb6513d0-42a4-4660-82b5-509c54b15f2a"",""service"":""4978aa94-666c-47c7-8024-3ada55195a51"",""deployment"":""e6572e99-435a-4318-8085-a26955b8bae6"",""replica"":""bc280845-512d-4bab-ba8a-2b99bc9ab336""}",2026-04-03T04:55:14.567061231Z
2026-04-03 04:55:14 UTC - Services healthy,info,"{""level"":""info""}","{""project"":""ce3616d9-58ad-4ec7-a294-1821e1564434"",""environment"":""fb6513d0-42a4-4660-82b5-509c54b15f2a"",""service"":""4978aa94-666c-47c7-8024-3ada55195a51"",""deployment"":""e6572e99-435a-4318-8085-a26955b8bae6"",""replica"":""bc280845-512d-4bab-ba8a-2b99bc9ab336""}",2026-04-03T04:55:14.567069729Z
[DB] Synced 3 accounts to database,info,"{""level"":""info""}","{""project"":""ce3616d9-58ad-4ec7-a294-1821e1564434"",""environment"":""fb6513d0-42a4-4660-82b5-509c54b15f2a"",""service"":""4978aa94-666c-47c7-8024-3ada55195a51"",""deployment"":""e6572e99-435a-4318-8085-a26955b8bae6"",""replica"":""bc280845-512d-4bab-ba8a-2b99bc9ab336""}",2026-04-03T04:55:44.320203706Z
2026-04-03 04:55:44 UTC - Services healthy,info,"{""level"":""info""}","{""project"":""ce3616d9-58ad-4ec7-a294-1821e1564434"",""environment"":""fb6513d0-42a4-4660-82b5-509c54b15f2a"",""service"":""4978aa94-666c-47c7-8024-3ada55195a51"",""deployment"":""e6572e99-435a-4318-8085-a26955b8bae6"",""replica"":""bc280845-512d-4bab-ba8a-2b99bc9ab336""}",2026-04-03T04:55:44.320212459Z
[DB] Synced 3 accounts to database,info,"{""level"":""info""}","{""project"":""ce3616d9-58ad-4ec7-a294-1821e1564434"",""environment"":""fb6513d0-42a4-4660-82b5-509c54b15f2a"",""service"":""4978aa94-666c-47c7-8024-3ada55195a51"",""deployment"":""e6572e99-435a-4318-8085-a26955b8bae6"",""replica"":""bc280845-512d-4bab-ba8a-2b99bc9ab336""}",2026-04-03T04:56:14.421970501Z
2026-04-03 04:56:14 UTC - Services healthy,info,"{""level"":""info""}","{""project"":""ce3616d9-58ad-4ec7-a294-1821e1564434"",""environment"":""fb6513d0-42a4-4660-82b5-509c54b15f2a"",""service"":""4978aa94-666c-47c7-8024-3ada55195a51"",""deployment"":""e6572e99-435a-4318-8085-a26955b8bae6"",""replica"":""bc280845-512d-4bab-ba8a-2b99bc9ab336""}",2026-04-03T04:56:14.421977037Z
[DB] Synced 3 accounts to database,info,"{""level"":""info""}","{""project"":""ce3616d9-58ad-4ec7-a294-1821e1564434"",""environment"":""fb6513d0-42a4-4660-82b5-509c54b15f2a"",""service"":""4978aa94-666c-47c7-8024-3ada55195a51"",""deployment"":""e6572e99-435a-4318-8085-a26955b8bae6"",""replica"":""bc280845-512d-4bab-ba8a-2b99bc9ab336""}",2026-04-03T04:56:44.273081295Z
2026-04-03 04:56:44 UTC - Services healthy,info,"{""level"":""info""}","{""project"":""ce3616d9-58ad-4ec7-a294-1821e1564434"",""environment"":""fb6513d0-42a4-4660-82b5-509c54b15f2a"",""service"":""4978aa94-666c-47c7-8024-3ada55195a51"",""deployment"":""e6572e99-435a-4318-8085-a26955b8bae6"",""replica"":""bc280845-512d-4bab-ba8a-2b99bc9ab336""}",2026-04-03T04:56:44.273088615Z
[DB] Synced 3 accounts to database,info,"{""level"":""info""}","{""project"":""ce3616d9-58ad-4ec7-a294-1821e1564434"",""environment"":""fb6513d0-42a4-4660-82b5-509c54b15f2a"",""service"":""4978aa94-666c-47c7-8024-3ada55195a51"",""deployment"":""e6572e99-435a-4318-8085-a26955b8bae6"",""replica"":""bc280845-512d-4bab-ba8a-2b99bc9ab336""}",2026-04-03T04:57:14.319906091Z
2026-04-03 04:57:14 UTC - Services healthy,info,"{""level"":""info""}","{""project"":""ce3616d9-58ad-4ec7-a294-1821e1564434"",""environment"":""fb6513d0-42a4-4660-82b5-509c54b15f2a"",""service"":""4978aa94-666c-47c7-8024-3ada55195a51"",""deployment"":""e6572e99-435a-4318-8085-a26955b8bae6"",""replica"":""bc280845-512d-4bab-ba8a-2b99bc9ab336""}",2026-04-03T04:57:14.319911524Z
[DB] Synced 3 accounts to database,info,"{""level"":""info""}","{""project"":""ce3616d9-58ad-4ec7-a294-1821e1564434"",""environment"":""fb6513d0-42a4-4660-82b5-509c54b15f2a"",""service"":""4978aa94-666c-47c7-8024-3ada55195a51"",""deployment"":""e6572e99-435a-4318-8085-a26955b8bae6"",""replica"":""bc280845-512d-4bab-ba8a-2b99bc9ab336""}",2026-04-03T04:57:44.188195244Z
2026-04-03 04:57:44 UTC - Services healthy,info,"{""level"":""info""}","{""project"":""ce3616d9-58ad-4ec7-a294-1821e1564434"",""environment"":""fb6513d0-42a4-4660-82b5-509c54b15f2a"",""service"":""4978aa94-666c-47c7-8024-3ada55195a51"",""deployment"":""e6572e99-435a-4318-8085-a26955b8bae6"",""replica"":""bc280845-512d-4bab-ba8a-2b99bc9ab336""}",2026-04-03T04:57:44.188204819Z
[DB] Synced 3 accounts to database,info,"{""level"":""info""}","{""project"":""ce3616d9-58ad-4ec7-a294-1821e1564434"",""environment"":""fb6513d0-42a4-4660-82b5-509c54b15f2a"",""service"":""4978aa94-666c-47c7-8024-3ada55195a51"",""deployment"":""e6572e99-435a-4318-8085-a26955b8bae6"",""replica"":""bc280845-512d-4bab-ba8a-2b99bc9ab336""}",2026-04-03T04:58:14.346499044Z
2026-04-03 04:58:14 UTC - Services healthy,info,"{""level"":""info""}","{""project"":""ce3616d9-58ad-4ec7-a294-1821e1564434"",""environment"":""fb6513d0-42a4-4660-82b5-509c54b15f2a"",""service"":""4978aa94-666c-47c7-8024-3ada55195a51"",""deployment"":""e6572e99-435a-4318-8085-a26955b8bae6"",""replica"":""bc280845-512d-4bab-ba8a-2b99bc9ab336""}",2026-04-03T04:58:14.346504889Z
[DB] Synced 3 accounts to database,info,"{""level"":""info""}","{""project"":""ce3616d9-58ad-4ec7-a294-1821e1564434"",""environment"":""fb6513d0-42a4-4660-82b5-509c54b15f2a"",""service"":""4978aa94-666c-47c7-8024-3ada55195a51"",""deployment"":""e6572e99-435a-4318-8085-a26955b8bae6"",""replica"":""bc280845-512d-4bab-ba8a-2b99bc9ab336""}",2026-04-03T04:58:44.084778646Z
2026-04-03 04:58:44 UTC - Services healthy,info,"{""level"":""info""}","{""project"":""ce3616d9-58ad-4ec7-a294-1821e1564434"",""environment"":""fb6513d0-42a4-4660-82b5-509c54b15f2a"",""service"":""4978aa94-666c-47c7-8024-3ada55195a51"",""deployment"":""e6572e99-435a-4318-8085-a26955b8bae6"",""replica"":""bc280845-512d-4bab-ba8a-2b99bc9ab336""}",2026-04-03T04:58:44.084786180Z
[DB] Synced 3 accounts to database,info,"{""level"":""info""}","{""project"":""ce3616d9-58ad-4ec7-a294-1821e1564434"",""environment"":""fb6513d0-42a4-4660-82b5-509c54b15f2a"",""service"":""4978aa94-666c-47c7-8024-3ada55195a51"",""deployment"":""e6572e99-435a-4318-8085-a26955b8bae6"",""replica"":""bc280845-512d-4bab-ba8a-2b99bc9ab336""}",2026-04-03T04:59:14.083617763Z
2026-04-03 04:59:14 UTC - Services healthy,info,"{""level"":""info""}","{""project"":""ce3616d9-58ad-4ec7-a294-1821e1564434"",""environment"":""fb6513d0-42a4-4660-82b5-509c54b15f2a"",""service"":""4978aa94-666c-47c7-8024-3ada55195a51"",""deployment"":""e6572e99-435a-4318-8085-a26955b8bae6"",""replica"":""bc280845-512d-4bab-ba8a-2b99bc9ab336""}",2026-04-03T04:59:14.090966610Z
[DB] Synced 3 accounts to database,info,"{""level"":""info""}","{""project"":""ce3616d9-58ad-4ec7-a294-1821e1564434"",""environment"":""fb6513d0-42a4-4660-82b5-509c54b15f2a"",""service"":""4978aa94-666c-47c7-8024-3ada55195a51"",""deployment"":""e6572e99-435a-4318-8085-a26955b8bae6"",""replica"":""bc280845-512d-4bab-ba8a-2b99bc9ab336""}",2026-04-03T04:59:43.817862521Z
2026-04-03 04:59:44 UTC - Services healthy,info,"{""level"":""info""}","{""project"":""ce3616d9-58ad-4ec7-a294-1821e1564434"",""environment"":""fb6513d0-42a4-4660-82b5-509c54b15f2a"",""service"":""4978aa94-666c-47c7-8024-3ada55195a51"",""deployment"":""e6572e99-435a-4318-8085-a26955b8bae6"",""replica"":""bc280845-512d-4bab-ba8a-2b99bc9ab336""}",2026-04-03T04:59:44.100560905Z
[DB] Synced 3 accounts to database,info,"{""level"":""info""}","{""project"":""ce3616d9-58ad-4ec7-a294-1821e1564434"",""environment"":""fb6513d0-42a4-4660-82b5-509c54b15f2a"",""service"":""4978aa94-666c-47c7-8024-3ada55195a51"",""deployment"":""e6572e99-435a-4318-8085-a26955b8bae6"",""replica"":""bc280845-512d-4bab-ba8a-2b99bc9ab336""}",2026-04-03T05:00:14.103672428Z
2026-04-03 05:00:14 UTC - Services healthy,info,"{""level"":""info""}","{""project"":""ce3616d9-58ad-4ec7-a294-1821e1564434"",""environment"":""fb6513d0-42a4-4660-82b5-509c54b15f2a"",""service"":""4978aa94-666c-47c7-8024-3ada55195a51"",""deployment"":""e6572e99-435a-4318-8085-a26955b8bae6"",""replica"":""bc280845-512d-4bab-ba8a-2b99bc9ab336""}",2026-04-03T05:00:14.103679235Z
[DB] Synced 3 accounts to database,info,"{""level"":""info""}","{""project"":""ce3616d9-58ad-4ec7-a294-1821e1564434"",""environment"":""fb6513d0-42a4-4660-82b5-509c54b15f2a"",""service"":""4978aa94-666c-47c7-8024-3ada55195a51"",""deployment"":""e6572e99-435a-4318-8085-a26955b8bae6"",""replica"":""bc280845-512d-4bab-ba8a-2b99bc9ab336""}",2026-04-03T05:00:44.123097274Z
2026-04-03 05:00:44 UTC - Services healthy,info,"{""level"":""info""}","{""project"":""ce3616d9-58ad-4ec7-a294-1821e1564434"",""environment"":""fb6513d0-42a4-4660-82b5-509c54b15f2a"",""service"":""4978aa94-666c-47c7-8024-3ada55195a51"",""deployment"":""e6572e99-435a-4318-8085-a26955b8bae6"",""replica"":""bc280845-512d-4bab-ba8a-2b99bc9ab336""}",2026-04-03T05:00:44.123102498Z
[DB] Synced 3 accounts to database,info,"{""level"":""info""}","{""project"":""ce3616d9-58ad-4ec7-a294-1821e1564434"",""environment"":""fb6513d0-42a4-4660-82b5-509c54b15f2a"",""service"":""4978aa94-666c-47c7-8024-3ada55195a51"",""deployment"":""e6572e99-435a-4318-8085-a26955b8bae6"",""replica"":""bc280845-512d-4bab-ba8a-2b99bc9ab336""}",2026-04-03T05:01:13.999270153Z
2026-04-03 05:01:14 UTC - Services healthy,info,"{""level"":""info""}","{""project"":""ce3616d9-58ad-4ec7-a294-1821e1564434"",""environment"":""fb6513d0-42a4-4660-82b5-509c54b15f2a"",""service"":""4978aa94-666c-47c7-8024-3ada55195a51"",""deployment"":""e6572e99-435a-4318-8085-a26955b8bae6"",""replica"":""bc280845-512d-4bab-ba8a-2b99bc9ab336""}",2026-04-03T05:01:14.379917529Z
[DB] Synced 3 accounts to database,info,"{""level"":""info""}","{""project"":""ce3616d9-58ad-4ec7-a294-1821e1564434"",""environment"":""fb6513d0-42a4-4660-82b5-509c54b15f2a"",""service"":""4978aa94-666c-47c7-8024-3ada55195a51"",""deployment"":""e6572e99-435a-4318-8085-a26955b8bae6"",""replica"":""bc280845-512d-4bab-ba8a-2b99bc9ab336""}",2026-04-03T05:01:44.367476889Z
2026-04-03 05:01:44 UTC - Services healthy,info,"{""level"":""info""}","{""project"":""ce3616d9-58ad-4ec7-a294-1821e1564434"",""environment"":""fb6513d0-42a4-4660-82b5-509c54b15f2a"",""service"":""4978aa94-666c-47c7-8024-3ada55195a51"",""deployment"":""e6572e99-435a-4318-8085-a26955b8bae6"",""replica"":""bc280845-512d-4bab-ba8a-2b99bc9ab336""}",2026-04-03T05:01:44.367493794Z
[DB] Synced 3 accounts to database,info,"{""level"":""info""}","{""project"":""ce3616d9-58ad-4ec7-a294-1821e1564434"",""environment"":""fb6513d0-42a4-4660-82b5-509c54b15f2a"",""service"":""4978aa94-666c-47c7-8024-3ada55195a51"",""deployment"":""e6572e99-435a-4318-8085-a26955b8bae6"",""replica"":""bc280845-512d-4bab-ba8a-2b99bc9ab336""}",2026-04-03T05:02:14.757944595Z
2026-04-03 05:02:14 UTC - Services healthy,info,"{""level"":""info""}","{""project"":""ce3616d9-58ad-4ec7-a294-1821e1564434"",""environment"":""fb6513d0-42a4-4660-82b5-509c54b15f2a"",""service"":""4978aa94-666c-47c7-8024-3ada55195a51"",""deployment"":""e6572e99-435a-4318-8085-a26955b8bae6"",""replica"":""bc280845-512d-4bab-ba8a-2b99bc9ab336""}",2026-04-03T05:02:14.757952570Z
[DB] Synced 3 accounts to database,info,"{""level"":""info""}","{""project"":""ce3616d9-58ad-4ec7-a294-1821e1564434"",""environment"":""fb6513d0-42a4-4660-82b5-509c54b15f2a"",""service"":""4978aa94-666c-47c7-8024-3ada55195a51"",""deployment"":""e6572e99-435a-4318-8085-a26955b8bae6"",""replica"":""bc280845-512d-4bab-ba8a-2b99bc9ab336""}",2026-04-03T05:02:44.693237437Z
2026-04-03 05:02:44 UTC - Services healthy,info,"{""level"":""info""}","{""project"":""ce3616d9-58ad-4ec7-a294-1821e1564434"",""environment"":""fb6513d0-42a4-4660-82b5-509c54b15f2a"",""service"":""4978aa94-666c-47c7-8024-3ada55195a51"",""deployment"":""e6572e99-435a-4318-8085-a26955b8bae6"",""replica"":""bc280845-512d-4bab-ba8a-2b99bc9ab336""}",2026-04-03T05:02:44.693244289Z
[DB] Synced 3 accounts to database,info,"{""level"":""info""}","{""project"":""ce3616d9-58ad-4ec7-a294-1821e1564434"",""environment"":""fb6513d0-42a4-4660-82b5-509c54b15f2a"",""service"":""4978aa94-666c-47c7-8024-3ada55195a51"",""deployment"":""e6572e99-435a-4318-8085-a26955b8bae6"",""replica"":""bc280845-512d-4bab-ba8a-2b99bc9ab336""}",2026-04-03T05:03:14.988991028Z
2026-04-03 05:03:14 UTC - Services healthy,info,"{""level"":""info""}","{""project"":""ce3616d9-58ad-4ec7-a294-1821e1564434"",""environment"":""fb6513d0-42a4-4660-82b5-509c54b15f2a"",""service"":""4978aa94-666c-47c7-8024-3ada55195a51"",""deployment"":""e6572e99-435a-4318-8085-a26955b8bae6"",""replica"":""bc280845-512d-4bab-ba8a-2b99bc9ab336""}",2026-04-03T05:03:14.988998289Z
[DB] Synced 3 accounts to database,info,"{""level"":""info""}","{""project"":""ce3616d9-58ad-4ec7-a294-1821e1564434"",""environment"":""fb6513d0-42a4-4660-82b5-509c54b15f2a"",""service"":""4978aa94-666c-47c7-8024-3ada55195a51"",""deployment"":""e6572e99-435a-4318-8085-a26955b8bae6"",""replica"":""bc280845-512d-4bab-ba8a-2b99bc9ab336""}",2026-04-03T05:03:44.943623705Z
2026-04-03 05:03:44 UTC - Services healthy,info,"{""level"":""info""}","{""project"":""ce3616d9-58ad-4ec7-a294-1821e1564434"",""environment"":""fb6513d0-42a4-4660-82b5-509c54b15f2a"",""service"":""4978aa94-666c-47c7-8024-3ada55195a51"",""deployment"":""e6572e99-435a-4318-8085-a26955b8bae6"",""replica"":""bc280845-512d-4bab-ba8a-2b99bc9ab336""}",2026-04-03T05:03:44.943633740Z
[DB] Synced 3 accounts to database,info,"{""level"":""info""}","{""project"":""ce3616d9-58ad-4ec7-a294-1821e1564434"",""environment"":""fb6513d0-42a4-4660-82b5-509c54b15f2a"",""service"":""4978aa94-666c-47c7-8024-3ada55195a51"",""deployment"":""e6572e99-435a-4318-8085-a26955b8bae6"",""replica"":""bc280845-512d-4bab-ba8a-2b99bc9ab336""}",2026-04-03T05:04:15.174567698Z
2026-04-03 05:04:14 UTC - Services healthy,info,"{""level"":""info""}","{""project"":""ce3616d9-58ad-4ec7-a294-1821e1564434"",""environment"":""fb6513d0-42a4-4660-82b5-509c54b15f2a"",""service"":""4978aa94-666c-47c7-8024-3ada55195a51"",""deployment"":""e6572e99-435a-4318-8085-a26955b8bae6"",""replica"":""bc280845-512d-4bab-ba8a-2b99bc9ab336""}",2026-04-03T05:04:15.174573098Z
[DB] Synced 3 accounts to database,info,"{""level"":""info""}","{""project"":""ce3616d9-58ad-4ec7-a294-1821e1564434"",""environment"":""fb6513d0-42a4-4660-82b5-509c54b15f2a"",""service"":""4978aa94-666c-47c7-8024-3ada55195a51"",""deployment"":""e6572e99-435a-4318-8085-a26955b8bae6"",""replica"":""bc280845-512d-4bab-ba8a-2b99bc9ab336""}",2026-04-03T05:04:45.047503058Z
2026-04-03 05:04:44 UTC - Services healthy,info,"{""level"":""info""}","{""project"":""ce3616d9-58ad-4ec7-a294-1821e1564434"",""environment"":""fb6513d0-42a4-4660-82b5-509c54b15f2a"",""service"":""4978aa94-666c-47c7-8024-3ada55195a51"",""deployment"":""e6572e99-435a-4318-8085-a26955b8bae6"",""replica"":""bc280845-512d-4bab-ba8a-2b99bc9ab336""}",2026-04-03T05:04:45.047512095Z
[DB] Synced 3 accounts to database,info,"{""level"":""info""}","{""project"":""ce3616d9-58ad-4ec7-a294-1821e1564434"",""environment"":""fb6513d0-42a4-4660-82b5-509c54b15f2a"",""service"":""4978aa94-666c-47c7-8024-3ada55195a51"",""deployment"":""e6572e99-435a-4318-8085-a26955b8bae6"",""replica"":""bc280845-512d-4bab-ba8a-2b99bc9ab336""}",2026-04-03T05:05:15.267332983Z
2026-04-03 05:05:14 UTC - Services healthy,info,"{""level"":""info""}","{""project"":""ce3616d9-58ad-4ec7-a294-1821e1564434"",""environment"":""fb6513d0-42a4-4660-82b5-509c54b15f2a"",""service"":""4978aa94-666c-47c7-8024-3ada55195a51"",""deployment"":""e6572e99-435a-4318-8085-a26955b8bae6"",""replica"":""bc280845-512d-4bab-ba8a-2b99bc9ab336""}",2026-04-03T05:05:15.267340030Z
[DB] Synced 3 accounts to database,info,"{""level"":""info""}","{""project"":""ce3616d9-58ad-4ec7-a294-1821e1564434"",""environment"":""fb6513d0-42a4-4660-82b5-509c54b15f2a"",""service"":""4978aa94-666c-47c7-8024-3ada55195a51"",""deployment"":""e6572e99-435a-4318-8085-a26955b8bae6"",""replica"":""bc280845-512d-4bab-ba8a-2b99bc9ab336""}",2026-04-03T05:05:45.078994697Z
2026-04-03 05:05:44 UTC - Services healthy,info,"{""level"":""info""}","{""project"":""ce3616d9-58ad-4ec7-a294-1821e1564434"",""environment"":""fb6513d0-42a4-4660-82b5-509c54b15f2a"",""service"":""4978aa94-666c-47c7-8024-3ada55195a51"",""deployment"":""e6572e99-435a-4318-8085-a26955b8bae6"",""replica"":""bc280845-512d-4bab-ba8a-2b99bc9ab336""}",2026-04-03T05:05:45.079005561Z
[DB] Synced 3 accounts to database,info,"{""level"":""info""}","{""project"":""ce3616d9-58ad-4ec7-a294-1821e1564434"",""environment"":""fb6513d0-42a4-4660-82b5-509c54b15f2a"",""service"":""4978aa94-666c-47c7-8024-3ada55195a51"",""deployment"":""e6572e99-435a-4318-8085-a26955b8bae6"",""replica"":""bc280845-512d-4bab-ba8a-2b99bc9ab336""}",2026-04-03T05:06:15.352223531Z
2026-04-03 05:06:14 UTC - Services healthy,info,"{""level"":""info""}","{""project"":""ce3616d9-58ad-4ec7-a294-1821e1564434"",""environment"":""fb6513d0-42a4-4660-82b5-509c54b15f2a"",""service"":""4978aa94-666c-47c7-8024-3ada55195a51"",""deployment"":""e6572e99-435a-4318-8085-a26955b8bae6"",""replica"":""bc280845-512d-4bab-ba8a-2b99bc9ab336""}",2026-04-03T05:06:15.352230340Z
[DB] Synced 3 accounts to database,info,"{""level"":""info""}","{""project"":""ce3616d9-58ad-4ec7-a294-1821e1564434"",""environment"":""fb6513d0-42a4-4660-82b5-509c54b15f2a"",""service"":""4978aa94-666c-47c7-8024-3ada55195a51"",""deployment"":""e6572e99-435a-4318-8085-a26955b8bae6"",""replica"":""bc280845-512d-4bab-ba8a-2b99bc9ab336""}",2026-04-03T05:06:45.310017564Z
2026-04-03 05:06:44 UTC - Services healthy,info,"{""level"":""info""}","{""project"":""ce3616d9-58ad-4ec7-a294-1821e1564434"",""environment"":""fb6513d0-42a4-4660-82b5-509c54b15f2a"",""service"":""4978aa94-666c-47c7-8024-3ada55195a51"",""deployment"":""e6572e99-435a-4318-8085-a26955b8bae6"",""replica"":""bc280845-512d-4bab-ba8a-2b99bc9ab336""}",2026-04-03T05:06:45.310026729Z
[DB] Synced 3 accounts to database,info,"{""level"":""info""}","{""project"":""ce3616d9-58ad-4ec7-a294-1821e1564434"",""environment"":""fb6513d0-42a4-4660-82b5-509c54b15f2a"",""service"":""4978aa94-666c-47c7-8024-3ada55195a51"",""deployment"":""e6572e99-435a-4318-8085-a26955b8bae6"",""replica"":""bc280845-512d-4bab-ba8a-2b99bc9ab336""}",2026-04-03T05:07:15.405298880Z
2026-04-03 05:07:14 UTC - Services healthy,info,"{""level"":""info""}","{""project"":""ce3616d9-58ad-4ec7-a294-1821e1564434"",""environment"":""fb6513d0-42a4-4660-82b5-509c54b15f2a"",""service"":""4978aa94-666c-47c7-8024-3ada55195a51"",""deployment"":""e6572e99-435a-4318-8085-a26955b8bae6"",""replica"":""bc280845-512d-4bab-ba8a-2b99bc9ab336""}",2026-04-03T05:07:15.405306712Z
[DB] Synced 3 accounts to database,info,"{""level"":""info""}","{""project"":""ce3616d9-58ad-4ec7-a294-1821e1564434"",""environment"":""fb6513d0-42a4-4660-82b5-509c54b15f2a"",""service"":""4978aa94-666c-47c7-8024-3ada55195a51"",""deployment"":""e6572e99-435a-4318-8085-a26955b8bae6"",""replica"":""bc280845-512d-4bab-ba8a-2b99bc9ab336""}",2026-04-03T05:07:45.388242262Z
2026-04-03 05:07:44 UTC - Services healthy,info,"{""level"":""info""}","{""project"":""ce3616d9-58ad-4ec7-a294-1821e1564434"",""environment"":""fb6513d0-42a4-4660-82b5-509c54b15f2a"",""service"":""4978aa94-666c-47c7-8024-3ada55195a51"",""deployment"":""e6572e99-435a-4318-8085-a26955b8bae6"",""replica"":""bc280845-512d-4bab-ba8a-2b99bc9ab336""}",2026-04-03T05:07:45.388251317Z
[DB] Synced 3 accounts to database,info,"{""level"":""info""}","{""project"":""ce3616d9-58ad-4ec7-a294-1821e1564434"",""environment"":""fb6513d0-42a4-4660-82b5-509c54b15f2a"",""service"":""4978aa94-666c-47c7-8024-3ada55195a51"",""deployment"":""e6572e99-435a-4318-8085-a26955b8bae6"",""replica"":""bc280845-512d-4bab-ba8a-2b99bc9ab336""}",2026-04-03T05:08:15.680873751Z
2026-04-03 05:08:14 UTC - Services healthy,info,"{""level"":""info""}","{""project"":""ce3616d9-58ad-4ec7-a294-1821e1564434"",""environment"":""fb6513d0-42a4-4660-82b5-509c54b15f2a"",""service"":""4978aa94-666c-47c7-8024-3ada55195a51"",""deployment"":""e6572e99-435a-4318-8085-a26955b8bae6"",""replica"":""bc280845-512d-4bab-ba8a-2b99bc9ab336""}",2026-04-03T05:08:15.680879239Z
[DB] Synced 3 accounts to database,info,"{""level"":""info""}","{""project"":""ce3616d9-58ad-4ec7-a294-1821e1564434"",""environment"":""fb6513d0-42a4-4660-82b5-509c54b15f2a"",""service"":""4978aa94-666c-47c7-8024-3ada55195a51"",""deployment"":""e6572e99-435a-4318-8085-a26955b8bae6"",""replica"":""bc280845-512d-4bab-ba8a-2b99bc9ab336""}",2026-04-03T05:08:45.508914790Z
2026-04-03 05:08:44 UTC - Services healthy,info,"{""level"":""info""}","{""project"":""ce3616d9-58ad-4ec7-a294-1821e1564434"",""environment"":""fb6513d0-42a4-4660-82b5-509c54b15f2a"",""service"":""4978aa94-666c-47c7-8024-3ada55195a51"",""deployment"":""e6572e99-435a-4318-8085-a26955b8bae6"",""replica"":""bc280845-512d-4bab-ba8a-2b99bc9ab336""}",2026-04-03T05:08:45.508923967Z
[DB] Synced 3 accounts to database,info,"{""level"":""info""}","{""project"":""ce3616d9-58ad-4ec7-a294-1821e1564434"",""environment"":""fb6513d0-42a4-4660-82b5-509c54b15f2a"",""service"":""4978aa94-666c-47c7-8024-3ada55195a51"",""deployment"":""e6572e99-435a-4318-8085-a26955b8bae6"",""replica"":""bc280845-512d-4bab-ba8a-2b99bc9ab336""}",2026-04-03T05:09:15.605795165Z
2026-04-03 05:09:14 UTC - Services healthy,info,"{""level"":""info""}","{""project"":""ce3616d9-58ad-4ec7-a294-1821e1564434"",""environment"":""fb6513d0-42a4-4660-82b5-509c54b15f2a"",""service"":""4978aa94-666c-47c7-8024-3ada55195a51"",""deployment"":""e6572e99-435a-4318-8085-a26955b8bae6"",""replica"":""bc280845-512d-4bab-ba8a-2b99bc9ab336""}",2026-04-03T05:09:15.605805999Z
[DB] Synced 3 accounts to database,info,"{""level"":""info""}","{""project"":""ce3616d9-58ad-4ec7-a294-1821e1564434"",""environment"":""fb6513d0-42a4-4660-82b5-509c54b15f2a"",""service"":""4978aa94-666c-47c7-8024-3ada55195a51"",""deployment"":""e6572e99-435a-4318-8085-a26955b8bae6"",""replica"":""bc280845-512d-4bab-ba8a-2b99bc9ab336""}",2026-04-03T05:09:45.446314530Z
2026-04-03 05:09:44 UTC - Services healthy,info,"{""level"":""info""}","{""project"":""ce3616d9-58ad-4ec7-a294-1821e1564434"",""environment"":""fb6513d0-42a4-4660-82b5-509c54b15f2a"",""service"":""4978aa94-666c-47c7-8024-3ada55195a51"",""deployment"":""e6572e99-435a-4318-8085-a26955b8bae6"",""replica"":""bc280845-512d-4bab-ba8a-2b99bc9ab336""}",2026-04-03T05:09:45.446320348Z
[DB] Synced 3 accounts to database,info,"{""level"":""info""}","{""project"":""ce3616d9-58ad-4ec7-a294-1821e1564434"",""environment"":""fb6513d0-42a4-4660-82b5-509c54b15f2a"",""service"":""4978aa94-666c-47c7-8024-3ada55195a51"",""deployment"":""e6572e99-435a-4318-8085-a26955b8bae6"",""replica"":""bc280845-512d-4bab-ba8a-2b99bc9ab336""}",2026-04-03T05:10:15.142115846Z
2026-04-03 05:10:14 UTC - Services healthy,info,"{""level"":""info""}","{""project"":""ce3616d9-58ad-4ec7-a294-1821e1564434"",""environment"":""fb6513d0-42a4-4660-82b5-509c54b15f2a"",""service"":""4978aa94-666c-47c7-8024-3ada55195a51"",""deployment"":""e6572e99-435a-4318-8085-a26955b8bae6"",""replica"":""bc280845-512d-4bab-ba8a-2b99bc9ab336""}",2026-04-03T05:10:15.142127297Z
[DB] Synced 3 accounts to database,info,"{""level"":""info""}","{""project"":""ce3616d9-58ad-4ec7-a294-1821e1564434"",""environment"":""fb6513d0-42a4-4660-82b5-509c54b15f2a"",""service"":""4978aa94-666c-47c7-8024-3ada55195a51"",""deployment"":""e6572e99-435a-4318-8085-a26955b8bae6"",""replica"":""bc280845-512d-4bab-ba8a-2b99bc9ab336""}",2026-04-03T05:10:45.297936401Z
2026-04-03 05:10:44 UTC - Services healthy,info,"{""level"":""info""}","{""project"":""ce3616d9-58ad-4ec7-a294-1821e1564434"",""environment"":""fb6513d0-42a4-4660-82b5-509c54b15f2a"",""service"":""4978aa94-666c-47c7-8024-3ada55195a51"",""deployment"":""e6572e99-435a-4318-8085-a26955b8bae6"",""replica"":""bc280845-512d-4bab-ba8a-2b99bc9ab336""}",2026-04-03T05:10:45.297943810Z
[DB] Synced 3 accounts to database,info,"{""level"":""info""}","{""project"":""ce3616d9-58ad-4ec7-a294-1821e1564434"",""environment"":""fb6513d0-42a4-4660-82b5-509c54b15f2a"",""service"":""4978aa94-666c-47c7-8024-3ada55195a51"",""deployment"":""e6572e99-435a-4318-8085-a26955b8bae6"",""replica"":""bc280845-512d-4bab-ba8a-2b99bc9ab336""}",2026-04-03T05:11:15.247974947Z
2026-04-03 05:11:14 UTC - Services healthy,info,"{""level"":""info""}","{""project"":""ce3616d9-58ad-4ec7-a294-1821e1564434"",""environment"":""fb6513d0-42a4-4660-82b5-509c54b15f2a"",""service"":""4978aa94-666c-47c7-8024-3ada55195a51"",""deployment"":""e6572e99-435a-4318-8085-a26955b8bae6"",""replica"":""bc280845-512d-4bab-ba8a-2b99bc9ab336""}",2026-04-03T05:11:15.247980761Z
[DB] Synced 3 accounts to database,info,"{""level"":""info""}","{""project"":""ce3616d9-58ad-4ec7-a294-1821e1564434"",""environment"":""fb6513d0-42a4-4660-82b5-509c54b15f2a"",""service"":""4978aa94-666c-47c7-8024-3ada55195a51"",""deployment"":""e6572e99-435a-4318-8085-a26955b8bae6"",""replica"":""bc280845-512d-4bab-ba8a-2b99bc9ab336""}",2026-04-03T05:11:45.399646787Z
2026-04-03 05:11:44 UTC - Services healthy,info,"{""level"":""info""}","{""project"":""ce3616d9-58ad-4ec7-a294-1821e1564434"",""environment"":""fb6513d0-42a4-4660-82b5-509c54b15f2a"",""service"":""4978aa94-666c-47c7-8024-3ada55195a51"",""deployment"":""e6572e99-435a-4318-8085-a26955b8bae6"",""replica"":""bc280845-512d-4bab-ba8a-2b99bc9ab336""}",2026-04-03T05:11:45.399653184Z
[DB] Synced 3 accounts to database,info,"{""level"":""info""}","{""project"":""ce3616d9-58ad-4ec7-a294-1821e1564434"",""environment"":""fb6513d0-42a4-4660-82b5-509c54b15f2a"",""service"":""4978aa94-666c-47c7-8024-3ada55195a51"",""deployment"":""e6572e99-435a-4318-8085-a26955b8bae6"",""replica"":""bc280845-512d-4bab-ba8a-2b99bc9ab336""}",2026-04-03T05:12:15.603089279Z
2026-04-03 05:12:14 UTC - Services healthy,info,"{""level"":""info""}","{""project"":""ce3616d9-58ad-4ec7-a294-1821e1564434"",""environment"":""fb6513d0-42a4-4660-82b5-509c54b15f2a"",""service"":""4978aa94-666c-47c7-8024-3ada55195a51"",""deployment"":""e6572e99-435a-4318-8085-a26955b8bae6"",""replica"":""bc280845-512d-4bab-ba8a-2b99bc9ab336""}",2026-04-03T05:12:15.603096692Z
[DB] Synced 3 accounts to database,info,"{""level"":""info""}","{""project"":""ce3616d9-58ad-4ec7-a294-1821e1564434"",""environment"":""fb6513d0-42a4-4660-82b5-509c54b15f2a"",""service"":""4978aa94-666c-47c7-8024-3ada55195a51"",""deployment"":""e6572e99-435a-4318-8085-a26955b8bae6"",""replica"":""bc280845-512d-4bab-ba8a-2b99bc9ab336""}",2026-04-03T05:12:45.432029066Z
2026-04-03 05:12:44 UTC - Services healthy,info,"{""level"":""info""}","{""project"":""ce3616d9-58ad-4ec7-a294-1821e1564434"",""environment"":""fb6513d0-42a4-4660-82b5-509c54b15f2a"",""service"":""4978aa94-666c-47c7-8024-3ada55195a51"",""deployment"":""e6572e99-435a-4318-8085-a26955b8bae6"",""replica"":""bc280845-512d-4bab-ba8a-2b99bc9ab336""}",2026-04-03T05:12:45.432038173Z
[DB] Synced 3 accounts to database,info,"{""level"":""info""}","{""project"":""ce3616d9-58ad-4ec7-a294-1821e1564434"",""environment"":""fb6513d0-42a4-4660-82b5-509c54b15f2a"",""service"":""4978aa94-666c-47c7-8024-3ada55195a51"",""deployment"":""e6572e99-435a-4318-8085-a26955b8bae6"",""replica"":""bc280845-512d-4bab-ba8a-2b99bc9ab336""}",2026-04-03T05:13:15.589450320Z
2026-04-03 05:13:14 UTC - Services healthy,info,"{""level"":""info""}","{""project"":""ce3616d9-58ad-4ec7-a294-1821e1564434"",""environment"":""fb6513d0-42a4-4660-82b5-509c54b15f2a"",""service"":""4978aa94-666c-47c7-8024-3ada55195a51"",""deployment"":""e6572e99-435a-4318-8085-a26955b8bae6"",""replica"":""bc280845-512d-4bab-ba8a-2b99bc9ab336""}",2026-04-03T05:13:15.589458431Z
[DB] Synced 3 accounts to database,info,"{""level"":""info""}","{""project"":""ce3616d9-58ad-4ec7-a294-1821e1564434"",""environment"":""fb6513d0-42a4-4660-82b5-509c54b15f2a"",""service"":""4978aa94-666c-47c7-8024-3ada55195a51"",""deployment"":""e6572e99-435a-4318-8085-a26955b8bae6"",""replica"":""bc280845-512d-4bab-ba8a-2b99bc9ab336""}",2026-04-03T05:13:45.508349770Z
2026-04-03 05:13:44 UTC - Services healthy,info,"{""level"":""info""}","{""project"":""ce3616d9-58ad-4ec7-a294-1821e1564434"",""environment"":""fb6513d0-42a4-4660-82b5-509c54b15f2a"",""service"":""4978aa94-666c-47c7-8024-3ada55195a51"",""deployment"":""e6572e99-435a-4318-8085-a26955b8bae6"",""replica"":""bc280845-512d-4bab-ba8a-2b99bc9ab336""}",2026-04-03T05:13:45.508357868Z
[DB] Synced 3 accounts to database,info,"{""level"":""info""}","{""project"":""ce3616d9-58ad-4ec7-a294-1821e1564434"",""environment"":""fb6513d0-42a4-4660-82b5-509c54b15f2a"",""service"":""4978aa94-666c-47c7-8024-3ada55195a51"",""deployment"":""e6572e99-435a-4318-8085-a26955b8bae6"",""replica"":""bc280845-512d-4bab-ba8a-2b99bc9ab336""}",2026-04-03T05:14:15.242919595Z
2026-04-03 05:14:14 UTC - Services healthy,info,"{""level"":""info""}","{""project"":""ce3616d9-58ad-4ec7-a294-1821e1564434"",""environment"":""fb6513d0-42a4-4660-82b5-509c54b15f2a"",""service"":""4978aa94-666c-47c7-8024-3ada55195a51"",""deployment"":""e6572e99-435a-4318-8085-a26955b8bae6"",""replica"":""bc280845-512d-4bab-ba8a-2b99bc9ab336""}",2026-04-03T05:14:15.242926115Z
[DB] Synced 3 accounts to database,info,"{""level"":""info""}","{""project"":""ce3616d9-58ad-4ec7-a294-1821e1564434"",""environment"":""fb6513d0-42a4-4660-82b5-509c54b15f2a"",""service"":""4978aa94-666c-47c7-8024-3ada55195a51"",""deployment"":""e6572e99-435a-4318-8085-a26955b8bae6"",""replica"":""bc280845-512d-4bab-ba8a-2b99bc9ab336""}",2026-04-03T05:14:45.580937279Z
2026-04-03 05:14:44 UTC - Services healthy,info,"{""level"":""info""}","{""project"":""ce3616d9-58ad-4ec7-a294-1821e1564434"",""environment"":""fb6513d0-42a4-4660-82b5-509c54b15f2a"",""service"":""4978aa94-666c-47c7-8024-3ada55195a51"",""deployment"":""e6572e99-435a-4318-8085-a26955b8bae6"",""replica"":""bc280845-512d-4bab-ba8a-2b99bc9ab336""}",2026-04-03T05:14:45.580945241Z
[DB] Synced 3 accounts to database,info,"{""level"":""info""}","{""project"":""ce3616d9-58ad-4ec7-a294-1821e1564434"",""environment"":""fb6513d0-42a4-4660-82b5-509c54b15f2a"",""service"":""4978aa94-666c-47c7-8024-3ada55195a51"",""deployment"":""e6572e99-435a-4318-8085-a26955b8bae6"",""replica"":""bc280845-512d-4bab-ba8a-2b99bc9ab336""}",2026-04-03T05:15:15.391325921Z
2026-04-03 05:15:14 UTC - Services healthy,info,"{""level"":""info""}","{""project"":""ce3616d9-58ad-4ec7-a294-1821e1564434"",""environment"":""fb6513d0-42a4-4660-82b5-509c54b15f2a"",""service"":""4978aa94-666c-47c7-8024-3ada55195a51"",""deployment"":""e6572e99-435a-4318-8085-a26955b8bae6"",""replica"":""bc280845-512d-4bab-ba8a-2b99bc9ab336""}",2026-04-03T05:15:15.391336242Z
[DB] Synced 3 accounts to database,info,"{""level"":""info""}","{""project"":""ce3616d9-58ad-4ec7-a294-1821e1564434"",""environment"":""fb6513d0-42a4-4660-82b5-509c54b15f2a"",""service"":""4978aa94-666c-47c7-8024-3ada55195a51"",""deployment"":""e6572e99-435a-4318-8085-a26955b8bae6"",""replica"":""bc280845-512d-4bab-ba8a-2b99bc9ab336""}",2026-04-03T05:15:45.576320697Z
2026-04-03 05:15:44 UTC - Services healthy,info,"{""level"":""info""}","{""project"":""ce3616d9-58ad-4ec7-a294-1821e1564434"",""environment"":""fb6513d0-42a4-4660-82b5-509c54b15f2a"",""service"":""4978aa94-666c-47c7-8024-3ada55195a51"",""deployment"":""e6572e99-435a-4318-8085-a26955b8bae6"",""replica"":""bc280845-512d-4bab-ba8a-2b99bc9ab336""}",2026-04-03T05:15:45.576333089Z
[DB] Synced 3 accounts to database,info,"{""level"":""info""}","{""project"":""ce3616d9-58ad-4ec7-a294-1821e1564434"",""environment"":""fb6513d0-42a4-4660-82b5-509c54b15f2a"",""service"":""4978aa94-666c-47c7-8024-3ada55195a51"",""deployment"":""e6572e99-435a-4318-8085-a26955b8bae6"",""replica"":""bc280845-512d-4bab-ba8a-2b99bc9ab336""}",2026-04-03T05:16:15.368205776Z
2026-04-03 05:16:14 UTC - Services healthy,info,"{""level"":""info""}","{""project"":""ce3616d9-58ad-4ec7-a294-1821e1564434"",""environment"":""fb6513d0-42a4-4660-82b5-509c54b15f2a"",""service"":""4978aa94-666c-47c7-8024-3ada55195a51"",""deployment"":""e6572e99-435a-4318-8085-a26955b8bae6"",""replica"":""bc280845-512d-4bab-ba8a-2b99bc9ab336""}",2026-04-03T05:16:15.368212808Z
[DB] Synced 3 accounts to database,info,"{""level"":""info""}","{""project"":""ce3616d9-58ad-4ec7-a294-1821e1564434"",""environment"":""fb6513d0-42a4-4660-82b5-509c54b15f2a"",""service"":""4978aa94-666c-47c7-8024-3ada55195a51"",""deployment"":""e6572e99-435a-4318-8085-a26955b8bae6"",""replica"":""bc280845-512d-4bab-ba8a-2b99bc9ab336""}",2026-04-03T05:16:45.618488005Z
2026-04-03 05:16:44 UTC - Services healthy,info,"{""level"":""info""}","{""project"":""ce3616d9-58ad-4ec7-a294-1821e1564434"",""environment"":""fb6513d0-42a4-4660-82b5-509c54b15f2a"",""service"":""4978aa94-666c-47c7-8024-3ada55195a51"",""deployment"":""e6572e99-435a-4318-8085-a26955b8bae6"",""replica"":""bc280845-512d-4bab-ba8a-2b99bc9ab336""}",2026-04-03T05:16:45.618492605Z
[DB] Synced 3 accounts to database,info,"{""level"":""info""}","{""project"":""ce3616d9-58ad-4ec7-a294-1821e1564434"",""environment"":""fb6513d0-42a4-4660-82b5-509c54b15f2a"",""service"":""4978aa94-666c-47c7-8024-3ada55195a51"",""deployment"":""e6572e99-435a-4318-8085-a26955b8bae6"",""replica"":""bc280845-512d-4bab-ba8a-2b99bc9ab336""}",2026-04-03T05:17:15.420414439Z
2026-04-03 05:17:14 UTC - Services healthy,info,"{""level"":""info""}","{""project"":""ce3616d9-58ad-4ec7-a294-1821e1564434"",""environment"":""fb6513d0-42a4-4660-82b5-509c54b15f2a"",""service"":""4978aa94-666c-47c7-8024-3ada55195a51"",""deployment"":""e6572e99-435a-4318-8085-a26955b8bae6"",""replica"":""bc280845-512d-4bab-ba8a-2b99bc9ab336""}",2026-04-03T05:17:15.420426402Z
[DB] Synced 3 accounts to database,info,"{""level"":""info""}","{""project"":""ce3616d9-58ad-4ec7-a294-1821e1564434"",""environment"":""fb6513d0-42a4-4660-82b5-509c54b15f2a"",""service"":""4978aa94-666c-47c7-8024-3ada55195a51"",""deployment"":""e6572e99-435a-4318-8085-a26955b8bae6"",""replica"":""bc280845-512d-4bab-ba8a-2b99bc9ab336""}",2026-04-03T05:17:45.817486567Z
2026-04-03 05:17:44 UTC - Services healthy,info,"{""level"":""info""}","{""project"":""ce3616d9-58ad-4ec7-a294-1821e1564434"",""environment"":""fb6513d0-42a4-4660-82b5-509c54b15f2a"",""service"":""4978aa94-666c-47c7-8024-3ada55195a51"",""deployment"":""e6572e99-435a-4318-8085-a26955b8bae6"",""replica"":""bc280845-512d-4bab-ba8a-2b99bc9ab336""}",2026-04-03T05:17:45.817492708Z
[DB] Synced 3 accounts to database,info,"{""level"":""info""}","{""project"":""ce3616d9-58ad-4ec7-a294-1821e1564434"",""environment"":""fb6513d0-42a4-4660-82b5-509c54b15f2a"",""service"":""4978aa94-666c-47c7-8024-3ada55195a51"",""deployment"":""e6572e99-435a-4318-8085-a26955b8bae6"",""replica"":""bc280845-512d-4bab-ba8a-2b99bc9ab336""}",2026-04-03T05:18:15.759416407Z
2026-04-03 05:18:14 UTC - Services healthy,info,"{""level"":""info""}","{""project"":""ce3616d9-58ad-4ec7-a294-1821e1564434"",""environment"":""fb6513d0-42a4-4660-82b5-509c54b15f2a"",""service"":""4978aa94-666c-47c7-8024-3ada55195a51"",""deployment"":""e6572e99-435a-4318-8085-a26955b8bae6"",""replica"":""bc280845-512d-4bab-ba8a-2b99bc9ab336""}",2026-04-03T05:18:15.759425333Z
[DB] Synced 3 accounts to database,info,"{""level"":""info""}","{""project"":""ce3616d9-58ad-4ec7-a294-1821e1564434"",""environment"":""fb6513d0-42a4-4660-82b5-509c54b15f2a"",""service"":""4978aa94-666c-47c7-8024-3ada55195a51"",""deployment"":""e6572e99-435a-4318-8085-a26955b8bae6"",""replica"":""bc280845-512d-4bab-ba8a-2b99bc9ab336""}",2026-04-03T05:18:45.599294222Z
2026-04-03 05:18:44 UTC - Services healthy,info,"{""level"":""info""}","{""project"":""ce3616d9-58ad-4ec7-a294-1821e1564434"",""environment"":""fb6513d0-42a4-4660-82b5-509c54b15f2a"",""service"":""4978aa94-666c-47c7-8024-3ada55195a51"",""deployment"":""e6572e99-435a-4318-8085-a26955b8bae6"",""replica"":""bc280845-512d-4bab-ba8a-2b99bc9ab336""}",2026-04-03T05:18:45.599303482Z
[DB] Synced 3 accounts to database,info,"{""level"":""info""}","{""project"":""ce3616d9-58ad-4ec7-a294-1821e1564434"",""environment"":""fb6513d0-42a4-4660-82b5-509c54b15f2a"",""service"":""4978aa94-666c-47c7-8024-3ada55195a51"",""deployment"":""e6572e99-435a-4318-8085-a26955b8bae6"",""replica"":""bc280845-512d-4bab-ba8a-2b99bc9ab336""}",2026-04-03T05:19:15.763847167Z
2026-04-03 05:19:14 UTC - Services healthy,info,"{""level"":""info""}","{""project"":""ce3616d9-58ad-4ec7-a294-1821e1564434"",""environment"":""fb6513d0-42a4-4660-82b5-509c54b15f2a"",""service"":""4978aa94-666c-47c7-8024-3ada55195a51"",""deployment"":""e6572e99-435a-4318-8085-a26955b8bae6"",""replica"":""bc280845-512d-4bab-ba8a-2b99bc9ab336""}",2026-04-03T05:19:15.763852660Z
[DB] Synced 3 accounts to database,info,"{""level"":""info""}","{""project"":""ce3616d9-58ad-4ec7-a294-1821e1564434"",""environment"":""fb6513d0-42a4-4660-82b5-509c54b15f2a"",""service"":""4978aa94-666c-47c7-8024-3ada55195a51"",""deployment"":""e6572e99-435a-4318-8085-a26955b8bae6"",""replica"":""bc280845-512d-4bab-ba8a-2b99bc9ab336""}",2026-04-03T05:19:46.164611361Z
2026-04-03 05:19:44 UTC - Services healthy,info,"{""level"":""info""}","{""project"":""ce3616d9-58ad-4ec7-a294-1821e1564434"",""environment"":""fb6513d0-42a4-4660-82b5-509c54b15f2a"",""service"":""4978aa94-666c-47c7-8024-3ada55195a51"",""deployment"":""e6572e99-435a-4318-8085-a26955b8bae6"",""replica"":""bc280845-512d-4bab-ba8a-2b99bc9ab336""}",2026-04-03T05:19:46.164616621Z
[DB] Synced 3 accounts to database,info,"{""level"":""info""}","{""project"":""ce3616d9-58ad-4ec7-a294-1821e1564434"",""environment"":""fb6513d0-42a4-4660-82b5-509c54b15f2a"",""service"":""4978aa94-666c-47c7-8024-3ada55195a51"",""deployment"":""e6572e99-435a-4318-8085-a26955b8bae6"",""replica"":""bc280845-512d-4bab-ba8a-2b99bc9ab336""}",2026-04-03T05:20:16.069131959Z
2026-04-03 05:20:14 UTC - Services healthy,info,"{""level"":""info""}","{""project"":""ce3616d9-58ad-4ec7-a294-1821e1564434"",""environment"":""fb6513d0-42a4-4660-82b5-509c54b15f2a"",""service"":""4978aa94-666c-47c7-8024-3ada55195a51"",""deployment"":""e6572e99-435a-4318-8085-a26955b8bae6"",""replica"":""bc280845-512d-4bab-ba8a-2b99bc9ab336""}",2026-04-03T05:20:16.069141908Z
[DB] Synced 3 accounts to database,info,"{""level"":""info""}","{""project"":""ce3616d9-58ad-4ec7-a294-1821e1564434"",""environment"":""fb6513d0-42a4-4660-82b5-509c54b15f2a"",""service"":""4978aa94-666c-47c7-8024-3ada55195a51"",""deployment"":""e6572e99-435a-4318-8085-a26955b8bae6"",""replica"":""bc280845-512d-4bab-ba8a-2b99bc9ab336""}",2026-04-03T05:20:46.131885686Z
2026-04-03 05:20:44 UTC - Services healthy,info,"{""level"":""info""}","{""project"":""ce3616d9-58ad-4ec7-a294-1821e1564434"",""environment"":""fb6513d0-42a4-4660-82b5-509c54b15f2a"",""service"":""4978aa94-666c-47c7-8024-3ada55195a51"",""deployment"":""e6572e99-435a-4318-8085-a26955b8bae6"",""replica"":""bc280845-512d-4bab-ba8a-2b99bc9ab336""}",2026-04-03T05:20:46.131892771Z
[DB] Synced 3 accounts to database,info,"{""level"":""info""}","{""project"":""ce3616d9-58ad-4ec7-a294-1821e1564434"",""environment"":""fb6513d0-42a4-4660-82b5-509c54b15f2a"",""service"":""4978aa94-666c-47c7-8024-3ada55195a51"",""deployment"":""e6572e99-435a-4318-8085-a26955b8bae6"",""replica"":""bc280845-512d-4bab-ba8a-2b99bc9ab336""}",2026-04-03T05:21:15.973555518Z
2026-04-03 05:21:14 UTC - Services healthy,info,"{""level"":""info""}","{""project"":""ce3616d9-58ad-4ec7-a294-1821e1564434"",""environment"":""fb6513d0-42a4-4660-82b5-509c54b15f2a"",""service"":""4978aa94-666c-47c7-8024-3ada55195a51"",""deployment"":""e6572e99-435a-4318-8085-a26955b8bae6"",""replica"":""bc280845-512d-4bab-ba8a-2b99bc9ab336""}",2026-04-03T05:21:15.973564451Z
[DB] Synced 3 accounts to database,info,"{""level"":""info""}","{""project"":""ce3616d9-58ad-4ec7-a294-1821e1564434"",""environment"":""fb6513d0-42a4-4660-82b5-509c54b15f2a"",""service"":""4978aa94-666c-47c7-8024-3ada55195a51"",""deployment"":""e6572e99-435a-4318-8085-a26955b8bae6"",""replica"":""bc280845-512d-4bab-ba8a-2b99bc9ab336""}",2026-04-03T05:21:46.013199455Z
2026-04-03 05:21:44 UTC - Services healthy,info,"{""level"":""info""}","{""project"":""ce3616d9-58ad-4ec7-a294-1821e1564434"",""environment"":""fb6513d0-42a4-4660-82b5-509c54b15f2a"",""service"":""4978aa94-666c-47c7-8024-3ada55195a51"",""deployment"":""e6572e99-435a-4318-8085-a26955b8bae6"",""replica"":""bc280845-512d-4bab-ba8a-2b99bc9ab336""}",2026-04-03T05:21:46.013210628Z
[DB] Synced 3 accounts to database,info,"{""level"":""info""}","{""project"":""ce3616d9-58ad-4ec7-a294-1821e1564434"",""environment"":""fb6513d0-42a4-4660-82b5-509c54b15f2a"",""service"":""4978aa94-666c-47c7-8024-3ada55195a51"",""deployment"":""e6572e99-435a-4318-8085-a26955b8bae6"",""replica"":""bc280845-512d-4bab-ba8a-2b99bc9ab336""}",2026-04-03T05:22:15.800576108Z
2026-04-03 05:22:14 UTC - Services healthy,info,"{""level"":""info""}","{""project"":""ce3616d9-58ad-4ec7-a294-1821e1564434"",""environment"":""fb6513d0-42a4-4660-82b5-509c54b15f2a"",""service"":""4978aa94-666c-47c7-8024-3ada55195a51"",""deployment"":""e6572e99-435a-4318-8085-a26955b8bae6"",""replica"":""bc280845-512d-4bab-ba8a-2b99bc9ab336""}",2026-04-03T05:22:15.800587694Z
[DB] Synced 3 accounts to database,info,"{""level"":""info""}","{""project"":""ce3616d9-58ad-4ec7-a294-1821e1564434"",""environment"":""fb6513d0-42a4-4660-82b5-509c54b15f2a"",""service"":""4978aa94-666c-47c7-8024-3ada55195a51"",""deployment"":""e6572e99-435a-4318-8085-a26955b8bae6"",""replica"":""bc280845-512d-4bab-ba8a-2b99bc9ab336""}",2026-04-03T05:22:45.809551081Z
2026-04-03 05:22:44 UTC - Services healthy,info,"{""level"":""info""}","{""project"":""ce3616d9-58ad-4ec7-a294-1821e1564434"",""environment"":""fb6513d0-42a4-4660-82b5-509c54b15f2a"",""service"":""4978aa94-666c-47c7-8024-3ada55195a51"",""deployment"":""e6572e99-435a-4318-8085-a26955b8bae6"",""replica"":""bc280845-512d-4bab-ba8a-2b99bc9ab336""}",2026-04-03T05:22:45.809556894Z
[DB] Synced 3 accounts to database,info,"{""level"":""info""}","{""project"":""ce3616d9-58ad-4ec7-a294-1821e1564434"",""environment"":""fb6513d0-42a4-4660-82b5-509c54b15f2a"",""service"":""4978aa94-666c-47c7-8024-3ada55195a51"",""deployment"":""e6572e99-435a-4318-8085-a26955b8bae6"",""replica"":""bc280845-512d-4bab-ba8a-2b99bc9ab336""}",2026-04-03T05:23:15.632982144Z
2026-04-03 05:23:14 UTC - Services healthy,info,"{""level"":""info""}","{""project"":""ce3616d9-58ad-4ec7-a294-1821e1564434"",""environment"":""fb6513d0-42a4-4660-82b5-509c54b15f2a"",""service"":""4978aa94-666c-47c7-8024-3ada55195a51"",""deployment"":""e6572e99-435a-4318-8085-a26955b8bae6"",""replica"":""bc280845-512d-4bab-ba8a-2b99bc9ab336""}",2026-04-03T05:23:15.632988445Z
[DB] Synced 3 accounts to database,info,"{""level"":""info""}","{""project"":""ce3616d9-58ad-4ec7-a294-1821e1564434"",""environment"":""fb6513d0-42a4-4660-82b5-509c54b15f2a"",""service"":""4978aa94-666c-47c7-8024-3ada55195a51"",""deployment"":""e6572e99-435a-4318-8085-a26955b8bae6"",""replica"":""bc280845-512d-4bab-ba8a-2b99bc9ab336""}",2026-04-03T05:23:45.637461115Z
2026-04-03 05:23:44 UTC - Services healthy,info,"{""level"":""info""}","{""project"":""ce3616d9-58ad-4ec7-a294-1821e1564434"",""environment"":""fb6513d0-42a4-4660-82b5-509c54b15f2a"",""service"":""4978aa94-666c-47c7-8024-3ada55195a51"",""deployment"":""e6572e99-435a-4318-8085-a26955b8bae6"",""replica"":""bc280845-512d-4bab-ba8a-2b99bc9ab336""}",2026-04-03T05:23:45.637468356Z
[DB] Synced 3 accounts to database,info,"{""level"":""info""}","{""project"":""ce3616d9-58ad-4ec7-a294-1821e1564434"",""environment"":""fb6513d0-42a4-4660-82b5-509c54b15f2a"",""service"":""4978aa94-666c-47c7-8024-3ada55195a51"",""deployment"":""e6572e99-435a-4318-8085-a26955b8bae6"",""replica"":""bc280845-512d-4bab-ba8a-2b99bc9ab336""}",2026-04-03T05:24:15.598938553Z
2026-04-03 05:24:14 UTC - Services healthy,info,"{""level"":""info""}","{""project"":""ce3616d9-58ad-4ec7-a294-1821e1564434"",""environment"":""fb6513d0-42a4-4660-82b5-509c54b15f2a"",""service"":""4978aa94-666c-47c7-8024-3ada55195a51"",""deployment"":""e6572e99-435a-4318-8085-a26955b8bae6"",""replica"":""bc280845-512d-4bab-ba8a-2b99bc9ab336""}",2026-04-03T05:24:15.598952826Z
[DB] Synced 3 accounts to database,info,"{""level"":""info""}","{""project"":""ce3616d9-58ad-4ec7-a294-1821e1564434"",""environment"":""fb6513d0-42a4-4660-82b5-509c54b15f2a"",""service"":""4978aa94-666c-47c7-8024-3ada55195a51"",""deployment"":""e6572e99-435a-4318-8085-a26955b8bae6"",""replica"":""bc280845-512d-4bab-ba8a-2b99bc9ab336""}",2026-04-03T05:24:45.612178861Z
2026-04-03 05:24:44 UTC - Services healthy,info,"{""level"":""info""}","{""project"":""ce3616d9-58ad-4ec7-a294-1821e1564434"",""environment"":""fb6513d0-42a4-4660-82b5-509c54b15f2a"",""service"":""4978aa94-666c-47c7-8024-3ada55195a51"",""deployment"":""e6572e99-435a-4318-8085-a26955b8bae6"",""replica"":""bc280845-512d-4bab-ba8a-2b99bc9ab336""}",2026-04-03T05:24:45.612185040Z
[DB] Synced 3 accounts to database,info,"{""level"":""info""}","{""project"":""ce3616d9-58ad-4ec7-a294-1821e1564434"",""environment"":""fb6513d0-42a4-4660-82b5-509c54b15f2a"",""service"":""4978aa94-666c-47c7-8024-3ada55195a51"",""deployment"":""e6572e99-435a-4318-8085-a26955b8bae6"",""replica"":""bc280845-512d-4bab-ba8a-2b99bc9ab336""}",2026-04-03T05:25:15.502244162Z
2026-04-03 05:25:14 UTC - Services healthy,info,"{""level"":""info""}","{""project"":""ce3616d9-58ad-4ec7-a294-1821e1564434"",""environment"":""fb6513d0-42a4-4660-82b5-509c54b15f2a"",""service"":""4978aa94-666c-47c7-8024-3ada55195a51"",""deployment"":""e6572e99-435a-4318-8085-a26955b8bae6"",""replica"":""bc280845-512d-4bab-ba8a-2b99bc9ab336""}",2026-04-03T05:25:15.502253547Z
[DB] Synced 3 accounts to database,info,"{""level"":""info""}","{""project"":""ce3616d9-58ad-4ec7-a294-1821e1564434"",""environment"":""fb6513d0-42a4-4660-82b5-509c54b15f2a"",""service"":""4978aa94-666c-47c7-8024-3ada55195a51"",""deployment"":""e6572e99-435a-4318-8085-a26955b8bae6"",""replica"":""bc280845-512d-4bab-ba8a-2b99bc9ab336""}",2026-04-03T05:25:45.510721897Z
2026-04-03 05:25:44 UTC - Services healthy,info,"{""level"":""info""}","{""project"":""ce3616d9-58ad-4ec7-a294-1821e1564434"",""environment"":""fb6513d0-42a4-4660-82b5-509c54b15f2a"",""service"":""4978aa94-666c-47c7-8024-3ada55195a51"",""deployment"":""e6572e99-435a-4318-8085-a26955b8bae6"",""replica"":""bc280845-512d-4bab-ba8a-2b99bc9ab336""}",2026-04-03T05:25:45.510727036Z
[DB] Synced 3 accounts to database,info,"{""level"":""info""}","{""project"":""ce3616d9-58ad-4ec7-a294-1821e1564434"",""environment"":""fb6513d0-42a4-4660-82b5-509c54b15f2a"",""service"":""4978aa94-666c-47c7-8024-3ada55195a51"",""deployment"":""e6572e99-435a-4318-8085-a26955b8bae6"",""replica"":""bc280845-512d-4bab-ba8a-2b99bc9ab336""}",2026-04-03T05:26:15.403224793Z
2026-04-03 05:26:14 UTC - Services healthy,info,"{""level"":""info""}","{""project"":""ce3616d9-58ad-4ec7-a294-1821e1564434"",""environment"":""fb6513d0-42a4-4660-82b5-509c54b15f2a"",""service"":""4978aa94-666c-47c7-8024-3ada55195a51"",""deployment"":""e6572e99-435a-4318-8085-a26955b8bae6"",""replica"":""bc280845-512d-4bab-ba8a-2b99bc9ab336""}",2026-04-03T05:26:15.403233663Z
[DB] Synced 3 accounts to database,info,"{""level"":""info""}","{""project"":""ce3616d9-58ad-4ec7-a294-1821e1564434"",""environment"":""fb6513d0-42a4-4660-82b5-509c54b15f2a"",""service"":""4978aa94-666c-47c7-8024-3ada55195a51"",""deployment"":""e6572e99-435a-4318-8085-a26955b8bae6"",""replica"":""bc280845-512d-4bab-ba8a-2b99bc9ab336""}",2026-04-03T05:26:45.524093164Z
2026-04-03 05:26:44 UTC - Services healthy,info,"{""level"":""info""}","{""project"":""ce3616d9-58ad-4ec7-a294-1821e1564434"",""environment"":""fb6513d0-42a4-4660-82b5-509c54b15f2a"",""service"":""4978aa94-666c-47c7-8024-3ada55195a51"",""deployment"":""e6572e99-435a-4318-8085-a26955b8bae6"",""replica"":""bc280845-512d-4bab-ba8a-2b99bc9ab336""}",2026-04-03T05:26:45.524100685Z
[DB] Synced 3 accounts to database,info,"{""level"":""info""}","{""project"":""ce3616d9-58ad-4ec7-a294-1821e1564434"",""environment"":""fb6513d0-42a4-4660-82b5-509c54b15f2a"",""service"":""4978aa94-666c-47c7-8024-3ada55195a51"",""deployment"":""e6572e99-435a-4318-8085-a26955b8bae6"",""replica"":""bc280845-512d-4bab-ba8a-2b99bc9ab336""}",2026-04-03T05:27:15.511605814Z
2026-04-03 05:27:14 UTC - Services healthy,info,"{""level"":""info""}","{""project"":""ce3616d9-58ad-4ec7-a294-1821e1564434"",""environment"":""fb6513d0-42a4-4660-82b5-509c54b15f2a"",""service"":""4978aa94-666c-47c7-8024-3ada55195a51"",""deployment"":""e6572e99-435a-4318-8085-a26955b8bae6"",""replica"":""bc280845-512d-4bab-ba8a-2b99bc9ab336""}",2026-04-03T05:27:15.511612893Z
[DB] Synced 3 accounts to database,info,"{""level"":""info""}","{""project"":""ce3616d9-58ad-4ec7-a294-1821e1564434"",""environment"":""fb6513d0-42a4-4660-82b5-509c54b15f2a"",""service"":""4978aa94-666c-47c7-8024-3ada55195a51"",""deployment"":""e6572e99-435a-4318-8085-a26955b8bae6"",""replica"":""bc280845-512d-4bab-ba8a-2b99bc9ab336""}",2026-04-03T05:27:45.710050569Z
2026-04-03 05:27:44 UTC - Services healthy,info,"{""level"":""info""}","{""project"":""ce3616d9-58ad-4ec7-a294-1821e1564434"",""environment"":""fb6513d0-42a4-4660-82b5-509c54b15f2a"",""service"":""4978aa94-666c-47c7-8024-3ada55195a51"",""deployment"":""e6572e99-435a-4318-8085-a26955b8bae6"",""replica"":""bc280845-512d-4bab-ba8a-2b99bc9ab336""}",2026-04-03T05:27:45.710054930Z
[DB] Synced 3 accounts to database,info,"{""level"":""info""}","{""project"":""ce3616d9-58ad-4ec7-a294-1821e1564434"",""environment"":""fb6513d0-42a4-4660-82b5-509c54b15f2a"",""service"":""4978aa94-666c-47c7-8024-3ada55195a51"",""deployment"":""e6572e99-435a-4318-8085-a26955b8bae6"",""replica"":""bc280845-512d-4bab-ba8a-2b99bc9ab336""}",2026-04-03T05:28:15.688479965Z
2026-04-03 05:28:14 UTC - Services healthy,info,"{""level"":""info""}","{""project"":""ce3616d9-58ad-4ec7-a294-1821e1564434"",""environment"":""fb6513d0-42a4-4660-82b5-509c54b15f2a"",""service"":""4978aa94-666c-47c7-8024-3ada55195a51"",""deployment"":""e6572e99-435a-4318-8085-a26955b8bae6"",""replica"":""bc280845-512d-4bab-ba8a-2b99bc9ab336""}",2026-04-03T05:28:15.688485070Z
[DB] Synced 3 accounts to database,info,"{""level"":""info""}","{""project"":""ce3616d9-58ad-4ec7-a294-1821e1564434"",""environment"":""fb6513d0-42a4-4660-82b5-509c54b15f2a"",""service"":""4978aa94-666c-47c7-8024-3ada55195a51"",""deployment"":""e6572e99-435a-4318-8085-a26955b8bae6"",""replica"":""bc280845-512d-4bab-ba8a-2b99bc9ab336""}",2026-04-03T05:28:45.727245285Z
2026-04-03 05:28:44 UTC - Services healthy,info,"{""level"":""info""}","{""project"":""ce3616d9-58ad-4ec7-a294-1821e1564434"",""environment"":""fb6513d0-42a4-4660-82b5-509c54b15f2a"",""service"":""4978aa94-666c-47c7-8024-3ada55195a51"",""deployment"":""e6572e99-435a-4318-8085-a26955b8bae6"",""replica"":""bc280845-512d-4bab-ba8a-2b99bc9ab336""}",2026-04-03T05:28:45.727250151Z
[DB] Synced 3 accounts to database,info,"{""level"":""info""}","{""project"":""ce3616d9-58ad-4ec7-a294-1821e1564434"",""environment"":""fb6513d0-42a4-4660-82b5-509c54b15f2a"",""service"":""4978aa94-666c-47c7-8024-3ada55195a51"",""deployment"":""e6572e99-435a-4318-8085-a26955b8bae6"",""replica"":""bc280845-512d-4bab-ba8a-2b99bc9ab336""}",2026-04-03T05:29:15.684898895Z
2026-04-03 05:29:14 UTC - Services healthy,info,"{""level"":""info""}","{""project"":""ce3616d9-58ad-4ec7-a294-1821e1564434"",""environment"":""fb6513d0-42a4-4660-82b5-509c54b15f2a"",""service"":""4978aa94-666c-47c7-8024-3ada55195a51"",""deployment"":""e6572e99-435a-4318-8085-a26955b8bae6"",""replica"":""bc280845-512d-4bab-ba8a-2b99bc9ab336""}",2026-04-03T05:29:15.684905994Z
[DB] Synced 3 accounts to database,info,"{""level"":""info""}","{""project"":""ce3616d9-58ad-4ec7-a294-1821e1564434"",""environment"":""fb6513d0-42a4-4660-82b5-509c54b15f2a"",""service"":""4978aa94-666c-47c7-8024-3ada55195a51"",""deployment"":""e6572e99-435a-4318-8085-a26955b8bae6"",""replica"":""bc280845-512d-4bab-ba8a-2b99bc9ab336""}",2026-04-03T05:29:45.679969288Z
2026-04-03 05:29:44 UTC - Services healthy,info,"{""level"":""info""}","{""project"":""ce3616d9-58ad-4ec7-a294-1821e1564434"",""environment"":""fb6513d0-42a4-4660-82b5-509c54b15f2a"",""service"":""4978aa94-666c-47c7-8024-3ada55195a51"",""deployment"":""e6572e99-435a-4318-8085-a26955b8bae6"",""replica"":""bc280845-512d-4bab-ba8a-2b99bc9ab336""}",2026-04-03T05:29:45.679977295Z
[DB] Synced 3 accounts to database,info,"{""level"":""info""}","{""project"":""ce3616d9-58ad-4ec7-a294-1821e1564434"",""environment"":""fb6513d0-42a4-4660-82b5-509c54b15f2a"",""service"":""4978aa94-666c-47c7-8024-3ada55195a51"",""deployment"":""e6572e99-435a-4318-8085-a26955b8bae6"",""replica"":""bc280845-512d-4bab-ba8a-2b99bc9ab336""}",2026-04-03T05:30:15.492137362Z
2026-04-03 05:30:14 UTC - Services healthy,info,"{""level"":""info""}","{""project"":""ce3616d9-58ad-4ec7-a294-1821e1564434"",""environment"":""fb6513d0-42a4-4660-82b5-509c54b15f2a"",""service"":""4978aa94-666c-47c7-8024-3ada55195a51"",""deployment"":""e6572e99-435a-4318-8085-a26955b8bae6"",""replica"":""bc280845-512d-4bab-ba8a-2b99bc9ab336""}",2026-04-03T05:30:15.492147391Z
[DB] Synced 3 accounts to database,info,"{""level"":""info""}","{""project"":""ce3616d9-58ad-4ec7-a294-1821e1564434"",""environment"":""fb6513d0-42a4-4660-82b5-509c54b15f2a"",""service"":""4978aa94-666c-47c7-8024-3ada55195a51"",""deployment"":""e6572e99-435a-4318-8085-a26955b8bae6"",""replica"":""bc280845-512d-4bab-ba8a-2b99bc9ab336""}",2026-04-03T05:30:45.789596684Z
2026-04-03 05:30:44 UTC - Services healthy,info,"{""level"":""info""}","{""project"":""ce3616d9-58ad-4ec7-a294-1821e1564434"",""environment"":""fb6513d0-42a4-4660-82b5-509c54b15f2a"",""service"":""4978aa94-666c-47c7-8024-3ada55195a51"",""deployment"":""e6572e99-435a-4318-8085-a26955b8bae6"",""replica"":""bc280845-512d-4bab-ba8a-2b99bc9ab336""}",2026-04-03T05:30:45.789603061Z
[DB] Synced 3 accounts to database,info,"{""level"":""info""}","{""project"":""ce3616d9-58ad-4ec7-a294-1821e1564434"",""environment"":""fb6513d0-42a4-4660-82b5-509c54b15f2a"",""service"":""4978aa94-666c-47c7-8024-3ada55195a51"",""deployment"":""e6572e99-435a-4318-8085-a26955b8bae6"",""replica"":""bc280845-512d-4bab-ba8a-2b99bc9ab336""}",2026-04-03T05:31:15.582676688Z
2026-04-03 05:31:14 UTC - Services healthy,info,"{""level"":""info""}","{""project"":""ce3616d9-58ad-4ec7-a294-1821e1564434"",""environment"":""fb6513d0-42a4-4660-82b5-509c54b15f2a"",""service"":""4978aa94-666c-47c7-8024-3ada55195a51"",""deployment"":""e6572e99-435a-4318-8085-a26955b8bae6"",""replica"":""bc280845-512d-4bab-ba8a-2b99bc9ab336""}",2026-04-03T05:31:15.582685167Z
[DB] Synced 3 accounts to database,info,"{""level"":""info""}","{""project"":""ce3616d9-58ad-4ec7-a294-1821e1564434"",""environment"":""fb6513d0-42a4-4660-82b5-509c54b15f2a"",""service"":""4978aa94-666c-47c7-8024-3ada55195a51"",""deployment"":""e6572e99-435a-4318-8085-a26955b8bae6"",""replica"":""bc280845-512d-4bab-ba8a-2b99bc9ab336""}",2026-04-03T05:31:45.758065371Z
2026-04-03 05:31:44 UTC - Services healthy,info,"{""level"":""info""}","{""project"":""ce3616d9-58ad-4ec7-a294-1821e1564434"",""environment"":""fb6513d0-42a4-4660-82b5-509c54b15f2a"",""service"":""4978aa94-666c-47c7-8024-3ada55195a51"",""deployment"":""e6572e99-435a-4318-8085-a26955b8bae6"",""replica"":""bc280845-512d-4bab-ba8a-2b99bc9ab336""}",2026-04-03T05:31:45.758071335Z
[DB] Synced 3 accounts to database,info,"{""level"":""info""}","{""project"":""ce3616d9-58ad-4ec7-a294-1821e1564434"",""environment"":""fb6513d0-42a4-4660-82b5-509c54b15f2a"",""service"":""4978aa94-666c-47c7-8024-3ada55195a51"",""deployment"":""e6572e99-435a-4318-8085-a26955b8bae6"",""replica"":""bc280845-512d-4bab-ba8a-2b99bc9ab336""}",2026-04-03T05:32:15.658443742Z
2026-04-03 05:32:14 UTC - Services healthy,info,"{""level"":""info""}","{""project"":""ce3616d9-58ad-4ec7-a294-1821e1564434"",""environment"":""fb6513d0-42a4-4660-82b5-509c54b15f2a"",""service"":""4978aa94-666c-47c7-8024-3ada55195a51"",""deployment"":""e6572e99-435a-4318-8085-a26955b8bae6"",""replica"":""bc280845-512d-4bab-ba8a-2b99bc9ab336""}",2026-04-03T05:32:15.658453656Z
[DB] Synced 3 accounts to database,info,"{""level"":""info""}","{""project"":""ce3616d9-58ad-4ec7-a294-1821e1564434"",""environment"":""fb6513d0-42a4-4660-82b5-509c54b15f2a"",""service"":""4978aa94-666c-47c7-8024-3ada55195a51"",""deployment"":""e6572e99-435a-4318-8085-a26955b8bae6"",""replica"":""bc280845-512d-4bab-ba8a-2b99bc9ab336""}",2026-04-03T05:32:45.668111915Z
2026-04-03 05:32:44 UTC - Services healthy,info,"{""level"":""info""}","{""project"":""ce3616d9-58ad-4ec7-a294-1821e1564434"",""environment"":""fb6513d0-42a4-4660-82b5-509c54b15f2a"",""service"":""4978aa94-666c-47c7-8024-3ada55195a51"",""deployment"":""e6572e99-435a-4318-8085-a26955b8bae6"",""replica"":""bc280845-512d-4bab-ba8a-2b99bc9ab336""}",2026-04-03T05:32:45.668123787Z
[DB] Synced 3 accounts to database,info,"{""level"":""info""}","{""project"":""ce3616d9-58ad-4ec7-a294-1821e1564434"",""environment"":""fb6513d0-42a4-4660-82b5-509c54b15f2a"",""service"":""4978aa94-666c-47c7-8024-3ada55195a51"",""deployment"":""e6572e99-435a-4318-8085-a26955b8bae6"",""replica"":""bc280845-512d-4bab-ba8a-2b99bc9ab336""}",2026-04-03T05:33:15.549450602Z
2026-04-03 05:33:14 UTC - Services healthy,info,"{""level"":""info""}","{""project"":""ce3616d9-58ad-4ec7-a294-1821e1564434"",""environment"":""fb6513d0-42a4-4660-82b5-509c54b15f2a"",""service"":""4978aa94-666c-47c7-8024-3ada55195a51"",""deployment"":""e6572e99-435a-4318-8085-a26955b8bae6"",""replica"":""bc280845-512d-4bab-ba8a-2b99bc9ab336""}",2026-04-03T05:33:15.549461199Z
[DB] Synced 3 accounts to database,info,"{""level"":""info""}","{""project"":""ce3616d9-58ad-4ec7-a294-1821e1564434"",""environment"":""fb6513d0-42a4-4660-82b5-509c54b15f2a"",""service"":""4978aa94-666c-47c7-8024-3ada55195a51"",""deployment"":""e6572e99-435a-4318-8085-a26955b8bae6"",""replica"":""bc280845-512d-4bab-ba8a-2b99bc9ab336""}",2026-04-03T05:33:45.625825779Z
2026-04-03 05:33:44 UTC - Services healthy,info,"{""level"":""info""}","{""project"":""ce3616d9-58ad-4ec7-a294-1821e1564434"",""environment"":""fb6513d0-42a4-4660-82b5-509c54b15f2a"",""service"":""4978aa94-666c-47c7-8024-3ada55195a51"",""deployment"":""e6572e99-435a-4318-8085-a26955b8bae6"",""replica"":""bc280845-512d-4bab-ba8a-2b99bc9ab336""}",2026-04-03T05:33:45.625830486Z
[DB] Synced 3 accounts to database,info,"{""level"":""info""}","{""project"":""ce3616d9-58ad-4ec7-a294-1821e1564434"",""environment"":""fb6513d0-42a4-4660-82b5-509c54b15f2a"",""service"":""4978aa94-666c-47c7-8024-3ada55195a51"",""deployment"":""e6572e99-435a-4318-8085-a26955b8bae6"",""replica"":""bc280845-512d-4bab-ba8a-2b99bc9ab336""}",2026-04-03T05:34:15.407846125Z
2026-04-03 05:34:14 UTC - Services healthy,info,"{""level"":""info""}","{""project"":""ce3616d9-58ad-4ec7-a294-1821e1564434"",""environment"":""fb6513d0-42a4-4660-82b5-509c54b15f2a"",""service"":""4978aa94-666c-47c7-8024-3ada55195a51"",""deployment"":""e6572e99-435a-4318-8085-a26955b8bae6"",""replica"":""bc280845-512d-4bab-ba8a-2b99bc9ab336""}",2026-04-03T05:34:15.407855015Z
[DB] Synced 3 accounts to database,info,"{""level"":""info""}","{""project"":""ce3616d9-58ad-4ec7-a294-1821e1564434"",""environment"":""fb6513d0-42a4-4660-82b5-509c54b15f2a"",""service"":""4978aa94-666c-47c7-8024-3ada55195a51"",""deployment"":""e6572e99-435a-4318-8085-a26955b8bae6"",""replica"":""bc280845-512d-4bab-ba8a-2b99bc9ab336""}",2026-04-03T05:34:45.180437229Z
2026-04-03 05:34:44 UTC - Services healthy,info,"{""level"":""info""}","{""project"":""ce3616d9-58ad-4ec7-a294-1821e1564434"",""environment"":""fb6513d0-42a4-4660-82b5-509c54b15f2a"",""service"":""4978aa94-666c-47c7-8024-3ada55195a51"",""deployment"":""e6572e99-435a-4318-8085-a26955b8bae6"",""replica"":""bc280845-512d-4bab-ba8a-2b99bc9ab336""}",2026-04-03T05:34:45.180447283Z
[DB] Synced 3 accounts to database,info,"{""level"":""info""}","{""project"":""ce3616d9-58ad-4ec7-a294-1821e1564434"",""environment"":""fb6513d0-42a4-4660-82b5-509c54b15f2a"",""service"":""4978aa94-666c-47c7-8024-3ada55195a51"",""deployment"":""e6572e99-435a-4318-8085-a26955b8bae6"",""replica"":""bc280845-512d-4bab-ba8a-2b99bc9ab336""}",2026-04-03T05:35:15.479790365Z
2026-04-03 05:35:14 UTC - Services healthy,info,"{""level"":""info""}","{""project"":""ce3616d9-58ad-4ec7-a294-1821e1564434"",""environment"":""fb6513d0-42a4-4660-82b5-509c54b15f2a"",""service"":""4978aa94-666c-47c7-8024-3ada55195a51"",""deployment"":""e6572e99-435a-4318-8085-a26955b8bae6"",""replica"":""bc280845-512d-4bab-ba8a-2b99bc9ab336""}",2026-04-03T05:35:15.479795863Z
[DB] Synced 3 accounts to database,info,"{""level"":""info""}","{""project"":""ce3616d9-58ad-4ec7-a294-1821e1564434"",""environment"":""fb6513d0-42a4-4660-82b5-509c54b15f2a"",""service"":""4978aa94-666c-47c7-8024-3ada55195a51"",""deployment"":""e6572e99-435a-4318-8085-a26955b8bae6"",""replica"":""bc280845-512d-4bab-ba8a-2b99bc9ab336""}",2026-04-03T05:35:45.391357653Z
2026-04-03 05:35:44 UTC - Services healthy,info,"{""level"":""info""}","{""project"":""ce3616d9-58ad-4ec7-a294-1821e1564434"",""environment"":""fb6513d0-42a4-4660-82b5-509c54b15f2a"",""service"":""4978aa94-666c-47c7-8024-3ada55195a51"",""deployment"":""e6572e99-435a-4318-8085-a26955b8bae6"",""replica"":""bc280845-512d-4bab-ba8a-2b99bc9ab336""}",2026-04-03T05:35:45.391364888Z
[DB] Synced 3 accounts to database,info,"{""level"":""info""}","{""project"":""ce3616d9-58ad-4ec7-a294-1821e1564434"",""environment"":""fb6513d0-42a4-4660-82b5-509c54b15f2a"",""service"":""4978aa94-666c-47c7-8024-3ada55195a51"",""deployment"":""e6572e99-435a-4318-8085-a26955b8bae6"",""replica"":""bc280845-512d-4bab-ba8a-2b99bc9ab336""}",2026-04-03T05:36:15.688586842Z
2026-04-03 05:36:14 UTC - Services healthy,info,"{""level"":""info""}","{""project"":""ce3616d9-58ad-4ec7-a294-1821e1564434"",""environment"":""fb6513d0-42a4-4660-82b5-509c54b15f2a"",""service"":""4978aa94-666c-47c7-8024-3ada55195a51"",""deployment"":""e6572e99-435a-4318-8085-a26955b8bae6"",""replica"":""bc280845-512d-4bab-ba8a-2b99bc9ab336""}",2026-04-03T05:36:15.688596462Z
[DB] Synced 3 accounts to database,info,"{""level"":""info""}","{""project"":""ce3616d9-58ad-4ec7-a294-1821e1564434"",""environment"":""fb6513d0-42a4-4660-82b5-509c54b15f2a"",""service"":""4978aa94-666c-47c7-8024-3ada55195a51"",""deployment"":""e6572e99-435a-4318-8085-a26955b8bae6"",""replica"":""bc280845-512d-4bab-ba8a-2b99bc9ab336""}",2026-04-03T05:36:45.650899898Z
2026-04-03 05:36:44 UTC - Services healthy,info,"{""level"":""info""}","{""project"":""ce3616d9-58ad-4ec7-a294-1821e1564434"",""environment"":""fb6513d0-42a4-4660-82b5-509c54b15f2a"",""service"":""4978aa94-666c-47c7-8024-3ada55195a51"",""deployment"":""e6572e99-435a-4318-8085-a26955b8bae6"",""replica"":""bc280845-512d-4bab-ba8a-2b99bc9ab336""}",2026-04-03T05:36:45.650905788Z
[DB] Synced 3 accounts to database,info,"{""level"":""info""}","{""project"":""ce3616d9-58ad-4ec7-a294-1821e1564434"",""environment"":""fb6513d0-42a4-4660-82b5-509c54b15f2a"",""service"":""4978aa94-666c-47c7-8024-3ada55195a51"",""deployment"":""e6572e99-435a-4318-8085-a26955b8bae6"",""replica"":""bc280845-512d-4bab-ba8a-2b99bc9ab336""}",2026-04-03T05:37:15.720754461Z
2026-04-03 05:37:14 UTC - Services healthy,info,"{""level"":""info""}","{""project"":""ce3616d9-58ad-4ec7-a294-1821e1564434"",""environment"":""fb6513d0-42a4-4660-82b5-509c54b15f2a"",""service"":""4978aa94-666c-47c7-8024-3ada55195a51"",""deployment"":""e6572e99-435a-4318-8085-a26955b8bae6"",""replica"":""bc280845-512d-4bab-ba8a-2b99bc9ab336""}",2026-04-03T05:37:15.720760146Z
[DB] Synced 3 accounts to database,info,"{""level"":""info""}","{""project"":""ce3616d9-58ad-4ec7-a294-1821e1564434"",""environment"":""fb6513d0-42a4-4660-82b5-509c54b15f2a"",""service"":""4978aa94-666c-47c7-8024-3ada55195a51"",""deployment"":""e6572e99-435a-4318-8085-a26955b8bae6"",""replica"":""bc280845-512d-4bab-ba8a-2b99bc9ab336""}",2026-04-03T05:37:45.672770198Z
2026-04-03 05:37:44 UTC - Services healthy,info,"{""level"":""info""}","{""project"":""ce3616d9-58ad-4ec7-a294-1821e1564434"",""environment"":""fb6513d0-42a4-4660-82b5-509c54b15f2a"",""service"":""4978aa94-666c-47c7-8024-3ada55195a51"",""deployment"":""e6572e99-435a-4318-8085-a26955b8bae6"",""replica"":""bc280845-512d-4bab-ba8a-2b99bc9ab336""}",2026-04-03T05:37:45.672783248Z
[DB] Synced 3 accounts to database,info,"{""level"":""info""}","{""project"":""ce3616d9-58ad-4ec7-a294-1821e1564434"",""environment"":""fb6513d0-42a4-4660-82b5-509c54b15f2a"",""service"":""4978aa94-666c-47c7-8024-3ada55195a51"",""deployment"":""e6572e99-435a-4318-8085-a26955b8bae6"",""replica"":""bc280845-512d-4bab-ba8a-2b99bc9ab336""}",2026-04-03T05:38:15.748091715Z
2026-04-03 05:38:14 UTC - Services healthy,info,"{""level"":""info""}","{""project"":""ce3616d9-58ad-4ec7-a294-1821e1564434"",""environment"":""fb6513d0-42a4-4660-82b5-509c54b15f2a"",""service"":""4978aa94-666c-47c7-8024-3ada55195a51"",""deployment"":""e6572e99-435a-4318-8085-a26955b8bae6"",""replica"":""bc280845-512d-4bab-ba8a-2b99bc9ab336""}",2026-04-03T05:38:15.748097434Z
[DB] Synced 3 accounts to database,info,"{""level"":""info""}","{""project"":""ce3616d9-58ad-4ec7-a294-1821e1564434"",""environment"":""fb6513d0-42a4-4660-82b5-509c54b15f2a"",""service"":""4978aa94-666c-47c7-8024-3ada55195a51"",""deployment"":""e6572e99-435a-4318-8085-a26955b8bae6"",""replica"":""bc280845-512d-4bab-ba8a-2b99bc9ab336""}",2026-04-03T05:38:45.710641302Z
2026-04-03 05:38:44 UTC - Services healthy,info,"{""level"":""info""}","{""project"":""ce3616d9-58ad-4ec7-a294-1821e1564434"",""environment"":""fb6513d0-42a4-4660-82b5-509c54b15f2a"",""service"":""4978aa94-666c-47c7-8024-3ada55195a51"",""deployment"":""e6572e99-435a-4318-8085-a26955b8bae6"",""replica"":""bc280845-512d-4bab-ba8a-2b99bc9ab336""}",2026-04-03T05:38:45.710645118Z
[DB] Synced 3 accounts to database,info,"{""level"":""info""}","{""project"":""ce3616d9-58ad-4ec7-a294-1821e1564434"",""environment"":""fb6513d0-42a4-4660-82b5-509c54b15f2a"",""service"":""4978aa94-666c-47c7-8024-3ada55195a51"",""deployment"":""e6572e99-435a-4318-8085-a26955b8bae6"",""replica"":""bc280845-512d-4bab-ba8a-2b99bc9ab336""}",2026-04-03T05:39:15.767330391Z
2026-04-03 05:39:14 UTC - Services healthy,info,"{""level"":""info""}","{""project"":""ce3616d9-58ad-4ec7-a294-1821e1564434"",""environment"":""fb6513d0-42a4-4660-82b5-509c54b15f2a"",""service"":""4978aa94-666c-47c7-8024-3ada55195a51"",""deployment"":""e6572e99-435a-4318-8085-a26955b8bae6"",""replica"":""bc280845-512d-4bab-ba8a-2b99bc9ab336""}",2026-04-03T05:39:15.767342407Z
[DB] Synced 3 accounts to database,info,"{""level"":""info""}","{""project"":""ce3616d9-58ad-4ec7-a294-1821e1564434"",""environment"":""fb6513d0-42a4-4660-82b5-509c54b15f2a"",""service"":""4978aa94-666c-47c7-8024-3ada55195a51"",""deployment"":""e6572e99-435a-4318-8085-a26955b8bae6"",""replica"":""bc280845-512d-4bab-ba8a-2b99bc9ab336""}",2026-04-03T05:39:45.623849010Z
2026-04-03 05:39:44 UTC - Services healthy,info,"{""level"":""info""}","{""project"":""ce3616d9-58ad-4ec7-a294-1821e1564434"",""environment"":""fb6513d0-42a4-4660-82b5-509c54b15f2a"",""service"":""4978aa94-666c-47c7-8024-3ada55195a51"",""deployment"":""e6572e99-435a-4318-8085-a26955b8bae6"",""replica"":""bc280845-512d-4bab-ba8a-2b99bc9ab336""}",2026-04-03T05:39:45.623857155Z
[DB] Synced 3 accounts to database,info,"{""level"":""info""}","{""project"":""ce3616d9-58ad-4ec7-a294-1821e1564434"",""environment"":""fb6513d0-42a4-4660-82b5-509c54b15f2a"",""service"":""4978aa94-666c-47c7-8024-3ada55195a51"",""deployment"":""e6572e99-435a-4318-8085-a26955b8bae6"",""replica"":""bc280845-512d-4bab-ba8a-2b99bc9ab336""}",2026-04-03T05:40:15.701988071Z
2026-04-03 05:40:14 UTC - Services healthy,info,"{""level"":""info""}","{""project"":""ce3616d9-58ad-4ec7-a294-1821e1564434"",""environment"":""fb6513d0-42a4-4660-82b5-509c54b15f2a"",""service"":""4978aa94-666c-47c7-8024-3ada55195a51"",""deployment"":""e6572e99-435a-4318-8085-a26955b8bae6"",""replica"":""bc280845-512d-4bab-ba8a-2b99bc9ab336""}",2026-04-03T05:40:15.701993289Z
[DB] Synced 3 accounts to database,info,"{""level"":""info""}","{""project"":""ce3616d9-58ad-4ec7-a294-1821e1564434"",""environment"":""fb6513d0-42a4-4660-82b5-509c54b15f2a"",""service"":""4978aa94-666c-47c7-8024-3ada55195a51"",""deployment"":""e6572e99-435a-4318-8085-a26955b8bae6"",""replica"":""bc280845-512d-4bab-ba8a-2b99bc9ab336""}",2026-04-03T05:40:45.457686676Z
2026-04-03 05:40:44 UTC - Services healthy,info,"{""level"":""info""}","{""project"":""ce3616d9-58ad-4ec7-a294-1821e1564434"",""environment"":""fb6513d0-42a4-4660-82b5-509c54b15f2a"",""service"":""4978aa94-666c-47c7-8024-3ada55195a51"",""deployment"":""e6572e99-435a-4318-8085-a26955b8bae6"",""replica"":""bc280845-512d-4bab-ba8a-2b99bc9ab336""}",2026-04-03T05:40:45.457695470Z
[DB] Synced 3 accounts to database,info,"{""level"":""info""}","{""project"":""ce3616d9-58ad-4ec7-a294-1821e1564434"",""environment"":""fb6513d0-42a4-4660-82b5-509c54b15f2a"",""service"":""4978aa94-666c-47c7-8024-3ada55195a51"",""deployment"":""e6572e99-435a-4318-8085-a26955b8bae6"",""replica"":""bc280845-512d-4bab-ba8a-2b99bc9ab336""}",2026-04-03T05:41:15.337400402Z
2026-04-03 05:41:14 UTC - Services healthy,info,"{""level"":""info""}","{""project"":""ce3616d9-58ad-4ec7-a294-1821e1564434"",""environment"":""fb6513d0-42a4-4660-82b5-509c54b15f2a"",""service"":""4978aa94-666c-47c7-8024-3ada55195a51"",""deployment"":""e6572e99-435a-4318-8085-a26955b8bae6"",""replica"":""bc280845-512d-4bab-ba8a-2b99bc9ab336""}",2026-04-03T05:41:15.337409201Z
[DB] Synced 3 accounts to database,info,"{""level"":""info""}","{""project"":""ce3616d9-58ad-4ec7-a294-1821e1564434"",""environment"":""fb6513d0-42a4-4660-82b5-509c54b15f2a"",""service"":""4978aa94-666c-47c7-8024-3ada55195a51"",""deployment"":""e6572e99-435a-4318-8085-a26955b8bae6"",""replica"":""bc280845-512d-4bab-ba8a-2b99bc9ab336""}",2026-04-03T05:41:45.610932564Z
2026-04-03 05:41:44 UTC - Services healthy,info,"{""level"":""info""}","{""project"":""ce3616d9-58ad-4ec7-a294-1821e1564434"",""environment"":""fb6513d0-42a4-4660-82b5-509c54b15f2a"",""service"":""4978aa94-666c-47c7-8024-3ada55195a51"",""deployment"":""e6572e99-435a-4318-8085-a26955b8bae6"",""replica"":""bc280845-512d-4bab-ba8a-2b99bc9ab336""}",2026-04-03T05:41:45.610937869Z
[DB] Synced 3 accounts to database,info,"{""level"":""info""}","{""project"":""ce3616d9-58ad-4ec7-a294-1821e1564434"",""environment"":""fb6513d0-42a4-4660-82b5-509c54b15f2a"",""service"":""4978aa94-666c-47c7-8024-3ada55195a51"",""deployment"":""e6572e99-435a-4318-8085-a26955b8bae6"",""replica"":""bc280845-512d-4bab-ba8a-2b99bc9ab336""}",2026-04-03T05:42:15.488239805Z
2026-04-03 05:42:14 UTC - Services healthy,info,"{""level"":""info""}","{""project"":""ce3616d9-58ad-4ec7-a294-1821e1564434"",""environment"":""fb6513d0-42a4-4660-82b5-509c54b15f2a"",""service"":""4978aa94-666c-47c7-8024-3ada55195a51"",""deployment"":""e6572e99-435a-4318-8085-a26955b8bae6"",""replica"":""bc280845-512d-4bab-ba8a-2b99bc9ab336""}",2026-04-03T05:42:15.488248412Z
[DB] Synced 3 accounts to database,info,"{""level"":""info""}","{""project"":""ce3616d9-58ad-4ec7-a294-1821e1564434"",""environment"":""fb6513d0-42a4-4660-82b5-509c54b15f2a"",""service"":""4978aa94-666c-47c7-8024-3ada55195a51"",""deployment"":""e6572e99-435a-4318-8085-a26955b8bae6"",""replica"":""bc280845-512d-4bab-ba8a-2b99bc9ab336""}",2026-04-03T05:42:45.817959894Z
2026-04-03 05:42:44 UTC - Services healthy,info,"{""level"":""info""}","{""project"":""ce3616d9-58ad-4ec7-a294-1821e1564434"",""environment"":""fb6513d0-42a4-4660-82b5-509c54b15f2a"",""service"":""4978aa94-666c-47c7-8024-3ada55195a51"",""deployment"":""e6572e99-435a-4318-8085-a26955b8bae6"",""replica"":""bc280845-512d-4bab-ba8a-2b99bc9ab336""}",2026-04-03T05:42:45.817968815Z
[DB] Synced 3 accounts to database,info,"{""level"":""info""}","{""project"":""ce3616d9-58ad-4ec7-a294-1821e1564434"",""environment"":""fb6513d0-42a4-4660-82b5-509c54b15f2a"",""service"":""4978aa94-666c-47c7-8024-3ada55195a51"",""deployment"":""e6572e99-435a-4318-8085-a26955b8bae6"",""replica"":""bc280845-512d-4bab-ba8a-2b99bc9ab336""}",2026-04-03T05:43:15.842984491Z
2026-04-03 05:43:14 UTC - Services healthy,info,"{""level"":""info""}","{""project"":""ce3616d9-58ad-4ec7-a294-1821e1564434"",""environment"":""fb6513d0-42a4-4660-82b5-509c54b15f2a"",""service"":""4978aa94-666c-47c7-8024-3ada55195a51"",""deployment"":""e6572e99-435a-4318-8085-a26955b8bae6"",""replica"":""bc280845-512d-4bab-ba8a-2b99bc9ab336""}",2026-04-03T05:43:15.842991411Z
[DB] Synced 3 accounts to database,info,"{""level"":""info""}","{""project"":""ce3616d9-58ad-4ec7-a294-1821e1564434"",""environment"":""fb6513d0-42a4-4660-82b5-509c54b15f2a"",""service"":""4978aa94-666c-47c7-8024-3ada55195a51"",""deployment"":""e6572e99-435a-4318-8085-a26955b8bae6"",""replica"":""bc280845-512d-4bab-ba8a-2b99bc9ab336""}",2026-04-03T05:43:46.274533148Z
2026-04-03 05:43:44 UTC - Services healthy,info,"{""level"":""info""}","{""project"":""ce3616d9-58ad-4ec7-a294-1821e1564434"",""environment"":""fb6513d0-42a4-4660-82b5-509c54b15f2a"",""service"":""4978aa94-666c-47c7-8024-3ada55195a51"",""deployment"":""e6572e99-435a-4318-8085-a26955b8bae6"",""replica"":""bc280845-512d-4bab-ba8a-2b99bc9ab336""}",2026-04-03T05:43:46.274537915Z
[DB] Synced 3 accounts to database,info,"{""level"":""info""}","{""project"":""ce3616d9-58ad-4ec7-a294-1821e1564434"",""environment"":""fb6513d0-42a4-4660-82b5-509c54b15f2a"",""service"":""4978aa94-666c-47c7-8024-3ada55195a51"",""deployment"":""e6572e99-435a-4318-8085-a26955b8bae6"",""replica"":""bc280845-512d-4bab-ba8a-2b99bc9ab336""}",2026-04-03T05:44:16.023517177Z
2026-04-03 05:44:14 UTC - Services healthy,info,"{""level"":""info""}","{""project"":""ce3616d9-58ad-4ec7-a294-1821e1564434"",""environment"":""fb6513d0-42a4-4660-82b5-509c54b15f2a"",""service"":""4978aa94-666c-47c7-8024-3ada55195a51"",""deployment"":""e6572e99-435a-4318-8085-a26955b8bae6"",""replica"":""bc280845-512d-4bab-ba8a-2b99bc9ab336""}",2026-04-03T05:44:16.023530191Z
[DB] Synced 3 accounts to database,info,"{""level"":""info""}","{""project"":""ce3616d9-58ad-4ec7-a294-1821e1564434"",""environment"":""fb6513d0-42a4-4660-82b5-509c54b15f2a"",""service"":""4978aa94-666c-47c7-8024-3ada55195a51"",""deployment"":""e6572e99-435a-4318-8085-a26955b8bae6"",""replica"":""bc280845-512d-4bab-ba8a-2b99bc9ab336""}",2026-04-03T05:44:45.697178514Z
2026-04-03 05:44:44 UTC - Services healthy,info,"{""level"":""info""}","{""project"":""ce3616d9-58ad-4ec7-a294-1821e1564434"",""environment"":""fb6513d0-42a4-4660-82b5-509c54b15f2a"",""service"":""4978aa94-666c-47c7-8024-3ada55195a51"",""deployment"":""e6572e99-435a-4318-8085-a26955b8bae6"",""replica"":""bc280845-512d-4bab-ba8a-2b99bc9ab336""}",2026-04-03T05:44:45.697184909Z
[DB] Synced 3 accounts to database,info,"{""level"":""info""}","{""project"":""ce3616d9-58ad-4ec7-a294-1821e1564434"",""environment"":""fb6513d0-42a4-4660-82b5-509c54b15f2a"",""service"":""4978aa94-666c-47c7-8024-3ada55195a51"",""deployment"":""e6572e99-435a-4318-8085-a26955b8bae6"",""replica"":""bc280845-512d-4bab-ba8a-2b99bc9ab336""}",2026-04-03T05:45:15.683650727Z
2026-04-03 05:45:14 UTC - Services healthy,info,"{""level"":""info""}","{""project"":""ce3616d9-58ad-4ec7-a294-1821e1564434"",""environment"":""fb6513d0-42a4-4660-82b5-509c54b15f2a"",""service"":""4978aa94-666c-47c7-8024-3ada55195a51"",""deployment"":""e6572e99-435a-4318-8085-a26955b8bae6"",""replica"":""bc280845-512d-4bab-ba8a-2b99bc9ab336""}",2026-04-03T05:45:15.683657535Z
[DB] Synced 3 accounts to database,info,"{""level"":""info""}","{""project"":""ce3616d9-58ad-4ec7-a294-1821e1564434"",""environment"":""fb6513d0-42a4-4660-82b5-509c54b15f2a"",""service"":""4978aa94-666c-47c7-8024-3ada55195a51"",""deployment"":""e6572e99-435a-4318-8085-a26955b8bae6"",""replica"":""bc280845-512d-4bab-ba8a-2b99bc9ab336""}",2026-04-03T05:45:46.037166320Z
2026-04-03 05:45:44 UTC - Services healthy,info,"{""level"":""info""}","{""project"":""ce3616d9-58ad-4ec7-a294-1821e1564434"",""environment"":""fb6513d0-42a4-4660-82b5-509c54b15f2a"",""service"":""4978aa94-666c-47c7-8024-3ada55195a51"",""deployment"":""e6572e99-435a-4318-8085-a26955b8bae6"",""replica"":""bc280845-512d-4bab-ba8a-2b99bc9ab336""}",2026-04-03T05:45:46.037174235Z
[DB] Synced 3 accounts to database,info,"{""level"":""info""}","{""project"":""ce3616d9-58ad-4ec7-a294-1821e1564434"",""environment"":""fb6513d0-42a4-4660-82b5-509c54b15f2a"",""service"":""4978aa94-666c-47c7-8024-3ada55195a51"",""deployment"":""e6572e99-435a-4318-8085-a26955b8bae6"",""replica"":""bc280845-512d-4bab-ba8a-2b99bc9ab336""}",2026-04-03T05:46:16.009944851Z
2026-04-03 05:46:14 UTC - Services healthy,info,"{""level"":""info""}","{""project"":""ce3616d9-58ad-4ec7-a294-1821e1564434"",""environment"":""fb6513d0-42a4-4660-82b5-509c54b15f2a"",""service"":""4978aa94-666c-47c7-8024-3ada55195a51"",""deployment"":""e6572e99-435a-4318-8085-a26955b8bae6"",""replica"":""bc280845-512d-4bab-ba8a-2b99bc9ab336""}",2026-04-03T05:46:16.009953297Z
[DB] Synced 3 accounts to database,info,"{""level"":""info""}","{""project"":""ce3616d9-58ad-4ec7-a294-1821e1564434"",""environment"":""fb6513d0-42a4-4660-82b5-509c54b15f2a"",""service"":""4978aa94-666c-47c7-8024-3ada55195a51"",""deployment"":""e6572e99-435a-4318-8085-a26955b8bae6"",""replica"":""bc280845-512d-4bab-ba8a-2b99bc9ab336""}",2026-04-03T05:46:46.039520492Z
2026-04-03 05:46:44 UTC - Services healthy,info,"{""level"":""info""}","{""project"":""ce3616d9-58ad-4ec7-a294-1821e1564434"",""environment"":""fb6513d0-42a4-4660-82b5-509c54b15f2a"",""service"":""4978aa94-666c-47c7-8024-3ada55195a51"",""deployment"":""e6572e99-435a-4318-8085-a26955b8bae6"",""replica"":""bc280845-512d-4bab-ba8a-2b99bc9ab336""}",2026-04-03T05:46:46.039527440Z
[DB] Synced 3 accounts to database,info,"{""level"":""info""}","{""project"":""ce3616d9-58ad-4ec7-a294-1821e1564434"",""environment"":""fb6513d0-42a4-4660-82b5-509c54b15f2a"",""service"":""4978aa94-666c-47c7-8024-3ada55195a51"",""deployment"":""e6572e99-435a-4318-8085-a26955b8bae6"",""replica"":""bc280845-512d-4bab-ba8a-2b99bc9ab336""}",2026-04-03T05:47:16.018304025Z
2026-04-03 05:47:14 UTC - Services healthy,info,"{""level"":""info""}","{""project"":""ce3616d9-58ad-4ec7-a294-1821e1564434"",""environment"":""fb6513d0-42a4-4660-82b5-509c54b15f2a"",""service"":""4978aa94-666c-47c7-8024-3ada55195a51"",""deployment"":""e6572e99-435a-4318-8085-a26955b8bae6"",""replica"":""bc280845-512d-4bab-ba8a-2b99bc9ab336""}",2026-04-03T05:47:16.018313226Z
[DB] Synced 3 accounts to database,info,"{""level"":""info""}","{""project"":""ce3616d9-58ad-4ec7-a294-1821e1564434"",""environment"":""fb6513d0-42a4-4660-82b5-509c54b15f2a"",""service"":""4978aa94-666c-47c7-8024-3ada55195a51"",""deployment"":""e6572e99-435a-4318-8085-a26955b8bae6"",""replica"":""bc280845-512d-4bab-ba8a-2b99bc9ab336""}",2026-04-03T05:47:46.307238813Z
2026-04-03 05:47:44 UTC - Services healthy,info,"{""level"":""info""}","{""project"":""ce3616d9-58ad-4ec7-a294-1821e1564434"",""environment"":""fb6513d0-42a4-4660-82b5-509c54b15f2a"",""service"":""4978aa94-666c-47c7-8024-3ada55195a51"",""deployment"":""e6572e99-435a-4318-8085-a26955b8bae6"",""replica"":""bc280845-512d-4bab-ba8a-2b99bc9ab336""}",2026-04-03T05:47:46.307246441Z
[DB] Synced 3 accounts to database,info,"{""level"":""info""}","{""project"":""ce3616d9-58ad-4ec7-a294-1821e1564434"",""environment"":""fb6513d0-42a4-4660-82b5-509c54b15f2a"",""service"":""4978aa94-666c-47c7-8024-3ada55195a51"",""deployment"":""e6572e99-435a-4318-8085-a26955b8bae6"",""replica"":""bc280845-512d-4bab-ba8a-2b99bc9ab336""}",2026-04-03T05:48:16.413963171Z
2026-04-03 05:48:14 UTC - Services healthy,info,"{""level"":""info""}","{""project"":""ce3616d9-58ad-4ec7-a294-1821e1564434"",""environment"":""fb6513d0-42a4-4660-82b5-509c54b15f2a"",""service"":""4978aa94-666c-47c7-8024-3ada55195a51"",""deployment"":""e6572e99-435a-4318-8085-a26955b8bae6"",""replica"":""bc280845-512d-4bab-ba8a-2b99bc9ab336""}",2026-04-03T05:48:16.413968000Z
[DB] Synced 3 accounts to database,info,"{""level"":""info""}","{""project"":""ce3616d9-58ad-4ec7-a294-1821e1564434"",""environment"":""fb6513d0-42a4-4660-82b5-509c54b15f2a"",""service"":""4978aa94-666c-47c7-8024-3ada55195a51"",""deployment"":""e6572e99-435a-4318-8085-a26955b8bae6"",""replica"":""bc280845-512d-4bab-ba8a-2b99bc9ab336""}",2026-04-03T05:48:46.293997441Z
2026-04-03 05:48:44 UTC - Services healthy,info,"{""level"":""info""}","{""project"":""ce3616d9-58ad-4ec7-a294-1821e1564434"",""environment"":""fb6513d0-42a4-4660-82b5-509c54b15f2a"",""service"":""4978aa94-666c-47c7-8024-3ada55195a51"",""deployment"":""e6572e99-435a-4318-8085-a26955b8bae6"",""replica"":""bc280845-512d-4bab-ba8a-2b99bc9ab336""}",2026-04-03T05:48:46.294006079Z
[DB] Synced 3 accounts to database,info,"{""level"":""info""}","{""project"":""ce3616d9-58ad-4ec7-a294-1821e1564434"",""environment"":""fb6513d0-42a4-4660-82b5-509c54b15f2a"",""service"":""4978aa94-666c-47c7-8024-3ada55195a51"",""deployment"":""e6572e99-435a-4318-8085-a26955b8bae6"",""replica"":""bc280845-512d-4bab-ba8a-2b99bc9ab336""}",2026-04-03T05:49:16.432447608Z
2026-04-03 05:49:14 UTC - Services healthy,info,"{""level"":""info""}","{""project"":""ce3616d9-58ad-4ec7-a294-1821e1564434"",""environment"":""fb6513d0-42a4-4660-82b5-509c54b15f2a"",""service"":""4978aa94-666c-47c7-8024-3ada55195a51"",""deployment"":""e6572e99-435a-4318-8085-a26955b8bae6"",""replica"":""bc280845-512d-4bab-ba8a-2b99bc9ab336""}",2026-04-03T05:49:16.432452325Z
[DB] Synced 3 accounts to database,info,"{""level"":""info""}","{""project"":""ce3616d9-58ad-4ec7-a294-1821e1564434"",""environment"":""fb6513d0-42a4-4660-82b5-509c54b15f2a"",""service"":""4978aa94-666c-47c7-8024-3ada55195a51"",""deployment"":""e6572e99-435a-4318-8085-a26955b8bae6"",""replica"":""bc280845-512d-4bab-ba8a-2b99bc9ab336""}",2026-04-03T05:49:46.393124147Z
2026-04-03 05:49:44 UTC - Services healthy,info,"{""level"":""info""}","{""project"":""ce3616d9-58ad-4ec7-a294-1821e1564434"",""environment"":""fb6513d0-42a4-4660-82b5-509c54b15f2a"",""service"":""4978aa94-666c-47c7-8024-3ada55195a51"",""deployment"":""e6572e99-435a-4318-8085-a26955b8bae6"",""replica"":""bc280845-512d-4bab-ba8a-2b99bc9ab336""}",2026-04-03T05:49:46.393130192Z
[DB] Synced 3 accounts to database,info,"{""level"":""info""}","{""project"":""ce3616d9-58ad-4ec7-a294-1821e1564434"",""environment"":""fb6513d0-42a4-4660-82b5-509c54b15f2a"",""service"":""4978aa94-666c-47c7-8024-3ada55195a51"",""deployment"":""e6572e99-435a-4318-8085-a26955b8bae6"",""replica"":""bc280845-512d-4bab-ba8a-2b99bc9ab336""}",2026-04-03T05:50:16.787843868Z
2026-04-03 05:50:14 UTC - Services healthy,info,"{""level"":""info""}","{""project"":""ce3616d9-58ad-4ec7-a294-1821e1564434"",""environment"":""fb6513d0-42a4-4660-82b5-509c54b15f2a"",""service"":""4978aa94-666c-47c7-8024-3ada55195a51"",""deployment"":""e6572e99-435a-4318-8085-a26955b8bae6"",""replica"":""bc280845-512d-4bab-ba8a-2b99bc9ab336""}",2026-04-03T05:50:16.787851093Z
[DB] Synced 3 accounts to database,info,"{""level"":""info""}","{""project"":""ce3616d9-58ad-4ec7-a294-1821e1564434"",""environment"":""fb6513d0-42a4-4660-82b5-509c54b15f2a"",""service"":""4978aa94-666c-47c7-8024-3ada55195a51"",""deployment"":""e6572e99-435a-4318-8085-a26955b8bae6"",""replica"":""bc280845-512d-4bab-ba8a-2b99bc9ab336""}",2026-04-03T05:50:46.701082762Z
2026-04-03 05:50:44 UTC - Services healthy,info,"{""level"":""info""}","{""project"":""ce3616d9-58ad-4ec7-a294-1821e1564434"",""environment"":""fb6513d0-42a4-4660-82b5-509c54b15f2a"",""service"":""4978aa94-666c-47c7-8024-3ada55195a51"",""deployment"":""e6572e99-435a-4318-8085-a26955b8bae6"",""replica"":""bc280845-512d-4bab-ba8a-2b99bc9ab336""}",2026-04-03T05:50:46.701087189Z
[DB] Synced 3 accounts to database,info,"{""level"":""info""}","{""project"":""ce3616d9-58ad-4ec7-a294-1821e1564434"",""environment"":""fb6513d0-42a4-4660-82b5-509c54b15f2a"",""service"":""4978aa94-666c-47c7-8024-3ada55195a51"",""deployment"":""e6572e99-435a-4318-8085-a26955b8bae6"",""replica"":""bc280845-512d-4bab-ba8a-2b99bc9ab336""}",2026-04-03T05:51:16.870824642Z
2026-04-03 05:51:14 UTC - Services healthy,info,"{""level"":""info""}","{""project"":""ce3616d9-58ad-4ec7-a294-1821e1564434"",""environment"":""fb6513d0-42a4-4660-82b5-509c54b15f2a"",""service"":""4978aa94-666c-47c7-8024-3ada55195a51"",""deployment"":""e6572e99-435a-4318-8085-a26955b8bae6"",""replica"":""bc280845-512d-4bab-ba8a-2b99bc9ab336""}",2026-04-03T05:51:16.870832117Z
[DB] Synced 3 accounts to database,info,"{""level"":""info""}","{""project"":""ce3616d9-58ad-4ec7-a294-1821e1564434"",""environment"":""fb6513d0-42a4-4660-82b5-509c54b15f2a"",""service"":""4978aa94-666c-47c7-8024-3ada55195a51"",""deployment"":""e6572e99-435a-4318-8085-a26955b8bae6"",""replica"":""bc280845-512d-4bab-ba8a-2b99bc9ab336""}",2026-04-03T05:51:46.698311590Z
2026-04-03 05:51:44 UTC - Services healthy,info,"{""level"":""info""}","{""project"":""ce3616d9-58ad-4ec7-a294-1821e1564434"",""environment"":""fb6513d0-42a4-4660-82b5-509c54b15f2a"",""service"":""4978aa94-666c-47c7-8024-3ada55195a51"",""deployment"":""e6572e99-435a-4318-8085-a26955b8bae6"",""replica"":""bc280845-512d-4bab-ba8a-2b99bc9ab336""}",2026-04-03T05:51:46.698320749Z
[DB] Synced 3 accounts to database,info,"{""level"":""info""}","{""project"":""ce3616d9-58ad-4ec7-a294-1821e1564434"",""environment"":""fb6513d0-42a4-4660-82b5-509c54b15f2a"",""service"":""4978aa94-666c-47c7-8024-3ada55195a51"",""deployment"":""e6572e99-435a-4318-8085-a26955b8bae6"",""replica"":""bc280845-512d-4bab-ba8a-2b99bc9ab336""}",2026-04-03T05:52:16.445051458Z
2026-04-03 05:52:14 UTC - Services healthy,info,"{""level"":""info""}","{""project"":""ce3616d9-58ad-4ec7-a294-1821e1564434"",""environment"":""fb6513d0-42a4-4660-82b5-509c54b15f2a"",""service"":""4978aa94-666c-47c7-8024-3ada55195a51"",""deployment"":""e6572e99-435a-4318-8085-a26955b8bae6"",""replica"":""bc280845-512d-4bab-ba8a-2b99bc9ab336""}",2026-04-03T05:52:16.445058045Z
[DB] Synced 3 accounts to database,info,"{""level"":""info""}","{""project"":""ce3616d9-58ad-4ec7-a294-1821e1564434"",""environment"":""fb6513d0-42a4-4660-82b5-509c54b15f2a"",""service"":""4978aa94-666c-47c7-8024-3ada55195a51"",""deployment"":""e6572e99-435a-4318-8085-a26955b8bae6"",""replica"":""bc280845-512d-4bab-ba8a-2b99bc9ab336""}",2026-04-03T05:52:46.188466941Z
2026-04-03 05:52:44 UTC - Services healthy,info,"{""level"":""info""}","{""project"":""ce3616d9-58ad-4ec7-a294-1821e1564434"",""environment"":""fb6513d0-42a4-4660-82b5-509c54b15f2a"",""service"":""4978aa94-666c-47c7-8024-3ada55195a51"",""deployment"":""e6572e99-435a-4318-8085-a26955b8bae6"",""replica"":""bc280845-512d-4bab-ba8a-2b99bc9ab336""}",2026-04-03T05:52:46.188474436Z
[DB] Synced 3 accounts to database,info,"{""level"":""info""}","{""project"":""ce3616d9-58ad-4ec7-a294-1821e1564434"",""environment"":""fb6513d0-42a4-4660-82b5-509c54b15f2a"",""service"":""4978aa94-666c-47c7-8024-3ada55195a51"",""deployment"":""e6572e99-435a-4318-8085-a26955b8bae6"",""replica"":""bc280845-512d-4bab-ba8a-2b99bc9ab336""}",2026-04-03T05:53:16.257501401Z
2026-04-03 05:53:14 UTC - Services healthy,info,"{""level"":""info""}","{""project"":""ce3616d9-58ad-4ec7-a294-1821e1564434"",""environment"":""fb6513d0-42a4-4660-82b5-509c54b15f2a"",""service"":""4978aa94-666c-47c7-8024-3ada55195a51"",""deployment"":""e6572e99-435a-4318-8085-a26955b8bae6"",""replica"":""bc280845-512d-4bab-ba8a-2b99bc9ab336""}",2026-04-03T05:53:16.257514809Z
[DB] Synced 3 accounts to database,info,"{""level"":""info""}","{""project"":""ce3616d9-58ad-4ec7-a294-1821e1564434"",""environment"":""fb6513d0-42a4-4660-82b5-509c54b15f2a"",""service"":""4978aa94-666c-47c7-8024-3ada55195a51"",""deployment"":""e6572e99-435a-4318-8085-a26955b8bae6"",""replica"":""bc280845-512d-4bab-ba8a-2b99bc9ab336""}",2026-04-03T05:53:46.059226172Z
2026-04-03 05:53:44 UTC - Services healthy,info,"{""level"":""info""}","{""project"":""ce3616d9-58ad-4ec7-a294-1821e1564434"",""environment"":""fb6513d0-42a4-4660-82b5-509c54b15f2a"",""service"":""4978aa94-666c-47c7-8024-3ada55195a51"",""deployment"":""e6572e99-435a-4318-8085-a26955b8bae6"",""replica"":""bc280845-512d-4bab-ba8a-2b99bc9ab336""}",2026-04-03T05:53:46.059232479Z
[DB] Synced 3 accounts to database,info,"{""level"":""info""}","{""project"":""ce3616d9-58ad-4ec7-a294-1821e1564434"",""environment"":""fb6513d0-42a4-4660-82b5-509c54b15f2a"",""service"":""4978aa94-666c-47c7-8024-3ada55195a51"",""deployment"":""e6572e99-435a-4318-8085-a26955b8bae6"",""replica"":""bc280845-512d-4bab-ba8a-2b99bc9ab336""}",2026-04-03T05:54:16.185439993Z
2026-04-03 05:54:14 UTC - Services healthy,info,"{""level"":""info""}","{""project"":""ce3616d9-58ad-4ec7-a294-1821e1564434"",""environment"":""fb6513d0-42a4-4660-82b5-509c54b15f2a"",""service"":""4978aa94-666c-47c7-8024-3ada55195a51"",""deployment"":""e6572e99-435a-4318-8085-a26955b8bae6"",""replica"":""bc280845-512d-4bab-ba8a-2b99bc9ab336""}",2026-04-03T05:54:16.185447055Z
[DB] Synced 3 accounts to database,info,"{""level"":""info""}","{""project"":""ce3616d9-58ad-4ec7-a294-1821e1564434"",""environment"":""fb6513d0-42a4-4660-82b5-509c54b15f2a"",""service"":""4978aa94-666c-47c7-8024-3ada55195a51"",""deployment"":""e6572e99-435a-4318-8085-a26955b8bae6"",""replica"":""bc280845-512d-4bab-ba8a-2b99bc9ab336""}",2026-04-03T05:54:46.184558894Z
2026-04-03 05:54:44 UTC - Services healthy,info,"{""level"":""info""}","{""project"":""ce3616d9-58ad-4ec7-a294-1821e1564434"",""environment"":""fb6513d0-42a4-4660-82b5-509c54b15f2a"",""service"":""4978aa94-666c-47c7-8024-3ada55195a51"",""deployment"":""e6572e99-435a-4318-8085-a26955b8bae6"",""replica"":""bc280845-512d-4bab-ba8a-2b99bc9ab336""}",2026-04-03T05:54:46.184570036Z
[DB] Synced 3 accounts to database,info,"{""level"":""info""}","{""project"":""ce3616d9-58ad-4ec7-a294-1821e1564434"",""environment"":""fb6513d0-42a4-4660-82b5-509c54b15f2a"",""service"":""4978aa94-666c-47c7-8024-3ada55195a51"",""deployment"":""e6572e99-435a-4318-8085-a26955b8bae6"",""replica"":""bc280845-512d-4bab-ba8a-2b99bc9ab336""}",2026-04-03T05:55:15.941247232Z
2026-04-03 05:55:14 UTC - Services healthy,info,"{""level"":""info""}","{""project"":""ce3616d9-58ad-4ec7-a294-1821e1564434"",""environment"":""fb6513d0-42a4-4660-82b5-509c54b15f2a"",""service"":""4978aa94-666c-47c7-8024-3ada55195a51"",""deployment"":""e6572e99-435a-4318-8085-a26955b8bae6"",""replica"":""bc280845-512d-4bab-ba8a-2b99bc9ab336""}",2026-04-03T05:55:15.941251984Z
[DB] Synced 3 accounts to database,info,"{""level"":""info""}","{""project"":""ce3616d9-58ad-4ec7-a294-1821e1564434"",""environment"":""fb6513d0-42a4-4660-82b5-509c54b15f2a"",""service"":""4978aa94-666c-47c7-8024-3ada55195a51"",""deployment"":""e6572e99-435a-4318-8085-a26955b8bae6"",""replica"":""bc280845-512d-4bab-ba8a-2b99bc9ab336""}",2026-04-03T05:55:45.720447412Z
2026-04-03 05:55:44 UTC - Services healthy,info,"{""level"":""info""}","{""project"":""ce3616d9-58ad-4ec7-a294-1821e1564434"",""environment"":""fb6513d0-42a4-4660-82b5-509c54b15f2a"",""service"":""4978aa94-666c-47c7-8024-3ada55195a51"",""deployment"":""e6572e99-435a-4318-8085-a26955b8bae6"",""replica"":""bc280845-512d-4bab-ba8a-2b99bc9ab336""}",2026-04-03T05:55:45.720460581Z
[DB] Synced 3 accounts to database,info,"{""level"":""info""}","{""project"":""ce3616d9-58ad-4ec7-a294-1821e1564434"",""environment"":""fb6513d0-42a4-4660-82b5-509c54b15f2a"",""service"":""4978aa94-666c-47c7-8024-3ada55195a51"",""deployment"":""e6572e99-435a-4318-8085-a26955b8bae6"",""replica"":""bc280845-512d-4bab-ba8a-2b99bc9ab336""}",2026-04-03T05:56:15.354695145Z
2026-04-03 05:56:14 UTC - Services healthy,info,"{""level"":""info""}","{""project"":""ce3616d9-58ad-4ec7-a294-1821e1564434"",""environment"":""fb6513d0-42a4-4660-82b5-509c54b15f2a"",""service"":""4978aa94-666c-47c7-8024-3ada55195a51"",""deployment"":""e6572e99-435a-4318-8085-a26955b8bae6"",""replica"":""bc280845-512d-4bab-ba8a-2b99bc9ab336""}",2026-04-03T05:56:15.354701729Z
[DB] Synced 3 accounts to database,info,"{""level"":""info""}","{""project"":""ce3616d9-58ad-4ec7-a294-1821e1564434"",""environment"":""fb6513d0-42a4-4660-82b5-509c54b15f2a"",""service"":""4978aa94-666c-47c7-8024-3ada55195a51"",""deployment"":""e6572e99-435a-4318-8085-a26955b8bae6"",""replica"":""bc280845-512d-4bab-ba8a-2b99bc9ab336""}",2026-04-03T05:56:45.102766202Z
2026-04-03 05:56:44 UTC - Services healthy,info,"{""level"":""info""}","{""project"":""ce3616d9-58ad-4ec7-a294-1821e1564434"",""environment"":""fb6513d0-42a4-4660-82b5-509c54b15f2a"",""service"":""4978aa94-666c-47c7-8024-3ada55195a51"",""deployment"":""e6572e99-435a-4318-8085-a26955b8bae6"",""replica"":""bc280845-512d-4bab-ba8a-2b99bc9ab336""}",2026-04-03T05:56:45.102773727Z
[DB] Synced 3 accounts to database,info,"{""level"":""info""}","{""project"":""ce3616d9-58ad-4ec7-a294-1821e1564434"",""environment"":""fb6513d0-42a4-4660-82b5-509c54b15f2a"",""service"":""4978aa94-666c-47c7-8024-3ada55195a51"",""deployment"":""e6572e99-435a-4318-8085-a26955b8bae6"",""replica"":""bc280845-512d-4bab-ba8a-2b99bc9ab336""}",2026-04-03T05:57:15.158866049Z
2026-04-03 05:57:14 UTC - Services healthy,info,"{""level"":""info""}","{""project"":""ce3616d9-58ad-4ec7-a294-1821e1564434"",""environment"":""fb6513d0-42a4-4660-82b5-509c54b15f2a"",""service"":""4978aa94-666c-47c7-8024-3ada55195a51"",""deployment"":""e6572e99-435a-4318-8085-a26955b8bae6"",""replica"":""bc280845-512d-4bab-ba8a-2b99bc9ab336""}",2026-04-03T05:57:15.158870806Z
[DB] Synced 3 accounts to database,info,"{""level"":""info""}","{""project"":""ce3616d9-58ad-4ec7-a294-1821e1564434"",""environment"":""fb6513d0-42a4-4660-82b5-509c54b15f2a"",""service"":""4978aa94-666c-47c7-8024-3ada55195a51"",""deployment"":""e6572e99-435a-4318-8085-a26955b8bae6"",""replica"":""bc280845-512d-4bab-ba8a-2b99bc9ab336""}",2026-04-03T05:57:44.957256614Z
2026-04-03 05:57:44 UTC - Services healthy,info,"{""level"":""info""}","{""project"":""ce3616d9-58ad-4ec7-a294-1821e1564434"",""environment"":""fb6513d0-42a4-4660-82b5-509c54b15f2a"",""service"":""4978aa94-666c-47c7-8024-3ada55195a51"",""deployment"":""e6572e99-435a-4318-8085-a26955b8bae6"",""replica"":""bc280845-512d-4bab-ba8a-2b99bc9ab336""}",2026-04-03T05:57:44.957267252Z
2026-04-03 05:58:14 UTC - Services healthy,info,"{""level"":""info""}","{""project"":""ce3616d9-58ad-4ec7-a294-1821e1564434"",""environment"":""fb6513d0-42a4-4660-82b5-509c54b15f2a"",""service"":""4978aa94-666c-47c7-8024-3ada55195a51"",""deployment"":""e6572e99-435a-4318-8085-a26955b8bae6"",""replica"":""bc280845-512d-4bab-ba8a-2b99bc9ab336""}",2026-04-03T05:58:15.018509935Z
[DB] Synced 3 accounts to database,info,"{""level"":""info""}","{""project"":""ce3616d9-58ad-4ec7-a294-1821e1564434"",""environment"":""fb6513d0-42a4-4660-82b5-509c54b15f2a"",""service"":""4978aa94-666c-47c7-8024-3ada55195a51"",""deployment"":""e6572e99-435a-4318-8085-a26955b8bae6"",""replica"":""bc280845-512d-4bab-ba8a-2b99bc9ab336""}",2026-04-03T05:58:15.018680742Z
[DB] Synced 3 accounts to database,info,"{""level"":""info""}","{""project"":""ce3616d9-58ad-4ec7-a294-1821e1564434"",""environment"":""fb6513d0-42a4-4660-82b5-509c54b15f2a"",""service"":""4978aa94-666c-47c7-8024-3ada55195a51"",""deployment"":""e6572e99-435a-4318-8085-a26955b8bae6"",""replica"":""bc280845-512d-4bab-ba8a-2b99bc9ab336""}",2026-04-03T05:58:44.869930033Z
2026-04-03 05:58:44 UTC - Services healthy,info,"{""level"":""info""}","{""project"":""ce3616d9-58ad-4ec7-a294-1821e1564434"",""environment"":""fb6513d0-42a4-4660-82b5-509c54b15f2a"",""service"":""4978aa94-666c-47c7-8024-3ada55195a51"",""deployment"":""e6572e99-435a-4318-8085-a26955b8bae6"",""replica"":""bc280845-512d-4bab-ba8a-2b99bc9ab336""}",2026-04-03T05:58:44.869939055Z
[DB] Synced 3 accounts to database,info,"{""level"":""info""}","{""project"":""ce3616d9-58ad-4ec7-a294-1821e1564434"",""environment"":""fb6513d0-42a4-4660-82b5-509c54b15f2a"",""service"":""4978aa94-666c-47c7-8024-3ada55195a51"",""deployment"":""e6572e99-435a-4318-8085-a26955b8bae6"",""replica"":""bc280845-512d-4bab-ba8a-2b99bc9ab336""}",2026-04-03T05:59:14.952496010Z
2026-04-03 05:59:14 UTC - Services healthy,info,"{""level"":""info""}","{""project"":""ce3616d9-58ad-4ec7-a294-1821e1564434"",""environment"":""fb6513d0-42a4-4660-82b5-509c54b15f2a"",""service"":""4978aa94-666c-47c7-8024-3ada55195a51"",""deployment"":""e6572e99-435a-4318-8085-a26955b8bae6"",""replica"":""bc280845-512d-4bab-ba8a-2b99bc9ab336""}",2026-04-03T05:59:14.952501436Z
[DB] Synced 3 accounts to database,info,"{""level"":""info""}","{""project"":""ce3616d9-58ad-4ec7-a294-1821e1564434"",""environment"":""fb6513d0-42a4-4660-82b5-509c54b15f2a"",""service"":""4978aa94-666c-47c7-8024-3ada55195a51"",""deployment"":""e6572e99-435a-4318-8085-a26955b8bae6"",""replica"":""bc280845-512d-4bab-ba8a-2b99bc9ab336""}",2026-04-03T05:59:44.968575659Z
2026-04-03 05:59:44 UTC - Services healthy,info,"{""level"":""info""}","{""project"":""ce3616d9-58ad-4ec7-a294-1821e1564434"",""environment"":""fb6513d0-42a4-4660-82b5-509c54b15f2a"",""service"":""4978aa94-666c-47c7-8024-3ada55195a51"",""deployment"":""e6572e99-435a-4318-8085-a26955b8bae6"",""replica"":""bc280845-512d-4bab-ba8a-2b99bc9ab336""}",2026-04-03T05:59:44.968582129Z
[DB] Synced 3 accounts to database,info,"{""level"":""info""}","{""project"":""ce3616d9-58ad-4ec7-a294-1821e1564434"",""environment"":""fb6513d0-42a4-4660-82b5-509c54b15f2a"",""service"":""4978aa94-666c-47c7-8024-3ada55195a51"",""deployment"":""e6572e99-435a-4318-8085-a26955b8bae6"",""replica"":""bc280845-512d-4bab-ba8a-2b99bc9ab336""}",2026-04-03T06:00:14.873384742Z
2026-04-03 06:00:14 UTC - Services healthy,info,"{""level"":""info""}","{""project"":""ce3616d9-58ad-4ec7-a294-1821e1564434"",""environment"":""fb6513d0-42a4-4660-82b5-509c54b15f2a"",""service"":""4978aa94-666c-47c7-8024-3ada55195a51"",""deployment"":""e6572e99-435a-4318-8085-a26955b8bae6"",""replica"":""bc280845-512d-4bab-ba8a-2b99bc9ab336""}",2026-04-03T06:00:14.873393911Z
[DB] Synced 3 accounts to database,info,"{""level"":""info""}","{""project"":""ce3616d9-58ad-4ec7-a294-1821e1564434"",""environment"":""fb6513d0-42a4-4660-82b5-509c54b15f2a"",""service"":""4978aa94-666c-47c7-8024-3ada55195a51"",""deployment"":""e6572e99-435a-4318-8085-a26955b8bae6"",""replica"":""bc280845-512d-4bab-ba8a-2b99bc9ab336""}",2026-04-03T06:00:44.872374634Z
2026-04-03 06:00:44 UTC - Services healthy,info,"{""level"":""info""}","{""project"":""ce3616d9-58ad-4ec7-a294-1821e1564434"",""environment"":""fb6513d0-42a4-4660-82b5-509c54b15f2a"",""service"":""4978aa94-666c-47c7-8024-3ada55195a51"",""deployment"":""e6572e99-435a-4318-8085-a26955b8bae6"",""replica"":""bc280845-512d-4bab-ba8a-2b99bc9ab336""}",2026-04-03T06:00:44.872384258Z
[DB] Synced 3 accounts to database,info,"{""level"":""info""}","{""project"":""ce3616d9-58ad-4ec7-a294-1821e1564434"",""environment"":""fb6513d0-42a4-4660-82b5-509c54b15f2a"",""service"":""4978aa94-666c-47c7-8024-3ada55195a51"",""deployment"":""e6572e99-435a-4318-8085-a26955b8bae6"",""replica"":""bc280845-512d-4bab-ba8a-2b99bc9ab336""}",2026-04-03T06:01:14.676152289Z
2026-04-03 06:01:14 UTC - Services healthy,info,"{""level"":""info""}","{""project"":""ce3616d9-58ad-4ec7-a294-1821e1564434"",""environment"":""fb6513d0-42a4-4660-82b5-509c54b15f2a"",""service"":""4978aa94-666c-47c7-8024-3ada55195a51"",""deployment"":""e6572e99-435a-4318-8085-a26955b8bae6"",""replica"":""bc280845-512d-4bab-ba8a-2b99bc9ab336""}",2026-04-03T06:01:14.842148824Z
[DB] Synced 3 accounts to database,info,"{""level"":""info""}","{""project"":""ce3616d9-58ad-4ec7-a294-1821e1564434"",""environment"":""fb6513d0-42a4-4660-82b5-509c54b15f2a"",""service"":""4978aa94-666c-47c7-8024-3ada55195a51"",""deployment"":""e6572e99-435a-4318-8085-a26955b8bae6"",""replica"":""bc280845-512d-4bab-ba8a-2b99bc9ab336""}",2026-04-03T06:01:44.857889153Z
2026-04-03 06:01:44 UTC - Services healthy,info,"{""level"":""info""}","{""project"":""ce3616d9-58ad-4ec7-a294-1821e1564434"",""environment"":""fb6513d0-42a4-4660-82b5-509c54b15f2a"",""service"":""4978aa94-666c-47c7-8024-3ada55195a51"",""deployment"":""e6572e99-435a-4318-8085-a26955b8bae6"",""replica"":""bc280845-512d-4bab-ba8a-2b99bc9ab336""}",2026-04-03T06:01:44.857898160Z
[DB] Synced 3 accounts to database,info,"{""level"":""info""}","{""project"":""ce3616d9-58ad-4ec7-a294-1821e1564434"",""environment"":""fb6513d0-42a4-4660-82b5-509c54b15f2a"",""service"":""4978aa94-666c-47c7-8024-3ada55195a51"",""deployment"":""e6572e99-435a-4318-8085-a26955b8bae6"",""replica"":""bc280845-512d-4bab-ba8a-2b99bc9ab336""}",2026-04-03T06:02:14.707252834Z
2026-04-03 06:02:14 UTC - Services healthy,info,"{""level"":""info""}","{""project"":""ce3616d9-58ad-4ec7-a294-1821e1564434"",""environment"":""fb6513d0-42a4-4660-82b5-509c54b15f2a"",""service"":""4978aa94-666c-47c7-8024-3ada55195a51"",""deployment"":""e6572e99-435a-4318-8085-a26955b8bae6"",""replica"":""bc280845-512d-4bab-ba8a-2b99bc9ab336""}",2026-04-03T06:02:14.842558545Z
[DB] Synced 3 accounts to database,info,"{""level"":""info""}","{""project"":""ce3616d9-58ad-4ec7-a294-1821e1564434"",""environment"":""fb6513d0-42a4-4660-82b5-509c54b15f2a"",""service"":""4978aa94-666c-47c7-8024-3ada55195a51"",""deployment"":""e6572e99-435a-4318-8085-a26955b8bae6"",""replica"":""bc280845-512d-4bab-ba8a-2b99bc9ab336""}",2026-04-03T06:02:44.905177848Z
2026-04-03 06:02:44 UTC - Services healthy,info,"{""level"":""info""}","{""project"":""ce3616d9-58ad-4ec7-a294-1821e1564434"",""environment"":""fb6513d0-42a4-4660-82b5-509c54b15f2a"",""service"":""4978aa94-666c-47c7-8024-3ada55195a51"",""deployment"":""e6572e99-435a-4318-8085-a26955b8bae6"",""replica"":""bc280845-512d-4bab-ba8a-2b99bc9ab336""}",2026-04-03T06:02:44.905190776Z
[DB] Synced 3 accounts to database,info,"{""level"":""info""}","{""project"":""ce3616d9-58ad-4ec7-a294-1821e1564434"",""environment"":""fb6513d0-42a4-4660-82b5-509c54b15f2a"",""service"":""4978aa94-666c-47c7-8024-3ada55195a51"",""deployment"":""e6572e99-435a-4318-8085-a26955b8bae6"",""replica"":""bc280845-512d-4bab-ba8a-2b99bc9ab336""}",2026-04-03T06:03:14.863493216Z
2026-04-03 06:03:14 UTC - Services healthy,info,"{""level"":""info""}","{""project"":""ce3616d9-58ad-4ec7-a294-1821e1564434"",""environment"":""fb6513d0-42a4-4660-82b5-509c54b15f2a"",""service"":""4978aa94-666c-47c7-8024-3ada55195a51"",""deployment"":""e6572e99-435a-4318-8085-a26955b8bae6"",""replica"":""bc280845-512d-4bab-ba8a-2b99bc9ab336""}",2026-04-03T06:03:14.863504722Z
[DB] Synced 3 accounts to database,info,"{""level"":""info""}","{""project"":""ce3616d9-58ad-4ec7-a294-1821e1564434"",""environment"":""fb6513d0-42a4-4660-82b5-509c54b15f2a"",""service"":""4978aa94-666c-47c7-8024-3ada55195a51"",""deployment"":""e6572e99-435a-4318-8085-a26955b8bae6"",""replica"":""bc280845-512d-4bab-ba8a-2b99bc9ab336""}",2026-04-03T06:03:45.129496551Z
2026-04-03 06:03:44 UTC - Services healthy,info,"{""level"":""info""}","{""project"":""ce3616d9-58ad-4ec7-a294-1821e1564434"",""environment"":""fb6513d0-42a4-4660-82b5-509c54b15f2a"",""service"":""4978aa94-666c-47c7-8024-3ada55195a51"",""deployment"":""e6572e99-435a-4318-8085-a26955b8bae6"",""replica"":""bc280845-512d-4bab-ba8a-2b99bc9ab336""}",2026-04-03T06:03:45.129501084Z
[DB] Synced 3 accounts to database,info,"{""level"":""info""}","{""project"":""ce3616d9-58ad-4ec7-a294-1821e1564434"",""environment"":""fb6513d0-42a4-4660-82b5-509c54b15f2a"",""service"":""4978aa94-666c-47c7-8024-3ada55195a51"",""deployment"":""e6572e99-435a-4318-8085-a26955b8bae6"",""replica"":""bc280845-512d-4bab-ba8a-2b99bc9ab336""}",2026-04-03T06:04:15.128139311Z
2026-04-03 06:04:14 UTC - Services healthy,info,"{""level"":""info""}","{""project"":""ce3616d9-58ad-4ec7-a294-1821e1564434"",""environment"":""fb6513d0-42a4-4660-82b5-509c54b15f2a"",""service"":""4978aa94-666c-47c7-8024-3ada55195a51"",""deployment"":""e6572e99-435a-4318-8085-a26955b8bae6"",""replica"":""bc280845-512d-4bab-ba8a-2b99bc9ab336""}",2026-04-03T06:04:15.128149156Z
[DB] Synced 3 accounts to database,info,"{""level"":""info""}","{""project"":""ce3616d9-58ad-4ec7-a294-1821e1564434"",""environment"":""fb6513d0-42a4-4660-82b5-509c54b15f2a"",""service"":""4978aa94-666c-47c7-8024-3ada55195a51"",""deployment"":""e6572e99-435a-4318-8085-a26955b8bae6"",""replica"":""bc280845-512d-4bab-ba8a-2b99bc9ab336""}",2026-04-03T06:04:45.149614738Z
2026-04-03 06:04:44 UTC - Services healthy,info,"{""level"":""info""}","{""project"":""ce3616d9-58ad-4ec7-a294-1821e1564434"",""environment"":""fb6513d0-42a4-4660-82b5-509c54b15f2a"",""service"":""4978aa94-666c-47c7-8024-3ada55195a51"",""deployment"":""e6572e99-435a-4318-8085-a26955b8bae6"",""replica"":""bc280845-512d-4bab-ba8a-2b99bc9ab336""}",2026-04-03T06:04:45.149621085Z
[DB] Synced 3 accounts to database,info,"{""level"":""info""}","{""project"":""ce3616d9-58ad-4ec7-a294-1821e1564434"",""environment"":""fb6513d0-42a4-4660-82b5-509c54b15f2a"",""service"":""4978aa94-666c-47c7-8024-3ada55195a51"",""deployment"":""e6572e99-435a-4318-8085-a26955b8bae6"",""replica"":""bc280845-512d-4bab-ba8a-2b99bc9ab336""}",2026-04-03T06:05:14.982943754Z
2026-04-03 06:05:14 UTC - Services healthy,info,"{""level"":""info""}","{""project"":""ce3616d9-58ad-4ec7-a294-1821e1564434"",""environment"":""fb6513d0-42a4-4660-82b5-509c54b15f2a"",""service"":""4978aa94-666c-47c7-8024-3ada55195a51"",""deployment"":""e6572e99-435a-4318-8085-a26955b8bae6"",""replica"":""bc280845-512d-4bab-ba8a-2b99bc9ab336""}",2026-04-03T06:05:14.982952795Z
[DB] Synced 3 accounts to database,info,"{""level"":""info""}","{""project"":""ce3616d9-58ad-4ec7-a294-1821e1564434"",""environment"":""fb6513d0-42a4-4660-82b5-509c54b15f2a"",""service"":""4978aa94-666c-47c7-8024-3ada55195a51"",""deployment"":""e6572e99-435a-4318-8085-a26955b8bae6"",""replica"":""bc280845-512d-4bab-ba8a-2b99bc9ab336""}",2026-04-03T06:05:44.895373330Z
2026-04-03 06:05:44 UTC - Services healthy,info,"{""level"":""info""}","{""project"":""ce3616d9-58ad-4ec7-a294-1821e1564434"",""environment"":""fb6513d0-42a4-4660-82b5-509c54b15f2a"",""service"":""4978aa94-666c-47c7-8024-3ada55195a51"",""deployment"":""e6572e99-435a-4318-8085-a26955b8bae6"",""replica"":""bc280845-512d-4bab-ba8a-2b99bc9ab336""}",2026-04-03T06:05:44.895383589Z
[DB] Synced 3 accounts to database,info,"{""level"":""info""}","{""project"":""ce3616d9-58ad-4ec7-a294-1821e1564434"",""environment"":""fb6513d0-42a4-4660-82b5-509c54b15f2a"",""service"":""4978aa94-666c-47c7-8024-3ada55195a51"",""deployment"":""e6572e99-435a-4318-8085-a26955b8bae6"",""replica"":""bc280845-512d-4bab-ba8a-2b99bc9ab336""}",2026-04-03T06:06:14.712690091Z
2026-04-03 06:06:14 UTC - Services healthy,info,"{""level"":""info""}","{""project"":""ce3616d9-58ad-4ec7-a294-1821e1564434"",""environment"":""fb6513d0-42a4-4660-82b5-509c54b15f2a"",""service"":""4978aa94-666c-47c7-8024-3ada55195a51"",""deployment"":""e6572e99-435a-4318-8085-a26955b8bae6"",""replica"":""bc280845-512d-4bab-ba8a-2b99bc9ab336""}",2026-04-03T06:06:15.199390134Z
[DB] Synced 3 accounts to database,info,"{""level"":""info""}","{""project"":""ce3616d9-58ad-4ec7-a294-1821e1564434"",""environment"":""fb6513d0-42a4-4660-82b5-509c54b15f2a"",""service"":""4978aa94-666c-47c7-8024-3ada55195a51"",""deployment"":""e6572e99-435a-4318-8085-a26955b8bae6"",""replica"":""bc280845-512d-4bab-ba8a-2b99bc9ab336""}",2026-04-03T06:06:45.041452800Z
2026-04-03 06:06:44 UTC - Services healthy,info,"{""level"":""info""}","{""project"":""ce3616d9-58ad-4ec7-a294-1821e1564434"",""environment"":""fb6513d0-42a4-4660-82b5-509c54b15f2a"",""service"":""4978aa94-666c-47c7-8024-3ada55195a51"",""deployment"":""e6572e99-435a-4318-8085-a26955b8bae6"",""replica"":""bc280845-512d-4bab-ba8a-2b99bc9ab336""}",2026-04-03T06:06:45.041462642Z
[DB] Synced 3 accounts to database,info,"{""level"":""info""}","{""project"":""ce3616d9-58ad-4ec7-a294-1821e1564434"",""environment"":""fb6513d0-42a4-4660-82b5-509c54b15f2a"",""service"":""4978aa94-666c-47c7-8024-3ada55195a51"",""deployment"":""e6572e99-435a-4318-8085-a26955b8bae6"",""replica"":""bc280845-512d-4bab-ba8a-2b99bc9ab336""}",2026-04-03T06:07:15.171766901Z
2026-04-03 06:07:14 UTC - Services healthy,info,"{""level"":""info""}","{""project"":""ce3616d9-58ad-4ec7-a294-1821e1564434"",""environment"":""fb6513d0-42a4-4660-82b5-509c54b15f2a"",""service"":""4978aa94-666c-47c7-8024-3ada55195a51"",""deployment"":""e6572e99-435a-4318-8085-a26955b8bae6"",""replica"":""bc280845-512d-4bab-ba8a-2b99bc9ab336""}",2026-04-03T06:07:15.171771693Z
[DB] Synced 3 accounts to database,info,"{""level"":""info""}","{""project"":""ce3616d9-58ad-4ec7-a294-1821e1564434"",""environment"":""fb6513d0-42a4-4660-82b5-509c54b15f2a"",""service"":""4978aa94-666c-47c7-8024-3ada55195a51"",""deployment"":""e6572e99-435a-4318-8085-a26955b8bae6"",""replica"":""bc280845-512d-4bab-ba8a-2b99bc9ab336""}",2026-04-03T06:07:45.246183050Z
2026-04-03 06:07:44 UTC - Services healthy,info,"{""level"":""info""}","{""project"":""ce3616d9-58ad-4ec7-a294-1821e1564434"",""environment"":""fb6513d0-42a4-4660-82b5-509c54b15f2a"",""service"":""4978aa94-666c-47c7-8024-3ada55195a51"",""deployment"":""e6572e99-435a-4318-8085-a26955b8bae6"",""replica"":""bc280845-512d-4bab-ba8a-2b99bc9ab336""}",2026-04-03T06:07:45.246190972Z
[DB] Synced 3 accounts to database,info,"{""level"":""info""}","{""project"":""ce3616d9-58ad-4ec7-a294-1821e1564434"",""environment"":""fb6513d0-42a4-4660-82b5-509c54b15f2a"",""service"":""4978aa94-666c-47c7-8024-3ada55195a51"",""deployment"":""e6572e99-435a-4318-8085-a26955b8bae6"",""replica"":""bc280845-512d-4bab-ba8a-2b99bc9ab336""}",2026-04-03T06:08:15.292370101Z
2026-04-03 06:08:14 UTC - Services healthy,info,"{""level"":""info""}","{""project"":""ce3616d9-58ad-4ec7-a294-1821e1564434"",""environment"":""fb6513d0-42a4-4660-82b5-509c54b15f2a"",""service"":""4978aa94-666c-47c7-8024-3ada55195a51"",""deployment"":""e6572e99-435a-4318-8085-a26955b8bae6"",""replica"":""bc280845-512d-4bab-ba8a-2b99bc9ab336""}",2026-04-03T06:08:15.292375377Z
[DB] Synced 3 accounts to database,info,"{""level"":""info""}","{""project"":""ce3616d9-58ad-4ec7-a294-1821e1564434"",""environment"":""fb6513d0-42a4-4660-82b5-509c54b15f2a"",""service"":""4978aa94-666c-47c7-8024-3ada55195a51"",""deployment"":""e6572e99-435a-4318-8085-a26955b8bae6"",""replica"":""bc280845-512d-4bab-ba8a-2b99bc9ab336""}",2026-04-03T06:08:45.211641762Z
2026-04-03 06:08:44 UTC - Services healthy,info,"{""level"":""info""}","{""project"":""ce3616d9-58ad-4ec7-a294-1821e1564434"",""environment"":""fb6513d0-42a4-4660-82b5-509c54b15f2a"",""service"":""4978aa94-666c-47c7-8024-3ada55195a51"",""deployment"":""e6572e99-435a-4318-8085-a26955b8bae6"",""replica"":""bc280845-512d-4bab-ba8a-2b99bc9ab336""}",2026-04-03T06:08:45.211653583Z
[DB] Synced 3 accounts to database,info,"{""level"":""info""}","{""project"":""ce3616d9-58ad-4ec7-a294-1821e1564434"",""environment"":""fb6513d0-42a4-4660-82b5-509c54b15f2a"",""service"":""4978aa94-666c-47c7-8024-3ada55195a51"",""deployment"":""e6572e99-435a-4318-8085-a26955b8bae6"",""replica"":""bc280845-512d-4bab-ba8a-2b99bc9ab336""}",2026-04-03T06:09:15.360803217Z
2026-04-03 06:09:14 UTC - Services healthy,info,"{""level"":""info""}","{""project"":""ce3616d9-58ad-4ec7-a294-1821e1564434"",""environment"":""fb6513d0-42a4-4660-82b5-509c54b15f2a"",""service"":""4978aa94-666c-47c7-8024-3ada55195a51"",""deployment"":""e6572e99-435a-4318-8085-a26955b8bae6"",""replica"":""bc280845-512d-4bab-ba8a-2b99bc9ab336""}",2026-04-03T06:09:15.360809571Z
[DB] Synced 3 accounts to database,info,"{""level"":""info""}","{""project"":""ce3616d9-58ad-4ec7-a294-1821e1564434"",""environment"":""fb6513d0-42a4-4660-82b5-509c54b15f2a"",""service"":""4978aa94-666c-47c7-8024-3ada55195a51"",""deployment"":""e6572e99-435a-4318-8085-a26955b8bae6"",""replica"":""bc280845-512d-4bab-ba8a-2b99bc9ab336""}",2026-04-03T06:09:45.202825404Z
2026-04-03 06:09:44 UTC - Services healthy,info,"{""level"":""info""}","{""project"":""ce3616d9-58ad-4ec7-a294-1821e1564434"",""environment"":""fb6513d0-42a4-4660-82b5-509c54b15f2a"",""service"":""4978aa94-666c-47c7-8024-3ada55195a51"",""deployment"":""e6572e99-435a-4318-8085-a26955b8bae6"",""replica"":""bc280845-512d-4bab-ba8a-2b99bc9ab336""}",2026-04-03T06:09:45.202834353Z
[DB] Synced 3 accounts to database,info,"{""level"":""info""}","{""project"":""ce3616d9-58ad-4ec7-a294-1821e1564434"",""environment"":""fb6513d0-42a4-4660-82b5-509c54b15f2a"",""service"":""4978aa94-666c-47c7-8024-3ada55195a51"",""deployment"":""e6572e99-435a-4318-8085-a26955b8bae6"",""replica"":""bc280845-512d-4bab-ba8a-2b99bc9ab336""}",2026-04-03T06:10:15.407162067Z
2026-04-03 06:10:14 UTC - Services healthy,info,"{""level"":""info""}","{""project"":""ce3616d9-58ad-4ec7-a294-1821e1564434"",""environment"":""fb6513d0-42a4-4660-82b5-509c54b15f2a"",""service"":""4978aa94-666c-47c7-8024-3ada55195a51"",""deployment"":""e6572e99-435a-4318-8085-a26955b8bae6"",""replica"":""bc280845-512d-4bab-ba8a-2b99bc9ab336""}",2026-04-03T06:10:15.407167244Z
[DB] Synced 3 accounts to database,info,"{""level"":""info""}","{""project"":""ce3616d9-58ad-4ec7-a294-1821e1564434"",""environment"":""fb6513d0-42a4-4660-82b5-509c54b15f2a"",""service"":""4978aa94-666c-47c7-8024-3ada55195a51"",""deployment"":""e6572e99-435a-4318-8085-a26955b8bae6"",""replica"":""bc280845-512d-4bab-ba8a-2b99bc9ab336""}",2026-04-03T06:10:45.144643640Z
2026-04-03 06:10:44 UTC - Services healthy,info,"{""level"":""info""}","{""project"":""ce3616d9-58ad-4ec7-a294-1821e1564434"",""environment"":""fb6513d0-42a4-4660-82b5-509c54b15f2a"",""service"":""4978aa94-666c-47c7-8024-3ada55195a51"",""deployment"":""e6572e99-435a-4318-8085-a26955b8bae6"",""replica"":""bc280845-512d-4bab-ba8a-2b99bc9ab336""}",2026-04-03T06:10:45.144650860Z
[DB] Synced 3 accounts to database,info,"{""level"":""info""}","{""project"":""ce3616d9-58ad-4ec7-a294-1821e1564434"",""environment"":""fb6513d0-42a4-4660-82b5-509c54b15f2a"",""service"":""4978aa94-666c-47c7-8024-3ada55195a51"",""deployment"":""e6572e99-435a-4318-8085-a26955b8bae6"",""replica"":""bc280845-512d-4bab-ba8a-2b99bc9ab336""}",2026-04-03T06:11:15.144540221Z
2026-04-03 06:11:14 UTC - Services healthy,info,"{""level"":""info""}","{""project"":""ce3616d9-58ad-4ec7-a294-1821e1564434"",""environment"":""fb6513d0-42a4-4660-82b5-509c54b15f2a"",""service"":""4978aa94-666c-47c7-8024-3ada55195a51"",""deployment"":""e6572e99-435a-4318-8085-a26955b8bae6"",""replica"":""bc280845-512d-4bab-ba8a-2b99bc9ab336""}",2026-04-03T06:11:15.144547597Z
[DB] Synced 3 accounts to database,info,"{""level"":""info""}","{""project"":""ce3616d9-58ad-4ec7-a294-1821e1564434"",""environment"":""fb6513d0-42a4-4660-82b5-509c54b15f2a"",""service"":""4978aa94-666c-47c7-8024-3ada55195a51"",""deployment"":""e6572e99-435a-4318-8085-a26955b8bae6"",""replica"":""bc280845-512d-4bab-ba8a-2b99bc9ab336""}",2026-04-03T06:11:45.023238293Z
2026-04-03 06:11:44 UTC - Services healthy,info,"{""level"":""info""}","{""project"":""ce3616d9-58ad-4ec7-a294-1821e1564434"",""environment"":""fb6513d0-42a4-4660-82b5-509c54b15f2a"",""service"":""4978aa94-666c-47c7-8024-3ada55195a51"",""deployment"":""e6572e99-435a-4318-8085-a26955b8bae6"",""replica"":""bc280845-512d-4bab-ba8a-2b99bc9ab336""}",2026-04-03T06:11:45.023251740Z
2026-04-03 06:12:14 UTC - Services healthy,info,"{""level"":""info""}","{""project"":""ce3616d9-58ad-4ec7-a294-1821e1564434"",""environment"":""fb6513d0-42a4-4660-82b5-509c54b15f2a"",""service"":""4978aa94-666c-47c7-8024-3ada55195a51"",""deployment"":""e6572e99-435a-4318-8085-a26955b8bae6"",""replica"":""bc280845-512d-4bab-ba8a-2b99bc9ab336""}",2026-04-03T06:12:15.160731067Z
[DB] Synced 3 accounts to database,info,"{""level"":""info""}","{""project"":""ce3616d9-58ad-4ec7-a294-1821e1564434"",""environment"":""fb6513d0-42a4-4660-82b5-509c54b15f2a"",""service"":""4978aa94-666c-47c7-8024-3ada55195a51"",""deployment"":""e6572e99-435a-4318-8085-a26955b8bae6"",""replica"":""bc280845-512d-4bab-ba8a-2b99bc9ab336""}",2026-04-03T06:12:15.160776821Z
[DB] Synced 3 accounts to database,info,"{""level"":""info""}","{""project"":""ce3616d9-58ad-4ec7-a294-1821e1564434"",""environment"":""fb6513d0-42a4-4660-82b5-509c54b15f2a"",""service"":""4978aa94-666c-47c7-8024-3ada55195a51"",""deployment"":""e6572e99-435a-4318-8085-a26955b8bae6"",""replica"":""bc280845-512d-4bab-ba8a-2b99bc9ab336""}",2026-04-03T06:12:45.007815164Z
2026-04-03 06:12:44 UTC - Services healthy,info,"{""level"":""info""}","{""project"":""ce3616d9-58ad-4ec7-a294-1821e1564434"",""environment"":""fb6513d0-42a4-4660-82b5-509c54b15f2a"",""service"":""4978aa94-666c-47c7-8024-3ada55195a51"",""deployment"":""e6572e99-435a-4318-8085-a26955b8bae6"",""replica"":""bc280845-512d-4bab-ba8a-2b99bc9ab336""}",2026-04-03T06:12:45.007822376Z
[DB] Synced 3 accounts to database,info,"{""level"":""info""}","{""project"":""ce3616d9-58ad-4ec7-a294-1821e1564434"",""environment"":""fb6513d0-42a4-4660-82b5-509c54b15f2a"",""service"":""4978aa94-666c-47c7-8024-3ada55195a51"",""deployment"":""e6572e99-435a-4318-8085-a26955b8bae6"",""replica"":""bc280845-512d-4bab-ba8a-2b99bc9ab336""}",2026-04-03T06:13:15.052827429Z
2026-04-03 06:13:14 UTC - Services healthy,info,"{""level"":""info""}","{""project"":""ce3616d9-58ad-4ec7-a294-1821e1564434"",""environment"":""fb6513d0-42a4-4660-82b5-509c54b15f2a"",""service"":""4978aa94-666c-47c7-8024-3ada55195a51"",""deployment"":""e6572e99-435a-4318-8085-a26955b8bae6"",""replica"":""bc280845-512d-4bab-ba8a-2b99bc9ab336""}",2026-04-03T06:13:15.052831821Z
[DB] Synced 3 accounts to database,info,"{""level"":""info""}","{""project"":""ce3616d9-58ad-4ec7-a294-1821e1564434"",""environment"":""fb6513d0-42a4-4660-82b5-509c54b15f2a"",""service"":""4978aa94-666c-47c7-8024-3ada55195a51"",""deployment"":""e6572e99-435a-4318-8085-a26955b8bae6"",""replica"":""bc280845-512d-4bab-ba8a-2b99bc9ab336""}",2026-04-03T06:13:44.877676031Z
2026-04-03 06:13:44 UTC - Services healthy,info,"{""level"":""info""}","{""project"":""ce3616d9-58ad-4ec7-a294-1821e1564434"",""environment"":""fb6513d0-42a4-4660-82b5-509c54b15f2a"",""service"":""4978aa94-666c-47c7-8024-3ada55195a51"",""deployment"":""e6572e99-435a-4318-8085-a26955b8bae6"",""replica"":""bc280845-512d-4bab-ba8a-2b99bc9ab336""}",2026-04-03T06:13:44.978665957Z
[DB] Synced 3 accounts to database,info,"{""level"":""info""}","{""project"":""ce3616d9-58ad-4ec7-a294-1821e1564434"",""environment"":""fb6513d0-42a4-4660-82b5-509c54b15f2a"",""service"":""4978aa94-666c-47c7-8024-3ada55195a51"",""deployment"":""e6572e99-435a-4318-8085-a26955b8bae6"",""replica"":""bc280845-512d-4bab-ba8a-2b99bc9ab336""}",2026-04-03T06:14:15.030397386Z
2026-04-03 06:14:14 UTC - Services healthy,info,"{""level"":""info""}","{""project"":""ce3616d9-58ad-4ec7-a294-1821e1564434"",""environment"":""fb6513d0-42a4-4660-82b5-509c54b15f2a"",""service"":""4978aa94-666c-47c7-8024-3ada55195a51"",""deployment"":""e6572e99-435a-4318-8085-a26955b8bae6"",""replica"":""bc280845-512d-4bab-ba8a-2b99bc9ab336""}",2026-04-03T06:14:15.030401695Z
[DB] Synced 3 accounts to database,info,"{""level"":""info""}","{""project"":""ce3616d9-58ad-4ec7-a294-1821e1564434"",""environment"":""fb6513d0-42a4-4660-82b5-509c54b15f2a"",""service"":""4978aa94-666c-47c7-8024-3ada55195a51"",""deployment"":""e6572e99-435a-4318-8085-a26955b8bae6"",""replica"":""bc280845-512d-4bab-ba8a-2b99bc9ab336""}",2026-04-03T06:14:45.015156512Z
2026-04-03 06:14:44 UTC - Services healthy,info,"{""level"":""info""}","{""project"":""ce3616d9-58ad-4ec7-a294-1821e1564434"",""environment"":""fb6513d0-42a4-4660-82b5-509c54b15f2a"",""service"":""4978aa94-666c-47c7-8024-3ada55195a51"",""deployment"":""e6572e99-435a-4318-8085-a26955b8bae6"",""replica"":""bc280845-512d-4bab-ba8a-2b99bc9ab336""}",2026-04-03T06:14:45.015166536Z
[DB] Synced 3 accounts to database,info,"{""level"":""info""}","{""project"":""ce3616d9-58ad-4ec7-a294-1821e1564434"",""environment"":""fb6513d0-42a4-4660-82b5-509c54b15f2a"",""service"":""4978aa94-666c-47c7-8024-3ada55195a51"",""deployment"":""e6572e99-435a-4318-8085-a26955b8bae6"",""replica"":""bc280845-512d-4bab-ba8a-2b99bc9ab336""}",2026-04-03T06:15:15.180700960Z
2026-04-03 06:15:14 UTC - Services healthy,info,"{""level"":""info""}","{""project"":""ce3616d9-58ad-4ec7-a294-1821e1564434"",""environment"":""fb6513d0-42a4-4660-82b5-509c54b15f2a"",""service"":""4978aa94-666c-47c7-8024-3ada55195a51"",""deployment"":""e6572e99-435a-4318-8085-a26955b8bae6"",""replica"":""bc280845-512d-4bab-ba8a-2b99bc9ab336""}",2026-04-03T06:15:15.180706052Z
[DB] Synced 3 accounts to database,info,"{""level"":""info""}","{""project"":""ce3616d9-58ad-4ec7-a294-1821e1564434"",""environment"":""fb6513d0-42a4-4660-82b5-509c54b15f2a"",""service"":""4978aa94-666c-47c7-8024-3ada55195a51"",""deployment"":""e6572e99-435a-4318-8085-a26955b8bae6"",""replica"":""bc280845-512d-4bab-ba8a-2b99bc9ab336""}",2026-04-03T06:15:44.993146969Z
2026-04-03 06:15:44 UTC - Services healthy,info,"{""level"":""info""}","{""project"":""ce3616d9-58ad-4ec7-a294-1821e1564434"",""environment"":""fb6513d0-42a4-4660-82b5-509c54b15f2a"",""service"":""4978aa94-666c-47c7-8024-3ada55195a51"",""deployment"":""e6572e99-435a-4318-8085-a26955b8bae6"",""replica"":""bc280845-512d-4bab-ba8a-2b99bc9ab336""}",2026-04-03T06:15:45.004153163Z
[DB] Synced 3 accounts to database,info,"{""level"":""info""}","{""project"":""ce3616d9-58ad-4ec7-a294-1821e1564434"",""environment"":""fb6513d0-42a4-4660-82b5-509c54b15f2a"",""service"":""4978aa94-666c-47c7-8024-3ada55195a51"",""deployment"":""e6572e99-435a-4318-8085-a26955b8bae6"",""replica"":""bc280845-512d-4bab-ba8a-2b99bc9ab336""}",2026-04-03T06:16:15.101781611Z
2026-04-03 06:16:15 UTC - Services healthy,info,"{""level"":""info""}","{""project"":""ce3616d9-58ad-4ec7-a294-1821e1564434"",""environment"":""fb6513d0-42a4-4660-82b5-509c54b15f2a"",""service"":""4978aa94-666c-47c7-8024-3ada55195a51"",""deployment"":""e6572e99-435a-4318-8085-a26955b8bae6"",""replica"":""bc280845-512d-4bab-ba8a-2b99bc9ab336""}",2026-04-03T06:16:15.101786968Z
[DB] Synced 3 accounts to database,info,"{""level"":""info""}","{""project"":""ce3616d9-58ad-4ec7-a294-1821e1564434"",""environment"":""fb6513d0-42a4-4660-82b5-509c54b15f2a"",""service"":""4978aa94-666c-47c7-8024-3ada55195a51"",""deployment"":""e6572e99-435a-4318-8085-a26955b8bae6"",""replica"":""bc280845-512d-4bab-ba8a-2b99bc9ab336""}",2026-04-03T06:16:44.881324912Z
2026-04-03 06:16:45 UTC - Services healthy,info,"{""level"":""info""}","{""project"":""ce3616d9-58ad-4ec7-a294-1821e1564434"",""environment"":""fb6513d0-42a4-4660-82b5-509c54b15f2a"",""service"":""4978aa94-666c-47c7-8024-3ada55195a51"",""deployment"":""e6572e99-435a-4318-8085-a26955b8bae6"",""replica"":""bc280845-512d-4bab-ba8a-2b99bc9ab336""}",2026-04-03T06:16:45.042009841Z
[DB] Synced 3 accounts to database,info,"{""level"":""info""}","{""project"":""ce3616d9-58ad-4ec7-a294-1821e1564434"",""environment"":""fb6513d0-42a4-4660-82b5-509c54b15f2a"",""service"":""4978aa94-666c-47c7-8024-3ada55195a51"",""deployment"":""e6572e99-435a-4318-8085-a26955b8bae6"",""replica"":""bc280845-512d-4bab-ba8a-2b99bc9ab336""}",2026-04-03T06:17:15.036020843Z
2026-04-03 06:17:15 UTC - Services healthy,info,"{""level"":""info""}","{""project"":""ce3616d9-58ad-4ec7-a294-1821e1564434"",""environment"":""fb6513d0-42a4-4660-82b5-509c54b15f2a"",""service"":""4978aa94-666c-47c7-8024-3ada55195a51"",""deployment"":""e6572e99-435a-4318-8085-a26955b8bae6"",""replica"":""bc280845-512d-4bab-ba8a-2b99bc9ab336""}",2026-04-03T06:17:15.036029821Z
[DB] Synced 3 accounts to database,info,"{""level"":""info""}","{""project"":""ce3616d9-58ad-4ec7-a294-1821e1564434"",""environment"":""fb6513d0-42a4-4660-82b5-509c54b15f2a"",""service"":""4978aa94-666c-47c7-8024-3ada55195a51"",""deployment"":""e6572e99-435a-4318-8085-a26955b8bae6"",""replica"":""bc280845-512d-4bab-ba8a-2b99bc9ab336""}",2026-04-03T06:17:44.782437915Z
2026-04-03 06:17:45 UTC - Services healthy,info,"{""level"":""info""}","{""project"":""ce3616d9-58ad-4ec7-a294-1821e1564434"",""environment"":""fb6513d0-42a4-4660-82b5-509c54b15f2a"",""service"":""4978aa94-666c-47c7-8024-3ada55195a51"",""deployment"":""e6572e99-435a-4318-8085-a26955b8bae6"",""replica"":""bc280845-512d-4bab-ba8a-2b99bc9ab336""}",2026-04-03T06:17:45.029289961Z
[DB] Synced 3 accounts to database,info,"{""level"":""info""}","{""project"":""ce3616d9-58ad-4ec7-a294-1821e1564434"",""environment"":""fb6513d0-42a4-4660-82b5-509c54b15f2a"",""service"":""4978aa94-666c-47c7-8024-3ada55195a51"",""deployment"":""e6572e99-435a-4318-8085-a26955b8bae6"",""replica"":""bc280845-512d-4bab-ba8a-2b99bc9ab336""}",2026-04-03T06:18:15.124696317Z
2026-04-03 06:18:15 UTC - Services healthy,info,"{""level"":""info""}","{""project"":""ce3616d9-58ad-4ec7-a294-1821e1564434"",""environment"":""fb6513d0-42a4-4660-82b5-509c54b15f2a"",""service"":""4978aa94-666c-47c7-8024-3ada55195a51"",""deployment"":""e6572e99-435a-4318-8085-a26955b8bae6"",""replica"":""bc280845-512d-4bab-ba8a-2b99bc9ab336""}",2026-04-03T06:18:15.124704291Z
[DB] Synced 3 accounts to database,info,"{""level"":""info""}","{""project"":""ce3616d9-58ad-4ec7-a294-1821e1564434"",""environment"":""fb6513d0-42a4-4660-82b5-509c54b15f2a"",""service"":""4978aa94-666c-47c7-8024-3ada55195a51"",""deployment"":""e6572e99-435a-4318-8085-a26955b8bae6"",""replica"":""bc280845-512d-4bab-ba8a-2b99bc9ab336""}",2026-04-03T06:18:45.149045177Z
2026-04-03 06:18:45 UTC - Services healthy,info,"{""level"":""info""}","{""project"":""ce3616d9-58ad-4ec7-a294-1821e1564434"",""environment"":""fb6513d0-42a4-4660-82b5-509c54b15f2a"",""service"":""4978aa94-666c-47c7-8024-3ada55195a51"",""deployment"":""e6572e99-435a-4318-8085-a26955b8bae6"",""replica"":""bc280845-512d-4bab-ba8a-2b99bc9ab336""}",2026-04-03T06:18:45.149051122Z
[DB] Synced 3 accounts to database,info,"{""level"":""info""}","{""project"":""ce3616d9-58ad-4ec7-a294-1821e1564434"",""environment"":""fb6513d0-42a4-4660-82b5-509c54b15f2a"",""service"":""4978aa94-666c-47c7-8024-3ada55195a51"",""deployment"":""e6572e99-435a-4318-8085-a26955b8bae6"",""replica"":""bc280845-512d-4bab-ba8a-2b99bc9ab336""}",2026-04-03T06:19:14.886171055Z
2026-04-03 06:19:15 UTC - Services healthy,info,"{""level"":""info""}","{""project"":""ce3616d9-58ad-4ec7-a294-1821e1564434"",""environment"":""fb6513d0-42a4-4660-82b5-509c54b15f2a"",""service"":""4978aa94-666c-47c7-8024-3ada55195a51"",""deployment"":""e6572e99-435a-4318-8085-a26955b8bae6"",""replica"":""bc280845-512d-4bab-ba8a-2b99bc9ab336""}",2026-04-03T06:19:15.044127146Z
[DB] Synced 3 accounts to database,info,"{""level"":""info""}","{""project"":""ce3616d9-58ad-4ec7-a294-1821e1564434"",""environment"":""fb6513d0-42a4-4660-82b5-509c54b15f2a"",""service"":""4978aa94-666c-47c7-8024-3ada55195a51"",""deployment"":""e6572e99-435a-4318-8085-a26955b8bae6"",""replica"":""bc280845-512d-4bab-ba8a-2b99bc9ab336""}",2026-04-03T06:19:45.038454631Z
2026-04-03 06:19:45 UTC - Services healthy,info,"{""level"":""info""}","{""project"":""ce3616d9-58ad-4ec7-a294-1821e1564434"",""environment"":""fb6513d0-42a4-4660-82b5-509c54b15f2a"",""service"":""4978aa94-666c-47c7-8024-3ada55195a51"",""deployment"":""e6572e99-435a-4318-8085-a26955b8bae6"",""replica"":""bc280845-512d-4bab-ba8a-2b99bc9ab336""}",2026-04-03T06:19:45.052486750Z
[DB] Synced 3 accounts to database,info,"{""level"":""info""}","{""project"":""ce3616d9-58ad-4ec7-a294-1821e1564434"",""environment"":""fb6513d0-42a4-4660-82b5-509c54b15f2a"",""service"":""4978aa94-666c-47c7-8024-3ada55195a51"",""deployment"":""e6572e99-435a-4318-8085-a26955b8bae6"",""replica"":""bc280845-512d-4bab-ba8a-2b99bc9ab336""}",2026-04-03T06:20:15.235207971Z
2026-04-03 06:20:15 UTC - Services healthy,info,"{""level"":""info""}","{""project"":""ce3616d9-58ad-4ec7-a294-1821e1564434"",""environment"":""fb6513d0-42a4-4660-82b5-509c54b15f2a"",""service"":""4978aa94-666c-47c7-8024-3ada55195a51"",""deployment"":""e6572e99-435a-4318-8085-a26955b8bae6"",""replica"":""bc280845-512d-4bab-ba8a-2b99bc9ab336""}",2026-04-03T06:20:15.235214862Z
[DB] Synced 3 accounts to database,info,"{""level"":""info""}","{""project"":""ce3616d9-58ad-4ec7-a294-1821e1564434"",""environment"":""fb6513d0-42a4-4660-82b5-509c54b15f2a"",""service"":""4978aa94-666c-47c7-8024-3ada55195a51"",""deployment"":""e6572e99-435a-4318-8085-a26955b8bae6"",""replica"":""bc280845-512d-4bab-ba8a-2b99bc9ab336""}",2026-04-03T06:20:45.038979699Z
2026-04-03 06:20:45 UTC - Services healthy,info,"{""level"":""info""}","{""project"":""ce3616d9-58ad-4ec7-a294-1821e1564434"",""environment"":""fb6513d0-42a4-4660-82b5-509c54b15f2a"",""service"":""4978aa94-666c-47c7-8024-3ada55195a51"",""deployment"":""e6572e99-435a-4318-8085-a26955b8bae6"",""replica"":""bc280845-512d-4bab-ba8a-2b99bc9ab336""}",2026-04-03T06:20:45.062459235Z
[DB] Synced 3 accounts to database,info,"{""level"":""info""}","{""project"":""ce3616d9-58ad-4ec7-a294-1821e1564434"",""environment"":""fb6513d0-42a4-4660-82b5-509c54b15f2a"",""service"":""4978aa94-666c-47c7-8024-3ada55195a51"",""deployment"":""e6572e99-435a-4318-8085-a26955b8bae6"",""replica"":""bc280845-512d-4bab-ba8a-2b99bc9ab336""}",2026-04-03T06:21:15.267125386Z
2026-04-03 06:21:15 UTC - Services healthy,info,"{""level"":""info""}","{""project"":""ce3616d9-58ad-4ec7-a294-1821e1564434"",""environment"":""fb6513d0-42a4-4660-82b5-509c54b15f2a"",""service"":""4978aa94-666c-47c7-8024-3ada55195a51"",""deployment"":""e6572e99-435a-4318-8085-a26955b8bae6"",""replica"":""bc280845-512d-4bab-ba8a-2b99bc9ab336""}",2026-04-03T06:21:15.267130631Z
[DB] Synced 3 accounts to database,info,"{""level"":""info""}","{""project"":""ce3616d9-58ad-4ec7-a294-1821e1564434"",""environment"":""fb6513d0-42a4-4660-82b5-509c54b15f2a"",""service"":""4978aa94-666c-47c7-8024-3ada55195a51"",""deployment"":""e6572e99-435a-4318-8085-a26955b8bae6"",""replica"":""bc280845-512d-4bab-ba8a-2b99bc9ab336""}",2026-04-03T06:21:45.226299467Z
2026-04-03 06:21:45 UTC - Services healthy,info,"{""level"":""info""}","{""project"":""ce3616d9-58ad-4ec7-a294-1821e1564434"",""environment"":""fb6513d0-42a4-4660-82b5-509c54b15f2a"",""service"":""4978aa94-666c-47c7-8024-3ada55195a51"",""deployment"":""e6572e99-435a-4318-8085-a26955b8bae6"",""replica"":""bc280845-512d-4bab-ba8a-2b99bc9ab336""}",2026-04-03T06:21:45.226308485Z
[DB] Synced 3 accounts to database,info,"{""level"":""info""}","{""project"":""ce3616d9-58ad-4ec7-a294-1821e1564434"",""environment"":""fb6513d0-42a4-4660-82b5-509c54b15f2a"",""service"":""4978aa94-666c-47c7-8024-3ada55195a51"",""deployment"":""e6572e99-435a-4318-8085-a26955b8bae6"",""replica"":""bc280845-512d-4bab-ba8a-2b99bc9ab336""}",2026-04-03T06:22:15.212906881Z
2026-04-03 06:22:15 UTC - Services healthy,info,"{""level"":""info""}","{""project"":""ce3616d9-58ad-4ec7-a294-1821e1564434"",""environment"":""fb6513d0-42a4-4660-82b5-509c54b15f2a"",""service"":""4978aa94-666c-47c7-8024-3ada55195a51"",""deployment"":""e6572e99-435a-4318-8085-a26955b8bae6"",""replica"":""bc280845-512d-4bab-ba8a-2b99bc9ab336""}",2026-04-03T06:22:15.212912916Z
[DB] Synced 3 accounts to database,info,"{""level"":""info""}","{""project"":""ce3616d9-58ad-4ec7-a294-1821e1564434"",""environment"":""fb6513d0-42a4-4660-82b5-509c54b15f2a"",""service"":""4978aa94-666c-47c7-8024-3ada55195a51"",""deployment"":""e6572e99-435a-4318-8085-a26955b8bae6"",""replica"":""bc280845-512d-4bab-ba8a-2b99bc9ab336""}",2026-04-03T06:22:44.990472083Z
2026-04-03 06:22:45 UTC - Services healthy,info,"{""level"":""info""}","{""project"":""ce3616d9-58ad-4ec7-a294-1821e1564434"",""environment"":""fb6513d0-42a4-4660-82b5-509c54b15f2a"",""service"":""4978aa94-666c-47c7-8024-3ada55195a51"",""deployment"":""e6572e99-435a-4318-8085-a26955b8bae6"",""replica"":""bc280845-512d-4bab-ba8a-2b99bc9ab336""}",2026-04-03T06:22:45.085224802Z
[DB] Synced 3 accounts to database,info,"{""level"":""info""}","{""project"":""ce3616d9-58ad-4ec7-a294-1821e1564434"",""environment"":""fb6513d0-42a4-4660-82b5-509c54b15f2a"",""service"":""4978aa94-666c-47c7-8024-3ada55195a51"",""deployment"":""e6572e99-435a-4318-8085-a26955b8bae6"",""replica"":""bc280845-512d-4bab-ba8a-2b99bc9ab336""}",2026-04-03T06:23:15.086217903Z
2026-04-03 06:23:15 UTC - Services healthy,info,"{""level"":""info""}","{""project"":""ce3616d9-58ad-4ec7-a294-1821e1564434"",""environment"":""fb6513d0-42a4-4660-82b5-509c54b15f2a"",""service"":""4978aa94-666c-47c7-8024-3ada55195a51"",""deployment"":""e6572e99-435a-4318-8085-a26955b8bae6"",""replica"":""bc280845-512d-4bab-ba8a-2b99bc9ab336""}",2026-04-03T06:23:15.093592924Z
[DB] Synced 3 accounts to database,info,"{""level"":""info""}","{""project"":""ce3616d9-58ad-4ec7-a294-1821e1564434"",""environment"":""fb6513d0-42a4-4660-82b5-509c54b15f2a"",""service"":""4978aa94-666c-47c7-8024-3ada55195a51"",""deployment"":""e6572e99-435a-4318-8085-a26955b8bae6"",""replica"":""bc280845-512d-4bab-ba8a-2b99bc9ab336""}",2026-04-03T06:23:45.076800370Z
2026-04-03 06:23:45 UTC - Services healthy,info,"{""level"":""info""}","{""project"":""ce3616d9-58ad-4ec7-a294-1821e1564434"",""environment"":""fb6513d0-42a4-4660-82b5-509c54b15f2a"",""service"":""4978aa94-666c-47c7-8024-3ada55195a51"",""deployment"":""e6572e99-435a-4318-8085-a26955b8bae6"",""replica"":""bc280845-512d-4bab-ba8a-2b99bc9ab336""}",2026-04-03T06:23:45.100743046Z
[DB] Synced 3 accounts to database,info,"{""level"":""info""}","{""project"":""ce3616d9-58ad-4ec7-a294-1821e1564434"",""environment"":""fb6513d0-42a4-4660-82b5-509c54b15f2a"",""service"":""4978aa94-666c-47c7-8024-3ada55195a51"",""deployment"":""e6572e99-435a-4318-8085-a26955b8bae6"",""replica"":""bc280845-512d-4bab-ba8a-2b99bc9ab336""}",2026-04-03T06:24:14.834308795Z
2026-04-03 06:24:15 UTC - Services healthy,info,"{""level"":""info""}","{""project"":""ce3616d9-58ad-4ec7-a294-1821e1564434"",""environment"":""fb6513d0-42a4-4660-82b5-509c54b15f2a"",""service"":""4978aa94-666c-47c7-8024-3ada55195a51"",""deployment"":""e6572e99-435a-4318-8085-a26955b8bae6"",""replica"":""bc280845-512d-4bab-ba8a-2b99bc9ab336""}",2026-04-03T06:24:15.276802191Z
[DB] Synced 3 accounts to database,info,"{""level"":""info""}","{""project"":""ce3616d9-58ad-4ec7-a294-1821e1564434"",""environment"":""fb6513d0-42a4-4660-82b5-509c54b15f2a"",""service"":""4978aa94-666c-47c7-8024-3ada55195a51"",""deployment"":""e6572e99-435a-4318-8085-a26955b8bae6"",""replica"":""bc280845-512d-4bab-ba8a-2b99bc9ab336""}",2026-04-03T06:24:45.038137172Z
2026-04-03 06:24:45 UTC - Services healthy,info,"{""level"":""info""}","{""project"":""ce3616d9-58ad-4ec7-a294-1821e1564434"",""environment"":""fb6513d0-42a4-4660-82b5-509c54b15f2a"",""service"":""4978aa94-666c-47c7-8024-3ada55195a51"",""deployment"":""e6572e99-435a-4318-8085-a26955b8bae6"",""replica"":""bc280845-512d-4bab-ba8a-2b99bc9ab336""}",2026-04-03T06:24:45.111040384Z
[DB] Synced 3 accounts to database,info,"{""level"":""info""}","{""project"":""ce3616d9-58ad-4ec7-a294-1821e1564434"",""environment"":""fb6513d0-42a4-4660-82b5-509c54b15f2a"",""service"":""4978aa94-666c-47c7-8024-3ada55195a51"",""deployment"":""e6572e99-435a-4318-8085-a26955b8bae6"",""replica"":""bc280845-512d-4bab-ba8a-2b99bc9ab336""}",2026-04-03T06:25:15.144251486Z
2026-04-03 06:25:15 UTC - Services healthy,info,"{""level"":""info""}","{""project"":""ce3616d9-58ad-4ec7-a294-1821e1564434"",""environment"":""fb6513d0-42a4-4660-82b5-509c54b15f2a"",""service"":""4978aa94-666c-47c7-8024-3ada55195a51"",""deployment"":""e6572e99-435a-4318-8085-a26955b8bae6"",""replica"":""bc280845-512d-4bab-ba8a-2b99bc9ab336""}",2026-04-03T06:25:15.144261370Z
[DB] Synced 3 accounts to database,info,"{""level"":""info""}","{""project"":""ce3616d9-58ad-4ec7-a294-1821e1564434"",""environment"":""fb6513d0-42a4-4660-82b5-509c54b15f2a"",""service"":""4978aa94-666c-47c7-8024-3ada55195a51"",""deployment"":""e6572e99-435a-4318-8085-a26955b8bae6"",""replica"":""bc280845-512d-4bab-ba8a-2b99bc9ab336""}",2026-04-03T06:25:45.160362690Z
2026-04-03 06:25:45 UTC - Services healthy,info,"{""level"":""info""}","{""project"":""ce3616d9-58ad-4ec7-a294-1821e1564434"",""environment"":""fb6513d0-42a4-4660-82b5-509c54b15f2a"",""service"":""4978aa94-666c-47c7-8024-3ada55195a51"",""deployment"":""e6572e99-435a-4318-8085-a26955b8bae6"",""replica"":""bc280845-512d-4bab-ba8a-2b99bc9ab336""}",2026-04-03T06:25:45.160370004Z
[DB] Synced 3 accounts to database,info,"{""level"":""info""}","{""project"":""ce3616d9-58ad-4ec7-a294-1821e1564434"",""environment"":""fb6513d0-42a4-4660-82b5-509c54b15f2a"",""service"":""4978aa94-666c-47c7-8024-3ada55195a51"",""deployment"":""e6572e99-435a-4318-8085-a26955b8bae6"",""replica"":""bc280845-512d-4bab-ba8a-2b99bc9ab336""}",2026-04-03T06:26:14.925163677Z
2026-04-03 06:26:15 UTC - Services healthy,info,"{""level"":""info""}","{""project"":""ce3616d9-58ad-4ec7-a294-1821e1564434"",""environment"":""fb6513d0-42a4-4660-82b5-509c54b15f2a"",""service"":""4978aa94-666c-47c7-8024-3ada55195a51"",""deployment"":""e6572e99-435a-4318-8085-a26955b8bae6"",""replica"":""bc280845-512d-4bab-ba8a-2b99bc9ab336""}",2026-04-03T06:26:15.393330386Z
[DB] Synced 3 accounts to database,info,"{""level"":""info""}","{""project"":""ce3616d9-58ad-4ec7-a294-1821e1564434"",""environment"":""fb6513d0-42a4-4660-82b5-509c54b15f2a"",""service"":""4978aa94-666c-47c7-8024-3ada55195a51"",""deployment"":""e6572e99-435a-4318-8085-a26955b8bae6"",""replica"":""bc280845-512d-4bab-ba8a-2b99bc9ab336""}",2026-04-03T06:26:45.149915347Z
2026-04-03 06:26:45 UTC - Services healthy,info,"{""level"":""info""}","{""project"":""ce3616d9-58ad-4ec7-a294-1821e1564434"",""environment"":""fb6513d0-42a4-4660-82b5-509c54b15f2a"",""service"":""4978aa94-666c-47c7-8024-3ada55195a51"",""deployment"":""e6572e99-435a-4318-8085-a26955b8bae6"",""replica"":""bc280845-512d-4bab-ba8a-2b99bc9ab336""}",2026-04-03T06:26:45.149934564Z
[DB] Synced 3 accounts to database,info,"{""level"":""info""}","{""project"":""ce3616d9-58ad-4ec7-a294-1821e1564434"",""environment"":""fb6513d0-42a4-4660-82b5-509c54b15f2a"",""service"":""4978aa94-666c-47c7-8024-3ada55195a51"",""deployment"":""e6572e99-435a-4318-8085-a26955b8bae6"",""replica"":""bc280845-512d-4bab-ba8a-2b99bc9ab336""}",2026-04-03T06:27:15.154568148Z
2026-04-03 06:27:15 UTC - Services healthy,info,"{""level"":""info""}","{""project"":""ce3616d9-58ad-4ec7-a294-1821e1564434"",""environment"":""fb6513d0-42a4-4660-82b5-509c54b15f2a"",""service"":""4978aa94-666c-47c7-8024-3ada55195a51"",""deployment"":""e6572e99-435a-4318-8085-a26955b8bae6"",""replica"":""bc280845-512d-4bab-ba8a-2b99bc9ab336""}",2026-04-03T06:27:15.154580123Z
[DB] Synced 3 accounts to database,info,"{""level"":""info""}","{""project"":""ce3616d9-58ad-4ec7-a294-1821e1564434"",""environment"":""fb6513d0-42a4-4660-82b5-509c54b15f2a"",""service"":""4978aa94-666c-47c7-8024-3ada55195a51"",""deployment"":""e6572e99-435a-4318-8085-a26955b8bae6"",""replica"":""bc280845-512d-4bab-ba8a-2b99bc9ab336""}",2026-04-03T06:27:45.386364343Z
2026-04-03 06:27:45 UTC - Services healthy,info,"{""level"":""info""}","{""project"":""ce3616d9-58ad-4ec7-a294-1821e1564434"",""environment"":""fb6513d0-42a4-4660-82b5-509c54b15f2a"",""service"":""4978aa94-666c-47c7-8024-3ada55195a51"",""deployment"":""e6572e99-435a-4318-8085-a26955b8bae6"",""replica"":""bc280845-512d-4bab-ba8a-2b99bc9ab336""}",2026-04-03T06:27:45.386439750Z
[DB] Synced 3 accounts to database,info,"{""level"":""info""}","{""project"":""ce3616d9-58ad-4ec7-a294-1821e1564434"",""environment"":""fb6513d0-42a4-4660-82b5-509c54b15f2a"",""service"":""4978aa94-666c-47c7-8024-3ada55195a51"",""deployment"":""e6572e99-435a-4318-8085-a26955b8bae6"",""replica"":""bc280845-512d-4bab-ba8a-2b99bc9ab336""}",2026-04-03T06:28:15.219676964Z
2026-04-03 06:28:15 UTC - Services healthy,info,"{""level"":""info""}","{""project"":""ce3616d9-58ad-4ec7-a294-1821e1564434"",""environment"":""fb6513d0-42a4-4660-82b5-509c54b15f2a"",""service"":""4978aa94-666c-47c7-8024-3ada55195a51"",""deployment"":""e6572e99-435a-4318-8085-a26955b8bae6"",""replica"":""bc280845-512d-4bab-ba8a-2b99bc9ab336""}",2026-04-03T06:28:15.219687334Z
[DB] Synced 3 accounts to database,info,"{""level"":""info""}","{""project"":""ce3616d9-58ad-4ec7-a294-1821e1564434"",""environment"":""fb6513d0-42a4-4660-82b5-509c54b15f2a"",""service"":""4978aa94-666c-47c7-8024-3ada55195a51"",""deployment"":""e6572e99-435a-4318-8085-a26955b8bae6"",""replica"":""bc280845-512d-4bab-ba8a-2b99bc9ab336""}",2026-04-03T06:28:45.228447367Z
2026-04-03 06:28:45 UTC - Services healthy,info,"{""level"":""info""}","{""project"":""ce3616d9-58ad-4ec7-a294-1821e1564434"",""environment"":""fb6513d0-42a4-4660-82b5-509c54b15f2a"",""service"":""4978aa94-666c-47c7-8024-3ada55195a51"",""deployment"":""e6572e99-435a-4318-8085-a26955b8bae6"",""replica"":""bc280845-512d-4bab-ba8a-2b99bc9ab336""}",2026-04-03T06:28:45.228453703Z
[DB] Synced 3 accounts to database,info,"{""level"":""info""}","{""project"":""ce3616d9-58ad-4ec7-a294-1821e1564434"",""environment"":""fb6513d0-42a4-4660-82b5-509c54b15f2a"",""service"":""4978aa94-666c-47c7-8024-3ada55195a51"",""deployment"":""e6572e99-435a-4318-8085-a26955b8bae6"",""replica"":""bc280845-512d-4bab-ba8a-2b99bc9ab336""}",2026-04-03T06:29:15.236871299Z
2026-04-03 06:29:15 UTC - Services healthy,info,"{""level"":""info""}","{""project"":""ce3616d9-58ad-4ec7-a294-1821e1564434"",""environment"":""fb6513d0-42a4-4660-82b5-509c54b15f2a"",""service"":""4978aa94-666c-47c7-8024-3ada55195a51"",""deployment"":""e6572e99-435a-4318-8085-a26955b8bae6"",""replica"":""bc280845-512d-4bab-ba8a-2b99bc9ab336""}",2026-04-03T06:29:15.236876399Z
[DB] Synced 3 accounts to database,info,"{""level"":""info""}","{""project"":""ce3616d9-58ad-4ec7-a294-1821e1564434"",""environment"":""fb6513d0-42a4-4660-82b5-509c54b15f2a"",""service"":""4978aa94-666c-47c7-8024-3ada55195a51"",""deployment"":""e6572e99-435a-4318-8085-a26955b8bae6"",""replica"":""bc280845-512d-4bab-ba8a-2b99bc9ab336""}",2026-04-03T06:29:44.959563628Z
2026-04-03 06:29:45 UTC - Services healthy,info,"{""level"":""info""}","{""project"":""ce3616d9-58ad-4ec7-a294-1821e1564434"",""environment"":""fb6513d0-42a4-4660-82b5-509c54b15f2a"",""service"":""4978aa94-666c-47c7-8024-3ada55195a51"",""deployment"":""e6572e99-435a-4318-8085-a26955b8bae6"",""replica"":""bc280845-512d-4bab-ba8a-2b99bc9ab336""}",2026-04-03T06:29:45.436018604Z
[DB] Synced 3 accounts to database,info,"{""level"":""info""}","{""project"":""ce3616d9-58ad-4ec7-a294-1821e1564434"",""environment"":""fb6513d0-42a4-4660-82b5-509c54b15f2a"",""service"":""4978aa94-666c-47c7-8024-3ada55195a51"",""deployment"":""e6572e99-435a-4318-8085-a26955b8bae6"",""replica"":""bc280845-512d-4bab-ba8a-2b99bc9ab336""}",2026-04-03T06:30:15.267816683Z
2026-04-03 06:30:15 UTC - Services healthy,info,"{""level"":""info""}","{""project"":""ce3616d9-58ad-4ec7-a294-1821e1564434"",""environment"":""fb6513d0-42a4-4660-82b5-509c54b15f2a"",""service"":""4978aa94-666c-47c7-8024-3ada55195a51"",""deployment"":""e6572e99-435a-4318-8085-a26955b8bae6"",""replica"":""bc280845-512d-4bab-ba8a-2b99bc9ab336""}",2026-04-03T06:30:15.267826528Z
[DB] Synced 3 accounts to database,info,"{""level"":""info""}","{""project"":""ce3616d9-58ad-4ec7-a294-1821e1564434"",""environment"":""fb6513d0-42a4-4660-82b5-509c54b15f2a"",""service"":""4978aa94-666c-47c7-8024-3ada55195a51"",""deployment"":""e6572e99-435a-4318-8085-a26955b8bae6"",""replica"":""bc280845-512d-4bab-ba8a-2b99bc9ab336""}",2026-04-03T06:30:45.232572226Z
2026-04-03 06:30:45 UTC - Services healthy,info,"{""level"":""info""}","{""project"":""ce3616d9-58ad-4ec7-a294-1821e1564434"",""environment"":""fb6513d0-42a4-4660-82b5-509c54b15f2a"",""service"":""4978aa94-666c-47c7-8024-3ada55195a51"",""deployment"":""e6572e99-435a-4318-8085-a26955b8bae6"",""replica"":""bc280845-512d-4bab-ba8a-2b99bc9ab336""}",2026-04-03T06:30:45.232583032Z
[DB] Synced 3 accounts to database,info,"{""level"":""info""}","{""project"":""ce3616d9-58ad-4ec7-a294-1821e1564434"",""environment"":""fb6513d0-42a4-4660-82b5-509c54b15f2a"",""service"":""4978aa94-666c-47c7-8024-3ada55195a51"",""deployment"":""e6572e99-435a-4318-8085-a26955b8bae6"",""replica"":""bc280845-512d-4bab-ba8a-2b99bc9ab336""}",2026-04-03T06:31:15.060480349Z
2026-04-03 06:31:15 UTC - Services healthy,info,"{""level"":""info""}","{""project"":""ce3616d9-58ad-4ec7-a294-1821e1564434"",""environment"":""fb6513d0-42a4-4660-82b5-509c54b15f2a"",""service"":""4978aa94-666c-47c7-8024-3ada55195a51"",""deployment"":""e6572e99-435a-4318-8085-a26955b8bae6"",""replica"":""bc280845-512d-4bab-ba8a-2b99bc9ab336""}",2026-04-03T06:31:15.187543556Z
[DB] Synced 3 accounts to database,info,"{""level"":""info""}","{""project"":""ce3616d9-58ad-4ec7-a294-1821e1564434"",""environment"":""fb6513d0-42a4-4660-82b5-509c54b15f2a"",""service"":""4978aa94-666c-47c7-8024-3ada55195a51"",""deployment"":""e6572e99-435a-4318-8085-a26955b8bae6"",""replica"":""bc280845-512d-4bab-ba8a-2b99bc9ab336""}",2026-04-03T06:31:45.207434344Z
2026-04-03 06:31:45 UTC - Services healthy,info,"{""level"":""info""}","{""project"":""ce3616d9-58ad-4ec7-a294-1821e1564434"",""environment"":""fb6513d0-42a4-4660-82b5-509c54b15f2a"",""service"":""4978aa94-666c-47c7-8024-3ada55195a51"",""deployment"":""e6572e99-435a-4318-8085-a26955b8bae6"",""replica"":""bc280845-512d-4bab-ba8a-2b99bc9ab336""}",2026-04-03T06:31:45.207440336Z
[WS Upgrade] /socket.io/,info,"{""level"":""info""}","{""project"":""ce3616d9-58ad-4ec7-a294-1821e1564434"",""environment"":""fb6513d0-42a4-4660-82b5-509c54b15f2a"",""service"":""4978aa94-666c-47c7-8024-3ada55195a51"",""deployment"":""e6572e99-435a-4318-8085-a26955b8bae6"",""replica"":""bc280845-512d-4bab-ba8a-2b99bc9ab336""}",2026-04-03T06:31:46.314900417Z
(node:173) [DEP0060] DeprecationWarning: The `util._extend` API is deprecated. Please use Object.assign() instead.,info,"{""level"":""info""}","{""project"":""ce3616d9-58ad-4ec7-a294-1821e1564434"",""environment"":""fb6513d0-42a4-4660-82b5-509c54b15f2a"",""service"":""4978aa94-666c-47c7-8024-3ada55195a51"",""deployment"":""e6572e99-435a-4318-8085-a26955b8bae6"",""replica"":""bc280845-512d-4bab-ba8a-2b99bc9ab336""}",2026-04-03T06:31:46.314908719Z
(Use `node --trace-deprecation ...` to show where the warning was created),info,"{""level"":""info""}","{""project"":""ce3616d9-58ad-4ec7-a294-1821e1564434"",""environment"":""fb6513d0-42a4-4660-82b5-509c54b15f2a"",""service"":""4978aa94-666c-47c7-8024-3ada55195a51"",""deployment"":""e6572e99-435a-4318-8085-a26955b8bae6"",""replica"":""bc280845-512d-4bab-ba8a-2b99bc9ab336""}",2026-04-03T06:31:46.314913630Z
"[HPM] Client connected: { address: '::1', family: 'IPv6', port: 60152 }",info,"{""level"":""info""}","{""project"":""ce3616d9-58ad-4ec7-a294-1821e1564434"",""environment"":""fb6513d0-42a4-4660-82b5-509c54b15f2a"",""service"":""4978aa94-666c-47c7-8024-3ada55195a51"",""deployment"":""e6572e99-435a-4318-8085-a26955b8bae6"",""replica"":""bc280845-512d-4bab-ba8a-2b99bc9ab336""}",2026-04-03T06:31:46.314917671Z
[Socket.io] Client connected: eXcl9MdIXvWk7gUBAAAH | Transport: websocket,info,"{""level"":""info""}","{""project"":""ce3616d9-58ad-4ec7-a294-1821e1564434"",""environment"":""fb6513d0-42a4-4660-82b5-509c54b15f2a"",""service"":""4978aa94-666c-47c7-8024-3ada55195a51"",""deployment"":""e6572e99-435a-4318-8085-a26955b8bae6"",""replica"":""bc280845-512d-4bab-ba8a-2b99bc9ab336""}",2026-04-03T06:31:46.360066000Z
Client connected: eXcl9MdIXvWk7gUBAAAH Transport: websocket,info,"{""level"":""info""}","{""project"":""ce3616d9-58ad-4ec7-a294-1821e1564434"",""environment"":""fb6513d0-42a4-4660-82b5-509c54b15f2a"",""service"":""4978aa94-666c-47c7-8024-3ada55195a51"",""deployment"":""e6572e99-435a-4318-8085-a26955b8bae6"",""replica"":""bc280845-512d-4bab-ba8a-2b99bc9ab336""}",2026-04-03T06:31:46.360076548Z