message,severity,attributes,tags,timestamp
==========================================,info,"{""level"":""info""}","{""project"":""ce3616d9-58ad-4ec7-a294-1821e1564434"",""environment"":""fb6513d0-42a4-4660-82b5-509c54b15f2a"",""service"":""4978aa94-666c-47c7-8024-3ada55195a51"",""deployment"":""ca6042cb-637e-49d1-85a7-10ee4de39288"",""replica"":""cb4e1448-69b3-43c9-a6bd-1ed5193590ff""}",2026-03-20T05:59:36.434199030Z
Running Prisma migrations...,info,"{""level"":""info""}","{""project"":""ce3616d9-58ad-4ec7-a294-1821e1564434"",""environment"":""fb6513d0-42a4-4660-82b5-509c54b15f2a"",""service"":""4978aa94-666c-47c7-8024-3ada55195a51"",""deployment"":""ca6042cb-637e-49d1-85a7-10ee4de39288"",""replica"":""cb4e1448-69b3-43c9-a6bd-1ed5193590ff""}",2026-03-20T05:59:36.434211150Z
==========================================,info,"{""level"":""info""}","{""project"":""ce3616d9-58ad-4ec7-a294-1821e1564434"",""environment"":""fb6513d0-42a4-4660-82b5-509c54b15f2a"",""service"":""4978aa94-666c-47c7-8024-3ada55195a51"",""deployment"":""ca6042cb-637e-49d1-85a7-10ee4de39288"",""replica"":""cb4e1448-69b3-43c9-a6bd-1ed5193590ff""}",2026-03-20T05:59:36.434285316Z
Starting WhatsApp Warmer Service,info,"{""level"":""info""}","{""project"":""ce3616d9-58ad-4ec7-a294-1821e1564434"",""environment"":""fb6513d0-42a4-4660-82b5-509c54b15f2a"",""service"":""4978aa94-666c-47c7-8024-3ada55195a51"",""deployment"":""ca6042cb-637e-49d1-85a7-10ee4de39288"",""replica"":""cb4e1448-69b3-43c9-a6bd-1ed5193590ff""}",2026-03-20T05:59:36.434290725Z
Starting Container,info,"{""level"":""info""}","{""project"":""ce3616d9-58ad-4ec7-a294-1821e1564434"",""environment"":""fb6513d0-42a4-4660-82b5-509c54b15f2a"",""service"":""4978aa94-666c-47c7-8024-3ada55195a51"",""deployment"":""ca6042cb-637e-49d1-85a7-10ee4de39288"",""replica"":""cb4e1448-69b3-43c9-a6bd-1ed5193590ff""}",2026-03-20T05:59:36.751096036Z
│                                                         │,error,"{""level"":""error""}","{""project"":""ce3616d9-58ad-4ec7-a294-1821e1564434"",""environment"":""fb6513d0-42a4-4660-82b5-509c54b15f2a"",""service"":""4978aa94-666c-47c7-8024-3ada55195a51"",""deployment"":""ca6042cb-637e-49d1-85a7-10ee4de39288"",""replica"":""cb4e1448-69b3-43c9-a6bd-1ed5193590ff""}",2026-03-20T05:59:37.421572399Z
│  This is a major update - please follow the guide at    │,error,"{""level"":""error""}","{""project"":""ce3616d9-58ad-4ec7-a294-1821e1564434"",""environment"":""fb6513d0-42a4-4660-82b5-509c54b15f2a"",""service"":""4978aa94-666c-47c7-8024-3ada55195a51"",""deployment"":""ca6042cb-637e-49d1-85a7-10ee4de39288"",""replica"":""cb4e1448-69b3-43c9-a6bd-1ed5193590ff""}",2026-03-20T05:59:37.421583088Z
│  https://pris.ly/d/major-version-upgrade                │,error,"{""level"":""error""}","{""project"":""ce3616d9-58ad-4ec7-a294-1821e1564434"",""environment"":""fb6513d0-42a4-4660-82b5-509c54b15f2a"",""service"":""4978aa94-666c-47c7-8024-3ada55195a51"",""deployment"":""ca6042cb-637e-49d1-85a7-10ee4de39288"",""replica"":""cb4e1448-69b3-43c9-a6bd-1ed5193590ff""}",2026-03-20T05:59:37.421589145Z
│                                                         │,error,"{""level"":""error""}","{""project"":""ce3616d9-58ad-4ec7-a294-1821e1564434"",""environment"":""fb6513d0-42a4-4660-82b5-509c54b15f2a"",""service"":""4978aa94-666c-47c7-8024-3ada55195a51"",""deployment"":""ca6042cb-637e-49d1-85a7-10ee4de39288"",""replica"":""cb4e1448-69b3-43c9-a6bd-1ed5193590ff""}",2026-03-20T05:59:37.421597815Z
,info,"{""level"":""info""}","{""project"":""ce3616d9-58ad-4ec7-a294-1821e1564434"",""environment"":""fb6513d0-42a4-4660-82b5-509c54b15f2a"",""service"":""4978aa94-666c-47c7-8024-3ada55195a51"",""deployment"":""ca6042cb-637e-49d1-85a7-10ee4de39288"",""replica"":""cb4e1448-69b3-43c9-a6bd-1ed5193590ff""}",2026-03-20T05:59:37.421606629Z
🚀  Your database is now in sync with your Prisma schema. Done in 66ms,info,"{""level"":""info""}","{""project"":""ce3616d9-58ad-4ec7-a294-1821e1564434"",""environment"":""fb6513d0-42a4-4660-82b5-509c54b15f2a"",""service"":""4978aa94-666c-47c7-8024-3ada55195a51"",""deployment"":""ca6042cb-637e-49d1-85a7-10ee4de39288"",""replica"":""cb4e1448-69b3-43c9-a6bd-1ed5193590ff""}",2026-03-20T05:59:37.421612847Z
Prisma schema loaded from prisma/schema.prisma,info,"{""level"":""info""}","{""project"":""ce3616d9-58ad-4ec7-a294-1821e1564434"",""environment"":""fb6513d0-42a4-4660-82b5-509c54b15f2a"",""service"":""4978aa94-666c-47c7-8024-3ada55195a51"",""deployment"":""ca6042cb-637e-49d1-85a7-10ee4de39288"",""replica"":""cb4e1448-69b3-43c9-a6bd-1ed5193590ff""}",2026-03-20T05:59:37.421618020Z
┌─────────────────────────────────────────────────────────┐,error,"{""level"":""error""}","{""project"":""ce3616d9-58ad-4ec7-a294-1821e1564434"",""environment"":""fb6513d0-42a4-4660-82b5-509c54b15f2a"",""service"":""4978aa94-666c-47c7-8024-3ada55195a51"",""deployment"":""ca6042cb-637e-49d1-85a7-10ee4de39288"",""replica"":""cb4e1448-69b3-43c9-a6bd-1ed5193590ff""}",2026-03-20T05:59:37.421619029Z
│  Update available 6.19.2 -> 7.5.0                       │,error,"{""level"":""error""}","{""project"":""ce3616d9-58ad-4ec7-a294-1821e1564434"",""environment"":""fb6513d0-42a4-4660-82b5-509c54b15f2a"",""service"":""4978aa94-666c-47c7-8024-3ada55195a51"",""deployment"":""ca6042cb-637e-49d1-85a7-10ee4de39288"",""replica"":""cb4e1448-69b3-43c9-a6bd-1ed5193590ff""}",2026-03-20T05:59:37.421625427Z
"Datasource ""db"": SQLite database ""whatsapp.db"" at ""file:/app/data/whatsapp.db""",info,"{""level"":""info""}","{""project"":""ce3616d9-58ad-4ec7-a294-1821e1564434"",""environment"":""fb6513d0-42a4-4660-82b5-509c54b15f2a"",""service"":""4978aa94-666c-47c7-8024-3ada55195a51"",""deployment"":""ca6042cb-637e-49d1-85a7-10ee4de39288"",""replica"":""cb4e1448-69b3-43c9-a6bd-1ed5193590ff""}",2026-03-20T05:59:37.421627865Z
,info,"{""level"":""info""}","{""project"":""ce3616d9-58ad-4ec7-a294-1821e1564434"",""environment"":""fb6513d0-42a4-4660-82b5-509c54b15f2a"",""service"":""4978aa94-666c-47c7-8024-3ada55195a51"",""deployment"":""ca6042cb-637e-49d1-85a7-10ee4de39288"",""replica"":""cb4e1448-69b3-43c9-a6bd-1ed5193590ff""}",2026-03-20T05:59:37.421635308Z
SQLite database whatsapp.db created at file:/app/data/whatsapp.db,info,"{""level"":""info""}","{""project"":""ce3616d9-58ad-4ec7-a294-1821e1564434"",""environment"":""fb6513d0-42a4-4660-82b5-509c54b15f2a"",""service"":""4978aa94-666c-47c7-8024-3ada55195a51"",""deployment"":""ca6042cb-637e-49d1-85a7-10ee4de39288"",""replica"":""cb4e1448-69b3-43c9-a6bd-1ed5193590ff""}",2026-03-20T05:59:37.421641747Z
│  Run the following to update                            │,error,"{""level"":""error""}","{""project"":""ce3616d9-58ad-4ec7-a294-1821e1564434"",""environment"":""fb6513d0-42a4-4660-82b5-509c54b15f2a"",""service"":""4978aa94-666c-47c7-8024-3ada55195a51"",""deployment"":""ca6042cb-637e-49d1-85a7-10ee4de39288"",""replica"":""cb4e1448-69b3-43c9-a6bd-1ed5193590ff""}",2026-03-20T05:59:37.421751245Z
│    npm i --save-dev prisma@latest                       │,error,"{""level"":""error""}","{""project"":""ce3616d9-58ad-4ec7-a294-1821e1564434"",""environment"":""fb6513d0-42a4-4660-82b5-509c54b15f2a"",""service"":""4978aa94-666c-47c7-8024-3ada55195a51"",""deployment"":""ca6042cb-637e-49d1-85a7-10ee4de39288"",""replica"":""cb4e1448-69b3-43c9-a6bd-1ed5193590ff""}",2026-03-20T05:59:37.421764644Z
│    npm i @prisma/client@latest                          │,error,"{""level"":""error""}","{""project"":""ce3616d9-58ad-4ec7-a294-1821e1564434"",""environment"":""fb6513d0-42a4-4660-82b5-509c54b15f2a"",""service"":""4978aa94-666c-47c7-8024-3ada55195a51"",""deployment"":""ca6042cb-637e-49d1-85a7-10ee4de39288"",""replica"":""cb4e1448-69b3-43c9-a6bd-1ed5193590ff""}",2026-03-20T05:59:37.421770788Z
└─────────────────────────────────────────────────────────┘,error,"{""level"":""error""}","{""project"":""ce3616d9-58ad-4ec7-a294-1821e1564434"",""environment"":""fb6513d0-42a4-4660-82b5-509c54b15f2a"",""service"":""4978aa94-666c-47c7-8024-3ada55195a51"",""deployment"":""ca6042cb-637e-49d1-85a7-10ee4de39288"",""replica"":""cb4e1448-69b3-43c9-a6bd-1ed5193590ff""}",2026-03-20T05:59:37.421777499Z
,info,"{""level"":""info""}","{""project"":""ce3616d9-58ad-4ec7-a294-1821e1564434"",""environment"":""fb6513d0-42a4-4660-82b5-509c54b15f2a"",""service"":""4978aa94-666c-47c7-8024-3ada55195a51"",""deployment"":""ca6042cb-637e-49d1-85a7-10ee4de39288"",""replica"":""cb4e1448-69b3-43c9-a6bd-1ed5193590ff""}",2026-03-20T05:59:37.421785847Z
Setting up Prisma symlinks...,info,"{""level"":""info""}","{""project"":""ce3616d9-58ad-4ec7-a294-1821e1564434"",""environment"":""fb6513d0-42a4-4660-82b5-509c54b15f2a"",""service"":""4978aa94-666c-47c7-8024-3ada55195a51"",""deployment"":""ca6042cb-637e-49d1-85a7-10ee4de39288"",""replica"":""cb4e1448-69b3-43c9-a6bd-1ed5193590ff""}",2026-03-20T05:59:37.421794566Z
Starting Next.js server...,info,"{""level"":""info""}","{""project"":""ce3616d9-58ad-4ec7-a294-1821e1564434"",""environment"":""fb6513d0-42a4-4660-82b5-509c54b15f2a"",""service"":""4978aa94-666c-47c7-8024-3ada55195a51"",""deployment"":""ca6042cb-637e-49d1-85a7-10ee4de39288"",""replica"":""cb4e1448-69b3-43c9-a6bd-1ed5193590ff""}",2026-03-20T05:59:37.421799050Z
▲ Next.js 16.1.6,info,"{""level"":""info""}","{""project"":""ce3616d9-58ad-4ec7-a294-1821e1564434"",""environment"":""fb6513d0-42a4-4660-82b5-509c54b15f2a"",""service"":""4978aa94-666c-47c7-8024-3ada55195a51"",""deployment"":""ca6042cb-637e-49d1-85a7-10ee4de39288"",""replica"":""cb4e1448-69b3-43c9-a6bd-1ed5193590ff""}",2026-03-20T05:59:37.494819832Z
- Local:         http://localhost:3000,info,"{""level"":""info""}","{""project"":""ce3616d9-58ad-4ec7-a294-1821e1564434"",""environment"":""fb6513d0-42a4-4660-82b5-509c54b15f2a"",""service"":""4978aa94-666c-47c7-8024-3ada55195a51"",""deployment"":""ca6042cb-637e-49d1-85a7-10ee4de39288"",""replica"":""cb4e1448-69b3-43c9-a6bd-1ed5193590ff""}",2026-03-20T05:59:37.494823737Z
- Network:       http://0.0.0.0:3000,info,"{""level"":""info""}","{""project"":""ce3616d9-58ad-4ec7-a294-1821e1564434"",""environment"":""fb6513d0-42a4-4660-82b5-509c54b15f2a"",""service"":""4978aa94-666c-47c7-8024-3ada55195a51"",""deployment"":""ca6042cb-637e-49d1-85a7-10ee4de39288"",""replica"":""cb4e1448-69b3-43c9-a6bd-1ed5193590ff""}",2026-03-20T05:59:37.494827696Z
,info,"{""level"":""info""}","{""project"":""ce3616d9-58ad-4ec7-a294-1821e1564434"",""environment"":""fb6513d0-42a4-4660-82b5-509c54b15f2a"",""service"":""4978aa94-666c-47c7-8024-3ada55195a51"",""deployment"":""ca6042cb-637e-49d1-85a7-10ee4de39288"",""replica"":""cb4e1448-69b3-43c9-a6bd-1ed5193590ff""}",2026-03-20T05:59:37.494831936Z
✓ Starting...,info,"{""level"":""info""}","{""project"":""ce3616d9-58ad-4ec7-a294-1821e1564434"",""environment"":""fb6513d0-42a4-4660-82b5-509c54b15f2a"",""service"":""4978aa94-666c-47c7-8024-3ada55195a51"",""deployment"":""ca6042cb-637e-49d1-85a7-10ee4de39288"",""replica"":""cb4e1448-69b3-43c9-a6bd-1ed5193590ff""}",2026-03-20T05:59:37.494835933Z
✓ Ready in 126ms,info,"{""level"":""info""}","{""project"":""ce3616d9-58ad-4ec7-a294-1821e1564434"",""environment"":""fb6513d0-42a4-4660-82b5-509c54b15f2a"",""service"":""4978aa94-666c-47c7-8024-3ada55195a51"",""deployment"":""ca6042cb-637e-49d1-85a7-10ee4de39288"",""replica"":""cb4e1448-69b3-43c9-a6bd-1ed5193590ff""}",2026-03-20T05:59:37.602736807Z
Starting WhatsApp service with Node.js...,info,"{""level"":""info""}","{""project"":""ce3616d9-58ad-4ec7-a294-1821e1564434"",""environment"":""fb6513d0-42a4-4660-82b5-509c54b15f2a"",""service"":""4978aa94-666c-47c7-8024-3ada55195a51"",""deployment"":""ca6042cb-637e-49d1-85a7-10ee4de39288"",""replica"":""cb4e1448-69b3-43c9-a6bd-1ed5193590ff""}",2026-03-20T05:59:40.365307994Z
==========================================,info,"{""level"":""info""}","{""project"":""ce3616d9-58ad-4ec7-a294-1821e1564434"",""environment"":""fb6513d0-42a4-4660-82b5-509c54b15f2a"",""service"":""4978aa94-666c-47c7-8024-3ada55195a51"",""deployment"":""ca6042cb-637e-49d1-85a7-10ee4de39288"",""replica"":""cb4e1448-69b3-43c9-a6bd-1ed5193590ff""}",2026-03-20T05:59:42.445234645Z
All services started successfully!,info,"{""level"":""info""}","{""project"":""ce3616d9-58ad-4ec7-a294-1821e1564434"",""environment"":""fb6513d0-42a4-4660-82b5-509c54b15f2a"",""service"":""4978aa94-666c-47c7-8024-3ada55195a51"",""deployment"":""ca6042cb-637e-49d1-85a7-10ee4de39288"",""replica"":""cb4e1448-69b3-43c9-a6bd-1ed5193590ff""}",2026-03-20T05:59:42.445240322Z
- Next.js (Bun): http://localhost:3000,info,"{""level"":""info""}","{""project"":""ce3616d9-58ad-4ec7-a294-1821e1564434"",""environment"":""fb6513d0-42a4-4660-82b5-509c54b15f2a"",""service"":""4978aa94-666c-47c7-8024-3ada55195a51"",""deployment"":""ca6042cb-637e-49d1-85a7-10ee4de39288"",""replica"":""cb4e1448-69b3-43c9-a6bd-1ed5193590ff""}",2026-03-20T05:59:42.445244384Z
- WhatsApp Service (Node.js): http://localhost:3030,info,"{""level"":""info""}","{""project"":""ce3616d9-58ad-4ec7-a294-1821e1564434"",""environment"":""fb6513d0-42a4-4660-82b5-509c54b15f2a"",""service"":""4978aa94-666c-47c7-8024-3ada55195a51"",""deployment"":""ca6042cb-637e-49d1-85a7-10ee4de39288"",""replica"":""cb4e1448-69b3-43c9-a6bd-1ed5193590ff""}",2026-03-20T05:59:42.445249284Z
==========================================,info,"{""level"":""info""}","{""project"":""ce3616d9-58ad-4ec7-a294-1821e1564434"",""environment"":""fb6513d0-42a4-4660-82b5-509c54b15f2a"",""service"":""4978aa94-666c-47c7-8024-3ada55195a51"",""deployment"":""ca6042cb-637e-49d1-85a7-10ee4de39288"",""replica"":""cb4e1448-69b3-43c9-a6bd-1ed5193590ff""}",2026-03-20T05:59:42.445253700Z
==========================================,info,"{""level"":""info""}","{""project"":""ce3616d9-58ad-4ec7-a294-1821e1564434"",""environment"":""fb6513d0-42a4-4660-82b5-509c54b15f2a"",""service"":""4978aa94-666c-47c7-8024-3ada55195a51"",""deployment"":""ca6042cb-637e-49d1-85a7-10ee4de39288"",""replica"":""cb4e1448-69b3-43c9-a6bd-1ed5193590ff""}",2026-03-20T05:59:42.455428141Z
🔥 WhatsApp Warmer Service running on port 3030,info,"{""level"":""info""}","{""project"":""ce3616d9-58ad-4ec7-a294-1821e1564434"",""environment"":""fb6513d0-42a4-4660-82b5-509c54b15f2a"",""service"":""4978aa94-666c-47c7-8024-3ada55195a51"",""deployment"":""ca6042cb-637e-49d1-85a7-10ee4de39288"",""replica"":""cb4e1448-69b3-43c9-a6bd-1ed5193590ff""}",2026-03-20T05:59:42.455435262Z
📊 Health check: http://localhost:3030/health,info,"{""level"":""info""}","{""project"":""ce3616d9-58ad-4ec7-a294-1821e1564434"",""environment"":""fb6513d0-42a4-4660-82b5-509c54b15f2a"",""service"":""4978aa94-666c-47c7-8024-3ada55195a51"",""deployment"":""ca6042cb-637e-49d1-85a7-10ee4de39288"",""replica"":""cb4e1448-69b3-43c9-a6bd-1ed5193590ff""}",2026-03-20T05:59:42.455443325Z
🔑 Groq API: Configured,info,"{""level"":""info""}","{""project"":""ce3616d9-58ad-4ec7-a294-1821e1564434"",""environment"":""fb6513d0-42a4-4660-82b5-509c54b15f2a"",""service"":""4978aa94-666c-47c7-8024-3ada55195a51"",""deployment"":""ca6042cb-637e-49d1-85a7-10ee4de39288"",""replica"":""cb4e1448-69b3-43c9-a6bd-1ed5193590ff""}",2026-03-20T05:59:42.455450478Z
==========================================,info,"{""level"":""info""}","{""project"":""ce3616d9-58ad-4ec7-a294-1821e1564434"",""environment"":""fb6513d0-42a4-4660-82b5-509c54b15f2a"",""service"":""4978aa94-666c-47c7-8024-3ada55195a51"",""deployment"":""ca6042cb-637e-49d1-85a7-10ee4de39288"",""replica"":""cb4e1448-69b3-43c9-a6bd-1ed5193590ff""}",2026-03-20T05:59:42.455457798Z
✅ Groq instance initialized with API key,info,"{""level"":""info""}","{""project"":""ce3616d9-58ad-4ec7-a294-1821e1564434"",""environment"":""fb6513d0-42a4-4660-82b5-509c54b15f2a"",""service"":""4978aa94-666c-47c7-8024-3ada55195a51"",""deployment"":""ca6042cb-637e-49d1-85a7-10ee4de39288"",""replica"":""cb4e1448-69b3-43c9-a6bd-1ed5193590ff""}",2026-03-20T05:59:42.455464913Z
✅ Generated 5 personalities via Groq. Pool size: 5/50,info,"{""level"":""info""}","{""project"":""ce3616d9-58ad-4ec7-a294-1821e1564434"",""environment"":""fb6513d0-42a4-4660-82b5-509c54b15f2a"",""service"":""4978aa94-666c-47c7-8024-3ada55195a51"",""deployment"":""ca6042cb-637e-49d1-85a7-10ee4de39288"",""replica"":""cb4e1448-69b3-43c9-a6bd-1ed5193590ff""}",2026-03-20T05:59:43.948096471Z
Client connected: 3-fhkY1h-T-wCkexAAAB,info,"{""level"":""info""}","{""project"":""ce3616d9-58ad-4ec7-a294-1821e1564434"",""environment"":""fb6513d0-42a4-4660-82b5-509c54b15f2a"",""service"":""4978aa94-666c-47c7-8024-3ada55195a51"",""deployment"":""ca6042cb-637e-49d1-85a7-10ee4de39288"",""replica"":""cb4e1448-69b3-43c9-a6bd-1ed5193590ff""}",2026-03-20T06:00:04.021286160Z
[DB] Synced 0 accounts to database,info,"{""level"":""info""}","{""project"":""ce3616d9-58ad-4ec7-a294-1821e1564434"",""environment"":""fb6513d0-42a4-4660-82b5-509c54b15f2a"",""service"":""4978aa94-666c-47c7-8024-3ada55195a51"",""deployment"":""ca6042cb-637e-49d1-85a7-10ee4de39288"",""replica"":""cb4e1448-69b3-43c9-a6bd-1ed5193590ff""}",2026-03-20T06:00:12.877195723Z
[DB] Synced 0 accounts to database,info,"{""level"":""info""}","{""project"":""ce3616d9-58ad-4ec7-a294-1821e1564434"",""environment"":""fb6513d0-42a4-4660-82b5-509c54b15f2a"",""service"":""4978aa94-666c-47c7-8024-3ada55195a51"",""deployment"":""ca6042cb-637e-49d1-85a7-10ee4de39288"",""replica"":""cb4e1448-69b3-43c9-a6bd-1ed5193590ff""}",2026-03-20T06:00:42.872491244Z
[DB] Synced 0 accounts to database,info,"{""level"":""info""}","{""project"":""ce3616d9-58ad-4ec7-a294-1821e1564434"",""environment"":""fb6513d0-42a4-4660-82b5-509c54b15f2a"",""service"":""4978aa94-666c-47c7-8024-3ada55195a51"",""deployment"":""ca6042cb-637e-49d1-85a7-10ee4de39288"",""replica"":""cb4e1448-69b3-43c9-a6bd-1ed5193590ff""}",2026-03-20T06:01:12.940391308Z
[DB] Synced 0 accounts to database,info,"{""level"":""info""}","{""project"":""ce3616d9-58ad-4ec7-a294-1821e1564434"",""environment"":""fb6513d0-42a4-4660-82b5-509c54b15f2a"",""service"":""4978aa94-666c-47c7-8024-3ada55195a51"",""deployment"":""ca6042cb-637e-49d1-85a7-10ee4de39288"",""replica"":""cb4e1448-69b3-43c9-a6bd-1ed5193590ff""}",2026-03-20T06:01:52.362604251Z
[DB] Synced 0 accounts to database,info,"{""level"":""info""}","{""project"":""ce3616d9-58ad-4ec7-a294-1821e1564434"",""environment"":""fb6513d0-42a4-4660-82b5-509c54b15f2a"",""service"":""4978aa94-666c-47c7-8024-3ada55195a51"",""deployment"":""ca6042cb-637e-49d1-85a7-10ee4de39288"",""replica"":""cb4e1448-69b3-43c9-a6bd-1ed5193590ff""}",2026-03-20T06:02:22.376484345Z
[DB] Synced 0 accounts to database,info,"{""level"":""info""}","{""project"":""ce3616d9-58ad-4ec7-a294-1821e1564434"",""environment"":""fb6513d0-42a4-4660-82b5-509c54b15f2a"",""service"":""4978aa94-666c-47c7-8024-3ada55195a51"",""deployment"":""ca6042cb-637e-49d1-85a7-10ee4de39288"",""replica"":""cb4e1448-69b3-43c9-a6bd-1ed5193590ff""}",2026-03-20T06:02:51.859449113Z
[DB] Synced 0 accounts to database,info,"{""level"":""info""}","{""project"":""ce3616d9-58ad-4ec7-a294-1821e1564434"",""environment"":""fb6513d0-42a4-4660-82b5-509c54b15f2a"",""service"":""4978aa94-666c-47c7-8024-3ada55195a51"",""deployment"":""ca6042cb-637e-49d1-85a7-10ee4de39288"",""replica"":""cb4e1448-69b3-43c9-a6bd-1ed5193590ff""}",2026-03-20T06:03:21.229334639Z
[DB] Synced 0 accounts to database,info,"{""level"":""info""}","{""project"":""ce3616d9-58ad-4ec7-a294-1821e1564434"",""environment"":""fb6513d0-42a4-4660-82b5-509c54b15f2a"",""service"":""4978aa94-666c-47c7-8024-3ada55195a51"",""deployment"":""ca6042cb-637e-49d1-85a7-10ee4de39288"",""replica"":""cb4e1448-69b3-43c9-a6bd-1ed5193590ff""}",2026-03-20T06:03:51.235802236Z
[DB] Synced 0 accounts to database,info,"{""level"":""info""}","{""project"":""ce3616d9-58ad-4ec7-a294-1821e1564434"",""environment"":""fb6513d0-42a4-4660-82b5-509c54b15f2a"",""service"":""4978aa94-666c-47c7-8024-3ada55195a51"",""deployment"":""ca6042cb-637e-49d1-85a7-10ee4de39288"",""replica"":""cb4e1448-69b3-43c9-a6bd-1ed5193590ff""}",2026-03-20T06:04:21.475474681Z
[DB] Synced 0 accounts to database,info,"{""level"":""info""}","{""project"":""ce3616d9-58ad-4ec7-a294-1821e1564434"",""environment"":""fb6513d0-42a4-4660-82b5-509c54b15f2a"",""service"":""4978aa94-666c-47c7-8024-3ada55195a51"",""deployment"":""ca6042cb-637e-49d1-85a7-10ee4de39288"",""replica"":""cb4e1448-69b3-43c9-a6bd-1ed5193590ff""}",2026-03-20T06:04:50.951430338Z
[DB] Synced 0 accounts to database,info,"{""level"":""info""}","{""project"":""ce3616d9-58ad-4ec7-a294-1821e1564434"",""environment"":""fb6513d0-42a4-4660-82b5-509c54b15f2a"",""service"":""4978aa94-666c-47c7-8024-3ada55195a51"",""deployment"":""ca6042cb-637e-49d1-85a7-10ee4de39288"",""replica"":""cb4e1448-69b3-43c9-a6bd-1ed5193590ff""}",2026-03-20T06:05:20.388586657Z
[DB] Synced 0 accounts to database,info,"{""level"":""info""}","{""project"":""ce3616d9-58ad-4ec7-a294-1821e1564434"",""environment"":""fb6513d0-42a4-4660-82b5-509c54b15f2a"",""service"":""4978aa94-666c-47c7-8024-3ada55195a51"",""deployment"":""ca6042cb-637e-49d1-85a7-10ee4de39288"",""replica"":""cb4e1448-69b3-43c9-a6bd-1ed5193590ff""}",2026-03-20T06:05:50.396002951Z
[DB] Synced 0 accounts to database,info,"{""level"":""info""}","{""project"":""ce3616d9-58ad-4ec7-a294-1821e1564434"",""environment"":""fb6513d0-42a4-4660-82b5-509c54b15f2a"",""service"":""4978aa94-666c-47c7-8024-3ada55195a51"",""deployment"":""ca6042cb-637e-49d1-85a7-10ee4de39288"",""replica"":""cb4e1448-69b3-43c9-a6bd-1ed5193590ff""}",2026-03-20T06:06:19.919350380Z
[DB] Synced 0 accounts to database,info,"{""level"":""info""}","{""project"":""ce3616d9-58ad-4ec7-a294-1821e1564434"",""environment"":""fb6513d0-42a4-4660-82b5-509c54b15f2a"",""service"":""4978aa94-666c-47c7-8024-3ada55195a51"",""deployment"":""ca6042cb-637e-49d1-85a7-10ee4de39288"",""replica"":""cb4e1448-69b3-43c9-a6bd-1ed5193590ff""}",2026-03-20T06:06:49.936400873Z
[DB] Synced 0 accounts to database,info,"{""level"":""info""}","{""project"":""ce3616d9-58ad-4ec7-a294-1821e1564434"",""environment"":""fb6513d0-42a4-4660-82b5-509c54b15f2a"",""service"":""4978aa94-666c-47c7-8024-3ada55195a51"",""deployment"":""ca6042cb-637e-49d1-85a7-10ee4de39288"",""replica"":""cb4e1448-69b3-43c9-a6bd-1ed5193590ff""}",2026-03-20T06:07:19.512083420Z
[DB] Synced 0 accounts to database,info,"{""level"":""info""}","{""project"":""ce3616d9-58ad-4ec7-a294-1821e1564434"",""environment"":""fb6513d0-42a4-4660-82b5-509c54b15f2a"",""service"":""4978aa94-666c-47c7-8024-3ada55195a51"",""deployment"":""ca6042cb-637e-49d1-85a7-10ee4de39288"",""replica"":""cb4e1448-69b3-43c9-a6bd-1ed5193590ff""}",2026-03-20T06:07:49.511240229Z
[DB] Synced 0 accounts to database,info,"{""level"":""info""}","{""project"":""ce3616d9-58ad-4ec7-a294-1821e1564434"",""environment"":""fb6513d0-42a4-4660-82b5-509c54b15f2a"",""service"":""4978aa94-666c-47c7-8024-3ada55195a51"",""deployment"":""ca6042cb-637e-49d1-85a7-10ee4de39288"",""replica"":""cb4e1448-69b3-43c9-a6bd-1ed5193590ff""}",2026-03-20T06:08:19.726278757Z
[DB] Synced 0 accounts to database,info,"{""level"":""info""}","{""project"":""ce3616d9-58ad-4ec7-a294-1821e1564434"",""environment"":""fb6513d0-42a4-4660-82b5-509c54b15f2a"",""service"":""4978aa94-666c-47c7-8024-3ada55195a51"",""deployment"":""ca6042cb-637e-49d1-85a7-10ee4de39288"",""replica"":""cb4e1448-69b3-43c9-a6bd-1ed5193590ff""}",2026-03-20T06:08:49.141822060Z
[DB] Synced 0 accounts to database,info,"{""level"":""info""}","{""project"":""ce3616d9-58ad-4ec7-a294-1821e1564434"",""environment"":""fb6513d0-42a4-4660-82b5-509c54b15f2a"",""service"":""4978aa94-666c-47c7-8024-3ada55195a51"",""deployment"":""ca6042cb-637e-49d1-85a7-10ee4de39288"",""replica"":""cb4e1448-69b3-43c9-a6bd-1ed5193590ff""}",2026-03-20T06:09:19.230547870Z
Client disconnected: 3-fhkY1h-T-wCkexAAAB,info,"{""level"":""info""}","{""project"":""ce3616d9-58ad-4ec7-a294-1821e1564434"",""environment"":""fb6513d0-42a4-4660-82b5-509c54b15f2a"",""service"":""4978aa94-666c-47c7-8024-3ada55195a51"",""deployment"":""ca6042cb-637e-49d1-85a7-10ee4de39288"",""replica"":""cb4e1448-69b3-43c9-a6bd-1ed5193590ff""}",2026-03-20T06:09:22.586288373Z
[DB] Synced 0 accounts to database,info,"{""level"":""info""}","{""project"":""ce3616d9-58ad-4ec7-a294-1821e1564434"",""environment"":""fb6513d0-42a4-4660-82b5-509c54b15f2a"",""service"":""4978aa94-666c-47c7-8024-3ada55195a51"",""deployment"":""ca6042cb-637e-49d1-85a7-10ee4de39288"",""replica"":""cb4e1448-69b3-43c9-a6bd-1ed5193590ff""}",2026-03-20T06:09:52.595197043Z
[DB] Synced 0 accounts to database,info,"{""level"":""info""}","{""project"":""ce3616d9-58ad-4ec7-a294-1821e1564434"",""environment"":""fb6513d0-42a4-4660-82b5-509c54b15f2a"",""service"":""4978aa94-666c-47c7-8024-3ada55195a51"",""deployment"":""ca6042cb-637e-49d1-85a7-10ee4de39288"",""replica"":""cb4e1448-69b3-43c9-a6bd-1ed5193590ff""}",2026-03-20T06:10:22.101074368Z
[DB] Synced 0 accounts to database,info,"{""level"":""info""}","{""project"":""ce3616d9-58ad-4ec7-a294-1821e1564434"",""environment"":""fb6513d0-42a4-4660-82b5-509c54b15f2a"",""service"":""4978aa94-666c-47c7-8024-3ada55195a51"",""deployment"":""ca6042cb-637e-49d1-85a7-10ee4de39288"",""replica"":""cb4e1448-69b3-43c9-a6bd-1ed5193590ff""}",2026-03-20T06:10:52.203016087Z
[DB] Synced 0 accounts to database,info,"{""level"":""info""}","{""project"":""ce3616d9-58ad-4ec7-a294-1821e1564434"",""environment"":""fb6513d0-42a4-4660-82b5-509c54b15f2a"",""service"":""4978aa94-666c-47c7-8024-3ada55195a51"",""deployment"":""ca6042cb-637e-49d1-85a7-10ee4de39288"",""replica"":""cb4e1448-69b3-43c9-a6bd-1ed5193590ff""}",2026-03-20T06:11:22.258611153Z
[DB] Synced 0 accounts to database,info,"{""level"":""info""}","{""project"":""ce3616d9-58ad-4ec7-a294-1821e1564434"",""environment"":""fb6513d0-42a4-4660-82b5-509c54b15f2a"",""service"":""4978aa94-666c-47c7-8024-3ada55195a51"",""deployment"":""ca6042cb-637e-49d1-85a7-10ee4de39288"",""replica"":""cb4e1448-69b3-43c9-a6bd-1ed5193590ff""}",2026-03-20T06:11:51.981836939Z
[DB] Synced 0 accounts to database,info,"{""level"":""info""}","{""project"":""ce3616d9-58ad-4ec7-a294-1821e1564434"",""environment"":""fb6513d0-42a4-4660-82b5-509c54b15f2a"",""service"":""4978aa94-666c-47c7-8024-3ada55195a51"",""deployment"":""ca6042cb-637e-49d1-85a7-10ee4de39288"",""replica"":""cb4e1448-69b3-43c9-a6bd-1ed5193590ff""}",2026-03-20T06:12:21.541626540Z
[DB] Synced 0 accounts to database,info,"{""level"":""info""}","{""project"":""ce3616d9-58ad-4ec7-a294-1821e1564434"",""environment"":""fb6513d0-42a4-4660-82b5-509c54b15f2a"",""service"":""4978aa94-666c-47c7-8024-3ada55195a51"",""deployment"":""ca6042cb-637e-49d1-85a7-10ee4de39288"",""replica"":""cb4e1448-69b3-43c9-a6bd-1ed5193590ff""}",2026-03-20T06:12:51.687912173Z
[DB] Synced 0 accounts to database,info,"{""level"":""info""}","{""project"":""ce3616d9-58ad-4ec7-a294-1821e1564434"",""environment"":""fb6513d0-42a4-4660-82b5-509c54b15f2a"",""service"":""4978aa94-666c-47c7-8024-3ada55195a51"",""deployment"":""ca6042cb-637e-49d1-85a7-10ee4de39288"",""replica"":""cb4e1448-69b3-43c9-a6bd-1ed5193590ff""}",2026-03-20T06:13:21.313037394Z
[DB] Synced 0 accounts to database,info,"{""level"":""info""}","{""project"":""ce3616d9-58ad-4ec7-a294-1821e1564434"",""environment"":""fb6513d0-42a4-4660-82b5-509c54b15f2a"",""service"":""4978aa94-666c-47c7-8024-3ada55195a51"",""deployment"":""ca6042cb-637e-49d1-85a7-10ee4de39288"",""replica"":""cb4e1448-69b3-43c9-a6bd-1ed5193590ff""}",2026-03-20T06:13:51.310858545Z
[DB] Synced 0 accounts to database,info,"{""level"":""info""}","{""project"":""ce3616d9-58ad-4ec7-a294-1821e1564434"",""environment"":""fb6513d0-42a4-4660-82b5-509c54b15f2a"",""service"":""4978aa94-666c-47c7-8024-3ada55195a51"",""deployment"":""ca6042cb-637e-49d1-85a7-10ee4de39288"",""replica"":""cb4e1448-69b3-43c9-a6bd-1ed5193590ff""}",2026-03-20T06:14:21.478198397Z
[DB] Synced 0 accounts to database,info,"{""level"":""info""}","{""project"":""ce3616d9-58ad-4ec7-a294-1821e1564434"",""environment"":""fb6513d0-42a4-4660-82b5-509c54b15f2a"",""service"":""4978aa94-666c-47c7-8024-3ada55195a51"",""deployment"":""ca6042cb-637e-49d1-85a7-10ee4de39288"",""replica"":""cb4e1448-69b3-43c9-a6bd-1ed5193590ff""}",2026-03-20T06:14:50.937800899Z
[DB] Synced 0 accounts to database,info,"{""level"":""info""}","{""project"":""ce3616d9-58ad-4ec7-a294-1821e1564434"",""environment"":""fb6513d0-42a4-4660-82b5-509c54b15f2a"",""service"":""4978aa94-666c-47c7-8024-3ada55195a51"",""deployment"":""ca6042cb-637e-49d1-85a7-10ee4de39288"",""replica"":""cb4e1448-69b3-43c9-a6bd-1ed5193590ff""}",2026-03-20T06:15:20.935367921Z
[DB] Synced 0 accounts to database,info,"{""level"":""info""}","{""project"":""ce3616d9-58ad-4ec7-a294-1821e1564434"",""environment"":""fb6513d0-42a4-4660-82b5-509c54b15f2a"",""service"":""4978aa94-666c-47c7-8024-3ada55195a51"",""deployment"":""ca6042cb-637e-49d1-85a7-10ee4de39288"",""replica"":""cb4e1448-69b3-43c9-a6bd-1ed5193590ff""}",2026-03-20T06:15:50.960072268Z
[DB] Synced 0 accounts to database,info,"{""level"":""info""}","{""project"":""ce3616d9-58ad-4ec7-a294-1821e1564434"",""environment"":""fb6513d0-42a4-4660-82b5-509c54b15f2a"",""service"":""4978aa94-666c-47c7-8024-3ada55195a51"",""deployment"":""ca6042cb-637e-49d1-85a7-10ee4de39288"",""replica"":""cb4e1448-69b3-43c9-a6bd-1ed5193590ff""}",2026-03-20T06:16:20.546738128Z
[DB] Synced 0 accounts to database,info,"{""level"":""info""}","{""project"":""ce3616d9-58ad-4ec7-a294-1821e1564434"",""environment"":""fb6513d0-42a4-4660-82b5-509c54b15f2a"",""service"":""4978aa94-666c-47c7-8024-3ada55195a51"",""deployment"":""ca6042cb-637e-49d1-85a7-10ee4de39288"",""replica"":""cb4e1448-69b3-43c9-a6bd-1ed5193590ff""}",2026-03-20T06:16:50.550081812Z
[DB] Synced 0 accounts to database,info,"{""level"":""info""}","{""project"":""ce3616d9-58ad-4ec7-a294-1821e1564434"",""environment"":""fb6513d0-42a4-4660-82b5-509c54b15f2a"",""service"":""4978aa94-666c-47c7-8024-3ada55195a51"",""deployment"":""ca6042cb-637e-49d1-85a7-10ee4de39288"",""replica"":""cb4e1448-69b3-43c9-a6bd-1ed5193590ff""}",2026-03-20T06:17:20.060438883Z
[DB] Synced 0 accounts to database,info,"{""level"":""info""}","{""project"":""ce3616d9-58ad-4ec7-a294-1821e1564434"",""environment"":""fb6513d0-42a4-4660-82b5-509c54b15f2a"",""service"":""4978aa94-666c-47c7-8024-3ada55195a51"",""deployment"":""ca6042cb-637e-49d1-85a7-10ee4de39288"",""replica"":""cb4e1448-69b3-43c9-a6bd-1ed5193590ff""}",2026-03-20T06:17:50.122699416Z
[DB] Synced 0 accounts to database,info,"{""level"":""info""}","{""project"":""ce3616d9-58ad-4ec7-a294-1821e1564434"",""environment"":""fb6513d0-42a4-4660-82b5-509c54b15f2a"",""service"":""4978aa94-666c-47c7-8024-3ada55195a51"",""deployment"":""ca6042cb-637e-49d1-85a7-10ee4de39288"",""replica"":""cb4e1448-69b3-43c9-a6bd-1ed5193590ff""}",2026-03-20T06:18:20.121993018Z
[DB] Synced 0 accounts to database,info,"{""level"":""info""}","{""project"":""ce3616d9-58ad-4ec7-a294-1821e1564434"",""environment"":""fb6513d0-42a4-4660-82b5-509c54b15f2a"",""service"":""4978aa94-666c-47c7-8024-3ada55195a51"",""deployment"":""ca6042cb-637e-49d1-85a7-10ee4de39288"",""replica"":""cb4e1448-69b3-43c9-a6bd-1ed5193590ff""}",2026-03-20T06:18:50.249188186Z
[DB] Synced 0 accounts to database,info,"{""level"":""info""}","{""project"":""ce3616d9-58ad-4ec7-a294-1821e1564434"",""environment"":""fb6513d0-42a4-4660-82b5-509c54b15f2a"",""service"":""4978aa94-666c-47c7-8024-3ada55195a51"",""deployment"":""ca6042cb-637e-49d1-85a7-10ee4de39288"",""replica"":""cb4e1448-69b3-43c9-a6bd-1ed5193590ff""}",2026-03-20T06:19:19.856910034Z
[DB] Synced 0 accounts to database,info,"{""level"":""info""}","{""project"":""ce3616d9-58ad-4ec7-a294-1821e1564434"",""environment"":""fb6513d0-42a4-4660-82b5-509c54b15f2a"",""service"":""4978aa94-666c-47c7-8024-3ada55195a51"",""deployment"":""ca6042cb-637e-49d1-85a7-10ee4de39288"",""replica"":""cb4e1448-69b3-43c9-a6bd-1ed5193590ff""}",2026-03-20T06:19:49.858727351Z
[DB] Synced 0 accounts to database,info,"{""level"":""info""}","{""project"":""ce3616d9-58ad-4ec7-a294-1821e1564434"",""environment"":""fb6513d0-42a4-4660-82b5-509c54b15f2a"",""service"":""4978aa94-666c-47c7-8024-3ada55195a51"",""deployment"":""ca6042cb-637e-49d1-85a7-10ee4de39288"",""replica"":""cb4e1448-69b3-43c9-a6bd-1ed5193590ff""}",2026-03-20T06:20:19.484542108Z
[DB] Synced 0 accounts to database,info,"{""level"":""info""}","{""project"":""ce3616d9-58ad-4ec7-a294-1821e1564434"",""environment"":""fb6513d0-42a4-4660-82b5-509c54b15f2a"",""service"":""4978aa94-666c-47c7-8024-3ada55195a51"",""deployment"":""ca6042cb-637e-49d1-85a7-10ee4de39288"",""replica"":""cb4e1448-69b3-43c9-a6bd-1ed5193590ff""}",2026-03-20T06:20:48.781464279Z
[DB] Synced 0 accounts to database,info,"{""level"":""info""}","{""project"":""ce3616d9-58ad-4ec7-a294-1821e1564434"",""environment"":""fb6513d0-42a4-4660-82b5-509c54b15f2a"",""service"":""4978aa94-666c-47c7-8024-3ada55195a51"",""deployment"":""ca6042cb-637e-49d1-85a7-10ee4de39288"",""replica"":""cb4e1448-69b3-43c9-a6bd-1ed5193590ff""}",2026-03-20T06:21:18.835023276Z
[DB] Synced 0 accounts to database,info,"{""level"":""info""}","{""project"":""ce3616d9-58ad-4ec7-a294-1821e1564434"",""environment"":""fb6513d0-42a4-4660-82b5-509c54b15f2a"",""service"":""4978aa94-666c-47c7-8024-3ada55195a51"",""deployment"":""ca6042cb-637e-49d1-85a7-10ee4de39288"",""replica"":""cb4e1448-69b3-43c9-a6bd-1ed5193590ff""}",2026-03-20T06:21:48.392337963Z
[DB] Synced 0 accounts to database,info,"{""level"":""info""}","{""project"":""ce3616d9-58ad-4ec7-a294-1821e1564434"",""environment"":""fb6513d0-42a4-4660-82b5-509c54b15f2a"",""service"":""4978aa94-666c-47c7-8024-3ada55195a51"",""deployment"":""ca6042cb-637e-49d1-85a7-10ee4de39288"",""replica"":""cb4e1448-69b3-43c9-a6bd-1ed5193590ff""}",2026-03-20T06:22:18.389167126Z
[DB] Synced 0 accounts to database,info,"{""level"":""info""}","{""project"":""ce3616d9-58ad-4ec7-a294-1821e1564434"",""environment"":""fb6513d0-42a4-4660-82b5-509c54b15f2a"",""service"":""4978aa94-666c-47c7-8024-3ada55195a51"",""deployment"":""ca6042cb-637e-49d1-85a7-10ee4de39288"",""replica"":""cb4e1448-69b3-43c9-a6bd-1ed5193590ff""}",2026-03-20T06:22:48.508617788Z
[DB] Synced 0 accounts to database,info,"{""level"":""info""}","{""project"":""ce3616d9-58ad-4ec7-a294-1821e1564434"",""environment"":""fb6513d0-42a4-4660-82b5-509c54b15f2a"",""service"":""4978aa94-666c-47c7-8024-3ada55195a51"",""deployment"":""ca6042cb-637e-49d1-85a7-10ee4de39288"",""replica"":""cb4e1448-69b3-43c9-a6bd-1ed5193590ff""}",2026-03-20T06:23:18.074227998Z
[DB] Synced 0 accounts to database,info,"{""level"":""info""}","{""project"":""ce3616d9-58ad-4ec7-a294-1821e1564434"",""environment"":""fb6513d0-42a4-4660-82b5-509c54b15f2a"",""service"":""4978aa94-666c-47c7-8024-3ada55195a51"",""deployment"":""ca6042cb-637e-49d1-85a7-10ee4de39288"",""replica"":""cb4e1448-69b3-43c9-a6bd-1ed5193590ff""}",2026-03-20T06:23:47.667533499Z
[DB] Synced 0 accounts to database,info,"{""level"":""info""}","{""project"":""ce3616d9-58ad-4ec7-a294-1821e1564434"",""environment"":""fb6513d0-42a4-4660-82b5-509c54b15f2a"",""service"":""4978aa94-666c-47c7-8024-3ada55195a51"",""deployment"":""ca6042cb-637e-49d1-85a7-10ee4de39288"",""replica"":""cb4e1448-69b3-43c9-a6bd-1ed5193590ff""}",2026-03-20T06:24:17.547459040Z
[DB] Synced 0 accounts to database,info,"{""level"":""info""}","{""project"":""ce3616d9-58ad-4ec7-a294-1821e1564434"",""environment"":""fb6513d0-42a4-4660-82b5-509c54b15f2a"",""service"":""4978aa94-666c-47c7-8024-3ada55195a51"",""deployment"":""ca6042cb-637e-49d1-85a7-10ee4de39288"",""replica"":""cb4e1448-69b3-43c9-a6bd-1ed5193590ff""}",2026-03-20T06:24:46.894028356Z
[DB] Synced 0 accounts to database,info,"{""level"":""info""}","{""project"":""ce3616d9-58ad-4ec7-a294-1821e1564434"",""environment"":""fb6513d0-42a4-4660-82b5-509c54b15f2a"",""service"":""4978aa94-666c-47c7-8024-3ada55195a51"",""deployment"":""ca6042cb-637e-49d1-85a7-10ee4de39288"",""replica"":""cb4e1448-69b3-43c9-a6bd-1ed5193590ff""}",2026-03-20T06:25:16.903767386Z
[DB] Synced 0 accounts to database,info,"{""level"":""info""}","{""project"":""ce3616d9-58ad-4ec7-a294-1821e1564434"",""environment"":""fb6513d0-42a4-4660-82b5-509c54b15f2a"",""service"":""4978aa94-666c-47c7-8024-3ada55195a51"",""deployment"":""ca6042cb-637e-49d1-85a7-10ee4de39288"",""replica"":""cb4e1448-69b3-43c9-a6bd-1ed5193590ff""}",2026-03-20T06:25:46.583569424Z
[DB] Synced 0 accounts to database,info,"{""level"":""info""}","{""project"":""ce3616d9-58ad-4ec7-a294-1821e1564434"",""environment"":""fb6513d0-42a4-4660-82b5-509c54b15f2a"",""service"":""4978aa94-666c-47c7-8024-3ada55195a51"",""deployment"":""ca6042cb-637e-49d1-85a7-10ee4de39288"",""replica"":""cb4e1448-69b3-43c9-a6bd-1ed5193590ff""}",2026-03-20T06:26:16.608293067Z
[DB] Synced 0 accounts to database,info,"{""level"":""info""}","{""project"":""ce3616d9-58ad-4ec7-a294-1821e1564434"",""environment"":""fb6513d0-42a4-4660-82b5-509c54b15f2a"",""service"":""4978aa94-666c-47c7-8024-3ada55195a51"",""deployment"":""ca6042cb-637e-49d1-85a7-10ee4de39288"",""replica"":""cb4e1448-69b3-43c9-a6bd-1ed5193590ff""}",2026-03-20T06:26:46.232089944Z
[DB] Synced 0 accounts to database,info,"{""level"":""info""}","{""project"":""ce3616d9-58ad-4ec7-a294-1821e1564434"",""environment"":""fb6513d0-42a4-4660-82b5-509c54b15f2a"",""service"":""4978aa94-666c-47c7-8024-3ada55195a51"",""deployment"":""ca6042cb-637e-49d1-85a7-10ee4de39288"",""replica"":""cb4e1448-69b3-43c9-a6bd-1ed5193590ff""}",2026-03-20T06:27:16.286682208Z
[DB] Synced 0 accounts to database,info,"{""level"":""info""}","{""project"":""ce3616d9-58ad-4ec7-a294-1821e1564434"",""environment"":""fb6513d0-42a4-4660-82b5-509c54b15f2a"",""service"":""4978aa94-666c-47c7-8024-3ada55195a51"",""deployment"":""ca6042cb-637e-49d1-85a7-10ee4de39288"",""replica"":""cb4e1448-69b3-43c9-a6bd-1ed5193590ff""}",2026-03-20T06:27:45.970531642Z
[DB] Synced 0 accounts to database,info,"{""level"":""info""}","{""project"":""ce3616d9-58ad-4ec7-a294-1821e1564434"",""environment"":""fb6513d0-42a4-4660-82b5-509c54b15f2a"",""service"":""4978aa94-666c-47c7-8024-3ada55195a51"",""deployment"":""ca6042cb-637e-49d1-85a7-10ee4de39288"",""replica"":""cb4e1448-69b3-43c9-a6bd-1ed5193590ff""}",2026-03-20T06:28:16.116723452Z
[DB] Synced 0 accounts to database,info,"{""level"":""info""}","{""project"":""ce3616d9-58ad-4ec7-a294-1821e1564434"",""environment"":""fb6513d0-42a4-4660-82b5-509c54b15f2a"",""service"":""4978aa94-666c-47c7-8024-3ada55195a51"",""deployment"":""ca6042cb-637e-49d1-85a7-10ee4de39288"",""replica"":""cb4e1448-69b3-43c9-a6bd-1ed5193590ff""}",2026-03-20T06:28:46.455169084Z
[DB] Synced 0 accounts to database,info,"{""level"":""info""}","{""project"":""ce3616d9-58ad-4ec7-a294-1821e1564434"",""environment"":""fb6513d0-42a4-4660-82b5-509c54b15f2a"",""service"":""4978aa94-666c-47c7-8024-3ada55195a51"",""deployment"":""ca6042cb-637e-49d1-85a7-10ee4de39288"",""replica"":""cb4e1448-69b3-43c9-a6bd-1ed5193590ff""}",2026-03-20T06:29:16.109271045Z
[DB] Synced 0 accounts to database,info,"{""level"":""info""}","{""project"":""ce3616d9-58ad-4ec7-a294-1821e1564434"",""environment"":""fb6513d0-42a4-4660-82b5-509c54b15f2a"",""service"":""4978aa94-666c-47c7-8024-3ada55195a51"",""deployment"":""ca6042cb-637e-49d1-85a7-10ee4de39288"",""replica"":""cb4e1448-69b3-43c9-a6bd-1ed5193590ff""}",2026-03-20T06:29:46.283084127Z
[DB] Synced 0 accounts to database,info,"{""level"":""info""}","{""project"":""ce3616d9-58ad-4ec7-a294-1821e1564434"",""environment"":""fb6513d0-42a4-4660-82b5-509c54b15f2a"",""service"":""4978aa94-666c-47c7-8024-3ada55195a51"",""deployment"":""ca6042cb-637e-49d1-85a7-10ee4de39288"",""replica"":""cb4e1448-69b3-43c9-a6bd-1ed5193590ff""}",2026-03-20T06:30:16.536076580Z
[DB] Synced 0 accounts to database,info,"{""level"":""info""}","{""project"":""ce3616d9-58ad-4ec7-a294-1821e1564434"",""environment"":""fb6513d0-42a4-4660-82b5-509c54b15f2a"",""service"":""4978aa94-666c-47c7-8024-3ada55195a51"",""deployment"":""ca6042cb-637e-49d1-85a7-10ee4de39288"",""replica"":""cb4e1448-69b3-43c9-a6bd-1ed5193590ff""}",2026-03-20T06:30:46.065465063Z
[DB] Synced 0 accounts to database,info,"{""level"":""info""}","{""project"":""ce3616d9-58ad-4ec7-a294-1821e1564434"",""environment"":""fb6513d0-42a4-4660-82b5-509c54b15f2a"",""service"":""4978aa94-666c-47c7-8024-3ada55195a51"",""deployment"":""ca6042cb-637e-49d1-85a7-10ee4de39288"",""replica"":""cb4e1448-69b3-43c9-a6bd-1ed5193590ff""}",2026-03-20T06:31:16.063198891Z
[DB] Synced 0 accounts to database,info,"{""level"":""info""}","{""project"":""ce3616d9-58ad-4ec7-a294-1821e1564434"",""environment"":""fb6513d0-42a4-4660-82b5-509c54b15f2a"",""service"":""4978aa94-666c-47c7-8024-3ada55195a51"",""deployment"":""ca6042cb-637e-49d1-85a7-10ee4de39288"",""replica"":""cb4e1448-69b3-43c9-a6bd-1ed5193590ff""}",2026-03-20T06:31:46.334619502Z
[DB] Synced 0 accounts to database,info,"{""level"":""info""}","{""project"":""ce3616d9-58ad-4ec7-a294-1821e1564434"",""environment"":""fb6513d0-42a4-4660-82b5-509c54b15f2a"",""service"":""4978aa94-666c-47c7-8024-3ada55195a51"",""deployment"":""ca6042cb-637e-49d1-85a7-10ee4de39288"",""replica"":""cb4e1448-69b3-43c9-a6bd-1ed5193590ff""}",2026-03-20T06:32:15.855052310Z
[DB] Synced 0 accounts to database,info,"{""level"":""info""}","{""project"":""ce3616d9-58ad-4ec7-a294-1821e1564434"",""environment"":""fb6513d0-42a4-4660-82b5-509c54b15f2a"",""service"":""4978aa94-666c-47c7-8024-3ada55195a51"",""deployment"":""ca6042cb-637e-49d1-85a7-10ee4de39288"",""replica"":""cb4e1448-69b3-43c9-a6bd-1ed5193590ff""}",2026-03-20T06:32:45.965525372Z
[DB] Synced 0 accounts to database,info,"{""level"":""info""}","{""project"":""ce3616d9-58ad-4ec7-a294-1821e1564434"",""environment"":""fb6513d0-42a4-4660-82b5-509c54b15f2a"",""service"":""4978aa94-666c-47c7-8024-3ada55195a51"",""deployment"":""ca6042cb-637e-49d1-85a7-10ee4de39288"",""replica"":""cb4e1448-69b3-43c9-a6bd-1ed5193590ff""}",2026-03-20T06:33:16.231676449Z
[DB] Synced 0 accounts to database,info,"{""level"":""info""}","{""project"":""ce3616d9-58ad-4ec7-a294-1821e1564434"",""environment"":""fb6513d0-42a4-4660-82b5-509c54b15f2a"",""service"":""4978aa94-666c-47c7-8024-3ada55195a51"",""deployment"":""ca6042cb-637e-49d1-85a7-10ee4de39288"",""replica"":""cb4e1448-69b3-43c9-a6bd-1ed5193590ff""}",2026-03-20T06:33:45.784238433Z
[DB] Synced 0 accounts to database,info,"{""level"":""info""}","{""project"":""ce3616d9-58ad-4ec7-a294-1821e1564434"",""environment"":""fb6513d0-42a4-4660-82b5-509c54b15f2a"",""service"":""4978aa94-666c-47c7-8024-3ada55195a51"",""deployment"":""ca6042cb-637e-49d1-85a7-10ee4de39288"",""replica"":""cb4e1448-69b3-43c9-a6bd-1ed5193590ff""}",2026-03-20T06:34:15.772674111Z
[DB] Synced 0 accounts to database,info,"{""level"":""info""}","{""project"":""ce3616d9-58ad-4ec7-a294-1821e1564434"",""environment"":""fb6513d0-42a4-4660-82b5-509c54b15f2a"",""service"":""4978aa94-666c-47c7-8024-3ada55195a51"",""deployment"":""ca6042cb-637e-49d1-85a7-10ee4de39288"",""replica"":""cb4e1448-69b3-43c9-a6bd-1ed5193590ff""}",2026-03-20T06:34:46.085488204Z
[DB] Synced 0 accounts to database,info,"{""level"":""info""}","{""project"":""ce3616d9-58ad-4ec7-a294-1821e1564434"",""environment"":""fb6513d0-42a4-4660-82b5-509c54b15f2a"",""service"":""4978aa94-666c-47c7-8024-3ada55195a51"",""deployment"":""ca6042cb-637e-49d1-85a7-10ee4de39288"",""replica"":""cb4e1448-69b3-43c9-a6bd-1ed5193590ff""}",2026-03-20T06:35:16.329165202Z
[DB] Synced 0 accounts to database,info,"{""level"":""info""}","{""project"":""ce3616d9-58ad-4ec7-a294-1821e1564434"",""environment"":""fb6513d0-42a4-4660-82b5-509c54b15f2a"",""service"":""4978aa94-666c-47c7-8024-3ada55195a51"",""deployment"":""ca6042cb-637e-49d1-85a7-10ee4de39288"",""replica"":""cb4e1448-69b3-43c9-a6bd-1ed5193590ff""}",2026-03-20T06:35:45.852733605Z
[DB] Synced 0 accounts to database,info,"{""level"":""info""}","{""project"":""ce3616d9-58ad-4ec7-a294-1821e1564434"",""environment"":""fb6513d0-42a4-4660-82b5-509c54b15f2a"",""service"":""4978aa94-666c-47c7-8024-3ada55195a51"",""deployment"":""ca6042cb-637e-49d1-85a7-10ee4de39288"",""replica"":""cb4e1448-69b3-43c9-a6bd-1ed5193590ff""}",2026-03-20T06:36:15.869033000Z
[DB] Synced 0 accounts to database,info,"{""level"":""info""}","{""project"":""ce3616d9-58ad-4ec7-a294-1821e1564434"",""environment"":""fb6513d0-42a4-4660-82b5-509c54b15f2a"",""service"":""4978aa94-666c-47c7-8024-3ada55195a51"",""deployment"":""ca6042cb-637e-49d1-85a7-10ee4de39288"",""replica"":""cb4e1448-69b3-43c9-a6bd-1ed5193590ff""}",2026-03-20T06:36:45.930025839Z
[DB] Synced 0 accounts to database,info,"{""level"":""info""}","{""project"":""ce3616d9-58ad-4ec7-a294-1821e1564434"",""environment"":""fb6513d0-42a4-4660-82b5-509c54b15f2a"",""service"":""4978aa94-666c-47c7-8024-3ada55195a51"",""deployment"":""ca6042cb-637e-49d1-85a7-10ee4de39288"",""replica"":""cb4e1448-69b3-43c9-a6bd-1ed5193590ff""}",2026-03-20T06:37:16.340786029Z
[DB] Synced 0 accounts to database,info,"{""level"":""info""}","{""project"":""ce3616d9-58ad-4ec7-a294-1821e1564434"",""environment"":""fb6513d0-42a4-4660-82b5-509c54b15f2a"",""service"":""4978aa94-666c-47c7-8024-3ada55195a51"",""deployment"":""ca6042cb-637e-49d1-85a7-10ee4de39288"",""replica"":""cb4e1448-69b3-43c9-a6bd-1ed5193590ff""}",2026-03-20T06:37:46.349585361Z
[DB] Synced 0 accounts to database,info,"{""level"":""info""}","{""project"":""ce3616d9-58ad-4ec7-a294-1821e1564434"",""environment"":""fb6513d0-42a4-4660-82b5-509c54b15f2a"",""service"":""4978aa94-666c-47c7-8024-3ada55195a51"",""deployment"":""ca6042cb-637e-49d1-85a7-10ee4de39288"",""replica"":""cb4e1448-69b3-43c9-a6bd-1ed5193590ff""}",2026-03-20T06:38:16.838490161Z
[DB] Synced 0 accounts to database,info,"{""level"":""info""}","{""project"":""ce3616d9-58ad-4ec7-a294-1821e1564434"",""environment"":""fb6513d0-42a4-4660-82b5-509c54b15f2a"",""service"":""4978aa94-666c-47c7-8024-3ada55195a51"",""deployment"":""ca6042cb-637e-49d1-85a7-10ee4de39288"",""replica"":""cb4e1448-69b3-43c9-a6bd-1ed5193590ff""}",2026-03-20T06:38:47.029329730Z
[DB] Synced 0 accounts to database,info,"{""level"":""info""}","{""project"":""ce3616d9-58ad-4ec7-a294-1821e1564434"",""environment"":""fb6513d0-42a4-4660-82b5-509c54b15f2a"",""service"":""4978aa94-666c-47c7-8024-3ada55195a51"",""deployment"":""ca6042cb-637e-49d1-85a7-10ee4de39288"",""replica"":""cb4e1448-69b3-43c9-a6bd-1ed5193590ff""}",2026-03-20T06:39:16.847726056Z
[DB] Synced 0 accounts to database,info,"{""level"":""info""}","{""project"":""ce3616d9-58ad-4ec7-a294-1821e1564434"",""environment"":""fb6513d0-42a4-4660-82b5-509c54b15f2a"",""service"":""4978aa94-666c-47c7-8024-3ada55195a51"",""deployment"":""ca6042cb-637e-49d1-85a7-10ee4de39288"",""replica"":""cb4e1448-69b3-43c9-a6bd-1ed5193590ff""}",2026-03-20T06:39:46.848067021Z
[DB] Synced 0 accounts to database,info,"{""level"":""info""}","{""project"":""ce3616d9-58ad-4ec7-a294-1821e1564434"",""environment"":""fb6513d0-42a4-4660-82b5-509c54b15f2a"",""service"":""4978aa94-666c-47c7-8024-3ada55195a51"",""deployment"":""ca6042cb-637e-49d1-85a7-10ee4de39288"",""replica"":""cb4e1448-69b3-43c9-a6bd-1ed5193590ff""}",2026-03-20T06:40:16.372745145Z
[DB] Synced 0 accounts to database,info,"{""level"":""info""}","{""project"":""ce3616d9-58ad-4ec7-a294-1821e1564434"",""environment"":""fb6513d0-42a4-4660-82b5-509c54b15f2a"",""service"":""4978aa94-666c-47c7-8024-3ada55195a51"",""deployment"":""ca6042cb-637e-49d1-85a7-10ee4de39288"",""replica"":""cb4e1448-69b3-43c9-a6bd-1ed5193590ff""}",2026-03-20T06:40:46.583310227Z
[DB] Synced 0 accounts to database,info,"{""level"":""info""}","{""project"":""ce3616d9-58ad-4ec7-a294-1821e1564434"",""environment"":""fb6513d0-42a4-4660-82b5-509c54b15f2a"",""service"":""4978aa94-666c-47c7-8024-3ada55195a51"",""deployment"":""ca6042cb-637e-49d1-85a7-10ee4de39288"",""replica"":""cb4e1448-69b3-43c9-a6bd-1ed5193590ff""}",2026-03-20T06:41:16.104843526Z
[DB] Synced 0 accounts to database,info,"{""level"":""info""}","{""project"":""ce3616d9-58ad-4ec7-a294-1821e1564434"",""environment"":""fb6513d0-42a4-4660-82b5-509c54b15f2a"",""service"":""4978aa94-666c-47c7-8024-3ada55195a51"",""deployment"":""ca6042cb-637e-49d1-85a7-10ee4de39288"",""replica"":""cb4e1448-69b3-43c9-a6bd-1ed5193590ff""}",2026-03-20T06:41:46.107212022Z
[DB] Synced 0 accounts to database,info,"{""level"":""info""}","{""project"":""ce3616d9-58ad-4ec7-a294-1821e1564434"",""environment"":""fb6513d0-42a4-4660-82b5-509c54b15f2a"",""service"":""4978aa94-666c-47c7-8024-3ada55195a51"",""deployment"":""ca6042cb-637e-49d1-85a7-10ee4de39288"",""replica"":""cb4e1448-69b3-43c9-a6bd-1ed5193590ff""}",2026-03-20T06:42:16.190337518Z
[DB] Synced 0 accounts to database,info,"{""level"":""info""}","{""project"":""ce3616d9-58ad-4ec7-a294-1821e1564434"",""environment"":""fb6513d0-42a4-4660-82b5-509c54b15f2a"",""service"":""4978aa94-666c-47c7-8024-3ada55195a51"",""deployment"":""ca6042cb-637e-49d1-85a7-10ee4de39288"",""replica"":""cb4e1448-69b3-43c9-a6bd-1ed5193590ff""}",2026-03-20T06:42:45.801678008Z
[DB] Synced 0 accounts to database,info,"{""level"":""info""}","{""project"":""ce3616d9-58ad-4ec7-a294-1821e1564434"",""environment"":""fb6513d0-42a4-4660-82b5-509c54b15f2a"",""service"":""4978aa94-666c-47c7-8024-3ada55195a51"",""deployment"":""ca6042cb-637e-49d1-85a7-10ee4de39288"",""replica"":""cb4e1448-69b3-43c9-a6bd-1ed5193590ff""}",2026-03-20T06:43:15.853833975Z
[DB] Synced 0 accounts to database,info,"{""level"":""info""}","{""project"":""ce3616d9-58ad-4ec7-a294-1821e1564434"",""environment"":""fb6513d0-42a4-4660-82b5-509c54b15f2a"",""service"":""4978aa94-666c-47c7-8024-3ada55195a51"",""deployment"":""ca6042cb-637e-49d1-85a7-10ee4de39288"",""replica"":""cb4e1448-69b3-43c9-a6bd-1ed5193590ff""}",2026-03-20T06:43:46.058495425Z
[DB] Synced 0 accounts to database,info,"{""level"":""info""}","{""project"":""ce3616d9-58ad-4ec7-a294-1821e1564434"",""environment"":""fb6513d0-42a4-4660-82b5-509c54b15f2a"",""service"":""4978aa94-666c-47c7-8024-3ada55195a51"",""deployment"":""ca6042cb-637e-49d1-85a7-10ee4de39288"",""replica"":""cb4e1448-69b3-43c9-a6bd-1ed5193590ff""}",2026-03-20T06:44:16.375017305Z
[DB] Synced 0 accounts to database,info,"{""level"":""info""}","{""project"":""ce3616d9-58ad-4ec7-a294-1821e1564434"",""environment"":""fb6513d0-42a4-4660-82b5-509c54b15f2a"",""service"":""4978aa94-666c-47c7-8024-3ada55195a51"",""deployment"":""ca6042cb-637e-49d1-85a7-10ee4de39288"",""replica"":""cb4e1448-69b3-43c9-a6bd-1ed5193590ff""}",2026-03-20T06:44:45.988088882Z
[DB] Synced 0 accounts to database,info,"{""level"":""info""}","{""project"":""ce3616d9-58ad-4ec7-a294-1821e1564434"",""environment"":""fb6513d0-42a4-4660-82b5-509c54b15f2a"",""service"":""4978aa94-666c-47c7-8024-3ada55195a51"",""deployment"":""ca6042cb-637e-49d1-85a7-10ee4de39288"",""replica"":""cb4e1448-69b3-43c9-a6bd-1ed5193590ff""}",2026-03-20T06:45:15.983010063Z
[DB] Synced 0 accounts to database,info,"{""level"":""info""}","{""project"":""ce3616d9-58ad-4ec7-a294-1821e1564434"",""environment"":""fb6513d0-42a4-4660-82b5-509c54b15f2a"",""service"":""4978aa94-666c-47c7-8024-3ada55195a51"",""deployment"":""ca6042cb-637e-49d1-85a7-10ee4de39288"",""replica"":""cb4e1448-69b3-43c9-a6bd-1ed5193590ff""}",2026-03-20T06:45:46.166617122Z
[DB] Synced 0 accounts to database,info,"{""level"":""info""}","{""project"":""ce3616d9-58ad-4ec7-a294-1821e1564434"",""environment"":""fb6513d0-42a4-4660-82b5-509c54b15f2a"",""service"":""4978aa94-666c-47c7-8024-3ada55195a51"",""deployment"":""ca6042cb-637e-49d1-85a7-10ee4de39288"",""replica"":""cb4e1448-69b3-43c9-a6bd-1ed5193590ff""}",2026-03-20T06:46:15.631894589Z
[DB] Synced 0 accounts to database,info,"{""level"":""info""}","{""project"":""ce3616d9-58ad-4ec7-a294-1821e1564434"",""environment"":""fb6513d0-42a4-4660-82b5-509c54b15f2a"",""service"":""4978aa94-666c-47c7-8024-3ada55195a51"",""deployment"":""ca6042cb-637e-49d1-85a7-10ee4de39288"",""replica"":""cb4e1448-69b3-43c9-a6bd-1ed5193590ff""}",2026-03-20T06:46:45.628807610Z
[DB] Synced 0 accounts to database,info,"{""level"":""info""}","{""project"":""ce3616d9-58ad-4ec7-a294-1821e1564434"",""environment"":""fb6513d0-42a4-4660-82b5-509c54b15f2a"",""service"":""4978aa94-666c-47c7-8024-3ada55195a51"",""deployment"":""ca6042cb-637e-49d1-85a7-10ee4de39288"",""replica"":""cb4e1448-69b3-43c9-a6bd-1ed5193590ff""}",2026-03-20T06:47:15.904065044Z
[DB] Synced 0 accounts to database,info,"{""level"":""info""}","{""project"":""ce3616d9-58ad-4ec7-a294-1821e1564434"",""environment"":""fb6513d0-42a4-4660-82b5-509c54b15f2a"",""service"":""4978aa94-666c-47c7-8024-3ada55195a51"",""deployment"":""ca6042cb-637e-49d1-85a7-10ee4de39288"",""replica"":""cb4e1448-69b3-43c9-a6bd-1ed5193590ff""}",2026-03-20T06:47:46.370642510Z
[DB] Synced 0 accounts to database,info,"{""level"":""info""}","{""project"":""ce3616d9-58ad-4ec7-a294-1821e1564434"",""environment"":""fb6513d0-42a4-4660-82b5-509c54b15f2a"",""service"":""4978aa94-666c-47c7-8024-3ada55195a51"",""deployment"":""ca6042cb-637e-49d1-85a7-10ee4de39288"",""replica"":""cb4e1448-69b3-43c9-a6bd-1ed5193590ff""}",2026-03-20T06:48:16.831896286Z
[DB] Synced 0 accounts to database,info,"{""level"":""info""}","{""project"":""ce3616d9-58ad-4ec7-a294-1821e1564434"",""environment"":""fb6513d0-42a4-4660-82b5-509c54b15f2a"",""service"":""4978aa94-666c-47c7-8024-3ada55195a51"",""deployment"":""ca6042cb-637e-49d1-85a7-10ee4de39288"",""replica"":""cb4e1448-69b3-43c9-a6bd-1ed5193590ff""}",2026-03-20T06:48:46.701476784Z
[DB] Synced 0 accounts to database,info,"{""level"":""info""}","{""project"":""ce3616d9-58ad-4ec7-a294-1821e1564434"",""environment"":""fb6513d0-42a4-4660-82b5-509c54b15f2a"",""service"":""4978aa94-666c-47c7-8024-3ada55195a51"",""deployment"":""ca6042cb-637e-49d1-85a7-10ee4de39288"",""replica"":""cb4e1448-69b3-43c9-a6bd-1ed5193590ff""}",2026-03-20T06:49:16.786309010Z
[DB] Synced 0 accounts to database,info,"{""level"":""info""}","{""project"":""ce3616d9-58ad-4ec7-a294-1821e1564434"",""environment"":""fb6513d0-42a4-4660-82b5-509c54b15f2a"",""service"":""4978aa94-666c-47c7-8024-3ada55195a51"",""deployment"":""ca6042cb-637e-49d1-85a7-10ee4de39288"",""replica"":""cb4e1448-69b3-43c9-a6bd-1ed5193590ff""}",2026-03-20T06:49:46.600174688Z
[DB] Synced 0 accounts to database,info,"{""level"":""info""}","{""project"":""ce3616d9-58ad-4ec7-a294-1821e1564434"",""environment"":""fb6513d0-42a4-4660-82b5-509c54b15f2a"",""service"":""4978aa94-666c-47c7-8024-3ada55195a51"",""deployment"":""ca6042cb-637e-49d1-85a7-10ee4de39288"",""replica"":""cb4e1448-69b3-43c9-a6bd-1ed5193590ff""}",2026-03-20T06:50:16.611223760Z
[DB] Synced 0 accounts to database,info,"{""level"":""info""}","{""project"":""ce3616d9-58ad-4ec7-a294-1821e1564434"",""environment"":""fb6513d0-42a4-4660-82b5-509c54b15f2a"",""service"":""4978aa94-666c-47c7-8024-3ada55195a51"",""deployment"":""ca6042cb-637e-49d1-85a7-10ee4de39288"",""replica"":""cb4e1448-69b3-43c9-a6bd-1ed5193590ff""}",2026-03-20T06:50:46.641513446Z
[DB] Synced 0 accounts to database,info,"{""level"":""info""}","{""project"":""ce3616d9-58ad-4ec7-a294-1821e1564434"",""environment"":""fb6513d0-42a4-4660-82b5-509c54b15f2a"",""service"":""4978aa94-666c-47c7-8024-3ada55195a51"",""deployment"":""ca6042cb-637e-49d1-85a7-10ee4de39288"",""replica"":""cb4e1448-69b3-43c9-a6bd-1ed5193590ff""}",2026-03-20T06:51:16.225646868Z
[DB] Synced 0 accounts to database,info,"{""level"":""info""}","{""project"":""ce3616d9-58ad-4ec7-a294-1821e1564434"",""environment"":""fb6513d0-42a4-4660-82b5-509c54b15f2a"",""service"":""4978aa94-666c-47c7-8024-3ada55195a51"",""deployment"":""ca6042cb-637e-49d1-85a7-10ee4de39288"",""replica"":""cb4e1448-69b3-43c9-a6bd-1ed5193590ff""}",2026-03-20T06:51:46.405941941Z
[DB] Synced 0 accounts to database,info,"{""level"":""info""}","{""project"":""ce3616d9-58ad-4ec7-a294-1821e1564434"",""environment"":""fb6513d0-42a4-4660-82b5-509c54b15f2a"",""service"":""4978aa94-666c-47c7-8024-3ada55195a51"",""deployment"":""ca6042cb-637e-49d1-85a7-10ee4de39288"",""replica"":""cb4e1448-69b3-43c9-a6bd-1ed5193590ff""}",2026-03-20T06:52:16.430093347Z
[DB] Synced 0 accounts to database,info,"{""level"":""info""}","{""project"":""ce3616d9-58ad-4ec7-a294-1821e1564434"",""environment"":""fb6513d0-42a4-4660-82b5-509c54b15f2a"",""service"":""4978aa94-666c-47c7-8024-3ada55195a51"",""deployment"":""ca6042cb-637e-49d1-85a7-10ee4de39288"",""replica"":""cb4e1448-69b3-43c9-a6bd-1ed5193590ff""}",2026-03-20T06:52:46.033688124Z
[DB] Synced 0 accounts to database,info,"{""level"":""info""}","{""project"":""ce3616d9-58ad-4ec7-a294-1821e1564434"",""environment"":""fb6513d0-42a4-4660-82b5-509c54b15f2a"",""service"":""4978aa94-666c-47c7-8024-3ada55195a51"",""deployment"":""ca6042cb-637e-49d1-85a7-10ee4de39288"",""replica"":""cb4e1448-69b3-43c9-a6bd-1ed5193590ff""}",2026-03-20T06:53:16.043455553Z
[DB] Synced 0 accounts to database,info,"{""level"":""info""}","{""project"":""ce3616d9-58ad-4ec7-a294-1821e1564434"",""environment"":""fb6513d0-42a4-4660-82b5-509c54b15f2a"",""service"":""4978aa94-666c-47c7-8024-3ada55195a51"",""deployment"":""ca6042cb-637e-49d1-85a7-10ee4de39288"",""replica"":""cb4e1448-69b3-43c9-a6bd-1ed5193590ff""}",2026-03-20T06:53:45.608866501Z
[DB] Synced 0 accounts to database,info,"{""level"":""info""}","{""project"":""ce3616d9-58ad-4ec7-a294-1821e1564434"",""environment"":""fb6513d0-42a4-4660-82b5-509c54b15f2a"",""service"":""4978aa94-666c-47c7-8024-3ada55195a51"",""deployment"":""ca6042cb-637e-49d1-85a7-10ee4de39288"",""replica"":""cb4e1448-69b3-43c9-a6bd-1ed5193590ff""}",2026-03-20T06:54:15.654198210Z
[DB] Synced 0 accounts to database,info,"{""level"":""info""}","{""project"":""ce3616d9-58ad-4ec7-a294-1821e1564434"",""environment"":""fb6513d0-42a4-4660-82b5-509c54b15f2a"",""service"":""4978aa94-666c-47c7-8024-3ada55195a51"",""deployment"":""ca6042cb-637e-49d1-85a7-10ee4de39288"",""replica"":""cb4e1448-69b3-43c9-a6bd-1ed5193590ff""}",2026-03-20T06:54:46.328089702Z
[DB] Synced 0 accounts to database,info,"{""level"":""info""}","{""project"":""ce3616d9-58ad-4ec7-a294-1821e1564434"",""environment"":""fb6513d0-42a4-4660-82b5-509c54b15f2a"",""service"":""4978aa94-666c-47c7-8024-3ada55195a51"",""deployment"":""ca6042cb-637e-49d1-85a7-10ee4de39288"",""replica"":""cb4e1448-69b3-43c9-a6bd-1ed5193590ff""}",2026-03-20T06:55:15.784971588Z
[DB] Synced 0 accounts to database,info,"{""level"":""info""}","{""project"":""ce3616d9-58ad-4ec7-a294-1821e1564434"",""environment"":""fb6513d0-42a4-4660-82b5-509c54b15f2a"",""service"":""4978aa94-666c-47c7-8024-3ada55195a51"",""deployment"":""ca6042cb-637e-49d1-85a7-10ee4de39288"",""replica"":""cb4e1448-69b3-43c9-a6bd-1ed5193590ff""}",2026-03-20T06:55:45.771418012Z
[DB] Synced 0 accounts to database,info,"{""level"":""info""}","{""project"":""ce3616d9-58ad-4ec7-a294-1821e1564434"",""environment"":""fb6513d0-42a4-4660-82b5-509c54b15f2a"",""service"":""4978aa94-666c-47c7-8024-3ada55195a51"",""deployment"":""ca6042cb-637e-49d1-85a7-10ee4de39288"",""replica"":""cb4e1448-69b3-43c9-a6bd-1ed5193590ff""}",2026-03-20T06:56:15.926900017Z
[DB] Synced 0 accounts to database,info,"{""level"":""info""}","{""project"":""ce3616d9-58ad-4ec7-a294-1821e1564434"",""environment"":""fb6513d0-42a4-4660-82b5-509c54b15f2a"",""service"":""4978aa94-666c-47c7-8024-3ada55195a51"",""deployment"":""ca6042cb-637e-49d1-85a7-10ee4de39288"",""replica"":""cb4e1448-69b3-43c9-a6bd-1ed5193590ff""}",2026-03-20T06:56:45.610562363Z
[DB] Synced 0 accounts to database,info,"{""level"":""info""}","{""project"":""ce3616d9-58ad-4ec7-a294-1821e1564434"",""environment"":""fb6513d0-42a4-4660-82b5-509c54b15f2a"",""service"":""4978aa94-666c-47c7-8024-3ada55195a51"",""deployment"":""ca6042cb-637e-49d1-85a7-10ee4de39288"",""replica"":""cb4e1448-69b3-43c9-a6bd-1ed5193590ff""}",2026-03-20T06:57:15.636552227Z
[DB] Synced 0 accounts to database,info,"{""level"":""info""}","{""project"":""ce3616d9-58ad-4ec7-a294-1821e1564434"",""environment"":""fb6513d0-42a4-4660-82b5-509c54b15f2a"",""service"":""4978aa94-666c-47c7-8024-3ada55195a51"",""deployment"":""ca6042cb-637e-49d1-85a7-10ee4de39288"",""replica"":""cb4e1448-69b3-43c9-a6bd-1ed5193590ff""}",2026-03-20T06:57:45.929003979Z
[DB] Synced 0 accounts to database,info,"{""level"":""info""}","{""project"":""ce3616d9-58ad-4ec7-a294-1821e1564434"",""environment"":""fb6513d0-42a4-4660-82b5-509c54b15f2a"",""service"":""4978aa94-666c-47c7-8024-3ada55195a51"",""deployment"":""ca6042cb-637e-49d1-85a7-10ee4de39288"",""replica"":""cb4e1448-69b3-43c9-a6bd-1ed5193590ff""}",2026-03-20T06:58:15.448384873Z
[DB] Synced 0 accounts to database,info,"{""level"":""info""}","{""project"":""ce3616d9-58ad-4ec7-a294-1821e1564434"",""environment"":""fb6513d0-42a4-4660-82b5-509c54b15f2a"",""service"":""4978aa94-666c-47c7-8024-3ada55195a51"",""deployment"":""ca6042cb-637e-49d1-85a7-10ee4de39288"",""replica"":""cb4e1448-69b3-43c9-a6bd-1ed5193590ff""}",2026-03-20T06:58:45.592400093Z
[DB] Synced 0 accounts to database,info,"{""level"":""info""}","{""project"":""ce3616d9-58ad-4ec7-a294-1821e1564434"",""environment"":""fb6513d0-42a4-4660-82b5-509c54b15f2a"",""service"":""4978aa94-666c-47c7-8024-3ada55195a51"",""deployment"":""ca6042cb-637e-49d1-85a7-10ee4de39288"",""replica"":""cb4e1448-69b3-43c9-a6bd-1ed5193590ff""}",2026-03-20T06:59:25.168830363Z
[DB] Synced 0 accounts to database,info,"{""level"":""info""}","{""project"":""ce3616d9-58ad-4ec7-a294-1821e1564434"",""environment"":""fb6513d0-42a4-4660-82b5-509c54b15f2a"",""service"":""4978aa94-666c-47c7-8024-3ada55195a51"",""deployment"":""ca6042cb-637e-49d1-85a7-10ee4de39288"",""replica"":""cb4e1448-69b3-43c9-a6bd-1ed5193590ff""}",2026-03-20T06:59:55.203020765Z
[DB] Synced 0 accounts to database,info,"{""level"":""info""}","{""project"":""ce3616d9-58ad-4ec7-a294-1821e1564434"",""environment"":""fb6513d0-42a4-4660-82b5-509c54b15f2a"",""service"":""4978aa94-666c-47c7-8024-3ada55195a51"",""deployment"":""ca6042cb-637e-49d1-85a7-10ee4de39288"",""replica"":""cb4e1448-69b3-43c9-a6bd-1ed5193590ff""}",2026-03-20T07:00:25.057478623Z
[DB] Synced 0 accounts to database,info,"{""level"":""info""}","{""project"":""ce3616d9-58ad-4ec7-a294-1821e1564434"",""environment"":""fb6513d0-42a4-4660-82b5-509c54b15f2a"",""service"":""4978aa94-666c-47c7-8024-3ada55195a51"",""deployment"":""ca6042cb-637e-49d1-85a7-10ee4de39288"",""replica"":""cb4e1448-69b3-43c9-a6bd-1ed5193590ff""}",2026-03-20T07:00:55.054065353Z
[DB] Synced 0 accounts to database,info,"{""level"":""info""}","{""project"":""ce3616d9-58ad-4ec7-a294-1821e1564434"",""environment"":""fb6513d0-42a4-4660-82b5-509c54b15f2a"",""service"":""4978aa94-666c-47c7-8024-3ada55195a51"",""deployment"":""ca6042cb-637e-49d1-85a7-10ee4de39288"",""replica"":""cb4e1448-69b3-43c9-a6bd-1ed5193590ff""}",2026-03-20T07:01:24.657153802Z
[DB] Synced 0 accounts to database,info,"{""level"":""info""}","{""project"":""ce3616d9-58ad-4ec7-a294-1821e1564434"",""environment"":""fb6513d0-42a4-4660-82b5-509c54b15f2a"",""service"":""4978aa94-666c-47c7-8024-3ada55195a51"",""deployment"":""ca6042cb-637e-49d1-85a7-10ee4de39288"",""replica"":""cb4e1448-69b3-43c9-a6bd-1ed5193590ff""}",2026-03-20T07:01:54.664026075Z
[DB] Synced 0 accounts to database,info,"{""level"":""info""}","{""project"":""ce3616d9-58ad-4ec7-a294-1821e1564434"",""environment"":""fb6513d0-42a4-4660-82b5-509c54b15f2a"",""service"":""4978aa94-666c-47c7-8024-3ada55195a51"",""deployment"":""ca6042cb-637e-49d1-85a7-10ee4de39288"",""replica"":""cb4e1448-69b3-43c9-a6bd-1ed5193590ff""}",2026-03-20T07:02:24.207651303Z
[DB] Synced 0 accounts to database,info,"{""level"":""info""}","{""project"":""ce3616d9-58ad-4ec7-a294-1821e1564434"",""environment"":""fb6513d0-42a4-4660-82b5-509c54b15f2a"",""service"":""4978aa94-666c-47c7-8024-3ada55195a51"",""deployment"":""ca6042cb-637e-49d1-85a7-10ee4de39288"",""replica"":""cb4e1448-69b3-43c9-a6bd-1ed5193590ff""}",2026-03-20T07:02:54.215484823Z
[DB] Synced 0 accounts to database,info,"{""level"":""info""}","{""project"":""ce3616d9-58ad-4ec7-a294-1821e1564434"",""environment"":""fb6513d0-42a4-4660-82b5-509c54b15f2a"",""service"":""4978aa94-666c-47c7-8024-3ada55195a51"",""deployment"":""ca6042cb-637e-49d1-85a7-10ee4de39288"",""replica"":""cb4e1448-69b3-43c9-a6bd-1ed5193590ff""}",2026-03-20T07:03:24.396927741Z
[DB] Synced 0 accounts to database,info,"{""level"":""info""}","{""project"":""ce3616d9-58ad-4ec7-a294-1821e1564434"",""environment"":""fb6513d0-42a4-4660-82b5-509c54b15f2a"",""service"":""4978aa94-666c-47c7-8024-3ada55195a51"",""deployment"":""ca6042cb-637e-49d1-85a7-10ee4de39288"",""replica"":""cb4e1448-69b3-43c9-a6bd-1ed5193590ff""}",2026-03-20T07:03:54.524718529Z
[DB] Synced 0 accounts to database,info,"{""level"":""info""}","{""project"":""ce3616d9-58ad-4ec7-a294-1821e1564434"",""environment"":""fb6513d0-42a4-4660-82b5-509c54b15f2a"",""service"":""4978aa94-666c-47c7-8024-3ada55195a51"",""deployment"":""ca6042cb-637e-49d1-85a7-10ee4de39288"",""replica"":""cb4e1448-69b3-43c9-a6bd-1ed5193590ff""}",2026-03-20T07:04:24.063996380Z
[DB] Synced 0 accounts to database,info,"{""level"":""info""}","{""project"":""ce3616d9-58ad-4ec7-a294-1821e1564434"",""environment"":""fb6513d0-42a4-4660-82b5-509c54b15f2a"",""service"":""4978aa94-666c-47c7-8024-3ada55195a51"",""deployment"":""ca6042cb-637e-49d1-85a7-10ee4de39288"",""replica"":""cb4e1448-69b3-43c9-a6bd-1ed5193590ff""}",2026-03-20T07:04:54.145921372Z
[DB] Synced 0 accounts to database,info,"{""level"":""info""}","{""project"":""ce3616d9-58ad-4ec7-a294-1821e1564434"",""environment"":""fb6513d0-42a4-4660-82b5-509c54b15f2a"",""service"":""4978aa94-666c-47c7-8024-3ada55195a51"",""deployment"":""ca6042cb-637e-49d1-85a7-10ee4de39288"",""replica"":""cb4e1448-69b3-43c9-a6bd-1ed5193590ff""}",2026-03-20T07:05:23.788012343Z
[DB] Synced 0 accounts to database,info,"{""level"":""info""}","{""project"":""ce3616d9-58ad-4ec7-a294-1821e1564434"",""environment"":""fb6513d0-42a4-4660-82b5-509c54b15f2a"",""service"":""4978aa94-666c-47c7-8024-3ada55195a51"",""deployment"":""ca6042cb-637e-49d1-85a7-10ee4de39288"",""replica"":""cb4e1448-69b3-43c9-a6bd-1ed5193590ff""}",2026-03-20T07:05:53.853350699Z
[DB] Synced 0 accounts to database,info,"{""level"":""info""}","{""project"":""ce3616d9-58ad-4ec7-a294-1821e1564434"",""environment"":""fb6513d0-42a4-4660-82b5-509c54b15f2a"",""service"":""4978aa94-666c-47c7-8024-3ada55195a51"",""deployment"":""ca6042cb-637e-49d1-85a7-10ee4de39288"",""replica"":""cb4e1448-69b3-43c9-a6bd-1ed5193590ff""}",2026-03-20T07:06:23.334607027Z
[DB] Synced 0 accounts to database,info,"{""level"":""info""}","{""project"":""ce3616d9-58ad-4ec7-a294-1821e1564434"",""environment"":""fb6513d0-42a4-4660-82b5-509c54b15f2a"",""service"":""4978aa94-666c-47c7-8024-3ada55195a51"",""deployment"":""ca6042cb-637e-49d1-85a7-10ee4de39288"",""replica"":""cb4e1448-69b3-43c9-a6bd-1ed5193590ff""}",2026-03-20T07:06:53.342631451Z
[DB] Synced 0 accounts to database,info,"{""level"":""info""}","{""project"":""ce3616d9-58ad-4ec7-a294-1821e1564434"",""environment"":""fb6513d0-42a4-4660-82b5-509c54b15f2a"",""service"":""4978aa94-666c-47c7-8024-3ada55195a51"",""deployment"":""ca6042cb-637e-49d1-85a7-10ee4de39288"",""replica"":""cb4e1448-69b3-43c9-a6bd-1ed5193590ff""}",2026-03-20T07:07:23.353737177Z
[DB] Synced 0 accounts to database,info,"{""level"":""info""}","{""project"":""ce3616d9-58ad-4ec7-a294-1821e1564434"",""environment"":""fb6513d0-42a4-4660-82b5-509c54b15f2a"",""service"":""4978aa94-666c-47c7-8024-3ada55195a51"",""deployment"":""ca6042cb-637e-49d1-85a7-10ee4de39288"",""replica"":""cb4e1448-69b3-43c9-a6bd-1ed5193590ff""}",2026-03-20T07:07:52.917661699Z
[DB] Synced 0 accounts to database,info,"{""level"":""info""}","{""project"":""ce3616d9-58ad-4ec7-a294-1821e1564434"",""environment"":""fb6513d0-42a4-4660-82b5-509c54b15f2a"",""service"":""4978aa94-666c-47c7-8024-3ada55195a51"",""deployment"":""ca6042cb-637e-49d1-85a7-10ee4de39288"",""replica"":""cb4e1448-69b3-43c9-a6bd-1ed5193590ff""}",2026-03-20T07:08:22.300113667Z
[DB] Synced 0 accounts to database,info,"{""level"":""info""}","{""project"":""ce3616d9-58ad-4ec7-a294-1821e1564434"",""environment"":""fb6513d0-42a4-4660-82b5-509c54b15f2a"",""service"":""4978aa94-666c-47c7-8024-3ada55195a51"",""deployment"":""ca6042cb-637e-49d1-85a7-10ee4de39288"",""replica"":""cb4e1448-69b3-43c9-a6bd-1ed5193590ff""}",2026-03-20T07:08:52.307552686Z
[DB] Synced 0 accounts to database,info,"{""level"":""info""}","{""project"":""ce3616d9-58ad-4ec7-a294-1821e1564434"",""environment"":""fb6513d0-42a4-4660-82b5-509c54b15f2a"",""service"":""4978aa94-666c-47c7-8024-3ada55195a51"",""deployment"":""ca6042cb-637e-49d1-85a7-10ee4de39288"",""replica"":""cb4e1448-69b3-43c9-a6bd-1ed5193590ff""}",2026-03-20T07:09:22.512454084Z
[DB] Synced 0 accounts to database,info,"{""level"":""info""}","{""project"":""ce3616d9-58ad-4ec7-a294-1821e1564434"",""environment"":""fb6513d0-42a4-4660-82b5-509c54b15f2a"",""service"":""4978aa94-666c-47c7-8024-3ada55195a51"",""deployment"":""ca6042cb-637e-49d1-85a7-10ee4de39288"",""replica"":""cb4e1448-69b3-43c9-a6bd-1ed5193590ff""}",2026-03-20T07:09:51.863791702Z
Client connected: VwKSddb1_7XNMkQhAAAE,info,"{""level"":""info""}","{""project"":""ce3616d9-58ad-4ec7-a294-1821e1564434"",""environment"":""fb6513d0-42a4-4660-82b5-509c54b15f2a"",""service"":""4978aa94-666c-47c7-8024-3ada55195a51"",""deployment"":""ca6042cb-637e-49d1-85a7-10ee4de39288"",""replica"":""cb4e1448-69b3-43c9-a6bd-1ed5193590ff""}",2026-03-20T07:10:11.287504271Z
[START SESSION] Session directory created: /app/mini-services/whatsapp-service/sessions/akun1,info,"{""level"":""info""}","{""project"":""ce3616d9-58ad-4ec7-a294-1821e1564434"",""environment"":""fb6513d0-42a4-4660-82b5-509c54b15f2a"",""service"":""4978aa94-666c-47c7-8024-3ada55195a51"",""deployment"":""ca6042cb-637e-49d1-85a7-10ee4de39288"",""replica"":""cb4e1448-69b3-43c9-a6bd-1ed5193590ff""}",2026-03-20T07:10:15.003023489Z
[START SESSION] Loading auth state...,info,"{""level"":""info""}","{""project"":""ce3616d9-58ad-4ec7-a294-1821e1564434"",""environment"":""fb6513d0-42a4-4660-82b5-509c54b15f2a"",""service"":""4978aa94-666c-47c7-8024-3ada55195a51"",""deployment"":""ca6042cb-637e-49d1-85a7-10ee4de39288"",""replica"":""cb4e1448-69b3-43c9-a6bd-1ed5193590ff""}",2026-03-20T07:10:15.003038934Z
[START SESSION] Auth state loaded:,info,"{""level"":""info""}","{""project"":""ce3616d9-58ad-4ec7-a294-1821e1564434"",""environment"":""fb6513d0-42a4-4660-82b5-509c54b15f2a"",""service"":""4978aa94-666c-47c7-8024-3ada55195a51"",""deployment"":""ca6042cb-637e-49d1-85a7-10ee4de39288"",""replica"":""cb4e1448-69b3-43c9-a6bd-1ed5193590ff""}",2026-03-20T07:10:15.003047532Z
[START SESSION] Called with: {,info,"{""level"":""info""}","{""project"":""ce3616d9-58ad-4ec7-a294-1821e1564434"",""environment"":""fb6513d0-42a4-4660-82b5-509c54b15f2a"",""service"":""4978aa94-666c-47c7-8024-3ada55195a51"",""deployment"":""ca6042cb-637e-49d1-85a7-10ee4de39288"",""replica"":""cb4e1448-69b3-43c9-a6bd-1ed5193590ff""}",2026-03-20T07:10:15.003084325Z
"  accountId: 'akun1',",info,"{""level"":""info""}","{""project"":""ce3616d9-58ad-4ec7-a294-1821e1564434"",""environment"":""fb6513d0-42a4-4660-82b5-509c54b15f2a"",""service"":""4978aa94-666c-47c7-8024-3ada55195a51"",""deployment"":""ca6042cb-637e-49d1-85a7-10ee4de39288"",""replica"":""cb4e1448-69b3-43c9-a6bd-1ed5193590ff""}",2026-03-20T07:10:15.003096333Z
"  usePairingCode: false,",info,"{""level"":""info""}","{""project"":""ce3616d9-58ad-4ec7-a294-1821e1564434"",""environment"":""fb6513d0-42a4-4660-82b5-509c54b15f2a"",""service"":""4978aa94-666c-47c7-8024-3ada55195a51"",""deployment"":""ca6042cb-637e-49d1-85a7-10ee4de39288"",""replica"":""cb4e1448-69b3-43c9-a6bd-1ed5193590ff""}",2026-03-20T07:10:15.003116036Z
"  phoneNumber: undefined,",info,"{""level"":""info""}","{""project"":""ce3616d9-58ad-4ec7-a294-1821e1564434"",""environment"":""fb6513d0-42a4-4660-82b5-509c54b15f2a"",""service"":""4978aa94-666c-47c7-8024-3ada55195a51"",""deployment"":""ca6042cb-637e-49d1-85a7-10ee4de39288"",""replica"":""cb4e1448-69b3-43c9-a6bd-1ed5193590ff""}",2026-03-20T07:10:15.003125394Z
"[WA API] POST to: http://localhost:3030/session/start? Body: {""accountId"":""akun1"",""usePairingCode"":false}",info,"{""level"":""info""}","{""project"":""ce3616d9-58ad-4ec7-a294-1821e1564434"",""environment"":""fb6513d0-42a4-4660-82b5-509c54b15f2a"",""service"":""4978aa94-666c-47c7-8024-3ada55195a51"",""deployment"":""ca6042cb-637e-49d1-85a7-10ee4de39288"",""replica"":""cb4e1448-69b3-43c9-a6bd-1ed5193590ff""}",2026-03-20T07:10:15.003128113Z
  forceNew: false,info,"{""level"":""info""}","{""project"":""ce3616d9-58ad-4ec7-a294-1821e1564434"",""environment"":""fb6513d0-42a4-4660-82b5-509c54b15f2a"",""service"":""4978aa94-666c-47c7-8024-3ada55195a51"",""deployment"":""ca6042cb-637e-49d1-85a7-10ee4de39288"",""replica"":""cb4e1448-69b3-43c9-a6bd-1ed5193590ff""}",2026-03-20T07:10:15.003134877Z
==========================================,info,"{""level"":""info""}","{""project"":""ce3616d9-58ad-4ec7-a294-1821e1564434"",""environment"":""fb6513d0-42a4-4660-82b5-509c54b15f2a"",""service"":""4978aa94-666c-47c7-8024-3ada55195a51"",""deployment"":""ca6042cb-637e-49d1-85a7-10ee4de39288"",""replica"":""cb4e1448-69b3-43c9-a6bd-1ed5193590ff""}",2026-03-20T07:10:15.003136690Z
[START SESSION] - hasCreds: true,info,"{""level"":""info""}","{""project"":""ce3616d9-58ad-4ec7-a294-1821e1564434"",""environment"":""fb6513d0-42a4-4660-82b5-509c54b15f2a"",""service"":""4978aa94-666c-47c7-8024-3ada55195a51"",""deployment"":""ca6042cb-637e-49d1-85a7-10ee4de39288"",""replica"":""cb4e1448-69b3-43c9-a6bd-1ed5193590ff""}",2026-03-20T07:10:15.003143298Z
},info,"{""level"":""info""}","{""project"":""ce3616d9-58ad-4ec7-a294-1821e1564434"",""environment"":""fb6513d0-42a4-4660-82b5-509c54b15f2a"",""service"":""4978aa94-666c-47c7-8024-3ada55195a51"",""deployment"":""ca6042cb-637e-49d1-85a7-10ee4de39288"",""replica"":""cb4e1448-69b3-43c9-a6bd-1ed5193590ff""}",2026-03-20T07:10:15.003145334Z
[SESSION/START] Request received: {,info,"{""level"":""info""}","{""project"":""ce3616d9-58ad-4ec7-a294-1821e1564434"",""environment"":""fb6513d0-42a4-4660-82b5-509c54b15f2a"",""service"":""4978aa94-666c-47c7-8024-3ada55195a51"",""deployment"":""ca6042cb-637e-49d1-85a7-10ee4de39288"",""replica"":""cb4e1448-69b3-43c9-a6bd-1ed5193590ff""}",2026-03-20T07:10:15.003146570Z
"  accountId: 'akun1',",info,"{""level"":""info""}","{""project"":""ce3616d9-58ad-4ec7-a294-1821e1564434"",""environment"":""fb6513d0-42a4-4660-82b5-509c54b15f2a"",""service"":""4978aa94-666c-47c7-8024-3ada55195a51"",""deployment"":""ca6042cb-637e-49d1-85a7-10ee4de39288"",""replica"":""cb4e1448-69b3-43c9-a6bd-1ed5193590ff""}",2026-03-20T07:10:15.003153780Z
"  usePairingCode: false,",info,"{""level"":""info""}","{""project"":""ce3616d9-58ad-4ec7-a294-1821e1564434"",""environment"":""fb6513d0-42a4-4660-82b5-509c54b15f2a"",""service"":""4978aa94-666c-47c7-8024-3ada55195a51"",""deployment"":""ca6042cb-637e-49d1-85a7-10ee4de39288"",""replica"":""cb4e1448-69b3-43c9-a6bd-1ed5193590ff""}",2026-03-20T07:10:15.003160486Z
[START SESSION] - creds.me exists: false,info,"{""level"":""info""}","{""project"":""ce3616d9-58ad-4ec7-a294-1821e1564434"",""environment"":""fb6513d0-42a4-4660-82b5-509c54b15f2a"",""service"":""4978aa94-666c-47c7-8024-3ada55195a51"",""deployment"":""ca6042cb-637e-49d1-85a7-10ee4de39288"",""replica"":""cb4e1448-69b3-43c9-a6bd-1ed5193590ff""}",2026-03-20T07:10:15.003160911Z
[START SESSION] - creds.me.id: N/A,info,"{""level"":""info""}","{""project"":""ce3616d9-58ad-4ec7-a294-1821e1564434"",""environment"":""fb6513d0-42a4-4660-82b5-509c54b15f2a"",""service"":""4978aa94-666c-47c7-8024-3ada55195a51"",""deployment"":""ca6042cb-637e-49d1-85a7-10ee4de39288"",""replica"":""cb4e1448-69b3-43c9-a6bd-1ed5193590ff""}",2026-03-20T07:10:15.003170413Z
[START SESSION] - creds.me.name: N/A,info,"{""level"":""info""}","{""project"":""ce3616d9-58ad-4ec7-a294-1821e1564434"",""environment"":""fb6513d0-42a4-4660-82b5-509c54b15f2a"",""service"":""4978aa94-666c-47c7-8024-3ada55195a51"",""deployment"":""ca6042cb-637e-49d1-85a7-10ee4de39288"",""replica"":""cb4e1448-69b3-43c9-a6bd-1ed5193590ff""}",2026-03-20T07:10:15.003179474Z
"  phoneNumber: undefined,",info,"{""level"":""info""}","{""project"":""ce3616d9-58ad-4ec7-a294-1821e1564434"",""environment"":""fb6513d0-42a4-4660-82b5-509c54b15f2a"",""service"":""4978aa94-666c-47c7-8024-3ada55195a51"",""deployment"":""ca6042cb-637e-49d1-85a7-10ee4de39288"",""replica"":""cb4e1448-69b3-43c9-a6bd-1ed5193590ff""}",2026-03-20T07:10:15.003180012Z
  forceNew: undefined,info,"{""level"":""info""}","{""project"":""ce3616d9-58ad-4ec7-a294-1821e1564434"",""environment"":""fb6513d0-42a4-4660-82b5-509c54b15f2a"",""service"":""4978aa94-666c-47c7-8024-3ada55195a51"",""deployment"":""ca6042cb-637e-49d1-85a7-10ee4de39288"",""replica"":""cb4e1448-69b3-43c9-a6bd-1ed5193590ff""}",2026-03-20T07:10:15.003189077Z
},info,"{""level"":""info""}","{""project"":""ce3616d9-58ad-4ec7-a294-1821e1564434"",""environment"":""fb6513d0-42a4-4660-82b5-509c54b15f2a"",""service"":""4978aa94-666c-47c7-8024-3ada55195a51"",""deployment"":""ca6042cb-637e-49d1-85a7-10ee4de39288"",""replica"":""cb4e1448-69b3-43c9-a6bd-1ed5193590ff""}",2026-03-20T07:10:15.003196660Z
==========================================,info,"{""level"":""info""}","{""project"":""ce3616d9-58ad-4ec7-a294-1821e1564434"",""environment"":""fb6513d0-42a4-4660-82b5-509c54b15f2a"",""service"":""4978aa94-666c-47c7-8024-3ada55195a51"",""deployment"":""ca6042cb-637e-49d1-85a7-10ee4de39288"",""replica"":""cb4e1448-69b3-43c9-a6bd-1ed5193590ff""}",2026-03-20T07:10:15.003202517Z
[SESSION/START] Starting session for: akun1 forceNew: false,info,"{""level"":""info""}","{""project"":""ce3616d9-58ad-4ec7-a294-1821e1564434"",""environment"":""fb6513d0-42a4-4660-82b5-509c54b15f2a"",""service"":""4978aa94-666c-47c7-8024-3ada55195a51"",""deployment"":""ca6042cb-637e-49d1-85a7-10ee4de39288"",""replica"":""cb4e1448-69b3-43c9-a6bd-1ed5193590ff""}",2026-03-20T07:10:15.003209251Z
==========================================,info,"{""level"":""info""}","{""project"":""ce3616d9-58ad-4ec7-a294-1821e1564434"",""environment"":""fb6513d0-42a4-4660-82b5-509c54b15f2a"",""service"":""4978aa94-666c-47c7-8024-3ada55195a51"",""deployment"":""ca6042cb-637e-49d1-85a7-10ee4de39288"",""replica"":""cb4e1448-69b3-43c9-a6bd-1ed5193590ff""}",2026-03-20T07:10:15.003216540Z
[START SESSION] Current accounts: [],info,"{""level"":""info""}","{""project"":""ce3616d9-58ad-4ec7-a294-1821e1564434"",""environment"":""fb6513d0-42a4-4660-82b5-509c54b15f2a"",""service"":""4978aa94-666c-47c7-8024-3ada55195a51"",""deployment"":""ca6042cb-637e-49d1-85a7-10ee4de39288"",""replica"":""cb4e1448-69b3-43c9-a6bd-1ed5193590ff""}",2026-03-20T07:10:15.003252409Z
==========================================,info,"{""level"":""info""}","{""project"":""ce3616d9-58ad-4ec7-a294-1821e1564434"",""environment"":""fb6513d0-42a4-4660-82b5-509c54b15f2a"",""service"":""4978aa94-666c-47c7-8024-3ada55195a51"",""deployment"":""ca6042cb-637e-49d1-85a7-10ee4de39288"",""replica"":""cb4e1448-69b3-43c9-a6bd-1ed5193590ff""}",2026-03-20T07:10:15.003260014Z
[START SESSION] - This account will: REGISTER (expect QR),info,"{""level"":""info""}","{""project"":""ce3616d9-58ad-4ec7-a294-1821e1564434"",""environment"":""fb6513d0-42a4-4660-82b5-509c54b15f2a"",""service"":""4978aa94-666c-47c7-8024-3ada55195a51"",""deployment"":""ca6042cb-637e-49d1-85a7-10ee4de39288"",""replica"":""cb4e1448-69b3-43c9-a6bd-1ed5193590ff""}",2026-03-20T07:10:15.007027882Z
[START SESSION] ⚠️ INCOMPLETE SESSION DETECTED! creds exists but no me identity.,info,"{""level"":""info""}","{""project"":""ce3616d9-58ad-4ec7-a294-1821e1564434"",""environment"":""fb6513d0-42a4-4660-82b5-509c54b15f2a"",""service"":""4978aa94-666c-47c7-8024-3ada55195a51"",""deployment"":""ca6042cb-637e-49d1-85a7-10ee4de39288"",""replica"":""cb4e1448-69b3-43c9-a6bd-1ed5193590ff""}",2026-03-20T07:10:15.007039054Z
[START SESSION] This happens when QR was generated but never scanned.,info,"{""level"":""info""}","{""project"":""ce3616d9-58ad-4ec7-a294-1821e1564434"",""environment"":""fb6513d0-42a4-4660-82b5-509c54b15f2a"",""service"":""4978aa94-666c-47c7-8024-3ada55195a51"",""deployment"":""ca6042cb-637e-49d1-85a7-10ee4de39288"",""replica"":""cb4e1448-69b3-43c9-a6bd-1ed5193590ff""}",2026-03-20T07:10:15.007047218Z
[START SESSION] Auto-clearing incomplete session to force fresh QR generation...,info,"{""level"":""info""}","{""project"":""ce3616d9-58ad-4ec7-a294-1821e1564434"",""environment"":""fb6513d0-42a4-4660-82b5-509c54b15f2a"",""service"":""4978aa94-666c-47c7-8024-3ada55195a51"",""deployment"":""ca6042cb-637e-49d1-85a7-10ee4de39288"",""replica"":""cb4e1448-69b3-43c9-a6bd-1ed5193590ff""}",2026-03-20T07:10:15.007055186Z
[CLEAR SESSION] Attempting to clear session for: akun1,info,"{""level"":""info""}","{""project"":""ce3616d9-58ad-4ec7-a294-1821e1564434"",""environment"":""fb6513d0-42a4-4660-82b5-509c54b15f2a"",""service"":""4978aa94-666c-47c7-8024-3ada55195a51"",""deployment"":""ca6042cb-637e-49d1-85a7-10ee4de39288"",""replica"":""cb4e1448-69b3-43c9-a6bd-1ed5193590ff""}",2026-03-20T07:10:15.007062325Z
[CLEAR SESSION] Session path: /app/mini-services/whatsapp-service/sessions/akun1,info,"{""level"":""info""}","{""project"":""ce3616d9-58ad-4ec7-a294-1821e1564434"",""environment"":""fb6513d0-42a4-4660-82b5-509c54b15f2a"",""service"":""4978aa94-666c-47c7-8024-3ada55195a51"",""deployment"":""ca6042cb-637e-49d1-85a7-10ee4de39288"",""replica"":""cb4e1448-69b3-43c9-a6bd-1ed5193590ff""}",2026-03-20T07:10:15.007071454Z
[CLEAR SESSION] Session directory exists,info,"{""level"":""info""}","{""project"":""ce3616d9-58ad-4ec7-a294-1821e1564434"",""environment"":""fb6513d0-42a4-4660-82b5-509c54b15f2a"",""service"":""4978aa94-666c-47c7-8024-3ada55195a51"",""deployment"":""ca6042cb-637e-49d1-85a7-10ee4de39288"",""replica"":""cb4e1448-69b3-43c9-a6bd-1ed5193590ff""}",2026-03-20T07:10:15.007078448Z
[CLEAR SESSION] Deleting session directory with rimraf...,info,"{""level"":""info""}","{""project"":""ce3616d9-58ad-4ec7-a294-1821e1564434"",""environment"":""fb6513d0-42a4-4660-82b5-509c54b15f2a"",""service"":""4978aa94-666c-47c7-8024-3ada55195a51"",""deployment"":""ca6042cb-637e-49d1-85a7-10ee4de39288"",""replica"":""cb4e1448-69b3-43c9-a6bd-1ed5193590ff""}",2026-03-20T07:10:15.007084878Z
[CLEAR SESSION] ✅ Session directory successfully deleted,info,"{""level"":""info""}","{""project"":""ce3616d9-58ad-4ec7-a294-1821e1564434"",""environment"":""fb6513d0-42a4-4660-82b5-509c54b15f2a"",""service"":""4978aa94-666c-47c7-8024-3ada55195a51"",""deployment"":""ca6042cb-637e-49d1-85a7-10ee4de39288"",""replica"":""cb4e1448-69b3-43c9-a6bd-1ed5193590ff""}",2026-03-20T07:10:15.007091495Z
"[START SESSION] ✅ Incomplete session cleared, recreating fresh session...",info,"{""level"":""info""}","{""project"":""ce3616d9-58ad-4ec7-a294-1821e1564434"",""environment"":""fb6513d0-42a4-4660-82b5-509c54b15f2a"",""service"":""4978aa94-666c-47c7-8024-3ada55195a51"",""deployment"":""ca6042cb-637e-49d1-85a7-10ee4de39288"",""replica"":""cb4e1448-69b3-43c9-a6bd-1ed5193590ff""}",2026-03-20T07:10:15.007098447Z
[START SESSION] ✅ Fresh auth state loaded,info,"{""level"":""info""}","{""project"":""ce3616d9-58ad-4ec7-a294-1821e1564434"",""environment"":""fb6513d0-42a4-4660-82b5-509c54b15f2a"",""service"":""4978aa94-666c-47c7-8024-3ada55195a51"",""deployment"":""ca6042cb-637e-49d1-85a7-10ee4de39288"",""replica"":""cb4e1448-69b3-43c9-a6bd-1ed5193590ff""}",2026-03-20T07:10:15.007105100Z
[START SESSION] - hasCreds: true,info,"{""level"":""info""}","{""project"":""ce3616d9-58ad-4ec7-a294-1821e1564434"",""environment"":""fb6513d0-42a4-4660-82b5-509c54b15f2a"",""service"":""4978aa94-666c-47c7-8024-3ada55195a51"",""deployment"":""ca6042cb-637e-49d1-85a7-10ee4de39288"",""replica"":""cb4e1448-69b3-43c9-a6bd-1ed5193590ff""}",2026-03-20T07:10:15.007111677Z
[START SESSION] - creds.me exists: false,info,"{""level"":""info""}","{""project"":""ce3616d9-58ad-4ec7-a294-1821e1564434"",""environment"":""fb6513d0-42a4-4660-82b5-509c54b15f2a"",""service"":""4978aa94-666c-47c7-8024-3ada55195a51"",""deployment"":""ca6042cb-637e-49d1-85a7-10ee4de39288"",""replica"":""cb4e1448-69b3-43c9-a6bd-1ed5193590ff""}",2026-03-20T07:10:15.007118111Z
[START SESSION] Fetching Baileys version...,info,"{""level"":""info""}","{""project"":""ce3616d9-58ad-4ec7-a294-1821e1564434"",""environment"":""fb6513d0-42a4-4660-82b5-509c54b15f2a"",""service"":""4978aa94-666c-47c7-8024-3ada55195a51"",""deployment"":""ca6042cb-637e-49d1-85a7-10ee4de39288"",""replica"":""cb4e1448-69b3-43c9-a6bd-1ed5193590ff""}",2026-03-20T07:10:15.007124617Z
"[START SESSION] Baileys version: [ 2, 3000, 1035194821 ]",info,"{""level"":""info""}","{""project"":""ce3616d9-58ad-4ec7-a294-1821e1564434"",""environment"":""fb6513d0-42a4-4660-82b5-509c54b15f2a"",""service"":""4978aa94-666c-47c7-8024-3ada55195a51"",""deployment"":""ca6042cb-637e-49d1-85a7-10ee4de39288"",""replica"":""cb4e1448-69b3-43c9-a6bd-1ed5193590ff""}",2026-03-20T07:10:15.007131027Z
[START SESSION] Creating WhatsApp socket...,info,"{""level"":""info""}","{""project"":""ce3616d9-58ad-4ec7-a294-1821e1564434"",""environment"":""fb6513d0-42a4-4660-82b5-509c54b15f2a"",""service"":""4978aa94-666c-47c7-8024-3ada55195a51"",""deployment"":""ca6042cb-637e-49d1-85a7-10ee4de39288"",""replica"":""cb4e1448-69b3-43c9-a6bd-1ed5193590ff""}",2026-03-20T07:10:15.007137670Z
[NETWORK] Testing connectivity to WhatsApp servers...,info,"{""level"":""info""}","{""project"":""ce3616d9-58ad-4ec7-a294-1821e1564434"",""environment"":""fb6513d0-42a4-4660-82b5-509c54b15f2a"",""service"":""4978aa94-666c-47c7-8024-3ada55195a51"",""deployment"":""ca6042cb-637e-49d1-85a7-10ee4de39288"",""replica"":""cb4e1448-69b3-43c9-a6bd-1ed5193590ff""}",2026-03-20T07:10:15.007145049Z
[NETWORK] DNS resolution for web.whatsapp.com: [ '57.144.221.32' ],info,"{""level"":""info""}","{""project"":""ce3616d9-58ad-4ec7-a294-1821e1564434"",""environment"":""fb6513d0-42a4-4660-82b5-509c54b15f2a"",""service"":""4978aa94-666c-47c7-8024-3ada55195a51"",""deployment"":""ca6042cb-637e-49d1-85a7-10ee4de39288"",""replica"":""cb4e1448-69b3-43c9-a6bd-1ed5193590ff""}",2026-03-20T07:10:15.007152587Z
[NETWORK] HTTPS test to web.whatsapp.com: Status 200,info,"{""level"":""info""}","{""project"":""ce3616d9-58ad-4ec7-a294-1821e1564434"",""environment"":""fb6513d0-42a4-4660-82b5-509c54b15f2a"",""service"":""4978aa94-666c-47c7-8024-3ada55195a51"",""deployment"":""ca6042cb-637e-49d1-85a7-10ee4de39288"",""replica"":""cb4e1448-69b3-43c9-a6bd-1ed5193590ff""}",2026-03-20T07:10:15.978413755Z
[SOCKET] makeWASocket created for: akun1,info,"{""level"":""info""}","{""project"":""ce3616d9-58ad-4ec7-a294-1821e1564434"",""environment"":""fb6513d0-42a4-4660-82b5-509c54b15f2a"",""service"":""4978aa94-666c-47c7-8024-3ada55195a51"",""deployment"":""ca6042cb-637e-49d1-85a7-10ee4de39288"",""replica"":""cb4e1448-69b3-43c9-a6bd-1ed5193590ff""}",2026-03-20T07:10:15.978418574Z
[SOCKET] Socket has ev? true,info,"{""level"":""info""}","{""project"":""ce3616d9-58ad-4ec7-a294-1821e1564434"",""environment"":""fb6513d0-42a4-4660-82b5-509c54b15f2a"",""service"":""4978aa94-666c-47c7-8024-3ada55195a51"",""deployment"":""ca6042cb-637e-49d1-85a7-10ee4de39288"",""replica"":""cb4e1448-69b3-43c9-a6bd-1ed5193590ff""}",2026-03-20T07:10:15.978423049Z
[SOCKET] Socket has ws? true,info,"{""level"":""info""}","{""project"":""ce3616d9-58ad-4ec7-a294-1821e1564434"",""environment"":""fb6513d0-42a4-4660-82b5-509c54b15f2a"",""service"":""4978aa94-666c-47c7-8024-3ada55195a51"",""deployment"":""ca6042cb-637e-49d1-85a7-10ee4de39288"",""replica"":""cb4e1448-69b3-43c9-a6bd-1ed5193590ff""}",2026-03-20T07:10:15.978428508Z
[SOCKET] Socket user? undefined,info,"{""level"":""info""}","{""project"":""ce3616d9-58ad-4ec7-a294-1821e1564434"",""environment"":""fb6513d0-42a4-4660-82b5-509c54b15f2a"",""service"":""4978aa94-666c-47c7-8024-3ada55195a51"",""deployment"":""ca6042cb-637e-49d1-85a7-10ee4de39288"",""replica"":""cb4e1448-69b3-43c9-a6bd-1ed5193590ff""}",2026-03-20T07:10:15.978432739Z
[ACCOUNT] ✅ Added pending account to map immediately: akun1,info,"{""level"":""info""}","{""project"":""ce3616d9-58ad-4ec7-a294-1821e1564434"",""environment"":""fb6513d0-42a4-4660-82b5-509c54b15f2a"",""service"":""4978aa94-666c-47c7-8024-3ada55195a51"",""deployment"":""ca6042cb-637e-49d1-85a7-10ee4de39288"",""replica"":""cb4e1448-69b3-43c9-a6bd-1ed5193590ff""}",2026-03-20T07:10:15.978437541Z
[SOCKET] 🚀 Registering connection.update handler IMMEDIATELY for: akun1,info,"{""level"":""info""}","{""project"":""ce3616d9-58ad-4ec7-a294-1821e1564434"",""environment"":""fb6513d0-42a4-4660-82b5-509c54b15f2a"",""service"":""4978aa94-666c-47c7-8024-3ada55195a51"",""deployment"":""ca6042cb-637e-49d1-85a7-10ee4de39288"",""replica"":""cb4e1448-69b3-43c9-a6bd-1ed5193590ff""}",2026-03-20T07:10:15.978441750Z
[SOCKET] ✅ Event handlers registered IMMEDIATELY,info,"{""level"":""info""}","{""project"":""ce3616d9-58ad-4ec7-a294-1821e1564434"",""environment"":""fb6513d0-42a4-4660-82b5-509c54b15f2a"",""service"":""4978aa94-666c-47c7-8024-3ada55195a51"",""deployment"":""ca6042cb-637e-49d1-85a7-10ee4de39288"",""replica"":""cb4e1448-69b3-43c9-a6bd-1ed5193590ff""}",2026-03-20T07:10:15.978455405Z
[WS] Native WebSocket exists: true,info,"{""level"":""info""}","{""project"":""ce3616d9-58ad-4ec7-a294-1821e1564434"",""environment"":""fb6513d0-42a4-4660-82b5-509c54b15f2a"",""service"":""4978aa94-666c-47c7-8024-3ada55195a51"",""deployment"":""ca6042cb-637e-49d1-85a7-10ee4de39288"",""replica"":""cb4e1448-69b3-43c9-a6bd-1ed5193590ff""}",2026-03-20T07:10:15.978460510Z
[WS] Native WebSocket state: 0 = CONNECTING,info,"{""level"":""info""}","{""project"":""ce3616d9-58ad-4ec7-a294-1821e1564434"",""environment"":""fb6513d0-42a4-4660-82b5-509c54b15f2a"",""service"":""4978aa94-666c-47c7-8024-3ada55195a51"",""deployment"":""ca6042cb-637e-49d1-85a7-10ee4de39288"",""replica"":""cb4e1448-69b3-43c9-a6bd-1ed5193590ff""}",2026-03-20T07:10:15.978472875Z
[WS] WebSocketClient isConnecting: true,info,"{""level"":""info""}","{""project"":""ce3616d9-58ad-4ec7-a294-1821e1564434"",""environment"":""fb6513d0-42a4-4660-82b5-509c54b15f2a"",""service"":""4978aa94-666c-47c7-8024-3ada55195a51"",""deployment"":""ca6042cb-637e-49d1-85a7-10ee4de39288"",""replica"":""cb4e1448-69b3-43c9-a6bd-1ed5193590ff""}",2026-03-20T07:10:15.978477581Z
[WS] WebSocketClient isOpen: false,info,"{""level"":""info""}","{""project"":""ce3616d9-58ad-4ec7-a294-1821e1564434"",""environment"":""fb6513d0-42a4-4660-82b5-509c54b15f2a"",""service"":""4978aa94-666c-47c7-8024-3ada55195a51"",""deployment"":""ca6042cb-637e-49d1-85a7-10ee4de39288"",""replica"":""cb4e1448-69b3-43c9-a6bd-1ed5193590ff""}",2026-03-20T07:10:15.978481897Z
[WS] WebSocketClient isClosed: false,info,"{""level"":""info""}","{""project"":""ce3616d9-58ad-4ec7-a294-1821e1564434"",""environment"":""fb6513d0-42a4-4660-82b5-509c54b15f2a"",""service"":""4978aa94-666c-47c7-8024-3ada55195a51"",""deployment"":""ca6042cb-637e-49d1-85a7-10ee4de39288"",""replica"":""cb4e1448-69b3-43c9-a6bd-1ed5193590ff""}",2026-03-20T07:10:15.978486024Z
[WS] WebSocket URL: URL {,info,"{""level"":""info""}","{""project"":""ce3616d9-58ad-4ec7-a294-1821e1564434"",""environment"":""fb6513d0-42a4-4660-82b5-509c54b15f2a"",""service"":""4978aa94-666c-47c7-8024-3ada55195a51"",""deployment"":""ca6042cb-637e-49d1-85a7-10ee4de39288"",""replica"":""cb4e1448-69b3-43c9-a6bd-1ed5193590ff""}",2026-03-20T07:10:15.978509167Z
"  href: 'wss://web.whatsapp.com/ws/chat',",info,"{""level"":""info""}","{""project"":""ce3616d9-58ad-4ec7-a294-1821e1564434"",""environment"":""fb6513d0-42a4-4660-82b5-509c54b15f2a"",""service"":""4978aa94-666c-47c7-8024-3ada55195a51"",""deployment"":""ca6042cb-637e-49d1-85a7-10ee4de39288"",""replica"":""cb4e1448-69b3-43c9-a6bd-1ed5193590ff""}",2026-03-20T07:10:15.978514297Z
"  origin: 'wss://web.whatsapp.com',",info,"{""level"":""info""}","{""project"":""ce3616d9-58ad-4ec7-a294-1821e1564434"",""environment"":""fb6513d0-42a4-4660-82b5-509c54b15f2a"",""service"":""4978aa94-666c-47c7-8024-3ada55195a51"",""deployment"":""ca6042cb-637e-49d1-85a7-10ee4de39288"",""replica"":""cb4e1448-69b3-43c9-a6bd-1ed5193590ff""}",2026-03-20T07:10:15.978519499Z
"  protocol: 'wss:',",info,"{""level"":""info""}","{""project"":""ce3616d9-58ad-4ec7-a294-1821e1564434"",""environment"":""fb6513d0-42a4-4660-82b5-509c54b15f2a"",""service"":""4978aa94-666c-47c7-8024-3ada55195a51"",""deployment"":""ca6042cb-637e-49d1-85a7-10ee4de39288"",""replica"":""cb4e1448-69b3-43c9-a6bd-1ed5193590ff""}",2026-03-20T07:10:15.978525109Z
"  username: '',",info,"{""level"":""info""}","{""project"":""ce3616d9-58ad-4ec7-a294-1821e1564434"",""environment"":""fb6513d0-42a4-4660-82b5-509c54b15f2a"",""service"":""4978aa94-666c-47c7-8024-3ada55195a51"",""deployment"":""ca6042cb-637e-49d1-85a7-10ee4de39288"",""replica"":""cb4e1448-69b3-43c9-a6bd-1ed5193590ff""}",2026-03-20T07:10:15.978544238Z
"  password: '',",info,"{""level"":""info""}","{""project"":""ce3616d9-58ad-4ec7-a294-1821e1564434"",""environment"":""fb6513d0-42a4-4660-82b5-509c54b15f2a"",""service"":""4978aa94-666c-47c7-8024-3ada55195a51"",""deployment"":""ca6042cb-637e-49d1-85a7-10ee4de39288"",""replica"":""cb4e1448-69b3-43c9-a6bd-1ed5193590ff""}",2026-03-20T07:10:15.978549547Z
"  host: 'web.whatsapp.com',",info,"{""level"":""info""}","{""project"":""ce3616d9-58ad-4ec7-a294-1821e1564434"",""environment"":""fb6513d0-42a4-4660-82b5-509c54b15f2a"",""service"":""4978aa94-666c-47c7-8024-3ada55195a51"",""deployment"":""ca6042cb-637e-49d1-85a7-10ee4de39288"",""replica"":""cb4e1448-69b3-43c9-a6bd-1ed5193590ff""}",2026-03-20T07:10:15.978554493Z
"  hostname: 'web.whatsapp.com',",info,"{""level"":""info""}","{""project"":""ce3616d9-58ad-4ec7-a294-1821e1564434"",""environment"":""fb6513d0-42a4-4660-82b5-509c54b15f2a"",""service"":""4978aa94-666c-47c7-8024-3ada55195a51"",""deployment"":""ca6042cb-637e-49d1-85a7-10ee4de39288"",""replica"":""cb4e1448-69b3-43c9-a6bd-1ed5193590ff""}",2026-03-20T07:10:15.978559585Z
"  port: '',",info,"{""level"":""info""}","{""project"":""ce3616d9-58ad-4ec7-a294-1821e1564434"",""environment"":""fb6513d0-42a4-4660-82b5-509c54b15f2a"",""service"":""4978aa94-666c-47c7-8024-3ada55195a51"",""deployment"":""ca6042cb-637e-49d1-85a7-10ee4de39288"",""replica"":""cb4e1448-69b3-43c9-a6bd-1ed5193590ff""}",2026-03-20T07:10:15.978565192Z
"  pathname: '/ws/chat',",info,"{""level"":""info""}","{""project"":""ce3616d9-58ad-4ec7-a294-1821e1564434"",""environment"":""fb6513d0-42a4-4660-82b5-509c54b15f2a"",""service"":""4978aa94-666c-47c7-8024-3ada55195a51"",""deployment"":""ca6042cb-637e-49d1-85a7-10ee4de39288"",""replica"":""cb4e1448-69b3-43c9-a6bd-1ed5193590ff""}",2026-03-20T07:10:15.978579449Z
"  search: '',",info,"{""level"":""info""}","{""project"":""ce3616d9-58ad-4ec7-a294-1821e1564434"",""environment"":""fb6513d0-42a4-4660-82b5-509c54b15f2a"",""service"":""4978aa94-666c-47c7-8024-3ada55195a51"",""deployment"":""ca6042cb-637e-49d1-85a7-10ee4de39288"",""replica"":""cb4e1448-69b3-43c9-a6bd-1ed5193590ff""}",2026-03-20T07:10:15.978584771Z
"  searchParams: URLSearchParams {},",info,"{""level"":""info""}","{""project"":""ce3616d9-58ad-4ec7-a294-1821e1564434"",""environment"":""fb6513d0-42a4-4660-82b5-509c54b15f2a"",""service"":""4978aa94-666c-47c7-8024-3ada55195a51"",""deployment"":""ca6042cb-637e-49d1-85a7-10ee4de39288"",""replica"":""cb4e1448-69b3-43c9-a6bd-1ed5193590ff""}",2026-03-20T07:10:15.978589315Z
  hash: '',info,"{""level"":""info""}","{""project"":""ce3616d9-58ad-4ec7-a294-1821e1564434"",""environment"":""fb6513d0-42a4-4660-82b5-509c54b15f2a"",""service"":""4978aa94-666c-47c7-8024-3ada55195a51"",""deployment"":""ca6042cb-637e-49d1-85a7-10ee4de39288"",""replica"":""cb4e1448-69b3-43c9-a6bd-1ed5193590ff""}",2026-03-20T07:10:15.978595167Z
},info,"{""level"":""info""}","{""project"":""ce3616d9-58ad-4ec7-a294-1821e1564434"",""environment"":""fb6513d0-42a4-4660-82b5-509c54b15f2a"",""service"":""4978aa94-666c-47c7-8024-3ada55195a51"",""deployment"":""ca6042cb-637e-49d1-85a7-10ee4de39288"",""replica"":""cb4e1448-69b3-43c9-a6bd-1ed5193590ff""}",2026-03-20T07:10:15.978607894Z
[SESSION] ✅ Retrieved account from map: akun1,info,"{""level"":""info""}","{""project"":""ce3616d9-58ad-4ec7-a294-1821e1564434"",""environment"":""fb6513d0-42a4-4660-82b5-509c54b15f2a"",""service"":""4978aa94-666c-47c7-8024-3ada55195a51"",""deployment"":""ca6042cb-637e-49d1-85a7-10ee4de39288"",""replica"":""cb4e1448-69b3-43c9-a6bd-1ed5193590ff""}",2026-03-20T07:10:15.982047257Z
Using pooled personality for akun1: Ayu Lestari,info,"{""level"":""info""}","{""project"":""ce3616d9-58ad-4ec7-a294-1821e1564434"",""environment"":""fb6513d0-42a4-4660-82b5-509c54b15f2a"",""service"":""4978aa94-666c-47c7-8024-3ada55195a51"",""deployment"":""ca6042cb-637e-49d1-85a7-10ee4de39288"",""replica"":""cb4e1448-69b3-43c9-a6bd-1ed5193590ff""}",2026-03-20T07:10:15.982058163Z
[SESSION/START] Session started successfully for: akun1,info,"{""level"":""info""}","{""project"":""ce3616d9-58ad-4ec7-a294-1821e1564434"",""environment"":""fb6513d0-42a4-4660-82b5-509c54b15f2a"",""service"":""4978aa94-666c-47c7-8024-3ada55195a51"",""deployment"":""ca6042cb-637e-49d1-85a7-10ee4de39288"",""replica"":""cb4e1448-69b3-43c9-a6bd-1ed5193590ff""}",2026-03-20T07:10:15.982065632Z
"  hasQr: false,",info,"{""level"":""info""}","{""project"":""ce3616d9-58ad-4ec7-a294-1821e1564434"",""environment"":""fb6513d0-42a4-4660-82b5-509c54b15f2a"",""service"":""4978aa94-666c-47c7-8024-3ada55195a51"",""deployment"":""ca6042cb-637e-49d1-85a7-10ee4de39288"",""replica"":""cb4e1448-69b3-43c9-a6bd-1ed5193590ff""}",2026-03-20T07:10:15.982067252Z
[WA API] Response: 200 {,info,"{""level"":""info""}","{""project"":""ce3616d9-58ad-4ec7-a294-1821e1564434"",""environment"":""fb6513d0-42a4-4660-82b5-509c54b15f2a"",""service"":""4978aa94-666c-47c7-8024-3ada55195a51"",""deployment"":""ca6042cb-637e-49d1-85a7-10ee4de39288"",""replica"":""cb4e1448-69b3-43c9-a6bd-1ed5193590ff""}",2026-03-20T07:10:15.982071110Z
"  qrPreview: null,",info,"{""level"":""info""}","{""project"":""ce3616d9-58ad-4ec7-a294-1821e1564434"",""environment"":""fb6513d0-42a4-4660-82b5-509c54b15f2a"",""service"":""4978aa94-666c-47c7-8024-3ada55195a51"",""deployment"":""ca6042cb-637e-49d1-85a7-10ee4de39288"",""replica"":""cb4e1448-69b3-43c9-a6bd-1ed5193590ff""}",2026-03-20T07:10:15.982077489Z
"  success: true,",info,"{""level"":""info""}","{""project"":""ce3616d9-58ad-4ec7-a294-1821e1564434"",""environment"":""fb6513d0-42a4-4660-82b5-509c54b15f2a"",""service"":""4978aa94-666c-47c7-8024-3ada55195a51"",""deployment"":""ca6042cb-637e-49d1-85a7-10ee4de39288"",""replica"":""cb4e1448-69b3-43c9-a6bd-1ed5193590ff""}",2026-03-20T07:10:15.982077966Z
"  accountId: ""akun1"",",info,"{""level"":""info""}","{""project"":""ce3616d9-58ad-4ec7-a294-1821e1564434"",""environment"":""fb6513d0-42a4-4660-82b5-509c54b15f2a"",""service"":""4978aa94-666c-47c7-8024-3ada55195a51"",""deployment"":""ca6042cb-637e-49d1-85a7-10ee4de39288"",""replica"":""cb4e1448-69b3-43c9-a6bd-1ed5193590ff""}",2026-03-20T07:10:15.982086123Z
  isNewLogin: undefined,info,"{""level"":""info""}","{""project"":""ce3616d9-58ad-4ec7-a294-1821e1564434"",""environment"":""fb6513d0-42a4-4660-82b5-509c54b15f2a"",""service"":""4978aa94-666c-47c7-8024-3ada55195a51"",""deployment"":""ca6042cb-637e-49d1-85a7-10ee4de39288"",""replica"":""cb4e1448-69b3-43c9-a6bd-1ed5193590ff""}",2026-03-20T07:10:15.982086203Z
},info,"{""level"":""info""}","{""project"":""ce3616d9-58ad-4ec7-a294-1821e1564434"",""environment"":""fb6513d0-42a4-4660-82b5-509c54b15f2a"",""service"":""4978aa94-666c-47c7-8024-3ada55195a51"",""deployment"":""ca6042cb-637e-49d1-85a7-10ee4de39288"",""replica"":""cb4e1448-69b3-43c9-a6bd-1ed5193590ff""}",2026-03-20T07:10:15.982094584Z
},info,"{""level"":""info""}","{""project"":""ce3616d9-58ad-4ec7-a294-1821e1564434"",""environment"":""fb6513d0-42a4-4660-82b5-509c54b15f2a"",""service"":""4978aa94-666c-47c7-8024-3ada55195a51"",""deployment"":""ca6042cb-637e-49d1-85a7-10ee4de39288"",""replica"":""cb4e1448-69b3-43c9-a6bd-1ed5193590ff""}",2026-03-20T07:10:15.982095464Z
==========================================,info,"{""level"":""info""}","{""project"":""ce3616d9-58ad-4ec7-a294-1821e1564434"",""environment"":""fb6513d0-42a4-4660-82b5-509c54b15f2a"",""service"":""4978aa94-666c-47c7-8024-3ada55195a51"",""deployment"":""ca6042cb-637e-49d1-85a7-10ee4de39288"",""replica"":""cb4e1448-69b3-43c9-a6bd-1ed5193590ff""}",2026-03-20T07:10:15.982104139Z
[PERSONALITY] Generation failed: TypeError: Cannot read properties of undefined (reading 'description'),error,"{""level"":""error""}","{""project"":""ce3616d9-58ad-4ec7-a294-1821e1564434"",""environment"":""fb6513d0-42a4-4660-82b5-509c54b15f2a"",""service"":""4978aa94-666c-47c7-8024-3ada55195a51"",""deployment"":""ca6042cb-637e-49d1-85a7-10ee4de39288"",""replica"":""cb4e1448-69b3-43c9-a6bd-1ed5193590ff""}",2026-03-20T07:10:15.982249931Z
    at <anonymous> (/app/mini-services/whatsapp-service/index.ts:2592:77),error,"{""level"":""error""}","{""project"":""ce3616d9-58ad-4ec7-a294-1821e1564434"",""environment"":""fb6513d0-42a4-4660-82b5-509c54b15f2a"",""service"":""4978aa94-666c-47c7-8024-3ada55195a51"",""deployment"":""ca6042cb-637e-49d1-85a7-10ee4de39288"",""replica"":""cb4e1448-69b3-43c9-a6bd-1ed5193590ff""}",2026-03-20T07:10:15.982261864Z
    at process.processTicksAndRejections (node:internal/process/task_queues:105:5),error,"{""level"":""error""}","{""project"":""ce3616d9-58ad-4ec7-a294-1821e1564434"",""environment"":""fb6513d0-42a4-4660-82b5-509c54b15f2a"",""service"":""4978aa94-666c-47c7-8024-3ada55195a51"",""deployment"":""ca6042cb-637e-49d1-85a7-10ee4de39288"",""replica"":""cb4e1448-69b3-43c9-a6bd-1ed5193590ff""}",2026-03-20T07:10:15.982269151Z
==========================================,info,"{""level"":""info""}","{""project"":""ce3616d9-58ad-4ec7-a294-1821e1564434"",""environment"":""fb6513d0-42a4-4660-82b5-509c54b15f2a"",""service"":""4978aa94-666c-47c7-8024-3ada55195a51"",""deployment"":""ca6042cb-637e-49d1-85a7-10ee4de39288"",""replica"":""cb4e1448-69b3-43c9-a6bd-1ed5193590ff""}",2026-03-20T07:10:15.982277093Z
[CONNECTION UPDATE] ✅ EVENT RECEIVED! {,info,"{""level"":""info""}","{""project"":""ce3616d9-58ad-4ec7-a294-1821e1564434"",""environment"":""fb6513d0-42a4-4660-82b5-509c54b15f2a"",""service"":""4978aa94-666c-47c7-8024-3ada55195a51"",""deployment"":""ca6042cb-637e-49d1-85a7-10ee4de39288"",""replica"":""cb4e1448-69b3-43c9-a6bd-1ed5193590ff""}",2026-03-20T07:10:15.982283972Z
"  accountId: 'akun1',",info,"{""level"":""info""}","{""project"":""ce3616d9-58ad-4ec7-a294-1821e1564434"",""environment"":""fb6513d0-42a4-4660-82b5-509c54b15f2a"",""service"":""4978aa94-666c-47c7-8024-3ada55195a51"",""deployment"":""ca6042cb-637e-49d1-85a7-10ee4de39288"",""replica"":""cb4e1448-69b3-43c9-a6bd-1ed5193590ff""}",2026-03-20T07:10:15.982290980Z
"  connection: 'connecting',",info,"{""level"":""info""}","{""project"":""ce3616d9-58ad-4ec7-a294-1821e1564434"",""environment"":""fb6513d0-42a4-4660-82b5-509c54b15f2a"",""service"":""4978aa94-666c-47c7-8024-3ada55195a51"",""deployment"":""ca6042cb-637e-49d1-85a7-10ee4de39288"",""replica"":""cb4e1448-69b3-43c9-a6bd-1ed5193590ff""}",2026-03-20T07:10:15.982297637Z
[DB] Synced 1 accounts to database,info,"{""level"":""info""}","{""project"":""ce3616d9-58ad-4ec7-a294-1821e1564434"",""environment"":""fb6513d0-42a4-4660-82b5-509c54b15f2a"",""service"":""4978aa94-666c-47c7-8024-3ada55195a51"",""deployment"":""ca6042cb-637e-49d1-85a7-10ee4de39288"",""replica"":""cb4e1448-69b3-43c9-a6bd-1ed5193590ff""}",2026-03-20T07:10:16.094972113Z
connected to WA,info,"{""time"":1773990616183,""pid"":94,""hostname"":""591af0161942"",""browser"":[""Mac OS"",""Chrome"",""14.4.1""],""helloMsg"":{""clientHello"":{""ephemeral"":""1iUNyrGb5MGIFXgvsYP3a1dagNsy/eUuHN9rJkQ1kjc=""}},""level"":""info""}","{""project"":""ce3616d9-58ad-4ec7-a294-1821e1564434"",""environment"":""fb6513d0-42a4-4660-82b5-509c54b15f2a"",""service"":""4978aa94-666c-47c7-8024-3ada55195a51"",""deployment"":""ca6042cb-637e-49d1-85a7-10ee4de39288"",""replica"":""cb4e1448-69b3-43c9-a6bd-1ed5193590ff""}",2026-03-20T07:10:16.206260854Z
[WS NATIVE SEND] Sending for akun1 type: object preview: V0EGAwAAJBIiCiDWJQ3KsZvkwYgVeC+xg/drV1qA2zL95S4c32smRDWSNw==,info,"{""level"":""info""}","{""project"":""ce3616d9-58ad-4ec7-a294-1821e1564434"",""environment"":""fb6513d0-42a4-4660-82b5-509c54b15f2a"",""service"":""4978aa94-666c-47c7-8024-3ada55195a51"",""deployment"":""ca6042cb-637e-49d1-85a7-10ee4de39288"",""replica"":""cb4e1448-69b3-43c9-a6bd-1ed5193590ff""}",2026-03-20T07:10:16.206269791Z
[WS NATIVE OPEN] Native WebSocket opened for akun1,info,"{""level"":""info""}","{""project"":""ce3616d9-58ad-4ec7-a294-1821e1564434"",""environment"":""fb6513d0-42a4-4660-82b5-509c54b15f2a"",""service"":""4978aa94-666c-47c7-8024-3ada55195a51"",""deployment"":""ca6042cb-637e-49d1-85a7-10ee4de39288"",""replica"":""cb4e1448-69b3-43c9-a6bd-1ed5193590ff""}",2026-03-20T07:10:16.206276089Z
"not logged in, attempting registration...",info,"{""time"":1773990616540,""pid"":94,""hostname"":""591af0161942"",""node"":{""passive"":false,""userAgent"":{""platform"":""WEB"",""appVersion"":{""primary"":2,""secondary"":3000,""tertiary"":1035194821},""mcc"":""000"",""mnc"":""000"",""osVersion"":""0.1"",""device"":""Desktop"",""osBuildNumber"":""0.1"",""releaseChannel"":""RELEASE"",""localeLanguageIso6391"":""en"",""localeCountryIso31661Alpha2"":""US""},""webInfo"":{""webSubPlatform"":""WEB_BROWSER""},""connectType"":""WIFI_UNKNOWN"",""connectReason"":""USER_ACTIVATED"",""devicePairingData"":{""eRegid"":""AAAAdw=="",""eKeytype"":""BQ=="",""eIdent"":""sZnGX8AMCCMdrRkMHkyQs5tyl2PiXqYXIHjX2LhXY3A="",""eSkeyId"":""AAAB"",""eSkeyVal"":""QNEj1keoK0uCabOV1nQNYHBo0+yOhFBP9w3558lLITc="",""eSkeySig"":""gOxblYTqaYqq8vyJZPbTexUYiVzauYe3PaqOvJEuKx8hpQWd2shAj8w0fcw+bb2zmevdVRsVDCcIRABUHf7LDw=="",""buildHash"":""oslHHv+RCp4a5lmJCiiHLQ=="",""deviceProps"":""CgZNYWMgT1MYASAAKhUYgFAgATAAOAFAAUgBUAFYAWABcAE=""},""pull"":false},""level"":""info""}","{""project"":""ce3616d9-58ad-4ec7-a294-1821e1564434"",""environment"":""fb6513d0-42a4-4660-82b5-509c54b15f2a"",""service"":""4978aa94-666c-47c7-8024-3ada55195a51"",""deployment"":""ca6042cb-637e-49d1-85a7-10ee4de39288"",""replica"":""cb4e1448-69b3-43c9-a6bd-1ed5193590ff""}",2026-03-20T07:10:16.987896462Z
[WS NATIVE SEND] Sending for akun1 type: object preview: AAFcItkCCjBDHoNbmfYr4DBJIiZKFeQ6zUAVNwRLlZFhuO8pM44vGCKpoZz5Q9Ig7NY=,info,"{""level"":""info""}","{""project"":""ce3616d9-58ad-4ec7-a294-1821e1564434"",""environment"":""fb6513d0-42a4-4660-82b5-509c54b15f2a"",""service"":""4978aa94-666c-47c7-8024-3ada55195a51"",""deployment"":""ca6042cb-637e-49d1-85a7-10ee4de39288"",""replica"":""cb4e1448-69b3-43c9-a6bd-1ed5193590ff""}",2026-03-20T07:10:16.987903404Z
[WS NATIVE MESSAGE] Received for akun1 binary: true len: 350 preview: AAFbGtgCCiAPIdO3PkoOqJDmAJ/AH6mnDn04ruy7d84xk23dZmLLMRIwB0sLvnlXdRA=...,info,"{""level"":""info""}","{""project"":""ce3616d9-58ad-4ec7-a294-1821e1564434"",""environment"":""fb6513d0-42a4-4660-82b5-509c54b15f2a"",""service"":""4978aa94-666c-47c7-8024-3ada55195a51"",""deployment"":""ca6042cb-637e-49d1-85a7-10ee4de39288"",""replica"":""cb4e1448-69b3-43c9-a6bd-1ed5193590ff""}",2026-03-20T07:10:16.987942919Z
✅ Generated 5 personalities via Groq. Pool size: 9/50,info,"{""level"":""info""}","{""project"":""ce3616d9-58ad-4ec7-a294-1821e1564434"",""environment"":""fb6513d0-42a4-4660-82b5-509c54b15f2a"",""service"":""4978aa94-666c-47c7-8024-3ada55195a51"",""deployment"":""ca6042cb-637e-49d1-85a7-10ee4de39288"",""replica"":""cb4e1448-69b3-43c9-a6bd-1ed5193590ff""}",2026-03-20T07:10:17.007739258Z
[WS NATIVE MESSAGE] Received for akun1 binary: true len: 698 preview: AAK3IEFEVOJb/I429nRT7eUAFY5svkbcePsB6jHawMYIwFUjlMonBipJ8NP0k6L9lEY=...,info,"{""level"":""info""}","{""project"":""ce3616d9-58ad-4ec7-a294-1821e1564434"",""environment"":""fb6513d0-42a4-4660-82b5-509c54b15f2a"",""service"":""4978aa94-666c-47c7-8024-3ada55195a51"",""deployment"":""ca6042cb-637e-49d1-85a7-10ee4de39288"",""replica"":""cb4e1448-69b3-43c9-a6bd-1ed5193590ff""}",2026-03-20T07:10:17.040163753Z
[WS NATIVE SEND] Sending for akun1 type: object preview: AAAihbOW90ypt9Pr1L3wZi+CYUz42dWwDbl1xFY0VUkxV3cv1A==,info,"{""level"":""info""}","{""project"":""ce3616d9-58ad-4ec7-a294-1821e1564434"",""environment"":""fb6513d0-42a4-4660-82b5-509c54b15f2a"",""service"":""4978aa94-666c-47c7-8024-3ada55195a51"",""deployment"":""ca6042cb-637e-49d1-85a7-10ee4de39288"",""replica"":""cb4e1448-69b3-43c9-a6bd-1ed5193590ff""}",2026-03-20T07:10:17.043203812Z
==========================================,info,"{""level"":""info""}","{""project"":""ce3616d9-58ad-4ec7-a294-1821e1564434"",""environment"":""fb6513d0-42a4-4660-82b5-509c54b15f2a"",""service"":""4978aa94-666c-47c7-8024-3ada55195a51"",""deployment"":""ca6042cb-637e-49d1-85a7-10ee4de39288"",""replica"":""cb4e1448-69b3-43c9-a6bd-1ed5193590ff""}",2026-03-20T07:10:17.046033908Z
[CONNECTION UPDATE] ✅ EVENT RECEIVED! {,info,"{""level"":""info""}","{""project"":""ce3616d9-58ad-4ec7-a294-1821e1564434"",""environment"":""fb6513d0-42a4-4660-82b5-509c54b15f2a"",""service"":""4978aa94-666c-47c7-8024-3ada55195a51"",""deployment"":""ca6042cb-637e-49d1-85a7-10ee4de39288"",""replica"":""cb4e1448-69b3-43c9-a6bd-1ed5193590ff""}",2026-03-20T07:10:17.046041159Z
"  accountId: 'akun1',",info,"{""level"":""info""}","{""project"":""ce3616d9-58ad-4ec7-a294-1821e1564434"",""environment"":""fb6513d0-42a4-4660-82b5-509c54b15f2a"",""service"":""4978aa94-666c-47c7-8024-3ada55195a51"",""deployment"":""ca6042cb-637e-49d1-85a7-10ee4de39288"",""replica"":""cb4e1448-69b3-43c9-a6bd-1ed5193590ff""}",2026-03-20T07:10:17.046045864Z
"  connection: undefined,",info,"{""level"":""info""}","{""project"":""ce3616d9-58ad-4ec7-a294-1821e1564434"",""environment"":""fb6513d0-42a4-4660-82b5-509c54b15f2a"",""service"":""4978aa94-666c-47c7-8024-3ada55195a51"",""deployment"":""ca6042cb-637e-49d1-85a7-10ee4de39288"",""replica"":""cb4e1448-69b3-43c9-a6bd-1ed5193590ff""}",2026-03-20T07:10:17.046051513Z
"  hasQr: true,",info,"{""level"":""info""}","{""project"":""ce3616d9-58ad-4ec7-a294-1821e1564434"",""environment"":""fb6513d0-42a4-4660-82b5-509c54b15f2a"",""service"":""4978aa94-666c-47c7-8024-3ada55195a51"",""deployment"":""ca6042cb-637e-49d1-85a7-10ee4de39288"",""replica"":""cb4e1448-69b3-43c9-a6bd-1ed5193590ff""}",2026-03-20T07:10:17.046057643Z
"  qrPreview: '2@dx16D0qPz5IpdrxXpUSxx7G3uZPQ2H/VV6s462VMzSjvIYF2...',",info,"{""level"":""info""}","{""project"":""ce3616d9-58ad-4ec7-a294-1821e1564434"",""environment"":""fb6513d0-42a4-4660-82b5-509c54b15f2a"",""service"":""4978aa94-666c-47c7-8024-3ada55195a51"",""deployment"":""ca6042cb-637e-49d1-85a7-10ee4de39288"",""replica"":""cb4e1448-69b3-43c9-a6bd-1ed5193590ff""}",2026-03-20T07:10:17.046063524Z
  isNewLogin: undefined,info,"{""level"":""info""}","{""project"":""ce3616d9-58ad-4ec7-a294-1821e1564434"",""environment"":""fb6513d0-42a4-4660-82b5-509c54b15f2a"",""service"":""4978aa94-666c-47c7-8024-3ada55195a51"",""deployment"":""ca6042cb-637e-49d1-85a7-10ee4de39288"",""replica"":""cb4e1448-69b3-43c9-a6bd-1ed5193590ff""}",2026-03-20T07:10:17.046072141Z
},info,"{""level"":""info""}","{""project"":""ce3616d9-58ad-4ec7-a294-1821e1564434"",""environment"":""fb6513d0-42a4-4660-82b5-509c54b15f2a"",""service"":""4978aa94-666c-47c7-8024-3ada55195a51"",""deployment"":""ca6042cb-637e-49d1-85a7-10ee4de39288"",""replica"":""cb4e1448-69b3-43c9-a6bd-1ed5193590ff""}",2026-03-20T07:10:17.046079730Z
==========================================,info,"{""level"":""info""}","{""project"":""ce3616d9-58ad-4ec7-a294-1821e1564434"",""environment"":""fb6513d0-42a4-4660-82b5-509c54b15f2a"",""service"":""4978aa94-666c-47c7-8024-3ada55195a51"",""deployment"":""ca6042cb-637e-49d1-85a7-10ee4de39288"",""replica"":""cb4e1448-69b3-43c9-a6bd-1ed5193590ff""}",2026-03-20T07:10:17.046086405Z
[QR] 🎯 QR code received for: akun1,info,"{""level"":""info""}","{""project"":""ce3616d9-58ad-4ec7-a294-1821e1564434"",""environment"":""fb6513d0-42a4-4660-82b5-509c54b15f2a"",""service"":""4978aa94-666c-47c7-8024-3ada55195a51"",""deployment"":""ca6042cb-637e-49d1-85a7-10ee4de39288"",""replica"":""cb4e1448-69b3-43c9-a6bd-1ed5193590ff""}",2026-03-20T07:10:17.046092806Z
[QR] QR length: 237,info,"{""level"":""info""}","{""project"":""ce3616d9-58ad-4ec7-a294-1821e1564434"",""environment"":""fb6513d0-42a4-4660-82b5-509c54b15f2a"",""service"":""4978aa94-666c-47c7-8024-3ada55195a51"",""deployment"":""ca6042cb-637e-49d1-85a7-10ee4de39288"",""replica"":""cb4e1448-69b3-43c9-a6bd-1ed5193590ff""}",2026-03-20T07:10:17.046098608Z
[QR] Converting QR to data URL...,info,"{""level"":""info""}","{""project"":""ce3616d9-58ad-4ec7-a294-1821e1564434"",""environment"":""fb6513d0-42a4-4660-82b5-509c54b15f2a"",""service"":""4978aa94-666c-47c7-8024-3ada55195a51"",""deployment"":""ca6042cb-637e-49d1-85a7-10ee4de39288"",""replica"":""cb4e1448-69b3-43c9-a6bd-1ed5193590ff""}",2026-03-20T07:10:17.046104713Z
"[QR] ✅ QR converted, length: 6458",info,"{""level"":""info""}","{""project"":""ce3616d9-58ad-4ec7-a294-1821e1564434"",""environment"":""fb6513d0-42a4-4660-82b5-509c54b15f2a"",""service"":""4978aa94-666c-47c7-8024-3ada55195a51"",""deployment"":""ca6042cb-637e-49d1-85a7-10ee4de39288"",""replica"":""cb4e1448-69b3-43c9-a6bd-1ed5193590ff""}",2026-03-20T07:10:17.106561003Z
[NETWORK] HTTPS test TIMEOUT,info,"{""level"":""info""}","{""project"":""ce3616d9-58ad-4ec7-a294-1821e1564434"",""environment"":""fb6513d0-42a4-4660-82b5-509c54b15f2a"",""service"":""4978aa94-666c-47c7-8024-3ada55195a51"",""deployment"":""ca6042cb-637e-49d1-85a7-10ee4de39288"",""replica"":""cb4e1448-69b3-43c9-a6bd-1ed5193590ff""}",2026-03-20T07:10:26.296833184Z
[DB] Synced 1 accounts to database,info,"{""level"":""info""}","{""project"":""ce3616d9-58ad-4ec7-a294-1821e1564434"",""environment"":""fb6513d0-42a4-4660-82b5-509c54b15f2a"",""service"":""4978aa94-666c-47c7-8024-3ada55195a51"",""deployment"":""ca6042cb-637e-49d1-85a7-10ee4de39288"",""replica"":""cb4e1448-69b3-43c9-a6bd-1ed5193590ff""}",2026-03-20T07:10:46.358971426Z
[WS NATIVE SEND] Sending for akun1 type: object preview: AAArXIgeMZ6YTGooa+atHQe3Aq+JLSnVsXj8rYv3d+PGpaSlHCy0IaLszl19xQ==,info,"{""level"":""info""}","{""project"":""ce3616d9-58ad-4ec7-a294-1821e1564434"",""environment"":""fb6513d0-42a4-4660-82b5-509c54b15f2a"",""service"":""4978aa94-666c-47c7-8024-3ada55195a51"",""deployment"":""ca6042cb-637e-49d1-85a7-10ee4de39288"",""replica"":""cb4e1448-69b3-43c9-a6bd-1ed5193590ff""}",2026-03-20T07:10:46.555428297Z
[WS NATIVE MESSAGE] Received for akun1 binary: true len: 47 preview: AAAsUdHaPwTxfV3M8ZlCTsDVBijDeh3qTdW5uh3GQ6oYDaxXpv1xdbe5OR2UKAI=,info,"{""level"":""info""}","{""project"":""ce3616d9-58ad-4ec7-a294-1821e1564434"",""environment"":""fb6513d0-42a4-4660-82b5-509c54b15f2a"",""service"":""4978aa94-666c-47c7-8024-3ada55195a51"",""deployment"":""ca6042cb-637e-49d1-85a7-10ee4de39288"",""replica"":""cb4e1448-69b3-43c9-a6bd-1ed5193590ff""}",2026-03-20T07:10:47.501031974Z