message,severity,attributes,tags,timestamp
[DB] Synced 0 accounts to database,info,"{""level"":""info""}","{""project"":""ce3616d9-58ad-4ec7-a294-1821e1564434"",""environment"":""fb6513d0-42a4-4660-82b5-509c54b15f2a"",""service"":""4978aa94-666c-47c7-8024-3ada55195a51"",""deployment"":""b4365154-eadc-4c11-b568-5a096850e705"",""replica"":""56b3bc11-84b5-4316-abf1-2dec254f4739""}",2026-03-27T23:01:49.840476166Z
[DB] Synced 0 accounts to database,info,"{""level"":""info""}","{""project"":""ce3616d9-58ad-4ec7-a294-1821e1564434"",""environment"":""fb6513d0-42a4-4660-82b5-509c54b15f2a"",""service"":""4978aa94-666c-47c7-8024-3ada55195a51"",""deployment"":""b4365154-eadc-4c11-b568-5a096850e705"",""replica"":""56b3bc11-84b5-4316-abf1-2dec254f4739""}",2026-03-27T23:02:19.353541264Z
[DB] Synced 0 accounts to database,info,"{""level"":""info""}","{""project"":""ce3616d9-58ad-4ec7-a294-1821e1564434"",""environment"":""fb6513d0-42a4-4660-82b5-509c54b15f2a"",""service"":""4978aa94-666c-47c7-8024-3ada55195a51"",""deployment"":""b4365154-eadc-4c11-b568-5a096850e705"",""replica"":""56b3bc11-84b5-4316-abf1-2dec254f4739""}",2026-03-27T23:02:49.681785897Z
[DB] Synced 0 accounts to database,info,"{""level"":""info""}","{""project"":""ce3616d9-58ad-4ec7-a294-1821e1564434"",""environment"":""fb6513d0-42a4-4660-82b5-509c54b15f2a"",""service"":""4978aa94-666c-47c7-8024-3ada55195a51"",""deployment"":""b4365154-eadc-4c11-b568-5a096850e705"",""replica"":""56b3bc11-84b5-4316-abf1-2dec254f4739""}",2026-03-27T23:03:19.838975763Z
[DB] Synced 0 accounts to database,info,"{""level"":""info""}","{""project"":""ce3616d9-58ad-4ec7-a294-1821e1564434"",""environment"":""fb6513d0-42a4-4660-82b5-509c54b15f2a"",""service"":""4978aa94-666c-47c7-8024-3ada55195a51"",""deployment"":""b4365154-eadc-4c11-b568-5a096850e705"",""replica"":""56b3bc11-84b5-4316-abf1-2dec254f4739""}",2026-03-27T23:03:49.701308966Z
[DB] Synced 0 accounts to database,info,"{""level"":""info""}","{""project"":""ce3616d9-58ad-4ec7-a294-1821e1564434"",""environment"":""fb6513d0-42a4-4660-82b5-509c54b15f2a"",""service"":""4978aa94-666c-47c7-8024-3ada55195a51"",""deployment"":""b4365154-eadc-4c11-b568-5a096850e705"",""replica"":""56b3bc11-84b5-4316-abf1-2dec254f4739""}",2026-03-27T23:04:20.132638654Z
[DB] Synced 0 accounts to database,info,"{""level"":""info""}","{""project"":""ce3616d9-58ad-4ec7-a294-1821e1564434"",""environment"":""fb6513d0-42a4-4660-82b5-509c54b15f2a"",""service"":""4978aa94-666c-47c7-8024-3ada55195a51"",""deployment"":""b4365154-eadc-4c11-b568-5a096850e705"",""replica"":""56b3bc11-84b5-4316-abf1-2dec254f4739""}",2026-03-27T23:04:50.154889266Z
[DB] Synced 0 accounts to database,info,"{""level"":""info""}","{""project"":""ce3616d9-58ad-4ec7-a294-1821e1564434"",""environment"":""fb6513d0-42a4-4660-82b5-509c54b15f2a"",""service"":""4978aa94-666c-47c7-8024-3ada55195a51"",""deployment"":""b4365154-eadc-4c11-b568-5a096850e705"",""replica"":""56b3bc11-84b5-4316-abf1-2dec254f4739""}",2026-03-27T23:05:20.363243015Z
[DB] Synced 0 accounts to database,info,"{""level"":""info""}","{""project"":""ce3616d9-58ad-4ec7-a294-1821e1564434"",""environment"":""fb6513d0-42a4-4660-82b5-509c54b15f2a"",""service"":""4978aa94-666c-47c7-8024-3ada55195a51"",""deployment"":""b4365154-eadc-4c11-b568-5a096850e705"",""replica"":""56b3bc11-84b5-4316-abf1-2dec254f4739""}",2026-03-27T23:05:50.438485693Z
[DB] Synced 0 accounts to database,info,"{""level"":""info""}","{""project"":""ce3616d9-58ad-4ec7-a294-1821e1564434"",""environment"":""fb6513d0-42a4-4660-82b5-509c54b15f2a"",""service"":""4978aa94-666c-47c7-8024-3ada55195a51"",""deployment"":""b4365154-eadc-4c11-b568-5a096850e705"",""replica"":""56b3bc11-84b5-4316-abf1-2dec254f4739""}",2026-03-27T23:06:21.057996889Z
[DB] Synced 0 accounts to database,info,"{""level"":""info""}","{""project"":""ce3616d9-58ad-4ec7-a294-1821e1564434"",""environment"":""fb6513d0-42a4-4660-82b5-509c54b15f2a"",""service"":""4978aa94-666c-47c7-8024-3ada55195a51"",""deployment"":""b4365154-eadc-4c11-b568-5a096850e705"",""replica"":""56b3bc11-84b5-4316-abf1-2dec254f4739""}",2026-03-27T23:06:50.882065217Z
[DB] Synced 0 accounts to database,info,"{""level"":""info""}","{""project"":""ce3616d9-58ad-4ec7-a294-1821e1564434"",""environment"":""fb6513d0-42a4-4660-82b5-509c54b15f2a"",""service"":""4978aa94-666c-47c7-8024-3ada55195a51"",""deployment"":""b4365154-eadc-4c11-b568-5a096850e705"",""replica"":""56b3bc11-84b5-4316-abf1-2dec254f4739""}",2026-03-27T23:07:20.392922191Z
[DB] Synced 0 accounts to database,info,"{""level"":""info""}","{""project"":""ce3616d9-58ad-4ec7-a294-1821e1564434"",""environment"":""fb6513d0-42a4-4660-82b5-509c54b15f2a"",""service"":""4978aa94-666c-47c7-8024-3ada55195a51"",""deployment"":""b4365154-eadc-4c11-b568-5a096850e705"",""replica"":""56b3bc11-84b5-4316-abf1-2dec254f4739""}",2026-03-27T23:07:50.555310870Z
[DB] Synced 0 accounts to database,info,"{""level"":""info""}","{""project"":""ce3616d9-58ad-4ec7-a294-1821e1564434"",""environment"":""fb6513d0-42a4-4660-82b5-509c54b15f2a"",""service"":""4978aa94-666c-47c7-8024-3ada55195a51"",""deployment"":""b4365154-eadc-4c11-b568-5a096850e705"",""replica"":""56b3bc11-84b5-4316-abf1-2dec254f4739""}",2026-03-27T23:08:20.873795038Z
[DB] Synced 0 accounts to database,info,"{""level"":""info""}","{""project"":""ce3616d9-58ad-4ec7-a294-1821e1564434"",""environment"":""fb6513d0-42a4-4660-82b5-509c54b15f2a"",""service"":""4978aa94-666c-47c7-8024-3ada55195a51"",""deployment"":""b4365154-eadc-4c11-b568-5a096850e705"",""replica"":""56b3bc11-84b5-4316-abf1-2dec254f4739""}",2026-03-27T23:08:50.458699657Z
[DB] Synced 0 accounts to database,info,"{""level"":""info""}","{""project"":""ce3616d9-58ad-4ec7-a294-1821e1564434"",""environment"":""fb6513d0-42a4-4660-82b5-509c54b15f2a"",""service"":""4978aa94-666c-47c7-8024-3ada55195a51"",""deployment"":""b4365154-eadc-4c11-b568-5a096850e705"",""replica"":""56b3bc11-84b5-4316-abf1-2dec254f4739""}",2026-03-27T23:09:20.883681904Z
[DB] Synced 0 accounts to database,info,"{""level"":""info""}","{""project"":""ce3616d9-58ad-4ec7-a294-1821e1564434"",""environment"":""fb6513d0-42a4-4660-82b5-509c54b15f2a"",""service"":""4978aa94-666c-47c7-8024-3ada55195a51"",""deployment"":""b4365154-eadc-4c11-b568-5a096850e705"",""replica"":""56b3bc11-84b5-4316-abf1-2dec254f4739""}",2026-03-27T23:09:51.560720071Z
[DB] Synced 0 accounts to database,info,"{""level"":""info""}","{""project"":""ce3616d9-58ad-4ec7-a294-1821e1564434"",""environment"":""fb6513d0-42a4-4660-82b5-509c54b15f2a"",""service"":""4978aa94-666c-47c7-8024-3ada55195a51"",""deployment"":""b4365154-eadc-4c11-b568-5a096850e705"",""replica"":""56b3bc11-84b5-4316-abf1-2dec254f4739""}",2026-03-27T23:10:21.567943396Z
[DB] Synced 0 accounts to database,info,"{""level"":""info""}","{""project"":""ce3616d9-58ad-4ec7-a294-1821e1564434"",""environment"":""fb6513d0-42a4-4660-82b5-509c54b15f2a"",""service"":""4978aa94-666c-47c7-8024-3ada55195a51"",""deployment"":""b4365154-eadc-4c11-b568-5a096850e705"",""replica"":""56b3bc11-84b5-4316-abf1-2dec254f4739""}",2026-03-27T23:10:51.979776056Z
[DB] Synced 0 accounts to database,info,"{""level"":""info""}","{""project"":""ce3616d9-58ad-4ec7-a294-1821e1564434"",""environment"":""fb6513d0-42a4-4660-82b5-509c54b15f2a"",""service"":""4978aa94-666c-47c7-8024-3ada55195a51"",""deployment"":""b4365154-eadc-4c11-b568-5a096850e705"",""replica"":""56b3bc11-84b5-4316-abf1-2dec254f4739""}",2026-03-27T23:11:22.225584710Z
[DB] Synced 0 accounts to database,info,"{""level"":""info""}","{""project"":""ce3616d9-58ad-4ec7-a294-1821e1564434"",""environment"":""fb6513d0-42a4-4660-82b5-509c54b15f2a"",""service"":""4978aa94-666c-47c7-8024-3ada55195a51"",""deployment"":""b4365154-eadc-4c11-b568-5a096850e705"",""replica"":""56b3bc11-84b5-4316-abf1-2dec254f4739""}",2026-03-27T23:11:52.867676301Z
[DB] Synced 0 accounts to database,info,"{""level"":""info""}","{""project"":""ce3616d9-58ad-4ec7-a294-1821e1564434"",""environment"":""fb6513d0-42a4-4660-82b5-509c54b15f2a"",""service"":""4978aa94-666c-47c7-8024-3ada55195a51"",""deployment"":""b4365154-eadc-4c11-b568-5a096850e705"",""replica"":""56b3bc11-84b5-4316-abf1-2dec254f4739""}",2026-03-27T23:12:22.881758868Z
[DB] Synced 0 accounts to database,info,"{""level"":""info""}","{""project"":""ce3616d9-58ad-4ec7-a294-1821e1564434"",""environment"":""fb6513d0-42a4-4660-82b5-509c54b15f2a"",""service"":""4978aa94-666c-47c7-8024-3ada55195a51"",""deployment"":""b4365154-eadc-4c11-b568-5a096850e705"",""replica"":""56b3bc11-84b5-4316-abf1-2dec254f4739""}",2026-03-27T23:12:52.869141912Z
[DB] Synced 0 accounts to database,info,"{""level"":""info""}","{""project"":""ce3616d9-58ad-4ec7-a294-1821e1564434"",""environment"":""fb6513d0-42a4-4660-82b5-509c54b15f2a"",""service"":""4978aa94-666c-47c7-8024-3ada55195a51"",""deployment"":""b4365154-eadc-4c11-b568-5a096850e705"",""replica"":""56b3bc11-84b5-4316-abf1-2dec254f4739""}",2026-03-27T23:13:23.344603991Z
[DB] Synced 0 accounts to database,info,"{""level"":""info""}","{""project"":""ce3616d9-58ad-4ec7-a294-1821e1564434"",""environment"":""fb6513d0-42a4-4660-82b5-509c54b15f2a"",""service"":""4978aa94-666c-47c7-8024-3ada55195a51"",""deployment"":""b4365154-eadc-4c11-b568-5a096850e705"",""replica"":""56b3bc11-84b5-4316-abf1-2dec254f4739""}",2026-03-27T23:13:54.669194870Z
[DB] Synced 0 accounts to database,info,"{""level"":""info""}","{""project"":""ce3616d9-58ad-4ec7-a294-1821e1564434"",""environment"":""fb6513d0-42a4-4660-82b5-509c54b15f2a"",""service"":""4978aa94-666c-47c7-8024-3ada55195a51"",""deployment"":""b4365154-eadc-4c11-b568-5a096850e705"",""replica"":""56b3bc11-84b5-4316-abf1-2dec254f4739""}",2026-03-27T23:14:25.443658277Z
[DB] Synced 0 accounts to database,info,"{""level"":""info""}","{""project"":""ce3616d9-58ad-4ec7-a294-1821e1564434"",""environment"":""fb6513d0-42a4-4660-82b5-509c54b15f2a"",""service"":""4978aa94-666c-47c7-8024-3ada55195a51"",""deployment"":""b4365154-eadc-4c11-b568-5a096850e705"",""replica"":""56b3bc11-84b5-4316-abf1-2dec254f4739""}",2026-03-27T23:14:55.009378053Z
[DB] Synced 0 accounts to database,info,"{""level"":""info""}","{""project"":""ce3616d9-58ad-4ec7-a294-1821e1564434"",""environment"":""fb6513d0-42a4-4660-82b5-509c54b15f2a"",""service"":""4978aa94-666c-47c7-8024-3ada55195a51"",""deployment"":""b4365154-eadc-4c11-b568-5a096850e705"",""replica"":""56b3bc11-84b5-4316-abf1-2dec254f4739""}",2026-03-27T23:15:26.048383396Z
[DB] Synced 0 accounts to database,info,"{""level"":""info""}","{""project"":""ce3616d9-58ad-4ec7-a294-1821e1564434"",""environment"":""fb6513d0-42a4-4660-82b5-509c54b15f2a"",""service"":""4978aa94-666c-47c7-8024-3ada55195a51"",""deployment"":""b4365154-eadc-4c11-b568-5a096850e705"",""replica"":""56b3bc11-84b5-4316-abf1-2dec254f4739""}",2026-03-27T23:15:56.525677052Z
[DB] Synced 0 accounts to database,info,"{""level"":""info""}","{""project"":""ce3616d9-58ad-4ec7-a294-1821e1564434"",""environment"":""fb6513d0-42a4-4660-82b5-509c54b15f2a"",""service"":""4978aa94-666c-47c7-8024-3ada55195a51"",""deployment"":""b4365154-eadc-4c11-b568-5a096850e705"",""replica"":""56b3bc11-84b5-4316-abf1-2dec254f4739""}",2026-03-27T23:16:29.366162514Z
[DB] Synced 0 accounts to database,info,"{""level"":""info""}","{""project"":""ce3616d9-58ad-4ec7-a294-1821e1564434"",""environment"":""fb6513d0-42a4-4660-82b5-509c54b15f2a"",""service"":""4978aa94-666c-47c7-8024-3ada55195a51"",""deployment"":""b4365154-eadc-4c11-b568-5a096850e705"",""replica"":""56b3bc11-84b5-4316-abf1-2dec254f4739""}",2026-03-27T23:16:59.359475962Z
[DB] Synced 0 accounts to database,info,"{""level"":""info""}","{""project"":""ce3616d9-58ad-4ec7-a294-1821e1564434"",""environment"":""fb6513d0-42a4-4660-82b5-509c54b15f2a"",""service"":""4978aa94-666c-47c7-8024-3ada55195a51"",""deployment"":""b4365154-eadc-4c11-b568-5a096850e705"",""replica"":""56b3bc11-84b5-4316-abf1-2dec254f4739""}",2026-03-27T23:17:29.591321764Z
[DB] Synced 0 accounts to database,info,"{""level"":""info""}","{""project"":""ce3616d9-58ad-4ec7-a294-1821e1564434"",""environment"":""fb6513d0-42a4-4660-82b5-509c54b15f2a"",""service"":""4978aa94-666c-47c7-8024-3ada55195a51"",""deployment"":""b4365154-eadc-4c11-b568-5a096850e705"",""replica"":""56b3bc11-84b5-4316-abf1-2dec254f4739""}",2026-03-27T23:17:59.539225262Z
[DB] Synced 0 accounts to database,info,"{""level"":""info""}","{""project"":""ce3616d9-58ad-4ec7-a294-1821e1564434"",""environment"":""fb6513d0-42a4-4660-82b5-509c54b15f2a"",""service"":""4978aa94-666c-47c7-8024-3ada55195a51"",""deployment"":""b4365154-eadc-4c11-b568-5a096850e705"",""replica"":""56b3bc11-84b5-4316-abf1-2dec254f4739""}",2026-03-27T23:18:20.226281584Z
[DB] Synced 0 accounts to database,info,"{""level"":""info""}","{""project"":""ce3616d9-58ad-4ec7-a294-1821e1564434"",""environment"":""fb6513d0-42a4-4660-82b5-509c54b15f2a"",""service"":""4978aa94-666c-47c7-8024-3ada55195a51"",""deployment"":""b4365154-eadc-4c11-b568-5a096850e705"",""replica"":""56b3bc11-84b5-4316-abf1-2dec254f4739""}",2026-03-27T23:18:49.975676292Z
[DB] Synced 0 accounts to database,info,"{""level"":""info""}","{""project"":""ce3616d9-58ad-4ec7-a294-1821e1564434"",""environment"":""fb6513d0-42a4-4660-82b5-509c54b15f2a"",""service"":""4978aa94-666c-47c7-8024-3ada55195a51"",""deployment"":""b4365154-eadc-4c11-b568-5a096850e705"",""replica"":""56b3bc11-84b5-4316-abf1-2dec254f4739""}",2026-03-27T23:19:20.093043165Z
[DB] Synced 0 accounts to database,info,"{""level"":""info""}","{""project"":""ce3616d9-58ad-4ec7-a294-1821e1564434"",""environment"":""fb6513d0-42a4-4660-82b5-509c54b15f2a"",""service"":""4978aa94-666c-47c7-8024-3ada55195a51"",""deployment"":""b4365154-eadc-4c11-b568-5a096850e705"",""replica"":""56b3bc11-84b5-4316-abf1-2dec254f4739""}",2026-03-27T23:19:50.089124517Z
[DB] Synced 0 accounts to database,info,"{""level"":""info""}","{""project"":""ce3616d9-58ad-4ec7-a294-1821e1564434"",""environment"":""fb6513d0-42a4-4660-82b5-509c54b15f2a"",""service"":""4978aa94-666c-47c7-8024-3ada55195a51"",""deployment"":""b4365154-eadc-4c11-b568-5a096850e705"",""replica"":""56b3bc11-84b5-4316-abf1-2dec254f4739""}",2026-03-27T23:20:21.542005725Z
[DB] Synced 0 accounts to database,info,"{""level"":""info""}","{""project"":""ce3616d9-58ad-4ec7-a294-1821e1564434"",""environment"":""fb6513d0-42a4-4660-82b5-509c54b15f2a"",""service"":""4978aa94-666c-47c7-8024-3ada55195a51"",""deployment"":""b4365154-eadc-4c11-b568-5a096850e705"",""replica"":""56b3bc11-84b5-4316-abf1-2dec254f4739""}",2026-03-27T23:20:52.181961291Z
[DB] Synced 0 accounts to database,info,"{""level"":""info""}","{""project"":""ce3616d9-58ad-4ec7-a294-1821e1564434"",""environment"":""fb6513d0-42a4-4660-82b5-509c54b15f2a"",""service"":""4978aa94-666c-47c7-8024-3ada55195a51"",""deployment"":""b4365154-eadc-4c11-b568-5a096850e705"",""replica"":""56b3bc11-84b5-4316-abf1-2dec254f4739""}",2026-03-27T23:21:22.804729669Z
[DB] Synced 0 accounts to database,info,"{""level"":""info""}","{""project"":""ce3616d9-58ad-4ec7-a294-1821e1564434"",""environment"":""fb6513d0-42a4-4660-82b5-509c54b15f2a"",""service"":""4978aa94-666c-47c7-8024-3ada55195a51"",""deployment"":""b4365154-eadc-4c11-b568-5a096850e705"",""replica"":""56b3bc11-84b5-4316-abf1-2dec254f4739""}",2026-03-27T23:21:52.123312000Z
[DB] Synced 0 accounts to database,info,"{""level"":""info""}","{""project"":""ce3616d9-58ad-4ec7-a294-1821e1564434"",""environment"":""fb6513d0-42a4-4660-82b5-509c54b15f2a"",""service"":""4978aa94-666c-47c7-8024-3ada55195a51"",""deployment"":""b4365154-eadc-4c11-b568-5a096850e705"",""replica"":""56b3bc11-84b5-4316-abf1-2dec254f4739""}",2026-03-27T23:22:22.409615791Z
[DB] Synced 0 accounts to database,info,"{""level"":""info""}","{""project"":""ce3616d9-58ad-4ec7-a294-1821e1564434"",""environment"":""fb6513d0-42a4-4660-82b5-509c54b15f2a"",""service"":""4978aa94-666c-47c7-8024-3ada55195a51"",""deployment"":""b4365154-eadc-4c11-b568-5a096850e705"",""replica"":""56b3bc11-84b5-4316-abf1-2dec254f4739""}",2026-03-27T23:22:51.668246131Z
[DB] Synced 0 accounts to database,info,"{""level"":""info""}","{""project"":""ce3616d9-58ad-4ec7-a294-1821e1564434"",""environment"":""fb6513d0-42a4-4660-82b5-509c54b15f2a"",""service"":""4978aa94-666c-47c7-8024-3ada55195a51"",""deployment"":""b4365154-eadc-4c11-b568-5a096850e705"",""replica"":""56b3bc11-84b5-4316-abf1-2dec254f4739""}",2026-03-27T23:23:21.617656043Z
[DB] Synced 0 accounts to database,info,"{""level"":""info""}","{""project"":""ce3616d9-58ad-4ec7-a294-1821e1564434"",""environment"":""fb6513d0-42a4-4660-82b5-509c54b15f2a"",""service"":""4978aa94-666c-47c7-8024-3ada55195a51"",""deployment"":""b4365154-eadc-4c11-b568-5a096850e705"",""replica"":""56b3bc11-84b5-4316-abf1-2dec254f4739""}",2026-03-27T23:23:51.440257302Z
[DB] Synced 0 accounts to database,info,"{""level"":""info""}","{""project"":""ce3616d9-58ad-4ec7-a294-1821e1564434"",""environment"":""fb6513d0-42a4-4660-82b5-509c54b15f2a"",""service"":""4978aa94-666c-47c7-8024-3ada55195a51"",""deployment"":""b4365154-eadc-4c11-b568-5a096850e705"",""replica"":""56b3bc11-84b5-4316-abf1-2dec254f4739""}",2026-03-27T23:24:21.685252924Z
[DB] Synced 0 accounts to database,info,"{""level"":""info""}","{""project"":""ce3616d9-58ad-4ec7-a294-1821e1564434"",""environment"":""fb6513d0-42a4-4660-82b5-509c54b15f2a"",""service"":""4978aa94-666c-47c7-8024-3ada55195a51"",""deployment"":""b4365154-eadc-4c11-b568-5a096850e705"",""replica"":""56b3bc11-84b5-4316-abf1-2dec254f4739""}",2026-03-27T23:24:51.792613516Z
[DB] Synced 0 accounts to database,info,"{""level"":""info""}","{""project"":""ce3616d9-58ad-4ec7-a294-1821e1564434"",""environment"":""fb6513d0-42a4-4660-82b5-509c54b15f2a"",""service"":""4978aa94-666c-47c7-8024-3ada55195a51"",""deployment"":""b4365154-eadc-4c11-b568-5a096850e705"",""replica"":""56b3bc11-84b5-4316-abf1-2dec254f4739""}",2026-03-27T23:25:23.072679589Z
[DB] Synced 0 accounts to database,info,"{""level"":""info""}","{""project"":""ce3616d9-58ad-4ec7-a294-1821e1564434"",""environment"":""fb6513d0-42a4-4660-82b5-509c54b15f2a"",""service"":""4978aa94-666c-47c7-8024-3ada55195a51"",""deployment"":""b4365154-eadc-4c11-b568-5a096850e705"",""replica"":""56b3bc11-84b5-4316-abf1-2dec254f4739""}",2026-03-27T23:25:52.837621507Z
[DB] Synced 0 accounts to database,info,"{""level"":""info""}","{""project"":""ce3616d9-58ad-4ec7-a294-1821e1564434"",""environment"":""fb6513d0-42a4-4660-82b5-509c54b15f2a"",""service"":""4978aa94-666c-47c7-8024-3ada55195a51"",""deployment"":""b4365154-eadc-4c11-b568-5a096850e705"",""replica"":""56b3bc11-84b5-4316-abf1-2dec254f4739""}",2026-03-27T23:26:23.063887077Z
[DB] Synced 0 accounts to database,info,"{""level"":""info""}","{""project"":""ce3616d9-58ad-4ec7-a294-1821e1564434"",""environment"":""fb6513d0-42a4-4660-82b5-509c54b15f2a"",""service"":""4978aa94-666c-47c7-8024-3ada55195a51"",""deployment"":""b4365154-eadc-4c11-b568-5a096850e705"",""replica"":""56b3bc11-84b5-4316-abf1-2dec254f4739""}",2026-03-27T23:26:53.274402794Z
[DB] Synced 0 accounts to database,info,"{""level"":""info""}","{""project"":""ce3616d9-58ad-4ec7-a294-1821e1564434"",""environment"":""fb6513d0-42a4-4660-82b5-509c54b15f2a"",""service"":""4978aa94-666c-47c7-8024-3ada55195a51"",""deployment"":""b4365154-eadc-4c11-b568-5a096850e705"",""replica"":""56b3bc11-84b5-4316-abf1-2dec254f4739""}",2026-03-27T23:27:23.408500223Z
[DB] Synced 0 accounts to database,info,"{""level"":""info""}","{""project"":""ce3616d9-58ad-4ec7-a294-1821e1564434"",""environment"":""fb6513d0-42a4-4660-82b5-509c54b15f2a"",""service"":""4978aa94-666c-47c7-8024-3ada55195a51"",""deployment"":""b4365154-eadc-4c11-b568-5a096850e705"",""replica"":""56b3bc11-84b5-4316-abf1-2dec254f4739""}",2026-03-27T23:27:53.446085447Z
[DB] Synced 0 accounts to database,info,"{""level"":""info""}","{""project"":""ce3616d9-58ad-4ec7-a294-1821e1564434"",""environment"":""fb6513d0-42a4-4660-82b5-509c54b15f2a"",""service"":""4978aa94-666c-47c7-8024-3ada55195a51"",""deployment"":""b4365154-eadc-4c11-b568-5a096850e705"",""replica"":""56b3bc11-84b5-4316-abf1-2dec254f4739""}",2026-03-27T23:28:23.999598094Z
[DB] Synced 0 accounts to database,info,"{""level"":""info""}","{""project"":""ce3616d9-58ad-4ec7-a294-1821e1564434"",""environment"":""fb6513d0-42a4-4660-82b5-509c54b15f2a"",""service"":""4978aa94-666c-47c7-8024-3ada55195a51"",""deployment"":""b4365154-eadc-4c11-b568-5a096850e705"",""replica"":""56b3bc11-84b5-4316-abf1-2dec254f4739""}",2026-03-27T23:28:53.607117677Z
[DB] Synced 0 accounts to database,info,"{""level"":""info""}","{""project"":""ce3616d9-58ad-4ec7-a294-1821e1564434"",""environment"":""fb6513d0-42a4-4660-82b5-509c54b15f2a"",""service"":""4978aa94-666c-47c7-8024-3ada55195a51"",""deployment"":""b4365154-eadc-4c11-b568-5a096850e705"",""replica"":""56b3bc11-84b5-4316-abf1-2dec254f4739""}",2026-03-27T23:29:23.556849788Z
[DB] Synced 0 accounts to database,info,"{""level"":""info""}","{""project"":""ce3616d9-58ad-4ec7-a294-1821e1564434"",""environment"":""fb6513d0-42a4-4660-82b5-509c54b15f2a"",""service"":""4978aa94-666c-47c7-8024-3ada55195a51"",""deployment"":""b4365154-eadc-4c11-b568-5a096850e705"",""replica"":""56b3bc11-84b5-4316-abf1-2dec254f4739""}",2026-03-27T23:29:53.316610105Z
[DB] Synced 0 accounts to database,info,"{""level"":""info""}","{""project"":""ce3616d9-58ad-4ec7-a294-1821e1564434"",""environment"":""fb6513d0-42a4-4660-82b5-509c54b15f2a"",""service"":""4978aa94-666c-47c7-8024-3ada55195a51"",""deployment"":""b4365154-eadc-4c11-b568-5a096850e705"",""replica"":""56b3bc11-84b5-4316-abf1-2dec254f4739""}",2026-03-27T23:30:22.885466509Z
[DB] Synced 0 accounts to database,info,"{""level"":""info""}","{""project"":""ce3616d9-58ad-4ec7-a294-1821e1564434"",""environment"":""fb6513d0-42a4-4660-82b5-509c54b15f2a"",""service"":""4978aa94-666c-47c7-8024-3ada55195a51"",""deployment"":""b4365154-eadc-4c11-b568-5a096850e705"",""replica"":""56b3bc11-84b5-4316-abf1-2dec254f4739""}",2026-03-27T23:30:52.500904267Z
[DB] Synced 0 accounts to database,info,"{""level"":""info""}","{""project"":""ce3616d9-58ad-4ec7-a294-1821e1564434"",""environment"":""fb6513d0-42a4-4660-82b5-509c54b15f2a"",""service"":""4978aa94-666c-47c7-8024-3ada55195a51"",""deployment"":""b4365154-eadc-4c11-b568-5a096850e705"",""replica"":""56b3bc11-84b5-4316-abf1-2dec254f4739""}",2026-03-27T23:31:21.732739625Z
[DB] Synced 0 accounts to database,info,"{""level"":""info""}","{""project"":""ce3616d9-58ad-4ec7-a294-1821e1564434"",""environment"":""fb6513d0-42a4-4660-82b5-509c54b15f2a"",""service"":""4978aa94-666c-47c7-8024-3ada55195a51"",""deployment"":""b4365154-eadc-4c11-b568-5a096850e705"",""replica"":""56b3bc11-84b5-4316-abf1-2dec254f4739""}",2026-03-27T23:31:51.911633095Z
[DB] Synced 0 accounts to database,info,"{""level"":""info""}","{""project"":""ce3616d9-58ad-4ec7-a294-1821e1564434"",""environment"":""fb6513d0-42a4-4660-82b5-509c54b15f2a"",""service"":""4978aa94-666c-47c7-8024-3ada55195a51"",""deployment"":""b4365154-eadc-4c11-b568-5a096850e705"",""replica"":""56b3bc11-84b5-4316-abf1-2dec254f4739""}",2026-03-27T23:32:21.575495848Z
[DB] Synced 0 accounts to database,info,"{""level"":""info""}","{""project"":""ce3616d9-58ad-4ec7-a294-1821e1564434"",""environment"":""fb6513d0-42a4-4660-82b5-509c54b15f2a"",""service"":""4978aa94-666c-47c7-8024-3ada55195a51"",""deployment"":""b4365154-eadc-4c11-b568-5a096850e705"",""replica"":""56b3bc11-84b5-4316-abf1-2dec254f4739""}",2026-03-27T23:32:51.184407957Z
[DB] Synced 0 accounts to database,info,"{""level"":""info""}","{""project"":""ce3616d9-58ad-4ec7-a294-1821e1564434"",""environment"":""fb6513d0-42a4-4660-82b5-509c54b15f2a"",""service"":""4978aa94-666c-47c7-8024-3ada55195a51"",""deployment"":""b4365154-eadc-4c11-b568-5a096850e705"",""replica"":""56b3bc11-84b5-4316-abf1-2dec254f4739""}",2026-03-27T23:33:21.543256205Z
[DB] Synced 0 accounts to database,info,"{""level"":""info""}","{""project"":""ce3616d9-58ad-4ec7-a294-1821e1564434"",""environment"":""fb6513d0-42a4-4660-82b5-509c54b15f2a"",""service"":""4978aa94-666c-47c7-8024-3ada55195a51"",""deployment"":""b4365154-eadc-4c11-b568-5a096850e705"",""replica"":""56b3bc11-84b5-4316-abf1-2dec254f4739""}",2026-03-27T23:33:51.578562638Z
[DB] Synced 0 accounts to database,info,"{""level"":""info""}","{""project"":""ce3616d9-58ad-4ec7-a294-1821e1564434"",""environment"":""fb6513d0-42a4-4660-82b5-509c54b15f2a"",""service"":""4978aa94-666c-47c7-8024-3ada55195a51"",""deployment"":""b4365154-eadc-4c11-b568-5a096850e705"",""replica"":""56b3bc11-84b5-4316-abf1-2dec254f4739""}",2026-03-27T23:34:20.705000605Z
[DB] Synced 0 accounts to database,info,"{""level"":""info""}","{""project"":""ce3616d9-58ad-4ec7-a294-1821e1564434"",""environment"":""fb6513d0-42a4-4660-82b5-509c54b15f2a"",""service"":""4978aa94-666c-47c7-8024-3ada55195a51"",""deployment"":""b4365154-eadc-4c11-b568-5a096850e705"",""replica"":""56b3bc11-84b5-4316-abf1-2dec254f4739""}",2026-03-27T23:35:01.502899484Z
[DB] Synced 0 accounts to database,info,"{""level"":""info""}","{""project"":""ce3616d9-58ad-4ec7-a294-1821e1564434"",""environment"":""fb6513d0-42a4-4660-82b5-509c54b15f2a"",""service"":""4978aa94-666c-47c7-8024-3ada55195a51"",""deployment"":""b4365154-eadc-4c11-b568-5a096850e705"",""replica"":""56b3bc11-84b5-4316-abf1-2dec254f4739""}",2026-03-27T23:35:21.333096594Z
[DB] Synced 0 accounts to database,info,"{""level"":""info""}","{""project"":""ce3616d9-58ad-4ec7-a294-1821e1564434"",""environment"":""fb6513d0-42a4-4660-82b5-509c54b15f2a"",""service"":""4978aa94-666c-47c7-8024-3ada55195a51"",""deployment"":""b4365154-eadc-4c11-b568-5a096850e705"",""replica"":""56b3bc11-84b5-4316-abf1-2dec254f4739""}",2026-03-27T23:35:51.491139904Z
[DB] Synced 0 accounts to database,info,"{""level"":""info""}","{""project"":""ce3616d9-58ad-4ec7-a294-1821e1564434"",""environment"":""fb6513d0-42a4-4660-82b5-509c54b15f2a"",""service"":""4978aa94-666c-47c7-8024-3ada55195a51"",""deployment"":""b4365154-eadc-4c11-b568-5a096850e705"",""replica"":""56b3bc11-84b5-4316-abf1-2dec254f4739""}",2026-03-27T23:36:20.662885041Z
[DB] Synced 0 accounts to database,info,"{""level"":""info""}","{""project"":""ce3616d9-58ad-4ec7-a294-1821e1564434"",""environment"":""fb6513d0-42a4-4660-82b5-509c54b15f2a"",""service"":""4978aa94-666c-47c7-8024-3ada55195a51"",""deployment"":""b4365154-eadc-4c11-b568-5a096850e705"",""replica"":""56b3bc11-84b5-4316-abf1-2dec254f4739""}",2026-03-27T23:37:01.662746383Z
[DB] Synced 0 accounts to database,info,"{""level"":""info""}","{""project"":""ce3616d9-58ad-4ec7-a294-1821e1564434"",""environment"":""fb6513d0-42a4-4660-82b5-509c54b15f2a"",""service"":""4978aa94-666c-47c7-8024-3ada55195a51"",""deployment"":""b4365154-eadc-4c11-b568-5a096850e705"",""replica"":""56b3bc11-84b5-4316-abf1-2dec254f4739""}",2026-03-27T23:37:21.758643881Z
[DB] Synced 0 accounts to database,info,"{""level"":""info""}","{""project"":""ce3616d9-58ad-4ec7-a294-1821e1564434"",""environment"":""fb6513d0-42a4-4660-82b5-509c54b15f2a"",""service"":""4978aa94-666c-47c7-8024-3ada55195a51"",""deployment"":""b4365154-eadc-4c11-b568-5a096850e705"",""replica"":""56b3bc11-84b5-4316-abf1-2dec254f4739""}",2026-03-27T23:37:50.924279571Z
[DB] Synced 0 accounts to database,info,"{""level"":""info""}","{""project"":""ce3616d9-58ad-4ec7-a294-1821e1564434"",""environment"":""fb6513d0-42a4-4660-82b5-509c54b15f2a"",""service"":""4978aa94-666c-47c7-8024-3ada55195a51"",""deployment"":""b4365154-eadc-4c11-b568-5a096850e705"",""replica"":""56b3bc11-84b5-4316-abf1-2dec254f4739""}",2026-03-27T23:38:20.964796606Z
[DB] Synced 0 accounts to database,info,"{""level"":""info""}","{""project"":""ce3616d9-58ad-4ec7-a294-1821e1564434"",""environment"":""fb6513d0-42a4-4660-82b5-509c54b15f2a"",""service"":""4978aa94-666c-47c7-8024-3ada55195a51"",""deployment"":""b4365154-eadc-4c11-b568-5a096850e705"",""replica"":""56b3bc11-84b5-4316-abf1-2dec254f4739""}",2026-03-27T23:38:51.473543695Z
[DB] Synced 0 accounts to database,info,"{""level"":""info""}","{""project"":""ce3616d9-58ad-4ec7-a294-1821e1564434"",""environment"":""fb6513d0-42a4-4660-82b5-509c54b15f2a"",""service"":""4978aa94-666c-47c7-8024-3ada55195a51"",""deployment"":""b4365154-eadc-4c11-b568-5a096850e705"",""replica"":""56b3bc11-84b5-4316-abf1-2dec254f4739""}",2026-03-27T23:39:20.996523720Z
[DB] Synced 0 accounts to database,info,"{""level"":""info""}","{""project"":""ce3616d9-58ad-4ec7-a294-1821e1564434"",""environment"":""fb6513d0-42a4-4660-82b5-509c54b15f2a"",""service"":""4978aa94-666c-47c7-8024-3ada55195a51"",""deployment"":""b4365154-eadc-4c11-b568-5a096850e705"",""replica"":""56b3bc11-84b5-4316-abf1-2dec254f4739""}",2026-03-27T23:40:01.653631272Z
[DB] Synced 0 accounts to database,info,"{""level"":""info""}","{""project"":""ce3616d9-58ad-4ec7-a294-1821e1564434"",""environment"":""fb6513d0-42a4-4660-82b5-509c54b15f2a"",""service"":""4978aa94-666c-47c7-8024-3ada55195a51"",""deployment"":""b4365154-eadc-4c11-b568-5a096850e705"",""replica"":""56b3bc11-84b5-4316-abf1-2dec254f4739""}",2026-03-27T23:40:21.404689422Z
[DB] Synced 0 accounts to database,info,"{""level"":""info""}","{""project"":""ce3616d9-58ad-4ec7-a294-1821e1564434"",""environment"":""fb6513d0-42a4-4660-82b5-509c54b15f2a"",""service"":""4978aa94-666c-47c7-8024-3ada55195a51"",""deployment"":""b4365154-eadc-4c11-b568-5a096850e705"",""replica"":""56b3bc11-84b5-4316-abf1-2dec254f4739""}",2026-03-27T23:40:51.776373416Z
[DB] Synced 0 accounts to database,info,"{""level"":""info""}","{""project"":""ce3616d9-58ad-4ec7-a294-1821e1564434"",""environment"":""fb6513d0-42a4-4660-82b5-509c54b15f2a"",""service"":""4978aa94-666c-47c7-8024-3ada55195a51"",""deployment"":""b4365154-eadc-4c11-b568-5a096850e705"",""replica"":""56b3bc11-84b5-4316-abf1-2dec254f4739""}",2026-03-27T23:41:21.093755653Z
[DB] Synced 0 accounts to database,info,"{""level"":""info""}","{""project"":""ce3616d9-58ad-4ec7-a294-1821e1564434"",""environment"":""fb6513d0-42a4-4660-82b5-509c54b15f2a"",""service"":""4978aa94-666c-47c7-8024-3ada55195a51"",""deployment"":""b4365154-eadc-4c11-b568-5a096850e705"",""replica"":""56b3bc11-84b5-4316-abf1-2dec254f4739""}",2026-03-27T23:41:51.129177452Z
[DB] Synced 0 accounts to database,info,"{""level"":""info""}","{""project"":""ce3616d9-58ad-4ec7-a294-1821e1564434"",""environment"":""fb6513d0-42a4-4660-82b5-509c54b15f2a"",""service"":""4978aa94-666c-47c7-8024-3ada55195a51"",""deployment"":""b4365154-eadc-4c11-b568-5a096850e705"",""replica"":""56b3bc11-84b5-4316-abf1-2dec254f4739""}",2026-03-27T23:42:31.461645421Z
[DB] Synced 0 accounts to database,info,"{""level"":""info""}","{""project"":""ce3616d9-58ad-4ec7-a294-1821e1564434"",""environment"":""fb6513d0-42a4-4660-82b5-509c54b15f2a"",""service"":""4978aa94-666c-47c7-8024-3ada55195a51"",""deployment"":""b4365154-eadc-4c11-b568-5a096850e705"",""replica"":""56b3bc11-84b5-4316-abf1-2dec254f4739""}",2026-03-27T23:42:51.474905430Z
[DB] Synced 0 accounts to database,info,"{""level"":""info""}","{""project"":""ce3616d9-58ad-4ec7-a294-1821e1564434"",""environment"":""fb6513d0-42a4-4660-82b5-509c54b15f2a"",""service"":""4978aa94-666c-47c7-8024-3ada55195a51"",""deployment"":""b4365154-eadc-4c11-b568-5a096850e705"",""replica"":""56b3bc11-84b5-4316-abf1-2dec254f4739""}",2026-03-27T23:43:21.272973895Z
Client connected: T6vHXw90DcFomBRsAAAP,info,"{""level"":""info""}","{""project"":""ce3616d9-58ad-4ec7-a294-1821e1564434"",""environment"":""fb6513d0-42a4-4660-82b5-509c54b15f2a"",""service"":""4978aa94-666c-47c7-8024-3ada55195a51"",""deployment"":""b4365154-eadc-4c11-b568-5a096850e705"",""replica"":""56b3bc11-84b5-4316-abf1-2dec254f4739""}",2026-03-27T23:43:41.538811673Z
[DB] Synced 0 accounts to database,info,"{""level"":""info""}","{""project"":""ce3616d9-58ad-4ec7-a294-1821e1564434"",""environment"":""fb6513d0-42a4-4660-82b5-509c54b15f2a"",""service"":""4978aa94-666c-47c7-8024-3ada55195a51"",""deployment"":""b4365154-eadc-4c11-b568-5a096850e705"",""replica"":""56b3bc11-84b5-4316-abf1-2dec254f4739""}",2026-03-27T23:43:51.478078366Z
[DB] Synced 0 accounts to database,info,"{""level"":""info""}","{""project"":""ce3616d9-58ad-4ec7-a294-1821e1564434"",""environment"":""fb6513d0-42a4-4660-82b5-509c54b15f2a"",""service"":""4978aa94-666c-47c7-8024-3ada55195a51"",""deployment"":""b4365154-eadc-4c11-b568-5a096850e705"",""replica"":""56b3bc11-84b5-4316-abf1-2dec254f4739""}",2026-03-27T23:44:31.688120450Z
[DB] Synced 0 accounts to database,info,"{""level"":""info""}","{""project"":""ce3616d9-58ad-4ec7-a294-1821e1564434"",""environment"":""fb6513d0-42a4-4660-82b5-509c54b15f2a"",""service"":""4978aa94-666c-47c7-8024-3ada55195a51"",""deployment"":""b4365154-eadc-4c11-b568-5a096850e705"",""replica"":""56b3bc11-84b5-4316-abf1-2dec254f4739""}",2026-03-27T23:45:02.439366613Z
[DB] Synced 0 accounts to database,info,"{""level"":""info""}","{""project"":""ce3616d9-58ad-4ec7-a294-1821e1564434"",""environment"":""fb6513d0-42a4-4660-82b5-509c54b15f2a"",""service"":""4978aa94-666c-47c7-8024-3ada55195a51"",""deployment"":""b4365154-eadc-4c11-b568-5a096850e705"",""replica"":""56b3bc11-84b5-4316-abf1-2dec254f4739""}",2026-03-27T23:45:22.094810551Z
[DB] Synced 0 accounts to database,info,"{""level"":""info""}","{""project"":""ce3616d9-58ad-4ec7-a294-1821e1564434"",""environment"":""fb6513d0-42a4-4660-82b5-509c54b15f2a"",""service"":""4978aa94-666c-47c7-8024-3ada55195a51"",""deployment"":""b4365154-eadc-4c11-b568-5a096850e705"",""replica"":""56b3bc11-84b5-4316-abf1-2dec254f4739""}",2026-03-27T23:45:52.326145843Z
Client disconnected: T6vHXw90DcFomBRsAAAP,info,"{""level"":""info""}","{""project"":""ce3616d9-58ad-4ec7-a294-1821e1564434"",""environment"":""fb6513d0-42a4-4660-82b5-509c54b15f2a"",""service"":""4978aa94-666c-47c7-8024-3ada55195a51"",""deployment"":""b4365154-eadc-4c11-b568-5a096850e705"",""replica"":""56b3bc11-84b5-4316-abf1-2dec254f4739""}",2026-03-27T23:45:58.368395032Z
[DB] Synced 0 accounts to database,info,"{""level"":""info""}","{""project"":""ce3616d9-58ad-4ec7-a294-1821e1564434"",""environment"":""fb6513d0-42a4-4660-82b5-509c54b15f2a"",""service"":""4978aa94-666c-47c7-8024-3ada55195a51"",""deployment"":""b4365154-eadc-4c11-b568-5a096850e705"",""replica"":""56b3bc11-84b5-4316-abf1-2dec254f4739""}",2026-03-27T23:46:28.393134448Z
[DB] Synced 0 accounts to database,info,"{""level"":""info""}","{""project"":""ce3616d9-58ad-4ec7-a294-1821e1564434"",""environment"":""fb6513d0-42a4-4660-82b5-509c54b15f2a"",""service"":""4978aa94-666c-47c7-8024-3ada55195a51"",""deployment"":""b4365154-eadc-4c11-b568-5a096850e705"",""replica"":""56b3bc11-84b5-4316-abf1-2dec254f4739""}",2026-03-27T23:46:58.480738157Z
Client connected: GkCJG4ZSAilMgt0oAAAR,info,"{""level"":""info""}","{""project"":""ce3616d9-58ad-4ec7-a294-1821e1564434"",""environment"":""fb6513d0-42a4-4660-82b5-509c54b15f2a"",""service"":""4978aa94-666c-47c7-8024-3ada55195a51"",""deployment"":""b4365154-eadc-4c11-b568-5a096850e705"",""replica"":""56b3bc11-84b5-4316-abf1-2dec254f4739""}",2026-03-27T23:46:58.480744077Z
[DB] Synced 0 accounts to database,info,"{""level"":""info""}","{""project"":""ce3616d9-58ad-4ec7-a294-1821e1564434"",""environment"":""fb6513d0-42a4-4660-82b5-509c54b15f2a"",""service"":""4978aa94-666c-47c7-8024-3ada55195a51"",""deployment"":""b4365154-eadc-4c11-b568-5a096850e705"",""replica"":""56b3bc11-84b5-4316-abf1-2dec254f4739""}",2026-03-27T23:47:28.639658874Z
[DB] Synced 0 accounts to database,info,"{""level"":""info""}","{""project"":""ce3616d9-58ad-4ec7-a294-1821e1564434"",""environment"":""fb6513d0-42a4-4660-82b5-509c54b15f2a"",""service"":""4978aa94-666c-47c7-8024-3ada55195a51"",""deployment"":""b4365154-eadc-4c11-b568-5a096850e705"",""replica"":""56b3bc11-84b5-4316-abf1-2dec254f4739""}",2026-03-27T23:47:58.917407061Z
Client connected: 07I4O1e6LherDUD3AAAT,info,"{""level"":""info""}","{""project"":""ce3616d9-58ad-4ec7-a294-1821e1564434"",""environment"":""fb6513d0-42a4-4660-82b5-509c54b15f2a"",""service"":""4978aa94-666c-47c7-8024-3ada55195a51"",""deployment"":""b4365154-eadc-4c11-b568-5a096850e705"",""replica"":""56b3bc11-84b5-4316-abf1-2dec254f4739""}",2026-03-27T23:48:18.141318266Z
[DB] Synced 0 accounts to database,info,"{""level"":""info""}","{""project"":""ce3616d9-58ad-4ec7-a294-1821e1564434"",""environment"":""fb6513d0-42a4-4660-82b5-509c54b15f2a"",""service"":""4978aa94-666c-47c7-8024-3ada55195a51"",""deployment"":""b4365154-eadc-4c11-b568-5a096850e705"",""replica"":""56b3bc11-84b5-4316-abf1-2dec254f4739""}",2026-03-27T23:48:21.376723445Z
[DB] Synced 0 accounts to database,info,"{""level"":""info""}","{""project"":""ce3616d9-58ad-4ec7-a294-1821e1564434"",""environment"":""fb6513d0-42a4-4660-82b5-509c54b15f2a"",""service"":""4978aa94-666c-47c7-8024-3ada55195a51"",""deployment"":""b4365154-eadc-4c11-b568-5a096850e705"",""replica"":""56b3bc11-84b5-4316-abf1-2dec254f4739""}",2026-03-27T23:48:52.630511612Z
[DB] Synced 0 accounts to database,info,"{""level"":""info""}","{""project"":""ce3616d9-58ad-4ec7-a294-1821e1564434"",""environment"":""fb6513d0-42a4-4660-82b5-509c54b15f2a"",""service"":""4978aa94-666c-47c7-8024-3ada55195a51"",""deployment"":""b4365154-eadc-4c11-b568-5a096850e705"",""replica"":""56b3bc11-84b5-4316-abf1-2dec254f4739""}",2026-03-27T23:49:22.555540113Z
"[WA API] POST to: http://localhost:3030/session/start? Body: {""accountId"":""akun satu"",""usePairingCode"":false}",info,"{""level"":""info""}","{""project"":""ce3616d9-58ad-4ec7-a294-1821e1564434"",""environment"":""fb6513d0-42a4-4660-82b5-509c54b15f2a"",""service"":""4978aa94-666c-47c7-8024-3ada55195a51"",""deployment"":""b4365154-eadc-4c11-b568-5a096850e705"",""replica"":""56b3bc11-84b5-4316-abf1-2dec254f4739""}",2026-03-27T23:49:42.476048093Z
==========================================,info,"{""level"":""info""}","{""project"":""ce3616d9-58ad-4ec7-a294-1821e1564434"",""environment"":""fb6513d0-42a4-4660-82b5-509c54b15f2a"",""service"":""4978aa94-666c-47c7-8024-3ada55195a51"",""deployment"":""b4365154-eadc-4c11-b568-5a096850e705"",""replica"":""56b3bc11-84b5-4316-abf1-2dec254f4739""}",2026-03-27T23:49:42.476055150Z
[SESSION/START] Request received: {,info,"{""level"":""info""}","{""project"":""ce3616d9-58ad-4ec7-a294-1821e1564434"",""environment"":""fb6513d0-42a4-4660-82b5-509c54b15f2a"",""service"":""4978aa94-666c-47c7-8024-3ada55195a51"",""deployment"":""b4365154-eadc-4c11-b568-5a096850e705"",""replica"":""56b3bc11-84b5-4316-abf1-2dec254f4739""}",2026-03-27T23:49:42.476065739Z
"  accountId: 'akun satu',",info,"{""level"":""info""}","{""project"":""ce3616d9-58ad-4ec7-a294-1821e1564434"",""environment"":""fb6513d0-42a4-4660-82b5-509c54b15f2a"",""service"":""4978aa94-666c-47c7-8024-3ada55195a51"",""deployment"":""b4365154-eadc-4c11-b568-5a096850e705"",""replica"":""56b3bc11-84b5-4316-abf1-2dec254f4739""}",2026-03-27T23:49:42.476072673Z
"  usePairingCode: false,",info,"{""level"":""info""}","{""project"":""ce3616d9-58ad-4ec7-a294-1821e1564434"",""environment"":""fb6513d0-42a4-4660-82b5-509c54b15f2a"",""service"":""4978aa94-666c-47c7-8024-3ada55195a51"",""deployment"":""b4365154-eadc-4c11-b568-5a096850e705"",""replica"":""56b3bc11-84b5-4316-abf1-2dec254f4739""}",2026-03-27T23:49:42.476079713Z
"  phoneNumber: undefined,",info,"{""level"":""info""}","{""project"":""ce3616d9-58ad-4ec7-a294-1821e1564434"",""environment"":""fb6513d0-42a4-4660-82b5-509c54b15f2a"",""service"":""4978aa94-666c-47c7-8024-3ada55195a51"",""deployment"":""b4365154-eadc-4c11-b568-5a096850e705"",""replica"":""56b3bc11-84b5-4316-abf1-2dec254f4739""}",2026-03-27T23:49:42.476087095Z
  forceNew: undefined,info,"{""level"":""info""}","{""project"":""ce3616d9-58ad-4ec7-a294-1821e1564434"",""environment"":""fb6513d0-42a4-4660-82b5-509c54b15f2a"",""service"":""4978aa94-666c-47c7-8024-3ada55195a51"",""deployment"":""b4365154-eadc-4c11-b568-5a096850e705"",""replica"":""56b3bc11-84b5-4316-abf1-2dec254f4739""}",2026-03-27T23:49:42.476097865Z
},info,"{""level"":""info""}","{""project"":""ce3616d9-58ad-4ec7-a294-1821e1564434"",""environment"":""fb6513d0-42a4-4660-82b5-509c54b15f2a"",""service"":""4978aa94-666c-47c7-8024-3ada55195a51"",""deployment"":""b4365154-eadc-4c11-b568-5a096850e705"",""replica"":""56b3bc11-84b5-4316-abf1-2dec254f4739""}",2026-03-27T23:49:42.476104945Z
==========================================,info,"{""level"":""info""}","{""project"":""ce3616d9-58ad-4ec7-a294-1821e1564434"",""environment"":""fb6513d0-42a4-4660-82b5-509c54b15f2a"",""service"":""4978aa94-666c-47c7-8024-3ada55195a51"",""deployment"":""b4365154-eadc-4c11-b568-5a096850e705"",""replica"":""56b3bc11-84b5-4316-abf1-2dec254f4739""}",2026-03-27T23:49:42.476112531Z
"[SESSION/START] Validation failed: accountId can only contain letters, numbers, dash, and underscore",info,"{""level"":""info""}","{""project"":""ce3616d9-58ad-4ec7-a294-1821e1564434"",""environment"":""fb6513d0-42a4-4660-82b5-509c54b15f2a"",""service"":""4978aa94-666c-47c7-8024-3ada55195a51"",""deployment"":""b4365154-eadc-4c11-b568-5a096850e705"",""replica"":""56b3bc11-84b5-4316-abf1-2dec254f4739""}",2026-03-27T23:49:42.476118851Z
[WA API] Response: 400 {,info,"{""level"":""info""}","{""project"":""ce3616d9-58ad-4ec7-a294-1821e1564434"",""environment"":""fb6513d0-42a4-4660-82b5-509c54b15f2a"",""service"":""4978aa94-666c-47c7-8024-3ada55195a51"",""deployment"":""b4365154-eadc-4c11-b568-5a096850e705"",""replica"":""56b3bc11-84b5-4316-abf1-2dec254f4739""}",2026-03-27T23:49:42.476126734Z
"  error: ""accountId can only contain letters, numbers, dash, and underscore"",",info,"{""level"":""info""}","{""project"":""ce3616d9-58ad-4ec7-a294-1821e1564434"",""environment"":""fb6513d0-42a4-4660-82b5-509c54b15f2a"",""service"":""4978aa94-666c-47c7-8024-3ada55195a51"",""deployment"":""b4365154-eadc-4c11-b568-5a096850e705"",""replica"":""56b3bc11-84b5-4316-abf1-2dec254f4739""}",2026-03-27T23:49:42.476134364Z
},info,"{""level"":""info""}","{""project"":""ce3616d9-58ad-4ec7-a294-1821e1564434"",""environment"":""fb6513d0-42a4-4660-82b5-509c54b15f2a"",""service"":""4978aa94-666c-47c7-8024-3ada55195a51"",""deployment"":""b4365154-eadc-4c11-b568-5a096850e705"",""replica"":""56b3bc11-84b5-4316-abf1-2dec254f4739""}",2026-03-27T23:49:42.476140701Z
"  usePairingCode: false,",info,"{""level"":""info""}","{""project"":""ce3616d9-58ad-4ec7-a294-1821e1564434"",""environment"":""fb6513d0-42a4-4660-82b5-509c54b15f2a"",""service"":""4978aa94-666c-47c7-8024-3ada55195a51"",""deployment"":""b4365154-eadc-4c11-b568-5a096850e705"",""replica"":""56b3bc11-84b5-4316-abf1-2dec254f4739""}",2026-03-27T23:49:47.277615767Z
[START SESSION] - creds.me.name: N/A,info,"{""level"":""info""}","{""project"":""ce3616d9-58ad-4ec7-a294-1821e1564434"",""environment"":""fb6513d0-42a4-4660-82b5-509c54b15f2a"",""service"":""4978aa94-666c-47c7-8024-3ada55195a51"",""deployment"":""b4365154-eadc-4c11-b568-5a096850e705"",""replica"":""56b3bc11-84b5-4316-abf1-2dec254f4739""}",2026-03-27T23:49:47.277642678Z
"  phoneNumber: undefined,",info,"{""level"":""info""}","{""project"":""ce3616d9-58ad-4ec7-a294-1821e1564434"",""environment"":""fb6513d0-42a4-4660-82b5-509c54b15f2a"",""service"":""4978aa94-666c-47c7-8024-3ada55195a51"",""deployment"":""b4365154-eadc-4c11-b568-5a096850e705"",""replica"":""56b3bc11-84b5-4316-abf1-2dec254f4739""}",2026-03-27T23:49:47.277645543Z
[START SESSION] Auth state loaded:,info,"{""level"":""info""}","{""project"":""ce3616d9-58ad-4ec7-a294-1821e1564434"",""environment"":""fb6513d0-42a4-4660-82b5-509c54b15f2a"",""service"":""4978aa94-666c-47c7-8024-3ada55195a51"",""deployment"":""b4365154-eadc-4c11-b568-5a096850e705"",""replica"":""56b3bc11-84b5-4316-abf1-2dec254f4739""}",2026-03-27T23:49:47.277648276Z
  forceNew: false,info,"{""level"":""info""}","{""project"":""ce3616d9-58ad-4ec7-a294-1821e1564434"",""environment"":""fb6513d0-42a4-4660-82b5-509c54b15f2a"",""service"":""4978aa94-666c-47c7-8024-3ada55195a51"",""deployment"":""b4365154-eadc-4c11-b568-5a096850e705"",""replica"":""56b3bc11-84b5-4316-abf1-2dec254f4739""}",2026-03-27T23:49:47.277666076Z
[START SESSION] - hasCreds: true,info,"{""level"":""info""}","{""project"":""ce3616d9-58ad-4ec7-a294-1821e1564434"",""environment"":""fb6513d0-42a4-4660-82b5-509c54b15f2a"",""service"":""4978aa94-666c-47c7-8024-3ada55195a51"",""deployment"":""b4365154-eadc-4c11-b568-5a096850e705"",""replica"":""56b3bc11-84b5-4316-abf1-2dec254f4739""}",2026-03-27T23:49:47.277668008Z
[START SESSION] - creds.me exists: false,info,"{""level"":""info""}","{""project"":""ce3616d9-58ad-4ec7-a294-1821e1564434"",""environment"":""fb6513d0-42a4-4660-82b5-509c54b15f2a"",""service"":""4978aa94-666c-47c7-8024-3ada55195a51"",""deployment"":""b4365154-eadc-4c11-b568-5a096850e705"",""replica"":""56b3bc11-84b5-4316-abf1-2dec254f4739""}",2026-03-27T23:49:47.277688557Z
},info,"{""level"":""info""}","{""project"":""ce3616d9-58ad-4ec7-a294-1821e1564434"",""environment"":""fb6513d0-42a4-4660-82b5-509c54b15f2a"",""service"":""4978aa94-666c-47c7-8024-3ada55195a51"",""deployment"":""b4365154-eadc-4c11-b568-5a096850e705"",""replica"":""56b3bc11-84b5-4316-abf1-2dec254f4739""}",2026-03-27T23:49:47.277692920Z
[START SESSION] - creds.me.id: N/A,info,"{""level"":""info""}","{""project"":""ce3616d9-58ad-4ec7-a294-1821e1564434"",""environment"":""fb6513d0-42a4-4660-82b5-509c54b15f2a"",""service"":""4978aa94-666c-47c7-8024-3ada55195a51"",""deployment"":""b4365154-eadc-4c11-b568-5a096850e705"",""replica"":""56b3bc11-84b5-4316-abf1-2dec254f4739""}",2026-03-27T23:49:47.277703809Z
[START SESSION] Current accounts: [],info,"{""level"":""info""}","{""project"":""ce3616d9-58ad-4ec7-a294-1821e1564434"",""environment"":""fb6513d0-42a4-4660-82b5-509c54b15f2a"",""service"":""4978aa94-666c-47c7-8024-3ada55195a51"",""deployment"":""b4365154-eadc-4c11-b568-5a096850e705"",""replica"":""56b3bc11-84b5-4316-abf1-2dec254f4739""}",2026-03-27T23:49:47.277709752Z
"[WA API] POST to: http://localhost:3030/session/start? Body: {""accountId"":""akunsatu"",""usePairingCode"":false}",info,"{""level"":""info""}","{""project"":""ce3616d9-58ad-4ec7-a294-1821e1564434"",""environment"":""fb6513d0-42a4-4660-82b5-509c54b15f2a"",""service"":""4978aa94-666c-47c7-8024-3ada55195a51"",""deployment"":""b4365154-eadc-4c11-b568-5a096850e705"",""replica"":""56b3bc11-84b5-4316-abf1-2dec254f4739""}",2026-03-27T23:49:47.277717719Z
==========================================,info,"{""level"":""info""}","{""project"":""ce3616d9-58ad-4ec7-a294-1821e1564434"",""environment"":""fb6513d0-42a4-4660-82b5-509c54b15f2a"",""service"":""4978aa94-666c-47c7-8024-3ada55195a51"",""deployment"":""b4365154-eadc-4c11-b568-5a096850e705"",""replica"":""56b3bc11-84b5-4316-abf1-2dec254f4739""}",2026-03-27T23:49:47.277725304Z
==========================================,info,"{""level"":""info""}","{""project"":""ce3616d9-58ad-4ec7-a294-1821e1564434"",""environment"":""fb6513d0-42a4-4660-82b5-509c54b15f2a"",""service"":""4978aa94-666c-47c7-8024-3ada55195a51"",""deployment"":""b4365154-eadc-4c11-b568-5a096850e705"",""replica"":""56b3bc11-84b5-4316-abf1-2dec254f4739""}",2026-03-27T23:49:47.277730014Z
[SESSION/START] Request received: {,info,"{""level"":""info""}","{""project"":""ce3616d9-58ad-4ec7-a294-1821e1564434"",""environment"":""fb6513d0-42a4-4660-82b5-509c54b15f2a"",""service"":""4978aa94-666c-47c7-8024-3ada55195a51"",""deployment"":""b4365154-eadc-4c11-b568-5a096850e705"",""replica"":""56b3bc11-84b5-4316-abf1-2dec254f4739""}",2026-03-27T23:49:47.277740918Z
[START SESSION] Session directory created: /app/mini-services/whatsapp-service/sessions/akunsatu,info,"{""level"":""info""}","{""project"":""ce3616d9-58ad-4ec7-a294-1821e1564434"",""environment"":""fb6513d0-42a4-4660-82b5-509c54b15f2a"",""service"":""4978aa94-666c-47c7-8024-3ada55195a51"",""deployment"":""b4365154-eadc-4c11-b568-5a096850e705"",""replica"":""56b3bc11-84b5-4316-abf1-2dec254f4739""}",2026-03-27T23:49:47.277748915Z
"  accountId: 'akunsatu',",info,"{""level"":""info""}","{""project"":""ce3616d9-58ad-4ec7-a294-1821e1564434"",""environment"":""fb6513d0-42a4-4660-82b5-509c54b15f2a"",""service"":""4978aa94-666c-47c7-8024-3ada55195a51"",""deployment"":""b4365154-eadc-4c11-b568-5a096850e705"",""replica"":""56b3bc11-84b5-4316-abf1-2dec254f4739""}",2026-03-27T23:49:47.277750647Z
"  usePairingCode: false,",info,"{""level"":""info""}","{""project"":""ce3616d9-58ad-4ec7-a294-1821e1564434"",""environment"":""fb6513d0-42a4-4660-82b5-509c54b15f2a"",""service"":""4978aa94-666c-47c7-8024-3ada55195a51"",""deployment"":""b4365154-eadc-4c11-b568-5a096850e705"",""replica"":""56b3bc11-84b5-4316-abf1-2dec254f4739""}",2026-03-27T23:49:47.277760757Z
[START SESSION] Loading auth state...,info,"{""level"":""info""}","{""project"":""ce3616d9-58ad-4ec7-a294-1821e1564434"",""environment"":""fb6513d0-42a4-4660-82b5-509c54b15f2a"",""service"":""4978aa94-666c-47c7-8024-3ada55195a51"",""deployment"":""b4365154-eadc-4c11-b568-5a096850e705"",""replica"":""56b3bc11-84b5-4316-abf1-2dec254f4739""}",2026-03-27T23:49:47.277766163Z
"  phoneNumber: undefined,",info,"{""level"":""info""}","{""project"":""ce3616d9-58ad-4ec7-a294-1821e1564434"",""environment"":""fb6513d0-42a4-4660-82b5-509c54b15f2a"",""service"":""4978aa94-666c-47c7-8024-3ada55195a51"",""deployment"":""b4365154-eadc-4c11-b568-5a096850e705"",""replica"":""56b3bc11-84b5-4316-abf1-2dec254f4739""}",2026-03-27T23:49:47.277771828Z
  forceNew: undefined,info,"{""level"":""info""}","{""project"":""ce3616d9-58ad-4ec7-a294-1821e1564434"",""environment"":""fb6513d0-42a4-4660-82b5-509c54b15f2a"",""service"":""4978aa94-666c-47c7-8024-3ada55195a51"",""deployment"":""b4365154-eadc-4c11-b568-5a096850e705"",""replica"":""56b3bc11-84b5-4316-abf1-2dec254f4739""}",2026-03-27T23:49:47.277777064Z
},info,"{""level"":""info""}","{""project"":""ce3616d9-58ad-4ec7-a294-1821e1564434"",""environment"":""fb6513d0-42a4-4660-82b5-509c54b15f2a"",""service"":""4978aa94-666c-47c7-8024-3ada55195a51"",""deployment"":""b4365154-eadc-4c11-b568-5a096850e705"",""replica"":""56b3bc11-84b5-4316-abf1-2dec254f4739""}",2026-03-27T23:49:47.277782518Z
==========================================,info,"{""level"":""info""}","{""project"":""ce3616d9-58ad-4ec7-a294-1821e1564434"",""environment"":""fb6513d0-42a4-4660-82b5-509c54b15f2a"",""service"":""4978aa94-666c-47c7-8024-3ada55195a51"",""deployment"":""b4365154-eadc-4c11-b568-5a096850e705"",""replica"":""56b3bc11-84b5-4316-abf1-2dec254f4739""}",2026-03-27T23:49:47.277790084Z
[SESSION/START] Starting session for: akunsatu forceNew: false,info,"{""level"":""info""}","{""project"":""ce3616d9-58ad-4ec7-a294-1821e1564434"",""environment"":""fb6513d0-42a4-4660-82b5-509c54b15f2a"",""service"":""4978aa94-666c-47c7-8024-3ada55195a51"",""deployment"":""b4365154-eadc-4c11-b568-5a096850e705"",""replica"":""56b3bc11-84b5-4316-abf1-2dec254f4739""}",2026-03-27T23:49:47.277796551Z
==========================================,info,"{""level"":""info""}","{""project"":""ce3616d9-58ad-4ec7-a294-1821e1564434"",""environment"":""fb6513d0-42a4-4660-82b5-509c54b15f2a"",""service"":""4978aa94-666c-47c7-8024-3ada55195a51"",""deployment"":""b4365154-eadc-4c11-b568-5a096850e705"",""replica"":""56b3bc11-84b5-4316-abf1-2dec254f4739""}",2026-03-27T23:49:47.277802240Z
[START SESSION] Called with: {,info,"{""level"":""info""}","{""project"":""ce3616d9-58ad-4ec7-a294-1821e1564434"",""environment"":""fb6513d0-42a4-4660-82b5-509c54b15f2a"",""service"":""4978aa94-666c-47c7-8024-3ada55195a51"",""deployment"":""b4365154-eadc-4c11-b568-5a096850e705"",""replica"":""56b3bc11-84b5-4316-abf1-2dec254f4739""}",2026-03-27T23:49:47.277808358Z
"  accountId: 'akunsatu',",info,"{""level"":""info""}","{""project"":""ce3616d9-58ad-4ec7-a294-1821e1564434"",""environment"":""fb6513d0-42a4-4660-82b5-509c54b15f2a"",""service"":""4978aa94-666c-47c7-8024-3ada55195a51"",""deployment"":""b4365154-eadc-4c11-b568-5a096850e705"",""replica"":""56b3bc11-84b5-4316-abf1-2dec254f4739""}",2026-03-27T23:49:47.277814516Z
[START SESSION] - This account will: REGISTER (expect QR),info,"{""level"":""info""}","{""project"":""ce3616d9-58ad-4ec7-a294-1821e1564434"",""environment"":""fb6513d0-42a4-4660-82b5-509c54b15f2a"",""service"":""4978aa94-666c-47c7-8024-3ada55195a51"",""deployment"":""b4365154-eadc-4c11-b568-5a096850e705"",""replica"":""56b3bc11-84b5-4316-abf1-2dec254f4739""}",2026-03-27T23:49:48.310848228Z
[START SESSION] ⚠️ INCOMPLETE SESSION DETECTED! creds exists but no me identity.,info,"{""level"":""info""}","{""project"":""ce3616d9-58ad-4ec7-a294-1821e1564434"",""environment"":""fb6513d0-42a4-4660-82b5-509c54b15f2a"",""service"":""4978aa94-666c-47c7-8024-3ada55195a51"",""deployment"":""b4365154-eadc-4c11-b568-5a096850e705"",""replica"":""56b3bc11-84b5-4316-abf1-2dec254f4739""}",2026-03-27T23:49:48.310857342Z
[START SESSION] This happens when QR was generated but never scanned.,info,"{""level"":""info""}","{""project"":""ce3616d9-58ad-4ec7-a294-1821e1564434"",""environment"":""fb6513d0-42a4-4660-82b5-509c54b15f2a"",""service"":""4978aa94-666c-47c7-8024-3ada55195a51"",""deployment"":""b4365154-eadc-4c11-b568-5a096850e705"",""replica"":""56b3bc11-84b5-4316-abf1-2dec254f4739""}",2026-03-27T23:49:48.310863274Z
[START SESSION] Auto-clearing incomplete session to force fresh QR generation...,info,"{""level"":""info""}","{""project"":""ce3616d9-58ad-4ec7-a294-1821e1564434"",""environment"":""fb6513d0-42a4-4660-82b5-509c54b15f2a"",""service"":""4978aa94-666c-47c7-8024-3ada55195a51"",""deployment"":""b4365154-eadc-4c11-b568-5a096850e705"",""replica"":""56b3bc11-84b5-4316-abf1-2dec254f4739""}",2026-03-27T23:49:48.310868223Z
[CLEAR SESSION] Attempting to clear session for: akunsatu,info,"{""level"":""info""}","{""project"":""ce3616d9-58ad-4ec7-a294-1821e1564434"",""environment"":""fb6513d0-42a4-4660-82b5-509c54b15f2a"",""service"":""4978aa94-666c-47c7-8024-3ada55195a51"",""deployment"":""b4365154-eadc-4c11-b568-5a096850e705"",""replica"":""56b3bc11-84b5-4316-abf1-2dec254f4739""}",2026-03-27T23:49:48.310873616Z
[CLEAR SESSION] Session path: /app/mini-services/whatsapp-service/sessions/akunsatu,info,"{""level"":""info""}","{""project"":""ce3616d9-58ad-4ec7-a294-1821e1564434"",""environment"":""fb6513d0-42a4-4660-82b5-509c54b15f2a"",""service"":""4978aa94-666c-47c7-8024-3ada55195a51"",""deployment"":""b4365154-eadc-4c11-b568-5a096850e705"",""replica"":""56b3bc11-84b5-4316-abf1-2dec254f4739""}",2026-03-27T23:49:48.310879912Z
[CLEAR SESSION] Session directory exists,info,"{""level"":""info""}","{""project"":""ce3616d9-58ad-4ec7-a294-1821e1564434"",""environment"":""fb6513d0-42a4-4660-82b5-509c54b15f2a"",""service"":""4978aa94-666c-47c7-8024-3ada55195a51"",""deployment"":""b4365154-eadc-4c11-b568-5a096850e705"",""replica"":""56b3bc11-84b5-4316-abf1-2dec254f4739""}",2026-03-27T23:49:48.310884865Z
[CLEAR SESSION] Deleting session directory with rimraf...,info,"{""level"":""info""}","{""project"":""ce3616d9-58ad-4ec7-a294-1821e1564434"",""environment"":""fb6513d0-42a4-4660-82b5-509c54b15f2a"",""service"":""4978aa94-666c-47c7-8024-3ada55195a51"",""deployment"":""b4365154-eadc-4c11-b568-5a096850e705"",""replica"":""56b3bc11-84b5-4316-abf1-2dec254f4739""}",2026-03-27T23:49:48.310890923Z
[CLEAR SESSION] ✅ Session directory successfully deleted,info,"{""level"":""info""}","{""project"":""ce3616d9-58ad-4ec7-a294-1821e1564434"",""environment"":""fb6513d0-42a4-4660-82b5-509c54b15f2a"",""service"":""4978aa94-666c-47c7-8024-3ada55195a51"",""deployment"":""b4365154-eadc-4c11-b568-5a096850e705"",""replica"":""56b3bc11-84b5-4316-abf1-2dec254f4739""}",2026-03-27T23:49:48.310895893Z
"[START SESSION] ✅ Incomplete session cleared, recreating fresh session...",info,"{""level"":""info""}","{""project"":""ce3616d9-58ad-4ec7-a294-1821e1564434"",""environment"":""fb6513d0-42a4-4660-82b5-509c54b15f2a"",""service"":""4978aa94-666c-47c7-8024-3ada55195a51"",""deployment"":""b4365154-eadc-4c11-b568-5a096850e705"",""replica"":""56b3bc11-84b5-4316-abf1-2dec254f4739""}",2026-03-27T23:49:48.310901232Z
[START SESSION] ✅ Fresh auth state loaded,info,"{""level"":""info""}","{""project"":""ce3616d9-58ad-4ec7-a294-1821e1564434"",""environment"":""fb6513d0-42a4-4660-82b5-509c54b15f2a"",""service"":""4978aa94-666c-47c7-8024-3ada55195a51"",""deployment"":""b4365154-eadc-4c11-b568-5a096850e705"",""replica"":""56b3bc11-84b5-4316-abf1-2dec254f4739""}",2026-03-27T23:49:48.310906528Z
[START SESSION] - hasCreds: true,info,"{""level"":""info""}","{""project"":""ce3616d9-58ad-4ec7-a294-1821e1564434"",""environment"":""fb6513d0-42a4-4660-82b5-509c54b15f2a"",""service"":""4978aa94-666c-47c7-8024-3ada55195a51"",""deployment"":""b4365154-eadc-4c11-b568-5a096850e705"",""replica"":""56b3bc11-84b5-4316-abf1-2dec254f4739""}",2026-03-27T23:49:48.310911937Z
[START SESSION] - creds.me exists: false,info,"{""level"":""info""}","{""project"":""ce3616d9-58ad-4ec7-a294-1821e1564434"",""environment"":""fb6513d0-42a4-4660-82b5-509c54b15f2a"",""service"":""4978aa94-666c-47c7-8024-3ada55195a51"",""deployment"":""b4365154-eadc-4c11-b568-5a096850e705"",""replica"":""56b3bc11-84b5-4316-abf1-2dec254f4739""}",2026-03-27T23:49:48.310916777Z
[START SESSION] Fetching Baileys version...,info,"{""level"":""info""}","{""project"":""ce3616d9-58ad-4ec7-a294-1821e1564434"",""environment"":""fb6513d0-42a4-4660-82b5-509c54b15f2a"",""service"":""4978aa94-666c-47c7-8024-3ada55195a51"",""deployment"":""b4365154-eadc-4c11-b568-5a096850e705"",""replica"":""56b3bc11-84b5-4316-abf1-2dec254f4739""}",2026-03-27T23:49:48.310921220Z
"[START SESSION] Baileys version: [ 2, 3000, 1035194821 ]",info,"{""level"":""info""}","{""project"":""ce3616d9-58ad-4ec7-a294-1821e1564434"",""environment"":""fb6513d0-42a4-4660-82b5-509c54b15f2a"",""service"":""4978aa94-666c-47c7-8024-3ada55195a51"",""deployment"":""b4365154-eadc-4c11-b568-5a096850e705"",""replica"":""56b3bc11-84b5-4316-abf1-2dec254f4739""}",2026-03-27T23:49:48.310926015Z
[START SESSION] Creating WhatsApp socket...,info,"{""level"":""info""}","{""project"":""ce3616d9-58ad-4ec7-a294-1821e1564434"",""environment"":""fb6513d0-42a4-4660-82b5-509c54b15f2a"",""service"":""4978aa94-666c-47c7-8024-3ada55195a51"",""deployment"":""b4365154-eadc-4c11-b568-5a096850e705"",""replica"":""56b3bc11-84b5-4316-abf1-2dec254f4739""}",2026-03-27T23:49:48.310930393Z
[NETWORK] Testing connectivity to WhatsApp servers...,info,"{""level"":""info""}","{""project"":""ce3616d9-58ad-4ec7-a294-1821e1564434"",""environment"":""fb6513d0-42a4-4660-82b5-509c54b15f2a"",""service"":""4978aa94-666c-47c7-8024-3ada55195a51"",""deployment"":""b4365154-eadc-4c11-b568-5a096850e705"",""replica"":""56b3bc11-84b5-4316-abf1-2dec254f4739""}",2026-03-27T23:49:48.310935175Z
[NETWORK] DNS resolution for web.whatsapp.com: [ '57.144.15.32' ],info,"{""level"":""info""}","{""project"":""ce3616d9-58ad-4ec7-a294-1821e1564434"",""environment"":""fb6513d0-42a4-4660-82b5-509c54b15f2a"",""service"":""4978aa94-666c-47c7-8024-3ada55195a51"",""deployment"":""b4365154-eadc-4c11-b568-5a096850e705"",""replica"":""56b3bc11-84b5-4316-abf1-2dec254f4739""}",2026-03-27T23:49:48.310941506Z
[NETWORK] HTTPS test to web.whatsapp.com: Status 200,info,"{""level"":""info""}","{""project"":""ce3616d9-58ad-4ec7-a294-1821e1564434"",""environment"":""fb6513d0-42a4-4660-82b5-509c54b15f2a"",""service"":""4978aa94-666c-47c7-8024-3ada55195a51"",""deployment"":""b4365154-eadc-4c11-b568-5a096850e705"",""replica"":""56b3bc11-84b5-4316-abf1-2dec254f4739""}",2026-03-27T23:49:48.310945635Z
[SOCKET] makeWASocket created for: akunsatu,info,"{""level"":""info""}","{""project"":""ce3616d9-58ad-4ec7-a294-1821e1564434"",""environment"":""fb6513d0-42a4-4660-82b5-509c54b15f2a"",""service"":""4978aa94-666c-47c7-8024-3ada55195a51"",""deployment"":""b4365154-eadc-4c11-b568-5a096850e705"",""replica"":""56b3bc11-84b5-4316-abf1-2dec254f4739""}",2026-03-27T23:49:48.310949908Z
[SOCKET] Socket has ev? true,info,"{""level"":""info""}","{""project"":""ce3616d9-58ad-4ec7-a294-1821e1564434"",""environment"":""fb6513d0-42a4-4660-82b5-509c54b15f2a"",""service"":""4978aa94-666c-47c7-8024-3ada55195a51"",""deployment"":""b4365154-eadc-4c11-b568-5a096850e705"",""replica"":""56b3bc11-84b5-4316-abf1-2dec254f4739""}",2026-03-27T23:49:48.310954513Z
[SOCKET] Socket has ws? true,info,"{""level"":""info""}","{""project"":""ce3616d9-58ad-4ec7-a294-1821e1564434"",""environment"":""fb6513d0-42a4-4660-82b5-509c54b15f2a"",""service"":""4978aa94-666c-47c7-8024-3ada55195a51"",""deployment"":""b4365154-eadc-4c11-b568-5a096850e705"",""replica"":""56b3bc11-84b5-4316-abf1-2dec254f4739""}",2026-03-27T23:49:49.263603681Z
"  origin: 'wss://web.whatsapp.com',",info,"{""level"":""info""}","{""project"":""ce3616d9-58ad-4ec7-a294-1821e1564434"",""environment"":""fb6513d0-42a4-4660-82b5-509c54b15f2a"",""service"":""4978aa94-666c-47c7-8024-3ada55195a51"",""deployment"":""b4365154-eadc-4c11-b568-5a096850e705"",""replica"":""56b3bc11-84b5-4316-abf1-2dec254f4739""}",2026-03-27T23:49:49.263609916Z
[SOCKET] Socket user? undefined,info,"{""level"":""info""}","{""project"":""ce3616d9-58ad-4ec7-a294-1821e1564434"",""environment"":""fb6513d0-42a4-4660-82b5-509c54b15f2a"",""service"":""4978aa94-666c-47c7-8024-3ada55195a51"",""deployment"":""b4365154-eadc-4c11-b568-5a096850e705"",""replica"":""56b3bc11-84b5-4316-abf1-2dec254f4739""}",2026-03-27T23:49:49.263610480Z
[WS] WebSocketClient isConnecting: true,info,"{""level"":""info""}","{""project"":""ce3616d9-58ad-4ec7-a294-1821e1564434"",""environment"":""fb6513d0-42a4-4660-82b5-509c54b15f2a"",""service"":""4978aa94-666c-47c7-8024-3ada55195a51"",""deployment"":""b4365154-eadc-4c11-b568-5a096850e705"",""replica"":""56b3bc11-84b5-4316-abf1-2dec254f4739""}",2026-03-27T23:49:49.263613098Z
[ACCOUNT] ✅ Added pending account to map immediately: akunsatu,info,"{""level"":""info""}","{""project"":""ce3616d9-58ad-4ec7-a294-1821e1564434"",""environment"":""fb6513d0-42a4-4660-82b5-509c54b15f2a"",""service"":""4978aa94-666c-47c7-8024-3ada55195a51"",""deployment"":""b4365154-eadc-4c11-b568-5a096850e705"",""replica"":""56b3bc11-84b5-4316-abf1-2dec254f4739""}",2026-03-27T23:49:49.263617865Z
"  protocol: 'wss:',",info,"{""level"":""info""}","{""project"":""ce3616d9-58ad-4ec7-a294-1821e1564434"",""environment"":""fb6513d0-42a4-4660-82b5-509c54b15f2a"",""service"":""4978aa94-666c-47c7-8024-3ada55195a51"",""deployment"":""b4365154-eadc-4c11-b568-5a096850e705"",""replica"":""56b3bc11-84b5-4316-abf1-2dec254f4739""}",2026-03-27T23:49:49.263621077Z
[SOCKET] 🚀 Registering connection.update handler IMMEDIATELY for: akunsatu,info,"{""level"":""info""}","{""project"":""ce3616d9-58ad-4ec7-a294-1821e1564434"",""environment"":""fb6513d0-42a4-4660-82b5-509c54b15f2a"",""service"":""4978aa94-666c-47c7-8024-3ada55195a51"",""deployment"":""b4365154-eadc-4c11-b568-5a096850e705"",""replica"":""56b3bc11-84b5-4316-abf1-2dec254f4739""}",2026-03-27T23:49:49.263623229Z
[SOCKET] ✅ Event handlers registered IMMEDIATELY,info,"{""level"":""info""}","{""project"":""ce3616d9-58ad-4ec7-a294-1821e1564434"",""environment"":""fb6513d0-42a4-4660-82b5-509c54b15f2a"",""service"":""4978aa94-666c-47c7-8024-3ada55195a51"",""deployment"":""b4365154-eadc-4c11-b568-5a096850e705"",""replica"":""56b3bc11-84b5-4316-abf1-2dec254f4739""}",2026-03-27T23:49:49.263629088Z
"  username: '',",info,"{""level"":""info""}","{""project"":""ce3616d9-58ad-4ec7-a294-1821e1564434"",""environment"":""fb6513d0-42a4-4660-82b5-509c54b15f2a"",""service"":""4978aa94-666c-47c7-8024-3ada55195a51"",""deployment"":""b4365154-eadc-4c11-b568-5a096850e705"",""replica"":""56b3bc11-84b5-4316-abf1-2dec254f4739""}",2026-03-27T23:49:49.263629853Z
[WS] Native WebSocket exists: true,info,"{""level"":""info""}","{""project"":""ce3616d9-58ad-4ec7-a294-1821e1564434"",""environment"":""fb6513d0-42a4-4660-82b5-509c54b15f2a"",""service"":""4978aa94-666c-47c7-8024-3ada55195a51"",""deployment"":""b4365154-eadc-4c11-b568-5a096850e705"",""replica"":""56b3bc11-84b5-4316-abf1-2dec254f4739""}",2026-03-27T23:49:49.263637423Z
[WS] WebSocket URL: URL {,info,"{""level"":""info""}","{""project"":""ce3616d9-58ad-4ec7-a294-1821e1564434"",""environment"":""fb6513d0-42a4-4660-82b5-509c54b15f2a"",""service"":""4978aa94-666c-47c7-8024-3ada55195a51"",""deployment"":""b4365154-eadc-4c11-b568-5a096850e705"",""replica"":""56b3bc11-84b5-4316-abf1-2dec254f4739""}",2026-03-27T23:49:49.263642312Z
[WS] Native WebSocket state: 0 = CONNECTING,info,"{""level"":""info""}","{""project"":""ce3616d9-58ad-4ec7-a294-1821e1564434"",""environment"":""fb6513d0-42a4-4660-82b5-509c54b15f2a"",""service"":""4978aa94-666c-47c7-8024-3ada55195a51"",""deployment"":""b4365154-eadc-4c11-b568-5a096850e705"",""replica"":""56b3bc11-84b5-4316-abf1-2dec254f4739""}",2026-03-27T23:49:49.263642399Z
[WS] WebSocketClient isOpen: false,info,"{""level"":""info""}","{""project"":""ce3616d9-58ad-4ec7-a294-1821e1564434"",""environment"":""fb6513d0-42a4-4660-82b5-509c54b15f2a"",""service"":""4978aa94-666c-47c7-8024-3ada55195a51"",""deployment"":""b4365154-eadc-4c11-b568-5a096850e705"",""replica"":""56b3bc11-84b5-4316-abf1-2dec254f4739""}",2026-03-27T23:49:49.263647831Z
[WS] WebSocketClient isClosed: false,info,"{""level"":""info""}","{""project"":""ce3616d9-58ad-4ec7-a294-1821e1564434"",""environment"":""fb6513d0-42a4-4660-82b5-509c54b15f2a"",""service"":""4978aa94-666c-47c7-8024-3ada55195a51"",""deployment"":""b4365154-eadc-4c11-b568-5a096850e705"",""replica"":""56b3bc11-84b5-4316-abf1-2dec254f4739""}",2026-03-27T23:49:49.263654331Z
"  href: 'wss://web.whatsapp.com/ws/chat',",info,"{""level"":""info""}","{""project"":""ce3616d9-58ad-4ec7-a294-1821e1564434"",""environment"":""fb6513d0-42a4-4660-82b5-509c54b15f2a"",""service"":""4978aa94-666c-47c7-8024-3ada55195a51"",""deployment"":""b4365154-eadc-4c11-b568-5a096850e705"",""replica"":""56b3bc11-84b5-4316-abf1-2dec254f4739""}",2026-03-27T23:49:49.263658464Z
"  password: '',",info,"{""level"":""info""}","{""project"":""ce3616d9-58ad-4ec7-a294-1821e1564434"",""environment"":""fb6513d0-42a4-4660-82b5-509c54b15f2a"",""service"":""4978aa94-666c-47c7-8024-3ada55195a51"",""deployment"":""b4365154-eadc-4c11-b568-5a096850e705"",""replica"":""56b3bc11-84b5-4316-abf1-2dec254f4739""}",2026-03-27T23:49:49.263709732Z
"  host: 'web.whatsapp.com',",info,"{""level"":""info""}","{""project"":""ce3616d9-58ad-4ec7-a294-1821e1564434"",""environment"":""fb6513d0-42a4-4660-82b5-509c54b15f2a"",""service"":""4978aa94-666c-47c7-8024-3ada55195a51"",""deployment"":""b4365154-eadc-4c11-b568-5a096850e705"",""replica"":""56b3bc11-84b5-4316-abf1-2dec254f4739""}",2026-03-27T23:49:49.263714726Z
"  hostname: 'web.whatsapp.com',",info,"{""level"":""info""}","{""project"":""ce3616d9-58ad-4ec7-a294-1821e1564434"",""environment"":""fb6513d0-42a4-4660-82b5-509c54b15f2a"",""service"":""4978aa94-666c-47c7-8024-3ada55195a51"",""deployment"":""b4365154-eadc-4c11-b568-5a096850e705"",""replica"":""56b3bc11-84b5-4316-abf1-2dec254f4739""}",2026-03-27T23:49:49.263719400Z
"  port: '',",info,"{""level"":""info""}","{""project"":""ce3616d9-58ad-4ec7-a294-1821e1564434"",""environment"":""fb6513d0-42a4-4660-82b5-509c54b15f2a"",""service"":""4978aa94-666c-47c7-8024-3ada55195a51"",""deployment"":""b4365154-eadc-4c11-b568-5a096850e705"",""replica"":""56b3bc11-84b5-4316-abf1-2dec254f4739""}",2026-03-27T23:49:49.263724308Z
"  pathname: '/ws/chat',",info,"{""level"":""info""}","{""project"":""ce3616d9-58ad-4ec7-a294-1821e1564434"",""environment"":""fb6513d0-42a4-4660-82b5-509c54b15f2a"",""service"":""4978aa94-666c-47c7-8024-3ada55195a51"",""deployment"":""b4365154-eadc-4c11-b568-5a096850e705"",""replica"":""56b3bc11-84b5-4316-abf1-2dec254f4739""}",2026-03-27T23:49:49.263730817Z
"  search: '',",info,"{""level"":""info""}","{""project"":""ce3616d9-58ad-4ec7-a294-1821e1564434"",""environment"":""fb6513d0-42a4-4660-82b5-509c54b15f2a"",""service"":""4978aa94-666c-47c7-8024-3ada55195a51"",""deployment"":""b4365154-eadc-4c11-b568-5a096850e705"",""replica"":""56b3bc11-84b5-4316-abf1-2dec254f4739""}",2026-03-27T23:49:49.263736637Z
"  searchParams: URLSearchParams {},",info,"{""level"":""info""}","{""project"":""ce3616d9-58ad-4ec7-a294-1821e1564434"",""environment"":""fb6513d0-42a4-4660-82b5-509c54b15f2a"",""service"":""4978aa94-666c-47c7-8024-3ada55195a51"",""deployment"":""b4365154-eadc-4c11-b568-5a096850e705"",""replica"":""56b3bc11-84b5-4316-abf1-2dec254f4739""}",2026-03-27T23:49:49.263743270Z
  hash: '',info,"{""level"":""info""}","{""project"":""ce3616d9-58ad-4ec7-a294-1821e1564434"",""environment"":""fb6513d0-42a4-4660-82b5-509c54b15f2a"",""service"":""4978aa94-666c-47c7-8024-3ada55195a51"",""deployment"":""b4365154-eadc-4c11-b568-5a096850e705"",""replica"":""56b3bc11-84b5-4316-abf1-2dec254f4739""}",2026-03-27T23:49:49.263750859Z
},info,"{""level"":""info""}","{""project"":""ce3616d9-58ad-4ec7-a294-1821e1564434"",""environment"":""fb6513d0-42a4-4660-82b5-509c54b15f2a"",""service"":""4978aa94-666c-47c7-8024-3ada55195a51"",""deployment"":""b4365154-eadc-4c11-b568-5a096850e705"",""replica"":""56b3bc11-84b5-4316-abf1-2dec254f4739""}",2026-03-27T23:49:49.263756215Z
[SESSION] ✅ Retrieved account from map: akunsatu,info,"{""level"":""info""}","{""project"":""ce3616d9-58ad-4ec7-a294-1821e1564434"",""environment"":""fb6513d0-42a4-4660-82b5-509c54b15f2a"",""service"":""4978aa94-666c-47c7-8024-3ada55195a51"",""deployment"":""b4365154-eadc-4c11-b568-5a096850e705"",""replica"":""56b3bc11-84b5-4316-abf1-2dec254f4739""}",2026-03-27T23:49:49.263762278Z
Using pooled personality for akunsatu: Rafi Nugroho,info,"{""level"":""info""}","{""project"":""ce3616d9-58ad-4ec7-a294-1821e1564434"",""environment"":""fb6513d0-42a4-4660-82b5-509c54b15f2a"",""service"":""4978aa94-666c-47c7-8024-3ada55195a51"",""deployment"":""b4365154-eadc-4c11-b568-5a096850e705"",""replica"":""56b3bc11-84b5-4316-abf1-2dec254f4739""}",2026-03-27T23:49:49.263771114Z
[SESSION/START] Session started successfully for: akunsatu,info,"{""level"":""info""}","{""project"":""ce3616d9-58ad-4ec7-a294-1821e1564434"",""environment"":""fb6513d0-42a4-4660-82b5-509c54b15f2a"",""service"":""4978aa94-666c-47c7-8024-3ada55195a51"",""deployment"":""b4365154-eadc-4c11-b568-5a096850e705"",""replica"":""56b3bc11-84b5-4316-abf1-2dec254f4739""}",2026-03-27T23:49:49.263777177Z
[WA API] Response: 200 {,info,"{""level"":""info""}","{""project"":""ce3616d9-58ad-4ec7-a294-1821e1564434"",""environment"":""fb6513d0-42a4-4660-82b5-509c54b15f2a"",""service"":""4978aa94-666c-47c7-8024-3ada55195a51"",""deployment"":""b4365154-eadc-4c11-b568-5a096850e705"",""replica"":""56b3bc11-84b5-4316-abf1-2dec254f4739""}",2026-03-27T23:49:49.268440240Z
"  success: true,",info,"{""level"":""info""}","{""project"":""ce3616d9-58ad-4ec7-a294-1821e1564434"",""environment"":""fb6513d0-42a4-4660-82b5-509c54b15f2a"",""service"":""4978aa94-666c-47c7-8024-3ada55195a51"",""deployment"":""b4365154-eadc-4c11-b568-5a096850e705"",""replica"":""56b3bc11-84b5-4316-abf1-2dec254f4739""}",2026-03-27T23:49:49.268445207Z
"  accountId: ""akunsatu"",",info,"{""level"":""info""}","{""project"":""ce3616d9-58ad-4ec7-a294-1821e1564434"",""environment"":""fb6513d0-42a4-4660-82b5-509c54b15f2a"",""service"":""4978aa94-666c-47c7-8024-3ada55195a51"",""deployment"":""b4365154-eadc-4c11-b568-5a096850e705"",""replica"":""56b3bc11-84b5-4316-abf1-2dec254f4739""}",2026-03-27T23:49:49.268450159Z
},info,"{""level"":""info""}","{""project"":""ce3616d9-58ad-4ec7-a294-1821e1564434"",""environment"":""fb6513d0-42a4-4660-82b5-509c54b15f2a"",""service"":""4978aa94-666c-47c7-8024-3ada55195a51"",""deployment"":""b4365154-eadc-4c11-b568-5a096850e705"",""replica"":""56b3bc11-84b5-4316-abf1-2dec254f4739""}",2026-03-27T23:49:49.268455789Z
==========================================,info,"{""level"":""info""}","{""project"":""ce3616d9-58ad-4ec7-a294-1821e1564434"",""environment"":""fb6513d0-42a4-4660-82b5-509c54b15f2a"",""service"":""4978aa94-666c-47c7-8024-3ada55195a51"",""deployment"":""b4365154-eadc-4c11-b568-5a096850e705"",""replica"":""56b3bc11-84b5-4316-abf1-2dec254f4739""}",2026-03-27T23:49:49.268462245Z
[CONNECTION UPDATE] ✅ EVENT RECEIVED! {,info,"{""level"":""info""}","{""project"":""ce3616d9-58ad-4ec7-a294-1821e1564434"",""environment"":""fb6513d0-42a4-4660-82b5-509c54b15f2a"",""service"":""4978aa94-666c-47c7-8024-3ada55195a51"",""deployment"":""b4365154-eadc-4c11-b568-5a096850e705"",""replica"":""56b3bc11-84b5-4316-abf1-2dec254f4739""}",2026-03-27T23:49:49.268468899Z
"  accountId: 'akunsatu',",info,"{""level"":""info""}","{""project"":""ce3616d9-58ad-4ec7-a294-1821e1564434"",""environment"":""fb6513d0-42a4-4660-82b5-509c54b15f2a"",""service"":""4978aa94-666c-47c7-8024-3ada55195a51"",""deployment"":""b4365154-eadc-4c11-b568-5a096850e705"",""replica"":""56b3bc11-84b5-4316-abf1-2dec254f4739""}",2026-03-27T23:49:49.268475812Z
"  connection: 'connecting',",info,"{""level"":""info""}","{""project"":""ce3616d9-58ad-4ec7-a294-1821e1564434"",""environment"":""fb6513d0-42a4-4660-82b5-509c54b15f2a"",""service"":""4978aa94-666c-47c7-8024-3ada55195a51"",""deployment"":""b4365154-eadc-4c11-b568-5a096850e705"",""replica"":""56b3bc11-84b5-4316-abf1-2dec254f4739""}",2026-03-27T23:49:49.268481546Z
"  hasQr: false,",info,"{""level"":""info""}","{""project"":""ce3616d9-58ad-4ec7-a294-1821e1564434"",""environment"":""fb6513d0-42a4-4660-82b5-509c54b15f2a"",""service"":""4978aa94-666c-47c7-8024-3ada55195a51"",""deployment"":""b4365154-eadc-4c11-b568-5a096850e705"",""replica"":""56b3bc11-84b5-4316-abf1-2dec254f4739""}",2026-03-27T23:49:49.268486695Z
"  qrPreview: null,",info,"{""level"":""info""}","{""project"":""ce3616d9-58ad-4ec7-a294-1821e1564434"",""environment"":""fb6513d0-42a4-4660-82b5-509c54b15f2a"",""service"":""4978aa94-666c-47c7-8024-3ada55195a51"",""deployment"":""b4365154-eadc-4c11-b568-5a096850e705"",""replica"":""56b3bc11-84b5-4316-abf1-2dec254f4739""}",2026-03-27T23:49:49.268491492Z
  isNewLogin: undefined,info,"{""level"":""info""}","{""project"":""ce3616d9-58ad-4ec7-a294-1821e1564434"",""environment"":""fb6513d0-42a4-4660-82b5-509c54b15f2a"",""service"":""4978aa94-666c-47c7-8024-3ada55195a51"",""deployment"":""b4365154-eadc-4c11-b568-5a096850e705"",""replica"":""56b3bc11-84b5-4316-abf1-2dec254f4739""}",2026-03-27T23:49:49.268497418Z
},info,"{""level"":""info""}","{""project"":""ce3616d9-58ad-4ec7-a294-1821e1564434"",""environment"":""fb6513d0-42a4-4660-82b5-509c54b15f2a"",""service"":""4978aa94-666c-47c7-8024-3ada55195a51"",""deployment"":""b4365154-eadc-4c11-b568-5a096850e705"",""replica"":""56b3bc11-84b5-4316-abf1-2dec254f4739""}",2026-03-27T23:49:49.268502845Z
==========================================,info,"{""level"":""info""}","{""project"":""ce3616d9-58ad-4ec7-a294-1821e1564434"",""environment"":""fb6513d0-42a4-4660-82b5-509c54b15f2a"",""service"":""4978aa94-666c-47c7-8024-3ada55195a51"",""deployment"":""b4365154-eadc-4c11-b568-5a096850e705"",""replica"":""56b3bc11-84b5-4316-abf1-2dec254f4739""}",2026-03-27T23:49:49.268507567Z
connected to WA,info,"{""time"":1774655387763,""pid"":94,""hostname"":""9a45ddc40bc4"",""browser"":[""Mac OS"",""Chrome"",""14.4.1""],""helloMsg"":{""clientHello"":{""ephemeral"":""dN6/klabbctfaUHTLcgnAybor2EjVBxVmQwmML6N2Cs=""}},""level"":""info""}","{""project"":""ce3616d9-58ad-4ec7-a294-1821e1564434"",""environment"":""fb6513d0-42a4-4660-82b5-509c54b15f2a"",""service"":""4978aa94-666c-47c7-8024-3ada55195a51"",""deployment"":""b4365154-eadc-4c11-b568-5a096850e705"",""replica"":""56b3bc11-84b5-4316-abf1-2dec254f4739""}",2026-03-27T23:49:49.268515174Z
[WS NATIVE SEND] Sending for akunsatu type: object preview: V0EGAwAAJBIiCiB03r+SVptty19pQdMtyCcDJuivYSNUHFWZDCYwvo3YKw==,info,"{""level"":""info""}","{""project"":""ce3616d9-58ad-4ec7-a294-1821e1564434"",""environment"":""fb6513d0-42a4-4660-82b5-509c54b15f2a"",""service"":""4978aa94-666c-47c7-8024-3ada55195a51"",""deployment"":""b4365154-eadc-4c11-b568-5a096850e705"",""replica"":""56b3bc11-84b5-4316-abf1-2dec254f4739""}",2026-03-27T23:49:49.268519867Z
[WS NATIVE OPEN] Native WebSocket opened for akunsatu,info,"{""level"":""info""}","{""project"":""ce3616d9-58ad-4ec7-a294-1821e1564434"",""environment"":""fb6513d0-42a4-4660-82b5-509c54b15f2a"",""service"":""4978aa94-666c-47c7-8024-3ada55195a51"",""deployment"":""b4365154-eadc-4c11-b568-5a096850e705"",""replica"":""56b3bc11-84b5-4316-abf1-2dec254f4739""}",2026-03-27T23:49:49.268525057Z
[WS NATIVE MESSAGE] Received for akunsatu binary: true len: 350 preview: AAFbGtgCCiCkh3vLUc6B8Dt2GSwr+Sh4Z3yZ6GHBljMRONOdql2JDRIwIubJBu1VlaY=...,info,"{""level"":""info""}","{""project"":""ce3616d9-58ad-4ec7-a294-1821e1564434"",""environment"":""fb6513d0-42a4-4660-82b5-509c54b15f2a"",""service"":""4978aa94-666c-47c7-8024-3ada55195a51"",""deployment"":""b4365154-eadc-4c11-b568-5a096850e705"",""replica"":""56b3bc11-84b5-4316-abf1-2dec254f4739""}",2026-03-27T23:49:49.268530790Z
"not logged in, attempting registration...",info,"{""time"":1774655387966,""pid"":94,""hostname"":""9a45ddc40bc4"",""node"":{""passive"":false,""userAgent"":{""platform"":""WEB"",""appVersion"":{""primary"":2,""secondary"":3000,""tertiary"":1035194821},""mcc"":""000"",""mnc"":""000"",""osVersion"":""0.1"",""device"":""Desktop"",""osBuildNumber"":""0.1"",""releaseChannel"":""RELEASE"",""localeLanguageIso6391"":""en"",""localeCountryIso31661Alpha2"":""US""},""webInfo"":{""webSubPlatform"":""WEB_BROWSER""},""connectType"":""WIFI_UNKNOWN"",""connectReason"":""USER_ACTIVATED"",""devicePairingData"":{""eRegid"":""AAAAcg=="",""eKeytype"":""BQ=="",""eIdent"":""86holTU+kIaxdSoMThJodcv2HfSQ05tFEnWfBoFNaVI="",""eSkeyId"":""AAAB"",""eSkeyVal"":""jlf+utLpUjFfQS6VOagzIIl4QuwVvtOjAdgvXt9r0lE="",""eSkeySig"":""+fVkEJ7sHeyDAEDT5YlcjynsTYLZzq7mE9n75TnTukVnjLIoN/4b1EAsX2aoUc8LznaGdAsXIZ2RNeENUoOvBg=="",""buildHash"":""oslHHv+RCp4a5lmJCiiHLQ=="",""deviceProps"":""CgZNYWMgT1MYASAAKhUYgFAgATAAOAFAAUgBUAFYAWABcAE=""},""pull"":false},""level"":""info""}","{""project"":""ce3616d9-58ad-4ec7-a294-1821e1564434"",""environment"":""fb6513d0-42a4-4660-82b5-509c54b15f2a"",""service"":""4978aa94-666c-47c7-8024-3ada55195a51"",""deployment"":""b4365154-eadc-4c11-b568-5a096850e705"",""replica"":""56b3bc11-84b5-4316-abf1-2dec254f4739""}",2026-03-27T23:49:49.268535706Z
✅ Generated 2 personalities via Groq. Pool size: 10/50,info,"{""level"":""info""}","{""project"":""ce3616d9-58ad-4ec7-a294-1821e1564434"",""environment"":""fb6513d0-42a4-4660-82b5-509c54b15f2a"",""service"":""4978aa94-666c-47c7-8024-3ada55195a51"",""deployment"":""b4365154-eadc-4c11-b568-5a096850e705"",""replica"":""56b3bc11-84b5-4316-abf1-2dec254f4739""}",2026-03-27T23:49:49.273321727Z
[WS NATIVE MESSAGE] Received for akunsatu binary: true len: 698 preview: AAK3CdUV0n0NZHTkSCQIo2UBGWzYXVLBCIXfNMkAC95su07n0rf5CqW/UFrA8E0YV9k=...,info,"{""level"":""info""}","{""project"":""ce3616d9-58ad-4ec7-a294-1821e1564434"",""environment"":""fb6513d0-42a4-4660-82b5-509c54b15f2a"",""service"":""4978aa94-666c-47c7-8024-3ada55195a51"",""deployment"":""b4365154-eadc-4c11-b568-5a096850e705"",""replica"":""56b3bc11-84b5-4316-abf1-2dec254f4739""}",2026-03-27T23:49:49.273332884Z
[WS NATIVE SEND] Sending for akunsatu type: object preview: AAAiAYem0MuVppV7KGEEptWpzxi5v5cjUBlkWxNJLgXmXlHEYw==,info,"{""level"":""info""}","{""project"":""ce3616d9-58ad-4ec7-a294-1821e1564434"",""environment"":""fb6513d0-42a4-4660-82b5-509c54b15f2a"",""service"":""4978aa94-666c-47c7-8024-3ada55195a51"",""deployment"":""b4365154-eadc-4c11-b568-5a096850e705"",""replica"":""56b3bc11-84b5-4316-abf1-2dec254f4739""}",2026-03-27T23:49:49.273338859Z
==========================================,info,"{""level"":""info""}","{""project"":""ce3616d9-58ad-4ec7-a294-1821e1564434"",""environment"":""fb6513d0-42a4-4660-82b5-509c54b15f2a"",""service"":""4978aa94-666c-47c7-8024-3ada55195a51"",""deployment"":""b4365154-eadc-4c11-b568-5a096850e705"",""replica"":""56b3bc11-84b5-4316-abf1-2dec254f4739""}",2026-03-27T23:49:49.273344763Z
[CONNECTION UPDATE] ✅ EVENT RECEIVED! {,info,"{""level"":""info""}","{""project"":""ce3616d9-58ad-4ec7-a294-1821e1564434"",""environment"":""fb6513d0-42a4-4660-82b5-509c54b15f2a"",""service"":""4978aa94-666c-47c7-8024-3ada55195a51"",""deployment"":""b4365154-eadc-4c11-b568-5a096850e705"",""replica"":""56b3bc11-84b5-4316-abf1-2dec254f4739""}",2026-03-27T23:49:49.273350341Z
"  accountId: 'akunsatu',",info,"{""level"":""info""}","{""project"":""ce3616d9-58ad-4ec7-a294-1821e1564434"",""environment"":""fb6513d0-42a4-4660-82b5-509c54b15f2a"",""service"":""4978aa94-666c-47c7-8024-3ada55195a51"",""deployment"":""b4365154-eadc-4c11-b568-5a096850e705"",""replica"":""56b3bc11-84b5-4316-abf1-2dec254f4739""}",2026-03-27T23:49:49.273356695Z
[WS NATIVE SEND] Sending for akunsatu type: object preview: AAFcItkCCjDOfXAggds4RDjau/Dlzobb13BSsF8Py2IPub8wYJg0/BTty8XjkQJqRO4=,info,"{""level"":""info""}","{""project"":""ce3616d9-58ad-4ec7-a294-1821e1564434"",""environment"":""fb6513d0-42a4-4660-82b5-509c54b15f2a"",""service"":""4978aa94-666c-47c7-8024-3ada55195a51"",""deployment"":""b4365154-eadc-4c11-b568-5a096850e705"",""replica"":""56b3bc11-84b5-4316-abf1-2dec254f4739""}",2026-03-27T23:49:49.273357604Z
"  connection: undefined,",info,"{""level"":""info""}","{""project"":""ce3616d9-58ad-4ec7-a294-1821e1564434"",""environment"":""fb6513d0-42a4-4660-82b5-509c54b15f2a"",""service"":""4978aa94-666c-47c7-8024-3ada55195a51"",""deployment"":""b4365154-eadc-4c11-b568-5a096850e705"",""replica"":""56b3bc11-84b5-4316-abf1-2dec254f4739""}",2026-03-27T23:49:49.273362788Z
"  hasQr: true,",info,"{""level"":""info""}","{""project"":""ce3616d9-58ad-4ec7-a294-1821e1564434"",""environment"":""fb6513d0-42a4-4660-82b5-509c54b15f2a"",""service"":""4978aa94-666c-47c7-8024-3ada55195a51"",""deployment"":""b4365154-eadc-4c11-b568-5a096850e705"",""replica"":""56b3bc11-84b5-4316-abf1-2dec254f4739""}",2026-03-27T23:49:49.273374664Z
"  qrPreview: '2@yvOx0z/q4n0BKp+w2LSChi79+bk+KJ1imw7XKO4/70WEoP4M...',",info,"{""level"":""info""}","{""project"":""ce3616d9-58ad-4ec7-a294-1821e1564434"",""environment"":""fb6513d0-42a4-4660-82b5-509c54b15f2a"",""service"":""4978aa94-666c-47c7-8024-3ada55195a51"",""deployment"":""b4365154-eadc-4c11-b568-5a096850e705"",""replica"":""56b3bc11-84b5-4316-abf1-2dec254f4739""}",2026-03-27T23:49:49.273383446Z
  isNewLogin: undefined,info,"{""level"":""info""}","{""project"":""ce3616d9-58ad-4ec7-a294-1821e1564434"",""environment"":""fb6513d0-42a4-4660-82b5-509c54b15f2a"",""service"":""4978aa94-666c-47c7-8024-3ada55195a51"",""deployment"":""b4365154-eadc-4c11-b568-5a096850e705"",""replica"":""56b3bc11-84b5-4316-abf1-2dec254f4739""}",2026-03-27T23:49:49.273390701Z
},info,"{""level"":""info""}","{""project"":""ce3616d9-58ad-4ec7-a294-1821e1564434"",""environment"":""fb6513d0-42a4-4660-82b5-509c54b15f2a"",""service"":""4978aa94-666c-47c7-8024-3ada55195a51"",""deployment"":""b4365154-eadc-4c11-b568-5a096850e705"",""replica"":""56b3bc11-84b5-4316-abf1-2dec254f4739""}",2026-03-27T23:49:49.273408830Z
[QR] 🎯 QR code received for: akunsatu,info,"{""level"":""info""}","{""project"":""ce3616d9-58ad-4ec7-a294-1821e1564434"",""environment"":""fb6513d0-42a4-4660-82b5-509c54b15f2a"",""service"":""4978aa94-666c-47c7-8024-3ada55195a51"",""deployment"":""b4365154-eadc-4c11-b568-5a096850e705"",""replica"":""56b3bc11-84b5-4316-abf1-2dec254f4739""}",2026-03-27T23:49:49.273416044Z
==========================================,info,"{""level"":""info""}","{""project"":""ce3616d9-58ad-4ec7-a294-1821e1564434"",""environment"":""fb6513d0-42a4-4660-82b5-509c54b15f2a"",""service"":""4978aa94-666c-47c7-8024-3ada55195a51"",""deployment"":""b4365154-eadc-4c11-b568-5a096850e705"",""replica"":""56b3bc11-84b5-4316-abf1-2dec254f4739""}",2026-03-27T23:49:49.273417080Z
[QR] QR length: 237,info,"{""level"":""info""}","{""project"":""ce3616d9-58ad-4ec7-a294-1821e1564434"",""environment"":""fb6513d0-42a4-4660-82b5-509c54b15f2a"",""service"":""4978aa94-666c-47c7-8024-3ada55195a51"",""deployment"":""b4365154-eadc-4c11-b568-5a096850e705"",""replica"":""56b3bc11-84b5-4316-abf1-2dec254f4739""}",2026-03-27T23:49:49.273429240Z
[QR] Converting QR to data URL...,info,"{""level"":""info""}","{""project"":""ce3616d9-58ad-4ec7-a294-1821e1564434"",""environment"":""fb6513d0-42a4-4660-82b5-509c54b15f2a"",""service"":""4978aa94-666c-47c7-8024-3ada55195a51"",""deployment"":""b4365154-eadc-4c11-b568-5a096850e705"",""replica"":""56b3bc11-84b5-4316-abf1-2dec254f4739""}",2026-03-27T23:49:49.273439043Z
"[QR] ✅ QR converted, length: 6354",info,"{""level"":""info""}","{""project"":""ce3616d9-58ad-4ec7-a294-1821e1564434"",""environment"":""fb6513d0-42a4-4660-82b5-509c54b15f2a"",""service"":""4978aa94-666c-47c7-8024-3ada55195a51"",""deployment"":""b4365154-eadc-4c11-b568-5a096850e705"",""replica"":""56b3bc11-84b5-4316-abf1-2dec254f4739""}",2026-03-27T23:49:49.273448292Z
[DB] Synced 1 accounts to database,info,"{""level"":""info""}","{""project"":""ce3616d9-58ad-4ec7-a294-1821e1564434"",""environment"":""fb6513d0-42a4-4660-82b5-509c54b15f2a"",""service"":""4978aa94-666c-47c7-8024-3ada55195a51"",""deployment"":""b4365154-eadc-4c11-b568-5a096850e705"",""replica"":""56b3bc11-84b5-4316-abf1-2dec254f4739""}",2026-03-27T23:49:51.329251660Z
[NETWORK] HTTPS test TIMEOUT,info,"{""level"":""info""}","{""project"":""ce3616d9-58ad-4ec7-a294-1821e1564434"",""environment"":""fb6513d0-42a4-4660-82b5-509c54b15f2a"",""service"":""4978aa94-666c-47c7-8024-3ada55195a51"",""deployment"":""b4365154-eadc-4c11-b568-5a096850e705"",""replica"":""56b3bc11-84b5-4316-abf1-2dec254f4739""}",2026-03-27T23:49:57.698989802Z
[WS NATIVE SEND] Sending for akunsatu type: object preview: AAArGMTPgYLVcljTlsASuloLtMW1ufL8Y3S/Z8EsvKRzTRQwhHS/lu24C1a2ag==,info,"{""level"":""info""}","{""project"":""ce3616d9-58ad-4ec7-a294-1821e1564434"",""environment"":""fb6513d0-42a4-4660-82b5-509c54b15f2a"",""service"":""4978aa94-666c-47c7-8024-3ada55195a51"",""deployment"":""b4365154-eadc-4c11-b568-5a096850e705"",""replica"":""56b3bc11-84b5-4316-abf1-2dec254f4739""}",2026-03-27T23:50:18.000161507Z
[WS NATIVE MESSAGE] Received for akunsatu binary: true len: 47 preview: AAAsZ/t4BFAmgJ2vY8c1UMllJt2RKme6GGj5p54yl8Xts3XaXGGpH/Lg7/riU5E=,info,"{""level"":""info""}","{""project"":""ce3616d9-58ad-4ec7-a294-1821e1564434"",""environment"":""fb6513d0-42a4-4660-82b5-509c54b15f2a"",""service"":""4978aa94-666c-47c7-8024-3ada55195a51"",""deployment"":""b4365154-eadc-4c11-b568-5a096850e705"",""replica"":""56b3bc11-84b5-4316-abf1-2dec254f4739""}",2026-03-27T23:50:19.320563812Z
[DB] Synced 1 accounts to database,info,"{""level"":""info""}","{""project"":""ce3616d9-58ad-4ec7-a294-1821e1564434"",""environment"":""fb6513d0-42a4-4660-82b5-509c54b15f2a"",""service"":""4978aa94-666c-47c7-8024-3ada55195a51"",""deployment"":""b4365154-eadc-4c11-b568-5a096850e705"",""replica"":""56b3bc11-84b5-4316-abf1-2dec254f4739""}",2026-03-27T23:50:21.781884009Z
[WS NATIVE SEND] Sending for akunsatu type: object preview: AAArVg9QTalVdjUeAOXaM1TN8yzdCR44pxOLEumMMAqDgpHVmMQ2MpDGtla1JQ==,info,"{""level"":""info""}","{""project"":""ce3616d9-58ad-4ec7-a294-1821e1564434"",""environment"":""fb6513d0-42a4-4660-82b5-509c54b15f2a"",""service"":""4978aa94-666c-47c7-8024-3ada55195a51"",""deployment"":""b4365154-eadc-4c11-b568-5a096850e705"",""replica"":""56b3bc11-84b5-4316-abf1-2dec254f4739""}",2026-03-27T23:50:51.149477969Z
[WS NATIVE MESSAGE] Received for akunsatu binary: true len: 47 preview: AAAsDZ009IUSG70rDuI5M1w1P3WOnROaNhT1eyTr8cHzWrLlGxi+gbHHIkJL+8k=,info,"{""level"":""info""}","{""project"":""ce3616d9-58ad-4ec7-a294-1821e1564434"",""environment"":""fb6513d0-42a4-4660-82b5-509c54b15f2a"",""service"":""4978aa94-666c-47c7-8024-3ada55195a51"",""deployment"":""b4365154-eadc-4c11-b568-5a096850e705"",""replica"":""56b3bc11-84b5-4316-abf1-2dec254f4739""}",2026-03-27T23:50:51.149484095Z
==========================================,info,"{""level"":""info""}","{""project"":""ce3616d9-58ad-4ec7-a294-1821e1564434"",""environment"":""fb6513d0-42a4-4660-82b5-509c54b15f2a"",""service"":""4978aa94-666c-47c7-8024-3ada55195a51"",""deployment"":""b4365154-eadc-4c11-b568-5a096850e705"",""replica"":""56b3bc11-84b5-4316-abf1-2dec254f4739""}",2026-03-27T23:50:51.149489743Z
[CONNECTION UPDATE] ✅ EVENT RECEIVED! {,info,"{""level"":""info""}","{""project"":""ce3616d9-58ad-4ec7-a294-1821e1564434"",""environment"":""fb6513d0-42a4-4660-82b5-509c54b15f2a"",""service"":""4978aa94-666c-47c7-8024-3ada55195a51"",""deployment"":""b4365154-eadc-4c11-b568-5a096850e705"",""replica"":""56b3bc11-84b5-4316-abf1-2dec254f4739""}",2026-03-27T23:50:51.149495213Z
"  accountId: 'akunsatu',",info,"{""level"":""info""}","{""project"":""ce3616d9-58ad-4ec7-a294-1821e1564434"",""environment"":""fb6513d0-42a4-4660-82b5-509c54b15f2a"",""service"":""4978aa94-666c-47c7-8024-3ada55195a51"",""deployment"":""b4365154-eadc-4c11-b568-5a096850e705"",""replica"":""56b3bc11-84b5-4316-abf1-2dec254f4739""}",2026-03-27T23:50:51.149501206Z
"  connection: undefined,",info,"{""level"":""info""}","{""project"":""ce3616d9-58ad-4ec7-a294-1821e1564434"",""environment"":""fb6513d0-42a4-4660-82b5-509c54b15f2a"",""service"":""4978aa94-666c-47c7-8024-3ada55195a51"",""deployment"":""b4365154-eadc-4c11-b568-5a096850e705"",""replica"":""56b3bc11-84b5-4316-abf1-2dec254f4739""}",2026-03-27T23:50:51.149506846Z
"  hasQr: true,",info,"{""level"":""info""}","{""project"":""ce3616d9-58ad-4ec7-a294-1821e1564434"",""environment"":""fb6513d0-42a4-4660-82b5-509c54b15f2a"",""service"":""4978aa94-666c-47c7-8024-3ada55195a51"",""deployment"":""b4365154-eadc-4c11-b568-5a096850e705"",""replica"":""56b3bc11-84b5-4316-abf1-2dec254f4739""}",2026-03-27T23:50:51.149512066Z
"  qrPreview: '2@T1cHiKPBg5B96tn1oKM6yZXyG0tjr1guLyZcY2VEjh/l+oUq...',",info,"{""level"":""info""}","{""project"":""ce3616d9-58ad-4ec7-a294-1821e1564434"",""environment"":""fb6513d0-42a4-4660-82b5-509c54b15f2a"",""service"":""4978aa94-666c-47c7-8024-3ada55195a51"",""deployment"":""b4365154-eadc-4c11-b568-5a096850e705"",""replica"":""56b3bc11-84b5-4316-abf1-2dec254f4739""}",2026-03-27T23:50:51.149517035Z
  isNewLogin: undefined,info,"{""level"":""info""}","{""project"":""ce3616d9-58ad-4ec7-a294-1821e1564434"",""environment"":""fb6513d0-42a4-4660-82b5-509c54b15f2a"",""service"":""4978aa94-666c-47c7-8024-3ada55195a51"",""deployment"":""b4365154-eadc-4c11-b568-5a096850e705"",""replica"":""56b3bc11-84b5-4316-abf1-2dec254f4739""}",2026-03-27T23:50:51.149522390Z
},info,"{""level"":""info""}","{""project"":""ce3616d9-58ad-4ec7-a294-1821e1564434"",""environment"":""fb6513d0-42a4-4660-82b5-509c54b15f2a"",""service"":""4978aa94-666c-47c7-8024-3ada55195a51"",""deployment"":""b4365154-eadc-4c11-b568-5a096850e705"",""replica"":""56b3bc11-84b5-4316-abf1-2dec254f4739""}",2026-03-27T23:50:51.149527158Z
==========================================,info,"{""level"":""info""}","{""project"":""ce3616d9-58ad-4ec7-a294-1821e1564434"",""environment"":""fb6513d0-42a4-4660-82b5-509c54b15f2a"",""service"":""4978aa94-666c-47c7-8024-3ada55195a51"",""deployment"":""b4365154-eadc-4c11-b568-5a096850e705"",""replica"":""56b3bc11-84b5-4316-abf1-2dec254f4739""}",2026-03-27T23:50:51.149534473Z
[QR] 🎯 QR code received for: akunsatu,info,"{""level"":""info""}","{""project"":""ce3616d9-58ad-4ec7-a294-1821e1564434"",""environment"":""fb6513d0-42a4-4660-82b5-509c54b15f2a"",""service"":""4978aa94-666c-47c7-8024-3ada55195a51"",""deployment"":""b4365154-eadc-4c11-b568-5a096850e705"",""replica"":""56b3bc11-84b5-4316-abf1-2dec254f4739""}",2026-03-27T23:50:51.149538933Z
[QR] QR length: 237,info,"{""level"":""info""}","{""project"":""ce3616d9-58ad-4ec7-a294-1821e1564434"",""environment"":""fb6513d0-42a4-4660-82b5-509c54b15f2a"",""service"":""4978aa94-666c-47c7-8024-3ada55195a51"",""deployment"":""b4365154-eadc-4c11-b568-5a096850e705"",""replica"":""56b3bc11-84b5-4316-abf1-2dec254f4739""}",2026-03-27T23:50:51.149544476Z
[QR] Converting QR to data URL...,info,"{""level"":""info""}","{""project"":""ce3616d9-58ad-4ec7-a294-1821e1564434"",""environment"":""fb6513d0-42a4-4660-82b5-509c54b15f2a"",""service"":""4978aa94-666c-47c7-8024-3ada55195a51"",""deployment"":""b4365154-eadc-4c11-b568-5a096850e705"",""replica"":""56b3bc11-84b5-4316-abf1-2dec254f4739""}",2026-03-27T23:50:51.149549153Z
"[QR] ✅ QR converted, length: 6370",info,"{""level"":""info""}","{""project"":""ce3616d9-58ad-4ec7-a294-1821e1564434"",""environment"":""fb6513d0-42a4-4660-82b5-509c54b15f2a"",""service"":""4978aa94-666c-47c7-8024-3ada55195a51"",""deployment"":""b4365154-eadc-4c11-b568-5a096850e705"",""replica"":""56b3bc11-84b5-4316-abf1-2dec254f4739""}",2026-03-27T23:50:51.149554818Z
[DB] Synced 1 accounts to database,info,"{""level"":""info""}","{""project"":""ce3616d9-58ad-4ec7-a294-1821e1564434"",""environment"":""fb6513d0-42a4-4660-82b5-509c54b15f2a"",""service"":""4978aa94-666c-47c7-8024-3ada55195a51"",""deployment"":""b4365154-eadc-4c11-b568-5a096850e705"",""replica"":""56b3bc11-84b5-4316-abf1-2dec254f4739""}",2026-03-27T23:50:52.313239456Z
"  hasQr: true,",info,"{""level"":""info""}","{""project"":""ce3616d9-58ad-4ec7-a294-1821e1564434"",""environment"":""fb6513d0-42a4-4660-82b5-509c54b15f2a"",""service"":""4978aa94-666c-47c7-8024-3ada55195a51"",""deployment"":""b4365154-eadc-4c11-b568-5a096850e705"",""replica"":""56b3bc11-84b5-4316-abf1-2dec254f4739""}",2026-03-27T23:51:12.138218859Z
"  qrPreview: '2@T1e9oK2N6ThLVdsuB3lonymJgaMqGaVcBfPItqJxXjl47nji...',",info,"{""level"":""info""}","{""project"":""ce3616d9-58ad-4ec7-a294-1821e1564434"",""environment"":""fb6513d0-42a4-4660-82b5-509c54b15f2a"",""service"":""4978aa94-666c-47c7-8024-3ada55195a51"",""deployment"":""b4365154-eadc-4c11-b568-5a096850e705"",""replica"":""56b3bc11-84b5-4316-abf1-2dec254f4739""}",2026-03-27T23:51:12.138236237Z
  isNewLogin: undefined,info,"{""level"":""info""}","{""project"":""ce3616d9-58ad-4ec7-a294-1821e1564434"",""environment"":""fb6513d0-42a4-4660-82b5-509c54b15f2a"",""service"":""4978aa94-666c-47c7-8024-3ada55195a51"",""deployment"":""b4365154-eadc-4c11-b568-5a096850e705"",""replica"":""56b3bc11-84b5-4316-abf1-2dec254f4739""}",2026-03-27T23:51:12.138250356Z
},info,"{""level"":""info""}","{""project"":""ce3616d9-58ad-4ec7-a294-1821e1564434"",""environment"":""fb6513d0-42a4-4660-82b5-509c54b15f2a"",""service"":""4978aa94-666c-47c7-8024-3ada55195a51"",""deployment"":""b4365154-eadc-4c11-b568-5a096850e705"",""replica"":""56b3bc11-84b5-4316-abf1-2dec254f4739""}",2026-03-27T23:51:12.138257755Z
==========================================,info,"{""level"":""info""}","{""project"":""ce3616d9-58ad-4ec7-a294-1821e1564434"",""environment"":""fb6513d0-42a4-4660-82b5-509c54b15f2a"",""service"":""4978aa94-666c-47c7-8024-3ada55195a51"",""deployment"":""b4365154-eadc-4c11-b568-5a096850e705"",""replica"":""56b3bc11-84b5-4316-abf1-2dec254f4739""}",2026-03-27T23:51:12.138266115Z
[QR] 🎯 QR code received for: akunsatu,info,"{""level"":""info""}","{""project"":""ce3616d9-58ad-4ec7-a294-1821e1564434"",""environment"":""fb6513d0-42a4-4660-82b5-509c54b15f2a"",""service"":""4978aa94-666c-47c7-8024-3ada55195a51"",""deployment"":""b4365154-eadc-4c11-b568-5a096850e705"",""replica"":""56b3bc11-84b5-4316-abf1-2dec254f4739""}",2026-03-27T23:51:12.138276047Z
[QR] QR length: 237,info,"{""level"":""info""}","{""project"":""ce3616d9-58ad-4ec7-a294-1821e1564434"",""environment"":""fb6513d0-42a4-4660-82b5-509c54b15f2a"",""service"":""4978aa94-666c-47c7-8024-3ada55195a51"",""deployment"":""b4365154-eadc-4c11-b568-5a096850e705"",""replica"":""56b3bc11-84b5-4316-abf1-2dec254f4739""}",2026-03-27T23:51:12.138290364Z
==========================================,info,"{""level"":""info""}","{""project"":""ce3616d9-58ad-4ec7-a294-1821e1564434"",""environment"":""fb6513d0-42a4-4660-82b5-509c54b15f2a"",""service"":""4978aa94-666c-47c7-8024-3ada55195a51"",""deployment"":""b4365154-eadc-4c11-b568-5a096850e705"",""replica"":""56b3bc11-84b5-4316-abf1-2dec254f4739""}",2026-03-27T23:51:12.138293545Z
[QR] Converting QR to data URL...,info,"{""level"":""info""}","{""project"":""ce3616d9-58ad-4ec7-a294-1821e1564434"",""environment"":""fb6513d0-42a4-4660-82b5-509c54b15f2a"",""service"":""4978aa94-666c-47c7-8024-3ada55195a51"",""deployment"":""b4365154-eadc-4c11-b568-5a096850e705"",""replica"":""56b3bc11-84b5-4316-abf1-2dec254f4739""}",2026-03-27T23:51:12.138300601Z
[CONNECTION UPDATE] ✅ EVENT RECEIVED! {,info,"{""level"":""info""}","{""project"":""ce3616d9-58ad-4ec7-a294-1821e1564434"",""environment"":""fb6513d0-42a4-4660-82b5-509c54b15f2a"",""service"":""4978aa94-666c-47c7-8024-3ada55195a51"",""deployment"":""b4365154-eadc-4c11-b568-5a096850e705"",""replica"":""56b3bc11-84b5-4316-abf1-2dec254f4739""}",2026-03-27T23:51:12.138306678Z
"[QR] ✅ QR converted, length: 6402",info,"{""level"":""info""}","{""project"":""ce3616d9-58ad-4ec7-a294-1821e1564434"",""environment"":""fb6513d0-42a4-4660-82b5-509c54b15f2a"",""service"":""4978aa94-666c-47c7-8024-3ada55195a51"",""deployment"":""b4365154-eadc-4c11-b568-5a096850e705"",""replica"":""56b3bc11-84b5-4316-abf1-2dec254f4739""}",2026-03-27T23:51:12.138309870Z
"  accountId: 'akunsatu',",info,"{""level"":""info""}","{""project"":""ce3616d9-58ad-4ec7-a294-1821e1564434"",""environment"":""fb6513d0-42a4-4660-82b5-509c54b15f2a"",""service"":""4978aa94-666c-47c7-8024-3ada55195a51"",""deployment"":""b4365154-eadc-4c11-b568-5a096850e705"",""replica"":""56b3bc11-84b5-4316-abf1-2dec254f4739""}",2026-03-27T23:51:12.138314739Z
"  connection: undefined,",info,"{""level"":""info""}","{""project"":""ce3616d9-58ad-4ec7-a294-1821e1564434"",""environment"":""fb6513d0-42a4-4660-82b5-509c54b15f2a"",""service"":""4978aa94-666c-47c7-8024-3ada55195a51"",""deployment"":""b4365154-eadc-4c11-b568-5a096850e705"",""replica"":""56b3bc11-84b5-4316-abf1-2dec254f4739""}",2026-03-27T23:51:12.138329720Z
[WS NATIVE SEND] Sending for akunsatu type: object preview: AAArwbWBOnP4BEqIuSZ6Zt08CVrdFSeUxI+zgz+9bz6RllxKLtLnsbzECke/RA==,info,"{""level"":""info""}","{""project"":""ce3616d9-58ad-4ec7-a294-1821e1564434"",""environment"":""fb6513d0-42a4-4660-82b5-509c54b15f2a"",""service"":""4978aa94-666c-47c7-8024-3ada55195a51"",""deployment"":""b4365154-eadc-4c11-b568-5a096850e705"",""replica"":""56b3bc11-84b5-4316-abf1-2dec254f4739""}",2026-03-27T23:51:18.052313924Z
[WS NATIVE MESSAGE] Received for akunsatu binary: true len: 47 preview: AAAsDGYCJRhS4UOVQ/4OQzz8XJdNXktU6DFQr35VTmWSmL7+7nj8zyniYtlaEj4=,info,"{""level"":""info""}","{""project"":""ce3616d9-58ad-4ec7-a294-1821e1564434"",""environment"":""fb6513d0-42a4-4660-82b5-509c54b15f2a"",""service"":""4978aa94-666c-47c7-8024-3ada55195a51"",""deployment"":""b4365154-eadc-4c11-b568-5a096850e705"",""replica"":""56b3bc11-84b5-4316-abf1-2dec254f4739""}",2026-03-27T23:51:18.935740007Z
[DB] Synced 1 accounts to database,info,"{""level"":""info""}","{""project"":""ce3616d9-58ad-4ec7-a294-1821e1564434"",""environment"":""fb6513d0-42a4-4660-82b5-509c54b15f2a"",""service"":""4978aa94-666c-47c7-8024-3ada55195a51"",""deployment"":""b4365154-eadc-4c11-b568-5a096850e705"",""replica"":""56b3bc11-84b5-4316-abf1-2dec254f4739""}",2026-03-27T23:51:21.924001343Z
==========================================,info,"{""level"":""info""}","{""project"":""ce3616d9-58ad-4ec7-a294-1821e1564434"",""environment"":""fb6513d0-42a4-4660-82b5-509c54b15f2a"",""service"":""4978aa94-666c-47c7-8024-3ada55195a51"",""deployment"":""b4365154-eadc-4c11-b568-5a096850e705"",""replica"":""56b3bc11-84b5-4316-abf1-2dec254f4739""}",2026-03-27T23:51:29.207055271Z
[CONNECTION UPDATE] ✅ EVENT RECEIVED! {,info,"{""level"":""info""}","{""project"":""ce3616d9-58ad-4ec7-a294-1821e1564434"",""environment"":""fb6513d0-42a4-4660-82b5-509c54b15f2a"",""service"":""4978aa94-666c-47c7-8024-3ada55195a51"",""deployment"":""b4365154-eadc-4c11-b568-5a096850e705"",""replica"":""56b3bc11-84b5-4316-abf1-2dec254f4739""}",2026-03-27T23:51:29.207100371Z
"  accountId: 'akunsatu',",info,"{""level"":""info""}","{""project"":""ce3616d9-58ad-4ec7-a294-1821e1564434"",""environment"":""fb6513d0-42a4-4660-82b5-509c54b15f2a"",""service"":""4978aa94-666c-47c7-8024-3ada55195a51"",""deployment"":""b4365154-eadc-4c11-b568-5a096850e705"",""replica"":""56b3bc11-84b5-4316-abf1-2dec254f4739""}",2026-03-27T23:51:29.207105625Z
"  connection: undefined,",info,"{""level"":""info""}","{""project"":""ce3616d9-58ad-4ec7-a294-1821e1564434"",""environment"":""fb6513d0-42a4-4660-82b5-509c54b15f2a"",""service"":""4978aa94-666c-47c7-8024-3ada55195a51"",""deployment"":""b4365154-eadc-4c11-b568-5a096850e705"",""replica"":""56b3bc11-84b5-4316-abf1-2dec254f4739""}",2026-03-27T23:51:29.207111956Z
"  hasQr: true,",info,"{""level"":""info""}","{""project"":""ce3616d9-58ad-4ec7-a294-1821e1564434"",""environment"":""fb6513d0-42a4-4660-82b5-509c54b15f2a"",""service"":""4978aa94-666c-47c7-8024-3ada55195a51"",""deployment"":""b4365154-eadc-4c11-b568-5a096850e705"",""replica"":""56b3bc11-84b5-4316-abf1-2dec254f4739""}",2026-03-27T23:51:29.207116839Z
"  qrPreview: '2@GvGh2DejfgqXVjD3WsvQXOs6S/n+CmJPt0cnhTNgr0QkRk3B...',",info,"{""level"":""info""}","{""project"":""ce3616d9-58ad-4ec7-a294-1821e1564434"",""environment"":""fb6513d0-42a4-4660-82b5-509c54b15f2a"",""service"":""4978aa94-666c-47c7-8024-3ada55195a51"",""deployment"":""b4365154-eadc-4c11-b568-5a096850e705"",""replica"":""56b3bc11-84b5-4316-abf1-2dec254f4739""}",2026-03-27T23:51:29.207122196Z
  isNewLogin: undefined,info,"{""level"":""info""}","{""project"":""ce3616d9-58ad-4ec7-a294-1821e1564434"",""environment"":""fb6513d0-42a4-4660-82b5-509c54b15f2a"",""service"":""4978aa94-666c-47c7-8024-3ada55195a51"",""deployment"":""b4365154-eadc-4c11-b568-5a096850e705"",""replica"":""56b3bc11-84b5-4316-abf1-2dec254f4739""}",2026-03-27T23:51:29.207127939Z
},info,"{""level"":""info""}","{""project"":""ce3616d9-58ad-4ec7-a294-1821e1564434"",""environment"":""fb6513d0-42a4-4660-82b5-509c54b15f2a"",""service"":""4978aa94-666c-47c7-8024-3ada55195a51"",""deployment"":""b4365154-eadc-4c11-b568-5a096850e705"",""replica"":""56b3bc11-84b5-4316-abf1-2dec254f4739""}",2026-03-27T23:51:29.207133449Z
==========================================,info,"{""level"":""info""}","{""project"":""ce3616d9-58ad-4ec7-a294-1821e1564434"",""environment"":""fb6513d0-42a4-4660-82b5-509c54b15f2a"",""service"":""4978aa94-666c-47c7-8024-3ada55195a51"",""deployment"":""b4365154-eadc-4c11-b568-5a096850e705"",""replica"":""56b3bc11-84b5-4316-abf1-2dec254f4739""}",2026-03-27T23:51:29.207500185Z
[QR] 🎯 QR code received for: akunsatu,info,"{""level"":""info""}","{""project"":""ce3616d9-58ad-4ec7-a294-1821e1564434"",""environment"":""fb6513d0-42a4-4660-82b5-509c54b15f2a"",""service"":""4978aa94-666c-47c7-8024-3ada55195a51"",""deployment"":""b4365154-eadc-4c11-b568-5a096850e705"",""replica"":""56b3bc11-84b5-4316-abf1-2dec254f4739""}",2026-03-27T23:51:29.207510841Z
[QR] QR length: 237,info,"{""level"":""info""}","{""project"":""ce3616d9-58ad-4ec7-a294-1821e1564434"",""environment"":""fb6513d0-42a4-4660-82b5-509c54b15f2a"",""service"":""4978aa94-666c-47c7-8024-3ada55195a51"",""deployment"":""b4365154-eadc-4c11-b568-5a096850e705"",""replica"":""56b3bc11-84b5-4316-abf1-2dec254f4739""}",2026-03-27T23:51:29.207517409Z
[QR] Converting QR to data URL...,info,"{""level"":""info""}","{""project"":""ce3616d9-58ad-4ec7-a294-1821e1564434"",""environment"":""fb6513d0-42a4-4660-82b5-509c54b15f2a"",""service"":""4978aa94-666c-47c7-8024-3ada55195a51"",""deployment"":""b4365154-eadc-4c11-b568-5a096850e705"",""replica"":""56b3bc11-84b5-4316-abf1-2dec254f4739""}",2026-03-27T23:51:29.207525292Z
"[QR] ✅ QR converted, length: 6326",info,"{""level"":""info""}","{""project"":""ce3616d9-58ad-4ec7-a294-1821e1564434"",""environment"":""fb6513d0-42a4-4660-82b5-509c54b15f2a"",""service"":""4978aa94-666c-47c7-8024-3ada55195a51"",""deployment"":""b4365154-eadc-4c11-b568-5a096850e705"",""replica"":""56b3bc11-84b5-4316-abf1-2dec254f4739""}",2026-03-27T23:51:29.207533436Z
[WS NATIVE SEND] Sending for akunsatu type: object preview: AAAriT7nTgt8Qr7ETlA4SPaJz7AmRcEsyjdjcrIVfx+EWiM/nPCv/DPIHFfIAg==,info,"{""level"":""info""}","{""project"":""ce3616d9-58ad-4ec7-a294-1821e1564434"",""environment"":""fb6513d0-42a4-4660-82b5-509c54b15f2a"",""service"":""4978aa94-666c-47c7-8024-3ada55195a51"",""deployment"":""b4365154-eadc-4c11-b568-5a096850e705"",""replica"":""56b3bc11-84b5-4316-abf1-2dec254f4739""}",2026-03-27T23:51:49.100213296Z
[WS NATIVE MESSAGE] Received for akunsatu binary: true len: 47 preview: AAAsbfmUwMS4tYVQDCzGTShmOIyPb3f4BfvfG6lGYkY54fvtOMg1Bfm6vmWcHWk=,info,"{""level"":""info""}","{""project"":""ce3616d9-58ad-4ec7-a294-1821e1564434"",""environment"":""fb6513d0-42a4-4660-82b5-509c54b15f2a"",""service"":""4978aa94-666c-47c7-8024-3ada55195a51"",""deployment"":""b4365154-eadc-4c11-b568-5a096850e705"",""replica"":""56b3bc11-84b5-4316-abf1-2dec254f4739""}",2026-03-27T23:51:49.100220245Z
==========================================,info,"{""level"":""info""}","{""project"":""ce3616d9-58ad-4ec7-a294-1821e1564434"",""environment"":""fb6513d0-42a4-4660-82b5-509c54b15f2a"",""service"":""4978aa94-666c-47c7-8024-3ada55195a51"",""deployment"":""b4365154-eadc-4c11-b568-5a096850e705"",""replica"":""56b3bc11-84b5-4316-abf1-2dec254f4739""}",2026-03-27T23:51:49.100230267Z
[CONNECTION UPDATE] ✅ EVENT RECEIVED! {,info,"{""level"":""info""}","{""project"":""ce3616d9-58ad-4ec7-a294-1821e1564434"",""environment"":""fb6513d0-42a4-4660-82b5-509c54b15f2a"",""service"":""4978aa94-666c-47c7-8024-3ada55195a51"",""deployment"":""b4365154-eadc-4c11-b568-5a096850e705"",""replica"":""56b3bc11-84b5-4316-abf1-2dec254f4739""}",2026-03-27T23:51:49.100236665Z
"  accountId: 'akunsatu',",info,"{""level"":""info""}","{""project"":""ce3616d9-58ad-4ec7-a294-1821e1564434"",""environment"":""fb6513d0-42a4-4660-82b5-509c54b15f2a"",""service"":""4978aa94-666c-47c7-8024-3ada55195a51"",""deployment"":""b4365154-eadc-4c11-b568-5a096850e705"",""replica"":""56b3bc11-84b5-4316-abf1-2dec254f4739""}",2026-03-27T23:51:49.100242683Z
"  connection: undefined,",info,"{""level"":""info""}","{""project"":""ce3616d9-58ad-4ec7-a294-1821e1564434"",""environment"":""fb6513d0-42a4-4660-82b5-509c54b15f2a"",""service"":""4978aa94-666c-47c7-8024-3ada55195a51"",""deployment"":""b4365154-eadc-4c11-b568-5a096850e705"",""replica"":""56b3bc11-84b5-4316-abf1-2dec254f4739""}",2026-03-27T23:51:49.100248608Z
"  hasQr: true,",info,"{""level"":""info""}","{""project"":""ce3616d9-58ad-4ec7-a294-1821e1564434"",""environment"":""fb6513d0-42a4-4660-82b5-509c54b15f2a"",""service"":""4978aa94-666c-47c7-8024-3ada55195a51"",""deployment"":""b4365154-eadc-4c11-b568-5a096850e705"",""replica"":""56b3bc11-84b5-4316-abf1-2dec254f4739""}",2026-03-27T23:51:49.100254041Z
"  qrPreview: '2@QB80ZIhwB9taccZFpz3nBH1N7eV1GDzJahE+eoVlQ/K8YIq1...',",info,"{""level"":""info""}","{""project"":""ce3616d9-58ad-4ec7-a294-1821e1564434"",""environment"":""fb6513d0-42a4-4660-82b5-509c54b15f2a"",""service"":""4978aa94-666c-47c7-8024-3ada55195a51"",""deployment"":""b4365154-eadc-4c11-b568-5a096850e705"",""replica"":""56b3bc11-84b5-4316-abf1-2dec254f4739""}",2026-03-27T23:51:49.100259470Z
  isNewLogin: undefined,info,"{""level"":""info""}","{""project"":""ce3616d9-58ad-4ec7-a294-1821e1564434"",""environment"":""fb6513d0-42a4-4660-82b5-509c54b15f2a"",""service"":""4978aa94-666c-47c7-8024-3ada55195a51"",""deployment"":""b4365154-eadc-4c11-b568-5a096850e705"",""replica"":""56b3bc11-84b5-4316-abf1-2dec254f4739""}",2026-03-27T23:51:49.100265834Z
},info,"{""level"":""info""}","{""project"":""ce3616d9-58ad-4ec7-a294-1821e1564434"",""environment"":""fb6513d0-42a4-4660-82b5-509c54b15f2a"",""service"":""4978aa94-666c-47c7-8024-3ada55195a51"",""deployment"":""b4365154-eadc-4c11-b568-5a096850e705"",""replica"":""56b3bc11-84b5-4316-abf1-2dec254f4739""}",2026-03-27T23:51:49.100272355Z
==========================================,info,"{""level"":""info""}","{""project"":""ce3616d9-58ad-4ec7-a294-1821e1564434"",""environment"":""fb6513d0-42a4-4660-82b5-509c54b15f2a"",""service"":""4978aa94-666c-47c7-8024-3ada55195a51"",""deployment"":""b4365154-eadc-4c11-b568-5a096850e705"",""replica"":""56b3bc11-84b5-4316-abf1-2dec254f4739""}",2026-03-27T23:51:49.100278148Z
[QR] 🎯 QR code received for: akunsatu,info,"{""level"":""info""}","{""project"":""ce3616d9-58ad-4ec7-a294-1821e1564434"",""environment"":""fb6513d0-42a4-4660-82b5-509c54b15f2a"",""service"":""4978aa94-666c-47c7-8024-3ada55195a51"",""deployment"":""b4365154-eadc-4c11-b568-5a096850e705"",""replica"":""56b3bc11-84b5-4316-abf1-2dec254f4739""}",2026-03-27T23:51:49.100283474Z
[QR] QR length: 237,info,"{""level"":""info""}","{""project"":""ce3616d9-58ad-4ec7-a294-1821e1564434"",""environment"":""fb6513d0-42a4-4660-82b5-509c54b15f2a"",""service"":""4978aa94-666c-47c7-8024-3ada55195a51"",""deployment"":""b4365154-eadc-4c11-b568-5a096850e705"",""replica"":""56b3bc11-84b5-4316-abf1-2dec254f4739""}",2026-03-27T23:51:49.100289101Z
[QR] Converting QR to data URL...,info,"{""level"":""info""}","{""project"":""ce3616d9-58ad-4ec7-a294-1821e1564434"",""environment"":""fb6513d0-42a4-4660-82b5-509c54b15f2a"",""service"":""4978aa94-666c-47c7-8024-3ada55195a51"",""deployment"":""b4365154-eadc-4c11-b568-5a096850e705"",""replica"":""56b3bc11-84b5-4316-abf1-2dec254f4739""}",2026-03-27T23:51:49.100294475Z
"[QR] ✅ QR converted, length: 6382",info,"{""level"":""info""}","{""project"":""ce3616d9-58ad-4ec7-a294-1821e1564434"",""environment"":""fb6513d0-42a4-4660-82b5-509c54b15f2a"",""service"":""4978aa94-666c-47c7-8024-3ada55195a51"",""deployment"":""b4365154-eadc-4c11-b568-5a096850e705"",""replica"":""56b3bc11-84b5-4316-abf1-2dec254f4739""}",2026-03-27T23:51:49.100300914Z
[DB] Synced 1 accounts to database,info,"{""level"":""info""}","{""project"":""ce3616d9-58ad-4ec7-a294-1821e1564434"",""environment"":""fb6513d0-42a4-4660-82b5-509c54b15f2a"",""service"":""4978aa94-666c-47c7-8024-3ada55195a51"",""deployment"":""b4365154-eadc-4c11-b568-5a096850e705"",""replica"":""56b3bc11-84b5-4316-abf1-2dec254f4739""}",2026-03-27T23:51:51.900376270Z
[WS NATIVE MESSAGE] Received for akunsatu binary: true len: 722 preview: AALPF/rJ8nI5izhV+4WtD2vlgWW09AbCsW3n5S5TDYWi0bbKTAtVkijMYhTh0EjWJfw=...,info,"{""level"":""info""}","{""project"":""ce3616d9-58ad-4ec7-a294-1821e1564434"",""environment"":""fb6513d0-42a4-4660-82b5-509c54b15f2a"",""service"":""4978aa94-666c-47c7-8024-3ada55195a51"",""deployment"":""b4365154-eadc-4c11-b568-5a096850e705"",""replica"":""56b3bc11-84b5-4316-abf1-2dec254f4739""}",2026-03-27T23:52:11.320589114Z
pair success recv,info,"{""time"":1774655528263,""pid"":94,""hostname"":""9a45ddc40bc4"",""level"":""info""}","{""project"":""ce3616d9-58ad-4ec7-a294-1821e1564434"",""environment"":""fb6513d0-42a4-4660-82b5-509c54b15f2a"",""service"":""4978aa94-666c-47c7-8024-3ada55195a51"",""deployment"":""b4365154-eadc-4c11-b568-5a096850e705"",""replica"":""56b3bc11-84b5-4316-abf1-2dec254f4739""}",2026-03-27T23:52:11.320594935Z
==========================================,info,"{""level"":""info""}","{""project"":""ce3616d9-58ad-4ec7-a294-1821e1564434"",""environment"":""fb6513d0-42a4-4660-82b5-509c54b15f2a"",""service"":""4978aa94-666c-47c7-8024-3ada55195a51"",""deployment"":""b4365154-eadc-4c11-b568-5a096850e705"",""replica"":""56b3bc11-84b5-4316-abf1-2dec254f4739""}",2026-03-27T23:52:11.320601170Z
[CONNECTION UPDATE] ✅ EVENT RECEIVED! {,info,"{""level"":""info""}","{""project"":""ce3616d9-58ad-4ec7-a294-1821e1564434"",""environment"":""fb6513d0-42a4-4660-82b5-509c54b15f2a"",""service"":""4978aa94-666c-47c7-8024-3ada55195a51"",""deployment"":""b4365154-eadc-4c11-b568-5a096850e705"",""replica"":""56b3bc11-84b5-4316-abf1-2dec254f4739""}",2026-03-27T23:52:11.320606933Z
"  accountId: 'akunsatu',",info,"{""level"":""info""}","{""project"":""ce3616d9-58ad-4ec7-a294-1821e1564434"",""environment"":""fb6513d0-42a4-4660-82b5-509c54b15f2a"",""service"":""4978aa94-666c-47c7-8024-3ada55195a51"",""deployment"":""b4365154-eadc-4c11-b568-5a096850e705"",""replica"":""56b3bc11-84b5-4316-abf1-2dec254f4739""}",2026-03-27T23:52:11.320613196Z
"  connection: undefined,",info,"{""level"":""info""}","{""project"":""ce3616d9-58ad-4ec7-a294-1821e1564434"",""environment"":""fb6513d0-42a4-4660-82b5-509c54b15f2a"",""service"":""4978aa94-666c-47c7-8024-3ada55195a51"",""deployment"":""b4365154-eadc-4c11-b568-5a096850e705"",""replica"":""56b3bc11-84b5-4316-abf1-2dec254f4739""}",2026-03-27T23:52:11.320618597Z
"  hasQr: false,",info,"{""level"":""info""}","{""project"":""ce3616d9-58ad-4ec7-a294-1821e1564434"",""environment"":""fb6513d0-42a4-4660-82b5-509c54b15f2a"",""service"":""4978aa94-666c-47c7-8024-3ada55195a51"",""deployment"":""b4365154-eadc-4c11-b568-5a096850e705"",""replica"":""56b3bc11-84b5-4316-abf1-2dec254f4739""}",2026-03-27T23:52:11.320623818Z
"  qrPreview: null,",info,"{""level"":""info""}","{""project"":""ce3616d9-58ad-4ec7-a294-1821e1564434"",""environment"":""fb6513d0-42a4-4660-82b5-509c54b15f2a"",""service"":""4978aa94-666c-47c7-8024-3ada55195a51"",""deployment"":""b4365154-eadc-4c11-b568-5a096850e705"",""replica"":""56b3bc11-84b5-4316-abf1-2dec254f4739""}",2026-03-27T23:52:11.320629969Z
  isNewLogin: true,info,"{""level"":""info""}","{""project"":""ce3616d9-58ad-4ec7-a294-1821e1564434"",""environment"":""fb6513d0-42a4-4660-82b5-509c54b15f2a"",""service"":""4978aa94-666c-47c7-8024-3ada55195a51"",""deployment"":""b4365154-eadc-4c11-b568-5a096850e705"",""replica"":""56b3bc11-84b5-4316-abf1-2dec254f4739""}",2026-03-27T23:52:11.320636173Z
},info,"{""level"":""info""}","{""project"":""ce3616d9-58ad-4ec7-a294-1821e1564434"",""environment"":""fb6513d0-42a4-4660-82b5-509c54b15f2a"",""service"":""4978aa94-666c-47c7-8024-3ada55195a51"",""deployment"":""b4365154-eadc-4c11-b568-5a096850e705"",""replica"":""56b3bc11-84b5-4316-abf1-2dec254f4739""}",2026-03-27T23:52:11.320642349Z
==========================================,info,"{""level"":""info""}","{""project"":""ce3616d9-58ad-4ec7-a294-1821e1564434"",""environment"":""fb6513d0-42a4-4660-82b5-509c54b15f2a"",""service"":""4978aa94-666c-47c7-8024-3ada55195a51"",""deployment"":""b4365154-eadc-4c11-b568-5a096850e705"",""replica"":""56b3bc11-84b5-4316-abf1-2dec254f4739""}",2026-03-27T23:52:11.320647411Z
[WS NATIVE SEND] Sending for akunsatu type: object preview: AADZDKyvIGBio6iDa30AdW+srW5L4bXYY1qre+C6oYolfJ+iSvY6UOLmDQYp9GZeDzg=,info,"{""level"":""info""}","{""project"":""ce3616d9-58ad-4ec7-a294-1821e1564434"",""environment"":""fb6513d0-42a4-4660-82b5-509c54b15f2a"",""service"":""4978aa94-666c-47c7-8024-3ada55195a51"",""deployment"":""b4365154-eadc-4c11-b568-5a096850e705"",""replica"":""56b3bc11-84b5-4316-abf1-2dec254f4739""}",2026-03-27T23:52:11.320652938Z
"pairing configured successfully, expect to restart the connection...",info,"{""time"":1774655528301,""pid"":94,""hostname"":""9a45ddc40bc4"",""me"":{""id"":""6285187744634:1@s.whatsapp.net""},""platform"":""android"",""level"":""info""}","{""project"":""ce3616d9-58ad-4ec7-a294-1821e1564434"",""environment"":""fb6513d0-42a4-4660-82b5-509c54b15f2a"",""service"":""4978aa94-666c-47c7-8024-3ada55195a51"",""deployment"":""b4365154-eadc-4c11-b568-5a096850e705"",""replica"":""56b3bc11-84b5-4316-abf1-2dec254f4739""}",2026-03-27T23:52:11.320658896Z
==========================================,info,"{""level"":""info""}","{""project"":""ce3616d9-58ad-4ec7-a294-1821e1564434"",""environment"":""fb6513d0-42a4-4660-82b5-509c54b15f2a"",""service"":""4978aa94-666c-47c7-8024-3ada55195a51"",""deployment"":""b4365154-eadc-4c11-b568-5a096850e705"",""replica"":""56b3bc11-84b5-4316-abf1-2dec254f4739""}",2026-03-27T23:52:11.320837603Z
[CONNECTION UPDATE] ✅ EVENT RECEIVED! {,info,"{""level"":""info""}","{""project"":""ce3616d9-58ad-4ec7-a294-1821e1564434"",""environment"":""fb6513d0-42a4-4660-82b5-509c54b15f2a"",""service"":""4978aa94-666c-47c7-8024-3ada55195a51"",""deployment"":""b4365154-eadc-4c11-b568-5a096850e705"",""replica"":""56b3bc11-84b5-4316-abf1-2dec254f4739""}",2026-03-27T23:52:11.320847963Z
"  accountId: 'akunsatu',",info,"{""level"":""info""}","{""project"":""ce3616d9-58ad-4ec7-a294-1821e1564434"",""environment"":""fb6513d0-42a4-4660-82b5-509c54b15f2a"",""service"":""4978aa94-666c-47c7-8024-3ada55195a51"",""deployment"":""b4365154-eadc-4c11-b568-5a096850e705"",""replica"":""56b3bc11-84b5-4316-abf1-2dec254f4739""}",2026-03-27T23:52:11.320859464Z
"  connection: undefined,",info,"{""level"":""info""}","{""project"":""ce3616d9-58ad-4ec7-a294-1821e1564434"",""environment"":""fb6513d0-42a4-4660-82b5-509c54b15f2a"",""service"":""4978aa94-666c-47c7-8024-3ada55195a51"",""deployment"":""b4365154-eadc-4c11-b568-5a096850e705"",""replica"":""56b3bc11-84b5-4316-abf1-2dec254f4739""}",2026-03-27T23:52:11.320866971Z
"  hasQr: true,",info,"{""level"":""info""}","{""project"":""ce3616d9-58ad-4ec7-a294-1821e1564434"",""environment"":""fb6513d0-42a4-4660-82b5-509c54b15f2a"",""service"":""4978aa94-666c-47c7-8024-3ada55195a51"",""deployment"":""b4365154-eadc-4c11-b568-5a096850e705"",""replica"":""56b3bc11-84b5-4316-abf1-2dec254f4739""}",2026-03-27T23:52:11.320874668Z
"  qrPreview: '2@MumSOJmWm3gjzpb4/aCL1pymQTeLG0yfRw+gGLnjoyuZWy0l...',",info,"{""level"":""info""}","{""project"":""ce3616d9-58ad-4ec7-a294-1821e1564434"",""environment"":""fb6513d0-42a4-4660-82b5-509c54b15f2a"",""service"":""4978aa94-666c-47c7-8024-3ada55195a51"",""deployment"":""b4365154-eadc-4c11-b568-5a096850e705"",""replica"":""56b3bc11-84b5-4316-abf1-2dec254f4739""}",2026-03-27T23:52:11.320882823Z
  isNewLogin: undefined,info,"{""level"":""info""}","{""project"":""ce3616d9-58ad-4ec7-a294-1821e1564434"",""environment"":""fb6513d0-42a4-4660-82b5-509c54b15f2a"",""service"":""4978aa94-666c-47c7-8024-3ada55195a51"",""deployment"":""b4365154-eadc-4c11-b568-5a096850e705"",""replica"":""56b3bc11-84b5-4316-abf1-2dec254f4739""}",2026-03-27T23:52:11.320890227Z
},info,"{""level"":""info""}","{""project"":""ce3616d9-58ad-4ec7-a294-1821e1564434"",""environment"":""fb6513d0-42a4-4660-82b5-509c54b15f2a"",""service"":""4978aa94-666c-47c7-8024-3ada55195a51"",""deployment"":""b4365154-eadc-4c11-b568-5a096850e705"",""replica"":""56b3bc11-84b5-4316-abf1-2dec254f4739""}",2026-03-27T23:52:11.320898270Z
==========================================,info,"{""level"":""info""}","{""project"":""ce3616d9-58ad-4ec7-a294-1821e1564434"",""environment"":""fb6513d0-42a4-4660-82b5-509c54b15f2a"",""service"":""4978aa94-666c-47c7-8024-3ada55195a51"",""deployment"":""b4365154-eadc-4c11-b568-5a096850e705"",""replica"":""56b3bc11-84b5-4316-abf1-2dec254f4739""}",2026-03-27T23:52:11.320906260Z
[QR] 🎯 QR code received for: akunsatu,info,"{""level"":""info""}","{""project"":""ce3616d9-58ad-4ec7-a294-1821e1564434"",""environment"":""fb6513d0-42a4-4660-82b5-509c54b15f2a"",""service"":""4978aa94-666c-47c7-8024-3ada55195a51"",""deployment"":""b4365154-eadc-4c11-b568-5a096850e705"",""replica"":""56b3bc11-84b5-4316-abf1-2dec254f4739""}",2026-03-27T23:52:11.322214711Z
[QR] QR length: 237,info,"{""level"":""info""}","{""project"":""ce3616d9-58ad-4ec7-a294-1821e1564434"",""environment"":""fb6513d0-42a4-4660-82b5-509c54b15f2a"",""service"":""4978aa94-666c-47c7-8024-3ada55195a51"",""deployment"":""b4365154-eadc-4c11-b568-5a096850e705"",""replica"":""56b3bc11-84b5-4316-abf1-2dec254f4739""}",2026-03-27T23:52:11.322225379Z
[QR] Converting QR to data URL...,info,"{""level"":""info""}","{""project"":""ce3616d9-58ad-4ec7-a294-1821e1564434"",""environment"":""fb6513d0-42a4-4660-82b5-509c54b15f2a"",""service"":""4978aa94-666c-47c7-8024-3ada55195a51"",""deployment"":""b4365154-eadc-4c11-b568-5a096850e705"",""replica"":""56b3bc11-84b5-4316-abf1-2dec254f4739""}",2026-03-27T23:52:11.322232016Z
"[QR] ✅ QR converted, length: 6310",info,"{""level"":""info""}","{""project"":""ce3616d9-58ad-4ec7-a294-1821e1564434"",""environment"":""fb6513d0-42a4-4660-82b5-509c54b15f2a"",""service"":""4978aa94-666c-47c7-8024-3ada55195a51"",""deployment"":""b4365154-eadc-4c11-b568-5a096850e705"",""replica"":""56b3bc11-84b5-4316-abf1-2dec254f4739""}",2026-03-27T23:52:11.322243171Z
[WS NATIVE MESSAGE] Received for akunsatu binary: true len: 52 preview: AAAa1C55yFVosCha3wfun0NobMd8DWFprnr3iDMAABQ+WHC+6OPMTd0gIRnm7sAc1DU=...,info,"{""level"":""info""}","{""project"":""ce3616d9-58ad-4ec7-a294-1821e1564434"",""environment"":""fb6513d0-42a4-4660-82b5-509c54b15f2a"",""service"":""4978aa94-666c-47c7-8024-3ada55195a51"",""deployment"":""b4365154-eadc-4c11-b568-5a096850e705"",""replica"":""56b3bc11-84b5-4316-abf1-2dec254f4739""}",2026-03-27T23:52:11.322253400Z
stream errored out,info,"{""time"":1774655528630,""pid"":94,""hostname"":""9a45ddc40bc4"",""node"":{""tag"":""stream:error"",""attrs"":{""code"":""515""}},""level"":""info""}","{""project"":""ce3616d9-58ad-4ec7-a294-1821e1564434"",""environment"":""fb6513d0-42a4-4660-82b5-509c54b15f2a"",""service"":""4978aa94-666c-47c7-8024-3ada55195a51"",""deployment"":""b4365154-eadc-4c11-b568-5a096850e705"",""replica"":""56b3bc11-84b5-4316-abf1-2dec254f4739""}",2026-03-27T23:52:11.322261605Z
==========================================,info,"{""level"":""info""}","{""project"":""ce3616d9-58ad-4ec7-a294-1821e1564434"",""environment"":""fb6513d0-42a4-4660-82b5-509c54b15f2a"",""service"":""4978aa94-666c-47c7-8024-3ada55195a51"",""deployment"":""b4365154-eadc-4c11-b568-5a096850e705"",""replica"":""56b3bc11-84b5-4316-abf1-2dec254f4739""}",2026-03-27T23:52:11.322269820Z
[CONNECTION UPDATE] ✅ EVENT RECEIVED! {,info,"{""level"":""info""}","{""project"":""ce3616d9-58ad-4ec7-a294-1821e1564434"",""environment"":""fb6513d0-42a4-4660-82b5-509c54b15f2a"",""service"":""4978aa94-666c-47c7-8024-3ada55195a51"",""deployment"":""b4365154-eadc-4c11-b568-5a096850e705"",""replica"":""56b3bc11-84b5-4316-abf1-2dec254f4739""}",2026-03-27T23:52:11.322277991Z
"  accountId: 'akunsatu',",info,"{""level"":""info""}","{""project"":""ce3616d9-58ad-4ec7-a294-1821e1564434"",""environment"":""fb6513d0-42a4-4660-82b5-509c54b15f2a"",""service"":""4978aa94-666c-47c7-8024-3ada55195a51"",""deployment"":""b4365154-eadc-4c11-b568-5a096850e705"",""replica"":""56b3bc11-84b5-4316-abf1-2dec254f4739""}",2026-03-27T23:52:11.322286487Z
"  connection: 'close',",info,"{""level"":""info""}","{""project"":""ce3616d9-58ad-4ec7-a294-1821e1564434"",""environment"":""fb6513d0-42a4-4660-82b5-509c54b15f2a"",""service"":""4978aa94-666c-47c7-8024-3ada55195a51"",""deployment"":""b4365154-eadc-4c11-b568-5a096850e705"",""replica"":""56b3bc11-84b5-4316-abf1-2dec254f4739""}",2026-03-27T23:52:11.322293848Z
"  hasQr: false,",info,"{""level"":""info""}","{""project"":""ce3616d9-58ad-4ec7-a294-1821e1564434"",""environment"":""fb6513d0-42a4-4660-82b5-509c54b15f2a"",""service"":""4978aa94-666c-47c7-8024-3ada55195a51"",""deployment"":""b4365154-eadc-4c11-b568-5a096850e705"",""replica"":""56b3bc11-84b5-4316-abf1-2dec254f4739""}",2026-03-27T23:52:11.322300548Z
"  qrPreview: null,",info,"{""level"":""info""}","{""project"":""ce3616d9-58ad-4ec7-a294-1821e1564434"",""environment"":""fb6513d0-42a4-4660-82b5-509c54b15f2a"",""service"":""4978aa94-666c-47c7-8024-3ada55195a51"",""deployment"":""b4365154-eadc-4c11-b568-5a096850e705"",""replica"":""56b3bc11-84b5-4316-abf1-2dec254f4739""}",2026-03-27T23:52:11.322307077Z
  isNewLogin: undefined,info,"{""level"":""info""}","{""project"":""ce3616d9-58ad-4ec7-a294-1821e1564434"",""environment"":""fb6513d0-42a4-4660-82b5-509c54b15f2a"",""service"":""4978aa94-666c-47c7-8024-3ada55195a51"",""deployment"":""b4365154-eadc-4c11-b568-5a096850e705"",""replica"":""56b3bc11-84b5-4316-abf1-2dec254f4739""}",2026-03-27T23:52:11.322314248Z
},info,"{""level"":""info""}","{""project"":""ce3616d9-58ad-4ec7-a294-1821e1564434"",""environment"":""fb6513d0-42a4-4660-82b5-509c54b15f2a"",""service"":""4978aa94-666c-47c7-8024-3ada55195a51"",""deployment"":""b4365154-eadc-4c11-b568-5a096850e705"",""replica"":""56b3bc11-84b5-4316-abf1-2dec254f4739""}",2026-03-27T23:52:11.322321299Z
==========================================,info,"{""level"":""info""}","{""project"":""ce3616d9-58ad-4ec7-a294-1821e1564434"",""environment"":""fb6513d0-42a4-4660-82b5-509c54b15f2a"",""service"":""4978aa94-666c-47c7-8024-3ada55195a51"",""deployment"":""b4365154-eadc-4c11-b568-5a096850e705"",""replica"":""56b3bc11-84b5-4316-abf1-2dec254f4739""}",2026-03-27T23:52:11.322327810Z
[CONNECTION] ❌ Disconnected: akunsatu code: 515 error: Stream Errored (restart required),info,"{""level"":""info""}","{""project"":""ce3616d9-58ad-4ec7-a294-1821e1564434"",""environment"":""fb6513d0-42a4-4660-82b5-509c54b15f2a"",""service"":""4978aa94-666c-47c7-8024-3ada55195a51"",""deployment"":""b4365154-eadc-4c11-b568-5a096850e705"",""replica"":""56b3bc11-84b5-4316-abf1-2dec254f4739""}",2026-03-27T23:52:11.322335836Z
connection errored,info,"{""time"":1774655528631,""pid"":94,""hostname"":""9a45ddc40bc4"",""trace"":""Error: Stream Errored (restart required)\n    at WebSocketClient.<anonymous> (/app/mini-services/whatsapp-service/node_modules/@whiskeysockets/baileys/src/Socket/socket.ts:648:7)\n    at WebSocketClient.emit (node:events:519:28)\n    at <anonymous> (/app/mini-services/whatsapp-service/node_modules/@whiskeysockets/baileys/src/Socket/socket.ts:327:23)\n    at Object.decodeFrame (/app/mini-services/whatsapp-service/node_modules/@whiskeysockets/baileys/src/Utils/noise-handler.ts:187:5)\n    at process.processTicksAndRejections (node:internal/process/task_queues:105:5)"",""level"":""info""}","{""project"":""ce3616d9-58ad-4ec7-a294-1821e1564434"",""environment"":""fb6513d0-42a4-4660-82b5-509c54b15f2a"",""service"":""4978aa94-666c-47c7-8024-3ada55195a51"",""deployment"":""b4365154-eadc-4c11-b568-5a096850e705"",""replica"":""56b3bc11-84b5-4316-abf1-2dec254f4739""}",2026-03-27T23:52:11.322342565Z
[WS NATIVE MESSAGE] Received for akunsatu binary: true len: 4 preview: iAID8w==,info,"{""level"":""info""}","{""project"":""ce3616d9-58ad-4ec7-a294-1821e1564434"",""environment"":""fb6513d0-42a4-4660-82b5-509c54b15f2a"",""service"":""4978aa94-666c-47c7-8024-3ada55195a51"",""deployment"":""b4365154-eadc-4c11-b568-5a096850e705"",""replica"":""56b3bc11-84b5-4316-abf1-2dec254f4739""}",2026-03-27T23:52:11.327369139Z
[WS NATIVE CLOSE] Native WebSocket closed for akunsatu code: 1006 reason: ,info,"{""level"":""info""}","{""project"":""ce3616d9-58ad-4ec7-a294-1821e1564434"",""environment"":""fb6513d0-42a4-4660-82b5-509c54b15f2a"",""service"":""4978aa94-666c-47c7-8024-3ada55195a51"",""deployment"":""b4365154-eadc-4c11-b568-5a096850e705"",""replica"":""56b3bc11-84b5-4316-abf1-2dec254f4739""}",2026-03-27T23:52:11.327386164Z
==========================================,info,"{""level"":""info""}","{""project"":""ce3616d9-58ad-4ec7-a294-1821e1564434"",""environment"":""fb6513d0-42a4-4660-82b5-509c54b15f2a"",""service"":""4978aa94-666c-47c7-8024-3ada55195a51"",""deployment"":""b4365154-eadc-4c11-b568-5a096850e705"",""replica"":""56b3bc11-84b5-4316-abf1-2dec254f4739""}",2026-03-27T23:52:14.550994840Z
[START SESSION] Called with: {,info,"{""level"":""info""}","{""project"":""ce3616d9-58ad-4ec7-a294-1821e1564434"",""environment"":""fb6513d0-42a4-4660-82b5-509c54b15f2a"",""service"":""4978aa94-666c-47c7-8024-3ada55195a51"",""deployment"":""b4365154-eadc-4c11-b568-5a096850e705"",""replica"":""56b3bc11-84b5-4316-abf1-2dec254f4739""}",2026-03-27T23:52:14.551004963Z
"  accountId: 'akunsatu',",info,"{""level"":""info""}","{""project"":""ce3616d9-58ad-4ec7-a294-1821e1564434"",""environment"":""fb6513d0-42a4-4660-82b5-509c54b15f2a"",""service"":""4978aa94-666c-47c7-8024-3ada55195a51"",""deployment"":""b4365154-eadc-4c11-b568-5a096850e705"",""replica"":""56b3bc11-84b5-4316-abf1-2dec254f4739""}",2026-03-27T23:52:14.551014114Z
"  usePairingCode: false,",info,"{""level"":""info""}","{""project"":""ce3616d9-58ad-4ec7-a294-1821e1564434"",""environment"":""fb6513d0-42a4-4660-82b5-509c54b15f2a"",""service"":""4978aa94-666c-47c7-8024-3ada55195a51"",""deployment"":""b4365154-eadc-4c11-b568-5a096850e705"",""replica"":""56b3bc11-84b5-4316-abf1-2dec254f4739""}",2026-03-27T23:52:14.551022153Z
"  phoneNumber: undefined,",info,"{""level"":""info""}","{""project"":""ce3616d9-58ad-4ec7-a294-1821e1564434"",""environment"":""fb6513d0-42a4-4660-82b5-509c54b15f2a"",""service"":""4978aa94-666c-47c7-8024-3ada55195a51"",""deployment"":""b4365154-eadc-4c11-b568-5a096850e705"",""replica"":""56b3bc11-84b5-4316-abf1-2dec254f4739""}",2026-03-27T23:52:14.551029393Z
  forceNew: true,info,"{""level"":""info""}","{""project"":""ce3616d9-58ad-4ec7-a294-1821e1564434"",""environment"":""fb6513d0-42a4-4660-82b5-509c54b15f2a"",""service"":""4978aa94-666c-47c7-8024-3ada55195a51"",""deployment"":""b4365154-eadc-4c11-b568-5a096850e705"",""replica"":""56b3bc11-84b5-4316-abf1-2dec254f4739""}",2026-03-27T23:52:14.551037673Z
},info,"{""level"":""info""}","{""project"":""ce3616d9-58ad-4ec7-a294-1821e1564434"",""environment"":""fb6513d0-42a4-4660-82b5-509c54b15f2a"",""service"":""4978aa94-666c-47c7-8024-3ada55195a51"",""deployment"":""b4365154-eadc-4c11-b568-5a096850e705"",""replica"":""56b3bc11-84b5-4316-abf1-2dec254f4739""}",2026-03-27T23:52:14.551046892Z
[START SESSION] Current accounts: [],info,"{""level"":""info""}","{""project"":""ce3616d9-58ad-4ec7-a294-1821e1564434"",""environment"":""fb6513d0-42a4-4660-82b5-509c54b15f2a"",""service"":""4978aa94-666c-47c7-8024-3ada55195a51"",""deployment"":""b4365154-eadc-4c11-b568-5a096850e705"",""replica"":""56b3bc11-84b5-4316-abf1-2dec254f4739""}",2026-03-27T23:52:14.551056141Z
==========================================,info,"{""level"":""info""}","{""project"":""ce3616d9-58ad-4ec7-a294-1821e1564434"",""environment"":""fb6513d0-42a4-4660-82b5-509c54b15f2a"",""service"":""4978aa94-666c-47c7-8024-3ada55195a51"",""deployment"":""b4365154-eadc-4c11-b568-5a096850e705"",""replica"":""56b3bc11-84b5-4316-abf1-2dec254f4739""}",2026-03-27T23:52:14.551064208Z
"[START SESSION] forceNew=true, clearing old session data...",info,"{""level"":""info""}","{""project"":""ce3616d9-58ad-4ec7-a294-1821e1564434"",""environment"":""fb6513d0-42a4-4660-82b5-509c54b15f2a"",""service"":""4978aa94-666c-47c7-8024-3ada55195a51"",""deployment"":""b4365154-eadc-4c11-b568-5a096850e705"",""replica"":""56b3bc11-84b5-4316-abf1-2dec254f4739""}",2026-03-27T23:52:14.551071501Z
[CLEAR SESSION] Attempting to clear session for: akunsatu,info,"{""level"":""info""}","{""project"":""ce3616d9-58ad-4ec7-a294-1821e1564434"",""environment"":""fb6513d0-42a4-4660-82b5-509c54b15f2a"",""service"":""4978aa94-666c-47c7-8024-3ada55195a51"",""deployment"":""b4365154-eadc-4c11-b568-5a096850e705"",""replica"":""56b3bc11-84b5-4316-abf1-2dec254f4739""}",2026-03-27T23:52:14.551085243Z
[CLEAR SESSION] Session path: /app/mini-services/whatsapp-service/sessions/akunsatu,info,"{""level"":""info""}","{""project"":""ce3616d9-58ad-4ec7-a294-1821e1564434"",""environment"":""fb6513d0-42a4-4660-82b5-509c54b15f2a"",""service"":""4978aa94-666c-47c7-8024-3ada55195a51"",""deployment"":""b4365154-eadc-4c11-b568-5a096850e705"",""replica"":""56b3bc11-84b5-4316-abf1-2dec254f4739""}",2026-03-27T23:52:14.551092920Z
[CLEAR SESSION] Session directory exists,info,"{""level"":""info""}","{""project"":""ce3616d9-58ad-4ec7-a294-1821e1564434"",""environment"":""fb6513d0-42a4-4660-82b5-509c54b15f2a"",""service"":""4978aa94-666c-47c7-8024-3ada55195a51"",""deployment"":""b4365154-eadc-4c11-b568-5a096850e705"",""replica"":""56b3bc11-84b5-4316-abf1-2dec254f4739""}",2026-03-27T23:52:14.551100694Z
[CLEAR SESSION] Deleting session directory with rimraf...,info,"{""level"":""info""}","{""project"":""ce3616d9-58ad-4ec7-a294-1821e1564434"",""environment"":""fb6513d0-42a4-4660-82b5-509c54b15f2a"",""service"":""4978aa94-666c-47c7-8024-3ada55195a51"",""deployment"":""b4365154-eadc-4c11-b568-5a096850e705"",""replica"":""56b3bc11-84b5-4316-abf1-2dec254f4739""}",2026-03-27T23:52:14.551107942Z
[CLEAR SESSION] ✅ Session directory successfully deleted,info,"{""level"":""info""}","{""project"":""ce3616d9-58ad-4ec7-a294-1821e1564434"",""environment"":""fb6513d0-42a4-4660-82b5-509c54b15f2a"",""service"":""4978aa94-666c-47c7-8024-3ada55195a51"",""deployment"":""b4365154-eadc-4c11-b568-5a096850e705"",""replica"":""56b3bc11-84b5-4316-abf1-2dec254f4739""}",2026-03-27T23:52:14.551117964Z
[START SESSION] ✅ Session data cleared successfully,info,"{""level"":""info""}","{""project"":""ce3616d9-58ad-4ec7-a294-1821e1564434"",""environment"":""fb6513d0-42a4-4660-82b5-509c54b15f2a"",""service"":""4978aa94-666c-47c7-8024-3ada55195a51"",""deployment"":""b4365154-eadc-4c11-b568-5a096850e705"",""replica"":""56b3bc11-84b5-4316-abf1-2dec254f4739""}",2026-03-27T23:52:14.551125393Z
[START SESSION] Session directory created: /app/mini-services/whatsapp-service/sessions/akunsatu,info,"{""level"":""info""}","{""project"":""ce3616d9-58ad-4ec7-a294-1821e1564434"",""environment"":""fb6513d0-42a4-4660-82b5-509c54b15f2a"",""service"":""4978aa94-666c-47c7-8024-3ada55195a51"",""deployment"":""b4365154-eadc-4c11-b568-5a096850e705"",""replica"":""56b3bc11-84b5-4316-abf1-2dec254f4739""}",2026-03-27T23:52:14.551133674Z
[START SESSION] Loading auth state...,info,"{""level"":""info""}","{""project"":""ce3616d9-58ad-4ec7-a294-1821e1564434"",""environment"":""fb6513d0-42a4-4660-82b5-509c54b15f2a"",""service"":""4978aa94-666c-47c7-8024-3ada55195a51"",""deployment"":""b4365154-eadc-4c11-b568-5a096850e705"",""replica"":""56b3bc11-84b5-4316-abf1-2dec254f4739""}",2026-03-27T23:52:14.551141312Z
[START SESSION] Auth state loaded:,info,"{""level"":""info""}","{""project"":""ce3616d9-58ad-4ec7-a294-1821e1564434"",""environment"":""fb6513d0-42a4-4660-82b5-509c54b15f2a"",""service"":""4978aa94-666c-47c7-8024-3ada55195a51"",""deployment"":""b4365154-eadc-4c11-b568-5a096850e705"",""replica"":""56b3bc11-84b5-4316-abf1-2dec254f4739""}",2026-03-27T23:52:14.551149012Z
[START SESSION] - hasCreds: true,info,"{""level"":""info""}","{""project"":""ce3616d9-58ad-4ec7-a294-1821e1564434"",""environment"":""fb6513d0-42a4-4660-82b5-509c54b15f2a"",""service"":""4978aa94-666c-47c7-8024-3ada55195a51"",""deployment"":""b4365154-eadc-4c11-b568-5a096850e705"",""replica"":""56b3bc11-84b5-4316-abf1-2dec254f4739""}",2026-03-27T23:52:14.551162868Z
[START SESSION] - creds.me exists: false,info,"{""level"":""info""}","{""project"":""ce3616d9-58ad-4ec7-a294-1821e1564434"",""environment"":""fb6513d0-42a4-4660-82b5-509c54b15f2a"",""service"":""4978aa94-666c-47c7-8024-3ada55195a51"",""deployment"":""b4365154-eadc-4c11-b568-5a096850e705"",""replica"":""56b3bc11-84b5-4316-abf1-2dec254f4739""}",2026-03-27T23:52:14.551170125Z
[START SESSION] - creds.me.id: N/A,info,"{""level"":""info""}","{""project"":""ce3616d9-58ad-4ec7-a294-1821e1564434"",""environment"":""fb6513d0-42a4-4660-82b5-509c54b15f2a"",""service"":""4978aa94-666c-47c7-8024-3ada55195a51"",""deployment"":""b4365154-eadc-4c11-b568-5a096850e705"",""replica"":""56b3bc11-84b5-4316-abf1-2dec254f4739""}",2026-03-27T23:52:14.551180445Z
[START SESSION] - creds.me.name: N/A,info,"{""level"":""info""}","{""project"":""ce3616d9-58ad-4ec7-a294-1821e1564434"",""environment"":""fb6513d0-42a4-4660-82b5-509c54b15f2a"",""service"":""4978aa94-666c-47c7-8024-3ada55195a51"",""deployment"":""b4365154-eadc-4c11-b568-5a096850e705"",""replica"":""56b3bc11-84b5-4316-abf1-2dec254f4739""}",2026-03-27T23:52:14.551189163Z
[START SESSION] - This account will: REGISTER (expect QR),info,"{""level"":""info""}","{""project"":""ce3616d9-58ad-4ec7-a294-1821e1564434"",""environment"":""fb6513d0-42a4-4660-82b5-509c54b15f2a"",""service"":""4978aa94-666c-47c7-8024-3ada55195a51"",""deployment"":""b4365154-eadc-4c11-b568-5a096850e705"",""replica"":""56b3bc11-84b5-4316-abf1-2dec254f4739""}",2026-03-27T23:52:14.551204957Z
[START SESSION] Fetching Baileys version...,info,"{""level"":""info""}","{""project"":""ce3616d9-58ad-4ec7-a294-1821e1564434"",""environment"":""fb6513d0-42a4-4660-82b5-509c54b15f2a"",""service"":""4978aa94-666c-47c7-8024-3ada55195a51"",""deployment"":""b4365154-eadc-4c11-b568-5a096850e705"",""replica"":""56b3bc11-84b5-4316-abf1-2dec254f4739""}",2026-03-27T23:52:15.735060185Z
"[START SESSION] Baileys version: [ 2, 3000, 1035194821 ]",info,"{""level"":""info""}","{""project"":""ce3616d9-58ad-4ec7-a294-1821e1564434"",""environment"":""fb6513d0-42a4-4660-82b5-509c54b15f2a"",""service"":""4978aa94-666c-47c7-8024-3ada55195a51"",""deployment"":""b4365154-eadc-4c11-b568-5a096850e705"",""replica"":""56b3bc11-84b5-4316-abf1-2dec254f4739""}",2026-03-27T23:52:15.735067090Z
[START SESSION] Creating WhatsApp socket...,info,"{""level"":""info""}","{""project"":""ce3616d9-58ad-4ec7-a294-1821e1564434"",""environment"":""fb6513d0-42a4-4660-82b5-509c54b15f2a"",""service"":""4978aa94-666c-47c7-8024-3ada55195a51"",""deployment"":""b4365154-eadc-4c11-b568-5a096850e705"",""replica"":""56b3bc11-84b5-4316-abf1-2dec254f4739""}",2026-03-27T23:52:15.735074211Z
[NETWORK] Testing connectivity to WhatsApp servers...,info,"{""level"":""info""}","{""project"":""ce3616d9-58ad-4ec7-a294-1821e1564434"",""environment"":""fb6513d0-42a4-4660-82b5-509c54b15f2a"",""service"":""4978aa94-666c-47c7-8024-3ada55195a51"",""deployment"":""b4365154-eadc-4c11-b568-5a096850e705"",""replica"":""56b3bc11-84b5-4316-abf1-2dec254f4739""}",2026-03-27T23:52:15.735080686Z
[NETWORK] DNS resolution for web.whatsapp.com: [ '57.144.15.32' ],info,"{""level"":""info""}","{""project"":""ce3616d9-58ad-4ec7-a294-1821e1564434"",""environment"":""fb6513d0-42a4-4660-82b5-509c54b15f2a"",""service"":""4978aa94-666c-47c7-8024-3ada55195a51"",""deployment"":""b4365154-eadc-4c11-b568-5a096850e705"",""replica"":""56b3bc11-84b5-4316-abf1-2dec254f4739""}",2026-03-27T23:52:15.735087698Z
[NETWORK] HTTPS test to web.whatsapp.com: Status 200,info,"{""level"":""info""}","{""project"":""ce3616d9-58ad-4ec7-a294-1821e1564434"",""environment"":""fb6513d0-42a4-4660-82b5-509c54b15f2a"",""service"":""4978aa94-666c-47c7-8024-3ada55195a51"",""deployment"":""b4365154-eadc-4c11-b568-5a096850e705"",""replica"":""56b3bc11-84b5-4316-abf1-2dec254f4739""}",2026-03-27T23:52:15.735093490Z
[SOCKET] makeWASocket created for: akunsatu,info,"{""level"":""info""}","{""project"":""ce3616d9-58ad-4ec7-a294-1821e1564434"",""environment"":""fb6513d0-42a4-4660-82b5-509c54b15f2a"",""service"":""4978aa94-666c-47c7-8024-3ada55195a51"",""deployment"":""b4365154-eadc-4c11-b568-5a096850e705"",""replica"":""56b3bc11-84b5-4316-abf1-2dec254f4739""}",2026-03-27T23:52:15.735099659Z
[SOCKET] Socket has ev? true,info,"{""level"":""info""}","{""project"":""ce3616d9-58ad-4ec7-a294-1821e1564434"",""environment"":""fb6513d0-42a4-4660-82b5-509c54b15f2a"",""service"":""4978aa94-666c-47c7-8024-3ada55195a51"",""deployment"":""b4365154-eadc-4c11-b568-5a096850e705"",""replica"":""56b3bc11-84b5-4316-abf1-2dec254f4739""}",2026-03-27T23:52:15.735441609Z
[SOCKET] Socket has ws? true,info,"{""level"":""info""}","{""project"":""ce3616d9-58ad-4ec7-a294-1821e1564434"",""environment"":""fb6513d0-42a4-4660-82b5-509c54b15f2a"",""service"":""4978aa94-666c-47c7-8024-3ada55195a51"",""deployment"":""b4365154-eadc-4c11-b568-5a096850e705"",""replica"":""56b3bc11-84b5-4316-abf1-2dec254f4739""}",2026-03-27T23:52:15.735461144Z
[SOCKET] Socket user? undefined,info,"{""level"":""info""}","{""project"":""ce3616d9-58ad-4ec7-a294-1821e1564434"",""environment"":""fb6513d0-42a4-4660-82b5-509c54b15f2a"",""service"":""4978aa94-666c-47c7-8024-3ada55195a51"",""deployment"":""b4365154-eadc-4c11-b568-5a096850e705"",""replica"":""56b3bc11-84b5-4316-abf1-2dec254f4739""}",2026-03-27T23:52:15.735469543Z
[ACCOUNT] ✅ Added pending account to map immediately: akunsatu,info,"{""level"":""info""}","{""project"":""ce3616d9-58ad-4ec7-a294-1821e1564434"",""environment"":""fb6513d0-42a4-4660-82b5-509c54b15f2a"",""service"":""4978aa94-666c-47c7-8024-3ada55195a51"",""deployment"":""b4365154-eadc-4c11-b568-5a096850e705"",""replica"":""56b3bc11-84b5-4316-abf1-2dec254f4739""}",2026-03-27T23:52:15.735477578Z
[SOCKET] 🚀 Registering connection.update handler IMMEDIATELY for: akunsatu,info,"{""level"":""info""}","{""project"":""ce3616d9-58ad-4ec7-a294-1821e1564434"",""environment"":""fb6513d0-42a4-4660-82b5-509c54b15f2a"",""service"":""4978aa94-666c-47c7-8024-3ada55195a51"",""deployment"":""b4365154-eadc-4c11-b568-5a096850e705"",""replica"":""56b3bc11-84b5-4316-abf1-2dec254f4739""}",2026-03-27T23:52:15.735484667Z
[SOCKET] ✅ Event handlers registered IMMEDIATELY,info,"{""level"":""info""}","{""project"":""ce3616d9-58ad-4ec7-a294-1821e1564434"",""environment"":""fb6513d0-42a4-4660-82b5-509c54b15f2a"",""service"":""4978aa94-666c-47c7-8024-3ada55195a51"",""deployment"":""b4365154-eadc-4c11-b568-5a096850e705"",""replica"":""56b3bc11-84b5-4316-abf1-2dec254f4739""}",2026-03-27T23:52:15.735492833Z
[WS] Native WebSocket exists: true,info,"{""level"":""info""}","{""project"":""ce3616d9-58ad-4ec7-a294-1821e1564434"",""environment"":""fb6513d0-42a4-4660-82b5-509c54b15f2a"",""service"":""4978aa94-666c-47c7-8024-3ada55195a51"",""deployment"":""b4365154-eadc-4c11-b568-5a096850e705"",""replica"":""56b3bc11-84b5-4316-abf1-2dec254f4739""}",2026-03-27T23:52:15.735499347Z
[WS] Native WebSocket state: 0 = CONNECTING,info,"{""level"":""info""}","{""project"":""ce3616d9-58ad-4ec7-a294-1821e1564434"",""environment"":""fb6513d0-42a4-4660-82b5-509c54b15f2a"",""service"":""4978aa94-666c-47c7-8024-3ada55195a51"",""deployment"":""b4365154-eadc-4c11-b568-5a096850e705"",""replica"":""56b3bc11-84b5-4316-abf1-2dec254f4739""}",2026-03-27T23:52:15.735506386Z
[WS] WebSocketClient isConnecting: true,info,"{""level"":""info""}","{""project"":""ce3616d9-58ad-4ec7-a294-1821e1564434"",""environment"":""fb6513d0-42a4-4660-82b5-509c54b15f2a"",""service"":""4978aa94-666c-47c7-8024-3ada55195a51"",""deployment"":""b4365154-eadc-4c11-b568-5a096850e705"",""replica"":""56b3bc11-84b5-4316-abf1-2dec254f4739""}",2026-03-27T23:52:15.735514155Z
[WS] WebSocketClient isOpen: false,info,"{""level"":""info""}","{""project"":""ce3616d9-58ad-4ec7-a294-1821e1564434"",""environment"":""fb6513d0-42a4-4660-82b5-509c54b15f2a"",""service"":""4978aa94-666c-47c7-8024-3ada55195a51"",""deployment"":""b4365154-eadc-4c11-b568-5a096850e705"",""replica"":""56b3bc11-84b5-4316-abf1-2dec254f4739""}",2026-03-27T23:52:15.735520638Z
[WS] WebSocketClient isClosed: false,info,"{""level"":""info""}","{""project"":""ce3616d9-58ad-4ec7-a294-1821e1564434"",""environment"":""fb6513d0-42a4-4660-82b5-509c54b15f2a"",""service"":""4978aa94-666c-47c7-8024-3ada55195a51"",""deployment"":""b4365154-eadc-4c11-b568-5a096850e705"",""replica"":""56b3bc11-84b5-4316-abf1-2dec254f4739""}",2026-03-27T23:52:15.735530374Z
[WS] WebSocket URL: URL {,info,"{""level"":""info""}","{""project"":""ce3616d9-58ad-4ec7-a294-1821e1564434"",""environment"":""fb6513d0-42a4-4660-82b5-509c54b15f2a"",""service"":""4978aa94-666c-47c7-8024-3ada55195a51"",""deployment"":""b4365154-eadc-4c11-b568-5a096850e705"",""replica"":""56b3bc11-84b5-4316-abf1-2dec254f4739""}",2026-03-27T23:52:15.735537691Z
"  href: 'wss://web.whatsapp.com/ws/chat',",info,"{""level"":""info""}","{""project"":""ce3616d9-58ad-4ec7-a294-1821e1564434"",""environment"":""fb6513d0-42a4-4660-82b5-509c54b15f2a"",""service"":""4978aa94-666c-47c7-8024-3ada55195a51"",""deployment"":""b4365154-eadc-4c11-b568-5a096850e705"",""replica"":""56b3bc11-84b5-4316-abf1-2dec254f4739""}",2026-03-27T23:52:15.735543229Z
"  origin: 'wss://web.whatsapp.com',",info,"{""level"":""info""}","{""project"":""ce3616d9-58ad-4ec7-a294-1821e1564434"",""environment"":""fb6513d0-42a4-4660-82b5-509c54b15f2a"",""service"":""4978aa94-666c-47c7-8024-3ada55195a51"",""deployment"":""b4365154-eadc-4c11-b568-5a096850e705"",""replica"":""56b3bc11-84b5-4316-abf1-2dec254f4739""}",2026-03-27T23:52:15.735549380Z
"  protocol: 'wss:',",info,"{""level"":""info""}","{""project"":""ce3616d9-58ad-4ec7-a294-1821e1564434"",""environment"":""fb6513d0-42a4-4660-82b5-509c54b15f2a"",""service"":""4978aa94-666c-47c7-8024-3ada55195a51"",""deployment"":""b4365154-eadc-4c11-b568-5a096850e705"",""replica"":""56b3bc11-84b5-4316-abf1-2dec254f4739""}",2026-03-27T23:52:15.735556060Z
"  username: '',",info,"{""level"":""info""}","{""project"":""ce3616d9-58ad-4ec7-a294-1821e1564434"",""environment"":""fb6513d0-42a4-4660-82b5-509c54b15f2a"",""service"":""4978aa94-666c-47c7-8024-3ada55195a51"",""deployment"":""b4365154-eadc-4c11-b568-5a096850e705"",""replica"":""56b3bc11-84b5-4316-abf1-2dec254f4739""}",2026-03-27T23:52:15.735562180Z
"  password: '',",info,"{""level"":""info""}","{""project"":""ce3616d9-58ad-4ec7-a294-1821e1564434"",""environment"":""fb6513d0-42a4-4660-82b5-509c54b15f2a"",""service"":""4978aa94-666c-47c7-8024-3ada55195a51"",""deployment"":""b4365154-eadc-4c11-b568-5a096850e705"",""replica"":""56b3bc11-84b5-4316-abf1-2dec254f4739""}",2026-03-27T23:52:15.735568685Z
"  host: 'web.whatsapp.com',",info,"{""level"":""info""}","{""project"":""ce3616d9-58ad-4ec7-a294-1821e1564434"",""environment"":""fb6513d0-42a4-4660-82b5-509c54b15f2a"",""service"":""4978aa94-666c-47c7-8024-3ada55195a51"",""deployment"":""b4365154-eadc-4c11-b568-5a096850e705"",""replica"":""56b3bc11-84b5-4316-abf1-2dec254f4739""}",2026-03-27T23:52:16.673736336Z
},info,"{""level"":""info""}","{""project"":""ce3616d9-58ad-4ec7-a294-1821e1564434"",""environment"":""fb6513d0-42a4-4660-82b5-509c54b15f2a"",""service"":""4978aa94-666c-47c7-8024-3ada55195a51"",""deployment"":""b4365154-eadc-4c11-b568-5a096850e705"",""replica"":""56b3bc11-84b5-4316-abf1-2dec254f4739""}",2026-03-27T23:52:16.673752955Z
==========================================,info,"{""level"":""info""}","{""project"":""ce3616d9-58ad-4ec7-a294-1821e1564434"",""environment"":""fb6513d0-42a4-4660-82b5-509c54b15f2a"",""service"":""4978aa94-666c-47c7-8024-3ada55195a51"",""deployment"":""b4365154-eadc-4c11-b568-5a096850e705"",""replica"":""56b3bc11-84b5-4316-abf1-2dec254f4739""}",2026-03-27T23:52:16.673760610Z
connected to WA,info,"{""time"":1774655534022,""pid"":94,""hostname"":""9a45ddc40bc4"",""browser"":[""Mac OS"",""Chrome"",""14.4.1""],""helloMsg"":{""clientHello"":{""ephemeral"":""jr/IcJhUiazW8VXQnA34ahWeEtjzOJvDHAK84rVqf3c=""}},""level"":""info""}","{""project"":""ce3616d9-58ad-4ec7-a294-1821e1564434"",""environment"":""fb6513d0-42a4-4660-82b5-509c54b15f2a"",""service"":""4978aa94-666c-47c7-8024-3ada55195a51"",""deployment"":""b4365154-eadc-4c11-b568-5a096850e705"",""replica"":""56b3bc11-84b5-4316-abf1-2dec254f4739""}",2026-03-27T23:52:16.673767284Z
[WS NATIVE SEND] Sending for akunsatu type: object preview: V0EGAwAAJBIiCiCOv8hwmFSJrNbxVdCcDfhqFZ4S2PM4m8McArzitWp/dw==,info,"{""level"":""info""}","{""project"":""ce3616d9-58ad-4ec7-a294-1821e1564434"",""environment"":""fb6513d0-42a4-4660-82b5-509c54b15f2a"",""service"":""4978aa94-666c-47c7-8024-3ada55195a51"",""deployment"":""b4365154-eadc-4c11-b568-5a096850e705"",""replica"":""56b3bc11-84b5-4316-abf1-2dec254f4739""}",2026-03-27T23:52:16.673773243Z
[WS NATIVE OPEN] Native WebSocket opened for akunsatu,info,"{""level"":""info""}","{""project"":""ce3616d9-58ad-4ec7-a294-1821e1564434"",""environment"":""fb6513d0-42a4-4660-82b5-509c54b15f2a"",""service"":""4978aa94-666c-47c7-8024-3ada55195a51"",""deployment"":""b4365154-eadc-4c11-b568-5a096850e705"",""replica"":""56b3bc11-84b5-4316-abf1-2dec254f4739""}",2026-03-27T23:52:16.673779720Z
[WS NATIVE MESSAGE] Received for akunsatu binary: true len: 350 preview: AAFbGtgCCiCQJvP9mKGXwwwhjuR272tRFtJp3VY8br2p9xSnVtprIhIwLPYkwriVxc0=...,info,"{""level"":""info""}","{""project"":""ce3616d9-58ad-4ec7-a294-1821e1564434"",""environment"":""fb6513d0-42a4-4660-82b5-509c54b15f2a"",""service"":""4978aa94-666c-47c7-8024-3ada55195a51"",""deployment"":""b4365154-eadc-4c11-b568-5a096850e705"",""replica"":""56b3bc11-84b5-4316-abf1-2dec254f4739""}",2026-03-27T23:52:16.673786767Z
"not logged in, attempting registration...",info,"{""time"":1774655534184,""pid"":94,""hostname"":""9a45ddc40bc4"",""node"":{""passive"":false,""userAgent"":{""platform"":""WEB"",""appVersion"":{""primary"":2,""secondary"":3000,""tertiary"":1035194821},""mcc"":""000"",""mnc"":""000"",""osVersion"":""0.1"",""device"":""Desktop"",""osBuildNumber"":""0.1"",""releaseChannel"":""RELEASE"",""localeLanguageIso6391"":""en"",""localeCountryIso31661Alpha2"":""US""},""webInfo"":{""webSubPlatform"":""WEB_BROWSER""},""connectType"":""WIFI_UNKNOWN"",""connectReason"":""USER_ACTIVATED"",""devicePairingData"":{""eRegid"":""AAAAyA=="",""eKeytype"":""BQ=="",""eIdent"":""NriN0DJTQbN6U4fpJyiaD23/4BvfV38TuvRBIQQg52g="",""eSkeyId"":""AAAB"",""eSkeyVal"":""re9S3hhxY41bYJXEmOzOS1C6MzXWDG8DfW5hh0hARUo="",""eSkeySig"":""v7aC0HQBLLWc3S+hNVRXAr6MiJ7ga0KdFjMd+ebw5G+i+H2Uu/IDoWNdQwF4LOVpc+oLCuCx1qjE4xr+BXGfjQ=="",""buildHash"":""oslHHv+RCp4a5lmJCiiHLQ=="",""deviceProps"":""CgZNYWMgT1MYASAAKhUYgFAgATAAOAFAAUgBUAFYAWABcAE=""},""pull"":false},""level"":""info""}","{""project"":""ce3616d9-58ad-4ec7-a294-1821e1564434"",""environment"":""fb6513d0-42a4-4660-82b5-509c54b15f2a"",""service"":""4978aa94-666c-47c7-8024-3ada55195a51"",""deployment"":""b4365154-eadc-4c11-b568-5a096850e705"",""replica"":""56b3bc11-84b5-4316-abf1-2dec254f4739""}",2026-03-27T23:52:16.673792621Z
"  hostname: 'web.whatsapp.com',",info,"{""level"":""info""}","{""project"":""ce3616d9-58ad-4ec7-a294-1821e1564434"",""environment"":""fb6513d0-42a4-4660-82b5-509c54b15f2a"",""service"":""4978aa94-666c-47c7-8024-3ada55195a51"",""deployment"":""b4365154-eadc-4c11-b568-5a096850e705"",""replica"":""56b3bc11-84b5-4316-abf1-2dec254f4739""}",2026-03-27T23:52:16.673887743Z
"  port: '',",info,"{""level"":""info""}","{""project"":""ce3616d9-58ad-4ec7-a294-1821e1564434"",""environment"":""fb6513d0-42a4-4660-82b5-509c54b15f2a"",""service"":""4978aa94-666c-47c7-8024-3ada55195a51"",""deployment"":""b4365154-eadc-4c11-b568-5a096850e705"",""replica"":""56b3bc11-84b5-4316-abf1-2dec254f4739""}",2026-03-27T23:52:16.673897522Z
"  pathname: '/ws/chat',",info,"{""level"":""info""}","{""project"":""ce3616d9-58ad-4ec7-a294-1821e1564434"",""environment"":""fb6513d0-42a4-4660-82b5-509c54b15f2a"",""service"":""4978aa94-666c-47c7-8024-3ada55195a51"",""deployment"":""b4365154-eadc-4c11-b568-5a096850e705"",""replica"":""56b3bc11-84b5-4316-abf1-2dec254f4739""}",2026-03-27T23:52:16.673905449Z
"  search: '',",info,"{""level"":""info""}","{""project"":""ce3616d9-58ad-4ec7-a294-1821e1564434"",""environment"":""fb6513d0-42a4-4660-82b5-509c54b15f2a"",""service"":""4978aa94-666c-47c7-8024-3ada55195a51"",""deployment"":""b4365154-eadc-4c11-b568-5a096850e705"",""replica"":""56b3bc11-84b5-4316-abf1-2dec254f4739""}",2026-03-27T23:52:16.673914818Z
"  searchParams: URLSearchParams {},",info,"{""level"":""info""}","{""project"":""ce3616d9-58ad-4ec7-a294-1821e1564434"",""environment"":""fb6513d0-42a4-4660-82b5-509c54b15f2a"",""service"":""4978aa94-666c-47c7-8024-3ada55195a51"",""deployment"":""b4365154-eadc-4c11-b568-5a096850e705"",""replica"":""56b3bc11-84b5-4316-abf1-2dec254f4739""}",2026-03-27T23:52:16.673921310Z
  hash: '',info,"{""level"":""info""}","{""project"":""ce3616d9-58ad-4ec7-a294-1821e1564434"",""environment"":""fb6513d0-42a4-4660-82b5-509c54b15f2a"",""service"":""4978aa94-666c-47c7-8024-3ada55195a51"",""deployment"":""b4365154-eadc-4c11-b568-5a096850e705"",""replica"":""56b3bc11-84b5-4316-abf1-2dec254f4739""}",2026-03-27T23:52:16.673932553Z
},info,"{""level"":""info""}","{""project"":""ce3616d9-58ad-4ec7-a294-1821e1564434"",""environment"":""fb6513d0-42a4-4660-82b5-509c54b15f2a"",""service"":""4978aa94-666c-47c7-8024-3ada55195a51"",""deployment"":""b4365154-eadc-4c11-b568-5a096850e705"",""replica"":""56b3bc11-84b5-4316-abf1-2dec254f4739""}",2026-03-27T23:52:16.673940348Z
[CONNECTION UPDATE] ✅ EVENT RECEIVED! {,info,"{""level"":""info""}","{""project"":""ce3616d9-58ad-4ec7-a294-1821e1564434"",""environment"":""fb6513d0-42a4-4660-82b5-509c54b15f2a"",""service"":""4978aa94-666c-47c7-8024-3ada55195a51"",""deployment"":""b4365154-eadc-4c11-b568-5a096850e705"",""replica"":""56b3bc11-84b5-4316-abf1-2dec254f4739""}",2026-03-27T23:52:16.673951207Z
[SESSION] ✅ Retrieved account from map: akunsatu,info,"{""level"":""info""}","{""project"":""ce3616d9-58ad-4ec7-a294-1821e1564434"",""environment"":""fb6513d0-42a4-4660-82b5-509c54b15f2a"",""service"":""4978aa94-666c-47c7-8024-3ada55195a51"",""deployment"":""b4365154-eadc-4c11-b568-5a096850e705"",""replica"":""56b3bc11-84b5-4316-abf1-2dec254f4739""}",2026-03-27T23:52:16.673957064Z
"  accountId: 'akunsatu',",info,"{""level"":""info""}","{""project"":""ce3616d9-58ad-4ec7-a294-1821e1564434"",""environment"":""fb6513d0-42a4-4660-82b5-509c54b15f2a"",""service"":""4978aa94-666c-47c7-8024-3ada55195a51"",""deployment"":""b4365154-eadc-4c11-b568-5a096850e705"",""replica"":""56b3bc11-84b5-4316-abf1-2dec254f4739""}",2026-03-27T23:52:16.673965822Z
==========================================,info,"{""level"":""info""}","{""project"":""ce3616d9-58ad-4ec7-a294-1821e1564434"",""environment"":""fb6513d0-42a4-4660-82b5-509c54b15f2a"",""service"":""4978aa94-666c-47c7-8024-3ada55195a51"",""deployment"":""b4365154-eadc-4c11-b568-5a096850e705"",""replica"":""56b3bc11-84b5-4316-abf1-2dec254f4739""}",2026-03-27T23:52:16.673972160Z
"  connection: 'connecting',",info,"{""level"":""info""}","{""project"":""ce3616d9-58ad-4ec7-a294-1821e1564434"",""environment"":""fb6513d0-42a4-4660-82b5-509c54b15f2a"",""service"":""4978aa94-666c-47c7-8024-3ada55195a51"",""deployment"":""b4365154-eadc-4c11-b568-5a096850e705"",""replica"":""56b3bc11-84b5-4316-abf1-2dec254f4739""}",2026-03-27T23:52:16.673979967Z
"  hasQr: false,",info,"{""level"":""info""}","{""project"":""ce3616d9-58ad-4ec7-a294-1821e1564434"",""environment"":""fb6513d0-42a4-4660-82b5-509c54b15f2a"",""service"":""4978aa94-666c-47c7-8024-3ada55195a51"",""deployment"":""b4365154-eadc-4c11-b568-5a096850e705"",""replica"":""56b3bc11-84b5-4316-abf1-2dec254f4739""}",2026-03-27T23:52:16.673989026Z
"  qrPreview: null,",info,"{""level"":""info""}","{""project"":""ce3616d9-58ad-4ec7-a294-1821e1564434"",""environment"":""fb6513d0-42a4-4660-82b5-509c54b15f2a"",""service"":""4978aa94-666c-47c7-8024-3ada55195a51"",""deployment"":""b4365154-eadc-4c11-b568-5a096850e705"",""replica"":""56b3bc11-84b5-4316-abf1-2dec254f4739""}",2026-03-27T23:52:16.673994521Z
  isNewLogin: undefined,info,"{""level"":""info""}","{""project"":""ce3616d9-58ad-4ec7-a294-1821e1564434"",""environment"":""fb6513d0-42a4-4660-82b5-509c54b15f2a"",""service"":""4978aa94-666c-47c7-8024-3ada55195a51"",""deployment"":""b4365154-eadc-4c11-b568-5a096850e705"",""replica"":""56b3bc11-84b5-4316-abf1-2dec254f4739""}",2026-03-27T23:52:16.674003654Z
[QR] Converting QR to data URL...,info,"{""level"":""info""}","{""project"":""ce3616d9-58ad-4ec7-a294-1821e1564434"",""environment"":""fb6513d0-42a4-4660-82b5-509c54b15f2a"",""service"":""4978aa94-666c-47c7-8024-3ada55195a51"",""deployment"":""b4365154-eadc-4c11-b568-5a096850e705"",""replica"":""56b3bc11-84b5-4316-abf1-2dec254f4739""}",2026-03-27T23:52:16.675857814Z
"[QR] ✅ QR converted, length: 6454",info,"{""level"":""info""}","{""project"":""ce3616d9-58ad-4ec7-a294-1821e1564434"",""environment"":""fb6513d0-42a4-4660-82b5-509c54b15f2a"",""service"":""4978aa94-666c-47c7-8024-3ada55195a51"",""deployment"":""b4365154-eadc-4c11-b568-5a096850e705"",""replica"":""56b3bc11-84b5-4316-abf1-2dec254f4739""}",2026-03-27T23:52:16.675866283Z
==========================================,info,"{""level"":""info""}","{""project"":""ce3616d9-58ad-4ec7-a294-1821e1564434"",""environment"":""fb6513d0-42a4-4660-82b5-509c54b15f2a"",""service"":""4978aa94-666c-47c7-8024-3ada55195a51"",""deployment"":""b4365154-eadc-4c11-b568-5a096850e705"",""replica"":""56b3bc11-84b5-4316-abf1-2dec254f4739""}",2026-03-27T23:52:16.675887566Z
[QR] 🎯 QR code received for: akunsatu,info,"{""level"":""info""}","{""project"":""ce3616d9-58ad-4ec7-a294-1821e1564434"",""environment"":""fb6513d0-42a4-4660-82b5-509c54b15f2a"",""service"":""4978aa94-666c-47c7-8024-3ada55195a51"",""deployment"":""b4365154-eadc-4c11-b568-5a096850e705"",""replica"":""56b3bc11-84b5-4316-abf1-2dec254f4739""}",2026-03-27T23:52:16.675906610Z
[QR] QR length: 237,info,"{""level"":""info""}","{""project"":""ce3616d9-58ad-4ec7-a294-1821e1564434"",""environment"":""fb6513d0-42a4-4660-82b5-509c54b15f2a"",""service"":""4978aa94-666c-47c7-8024-3ada55195a51"",""deployment"":""b4365154-eadc-4c11-b568-5a096850e705"",""replica"":""56b3bc11-84b5-4316-abf1-2dec254f4739""}",2026-03-27T23:52:16.675915401Z
[WS NATIVE SEND] Sending for akunsatu type: object preview: AAFcItkCCjBq9CC0uvrYTe6cvRqFEk/A+X0I89iTr8S06KATRXFnaM/w9Xuchxc3jbg=,info,"{""level"":""info""}","{""project"":""ce3616d9-58ad-4ec7-a294-1821e1564434"",""environment"":""fb6513d0-42a4-4660-82b5-509c54b15f2a"",""service"":""4978aa94-666c-47c7-8024-3ada55195a51"",""deployment"":""b4365154-eadc-4c11-b568-5a096850e705"",""replica"":""56b3bc11-84b5-4316-abf1-2dec254f4739""}",2026-03-27T23:52:16.675948368Z
[WS NATIVE MESSAGE] Received for akunsatu binary: true len: 698 preview: AAK3SYAT+2240QjCvsPfPwfSgrh55Vs2UULY1ixQpAxM0ddNqlI16tlqnySG3cFveP0=...,info,"{""level"":""info""}","{""project"":""ce3616d9-58ad-4ec7-a294-1821e1564434"",""environment"":""fb6513d0-42a4-4660-82b5-509c54b15f2a"",""service"":""4978aa94-666c-47c7-8024-3ada55195a51"",""deployment"":""b4365154-eadc-4c11-b568-5a096850e705"",""replica"":""56b3bc11-84b5-4316-abf1-2dec254f4739""}",2026-03-27T23:52:16.675956451Z
[WS NATIVE SEND] Sending for akunsatu type: object preview: AAAi0maP4s1jbAiIs/FSEPyy+exnAxkLuFNCk7RPbqENMM7OmA==,info,"{""level"":""info""}","{""project"":""ce3616d9-58ad-4ec7-a294-1821e1564434"",""environment"":""fb6513d0-42a4-4660-82b5-509c54b15f2a"",""service"":""4978aa94-666c-47c7-8024-3ada55195a51"",""deployment"":""b4365154-eadc-4c11-b568-5a096850e705"",""replica"":""56b3bc11-84b5-4316-abf1-2dec254f4739""}",2026-03-27T23:52:16.675966654Z
==========================================,info,"{""level"":""info""}","{""project"":""ce3616d9-58ad-4ec7-a294-1821e1564434"",""environment"":""fb6513d0-42a4-4660-82b5-509c54b15f2a"",""service"":""4978aa94-666c-47c7-8024-3ada55195a51"",""deployment"":""b4365154-eadc-4c11-b568-5a096850e705"",""replica"":""56b3bc11-84b5-4316-abf1-2dec254f4739""}",2026-03-27T23:52:16.675973777Z
[CONNECTION UPDATE] ✅ EVENT RECEIVED! {,info,"{""level"":""info""}","{""project"":""ce3616d9-58ad-4ec7-a294-1821e1564434"",""environment"":""fb6513d0-42a4-4660-82b5-509c54b15f2a"",""service"":""4978aa94-666c-47c7-8024-3ada55195a51"",""deployment"":""b4365154-eadc-4c11-b568-5a096850e705"",""replica"":""56b3bc11-84b5-4316-abf1-2dec254f4739""}",2026-03-27T23:52:16.675980560Z
"  accountId: 'akunsatu',",info,"{""level"":""info""}","{""project"":""ce3616d9-58ad-4ec7-a294-1821e1564434"",""environment"":""fb6513d0-42a4-4660-82b5-509c54b15f2a"",""service"":""4978aa94-666c-47c7-8024-3ada55195a51"",""deployment"":""b4365154-eadc-4c11-b568-5a096850e705"",""replica"":""56b3bc11-84b5-4316-abf1-2dec254f4739""}",2026-03-27T23:52:16.675986931Z
"  connection: undefined,",info,"{""level"":""info""}","{""project"":""ce3616d9-58ad-4ec7-a294-1821e1564434"",""environment"":""fb6513d0-42a4-4660-82b5-509c54b15f2a"",""service"":""4978aa94-666c-47c7-8024-3ada55195a51"",""deployment"":""b4365154-eadc-4c11-b568-5a096850e705"",""replica"":""56b3bc11-84b5-4316-abf1-2dec254f4739""}",2026-03-27T23:52:16.675994046Z
"  hasQr: true,",info,"{""level"":""info""}","{""project"":""ce3616d9-58ad-4ec7-a294-1821e1564434"",""environment"":""fb6513d0-42a4-4660-82b5-509c54b15f2a"",""service"":""4978aa94-666c-47c7-8024-3ada55195a51"",""deployment"":""b4365154-eadc-4c11-b568-5a096850e705"",""replica"":""56b3bc11-84b5-4316-abf1-2dec254f4739""}",2026-03-27T23:52:16.676002121Z
"  qrPreview: '2@XLNcy9K44hROwTWOvntT4LNLJhREToKIr5KwjYpUan1ENPrC...',",info,"{""level"":""info""}","{""project"":""ce3616d9-58ad-4ec7-a294-1821e1564434"",""environment"":""fb6513d0-42a4-4660-82b5-509c54b15f2a"",""service"":""4978aa94-666c-47c7-8024-3ada55195a51"",""deployment"":""b4365154-eadc-4c11-b568-5a096850e705"",""replica"":""56b3bc11-84b5-4316-abf1-2dec254f4739""}",2026-03-27T23:52:16.676008339Z
  isNewLogin: undefined,info,"{""level"":""info""}","{""project"":""ce3616d9-58ad-4ec7-a294-1821e1564434"",""environment"":""fb6513d0-42a4-4660-82b5-509c54b15f2a"",""service"":""4978aa94-666c-47c7-8024-3ada55195a51"",""deployment"":""b4365154-eadc-4c11-b568-5a096850e705"",""replica"":""56b3bc11-84b5-4316-abf1-2dec254f4739""}",2026-03-27T23:52:16.676014482Z
},info,"{""level"":""info""}","{""project"":""ce3616d9-58ad-4ec7-a294-1821e1564434"",""environment"":""fb6513d0-42a4-4660-82b5-509c54b15f2a"",""service"":""4978aa94-666c-47c7-8024-3ada55195a51"",""deployment"":""b4365154-eadc-4c11-b568-5a096850e705"",""replica"":""56b3bc11-84b5-4316-abf1-2dec254f4739""}",2026-03-27T23:52:16.676019757Z
[DB] Synced 1 accounts to database,info,"{""level"":""info""}","{""project"":""ce3616d9-58ad-4ec7-a294-1821e1564434"",""environment"":""fb6513d0-42a4-4660-82b5-509c54b15f2a"",""service"":""4978aa94-666c-47c7-8024-3ada55195a51"",""deployment"":""b4365154-eadc-4c11-b568-5a096850e705"",""replica"":""56b3bc11-84b5-4316-abf1-2dec254f4739""}",2026-03-27T23:52:21.598706774Z
[NETWORK] HTTPS test TIMEOUT,info,"{""level"":""info""}","{""project"":""ce3616d9-58ad-4ec7-a294-1821e1564434"",""environment"":""fb6513d0-42a4-4660-82b5-509c54b15f2a"",""service"":""4978aa94-666c-47c7-8024-3ada55195a51"",""deployment"":""b4365154-eadc-4c11-b568-5a096850e705"",""replica"":""56b3bc11-84b5-4316-abf1-2dec254f4739""}",2026-03-27T23:52:24.657046476Z
[WS NATIVE SEND] Sending for akunsatu type: object preview: AAAqxgeSz67ZYON/awT+IueQOxRXpaV16KGX+/DxoH2MQg7LQ0fmeZYAzFgG,info,"{""level"":""info""}","{""project"":""ce3616d9-58ad-4ec7-a294-1821e1564434"",""environment"":""fb6513d0-42a4-4660-82b5-509c54b15f2a"",""service"":""4978aa94-666c-47c7-8024-3ada55195a51"",""deployment"":""b4365154-eadc-4c11-b568-5a096850e705"",""replica"":""56b3bc11-84b5-4316-abf1-2dec254f4739""}",2026-03-27T23:52:54.163987911Z
[WS NATIVE MESSAGE] Received for akunsatu binary: true len: 46 preview: AAArverSR+m+tZg4TW8WQS1J9x5pQLLOHhFpgut51l3UK89n8aweZMEdFWorFw==,info,"{""level"":""info""}","{""project"":""ce3616d9-58ad-4ec7-a294-1821e1564434"",""environment"":""fb6513d0-42a4-4660-82b5-509c54b15f2a"",""service"":""4978aa94-666c-47c7-8024-3ada55195a51"",""deployment"":""b4365154-eadc-4c11-b568-5a096850e705"",""replica"":""56b3bc11-84b5-4316-abf1-2dec254f4739""}",2026-03-27T23:52:54.163999112Z
[DB] Synced 1 accounts to database,info,"{""level"":""info""}","{""project"":""ce3616d9-58ad-4ec7-a294-1821e1564434"",""environment"":""fb6513d0-42a4-4660-82b5-509c54b15f2a"",""service"":""4978aa94-666c-47c7-8024-3ada55195a51"",""deployment"":""b4365154-eadc-4c11-b568-5a096850e705"",""replica"":""56b3bc11-84b5-4316-abf1-2dec254f4739""}",2026-03-27T23:52:54.164006444Z
Client disconnected: GkCJG4ZSAilMgt0oAAAR,info,"{""level"":""info""}","{""project"":""ce3616d9-58ad-4ec7-a294-1821e1564434"",""environment"":""fb6513d0-42a4-4660-82b5-509c54b15f2a"",""service"":""4978aa94-666c-47c7-8024-3ada55195a51"",""deployment"":""b4365154-eadc-4c11-b568-5a096850e705"",""replica"":""56b3bc11-84b5-4316-abf1-2dec254f4739""}",2026-03-27T23:53:14.249681618Z
Client connected: Omx0VtZJsLqJ-PpXAAAV,info,"{""level"":""info""}","{""project"":""ce3616d9-58ad-4ec7-a294-1821e1564434"",""environment"":""fb6513d0-42a4-4660-82b5-509c54b15f2a"",""service"":""4978aa94-666c-47c7-8024-3ada55195a51"",""deployment"":""b4365154-eadc-4c11-b568-5a096850e705"",""replica"":""56b3bc11-84b5-4316-abf1-2dec254f4739""}",2026-03-27T23:53:14.249689115Z
[WS NATIVE SEND] Sending for akunsatu type: object preview: AAAqOu+yS3wIuyGTDVl1+sUERMGkOgXVIFS8poJzVzb5SfPtc6LLIoNVjvfu,info,"{""level"":""info""}","{""project"":""ce3616d9-58ad-4ec7-a294-1821e1564434"",""environment"":""fb6513d0-42a4-4660-82b5-509c54b15f2a"",""service"":""4978aa94-666c-47c7-8024-3ada55195a51"",""deployment"":""b4365154-eadc-4c11-b568-5a096850e705"",""replica"":""56b3bc11-84b5-4316-abf1-2dec254f4739""}",2026-03-27T23:53:14.249697334Z
"  hasQr: true,",info,"{""level"":""info""}","{""project"":""ce3616d9-58ad-4ec7-a294-1821e1564434"",""environment"":""fb6513d0-42a4-4660-82b5-509c54b15f2a"",""service"":""4978aa94-666c-47c7-8024-3ada55195a51"",""deployment"":""b4365154-eadc-4c11-b568-5a096850e705"",""replica"":""56b3bc11-84b5-4316-abf1-2dec254f4739""}",2026-03-27T23:53:15.155416842Z
"  qrPreview: '2@H5o92OWZnboixN1v4sc/wzk/Jf2uBSSL2DQXAWCD9NLkres1...',",info,"{""level"":""info""}","{""project"":""ce3616d9-58ad-4ec7-a294-1821e1564434"",""environment"":""fb6513d0-42a4-4660-82b5-509c54b15f2a"",""service"":""4978aa94-666c-47c7-8024-3ada55195a51"",""deployment"":""b4365154-eadc-4c11-b568-5a096850e705"",""replica"":""56b3bc11-84b5-4316-abf1-2dec254f4739""}",2026-03-27T23:53:15.155424209Z
  isNewLogin: undefined,info,"{""level"":""info""}","{""project"":""ce3616d9-58ad-4ec7-a294-1821e1564434"",""environment"":""fb6513d0-42a4-4660-82b5-509c54b15f2a"",""service"":""4978aa94-666c-47c7-8024-3ada55195a51"",""deployment"":""b4365154-eadc-4c11-b568-5a096850e705"",""replica"":""56b3bc11-84b5-4316-abf1-2dec254f4739""}",2026-03-27T23:53:15.155429466Z
},info,"{""level"":""info""}","{""project"":""ce3616d9-58ad-4ec7-a294-1821e1564434"",""environment"":""fb6513d0-42a4-4660-82b5-509c54b15f2a"",""service"":""4978aa94-666c-47c7-8024-3ada55195a51"",""deployment"":""b4365154-eadc-4c11-b568-5a096850e705"",""replica"":""56b3bc11-84b5-4316-abf1-2dec254f4739""}",2026-03-27T23:53:15.155435389Z
==========================================,info,"{""level"":""info""}","{""project"":""ce3616d9-58ad-4ec7-a294-1821e1564434"",""environment"":""fb6513d0-42a4-4660-82b5-509c54b15f2a"",""service"":""4978aa94-666c-47c7-8024-3ada55195a51"",""deployment"":""b4365154-eadc-4c11-b568-5a096850e705"",""replica"":""56b3bc11-84b5-4316-abf1-2dec254f4739""}",2026-03-27T23:53:15.155443263Z
[QR] 🎯 QR code received for: akunsatu,info,"{""level"":""info""}","{""project"":""ce3616d9-58ad-4ec7-a294-1821e1564434"",""environment"":""fb6513d0-42a4-4660-82b5-509c54b15f2a"",""service"":""4978aa94-666c-47c7-8024-3ada55195a51"",""deployment"":""b4365154-eadc-4c11-b568-5a096850e705"",""replica"":""56b3bc11-84b5-4316-abf1-2dec254f4739""}",2026-03-27T23:53:15.155449300Z
[QR] QR length: 237,info,"{""level"":""info""}","{""project"":""ce3616d9-58ad-4ec7-a294-1821e1564434"",""environment"":""fb6513d0-42a4-4660-82b5-509c54b15f2a"",""service"":""4978aa94-666c-47c7-8024-3ada55195a51"",""deployment"":""b4365154-eadc-4c11-b568-5a096850e705"",""replica"":""56b3bc11-84b5-4316-abf1-2dec254f4739""}",2026-03-27T23:53:15.155454996Z
[QR] Converting QR to data URL...,info,"{""level"":""info""}","{""project"":""ce3616d9-58ad-4ec7-a294-1821e1564434"",""environment"":""fb6513d0-42a4-4660-82b5-509c54b15f2a"",""service"":""4978aa94-666c-47c7-8024-3ada55195a51"",""deployment"":""b4365154-eadc-4c11-b568-5a096850e705"",""replica"":""56b3bc11-84b5-4316-abf1-2dec254f4739""}",2026-03-27T23:53:15.155462765Z
"[QR] ✅ QR converted, length: 6434",info,"{""level"":""info""}","{""project"":""ce3616d9-58ad-4ec7-a294-1821e1564434"",""environment"":""fb6513d0-42a4-4660-82b5-509c54b15f2a"",""service"":""4978aa94-666c-47c7-8024-3ada55195a51"",""deployment"":""b4365154-eadc-4c11-b568-5a096850e705"",""replica"":""56b3bc11-84b5-4316-abf1-2dec254f4739""}",2026-03-27T23:53:15.155469148Z
[WS NATIVE MESSAGE] Received for akunsatu binary: true len: 39 preview: AAAkaYu+nXzboG4L+PvUteaRNgwtTve4ZgIPsPh4hma3QLvZjpRM,info,"{""level"":""info""}","{""project"":""ce3616d9-58ad-4ec7-a294-1821e1564434"",""environment"":""fb6513d0-42a4-4660-82b5-509c54b15f2a"",""service"":""4978aa94-666c-47c7-8024-3ada55195a51"",""deployment"":""b4365154-eadc-4c11-b568-5a096850e705"",""replica"":""56b3bc11-84b5-4316-abf1-2dec254f4739""}",2026-03-27T23:53:15.155481407Z
communication recv,info,"{""time"":1774655594357,""pid"":94,""hostname"":""9a45ddc40bc4"",""unhandled"":true,""fromMe"":false,""frame"":{""tag"":""iq"",""attrs"":{""from"":""@s.whatsapp.net"",""type"":""get"",""t"":""1774655594"",""xmlns"":""urn:xmpp:ping""}},""level"":""info""}","{""project"":""ce3616d9-58ad-4ec7-a294-1821e1564434"",""environment"":""fb6513d0-42a4-4660-82b5-509c54b15f2a"",""service"":""4978aa94-666c-47c7-8024-3ada55195a51"",""deployment"":""b4365154-eadc-4c11-b568-5a096850e705"",""replica"":""56b3bc11-84b5-4316-abf1-2dec254f4739""}",2026-03-27T23:53:15.155486986Z
[WS NATIVE MESSAGE] Received for akunsatu binary: true len: 46 preview: AAArzPz9D5E+ZuZ0GRNuklkrw6vL6ZMRi8rGzocw2z9l+0xW6JYK0MrKcwSN2Q==,info,"{""level"":""info""}","{""project"":""ce3616d9-58ad-4ec7-a294-1821e1564434"",""environment"":""fb6513d0-42a4-4660-82b5-509c54b15f2a"",""service"":""4978aa94-666c-47c7-8024-3ada55195a51"",""deployment"":""b4365154-eadc-4c11-b568-5a096850e705"",""replica"":""56b3bc11-84b5-4316-abf1-2dec254f4739""}",2026-03-27T23:53:15.155492262Z
==========================================,info,"{""level"":""info""}","{""project"":""ce3616d9-58ad-4ec7-a294-1821e1564434"",""environment"":""fb6513d0-42a4-4660-82b5-509c54b15f2a"",""service"":""4978aa94-666c-47c7-8024-3ada55195a51"",""deployment"":""b4365154-eadc-4c11-b568-5a096850e705"",""replica"":""56b3bc11-84b5-4316-abf1-2dec254f4739""}",2026-03-27T23:53:15.155498641Z
[CONNECTION UPDATE] ✅ EVENT RECEIVED! {,info,"{""level"":""info""}","{""project"":""ce3616d9-58ad-4ec7-a294-1821e1564434"",""environment"":""fb6513d0-42a4-4660-82b5-509c54b15f2a"",""service"":""4978aa94-666c-47c7-8024-3ada55195a51"",""deployment"":""b4365154-eadc-4c11-b568-5a096850e705"",""replica"":""56b3bc11-84b5-4316-abf1-2dec254f4739""}",2026-03-27T23:53:15.155503682Z
"  accountId: 'akunsatu',",info,"{""level"":""info""}","{""project"":""ce3616d9-58ad-4ec7-a294-1821e1564434"",""environment"":""fb6513d0-42a4-4660-82b5-509c54b15f2a"",""service"":""4978aa94-666c-47c7-8024-3ada55195a51"",""deployment"":""b4365154-eadc-4c11-b568-5a096850e705"",""replica"":""56b3bc11-84b5-4316-abf1-2dec254f4739""}",2026-03-27T23:53:15.155508110Z
"  connection: undefined,",info,"{""level"":""info""}","{""project"":""ce3616d9-58ad-4ec7-a294-1821e1564434"",""environment"":""fb6513d0-42a4-4660-82b5-509c54b15f2a"",""service"":""4978aa94-666c-47c7-8024-3ada55195a51"",""deployment"":""b4365154-eadc-4c11-b568-5a096850e705"",""replica"":""56b3bc11-84b5-4316-abf1-2dec254f4739""}",2026-03-27T23:53:15.155513064Z
[DB] Synced 1 accounts to database,info,"{""level"":""info""}","{""project"":""ce3616d9-58ad-4ec7-a294-1821e1564434"",""environment"":""fb6513d0-42a4-4660-82b5-509c54b15f2a"",""service"":""4978aa94-666c-47c7-8024-3ada55195a51"",""deployment"":""b4365154-eadc-4c11-b568-5a096850e705"",""replica"":""56b3bc11-84b5-4316-abf1-2dec254f4739""}",2026-03-27T23:53:21.149620601Z
==========================================,info,"{""level"":""info""}","{""project"":""ce3616d9-58ad-4ec7-a294-1821e1564434"",""environment"":""fb6513d0-42a4-4660-82b5-509c54b15f2a"",""service"":""4978aa94-666c-47c7-8024-3ada55195a51"",""deployment"":""b4365154-eadc-4c11-b568-5a096850e705"",""replica"":""56b3bc11-84b5-4316-abf1-2dec254f4739""}",2026-03-27T23:53:41.234387276Z
[CONNECTION UPDATE] ✅ EVENT RECEIVED! {,info,"{""level"":""info""}","{""project"":""ce3616d9-58ad-4ec7-a294-1821e1564434"",""environment"":""fb6513d0-42a4-4660-82b5-509c54b15f2a"",""service"":""4978aa94-666c-47c7-8024-3ada55195a51"",""deployment"":""b4365154-eadc-4c11-b568-5a096850e705"",""replica"":""56b3bc11-84b5-4316-abf1-2dec254f4739""}",2026-03-27T23:53:41.234395135Z
"  accountId: 'akunsatu',",info,"{""level"":""info""}","{""project"":""ce3616d9-58ad-4ec7-a294-1821e1564434"",""environment"":""fb6513d0-42a4-4660-82b5-509c54b15f2a"",""service"":""4978aa94-666c-47c7-8024-3ada55195a51"",""deployment"":""b4365154-eadc-4c11-b568-5a096850e705"",""replica"":""56b3bc11-84b5-4316-abf1-2dec254f4739""}",2026-03-27T23:53:41.234408189Z
"  connection: undefined,",info,"{""level"":""info""}","{""project"":""ce3616d9-58ad-4ec7-a294-1821e1564434"",""environment"":""fb6513d0-42a4-4660-82b5-509c54b15f2a"",""service"":""4978aa94-666c-47c7-8024-3ada55195a51"",""deployment"":""b4365154-eadc-4c11-b568-5a096850e705"",""replica"":""56b3bc11-84b5-4316-abf1-2dec254f4739""}",2026-03-27T23:53:41.234415939Z
"  hasQr: true,",info,"{""level"":""info""}","{""project"":""ce3616d9-58ad-4ec7-a294-1821e1564434"",""environment"":""fb6513d0-42a4-4660-82b5-509c54b15f2a"",""service"":""4978aa94-666c-47c7-8024-3ada55195a51"",""deployment"":""b4365154-eadc-4c11-b568-5a096850e705"",""replica"":""56b3bc11-84b5-4316-abf1-2dec254f4739""}",2026-03-27T23:53:41.234422733Z
"  qrPreview: '2@IA/2/QFfZNcx6WhsJWkXOEbzRjVBMiTZ+aXO1TCAdrUcsr1p...',",info,"{""level"":""info""}","{""project"":""ce3616d9-58ad-4ec7-a294-1821e1564434"",""environment"":""fb6513d0-42a4-4660-82b5-509c54b15f2a"",""service"":""4978aa94-666c-47c7-8024-3ada55195a51"",""deployment"":""b4365154-eadc-4c11-b568-5a096850e705"",""replica"":""56b3bc11-84b5-4316-abf1-2dec254f4739""}",2026-03-27T23:53:41.234430617Z
  isNewLogin: undefined,info,"{""level"":""info""}","{""project"":""ce3616d9-58ad-4ec7-a294-1821e1564434"",""environment"":""fb6513d0-42a4-4660-82b5-509c54b15f2a"",""service"":""4978aa94-666c-47c7-8024-3ada55195a51"",""deployment"":""b4365154-eadc-4c11-b568-5a096850e705"",""replica"":""56b3bc11-84b5-4316-abf1-2dec254f4739""}",2026-03-27T23:53:41.234439863Z
},info,"{""level"":""info""}","{""project"":""ce3616d9-58ad-4ec7-a294-1821e1564434"",""environment"":""fb6513d0-42a4-4660-82b5-509c54b15f2a"",""service"":""4978aa94-666c-47c7-8024-3ada55195a51"",""deployment"":""b4365154-eadc-4c11-b568-5a096850e705"",""replica"":""56b3bc11-84b5-4316-abf1-2dec254f4739""}",2026-03-27T23:53:41.234446549Z
==========================================,info,"{""level"":""info""}","{""project"":""ce3616d9-58ad-4ec7-a294-1821e1564434"",""environment"":""fb6513d0-42a4-4660-82b5-509c54b15f2a"",""service"":""4978aa94-666c-47c7-8024-3ada55195a51"",""deployment"":""b4365154-eadc-4c11-b568-5a096850e705"",""replica"":""56b3bc11-84b5-4316-abf1-2dec254f4739""}",2026-03-27T23:53:41.234453115Z
[QR] 🎯 QR code received for: akunsatu,info,"{""level"":""info""}","{""project"":""ce3616d9-58ad-4ec7-a294-1821e1564434"",""environment"":""fb6513d0-42a4-4660-82b5-509c54b15f2a"",""service"":""4978aa94-666c-47c7-8024-3ada55195a51"",""deployment"":""b4365154-eadc-4c11-b568-5a096850e705"",""replica"":""56b3bc11-84b5-4316-abf1-2dec254f4739""}",2026-03-27T23:53:41.234459786Z
[QR] QR length: 237,info,"{""level"":""info""}","{""project"":""ce3616d9-58ad-4ec7-a294-1821e1564434"",""environment"":""fb6513d0-42a4-4660-82b5-509c54b15f2a"",""service"":""4978aa94-666c-47c7-8024-3ada55195a51"",""deployment"":""b4365154-eadc-4c11-b568-5a096850e705"",""replica"":""56b3bc11-84b5-4316-abf1-2dec254f4739""}",2026-03-27T23:53:41.234467706Z
[QR] Converting QR to data URL...,info,"{""level"":""info""}","{""project"":""ce3616d9-58ad-4ec7-a294-1821e1564434"",""environment"":""fb6513d0-42a4-4660-82b5-509c54b15f2a"",""service"":""4978aa94-666c-47c7-8024-3ada55195a51"",""deployment"":""b4365154-eadc-4c11-b568-5a096850e705"",""replica"":""56b3bc11-84b5-4316-abf1-2dec254f4739""}",2026-03-27T23:53:41.234478163Z
"[QR] ✅ QR converted, length: 6446",info,"{""level"":""info""}","{""project"":""ce3616d9-58ad-4ec7-a294-1821e1564434"",""environment"":""fb6513d0-42a4-4660-82b5-509c54b15f2a"",""service"":""4978aa94-666c-47c7-8024-3ada55195a51"",""deployment"":""b4365154-eadc-4c11-b568-5a096850e705"",""replica"":""56b3bc11-84b5-4316-abf1-2dec254f4739""}",2026-03-27T23:53:41.234486100Z
[WS NATIVE SEND] Sending for akunsatu type: object preview: AAAq7BCZ6ZIqkp5C0W3BqNaGcwDDMtvd49LGFCAppVOq3P7OXO7autfgdcRC,info,"{""level"":""info""}","{""project"":""ce3616d9-58ad-4ec7-a294-1821e1564434"",""environment"":""fb6513d0-42a4-4660-82b5-509c54b15f2a"",""service"":""4978aa94-666c-47c7-8024-3ada55195a51"",""deployment"":""b4365154-eadc-4c11-b568-5a096850e705"",""replica"":""56b3bc11-84b5-4316-abf1-2dec254f4739""}",2026-03-27T23:53:44.681947012Z
[WS NATIVE MESSAGE] Received for akunsatu binary: true len: 39 preview: AAAkAYlCCqQVYsy7ZS7wCniZO1/qCv8OHI3Lxd6XeZcohz+5TBet,info,"{""level"":""info""}","{""project"":""ce3616d9-58ad-4ec7-a294-1821e1564434"",""environment"":""fb6513d0-42a4-4660-82b5-509c54b15f2a"",""service"":""4978aa94-666c-47c7-8024-3ada55195a51"",""deployment"":""b4365154-eadc-4c11-b568-5a096850e705"",""replica"":""56b3bc11-84b5-4316-abf1-2dec254f4739""}",2026-03-27T23:53:44.681953683Z
communication recv,info,"{""time"":1774655624360,""pid"":94,""hostname"":""9a45ddc40bc4"",""unhandled"":true,""fromMe"":false,""frame"":{""tag"":""iq"",""attrs"":{""from"":""@s.whatsapp.net"",""type"":""get"",""t"":""1774655624"",""xmlns"":""urn:xmpp:ping""}},""level"":""info""}","{""project"":""ce3616d9-58ad-4ec7-a294-1821e1564434"",""environment"":""fb6513d0-42a4-4660-82b5-509c54b15f2a"",""service"":""4978aa94-666c-47c7-8024-3ada55195a51"",""deployment"":""b4365154-eadc-4c11-b568-5a096850e705"",""replica"":""56b3bc11-84b5-4316-abf1-2dec254f4739""}",2026-03-27T23:53:44.681959646Z
[WS NATIVE MESSAGE] Received for akunsatu binary: true len: 46 preview: AAArIUcYmX5aLOrd748q30WwzlWX4oUGcU7AcYNMQ9rsh9j/NBnBSeThL1+8Ww==,info,"{""level"":""info""}","{""project"":""ce3616d9-58ad-4ec7-a294-1821e1564434"",""environment"":""fb6513d0-42a4-4660-82b5-509c54b15f2a"",""service"":""4978aa94-666c-47c7-8024-3ada55195a51"",""deployment"":""b4365154-eadc-4c11-b568-5a096850e705"",""replica"":""56b3bc11-84b5-4316-abf1-2dec254f4739""}",2026-03-27T23:53:44.681967526Z
[DB] Synced 1 accounts to database,info,"{""level"":""info""}","{""project"":""ce3616d9-58ad-4ec7-a294-1821e1564434"",""environment"":""fb6513d0-42a4-4660-82b5-509c54b15f2a"",""service"":""4978aa94-666c-47c7-8024-3ada55195a51"",""deployment"":""b4365154-eadc-4c11-b568-5a096850e705"",""replica"":""56b3bc11-84b5-4316-abf1-2dec254f4739""}",2026-03-27T23:53:51.636541505Z
==========================================,info,"{""level"":""info""}","{""project"":""ce3616d9-58ad-4ec7-a294-1821e1564434"",""environment"":""fb6513d0-42a4-4660-82b5-509c54b15f2a"",""service"":""4978aa94-666c-47c7-8024-3ada55195a51"",""deployment"":""b4365154-eadc-4c11-b568-5a096850e705"",""replica"":""56b3bc11-84b5-4316-abf1-2dec254f4739""}",2026-03-27T23:53:54.821533452Z
[CONNECTION UPDATE] ✅ EVENT RECEIVED! {,info,"{""level"":""info""}","{""project"":""ce3616d9-58ad-4ec7-a294-1821e1564434"",""environment"":""fb6513d0-42a4-4660-82b5-509c54b15f2a"",""service"":""4978aa94-666c-47c7-8024-3ada55195a51"",""deployment"":""b4365154-eadc-4c11-b568-5a096850e705"",""replica"":""56b3bc11-84b5-4316-abf1-2dec254f4739""}",2026-03-27T23:53:54.821538815Z
"  accountId: 'akunsatu',",info,"{""level"":""info""}","{""project"":""ce3616d9-58ad-4ec7-a294-1821e1564434"",""environment"":""fb6513d0-42a4-4660-82b5-509c54b15f2a"",""service"":""4978aa94-666c-47c7-8024-3ada55195a51"",""deployment"":""b4365154-eadc-4c11-b568-5a096850e705"",""replica"":""56b3bc11-84b5-4316-abf1-2dec254f4739""}",2026-03-27T23:53:54.821544842Z
"  connection: undefined,",info,"{""level"":""info""}","{""project"":""ce3616d9-58ad-4ec7-a294-1821e1564434"",""environment"":""fb6513d0-42a4-4660-82b5-509c54b15f2a"",""service"":""4978aa94-666c-47c7-8024-3ada55195a51"",""deployment"":""b4365154-eadc-4c11-b568-5a096850e705"",""replica"":""56b3bc11-84b5-4316-abf1-2dec254f4739""}",2026-03-27T23:53:54.821550048Z
"  hasQr: true,",info,"{""level"":""info""}","{""project"":""ce3616d9-58ad-4ec7-a294-1821e1564434"",""environment"":""fb6513d0-42a4-4660-82b5-509c54b15f2a"",""service"":""4978aa94-666c-47c7-8024-3ada55195a51"",""deployment"":""b4365154-eadc-4c11-b568-5a096850e705"",""replica"":""56b3bc11-84b5-4316-abf1-2dec254f4739""}",2026-03-27T23:53:54.821555207Z
"  qrPreview: '2@W5UsMMiYbuZDmebnL39c74Aum7Vyha0Sxfe01Wrru1J4jKWF...',",info,"{""level"":""info""}","{""project"":""ce3616d9-58ad-4ec7-a294-1821e1564434"",""environment"":""fb6513d0-42a4-4660-82b5-509c54b15f2a"",""service"":""4978aa94-666c-47c7-8024-3ada55195a51"",""deployment"":""b4365154-eadc-4c11-b568-5a096850e705"",""replica"":""56b3bc11-84b5-4316-abf1-2dec254f4739""}",2026-03-27T23:53:54.821560126Z
  isNewLogin: undefined,info,"{""level"":""info""}","{""project"":""ce3616d9-58ad-4ec7-a294-1821e1564434"",""environment"":""fb6513d0-42a4-4660-82b5-509c54b15f2a"",""service"":""4978aa94-666c-47c7-8024-3ada55195a51"",""deployment"":""b4365154-eadc-4c11-b568-5a096850e705"",""replica"":""56b3bc11-84b5-4316-abf1-2dec254f4739""}",2026-03-27T23:53:54.821566834Z
},info,"{""level"":""info""}","{""project"":""ce3616d9-58ad-4ec7-a294-1821e1564434"",""environment"":""fb6513d0-42a4-4660-82b5-509c54b15f2a"",""service"":""4978aa94-666c-47c7-8024-3ada55195a51"",""deployment"":""b4365154-eadc-4c11-b568-5a096850e705"",""replica"":""56b3bc11-84b5-4316-abf1-2dec254f4739""}",2026-03-27T23:53:54.821571802Z
==========================================,info,"{""level"":""info""}","{""project"":""ce3616d9-58ad-4ec7-a294-1821e1564434"",""environment"":""fb6513d0-42a4-4660-82b5-509c54b15f2a"",""service"":""4978aa94-666c-47c7-8024-3ada55195a51"",""deployment"":""b4365154-eadc-4c11-b568-5a096850e705"",""replica"":""56b3bc11-84b5-4316-abf1-2dec254f4739""}",2026-03-27T23:53:54.821576261Z
[QR] 🎯 QR code received for: akunsatu,info,"{""level"":""info""}","{""project"":""ce3616d9-58ad-4ec7-a294-1821e1564434"",""environment"":""fb6513d0-42a4-4660-82b5-509c54b15f2a"",""service"":""4978aa94-666c-47c7-8024-3ada55195a51"",""deployment"":""b4365154-eadc-4c11-b568-5a096850e705"",""replica"":""56b3bc11-84b5-4316-abf1-2dec254f4739""}",2026-03-27T23:53:54.821580435Z
[QR] QR length: 237,info,"{""level"":""info""}","{""project"":""ce3616d9-58ad-4ec7-a294-1821e1564434"",""environment"":""fb6513d0-42a4-4660-82b5-509c54b15f2a"",""service"":""4978aa94-666c-47c7-8024-3ada55195a51"",""deployment"":""b4365154-eadc-4c11-b568-5a096850e705"",""replica"":""56b3bc11-84b5-4316-abf1-2dec254f4739""}",2026-03-27T23:53:54.821585193Z
[QR] Converting QR to data URL...,info,"{""level"":""info""}","{""project"":""ce3616d9-58ad-4ec7-a294-1821e1564434"",""environment"":""fb6513d0-42a4-4660-82b5-509c54b15f2a"",""service"":""4978aa94-666c-47c7-8024-3ada55195a51"",""deployment"":""b4365154-eadc-4c11-b568-5a096850e705"",""replica"":""56b3bc11-84b5-4316-abf1-2dec254f4739""}",2026-03-27T23:53:54.821590407Z
"[QR] ✅ QR converted, length: 6410",info,"{""level"":""info""}","{""project"":""ce3616d9-58ad-4ec7-a294-1821e1564434"",""environment"":""fb6513d0-42a4-4660-82b5-509c54b15f2a"",""service"":""4978aa94-666c-47c7-8024-3ada55195a51"",""deployment"":""b4365154-eadc-4c11-b568-5a096850e705"",""replica"":""56b3bc11-84b5-4316-abf1-2dec254f4739""}",2026-03-27T23:53:54.821595019Z
[WS NATIVE SEND] Sending for akunsatu type: object preview: AAAq2qK/9gt7054Bf5yrvKBXrWaBZVqvMASjpqNC3QT2uGGZxhyQWyq3BOi5,info,"{""level"":""info""}","{""project"":""ce3616d9-58ad-4ec7-a294-1821e1564434"",""environment"":""fb6513d0-42a4-4660-82b5-509c54b15f2a"",""service"":""4978aa94-666c-47c7-8024-3ada55195a51"",""deployment"":""b4365154-eadc-4c11-b568-5a096850e705"",""replica"":""56b3bc11-84b5-4316-abf1-2dec254f4739""}",2026-03-27T23:54:14.369403260Z
[WS NATIVE MESSAGE] Received for akunsatu binary: true len: 46 preview: AAArPD+/4UjmWGpSygpNa5lm7Kx3sNRjVfNUliIy8SQFqXsJ3bRKY+m40jNe5w==,info,"{""level"":""info""}","{""project"":""ce3616d9-58ad-4ec7-a294-1821e1564434"",""environment"":""fb6513d0-42a4-4660-82b5-509c54b15f2a"",""service"":""4978aa94-666c-47c7-8024-3ada55195a51"",""deployment"":""b4365154-eadc-4c11-b568-5a096850e705"",""replica"":""56b3bc11-84b5-4316-abf1-2dec254f4739""}",2026-03-27T23:54:14.369419969Z
==========================================,info,"{""level"":""info""}","{""project"":""ce3616d9-58ad-4ec7-a294-1821e1564434"",""environment"":""fb6513d0-42a4-4660-82b5-509c54b15f2a"",""service"":""4978aa94-666c-47c7-8024-3ada55195a51"",""deployment"":""b4365154-eadc-4c11-b568-5a096850e705"",""replica"":""56b3bc11-84b5-4316-abf1-2dec254f4739""}",2026-03-27T23:54:15.520333368Z
[CONNECTION UPDATE] ✅ EVENT RECEIVED! {,info,"{""level"":""info""}","{""project"":""ce3616d9-58ad-4ec7-a294-1821e1564434"",""environment"":""fb6513d0-42a4-4660-82b5-509c54b15f2a"",""service"":""4978aa94-666c-47c7-8024-3ada55195a51"",""deployment"":""b4365154-eadc-4c11-b568-5a096850e705"",""replica"":""56b3bc11-84b5-4316-abf1-2dec254f4739""}",2026-03-27T23:54:15.520340596Z
"  accountId: 'akunsatu',",info,"{""level"":""info""}","{""project"":""ce3616d9-58ad-4ec7-a294-1821e1564434"",""environment"":""fb6513d0-42a4-4660-82b5-509c54b15f2a"",""service"":""4978aa94-666c-47c7-8024-3ada55195a51"",""deployment"":""b4365154-eadc-4c11-b568-5a096850e705"",""replica"":""56b3bc11-84b5-4316-abf1-2dec254f4739""}",2026-03-27T23:54:15.520347968Z
"  connection: undefined,",info,"{""level"":""info""}","{""project"":""ce3616d9-58ad-4ec7-a294-1821e1564434"",""environment"":""fb6513d0-42a4-4660-82b5-509c54b15f2a"",""service"":""4978aa94-666c-47c7-8024-3ada55195a51"",""deployment"":""b4365154-eadc-4c11-b568-5a096850e705"",""replica"":""56b3bc11-84b5-4316-abf1-2dec254f4739""}",2026-03-27T23:54:15.520355013Z
"  hasQr: true,",info,"{""level"":""info""}","{""project"":""ce3616d9-58ad-4ec7-a294-1821e1564434"",""environment"":""fb6513d0-42a4-4660-82b5-509c54b15f2a"",""service"":""4978aa94-666c-47c7-8024-3ada55195a51"",""deployment"":""b4365154-eadc-4c11-b568-5a096850e705"",""replica"":""56b3bc11-84b5-4316-abf1-2dec254f4739""}",2026-03-27T23:54:15.520363512Z
"  qrPreview: '2@Uz4RV3sCx1iI1bJoVXVeo72VU3ORiWJQBftsdmCpXADwQQnj...',",info,"{""level"":""info""}","{""project"":""ce3616d9-58ad-4ec7-a294-1821e1564434"",""environment"":""fb6513d0-42a4-4660-82b5-509c54b15f2a"",""service"":""4978aa94-666c-47c7-8024-3ada55195a51"",""deployment"":""b4365154-eadc-4c11-b568-5a096850e705"",""replica"":""56b3bc11-84b5-4316-abf1-2dec254f4739""}",2026-03-27T23:54:15.520373228Z
  isNewLogin: undefined,info,"{""level"":""info""}","{""project"":""ce3616d9-58ad-4ec7-a294-1821e1564434"",""environment"":""fb6513d0-42a4-4660-82b5-509c54b15f2a"",""service"":""4978aa94-666c-47c7-8024-3ada55195a51"",""deployment"":""b4365154-eadc-4c11-b568-5a096850e705"",""replica"":""56b3bc11-84b5-4316-abf1-2dec254f4739""}",2026-03-27T23:54:15.520380465Z
},info,"{""level"":""info""}","{""project"":""ce3616d9-58ad-4ec7-a294-1821e1564434"",""environment"":""fb6513d0-42a4-4660-82b5-509c54b15f2a"",""service"":""4978aa94-666c-47c7-8024-3ada55195a51"",""deployment"":""b4365154-eadc-4c11-b568-5a096850e705"",""replica"":""56b3bc11-84b5-4316-abf1-2dec254f4739""}",2026-03-27T23:54:15.520387272Z
==========================================,info,"{""level"":""info""}","{""project"":""ce3616d9-58ad-4ec7-a294-1821e1564434"",""environment"":""fb6513d0-42a4-4660-82b5-509c54b15f2a"",""service"":""4978aa94-666c-47c7-8024-3ada55195a51"",""deployment"":""b4365154-eadc-4c11-b568-5a096850e705"",""replica"":""56b3bc11-84b5-4316-abf1-2dec254f4739""}",2026-03-27T23:54:15.520394562Z
[QR] 🎯 QR code received for: akunsatu,info,"{""level"":""info""}","{""project"":""ce3616d9-58ad-4ec7-a294-1821e1564434"",""environment"":""fb6513d0-42a4-4660-82b5-509c54b15f2a"",""service"":""4978aa94-666c-47c7-8024-3ada55195a51"",""deployment"":""b4365154-eadc-4c11-b568-5a096850e705"",""replica"":""56b3bc11-84b5-4316-abf1-2dec254f4739""}",2026-03-27T23:54:15.520401102Z
[QR] QR length: 237,info,"{""level"":""info""}","{""project"":""ce3616d9-58ad-4ec7-a294-1821e1564434"",""environment"":""fb6513d0-42a4-4660-82b5-509c54b15f2a"",""service"":""4978aa94-666c-47c7-8024-3ada55195a51"",""deployment"":""b4365154-eadc-4c11-b568-5a096850e705"",""replica"":""56b3bc11-84b5-4316-abf1-2dec254f4739""}",2026-03-27T23:54:15.520408145Z
[QR] Converting QR to data URL...,info,"{""level"":""info""}","{""project"":""ce3616d9-58ad-4ec7-a294-1821e1564434"",""environment"":""fb6513d0-42a4-4660-82b5-509c54b15f2a"",""service"":""4978aa94-666c-47c7-8024-3ada55195a51"",""deployment"":""b4365154-eadc-4c11-b568-5a096850e705"",""replica"":""56b3bc11-84b5-4316-abf1-2dec254f4739""}",2026-03-27T23:54:15.520415364Z
"[QR] ✅ QR converted, length: 6418",info,"{""level"":""info""}","{""project"":""ce3616d9-58ad-4ec7-a294-1821e1564434"",""environment"":""fb6513d0-42a4-4660-82b5-509c54b15f2a"",""service"":""4978aa94-666c-47c7-8024-3ada55195a51"",""deployment"":""b4365154-eadc-4c11-b568-5a096850e705"",""replica"":""56b3bc11-84b5-4316-abf1-2dec254f4739""}",2026-03-27T23:54:15.520424406Z
[DB] Synced 1 accounts to database,info,"{""level"":""info""}","{""project"":""ce3616d9-58ad-4ec7-a294-1821e1564434"",""environment"":""fb6513d0-42a4-4660-82b5-509c54b15f2a"",""service"":""4978aa94-666c-47c7-8024-3ada55195a51"",""deployment"":""b4365154-eadc-4c11-b568-5a096850e705"",""replica"":""56b3bc11-84b5-4316-abf1-2dec254f4739""}",2026-03-27T23:54:21.426072574Z
==========================================,info,"{""level"":""info""}","{""project"":""ce3616d9-58ad-4ec7-a294-1821e1564434"",""environment"":""fb6513d0-42a4-4660-82b5-509c54b15f2a"",""service"":""4978aa94-666c-47c7-8024-3ada55195a51"",""deployment"":""b4365154-eadc-4c11-b568-5a096850e705"",""replica"":""56b3bc11-84b5-4316-abf1-2dec254f4739""}",2026-03-27T23:54:40.629566615Z
[CONNECTION UPDATE] ✅ EVENT RECEIVED! {,info,"{""level"":""info""}","{""project"":""ce3616d9-58ad-4ec7-a294-1821e1564434"",""environment"":""fb6513d0-42a4-4660-82b5-509c54b15f2a"",""service"":""4978aa94-666c-47c7-8024-3ada55195a51"",""deployment"":""b4365154-eadc-4c11-b568-5a096850e705"",""replica"":""56b3bc11-84b5-4316-abf1-2dec254f4739""}",2026-03-27T23:54:40.629908247Z
"  accountId: 'akunsatu',",info,"{""level"":""info""}","{""project"":""ce3616d9-58ad-4ec7-a294-1821e1564434"",""environment"":""fb6513d0-42a4-4660-82b5-509c54b15f2a"",""service"":""4978aa94-666c-47c7-8024-3ada55195a51"",""deployment"":""b4365154-eadc-4c11-b568-5a096850e705"",""replica"":""56b3bc11-84b5-4316-abf1-2dec254f4739""}",2026-03-27T23:54:40.629919656Z
"  connection: undefined,",info,"{""level"":""info""}","{""project"":""ce3616d9-58ad-4ec7-a294-1821e1564434"",""environment"":""fb6513d0-42a4-4660-82b5-509c54b15f2a"",""service"":""4978aa94-666c-47c7-8024-3ada55195a51"",""deployment"":""b4365154-eadc-4c11-b568-5a096850e705"",""replica"":""56b3bc11-84b5-4316-abf1-2dec254f4739""}",2026-03-27T23:54:40.629927536Z
"  hasQr: true,",info,"{""level"":""info""}","{""project"":""ce3616d9-58ad-4ec7-a294-1821e1564434"",""environment"":""fb6513d0-42a4-4660-82b5-509c54b15f2a"",""service"":""4978aa94-666c-47c7-8024-3ada55195a51"",""deployment"":""b4365154-eadc-4c11-b568-5a096850e705"",""replica"":""56b3bc11-84b5-4316-abf1-2dec254f4739""}",2026-03-27T23:54:40.629933347Z
"  qrPreview: '2@MCx9XpW3g0+KN+DVO9gNfXorVWIaEizJi9Pstf3L4S9II0oo...',",info,"{""level"":""info""}","{""project"":""ce3616d9-58ad-4ec7-a294-1821e1564434"",""environment"":""fb6513d0-42a4-4660-82b5-509c54b15f2a"",""service"":""4978aa94-666c-47c7-8024-3ada55195a51"",""deployment"":""b4365154-eadc-4c11-b568-5a096850e705"",""replica"":""56b3bc11-84b5-4316-abf1-2dec254f4739""}",2026-03-27T23:54:40.629938569Z
  isNewLogin: undefined,info,"{""level"":""info""}","{""project"":""ce3616d9-58ad-4ec7-a294-1821e1564434"",""environment"":""fb6513d0-42a4-4660-82b5-509c54b15f2a"",""service"":""4978aa94-666c-47c7-8024-3ada55195a51"",""deployment"":""b4365154-eadc-4c11-b568-5a096850e705"",""replica"":""56b3bc11-84b5-4316-abf1-2dec254f4739""}",2026-03-27T23:54:40.629944445Z
},info,"{""level"":""info""}","{""project"":""ce3616d9-58ad-4ec7-a294-1821e1564434"",""environment"":""fb6513d0-42a4-4660-82b5-509c54b15f2a"",""service"":""4978aa94-666c-47c7-8024-3ada55195a51"",""deployment"":""b4365154-eadc-4c11-b568-5a096850e705"",""replica"":""56b3bc11-84b5-4316-abf1-2dec254f4739""}",2026-03-27T23:54:40.629950520Z
==========================================,info,"{""level"":""info""}","{""project"":""ce3616d9-58ad-4ec7-a294-1821e1564434"",""environment"":""fb6513d0-42a4-4660-82b5-509c54b15f2a"",""service"":""4978aa94-666c-47c7-8024-3ada55195a51"",""deployment"":""b4365154-eadc-4c11-b568-5a096850e705"",""replica"":""56b3bc11-84b5-4316-abf1-2dec254f4739""}",2026-03-27T23:54:40.629958228Z
[QR] 🎯 QR code received for: akunsatu,info,"{""level"":""info""}","{""project"":""ce3616d9-58ad-4ec7-a294-1821e1564434"",""environment"":""fb6513d0-42a4-4660-82b5-509c54b15f2a"",""service"":""4978aa94-666c-47c7-8024-3ada55195a51"",""deployment"":""b4365154-eadc-4c11-b568-5a096850e705"",""replica"":""56b3bc11-84b5-4316-abf1-2dec254f4739""}",2026-03-27T23:54:40.629964379Z
[QR] QR length: 237,info,"{""level"":""info""}","{""project"":""ce3616d9-58ad-4ec7-a294-1821e1564434"",""environment"":""fb6513d0-42a4-4660-82b5-509c54b15f2a"",""service"":""4978aa94-666c-47c7-8024-3ada55195a51"",""deployment"":""b4365154-eadc-4c11-b568-5a096850e705"",""replica"":""56b3bc11-84b5-4316-abf1-2dec254f4739""}",2026-03-27T23:54:40.629970587Z
[QR] Converting QR to data URL...,info,"{""level"":""info""}","{""project"":""ce3616d9-58ad-4ec7-a294-1821e1564434"",""environment"":""fb6513d0-42a4-4660-82b5-509c54b15f2a"",""service"":""4978aa94-666c-47c7-8024-3ada55195a51"",""deployment"":""b4365154-eadc-4c11-b568-5a096850e705"",""replica"":""56b3bc11-84b5-4316-abf1-2dec254f4739""}",2026-03-27T23:54:40.629975904Z
"[QR] ✅ QR converted, length: 6382",info,"{""level"":""info""}","{""project"":""ce3616d9-58ad-4ec7-a294-1821e1564434"",""environment"":""fb6513d0-42a4-4660-82b5-509c54b15f2a"",""service"":""4978aa94-666c-47c7-8024-3ada55195a51"",""deployment"":""b4365154-eadc-4c11-b568-5a096850e705"",""replica"":""56b3bc11-84b5-4316-abf1-2dec254f4739""}",2026-03-27T23:54:40.629980726Z
[WS NATIVE SEND] Sending for akunsatu type: object preview: AAAqeTq80nSmQsuNGuGkbjePwNmlwxkSejO/I6uw7YRQkBHK7ZNxICM89MZg,info,"{""level"":""info""}","{""project"":""ce3616d9-58ad-4ec7-a294-1821e1564434"",""environment"":""fb6513d0-42a4-4660-82b5-509c54b15f2a"",""service"":""4978aa94-666c-47c7-8024-3ada55195a51"",""deployment"":""b4365154-eadc-4c11-b568-5a096850e705"",""replica"":""56b3bc11-84b5-4316-abf1-2dec254f4739""}",2026-03-27T23:54:44.964091450Z
[WS NATIVE MESSAGE] Received for akunsatu binary: true len: 39 preview: AAAk9LVSN+JuEcdHnLKZ2nJBRiWhplHfHxZwxjq8zJFquobkUHpI,info,"{""level"":""info""}","{""project"":""ce3616d9-58ad-4ec7-a294-1821e1564434"",""environment"":""fb6513d0-42a4-4660-82b5-509c54b15f2a"",""service"":""4978aa94-666c-47c7-8024-3ada55195a51"",""deployment"":""b4365154-eadc-4c11-b568-5a096850e705"",""replica"":""56b3bc11-84b5-4316-abf1-2dec254f4739""}",2026-03-27T23:54:44.964097175Z
communication recv,info,"{""time"":1774655684360,""pid"":94,""hostname"":""9a45ddc40bc4"",""unhandled"":true,""fromMe"":false,""frame"":{""tag"":""iq"",""attrs"":{""from"":""@s.whatsapp.net"",""type"":""get"",""t"":""1774655684"",""xmlns"":""urn:xmpp:ping""}},""level"":""info""}","{""project"":""ce3616d9-58ad-4ec7-a294-1821e1564434"",""environment"":""fb6513d0-42a4-4660-82b5-509c54b15f2a"",""service"":""4978aa94-666c-47c7-8024-3ada55195a51"",""deployment"":""b4365154-eadc-4c11-b568-5a096850e705"",""replica"":""56b3bc11-84b5-4316-abf1-2dec254f4739""}",2026-03-27T23:54:44.964103123Z
[WS NATIVE MESSAGE] Received for akunsatu binary: true len: 46 preview: AAArmnv0tu9ZnJ7HxIQgFVizpceU0PPQh9Ia2jLtQpVL/mECcjThrA+Ecc3FmQ==,info,"{""level"":""info""}","{""project"":""ce3616d9-58ad-4ec7-a294-1821e1564434"",""environment"":""fb6513d0-42a4-4660-82b5-509c54b15f2a"",""service"":""4978aa94-666c-47c7-8024-3ada55195a51"",""deployment"":""b4365154-eadc-4c11-b568-5a096850e705"",""replica"":""56b3bc11-84b5-4316-abf1-2dec254f4739""}",2026-03-27T23:54:44.964109450Z
[DB] Synced 1 accounts to database,info,"{""level"":""info""}","{""project"":""ce3616d9-58ad-4ec7-a294-1821e1564434"",""environment"":""fb6513d0-42a4-4660-82b5-509c54b15f2a"",""service"":""4978aa94-666c-47c7-8024-3ada55195a51"",""deployment"":""b4365154-eadc-4c11-b568-5a096850e705"",""replica"":""56b3bc11-84b5-4316-abf1-2dec254f4739""}",2026-03-27T23:54:51.207502332Z
connection errored,info,"{""time"":1774655694584,""pid"":94,""hostname"":""9a45ddc40bc4"",""trace"":""Error: QR refs attempts ended\n    at Timeout.genPairQR (/app/mini-services/whatsapp-service/node_modules/@whiskeysockets/baileys/src/Socket/socket.ts:594:9)\n    at listOnTimeout (node:internal/timers:588:17)\n    at process.processTimers (node:internal/timers:523:7)"",""level"":""info""}","{""project"":""ce3616d9-58ad-4ec7-a294-1821e1564434"",""environment"":""fb6513d0-42a4-4660-82b5-509c54b15f2a"",""service"":""4978aa94-666c-47c7-8024-3ada55195a51"",""deployment"":""b4365154-eadc-4c11-b568-5a096850e705"",""replica"":""56b3bc11-84b5-4316-abf1-2dec254f4739""}",2026-03-27T23:54:54.886396813Z
==========================================,info,"{""level"":""info""}","{""project"":""ce3616d9-58ad-4ec7-a294-1821e1564434"",""environment"":""fb6513d0-42a4-4660-82b5-509c54b15f2a"",""service"":""4978aa94-666c-47c7-8024-3ada55195a51"",""deployment"":""b4365154-eadc-4c11-b568-5a096850e705"",""replica"":""56b3bc11-84b5-4316-abf1-2dec254f4739""}",2026-03-27T23:54:54.886403679Z
[CONNECTION UPDATE] ✅ EVENT RECEIVED! {,info,"{""level"":""info""}","{""project"":""ce3616d9-58ad-4ec7-a294-1821e1564434"",""environment"":""fb6513d0-42a4-4660-82b5-509c54b15f2a"",""service"":""4978aa94-666c-47c7-8024-3ada55195a51"",""deployment"":""b4365154-eadc-4c11-b568-5a096850e705"",""replica"":""56b3bc11-84b5-4316-abf1-2dec254f4739""}",2026-03-27T23:54:54.886411867Z
"  accountId: 'akunsatu',",info,"{""level"":""info""}","{""project"":""ce3616d9-58ad-4ec7-a294-1821e1564434"",""environment"":""fb6513d0-42a4-4660-82b5-509c54b15f2a"",""service"":""4978aa94-666c-47c7-8024-3ada55195a51"",""deployment"":""b4365154-eadc-4c11-b568-5a096850e705"",""replica"":""56b3bc11-84b5-4316-abf1-2dec254f4739""}",2026-03-27T23:54:54.886418583Z
"  connection: 'close',",info,"{""level"":""info""}","{""project"":""ce3616d9-58ad-4ec7-a294-1821e1564434"",""environment"":""fb6513d0-42a4-4660-82b5-509c54b15f2a"",""service"":""4978aa94-666c-47c7-8024-3ada55195a51"",""deployment"":""b4365154-eadc-4c11-b568-5a096850e705"",""replica"":""56b3bc11-84b5-4316-abf1-2dec254f4739""}",2026-03-27T23:54:54.886425553Z
"  hasQr: false,",info,"{""level"":""info""}","{""project"":""ce3616d9-58ad-4ec7-a294-1821e1564434"",""environment"":""fb6513d0-42a4-4660-82b5-509c54b15f2a"",""service"":""4978aa94-666c-47c7-8024-3ada55195a51"",""deployment"":""b4365154-eadc-4c11-b568-5a096850e705"",""replica"":""56b3bc11-84b5-4316-abf1-2dec254f4739""}",2026-03-27T23:54:54.886454461Z
"  qrPreview: null,",info,"{""level"":""info""}","{""project"":""ce3616d9-58ad-4ec7-a294-1821e1564434"",""environment"":""fb6513d0-42a4-4660-82b5-509c54b15f2a"",""service"":""4978aa94-666c-47c7-8024-3ada55195a51"",""deployment"":""b4365154-eadc-4c11-b568-5a096850e705"",""replica"":""56b3bc11-84b5-4316-abf1-2dec254f4739""}",2026-03-27T23:54:54.886461496Z
  isNewLogin: undefined,info,"{""level"":""info""}","{""project"":""ce3616d9-58ad-4ec7-a294-1821e1564434"",""environment"":""fb6513d0-42a4-4660-82b5-509c54b15f2a"",""service"":""4978aa94-666c-47c7-8024-3ada55195a51"",""deployment"":""b4365154-eadc-4c11-b568-5a096850e705"",""replica"":""56b3bc11-84b5-4316-abf1-2dec254f4739""}",2026-03-27T23:54:54.886467748Z
},info,"{""level"":""info""}","{""project"":""ce3616d9-58ad-4ec7-a294-1821e1564434"",""environment"":""fb6513d0-42a4-4660-82b5-509c54b15f2a"",""service"":""4978aa94-666c-47c7-8024-3ada55195a51"",""deployment"":""b4365154-eadc-4c11-b568-5a096850e705"",""replica"":""56b3bc11-84b5-4316-abf1-2dec254f4739""}",2026-03-27T23:54:54.886473414Z
==========================================,info,"{""level"":""info""}","{""project"":""ce3616d9-58ad-4ec7-a294-1821e1564434"",""environment"":""fb6513d0-42a4-4660-82b5-509c54b15f2a"",""service"":""4978aa94-666c-47c7-8024-3ada55195a51"",""deployment"":""b4365154-eadc-4c11-b568-5a096850e705"",""replica"":""56b3bc11-84b5-4316-abf1-2dec254f4739""}",2026-03-27T23:54:54.886479384Z
[CONNECTION] ❌ Disconnected: akunsatu code: 408 error: QR refs attempts ended,info,"{""level"":""info""}","{""project"":""ce3616d9-58ad-4ec7-a294-1821e1564434"",""environment"":""fb6513d0-42a4-4660-82b5-509c54b15f2a"",""service"":""4978aa94-666c-47c7-8024-3ada55195a51"",""deployment"":""b4365154-eadc-4c11-b568-5a096850e705"",""replica"":""56b3bc11-84b5-4316-abf1-2dec254f4739""}",2026-03-27T23:54:54.886484489Z
[WS NATIVE MESSAGE] Received for akunsatu binary: true len: 4 preview: iAID8w==,info,"{""level"":""info""}","{""project"":""ce3616d9-58ad-4ec7-a294-1821e1564434"",""environment"":""fb6513d0-42a4-4660-82b5-509c54b15f2a"",""service"":""4978aa94-666c-47c7-8024-3ada55195a51"",""deployment"":""b4365154-eadc-4c11-b568-5a096850e705"",""replica"":""56b3bc11-84b5-4316-abf1-2dec254f4739""}",2026-03-27T23:54:54.929838623Z
[WS NATIVE CLOSE] Native WebSocket closed for akunsatu code: 1006 reason: ,info,"{""level"":""info""}","{""project"":""ce3616d9-58ad-4ec7-a294-1821e1564434"",""environment"":""fb6513d0-42a4-4660-82b5-509c54b15f2a"",""service"":""4978aa94-666c-47c7-8024-3ada55195a51"",""deployment"":""b4365154-eadc-4c11-b568-5a096850e705"",""replica"":""56b3bc11-84b5-4316-abf1-2dec254f4739""}",2026-03-27T23:54:54.929844337Z
[CLEAR SESSION] Deleting session directory with rimraf...,info,"{""level"":""info""}","{""project"":""ce3616d9-58ad-4ec7-a294-1821e1564434"",""environment"":""fb6513d0-42a4-4660-82b5-509c54b15f2a"",""service"":""4978aa94-666c-47c7-8024-3ada55195a51"",""deployment"":""b4365154-eadc-4c11-b568-5a096850e705"",""replica"":""56b3bc11-84b5-4316-abf1-2dec254f4739""}",2026-03-27T23:55:25.208934219Z
[CLEAR SESSION] ✅ Session directory successfully deleted,info,"{""level"":""info""}","{""project"":""ce3616d9-58ad-4ec7-a294-1821e1564434"",""environment"":""fb6513d0-42a4-4660-82b5-509c54b15f2a"",""service"":""4978aa94-666c-47c7-8024-3ada55195a51"",""deployment"":""b4365154-eadc-4c11-b568-5a096850e705"",""replica"":""56b3bc11-84b5-4316-abf1-2dec254f4739""}",2026-03-27T23:55:25.208949628Z
[START SESSION] ✅ Session data cleared successfully,info,"{""level"":""info""}","{""project"":""ce3616d9-58ad-4ec7-a294-1821e1564434"",""environment"":""fb6513d0-42a4-4660-82b5-509c54b15f2a"",""service"":""4978aa94-666c-47c7-8024-3ada55195a51"",""deployment"":""b4365154-eadc-4c11-b568-5a096850e705"",""replica"":""56b3bc11-84b5-4316-abf1-2dec254f4739""}",2026-03-27T23:55:25.208973523Z
[START SESSION] Session directory created: /app/mini-services/whatsapp-service/sessions/akunsatu,info,"{""level"":""info""}","{""project"":""ce3616d9-58ad-4ec7-a294-1821e1564434"",""environment"":""fb6513d0-42a4-4660-82b5-509c54b15f2a"",""service"":""4978aa94-666c-47c7-8024-3ada55195a51"",""deployment"":""b4365154-eadc-4c11-b568-5a096850e705"",""replica"":""56b3bc11-84b5-4316-abf1-2dec254f4739""}",2026-03-27T23:55:25.208984002Z
==========================================,info,"{""level"":""info""}","{""project"":""ce3616d9-58ad-4ec7-a294-1821e1564434"",""environment"":""fb6513d0-42a4-4660-82b5-509c54b15f2a"",""service"":""4978aa94-666c-47c7-8024-3ada55195a51"",""deployment"":""b4365154-eadc-4c11-b568-5a096850e705"",""replica"":""56b3bc11-84b5-4316-abf1-2dec254f4739""}",2026-03-27T23:55:25.208988551Z
[START SESSION] Loading auth state...,info,"{""level"":""info""}","{""project"":""ce3616d9-58ad-4ec7-a294-1821e1564434"",""environment"":""fb6513d0-42a4-4660-82b5-509c54b15f2a"",""service"":""4978aa94-666c-47c7-8024-3ada55195a51"",""deployment"":""b4365154-eadc-4c11-b568-5a096850e705"",""replica"":""56b3bc11-84b5-4316-abf1-2dec254f4739""}",2026-03-27T23:55:25.208994069Z
[START SESSION] Called with: {,info,"{""level"":""info""}","{""project"":""ce3616d9-58ad-4ec7-a294-1821e1564434"",""environment"":""fb6513d0-42a4-4660-82b5-509c54b15f2a"",""service"":""4978aa94-666c-47c7-8024-3ada55195a51"",""deployment"":""b4365154-eadc-4c11-b568-5a096850e705"",""replica"":""56b3bc11-84b5-4316-abf1-2dec254f4739""}",2026-03-27T23:55:25.209002533Z
[START SESSION] Auth state loaded:,info,"{""level"":""info""}","{""project"":""ce3616d9-58ad-4ec7-a294-1821e1564434"",""environment"":""fb6513d0-42a4-4660-82b5-509c54b15f2a"",""service"":""4978aa94-666c-47c7-8024-3ada55195a51"",""deployment"":""b4365154-eadc-4c11-b568-5a096850e705"",""replica"":""56b3bc11-84b5-4316-abf1-2dec254f4739""}",2026-03-27T23:55:25.209008488Z
"  accountId: 'akunsatu',",info,"{""level"":""info""}","{""project"":""ce3616d9-58ad-4ec7-a294-1821e1564434"",""environment"":""fb6513d0-42a4-4660-82b5-509c54b15f2a"",""service"":""4978aa94-666c-47c7-8024-3ada55195a51"",""deployment"":""b4365154-eadc-4c11-b568-5a096850e705"",""replica"":""56b3bc11-84b5-4316-abf1-2dec254f4739""}",2026-03-27T23:55:25.209014861Z
[START SESSION] - hasCreds: true,info,"{""level"":""info""}","{""project"":""ce3616d9-58ad-4ec7-a294-1821e1564434"",""environment"":""fb6513d0-42a4-4660-82b5-509c54b15f2a"",""service"":""4978aa94-666c-47c7-8024-3ada55195a51"",""deployment"":""b4365154-eadc-4c11-b568-5a096850e705"",""replica"":""56b3bc11-84b5-4316-abf1-2dec254f4739""}",2026-03-27T23:55:25.209021926Z
"  usePairingCode: false,",info,"{""level"":""info""}","{""project"":""ce3616d9-58ad-4ec7-a294-1821e1564434"",""environment"":""fb6513d0-42a4-4660-82b5-509c54b15f2a"",""service"":""4978aa94-666c-47c7-8024-3ada55195a51"",""deployment"":""b4365154-eadc-4c11-b568-5a096850e705"",""replica"":""56b3bc11-84b5-4316-abf1-2dec254f4739""}",2026-03-27T23:55:25.209029506Z
[START SESSION] - creds.me exists: false,info,"{""level"":""info""}","{""project"":""ce3616d9-58ad-4ec7-a294-1821e1564434"",""environment"":""fb6513d0-42a4-4660-82b5-509c54b15f2a"",""service"":""4978aa94-666c-47c7-8024-3ada55195a51"",""deployment"":""b4365154-eadc-4c11-b568-5a096850e705"",""replica"":""56b3bc11-84b5-4316-abf1-2dec254f4739""}",2026-03-27T23:55:25.209035343Z
[START SESSION] - creds.me.id: N/A,info,"{""level"":""info""}","{""project"":""ce3616d9-58ad-4ec7-a294-1821e1564434"",""environment"":""fb6513d0-42a4-4660-82b5-509c54b15f2a"",""service"":""4978aa94-666c-47c7-8024-3ada55195a51"",""deployment"":""b4365154-eadc-4c11-b568-5a096850e705"",""replica"":""56b3bc11-84b5-4316-abf1-2dec254f4739""}",2026-03-27T23:55:25.209042473Z
"  phoneNumber: undefined,",info,"{""level"":""info""}","{""project"":""ce3616d9-58ad-4ec7-a294-1821e1564434"",""environment"":""fb6513d0-42a4-4660-82b5-509c54b15f2a"",""service"":""4978aa94-666c-47c7-8024-3ada55195a51"",""deployment"":""b4365154-eadc-4c11-b568-5a096850e705"",""replica"":""56b3bc11-84b5-4316-abf1-2dec254f4739""}",2026-03-27T23:55:25.209053547Z
[START SESSION] - creds.me.name: N/A,info,"{""level"":""info""}","{""project"":""ce3616d9-58ad-4ec7-a294-1821e1564434"",""environment"":""fb6513d0-42a4-4660-82b5-509c54b15f2a"",""service"":""4978aa94-666c-47c7-8024-3ada55195a51"",""deployment"":""b4365154-eadc-4c11-b568-5a096850e705"",""replica"":""56b3bc11-84b5-4316-abf1-2dec254f4739""}",2026-03-27T23:55:25.209053889Z
[START SESSION] - This account will: REGISTER (expect QR),info,"{""level"":""info""}","{""project"":""ce3616d9-58ad-4ec7-a294-1821e1564434"",""environment"":""fb6513d0-42a4-4660-82b5-509c54b15f2a"",""service"":""4978aa94-666c-47c7-8024-3ada55195a51"",""deployment"":""b4365154-eadc-4c11-b568-5a096850e705"",""replica"":""56b3bc11-84b5-4316-abf1-2dec254f4739""}",2026-03-27T23:55:25.209065768Z
  forceNew: true,info,"{""level"":""info""}","{""project"":""ce3616d9-58ad-4ec7-a294-1821e1564434"",""environment"":""fb6513d0-42a4-4660-82b5-509c54b15f2a"",""service"":""4978aa94-666c-47c7-8024-3ada55195a51"",""deployment"":""b4365154-eadc-4c11-b568-5a096850e705"",""replica"":""56b3bc11-84b5-4316-abf1-2dec254f4739""}",2026-03-27T23:55:25.209068309Z
},info,"{""level"":""info""}","{""project"":""ce3616d9-58ad-4ec7-a294-1821e1564434"",""environment"":""fb6513d0-42a4-4660-82b5-509c54b15f2a"",""service"":""4978aa94-666c-47c7-8024-3ada55195a51"",""deployment"":""b4365154-eadc-4c11-b568-5a096850e705"",""replica"":""56b3bc11-84b5-4316-abf1-2dec254f4739""}",2026-03-27T23:55:25.209077879Z
[START SESSION] Current accounts: [],info,"{""level"":""info""}","{""project"":""ce3616d9-58ad-4ec7-a294-1821e1564434"",""environment"":""fb6513d0-42a4-4660-82b5-509c54b15f2a"",""service"":""4978aa94-666c-47c7-8024-3ada55195a51"",""deployment"":""b4365154-eadc-4c11-b568-5a096850e705"",""replica"":""56b3bc11-84b5-4316-abf1-2dec254f4739""}",2026-03-27T23:55:25.209086399Z
==========================================,info,"{""level"":""info""}","{""project"":""ce3616d9-58ad-4ec7-a294-1821e1564434"",""environment"":""fb6513d0-42a4-4660-82b5-509c54b15f2a"",""service"":""4978aa94-666c-47c7-8024-3ada55195a51"",""deployment"":""b4365154-eadc-4c11-b568-5a096850e705"",""replica"":""56b3bc11-84b5-4316-abf1-2dec254f4739""}",2026-03-27T23:55:25.209095071Z
"[START SESSION] forceNew=true, clearing old session data...",info,"{""level"":""info""}","{""project"":""ce3616d9-58ad-4ec7-a294-1821e1564434"",""environment"":""fb6513d0-42a4-4660-82b5-509c54b15f2a"",""service"":""4978aa94-666c-47c7-8024-3ada55195a51"",""deployment"":""b4365154-eadc-4c11-b568-5a096850e705"",""replica"":""56b3bc11-84b5-4316-abf1-2dec254f4739""}",2026-03-27T23:55:25.209103216Z
[CLEAR SESSION] Attempting to clear session for: akunsatu,info,"{""level"":""info""}","{""project"":""ce3616d9-58ad-4ec7-a294-1821e1564434"",""environment"":""fb6513d0-42a4-4660-82b5-509c54b15f2a"",""service"":""4978aa94-666c-47c7-8024-3ada55195a51"",""deployment"":""b4365154-eadc-4c11-b568-5a096850e705"",""replica"":""56b3bc11-84b5-4316-abf1-2dec254f4739""}",2026-03-27T23:55:25.209111273Z
[CLEAR SESSION] Session path: /app/mini-services/whatsapp-service/sessions/akunsatu,info,"{""level"":""info""}","{""project"":""ce3616d9-58ad-4ec7-a294-1821e1564434"",""environment"":""fb6513d0-42a4-4660-82b5-509c54b15f2a"",""service"":""4978aa94-666c-47c7-8024-3ada55195a51"",""deployment"":""b4365154-eadc-4c11-b568-5a096850e705"",""replica"":""56b3bc11-84b5-4316-abf1-2dec254f4739""}",2026-03-27T23:55:25.209121084Z
[CLEAR SESSION] Session directory exists,info,"{""level"":""info""}","{""project"":""ce3616d9-58ad-4ec7-a294-1821e1564434"",""environment"":""fb6513d0-42a4-4660-82b5-509c54b15f2a"",""service"":""4978aa94-666c-47c7-8024-3ada55195a51"",""deployment"":""b4365154-eadc-4c11-b568-5a096850e705"",""replica"":""56b3bc11-84b5-4316-abf1-2dec254f4739""}",2026-03-27T23:55:25.209128603Z
[START SESSION] Fetching Baileys version...,info,"{""level"":""info""}","{""project"":""ce3616d9-58ad-4ec7-a294-1821e1564434"",""environment"":""fb6513d0-42a4-4660-82b5-509c54b15f2a"",""service"":""4978aa94-666c-47c7-8024-3ada55195a51"",""deployment"":""b4365154-eadc-4c11-b568-5a096850e705"",""replica"":""56b3bc11-84b5-4316-abf1-2dec254f4739""}",2026-03-27T23:55:25.216079165Z
"[START SESSION] Baileys version: [ 2, 3000, 1035194821 ]",info,"{""level"":""info""}","{""project"":""ce3616d9-58ad-4ec7-a294-1821e1564434"",""environment"":""fb6513d0-42a4-4660-82b5-509c54b15f2a"",""service"":""4978aa94-666c-47c7-8024-3ada55195a51"",""deployment"":""b4365154-eadc-4c11-b568-5a096850e705"",""replica"":""56b3bc11-84b5-4316-abf1-2dec254f4739""}",2026-03-27T23:55:25.216089177Z
[START SESSION] Creating WhatsApp socket...,info,"{""level"":""info""}","{""project"":""ce3616d9-58ad-4ec7-a294-1821e1564434"",""environment"":""fb6513d0-42a4-4660-82b5-509c54b15f2a"",""service"":""4978aa94-666c-47c7-8024-3ada55195a51"",""deployment"":""b4365154-eadc-4c11-b568-5a096850e705"",""replica"":""56b3bc11-84b5-4316-abf1-2dec254f4739""}",2026-03-27T23:55:25.216096122Z
[NETWORK] Testing connectivity to WhatsApp servers...,info,"{""level"":""info""}","{""project"":""ce3616d9-58ad-4ec7-a294-1821e1564434"",""environment"":""fb6513d0-42a4-4660-82b5-509c54b15f2a"",""service"":""4978aa94-666c-47c7-8024-3ada55195a51"",""deployment"":""b4365154-eadc-4c11-b568-5a096850e705"",""replica"":""56b3bc11-84b5-4316-abf1-2dec254f4739""}",2026-03-27T23:55:25.216103026Z
[NETWORK] DNS resolution for web.whatsapp.com: [ '57.144.15.32' ],info,"{""level"":""info""}","{""project"":""ce3616d9-58ad-4ec7-a294-1821e1564434"",""environment"":""fb6513d0-42a4-4660-82b5-509c54b15f2a"",""service"":""4978aa94-666c-47c7-8024-3ada55195a51"",""deployment"":""b4365154-eadc-4c11-b568-5a096850e705"",""replica"":""56b3bc11-84b5-4316-abf1-2dec254f4739""}",2026-03-27T23:55:25.216108339Z
[NETWORK] HTTPS test to web.whatsapp.com: Status 200,info,"{""level"":""info""}","{""project"":""ce3616d9-58ad-4ec7-a294-1821e1564434"",""environment"":""fb6513d0-42a4-4660-82b5-509c54b15f2a"",""service"":""4978aa94-666c-47c7-8024-3ada55195a51"",""deployment"":""b4365154-eadc-4c11-b568-5a096850e705"",""replica"":""56b3bc11-84b5-4316-abf1-2dec254f4739""}",2026-03-27T23:55:25.216114963Z
[SOCKET] makeWASocket created for: akunsatu,info,"{""level"":""info""}","{""project"":""ce3616d9-58ad-4ec7-a294-1821e1564434"",""environment"":""fb6513d0-42a4-4660-82b5-509c54b15f2a"",""service"":""4978aa94-666c-47c7-8024-3ada55195a51"",""deployment"":""b4365154-eadc-4c11-b568-5a096850e705"",""replica"":""56b3bc11-84b5-4316-abf1-2dec254f4739""}",2026-03-27T23:55:25.216122966Z
[SOCKET] Socket has ev? true,info,"{""level"":""info""}","{""project"":""ce3616d9-58ad-4ec7-a294-1821e1564434"",""environment"":""fb6513d0-42a4-4660-82b5-509c54b15f2a"",""service"":""4978aa94-666c-47c7-8024-3ada55195a51"",""deployment"":""b4365154-eadc-4c11-b568-5a096850e705"",""replica"":""56b3bc11-84b5-4316-abf1-2dec254f4739""}",2026-03-27T23:55:25.216128503Z
[SOCKET] Socket has ws? true,info,"{""level"":""info""}","{""project"":""ce3616d9-58ad-4ec7-a294-1821e1564434"",""environment"":""fb6513d0-42a4-4660-82b5-509c54b15f2a"",""service"":""4978aa94-666c-47c7-8024-3ada55195a51"",""deployment"":""b4365154-eadc-4c11-b568-5a096850e705"",""replica"":""56b3bc11-84b5-4316-abf1-2dec254f4739""}",2026-03-27T23:55:25.216136134Z
[SOCKET] Socket user? undefined,info,"{""level"":""info""}","{""project"":""ce3616d9-58ad-4ec7-a294-1821e1564434"",""environment"":""fb6513d0-42a4-4660-82b5-509c54b15f2a"",""service"":""4978aa94-666c-47c7-8024-3ada55195a51"",""deployment"":""b4365154-eadc-4c11-b568-5a096850e705"",""replica"":""56b3bc11-84b5-4316-abf1-2dec254f4739""}",2026-03-27T23:55:25.216145405Z
[ACCOUNT] ✅ Added pending account to map immediately: akunsatu,info,"{""level"":""info""}","{""project"":""ce3616d9-58ad-4ec7-a294-1821e1564434"",""environment"":""fb6513d0-42a4-4660-82b5-509c54b15f2a"",""service"":""4978aa94-666c-47c7-8024-3ada55195a51"",""deployment"":""b4365154-eadc-4c11-b568-5a096850e705"",""replica"":""56b3bc11-84b5-4316-abf1-2dec254f4739""}",2026-03-27T23:55:25.216153388Z
[SOCKET] 🚀 Registering connection.update handler IMMEDIATELY for: akunsatu,info,"{""level"":""info""}","{""project"":""ce3616d9-58ad-4ec7-a294-1821e1564434"",""environment"":""fb6513d0-42a4-4660-82b5-509c54b15f2a"",""service"":""4978aa94-666c-47c7-8024-3ada55195a51"",""deployment"":""b4365154-eadc-4c11-b568-5a096850e705"",""replica"":""56b3bc11-84b5-4316-abf1-2dec254f4739""}",2026-03-27T23:55:25.216160815Z
[SOCKET] ✅ Event handlers registered IMMEDIATELY,info,"{""level"":""info""}","{""project"":""ce3616d9-58ad-4ec7-a294-1821e1564434"",""environment"":""fb6513d0-42a4-4660-82b5-509c54b15f2a"",""service"":""4978aa94-666c-47c7-8024-3ada55195a51"",""deployment"":""b4365154-eadc-4c11-b568-5a096850e705"",""replica"":""56b3bc11-84b5-4316-abf1-2dec254f4739""}",2026-03-27T23:55:25.216167381Z
[WS] Native WebSocket exists: true,info,"{""level"":""info""}","{""project"":""ce3616d9-58ad-4ec7-a294-1821e1564434"",""environment"":""fb6513d0-42a4-4660-82b5-509c54b15f2a"",""service"":""4978aa94-666c-47c7-8024-3ada55195a51"",""deployment"":""b4365154-eadc-4c11-b568-5a096850e705"",""replica"":""56b3bc11-84b5-4316-abf1-2dec254f4739""}",2026-03-27T23:55:25.216177697Z
[WS] Native WebSocket state: 0 = CONNECTING,info,"{""level"":""info""}","{""project"":""ce3616d9-58ad-4ec7-a294-1821e1564434"",""environment"":""fb6513d0-42a4-4660-82b5-509c54b15f2a"",""service"":""4978aa94-666c-47c7-8024-3ada55195a51"",""deployment"":""b4365154-eadc-4c11-b568-5a096850e705"",""replica"":""56b3bc11-84b5-4316-abf1-2dec254f4739""}",2026-03-27T23:55:25.216187703Z
[WS] WebSocketClient isConnecting: true,info,"{""level"":""info""}","{""project"":""ce3616d9-58ad-4ec7-a294-1821e1564434"",""environment"":""fb6513d0-42a4-4660-82b5-509c54b15f2a"",""service"":""4978aa94-666c-47c7-8024-3ada55195a51"",""deployment"":""b4365154-eadc-4c11-b568-5a096850e705"",""replica"":""56b3bc11-84b5-4316-abf1-2dec254f4739""}",2026-03-27T23:55:25.216194302Z
[WS] WebSocketClient isOpen: false,info,"{""level"":""info""}","{""project"":""ce3616d9-58ad-4ec7-a294-1821e1564434"",""environment"":""fb6513d0-42a4-4660-82b5-509c54b15f2a"",""service"":""4978aa94-666c-47c7-8024-3ada55195a51"",""deployment"":""b4365154-eadc-4c11-b568-5a096850e705"",""replica"":""56b3bc11-84b5-4316-abf1-2dec254f4739""}",2026-03-27T23:55:25.216199984Z
[WS] WebSocketClient isClosed: false,info,"{""level"":""info""}","{""project"":""ce3616d9-58ad-4ec7-a294-1821e1564434"",""environment"":""fb6513d0-42a4-4660-82b5-509c54b15f2a"",""service"":""4978aa94-666c-47c7-8024-3ada55195a51"",""deployment"":""b4365154-eadc-4c11-b568-5a096850e705"",""replica"":""56b3bc11-84b5-4316-abf1-2dec254f4739""}",2026-03-27T23:55:25.216205384Z
[WS] WebSocket URL: URL {,info,"{""level"":""info""}","{""project"":""ce3616d9-58ad-4ec7-a294-1821e1564434"",""environment"":""fb6513d0-42a4-4660-82b5-509c54b15f2a"",""service"":""4978aa94-666c-47c7-8024-3ada55195a51"",""deployment"":""b4365154-eadc-4c11-b568-5a096850e705"",""replica"":""56b3bc11-84b5-4316-abf1-2dec254f4739""}",2026-03-27T23:55:25.216210616Z
"  href: 'wss://web.whatsapp.com/ws/chat',",info,"{""level"":""info""}","{""project"":""ce3616d9-58ad-4ec7-a294-1821e1564434"",""environment"":""fb6513d0-42a4-4660-82b5-509c54b15f2a"",""service"":""4978aa94-666c-47c7-8024-3ada55195a51"",""deployment"":""b4365154-eadc-4c11-b568-5a096850e705"",""replica"":""56b3bc11-84b5-4316-abf1-2dec254f4739""}",2026-03-27T23:55:25.216216118Z
"  origin: 'wss://web.whatsapp.com',",info,"{""level"":""info""}","{""project"":""ce3616d9-58ad-4ec7-a294-1821e1564434"",""environment"":""fb6513d0-42a4-4660-82b5-509c54b15f2a"",""service"":""4978aa94-666c-47c7-8024-3ada55195a51"",""deployment"":""b4365154-eadc-4c11-b568-5a096850e705"",""replica"":""56b3bc11-84b5-4316-abf1-2dec254f4739""}",2026-03-27T23:55:25.216221702Z
"  protocol: 'wss:',",info,"{""level"":""info""}","{""project"":""ce3616d9-58ad-4ec7-a294-1821e1564434"",""environment"":""fb6513d0-42a4-4660-82b5-509c54b15f2a"",""service"":""4978aa94-666c-47c7-8024-3ada55195a51"",""deployment"":""b4365154-eadc-4c11-b568-5a096850e705"",""replica"":""56b3bc11-84b5-4316-abf1-2dec254f4739""}",2026-03-27T23:55:25.216226490Z
"  username: '',",info,"{""level"":""info""}","{""project"":""ce3616d9-58ad-4ec7-a294-1821e1564434"",""environment"":""fb6513d0-42a4-4660-82b5-509c54b15f2a"",""service"":""4978aa94-666c-47c7-8024-3ada55195a51"",""deployment"":""b4365154-eadc-4c11-b568-5a096850e705"",""replica"":""56b3bc11-84b5-4316-abf1-2dec254f4739""}",2026-03-27T23:55:25.216231514Z
"  password: '',",info,"{""level"":""info""}","{""project"":""ce3616d9-58ad-4ec7-a294-1821e1564434"",""environment"":""fb6513d0-42a4-4660-82b5-509c54b15f2a"",""service"":""4978aa94-666c-47c7-8024-3ada55195a51"",""deployment"":""b4365154-eadc-4c11-b568-5a096850e705"",""replica"":""56b3bc11-84b5-4316-abf1-2dec254f4739""}",2026-03-27T23:55:25.216236592Z
"  host: 'web.whatsapp.com',",info,"{""level"":""info""}","{""project"":""ce3616d9-58ad-4ec7-a294-1821e1564434"",""environment"":""fb6513d0-42a4-4660-82b5-509c54b15f2a"",""service"":""4978aa94-666c-47c7-8024-3ada55195a51"",""deployment"":""b4365154-eadc-4c11-b568-5a096850e705"",""replica"":""56b3bc11-84b5-4316-abf1-2dec254f4739""}",2026-03-27T23:55:25.220050652Z
"not logged in, attempting registration...",info,"{""time"":1774655718328,""pid"":94,""hostname"":""9a45ddc40bc4"",""node"":{""passive"":false,""userAgent"":{""platform"":""WEB"",""appVersion"":{""primary"":2,""secondary"":3000,""tertiary"":1035194821},""mcc"":""000"",""mnc"":""000"",""osVersion"":""0.1"",""device"":""Desktop"",""osBuildNumber"":""0.1"",""releaseChannel"":""RELEASE"",""localeLanguageIso6391"":""en"",""localeCountryIso31661Alpha2"":""US""},""webInfo"":{""webSubPlatform"":""WEB_BROWSER""},""connectType"":""WIFI_UNKNOWN"",""connectReason"":""USER_ACTIVATED"",""devicePairingData"":{""eRegid"":""AAAAAA=="",""eKeytype"":""BQ=="",""eIdent"":""O9PpY31Br4yvfBFa1FZDVqW6jbKNaiOelbasE11jiTA="",""eSkeyId"":""AAAB"",""eSkeyVal"":""SwdccgixOWne78ZzORY14TM8CZEWYE5uFuRALkbGtWA="",""eSkeySig"":""AWULF1enOiYLZoKLnnBKT2rwv36qCObqEXnda1C6Vo1g6ddXgSmY7+0z8uxlfQ/9oW4r7jT1Z7PTERh5VBhriQ=="",""buildHash"":""oslHHv+RCp4a5lmJCiiHLQ=="",""deviceProps"":""CgZNYWMgT1MYASAAKhUYgFAgATAAOAFAAUgBUAFYAWABcAE=""},""pull"":false},""level"":""info""}","{""project"":""ce3616d9-58ad-4ec7-a294-1821e1564434"",""environment"":""fb6513d0-42a4-4660-82b5-509c54b15f2a"",""service"":""4978aa94-666c-47c7-8024-3ada55195a51"",""deployment"":""b4365154-eadc-4c11-b568-5a096850e705"",""replica"":""56b3bc11-84b5-4316-abf1-2dec254f4739""}",2026-03-27T23:55:25.220050902Z
"  hostname: 'web.whatsapp.com',",info,"{""level"":""info""}","{""project"":""ce3616d9-58ad-4ec7-a294-1821e1564434"",""environment"":""fb6513d0-42a4-4660-82b5-509c54b15f2a"",""service"":""4978aa94-666c-47c7-8024-3ada55195a51"",""deployment"":""b4365154-eadc-4c11-b568-5a096850e705"",""replica"":""56b3bc11-84b5-4316-abf1-2dec254f4739""}",2026-03-27T23:55:25.220060509Z
"  port: '',",info,"{""level"":""info""}","{""project"":""ce3616d9-58ad-4ec7-a294-1821e1564434"",""environment"":""fb6513d0-42a4-4660-82b5-509c54b15f2a"",""service"":""4978aa94-666c-47c7-8024-3ada55195a51"",""deployment"":""b4365154-eadc-4c11-b568-5a096850e705"",""replica"":""56b3bc11-84b5-4316-abf1-2dec254f4739""}",2026-03-27T23:55:25.220066054Z
"  pathname: '/ws/chat',",info,"{""level"":""info""}","{""project"":""ce3616d9-58ad-4ec7-a294-1821e1564434"",""environment"":""fb6513d0-42a4-4660-82b5-509c54b15f2a"",""service"":""4978aa94-666c-47c7-8024-3ada55195a51"",""deployment"":""b4365154-eadc-4c11-b568-5a096850e705"",""replica"":""56b3bc11-84b5-4316-abf1-2dec254f4739""}",2026-03-27T23:55:25.220071752Z
"  search: '',",info,"{""level"":""info""}","{""project"":""ce3616d9-58ad-4ec7-a294-1821e1564434"",""environment"":""fb6513d0-42a4-4660-82b5-509c54b15f2a"",""service"":""4978aa94-666c-47c7-8024-3ada55195a51"",""deployment"":""b4365154-eadc-4c11-b568-5a096850e705"",""replica"":""56b3bc11-84b5-4316-abf1-2dec254f4739""}",2026-03-27T23:55:25.220077784Z
"  searchParams: URLSearchParams {},",info,"{""level"":""info""}","{""project"":""ce3616d9-58ad-4ec7-a294-1821e1564434"",""environment"":""fb6513d0-42a4-4660-82b5-509c54b15f2a"",""service"":""4978aa94-666c-47c7-8024-3ada55195a51"",""deployment"":""b4365154-eadc-4c11-b568-5a096850e705"",""replica"":""56b3bc11-84b5-4316-abf1-2dec254f4739""}",2026-03-27T23:55:25.220084337Z
  hash: '',info,"{""level"":""info""}","{""project"":""ce3616d9-58ad-4ec7-a294-1821e1564434"",""environment"":""fb6513d0-42a4-4660-82b5-509c54b15f2a"",""service"":""4978aa94-666c-47c7-8024-3ada55195a51"",""deployment"":""b4365154-eadc-4c11-b568-5a096850e705"",""replica"":""56b3bc11-84b5-4316-abf1-2dec254f4739""}",2026-03-27T23:55:25.220090939Z
},info,"{""level"":""info""}","{""project"":""ce3616d9-58ad-4ec7-a294-1821e1564434"",""environment"":""fb6513d0-42a4-4660-82b5-509c54b15f2a"",""service"":""4978aa94-666c-47c7-8024-3ada55195a51"",""deployment"":""b4365154-eadc-4c11-b568-5a096850e705"",""replica"":""56b3bc11-84b5-4316-abf1-2dec254f4739""}",2026-03-27T23:55:25.220096751Z
[SESSION] ✅ Retrieved account from map: akunsatu,info,"{""level"":""info""}","{""project"":""ce3616d9-58ad-4ec7-a294-1821e1564434"",""environment"":""fb6513d0-42a4-4660-82b5-509c54b15f2a"",""service"":""4978aa94-666c-47c7-8024-3ada55195a51"",""deployment"":""b4365154-eadc-4c11-b568-5a096850e705"",""replica"":""56b3bc11-84b5-4316-abf1-2dec254f4739""}",2026-03-27T23:55:25.220103073Z
==========================================,info,"{""level"":""info""}","{""project"":""ce3616d9-58ad-4ec7-a294-1821e1564434"",""environment"":""fb6513d0-42a4-4660-82b5-509c54b15f2a"",""service"":""4978aa94-666c-47c7-8024-3ada55195a51"",""deployment"":""b4365154-eadc-4c11-b568-5a096850e705"",""replica"":""56b3bc11-84b5-4316-abf1-2dec254f4739""}",2026-03-27T23:55:25.220109262Z
[CONNECTION UPDATE] ✅ EVENT RECEIVED! {,info,"{""level"":""info""}","{""project"":""ce3616d9-58ad-4ec7-a294-1821e1564434"",""environment"":""fb6513d0-42a4-4660-82b5-509c54b15f2a"",""service"":""4978aa94-666c-47c7-8024-3ada55195a51"",""deployment"":""b4365154-eadc-4c11-b568-5a096850e705"",""replica"":""56b3bc11-84b5-4316-abf1-2dec254f4739""}",2026-03-27T23:55:25.220115066Z
"  accountId: 'akunsatu',",info,"{""level"":""info""}","{""project"":""ce3616d9-58ad-4ec7-a294-1821e1564434"",""environment"":""fb6513d0-42a4-4660-82b5-509c54b15f2a"",""service"":""4978aa94-666c-47c7-8024-3ada55195a51"",""deployment"":""b4365154-eadc-4c11-b568-5a096850e705"",""replica"":""56b3bc11-84b5-4316-abf1-2dec254f4739""}",2026-03-27T23:55:25.220120405Z
"  connection: 'connecting',",info,"{""level"":""info""}","{""project"":""ce3616d9-58ad-4ec7-a294-1821e1564434"",""environment"":""fb6513d0-42a4-4660-82b5-509c54b15f2a"",""service"":""4978aa94-666c-47c7-8024-3ada55195a51"",""deployment"":""b4365154-eadc-4c11-b568-5a096850e705"",""replica"":""56b3bc11-84b5-4316-abf1-2dec254f4739""}",2026-03-27T23:55:25.220125597Z
"  hasQr: false,",info,"{""level"":""info""}","{""project"":""ce3616d9-58ad-4ec7-a294-1821e1564434"",""environment"":""fb6513d0-42a4-4660-82b5-509c54b15f2a"",""service"":""4978aa94-666c-47c7-8024-3ada55195a51"",""deployment"":""b4365154-eadc-4c11-b568-5a096850e705"",""replica"":""56b3bc11-84b5-4316-abf1-2dec254f4739""}",2026-03-27T23:55:25.220130781Z
"  qrPreview: null,",info,"{""level"":""info""}","{""project"":""ce3616d9-58ad-4ec7-a294-1821e1564434"",""environment"":""fb6513d0-42a4-4660-82b5-509c54b15f2a"",""service"":""4978aa94-666c-47c7-8024-3ada55195a51"",""deployment"":""b4365154-eadc-4c11-b568-5a096850e705"",""replica"":""56b3bc11-84b5-4316-abf1-2dec254f4739""}",2026-03-27T23:55:25.220136506Z
  isNewLogin: undefined,info,"{""level"":""info""}","{""project"":""ce3616d9-58ad-4ec7-a294-1821e1564434"",""environment"":""fb6513d0-42a4-4660-82b5-509c54b15f2a"",""service"":""4978aa94-666c-47c7-8024-3ada55195a51"",""deployment"":""b4365154-eadc-4c11-b568-5a096850e705"",""replica"":""56b3bc11-84b5-4316-abf1-2dec254f4739""}",2026-03-27T23:55:25.220142014Z
},info,"{""level"":""info""}","{""project"":""ce3616d9-58ad-4ec7-a294-1821e1564434"",""environment"":""fb6513d0-42a4-4660-82b5-509c54b15f2a"",""service"":""4978aa94-666c-47c7-8024-3ada55195a51"",""deployment"":""b4365154-eadc-4c11-b568-5a096850e705"",""replica"":""56b3bc11-84b5-4316-abf1-2dec254f4739""}",2026-03-27T23:55:25.220147805Z
==========================================,info,"{""level"":""info""}","{""project"":""ce3616d9-58ad-4ec7-a294-1821e1564434"",""environment"":""fb6513d0-42a4-4660-82b5-509c54b15f2a"",""service"":""4978aa94-666c-47c7-8024-3ada55195a51"",""deployment"":""b4365154-eadc-4c11-b568-5a096850e705"",""replica"":""56b3bc11-84b5-4316-abf1-2dec254f4739""}",2026-03-27T23:55:25.220153250Z
connected to WA,info,"{""time"":1774655718143,""pid"":94,""hostname"":""9a45ddc40bc4"",""browser"":[""Mac OS"",""Chrome"",""14.4.1""],""helloMsg"":{""clientHello"":{""ephemeral"":""861FvzkAKOu2J2gN6027hzGGqvUBulJFP1aBbHoL0x4=""}},""level"":""info""}","{""project"":""ce3616d9-58ad-4ec7-a294-1821e1564434"",""environment"":""fb6513d0-42a4-4660-82b5-509c54b15f2a"",""service"":""4978aa94-666c-47c7-8024-3ada55195a51"",""deployment"":""b4365154-eadc-4c11-b568-5a096850e705"",""replica"":""56b3bc11-84b5-4316-abf1-2dec254f4739""}",2026-03-27T23:55:25.220158663Z
[WS NATIVE SEND] Sending for akunsatu type: object preview: V0EGAwAAJBIiCiDzrUW/OQAo67YnaA3rTbuHMYaq9QG6UkU/VoFsegvTHg==,info,"{""level"":""info""}","{""project"":""ce3616d9-58ad-4ec7-a294-1821e1564434"",""environment"":""fb6513d0-42a4-4660-82b5-509c54b15f2a"",""service"":""4978aa94-666c-47c7-8024-3ada55195a51"",""deployment"":""b4365154-eadc-4c11-b568-5a096850e705"",""replica"":""56b3bc11-84b5-4316-abf1-2dec254f4739""}",2026-03-27T23:55:25.220164236Z
[WS NATIVE OPEN] Native WebSocket opened for akunsatu,info,"{""level"":""info""}","{""project"":""ce3616d9-58ad-4ec7-a294-1821e1564434"",""environment"":""fb6513d0-42a4-4660-82b5-509c54b15f2a"",""service"":""4978aa94-666c-47c7-8024-3ada55195a51"",""deployment"":""b4365154-eadc-4c11-b568-5a096850e705"",""replica"":""56b3bc11-84b5-4316-abf1-2dec254f4739""}",2026-03-27T23:55:25.220169852Z
[WS NATIVE MESSAGE] Received for akunsatu binary: true len: 350 preview: AAFbGtgCCiB0bFrOJi35fxg4Pu08WEJOAVYsJ7nCHdqP19tmETdrahIwobZSorccDds=...,info,"{""level"":""info""}","{""project"":""ce3616d9-58ad-4ec7-a294-1821e1564434"",""environment"":""fb6513d0-42a4-4660-82b5-509c54b15f2a"",""service"":""4978aa94-666c-47c7-8024-3ada55195a51"",""deployment"":""b4365154-eadc-4c11-b568-5a096850e705"",""replica"":""56b3bc11-84b5-4316-abf1-2dec254f4739""}",2026-03-27T23:55:25.220177232Z
[WS NATIVE SEND] Sending for akunsatu type: object preview: AAFcItkCCjB2ECF1OtiM19K5aWRk/yxVcEeYsyPs/krmCTx33dIFCu2QdIfFF/ZYI+A=,info,"{""level"":""info""}","{""project"":""ce3616d9-58ad-4ec7-a294-1821e1564434"",""environment"":""fb6513d0-42a4-4660-82b5-509c54b15f2a"",""service"":""4978aa94-666c-47c7-8024-3ada55195a51"",""deployment"":""b4365154-eadc-4c11-b568-5a096850e705"",""replica"":""56b3bc11-84b5-4316-abf1-2dec254f4739""}",2026-03-27T23:55:25.224816181Z
[WS NATIVE MESSAGE] Received for akunsatu binary: true len: 698 preview: AAK3rjI1f0SEbLVJcWAfOVQKx7p82h4ALkOYniIIA4ZZt8ioc0RMKd/6n2ju2jaGI70=...,info,"{""level"":""info""}","{""project"":""ce3616d9-58ad-4ec7-a294-1821e1564434"",""environment"":""fb6513d0-42a4-4660-82b5-509c54b15f2a"",""service"":""4978aa94-666c-47c7-8024-3ada55195a51"",""deployment"":""b4365154-eadc-4c11-b568-5a096850e705"",""replica"":""56b3bc11-84b5-4316-abf1-2dec254f4739""}",2026-03-27T23:55:25.224831353Z
[WS NATIVE SEND] Sending for akunsatu type: object preview: AAAiKF0rZlJqNLq9ZBbOqSTsFZFOWjeyarSX/dxTw08Nqi7f9g==,info,"{""level"":""info""}","{""project"":""ce3616d9-58ad-4ec7-a294-1821e1564434"",""environment"":""fb6513d0-42a4-4660-82b5-509c54b15f2a"",""service"":""4978aa94-666c-47c7-8024-3ada55195a51"",""deployment"":""b4365154-eadc-4c11-b568-5a096850e705"",""replica"":""56b3bc11-84b5-4316-abf1-2dec254f4739""}",2026-03-27T23:55:25.224838559Z
==========================================,info,"{""level"":""info""}","{""project"":""ce3616d9-58ad-4ec7-a294-1821e1564434"",""environment"":""fb6513d0-42a4-4660-82b5-509c54b15f2a"",""service"":""4978aa94-666c-47c7-8024-3ada55195a51"",""deployment"":""b4365154-eadc-4c11-b568-5a096850e705"",""replica"":""56b3bc11-84b5-4316-abf1-2dec254f4739""}",2026-03-27T23:55:25.224844797Z
[CONNECTION UPDATE] ✅ EVENT RECEIVED! {,info,"{""level"":""info""}","{""project"":""ce3616d9-58ad-4ec7-a294-1821e1564434"",""environment"":""fb6513d0-42a4-4660-82b5-509c54b15f2a"",""service"":""4978aa94-666c-47c7-8024-3ada55195a51"",""deployment"":""b4365154-eadc-4c11-b568-5a096850e705"",""replica"":""56b3bc11-84b5-4316-abf1-2dec254f4739""}",2026-03-27T23:55:25.224850245Z
"  accountId: 'akunsatu',",info,"{""level"":""info""}","{""project"":""ce3616d9-58ad-4ec7-a294-1821e1564434"",""environment"":""fb6513d0-42a4-4660-82b5-509c54b15f2a"",""service"":""4978aa94-666c-47c7-8024-3ada55195a51"",""deployment"":""b4365154-eadc-4c11-b568-5a096850e705"",""replica"":""56b3bc11-84b5-4316-abf1-2dec254f4739""}",2026-03-27T23:55:25.224856692Z
"  connection: undefined,",info,"{""level"":""info""}","{""project"":""ce3616d9-58ad-4ec7-a294-1821e1564434"",""environment"":""fb6513d0-42a4-4660-82b5-509c54b15f2a"",""service"":""4978aa94-666c-47c7-8024-3ada55195a51"",""deployment"":""b4365154-eadc-4c11-b568-5a096850e705"",""replica"":""56b3bc11-84b5-4316-abf1-2dec254f4739""}",2026-03-27T23:55:25.224862684Z
"  hasQr: true,",info,"{""level"":""info""}","{""project"":""ce3616d9-58ad-4ec7-a294-1821e1564434"",""environment"":""fb6513d0-42a4-4660-82b5-509c54b15f2a"",""service"":""4978aa94-666c-47c7-8024-3ada55195a51"",""deployment"":""b4365154-eadc-4c11-b568-5a096850e705"",""replica"":""56b3bc11-84b5-4316-abf1-2dec254f4739""}",2026-03-27T23:55:25.224868175Z
"  qrPreview: '2@gBhXFpani/5Ah34yZUg/d3b7KCMwzhYWUGqN19ZoUc0YmX//...',",info,"{""level"":""info""}","{""project"":""ce3616d9-58ad-4ec7-a294-1821e1564434"",""environment"":""fb6513d0-42a4-4660-82b5-509c54b15f2a"",""service"":""4978aa94-666c-47c7-8024-3ada55195a51"",""deployment"":""b4365154-eadc-4c11-b568-5a096850e705"",""replica"":""56b3bc11-84b5-4316-abf1-2dec254f4739""}",2026-03-27T23:55:25.224875838Z
  isNewLogin: undefined,info,"{""level"":""info""}","{""project"":""ce3616d9-58ad-4ec7-a294-1821e1564434"",""environment"":""fb6513d0-42a4-4660-82b5-509c54b15f2a"",""service"":""4978aa94-666c-47c7-8024-3ada55195a51"",""deployment"":""b4365154-eadc-4c11-b568-5a096850e705"",""replica"":""56b3bc11-84b5-4316-abf1-2dec254f4739""}",2026-03-27T23:55:25.224881709Z
},info,"{""level"":""info""}","{""project"":""ce3616d9-58ad-4ec7-a294-1821e1564434"",""environment"":""fb6513d0-42a4-4660-82b5-509c54b15f2a"",""service"":""4978aa94-666c-47c7-8024-3ada55195a51"",""deployment"":""b4365154-eadc-4c11-b568-5a096850e705"",""replica"":""56b3bc11-84b5-4316-abf1-2dec254f4739""}",2026-03-27T23:55:25.224887321Z
==========================================,info,"{""level"":""info""}","{""project"":""ce3616d9-58ad-4ec7-a294-1821e1564434"",""environment"":""fb6513d0-42a4-4660-82b5-509c54b15f2a"",""service"":""4978aa94-666c-47c7-8024-3ada55195a51"",""deployment"":""b4365154-eadc-4c11-b568-5a096850e705"",""replica"":""56b3bc11-84b5-4316-abf1-2dec254f4739""}",2026-03-27T23:55:25.224893619Z
[QR] 🎯 QR code received for: akunsatu,info,"{""level"":""info""}","{""project"":""ce3616d9-58ad-4ec7-a294-1821e1564434"",""environment"":""fb6513d0-42a4-4660-82b5-509c54b15f2a"",""service"":""4978aa94-666c-47c7-8024-3ada55195a51"",""deployment"":""b4365154-eadc-4c11-b568-5a096850e705"",""replica"":""56b3bc11-84b5-4316-abf1-2dec254f4739""}",2026-03-27T23:55:25.224900573Z
[QR] QR length: 237,info,"{""level"":""info""}","{""project"":""ce3616d9-58ad-4ec7-a294-1821e1564434"",""environment"":""fb6513d0-42a4-4660-82b5-509c54b15f2a"",""service"":""4978aa94-666c-47c7-8024-3ada55195a51"",""deployment"":""b4365154-eadc-4c11-b568-5a096850e705"",""replica"":""56b3bc11-84b5-4316-abf1-2dec254f4739""}",2026-03-27T23:55:25.224906008Z
[QR] Converting QR to data URL...,info,"{""level"":""info""}","{""project"":""ce3616d9-58ad-4ec7-a294-1821e1564434"",""environment"":""fb6513d0-42a4-4660-82b5-509c54b15f2a"",""service"":""4978aa94-666c-47c7-8024-3ada55195a51"",""deployment"":""b4365154-eadc-4c11-b568-5a096850e705"",""replica"":""56b3bc11-84b5-4316-abf1-2dec254f4739""}",2026-03-27T23:55:25.224916874Z
"[QR] ✅ QR converted, length: 6374",info,"{""level"":""info""}","{""project"":""ce3616d9-58ad-4ec7-a294-1821e1564434"",""environment"":""fb6513d0-42a4-4660-82b5-509c54b15f2a"",""service"":""4978aa94-666c-47c7-8024-3ada55195a51"",""deployment"":""b4365154-eadc-4c11-b568-5a096850e705"",""replica"":""56b3bc11-84b5-4316-abf1-2dec254f4739""}",2026-03-27T23:55:25.224927723Z
[DB] Synced 1 accounts to database,info,"{""level"":""info""}","{""project"":""ce3616d9-58ad-4ec7-a294-1821e1564434"",""environment"":""fb6513d0-42a4-4660-82b5-509c54b15f2a"",""service"":""4978aa94-666c-47c7-8024-3ada55195a51"",""deployment"":""b4365154-eadc-4c11-b568-5a096850e705"",""replica"":""56b3bc11-84b5-4316-abf1-2dec254f4739""}",2026-03-27T23:55:25.224935747Z
[NETWORK] HTTPS test TIMEOUT,info,"{""level"":""info""}","{""project"":""ce3616d9-58ad-4ec7-a294-1821e1564434"",""environment"":""fb6513d0-42a4-4660-82b5-509c54b15f2a"",""service"":""4978aa94-666c-47c7-8024-3ada55195a51"",""deployment"":""b4365154-eadc-4c11-b568-5a096850e705"",""replica"":""56b3bc11-84b5-4316-abf1-2dec254f4739""}",2026-03-27T23:55:28.606826859Z
[WS NATIVE SEND] Sending for akunsatu type: object preview: AAAr0YknFw4lCNNeIsUcdibFtPzkYv7yi9FF7UPbBJ0OewJEscsdaR7R1gs8wg==,info,"{""level"":""info""}","{""project"":""ce3616d9-58ad-4ec7-a294-1821e1564434"",""environment"":""fb6513d0-42a4-4660-82b5-509c54b15f2a"",""service"":""4978aa94-666c-47c7-8024-3ada55195a51"",""deployment"":""b4365154-eadc-4c11-b568-5a096850e705"",""replica"":""56b3bc11-84b5-4316-abf1-2dec254f4739""}",2026-03-27T23:55:48.779948701Z
[WS NATIVE MESSAGE] Received for akunsatu binary: true len: 47 preview: AAAsReQtEBdBg5htv8ReSJWnYDiwnUUwvukCalQsfLH7LVvjZtjjig3ozGaHHTc=,info,"{""level"":""info""}","{""project"":""ce3616d9-58ad-4ec7-a294-1821e1564434"",""environment"":""fb6513d0-42a4-4660-82b5-509c54b15f2a"",""service"":""4978aa94-666c-47c7-8024-3ada55195a51"",""deployment"":""b4365154-eadc-4c11-b568-5a096850e705"",""replica"":""56b3bc11-84b5-4316-abf1-2dec254f4739""}",2026-03-27T23:55:48.779954223Z
[WS NATIVE MESSAGE] Received for akunsatu binary: true len: 297 preview: AAEmkVyIUiVK0jCyJG+qXStJozSSHToK4mRYMyxRfacZpmhk2RQQLj+AGyRAfKcHSeg=...,info,"{""level"":""info""}","{""project"":""ce3616d9-58ad-4ec7-a294-1821e1564434"",""environment"":""fb6513d0-42a4-4660-82b5-509c54b15f2a"",""service"":""4978aa94-666c-47c7-8024-3ada55195a51"",""deployment"":""b4365154-eadc-4c11-b568-5a096850e705"",""replica"":""56b3bc11-84b5-4316-abf1-2dec254f4739""}",2026-03-27T23:55:48.832976925Z
pair success recv,info,"{""time"":1774655748829,""pid"":94,""hostname"":""9a45ddc40bc4"",""level"":""info""}","{""project"":""ce3616d9-58ad-4ec7-a294-1821e1564434"",""environment"":""fb6513d0-42a4-4660-82b5-509c54b15f2a"",""service"":""4978aa94-666c-47c7-8024-3ada55195a51"",""deployment"":""b4365154-eadc-4c11-b568-5a096850e705"",""replica"":""56b3bc11-84b5-4316-abf1-2dec254f4739""}",2026-03-27T23:55:48.832984210Z
[WS NATIVE SEND] Sending for akunsatu type: object preview: AAAbjS1zN8QVXy3TafXuXg4DBD13A7hbbQ0cvghD,info,"{""level"":""info""}","{""project"":""ce3616d9-58ad-4ec7-a294-1821e1564434"",""environment"":""fb6513d0-42a4-4660-82b5-509c54b15f2a"",""service"":""4978aa94-666c-47c7-8024-3ada55195a51"",""deployment"":""b4365154-eadc-4c11-b568-5a096850e705"",""replica"":""56b3bc11-84b5-4316-abf1-2dec254f4739""}",2026-03-27T23:55:48.873056023Z
"  hasQr: false,",info,"{""level"":""info""}","{""project"":""ce3616d9-58ad-4ec7-a294-1821e1564434"",""environment"":""fb6513d0-42a4-4660-82b5-509c54b15f2a"",""service"":""4978aa94-666c-47c7-8024-3ada55195a51"",""deployment"":""b4365154-eadc-4c11-b568-5a096850e705"",""replica"":""56b3bc11-84b5-4316-abf1-2dec254f4739""}",2026-03-27T23:55:48.873056717Z
==========================================,info,"{""level"":""info""}","{""project"":""ce3616d9-58ad-4ec7-a294-1821e1564434"",""environment"":""fb6513d0-42a4-4660-82b5-509c54b15f2a"",""service"":""4978aa94-666c-47c7-8024-3ada55195a51"",""deployment"":""b4365154-eadc-4c11-b568-5a096850e705"",""replica"":""56b3bc11-84b5-4316-abf1-2dec254f4739""}",2026-03-27T23:55:48.873065372Z
"  qrPreview: null,",info,"{""level"":""info""}","{""project"":""ce3616d9-58ad-4ec7-a294-1821e1564434"",""environment"":""fb6513d0-42a4-4660-82b5-509c54b15f2a"",""service"":""4978aa94-666c-47c7-8024-3ada55195a51"",""deployment"":""b4365154-eadc-4c11-b568-5a096850e705"",""replica"":""56b3bc11-84b5-4316-abf1-2dec254f4739""}",2026-03-27T23:55:48.873068632Z
[CONNECTION UPDATE] ✅ EVENT RECEIVED! {,info,"{""level"":""info""}","{""project"":""ce3616d9-58ad-4ec7-a294-1821e1564434"",""environment"":""fb6513d0-42a4-4660-82b5-509c54b15f2a"",""service"":""4978aa94-666c-47c7-8024-3ada55195a51"",""deployment"":""b4365154-eadc-4c11-b568-5a096850e705"",""replica"":""56b3bc11-84b5-4316-abf1-2dec254f4739""}",2026-03-27T23:55:48.873072178Z
  isNewLogin: true,info,"{""level"":""info""}","{""project"":""ce3616d9-58ad-4ec7-a294-1821e1564434"",""environment"":""fb6513d0-42a4-4660-82b5-509c54b15f2a"",""service"":""4978aa94-666c-47c7-8024-3ada55195a51"",""deployment"":""b4365154-eadc-4c11-b568-5a096850e705"",""replica"":""56b3bc11-84b5-4316-abf1-2dec254f4739""}",2026-03-27T23:55:48.873077919Z
"  accountId: 'akunsatu',",info,"{""level"":""info""}","{""project"":""ce3616d9-58ad-4ec7-a294-1821e1564434"",""environment"":""fb6513d0-42a4-4660-82b5-509c54b15f2a"",""service"":""4978aa94-666c-47c7-8024-3ada55195a51"",""deployment"":""b4365154-eadc-4c11-b568-5a096850e705"",""replica"":""56b3bc11-84b5-4316-abf1-2dec254f4739""}",2026-03-27T23:55:48.873080354Z
"  connection: undefined,",info,"{""level"":""info""}","{""project"":""ce3616d9-58ad-4ec7-a294-1821e1564434"",""environment"":""fb6513d0-42a4-4660-82b5-509c54b15f2a"",""service"":""4978aa94-666c-47c7-8024-3ada55195a51"",""deployment"":""b4365154-eadc-4c11-b568-5a096850e705"",""replica"":""56b3bc11-84b5-4316-abf1-2dec254f4739""}",2026-03-27T23:55:48.873086574Z
},info,"{""level"":""info""}","{""project"":""ce3616d9-58ad-4ec7-a294-1821e1564434"",""environment"":""fb6513d0-42a4-4660-82b5-509c54b15f2a"",""service"":""4978aa94-666c-47c7-8024-3ada55195a51"",""deployment"":""b4365154-eadc-4c11-b568-5a096850e705"",""replica"":""56b3bc11-84b5-4316-abf1-2dec254f4739""}",2026-03-27T23:55:48.873088492Z
==========================================,info,"{""level"":""info""}","{""project"":""ce3616d9-58ad-4ec7-a294-1821e1564434"",""environment"":""fb6513d0-42a4-4660-82b5-509c54b15f2a"",""service"":""4978aa94-666c-47c7-8024-3ada55195a51"",""deployment"":""b4365154-eadc-4c11-b568-5a096850e705"",""replica"":""56b3bc11-84b5-4316-abf1-2dec254f4739""}",2026-03-27T23:55:48.873101992Z
[WS NATIVE SEND] Sending for akunsatu type: object preview: AADZsmyaE6GVzoaRAYJqAWJO9yV5X1JNFvOSmUkxu4dvUbMVGAzzOcdFnibzw3uBOfw=,info,"{""level"":""info""}","{""project"":""ce3616d9-58ad-4ec7-a294-1821e1564434"",""environment"":""fb6513d0-42a4-4660-82b5-509c54b15f2a"",""service"":""4978aa94-666c-47c7-8024-3ada55195a51"",""deployment"":""b4365154-eadc-4c11-b568-5a096850e705"",""replica"":""56b3bc11-84b5-4316-abf1-2dec254f4739""}",2026-03-27T23:55:48.873109542Z
"pairing configured successfully, expect to restart the connection...",info,"{""time"":1774655748861,""pid"":94,""hostname"":""9a45ddc40bc4"",""me"":{""id"":""6288267047790:2@s.whatsapp.net"",""name"":""ryan""},""platform"":""smba"",""level"":""info""}","{""project"":""ce3616d9-58ad-4ec7-a294-1821e1564434"",""environment"":""fb6513d0-42a4-4660-82b5-509c54b15f2a"",""service"":""4978aa94-666c-47c7-8024-3ada55195a51"",""deployment"":""b4365154-eadc-4c11-b568-5a096850e705"",""replica"":""56b3bc11-84b5-4316-abf1-2dec254f4739""}",2026-03-27T23:55:48.875135730Z
updated pushName,info,"{""time"":1774655748862,""pid"":94,""hostname"":""9a45ddc40bc4"",""name"":""ryan"",""level"":""info""}","{""project"":""ce3616d9-58ad-4ec7-a294-1821e1564434"",""environment"":""fb6513d0-42a4-4660-82b5-509c54b15f2a"",""service"":""4978aa94-666c-47c7-8024-3ada55195a51"",""deployment"":""b4365154-eadc-4c11-b568-5a096850e705"",""replica"":""56b3bc11-84b5-4316-abf1-2dec254f4739""}",2026-03-27T23:55:48.875152056Z
[WS NATIVE MESSAGE] Received for akunsatu binary: true len: 52 preview: AAAayZGhqm6cQZwbwVQ3k+rnZYoia3J/ylLSdnIAABREoDcLFLdPTQz5KaC5v/IbKVY=...,info,"{""level"":""info""}","{""project"":""ce3616d9-58ad-4ec7-a294-1821e1564434"",""environment"":""fb6513d0-42a4-4660-82b5-509c54b15f2a"",""service"":""4978aa94-666c-47c7-8024-3ada55195a51"",""deployment"":""b4365154-eadc-4c11-b568-5a096850e705"",""replica"":""56b3bc11-84b5-4316-abf1-2dec254f4739""}",2026-03-27T23:55:49.749551463Z
stream errored out,info,"{""time"":1774655749133,""pid"":94,""hostname"":""9a45ddc40bc4"",""node"":{""tag"":""stream:error"",""attrs"":{""code"":""515""}},""level"":""info""}","{""project"":""ce3616d9-58ad-4ec7-a294-1821e1564434"",""environment"":""fb6513d0-42a4-4660-82b5-509c54b15f2a"",""service"":""4978aa94-666c-47c7-8024-3ada55195a51"",""deployment"":""b4365154-eadc-4c11-b568-5a096850e705"",""replica"":""56b3bc11-84b5-4316-abf1-2dec254f4739""}",2026-03-27T23:55:49.749561576Z
==========================================,info,"{""level"":""info""}","{""project"":""ce3616d9-58ad-4ec7-a294-1821e1564434"",""environment"":""fb6513d0-42a4-4660-82b5-509c54b15f2a"",""service"":""4978aa94-666c-47c7-8024-3ada55195a51"",""deployment"":""b4365154-eadc-4c11-b568-5a096850e705"",""replica"":""56b3bc11-84b5-4316-abf1-2dec254f4739""}",2026-03-27T23:55:49.749566518Z
[CONNECTION UPDATE] ✅ EVENT RECEIVED! {,info,"{""level"":""info""}","{""project"":""ce3616d9-58ad-4ec7-a294-1821e1564434"",""environment"":""fb6513d0-42a4-4660-82b5-509c54b15f2a"",""service"":""4978aa94-666c-47c7-8024-3ada55195a51"",""deployment"":""b4365154-eadc-4c11-b568-5a096850e705"",""replica"":""56b3bc11-84b5-4316-abf1-2dec254f4739""}",2026-03-27T23:55:49.749572846Z
"  accountId: 'akunsatu',",info,"{""level"":""info""}","{""project"":""ce3616d9-58ad-4ec7-a294-1821e1564434"",""environment"":""fb6513d0-42a4-4660-82b5-509c54b15f2a"",""service"":""4978aa94-666c-47c7-8024-3ada55195a51"",""deployment"":""b4365154-eadc-4c11-b568-5a096850e705"",""replica"":""56b3bc11-84b5-4316-abf1-2dec254f4739""}",2026-03-27T23:55:49.749578884Z
"  connection: 'close',",info,"{""level"":""info""}","{""project"":""ce3616d9-58ad-4ec7-a294-1821e1564434"",""environment"":""fb6513d0-42a4-4660-82b5-509c54b15f2a"",""service"":""4978aa94-666c-47c7-8024-3ada55195a51"",""deployment"":""b4365154-eadc-4c11-b568-5a096850e705"",""replica"":""56b3bc11-84b5-4316-abf1-2dec254f4739""}",2026-03-27T23:55:49.749584618Z
"  hasQr: false,",info,"{""level"":""info""}","{""project"":""ce3616d9-58ad-4ec7-a294-1821e1564434"",""environment"":""fb6513d0-42a4-4660-82b5-509c54b15f2a"",""service"":""4978aa94-666c-47c7-8024-3ada55195a51"",""deployment"":""b4365154-eadc-4c11-b568-5a096850e705"",""replica"":""56b3bc11-84b5-4316-abf1-2dec254f4739""}",2026-03-27T23:55:49.749591250Z
"  qrPreview: null,",info,"{""level"":""info""}","{""project"":""ce3616d9-58ad-4ec7-a294-1821e1564434"",""environment"":""fb6513d0-42a4-4660-82b5-509c54b15f2a"",""service"":""4978aa94-666c-47c7-8024-3ada55195a51"",""deployment"":""b4365154-eadc-4c11-b568-5a096850e705"",""replica"":""56b3bc11-84b5-4316-abf1-2dec254f4739""}",2026-03-27T23:55:49.749596914Z
  isNewLogin: undefined,info,"{""level"":""info""}","{""project"":""ce3616d9-58ad-4ec7-a294-1821e1564434"",""environment"":""fb6513d0-42a4-4660-82b5-509c54b15f2a"",""service"":""4978aa94-666c-47c7-8024-3ada55195a51"",""deployment"":""b4365154-eadc-4c11-b568-5a096850e705"",""replica"":""56b3bc11-84b5-4316-abf1-2dec254f4739""}",2026-03-27T23:55:49.749602737Z
},info,"{""level"":""info""}","{""project"":""ce3616d9-58ad-4ec7-a294-1821e1564434"",""environment"":""fb6513d0-42a4-4660-82b5-509c54b15f2a"",""service"":""4978aa94-666c-47c7-8024-3ada55195a51"",""deployment"":""b4365154-eadc-4c11-b568-5a096850e705"",""replica"":""56b3bc11-84b5-4316-abf1-2dec254f4739""}",2026-03-27T23:55:49.749609416Z
==========================================,info,"{""level"":""info""}","{""project"":""ce3616d9-58ad-4ec7-a294-1821e1564434"",""environment"":""fb6513d0-42a4-4660-82b5-509c54b15f2a"",""service"":""4978aa94-666c-47c7-8024-3ada55195a51"",""deployment"":""b4365154-eadc-4c11-b568-5a096850e705"",""replica"":""56b3bc11-84b5-4316-abf1-2dec254f4739""}",2026-03-27T23:55:49.749615203Z
[CONNECTION] ❌ Disconnected: akunsatu code: 515 error: Stream Errored (restart required),info,"{""level"":""info""}","{""project"":""ce3616d9-58ad-4ec7-a294-1821e1564434"",""environment"":""fb6513d0-42a4-4660-82b5-509c54b15f2a"",""service"":""4978aa94-666c-47c7-8024-3ada55195a51"",""deployment"":""b4365154-eadc-4c11-b568-5a096850e705"",""replica"":""56b3bc11-84b5-4316-abf1-2dec254f4739""}",2026-03-27T23:55:49.749620303Z
connection errored,info,"{""time"":1774655749134,""pid"":94,""hostname"":""9a45ddc40bc4"",""trace"":""Error: Stream Errored (restart required)\n    at WebSocketClient.<anonymous> (/app/mini-services/whatsapp-service/node_modules/@whiskeysockets/baileys/src/Socket/socket.ts:648:7)\n    at WebSocketClient.emit (node:events:519:28)\n    at <anonymous> (/app/mini-services/whatsapp-service/node_modules/@whiskeysockets/baileys/src/Socket/socket.ts:327:23)\n    at Object.decodeFrame (/app/mini-services/whatsapp-service/node_modules/@whiskeysockets/baileys/src/Utils/noise-handler.ts:187:5)\n    at process.processTicksAndRejections (node:internal/process/task_queues:105:5)"",""level"":""info""}","{""project"":""ce3616d9-58ad-4ec7-a294-1821e1564434"",""environment"":""fb6513d0-42a4-4660-82b5-509c54b15f2a"",""service"":""4978aa94-666c-47c7-8024-3ada55195a51"",""deployment"":""b4365154-eadc-4c11-b568-5a096850e705"",""replica"":""56b3bc11-84b5-4316-abf1-2dec254f4739""}",2026-03-27T23:55:49.749625172Z
[WS NATIVE MESSAGE] Received for akunsatu binary: true len: 4 preview: iAID8w==,info,"{""level"":""info""}","{""project"":""ce3616d9-58ad-4ec7-a294-1821e1564434"",""environment"":""fb6513d0-42a4-4660-82b5-509c54b15f2a"",""service"":""4978aa94-666c-47c7-8024-3ada55195a51"",""deployment"":""b4365154-eadc-4c11-b568-5a096850e705"",""replica"":""56b3bc11-84b5-4316-abf1-2dec254f4739""}",2026-03-27T23:55:49.749630499Z
[WS NATIVE CLOSE] Native WebSocket closed for akunsatu code: 1006 reason: ,info,"{""level"":""info""}","{""project"":""ce3616d9-58ad-4ec7-a294-1821e1564434"",""environment"":""fb6513d0-42a4-4660-82b5-509c54b15f2a"",""service"":""4978aa94-666c-47c7-8024-3ada55195a51"",""deployment"":""b4365154-eadc-4c11-b568-5a096850e705"",""replica"":""56b3bc11-84b5-4316-abf1-2dec254f4739""}",2026-03-27T23:55:49.749636191Z
[DB] Synced 1 accounts to database,info,"{""level"":""info""}","{""project"":""ce3616d9-58ad-4ec7-a294-1821e1564434"",""environment"":""fb6513d0-42a4-4660-82b5-509c54b15f2a"",""service"":""4978aa94-666c-47c7-8024-3ada55195a51"",""deployment"":""b4365154-eadc-4c11-b568-5a096850e705"",""replica"":""56b3bc11-84b5-4316-abf1-2dec254f4739""}",2026-03-27T23:55:51.900794041Z
==========================================,info,"{""level"":""info""}","{""project"":""ce3616d9-58ad-4ec7-a294-1821e1564434"",""environment"":""fb6513d0-42a4-4660-82b5-509c54b15f2a"",""service"":""4978aa94-666c-47c7-8024-3ada55195a51"",""deployment"":""b4365154-eadc-4c11-b568-5a096850e705"",""replica"":""56b3bc11-84b5-4316-abf1-2dec254f4739""}",2026-03-27T23:56:21.973109001Z
[START SESSION] Called with: {,info,"{""level"":""info""}","{""project"":""ce3616d9-58ad-4ec7-a294-1821e1564434"",""environment"":""fb6513d0-42a4-4660-82b5-509c54b15f2a"",""service"":""4978aa94-666c-47c7-8024-3ada55195a51"",""deployment"":""b4365154-eadc-4c11-b568-5a096850e705"",""replica"":""56b3bc11-84b5-4316-abf1-2dec254f4739""}",2026-03-27T23:56:21.973117357Z
[CLEAR SESSION] Session path: /app/mini-services/whatsapp-service/sessions/akunsatu,info,"{""level"":""info""}","{""project"":""ce3616d9-58ad-4ec7-a294-1821e1564434"",""environment"":""fb6513d0-42a4-4660-82b5-509c54b15f2a"",""service"":""4978aa94-666c-47c7-8024-3ada55195a51"",""deployment"":""b4365154-eadc-4c11-b568-5a096850e705"",""replica"":""56b3bc11-84b5-4316-abf1-2dec254f4739""}",2026-03-27T23:56:21.973122977Z
"  accountId: 'akunsatu',",info,"{""level"":""info""}","{""project"":""ce3616d9-58ad-4ec7-a294-1821e1564434"",""environment"":""fb6513d0-42a4-4660-82b5-509c54b15f2a"",""service"":""4978aa94-666c-47c7-8024-3ada55195a51"",""deployment"":""b4365154-eadc-4c11-b568-5a096850e705"",""replica"":""56b3bc11-84b5-4316-abf1-2dec254f4739""}",2026-03-27T23:56:21.973127830Z
[CLEAR SESSION] Session directory exists,info,"{""level"":""info""}","{""project"":""ce3616d9-58ad-4ec7-a294-1821e1564434"",""environment"":""fb6513d0-42a4-4660-82b5-509c54b15f2a"",""service"":""4978aa94-666c-47c7-8024-3ada55195a51"",""deployment"":""b4365154-eadc-4c11-b568-5a096850e705"",""replica"":""56b3bc11-84b5-4316-abf1-2dec254f4739""}",2026-03-27T23:56:21.973133454Z
"  usePairingCode: false,",info,"{""level"":""info""}","{""project"":""ce3616d9-58ad-4ec7-a294-1821e1564434"",""environment"":""fb6513d0-42a4-4660-82b5-509c54b15f2a"",""service"":""4978aa94-666c-47c7-8024-3ada55195a51"",""deployment"":""b4365154-eadc-4c11-b568-5a096850e705"",""replica"":""56b3bc11-84b5-4316-abf1-2dec254f4739""}",2026-03-27T23:56:21.973135410Z
[START SESSION] Auth state loaded:,info,"{""level"":""info""}","{""project"":""ce3616d9-58ad-4ec7-a294-1821e1564434"",""environment"":""fb6513d0-42a4-4660-82b5-509c54b15f2a"",""service"":""4978aa94-666c-47c7-8024-3ada55195a51"",""deployment"":""b4365154-eadc-4c11-b568-5a096850e705"",""replica"":""56b3bc11-84b5-4316-abf1-2dec254f4739""}",2026-03-27T23:56:21.973135646Z
"  phoneNumber: undefined,",info,"{""level"":""info""}","{""project"":""ce3616d9-58ad-4ec7-a294-1821e1564434"",""environment"":""fb6513d0-42a4-4660-82b5-509c54b15f2a"",""service"":""4978aa94-666c-47c7-8024-3ada55195a51"",""deployment"":""b4365154-eadc-4c11-b568-5a096850e705"",""replica"":""56b3bc11-84b5-4316-abf1-2dec254f4739""}",2026-03-27T23:56:21.973142602Z
[CLEAR SESSION] Deleting session directory with rimraf...,info,"{""level"":""info""}","{""project"":""ce3616d9-58ad-4ec7-a294-1821e1564434"",""environment"":""fb6513d0-42a4-4660-82b5-509c54b15f2a"",""service"":""4978aa94-666c-47c7-8024-3ada55195a51"",""deployment"":""b4365154-eadc-4c11-b568-5a096850e705"",""replica"":""56b3bc11-84b5-4316-abf1-2dec254f4739""}",2026-03-27T23:56:21.973143843Z
[START SESSION] - hasCreds: true,info,"{""level"":""info""}","{""project"":""ce3616d9-58ad-4ec7-a294-1821e1564434"",""environment"":""fb6513d0-42a4-4660-82b5-509c54b15f2a"",""service"":""4978aa94-666c-47c7-8024-3ada55195a51"",""deployment"":""b4365154-eadc-4c11-b568-5a096850e705"",""replica"":""56b3bc11-84b5-4316-abf1-2dec254f4739""}",2026-03-27T23:56:21.973148882Z
  forceNew: true,info,"{""level"":""info""}","{""project"":""ce3616d9-58ad-4ec7-a294-1821e1564434"",""environment"":""fb6513d0-42a4-4660-82b5-509c54b15f2a"",""service"":""4978aa94-666c-47c7-8024-3ada55195a51"",""deployment"":""b4365154-eadc-4c11-b568-5a096850e705"",""replica"":""56b3bc11-84b5-4316-abf1-2dec254f4739""}",2026-03-27T23:56:21.973151060Z
[CLEAR SESSION] ✅ Session directory successfully deleted,info,"{""level"":""info""}","{""project"":""ce3616d9-58ad-4ec7-a294-1821e1564434"",""environment"":""fb6513d0-42a4-4660-82b5-509c54b15f2a"",""service"":""4978aa94-666c-47c7-8024-3ada55195a51"",""deployment"":""b4365154-eadc-4c11-b568-5a096850e705"",""replica"":""56b3bc11-84b5-4316-abf1-2dec254f4739""}",2026-03-27T23:56:21.973153307Z
},info,"{""level"":""info""}","{""project"":""ce3616d9-58ad-4ec7-a294-1821e1564434"",""environment"":""fb6513d0-42a4-4660-82b5-509c54b15f2a"",""service"":""4978aa94-666c-47c7-8024-3ada55195a51"",""deployment"":""b4365154-eadc-4c11-b568-5a096850e705"",""replica"":""56b3bc11-84b5-4316-abf1-2dec254f4739""}",2026-03-27T23:56:21.973157796Z
[START SESSION] - creds.me exists: false,info,"{""level"":""info""}","{""project"":""ce3616d9-58ad-4ec7-a294-1821e1564434"",""environment"":""fb6513d0-42a4-4660-82b5-509c54b15f2a"",""service"":""4978aa94-666c-47c7-8024-3ada55195a51"",""deployment"":""b4365154-eadc-4c11-b568-5a096850e705"",""replica"":""56b3bc11-84b5-4316-abf1-2dec254f4739""}",2026-03-27T23:56:21.973159059Z
[START SESSION] ✅ Session data cleared successfully,info,"{""level"":""info""}","{""project"":""ce3616d9-58ad-4ec7-a294-1821e1564434"",""environment"":""fb6513d0-42a4-4660-82b5-509c54b15f2a"",""service"":""4978aa94-666c-47c7-8024-3ada55195a51"",""deployment"":""b4365154-eadc-4c11-b568-5a096850e705"",""replica"":""56b3bc11-84b5-4316-abf1-2dec254f4739""}",2026-03-27T23:56:21.973163932Z
[START SESSION] - creds.me.id: N/A,info,"{""level"":""info""}","{""project"":""ce3616d9-58ad-4ec7-a294-1821e1564434"",""environment"":""fb6513d0-42a4-4660-82b5-509c54b15f2a"",""service"":""4978aa94-666c-47c7-8024-3ada55195a51"",""deployment"":""b4365154-eadc-4c11-b568-5a096850e705"",""replica"":""56b3bc11-84b5-4316-abf1-2dec254f4739""}",2026-03-27T23:56:21.973167719Z
[START SESSION] Current accounts: [],info,"{""level"":""info""}","{""project"":""ce3616d9-58ad-4ec7-a294-1821e1564434"",""environment"":""fb6513d0-42a4-4660-82b5-509c54b15f2a"",""service"":""4978aa94-666c-47c7-8024-3ada55195a51"",""deployment"":""b4365154-eadc-4c11-b568-5a096850e705"",""replica"":""56b3bc11-84b5-4316-abf1-2dec254f4739""}",2026-03-27T23:56:21.973167923Z
[START SESSION] Session directory created: /app/mini-services/whatsapp-service/sessions/akunsatu,info,"{""level"":""info""}","{""project"":""ce3616d9-58ad-4ec7-a294-1821e1564434"",""environment"":""fb6513d0-42a4-4660-82b5-509c54b15f2a"",""service"":""4978aa94-666c-47c7-8024-3ada55195a51"",""deployment"":""b4365154-eadc-4c11-b568-5a096850e705"",""replica"":""56b3bc11-84b5-4316-abf1-2dec254f4739""}",2026-03-27T23:56:21.973173765Z
[START SESSION] Loading auth state...,info,"{""level"":""info""}","{""project"":""ce3616d9-58ad-4ec7-a294-1821e1564434"",""environment"":""fb6513d0-42a4-4660-82b5-509c54b15f2a"",""service"":""4978aa94-666c-47c7-8024-3ada55195a51"",""deployment"":""b4365154-eadc-4c11-b568-5a096850e705"",""replica"":""56b3bc11-84b5-4316-abf1-2dec254f4739""}",2026-03-27T23:56:21.973182106Z
[START SESSION] - creds.me.name: N/A,info,"{""level"":""info""}","{""project"":""ce3616d9-58ad-4ec7-a294-1821e1564434"",""environment"":""fb6513d0-42a4-4660-82b5-509c54b15f2a"",""service"":""4978aa94-666c-47c7-8024-3ada55195a51"",""deployment"":""b4365154-eadc-4c11-b568-5a096850e705"",""replica"":""56b3bc11-84b5-4316-abf1-2dec254f4739""}",2026-03-27T23:56:21.973185959Z
==========================================,info,"{""level"":""info""}","{""project"":""ce3616d9-58ad-4ec7-a294-1821e1564434"",""environment"":""fb6513d0-42a4-4660-82b5-509c54b15f2a"",""service"":""4978aa94-666c-47c7-8024-3ada55195a51"",""deployment"":""b4365154-eadc-4c11-b568-5a096850e705"",""replica"":""56b3bc11-84b5-4316-abf1-2dec254f4739""}",2026-03-27T23:56:21.973186063Z
[START SESSION] - This account will: REGISTER (expect QR),info,"{""level"":""info""}","{""project"":""ce3616d9-58ad-4ec7-a294-1821e1564434"",""environment"":""fb6513d0-42a4-4660-82b5-509c54b15f2a"",""service"":""4978aa94-666c-47c7-8024-3ada55195a51"",""deployment"":""b4365154-eadc-4c11-b568-5a096850e705"",""replica"":""56b3bc11-84b5-4316-abf1-2dec254f4739""}",2026-03-27T23:56:21.973195470Z
"[START SESSION] forceNew=true, clearing old session data...",info,"{""level"":""info""}","{""project"":""ce3616d9-58ad-4ec7-a294-1821e1564434"",""environment"":""fb6513d0-42a4-4660-82b5-509c54b15f2a"",""service"":""4978aa94-666c-47c7-8024-3ada55195a51"",""deployment"":""b4365154-eadc-4c11-b568-5a096850e705"",""replica"":""56b3bc11-84b5-4316-abf1-2dec254f4739""}",2026-03-27T23:56:21.973197639Z
[CLEAR SESSION] Attempting to clear session for: akunsatu,info,"{""level"":""info""}","{""project"":""ce3616d9-58ad-4ec7-a294-1821e1564434"",""environment"":""fb6513d0-42a4-4660-82b5-509c54b15f2a"",""service"":""4978aa94-666c-47c7-8024-3ada55195a51"",""deployment"":""b4365154-eadc-4c11-b568-5a096850e705"",""replica"":""56b3bc11-84b5-4316-abf1-2dec254f4739""}",2026-03-27T23:56:21.973204332Z
[START SESSION] Fetching Baileys version...,info,"{""level"":""info""}","{""project"":""ce3616d9-58ad-4ec7-a294-1821e1564434"",""environment"":""fb6513d0-42a4-4660-82b5-509c54b15f2a"",""service"":""4978aa94-666c-47c7-8024-3ada55195a51"",""deployment"":""b4365154-eadc-4c11-b568-5a096850e705"",""replica"":""56b3bc11-84b5-4316-abf1-2dec254f4739""}",2026-03-27T23:56:21.975169191Z
"[START SESSION] Baileys version: [ 2, 3000, 1035194821 ]",info,"{""level"":""info""}","{""project"":""ce3616d9-58ad-4ec7-a294-1821e1564434"",""environment"":""fb6513d0-42a4-4660-82b5-509c54b15f2a"",""service"":""4978aa94-666c-47c7-8024-3ada55195a51"",""deployment"":""b4365154-eadc-4c11-b568-5a096850e705"",""replica"":""56b3bc11-84b5-4316-abf1-2dec254f4739""}",2026-03-27T23:56:21.975177117Z
[START SESSION] Creating WhatsApp socket...,info,"{""level"":""info""}","{""project"":""ce3616d9-58ad-4ec7-a294-1821e1564434"",""environment"":""fb6513d0-42a4-4660-82b5-509c54b15f2a"",""service"":""4978aa94-666c-47c7-8024-3ada55195a51"",""deployment"":""b4365154-eadc-4c11-b568-5a096850e705"",""replica"":""56b3bc11-84b5-4316-abf1-2dec254f4739""}",2026-03-27T23:56:21.975182334Z
[NETWORK] Testing connectivity to WhatsApp servers...,info,"{""level"":""info""}","{""project"":""ce3616d9-58ad-4ec7-a294-1821e1564434"",""environment"":""fb6513d0-42a4-4660-82b5-509c54b15f2a"",""service"":""4978aa94-666c-47c7-8024-3ada55195a51"",""deployment"":""b4365154-eadc-4c11-b568-5a096850e705"",""replica"":""56b3bc11-84b5-4316-abf1-2dec254f4739""}",2026-03-27T23:56:21.975186923Z
[NETWORK] DNS resolution for web.whatsapp.com: [ '57.144.15.32' ],info,"{""level"":""info""}","{""project"":""ce3616d9-58ad-4ec7-a294-1821e1564434"",""environment"":""fb6513d0-42a4-4660-82b5-509c54b15f2a"",""service"":""4978aa94-666c-47c7-8024-3ada55195a51"",""deployment"":""b4365154-eadc-4c11-b568-5a096850e705"",""replica"":""56b3bc11-84b5-4316-abf1-2dec254f4739""}",2026-03-27T23:56:21.975191196Z
[NETWORK] HTTPS test to web.whatsapp.com: Status 200,info,"{""level"":""info""}","{""project"":""ce3616d9-58ad-4ec7-a294-1821e1564434"",""environment"":""fb6513d0-42a4-4660-82b5-509c54b15f2a"",""service"":""4978aa94-666c-47c7-8024-3ada55195a51"",""deployment"":""b4365154-eadc-4c11-b568-5a096850e705"",""replica"":""56b3bc11-84b5-4316-abf1-2dec254f4739""}",2026-03-27T23:56:21.975196020Z
[SOCKET] makeWASocket created for: akunsatu,info,"{""level"":""info""}","{""project"":""ce3616d9-58ad-4ec7-a294-1821e1564434"",""environment"":""fb6513d0-42a4-4660-82b5-509c54b15f2a"",""service"":""4978aa94-666c-47c7-8024-3ada55195a51"",""deployment"":""b4365154-eadc-4c11-b568-5a096850e705"",""replica"":""56b3bc11-84b5-4316-abf1-2dec254f4739""}",2026-03-27T23:56:21.975201263Z
[SOCKET] Socket has ev? true,info,"{""level"":""info""}","{""project"":""ce3616d9-58ad-4ec7-a294-1821e1564434"",""environment"":""fb6513d0-42a4-4660-82b5-509c54b15f2a"",""service"":""4978aa94-666c-47c7-8024-3ada55195a51"",""deployment"":""b4365154-eadc-4c11-b568-5a096850e705"",""replica"":""56b3bc11-84b5-4316-abf1-2dec254f4739""}",2026-03-27T23:56:21.975205271Z
[SOCKET] Socket has ws? true,info,"{""level"":""info""}","{""project"":""ce3616d9-58ad-4ec7-a294-1821e1564434"",""environment"":""fb6513d0-42a4-4660-82b5-509c54b15f2a"",""service"":""4978aa94-666c-47c7-8024-3ada55195a51"",""deployment"":""b4365154-eadc-4c11-b568-5a096850e705"",""replica"":""56b3bc11-84b5-4316-abf1-2dec254f4739""}",2026-03-27T23:56:21.975209117Z
[SOCKET] Socket user? undefined,info,"{""level"":""info""}","{""project"":""ce3616d9-58ad-4ec7-a294-1821e1564434"",""environment"":""fb6513d0-42a4-4660-82b5-509c54b15f2a"",""service"":""4978aa94-666c-47c7-8024-3ada55195a51"",""deployment"":""b4365154-eadc-4c11-b568-5a096850e705"",""replica"":""56b3bc11-84b5-4316-abf1-2dec254f4739""}",2026-03-27T23:56:21.975213963Z
[ACCOUNT] ✅ Added pending account to map immediately: akunsatu,info,"{""level"":""info""}","{""project"":""ce3616d9-58ad-4ec7-a294-1821e1564434"",""environment"":""fb6513d0-42a4-4660-82b5-509c54b15f2a"",""service"":""4978aa94-666c-47c7-8024-3ada55195a51"",""deployment"":""b4365154-eadc-4c11-b568-5a096850e705"",""replica"":""56b3bc11-84b5-4316-abf1-2dec254f4739""}",2026-03-27T23:56:21.975218240Z
[SOCKET] 🚀 Registering connection.update handler IMMEDIATELY for: akunsatu,info,"{""level"":""info""}","{""project"":""ce3616d9-58ad-4ec7-a294-1821e1564434"",""environment"":""fb6513d0-42a4-4660-82b5-509c54b15f2a"",""service"":""4978aa94-666c-47c7-8024-3ada55195a51"",""deployment"":""b4365154-eadc-4c11-b568-5a096850e705"",""replica"":""56b3bc11-84b5-4316-abf1-2dec254f4739""}",2026-03-27T23:56:21.975222850Z
[SOCKET] ✅ Event handlers registered IMMEDIATELY,info,"{""level"":""info""}","{""project"":""ce3616d9-58ad-4ec7-a294-1821e1564434"",""environment"":""fb6513d0-42a4-4660-82b5-509c54b15f2a"",""service"":""4978aa94-666c-47c7-8024-3ada55195a51"",""deployment"":""b4365154-eadc-4c11-b568-5a096850e705"",""replica"":""56b3bc11-84b5-4316-abf1-2dec254f4739""}",2026-03-27T23:56:21.975228090Z
[WS] Native WebSocket exists: true,info,"{""level"":""info""}","{""project"":""ce3616d9-58ad-4ec7-a294-1821e1564434"",""environment"":""fb6513d0-42a4-4660-82b5-509c54b15f2a"",""service"":""4978aa94-666c-47c7-8024-3ada55195a51"",""deployment"":""b4365154-eadc-4c11-b568-5a096850e705"",""replica"":""56b3bc11-84b5-4316-abf1-2dec254f4739""}",2026-03-27T23:56:21.975232215Z
[WS] Native WebSocket state: 0 = CONNECTING,info,"{""level"":""info""}","{""project"":""ce3616d9-58ad-4ec7-a294-1821e1564434"",""environment"":""fb6513d0-42a4-4660-82b5-509c54b15f2a"",""service"":""4978aa94-666c-47c7-8024-3ada55195a51"",""deployment"":""b4365154-eadc-4c11-b568-5a096850e705"",""replica"":""56b3bc11-84b5-4316-abf1-2dec254f4739""}",2026-03-27T23:56:21.975236086Z
[WS] WebSocketClient isConnecting: true,info,"{""level"":""info""}","{""project"":""ce3616d9-58ad-4ec7-a294-1821e1564434"",""environment"":""fb6513d0-42a4-4660-82b5-509c54b15f2a"",""service"":""4978aa94-666c-47c7-8024-3ada55195a51"",""deployment"":""b4365154-eadc-4c11-b568-5a096850e705"",""replica"":""56b3bc11-84b5-4316-abf1-2dec254f4739""}",2026-03-27T23:56:21.975240995Z
[WS] WebSocketClient isOpen: false,info,"{""level"":""info""}","{""project"":""ce3616d9-58ad-4ec7-a294-1821e1564434"",""environment"":""fb6513d0-42a4-4660-82b5-509c54b15f2a"",""service"":""4978aa94-666c-47c7-8024-3ada55195a51"",""deployment"":""b4365154-eadc-4c11-b568-5a096850e705"",""replica"":""56b3bc11-84b5-4316-abf1-2dec254f4739""}",2026-03-27T23:56:21.975246499Z
[WS] WebSocketClient isClosed: false,info,"{""level"":""info""}","{""project"":""ce3616d9-58ad-4ec7-a294-1821e1564434"",""environment"":""fb6513d0-42a4-4660-82b5-509c54b15f2a"",""service"":""4978aa94-666c-47c7-8024-3ada55195a51"",""deployment"":""b4365154-eadc-4c11-b568-5a096850e705"",""replica"":""56b3bc11-84b5-4316-abf1-2dec254f4739""}",2026-03-27T23:56:21.975251467Z
[WS] WebSocket URL: URL {,info,"{""level"":""info""}","{""project"":""ce3616d9-58ad-4ec7-a294-1821e1564434"",""environment"":""fb6513d0-42a4-4660-82b5-509c54b15f2a"",""service"":""4978aa94-666c-47c7-8024-3ada55195a51"",""deployment"":""b4365154-eadc-4c11-b568-5a096850e705"",""replica"":""56b3bc11-84b5-4316-abf1-2dec254f4739""}",2026-03-27T23:56:21.975255245Z
"  href: 'wss://web.whatsapp.com/ws/chat',",info,"{""level"":""info""}","{""project"":""ce3616d9-58ad-4ec7-a294-1821e1564434"",""environment"":""fb6513d0-42a4-4660-82b5-509c54b15f2a"",""service"":""4978aa94-666c-47c7-8024-3ada55195a51"",""deployment"":""b4365154-eadc-4c11-b568-5a096850e705"",""replica"":""56b3bc11-84b5-4316-abf1-2dec254f4739""}",2026-03-27T23:56:21.975259187Z
"  origin: 'wss://web.whatsapp.com',",info,"{""level"":""info""}","{""project"":""ce3616d9-58ad-4ec7-a294-1821e1564434"",""environment"":""fb6513d0-42a4-4660-82b5-509c54b15f2a"",""service"":""4978aa94-666c-47c7-8024-3ada55195a51"",""deployment"":""b4365154-eadc-4c11-b568-5a096850e705"",""replica"":""56b3bc11-84b5-4316-abf1-2dec254f4739""}",2026-03-27T23:56:21.975263906Z
"  protocol: 'wss:',",info,"{""level"":""info""}","{""project"":""ce3616d9-58ad-4ec7-a294-1821e1564434"",""environment"":""fb6513d0-42a4-4660-82b5-509c54b15f2a"",""service"":""4978aa94-666c-47c7-8024-3ada55195a51"",""deployment"":""b4365154-eadc-4c11-b568-5a096850e705"",""replica"":""56b3bc11-84b5-4316-abf1-2dec254f4739""}",2026-03-27T23:56:21.975268776Z
"  username: '',",info,"{""level"":""info""}","{""project"":""ce3616d9-58ad-4ec7-a294-1821e1564434"",""environment"":""fb6513d0-42a4-4660-82b5-509c54b15f2a"",""service"":""4978aa94-666c-47c7-8024-3ada55195a51"",""deployment"":""b4365154-eadc-4c11-b568-5a096850e705"",""replica"":""56b3bc11-84b5-4316-abf1-2dec254f4739""}",2026-03-27T23:56:21.975273643Z
"  password: '',",info,"{""level"":""info""}","{""project"":""ce3616d9-58ad-4ec7-a294-1821e1564434"",""environment"":""fb6513d0-42a4-4660-82b5-509c54b15f2a"",""service"":""4978aa94-666c-47c7-8024-3ada55195a51"",""deployment"":""b4365154-eadc-4c11-b568-5a096850e705"",""replica"":""56b3bc11-84b5-4316-abf1-2dec254f4739""}",2026-03-27T23:56:21.975326651Z
"  host: 'web.whatsapp.com',",info,"{""level"":""info""}","{""project"":""ce3616d9-58ad-4ec7-a294-1821e1564434"",""environment"":""fb6513d0-42a4-4660-82b5-509c54b15f2a"",""service"":""4978aa94-666c-47c7-8024-3ada55195a51"",""deployment"":""b4365154-eadc-4c11-b568-5a096850e705"",""replica"":""56b3bc11-84b5-4316-abf1-2dec254f4739""}",2026-03-27T23:56:21.978184301Z
"  hostname: 'web.whatsapp.com',",info,"{""level"":""info""}","{""project"":""ce3616d9-58ad-4ec7-a294-1821e1564434"",""environment"":""fb6513d0-42a4-4660-82b5-509c54b15f2a"",""service"":""4978aa94-666c-47c7-8024-3ada55195a51"",""deployment"":""b4365154-eadc-4c11-b568-5a096850e705"",""replica"":""56b3bc11-84b5-4316-abf1-2dec254f4739""}",2026-03-27T23:56:21.978197269Z
"  port: '',",info,"{""level"":""info""}","{""project"":""ce3616d9-58ad-4ec7-a294-1821e1564434"",""environment"":""fb6513d0-42a4-4660-82b5-509c54b15f2a"",""service"":""4978aa94-666c-47c7-8024-3ada55195a51"",""deployment"":""b4365154-eadc-4c11-b568-5a096850e705"",""replica"":""56b3bc11-84b5-4316-abf1-2dec254f4739""}",2026-03-27T23:56:21.978206956Z
"  pathname: '/ws/chat',",info,"{""level"":""info""}","{""project"":""ce3616d9-58ad-4ec7-a294-1821e1564434"",""environment"":""fb6513d0-42a4-4660-82b5-509c54b15f2a"",""service"":""4978aa94-666c-47c7-8024-3ada55195a51"",""deployment"":""b4365154-eadc-4c11-b568-5a096850e705"",""replica"":""56b3bc11-84b5-4316-abf1-2dec254f4739""}",2026-03-27T23:56:21.978214823Z
"  search: '',",info,"{""level"":""info""}","{""project"":""ce3616d9-58ad-4ec7-a294-1821e1564434"",""environment"":""fb6513d0-42a4-4660-82b5-509c54b15f2a"",""service"":""4978aa94-666c-47c7-8024-3ada55195a51"",""deployment"":""b4365154-eadc-4c11-b568-5a096850e705"",""replica"":""56b3bc11-84b5-4316-abf1-2dec254f4739""}",2026-03-27T23:56:21.978222639Z
"  searchParams: URLSearchParams {},",info,"{""level"":""info""}","{""project"":""ce3616d9-58ad-4ec7-a294-1821e1564434"",""environment"":""fb6513d0-42a4-4660-82b5-509c54b15f2a"",""service"":""4978aa94-666c-47c7-8024-3ada55195a51"",""deployment"":""b4365154-eadc-4c11-b568-5a096850e705"",""replica"":""56b3bc11-84b5-4316-abf1-2dec254f4739""}",2026-03-27T23:56:21.978233737Z
  hash: '',info,"{""level"":""info""}","{""project"":""ce3616d9-58ad-4ec7-a294-1821e1564434"",""environment"":""fb6513d0-42a4-4660-82b5-509c54b15f2a"",""service"":""4978aa94-666c-47c7-8024-3ada55195a51"",""deployment"":""b4365154-eadc-4c11-b568-5a096850e705"",""replica"":""56b3bc11-84b5-4316-abf1-2dec254f4739""}",2026-03-27T23:56:21.978241252Z
},info,"{""level"":""info""}","{""project"":""ce3616d9-58ad-4ec7-a294-1821e1564434"",""environment"":""fb6513d0-42a4-4660-82b5-509c54b15f2a"",""service"":""4978aa94-666c-47c7-8024-3ada55195a51"",""deployment"":""b4365154-eadc-4c11-b568-5a096850e705"",""replica"":""56b3bc11-84b5-4316-abf1-2dec254f4739""}",2026-03-27T23:56:21.978248552Z
[SESSION] ✅ Retrieved account from map: akunsatu,info,"{""level"":""info""}","{""project"":""ce3616d9-58ad-4ec7-a294-1821e1564434"",""environment"":""fb6513d0-42a4-4660-82b5-509c54b15f2a"",""service"":""4978aa94-666c-47c7-8024-3ada55195a51"",""deployment"":""b4365154-eadc-4c11-b568-5a096850e705"",""replica"":""56b3bc11-84b5-4316-abf1-2dec254f4739""}",2026-03-27T23:56:21.978254853Z
==========================================,info,"{""level"":""info""}","{""project"":""ce3616d9-58ad-4ec7-a294-1821e1564434"",""environment"":""fb6513d0-42a4-4660-82b5-509c54b15f2a"",""service"":""4978aa94-666c-47c7-8024-3ada55195a51"",""deployment"":""b4365154-eadc-4c11-b568-5a096850e705"",""replica"":""56b3bc11-84b5-4316-abf1-2dec254f4739""}",2026-03-27T23:56:21.978262673Z
[CONNECTION UPDATE] ✅ EVENT RECEIVED! {,info,"{""level"":""info""}","{""project"":""ce3616d9-58ad-4ec7-a294-1821e1564434"",""environment"":""fb6513d0-42a4-4660-82b5-509c54b15f2a"",""service"":""4978aa94-666c-47c7-8024-3ada55195a51"",""deployment"":""b4365154-eadc-4c11-b568-5a096850e705"",""replica"":""56b3bc11-84b5-4316-abf1-2dec254f4739""}",2026-03-27T23:56:21.978268758Z
"  accountId: 'akunsatu',",info,"{""level"":""info""}","{""project"":""ce3616d9-58ad-4ec7-a294-1821e1564434"",""environment"":""fb6513d0-42a4-4660-82b5-509c54b15f2a"",""service"":""4978aa94-666c-47c7-8024-3ada55195a51"",""deployment"":""b4365154-eadc-4c11-b568-5a096850e705"",""replica"":""56b3bc11-84b5-4316-abf1-2dec254f4739""}",2026-03-27T23:56:21.978278007Z
"  connection: 'connecting',",info,"{""level"":""info""}","{""project"":""ce3616d9-58ad-4ec7-a294-1821e1564434"",""environment"":""fb6513d0-42a4-4660-82b5-509c54b15f2a"",""service"":""4978aa94-666c-47c7-8024-3ada55195a51"",""deployment"":""b4365154-eadc-4c11-b568-5a096850e705"",""replica"":""56b3bc11-84b5-4316-abf1-2dec254f4739""}",2026-03-27T23:56:21.978285645Z
"  hasQr: false,",info,"{""level"":""info""}","{""project"":""ce3616d9-58ad-4ec7-a294-1821e1564434"",""environment"":""fb6513d0-42a4-4660-82b5-509c54b15f2a"",""service"":""4978aa94-666c-47c7-8024-3ada55195a51"",""deployment"":""b4365154-eadc-4c11-b568-5a096850e705"",""replica"":""56b3bc11-84b5-4316-abf1-2dec254f4739""}",2026-03-27T23:56:21.978292824Z
"  qrPreview: null,",info,"{""level"":""info""}","{""project"":""ce3616d9-58ad-4ec7-a294-1821e1564434"",""environment"":""fb6513d0-42a4-4660-82b5-509c54b15f2a"",""service"":""4978aa94-666c-47c7-8024-3ada55195a51"",""deployment"":""b4365154-eadc-4c11-b568-5a096850e705"",""replica"":""56b3bc11-84b5-4316-abf1-2dec254f4739""}",2026-03-27T23:56:21.978301643Z
  isNewLogin: undefined,info,"{""level"":""info""}","{""project"":""ce3616d9-58ad-4ec7-a294-1821e1564434"",""environment"":""fb6513d0-42a4-4660-82b5-509c54b15f2a"",""service"":""4978aa94-666c-47c7-8024-3ada55195a51"",""deployment"":""b4365154-eadc-4c11-b568-5a096850e705"",""replica"":""56b3bc11-84b5-4316-abf1-2dec254f4739""}",2026-03-27T23:56:21.978314670Z
},info,"{""level"":""info""}","{""project"":""ce3616d9-58ad-4ec7-a294-1821e1564434"",""environment"":""fb6513d0-42a4-4660-82b5-509c54b15f2a"",""service"":""4978aa94-666c-47c7-8024-3ada55195a51"",""deployment"":""b4365154-eadc-4c11-b568-5a096850e705"",""replica"":""56b3bc11-84b5-4316-abf1-2dec254f4739""}",2026-03-27T23:56:21.978322091Z
==========================================,info,"{""level"":""info""}","{""project"":""ce3616d9-58ad-4ec7-a294-1821e1564434"",""environment"":""fb6513d0-42a4-4660-82b5-509c54b15f2a"",""service"":""4978aa94-666c-47c7-8024-3ada55195a51"",""deployment"":""b4365154-eadc-4c11-b568-5a096850e705"",""replica"":""56b3bc11-84b5-4316-abf1-2dec254f4739""}",2026-03-27T23:56:21.978328673Z
connected to WA,info,"{""time"":1774655774746,""pid"":94,""hostname"":""9a45ddc40bc4"",""browser"":[""Mac OS"",""Chrome"",""14.4.1""],""helloMsg"":{""clientHello"":{""ephemeral"":""G6S9w3in7xDm9kwsqs2crqKdHcNFUoKJpw/nn85/dEQ=""}},""level"":""info""}","{""project"":""ce3616d9-58ad-4ec7-a294-1821e1564434"",""environment"":""fb6513d0-42a4-4660-82b5-509c54b15f2a"",""service"":""4978aa94-666c-47c7-8024-3ada55195a51"",""deployment"":""b4365154-eadc-4c11-b568-5a096850e705"",""replica"":""56b3bc11-84b5-4316-abf1-2dec254f4739""}",2026-03-27T23:56:21.978335118Z
[WS NATIVE SEND] Sending for akunsatu type: object preview: V0EGAwAAJBIiCiAbpL3DeKfvEOb2TCyqzZyuop0dw0VSgomnD+efzn90RA==,info,"{""level"":""info""}","{""project"":""ce3616d9-58ad-4ec7-a294-1821e1564434"",""environment"":""fb6513d0-42a4-4660-82b5-509c54b15f2a"",""service"":""4978aa94-666c-47c7-8024-3ada55195a51"",""deployment"":""b4365154-eadc-4c11-b568-5a096850e705"",""replica"":""56b3bc11-84b5-4316-abf1-2dec254f4739""}",2026-03-27T23:56:21.978346792Z
[WS NATIVE OPEN] Native WebSocket opened for akunsatu,info,"{""level"":""info""}","{""project"":""ce3616d9-58ad-4ec7-a294-1821e1564434"",""environment"":""fb6513d0-42a4-4660-82b5-509c54b15f2a"",""service"":""4978aa94-666c-47c7-8024-3ada55195a51"",""deployment"":""b4365154-eadc-4c11-b568-5a096850e705"",""replica"":""56b3bc11-84b5-4316-abf1-2dec254f4739""}",2026-03-27T23:56:21.978354012Z
[WS NATIVE MESSAGE] Received for akunsatu binary: true len: 350 preview: AAFbGtgCCiApTzkjMDuznML93lc5nL35RnAIPZtu3ikfOdyU1u7ADRIwHStTfCT9Oq4=...,info,"{""level"":""info""}","{""project"":""ce3616d9-58ad-4ec7-a294-1821e1564434"",""environment"":""fb6513d0-42a4-4660-82b5-509c54b15f2a"",""service"":""4978aa94-666c-47c7-8024-3ada55195a51"",""deployment"":""b4365154-eadc-4c11-b568-5a096850e705"",""replica"":""56b3bc11-84b5-4316-abf1-2dec254f4739""}",2026-03-27T23:56:21.978359913Z
"not logged in, attempting registration...",info,"{""time"":1774655774957,""pid"":94,""hostname"":""9a45ddc40bc4"",""node"":{""passive"":false,""userAgent"":{""platform"":""WEB"",""appVersion"":{""primary"":2,""secondary"":3000,""tertiary"":1035194821},""mcc"":""000"",""mnc"":""000"",""osVersion"":""0.1"",""device"":""Desktop"",""osBuildNumber"":""0.1"",""releaseChannel"":""RELEASE"",""localeLanguageIso6391"":""en"",""localeCountryIso31661Alpha2"":""US""},""webInfo"":{""webSubPlatform"":""WEB_BROWSER""},""connectType"":""WIFI_UNKNOWN"",""connectReason"":""USER_ACTIVATED"",""devicePairingData"":{""eRegid"":""AAAATQ=="",""eKeytype"":""BQ=="",""eIdent"":""lmDWGuTbcgqUYMVMM1E8wEVzj+ruWsZq74RxwbZRwWA="",""eSkeyId"":""AAAB"",""eSkeyVal"":""K1QVCOehOUsU4qwle6q4Yxh5zjaNwE9Mjv86UrzZKjg="",""eSkeySig"":""QPZ+VC9KVBlw31F4lxZQre7w8d+TjJYQDvfAYfxr+QFHwoEX8SMxQphWmGQRMRAesY67pRZU2nwMpAAdvYaACg=="",""buildHash"":""oslHHv+RCp4a5lmJCiiHLQ=="",""deviceProps"":""CgZNYWMgT1MYASAAKhUYgFAgATAAOAFAAUgBUAFYAWABcAE=""},""pull"":false},""level"":""info""}","{""project"":""ce3616d9-58ad-4ec7-a294-1821e1564434"",""environment"":""fb6513d0-42a4-4660-82b5-509c54b15f2a"",""service"":""4978aa94-666c-47c7-8024-3ada55195a51"",""deployment"":""b4365154-eadc-4c11-b568-5a096850e705"",""replica"":""56b3bc11-84b5-4316-abf1-2dec254f4739""}",2026-03-27T23:56:21.978366157Z
[WS NATIVE SEND] Sending for akunsatu type: object preview: AAFcItkCCjC/P4+oGM2hlhf/OcEG0TvmL+X5OsztYUA+vDaLmSZu7grVOvCEmdNl3LM=,info,"{""level"":""info""}","{""project"":""ce3616d9-58ad-4ec7-a294-1821e1564434"",""environment"":""fb6513d0-42a4-4660-82b5-509c54b15f2a"",""service"":""4978aa94-666c-47c7-8024-3ada55195a51"",""deployment"":""b4365154-eadc-4c11-b568-5a096850e705"",""replica"":""56b3bc11-84b5-4316-abf1-2dec254f4739""}",2026-03-27T23:56:21.984560321Z
[WS NATIVE MESSAGE] Received for akunsatu binary: true len: 698 preview: AAK3Vy1RiOp3j9v9EJZOh6sLLBrzrjoI5L53F50MRKcZlFBdQFdDEpbdhLo/7dCf6Pw=...,info,"{""level"":""info""}","{""project"":""ce3616d9-58ad-4ec7-a294-1821e1564434"",""environment"":""fb6513d0-42a4-4660-82b5-509c54b15f2a"",""service"":""4978aa94-666c-47c7-8024-3ada55195a51"",""deployment"":""b4365154-eadc-4c11-b568-5a096850e705"",""replica"":""56b3bc11-84b5-4316-abf1-2dec254f4739""}",2026-03-27T23:56:21.984569722Z
[WS NATIVE SEND] Sending for akunsatu type: object preview: AAAiQBMzzgNm8siinDENDNl3Nbu4BbFz/rV5q/fK+alMUp5iZw==,info,"{""level"":""info""}","{""project"":""ce3616d9-58ad-4ec7-a294-1821e1564434"",""environment"":""fb6513d0-42a4-4660-82b5-509c54b15f2a"",""service"":""4978aa94-666c-47c7-8024-3ada55195a51"",""deployment"":""b4365154-eadc-4c11-b568-5a096850e705"",""replica"":""56b3bc11-84b5-4316-abf1-2dec254f4739""}",2026-03-27T23:56:21.984575436Z
==========================================,info,"{""level"":""info""}","{""project"":""ce3616d9-58ad-4ec7-a294-1821e1564434"",""environment"":""fb6513d0-42a4-4660-82b5-509c54b15f2a"",""service"":""4978aa94-666c-47c7-8024-3ada55195a51"",""deployment"":""b4365154-eadc-4c11-b568-5a096850e705"",""replica"":""56b3bc11-84b5-4316-abf1-2dec254f4739""}",2026-03-27T23:56:21.984581862Z
[CONNECTION UPDATE] ✅ EVENT RECEIVED! {,info,"{""level"":""info""}","{""project"":""ce3616d9-58ad-4ec7-a294-1821e1564434"",""environment"":""fb6513d0-42a4-4660-82b5-509c54b15f2a"",""service"":""4978aa94-666c-47c7-8024-3ada55195a51"",""deployment"":""b4365154-eadc-4c11-b568-5a096850e705"",""replica"":""56b3bc11-84b5-4316-abf1-2dec254f4739""}",2026-03-27T23:56:21.984587423Z
"  accountId: 'akunsatu',",info,"{""level"":""info""}","{""project"":""ce3616d9-58ad-4ec7-a294-1821e1564434"",""environment"":""fb6513d0-42a4-4660-82b5-509c54b15f2a"",""service"":""4978aa94-666c-47c7-8024-3ada55195a51"",""deployment"":""b4365154-eadc-4c11-b568-5a096850e705"",""replica"":""56b3bc11-84b5-4316-abf1-2dec254f4739""}",2026-03-27T23:56:21.984592025Z
"  connection: undefined,",info,"{""level"":""info""}","{""project"":""ce3616d9-58ad-4ec7-a294-1821e1564434"",""environment"":""fb6513d0-42a4-4660-82b5-509c54b15f2a"",""service"":""4978aa94-666c-47c7-8024-3ada55195a51"",""deployment"":""b4365154-eadc-4c11-b568-5a096850e705"",""replica"":""56b3bc11-84b5-4316-abf1-2dec254f4739""}",2026-03-27T23:56:21.984596640Z
"  hasQr: true,",info,"{""level"":""info""}","{""project"":""ce3616d9-58ad-4ec7-a294-1821e1564434"",""environment"":""fb6513d0-42a4-4660-82b5-509c54b15f2a"",""service"":""4978aa94-666c-47c7-8024-3ada55195a51"",""deployment"":""b4365154-eadc-4c11-b568-5a096850e705"",""replica"":""56b3bc11-84b5-4316-abf1-2dec254f4739""}",2026-03-27T23:56:21.984601534Z
"  qrPreview: '2@7nY6e1RyWNH92NCHKculhJNMZ7geeOf005eFJql1kR4BT+Zh...',",info,"{""level"":""info""}","{""project"":""ce3616d9-58ad-4ec7-a294-1821e1564434"",""environment"":""fb6513d0-42a4-4660-82b5-509c54b15f2a"",""service"":""4978aa94-666c-47c7-8024-3ada55195a51"",""deployment"":""b4365154-eadc-4c11-b568-5a096850e705"",""replica"":""56b3bc11-84b5-4316-abf1-2dec254f4739""}",2026-03-27T23:56:21.984606194Z
  isNewLogin: undefined,info,"{""level"":""info""}","{""project"":""ce3616d9-58ad-4ec7-a294-1821e1564434"",""environment"":""fb6513d0-42a4-4660-82b5-509c54b15f2a"",""service"":""4978aa94-666c-47c7-8024-3ada55195a51"",""deployment"":""b4365154-eadc-4c11-b568-5a096850e705"",""replica"":""56b3bc11-84b5-4316-abf1-2dec254f4739""}",2026-03-27T23:56:21.984610891Z
},info,"{""level"":""info""}","{""project"":""ce3616d9-58ad-4ec7-a294-1821e1564434"",""environment"":""fb6513d0-42a4-4660-82b5-509c54b15f2a"",""service"":""4978aa94-666c-47c7-8024-3ada55195a51"",""deployment"":""b4365154-eadc-4c11-b568-5a096850e705"",""replica"":""56b3bc11-84b5-4316-abf1-2dec254f4739""}",2026-03-27T23:56:21.984615019Z
==========================================,info,"{""level"":""info""}","{""project"":""ce3616d9-58ad-4ec7-a294-1821e1564434"",""environment"":""fb6513d0-42a4-4660-82b5-509c54b15f2a"",""service"":""4978aa94-666c-47c7-8024-3ada55195a51"",""deployment"":""b4365154-eadc-4c11-b568-5a096850e705"",""replica"":""56b3bc11-84b5-4316-abf1-2dec254f4739""}",2026-03-27T23:56:21.984619962Z
[QR] 🎯 QR code received for: akunsatu,info,"{""level"":""info""}","{""project"":""ce3616d9-58ad-4ec7-a294-1821e1564434"",""environment"":""fb6513d0-42a4-4660-82b5-509c54b15f2a"",""service"":""4978aa94-666c-47c7-8024-3ada55195a51"",""deployment"":""b4365154-eadc-4c11-b568-5a096850e705"",""replica"":""56b3bc11-84b5-4316-abf1-2dec254f4739""}",2026-03-27T23:56:21.984624275Z
[QR] QR length: 237,info,"{""level"":""info""}","{""project"":""ce3616d9-58ad-4ec7-a294-1821e1564434"",""environment"":""fb6513d0-42a4-4660-82b5-509c54b15f2a"",""service"":""4978aa94-666c-47c7-8024-3ada55195a51"",""deployment"":""b4365154-eadc-4c11-b568-5a096850e705"",""replica"":""56b3bc11-84b5-4316-abf1-2dec254f4739""}",2026-03-27T23:56:21.984628822Z
[QR] Converting QR to data URL...,info,"{""level"":""info""}","{""project"":""ce3616d9-58ad-4ec7-a294-1821e1564434"",""environment"":""fb6513d0-42a4-4660-82b5-509c54b15f2a"",""service"":""4978aa94-666c-47c7-8024-3ada55195a51"",""deployment"":""b4365154-eadc-4c11-b568-5a096850e705"",""replica"":""56b3bc11-84b5-4316-abf1-2dec254f4739""}",2026-03-27T23:56:21.984633321Z
"[QR] ✅ QR converted, length: 6418",info,"{""level"":""info""}","{""project"":""ce3616d9-58ad-4ec7-a294-1821e1564434"",""environment"":""fb6513d0-42a4-4660-82b5-509c54b15f2a"",""service"":""4978aa94-666c-47c7-8024-3ada55195a51"",""deployment"":""b4365154-eadc-4c11-b568-5a096850e705"",""replica"":""56b3bc11-84b5-4316-abf1-2dec254f4739""}",2026-03-27T23:56:21.984637592Z
[DB] Synced 1 accounts to database,info,"{""level"":""info""}","{""project"":""ce3616d9-58ad-4ec7-a294-1821e1564434"",""environment"":""fb6513d0-42a4-4660-82b5-509c54b15f2a"",""service"":""4978aa94-666c-47c7-8024-3ada55195a51"",""deployment"":""b4365154-eadc-4c11-b568-5a096850e705"",""replica"":""56b3bc11-84b5-4316-abf1-2dec254f4739""}",2026-03-27T23:56:21.984641706Z
[NETWORK] HTTPS test TIMEOUT,info,"{""level"":""info""}","{""project"":""ce3616d9-58ad-4ec7-a294-1821e1564434"",""environment"":""fb6513d0-42a4-4660-82b5-509c54b15f2a"",""service"":""4978aa94-666c-47c7-8024-3ada55195a51"",""deployment"":""b4365154-eadc-4c11-b568-5a096850e705"",""replica"":""56b3bc11-84b5-4316-abf1-2dec254f4739""}",2026-03-27T23:56:24.999384724Z
[WS NATIVE SEND] Sending for akunsatu type: object preview: AAAr9cBSs5TW046hhLsjqmzzshfPO4ZX9CS/zrClQ1GfyNYVNqKwySxtTnl4ww==,info,"{""level"":""info""}","{""project"":""ce3616d9-58ad-4ec7-a294-1821e1564434"",""environment"":""fb6513d0-42a4-4660-82b5-509c54b15f2a"",""service"":""4978aa94-666c-47c7-8024-3ada55195a51"",""deployment"":""b4365154-eadc-4c11-b568-5a096850e705"",""replica"":""56b3bc11-84b5-4316-abf1-2dec254f4739""}",2026-03-27T23:56:45.796117764Z
[WS NATIVE MESSAGE] Received for akunsatu binary: true len: 47 preview: AAAsPw+PTLxlVugRrtyWDpReWEC4ngM0o3EA5mQVxE7Z7ESBUDIK1NFM1kLePjI=,info,"{""level"":""info""}","{""project"":""ce3616d9-58ad-4ec7-a294-1821e1564434"",""environment"":""fb6513d0-42a4-4660-82b5-509c54b15f2a"",""service"":""4978aa94-666c-47c7-8024-3ada55195a51"",""deployment"":""b4365154-eadc-4c11-b568-5a096850e705"",""replica"":""56b3bc11-84b5-4316-abf1-2dec254f4739""}",2026-03-27T23:56:45.796124363Z
[DB] Synced 1 accounts to database,info,"{""level"":""info""}","{""project"":""ce3616d9-58ad-4ec7-a294-1821e1564434"",""environment"":""fb6513d0-42a4-4660-82b5-509c54b15f2a"",""service"":""4978aa94-666c-47c7-8024-3ada55195a51"",""deployment"":""b4365154-eadc-4c11-b568-5a096850e705"",""replica"":""56b3bc11-84b5-4316-abf1-2dec254f4739""}",2026-03-27T23:56:51.974492439Z
[WS NATIVE MESSAGE] Received for akunsatu binary: true len: 297 preview: AAEmJP9mOarC1NEJeP8S6TFtOJL2ZKVZgOGP34xl0vWW0be+52VcRkEtN3ebVZ+nCT8=...,info,"{""level"":""info""}","{""project"":""ce3616d9-58ad-4ec7-a294-1821e1564434"",""environment"":""fb6513d0-42a4-4660-82b5-509c54b15f2a"",""service"":""4978aa94-666c-47c7-8024-3ada55195a51"",""deployment"":""b4365154-eadc-4c11-b568-5a096850e705"",""replica"":""56b3bc11-84b5-4316-abf1-2dec254f4739""}",2026-03-27T23:56:56.897159519Z
pair success recv,info,"{""time"":1774655816893,""pid"":94,""hostname"":""9a45ddc40bc4"",""level"":""info""}","{""project"":""ce3616d9-58ad-4ec7-a294-1821e1564434"",""environment"":""fb6513d0-42a4-4660-82b5-509c54b15f2a"",""service"":""4978aa94-666c-47c7-8024-3ada55195a51"",""deployment"":""b4365154-eadc-4c11-b568-5a096850e705"",""replica"":""56b3bc11-84b5-4316-abf1-2dec254f4739""}",2026-03-27T23:56:56.897166162Z
[WS NATIVE SEND] Sending for akunsatu type: object preview: AAAbQKHuQx+pw+O+NbGFzQ+tSfo91S+eI9UXOlHx,info,"{""level"":""info""}","{""project"":""ce3616d9-58ad-4ec7-a294-1821e1564434"",""environment"":""fb6513d0-42a4-4660-82b5-509c54b15f2a"",""service"":""4978aa94-666c-47c7-8024-3ada55195a51"",""deployment"":""b4365154-eadc-4c11-b568-5a096850e705"",""replica"":""56b3bc11-84b5-4316-abf1-2dec254f4739""}",2026-03-27T23:56:56.924873038Z
==========================================,info,"{""level"":""info""}","{""project"":""ce3616d9-58ad-4ec7-a294-1821e1564434"",""environment"":""fb6513d0-42a4-4660-82b5-509c54b15f2a"",""service"":""4978aa94-666c-47c7-8024-3ada55195a51"",""deployment"":""b4365154-eadc-4c11-b568-5a096850e705"",""replica"":""56b3bc11-84b5-4316-abf1-2dec254f4739""}",2026-03-27T23:56:56.924881370Z
[CONNECTION UPDATE] ✅ EVENT RECEIVED! {,info,"{""level"":""info""}","{""project"":""ce3616d9-58ad-4ec7-a294-1821e1564434"",""environment"":""fb6513d0-42a4-4660-82b5-509c54b15f2a"",""service"":""4978aa94-666c-47c7-8024-3ada55195a51"",""deployment"":""b4365154-eadc-4c11-b568-5a096850e705"",""replica"":""56b3bc11-84b5-4316-abf1-2dec254f4739""}",2026-03-27T23:56:56.924888209Z
"  accountId: 'akunsatu',",info,"{""level"":""info""}","{""project"":""ce3616d9-58ad-4ec7-a294-1821e1564434"",""environment"":""fb6513d0-42a4-4660-82b5-509c54b15f2a"",""service"":""4978aa94-666c-47c7-8024-3ada55195a51"",""deployment"":""b4365154-eadc-4c11-b568-5a096850e705"",""replica"":""56b3bc11-84b5-4316-abf1-2dec254f4739""}",2026-03-27T23:56:56.924894568Z
"  connection: undefined,",info,"{""level"":""info""}","{""project"":""ce3616d9-58ad-4ec7-a294-1821e1564434"",""environment"":""fb6513d0-42a4-4660-82b5-509c54b15f2a"",""service"":""4978aa94-666c-47c7-8024-3ada55195a51"",""deployment"":""b4365154-eadc-4c11-b568-5a096850e705"",""replica"":""56b3bc11-84b5-4316-abf1-2dec254f4739""}",2026-03-27T23:56:56.924900861Z
"  hasQr: false,",info,"{""level"":""info""}","{""project"":""ce3616d9-58ad-4ec7-a294-1821e1564434"",""environment"":""fb6513d0-42a4-4660-82b5-509c54b15f2a"",""service"":""4978aa94-666c-47c7-8024-3ada55195a51"",""deployment"":""b4365154-eadc-4c11-b568-5a096850e705"",""replica"":""56b3bc11-84b5-4316-abf1-2dec254f4739""}",2026-03-27T23:56:56.924907156Z
"  qrPreview: null,",info,"{""level"":""info""}","{""project"":""ce3616d9-58ad-4ec7-a294-1821e1564434"",""environment"":""fb6513d0-42a4-4660-82b5-509c54b15f2a"",""service"":""4978aa94-666c-47c7-8024-3ada55195a51"",""deployment"":""b4365154-eadc-4c11-b568-5a096850e705"",""replica"":""56b3bc11-84b5-4316-abf1-2dec254f4739""}",2026-03-27T23:56:56.924912350Z
  isNewLogin: true,info,"{""level"":""info""}","{""project"":""ce3616d9-58ad-4ec7-a294-1821e1564434"",""environment"":""fb6513d0-42a4-4660-82b5-509c54b15f2a"",""service"":""4978aa94-666c-47c7-8024-3ada55195a51"",""deployment"":""b4365154-eadc-4c11-b568-5a096850e705"",""replica"":""56b3bc11-84b5-4316-abf1-2dec254f4739""}",2026-03-27T23:56:56.924916384Z
},info,"{""level"":""info""}","{""project"":""ce3616d9-58ad-4ec7-a294-1821e1564434"",""environment"":""fb6513d0-42a4-4660-82b5-509c54b15f2a"",""service"":""4978aa94-666c-47c7-8024-3ada55195a51"",""deployment"":""b4365154-eadc-4c11-b568-5a096850e705"",""replica"":""56b3bc11-84b5-4316-abf1-2dec254f4739""}",2026-03-27T23:56:56.924921047Z
==========================================,info,"{""level"":""info""}","{""project"":""ce3616d9-58ad-4ec7-a294-1821e1564434"",""environment"":""fb6513d0-42a4-4660-82b5-509c54b15f2a"",""service"":""4978aa94-666c-47c7-8024-3ada55195a51"",""deployment"":""b4365154-eadc-4c11-b568-5a096850e705"",""replica"":""56b3bc11-84b5-4316-abf1-2dec254f4739""}",2026-03-27T23:56:56.924926186Z
[WS NATIVE SEND] Sending for akunsatu type: object preview: AADZm3ut+En7e9pI19ynLQqDiBiscEnHe06hGLiTxOvXe5atVppRVyxKkgG7EFo4JMQ=,info,"{""level"":""info""}","{""project"":""ce3616d9-58ad-4ec7-a294-1821e1564434"",""environment"":""fb6513d0-42a4-4660-82b5-509c54b15f2a"",""service"":""4978aa94-666c-47c7-8024-3ada55195a51"",""deployment"":""b4365154-eadc-4c11-b568-5a096850e705"",""replica"":""56b3bc11-84b5-4316-abf1-2dec254f4739""}",2026-03-27T23:56:56.924930326Z
"pairing configured successfully, expect to restart the connection...",info,"{""time"":1774655816919,""pid"":94,""hostname"":""9a45ddc40bc4"",""me"":{""id"":""6288267047790:3@s.whatsapp.net"",""name"":""ryan""},""platform"":""smba"",""level"":""info""}","{""project"":""ce3616d9-58ad-4ec7-a294-1821e1564434"",""environment"":""fb6513d0-42a4-4660-82b5-509c54b15f2a"",""service"":""4978aa94-666c-47c7-8024-3ada55195a51"",""deployment"":""b4365154-eadc-4c11-b568-5a096850e705"",""replica"":""56b3bc11-84b5-4316-abf1-2dec254f4739""}",2026-03-27T23:56:56.924934174Z
updated pushName,info,"{""time"":1774655816920,""pid"":94,""hostname"":""9a45ddc40bc4"",""name"":""ryan"",""level"":""info""}","{""project"":""ce3616d9-58ad-4ec7-a294-1821e1564434"",""environment"":""fb6513d0-42a4-4660-82b5-509c54b15f2a"",""service"":""4978aa94-666c-47c7-8024-3ada55195a51"",""deployment"":""b4365154-eadc-4c11-b568-5a096850e705"",""replica"":""56b3bc11-84b5-4316-abf1-2dec254f4739""}",2026-03-27T23:56:56.924938853Z
[WS NATIVE MESSAGE] Received for akunsatu binary: true len: 52 preview: AAAaYrduVYTQckZEV/gfxeeo19TS5p88feN9HwcAABR65YgGMZLKsfn7PWC0S0ER5Pw=...,info,"{""level"":""info""}","{""project"":""ce3616d9-58ad-4ec7-a294-1821e1564434"",""environment"":""fb6513d0-42a4-4660-82b5-509c54b15f2a"",""service"":""4978aa94-666c-47c7-8024-3ada55195a51"",""deployment"":""b4365154-eadc-4c11-b568-5a096850e705"",""replica"":""56b3bc11-84b5-4316-abf1-2dec254f4739""}",2026-03-27T23:56:57.913140188Z
stream errored out,info,"{""time"":1774655817860,""pid"":94,""hostname"":""9a45ddc40bc4"",""node"":{""tag"":""stream:error"",""attrs"":{""code"":""515""}},""level"":""info""}","{""project"":""ce3616d9-58ad-4ec7-a294-1821e1564434"",""environment"":""fb6513d0-42a4-4660-82b5-509c54b15f2a"",""service"":""4978aa94-666c-47c7-8024-3ada55195a51"",""deployment"":""b4365154-eadc-4c11-b568-5a096850e705"",""replica"":""56b3bc11-84b5-4316-abf1-2dec254f4739""}",2026-03-27T23:56:57.913147095Z
==========================================,info,"{""level"":""info""}","{""project"":""ce3616d9-58ad-4ec7-a294-1821e1564434"",""environment"":""fb6513d0-42a4-4660-82b5-509c54b15f2a"",""service"":""4978aa94-666c-47c7-8024-3ada55195a51"",""deployment"":""b4365154-eadc-4c11-b568-5a096850e705"",""replica"":""56b3bc11-84b5-4316-abf1-2dec254f4739""}",2026-03-27T23:56:57.913153880Z
[CONNECTION UPDATE] ✅ EVENT RECEIVED! {,info,"{""level"":""info""}","{""project"":""ce3616d9-58ad-4ec7-a294-1821e1564434"",""environment"":""fb6513d0-42a4-4660-82b5-509c54b15f2a"",""service"":""4978aa94-666c-47c7-8024-3ada55195a51"",""deployment"":""b4365154-eadc-4c11-b568-5a096850e705"",""replica"":""56b3bc11-84b5-4316-abf1-2dec254f4739""}",2026-03-27T23:56:57.913163927Z
"  accountId: 'akunsatu',",info,"{""level"":""info""}","{""project"":""ce3616d9-58ad-4ec7-a294-1821e1564434"",""environment"":""fb6513d0-42a4-4660-82b5-509c54b15f2a"",""service"":""4978aa94-666c-47c7-8024-3ada55195a51"",""deployment"":""b4365154-eadc-4c11-b568-5a096850e705"",""replica"":""56b3bc11-84b5-4316-abf1-2dec254f4739""}",2026-03-27T23:56:57.913172326Z
"  connection: 'close',",info,"{""level"":""info""}","{""project"":""ce3616d9-58ad-4ec7-a294-1821e1564434"",""environment"":""fb6513d0-42a4-4660-82b5-509c54b15f2a"",""service"":""4978aa94-666c-47c7-8024-3ada55195a51"",""deployment"":""b4365154-eadc-4c11-b568-5a096850e705"",""replica"":""56b3bc11-84b5-4316-abf1-2dec254f4739""}",2026-03-27T23:56:57.913178902Z
"  hasQr: false,",info,"{""level"":""info""}","{""project"":""ce3616d9-58ad-4ec7-a294-1821e1564434"",""environment"":""fb6513d0-42a4-4660-82b5-509c54b15f2a"",""service"":""4978aa94-666c-47c7-8024-3ada55195a51"",""deployment"":""b4365154-eadc-4c11-b568-5a096850e705"",""replica"":""56b3bc11-84b5-4316-abf1-2dec254f4739""}",2026-03-27T23:56:57.913185135Z
"  qrPreview: null,",info,"{""level"":""info""}","{""project"":""ce3616d9-58ad-4ec7-a294-1821e1564434"",""environment"":""fb6513d0-42a4-4660-82b5-509c54b15f2a"",""service"":""4978aa94-666c-47c7-8024-3ada55195a51"",""deployment"":""b4365154-eadc-4c11-b568-5a096850e705"",""replica"":""56b3bc11-84b5-4316-abf1-2dec254f4739""}",2026-03-27T23:56:57.913191825Z
  isNewLogin: undefined,info,"{""level"":""info""}","{""project"":""ce3616d9-58ad-4ec7-a294-1821e1564434"",""environment"":""fb6513d0-42a4-4660-82b5-509c54b15f2a"",""service"":""4978aa94-666c-47c7-8024-3ada55195a51"",""deployment"":""b4365154-eadc-4c11-b568-5a096850e705"",""replica"":""56b3bc11-84b5-4316-abf1-2dec254f4739""}",2026-03-27T23:56:57.913198138Z
},info,"{""level"":""info""}","{""project"":""ce3616d9-58ad-4ec7-a294-1821e1564434"",""environment"":""fb6513d0-42a4-4660-82b5-509c54b15f2a"",""service"":""4978aa94-666c-47c7-8024-3ada55195a51"",""deployment"":""b4365154-eadc-4c11-b568-5a096850e705"",""replica"":""56b3bc11-84b5-4316-abf1-2dec254f4739""}",2026-03-27T23:56:57.913204288Z
==========================================,info,"{""level"":""info""}","{""project"":""ce3616d9-58ad-4ec7-a294-1821e1564434"",""environment"":""fb6513d0-42a4-4660-82b5-509c54b15f2a"",""service"":""4978aa94-666c-47c7-8024-3ada55195a51"",""deployment"":""b4365154-eadc-4c11-b568-5a096850e705"",""replica"":""56b3bc11-84b5-4316-abf1-2dec254f4739""}",2026-03-27T23:56:57.913212194Z
[CONNECTION] ❌ Disconnected: akunsatu code: 515 error: Stream Errored (restart required),info,"{""level"":""info""}","{""project"":""ce3616d9-58ad-4ec7-a294-1821e1564434"",""environment"":""fb6513d0-42a4-4660-82b5-509c54b15f2a"",""service"":""4978aa94-666c-47c7-8024-3ada55195a51"",""deployment"":""b4365154-eadc-4c11-b568-5a096850e705"",""replica"":""56b3bc11-84b5-4316-abf1-2dec254f4739""}",2026-03-27T23:56:57.913218598Z
connection errored,info,"{""time"":1774655817860,""pid"":94,""hostname"":""9a45ddc40bc4"",""trace"":""Error: Stream Errored (restart required)\n    at WebSocketClient.<anonymous> (/app/mini-services/whatsapp-service/node_modules/@whiskeysockets/baileys/src/Socket/socket.ts:648:7)\n    at WebSocketClient.emit (node:events:519:28)\n    at <anonymous> (/app/mini-services/whatsapp-service/node_modules/@whiskeysockets/baileys/src/Socket/socket.ts:327:23)\n    at Object.decodeFrame (/app/mini-services/whatsapp-service/node_modules/@whiskeysockets/baileys/src/Utils/noise-handler.ts:187:5)\n    at process.processTicksAndRejections (node:internal/process/task_queues:105:5)"",""level"":""info""}","{""project"":""ce3616d9-58ad-4ec7-a294-1821e1564434"",""environment"":""fb6513d0-42a4-4660-82b5-509c54b15f2a"",""service"":""4978aa94-666c-47c7-8024-3ada55195a51"",""deployment"":""b4365154-eadc-4c11-b568-5a096850e705"",""replica"":""56b3bc11-84b5-4316-abf1-2dec254f4739""}",2026-03-27T23:56:57.913225688Z
[WS NATIVE MESSAGE] Received for akunsatu binary: true len: 4 preview: iAID8w==,info,"{""level"":""info""}","{""project"":""ce3616d9-58ad-4ec7-a294-1821e1564434"",""environment"":""fb6513d0-42a4-4660-82b5-509c54b15f2a"",""service"":""4978aa94-666c-47c7-8024-3ada55195a51"",""deployment"":""b4365154-eadc-4c11-b568-5a096850e705"",""replica"":""56b3bc11-84b5-4316-abf1-2dec254f4739""}",2026-03-27T23:56:58.026788801Z
[WS NATIVE CLOSE] Native WebSocket closed for akunsatu code: 1006 reason: ,info,"{""level"":""info""}","{""project"":""ce3616d9-58ad-4ec7-a294-1821e1564434"",""environment"":""fb6513d0-42a4-4660-82b5-509c54b15f2a"",""service"":""4978aa94-666c-47c7-8024-3ada55195a51"",""deployment"":""b4365154-eadc-4c11-b568-5a096850e705"",""replica"":""56b3bc11-84b5-4316-abf1-2dec254f4739""}",2026-03-27T23:56:58.026797593Z
[DB] Synced 1 accounts to database,info,"{""level"":""info""}","{""project"":""ce3616d9-58ad-4ec7-a294-1821e1564434"",""environment"":""fb6513d0-42a4-4660-82b5-509c54b15f2a"",""service"":""4978aa94-666c-47c7-8024-3ada55195a51"",""deployment"":""b4365154-eadc-4c11-b568-5a096850e705"",""replica"":""56b3bc11-84b5-4316-abf1-2dec254f4739""}",2026-03-27T23:57:28.601901117Z
[DB] Synced 1 accounts to database,info,"{""level"":""info""}","{""project"":""ce3616d9-58ad-4ec7-a294-1821e1564434"",""environment"":""fb6513d0-42a4-4660-82b5-509c54b15f2a"",""service"":""4978aa94-666c-47c7-8024-3ada55195a51"",""deployment"":""b4365154-eadc-4c11-b568-5a096850e705"",""replica"":""56b3bc11-84b5-4316-abf1-2dec254f4739""}",2026-03-27T23:57:58.767335210Z
==========================================,info,"{""level"":""info""}","{""project"":""ce3616d9-58ad-4ec7-a294-1821e1564434"",""environment"":""fb6513d0-42a4-4660-82b5-509c54b15f2a"",""service"":""4978aa94-666c-47c7-8024-3ada55195a51"",""deployment"":""b4365154-eadc-4c11-b568-5a096850e705"",""replica"":""56b3bc11-84b5-4316-abf1-2dec254f4739""}",2026-03-27T23:58:18.150723358Z
[START SESSION] Called with: {,info,"{""level"":""info""}","{""project"":""ce3616d9-58ad-4ec7-a294-1821e1564434"",""environment"":""fb6513d0-42a4-4660-82b5-509c54b15f2a"",""service"":""4978aa94-666c-47c7-8024-3ada55195a51"",""deployment"":""b4365154-eadc-4c11-b568-5a096850e705"",""replica"":""56b3bc11-84b5-4316-abf1-2dec254f4739""}",2026-03-27T23:58:18.150732651Z
"  accountId: 'akunsatu',",info,"{""level"":""info""}","{""project"":""ce3616d9-58ad-4ec7-a294-1821e1564434"",""environment"":""fb6513d0-42a4-4660-82b5-509c54b15f2a"",""service"":""4978aa94-666c-47c7-8024-3ada55195a51"",""deployment"":""b4365154-eadc-4c11-b568-5a096850e705"",""replica"":""56b3bc11-84b5-4316-abf1-2dec254f4739""}",2026-03-27T23:58:18.150739358Z
"  usePairingCode: false,",info,"{""level"":""info""}","{""project"":""ce3616d9-58ad-4ec7-a294-1821e1564434"",""environment"":""fb6513d0-42a4-4660-82b5-509c54b15f2a"",""service"":""4978aa94-666c-47c7-8024-3ada55195a51"",""deployment"":""b4365154-eadc-4c11-b568-5a096850e705"",""replica"":""56b3bc11-84b5-4316-abf1-2dec254f4739""}",2026-03-27T23:58:18.150747223Z
"  phoneNumber: undefined,",info,"{""level"":""info""}","{""project"":""ce3616d9-58ad-4ec7-a294-1821e1564434"",""environment"":""fb6513d0-42a4-4660-82b5-509c54b15f2a"",""service"":""4978aa94-666c-47c7-8024-3ada55195a51"",""deployment"":""b4365154-eadc-4c11-b568-5a096850e705"",""replica"":""56b3bc11-84b5-4316-abf1-2dec254f4739""}",2026-03-27T23:58:18.150755624Z
[CLEAR SESSION] Attempting to clear session for: akunsatu,info,"{""level"":""info""}","{""project"":""ce3616d9-58ad-4ec7-a294-1821e1564434"",""environment"":""fb6513d0-42a4-4660-82b5-509c54b15f2a"",""service"":""4978aa94-666c-47c7-8024-3ada55195a51"",""deployment"":""b4365154-eadc-4c11-b568-5a096850e705"",""replica"":""56b3bc11-84b5-4316-abf1-2dec254f4739""}",2026-03-27T23:58:18.150756843Z
  forceNew: true,info,"{""level"":""info""}","{""project"":""ce3616d9-58ad-4ec7-a294-1821e1564434"",""environment"":""fb6513d0-42a4-4660-82b5-509c54b15f2a"",""service"":""4978aa94-666c-47c7-8024-3ada55195a51"",""deployment"":""b4365154-eadc-4c11-b568-5a096850e705"",""replica"":""56b3bc11-84b5-4316-abf1-2dec254f4739""}",2026-03-27T23:58:18.150762097Z
},info,"{""level"":""info""}","{""project"":""ce3616d9-58ad-4ec7-a294-1821e1564434"",""environment"":""fb6513d0-42a4-4660-82b5-509c54b15f2a"",""service"":""4978aa94-666c-47c7-8024-3ada55195a51"",""deployment"":""b4365154-eadc-4c11-b568-5a096850e705"",""replica"":""56b3bc11-84b5-4316-abf1-2dec254f4739""}",2026-03-27T23:58:18.150767933Z
[CLEAR SESSION] Session path: /app/mini-services/whatsapp-service/sessions/akunsatu,info,"{""level"":""info""}","{""project"":""ce3616d9-58ad-4ec7-a294-1821e1564434"",""environment"":""fb6513d0-42a4-4660-82b5-509c54b15f2a"",""service"":""4978aa94-666c-47c7-8024-3ada55195a51"",""deployment"":""b4365154-eadc-4c11-b568-5a096850e705"",""replica"":""56b3bc11-84b5-4316-abf1-2dec254f4739""}",2026-03-27T23:58:18.150772797Z
[START SESSION] Current accounts: [],info,"{""level"":""info""}","{""project"":""ce3616d9-58ad-4ec7-a294-1821e1564434"",""environment"":""fb6513d0-42a4-4660-82b5-509c54b15f2a"",""service"":""4978aa94-666c-47c7-8024-3ada55195a51"",""deployment"":""b4365154-eadc-4c11-b568-5a096850e705"",""replica"":""56b3bc11-84b5-4316-abf1-2dec254f4739""}",2026-03-27T23:58:18.150774229Z
==========================================,info,"{""level"":""info""}","{""project"":""ce3616d9-58ad-4ec7-a294-1821e1564434"",""environment"":""fb6513d0-42a4-4660-82b5-509c54b15f2a"",""service"":""4978aa94-666c-47c7-8024-3ada55195a51"",""deployment"":""b4365154-eadc-4c11-b568-5a096850e705"",""replica"":""56b3bc11-84b5-4316-abf1-2dec254f4739""}",2026-03-27T23:58:18.150780719Z
[CLEAR SESSION] Session directory exists,info,"{""level"":""info""}","{""project"":""ce3616d9-58ad-4ec7-a294-1821e1564434"",""environment"":""fb6513d0-42a4-4660-82b5-509c54b15f2a"",""service"":""4978aa94-666c-47c7-8024-3ada55195a51"",""deployment"":""b4365154-eadc-4c11-b568-5a096850e705"",""replica"":""56b3bc11-84b5-4316-abf1-2dec254f4739""}",2026-03-27T23:58:18.150783201Z
"[START SESSION] forceNew=true, clearing old session data...",info,"{""level"":""info""}","{""project"":""ce3616d9-58ad-4ec7-a294-1821e1564434"",""environment"":""fb6513d0-42a4-4660-82b5-509c54b15f2a"",""service"":""4978aa94-666c-47c7-8024-3ada55195a51"",""deployment"":""b4365154-eadc-4c11-b568-5a096850e705"",""replica"":""56b3bc11-84b5-4316-abf1-2dec254f4739""}",2026-03-27T23:58:18.150787136Z
[CLEAR SESSION] Deleting session directory with rimraf...,info,"{""level"":""info""}","{""project"":""ce3616d9-58ad-4ec7-a294-1821e1564434"",""environment"":""fb6513d0-42a4-4660-82b5-509c54b15f2a"",""service"":""4978aa94-666c-47c7-8024-3ada55195a51"",""deployment"":""b4365154-eadc-4c11-b568-5a096850e705"",""replica"":""56b3bc11-84b5-4316-abf1-2dec254f4739""}",2026-03-27T23:58:18.150793742Z
[CLEAR SESSION] ✅ Session directory successfully deleted,info,"{""level"":""info""}","{""project"":""ce3616d9-58ad-4ec7-a294-1821e1564434"",""environment"":""fb6513d0-42a4-4660-82b5-509c54b15f2a"",""service"":""4978aa94-666c-47c7-8024-3ada55195a51"",""deployment"":""b4365154-eadc-4c11-b568-5a096850e705"",""replica"":""56b3bc11-84b5-4316-abf1-2dec254f4739""}",2026-03-27T23:58:18.150800681Z
[START SESSION] ✅ Session data cleared successfully,info,"{""level"":""info""}","{""project"":""ce3616d9-58ad-4ec7-a294-1821e1564434"",""environment"":""fb6513d0-42a4-4660-82b5-509c54b15f2a"",""service"":""4978aa94-666c-47c7-8024-3ada55195a51"",""deployment"":""b4365154-eadc-4c11-b568-5a096850e705"",""replica"":""56b3bc11-84b5-4316-abf1-2dec254f4739""}",2026-03-27T23:58:18.150808570Z
[START SESSION] Session directory created: /app/mini-services/whatsapp-service/sessions/akunsatu,info,"{""level"":""info""}","{""project"":""ce3616d9-58ad-4ec7-a294-1821e1564434"",""environment"":""fb6513d0-42a4-4660-82b5-509c54b15f2a"",""service"":""4978aa94-666c-47c7-8024-3ada55195a51"",""deployment"":""b4365154-eadc-4c11-b568-5a096850e705"",""replica"":""56b3bc11-84b5-4316-abf1-2dec254f4739""}",2026-03-27T23:58:18.150815542Z
[START SESSION] Loading auth state...,info,"{""level"":""info""}","{""project"":""ce3616d9-58ad-4ec7-a294-1821e1564434"",""environment"":""fb6513d0-42a4-4660-82b5-509c54b15f2a"",""service"":""4978aa94-666c-47c7-8024-3ada55195a51"",""deployment"":""b4365154-eadc-4c11-b568-5a096850e705"",""replica"":""56b3bc11-84b5-4316-abf1-2dec254f4739""}",2026-03-27T23:58:18.150822912Z
[START SESSION] Auth state loaded:,info,"{""level"":""info""}","{""project"":""ce3616d9-58ad-4ec7-a294-1821e1564434"",""environment"":""fb6513d0-42a4-4660-82b5-509c54b15f2a"",""service"":""4978aa94-666c-47c7-8024-3ada55195a51"",""deployment"":""b4365154-eadc-4c11-b568-5a096850e705"",""replica"":""56b3bc11-84b5-4316-abf1-2dec254f4739""}",2026-03-27T23:58:18.150832274Z
[START SESSION] - hasCreds: true,info,"{""level"":""info""}","{""project"":""ce3616d9-58ad-4ec7-a294-1821e1564434"",""environment"":""fb6513d0-42a4-4660-82b5-509c54b15f2a"",""service"":""4978aa94-666c-47c7-8024-3ada55195a51"",""deployment"":""b4365154-eadc-4c11-b568-5a096850e705"",""replica"":""56b3bc11-84b5-4316-abf1-2dec254f4739""}",2026-03-27T23:58:18.150839653Z
[START SESSION] - creds.me exists: false,info,"{""level"":""info""}","{""project"":""ce3616d9-58ad-4ec7-a294-1821e1564434"",""environment"":""fb6513d0-42a4-4660-82b5-509c54b15f2a"",""service"":""4978aa94-666c-47c7-8024-3ada55195a51"",""deployment"":""b4365154-eadc-4c11-b568-5a096850e705"",""replica"":""56b3bc11-84b5-4316-abf1-2dec254f4739""}",2026-03-27T23:58:18.150846093Z
[START SESSION] - creds.me.id: N/A,info,"{""level"":""info""}","{""project"":""ce3616d9-58ad-4ec7-a294-1821e1564434"",""environment"":""fb6513d0-42a4-4660-82b5-509c54b15f2a"",""service"":""4978aa94-666c-47c7-8024-3ada55195a51"",""deployment"":""b4365154-eadc-4c11-b568-5a096850e705"",""replica"":""56b3bc11-84b5-4316-abf1-2dec254f4739""}",2026-03-27T23:58:18.150855830Z
[START SESSION] - creds.me.name: N/A,info,"{""level"":""info""}","{""project"":""ce3616d9-58ad-4ec7-a294-1821e1564434"",""environment"":""fb6513d0-42a4-4660-82b5-509c54b15f2a"",""service"":""4978aa94-666c-47c7-8024-3ada55195a51"",""deployment"":""b4365154-eadc-4c11-b568-5a096850e705"",""replica"":""56b3bc11-84b5-4316-abf1-2dec254f4739""}",2026-03-27T23:58:18.150862919Z
[START SESSION] - This account will: REGISTER (expect QR),info,"{""level"":""info""}","{""project"":""ce3616d9-58ad-4ec7-a294-1821e1564434"",""environment"":""fb6513d0-42a4-4660-82b5-509c54b15f2a"",""service"":""4978aa94-666c-47c7-8024-3ada55195a51"",""deployment"":""b4365154-eadc-4c11-b568-5a096850e705"",""replica"":""56b3bc11-84b5-4316-abf1-2dec254f4739""}",2026-03-27T23:58:18.150869610Z
[START SESSION] Fetching Baileys version...,info,"{""level"":""info""}","{""project"":""ce3616d9-58ad-4ec7-a294-1821e1564434"",""environment"":""fb6513d0-42a4-4660-82b5-509c54b15f2a"",""service"":""4978aa94-666c-47c7-8024-3ada55195a51"",""deployment"":""b4365154-eadc-4c11-b568-5a096850e705"",""replica"":""56b3bc11-84b5-4316-abf1-2dec254f4739""}",2026-03-27T23:58:18.153785687Z
"[START SESSION] Baileys version: [ 2, 3000, 1035194821 ]",info,"{""level"":""info""}","{""project"":""ce3616d9-58ad-4ec7-a294-1821e1564434"",""environment"":""fb6513d0-42a4-4660-82b5-509c54b15f2a"",""service"":""4978aa94-666c-47c7-8024-3ada55195a51"",""deployment"":""b4365154-eadc-4c11-b568-5a096850e705"",""replica"":""56b3bc11-84b5-4316-abf1-2dec254f4739""}",2026-03-27T23:58:18.153794802Z
[START SESSION] Creating WhatsApp socket...,info,"{""level"":""info""}","{""project"":""ce3616d9-58ad-4ec7-a294-1821e1564434"",""environment"":""fb6513d0-42a4-4660-82b5-509c54b15f2a"",""service"":""4978aa94-666c-47c7-8024-3ada55195a51"",""deployment"":""b4365154-eadc-4c11-b568-5a096850e705"",""replica"":""56b3bc11-84b5-4316-abf1-2dec254f4739""}",2026-03-27T23:58:18.153801103Z
[NETWORK] Testing connectivity to WhatsApp servers...,info,"{""level"":""info""}","{""project"":""ce3616d9-58ad-4ec7-a294-1821e1564434"",""environment"":""fb6513d0-42a4-4660-82b5-509c54b15f2a"",""service"":""4978aa94-666c-47c7-8024-3ada55195a51"",""deployment"":""b4365154-eadc-4c11-b568-5a096850e705"",""replica"":""56b3bc11-84b5-4316-abf1-2dec254f4739""}",2026-03-27T23:58:18.153806770Z
[NETWORK] DNS resolution for web.whatsapp.com: [ '57.144.15.32' ],info,"{""level"":""info""}","{""project"":""ce3616d9-58ad-4ec7-a294-1821e1564434"",""environment"":""fb6513d0-42a4-4660-82b5-509c54b15f2a"",""service"":""4978aa94-666c-47c7-8024-3ada55195a51"",""deployment"":""b4365154-eadc-4c11-b568-5a096850e705"",""replica"":""56b3bc11-84b5-4316-abf1-2dec254f4739""}",2026-03-27T23:58:18.153812238Z
[NETWORK] HTTPS test to web.whatsapp.com: Status 200,info,"{""level"":""info""}","{""project"":""ce3616d9-58ad-4ec7-a294-1821e1564434"",""environment"":""fb6513d0-42a4-4660-82b5-509c54b15f2a"",""service"":""4978aa94-666c-47c7-8024-3ada55195a51"",""deployment"":""b4365154-eadc-4c11-b568-5a096850e705"",""replica"":""56b3bc11-84b5-4316-abf1-2dec254f4739""}",2026-03-27T23:58:18.153818497Z
[SOCKET] makeWASocket created for: akunsatu,info,"{""level"":""info""}","{""project"":""ce3616d9-58ad-4ec7-a294-1821e1564434"",""environment"":""fb6513d0-42a4-4660-82b5-509c54b15f2a"",""service"":""4978aa94-666c-47c7-8024-3ada55195a51"",""deployment"":""b4365154-eadc-4c11-b568-5a096850e705"",""replica"":""56b3bc11-84b5-4316-abf1-2dec254f4739""}",2026-03-27T23:58:18.153824057Z
[SOCKET] Socket has ev? true,info,"{""level"":""info""}","{""project"":""ce3616d9-58ad-4ec7-a294-1821e1564434"",""environment"":""fb6513d0-42a4-4660-82b5-509c54b15f2a"",""service"":""4978aa94-666c-47c7-8024-3ada55195a51"",""deployment"":""b4365154-eadc-4c11-b568-5a096850e705"",""replica"":""56b3bc11-84b5-4316-abf1-2dec254f4739""}",2026-03-27T23:58:18.153829808Z
[SOCKET] Socket has ws? true,info,"{""level"":""info""}","{""project"":""ce3616d9-58ad-4ec7-a294-1821e1564434"",""environment"":""fb6513d0-42a4-4660-82b5-509c54b15f2a"",""service"":""4978aa94-666c-47c7-8024-3ada55195a51"",""deployment"":""b4365154-eadc-4c11-b568-5a096850e705"",""replica"":""56b3bc11-84b5-4316-abf1-2dec254f4739""}",2026-03-27T23:58:18.153834726Z
[SOCKET] Socket user? undefined,info,"{""level"":""info""}","{""project"":""ce3616d9-58ad-4ec7-a294-1821e1564434"",""environment"":""fb6513d0-42a4-4660-82b5-509c54b15f2a"",""service"":""4978aa94-666c-47c7-8024-3ada55195a51"",""deployment"":""b4365154-eadc-4c11-b568-5a096850e705"",""replica"":""56b3bc11-84b5-4316-abf1-2dec254f4739""}",2026-03-27T23:58:18.153839533Z
[ACCOUNT] ✅ Added pending account to map immediately: akunsatu,info,"{""level"":""info""}","{""project"":""ce3616d9-58ad-4ec7-a294-1821e1564434"",""environment"":""fb6513d0-42a4-4660-82b5-509c54b15f2a"",""service"":""4978aa94-666c-47c7-8024-3ada55195a51"",""deployment"":""b4365154-eadc-4c11-b568-5a096850e705"",""replica"":""56b3bc11-84b5-4316-abf1-2dec254f4739""}",2026-03-27T23:58:18.153845627Z
[SOCKET] 🚀 Registering connection.update handler IMMEDIATELY for: akunsatu,info,"{""level"":""info""}","{""project"":""ce3616d9-58ad-4ec7-a294-1821e1564434"",""environment"":""fb6513d0-42a4-4660-82b5-509c54b15f2a"",""service"":""4978aa94-666c-47c7-8024-3ada55195a51"",""deployment"":""b4365154-eadc-4c11-b568-5a096850e705"",""replica"":""56b3bc11-84b5-4316-abf1-2dec254f4739""}",2026-03-27T23:58:18.153850595Z
[SOCKET] ✅ Event handlers registered IMMEDIATELY,info,"{""level"":""info""}","{""project"":""ce3616d9-58ad-4ec7-a294-1821e1564434"",""environment"":""fb6513d0-42a4-4660-82b5-509c54b15f2a"",""service"":""4978aa94-666c-47c7-8024-3ada55195a51"",""deployment"":""b4365154-eadc-4c11-b568-5a096850e705"",""replica"":""56b3bc11-84b5-4316-abf1-2dec254f4739""}",2026-03-27T23:58:18.153855187Z
[WS] Native WebSocket exists: true,info,"{""level"":""info""}","{""project"":""ce3616d9-58ad-4ec7-a294-1821e1564434"",""environment"":""fb6513d0-42a4-4660-82b5-509c54b15f2a"",""service"":""4978aa94-666c-47c7-8024-3ada55195a51"",""deployment"":""b4365154-eadc-4c11-b568-5a096850e705"",""replica"":""56b3bc11-84b5-4316-abf1-2dec254f4739""}",2026-03-27T23:58:18.153860993Z
[WS] Native WebSocket state: 0 = CONNECTING,info,"{""level"":""info""}","{""project"":""ce3616d9-58ad-4ec7-a294-1821e1564434"",""environment"":""fb6513d0-42a4-4660-82b5-509c54b15f2a"",""service"":""4978aa94-666c-47c7-8024-3ada55195a51"",""deployment"":""b4365154-eadc-4c11-b568-5a096850e705"",""replica"":""56b3bc11-84b5-4316-abf1-2dec254f4739""}",2026-03-27T23:58:18.153865933Z
[WS] WebSocketClient isConnecting: true,info,"{""level"":""info""}","{""project"":""ce3616d9-58ad-4ec7-a294-1821e1564434"",""environment"":""fb6513d0-42a4-4660-82b5-509c54b15f2a"",""service"":""4978aa94-666c-47c7-8024-3ada55195a51"",""deployment"":""b4365154-eadc-4c11-b568-5a096850e705"",""replica"":""56b3bc11-84b5-4316-abf1-2dec254f4739""}",2026-03-27T23:58:18.153871981Z
[WS] WebSocketClient isOpen: false,info,"{""level"":""info""}","{""project"":""ce3616d9-58ad-4ec7-a294-1821e1564434"",""environment"":""fb6513d0-42a4-4660-82b5-509c54b15f2a"",""service"":""4978aa94-666c-47c7-8024-3ada55195a51"",""deployment"":""b4365154-eadc-4c11-b568-5a096850e705"",""replica"":""56b3bc11-84b5-4316-abf1-2dec254f4739""}",2026-03-27T23:58:18.153877236Z
[WS] WebSocketClient isClosed: false,info,"{""level"":""info""}","{""project"":""ce3616d9-58ad-4ec7-a294-1821e1564434"",""environment"":""fb6513d0-42a4-4660-82b5-509c54b15f2a"",""service"":""4978aa94-666c-47c7-8024-3ada55195a51"",""deployment"":""b4365154-eadc-4c11-b568-5a096850e705"",""replica"":""56b3bc11-84b5-4316-abf1-2dec254f4739""}",2026-03-27T23:58:18.153882270Z
[WS] WebSocket URL: URL {,info,"{""level"":""info""}","{""project"":""ce3616d9-58ad-4ec7-a294-1821e1564434"",""environment"":""fb6513d0-42a4-4660-82b5-509c54b15f2a"",""service"":""4978aa94-666c-47c7-8024-3ada55195a51"",""deployment"":""b4365154-eadc-4c11-b568-5a096850e705"",""replica"":""56b3bc11-84b5-4316-abf1-2dec254f4739""}",2026-03-27T23:58:18.153887097Z
"  href: 'wss://web.whatsapp.com/ws/chat',",info,"{""level"":""info""}","{""project"":""ce3616d9-58ad-4ec7-a294-1821e1564434"",""environment"":""fb6513d0-42a4-4660-82b5-509c54b15f2a"",""service"":""4978aa94-666c-47c7-8024-3ada55195a51"",""deployment"":""b4365154-eadc-4c11-b568-5a096850e705"",""replica"":""56b3bc11-84b5-4316-abf1-2dec254f4739""}",2026-03-27T23:58:18.153893175Z
"  origin: 'wss://web.whatsapp.com',",info,"{""level"":""info""}","{""project"":""ce3616d9-58ad-4ec7-a294-1821e1564434"",""environment"":""fb6513d0-42a4-4660-82b5-509c54b15f2a"",""service"":""4978aa94-666c-47c7-8024-3ada55195a51"",""deployment"":""b4365154-eadc-4c11-b568-5a096850e705"",""replica"":""56b3bc11-84b5-4316-abf1-2dec254f4739""}",2026-03-27T23:58:18.153898903Z
"  protocol: 'wss:',",info,"{""level"":""info""}","{""project"":""ce3616d9-58ad-4ec7-a294-1821e1564434"",""environment"":""fb6513d0-42a4-4660-82b5-509c54b15f2a"",""service"":""4978aa94-666c-47c7-8024-3ada55195a51"",""deployment"":""b4365154-eadc-4c11-b568-5a096850e705"",""replica"":""56b3bc11-84b5-4316-abf1-2dec254f4739""}",2026-03-27T23:58:18.153903972Z
"  username: '',",info,"{""level"":""info""}","{""project"":""ce3616d9-58ad-4ec7-a294-1821e1564434"",""environment"":""fb6513d0-42a4-4660-82b5-509c54b15f2a"",""service"":""4978aa94-666c-47c7-8024-3ada55195a51"",""deployment"":""b4365154-eadc-4c11-b568-5a096850e705"",""replica"":""56b3bc11-84b5-4316-abf1-2dec254f4739""}",2026-03-27T23:58:18.153909029Z
"  password: '',",info,"{""level"":""info""}","{""project"":""ce3616d9-58ad-4ec7-a294-1821e1564434"",""environment"":""fb6513d0-42a4-4660-82b5-509c54b15f2a"",""service"":""4978aa94-666c-47c7-8024-3ada55195a51"",""deployment"":""b4365154-eadc-4c11-b568-5a096850e705"",""replica"":""56b3bc11-84b5-4316-abf1-2dec254f4739""}",2026-03-27T23:58:18.153913957Z
"  qrPreview: null,",info,"{""level"":""info""}","{""project"":""ce3616d9-58ad-4ec7-a294-1821e1564434"",""environment"":""fb6513d0-42a4-4660-82b5-509c54b15f2a"",""service"":""4978aa94-666c-47c7-8024-3ada55195a51"",""deployment"":""b4365154-eadc-4c11-b568-5a096850e705"",""replica"":""56b3bc11-84b5-4316-abf1-2dec254f4739""}",2026-03-27T23:58:18.157476243Z
  isNewLogin: undefined,info,"{""level"":""info""}","{""project"":""ce3616d9-58ad-4ec7-a294-1821e1564434"",""environment"":""fb6513d0-42a4-4660-82b5-509c54b15f2a"",""service"":""4978aa94-666c-47c7-8024-3ada55195a51"",""deployment"":""b4365154-eadc-4c11-b568-5a096850e705"",""replica"":""56b3bc11-84b5-4316-abf1-2dec254f4739""}",2026-03-27T23:58:18.157486231Z
},info,"{""level"":""info""}","{""project"":""ce3616d9-58ad-4ec7-a294-1821e1564434"",""environment"":""fb6513d0-42a4-4660-82b5-509c54b15f2a"",""service"":""4978aa94-666c-47c7-8024-3ada55195a51"",""deployment"":""b4365154-eadc-4c11-b568-5a096850e705"",""replica"":""56b3bc11-84b5-4316-abf1-2dec254f4739""}",2026-03-27T23:58:18.157494011Z
==========================================,info,"{""level"":""info""}","{""project"":""ce3616d9-58ad-4ec7-a294-1821e1564434"",""environment"":""fb6513d0-42a4-4660-82b5-509c54b15f2a"",""service"":""4978aa94-666c-47c7-8024-3ada55195a51"",""deployment"":""b4365154-eadc-4c11-b568-5a096850e705"",""replica"":""56b3bc11-84b5-4316-abf1-2dec254f4739""}",2026-03-27T23:58:18.157505524Z
"  host: 'web.whatsapp.com',",info,"{""level"":""info""}","{""project"":""ce3616d9-58ad-4ec7-a294-1821e1564434"",""environment"":""fb6513d0-42a4-4660-82b5-509c54b15f2a"",""service"":""4978aa94-666c-47c7-8024-3ada55195a51"",""deployment"":""b4365154-eadc-4c11-b568-5a096850e705"",""replica"":""56b3bc11-84b5-4316-abf1-2dec254f4739""}",2026-03-27T23:58:18.157510094Z
connected to WA,info,"{""time"":1774655897130,""pid"":94,""hostname"":""9a45ddc40bc4"",""browser"":[""Mac OS"",""Chrome"",""14.4.1""],""helloMsg"":{""clientHello"":{""ephemeral"":""LDLvjDj960a0wRJnHrhPzboe7ka0+kz7+3nSPM2QOGY=""}},""level"":""info""}","{""project"":""ce3616d9-58ad-4ec7-a294-1821e1564434"",""environment"":""fb6513d0-42a4-4660-82b5-509c54b15f2a"",""service"":""4978aa94-666c-47c7-8024-3ada55195a51"",""deployment"":""b4365154-eadc-4c11-b568-5a096850e705"",""replica"":""56b3bc11-84b5-4316-abf1-2dec254f4739""}",2026-03-27T23:58:18.157514261Z
"  hostname: 'web.whatsapp.com',",info,"{""level"":""info""}","{""project"":""ce3616d9-58ad-4ec7-a294-1821e1564434"",""environment"":""fb6513d0-42a4-4660-82b5-509c54b15f2a"",""service"":""4978aa94-666c-47c7-8024-3ada55195a51"",""deployment"":""b4365154-eadc-4c11-b568-5a096850e705"",""replica"":""56b3bc11-84b5-4316-abf1-2dec254f4739""}",2026-03-27T23:58:18.157521709Z
[WS NATIVE SEND] Sending for akunsatu type: object preview: V0EGAwAAJBIiCiAsMu+MOP3rRrTBEmceuE/Nuh7uRrT6TPv7edI8zZA4Zg==,info,"{""level"":""info""}","{""project"":""ce3616d9-58ad-4ec7-a294-1821e1564434"",""environment"":""fb6513d0-42a4-4660-82b5-509c54b15f2a"",""service"":""4978aa94-666c-47c7-8024-3ada55195a51"",""deployment"":""b4365154-eadc-4c11-b568-5a096850e705"",""replica"":""56b3bc11-84b5-4316-abf1-2dec254f4739""}",2026-03-27T23:58:18.157522901Z
"  port: '',",info,"{""level"":""info""}","{""project"":""ce3616d9-58ad-4ec7-a294-1821e1564434"",""environment"":""fb6513d0-42a4-4660-82b5-509c54b15f2a"",""service"":""4978aa94-666c-47c7-8024-3ada55195a51"",""deployment"":""b4365154-eadc-4c11-b568-5a096850e705"",""replica"":""56b3bc11-84b5-4316-abf1-2dec254f4739""}",2026-03-27T23:58:18.157531568Z
[WS NATIVE OPEN] Native WebSocket opened for akunsatu,info,"{""level"":""info""}","{""project"":""ce3616d9-58ad-4ec7-a294-1821e1564434"",""environment"":""fb6513d0-42a4-4660-82b5-509c54b15f2a"",""service"":""4978aa94-666c-47c7-8024-3ada55195a51"",""deployment"":""b4365154-eadc-4c11-b568-5a096850e705"",""replica"":""56b3bc11-84b5-4316-abf1-2dec254f4739""}",2026-03-27T23:58:18.157532245Z
"  pathname: '/ws/chat',",info,"{""level"":""info""}","{""project"":""ce3616d9-58ad-4ec7-a294-1821e1564434"",""environment"":""fb6513d0-42a4-4660-82b5-509c54b15f2a"",""service"":""4978aa94-666c-47c7-8024-3ada55195a51"",""deployment"":""b4365154-eadc-4c11-b568-5a096850e705"",""replica"":""56b3bc11-84b5-4316-abf1-2dec254f4739""}",2026-03-27T23:58:18.157541832Z
[WS NATIVE MESSAGE] Received for akunsatu binary: true len: 350 preview: AAFbGtgCCiDkWg68lYNz9gg9KMOFdOBU5UXkTfQpj3xoO5imN6m4ChIwdXmWT1gmfVg=...,info,"{""level"":""info""}","{""project"":""ce3616d9-58ad-4ec7-a294-1821e1564434"",""environment"":""fb6513d0-42a4-4660-82b5-509c54b15f2a"",""service"":""4978aa94-666c-47c7-8024-3ada55195a51"",""deployment"":""b4365154-eadc-4c11-b568-5a096850e705"",""replica"":""56b3bc11-84b5-4316-abf1-2dec254f4739""}",2026-03-27T23:58:18.157542095Z
"not logged in, attempting registration...",info,"{""time"":1774655897347,""pid"":94,""hostname"":""9a45ddc40bc4"",""node"":{""passive"":false,""userAgent"":{""platform"":""WEB"",""appVersion"":{""primary"":2,""secondary"":3000,""tertiary"":1035194821},""mcc"":""000"",""mnc"":""000"",""osVersion"":""0.1"",""device"":""Desktop"",""osBuildNumber"":""0.1"",""releaseChannel"":""RELEASE"",""localeLanguageIso6391"":""en"",""localeCountryIso31661Alpha2"":""US""},""webInfo"":{""webSubPlatform"":""WEB_BROWSER""},""connectType"":""WIFI_UNKNOWN"",""connectReason"":""USER_ACTIVATED"",""devicePairingData"":{""eRegid"":""AAAAGg=="",""eKeytype"":""BQ=="",""eIdent"":""Bkz+7qk6qmJWaSZO+2S3QsSNDsyLxTUyKA5yN0/+R1E="",""eSkeyId"":""AAAB"",""eSkeyVal"":""7EuVr1dq9QwqOU/eJ4sp3grymHIXvilhd1363q/GAUw="",""eSkeySig"":""2Iy4Y9sOnerAPNegE8eHYzV8lUy+wQVzzis1KT6fj9Gt22IGQVZ4PH7Do9W/8WmVsc6jL3xIdYUiSnVvrLYnDQ=="",""buildHash"":""oslHHv+RCp4a5lmJCiiHLQ=="",""deviceProps"":""CgZNYWMgT1MYASAAKhUYgFAgATAAOAFAAUgBUAFYAWABcAE=""},""pull"":false},""level"":""info""}","{""project"":""ce3616d9-58ad-4ec7-a294-1821e1564434"",""environment"":""fb6513d0-42a4-4660-82b5-509c54b15f2a"",""service"":""4978aa94-666c-47c7-8024-3ada55195a51"",""deployment"":""b4365154-eadc-4c11-b568-5a096850e705"",""replica"":""56b3bc11-84b5-4316-abf1-2dec254f4739""}",2026-03-27T23:58:18.157551189Z
"  search: '',",info,"{""level"":""info""}","{""project"":""ce3616d9-58ad-4ec7-a294-1821e1564434"",""environment"":""fb6513d0-42a4-4660-82b5-509c54b15f2a"",""service"":""4978aa94-666c-47c7-8024-3ada55195a51"",""deployment"":""b4365154-eadc-4c11-b568-5a096850e705"",""replica"":""56b3bc11-84b5-4316-abf1-2dec254f4739""}",2026-03-27T23:58:18.157561037Z
"  searchParams: URLSearchParams {},",info,"{""level"":""info""}","{""project"":""ce3616d9-58ad-4ec7-a294-1821e1564434"",""environment"":""fb6513d0-42a4-4660-82b5-509c54b15f2a"",""service"":""4978aa94-666c-47c7-8024-3ada55195a51"",""deployment"":""b4365154-eadc-4c11-b568-5a096850e705"",""replica"":""56b3bc11-84b5-4316-abf1-2dec254f4739""}",2026-03-27T23:58:18.157573535Z
  hash: '',info,"{""level"":""info""}","{""project"":""ce3616d9-58ad-4ec7-a294-1821e1564434"",""environment"":""fb6513d0-42a4-4660-82b5-509c54b15f2a"",""service"":""4978aa94-666c-47c7-8024-3ada55195a51"",""deployment"":""b4365154-eadc-4c11-b568-5a096850e705"",""replica"":""56b3bc11-84b5-4316-abf1-2dec254f4739""}",2026-03-27T23:58:18.157581888Z
},info,"{""level"":""info""}","{""project"":""ce3616d9-58ad-4ec7-a294-1821e1564434"",""environment"":""fb6513d0-42a4-4660-82b5-509c54b15f2a"",""service"":""4978aa94-666c-47c7-8024-3ada55195a51"",""deployment"":""b4365154-eadc-4c11-b568-5a096850e705"",""replica"":""56b3bc11-84b5-4316-abf1-2dec254f4739""}",2026-03-27T23:58:18.157590226Z
[SESSION] ✅ Retrieved account from map: akunsatu,info,"{""level"":""info""}","{""project"":""ce3616d9-58ad-4ec7-a294-1821e1564434"",""environment"":""fb6513d0-42a4-4660-82b5-509c54b15f2a"",""service"":""4978aa94-666c-47c7-8024-3ada55195a51"",""deployment"":""b4365154-eadc-4c11-b568-5a096850e705"",""replica"":""56b3bc11-84b5-4316-abf1-2dec254f4739""}",2026-03-27T23:58:18.157597753Z
==========================================,info,"{""level"":""info""}","{""project"":""ce3616d9-58ad-4ec7-a294-1821e1564434"",""environment"":""fb6513d0-42a4-4660-82b5-509c54b15f2a"",""service"":""4978aa94-666c-47c7-8024-3ada55195a51"",""deployment"":""b4365154-eadc-4c11-b568-5a096850e705"",""replica"":""56b3bc11-84b5-4316-abf1-2dec254f4739""}",2026-03-27T23:58:18.157607604Z
[CONNECTION UPDATE] ✅ EVENT RECEIVED! {,info,"{""level"":""info""}","{""project"":""ce3616d9-58ad-4ec7-a294-1821e1564434"",""environment"":""fb6513d0-42a4-4660-82b5-509c54b15f2a"",""service"":""4978aa94-666c-47c7-8024-3ada55195a51"",""deployment"":""b4365154-eadc-4c11-b568-5a096850e705"",""replica"":""56b3bc11-84b5-4316-abf1-2dec254f4739""}",2026-03-27T23:58:18.157614663Z
"  accountId: 'akunsatu',",info,"{""level"":""info""}","{""project"":""ce3616d9-58ad-4ec7-a294-1821e1564434"",""environment"":""fb6513d0-42a4-4660-82b5-509c54b15f2a"",""service"":""4978aa94-666c-47c7-8024-3ada55195a51"",""deployment"":""b4365154-eadc-4c11-b568-5a096850e705"",""replica"":""56b3bc11-84b5-4316-abf1-2dec254f4739""}",2026-03-27T23:58:18.157622388Z
"  connection: 'connecting',",info,"{""level"":""info""}","{""project"":""ce3616d9-58ad-4ec7-a294-1821e1564434"",""environment"":""fb6513d0-42a4-4660-82b5-509c54b15f2a"",""service"":""4978aa94-666c-47c7-8024-3ada55195a51"",""deployment"":""b4365154-eadc-4c11-b568-5a096850e705"",""replica"":""56b3bc11-84b5-4316-abf1-2dec254f4739""}",2026-03-27T23:58:18.157630282Z
"  hasQr: false,",info,"{""level"":""info""}","{""project"":""ce3616d9-58ad-4ec7-a294-1821e1564434"",""environment"":""fb6513d0-42a4-4660-82b5-509c54b15f2a"",""service"":""4978aa94-666c-47c7-8024-3ada55195a51"",""deployment"":""b4365154-eadc-4c11-b568-5a096850e705"",""replica"":""56b3bc11-84b5-4316-abf1-2dec254f4739""}",2026-03-27T23:58:18.157638169Z
[WS NATIVE SEND] Sending for akunsatu type: object preview: AAFcItkCCjDW8d9vQdG5cydnaFIASBjnbpmN+kXPJr+H92CLBNGRqrBlWHh2kebGNio=,info,"{""level"":""info""}","{""project"":""ce3616d9-58ad-4ec7-a294-1821e1564434"",""environment"":""fb6513d0-42a4-4660-82b5-509c54b15f2a"",""service"":""4978aa94-666c-47c7-8024-3ada55195a51"",""deployment"":""b4365154-eadc-4c11-b568-5a096850e705"",""replica"":""56b3bc11-84b5-4316-abf1-2dec254f4739""}",2026-03-27T23:58:18.159829223Z
[WS NATIVE MESSAGE] Received for akunsatu binary: true len: 698 preview: AAK3iJLSc2wNHjkZK+cHfgyGZG3/acU6pflLE36hgLEodh3n2TcvLn2spxaMLQqpqcA=...,info,"{""level"":""info""}","{""project"":""ce3616d9-58ad-4ec7-a294-1821e1564434"",""environment"":""fb6513d0-42a4-4660-82b5-509c54b15f2a"",""service"":""4978aa94-666c-47c7-8024-3ada55195a51"",""deployment"":""b4365154-eadc-4c11-b568-5a096850e705"",""replica"":""56b3bc11-84b5-4316-abf1-2dec254f4739""}",2026-03-27T23:58:18.159836481Z
[WS NATIVE SEND] Sending for akunsatu type: object preview: AAAilbZ7/q3CGrUNjRTTsV9TsvVeW7rrJj18sm2qMuuzIt3MMA==,info,"{""level"":""info""}","{""project"":""ce3616d9-58ad-4ec7-a294-1821e1564434"",""environment"":""fb6513d0-42a4-4660-82b5-509c54b15f2a"",""service"":""4978aa94-666c-47c7-8024-3ada55195a51"",""deployment"":""b4365154-eadc-4c11-b568-5a096850e705"",""replica"":""56b3bc11-84b5-4316-abf1-2dec254f4739""}",2026-03-27T23:58:18.159842565Z
==========================================,info,"{""level"":""info""}","{""project"":""ce3616d9-58ad-4ec7-a294-1821e1564434"",""environment"":""fb6513d0-42a4-4660-82b5-509c54b15f2a"",""service"":""4978aa94-666c-47c7-8024-3ada55195a51"",""deployment"":""b4365154-eadc-4c11-b568-5a096850e705"",""replica"":""56b3bc11-84b5-4316-abf1-2dec254f4739""}",2026-03-27T23:58:18.159847593Z
[CONNECTION UPDATE] ✅ EVENT RECEIVED! {,info,"{""level"":""info""}","{""project"":""ce3616d9-58ad-4ec7-a294-1821e1564434"",""environment"":""fb6513d0-42a4-4660-82b5-509c54b15f2a"",""service"":""4978aa94-666c-47c7-8024-3ada55195a51"",""deployment"":""b4365154-eadc-4c11-b568-5a096850e705"",""replica"":""56b3bc11-84b5-4316-abf1-2dec254f4739""}",2026-03-27T23:58:18.159853933Z
"  accountId: 'akunsatu',",info,"{""level"":""info""}","{""project"":""ce3616d9-58ad-4ec7-a294-1821e1564434"",""environment"":""fb6513d0-42a4-4660-82b5-509c54b15f2a"",""service"":""4978aa94-666c-47c7-8024-3ada55195a51"",""deployment"":""b4365154-eadc-4c11-b568-5a096850e705"",""replica"":""56b3bc11-84b5-4316-abf1-2dec254f4739""}",2026-03-27T23:58:18.159858357Z
"  connection: undefined,",info,"{""level"":""info""}","{""project"":""ce3616d9-58ad-4ec7-a294-1821e1564434"",""environment"":""fb6513d0-42a4-4660-82b5-509c54b15f2a"",""service"":""4978aa94-666c-47c7-8024-3ada55195a51"",""deployment"":""b4365154-eadc-4c11-b568-5a096850e705"",""replica"":""56b3bc11-84b5-4316-abf1-2dec254f4739""}",2026-03-27T23:58:18.159864117Z
"  hasQr: true,",info,"{""level"":""info""}","{""project"":""ce3616d9-58ad-4ec7-a294-1821e1564434"",""environment"":""fb6513d0-42a4-4660-82b5-509c54b15f2a"",""service"":""4978aa94-666c-47c7-8024-3ada55195a51"",""deployment"":""b4365154-eadc-4c11-b568-5a096850e705"",""replica"":""56b3bc11-84b5-4316-abf1-2dec254f4739""}",2026-03-27T23:58:18.159868576Z
"  qrPreview: '2@9Ym62WqEvRSOA4mP0fldH8uSxe9BJNwOX8hihJ1AyLGFOTd3...',",info,"{""level"":""info""}","{""project"":""ce3616d9-58ad-4ec7-a294-1821e1564434"",""environment"":""fb6513d0-42a4-4660-82b5-509c54b15f2a"",""service"":""4978aa94-666c-47c7-8024-3ada55195a51"",""deployment"":""b4365154-eadc-4c11-b568-5a096850e705"",""replica"":""56b3bc11-84b5-4316-abf1-2dec254f4739""}",2026-03-27T23:58:18.159873370Z
  isNewLogin: undefined,info,"{""level"":""info""}","{""project"":""ce3616d9-58ad-4ec7-a294-1821e1564434"",""environment"":""fb6513d0-42a4-4660-82b5-509c54b15f2a"",""service"":""4978aa94-666c-47c7-8024-3ada55195a51"",""deployment"":""b4365154-eadc-4c11-b568-5a096850e705"",""replica"":""56b3bc11-84b5-4316-abf1-2dec254f4739""}",2026-03-27T23:58:18.159878320Z
},info,"{""level"":""info""}","{""project"":""ce3616d9-58ad-4ec7-a294-1821e1564434"",""environment"":""fb6513d0-42a4-4660-82b5-509c54b15f2a"",""service"":""4978aa94-666c-47c7-8024-3ada55195a51"",""deployment"":""b4365154-eadc-4c11-b568-5a096850e705"",""replica"":""56b3bc11-84b5-4316-abf1-2dec254f4739""}",2026-03-27T23:58:18.159884270Z
==========================================,info,"{""level"":""info""}","{""project"":""ce3616d9-58ad-4ec7-a294-1821e1564434"",""environment"":""fb6513d0-42a4-4660-82b5-509c54b15f2a"",""service"":""4978aa94-666c-47c7-8024-3ada55195a51"",""deployment"":""b4365154-eadc-4c11-b568-5a096850e705"",""replica"":""56b3bc11-84b5-4316-abf1-2dec254f4739""}",2026-03-27T23:58:18.159889569Z
[QR] 🎯 QR code received for: akunsatu,info,"{""level"":""info""}","{""project"":""ce3616d9-58ad-4ec7-a294-1821e1564434"",""environment"":""fb6513d0-42a4-4660-82b5-509c54b15f2a"",""service"":""4978aa94-666c-47c7-8024-3ada55195a51"",""deployment"":""b4365154-eadc-4c11-b568-5a096850e705"",""replica"":""56b3bc11-84b5-4316-abf1-2dec254f4739""}",2026-03-27T23:58:18.159894568Z
[QR] QR length: 237,info,"{""level"":""info""}","{""project"":""ce3616d9-58ad-4ec7-a294-1821e1564434"",""environment"":""fb6513d0-42a4-4660-82b5-509c54b15f2a"",""service"":""4978aa94-666c-47c7-8024-3ada55195a51"",""deployment"":""b4365154-eadc-4c11-b568-5a096850e705"",""replica"":""56b3bc11-84b5-4316-abf1-2dec254f4739""}",2026-03-27T23:58:18.159898853Z
[QR] Converting QR to data URL...,info,"{""level"":""info""}","{""project"":""ce3616d9-58ad-4ec7-a294-1821e1564434"",""environment"":""fb6513d0-42a4-4660-82b5-509c54b15f2a"",""service"":""4978aa94-666c-47c7-8024-3ada55195a51"",""deployment"":""b4365154-eadc-4c11-b568-5a096850e705"",""replica"":""56b3bc11-84b5-4316-abf1-2dec254f4739""}",2026-03-27T23:58:18.159906853Z
"[QR] ✅ QR converted, length: 6302",info,"{""level"":""info""}","{""project"":""ce3616d9-58ad-4ec7-a294-1821e1564434"",""environment"":""fb6513d0-42a4-4660-82b5-509c54b15f2a"",""service"":""4978aa94-666c-47c7-8024-3ada55195a51"",""deployment"":""b4365154-eadc-4c11-b568-5a096850e705"",""replica"":""56b3bc11-84b5-4316-abf1-2dec254f4739""}",2026-03-27T23:58:18.159910601Z
[DB] Synced 1 accounts to database,info,"{""level"":""info""}","{""project"":""ce3616d9-58ad-4ec7-a294-1821e1564434"",""environment"":""fb6513d0-42a4-4660-82b5-509c54b15f2a"",""service"":""4978aa94-666c-47c7-8024-3ada55195a51"",""deployment"":""b4365154-eadc-4c11-b568-5a096850e705"",""replica"":""56b3bc11-84b5-4316-abf1-2dec254f4739""}",2026-03-27T23:58:21.164795153Z
[NETWORK] HTTPS test TIMEOUT,info,"{""level"":""info""}","{""project"":""ce3616d9-58ad-4ec7-a294-1821e1564434"",""environment"":""fb6513d0-42a4-4660-82b5-509c54b15f2a"",""service"":""4978aa94-666c-47c7-8024-3ada55195a51"",""deployment"":""b4365154-eadc-4c11-b568-5a096850e705"",""replica"":""56b3bc11-84b5-4316-abf1-2dec254f4739""}",2026-03-27T23:58:27.552058082Z
[WS NATIVE MESSAGE] Received for akunsatu binary: true len: 297 preview: AAEmK8AXV33GgTj9IV8gpx3qKXCP57cs9v8iElLiO0TdwjGRnjFKVCjTOy7B7Qk5olA=...,info,"{""level"":""info""}","{""project"":""ce3616d9-58ad-4ec7-a294-1821e1564434"",""environment"":""fb6513d0-42a4-4660-82b5-509c54b15f2a"",""service"":""4978aa94-666c-47c7-8024-3ada55195a51"",""deployment"":""b4365154-eadc-4c11-b568-5a096850e705"",""replica"":""56b3bc11-84b5-4316-abf1-2dec254f4739""}",2026-03-27T23:58:33.550946842Z
pair success recv,info,"{""time"":1774655912951,""pid"":94,""hostname"":""9a45ddc40bc4"",""level"":""info""}","{""project"":""ce3616d9-58ad-4ec7-a294-1821e1564434"",""environment"":""fb6513d0-42a4-4660-82b5-509c54b15f2a"",""service"":""4978aa94-666c-47c7-8024-3ada55195a51"",""deployment"":""b4365154-eadc-4c11-b568-5a096850e705"",""replica"":""56b3bc11-84b5-4316-abf1-2dec254f4739""}",2026-03-27T23:58:33.550952423Z
[WS NATIVE SEND] Sending for akunsatu type: object preview: AAAbAgmXVrH1XVbf46xU4BKIGtQiTaHauYefK6be,info,"{""level"":""info""}","{""project"":""ce3616d9-58ad-4ec7-a294-1821e1564434"",""environment"":""fb6513d0-42a4-4660-82b5-509c54b15f2a"",""service"":""4978aa94-666c-47c7-8024-3ada55195a51"",""deployment"":""b4365154-eadc-4c11-b568-5a096850e705"",""replica"":""56b3bc11-84b5-4316-abf1-2dec254f4739""}",2026-03-27T23:58:33.550959728Z
==========================================,info,"{""level"":""info""}","{""project"":""ce3616d9-58ad-4ec7-a294-1821e1564434"",""environment"":""fb6513d0-42a4-4660-82b5-509c54b15f2a"",""service"":""4978aa94-666c-47c7-8024-3ada55195a51"",""deployment"":""b4365154-eadc-4c11-b568-5a096850e705"",""replica"":""56b3bc11-84b5-4316-abf1-2dec254f4739""}",2026-03-27T23:58:33.550964463Z
[CONNECTION UPDATE] ✅ EVENT RECEIVED! {,info,"{""level"":""info""}","{""project"":""ce3616d9-58ad-4ec7-a294-1821e1564434"",""environment"":""fb6513d0-42a4-4660-82b5-509c54b15f2a"",""service"":""4978aa94-666c-47c7-8024-3ada55195a51"",""deployment"":""b4365154-eadc-4c11-b568-5a096850e705"",""replica"":""56b3bc11-84b5-4316-abf1-2dec254f4739""}",2026-03-27T23:58:33.550969797Z
"  accountId: 'akunsatu',",info,"{""level"":""info""}","{""project"":""ce3616d9-58ad-4ec7-a294-1821e1564434"",""environment"":""fb6513d0-42a4-4660-82b5-509c54b15f2a"",""service"":""4978aa94-666c-47c7-8024-3ada55195a51"",""deployment"":""b4365154-eadc-4c11-b568-5a096850e705"",""replica"":""56b3bc11-84b5-4316-abf1-2dec254f4739""}",2026-03-27T23:58:33.550974723Z
"  connection: undefined,",info,"{""level"":""info""}","{""project"":""ce3616d9-58ad-4ec7-a294-1821e1564434"",""environment"":""fb6513d0-42a4-4660-82b5-509c54b15f2a"",""service"":""4978aa94-666c-47c7-8024-3ada55195a51"",""deployment"":""b4365154-eadc-4c11-b568-5a096850e705"",""replica"":""56b3bc11-84b5-4316-abf1-2dec254f4739""}",2026-03-27T23:58:33.550983353Z
"  hasQr: false,",info,"{""level"":""info""}","{""project"":""ce3616d9-58ad-4ec7-a294-1821e1564434"",""environment"":""fb6513d0-42a4-4660-82b5-509c54b15f2a"",""service"":""4978aa94-666c-47c7-8024-3ada55195a51"",""deployment"":""b4365154-eadc-4c11-b568-5a096850e705"",""replica"":""56b3bc11-84b5-4316-abf1-2dec254f4739""}",2026-03-27T23:58:33.550988392Z
"  qrPreview: null,",info,"{""level"":""info""}","{""project"":""ce3616d9-58ad-4ec7-a294-1821e1564434"",""environment"":""fb6513d0-42a4-4660-82b5-509c54b15f2a"",""service"":""4978aa94-666c-47c7-8024-3ada55195a51"",""deployment"":""b4365154-eadc-4c11-b568-5a096850e705"",""replica"":""56b3bc11-84b5-4316-abf1-2dec254f4739""}",2026-03-27T23:58:33.550994354Z
  isNewLogin: true,info,"{""level"":""info""}","{""project"":""ce3616d9-58ad-4ec7-a294-1821e1564434"",""environment"":""fb6513d0-42a4-4660-82b5-509c54b15f2a"",""service"":""4978aa94-666c-47c7-8024-3ada55195a51"",""deployment"":""b4365154-eadc-4c11-b568-5a096850e705"",""replica"":""56b3bc11-84b5-4316-abf1-2dec254f4739""}",2026-03-27T23:58:33.551001370Z
},info,"{""level"":""info""}","{""project"":""ce3616d9-58ad-4ec7-a294-1821e1564434"",""environment"":""fb6513d0-42a4-4660-82b5-509c54b15f2a"",""service"":""4978aa94-666c-47c7-8024-3ada55195a51"",""deployment"":""b4365154-eadc-4c11-b568-5a096850e705"",""replica"":""56b3bc11-84b5-4316-abf1-2dec254f4739""}",2026-03-27T23:58:33.551008440Z
==========================================,info,"{""level"":""info""}","{""project"":""ce3616d9-58ad-4ec7-a294-1821e1564434"",""environment"":""fb6513d0-42a4-4660-82b5-509c54b15f2a"",""service"":""4978aa94-666c-47c7-8024-3ada55195a51"",""deployment"":""b4365154-eadc-4c11-b568-5a096850e705"",""replica"":""56b3bc11-84b5-4316-abf1-2dec254f4739""}",2026-03-27T23:58:33.551015516Z
[WS NATIVE SEND] Sending for akunsatu type: object preview: AADZTeCOgLXANaa3ZaXP01nYrwXhF7gHPnnB8LGMyAsNjWr4mqjfHzwUUnQwOpGMWY4=,info,"{""level"":""info""}","{""project"":""ce3616d9-58ad-4ec7-a294-1821e1564434"",""environment"":""fb6513d0-42a4-4660-82b5-509c54b15f2a"",""service"":""4978aa94-666c-47c7-8024-3ada55195a51"",""deployment"":""b4365154-eadc-4c11-b568-5a096850e705"",""replica"":""56b3bc11-84b5-4316-abf1-2dec254f4739""}",2026-03-27T23:58:33.551022253Z
"pairing configured successfully, expect to restart the connection...",info,"{""time"":1774655912984,""pid"":94,""hostname"":""9a45ddc40bc4"",""me"":{""id"":""6288267047790:4@s.whatsapp.net"",""name"":""ryan""},""platform"":""smba"",""level"":""info""}","{""project"":""ce3616d9-58ad-4ec7-a294-1821e1564434"",""environment"":""fb6513d0-42a4-4660-82b5-509c54b15f2a"",""service"":""4978aa94-666c-47c7-8024-3ada55195a51"",""deployment"":""b4365154-eadc-4c11-b568-5a096850e705"",""replica"":""56b3bc11-84b5-4316-abf1-2dec254f4739""}",2026-03-27T23:58:33.551030267Z
updated pushName,info,"{""time"":1774655912984,""pid"":94,""hostname"":""9a45ddc40bc4"",""name"":""ryan"",""level"":""info""}","{""project"":""ce3616d9-58ad-4ec7-a294-1821e1564434"",""environment"":""fb6513d0-42a4-4660-82b5-509c54b15f2a"",""service"":""4978aa94-666c-47c7-8024-3ada55195a51"",""deployment"":""b4365154-eadc-4c11-b568-5a096850e705"",""replica"":""56b3bc11-84b5-4316-abf1-2dec254f4739""}",2026-03-27T23:58:33.551037627Z
[WS NATIVE MESSAGE] Received for akunsatu binary: true len: 52 preview: AAAa/rH72njJCeGodEmgEFuPmQ5dyAnwKRus1WUAABSPpt8PwD4e3FHVqdYLFR8V7Tk=...,info,"{""level"":""info""}","{""project"":""ce3616d9-58ad-4ec7-a294-1821e1564434"",""environment"":""fb6513d0-42a4-4660-82b5-509c54b15f2a"",""service"":""4978aa94-666c-47c7-8024-3ada55195a51"",""deployment"":""b4365154-eadc-4c11-b568-5a096850e705"",""replica"":""56b3bc11-84b5-4316-abf1-2dec254f4739""}",2026-03-27T23:58:33.551045424Z
stream errored out,info,"{""time"":1774655913375,""pid"":94,""hostname"":""9a45ddc40bc4"",""node"":{""tag"":""stream:error"",""attrs"":{""code"":""515""}},""level"":""info""}","{""project"":""ce3616d9-58ad-4ec7-a294-1821e1564434"",""environment"":""fb6513d0-42a4-4660-82b5-509c54b15f2a"",""service"":""4978aa94-666c-47c7-8024-3ada55195a51"",""deployment"":""b4365154-eadc-4c11-b568-5a096850e705"",""replica"":""56b3bc11-84b5-4316-abf1-2dec254f4739""}",2026-03-27T23:58:33.551053789Z
==========================================,info,"{""level"":""info""}","{""project"":""ce3616d9-58ad-4ec7-a294-1821e1564434"",""environment"":""fb6513d0-42a4-4660-82b5-509c54b15f2a"",""service"":""4978aa94-666c-47c7-8024-3ada55195a51"",""deployment"":""b4365154-eadc-4c11-b568-5a096850e705"",""replica"":""56b3bc11-84b5-4316-abf1-2dec254f4739""}",2026-03-27T23:58:34.294397379Z
[CONNECTION UPDATE] ✅ EVENT RECEIVED! {,info,"{""level"":""info""}","{""project"":""ce3616d9-58ad-4ec7-a294-1821e1564434"",""environment"":""fb6513d0-42a4-4660-82b5-509c54b15f2a"",""service"":""4978aa94-666c-47c7-8024-3ada55195a51"",""deployment"":""b4365154-eadc-4c11-b568-5a096850e705"",""replica"":""56b3bc11-84b5-4316-abf1-2dec254f4739""}",2026-03-27T23:58:34.294405490Z
"  accountId: 'akunsatu',",info,"{""level"":""info""}","{""project"":""ce3616d9-58ad-4ec7-a294-1821e1564434"",""environment"":""fb6513d0-42a4-4660-82b5-509c54b15f2a"",""service"":""4978aa94-666c-47c7-8024-3ada55195a51"",""deployment"":""b4365154-eadc-4c11-b568-5a096850e705"",""replica"":""56b3bc11-84b5-4316-abf1-2dec254f4739""}",2026-03-27T23:58:34.294411457Z
"  connection: 'close',",info,"{""level"":""info""}","{""project"":""ce3616d9-58ad-4ec7-a294-1821e1564434"",""environment"":""fb6513d0-42a4-4660-82b5-509c54b15f2a"",""service"":""4978aa94-666c-47c7-8024-3ada55195a51"",""deployment"":""b4365154-eadc-4c11-b568-5a096850e705"",""replica"":""56b3bc11-84b5-4316-abf1-2dec254f4739""}",2026-03-27T23:58:34.294417491Z
"  hasQr: false,",info,"{""level"":""info""}","{""project"":""ce3616d9-58ad-4ec7-a294-1821e1564434"",""environment"":""fb6513d0-42a4-4660-82b5-509c54b15f2a"",""service"":""4978aa94-666c-47c7-8024-3ada55195a51"",""deployment"":""b4365154-eadc-4c11-b568-5a096850e705"",""replica"":""56b3bc11-84b5-4316-abf1-2dec254f4739""}",2026-03-27T23:58:34.294423207Z
"  qrPreview: null,",info,"{""level"":""info""}","{""project"":""ce3616d9-58ad-4ec7-a294-1821e1564434"",""environment"":""fb6513d0-42a4-4660-82b5-509c54b15f2a"",""service"":""4978aa94-666c-47c7-8024-3ada55195a51"",""deployment"":""b4365154-eadc-4c11-b568-5a096850e705"",""replica"":""56b3bc11-84b5-4316-abf1-2dec254f4739""}",2026-03-27T23:58:34.294429519Z
  isNewLogin: undefined,info,"{""level"":""info""}","{""project"":""ce3616d9-58ad-4ec7-a294-1821e1564434"",""environment"":""fb6513d0-42a4-4660-82b5-509c54b15f2a"",""service"":""4978aa94-666c-47c7-8024-3ada55195a51"",""deployment"":""b4365154-eadc-4c11-b568-5a096850e705"",""replica"":""56b3bc11-84b5-4316-abf1-2dec254f4739""}",2026-03-27T23:58:34.294437454Z
},info,"{""level"":""info""}","{""project"":""ce3616d9-58ad-4ec7-a294-1821e1564434"",""environment"":""fb6513d0-42a4-4660-82b5-509c54b15f2a"",""service"":""4978aa94-666c-47c7-8024-3ada55195a51"",""deployment"":""b4365154-eadc-4c11-b568-5a096850e705"",""replica"":""56b3bc11-84b5-4316-abf1-2dec254f4739""}",2026-03-27T23:58:34.294444170Z
==========================================,info,"{""level"":""info""}","{""project"":""ce3616d9-58ad-4ec7-a294-1821e1564434"",""environment"":""fb6513d0-42a4-4660-82b5-509c54b15f2a"",""service"":""4978aa94-666c-47c7-8024-3ada55195a51"",""deployment"":""b4365154-eadc-4c11-b568-5a096850e705"",""replica"":""56b3bc11-84b5-4316-abf1-2dec254f4739""}",2026-03-27T23:58:34.294449787Z
[CONNECTION] ❌ Disconnected: akunsatu code: 515 error: Stream Errored (restart required),info,"{""level"":""info""}","{""project"":""ce3616d9-58ad-4ec7-a294-1821e1564434"",""environment"":""fb6513d0-42a4-4660-82b5-509c54b15f2a"",""service"":""4978aa94-666c-47c7-8024-3ada55195a51"",""deployment"":""b4365154-eadc-4c11-b568-5a096850e705"",""replica"":""56b3bc11-84b5-4316-abf1-2dec254f4739""}",2026-03-27T23:58:34.294455612Z
connection errored,info,"{""time"":1774655913376,""pid"":94,""hostname"":""9a45ddc40bc4"",""trace"":""Error: Stream Errored (restart required)\n    at WebSocketClient.<anonymous> (/app/mini-services/whatsapp-service/node_modules/@whiskeysockets/baileys/src/Socket/socket.ts:648:7)\n    at WebSocketClient.emit (node:events:519:28)\n    at <anonymous> (/app/mini-services/whatsapp-service/node_modules/@whiskeysockets/baileys/src/Socket/socket.ts:327:23)\n    at Object.decodeFrame (/app/mini-services/whatsapp-service/node_modules/@whiskeysockets/baileys/src/Utils/noise-handler.ts:187:5)\n    at process.processTicksAndRejections (node:internal/process/task_queues:105:5)"",""level"":""info""}","{""project"":""ce3616d9-58ad-4ec7-a294-1821e1564434"",""environment"":""fb6513d0-42a4-4660-82b5-509c54b15f2a"",""service"":""4978aa94-666c-47c7-8024-3ada55195a51"",""deployment"":""b4365154-eadc-4c11-b568-5a096850e705"",""replica"":""56b3bc11-84b5-4316-abf1-2dec254f4739""}",2026-03-27T23:58:34.294461443Z
[WS NATIVE MESSAGE] Received for akunsatu binary: true len: 4 preview: iAID8w==,info,"{""level"":""info""}","{""project"":""ce3616d9-58ad-4ec7-a294-1821e1564434"",""environment"":""fb6513d0-42a4-4660-82b5-509c54b15f2a"",""service"":""4978aa94-666c-47c7-8024-3ada55195a51"",""deployment"":""b4365154-eadc-4c11-b568-5a096850e705"",""replica"":""56b3bc11-84b5-4316-abf1-2dec254f4739""}",2026-03-27T23:58:34.294469454Z
[WS NATIVE CLOSE] Native WebSocket closed for akunsatu code: 1006 reason: ,info,"{""level"":""info""}","{""project"":""ce3616d9-58ad-4ec7-a294-1821e1564434"",""environment"":""fb6513d0-42a4-4660-82b5-509c54b15f2a"",""service"":""4978aa94-666c-47c7-8024-3ada55195a51"",""deployment"":""b4365154-eadc-4c11-b568-5a096850e705"",""replica"":""56b3bc11-84b5-4316-abf1-2dec254f4739""}",2026-03-27T23:58:34.294474899Z
[DB] Synced 1 accounts to database,info,"{""level"":""info""}","{""project"":""ce3616d9-58ad-4ec7-a294-1821e1564434"",""environment"":""fb6513d0-42a4-4660-82b5-509c54b15f2a"",""service"":""4978aa94-666c-47c7-8024-3ada55195a51"",""deployment"":""b4365154-eadc-4c11-b568-5a096850e705"",""replica"":""56b3bc11-84b5-4316-abf1-2dec254f4739""}",2026-03-27T23:58:53.690880401Z
[DB] Synced 1 accounts to database,info,"{""level"":""info""}","{""project"":""ce3616d9-58ad-4ec7-a294-1821e1564434"",""environment"":""fb6513d0-42a4-4660-82b5-509c54b15f2a"",""service"":""4978aa94-666c-47c7-8024-3ada55195a51"",""deployment"":""b4365154-eadc-4c11-b568-5a096850e705"",""replica"":""56b3bc11-84b5-4316-abf1-2dec254f4739""}",2026-03-27T23:59:23.281568472Z
[DB] Synced 1 accounts to database,info,"{""level"":""info""}","{""project"":""ce3616d9-58ad-4ec7-a294-1821e1564434"",""environment"":""fb6513d0-42a4-4660-82b5-509c54b15f2a"",""service"":""4978aa94-666c-47c7-8024-3ada55195a51"",""deployment"":""b4365154-eadc-4c11-b568-5a096850e705"",""replica"":""56b3bc11-84b5-4316-abf1-2dec254f4739""}",2026-03-27T23:59:52.840037983Z
[DB] Synced 1 accounts to database,info,"{""level"":""info""}","{""project"":""ce3616d9-58ad-4ec7-a294-1821e1564434"",""environment"":""fb6513d0-42a4-4660-82b5-509c54b15f2a"",""service"":""4978aa94-666c-47c7-8024-3ada55195a51"",""deployment"":""b4365154-eadc-4c11-b568-5a096850e705"",""replica"":""56b3bc11-84b5-4316-abf1-2dec254f4739""}",2026-03-28T00:00:21.868935246Z
[DB] Synced 1 accounts to database,info,"{""level"":""info""}","{""project"":""ce3616d9-58ad-4ec7-a294-1821e1564434"",""environment"":""fb6513d0-42a4-4660-82b5-509c54b15f2a"",""service"":""4978aa94-666c-47c7-8024-3ada55195a51"",""deployment"":""b4365154-eadc-4c11-b568-5a096850e705"",""replica"":""56b3bc11-84b5-4316-abf1-2dec254f4739""}",2026-03-28T00:01:01.718671299Z
[DB] Synced 1 accounts to database,info,"{""level"":""info""}","{""project"":""ce3616d9-58ad-4ec7-a294-1821e1564434"",""environment"":""fb6513d0-42a4-4660-82b5-509c54b15f2a"",""service"":""4978aa94-666c-47c7-8024-3ada55195a51"",""deployment"":""b4365154-eadc-4c11-b568-5a096850e705"",""replica"":""56b3bc11-84b5-4316-abf1-2dec254f4739""}",2026-03-28T00:01:21.969710199Z
[DB] Synced 1 accounts to database,info,"{""level"":""info""}","{""project"":""ce3616d9-58ad-4ec7-a294-1821e1564434"",""environment"":""fb6513d0-42a4-4660-82b5-509c54b15f2a"",""service"":""4978aa94-666c-47c7-8024-3ada55195a51"",""deployment"":""b4365154-eadc-4c11-b568-5a096850e705"",""replica"":""56b3bc11-84b5-4316-abf1-2dec254f4739""}",2026-03-28T00:01:51.192566364Z
"[WA API] POST to: http://localhost:3030/session/start? Body: {""accountId"":""akundua"",""usePairingCode"":false}",info,"{""level"":""info""}","{""project"":""ce3616d9-58ad-4ec7-a294-1821e1564434"",""environment"":""fb6513d0-42a4-4660-82b5-509c54b15f2a"",""service"":""4978aa94-666c-47c7-8024-3ada55195a51"",""deployment"":""b4365154-eadc-4c11-b568-5a096850e705"",""replica"":""56b3bc11-84b5-4316-abf1-2dec254f4739""}",2026-03-28T00:02:11.140616251Z
==========================================,info,"{""level"":""info""}","{""project"":""ce3616d9-58ad-4ec7-a294-1821e1564434"",""environment"":""fb6513d0-42a4-4660-82b5-509c54b15f2a"",""service"":""4978aa94-666c-47c7-8024-3ada55195a51"",""deployment"":""b4365154-eadc-4c11-b568-5a096850e705"",""replica"":""56b3bc11-84b5-4316-abf1-2dec254f4739""}",2026-03-28T00:02:11.140622983Z
  forceNew: false,info,"{""level"":""info""}","{""project"":""ce3616d9-58ad-4ec7-a294-1821e1564434"",""environment"":""fb6513d0-42a4-4660-82b5-509c54b15f2a"",""service"":""4978aa94-666c-47c7-8024-3ada55195a51"",""deployment"":""b4365154-eadc-4c11-b568-5a096850e705"",""replica"":""56b3bc11-84b5-4316-abf1-2dec254f4739""}",2026-03-28T00:02:11.140630906Z
[SESSION/START] Request received: {,info,"{""level"":""info""}","{""project"":""ce3616d9-58ad-4ec7-a294-1821e1564434"",""environment"":""fb6513d0-42a4-4660-82b5-509c54b15f2a"",""service"":""4978aa94-666c-47c7-8024-3ada55195a51"",""deployment"":""b4365154-eadc-4c11-b568-5a096850e705"",""replica"":""56b3bc11-84b5-4316-abf1-2dec254f4739""}",2026-03-28T00:02:11.140631512Z
"  accountId: 'akundua',",info,"{""level"":""info""}","{""project"":""ce3616d9-58ad-4ec7-a294-1821e1564434"",""environment"":""fb6513d0-42a4-4660-82b5-509c54b15f2a"",""service"":""4978aa94-666c-47c7-8024-3ada55195a51"",""deployment"":""b4365154-eadc-4c11-b568-5a096850e705"",""replica"":""56b3bc11-84b5-4316-abf1-2dec254f4739""}",2026-03-28T00:02:11.140639889Z
"  phoneNumber: undefined,",info,"{""level"":""info""}","{""project"":""ce3616d9-58ad-4ec7-a294-1821e1564434"",""environment"":""fb6513d0-42a4-4660-82b5-509c54b15f2a"",""service"":""4978aa94-666c-47c7-8024-3ada55195a51"",""deployment"":""b4365154-eadc-4c11-b568-5a096850e705"",""replica"":""56b3bc11-84b5-4316-abf1-2dec254f4739""}",2026-03-28T00:02:11.140656353Z
},info,"{""level"":""info""}","{""project"":""ce3616d9-58ad-4ec7-a294-1821e1564434"",""environment"":""fb6513d0-42a4-4660-82b5-509c54b15f2a"",""service"":""4978aa94-666c-47c7-8024-3ada55195a51"",""deployment"":""b4365154-eadc-4c11-b568-5a096850e705"",""replica"":""56b3bc11-84b5-4316-abf1-2dec254f4739""}",2026-03-28T00:02:11.140659563Z
[START SESSION] Current accounts: [ 'akunsatu' ],info,"{""level"":""info""}","{""project"":""ce3616d9-58ad-4ec7-a294-1821e1564434"",""environment"":""fb6513d0-42a4-4660-82b5-509c54b15f2a"",""service"":""4978aa94-666c-47c7-8024-3ada55195a51"",""deployment"":""b4365154-eadc-4c11-b568-5a096850e705"",""replica"":""56b3bc11-84b5-4316-abf1-2dec254f4739""}",2026-03-28T00:02:11.140671056Z
  forceNew: undefined,info,"{""level"":""info""}","{""project"":""ce3616d9-58ad-4ec7-a294-1821e1564434"",""environment"":""fb6513d0-42a4-4660-82b5-509c54b15f2a"",""service"":""4978aa94-666c-47c7-8024-3ada55195a51"",""deployment"":""b4365154-eadc-4c11-b568-5a096850e705"",""replica"":""56b3bc11-84b5-4316-abf1-2dec254f4739""}",2026-03-28T00:02:11.140678811Z
==========================================,info,"{""level"":""info""}","{""project"":""ce3616d9-58ad-4ec7-a294-1821e1564434"",""environment"":""fb6513d0-42a4-4660-82b5-509c54b15f2a"",""service"":""4978aa94-666c-47c7-8024-3ada55195a51"",""deployment"":""b4365154-eadc-4c11-b568-5a096850e705"",""replica"":""56b3bc11-84b5-4316-abf1-2dec254f4739""}",2026-03-28T00:02:11.140681676Z
},info,"{""level"":""info""}","{""project"":""ce3616d9-58ad-4ec7-a294-1821e1564434"",""environment"":""fb6513d0-42a4-4660-82b5-509c54b15f2a"",""service"":""4978aa94-666c-47c7-8024-3ada55195a51"",""deployment"":""b4365154-eadc-4c11-b568-5a096850e705"",""replica"":""56b3bc11-84b5-4316-abf1-2dec254f4739""}",2026-03-28T00:02:11.140689662Z
[START SESSION] Session directory created: /app/mini-services/whatsapp-service/sessions/akundua,info,"{""level"":""info""}","{""project"":""ce3616d9-58ad-4ec7-a294-1821e1564434"",""environment"":""fb6513d0-42a4-4660-82b5-509c54b15f2a"",""service"":""4978aa94-666c-47c7-8024-3ada55195a51"",""deployment"":""b4365154-eadc-4c11-b568-5a096850e705"",""replica"":""56b3bc11-84b5-4316-abf1-2dec254f4739""}",2026-03-28T00:02:11.140693853Z
==========================================,info,"{""level"":""info""}","{""project"":""ce3616d9-58ad-4ec7-a294-1821e1564434"",""environment"":""fb6513d0-42a4-4660-82b5-509c54b15f2a"",""service"":""4978aa94-666c-47c7-8024-3ada55195a51"",""deployment"":""b4365154-eadc-4c11-b568-5a096850e705"",""replica"":""56b3bc11-84b5-4316-abf1-2dec254f4739""}",2026-03-28T00:02:11.140700460Z
[START SESSION] Loading auth state...,info,"{""level"":""info""}","{""project"":""ce3616d9-58ad-4ec7-a294-1821e1564434"",""environment"":""fb6513d0-42a4-4660-82b5-509c54b15f2a"",""service"":""4978aa94-666c-47c7-8024-3ada55195a51"",""deployment"":""b4365154-eadc-4c11-b568-5a096850e705"",""replica"":""56b3bc11-84b5-4316-abf1-2dec254f4739""}",2026-03-28T00:02:11.140703810Z
[SESSION/START] Starting session for: akundua forceNew: false,info,"{""level"":""info""}","{""project"":""ce3616d9-58ad-4ec7-a294-1821e1564434"",""environment"":""fb6513d0-42a4-4660-82b5-509c54b15f2a"",""service"":""4978aa94-666c-47c7-8024-3ada55195a51"",""deployment"":""b4365154-eadc-4c11-b568-5a096850e705"",""replica"":""56b3bc11-84b5-4316-abf1-2dec254f4739""}",2026-03-28T00:02:11.140710495Z
[START SESSION] Auth state loaded:,info,"{""level"":""info""}","{""project"":""ce3616d9-58ad-4ec7-a294-1821e1564434"",""environment"":""fb6513d0-42a4-4660-82b5-509c54b15f2a"",""service"":""4978aa94-666c-47c7-8024-3ada55195a51"",""deployment"":""b4365154-eadc-4c11-b568-5a096850e705"",""replica"":""56b3bc11-84b5-4316-abf1-2dec254f4739""}",2026-03-28T00:02:11.140715337Z
[START SESSION] - hasCreds: true,info,"{""level"":""info""}","{""project"":""ce3616d9-58ad-4ec7-a294-1821e1564434"",""environment"":""fb6513d0-42a4-4660-82b5-509c54b15f2a"",""service"":""4978aa94-666c-47c7-8024-3ada55195a51"",""deployment"":""b4365154-eadc-4c11-b568-5a096850e705"",""replica"":""56b3bc11-84b5-4316-abf1-2dec254f4739""}",2026-03-28T00:02:11.140726617Z
[START SESSION] Called with: {,info,"{""level"":""info""}","{""project"":""ce3616d9-58ad-4ec7-a294-1821e1564434"",""environment"":""fb6513d0-42a4-4660-82b5-509c54b15f2a"",""service"":""4978aa94-666c-47c7-8024-3ada55195a51"",""deployment"":""b4365154-eadc-4c11-b568-5a096850e705"",""replica"":""56b3bc11-84b5-4316-abf1-2dec254f4739""}",2026-03-28T00:02:11.140732385Z
"  accountId: 'akundua',",info,"{""level"":""info""}","{""project"":""ce3616d9-58ad-4ec7-a294-1821e1564434"",""environment"":""fb6513d0-42a4-4660-82b5-509c54b15f2a"",""service"":""4978aa94-666c-47c7-8024-3ada55195a51"",""deployment"":""b4365154-eadc-4c11-b568-5a096850e705"",""replica"":""56b3bc11-84b5-4316-abf1-2dec254f4739""}",2026-03-28T00:02:11.140740539Z
"  usePairingCode: false,",info,"{""level"":""info""}","{""project"":""ce3616d9-58ad-4ec7-a294-1821e1564434"",""environment"":""fb6513d0-42a4-4660-82b5-509c54b15f2a"",""service"":""4978aa94-666c-47c7-8024-3ada55195a51"",""deployment"":""b4365154-eadc-4c11-b568-5a096850e705"",""replica"":""56b3bc11-84b5-4316-abf1-2dec254f4739""}",2026-03-28T00:02:11.140747533Z
"  phoneNumber: undefined,",info,"{""level"":""info""}","{""project"":""ce3616d9-58ad-4ec7-a294-1821e1564434"",""environment"":""fb6513d0-42a4-4660-82b5-509c54b15f2a"",""service"":""4978aa94-666c-47c7-8024-3ada55195a51"",""deployment"":""b4365154-eadc-4c11-b568-5a096850e705"",""replica"":""56b3bc11-84b5-4316-abf1-2dec254f4739""}",2026-03-28T00:02:11.140753012Z
[START SESSION] - creds.me.id: N/A,info,"{""level"":""info""}","{""project"":""ce3616d9-58ad-4ec7-a294-1821e1564434"",""environment"":""fb6513d0-42a4-4660-82b5-509c54b15f2a"",""service"":""4978aa94-666c-47c7-8024-3ada55195a51"",""deployment"":""b4365154-eadc-4c11-b568-5a096850e705"",""replica"":""56b3bc11-84b5-4316-abf1-2dec254f4739""}",2026-03-28T00:02:11.140753077Z
[START SESSION] - creds.me.name: N/A,info,"{""level"":""info""}","{""project"":""ce3616d9-58ad-4ec7-a294-1821e1564434"",""environment"":""fb6513d0-42a4-4660-82b5-509c54b15f2a"",""service"":""4978aa94-666c-47c7-8024-3ada55195a51"",""deployment"":""b4365154-eadc-4c11-b568-5a096850e705"",""replica"":""56b3bc11-84b5-4316-abf1-2dec254f4739""}",2026-03-28T00:02:11.140763930Z
[START SESSION] - This account will: REGISTER (expect QR),info,"{""level"":""info""}","{""project"":""ce3616d9-58ad-4ec7-a294-1821e1564434"",""environment"":""fb6513d0-42a4-4660-82b5-509c54b15f2a"",""service"":""4978aa94-666c-47c7-8024-3ada55195a51"",""deployment"":""b4365154-eadc-4c11-b568-5a096850e705"",""replica"":""56b3bc11-84b5-4316-abf1-2dec254f4739""}",2026-03-28T00:02:11.146264790Z
[NETWORK] DNS resolution for web.whatsapp.com: [ '57.144.15.32' ],info,"{""level"":""info""}","{""project"":""ce3616d9-58ad-4ec7-a294-1821e1564434"",""environment"":""fb6513d0-42a4-4660-82b5-509c54b15f2a"",""service"":""4978aa94-666c-47c7-8024-3ada55195a51"",""deployment"":""b4365154-eadc-4c11-b568-5a096850e705"",""replica"":""56b3bc11-84b5-4316-abf1-2dec254f4739""}",2026-03-28T00:02:11.146274504Z
[START SESSION] ⚠️ INCOMPLETE SESSION DETECTED! creds exists but no me identity.,info,"{""level"":""info""}","{""project"":""ce3616d9-58ad-4ec7-a294-1821e1564434"",""environment"":""fb6513d0-42a4-4660-82b5-509c54b15f2a"",""service"":""4978aa94-666c-47c7-8024-3ada55195a51"",""deployment"":""b4365154-eadc-4c11-b568-5a096850e705"",""replica"":""56b3bc11-84b5-4316-abf1-2dec254f4739""}",2026-03-28T00:02:11.146276651Z
[START SESSION] This happens when QR was generated but never scanned.,info,"{""level"":""info""}","{""project"":""ce3616d9-58ad-4ec7-a294-1821e1564434"",""environment"":""fb6513d0-42a4-4660-82b5-509c54b15f2a"",""service"":""4978aa94-666c-47c7-8024-3ada55195a51"",""deployment"":""b4365154-eadc-4c11-b568-5a096850e705"",""replica"":""56b3bc11-84b5-4316-abf1-2dec254f4739""}",2026-03-28T00:02:11.146284295Z
[NETWORK] HTTPS test to web.whatsapp.com: Status 200,info,"{""level"":""info""}","{""project"":""ce3616d9-58ad-4ec7-a294-1821e1564434"",""environment"":""fb6513d0-42a4-4660-82b5-509c54b15f2a"",""service"":""4978aa94-666c-47c7-8024-3ada55195a51"",""deployment"":""b4365154-eadc-4c11-b568-5a096850e705"",""replica"":""56b3bc11-84b5-4316-abf1-2dec254f4739""}",2026-03-28T00:02:11.146285850Z
[SOCKET] makeWASocket created for: akundua,info,"{""level"":""info""}","{""project"":""ce3616d9-58ad-4ec7-a294-1821e1564434"",""environment"":""fb6513d0-42a4-4660-82b5-509c54b15f2a"",""service"":""4978aa94-666c-47c7-8024-3ada55195a51"",""deployment"":""b4365154-eadc-4c11-b568-5a096850e705"",""replica"":""56b3bc11-84b5-4316-abf1-2dec254f4739""}",2026-03-28T00:02:11.146295211Z
[CLEAR SESSION] Session directory exists,info,"{""level"":""info""}","{""project"":""ce3616d9-58ad-4ec7-a294-1821e1564434"",""environment"":""fb6513d0-42a4-4660-82b5-509c54b15f2a"",""service"":""4978aa94-666c-47c7-8024-3ada55195a51"",""deployment"":""b4365154-eadc-4c11-b568-5a096850e705"",""replica"":""56b3bc11-84b5-4316-abf1-2dec254f4739""}",2026-03-28T00:02:11.146319882Z
[CLEAR SESSION] Deleting session directory with rimraf...,info,"{""level"":""info""}","{""project"":""ce3616d9-58ad-4ec7-a294-1821e1564434"",""environment"":""fb6513d0-42a4-4660-82b5-509c54b15f2a"",""service"":""4978aa94-666c-47c7-8024-3ada55195a51"",""deployment"":""b4365154-eadc-4c11-b568-5a096850e705"",""replica"":""56b3bc11-84b5-4316-abf1-2dec254f4739""}",2026-03-28T00:02:11.146326378Z
[CLEAR SESSION] ✅ Session directory successfully deleted,info,"{""level"":""info""}","{""project"":""ce3616d9-58ad-4ec7-a294-1821e1564434"",""environment"":""fb6513d0-42a4-4660-82b5-509c54b15f2a"",""service"":""4978aa94-666c-47c7-8024-3ada55195a51"",""deployment"":""b4365154-eadc-4c11-b568-5a096850e705"",""replica"":""56b3bc11-84b5-4316-abf1-2dec254f4739""}",2026-03-28T00:02:11.146331922Z
"[START SESSION] ✅ Incomplete session cleared, recreating fresh session...",info,"{""level"":""info""}","{""project"":""ce3616d9-58ad-4ec7-a294-1821e1564434"",""environment"":""fb6513d0-42a4-4660-82b5-509c54b15f2a"",""service"":""4978aa94-666c-47c7-8024-3ada55195a51"",""deployment"":""b4365154-eadc-4c11-b568-5a096850e705"",""replica"":""56b3bc11-84b5-4316-abf1-2dec254f4739""}",2026-03-28T00:02:11.146338001Z
[START SESSION] - hasCreds: true,info,"{""level"":""info""}","{""project"":""ce3616d9-58ad-4ec7-a294-1821e1564434"",""environment"":""fb6513d0-42a4-4660-82b5-509c54b15f2a"",""service"":""4978aa94-666c-47c7-8024-3ada55195a51"",""deployment"":""b4365154-eadc-4c11-b568-5a096850e705"",""replica"":""56b3bc11-84b5-4316-abf1-2dec254f4739""}",2026-03-28T00:02:11.146348929Z
[START SESSION] - creds.me exists: false,info,"{""level"":""info""}","{""project"":""ce3616d9-58ad-4ec7-a294-1821e1564434"",""environment"":""fb6513d0-42a4-4660-82b5-509c54b15f2a"",""service"":""4978aa94-666c-47c7-8024-3ada55195a51"",""deployment"":""b4365154-eadc-4c11-b568-5a096850e705"",""replica"":""56b3bc11-84b5-4316-abf1-2dec254f4739""}",2026-03-28T00:02:11.146353982Z
[START SESSION] Fetching Baileys version...,info,"{""level"":""info""}","{""project"":""ce3616d9-58ad-4ec7-a294-1821e1564434"",""environment"":""fb6513d0-42a4-4660-82b5-509c54b15f2a"",""service"":""4978aa94-666c-47c7-8024-3ada55195a51"",""deployment"":""b4365154-eadc-4c11-b568-5a096850e705"",""replica"":""56b3bc11-84b5-4316-abf1-2dec254f4739""}",2026-03-28T00:02:11.146360163Z
"[START SESSION] Baileys version: [ 2, 3000, 1035194821 ]",info,"{""level"":""info""}","{""project"":""ce3616d9-58ad-4ec7-a294-1821e1564434"",""environment"":""fb6513d0-42a4-4660-82b5-509c54b15f2a"",""service"":""4978aa94-666c-47c7-8024-3ada55195a51"",""deployment"":""b4365154-eadc-4c11-b568-5a096850e705"",""replica"":""56b3bc11-84b5-4316-abf1-2dec254f4739""}",2026-03-28T00:02:11.146365669Z
[START SESSION] Creating WhatsApp socket...,info,"{""level"":""info""}","{""project"":""ce3616d9-58ad-4ec7-a294-1821e1564434"",""environment"":""fb6513d0-42a4-4660-82b5-509c54b15f2a"",""service"":""4978aa94-666c-47c7-8024-3ada55195a51"",""deployment"":""b4365154-eadc-4c11-b568-5a096850e705"",""replica"":""56b3bc11-84b5-4316-abf1-2dec254f4739""}",2026-03-28T00:02:11.146371716Z
"  search: '',",info,"{""level"":""info""}","{""project"":""ce3616d9-58ad-4ec7-a294-1821e1564434"",""environment"":""fb6513d0-42a4-4660-82b5-509c54b15f2a"",""service"":""4978aa94-666c-47c7-8024-3ada55195a51"",""deployment"":""b4365154-eadc-4c11-b568-5a096850e705"",""replica"":""56b3bc11-84b5-4316-abf1-2dec254f4739""}",2026-03-28T00:02:11.152933475Z
"  pathname: '/ws/chat',",info,"{""level"":""info""}","{""project"":""ce3616d9-58ad-4ec7-a294-1821e1564434"",""environment"":""fb6513d0-42a4-4660-82b5-509c54b15f2a"",""service"":""4978aa94-666c-47c7-8024-3ada55195a51"",""deployment"":""b4365154-eadc-4c11-b568-5a096850e705"",""replica"":""56b3bc11-84b5-4316-abf1-2dec254f4739""}",2026-03-28T00:02:11.152968290Z
  hash: '',info,"{""level"":""info""}","{""project"":""ce3616d9-58ad-4ec7-a294-1821e1564434"",""environment"":""fb6513d0-42a4-4660-82b5-509c54b15f2a"",""service"":""4978aa94-666c-47c7-8024-3ada55195a51"",""deployment"":""b4365154-eadc-4c11-b568-5a096850e705"",""replica"":""56b3bc11-84b5-4316-abf1-2dec254f4739""}",2026-03-28T00:02:11.152998016Z
},info,"{""level"":""info""}","{""project"":""ce3616d9-58ad-4ec7-a294-1821e1564434"",""environment"":""fb6513d0-42a4-4660-82b5-509c54b15f2a"",""service"":""4978aa94-666c-47c7-8024-3ada55195a51"",""deployment"":""b4365154-eadc-4c11-b568-5a096850e705"",""replica"":""56b3bc11-84b5-4316-abf1-2dec254f4739""}",2026-03-28T00:02:11.153003949Z
[SESSION] ✅ Retrieved account from map: akundua,info,"{""level"":""info""}","{""project"":""ce3616d9-58ad-4ec7-a294-1821e1564434"",""environment"":""fb6513d0-42a4-4660-82b5-509c54b15f2a"",""service"":""4978aa94-666c-47c7-8024-3ada55195a51"",""deployment"":""b4365154-eadc-4c11-b568-5a096850e705"",""replica"":""56b3bc11-84b5-4316-abf1-2dec254f4739""}",2026-03-28T00:02:11.153009867Z
Using pooled personality for akundua: Lestari Widyastuti,info,"{""level"":""info""}","{""project"":""ce3616d9-58ad-4ec7-a294-1821e1564434"",""environment"":""fb6513d0-42a4-4660-82b5-509c54b15f2a"",""service"":""4978aa94-666c-47c7-8024-3ada55195a51"",""deployment"":""b4365154-eadc-4c11-b568-5a096850e705"",""replica"":""56b3bc11-84b5-4316-abf1-2dec254f4739""}",2026-03-28T00:02:11.153015673Z
"  host: 'web.whatsapp.com',",info,"{""level"":""info""}","{""project"":""ce3616d9-58ad-4ec7-a294-1821e1564434"",""environment"":""fb6513d0-42a4-4660-82b5-509c54b15f2a"",""service"":""4978aa94-666c-47c7-8024-3ada55195a51"",""deployment"":""b4365154-eadc-4c11-b568-5a096850e705"",""replica"":""56b3bc11-84b5-4316-abf1-2dec254f4739""}",2026-03-28T00:02:11.153027964Z
"  href: 'wss://web.whatsapp.com/ws/chat',",info,"{""level"":""info""}","{""project"":""ce3616d9-58ad-4ec7-a294-1821e1564434"",""environment"":""fb6513d0-42a4-4660-82b5-509c54b15f2a"",""service"":""4978aa94-666c-47c7-8024-3ada55195a51"",""deployment"":""b4365154-eadc-4c11-b568-5a096850e705"",""replica"":""56b3bc11-84b5-4316-abf1-2dec254f4739""}",2026-03-28T00:02:11.153030623Z
"  hostname: 'web.whatsapp.com',",info,"{""level"":""info""}","{""project"":""ce3616d9-58ad-4ec7-a294-1821e1564434"",""environment"":""fb6513d0-42a4-4660-82b5-509c54b15f2a"",""service"":""4978aa94-666c-47c7-8024-3ada55195a51"",""deployment"":""b4365154-eadc-4c11-b568-5a096850e705"",""replica"":""56b3bc11-84b5-4316-abf1-2dec254f4739""}",2026-03-28T00:02:11.153041632Z
"  origin: 'wss://web.whatsapp.com',",info,"{""level"":""info""}","{""project"":""ce3616d9-58ad-4ec7-a294-1821e1564434"",""environment"":""fb6513d0-42a4-4660-82b5-509c54b15f2a"",""service"":""4978aa94-666c-47c7-8024-3ada55195a51"",""deployment"":""b4365154-eadc-4c11-b568-5a096850e705"",""replica"":""56b3bc11-84b5-4316-abf1-2dec254f4739""}",2026-03-28T00:02:11.153042296Z
"  protocol: 'wss:',",info,"{""level"":""info""}","{""project"":""ce3616d9-58ad-4ec7-a294-1821e1564434"",""environment"":""fb6513d0-42a4-4660-82b5-509c54b15f2a"",""service"":""4978aa94-666c-47c7-8024-3ada55195a51"",""deployment"":""b4365154-eadc-4c11-b568-5a096850e705"",""replica"":""56b3bc11-84b5-4316-abf1-2dec254f4739""}",2026-03-28T00:02:11.153050528Z
"  username: '',",info,"{""level"":""info""}","{""project"":""ce3616d9-58ad-4ec7-a294-1821e1564434"",""environment"":""fb6513d0-42a4-4660-82b5-509c54b15f2a"",""service"":""4978aa94-666c-47c7-8024-3ada55195a51"",""deployment"":""b4365154-eadc-4c11-b568-5a096850e705"",""replica"":""56b3bc11-84b5-4316-abf1-2dec254f4739""}",2026-03-28T00:02:11.153058241Z
"  password: '',",info,"{""level"":""info""}","{""project"":""ce3616d9-58ad-4ec7-a294-1821e1564434"",""environment"":""fb6513d0-42a4-4660-82b5-509c54b15f2a"",""service"":""4978aa94-666c-47c7-8024-3ada55195a51"",""deployment"":""b4365154-eadc-4c11-b568-5a096850e705"",""replica"":""56b3bc11-84b5-4316-abf1-2dec254f4739""}",2026-03-28T00:02:11.153065236Z
"  port: '',",info,"{""level"":""info""}","{""project"":""ce3616d9-58ad-4ec7-a294-1821e1564434"",""environment"":""fb6513d0-42a4-4660-82b5-509c54b15f2a"",""service"":""4978aa94-666c-47c7-8024-3ada55195a51"",""deployment"":""b4365154-eadc-4c11-b568-5a096850e705"",""replica"":""56b3bc11-84b5-4316-abf1-2dec254f4739""}",2026-03-28T00:02:11.153093833Z
[SOCKET] Socket has ws? true,info,"{""level"":""info""}","{""project"":""ce3616d9-58ad-4ec7-a294-1821e1564434"",""environment"":""fb6513d0-42a4-4660-82b5-509c54b15f2a"",""service"":""4978aa94-666c-47c7-8024-3ada55195a51"",""deployment"":""b4365154-eadc-4c11-b568-5a096850e705"",""replica"":""56b3bc11-84b5-4316-abf1-2dec254f4739""}",2026-03-28T00:02:11.153130891Z
[SOCKET] Socket user? undefined,info,"{""level"":""info""}","{""project"":""ce3616d9-58ad-4ec7-a294-1821e1564434"",""environment"":""fb6513d0-42a4-4660-82b5-509c54b15f2a"",""service"":""4978aa94-666c-47c7-8024-3ada55195a51"",""deployment"":""b4365154-eadc-4c11-b568-5a096850e705"",""replica"":""56b3bc11-84b5-4316-abf1-2dec254f4739""}",2026-03-28T00:02:11.153147310Z
[ACCOUNT] ✅ Added pending account to map immediately: akundua,info,"{""level"":""info""}","{""project"":""ce3616d9-58ad-4ec7-a294-1821e1564434"",""environment"":""fb6513d0-42a4-4660-82b5-509c54b15f2a"",""service"":""4978aa94-666c-47c7-8024-3ada55195a51"",""deployment"":""b4365154-eadc-4c11-b568-5a096850e705"",""replica"":""56b3bc11-84b5-4316-abf1-2dec254f4739""}",2026-03-28T00:02:11.153157933Z
[SOCKET] 🚀 Registering connection.update handler IMMEDIATELY for: akundua,info,"{""level"":""info""}","{""project"":""ce3616d9-58ad-4ec7-a294-1821e1564434"",""environment"":""fb6513d0-42a4-4660-82b5-509c54b15f2a"",""service"":""4978aa94-666c-47c7-8024-3ada55195a51"",""deployment"":""b4365154-eadc-4c11-b568-5a096850e705"",""replica"":""56b3bc11-84b5-4316-abf1-2dec254f4739""}",2026-03-28T00:02:11.153166687Z
[WS] Native WebSocket exists: true,info,"{""level"":""info""}","{""project"":""ce3616d9-58ad-4ec7-a294-1821e1564434"",""environment"":""fb6513d0-42a4-4660-82b5-509c54b15f2a"",""service"":""4978aa94-666c-47c7-8024-3ada55195a51"",""deployment"":""b4365154-eadc-4c11-b568-5a096850e705"",""replica"":""56b3bc11-84b5-4316-abf1-2dec254f4739""}",2026-03-28T00:02:11.153193382Z
[WS] WebSocketClient isConnecting: true,info,"{""level"":""info""}","{""project"":""ce3616d9-58ad-4ec7-a294-1821e1564434"",""environment"":""fb6513d0-42a4-4660-82b5-509c54b15f2a"",""service"":""4978aa94-666c-47c7-8024-3ada55195a51"",""deployment"":""b4365154-eadc-4c11-b568-5a096850e705"",""replica"":""56b3bc11-84b5-4316-abf1-2dec254f4739""}",2026-03-28T00:02:11.153212685Z
[WS] WebSocketClient isOpen: false,info,"{""level"":""info""}","{""project"":""ce3616d9-58ad-4ec7-a294-1821e1564434"",""environment"":""fb6513d0-42a4-4660-82b5-509c54b15f2a"",""service"":""4978aa94-666c-47c7-8024-3ada55195a51"",""deployment"":""b4365154-eadc-4c11-b568-5a096850e705"",""replica"":""56b3bc11-84b5-4316-abf1-2dec254f4739""}",2026-03-28T00:02:11.153226237Z
[WS] WebSocketClient isClosed: false,info,"{""level"":""info""}","{""project"":""ce3616d9-58ad-4ec7-a294-1821e1564434"",""environment"":""fb6513d0-42a4-4660-82b5-509c54b15f2a"",""service"":""4978aa94-666c-47c7-8024-3ada55195a51"",""deployment"":""b4365154-eadc-4c11-b568-5a096850e705"",""replica"":""56b3bc11-84b5-4316-abf1-2dec254f4739""}",2026-03-28T00:02:11.153234851Z
[SESSION/START] Session started successfully for: akundua,info,"{""level"":""info""}","{""project"":""ce3616d9-58ad-4ec7-a294-1821e1564434"",""environment"":""fb6513d0-42a4-4660-82b5-509c54b15f2a"",""service"":""4978aa94-666c-47c7-8024-3ada55195a51"",""deployment"":""b4365154-eadc-4c11-b568-5a096850e705"",""replica"":""56b3bc11-84b5-4316-abf1-2dec254f4739""}",2026-03-28T00:02:11.153444843Z
==========================================,info,"{""level"":""info""}","{""project"":""ce3616d9-58ad-4ec7-a294-1821e1564434"",""environment"":""fb6513d0-42a4-4660-82b5-509c54b15f2a"",""service"":""4978aa94-666c-47c7-8024-3ada55195a51"",""deployment"":""b4365154-eadc-4c11-b568-5a096850e705"",""replica"":""56b3bc11-84b5-4316-abf1-2dec254f4739""}",2026-03-28T00:02:11.157883121Z
"  accountId: 'akundua',",info,"{""level"":""info""}","{""project"":""ce3616d9-58ad-4ec7-a294-1821e1564434"",""environment"":""fb6513d0-42a4-4660-82b5-509c54b15f2a"",""service"":""4978aa94-666c-47c7-8024-3ada55195a51"",""deployment"":""b4365154-eadc-4c11-b568-5a096850e705"",""replica"":""56b3bc11-84b5-4316-abf1-2dec254f4739""}",2026-03-28T00:02:11.157896090Z
"  connection: 'connecting',",info,"{""level"":""info""}","{""project"":""ce3616d9-58ad-4ec7-a294-1821e1564434"",""environment"":""fb6513d0-42a4-4660-82b5-509c54b15f2a"",""service"":""4978aa94-666c-47c7-8024-3ada55195a51"",""deployment"":""b4365154-eadc-4c11-b568-5a096850e705"",""replica"":""56b3bc11-84b5-4316-abf1-2dec254f4739""}",2026-03-28T00:02:11.157902799Z
"  hasQr: false,",info,"{""level"":""info""}","{""project"":""ce3616d9-58ad-4ec7-a294-1821e1564434"",""environment"":""fb6513d0-42a4-4660-82b5-509c54b15f2a"",""service"":""4978aa94-666c-47c7-8024-3ada55195a51"",""deployment"":""b4365154-eadc-4c11-b568-5a096850e705"",""replica"":""56b3bc11-84b5-4316-abf1-2dec254f4739""}",2026-03-28T00:02:11.157909223Z
  isNewLogin: undefined,info,"{""level"":""info""}","{""project"":""ce3616d9-58ad-4ec7-a294-1821e1564434"",""environment"":""fb6513d0-42a4-4660-82b5-509c54b15f2a"",""service"":""4978aa94-666c-47c7-8024-3ada55195a51"",""deployment"":""b4365154-eadc-4c11-b568-5a096850e705"",""replica"":""56b3bc11-84b5-4316-abf1-2dec254f4739""}",2026-03-28T00:02:11.157922952Z
},info,"{""level"":""info""}","{""project"":""ce3616d9-58ad-4ec7-a294-1821e1564434"",""environment"":""fb6513d0-42a4-4660-82b5-509c54b15f2a"",""service"":""4978aa94-666c-47c7-8024-3ada55195a51"",""deployment"":""b4365154-eadc-4c11-b568-5a096850e705"",""replica"":""56b3bc11-84b5-4316-abf1-2dec254f4739""}",2026-03-28T00:02:11.157928324Z
==========================================,info,"{""level"":""info""}","{""project"":""ce3616d9-58ad-4ec7-a294-1821e1564434"",""environment"":""fb6513d0-42a4-4660-82b5-509c54b15f2a"",""service"":""4978aa94-666c-47c7-8024-3ada55195a51"",""deployment"":""b4365154-eadc-4c11-b568-5a096850e705"",""replica"":""56b3bc11-84b5-4316-abf1-2dec254f4739""}",2026-03-28T00:02:11.157933516Z
connected to WA,info,"{""time"":1774656129572,""pid"":94,""hostname"":""9a45ddc40bc4"",""browser"":[""Mac OS"",""Chrome"",""14.4.1""],""helloMsg"":{""clientHello"":{""ephemeral"":""/rsZKZA+7hale5Ijn/szeor+jwt8NJJSaufxx2kIcCs=""}},""level"":""info""}","{""project"":""ce3616d9-58ad-4ec7-a294-1821e1564434"",""environment"":""fb6513d0-42a4-4660-82b5-509c54b15f2a"",""service"":""4978aa94-666c-47c7-8024-3ada55195a51"",""deployment"":""b4365154-eadc-4c11-b568-5a096850e705"",""replica"":""56b3bc11-84b5-4316-abf1-2dec254f4739""}",2026-03-28T00:02:11.157939208Z
[WS NATIVE SEND] Sending for akundua type: object preview: V0EGAwAAJBIiCiD+uxkpkD7uFqV7kiOf+zN6iv6PC3w0klJq5/HHaQhwKw==,info,"{""level"":""info""}","{""project"":""ce3616d9-58ad-4ec7-a294-1821e1564434"",""environment"":""fb6513d0-42a4-4660-82b5-509c54b15f2a"",""service"":""4978aa94-666c-47c7-8024-3ada55195a51"",""deployment"":""b4365154-eadc-4c11-b568-5a096850e705"",""replica"":""56b3bc11-84b5-4316-abf1-2dec254f4739""}",2026-03-28T00:02:11.157944939Z
[WS NATIVE OPEN] Native WebSocket opened for akundua,info,"{""level"":""info""}","{""project"":""ce3616d9-58ad-4ec7-a294-1821e1564434"",""environment"":""fb6513d0-42a4-4660-82b5-509c54b15f2a"",""service"":""4978aa94-666c-47c7-8024-3ada55195a51"",""deployment"":""b4365154-eadc-4c11-b568-5a096850e705"",""replica"":""56b3bc11-84b5-4316-abf1-2dec254f4739""}",2026-03-28T00:02:11.157951809Z
✅ Generated 1 personalities via Groq. Pool size: 10/50,info,"{""level"":""info""}","{""project"":""ce3616d9-58ad-4ec7-a294-1821e1564434"",""environment"":""fb6513d0-42a4-4660-82b5-509c54b15f2a"",""service"":""4978aa94-666c-47c7-8024-3ada55195a51"",""deployment"":""b4365154-eadc-4c11-b568-5a096850e705"",""replica"":""56b3bc11-84b5-4316-abf1-2dec254f4739""}",2026-03-28T00:02:11.157958502Z
[WS NATIVE MESSAGE] Received for akundua binary: true len: 350 preview: AAFbGtgCCiArkrsHPEMWtN/jrnWvja5+4gHblD70ILdyS+EDqecOIBIwntdgOtkMnM4=...,info,"{""level"":""info""}","{""project"":""ce3616d9-58ad-4ec7-a294-1821e1564434"",""environment"":""fb6513d0-42a4-4660-82b5-509c54b15f2a"",""service"":""4978aa94-666c-47c7-8024-3ada55195a51"",""deployment"":""b4365154-eadc-4c11-b568-5a096850e705"",""replica"":""56b3bc11-84b5-4316-abf1-2dec254f4739""}",2026-03-28T00:02:11.157964461Z
==========================================,info,"{""level"":""info""}","{""project"":""ce3616d9-58ad-4ec7-a294-1821e1564434"",""environment"":""fb6513d0-42a4-4660-82b5-509c54b15f2a"",""service"":""4978aa94-666c-47c7-8024-3ada55195a51"",""deployment"":""b4365154-eadc-4c11-b568-5a096850e705"",""replica"":""56b3bc11-84b5-4316-abf1-2dec254f4739""}",2026-03-28T00:02:11.161618145Z
[QR] QR length: 237,info,"{""level"":""info""}","{""project"":""ce3616d9-58ad-4ec7-a294-1821e1564434"",""environment"":""fb6513d0-42a4-4660-82b5-509c54b15f2a"",""service"":""4978aa94-666c-47c7-8024-3ada55195a51"",""deployment"":""b4365154-eadc-4c11-b568-5a096850e705"",""replica"":""56b3bc11-84b5-4316-abf1-2dec254f4739""}",2026-03-28T00:02:11.161636644Z
[QR] Converting QR to data URL...,info,"{""level"":""info""}","{""project"":""ce3616d9-58ad-4ec7-a294-1821e1564434"",""environment"":""fb6513d0-42a4-4660-82b5-509c54b15f2a"",""service"":""4978aa94-666c-47c7-8024-3ada55195a51"",""deployment"":""b4365154-eadc-4c11-b568-5a096850e705"",""replica"":""56b3bc11-84b5-4316-abf1-2dec254f4739""}",2026-03-28T00:02:11.161643983Z
"[QR] ✅ QR converted, length: 6346",info,"{""level"":""info""}","{""project"":""ce3616d9-58ad-4ec7-a294-1821e1564434"",""environment"":""fb6513d0-42a4-4660-82b5-509c54b15f2a"",""service"":""4978aa94-666c-47c7-8024-3ada55195a51"",""deployment"":""b4365154-eadc-4c11-b568-5a096850e705"",""replica"":""56b3bc11-84b5-4316-abf1-2dec254f4739""}",2026-03-28T00:02:11.161650133Z
[WS NATIVE SEND] Sending for akundua type: object preview: AAFcItkCCjAUvmI96hkLu3PwZOGb1tH62qveG1CaRap0yHFM+jPO5rkRoHpM+HT3w5A=,info,"{""level"":""info""}","{""project"":""ce3616d9-58ad-4ec7-a294-1821e1564434"",""environment"":""fb6513d0-42a4-4660-82b5-509c54b15f2a"",""service"":""4978aa94-666c-47c7-8024-3ada55195a51"",""deployment"":""b4365154-eadc-4c11-b568-5a096850e705"",""replica"":""56b3bc11-84b5-4316-abf1-2dec254f4739""}",2026-03-28T00:02:11.161654264Z
[WS NATIVE MESSAGE] Received for akundua binary: true len: 698 preview: AAK3LquSYzSWGdok6hoiYSgDL4kMp9c60hBGISASFy5c3LEe8j8/pc/56ncoCoJmU7E=...,info,"{""level"":""info""}","{""project"":""ce3616d9-58ad-4ec7-a294-1821e1564434"",""environment"":""fb6513d0-42a4-4660-82b5-509c54b15f2a"",""service"":""4978aa94-666c-47c7-8024-3ada55195a51"",""deployment"":""b4365154-eadc-4c11-b568-5a096850e705"",""replica"":""56b3bc11-84b5-4316-abf1-2dec254f4739""}",2026-03-28T00:02:11.161670476Z
==========================================,info,"{""level"":""info""}","{""project"":""ce3616d9-58ad-4ec7-a294-1821e1564434"",""environment"":""fb6513d0-42a4-4660-82b5-509c54b15f2a"",""service"":""4978aa94-666c-47c7-8024-3ada55195a51"",""deployment"":""b4365154-eadc-4c11-b568-5a096850e705"",""replica"":""56b3bc11-84b5-4316-abf1-2dec254f4739""}",2026-03-28T00:02:11.161685466Z
"  hasQr: true,",info,"{""level"":""info""}","{""project"":""ce3616d9-58ad-4ec7-a294-1821e1564434"",""environment"":""fb6513d0-42a4-4660-82b5-509c54b15f2a"",""service"":""4978aa94-666c-47c7-8024-3ada55195a51"",""deployment"":""b4365154-eadc-4c11-b568-5a096850e705"",""replica"":""56b3bc11-84b5-4316-abf1-2dec254f4739""}",2026-03-28T00:02:11.161717956Z
  isNewLogin: undefined,info,"{""level"":""info""}","{""project"":""ce3616d9-58ad-4ec7-a294-1821e1564434"",""environment"":""fb6513d0-42a4-4660-82b5-509c54b15f2a"",""service"":""4978aa94-666c-47c7-8024-3ada55195a51"",""deployment"":""b4365154-eadc-4c11-b568-5a096850e705"",""replica"":""56b3bc11-84b5-4316-abf1-2dec254f4739""}",2026-03-28T00:02:11.161732410Z
},info,"{""level"":""info""}","{""project"":""ce3616d9-58ad-4ec7-a294-1821e1564434"",""environment"":""fb6513d0-42a4-4660-82b5-509c54b15f2a"",""service"":""4978aa94-666c-47c7-8024-3ada55195a51"",""deployment"":""b4365154-eadc-4c11-b568-5a096850e705"",""replica"":""56b3bc11-84b5-4316-abf1-2dec254f4739""}",2026-03-28T00:02:11.161740234Z
[NETWORK] HTTPS test TIMEOUT,info,"{""level"":""info""}","{""project"":""ce3616d9-58ad-4ec7-a294-1821e1564434"",""environment"":""fb6513d0-42a4-4660-82b5-509c54b15f2a"",""service"":""4978aa94-666c-47c7-8024-3ada55195a51"",""deployment"":""b4365154-eadc-4c11-b568-5a096850e705"",""replica"":""56b3bc11-84b5-4316-abf1-2dec254f4739""}",2026-03-28T00:02:19.790595827Z
[DB] Synced 2 accounts to database,info,"{""level"":""info""}","{""project"":""ce3616d9-58ad-4ec7-a294-1821e1564434"",""environment"":""fb6513d0-42a4-4660-82b5-509c54b15f2a"",""service"":""4978aa94-666c-47c7-8024-3ada55195a51"",""deployment"":""b4365154-eadc-4c11-b568-5a096850e705"",""replica"":""56b3bc11-84b5-4316-abf1-2dec254f4739""}",2026-03-28T00:02:22.152618864Z
[WS NATIVE MESSAGE] Received for akundua binary: true len: 297 preview: AAEm8ydwsutBAbdOD0YwVXpTtD6vZlW6/oLtkeENsFUSPgZqwUUTttz2nIvYuR7soqc=...,info,"{""level"":""info""}","{""project"":""ce3616d9-58ad-4ec7-a294-1821e1564434"",""environment"":""fb6513d0-42a4-4660-82b5-509c54b15f2a"",""service"":""4978aa94-666c-47c7-8024-3ada55195a51"",""deployment"":""b4365154-eadc-4c11-b568-5a096850e705"",""replica"":""56b3bc11-84b5-4316-abf1-2dec254f4739""}",2026-03-28T00:02:41.648154087Z
pair success recv,info,"{""time"":1774656157884,""pid"":94,""hostname"":""9a45ddc40bc4"",""level"":""info""}","{""project"":""ce3616d9-58ad-4ec7-a294-1821e1564434"",""environment"":""fb6513d0-42a4-4660-82b5-509c54b15f2a"",""service"":""4978aa94-666c-47c7-8024-3ada55195a51"",""deployment"":""b4365154-eadc-4c11-b568-5a096850e705"",""replica"":""56b3bc11-84b5-4316-abf1-2dec254f4739""}",2026-03-28T00:02:41.648158525Z
[WS NATIVE SEND] Sending for akundua type: object preview: AAAaKjtRhgGZpkgVrTV0MsBkAiCrEo6/N6t4DCo=,info,"{""level"":""info""}","{""project"":""ce3616d9-58ad-4ec7-a294-1821e1564434"",""environment"":""fb6513d0-42a4-4660-82b5-509c54b15f2a"",""service"":""4978aa94-666c-47c7-8024-3ada55195a51"",""deployment"":""b4365154-eadc-4c11-b568-5a096850e705"",""replica"":""56b3bc11-84b5-4316-abf1-2dec254f4739""}",2026-03-28T00:02:41.648163260Z
==========================================,info,"{""level"":""info""}","{""project"":""ce3616d9-58ad-4ec7-a294-1821e1564434"",""environment"":""fb6513d0-42a4-4660-82b5-509c54b15f2a"",""service"":""4978aa94-666c-47c7-8024-3ada55195a51"",""deployment"":""b4365154-eadc-4c11-b568-5a096850e705"",""replica"":""56b3bc11-84b5-4316-abf1-2dec254f4739""}",2026-03-28T00:02:41.648167514Z
[CONNECTION UPDATE] ✅ EVENT RECEIVED! {,info,"{""level"":""info""}","{""project"":""ce3616d9-58ad-4ec7-a294-1821e1564434"",""environment"":""fb6513d0-42a4-4660-82b5-509c54b15f2a"",""service"":""4978aa94-666c-47c7-8024-3ada55195a51"",""deployment"":""b4365154-eadc-4c11-b568-5a096850e705"",""replica"":""56b3bc11-84b5-4316-abf1-2dec254f4739""}",2026-03-28T00:02:41.648173215Z
"  accountId: 'akundua',",info,"{""level"":""info""}","{""project"":""ce3616d9-58ad-4ec7-a294-1821e1564434"",""environment"":""fb6513d0-42a4-4660-82b5-509c54b15f2a"",""service"":""4978aa94-666c-47c7-8024-3ada55195a51"",""deployment"":""b4365154-eadc-4c11-b568-5a096850e705"",""replica"":""56b3bc11-84b5-4316-abf1-2dec254f4739""}",2026-03-28T00:02:41.648178902Z
"  connection: undefined,",info,"{""level"":""info""}","{""project"":""ce3616d9-58ad-4ec7-a294-1821e1564434"",""environment"":""fb6513d0-42a4-4660-82b5-509c54b15f2a"",""service"":""4978aa94-666c-47c7-8024-3ada55195a51"",""deployment"":""b4365154-eadc-4c11-b568-5a096850e705"",""replica"":""56b3bc11-84b5-4316-abf1-2dec254f4739""}",2026-03-28T00:02:41.648183989Z
"  hasQr: false,",info,"{""level"":""info""}","{""project"":""ce3616d9-58ad-4ec7-a294-1821e1564434"",""environment"":""fb6513d0-42a4-4660-82b5-509c54b15f2a"",""service"":""4978aa94-666c-47c7-8024-3ada55195a51"",""deployment"":""b4365154-eadc-4c11-b568-5a096850e705"",""replica"":""56b3bc11-84b5-4316-abf1-2dec254f4739""}",2026-03-28T00:02:41.648190272Z
"  qrPreview: null,",info,"{""level"":""info""}","{""project"":""ce3616d9-58ad-4ec7-a294-1821e1564434"",""environment"":""fb6513d0-42a4-4660-82b5-509c54b15f2a"",""service"":""4978aa94-666c-47c7-8024-3ada55195a51"",""deployment"":""b4365154-eadc-4c11-b568-5a096850e705"",""replica"":""56b3bc11-84b5-4316-abf1-2dec254f4739""}",2026-03-28T00:02:41.648195793Z
  isNewLogin: true,info,"{""level"":""info""}","{""project"":""ce3616d9-58ad-4ec7-a294-1821e1564434"",""environment"":""fb6513d0-42a4-4660-82b5-509c54b15f2a"",""service"":""4978aa94-666c-47c7-8024-3ada55195a51"",""deployment"":""b4365154-eadc-4c11-b568-5a096850e705"",""replica"":""56b3bc11-84b5-4316-abf1-2dec254f4739""}",2026-03-28T00:02:41.648201840Z
},info,"{""level"":""info""}","{""project"":""ce3616d9-58ad-4ec7-a294-1821e1564434"",""environment"":""fb6513d0-42a4-4660-82b5-509c54b15f2a"",""service"":""4978aa94-666c-47c7-8024-3ada55195a51"",""deployment"":""b4365154-eadc-4c11-b568-5a096850e705"",""replica"":""56b3bc11-84b5-4316-abf1-2dec254f4739""}",2026-03-28T00:02:41.648208832Z
[WS NATIVE SEND] Sending for akundua type: object preview: AADZ7xnLJ75xmecJ0IatUx0erHx3x32eE2Y8uWzJqWJDGN/2aEr3v25YODX8R/Fjd/I=,info,"{""level"":""info""}","{""project"":""ce3616d9-58ad-4ec7-a294-1821e1564434"",""environment"":""fb6513d0-42a4-4660-82b5-509c54b15f2a"",""service"":""4978aa94-666c-47c7-8024-3ada55195a51"",""deployment"":""b4365154-eadc-4c11-b568-5a096850e705"",""replica"":""56b3bc11-84b5-4316-abf1-2dec254f4739""}",2026-03-28T00:02:41.648221296Z
"pairing configured successfully, expect to restart the connection...",info,"{""time"":1774656157924,""pid"":94,""hostname"":""9a45ddc40bc4"",""me"":{""id"":""6285189022727:1@s.whatsapp.net"",""name"":""nay""},""platform"":""smba"",""level"":""info""}","{""project"":""ce3616d9-58ad-4ec7-a294-1821e1564434"",""environment"":""fb6513d0-42a4-4660-82b5-509c54b15f2a"",""service"":""4978aa94-666c-47c7-8024-3ada55195a51"",""deployment"":""b4365154-eadc-4c11-b568-5a096850e705"",""replica"":""56b3bc11-84b5-4316-abf1-2dec254f4739""}",2026-03-28T00:02:41.648227043Z
updated pushName,info,"{""time"":1774656157924,""pid"":94,""hostname"":""9a45ddc40bc4"",""name"":""nay"",""level"":""info""}","{""project"":""ce3616d9-58ad-4ec7-a294-1821e1564434"",""environment"":""fb6513d0-42a4-4660-82b5-509c54b15f2a"",""service"":""4978aa94-666c-47c7-8024-3ada55195a51"",""deployment"":""b4365154-eadc-4c11-b568-5a096850e705"",""replica"":""56b3bc11-84b5-4316-abf1-2dec254f4739""}",2026-03-28T00:02:41.648231134Z
[WS NATIVE MESSAGE] Received for akundua binary: true len: 52 preview: AAAa/NolxjnvUao0YAOZ3hIIVMlcKjvuLPgNktoAABSEJJlxKdFAKATi/cjV0TKpDxI=...,info,"{""level"":""info""}","{""project"":""ce3616d9-58ad-4ec7-a294-1821e1564434"",""environment"":""fb6513d0-42a4-4660-82b5-509c54b15f2a"",""service"":""4978aa94-666c-47c7-8024-3ada55195a51"",""deployment"":""b4365154-eadc-4c11-b568-5a096850e705"",""replica"":""56b3bc11-84b5-4316-abf1-2dec254f4739""}",2026-03-28T00:02:41.648237664Z
stream errored out,info,"{""time"":1774656158338,""pid"":94,""hostname"":""9a45ddc40bc4"",""node"":{""tag"":""stream:error"",""attrs"":{""code"":""515""}},""level"":""info""}","{""project"":""ce3616d9-58ad-4ec7-a294-1821e1564434"",""environment"":""fb6513d0-42a4-4660-82b5-509c54b15f2a"",""service"":""4978aa94-666c-47c7-8024-3ada55195a51"",""deployment"":""b4365154-eadc-4c11-b568-5a096850e705"",""replica"":""56b3bc11-84b5-4316-abf1-2dec254f4739""}",2026-03-28T00:02:41.648243534Z
==========================================,info,"{""level"":""info""}","{""project"":""ce3616d9-58ad-4ec7-a294-1821e1564434"",""environment"":""fb6513d0-42a4-4660-82b5-509c54b15f2a"",""service"":""4978aa94-666c-47c7-8024-3ada55195a51"",""deployment"":""b4365154-eadc-4c11-b568-5a096850e705"",""replica"":""56b3bc11-84b5-4316-abf1-2dec254f4739""}",2026-03-28T00:02:41.662414327Z
[CONNECTION UPDATE] ✅ EVENT RECEIVED! {,info,"{""level"":""info""}","{""project"":""ce3616d9-58ad-4ec7-a294-1821e1564434"",""environment"":""fb6513d0-42a4-4660-82b5-509c54b15f2a"",""service"":""4978aa94-666c-47c7-8024-3ada55195a51"",""deployment"":""b4365154-eadc-4c11-b568-5a096850e705"",""replica"":""56b3bc11-84b5-4316-abf1-2dec254f4739""}",2026-03-28T00:02:41.662426671Z
"  accountId: 'akundua',",info,"{""level"":""info""}","{""project"":""ce3616d9-58ad-4ec7-a294-1821e1564434"",""environment"":""fb6513d0-42a4-4660-82b5-509c54b15f2a"",""service"":""4978aa94-666c-47c7-8024-3ada55195a51"",""deployment"":""b4365154-eadc-4c11-b568-5a096850e705"",""replica"":""56b3bc11-84b5-4316-abf1-2dec254f4739""}",2026-03-28T00:02:41.662434300Z
"  connection: 'close',",info,"{""level"":""info""}","{""project"":""ce3616d9-58ad-4ec7-a294-1821e1564434"",""environment"":""fb6513d0-42a4-4660-82b5-509c54b15f2a"",""service"":""4978aa94-666c-47c7-8024-3ada55195a51"",""deployment"":""b4365154-eadc-4c11-b568-5a096850e705"",""replica"":""56b3bc11-84b5-4316-abf1-2dec254f4739""}",2026-03-28T00:02:41.662443495Z
  isNewLogin: undefined,info,"{""level"":""info""}","{""project"":""ce3616d9-58ad-4ec7-a294-1821e1564434"",""environment"":""fb6513d0-42a4-4660-82b5-509c54b15f2a"",""service"":""4978aa94-666c-47c7-8024-3ada55195a51"",""deployment"":""b4365154-eadc-4c11-b568-5a096850e705"",""replica"":""56b3bc11-84b5-4316-abf1-2dec254f4739""}",2026-03-28T00:02:41.662466668Z
},info,"{""level"":""info""}","{""project"":""ce3616d9-58ad-4ec7-a294-1821e1564434"",""environment"":""fb6513d0-42a4-4660-82b5-509c54b15f2a"",""service"":""4978aa94-666c-47c7-8024-3ada55195a51"",""deployment"":""b4365154-eadc-4c11-b568-5a096850e705"",""replica"":""56b3bc11-84b5-4316-abf1-2dec254f4739""}",2026-03-28T00:02:41.662473919Z
connection errored,info,"{""time"":1774656158339,""pid"":94,""hostname"":""9a45ddc40bc4"",""trace"":""Error: Stream Errored (restart required)\n    at WebSocketClient.<anonymous> (/app/mini-services/whatsapp-service/node_modules/@whiskeysockets/baileys/src/Socket/socket.ts:648:7)\n    at WebSocketClient.emit (node:events:519:28)\n    at <anonymous> (/app/mini-services/whatsapp-service/node_modules/@whiskeysockets/baileys/src/Socket/socket.ts:327:23)\n    at Object.decodeFrame (/app/mini-services/whatsapp-service/node_modules/@whiskeysockets/baileys/src/Utils/noise-handler.ts:187:5)\n    at process.processTicksAndRejections (node:internal/process/task_queues:105:5)"",""level"":""info""}","{""project"":""ce3616d9-58ad-4ec7-a294-1821e1564434"",""environment"":""fb6513d0-42a4-4660-82b5-509c54b15f2a"",""service"":""4978aa94-666c-47c7-8024-3ada55195a51"",""deployment"":""b4365154-eadc-4c11-b568-5a096850e705"",""replica"":""56b3bc11-84b5-4316-abf1-2dec254f4739""}",2026-03-28T00:02:41.662493369Z
[WS NATIVE MESSAGE] Received for akundua binary: true len: 4 preview: iAID8w==,info,"{""level"":""info""}","{""project"":""ce3616d9-58ad-4ec7-a294-1821e1564434"",""environment"":""fb6513d0-42a4-4660-82b5-509c54b15f2a"",""service"":""4978aa94-666c-47c7-8024-3ada55195a51"",""deployment"":""b4365154-eadc-4c11-b568-5a096850e705"",""replica"":""56b3bc11-84b5-4316-abf1-2dec254f4739""}",2026-03-28T00:02:41.662499483Z
[WS NATIVE CLOSE] Native WebSocket closed for akundua code: 1006 reason: ,info,"{""level"":""info""}","{""project"":""ce3616d9-58ad-4ec7-a294-1821e1564434"",""environment"":""fb6513d0-42a4-4660-82b5-509c54b15f2a"",""service"":""4978aa94-666c-47c7-8024-3ada55195a51"",""deployment"":""b4365154-eadc-4c11-b568-5a096850e705"",""replica"":""56b3bc11-84b5-4316-abf1-2dec254f4739""}",2026-03-28T00:02:41.662505581Z