message,severity,attributes,tags,timestamp
==========================================,info,"{""level"":""info""}","{""project"":""ce3616d9-58ad-4ec7-a294-1821e1564434"",""environment"":""fb6513d0-42a4-4660-82b5-509c54b15f2a"",""service"":""4978aa94-666c-47c7-8024-3ada55195a51"",""deployment"":""509f9a3a-d271-4bd0-bf83-1f64397ab91d"",""replica"":""2c2e70ce-01d6-4d59-bf4a-cf53a5e5b4c2""}",2026-03-31T14:36:13.518794707Z
Starting WhatsApp Warmer Service,info,"{""level"":""info""}","{""project"":""ce3616d9-58ad-4ec7-a294-1821e1564434"",""environment"":""fb6513d0-42a4-4660-82b5-509c54b15f2a"",""service"":""4978aa94-666c-47c7-8024-3ada55195a51"",""deployment"":""509f9a3a-d271-4bd0-bf83-1f64397ab91d"",""replica"":""2c2e70ce-01d6-4d59-bf4a-cf53a5e5b4c2""}",2026-03-31T14:36:13.518799164Z
Time: 2026-03-31 14:36:13 UTC,info,"{""level"":""info""}","{""project"":""ce3616d9-58ad-4ec7-a294-1821e1564434"",""environment"":""fb6513d0-42a4-4660-82b5-509c54b15f2a"",""service"":""4978aa94-666c-47c7-8024-3ada55195a51"",""deployment"":""509f9a3a-d271-4bd0-bf83-1f64397ab91d"",""replica"":""2c2e70ce-01d6-4d59-bf4a-cf53a5e5b4c2""}",2026-03-31T14:36:13.518805821Z
==========================================,info,"{""level"":""info""}","{""project"":""ce3616d9-58ad-4ec7-a294-1821e1564434"",""environment"":""fb6513d0-42a4-4660-82b5-509c54b15f2a"",""service"":""4978aa94-666c-47c7-8024-3ada55195a51"",""deployment"":""509f9a3a-d271-4bd0-bf83-1f64397ab91d"",""replica"":""2c2e70ce-01d6-4d59-bf4a-cf53a5e5b4c2""}",2026-03-31T14:36:13.518812751Z
DATABASE_URL: file:/app/data/whatsapp.db,info,"{""level"":""info""}","{""project"":""ce3616d9-58ad-4ec7-a294-1821e1564434"",""environment"":""fb6513d0-42a4-4660-82b5-509c54b15f2a"",""service"":""4978aa94-666c-47c7-8024-3ada55195a51"",""deployment"":""509f9a3a-d271-4bd0-bf83-1f64397ab91d"",""replica"":""2c2e70ce-01d6-4d59-bf4a-cf53a5e5b4c2""}",2026-03-31T14:36:13.518817579Z
Running Prisma migrations...,info,"{""level"":""info""}","{""project"":""ce3616d9-58ad-4ec7-a294-1821e1564434"",""environment"":""fb6513d0-42a4-4660-82b5-509c54b15f2a"",""service"":""4978aa94-666c-47c7-8024-3ada55195a51"",""deployment"":""509f9a3a-d271-4bd0-bf83-1f64397ab91d"",""replica"":""2c2e70ce-01d6-4d59-bf4a-cf53a5e5b4c2""}",2026-03-31T14:36:13.518823261Z
Starting Container,info,"{""level"":""info""}","{""project"":""ce3616d9-58ad-4ec7-a294-1821e1564434"",""environment"":""fb6513d0-42a4-4660-82b5-509c54b15f2a"",""service"":""4978aa94-666c-47c7-8024-3ada55195a51"",""deployment"":""509f9a3a-d271-4bd0-bf83-1f64397ab91d"",""replica"":""2c2e70ce-01d6-4d59-bf4a-cf53a5e5b4c2""}",2026-03-31T14:36:14.012969630Z
,info,"{""level"":""info""}","{""project"":""ce3616d9-58ad-4ec7-a294-1821e1564434"",""environment"":""fb6513d0-42a4-4660-82b5-509c54b15f2a"",""service"":""4978aa94-666c-47c7-8024-3ada55195a51"",""deployment"":""509f9a3a-d271-4bd0-bf83-1f64397ab91d"",""replica"":""2c2e70ce-01d6-4d59-bf4a-cf53a5e5b4c2""}",2026-03-31T14:36:14.641225870Z
SQLite database whatsapp.db created at file:/app/data/whatsapp.db,info,"{""level"":""info""}","{""project"":""ce3616d9-58ad-4ec7-a294-1821e1564434"",""environment"":""fb6513d0-42a4-4660-82b5-509c54b15f2a"",""service"":""4978aa94-666c-47c7-8024-3ada55195a51"",""deployment"":""509f9a3a-d271-4bd0-bf83-1f64397ab91d"",""replica"":""2c2e70ce-01d6-4d59-bf4a-cf53a5e5b4c2""}",2026-03-31T14:36:14.641240434Z
Prisma schema loaded from prisma/schema.prisma,info,"{""level"":""info""}","{""project"":""ce3616d9-58ad-4ec7-a294-1821e1564434"",""environment"":""fb6513d0-42a4-4660-82b5-509c54b15f2a"",""service"":""4978aa94-666c-47c7-8024-3ada55195a51"",""deployment"":""509f9a3a-d271-4bd0-bf83-1f64397ab91d"",""replica"":""2c2e70ce-01d6-4d59-bf4a-cf53a5e5b4c2""}",2026-03-31T14:36:14.641272191Z
"Datasource ""db"": SQLite database ""whatsapp.db"" at ""file:/app/data/whatsapp.db""",info,"{""level"":""info""}","{""project"":""ce3616d9-58ad-4ec7-a294-1821e1564434"",""environment"":""fb6513d0-42a4-4660-82b5-509c54b15f2a"",""service"":""4978aa94-666c-47c7-8024-3ada55195a51"",""deployment"":""509f9a3a-d271-4bd0-bf83-1f64397ab91d"",""replica"":""2c2e70ce-01d6-4d59-bf4a-cf53a5e5b4c2""}",2026-03-31T14:36:14.641279871Z
,info,"{""level"":""info""}","{""project"":""ce3616d9-58ad-4ec7-a294-1821e1564434"",""environment"":""fb6513d0-42a4-4660-82b5-509c54b15f2a"",""service"":""4978aa94-666c-47c7-8024-3ada55195a51"",""deployment"":""509f9a3a-d271-4bd0-bf83-1f64397ab91d"",""replica"":""2c2e70ce-01d6-4d59-bf4a-cf53a5e5b4c2""}",2026-03-31T14:36:14.726738535Z
🚀  Your database is now in sync with your Prisma schema. Done in 105ms,info,"{""level"":""info""}","{""project"":""ce3616d9-58ad-4ec7-a294-1821e1564434"",""environment"":""fb6513d0-42a4-4660-82b5-509c54b15f2a"",""service"":""4978aa94-666c-47c7-8024-3ada55195a51"",""deployment"":""509f9a3a-d271-4bd0-bf83-1f64397ab91d"",""replica"":""2c2e70ce-01d6-4d59-bf4a-cf53a5e5b4c2""}",2026-03-31T14:36:14.726747205Z
┌─────────────────────────────────────────────────────────┐,error,"{""level"":""error""}","{""project"":""ce3616d9-58ad-4ec7-a294-1821e1564434"",""environment"":""fb6513d0-42a4-4660-82b5-509c54b15f2a"",""service"":""4978aa94-666c-47c7-8024-3ada55195a51"",""deployment"":""509f9a3a-d271-4bd0-bf83-1f64397ab91d"",""replica"":""2c2e70ce-01d6-4d59-bf4a-cf53a5e5b4c2""}",2026-03-31T14:36:14.726753542Z
│  Update available 6.19.2 -> 7.6.0                       │,error,"{""level"":""error""}","{""project"":""ce3616d9-58ad-4ec7-a294-1821e1564434"",""environment"":""fb6513d0-42a4-4660-82b5-509c54b15f2a"",""service"":""4978aa94-666c-47c7-8024-3ada55195a51"",""deployment"":""509f9a3a-d271-4bd0-bf83-1f64397ab91d"",""replica"":""2c2e70ce-01d6-4d59-bf4a-cf53a5e5b4c2""}",2026-03-31T14:36:14.726758982Z
│                                                         │,error,"{""level"":""error""}","{""project"":""ce3616d9-58ad-4ec7-a294-1821e1564434"",""environment"":""fb6513d0-42a4-4660-82b5-509c54b15f2a"",""service"":""4978aa94-666c-47c7-8024-3ada55195a51"",""deployment"":""509f9a3a-d271-4bd0-bf83-1f64397ab91d"",""replica"":""2c2e70ce-01d6-4d59-bf4a-cf53a5e5b4c2""}",2026-03-31T14:36:14.726763902Z
│  This is a major update - please follow the guide at    │,error,"{""level"":""error""}","{""project"":""ce3616d9-58ad-4ec7-a294-1821e1564434"",""environment"":""fb6513d0-42a4-4660-82b5-509c54b15f2a"",""service"":""4978aa94-666c-47c7-8024-3ada55195a51"",""deployment"":""509f9a3a-d271-4bd0-bf83-1f64397ab91d"",""replica"":""2c2e70ce-01d6-4d59-bf4a-cf53a5e5b4c2""}",2026-03-31T14:36:14.726769307Z
│  https://pris.ly/d/major-version-upgrade                │,error,"{""level"":""error""}","{""project"":""ce3616d9-58ad-4ec7-a294-1821e1564434"",""environment"":""fb6513d0-42a4-4660-82b5-509c54b15f2a"",""service"":""4978aa94-666c-47c7-8024-3ada55195a51"",""deployment"":""509f9a3a-d271-4bd0-bf83-1f64397ab91d"",""replica"":""2c2e70ce-01d6-4d59-bf4a-cf53a5e5b4c2""}",2026-03-31T14:36:14.726774444Z
│                                                         │,error,"{""level"":""error""}","{""project"":""ce3616d9-58ad-4ec7-a294-1821e1564434"",""environment"":""fb6513d0-42a4-4660-82b5-509c54b15f2a"",""service"":""4978aa94-666c-47c7-8024-3ada55195a51"",""deployment"":""509f9a3a-d271-4bd0-bf83-1f64397ab91d"",""replica"":""2c2e70ce-01d6-4d59-bf4a-cf53a5e5b4c2""}",2026-03-31T14:36:14.726779116Z
│  Run the following to update                            │,error,"{""level"":""error""}","{""project"":""ce3616d9-58ad-4ec7-a294-1821e1564434"",""environment"":""fb6513d0-42a4-4660-82b5-509c54b15f2a"",""service"":""4978aa94-666c-47c7-8024-3ada55195a51"",""deployment"":""509f9a3a-d271-4bd0-bf83-1f64397ab91d"",""replica"":""2c2e70ce-01d6-4d59-bf4a-cf53a5e5b4c2""}",2026-03-31T14:36:14.726783603Z
│    npm i --save-dev prisma@latest                       │,error,"{""level"":""error""}","{""project"":""ce3616d9-58ad-4ec7-a294-1821e1564434"",""environment"":""fb6513d0-42a4-4660-82b5-509c54b15f2a"",""service"":""4978aa94-666c-47c7-8024-3ada55195a51"",""deployment"":""509f9a3a-d271-4bd0-bf83-1f64397ab91d"",""replica"":""2c2e70ce-01d6-4d59-bf4a-cf53a5e5b4c2""}",2026-03-31T14:36:14.726789133Z
│    npm i @prisma/client@latest                          │,error,"{""level"":""error""}","{""project"":""ce3616d9-58ad-4ec7-a294-1821e1564434"",""environment"":""fb6513d0-42a4-4660-82b5-509c54b15f2a"",""service"":""4978aa94-666c-47c7-8024-3ada55195a51"",""deployment"":""509f9a3a-d271-4bd0-bf83-1f64397ab91d"",""replica"":""2c2e70ce-01d6-4d59-bf4a-cf53a5e5b4c2""}",2026-03-31T14:36:14.726793953Z
└─────────────────────────────────────────────────────────┘,error,"{""level"":""error""}","{""project"":""ce3616d9-58ad-4ec7-a294-1821e1564434"",""environment"":""fb6513d0-42a4-4660-82b5-509c54b15f2a"",""service"":""4978aa94-666c-47c7-8024-3ada55195a51"",""deployment"":""509f9a3a-d271-4bd0-bf83-1f64397ab91d"",""replica"":""2c2e70ce-01d6-4d59-bf4a-cf53a5e5b4c2""}",2026-03-31T14:36:14.726798362Z
,info,"{""level"":""info""}","{""project"":""ce3616d9-58ad-4ec7-a294-1821e1564434"",""environment"":""fb6513d0-42a4-4660-82b5-509c54b15f2a"",""service"":""4978aa94-666c-47c7-8024-3ada55195a51"",""deployment"":""509f9a3a-d271-4bd0-bf83-1f64397ab91d"",""replica"":""2c2e70ce-01d6-4d59-bf4a-cf53a5e5b4c2""}",2026-03-31T14:36:14.726803095Z
Setting up Prisma symlinks...,info,"{""level"":""info""}","{""project"":""ce3616d9-58ad-4ec7-a294-1821e1564434"",""environment"":""fb6513d0-42a4-4660-82b5-509c54b15f2a"",""service"":""4978aa94-666c-47c7-8024-3ada55195a51"",""deployment"":""509f9a3a-d271-4bd0-bf83-1f64397ab91d"",""replica"":""2c2e70ce-01d6-4d59-bf4a-cf53a5e5b4c2""}",2026-03-31T14:36:14.747666422Z
,info,"{""level"":""info""}","{""project"":""ce3616d9-58ad-4ec7-a294-1821e1564434"",""environment"":""fb6513d0-42a4-4660-82b5-509c54b15f2a"",""service"":""4978aa94-666c-47c7-8024-3ada55195a51"",""deployment"":""509f9a3a-d271-4bd0-bf83-1f64397ab91d"",""replica"":""2c2e70ce-01d6-4d59-bf4a-cf53a5e5b4c2""}",2026-03-31T14:36:14.756900445Z
==========================================,info,"{""level"":""info""}","{""project"":""ce3616d9-58ad-4ec7-a294-1821e1564434"",""environment"":""fb6513d0-42a4-4660-82b5-509c54b15f2a"",""service"":""4978aa94-666c-47c7-8024-3ada55195a51"",""deployment"":""509f9a3a-d271-4bd0-bf83-1f64397ab91d"",""replica"":""2c2e70ce-01d6-4d59-bf4a-cf53a5e5b4c2""}",2026-03-31T14:36:14.756916130Z
STEP 1: Starting WhatsApp Service,info,"{""level"":""info""}","{""project"":""ce3616d9-58ad-4ec7-a294-1821e1564434"",""environment"":""fb6513d0-42a4-4660-82b5-509c54b15f2a"",""service"":""4978aa94-666c-47c7-8024-3ada55195a51"",""deployment"":""509f9a3a-d271-4bd0-bf83-1f64397ab91d"",""replica"":""2c2e70ce-01d6-4d59-bf4a-cf53a5e5b4c2""}",2026-03-31T14:36:14.756922772Z
==========================================,info,"{""level"":""info""}","{""project"":""ce3616d9-58ad-4ec7-a294-1821e1564434"",""environment"":""fb6513d0-42a4-4660-82b5-509c54b15f2a"",""service"":""4978aa94-666c-47c7-8024-3ada55195a51"",""deployment"":""509f9a3a-d271-4bd0-bf83-1f64397ab91d"",""replica"":""2c2e70ce-01d6-4d59-bf4a-cf53a5e5b4c2""}",2026-03-31T14:36:14.756929133Z
,info,"{""level"":""info""}","{""project"":""ce3616d9-58ad-4ec7-a294-1821e1564434"",""environment"":""fb6513d0-42a4-4660-82b5-509c54b15f2a"",""service"":""4978aa94-666c-47c7-8024-3ada55195a51"",""deployment"":""509f9a3a-d271-4bd0-bf83-1f64397ab91d"",""replica"":""2c2e70ce-01d6-4d59-bf4a-cf53a5e5b4c2""}",2026-03-31T14:36:14.756935806Z
Installing tsx...,info,"{""level"":""info""}","{""project"":""ce3616d9-58ad-4ec7-a294-1821e1564434"",""environment"":""fb6513d0-42a4-4660-82b5-509c54b15f2a"",""service"":""4978aa94-666c-47c7-8024-3ada55195a51"",""deployment"":""509f9a3a-d271-4bd0-bf83-1f64397ab91d"",""replica"":""2c2e70ce-01d6-4d59-bf4a-cf53a5e5b4c2""}",2026-03-31T14:36:14.758705581Z
,info,"{""level"":""info""}","{""project"":""ce3616d9-58ad-4ec7-a294-1821e1564434"",""environment"":""fb6513d0-42a4-4660-82b5-509c54b15f2a"",""service"":""4978aa94-666c-47c7-8024-3ada55195a51"",""deployment"":""509f9a3a-d271-4bd0-bf83-1f64397ab91d"",""replica"":""2c2e70ce-01d6-4d59-bf4a-cf53a5e5b4c2""}",2026-03-31T14:36:17.227638148Z
added 5 packages in 2s,info,"{""level"":""info""}","{""project"":""ce3616d9-58ad-4ec7-a294-1821e1564434"",""environment"":""fb6513d0-42a4-4660-82b5-509c54b15f2a"",""service"":""4978aa94-666c-47c7-8024-3ada55195a51"",""deployment"":""509f9a3a-d271-4bd0-bf83-1f64397ab91d"",""replica"":""2c2e70ce-01d6-4d59-bf4a-cf53a5e5b4c2""}",2026-03-31T14:36:17.227642353Z
,info,"{""level"":""info""}","{""project"":""ce3616d9-58ad-4ec7-a294-1821e1564434"",""environment"":""fb6513d0-42a4-4660-82b5-509c54b15f2a"",""service"":""4978aa94-666c-47c7-8024-3ada55195a51"",""deployment"":""509f9a3a-d271-4bd0-bf83-1f64397ab91d"",""replica"":""2c2e70ce-01d6-4d59-bf4a-cf53a5e5b4c2""}",2026-03-31T14:36:17.227646128Z
2 packages are looking for funding,info,"{""level"":""info""}","{""project"":""ce3616d9-58ad-4ec7-a294-1821e1564434"",""environment"":""fb6513d0-42a4-4660-82b5-509c54b15f2a"",""service"":""4978aa94-666c-47c7-8024-3ada55195a51"",""deployment"":""509f9a3a-d271-4bd0-bf83-1f64397ab91d"",""replica"":""2c2e70ce-01d6-4d59-bf4a-cf53a5e5b4c2""}",2026-03-31T14:36:17.227651211Z
  run `npm fund` for details,info,"{""level"":""info""}","{""project"":""ce3616d9-58ad-4ec7-a294-1821e1564434"",""environment"":""fb6513d0-42a4-4660-82b5-509c54b15f2a"",""service"":""4978aa94-666c-47c7-8024-3ada55195a51"",""deployment"":""509f9a3a-d271-4bd0-bf83-1f64397ab91d"",""replica"":""2c2e70ce-01d6-4d59-bf4a-cf53a5e5b4c2""}",2026-03-31T14:36:17.227655497Z
Starting WhatsApp service on port 3030...,info,"{""level"":""info""}","{""project"":""ce3616d9-58ad-4ec7-a294-1821e1564434"",""environment"":""fb6513d0-42a4-4660-82b5-509c54b15f2a"",""service"":""4978aa94-666c-47c7-8024-3ada55195a51"",""deployment"":""509f9a3a-d271-4bd0-bf83-1f64397ab91d"",""replica"":""2c2e70ce-01d6-4d59-bf4a-cf53a5e5b4c2""}",2026-03-31T14:36:17.227660001Z
WhatsApp Service PID: 76,info,"{""level"":""info""}","{""project"":""ce3616d9-58ad-4ec7-a294-1821e1564434"",""environment"":""fb6513d0-42a4-4660-82b5-509c54b15f2a"",""service"":""4978aa94-666c-47c7-8024-3ada55195a51"",""deployment"":""509f9a3a-d271-4bd0-bf83-1f64397ab91d"",""replica"":""2c2e70ce-01d6-4d59-bf4a-cf53a5e5b4c2""}",2026-03-31T14:36:17.227666436Z
Waiting for WhatsApp service to start...,info,"{""level"":""info""}","{""project"":""ce3616d9-58ad-4ec7-a294-1821e1564434"",""environment"":""fb6513d0-42a4-4660-82b5-509c54b15f2a"",""service"":""4978aa94-666c-47c7-8024-3ada55195a51"",""deployment"":""509f9a3a-d271-4bd0-bf83-1f64397ab91d"",""replica"":""2c2e70ce-01d6-4d59-bf4a-cf53a5e5b4c2""}",2026-03-31T14:36:17.227670816Z
  Waiting... (1/60),info,"{""level"":""info""}","{""project"":""ce3616d9-58ad-4ec7-a294-1821e1564434"",""environment"":""fb6513d0-42a4-4660-82b5-509c54b15f2a"",""service"":""4978aa94-666c-47c7-8024-3ada55195a51"",""deployment"":""509f9a3a-d271-4bd0-bf83-1f64397ab91d"",""replica"":""2c2e70ce-01d6-4d59-bf4a-cf53a5e5b4c2""}",2026-03-31T14:36:17.227675562Z
\[1G[0K  Waiting... (2/60),info,"{""level"":""info""}","{""project"":""ce3616d9-58ad-4ec7-a294-1821e1564434"",""environment"":""fb6513d0-42a4-4660-82b5-509c54b15f2a"",""service"":""4978aa94-666c-47c7-8024-3ada55195a51"",""deployment"":""509f9a3a-d271-4bd0-bf83-1f64397ab91d"",""replica"":""2c2e70ce-01d6-4d59-bf4a-cf53a5e5b4c2""}",2026-03-31T14:36:19.329522780Z
==========================================,info,"{""level"":""info""}","{""project"":""ce3616d9-58ad-4ec7-a294-1821e1564434"",""environment"":""fb6513d0-42a4-4660-82b5-509c54b15f2a"",""service"":""4978aa94-666c-47c7-8024-3ada55195a51"",""deployment"":""509f9a3a-d271-4bd0-bf83-1f64397ab91d"",""replica"":""2c2e70ce-01d6-4d59-bf4a-cf53a5e5b4c2""}",2026-03-31T14:36:19.409950755Z
🔥 WhatsApp Warmer Service running on port 3030,info,"{""level"":""info""}","{""project"":""ce3616d9-58ad-4ec7-a294-1821e1564434"",""environment"":""fb6513d0-42a4-4660-82b5-509c54b15f2a"",""service"":""4978aa94-666c-47c7-8024-3ada55195a51"",""deployment"":""509f9a3a-d271-4bd0-bf83-1f64397ab91d"",""replica"":""2c2e70ce-01d6-4d59-bf4a-cf53a5e5b4c2""}",2026-03-31T14:36:19.409954872Z
📊 Health check: http://localhost:3030/health,info,"{""level"":""info""}","{""project"":""ce3616d9-58ad-4ec7-a294-1821e1564434"",""environment"":""fb6513d0-42a4-4660-82b5-509c54b15f2a"",""service"":""4978aa94-666c-47c7-8024-3ada55195a51"",""deployment"":""509f9a3a-d271-4bd0-bf83-1f64397ab91d"",""replica"":""2c2e70ce-01d6-4d59-bf4a-cf53a5e5b4c2""}",2026-03-31T14:36:19.409959331Z
🔑 Groq API: Configured,info,"{""level"":""info""}","{""project"":""ce3616d9-58ad-4ec7-a294-1821e1564434"",""environment"":""fb6513d0-42a4-4660-82b5-509c54b15f2a"",""service"":""4978aa94-666c-47c7-8024-3ada55195a51"",""deployment"":""509f9a3a-d271-4bd0-bf83-1f64397ab91d"",""replica"":""2c2e70ce-01d6-4d59-bf4a-cf53a5e5b4c2""}",2026-03-31T14:36:19.409963935Z
==========================================,info,"{""level"":""info""}","{""project"":""ce3616d9-58ad-4ec7-a294-1821e1564434"",""environment"":""fb6513d0-42a4-4660-82b5-509c54b15f2a"",""service"":""4978aa94-666c-47c7-8024-3ada55195a51"",""deployment"":""509f9a3a-d271-4bd0-bf83-1f64397ab91d"",""replica"":""2c2e70ce-01d6-4d59-bf4a-cf53a5e5b4c2""}",2026-03-31T14:36:19.409967951Z
✅ Groq instance initialized with API key,info,"{""level"":""info""}","{""project"":""ce3616d9-58ad-4ec7-a294-1821e1564434"",""environment"":""fb6513d0-42a4-4660-82b5-509c54b15f2a"",""service"":""4978aa94-666c-47c7-8024-3ada55195a51"",""deployment"":""509f9a3a-d271-4bd0-bf83-1f64397ab91d"",""replica"":""2c2e70ce-01d6-4d59-bf4a-cf53a5e5b4c2""}",2026-03-31T14:36:19.409972046Z
✅ Generated 5 personalities via Groq. Pool size: 5/50,info,"{""level"":""info""}","{""project"":""ce3616d9-58ad-4ec7-a294-1821e1564434"",""environment"":""fb6513d0-42a4-4660-82b5-509c54b15f2a"",""service"":""4978aa94-666c-47c7-8024-3ada55195a51"",""deployment"":""509f9a3a-d271-4bd0-bf83-1f64397ab91d"",""replica"":""2c2e70ce-01d6-4d59-bf4a-cf53a5e5b4c2""}",2026-03-31T14:36:20.947577300Z
✅ Port 3030 is open,info,"{""level"":""info""}","{""project"":""ce3616d9-58ad-4ec7-a294-1821e1564434"",""environment"":""fb6513d0-42a4-4660-82b5-509c54b15f2a"",""service"":""4978aa94-666c-47c7-8024-3ada55195a51"",""deployment"":""509f9a3a-d271-4bd0-bf83-1f64397ab91d"",""replica"":""2c2e70ce-01d6-4d59-bf4a-cf53a5e5b4c2""}",2026-03-31T14:36:21.260004258Z
✅ Socket.io endpoint responding (HTTP 200),info,"{""level"":""info""}","{""project"":""ce3616d9-58ad-4ec7-a294-1821e1564434"",""environment"":""fb6513d0-42a4-4660-82b5-509c54b15f2a"",""service"":""4978aa94-666c-47c7-8024-3ada55195a51"",""deployment"":""509f9a3a-d271-4bd0-bf83-1f64397ab91d"",""replica"":""2c2e70ce-01d6-4d59-bf4a-cf53a5e5b4c2""}",2026-03-31T14:36:21.260008108Z
,info,"{""level"":""info""}","{""project"":""ce3616d9-58ad-4ec7-a294-1821e1564434"",""environment"":""fb6513d0-42a4-4660-82b5-509c54b15f2a"",""service"":""4978aa94-666c-47c7-8024-3ada55195a51"",""deployment"":""509f9a3a-d271-4bd0-bf83-1f64397ab91d"",""replica"":""2c2e70ce-01d6-4d59-bf4a-cf53a5e5b4c2""}",2026-03-31T14:36:21.260012151Z
Testing Socket.io endpoint:,info,"{""level"":""info""}","{""project"":""ce3616d9-58ad-4ec7-a294-1821e1564434"",""environment"":""fb6513d0-42a4-4660-82b5-509c54b15f2a"",""service"":""4978aa94-666c-47c7-8024-3ada55195a51"",""deployment"":""509f9a3a-d271-4bd0-bf83-1f64397ab91d"",""replica"":""2c2e70ce-01d6-4d59-bf4a-cf53a5e5b4c2""}",2026-03-31T14:36:21.260016678Z
"Response: 0{""sid"":""KbdpCYfNOgrGU_QmAAAB"",""upgrades"":[""websocket""],""pingInterval"":30000,""pingTimeout"":90000,""maxPayload"":10000000}",info,"{""level"":""info""}","{""project"":""ce3616d9-58ad-4ec7-a294-1821e1564434"",""environment"":""fb6513d0-42a4-4660-82b5-509c54b15f2a"",""service"":""4978aa94-666c-47c7-8024-3ada55195a51"",""deployment"":""509f9a3a-d271-4bd0-bf83-1f64397ab91d"",""replica"":""2c2e70ce-01d6-4d59-bf4a-cf53a5e5b4c2""}",2026-03-31T14:36:21.260020564Z
,info,"{""level"":""info""}","{""project"":""ce3616d9-58ad-4ec7-a294-1821e1564434"",""environment"":""fb6513d0-42a4-4660-82b5-509c54b15f2a"",""service"":""4978aa94-666c-47c7-8024-3ada55195a51"",""deployment"":""509f9a3a-d271-4bd0-bf83-1f64397ab91d"",""replica"":""2c2e70ce-01d6-4d59-bf4a-cf53a5e5b4c2""}",2026-03-31T14:36:21.260024590Z
,info,"{""level"":""info""}","{""project"":""ce3616d9-58ad-4ec7-a294-1821e1564434"",""environment"":""fb6513d0-42a4-4660-82b5-509c54b15f2a"",""service"":""4978aa94-666c-47c7-8024-3ada55195a51"",""deployment"":""509f9a3a-d271-4bd0-bf83-1f64397ab91d"",""replica"":""2c2e70ce-01d6-4d59-bf4a-cf53a5e5b4c2""}",2026-03-31T14:36:21.260028510Z
==========================================,info,"{""level"":""info""}","{""project"":""ce3616d9-58ad-4ec7-a294-1821e1564434"",""environment"":""fb6513d0-42a4-4660-82b5-509c54b15f2a"",""service"":""4978aa94-666c-47c7-8024-3ada55195a51"",""deployment"":""509f9a3a-d271-4bd0-bf83-1f64397ab91d"",""replica"":""2c2e70ce-01d6-4d59-bf4a-cf53a5e5b4c2""}",2026-03-31T14:36:21.260033887Z
STEP 2: Starting Next.js Custom Server,info,"{""level"":""info""}","{""project"":""ce3616d9-58ad-4ec7-a294-1821e1564434"",""environment"":""fb6513d0-42a4-4660-82b5-509c54b15f2a"",""service"":""4978aa94-666c-47c7-8024-3ada55195a51"",""deployment"":""509f9a3a-d271-4bd0-bf83-1f64397ab91d"",""replica"":""2c2e70ce-01d6-4d59-bf4a-cf53a5e5b4c2""}",2026-03-31T14:36:21.260039366Z
==========================================,info,"{""level"":""info""}","{""project"":""ce3616d9-58ad-4ec7-a294-1821e1564434"",""environment"":""fb6513d0-42a4-4660-82b5-509c54b15f2a"",""service"":""4978aa94-666c-47c7-8024-3ada55195a51"",""deployment"":""509f9a3a-d271-4bd0-bf83-1f64397ab91d"",""replica"":""2c2e70ce-01d6-4d59-bf4a-cf53a5e5b4c2""}",2026-03-31T14:36:21.260043263Z
,info,"{""level"":""info""}","{""project"":""ce3616d9-58ad-4ec7-a294-1821e1564434"",""environment"":""fb6513d0-42a4-4660-82b5-509c54b15f2a"",""service"":""4978aa94-666c-47c7-8024-3ada55195a51"",""deployment"":""509f9a3a-d271-4bd0-bf83-1f64397ab91d"",""replica"":""2c2e70ce-01d6-4d59-bf4a-cf53a5e5b4c2""}",2026-03-31T14:36:21.260047203Z
Starting Next.js server on port 3000...,info,"{""level"":""info""}","{""project"":""ce3616d9-58ad-4ec7-a294-1821e1564434"",""environment"":""fb6513d0-42a4-4660-82b5-509c54b15f2a"",""service"":""4978aa94-666c-47c7-8024-3ada55195a51"",""deployment"":""509f9a3a-d271-4bd0-bf83-1f64397ab91d"",""replica"":""2c2e70ce-01d6-4d59-bf4a-cf53a5e5b4c2""}",2026-03-31T14:36:21.260051013Z
Next.js PID: 150,info,"{""level"":""info""}","{""project"":""ce3616d9-58ad-4ec7-a294-1821e1564434"",""environment"":""fb6513d0-42a4-4660-82b5-509c54b15f2a"",""service"":""4978aa94-666c-47c7-8024-3ada55195a51"",""deployment"":""509f9a3a-d271-4bd0-bf83-1f64397ab91d"",""replica"":""2c2e70ce-01d6-4d59-bf4a-cf53a5e5b4c2""}",2026-03-31T14:36:21.260055073Z
Waiting for Next.js to start...,info,"{""level"":""info""}","{""project"":""ce3616d9-58ad-4ec7-a294-1821e1564434"",""environment"":""fb6513d0-42a4-4660-82b5-509c54b15f2a"",""service"":""4978aa94-666c-47c7-8024-3ada55195a51"",""deployment"":""509f9a3a-d271-4bd0-bf83-1f64397ab91d"",""replica"":""2c2e70ce-01d6-4d59-bf4a-cf53a5e5b4c2""}",2026-03-31T14:36:21.260059159Z
  Waiting... (1/60),info,"{""level"":""info""}","{""project"":""ce3616d9-58ad-4ec7-a294-1821e1564434"",""environment"":""fb6513d0-42a4-4660-82b5-509c54b15f2a"",""service"":""4978aa94-666c-47c7-8024-3ada55195a51"",""deployment"":""509f9a3a-d271-4bd0-bf83-1f64397ab91d"",""replica"":""2c2e70ce-01d6-4d59-bf4a-cf53a5e5b4c2""}",2026-03-31T14:36:21.260063979Z
============================================================,info,"{""level"":""info""}","{""project"":""ce3616d9-58ad-4ec7-a294-1821e1564434"",""environment"":""fb6513d0-42a4-4660-82b5-509c54b15f2a"",""service"":""4978aa94-666c-47c7-8024-3ada55195a51"",""deployment"":""509f9a3a-d271-4bd0-bf83-1f64397ab91d"",""replica"":""2c2e70ce-01d6-4d59-bf4a-cf53a5e5b4c2""}",2026-03-31T14:36:22.291196969Z
WhatsApp Warmer - Custom Server,info,"{""level"":""info""}","{""project"":""ce3616d9-58ad-4ec7-a294-1821e1564434"",""environment"":""fb6513d0-42a4-4660-82b5-509c54b15f2a"",""service"":""4978aa94-666c-47c7-8024-3ada55195a51"",""deployment"":""509f9a3a-d271-4bd0-bf83-1f64397ab91d"",""replica"":""2c2e70ce-01d6-4d59-bf4a-cf53a5e5b4c2""}",2026-03-31T14:36:22.291204348Z
Port: 3000 | WA Service: localhost:3030,info,"{""level"":""info""}","{""project"":""ce3616d9-58ad-4ec7-a294-1821e1564434"",""environment"":""fb6513d0-42a4-4660-82b5-509c54b15f2a"",""service"":""4978aa94-666c-47c7-8024-3ada55195a51"",""deployment"":""509f9a3a-d271-4bd0-bf83-1f64397ab91d"",""replica"":""2c2e70ce-01d6-4d59-bf4a-cf53a5e5b4c2""}",2026-03-31T14:36:22.291210650Z
============================================================,info,"{""level"":""info""}","{""project"":""ce3616d9-58ad-4ec7-a294-1821e1564434"",""environment"":""fb6513d0-42a4-4660-82b5-509c54b15f2a"",""service"":""4978aa94-666c-47c7-8024-3ada55195a51"",""deployment"":""509f9a3a-d271-4bd0-bf83-1f64397ab91d"",""replica"":""2c2e70ce-01d6-4d59-bf4a-cf53a5e5b4c2""}",2026-03-31T14:36:22.291216809Z
"⚠ ""next start"" does not work with ""output: standalone"" configuration. Use ""node .next/standalone/server.js"" instead.",info,"{""level"":""info""}","{""project"":""ce3616d9-58ad-4ec7-a294-1821e1564434"",""environment"":""fb6513d0-42a4-4660-82b5-509c54b15f2a"",""service"":""4978aa94-666c-47c7-8024-3ada55195a51"",""deployment"":""509f9a3a-d271-4bd0-bf83-1f64397ab91d"",""replica"":""2c2e70ce-01d6-4d59-bf4a-cf53a5e5b4c2""}",2026-03-31T14:36:23.169577537Z
  Waiting... (2/60),info,"{""level"":""info""}","{""project"":""ce3616d9-58ad-4ec7-a294-1821e1564434"",""environment"":""fb6513d0-42a4-4660-82b5-509c54b15f2a"",""service"":""4978aa94-666c-47c7-8024-3ada55195a51"",""deployment"":""509f9a3a-d271-4bd0-bf83-1f64397ab91d"",""replica"":""2c2e70ce-01d6-4d59-bf4a-cf53a5e5b4c2""}",2026-03-31T14:36:23.249955785Z
   /socket.io      → http://localhost:3030/socket.io,info,"{""level"":""info""}","{""project"":""ce3616d9-58ad-4ec7-a294-1821e1564434"",""environment"":""fb6513d0-42a4-4660-82b5-509c54b15f2a"",""service"":""4978aa94-666c-47c7-8024-3ada55195a51"",""deployment"":""509f9a3a-d271-4bd0-bf83-1f64397ab91d"",""replica"":""2c2e70ce-01d6-4d59-bf4a-cf53a5e5b4c2""}",2026-03-31T14:36:23.861821765Z
   /api/socket.io  → http://localhost:3030/socket.io (legacy),info,"{""level"":""info""}","{""project"":""ce3616d9-58ad-4ec7-a294-1821e1564434"",""environment"":""fb6513d0-42a4-4660-82b5-509c54b15f2a"",""service"":""4978aa94-666c-47c7-8024-3ada55195a51"",""deployment"":""509f9a3a-d271-4bd0-bf83-1f64397ab91d"",""replica"":""2c2e70ce-01d6-4d59-bf4a-cf53a5e5b4c2""}",2026-03-31T14:36:23.861832400Z
,info,"{""level"":""info""}","{""project"":""ce3616d9-58ad-4ec7-a294-1821e1564434"",""environment"":""fb6513d0-42a4-4660-82b5-509c54b15f2a"",""service"":""4978aa94-666c-47c7-8024-3ada55195a51"",""deployment"":""509f9a3a-d271-4bd0-bf83-1f64397ab91d"",""replica"":""2c2e70ce-01d6-4d59-bf4a-cf53a5e5b4c2""}",2026-03-31T14:36:23.861839583Z
✅ Using http-proxy-middleware v3 with WebSocket support,info,"{""level"":""info""}","{""project"":""ce3616d9-58ad-4ec7-a294-1821e1564434"",""environment"":""fb6513d0-42a4-4660-82b5-509c54b15f2a"",""service"":""4978aa94-666c-47c7-8024-3ada55195a51"",""deployment"":""509f9a3a-d271-4bd0-bf83-1f64397ab91d"",""replica"":""2c2e70ce-01d6-4d59-bf4a-cf53a5e5b4c2""}",2026-03-31T14:36:23.861844943Z
,info,"{""level"":""info""}","{""project"":""ce3616d9-58ad-4ec7-a294-1821e1564434"",""environment"":""fb6513d0-42a4-4660-82b5-509c54b15f2a"",""service"":""4978aa94-666c-47c7-8024-3ada55195a51"",""deployment"":""509f9a3a-d271-4bd0-bf83-1f64397ab91d"",""replica"":""2c2e70ce-01d6-4d59-bf4a-cf53a5e5b4c2""}",2026-03-31T14:36:23.861850017Z
,info,"{""level"":""info""}","{""project"":""ce3616d9-58ad-4ec7-a294-1821e1564434"",""environment"":""fb6513d0-42a4-4660-82b5-509c54b15f2a"",""service"":""4978aa94-666c-47c7-8024-3ada55195a51"",""deployment"":""509f9a3a-d271-4bd0-bf83-1f64397ab91d"",""replica"":""2c2e70ce-01d6-4d59-bf4a-cf53a5e5b4c2""}",2026-03-31T14:36:23.861900053Z
🚀 Ready on http://0.0.0.0:3000,info,"{""level"":""info""}","{""project"":""ce3616d9-58ad-4ec7-a294-1821e1564434"",""environment"":""fb6513d0-42a4-4660-82b5-509c54b15f2a"",""service"":""4978aa94-666c-47c7-8024-3ada55195a51"",""deployment"":""509f9a3a-d271-4bd0-bf83-1f64397ab91d"",""replica"":""2c2e70ce-01d6-4d59-bf4a-cf53a5e5b4c2""}",2026-03-31T14:36:23.861906471Z
📡 Socket.io Proxy:,info,"{""level"":""info""}","{""project"":""ce3616d9-58ad-4ec7-a294-1821e1564434"",""environment"":""fb6513d0-42a4-4660-82b5-509c54b15f2a"",""service"":""4978aa94-666c-47c7-8024-3ada55195a51"",""deployment"":""509f9a3a-d271-4bd0-bf83-1f64397ab91d"",""replica"":""2c2e70ce-01d6-4d59-bf4a-cf53a5e5b4c2""}",2026-03-31T14:36:23.861913140Z
✅ Port 3000 is open,info,"{""level"":""info""}","{""project"":""ce3616d9-58ad-4ec7-a294-1821e1564434"",""environment"":""fb6513d0-42a4-4660-82b5-509c54b15f2a"",""service"":""4978aa94-666c-47c7-8024-3ada55195a51"",""deployment"":""509f9a3a-d271-4bd0-bf83-1f64397ab91d"",""replica"":""2c2e70ce-01d6-4d59-bf4a-cf53a5e5b4c2""}",2026-03-31T14:36:25.289719620Z
,info,"{""level"":""info""}","{""project"":""ce3616d9-58ad-4ec7-a294-1821e1564434"",""environment"":""fb6513d0-42a4-4660-82b5-509c54b15f2a"",""service"":""4978aa94-666c-47c7-8024-3ada55195a51"",""deployment"":""509f9a3a-d271-4bd0-bf83-1f64397ab91d"",""replica"":""2c2e70ce-01d6-4d59-bf4a-cf53a5e5b4c2""}",2026-03-31T14:36:25.289730721Z
==========================================,info,"{""level"":""info""}","{""project"":""ce3616d9-58ad-4ec7-a294-1821e1564434"",""environment"":""fb6513d0-42a4-4660-82b5-509c54b15f2a"",""service"":""4978aa94-666c-47c7-8024-3ada55195a51"",""deployment"":""509f9a3a-d271-4bd0-bf83-1f64397ab91d"",""replica"":""2c2e70ce-01d6-4d59-bf4a-cf53a5e5b4c2""}",2026-03-31T14:36:25.289736851Z
STEP 3: Verifying Socket.io Proxy,info,"{""level"":""info""}","{""project"":""ce3616d9-58ad-4ec7-a294-1821e1564434"",""environment"":""fb6513d0-42a4-4660-82b5-509c54b15f2a"",""service"":""4978aa94-666c-47c7-8024-3ada55195a51"",""deployment"":""509f9a3a-d271-4bd0-bf83-1f64397ab91d"",""replica"":""2c2e70ce-01d6-4d59-bf4a-cf53a5e5b4c2""}",2026-03-31T14:36:25.289741777Z
==========================================,info,"{""level"":""info""}","{""project"":""ce3616d9-58ad-4ec7-a294-1821e1564434"",""environment"":""fb6513d0-42a4-4660-82b5-509c54b15f2a"",""service"":""4978aa94-666c-47c7-8024-3ada55195a51"",""deployment"":""509f9a3a-d271-4bd0-bf83-1f64397ab91d"",""replica"":""2c2e70ce-01d6-4d59-bf4a-cf53a5e5b4c2""}",2026-03-31T14:36:25.289747035Z
,info,"{""level"":""info""}","{""project"":""ce3616d9-58ad-4ec7-a294-1821e1564434"",""environment"":""fb6513d0-42a4-4660-82b5-509c54b15f2a"",""service"":""4978aa94-666c-47c7-8024-3ada55195a51"",""deployment"":""509f9a3a-d271-4bd0-bf83-1f64397ab91d"",""replica"":""2c2e70ce-01d6-4d59-bf4a-cf53a5e5b4c2""}",2026-03-31T14:36:25.289751640Z
1. Direct WA Service (port 3030):,info,"{""level"":""info""}","{""project"":""ce3616d9-58ad-4ec7-a294-1821e1564434"",""environment"":""fb6513d0-42a4-4660-82b5-509c54b15f2a"",""service"":""4978aa94-666c-47c7-8024-3ada55195a51"",""deployment"":""509f9a3a-d271-4bd0-bf83-1f64397ab91d"",""replica"":""2c2e70ce-01d6-4d59-bf4a-cf53a5e5b4c2""}",2026-03-31T14:36:25.289768136Z
   HTTP: 200,info,"{""level"":""info""}","{""project"":""ce3616d9-58ad-4ec7-a294-1821e1564434"",""environment"":""fb6513d0-42a4-4660-82b5-509c54b15f2a"",""service"":""4978aa94-666c-47c7-8024-3ada55195a51"",""deployment"":""509f9a3a-d271-4bd0-bf83-1f64397ab91d"",""replica"":""2c2e70ce-01d6-4d59-bf4a-cf53a5e5b4c2""}",2026-03-31T14:36:25.289773997Z
"   Response: 0{""sid"":""qO_1p7Py1zaBKKIIAAAD"",""upgrades"":[""websocket""],""pingInterval"":30000,""pingTimeout"":90000,""ma...",info,"{""level"":""info""}","{""project"":""ce3616d9-58ad-4ec7-a294-1821e1564434"",""environment"":""fb6513d0-42a4-4660-82b5-509c54b15f2a"",""service"":""4978aa94-666c-47c7-8024-3ada55195a51"",""deployment"":""509f9a3a-d271-4bd0-bf83-1f64397ab91d"",""replica"":""2c2e70ce-01d6-4d59-bf4a-cf53a5e5b4c2""}",2026-03-31T14:36:25.289779037Z
,info,"{""level"":""info""}","{""project"":""ce3616d9-58ad-4ec7-a294-1821e1564434"",""environment"":""fb6513d0-42a4-4660-82b5-509c54b15f2a"",""service"":""4978aa94-666c-47c7-8024-3ada55195a51"",""deployment"":""509f9a3a-d271-4bd0-bf83-1f64397ab91d"",""replica"":""2c2e70ce-01d6-4d59-bf4a-cf53a5e5b4c2""}",2026-03-31T14:36:25.289784126Z
2. Via Next.js Proxy /socket.io (port 3000):,info,"{""level"":""info""}","{""project"":""ce3616d9-58ad-4ec7-a294-1821e1564434"",""environment"":""fb6513d0-42a4-4660-82b5-509c54b15f2a"",""service"":""4978aa94-666c-47c7-8024-3ada55195a51"",""deployment"":""509f9a3a-d271-4bd0-bf83-1f64397ab91d"",""replica"":""2c2e70ce-01d6-4d59-bf4a-cf53a5e5b4c2""}",2026-03-31T14:36:25.289788574Z
[Proxy HTTP] GET /socket.io/?EIO=4&transport=polling,info,"{""level"":""info""}","{""project"":""ce3616d9-58ad-4ec7-a294-1821e1564434"",""environment"":""fb6513d0-42a4-4660-82b5-509c54b15f2a"",""service"":""4978aa94-666c-47c7-8024-3ada55195a51"",""deployment"":""509f9a3a-d271-4bd0-bf83-1f64397ab91d"",""replica"":""2c2e70ce-01d6-4d59-bf4a-cf53a5e5b4c2""}",2026-03-31T14:36:25.289793566Z
[Proxy HTTP] Response: 200,info,"{""level"":""info""}","{""project"":""ce3616d9-58ad-4ec7-a294-1821e1564434"",""environment"":""fb6513d0-42a4-4660-82b5-509c54b15f2a"",""service"":""4978aa94-666c-47c7-8024-3ada55195a51"",""deployment"":""509f9a3a-d271-4bd0-bf83-1f64397ab91d"",""replica"":""2c2e70ce-01d6-4d59-bf4a-cf53a5e5b4c2""}",2026-03-31T14:36:25.289798260Z
[Proxy HTTP] GET /socket.io/?EIO=4&transport=polling,info,"{""level"":""info""}","{""project"":""ce3616d9-58ad-4ec7-a294-1821e1564434"",""environment"":""fb6513d0-42a4-4660-82b5-509c54b15f2a"",""service"":""4978aa94-666c-47c7-8024-3ada55195a51"",""deployment"":""509f9a3a-d271-4bd0-bf83-1f64397ab91d"",""replica"":""2c2e70ce-01d6-4d59-bf4a-cf53a5e5b4c2""}",2026-03-31T14:36:25.289803259Z
[Proxy HTTP] Response: 200,info,"{""level"":""info""}","{""project"":""ce3616d9-58ad-4ec7-a294-1821e1564434"",""environment"":""fb6513d0-42a4-4660-82b5-509c54b15f2a"",""service"":""4978aa94-666c-47c7-8024-3ada55195a51"",""deployment"":""509f9a3a-d271-4bd0-bf83-1f64397ab91d"",""replica"":""2c2e70ce-01d6-4d59-bf4a-cf53a5e5b4c2""}",2026-03-31T14:36:25.289811855Z
   HTTP: 200,info,"{""level"":""info""}","{""project"":""ce3616d9-58ad-4ec7-a294-1821e1564434"",""environment"":""fb6513d0-42a4-4660-82b5-509c54b15f2a"",""service"":""4978aa94-666c-47c7-8024-3ada55195a51"",""deployment"":""509f9a3a-d271-4bd0-bf83-1f64397ab91d"",""replica"":""2c2e70ce-01d6-4d59-bf4a-cf53a5e5b4c2""}",2026-03-31T14:36:25.289817684Z
"   Response: 0{""sid"":""yQhVBE98D7jx1GbeAAAF"",""upgrades"":[""websocket""],""pingInterval"":30000,""pingTimeout"":90000,""ma...",info,"{""level"":""info""}","{""project"":""ce3616d9-58ad-4ec7-a294-1821e1564434"",""environment"":""fb6513d0-42a4-4660-82b5-509c54b15f2a"",""service"":""4978aa94-666c-47c7-8024-3ada55195a51"",""deployment"":""509f9a3a-d271-4bd0-bf83-1f64397ab91d"",""replica"":""2c2e70ce-01d6-4d59-bf4a-cf53a5e5b4c2""}",2026-03-31T14:36:25.289823050Z
,info,"{""level"":""info""}","{""project"":""ce3616d9-58ad-4ec7-a294-1821e1564434"",""environment"":""fb6513d0-42a4-4660-82b5-509c54b15f2a"",""service"":""4978aa94-666c-47c7-8024-3ada55195a51"",""deployment"":""509f9a3a-d271-4bd0-bf83-1f64397ab91d"",""replica"":""2c2e70ce-01d6-4d59-bf4a-cf53a5e5b4c2""}",2026-03-31T14:36:25.289828090Z
3. Via Next.js Proxy /api/socket.io (legacy):,info,"{""level"":""info""}","{""project"":""ce3616d9-58ad-4ec7-a294-1821e1564434"",""environment"":""fb6513d0-42a4-4660-82b5-509c54b15f2a"",""service"":""4978aa94-666c-47c7-8024-3ada55195a51"",""deployment"":""509f9a3a-d271-4bd0-bf83-1f64397ab91d"",""replica"":""2c2e70ce-01d6-4d59-bf4a-cf53a5e5b4c2""}",2026-03-31T14:36:25.289832976Z
[Proxy HTTP] GET /socket.io?EIO=4&transport=polling,info,"{""level"":""info""}","{""project"":""ce3616d9-58ad-4ec7-a294-1821e1564434"",""environment"":""fb6513d0-42a4-4660-82b5-509c54b15f2a"",""service"":""4978aa94-666c-47c7-8024-3ada55195a51"",""deployment"":""509f9a3a-d271-4bd0-bf83-1f64397ab91d"",""replica"":""2c2e70ce-01d6-4d59-bf4a-cf53a5e5b4c2""}",2026-03-31T14:36:25.289837770Z
[Proxy HTTP] Response: 404,info,"{""level"":""info""}","{""project"":""ce3616d9-58ad-4ec7-a294-1821e1564434"",""environment"":""fb6513d0-42a4-4660-82b5-509c54b15f2a"",""service"":""4978aa94-666c-47c7-8024-3ada55195a51"",""deployment"":""509f9a3a-d271-4bd0-bf83-1f64397ab91d"",""replica"":""2c2e70ce-01d6-4d59-bf4a-cf53a5e5b4c2""}",2026-03-31T14:36:25.296848835Z
[Proxy HTTP] GET /socket.io?EIO=4&transport=polling,info,"{""level"":""info""}","{""project"":""ce3616d9-58ad-4ec7-a294-1821e1564434"",""environment"":""fb6513d0-42a4-4660-82b5-509c54b15f2a"",""service"":""4978aa94-666c-47c7-8024-3ada55195a51"",""deployment"":""509f9a3a-d271-4bd0-bf83-1f64397ab91d"",""replica"":""2c2e70ce-01d6-4d59-bf4a-cf53a5e5b4c2""}",2026-03-31T14:36:25.298768380Z
[Proxy HTTP] Response: 404,info,"{""level"":""info""}","{""project"":""ce3616d9-58ad-4ec7-a294-1821e1564434"",""environment"":""fb6513d0-42a4-4660-82b5-509c54b15f2a"",""service"":""4978aa94-666c-47c7-8024-3ada55195a51"",""deployment"":""509f9a3a-d271-4bd0-bf83-1f64397ab91d"",""replica"":""2c2e70ce-01d6-4d59-bf4a-cf53a5e5b4c2""}",2026-03-31T14:36:25.300695923Z
  [ ] Browser console shows 'Socket.io Connected',info,"{""level"":""info""}","{""project"":""ce3616d9-58ad-4ec7-a294-1821e1564434"",""environment"":""fb6513d0-42a4-4660-82b5-509c54b15f2a"",""service"":""4978aa94-666c-47c7-8024-3ada55195a51"",""deployment"":""509f9a3a-d271-4bd0-bf83-1f64397ab91d"",""replica"":""2c2e70ce-01d6-4d59-bf4a-cf53a5e5b4c2""}",2026-03-31T14:36:25.303993876Z
  [ ] QR code appears after adding account,info,"{""level"":""info""}","{""project"":""ce3616d9-58ad-4ec7-a294-1821e1564434"",""environment"":""fb6513d0-42a4-4660-82b5-509c54b15f2a"",""service"":""4978aa94-666c-47c7-8024-3ada55195a51"",""deployment"":""509f9a3a-d271-4bd0-bf83-1f64397ab91d"",""replica"":""2c2e70ce-01d6-4d59-bf4a-cf53a5e5b4c2""}",2026-03-31T14:36:25.304003385Z
  [ ] QR scan triggers auth success (not Stream Errored),info,"{""level"":""info""}","{""project"":""ce3616d9-58ad-4ec7-a294-1821e1564434"",""environment"":""fb6513d0-42a4-4660-82b5-509c54b15f2a"",""service"":""4978aa94-666c-47c7-8024-3ada55195a51"",""deployment"":""509f9a3a-d271-4bd0-bf83-1f64397ab91d"",""replica"":""2c2e70ce-01d6-4d59-bf4a-cf53a5e5b4c2""}",2026-03-31T14:36:25.304009510Z
,info,"{""level"":""info""}","{""project"":""ce3616d9-58ad-4ec7-a294-1821e1564434"",""environment"":""fb6513d0-42a4-4660-82b5-509c54b15f2a"",""service"":""4978aa94-666c-47c7-8024-3ada55195a51"",""deployment"":""509f9a3a-d271-4bd0-bf83-1f64397ab91d"",""replica"":""2c2e70ce-01d6-4d59-bf4a-cf53a5e5b4c2""}",2026-03-31T14:36:25.304016078Z
==========================================,info,"{""level"":""info""}","{""project"":""ce3616d9-58ad-4ec7-a294-1821e1564434"",""environment"":""fb6513d0-42a4-4660-82b5-509c54b15f2a"",""service"":""4978aa94-666c-47c7-8024-3ada55195a51"",""deployment"":""509f9a3a-d271-4bd0-bf83-1f64397ab91d"",""replica"":""2c2e70ce-01d6-4d59-bf4a-cf53a5e5b4c2""}",2026-03-31T14:36:25.304020804Z
   HTTP: 404,info,"{""level"":""info""}","{""project"":""ce3616d9-58ad-4ec7-a294-1821e1564434"",""environment"":""fb6513d0-42a4-4660-82b5-509c54b15f2a"",""service"":""4978aa94-666c-47c7-8024-3ada55195a51"",""deployment"":""509f9a3a-d271-4bd0-bf83-1f64397ab91d"",""replica"":""2c2e70ce-01d6-4d59-bf4a-cf53a5e5b4c2""}",2026-03-31T14:36:25.304048408Z
   Response: <!DOCTYPE html>,info,"{""level"":""info""}","{""project"":""ce3616d9-58ad-4ec7-a294-1821e1564434"",""environment"":""fb6513d0-42a4-4660-82b5-509c54b15f2a"",""service"":""4978aa94-666c-47c7-8024-3ada55195a51"",""deployment"":""509f9a3a-d271-4bd0-bf83-1f64397ab91d"",""replica"":""2c2e70ce-01d6-4d59-bf4a-cf53a5e5b4c2""}",2026-03-31T14:36:25.304058502Z
"<html lang=""en"">",info,"{""level"":""info""}","{""project"":""ce3616d9-58ad-4ec7-a294-1821e1564434"",""environment"":""fb6513d0-42a4-4660-82b5-509c54b15f2a"",""service"":""4978aa94-666c-47c7-8024-3ada55195a51"",""deployment"":""509f9a3a-d271-4bd0-bf83-1f64397ab91d"",""replica"":""2c2e70ce-01d6-4d59-bf4a-cf53a5e5b4c2""}",2026-03-31T14:36:25.304065117Z
<head>,info,"{""level"":""info""}","{""project"":""ce3616d9-58ad-4ec7-a294-1821e1564434"",""environment"":""fb6513d0-42a4-4660-82b5-509c54b15f2a"",""service"":""4978aa94-666c-47c7-8024-3ada55195a51"",""deployment"":""509f9a3a-d271-4bd0-bf83-1f64397ab91d"",""replica"":""2c2e70ce-01d6-4d59-bf4a-cf53a5e5b4c2""}",2026-03-31T14:36:25.304071835Z
"<meta charset=""utf-8"">",info,"{""level"":""info""}","{""project"":""ce3616d9-58ad-4ec7-a294-1821e1564434"",""environment"":""fb6513d0-42a4-4660-82b5-509c54b15f2a"",""service"":""4978aa94-666c-47c7-8024-3ada55195a51"",""deployment"":""509f9a3a-d271-4bd0-bf83-1f64397ab91d"",""replica"":""2c2e70ce-01d6-4d59-bf4a-cf53a5e5b4c2""}",2026-03-31T14:36:25.304079086Z
<title>Error</title>,info,"{""level"":""info""}","{""project"":""ce3616d9-58ad-4ec7-a294-1821e1564434"",""environment"":""fb6513d0-42a4-4660-82b5-509c54b15f2a"",""service"":""4978aa94-666c-47c7-8024-3ada55195a51"",""deployment"":""509f9a3a-d271-4bd0-bf83-1f64397ab91d"",""replica"":""2c2e70ce-01d6-4d59-bf4a-cf53a5e5b4c2""}",2026-03-31T14:36:25.304085869Z
</head>,info,"{""level"":""info""}","{""project"":""ce3616d9-58ad-4ec7-a294-1821e1564434"",""environment"":""fb6513d0-42a4-4660-82b5-509c54b15f2a"",""service"":""4978aa94-666c-47c7-8024-3ada55195a51"",""deployment"":""509f9a3a-d271-4bd0-bf83-1f64397ab91d"",""replica"":""2c2e70ce-01d6-4d59-bf4a-cf53a5e5b4c2""}",2026-03-31T14:36:25.304092331Z
<body>,info,"{""level"":""info""}","{""project"":""ce3616d9-58ad-4ec7-a294-1821e1564434"",""environment"":""fb6513d0-42a4-4660-82b5-509c54b15f2a"",""service"":""4978aa94-666c-47c7-8024-3ada55195a51"",""deployment"":""509f9a3a-d271-4bd0-bf83-1f64397ab91d"",""replica"":""2c2e70ce-01d6-4d59-bf4a-cf53a5e5b4c2""}",2026-03-31T14:36:25.304098463Z
<...,info,"{""level"":""info""}","{""project"":""ce3616d9-58ad-4ec7-a294-1821e1564434"",""environment"":""fb6513d0-42a4-4660-82b5-509c54b15f2a"",""service"":""4978aa94-666c-47c7-8024-3ada55195a51"",""deployment"":""509f9a3a-d271-4bd0-bf83-1f64397ab91d"",""replica"":""2c2e70ce-01d6-4d59-bf4a-cf53a5e5b4c2""}",2026-03-31T14:36:25.304113323Z
,info,"{""level"":""info""}","{""project"":""ce3616d9-58ad-4ec7-a294-1821e1564434"",""environment"":""fb6513d0-42a4-4660-82b5-509c54b15f2a"",""service"":""4978aa94-666c-47c7-8024-3ada55195a51"",""deployment"":""509f9a3a-d271-4bd0-bf83-1f64397ab91d"",""replica"":""2c2e70ce-01d6-4d59-bf4a-cf53a5e5b4c2""}",2026-03-31T14:36:25.304120085Z
==========================================,info,"{""level"":""info""}","{""project"":""ce3616d9-58ad-4ec7-a294-1821e1564434"",""environment"":""fb6513d0-42a4-4660-82b5-509c54b15f2a"",""service"":""4978aa94-666c-47c7-8024-3ada55195a51"",""deployment"":""509f9a3a-d271-4bd0-bf83-1f64397ab91d"",""replica"":""2c2e70ce-01d6-4d59-bf4a-cf53a5e5b4c2""}",2026-03-31T14:36:25.304126132Z
🚀 ALL SERVICES STARTED,info,"{""level"":""info""}","{""project"":""ce3616d9-58ad-4ec7-a294-1821e1564434"",""environment"":""fb6513d0-42a4-4660-82b5-509c54b15f2a"",""service"":""4978aa94-666c-47c7-8024-3ada55195a51"",""deployment"":""509f9a3a-d271-4bd0-bf83-1f64397ab91d"",""replica"":""2c2e70ce-01d6-4d59-bf4a-cf53a5e5b4c2""}",2026-03-31T14:36:25.304132435Z
==========================================,info,"{""level"":""info""}","{""project"":""ce3616d9-58ad-4ec7-a294-1821e1564434"",""environment"":""fb6513d0-42a4-4660-82b5-509c54b15f2a"",""service"":""4978aa94-666c-47c7-8024-3ada55195a51"",""deployment"":""509f9a3a-d271-4bd0-bf83-1f64397ab91d"",""replica"":""2c2e70ce-01d6-4d59-bf4a-cf53a5e5b4c2""}",2026-03-31T14:36:25.304138749Z
,info,"{""level"":""info""}","{""project"":""ce3616d9-58ad-4ec7-a294-1821e1564434"",""environment"":""fb6513d0-42a4-4660-82b5-509c54b15f2a"",""service"":""4978aa94-666c-47c7-8024-3ada55195a51"",""deployment"":""509f9a3a-d271-4bd0-bf83-1f64397ab91d"",""replica"":""2c2e70ce-01d6-4d59-bf4a-cf53a5e5b4c2""}",2026-03-31T14:36:25.304145768Z
Process IDs:,info,"{""level"":""info""}","{""project"":""ce3616d9-58ad-4ec7-a294-1821e1564434"",""environment"":""fb6513d0-42a4-4660-82b5-509c54b15f2a"",""service"":""4978aa94-666c-47c7-8024-3ada55195a51"",""deployment"":""509f9a3a-d271-4bd0-bf83-1f64397ab91d"",""replica"":""2c2e70ce-01d6-4d59-bf4a-cf53a5e5b4c2""}",2026-03-31T14:36:25.304151688Z
  WhatsApp Service: 76 (port 3030),info,"{""level"":""info""}","{""project"":""ce3616d9-58ad-4ec7-a294-1821e1564434"",""environment"":""fb6513d0-42a4-4660-82b5-509c54b15f2a"",""service"":""4978aa94-666c-47c7-8024-3ada55195a51"",""deployment"":""509f9a3a-d271-4bd0-bf83-1f64397ab91d"",""replica"":""2c2e70ce-01d6-4d59-bf4a-cf53a5e5b4c2""}",2026-03-31T14:36:25.304157401Z
  Next.js Server:   150 (port 3000),info,"{""level"":""info""}","{""project"":""ce3616d9-58ad-4ec7-a294-1821e1564434"",""environment"":""fb6513d0-42a4-4660-82b5-509c54b15f2a"",""service"":""4978aa94-666c-47c7-8024-3ada55195a51"",""deployment"":""509f9a3a-d271-4bd0-bf83-1f64397ab91d"",""replica"":""2c2e70ce-01d6-4d59-bf4a-cf53a5e5b4c2""}",2026-03-31T14:36:25.304164035Z
,info,"{""level"":""info""}","{""project"":""ce3616d9-58ad-4ec7-a294-1821e1564434"",""environment"":""fb6513d0-42a4-4660-82b5-509c54b15f2a"",""service"":""4978aa94-666c-47c7-8024-3ada55195a51"",""deployment"":""509f9a3a-d271-4bd0-bf83-1f64397ab91d"",""replica"":""2c2e70ce-01d6-4d59-bf4a-cf53a5e5b4c2""}",2026-03-31T14:36:25.304173825Z
Socket.io Endpoints:,info,"{""level"":""info""}","{""project"":""ce3616d9-58ad-4ec7-a294-1821e1564434"",""environment"":""fb6513d0-42a4-4660-82b5-509c54b15f2a"",""service"":""4978aa94-666c-47c7-8024-3ada55195a51"",""deployment"":""509f9a3a-d271-4bd0-bf83-1f64397ab91d"",""replica"":""2c2e70ce-01d6-4d59-bf4a-cf53a5e5b4c2""}",2026-03-31T14:36:25.304180118Z
  ✅ /socket.io      → WA service (RECOMMENDED),info,"{""level"":""info""}","{""project"":""ce3616d9-58ad-4ec7-a294-1821e1564434"",""environment"":""fb6513d0-42a4-4660-82b5-509c54b15f2a"",""service"":""4978aa94-666c-47c7-8024-3ada55195a51"",""deployment"":""509f9a3a-d271-4bd0-bf83-1f64397ab91d"",""replica"":""2c2e70ce-01d6-4d59-bf4a-cf53a5e5b4c2""}",2026-03-31T14:36:25.304185730Z
  ✅ /api/socket.io  → WA service (legacy compat),info,"{""level"":""info""}","{""project"":""ce3616d9-58ad-4ec7-a294-1821e1564434"",""environment"":""fb6513d0-42a4-4660-82b5-509c54b15f2a"",""service"":""4978aa94-666c-47c7-8024-3ada55195a51"",""deployment"":""509f9a3a-d271-4bd0-bf83-1f64397ab91d"",""replica"":""2c2e70ce-01d6-4d59-bf4a-cf53a5e5b4c2""}",2026-03-31T14:36:25.304191629Z
,info,"{""level"":""info""}","{""project"":""ce3616d9-58ad-4ec7-a294-1821e1564434"",""environment"":""fb6513d0-42a4-4660-82b5-509c54b15f2a"",""service"":""4978aa94-666c-47c7-8024-3ada55195a51"",""deployment"":""509f9a3a-d271-4bd0-bf83-1f64397ab91d"",""replica"":""2c2e70ce-01d6-4d59-bf4a-cf53a5e5b4c2""}",2026-03-31T14:36:25.304197552Z
Verification Checklist:,info,"{""level"":""info""}","{""project"":""ce3616d9-58ad-4ec7-a294-1821e1564434"",""environment"":""fb6513d0-42a4-4660-82b5-509c54b15f2a"",""service"":""4978aa94-666c-47c7-8024-3ada55195a51"",""deployment"":""509f9a3a-d271-4bd0-bf83-1f64397ab91d"",""replica"":""2c2e70ce-01d6-4d59-bf4a-cf53a5e5b4c2""}",2026-03-31T14:36:25.304203590Z
  [ ] Direct WA service returns HTTP 200,info,"{""level"":""info""}","{""project"":""ce3616d9-58ad-4ec7-a294-1821e1564434"",""environment"":""fb6513d0-42a4-4660-82b5-509c54b15f2a"",""service"":""4978aa94-666c-47c7-8024-3ada55195a51"",""deployment"":""509f9a3a-d271-4bd0-bf83-1f64397ab91d"",""replica"":""2c2e70ce-01d6-4d59-bf4a-cf53a5e5b4c2""}",2026-03-31T14:36:25.304209793Z
  [ ] Proxy /socket.io returns HTTP 200,info,"{""level"":""info""}","{""project"":""ce3616d9-58ad-4ec7-a294-1821e1564434"",""environment"":""fb6513d0-42a4-4660-82b5-509c54b15f2a"",""service"":""4978aa94-666c-47c7-8024-3ada55195a51"",""deployment"":""509f9a3a-d271-4bd0-bf83-1f64397ab91d"",""replica"":""2c2e70ce-01d6-4d59-bf4a-cf53a5e5b4c2""}",2026-03-31T14:36:25.304215730Z
[WS Upgrade] /socket.io/,info,"{""level"":""info""}","{""project"":""ce3616d9-58ad-4ec7-a294-1821e1564434"",""environment"":""fb6513d0-42a4-4660-82b5-509c54b15f2a"",""service"":""4978aa94-666c-47c7-8024-3ada55195a51"",""deployment"":""509f9a3a-d271-4bd0-bf83-1f64397ab91d"",""replica"":""2c2e70ce-01d6-4d59-bf4a-cf53a5e5b4c2""}",2026-03-31T14:36:30.074813340Z
(node:175) [DEP0060] DeprecationWarning: The `util._extend` API is deprecated. Please use Object.assign() instead.,info,"{""level"":""info""}","{""project"":""ce3616d9-58ad-4ec7-a294-1821e1564434"",""environment"":""fb6513d0-42a4-4660-82b5-509c54b15f2a"",""service"":""4978aa94-666c-47c7-8024-3ada55195a51"",""deployment"":""509f9a3a-d271-4bd0-bf83-1f64397ab91d"",""replica"":""2c2e70ce-01d6-4d59-bf4a-cf53a5e5b4c2""}",2026-03-31T14:36:30.082164039Z
(Use `node --trace-deprecation ...` to show where the warning was created),info,"{""level"":""info""}","{""project"":""ce3616d9-58ad-4ec7-a294-1821e1564434"",""environment"":""fb6513d0-42a4-4660-82b5-509c54b15f2a"",""service"":""4978aa94-666c-47c7-8024-3ada55195a51"",""deployment"":""509f9a3a-d271-4bd0-bf83-1f64397ab91d"",""replica"":""2c2e70ce-01d6-4d59-bf4a-cf53a5e5b4c2""}",2026-03-31T14:36:30.082172732Z
"[HPM] Client connected: { address: '::1', family: 'IPv6', port: 56490 }",info,"{""level"":""info""}","{""project"":""ce3616d9-58ad-4ec7-a294-1821e1564434"",""environment"":""fb6513d0-42a4-4660-82b5-509c54b15f2a"",""service"":""4978aa94-666c-47c7-8024-3ada55195a51"",""deployment"":""509f9a3a-d271-4bd0-bf83-1f64397ab91d"",""replica"":""2c2e70ce-01d6-4d59-bf4a-cf53a5e5b4c2""}",2026-03-31T14:36:30.083882635Z
[Socket.io] Client connected: fDQi19nJFXWC8MW_AAAH | Transport: websocket,info,"{""level"":""info""}","{""project"":""ce3616d9-58ad-4ec7-a294-1821e1564434"",""environment"":""fb6513d0-42a4-4660-82b5-509c54b15f2a"",""service"":""4978aa94-666c-47c7-8024-3ada55195a51"",""deployment"":""509f9a3a-d271-4bd0-bf83-1f64397ab91d"",""replica"":""2c2e70ce-01d6-4d59-bf4a-cf53a5e5b4c2""}",2026-03-31T14:36:30.164448807Z
Client connected: fDQi19nJFXWC8MW_AAAH Transport: websocket,info,"{""level"":""info""}","{""project"":""ce3616d9-58ad-4ec7-a294-1821e1564434"",""environment"":""fb6513d0-42a4-4660-82b5-509c54b15f2a"",""service"":""4978aa94-666c-47c7-8024-3ada55195a51"",""deployment"":""509f9a3a-d271-4bd0-bf83-1f64397ab91d"",""replica"":""2c2e70ce-01d6-4d59-bf4a-cf53a5e5b4c2""}",2026-03-31T14:36:30.164454815Z
[DB] Synced 0 accounts to database,info,"{""level"":""info""}","{""project"":""ce3616d9-58ad-4ec7-a294-1821e1564434"",""environment"":""fb6513d0-42a4-4660-82b5-509c54b15f2a"",""service"":""4978aa94-666c-47c7-8024-3ada55195a51"",""deployment"":""509f9a3a-d271-4bd0-bf83-1f64397ab91d"",""replica"":""2c2e70ce-01d6-4d59-bf4a-cf53a5e5b4c2""}",2026-03-31T14:36:50.047375680Z
2026-03-31 14:36:55 UTC - Services healthy,info,"{""level"":""info""}","{""project"":""ce3616d9-58ad-4ec7-a294-1821e1564434"",""environment"":""fb6513d0-42a4-4660-82b5-509c54b15f2a"",""service"":""4978aa94-666c-47c7-8024-3ada55195a51"",""deployment"":""509f9a3a-d271-4bd0-bf83-1f64397ab91d"",""replica"":""2c2e70ce-01d6-4d59-bf4a-cf53a5e5b4c2""}",2026-03-31T14:36:55.319652352Z
[DB] Synced 0 accounts to database,info,"{""level"":""info""}","{""project"":""ce3616d9-58ad-4ec7-a294-1821e1564434"",""environment"":""fb6513d0-42a4-4660-82b5-509c54b15f2a"",""service"":""4978aa94-666c-47c7-8024-3ada55195a51"",""deployment"":""509f9a3a-d271-4bd0-bf83-1f64397ab91d"",""replica"":""2c2e70ce-01d6-4d59-bf4a-cf53a5e5b4c2""}",2026-03-31T14:37:25.593161151Z
2026-03-31 14:37:25 UTC - Services healthy,info,"{""level"":""info""}","{""project"":""ce3616d9-58ad-4ec7-a294-1821e1564434"",""environment"":""fb6513d0-42a4-4660-82b5-509c54b15f2a"",""service"":""4978aa94-666c-47c7-8024-3ada55195a51"",""deployment"":""509f9a3a-d271-4bd0-bf83-1f64397ab91d"",""replica"":""2c2e70ce-01d6-4d59-bf4a-cf53a5e5b4c2""}",2026-03-31T14:37:25.593170268Z
2026-03-31 14:37:55 UTC - Services healthy,info,"{""level"":""info""}","{""project"":""ce3616d9-58ad-4ec7-a294-1821e1564434"",""environment"":""fb6513d0-42a4-4660-82b5-509c54b15f2a"",""service"":""4978aa94-666c-47c7-8024-3ada55195a51"",""deployment"":""509f9a3a-d271-4bd0-bf83-1f64397ab91d"",""replica"":""2c2e70ce-01d6-4d59-bf4a-cf53a5e5b4c2""}",2026-03-31T14:37:55.674746402Z
[DB] Synced 0 accounts to database,info,"{""level"":""info""}","{""project"":""ce3616d9-58ad-4ec7-a294-1821e1564434"",""environment"":""fb6513d0-42a4-4660-82b5-509c54b15f2a"",""service"":""4978aa94-666c-47c7-8024-3ada55195a51"",""deployment"":""509f9a3a-d271-4bd0-bf83-1f64397ab91d"",""replica"":""2c2e70ce-01d6-4d59-bf4a-cf53a5e5b4c2""}",2026-03-31T14:37:55.674855066Z
[DB] Synced 0 accounts to database,info,"{""level"":""info""}","{""project"":""ce3616d9-58ad-4ec7-a294-1821e1564434"",""environment"":""fb6513d0-42a4-4660-82b5-509c54b15f2a"",""service"":""4978aa94-666c-47c7-8024-3ada55195a51"",""deployment"":""509f9a3a-d271-4bd0-bf83-1f64397ab91d"",""replica"":""2c2e70ce-01d6-4d59-bf4a-cf53a5e5b4c2""}",2026-03-31T14:38:25.732741310Z
2026-03-31 14:38:25 UTC - Services healthy,info,"{""level"":""info""}","{""project"":""ce3616d9-58ad-4ec7-a294-1821e1564434"",""environment"":""fb6513d0-42a4-4660-82b5-509c54b15f2a"",""service"":""4978aa94-666c-47c7-8024-3ada55195a51"",""deployment"":""509f9a3a-d271-4bd0-bf83-1f64397ab91d"",""replica"":""2c2e70ce-01d6-4d59-bf4a-cf53a5e5b4c2""}",2026-03-31T14:38:25.732751173Z
[DB] Synced 0 accounts to database,info,"{""level"":""info""}","{""project"":""ce3616d9-58ad-4ec7-a294-1821e1564434"",""environment"":""fb6513d0-42a4-4660-82b5-509c54b15f2a"",""service"":""4978aa94-666c-47c7-8024-3ada55195a51"",""deployment"":""509f9a3a-d271-4bd0-bf83-1f64397ab91d"",""replica"":""2c2e70ce-01d6-4d59-bf4a-cf53a5e5b4c2""}",2026-03-31T14:38:55.723463780Z
2026-03-31 14:38:55 UTC - Services healthy,info,"{""level"":""info""}","{""project"":""ce3616d9-58ad-4ec7-a294-1821e1564434"",""environment"":""fb6513d0-42a4-4660-82b5-509c54b15f2a"",""service"":""4978aa94-666c-47c7-8024-3ada55195a51"",""deployment"":""509f9a3a-d271-4bd0-bf83-1f64397ab91d"",""replica"":""2c2e70ce-01d6-4d59-bf4a-cf53a5e5b4c2""}",2026-03-31T14:38:55.723472810Z
[DB] Synced 0 accounts to database,info,"{""level"":""info""}","{""project"":""ce3616d9-58ad-4ec7-a294-1821e1564434"",""environment"":""fb6513d0-42a4-4660-82b5-509c54b15f2a"",""service"":""4978aa94-666c-47c7-8024-3ada55195a51"",""deployment"":""509f9a3a-d271-4bd0-bf83-1f64397ab91d"",""replica"":""2c2e70ce-01d6-4d59-bf4a-cf53a5e5b4c2""}",2026-03-31T14:39:25.436529957Z
2026-03-31 14:39:25 UTC - Services healthy,info,"{""level"":""info""}","{""project"":""ce3616d9-58ad-4ec7-a294-1821e1564434"",""environment"":""fb6513d0-42a4-4660-82b5-509c54b15f2a"",""service"":""4978aa94-666c-47c7-8024-3ada55195a51"",""deployment"":""509f9a3a-d271-4bd0-bf83-1f64397ab91d"",""replica"":""2c2e70ce-01d6-4d59-bf4a-cf53a5e5b4c2""}",2026-03-31T14:39:25.436538815Z
[DB] Synced 0 accounts to database,info,"{""level"":""info""}","{""project"":""ce3616d9-58ad-4ec7-a294-1821e1564434"",""environment"":""fb6513d0-42a4-4660-82b5-509c54b15f2a"",""service"":""4978aa94-666c-47c7-8024-3ada55195a51"",""deployment"":""509f9a3a-d271-4bd0-bf83-1f64397ab91d"",""replica"":""2c2e70ce-01d6-4d59-bf4a-cf53a5e5b4c2""}",2026-03-31T14:39:55.419272768Z
2026-03-31 14:39:55 UTC - Services healthy,info,"{""level"":""info""}","{""project"":""ce3616d9-58ad-4ec7-a294-1821e1564434"",""environment"":""fb6513d0-42a4-4660-82b5-509c54b15f2a"",""service"":""4978aa94-666c-47c7-8024-3ada55195a51"",""deployment"":""509f9a3a-d271-4bd0-bf83-1f64397ab91d"",""replica"":""2c2e70ce-01d6-4d59-bf4a-cf53a5e5b4c2""}",2026-03-31T14:39:55.419278628Z
[DB] Synced 0 accounts to database,info,"{""level"":""info""}","{""project"":""ce3616d9-58ad-4ec7-a294-1821e1564434"",""environment"":""fb6513d0-42a4-4660-82b5-509c54b15f2a"",""service"":""4978aa94-666c-47c7-8024-3ada55195a51"",""deployment"":""509f9a3a-d271-4bd0-bf83-1f64397ab91d"",""replica"":""2c2e70ce-01d6-4d59-bf4a-cf53a5e5b4c2""}",2026-03-31T14:40:25.553677249Z
2026-03-31 14:40:25 UTC - Services healthy,info,"{""level"":""info""}","{""project"":""ce3616d9-58ad-4ec7-a294-1821e1564434"",""environment"":""fb6513d0-42a4-4660-82b5-509c54b15f2a"",""service"":""4978aa94-666c-47c7-8024-3ada55195a51"",""deployment"":""509f9a3a-d271-4bd0-bf83-1f64397ab91d"",""replica"":""2c2e70ce-01d6-4d59-bf4a-cf53a5e5b4c2""}",2026-03-31T14:40:25.553686259Z
"[HPM] Client disconnected: { address: '::1', family: 'IPv6', port: 56490 }",info,"{""level"":""info""}","{""project"":""ce3616d9-58ad-4ec7-a294-1821e1564434"",""environment"":""fb6513d0-42a4-4660-82b5-509c54b15f2a"",""service"":""4978aa94-666c-47c7-8024-3ada55195a51"",""deployment"":""509f9a3a-d271-4bd0-bf83-1f64397ab91d"",""replica"":""2c2e70ce-01d6-4d59-bf4a-cf53a5e5b4c2""}",2026-03-31T14:40:29.276949065Z
[Socket.io] Client disconnected: fDQi19nJFXWC8MW_AAAH | Reason: transport close,info,"{""level"":""info""}","{""project"":""ce3616d9-58ad-4ec7-a294-1821e1564434"",""environment"":""fb6513d0-42a4-4660-82b5-509c54b15f2a"",""service"":""4978aa94-666c-47c7-8024-3ada55195a51"",""deployment"":""509f9a3a-d271-4bd0-bf83-1f64397ab91d"",""replica"":""2c2e70ce-01d6-4d59-bf4a-cf53a5e5b4c2""}",2026-03-31T14:40:29.276957474Z
Client disconnected: fDQi19nJFXWC8MW_AAAH Reason: transport close Transport was: websocket,info,"{""level"":""info""}","{""project"":""ce3616d9-58ad-4ec7-a294-1821e1564434"",""environment"":""fb6513d0-42a4-4660-82b5-509c54b15f2a"",""service"":""4978aa94-666c-47c7-8024-3ada55195a51"",""deployment"":""509f9a3a-d271-4bd0-bf83-1f64397ab91d"",""replica"":""2c2e70ce-01d6-4d59-bf4a-cf53a5e5b4c2""}",2026-03-31T14:40:29.276964686Z
[WS Upgrade] /socket.io/,info,"{""level"":""info""}","{""project"":""ce3616d9-58ad-4ec7-a294-1821e1564434"",""environment"":""fb6513d0-42a4-4660-82b5-509c54b15f2a"",""service"":""4978aa94-666c-47c7-8024-3ada55195a51"",""deployment"":""509f9a3a-d271-4bd0-bf83-1f64397ab91d"",""replica"":""2c2e70ce-01d6-4d59-bf4a-cf53a5e5b4c2""}",2026-03-31T14:40:29.686216548Z
"[HPM] Client connected: { address: '::1', family: 'IPv6', port: 57092 }",info,"{""level"":""info""}","{""project"":""ce3616d9-58ad-4ec7-a294-1821e1564434"",""environment"":""fb6513d0-42a4-4660-82b5-509c54b15f2a"",""service"":""4978aa94-666c-47c7-8024-3ada55195a51"",""deployment"":""509f9a3a-d271-4bd0-bf83-1f64397ab91d"",""replica"":""2c2e70ce-01d6-4d59-bf4a-cf53a5e5b4c2""}",2026-03-31T14:40:29.686225431Z
[Socket.io] Client connected: D7gI-oNslQdPx2oVAAAK | Transport: websocket,info,"{""level"":""info""}","{""project"":""ce3616d9-58ad-4ec7-a294-1821e1564434"",""environment"":""fb6513d0-42a4-4660-82b5-509c54b15f2a"",""service"":""4978aa94-666c-47c7-8024-3ada55195a51"",""deployment"":""509f9a3a-d271-4bd0-bf83-1f64397ab91d"",""replica"":""2c2e70ce-01d6-4d59-bf4a-cf53a5e5b4c2""}",2026-03-31T14:40:29.730505377Z
Client connected: D7gI-oNslQdPx2oVAAAK Transport: websocket,info,"{""level"":""info""}","{""project"":""ce3616d9-58ad-4ec7-a294-1821e1564434"",""environment"":""fb6513d0-42a4-4660-82b5-509c54b15f2a"",""service"":""4978aa94-666c-47c7-8024-3ada55195a51"",""deployment"":""509f9a3a-d271-4bd0-bf83-1f64397ab91d"",""replica"":""2c2e70ce-01d6-4d59-bf4a-cf53a5e5b4c2""}",2026-03-31T14:40:29.730510135Z
[DB] Synced 0 accounts to database,info,"{""level"":""info""}","{""project"":""ce3616d9-58ad-4ec7-a294-1821e1564434"",""environment"":""fb6513d0-42a4-4660-82b5-509c54b15f2a"",""service"":""4978aa94-666c-47c7-8024-3ada55195a51"",""deployment"":""509f9a3a-d271-4bd0-bf83-1f64397ab91d"",""replica"":""2c2e70ce-01d6-4d59-bf4a-cf53a5e5b4c2""}",2026-03-31T14:40:49.771004725Z
2026-03-31 14:40:55 UTC - Services healthy,info,"{""level"":""info""}","{""project"":""ce3616d9-58ad-4ec7-a294-1821e1564434"",""environment"":""fb6513d0-42a4-4660-82b5-509c54b15f2a"",""service"":""4978aa94-666c-47c7-8024-3ada55195a51"",""deployment"":""509f9a3a-d271-4bd0-bf83-1f64397ab91d"",""replica"":""2c2e70ce-01d6-4d59-bf4a-cf53a5e5b4c2""}",2026-03-31T14:40:55.372570305Z
[DB] Synced 0 accounts to database,info,"{""level"":""info""}","{""project"":""ce3616d9-58ad-4ec7-a294-1821e1564434"",""environment"":""fb6513d0-42a4-4660-82b5-509c54b15f2a"",""service"":""4978aa94-666c-47c7-8024-3ada55195a51"",""deployment"":""509f9a3a-d271-4bd0-bf83-1f64397ab91d"",""replica"":""2c2e70ce-01d6-4d59-bf4a-cf53a5e5b4c2""}",2026-03-31T14:41:25.377556931Z
2026-03-31 14:41:25 UTC - Services healthy,info,"{""level"":""info""}","{""project"":""ce3616d9-58ad-4ec7-a294-1821e1564434"",""environment"":""fb6513d0-42a4-4660-82b5-509c54b15f2a"",""service"":""4978aa94-666c-47c7-8024-3ada55195a51"",""deployment"":""509f9a3a-d271-4bd0-bf83-1f64397ab91d"",""replica"":""2c2e70ce-01d6-4d59-bf4a-cf53a5e5b4c2""}",2026-03-31T14:41:25.377564949Z
"[WA API] POST to: http://localhost:3030/session/start? Body: {""accountId"":""akun"",""usePairingCode"":false}",info,"{""level"":""info""}","{""project"":""ce3616d9-58ad-4ec7-a294-1821e1564434"",""environment"":""fb6513d0-42a4-4660-82b5-509c54b15f2a"",""service"":""4978aa94-666c-47c7-8024-3ada55195a51"",""deployment"":""509f9a3a-d271-4bd0-bf83-1f64397ab91d"",""replica"":""2c2e70ce-01d6-4d59-bf4a-cf53a5e5b4c2""}",2026-03-31T14:41:45.105992510Z
==========================================,info,"{""level"":""info""}","{""project"":""ce3616d9-58ad-4ec7-a294-1821e1564434"",""environment"":""fb6513d0-42a4-4660-82b5-509c54b15f2a"",""service"":""4978aa94-666c-47c7-8024-3ada55195a51"",""deployment"":""509f9a3a-d271-4bd0-bf83-1f64397ab91d"",""replica"":""2c2e70ce-01d6-4d59-bf4a-cf53a5e5b4c2""}",2026-03-31T14:41:45.106002162Z
[SESSION/START] Request received: {,info,"{""level"":""info""}","{""project"":""ce3616d9-58ad-4ec7-a294-1821e1564434"",""environment"":""fb6513d0-42a4-4660-82b5-509c54b15f2a"",""service"":""4978aa94-666c-47c7-8024-3ada55195a51"",""deployment"":""509f9a3a-d271-4bd0-bf83-1f64397ab91d"",""replica"":""2c2e70ce-01d6-4d59-bf4a-cf53a5e5b4c2""}",2026-03-31T14:41:45.106008320Z
"  accountId: 'akun',",info,"{""level"":""info""}","{""project"":""ce3616d9-58ad-4ec7-a294-1821e1564434"",""environment"":""fb6513d0-42a4-4660-82b5-509c54b15f2a"",""service"":""4978aa94-666c-47c7-8024-3ada55195a51"",""deployment"":""509f9a3a-d271-4bd0-bf83-1f64397ab91d"",""replica"":""2c2e70ce-01d6-4d59-bf4a-cf53a5e5b4c2""}",2026-03-31T14:41:45.106013328Z
"  usePairingCode: false,",info,"{""level"":""info""}","{""project"":""ce3616d9-58ad-4ec7-a294-1821e1564434"",""environment"":""fb6513d0-42a4-4660-82b5-509c54b15f2a"",""service"":""4978aa94-666c-47c7-8024-3ada55195a51"",""deployment"":""509f9a3a-d271-4bd0-bf83-1f64397ab91d"",""replica"":""2c2e70ce-01d6-4d59-bf4a-cf53a5e5b4c2""}",2026-03-31T14:41:45.106018187Z
"  phoneNumber: undefined,",info,"{""level"":""info""}","{""project"":""ce3616d9-58ad-4ec7-a294-1821e1564434"",""environment"":""fb6513d0-42a4-4660-82b5-509c54b15f2a"",""service"":""4978aa94-666c-47c7-8024-3ada55195a51"",""deployment"":""509f9a3a-d271-4bd0-bf83-1f64397ab91d"",""replica"":""2c2e70ce-01d6-4d59-bf4a-cf53a5e5b4c2""}",2026-03-31T14:41:45.106023695Z
  forceNew: undefined,info,"{""level"":""info""}","{""project"":""ce3616d9-58ad-4ec7-a294-1821e1564434"",""environment"":""fb6513d0-42a4-4660-82b5-509c54b15f2a"",""service"":""4978aa94-666c-47c7-8024-3ada55195a51"",""deployment"":""509f9a3a-d271-4bd0-bf83-1f64397ab91d"",""replica"":""2c2e70ce-01d6-4d59-bf4a-cf53a5e5b4c2""}",2026-03-31T14:41:45.106028561Z
},info,"{""level"":""info""}","{""project"":""ce3616d9-58ad-4ec7-a294-1821e1564434"",""environment"":""fb6513d0-42a4-4660-82b5-509c54b15f2a"",""service"":""4978aa94-666c-47c7-8024-3ada55195a51"",""deployment"":""509f9a3a-d271-4bd0-bf83-1f64397ab91d"",""replica"":""2c2e70ce-01d6-4d59-bf4a-cf53a5e5b4c2""}",2026-03-31T14:41:45.106033538Z
==========================================,info,"{""level"":""info""}","{""project"":""ce3616d9-58ad-4ec7-a294-1821e1564434"",""environment"":""fb6513d0-42a4-4660-82b5-509c54b15f2a"",""service"":""4978aa94-666c-47c7-8024-3ada55195a51"",""deployment"":""509f9a3a-d271-4bd0-bf83-1f64397ab91d"",""replica"":""2c2e70ce-01d6-4d59-bf4a-cf53a5e5b4c2""}",2026-03-31T14:41:45.106044063Z
[SESSION/START] Starting session for: akun forceNew: false,info,"{""level"":""info""}","{""project"":""ce3616d9-58ad-4ec7-a294-1821e1564434"",""environment"":""fb6513d0-42a4-4660-82b5-509c54b15f2a"",""service"":""4978aa94-666c-47c7-8024-3ada55195a51"",""deployment"":""509f9a3a-d271-4bd0-bf83-1f64397ab91d"",""replica"":""2c2e70ce-01d6-4d59-bf4a-cf53a5e5b4c2""}",2026-03-31T14:41:45.106049183Z
[START SESSION] Called with: {,info,"{""level"":""info""}","{""project"":""ce3616d9-58ad-4ec7-a294-1821e1564434"",""environment"":""fb6513d0-42a4-4660-82b5-509c54b15f2a"",""service"":""4978aa94-666c-47c7-8024-3ada55195a51"",""deployment"":""509f9a3a-d271-4bd0-bf83-1f64397ab91d"",""replica"":""2c2e70ce-01d6-4d59-bf4a-cf53a5e5b4c2""}",2026-03-31T14:41:45.106058652Z
"  accountId: 'akun',",info,"{""level"":""info""}","{""project"":""ce3616d9-58ad-4ec7-a294-1821e1564434"",""environment"":""fb6513d0-42a4-4660-82b5-509c54b15f2a"",""service"":""4978aa94-666c-47c7-8024-3ada55195a51"",""deployment"":""509f9a3a-d271-4bd0-bf83-1f64397ab91d"",""replica"":""2c2e70ce-01d6-4d59-bf4a-cf53a5e5b4c2""}",2026-03-31T14:41:45.106063838Z
"  phoneNumber: undefined,",info,"{""level"":""info""}","{""project"":""ce3616d9-58ad-4ec7-a294-1821e1564434"",""environment"":""fb6513d0-42a4-4660-82b5-509c54b15f2a"",""service"":""4978aa94-666c-47c7-8024-3ada55195a51"",""deployment"":""509f9a3a-d271-4bd0-bf83-1f64397ab91d"",""replica"":""2c2e70ce-01d6-4d59-bf4a-cf53a5e5b4c2""}",2026-03-31T14:41:45.106073601Z
  forceNew: false,info,"{""level"":""info""}","{""project"":""ce3616d9-58ad-4ec7-a294-1821e1564434"",""environment"":""fb6513d0-42a4-4660-82b5-509c54b15f2a"",""service"":""4978aa94-666c-47c7-8024-3ada55195a51"",""deployment"":""509f9a3a-d271-4bd0-bf83-1f64397ab91d"",""replica"":""2c2e70ce-01d6-4d59-bf4a-cf53a5e5b4c2""}",2026-03-31T14:41:45.106078131Z
},info,"{""level"":""info""}","{""project"":""ce3616d9-58ad-4ec7-a294-1821e1564434"",""environment"":""fb6513d0-42a4-4660-82b5-509c54b15f2a"",""service"":""4978aa94-666c-47c7-8024-3ada55195a51"",""deployment"":""509f9a3a-d271-4bd0-bf83-1f64397ab91d"",""replica"":""2c2e70ce-01d6-4d59-bf4a-cf53a5e5b4c2""}",2026-03-31T14:41:45.106082841Z
[START SESSION] Current accounts: [],info,"{""level"":""info""}","{""project"":""ce3616d9-58ad-4ec7-a294-1821e1564434"",""environment"":""fb6513d0-42a4-4660-82b5-509c54b15f2a"",""service"":""4978aa94-666c-47c7-8024-3ada55195a51"",""deployment"":""509f9a3a-d271-4bd0-bf83-1f64397ab91d"",""replica"":""2c2e70ce-01d6-4d59-bf4a-cf53a5e5b4c2""}",2026-03-31T14:41:45.106088382Z
[START SESSION] Session directory created: /app/mini-services/whatsapp-service/sessions/akun,info,"{""level"":""info""}","{""project"":""ce3616d9-58ad-4ec7-a294-1821e1564434"",""environment"":""fb6513d0-42a4-4660-82b5-509c54b15f2a"",""service"":""4978aa94-666c-47c7-8024-3ada55195a51"",""deployment"":""509f9a3a-d271-4bd0-bf83-1f64397ab91d"",""replica"":""2c2e70ce-01d6-4d59-bf4a-cf53a5e5b4c2""}",2026-03-31T14:41:45.106098532Z
[START SESSION] Loading auth state...,info,"{""level"":""info""}","{""project"":""ce3616d9-58ad-4ec7-a294-1821e1564434"",""environment"":""fb6513d0-42a4-4660-82b5-509c54b15f2a"",""service"":""4978aa94-666c-47c7-8024-3ada55195a51"",""deployment"":""509f9a3a-d271-4bd0-bf83-1f64397ab91d"",""replica"":""2c2e70ce-01d6-4d59-bf4a-cf53a5e5b4c2""}",2026-03-31T14:41:45.106103345Z
[START SESSION] Auth state loaded:,info,"{""level"":""info""}","{""project"":""ce3616d9-58ad-4ec7-a294-1821e1564434"",""environment"":""fb6513d0-42a4-4660-82b5-509c54b15f2a"",""service"":""4978aa94-666c-47c7-8024-3ada55195a51"",""deployment"":""509f9a3a-d271-4bd0-bf83-1f64397ab91d"",""replica"":""2c2e70ce-01d6-4d59-bf4a-cf53a5e5b4c2""}",2026-03-31T14:41:45.106108435Z
[START SESSION] - hasCreds: true,info,"{""level"":""info""}","{""project"":""ce3616d9-58ad-4ec7-a294-1821e1564434"",""environment"":""fb6513d0-42a4-4660-82b5-509c54b15f2a"",""service"":""4978aa94-666c-47c7-8024-3ada55195a51"",""deployment"":""509f9a3a-d271-4bd0-bf83-1f64397ab91d"",""replica"":""2c2e70ce-01d6-4d59-bf4a-cf53a5e5b4c2""}",2026-03-31T14:41:45.106114760Z
[START SESSION] - creds.me exists: false,info,"{""level"":""info""}","{""project"":""ce3616d9-58ad-4ec7-a294-1821e1564434"",""environment"":""fb6513d0-42a4-4660-82b5-509c54b15f2a"",""service"":""4978aa94-666c-47c7-8024-3ada55195a51"",""deployment"":""509f9a3a-d271-4bd0-bf83-1f64397ab91d"",""replica"":""2c2e70ce-01d6-4d59-bf4a-cf53a5e5b4c2""}",2026-03-31T14:41:45.106119370Z
[START SESSION] - creds.me.id: N/A,info,"{""level"":""info""}","{""project"":""ce3616d9-58ad-4ec7-a294-1821e1564434"",""environment"":""fb6513d0-42a4-4660-82b5-509c54b15f2a"",""service"":""4978aa94-666c-47c7-8024-3ada55195a51"",""deployment"":""509f9a3a-d271-4bd0-bf83-1f64397ab91d"",""replica"":""2c2e70ce-01d6-4d59-bf4a-cf53a5e5b4c2""}",2026-03-31T14:41:45.106123944Z
[START SESSION] - This account will: REGISTER (expect QR),info,"{""level"":""info""}","{""project"":""ce3616d9-58ad-4ec7-a294-1821e1564434"",""environment"":""fb6513d0-42a4-4660-82b5-509c54b15f2a"",""service"":""4978aa94-666c-47c7-8024-3ada55195a51"",""deployment"":""509f9a3a-d271-4bd0-bf83-1f64397ab91d"",""replica"":""2c2e70ce-01d6-4d59-bf4a-cf53a5e5b4c2""}",2026-03-31T14:41:45.107514455Z
[START SESSION] ⚠️ INCOMPLETE SESSION DETECTED! creds exists but no me identity.,info,"{""level"":""info""}","{""project"":""ce3616d9-58ad-4ec7-a294-1821e1564434"",""environment"":""fb6513d0-42a4-4660-82b5-509c54b15f2a"",""service"":""4978aa94-666c-47c7-8024-3ada55195a51"",""deployment"":""509f9a3a-d271-4bd0-bf83-1f64397ab91d"",""replica"":""2c2e70ce-01d6-4d59-bf4a-cf53a5e5b4c2""}",2026-03-31T14:41:45.107520821Z
[START SESSION] This happens when QR was generated but never scanned.,info,"{""level"":""info""}","{""project"":""ce3616d9-58ad-4ec7-a294-1821e1564434"",""environment"":""fb6513d0-42a4-4660-82b5-509c54b15f2a"",""service"":""4978aa94-666c-47c7-8024-3ada55195a51"",""deployment"":""509f9a3a-d271-4bd0-bf83-1f64397ab91d"",""replica"":""2c2e70ce-01d6-4d59-bf4a-cf53a5e5b4c2""}",2026-03-31T14:41:45.107526440Z
[CLEAR SESSION] Attempting to clear session for: akun,info,"{""level"":""info""}","{""project"":""ce3616d9-58ad-4ec7-a294-1821e1564434"",""environment"":""fb6513d0-42a4-4660-82b5-509c54b15f2a"",""service"":""4978aa94-666c-47c7-8024-3ada55195a51"",""deployment"":""509f9a3a-d271-4bd0-bf83-1f64397ab91d"",""replica"":""2c2e70ce-01d6-4d59-bf4a-cf53a5e5b4c2""}",2026-03-31T14:41:45.107539723Z
[CLEAR SESSION] Session directory exists,info,"{""level"":""info""}","{""project"":""ce3616d9-58ad-4ec7-a294-1821e1564434"",""environment"":""fb6513d0-42a4-4660-82b5-509c54b15f2a"",""service"":""4978aa94-666c-47c7-8024-3ada55195a51"",""deployment"":""509f9a3a-d271-4bd0-bf83-1f64397ab91d"",""replica"":""2c2e70ce-01d6-4d59-bf4a-cf53a5e5b4c2""}",2026-03-31T14:41:45.107552471Z
[CLEAR SESSION] Deleting session directory with rimraf...,info,"{""level"":""info""}","{""project"":""ce3616d9-58ad-4ec7-a294-1821e1564434"",""environment"":""fb6513d0-42a4-4660-82b5-509c54b15f2a"",""service"":""4978aa94-666c-47c7-8024-3ada55195a51"",""deployment"":""509f9a3a-d271-4bd0-bf83-1f64397ab91d"",""replica"":""2c2e70ce-01d6-4d59-bf4a-cf53a5e5b4c2""}",2026-03-31T14:41:45.107558639Z
[CLEAR SESSION] ✅ Session directory successfully deleted,info,"{""level"":""info""}","{""project"":""ce3616d9-58ad-4ec7-a294-1821e1564434"",""environment"":""fb6513d0-42a4-4660-82b5-509c54b15f2a"",""service"":""4978aa94-666c-47c7-8024-3ada55195a51"",""deployment"":""509f9a3a-d271-4bd0-bf83-1f64397ab91d"",""replica"":""2c2e70ce-01d6-4d59-bf4a-cf53a5e5b4c2""}",2026-03-31T14:41:45.107564601Z
"[START SESSION] ✅ Incomplete session cleared, recreating fresh session...",info,"{""level"":""info""}","{""project"":""ce3616d9-58ad-4ec7-a294-1821e1564434"",""environment"":""fb6513d0-42a4-4660-82b5-509c54b15f2a"",""service"":""4978aa94-666c-47c7-8024-3ada55195a51"",""deployment"":""509f9a3a-d271-4bd0-bf83-1f64397ab91d"",""replica"":""2c2e70ce-01d6-4d59-bf4a-cf53a5e5b4c2""}",2026-03-31T14:41:45.107570508Z
[START SESSION] - hasCreds: true,info,"{""level"":""info""}","{""project"":""ce3616d9-58ad-4ec7-a294-1821e1564434"",""environment"":""fb6513d0-42a4-4660-82b5-509c54b15f2a"",""service"":""4978aa94-666c-47c7-8024-3ada55195a51"",""deployment"":""509f9a3a-d271-4bd0-bf83-1f64397ab91d"",""replica"":""2c2e70ce-01d6-4d59-bf4a-cf53a5e5b4c2""}",2026-03-31T14:41:45.107584470Z
[START SESSION] - creds.me exists: false,info,"{""level"":""info""}","{""project"":""ce3616d9-58ad-4ec7-a294-1821e1564434"",""environment"":""fb6513d0-42a4-4660-82b5-509c54b15f2a"",""service"":""4978aa94-666c-47c7-8024-3ada55195a51"",""deployment"":""509f9a3a-d271-4bd0-bf83-1f64397ab91d"",""replica"":""2c2e70ce-01d6-4d59-bf4a-cf53a5e5b4c2""}",2026-03-31T14:41:45.107592414Z
[START SESSION] Fetching Baileys version...,info,"{""level"":""info""}","{""project"":""ce3616d9-58ad-4ec7-a294-1821e1564434"",""environment"":""fb6513d0-42a4-4660-82b5-509c54b15f2a"",""service"":""4978aa94-666c-47c7-8024-3ada55195a51"",""deployment"":""509f9a3a-d271-4bd0-bf83-1f64397ab91d"",""replica"":""2c2e70ce-01d6-4d59-bf4a-cf53a5e5b4c2""}",2026-03-31T14:41:45.107598531Z
"[START SESSION] Baileys version: [ 2, 3000, 1035194821 ]",info,"{""level"":""info""}","{""project"":""ce3616d9-58ad-4ec7-a294-1821e1564434"",""environment"":""fb6513d0-42a4-4660-82b5-509c54b15f2a"",""service"":""4978aa94-666c-47c7-8024-3ada55195a51"",""deployment"":""509f9a3a-d271-4bd0-bf83-1f64397ab91d"",""replica"":""2c2e70ce-01d6-4d59-bf4a-cf53a5e5b4c2""}",2026-03-31T14:41:45.107604430Z
[START SESSION] Creating WhatsApp socket...,info,"{""level"":""info""}","{""project"":""ce3616d9-58ad-4ec7-a294-1821e1564434"",""environment"":""fb6513d0-42a4-4660-82b5-509c54b15f2a"",""service"":""4978aa94-666c-47c7-8024-3ada55195a51"",""deployment"":""509f9a3a-d271-4bd0-bf83-1f64397ab91d"",""replica"":""2c2e70ce-01d6-4d59-bf4a-cf53a5e5b4c2""}",2026-03-31T14:41:45.107610876Z
[NETWORK] DNS resolution for web.whatsapp.com: [ '157.240.236.60' ],info,"{""level"":""info""}","{""project"":""ce3616d9-58ad-4ec7-a294-1821e1564434"",""environment"":""fb6513d0-42a4-4660-82b5-509c54b15f2a"",""service"":""4978aa94-666c-47c7-8024-3ada55195a51"",""deployment"":""509f9a3a-d271-4bd0-bf83-1f64397ab91d"",""replica"":""2c2e70ce-01d6-4d59-bf4a-cf53a5e5b4c2""}",2026-03-31T14:41:45.107624148Z
[NETWORK] HTTPS test to web.whatsapp.com: Status 200,info,"{""level"":""info""}","{""project"":""ce3616d9-58ad-4ec7-a294-1821e1564434"",""environment"":""fb6513d0-42a4-4660-82b5-509c54b15f2a"",""service"":""4978aa94-666c-47c7-8024-3ada55195a51"",""deployment"":""509f9a3a-d271-4bd0-bf83-1f64397ab91d"",""replica"":""2c2e70ce-01d6-4d59-bf4a-cf53a5e5b4c2""}",2026-03-31T14:41:45.107630120Z
[SOCKET] makeWASocket created for: akun,info,"{""level"":""info""}","{""project"":""ce3616d9-58ad-4ec7-a294-1821e1564434"",""environment"":""fb6513d0-42a4-4660-82b5-509c54b15f2a"",""service"":""4978aa94-666c-47c7-8024-3ada55195a51"",""deployment"":""509f9a3a-d271-4bd0-bf83-1f64397ab91d"",""replica"":""2c2e70ce-01d6-4d59-bf4a-cf53a5e5b4c2""}",2026-03-31T14:41:45.107638403Z
[SOCKET] Socket has ev? true,info,"{""level"":""info""}","{""project"":""ce3616d9-58ad-4ec7-a294-1821e1564434"",""environment"":""fb6513d0-42a4-4660-82b5-509c54b15f2a"",""service"":""4978aa94-666c-47c7-8024-3ada55195a51"",""deployment"":""509f9a3a-d271-4bd0-bf83-1f64397ab91d"",""replica"":""2c2e70ce-01d6-4d59-bf4a-cf53a5e5b4c2""}",2026-03-31T14:41:45.107645069Z
"  password: '',",info,"{""level"":""info""}","{""project"":""ce3616d9-58ad-4ec7-a294-1821e1564434"",""environment"":""fb6513d0-42a4-4660-82b5-509c54b15f2a"",""service"":""4978aa94-666c-47c7-8024-3ada55195a51"",""deployment"":""509f9a3a-d271-4bd0-bf83-1f64397ab91d"",""replica"":""2c2e70ce-01d6-4d59-bf4a-cf53a5e5b4c2""}",2026-03-31T14:41:45.109194122Z
Using pooled personality for akun: Ayu Lestari,info,"{""level"":""info""}","{""project"":""ce3616d9-58ad-4ec7-a294-1821e1564434"",""environment"":""fb6513d0-42a4-4660-82b5-509c54b15f2a"",""service"":""4978aa94-666c-47c7-8024-3ada55195a51"",""deployment"":""509f9a3a-d271-4bd0-bf83-1f64397ab91d"",""replica"":""2c2e70ce-01d6-4d59-bf4a-cf53a5e5b4c2""}",2026-03-31T14:41:45.109198085Z
[SESSION/START] Session started successfully for: akun,info,"{""level"":""info""}","{""project"":""ce3616d9-58ad-4ec7-a294-1821e1564434"",""environment"":""fb6513d0-42a4-4660-82b5-509c54b15f2a"",""service"":""4978aa94-666c-47c7-8024-3ada55195a51"",""deployment"":""509f9a3a-d271-4bd0-bf83-1f64397ab91d"",""replica"":""2c2e70ce-01d6-4d59-bf4a-cf53a5e5b4c2""}",2026-03-31T14:41:45.109207308Z
[SOCKET] Socket has ws? true,info,"{""level"":""info""}","{""project"":""ce3616d9-58ad-4ec7-a294-1821e1564434"",""environment"":""fb6513d0-42a4-4660-82b5-509c54b15f2a"",""service"":""4978aa94-666c-47c7-8024-3ada55195a51"",""deployment"":""509f9a3a-d271-4bd0-bf83-1f64397ab91d"",""replica"":""2c2e70ce-01d6-4d59-bf4a-cf53a5e5b4c2""}",2026-03-31T14:41:45.109214737Z
"  port: '',",info,"{""level"":""info""}","{""project"":""ce3616d9-58ad-4ec7-a294-1821e1564434"",""environment"":""fb6513d0-42a4-4660-82b5-509c54b15f2a"",""service"":""4978aa94-666c-47c7-8024-3ada55195a51"",""deployment"":""509f9a3a-d271-4bd0-bf83-1f64397ab91d"",""replica"":""2c2e70ce-01d6-4d59-bf4a-cf53a5e5b4c2""}",2026-03-31T14:41:45.109217562Z
"  pathname: '/ws/chat',",info,"{""level"":""info""}","{""project"":""ce3616d9-58ad-4ec7-a294-1821e1564434"",""environment"":""fb6513d0-42a4-4660-82b5-509c54b15f2a"",""service"":""4978aa94-666c-47c7-8024-3ada55195a51"",""deployment"":""509f9a3a-d271-4bd0-bf83-1f64397ab91d"",""replica"":""2c2e70ce-01d6-4d59-bf4a-cf53a5e5b4c2""}",2026-03-31T14:41:45.109223248Z
[SOCKET] Socket user? undefined,info,"{""level"":""info""}","{""project"":""ce3616d9-58ad-4ec7-a294-1821e1564434"",""environment"":""fb6513d0-42a4-4660-82b5-509c54b15f2a"",""service"":""4978aa94-666c-47c7-8024-3ada55195a51"",""deployment"":""509f9a3a-d271-4bd0-bf83-1f64397ab91d"",""replica"":""2c2e70ce-01d6-4d59-bf4a-cf53a5e5b4c2""}",2026-03-31T14:41:45.109224146Z
"  search: '',",info,"{""level"":""info""}","{""project"":""ce3616d9-58ad-4ec7-a294-1821e1564434"",""environment"":""fb6513d0-42a4-4660-82b5-509c54b15f2a"",""service"":""4978aa94-666c-47c7-8024-3ada55195a51"",""deployment"":""509f9a3a-d271-4bd0-bf83-1f64397ab91d"",""replica"":""2c2e70ce-01d6-4d59-bf4a-cf53a5e5b4c2""}",2026-03-31T14:41:45.109229483Z
[ACCOUNT] ✅ Added pending account to map immediately: akun,info,"{""level"":""info""}","{""project"":""ce3616d9-58ad-4ec7-a294-1821e1564434"",""environment"":""fb6513d0-42a4-4660-82b5-509c54b15f2a"",""service"":""4978aa94-666c-47c7-8024-3ada55195a51"",""deployment"":""509f9a3a-d271-4bd0-bf83-1f64397ab91d"",""replica"":""2c2e70ce-01d6-4d59-bf4a-cf53a5e5b4c2""}",2026-03-31T14:41:45.109232371Z
  hash: '',info,"{""level"":""info""}","{""project"":""ce3616d9-58ad-4ec7-a294-1821e1564434"",""environment"":""fb6513d0-42a4-4660-82b5-509c54b15f2a"",""service"":""4978aa94-666c-47c7-8024-3ada55195a51"",""deployment"":""509f9a3a-d271-4bd0-bf83-1f64397ab91d"",""replica"":""2c2e70ce-01d6-4d59-bf4a-cf53a5e5b4c2""}",2026-03-31T14:41:45.109241943Z
[SOCKET] 🚀 Registering connection.update handler IMMEDIATELY for: akun,info,"{""level"":""info""}","{""project"":""ce3616d9-58ad-4ec7-a294-1821e1564434"",""environment"":""fb6513d0-42a4-4660-82b5-509c54b15f2a"",""service"":""4978aa94-666c-47c7-8024-3ada55195a51"",""deployment"":""509f9a3a-d271-4bd0-bf83-1f64397ab91d"",""replica"":""2c2e70ce-01d6-4d59-bf4a-cf53a5e5b4c2""}",2026-03-31T14:41:45.109242750Z
[SOCKET] ✅ Event handlers registered IMMEDIATELY,info,"{""level"":""info""}","{""project"":""ce3616d9-58ad-4ec7-a294-1821e1564434"",""environment"":""fb6513d0-42a4-4660-82b5-509c54b15f2a"",""service"":""4978aa94-666c-47c7-8024-3ada55195a51"",""deployment"":""509f9a3a-d271-4bd0-bf83-1f64397ab91d"",""replica"":""2c2e70ce-01d6-4d59-bf4a-cf53a5e5b4c2""}",2026-03-31T14:41:45.109248327Z
[WS] Native WebSocket exists: true,info,"{""level"":""info""}","{""project"":""ce3616d9-58ad-4ec7-a294-1821e1564434"",""environment"":""fb6513d0-42a4-4660-82b5-509c54b15f2a"",""service"":""4978aa94-666c-47c7-8024-3ada55195a51"",""deployment"":""509f9a3a-d271-4bd0-bf83-1f64397ab91d"",""replica"":""2c2e70ce-01d6-4d59-bf4a-cf53a5e5b4c2""}",2026-03-31T14:41:45.109253198Z
[WS] WebSocketClient isConnecting: true,info,"{""level"":""info""}","{""project"":""ce3616d9-58ad-4ec7-a294-1821e1564434"",""environment"":""fb6513d0-42a4-4660-82b5-509c54b15f2a"",""service"":""4978aa94-666c-47c7-8024-3ada55195a51"",""deployment"":""509f9a3a-d271-4bd0-bf83-1f64397ab91d"",""replica"":""2c2e70ce-01d6-4d59-bf4a-cf53a5e5b4c2""}",2026-03-31T14:41:45.109262416Z
[WS] WebSocketClient isOpen: false,info,"{""level"":""info""}","{""project"":""ce3616d9-58ad-4ec7-a294-1821e1564434"",""environment"":""fb6513d0-42a4-4660-82b5-509c54b15f2a"",""service"":""4978aa94-666c-47c7-8024-3ada55195a51"",""deployment"":""509f9a3a-d271-4bd0-bf83-1f64397ab91d"",""replica"":""2c2e70ce-01d6-4d59-bf4a-cf53a5e5b4c2""}",2026-03-31T14:41:45.109267154Z
[WS] WebSocketClient isClosed: false,info,"{""level"":""info""}","{""project"":""ce3616d9-58ad-4ec7-a294-1821e1564434"",""environment"":""fb6513d0-42a4-4660-82b5-509c54b15f2a"",""service"":""4978aa94-666c-47c7-8024-3ada55195a51"",""deployment"":""509f9a3a-d271-4bd0-bf83-1f64397ab91d"",""replica"":""2c2e70ce-01d6-4d59-bf4a-cf53a5e5b4c2""}",2026-03-31T14:41:45.109272106Z
[WS] WebSocket URL: URL {,info,"{""level"":""info""}","{""project"":""ce3616d9-58ad-4ec7-a294-1821e1564434"",""environment"":""fb6513d0-42a4-4660-82b5-509c54b15f2a"",""service"":""4978aa94-666c-47c7-8024-3ada55195a51"",""deployment"":""509f9a3a-d271-4bd0-bf83-1f64397ab91d"",""replica"":""2c2e70ce-01d6-4d59-bf4a-cf53a5e5b4c2""}",2026-03-31T14:41:45.109277045Z
"  href: 'wss://web.whatsapp.com/ws/chat',",info,"{""level"":""info""}","{""project"":""ce3616d9-58ad-4ec7-a294-1821e1564434"",""environment"":""fb6513d0-42a4-4660-82b5-509c54b15f2a"",""service"":""4978aa94-666c-47c7-8024-3ada55195a51"",""deployment"":""509f9a3a-d271-4bd0-bf83-1f64397ab91d"",""replica"":""2c2e70ce-01d6-4d59-bf4a-cf53a5e5b4c2""}",2026-03-31T14:41:45.109281787Z
"  protocol: 'wss:',",info,"{""level"":""info""}","{""project"":""ce3616d9-58ad-4ec7-a294-1821e1564434"",""environment"":""fb6513d0-42a4-4660-82b5-509c54b15f2a"",""service"":""4978aa94-666c-47c7-8024-3ada55195a51"",""deployment"":""509f9a3a-d271-4bd0-bf83-1f64397ab91d"",""replica"":""2c2e70ce-01d6-4d59-bf4a-cf53a5e5b4c2""}",2026-03-31T14:41:45.109291133Z
==========================================,info,"{""level"":""info""}","{""project"":""ce3616d9-58ad-4ec7-a294-1821e1564434"",""environment"":""fb6513d0-42a4-4660-82b5-509c54b15f2a"",""service"":""4978aa94-666c-47c7-8024-3ada55195a51"",""deployment"":""509f9a3a-d271-4bd0-bf83-1f64397ab91d"",""replica"":""2c2e70ce-01d6-4d59-bf4a-cf53a5e5b4c2""}",2026-03-31T14:41:45.110818124Z
[CONNECTION UPDATE] ✅ EVENT RECEIVED! {,info,"{""level"":""info""}","{""project"":""ce3616d9-58ad-4ec7-a294-1821e1564434"",""environment"":""fb6513d0-42a4-4660-82b5-509c54b15f2a"",""service"":""4978aa94-666c-47c7-8024-3ada55195a51"",""deployment"":""509f9a3a-d271-4bd0-bf83-1f64397ab91d"",""replica"":""2c2e70ce-01d6-4d59-bf4a-cf53a5e5b4c2""}",2026-03-31T14:41:45.110822529Z
"  accountId: 'akun',",info,"{""level"":""info""}","{""project"":""ce3616d9-58ad-4ec7-a294-1821e1564434"",""environment"":""fb6513d0-42a4-4660-82b5-509c54b15f2a"",""service"":""4978aa94-666c-47c7-8024-3ada55195a51"",""deployment"":""509f9a3a-d271-4bd0-bf83-1f64397ab91d"",""replica"":""2c2e70ce-01d6-4d59-bf4a-cf53a5e5b4c2""}",2026-03-31T14:41:45.110828002Z
"  connection: 'connecting',",info,"{""level"":""info""}","{""project"":""ce3616d9-58ad-4ec7-a294-1821e1564434"",""environment"":""fb6513d0-42a4-4660-82b5-509c54b15f2a"",""service"":""4978aa94-666c-47c7-8024-3ada55195a51"",""deployment"":""509f9a3a-d271-4bd0-bf83-1f64397ab91d"",""replica"":""2c2e70ce-01d6-4d59-bf4a-cf53a5e5b4c2""}",2026-03-31T14:41:45.110832237Z
"  hasQr: false,",info,"{""level"":""info""}","{""project"":""ce3616d9-58ad-4ec7-a294-1821e1564434"",""environment"":""fb6513d0-42a4-4660-82b5-509c54b15f2a"",""service"":""4978aa94-666c-47c7-8024-3ada55195a51"",""deployment"":""509f9a3a-d271-4bd0-bf83-1f64397ab91d"",""replica"":""2c2e70ce-01d6-4d59-bf4a-cf53a5e5b4c2""}",2026-03-31T14:41:45.110837143Z
"  qrPreview: null,",info,"{""level"":""info""}","{""project"":""ce3616d9-58ad-4ec7-a294-1821e1564434"",""environment"":""fb6513d0-42a4-4660-82b5-509c54b15f2a"",""service"":""4978aa94-666c-47c7-8024-3ada55195a51"",""deployment"":""509f9a3a-d271-4bd0-bf83-1f64397ab91d"",""replica"":""2c2e70ce-01d6-4d59-bf4a-cf53a5e5b4c2""}",2026-03-31T14:41:45.110841674Z
},info,"{""level"":""info""}","{""project"":""ce3616d9-58ad-4ec7-a294-1821e1564434"",""environment"":""fb6513d0-42a4-4660-82b5-509c54b15f2a"",""service"":""4978aa94-666c-47c7-8024-3ada55195a51"",""deployment"":""509f9a3a-d271-4bd0-bf83-1f64397ab91d"",""replica"":""2c2e70ce-01d6-4d59-bf4a-cf53a5e5b4c2""}",2026-03-31T14:41:45.110850370Z
==========================================,info,"{""level"":""info""}","{""project"":""ce3616d9-58ad-4ec7-a294-1821e1564434"",""environment"":""fb6513d0-42a4-4660-82b5-509c54b15f2a"",""service"":""4978aa94-666c-47c7-8024-3ada55195a51"",""deployment"":""509f9a3a-d271-4bd0-bf83-1f64397ab91d"",""replica"":""2c2e70ce-01d6-4d59-bf4a-cf53a5e5b4c2""}",2026-03-31T14:41:45.110854174Z
connected to WA,info,"{""time"":1774968096760,""pid"":105,""hostname"":""f773f97efb96"",""browser"":[""Mac OS"",""Chrome"",""14.4.1""],""helloMsg"":{""clientHello"":{""ephemeral"":""tr5C83yW997o8DgXFvnLygospAuv5006xv1//txGfk8=""}},""level"":""info""}","{""project"":""ce3616d9-58ad-4ec7-a294-1821e1564434"",""environment"":""fb6513d0-42a4-4660-82b5-509c54b15f2a"",""service"":""4978aa94-666c-47c7-8024-3ada55195a51"",""deployment"":""509f9a3a-d271-4bd0-bf83-1f64397ab91d"",""replica"":""2c2e70ce-01d6-4d59-bf4a-cf53a5e5b4c2""}",2026-03-31T14:41:45.110858379Z
[WS NATIVE SEND] Sending for akun type: object preview: V0EGAwAAJBIiCiC2vkLzfJb33ujwOBcW+cvKCiykC6/nTTrG/X/+3EZ+Tw==,info,"{""level"":""info""}","{""project"":""ce3616d9-58ad-4ec7-a294-1821e1564434"",""environment"":""fb6513d0-42a4-4660-82b5-509c54b15f2a"",""service"":""4978aa94-666c-47c7-8024-3ada55195a51"",""deployment"":""509f9a3a-d271-4bd0-bf83-1f64397ab91d"",""replica"":""2c2e70ce-01d6-4d59-bf4a-cf53a5e5b4c2""}",2026-03-31T14:41:45.110864070Z
[WS NATIVE OPEN] Native WebSocket opened for akun,info,"{""level"":""info""}","{""project"":""ce3616d9-58ad-4ec7-a294-1821e1564434"",""environment"":""fb6513d0-42a4-4660-82b5-509c54b15f2a"",""service"":""4978aa94-666c-47c7-8024-3ada55195a51"",""deployment"":""509f9a3a-d271-4bd0-bf83-1f64397ab91d"",""replica"":""2c2e70ce-01d6-4d59-bf4a-cf53a5e5b4c2""}",2026-03-31T14:41:45.110869809Z
[WS NATIVE MESSAGE] Received for akun binary: true len: 350 preview: AAFbGtgCCiD39wjewU6X4w/VnC1UFdFsXeHSKNwISYZgI+WoZL2yYhIwcEVpPAaJ/zs=...,info,"{""level"":""info""}","{""project"":""ce3616d9-58ad-4ec7-a294-1821e1564434"",""environment"":""fb6513d0-42a4-4660-82b5-509c54b15f2a"",""service"":""4978aa94-666c-47c7-8024-3ada55195a51"",""deployment"":""509f9a3a-d271-4bd0-bf83-1f64397ab91d"",""replica"":""2c2e70ce-01d6-4d59-bf4a-cf53a5e5b4c2""}",2026-03-31T14:41:45.110875766Z
[WS NATIVE SEND] Sending for akun type: object preview: AAFcItkCCjBnDlh1+1XiadaRafhxera4U4f2BRQNZeb8ODBxnx9lHjtBQUPAxVwWsMI=,info,"{""level"":""info""}","{""project"":""ce3616d9-58ad-4ec7-a294-1821e1564434"",""environment"":""fb6513d0-42a4-4660-82b5-509c54b15f2a"",""service"":""4978aa94-666c-47c7-8024-3ada55195a51"",""deployment"":""509f9a3a-d271-4bd0-bf83-1f64397ab91d"",""replica"":""2c2e70ce-01d6-4d59-bf4a-cf53a5e5b4c2""}",2026-03-31T14:41:45.112518046Z
[WS NATIVE MESSAGE] Received for akun binary: true len: 698 preview: AAK3rA8YweSXQluNrmnyP4+Vymg3iYiVFvYrYOSyH7AS5GjX7XGxQynCwy6dBWNrBSA=...,info,"{""level"":""info""}","{""project"":""ce3616d9-58ad-4ec7-a294-1821e1564434"",""environment"":""fb6513d0-42a4-4660-82b5-509c54b15f2a"",""service"":""4978aa94-666c-47c7-8024-3ada55195a51"",""deployment"":""509f9a3a-d271-4bd0-bf83-1f64397ab91d"",""replica"":""2c2e70ce-01d6-4d59-bf4a-cf53a5e5b4c2""}",2026-03-31T14:41:45.112528923Z
[WS NATIVE SEND] Sending for akun type: object preview: AAAi3mDmrGO2iCKQtAUqqo0/duQouaXWzTATzPVQOr3MVOXBJw==,info,"{""level"":""info""}","{""project"":""ce3616d9-58ad-4ec7-a294-1821e1564434"",""environment"":""fb6513d0-42a4-4660-82b5-509c54b15f2a"",""service"":""4978aa94-666c-47c7-8024-3ada55195a51"",""deployment"":""509f9a3a-d271-4bd0-bf83-1f64397ab91d"",""replica"":""2c2e70ce-01d6-4d59-bf4a-cf53a5e5b4c2""}",2026-03-31T14:41:45.112536208Z
==========================================,info,"{""level"":""info""}","{""project"":""ce3616d9-58ad-4ec7-a294-1821e1564434"",""environment"":""fb6513d0-42a4-4660-82b5-509c54b15f2a"",""service"":""4978aa94-666c-47c7-8024-3ada55195a51"",""deployment"":""509f9a3a-d271-4bd0-bf83-1f64397ab91d"",""replica"":""2c2e70ce-01d6-4d59-bf4a-cf53a5e5b4c2""}",2026-03-31T14:41:45.112543553Z
[CONNECTION UPDATE] ✅ EVENT RECEIVED! {,info,"{""level"":""info""}","{""project"":""ce3616d9-58ad-4ec7-a294-1821e1564434"",""environment"":""fb6513d0-42a4-4660-82b5-509c54b15f2a"",""service"":""4978aa94-666c-47c7-8024-3ada55195a51"",""deployment"":""509f9a3a-d271-4bd0-bf83-1f64397ab91d"",""replica"":""2c2e70ce-01d6-4d59-bf4a-cf53a5e5b4c2""}",2026-03-31T14:41:45.112550387Z
"  accountId: 'akun',",info,"{""level"":""info""}","{""project"":""ce3616d9-58ad-4ec7-a294-1821e1564434"",""environment"":""fb6513d0-42a4-4660-82b5-509c54b15f2a"",""service"":""4978aa94-666c-47c7-8024-3ada55195a51"",""deployment"":""509f9a3a-d271-4bd0-bf83-1f64397ab91d"",""replica"":""2c2e70ce-01d6-4d59-bf4a-cf53a5e5b4c2""}",2026-03-31T14:41:45.112556990Z
"  connection: undefined,",info,"{""level"":""info""}","{""project"":""ce3616d9-58ad-4ec7-a294-1821e1564434"",""environment"":""fb6513d0-42a4-4660-82b5-509c54b15f2a"",""service"":""4978aa94-666c-47c7-8024-3ada55195a51"",""deployment"":""509f9a3a-d271-4bd0-bf83-1f64397ab91d"",""replica"":""2c2e70ce-01d6-4d59-bf4a-cf53a5e5b4c2""}",2026-03-31T14:41:45.112563399Z
"  hasQr: true,",info,"{""level"":""info""}","{""project"":""ce3616d9-58ad-4ec7-a294-1821e1564434"",""environment"":""fb6513d0-42a4-4660-82b5-509c54b15f2a"",""service"":""4978aa94-666c-47c7-8024-3ada55195a51"",""deployment"":""509f9a3a-d271-4bd0-bf83-1f64397ab91d"",""replica"":""2c2e70ce-01d6-4d59-bf4a-cf53a5e5b4c2""}",2026-03-31T14:41:45.112569395Z
"  qrPreview: '2@SWGbTEyZFq+viCDRQhsqn5Bh5wzv1c21QMUW4bNedvCrqNxO...',",info,"{""level"":""info""}","{""project"":""ce3616d9-58ad-4ec7-a294-1821e1564434"",""environment"":""fb6513d0-42a4-4660-82b5-509c54b15f2a"",""service"":""4978aa94-666c-47c7-8024-3ada55195a51"",""deployment"":""509f9a3a-d271-4bd0-bf83-1f64397ab91d"",""replica"":""2c2e70ce-01d6-4d59-bf4a-cf53a5e5b4c2""}",2026-03-31T14:41:45.112576438Z
  isNewLogin: undefined,info,"{""level"":""info""}","{""project"":""ce3616d9-58ad-4ec7-a294-1821e1564434"",""environment"":""fb6513d0-42a4-4660-82b5-509c54b15f2a"",""service"":""4978aa94-666c-47c7-8024-3ada55195a51"",""deployment"":""509f9a3a-d271-4bd0-bf83-1f64397ab91d"",""replica"":""2c2e70ce-01d6-4d59-bf4a-cf53a5e5b4c2""}",2026-03-31T14:41:45.112582328Z
==========================================,info,"{""level"":""info""}","{""project"":""ce3616d9-58ad-4ec7-a294-1821e1564434"",""environment"":""fb6513d0-42a4-4660-82b5-509c54b15f2a"",""service"":""4978aa94-666c-47c7-8024-3ada55195a51"",""deployment"":""509f9a3a-d271-4bd0-bf83-1f64397ab91d"",""replica"":""2c2e70ce-01d6-4d59-bf4a-cf53a5e5b4c2""}",2026-03-31T14:41:45.112592686Z
"[QR] WebSocket state at QR time: { hasWs: true, wsConnected: true, isConnecting: false }",info,"{""level"":""info""}","{""project"":""ce3616d9-58ad-4ec7-a294-1821e1564434"",""environment"":""fb6513d0-42a4-4660-82b5-509c54b15f2a"",""service"":""4978aa94-666c-47c7-8024-3ada55195a51"",""deployment"":""509f9a3a-d271-4bd0-bf83-1f64397ab91d"",""replica"":""2c2e70ce-01d6-4d59-bf4a-cf53a5e5b4c2""}",2026-03-31T14:41:45.112605975Z
"[QR] ✅ QR converted, length: 6470",info,"{""level"":""info""}","{""project"":""ce3616d9-58ad-4ec7-a294-1821e1564434"",""environment"":""fb6513d0-42a4-4660-82b5-509c54b15f2a"",""service"":""4978aa94-666c-47c7-8024-3ada55195a51"",""deployment"":""509f9a3a-d271-4bd0-bf83-1f64397ab91d"",""replica"":""2c2e70ce-01d6-4d59-bf4a-cf53a5e5b4c2""}",2026-03-31T14:41:45.112615415Z
[QR] ⏳ Waiting for user to scan QR code...,info,"{""level"":""info""}","{""project"":""ce3616d9-58ad-4ec7-a294-1821e1564434"",""environment"":""fb6513d0-42a4-4660-82b5-509c54b15f2a"",""service"":""4978aa94-666c-47c7-8024-3ada55195a51"",""deployment"":""509f9a3a-d271-4bd0-bf83-1f64397ab91d"",""replica"":""2c2e70ce-01d6-4d59-bf4a-cf53a5e5b4c2""}",2026-03-31T14:41:45.112620522Z
"[QR] 💡 If scan fails with ""cannot login"", check Railway logs for Stream Errored",info,"{""level"":""info""}","{""project"":""ce3616d9-58ad-4ec7-a294-1821e1564434"",""environment"":""fb6513d0-42a4-4660-82b5-509c54b15f2a"",""service"":""4978aa94-666c-47c7-8024-3ada55195a51"",""deployment"":""509f9a3a-d271-4bd0-bf83-1f64397ab91d"",""replica"":""2c2e70ce-01d6-4d59-bf4a-cf53a5e5b4c2""}",2026-03-31T14:41:45.112646229Z
✅ Generated 5 personalities via Groq. Pool size: 9/50,info,"{""level"":""info""}","{""project"":""ce3616d9-58ad-4ec7-a294-1821e1564434"",""environment"":""fb6513d0-42a4-4660-82b5-509c54b15f2a"",""service"":""4978aa94-666c-47c7-8024-3ada55195a51"",""deployment"":""509f9a3a-d271-4bd0-bf83-1f64397ab91d"",""replica"":""2c2e70ce-01d6-4d59-bf4a-cf53a5e5b4c2""}",2026-03-31T14:41:45.112650732Z
[DB] Synced 1 accounts to database,info,"{""level"":""info""}","{""project"":""ce3616d9-58ad-4ec7-a294-1821e1564434"",""environment"":""fb6513d0-42a4-4660-82b5-509c54b15f2a"",""service"":""4978aa94-666c-47c7-8024-3ada55195a51"",""deployment"":""509f9a3a-d271-4bd0-bf83-1f64397ab91d"",""replica"":""2c2e70ce-01d6-4d59-bf4a-cf53a5e5b4c2""}",2026-03-31T14:41:49.918077956Z
[WS NATIVE MESSAGE] Received for akun binary: true len: 722 preview: AALP2E4vKliax07NYaSNI855c2G934dCz9oFCFRDdX+PlkhyaMYWyPS8TLOaWvJRfeo=...,info,"{""level"":""info""}","{""project"":""ce3616d9-58ad-4ec7-a294-1821e1564434"",""environment"":""fb6513d0-42a4-4660-82b5-509c54b15f2a"",""service"":""4978aa94-666c-47c7-8024-3ada55195a51"",""deployment"":""509f9a3a-d271-4bd0-bf83-1f64397ab91d"",""replica"":""2c2e70ce-01d6-4d59-bf4a-cf53a5e5b4c2""}",2026-03-31T14:41:50.201698646Z
"  connection: undefined,",info,"{""level"":""info""}","{""project"":""ce3616d9-58ad-4ec7-a294-1821e1564434"",""environment"":""fb6513d0-42a4-4660-82b5-509c54b15f2a"",""service"":""4978aa94-666c-47c7-8024-3ada55195a51"",""deployment"":""509f9a3a-d271-4bd0-bf83-1f64397ab91d"",""replica"":""2c2e70ce-01d6-4d59-bf4a-cf53a5e5b4c2""}",2026-03-31T14:41:50.222781792Z
"  qrPreview: null,",info,"{""level"":""info""}","{""project"":""ce3616d9-58ad-4ec7-a294-1821e1564434"",""environment"":""fb6513d0-42a4-4660-82b5-509c54b15f2a"",""service"":""4978aa94-666c-47c7-8024-3ada55195a51"",""deployment"":""509f9a3a-d271-4bd0-bf83-1f64397ab91d"",""replica"":""2c2e70ce-01d6-4d59-bf4a-cf53a5e5b4c2""}",2026-03-31T14:41:50.222792781Z
[AUTH] 🎉 NEW LOGIN DETECTED for: akun,info,"{""level"":""info""}","{""project"":""ce3616d9-58ad-4ec7-a294-1821e1564434"",""environment"":""fb6513d0-42a4-4660-82b5-509c54b15f2a"",""service"":""4978aa94-666c-47c7-8024-3ada55195a51"",""deployment"":""509f9a3a-d271-4bd0-bf83-1f64397ab91d"",""replica"":""2c2e70ce-01d6-4d59-bf4a-cf53a5e5b4c2""}",2026-03-31T14:41:50.222814197Z
[AUTH] This means QR was scanned successfully!,info,"{""level"":""info""}","{""project"":""ce3616d9-58ad-4ec7-a294-1821e1564434"",""environment"":""fb6513d0-42a4-4660-82b5-509c54b15f2a"",""service"":""4978aa94-666c-47c7-8024-3ada55195a51"",""deployment"":""509f9a3a-d271-4bd0-bf83-1f64397ab91d"",""replica"":""2c2e70ce-01d6-4d59-bf4a-cf53a5e5b4c2""}",2026-03-31T14:41:50.222842207Z
"[AUTH] WebSocket state after scan: { hasWs: true, wsConnected: true, wsState: 1 }",info,"{""level"":""info""}","{""project"":""ce3616d9-58ad-4ec7-a294-1821e1564434"",""environment"":""fb6513d0-42a4-4660-82b5-509c54b15f2a"",""service"":""4978aa94-666c-47c7-8024-3ada55195a51"",""deployment"":""509f9a3a-d271-4bd0-bf83-1f64397ab91d"",""replica"":""2c2e70ce-01d6-4d59-bf4a-cf53a5e5b4c2""}",2026-03-31T14:41:50.224215762Z
[WS NATIVE SEND] Sending for akun type: object preview: AADY3QGjHNxuJgxHQo8jScze19h6A9wza8qSzr0G0i5wHf08T0ZTdAZlYWK7NU8nrXg=,info,"{""level"":""info""}","{""project"":""ce3616d9-58ad-4ec7-a294-1821e1564434"",""environment"":""fb6513d0-42a4-4660-82b5-509c54b15f2a"",""service"":""4978aa94-666c-47c7-8024-3ada55195a51"",""deployment"":""509f9a3a-d271-4bd0-bf83-1f64397ab91d"",""replica"":""2c2e70ce-01d6-4d59-bf4a-cf53a5e5b4c2""}",2026-03-31T14:41:50.225781050Z
"pairing configured successfully, expect to restart the connection...",info,"{""time"":1774968110221,""pid"":105,""hostname"":""f773f97efb96"",""me"":{""id"":""6288267047790:33@s.whatsapp.net""},""platform"":""android"",""level"":""info""}","{""project"":""ce3616d9-58ad-4ec7-a294-1821e1564434"",""environment"":""fb6513d0-42a4-4660-82b5-509c54b15f2a"",""service"":""4978aa94-666c-47c7-8024-3ada55195a51"",""deployment"":""509f9a3a-d271-4bd0-bf83-1f64397ab91d"",""replica"":""2c2e70ce-01d6-4d59-bf4a-cf53a5e5b4c2""}",2026-03-31T14:41:50.227187600Z
"  wsState: undefined,",info,"{""level"":""info""}","{""project"":""ce3616d9-58ad-4ec7-a294-1821e1564434"",""environment"":""fb6513d0-42a4-4660-82b5-509c54b15f2a"",""service"":""4978aa94-666c-47c7-8024-3ada55195a51"",""deployment"":""509f9a3a-d271-4bd0-bf83-1f64397ab91d"",""replica"":""2c2e70ce-01d6-4d59-bf4a-cf53a5e5b4c2""}",2026-03-31T14:41:51.297424224Z
stream errored out,info,"{""time"":1774968111246,""pid"":105,""hostname"":""f773f97efb96"",""node"":{""tag"":""stream:error"",""attrs"":{""code"":""515""}},""level"":""info""}","{""project"":""ce3616d9-58ad-4ec7-a294-1821e1564434"",""environment"":""fb6513d0-42a4-4660-82b5-509c54b15f2a"",""service"":""4978aa94-666c-47c7-8024-3ada55195a51"",""deployment"":""509f9a3a-d271-4bd0-bf83-1f64397ab91d"",""replica"":""2c2e70ce-01d6-4d59-bf4a-cf53a5e5b4c2""}",2026-03-31T14:41:51.297471863Z
==========================================,info,"{""level"":""info""}","{""project"":""ce3616d9-58ad-4ec7-a294-1821e1564434"",""environment"":""fb6513d0-42a4-4660-82b5-509c54b15f2a"",""service"":""4978aa94-666c-47c7-8024-3ada55195a51"",""deployment"":""509f9a3a-d271-4bd0-bf83-1f64397ab91d"",""replica"":""2c2e70ce-01d6-4d59-bf4a-cf53a5e5b4c2""}",2026-03-31T14:41:51.297480017Z
"  connection: 'close',",info,"{""level"":""info""}","{""project"":""ce3616d9-58ad-4ec7-a294-1821e1564434"",""environment"":""fb6513d0-42a4-4660-82b5-509c54b15f2a"",""service"":""4978aa94-666c-47c7-8024-3ada55195a51"",""deployment"":""509f9a3a-d271-4bd0-bf83-1f64397ab91d"",""replica"":""2c2e70ce-01d6-4d59-bf4a-cf53a5e5b4c2""}",2026-03-31T14:41:51.297500126Z
"  hasQr: false,",info,"{""level"":""info""}","{""project"":""ce3616d9-58ad-4ec7-a294-1821e1564434"",""environment"":""fb6513d0-42a4-4660-82b5-509c54b15f2a"",""service"":""4978aa94-666c-47c7-8024-3ada55195a51"",""deployment"":""509f9a3a-d271-4bd0-bf83-1f64397ab91d"",""replica"":""2c2e70ce-01d6-4d59-bf4a-cf53a5e5b4c2""}",2026-03-31T14:41:51.297507001Z
"  qrPreview: null,",info,"{""level"":""info""}","{""project"":""ce3616d9-58ad-4ec7-a294-1821e1564434"",""environment"":""fb6513d0-42a4-4660-82b5-509c54b15f2a"",""service"":""4978aa94-666c-47c7-8024-3ada55195a51"",""deployment"":""509f9a3a-d271-4bd0-bf83-1f64397ab91d"",""replica"":""2c2e70ce-01d6-4d59-bf4a-cf53a5e5b4c2""}",2026-03-31T14:41:51.297512918Z
},info,"{""level"":""info""}","{""project"":""ce3616d9-58ad-4ec7-a294-1821e1564434"",""environment"":""fb6513d0-42a4-4660-82b5-509c54b15f2a"",""service"":""4978aa94-666c-47c7-8024-3ada55195a51"",""deployment"":""509f9a3a-d271-4bd0-bf83-1f64397ab91d"",""replica"":""2c2e70ce-01d6-4d59-bf4a-cf53a5e5b4c2""}",2026-03-31T14:41:51.297525309Z
"  error: 'Stream Errored (restart required)',",info,"{""level"":""info""}","{""project"":""ce3616d9-58ad-4ec7-a294-1821e1564434"",""environment"":""fb6513d0-42a4-4660-82b5-509c54b15f2a"",""service"":""4978aa94-666c-47c7-8024-3ada55195a51"",""deployment"":""509f9a3a-d271-4bd0-bf83-1f64397ab91d"",""replica"":""2c2e70ce-01d6-4d59-bf4a-cf53a5e5b4c2""}",2026-03-31T14:41:51.297553524Z
"  wasDuringQRAuth: true,",info,"{""level"":""info""}","{""project"":""ce3616d9-58ad-4ec7-a294-1821e1564434"",""environment"":""fb6513d0-42a4-4660-82b5-509c54b15f2a"",""service"":""4978aa94-666c-47c7-8024-3ada55195a51"",""deployment"":""509f9a3a-d271-4bd0-bf83-1f64397ab91d"",""replica"":""2c2e70ce-01d6-4d59-bf4a-cf53a5e5b4c2""}",2026-03-31T14:41:51.297565671Z
  hadQR: true,info,"{""level"":""info""}","{""project"":""ce3616d9-58ad-4ec7-a294-1821e1564434"",""environment"":""fb6513d0-42a4-4660-82b5-509c54b15f2a"",""service"":""4978aa94-666c-47c7-8024-3ada55195a51"",""deployment"":""509f9a3a-d271-4bd0-bf83-1f64397ab91d"",""replica"":""2c2e70ce-01d6-4d59-bf4a-cf53a5e5b4c2""}",2026-03-31T14:41:51.297571835Z
},info,"{""level"":""info""}","{""project"":""ce3616d9-58ad-4ec7-a294-1821e1564434"",""environment"":""fb6513d0-42a4-4660-82b5-509c54b15f2a"",""service"":""4978aa94-666c-47c7-8024-3ada55195a51"",""deployment"":""509f9a3a-d271-4bd0-bf83-1f64397ab91d"",""replica"":""2c2e70ce-01d6-4d59-bf4a-cf53a5e5b4c2""}",2026-03-31T14:41:51.297577824Z
"[QR AUTH FAILED] This is the ""cannot login, check internet"" error on phone",info,"{""level"":""info""}","{""project"":""ce3616d9-58ad-4ec7-a294-1821e1564434"",""environment"":""fb6513d0-42a4-4660-82b5-509c54b15f2a"",""service"":""4978aa94-666c-47c7-8024-3ada55195a51"",""deployment"":""509f9a3a-d271-4bd0-bf83-1f64397ab91d"",""replica"":""2c2e70ce-01d6-4d59-bf4a-cf53a5e5b4c2""}",2026-03-31T14:41:51.297589884Z
[QR AUTH FAILED] Error details: {,info,"{""level"":""info""}","{""project"":""ce3616d9-58ad-4ec7-a294-1821e1564434"",""environment"":""fb6513d0-42a4-4660-82b5-509c54b15f2a"",""service"":""4978aa94-666c-47c7-8024-3ada55195a51"",""deployment"":""509f9a3a-d271-4bd0-bf83-1f64397ab91d"",""replica"":""2c2e70ce-01d6-4d59-bf4a-cf53a5e5b4c2""}",2026-03-31T14:41:51.297597363Z
"  statusCode: 515,",info,"{""level"":""info""}","{""project"":""ce3616d9-58ad-4ec7-a294-1821e1564434"",""environment"":""fb6513d0-42a4-4660-82b5-509c54b15f2a"",""service"":""4978aa94-666c-47c7-8024-3ada55195a51"",""deployment"":""509f9a3a-d271-4bd0-bf83-1f64397ab91d"",""replica"":""2c2e70ce-01d6-4d59-bf4a-cf53a5e5b4c2""}",2026-03-31T14:41:51.297603394Z
"  errorMessage: 'Stream Errored (restart required)',",info,"{""level"":""info""}","{""project"":""ce3616d9-58ad-4ec7-a294-1821e1564434"",""environment"":""fb6513d0-42a4-4660-82b5-509c54b15f2a"",""service"":""4978aa94-666c-47c7-8024-3ada55195a51"",""deployment"":""509f9a3a-d271-4bd0-bf83-1f64397ab91d"",""replica"":""2c2e70ce-01d6-4d59-bf4a-cf53a5e5b4c2""}",2026-03-31T14:41:51.297610264Z
[CLEANUP] ✅ Removed all event listeners for: akun,info,"{""level"":""info""}","{""project"":""ce3616d9-58ad-4ec7-a294-1821e1564434"",""environment"":""fb6513d0-42a4-4660-82b5-509c54b15f2a"",""service"":""4978aa94-666c-47c7-8024-3ada55195a51"",""deployment"":""509f9a3a-d271-4bd0-bf83-1f64397ab91d"",""replica"":""2c2e70ce-01d6-4d59-bf4a-cf53a5e5b4c2""}",2026-03-31T14:41:51.298655935Z
connection errored,info,"{""time"":1774968111247,""pid"":105,""hostname"":""f773f97efb96"",""trace"":""Error: Stream Errored (restart required)\n    at WebSocketClient.<anonymous> (/app/mini-services/whatsapp-service/node_modules/@whiskeysockets/baileys/src/Socket/socket.ts:648:7)\n    at WebSocketClient.emit (node:events:519:28)\n    at <anonymous> (/app/mini-services/whatsapp-service/node_modules/@whiskeysockets/baileys/src/Socket/socket.ts:327:23)\n    at Object.decodeFrame (/app/mini-services/whatsapp-service/node_modules/@whiskeysockets/baileys/src/Utils/noise-handler.ts:187:5)\n    at process.processTicksAndRejections (node:internal/process/task_queues:103:5)"",""level"":""info""}","{""project"":""ce3616d9-58ad-4ec7-a294-1821e1564434"",""environment"":""fb6513d0-42a4-4660-82b5-509c54b15f2a"",""service"":""4978aa94-666c-47c7-8024-3ada55195a51"",""deployment"":""509f9a3a-d271-4bd0-bf83-1f64397ab91d"",""replica"":""2c2e70ce-01d6-4d59-bf4a-cf53a5e5b4c2""}",2026-03-31T14:41:51.298661202Z
[WS NATIVE MESSAGE] Received for akun binary: true len: 4 preview: iAID8w==,info,"{""level"":""info""}","{""project"":""ce3616d9-58ad-4ec7-a294-1821e1564434"",""environment"":""fb6513d0-42a4-4660-82b5-509c54b15f2a"",""service"":""4978aa94-666c-47c7-8024-3ada55195a51"",""deployment"":""509f9a3a-d271-4bd0-bf83-1f64397ab91d"",""replica"":""2c2e70ce-01d6-4d59-bf4a-cf53a5e5b4c2""}",2026-03-31T14:41:51.398618707Z
[WS NATIVE CLOSE] Native WebSocket closed for akun code: 1006 reason: ,info,"{""level"":""info""}","{""project"":""ce3616d9-58ad-4ec7-a294-1821e1564434"",""environment"":""fb6513d0-42a4-4660-82b5-509c54b15f2a"",""service"":""4978aa94-666c-47c7-8024-3ada55195a51"",""deployment"":""509f9a3a-d271-4bd0-bf83-1f64397ab91d"",""replica"":""2c2e70ce-01d6-4d59-bf4a-cf53a5e5b4c2""}",2026-03-31T14:41:51.398627219Z
2026-03-31 14:41:55 UTC - Services healthy,info,"{""level"":""info""}","{""project"":""ce3616d9-58ad-4ec7-a294-1821e1564434"",""environment"":""fb6513d0-42a4-4660-82b5-509c54b15f2a"",""service"":""4978aa94-666c-47c7-8024-3ada55195a51"",""deployment"":""509f9a3a-d271-4bd0-bf83-1f64397ab91d"",""replica"":""2c2e70ce-01d6-4d59-bf4a-cf53a5e5b4c2""}",2026-03-31T14:41:55.617360988Z
[DB] Synced 1 accounts to database,info,"{""level"":""info""}","{""project"":""ce3616d9-58ad-4ec7-a294-1821e1564434"",""environment"":""fb6513d0-42a4-4660-82b5-509c54b15f2a"",""service"":""4978aa94-666c-47c7-8024-3ada55195a51"",""deployment"":""509f9a3a-d271-4bd0-bf83-1f64397ab91d"",""replica"":""2c2e70ce-01d6-4d59-bf4a-cf53a5e5b4c2""}",2026-03-31T14:42:25.276544609Z
2026-03-31 14:42:25 UTC - Services healthy,info,"{""level"":""info""}","{""project"":""ce3616d9-58ad-4ec7-a294-1821e1564434"",""environment"":""fb6513d0-42a4-4660-82b5-509c54b15f2a"",""service"":""4978aa94-666c-47c7-8024-3ada55195a51"",""deployment"":""509f9a3a-d271-4bd0-bf83-1f64397ab91d"",""replica"":""2c2e70ce-01d6-4d59-bf4a-cf53a5e5b4c2""}",2026-03-31T14:42:25.421376417Z
[DB] Synced 1 accounts to database,info,"{""level"":""info""}","{""project"":""ce3616d9-58ad-4ec7-a294-1821e1564434"",""environment"":""fb6513d0-42a4-4660-82b5-509c54b15f2a"",""service"":""4978aa94-666c-47c7-8024-3ada55195a51"",""deployment"":""509f9a3a-d271-4bd0-bf83-1f64397ab91d"",""replica"":""2c2e70ce-01d6-4d59-bf4a-cf53a5e5b4c2""}",2026-03-31T14:42:55.327493928Z
2026-03-31 14:42:55 UTC - Services healthy,info,"{""level"":""info""}","{""project"":""ce3616d9-58ad-4ec7-a294-1821e1564434"",""environment"":""fb6513d0-42a4-4660-82b5-509c54b15f2a"",""service"":""4978aa94-666c-47c7-8024-3ada55195a51"",""deployment"":""509f9a3a-d271-4bd0-bf83-1f64397ab91d"",""replica"":""2c2e70ce-01d6-4d59-bf4a-cf53a5e5b4c2""}",2026-03-31T14:42:55.406508092Z
[DB] Synced 1 accounts to database,info,"{""level"":""info""}","{""project"":""ce3616d9-58ad-4ec7-a294-1821e1564434"",""environment"":""fb6513d0-42a4-4660-82b5-509c54b15f2a"",""service"":""4978aa94-666c-47c7-8024-3ada55195a51"",""deployment"":""509f9a3a-d271-4bd0-bf83-1f64397ab91d"",""replica"":""2c2e70ce-01d6-4d59-bf4a-cf53a5e5b4c2""}",2026-03-31T14:43:25.670523409Z
2026-03-31 14:43:25 UTC - Services healthy,info,"{""level"":""info""}","{""project"":""ce3616d9-58ad-4ec7-a294-1821e1564434"",""environment"":""fb6513d0-42a4-4660-82b5-509c54b15f2a"",""service"":""4978aa94-666c-47c7-8024-3ada55195a51"",""deployment"":""509f9a3a-d271-4bd0-bf83-1f64397ab91d"",""replica"":""2c2e70ce-01d6-4d59-bf4a-cf53a5e5b4c2""}",2026-03-31T14:43:25.670529983Z
[DB] Synced 1 accounts to database,info,"{""level"":""info""}","{""project"":""ce3616d9-58ad-4ec7-a294-1821e1564434"",""environment"":""fb6513d0-42a4-4660-82b5-509c54b15f2a"",""service"":""4978aa94-666c-47c7-8024-3ada55195a51"",""deployment"":""509f9a3a-d271-4bd0-bf83-1f64397ab91d"",""replica"":""2c2e70ce-01d6-4d59-bf4a-cf53a5e5b4c2""}",2026-03-31T14:43:55.678920372Z
2026-03-31 14:43:55 UTC - Services healthy,info,"{""level"":""info""}","{""project"":""ce3616d9-58ad-4ec7-a294-1821e1564434"",""environment"":""fb6513d0-42a4-4660-82b5-509c54b15f2a"",""service"":""4978aa94-666c-47c7-8024-3ada55195a51"",""deployment"":""509f9a3a-d271-4bd0-bf83-1f64397ab91d"",""replica"":""2c2e70ce-01d6-4d59-bf4a-cf53a5e5b4c2""}",2026-03-31T14:43:55.678928245Z
[DB] Synced 1 accounts to database,info,"{""level"":""info""}","{""project"":""ce3616d9-58ad-4ec7-a294-1821e1564434"",""environment"":""fb6513d0-42a4-4660-82b5-509c54b15f2a"",""service"":""4978aa94-666c-47c7-8024-3ada55195a51"",""deployment"":""509f9a3a-d271-4bd0-bf83-1f64397ab91d"",""replica"":""2c2e70ce-01d6-4d59-bf4a-cf53a5e5b4c2""}",2026-03-31T14:44:25.845455355Z
2026-03-31 14:44:25 UTC - Services healthy,info,"{""level"":""info""}","{""project"":""ce3616d9-58ad-4ec7-a294-1821e1564434"",""environment"":""fb6513d0-42a4-4660-82b5-509c54b15f2a"",""service"":""4978aa94-666c-47c7-8024-3ada55195a51"",""deployment"":""509f9a3a-d271-4bd0-bf83-1f64397ab91d"",""replica"":""2c2e70ce-01d6-4d59-bf4a-cf53a5e5b4c2""}",2026-03-31T14:44:25.845460387Z
[DB] Synced 1 accounts to database,info,"{""level"":""info""}","{""project"":""ce3616d9-58ad-4ec7-a294-1821e1564434"",""environment"":""fb6513d0-42a4-4660-82b5-509c54b15f2a"",""service"":""4978aa94-666c-47c7-8024-3ada55195a51"",""deployment"":""509f9a3a-d271-4bd0-bf83-1f64397ab91d"",""replica"":""2c2e70ce-01d6-4d59-bf4a-cf53a5e5b4c2""}",2026-03-31T14:44:55.845117706Z
2026-03-31 14:44:55 UTC - Services healthy,info,"{""level"":""info""}","{""project"":""ce3616d9-58ad-4ec7-a294-1821e1564434"",""environment"":""fb6513d0-42a4-4660-82b5-509c54b15f2a"",""service"":""4978aa94-666c-47c7-8024-3ada55195a51"",""deployment"":""509f9a3a-d271-4bd0-bf83-1f64397ab91d"",""replica"":""2c2e70ce-01d6-4d59-bf4a-cf53a5e5b4c2""}",2026-03-31T14:44:55.845123163Z
[DB] Synced 1 accounts to database,info,"{""level"":""info""}","{""project"":""ce3616d9-58ad-4ec7-a294-1821e1564434"",""environment"":""fb6513d0-42a4-4660-82b5-509c54b15f2a"",""service"":""4978aa94-666c-47c7-8024-3ada55195a51"",""deployment"":""509f9a3a-d271-4bd0-bf83-1f64397ab91d"",""replica"":""2c2e70ce-01d6-4d59-bf4a-cf53a5e5b4c2""}",2026-03-31T14:45:26.008927889Z
2026-03-31 14:45:25 UTC - Services healthy,info,"{""level"":""info""}","{""project"":""ce3616d9-58ad-4ec7-a294-1821e1564434"",""environment"":""fb6513d0-42a4-4660-82b5-509c54b15f2a"",""service"":""4978aa94-666c-47c7-8024-3ada55195a51"",""deployment"":""509f9a3a-d271-4bd0-bf83-1f64397ab91d"",""replica"":""2c2e70ce-01d6-4d59-bf4a-cf53a5e5b4c2""}",2026-03-31T14:45:26.008934386Z
[DB] Synced 1 accounts to database,info,"{""level"":""info""}","{""project"":""ce3616d9-58ad-4ec7-a294-1821e1564434"",""environment"":""fb6513d0-42a4-4660-82b5-509c54b15f2a"",""service"":""4978aa94-666c-47c7-8024-3ada55195a51"",""deployment"":""509f9a3a-d271-4bd0-bf83-1f64397ab91d"",""replica"":""2c2e70ce-01d6-4d59-bf4a-cf53a5e5b4c2""}",2026-03-31T14:45:56.012708500Z
2026-03-31 14:45:55 UTC - Services healthy,info,"{""level"":""info""}","{""project"":""ce3616d9-58ad-4ec7-a294-1821e1564434"",""environment"":""fb6513d0-42a4-4660-82b5-509c54b15f2a"",""service"":""4978aa94-666c-47c7-8024-3ada55195a51"",""deployment"":""509f9a3a-d271-4bd0-bf83-1f64397ab91d"",""replica"":""2c2e70ce-01d6-4d59-bf4a-cf53a5e5b4c2""}",2026-03-31T14:45:56.012715667Z
[DB] Synced 1 accounts to database,info,"{""level"":""info""}","{""project"":""ce3616d9-58ad-4ec7-a294-1821e1564434"",""environment"":""fb6513d0-42a4-4660-82b5-509c54b15f2a"",""service"":""4978aa94-666c-47c7-8024-3ada55195a51"",""deployment"":""509f9a3a-d271-4bd0-bf83-1f64397ab91d"",""replica"":""2c2e70ce-01d6-4d59-bf4a-cf53a5e5b4c2""}",2026-03-31T14:46:25.795167830Z
2026-03-31 14:46:25 UTC - Services healthy,info,"{""level"":""info""}","{""project"":""ce3616d9-58ad-4ec7-a294-1821e1564434"",""environment"":""fb6513d0-42a4-4660-82b5-509c54b15f2a"",""service"":""4978aa94-666c-47c7-8024-3ada55195a51"",""deployment"":""509f9a3a-d271-4bd0-bf83-1f64397ab91d"",""replica"":""2c2e70ce-01d6-4d59-bf4a-cf53a5e5b4c2""}",2026-03-31T14:46:25.795171715Z