message,severity,attributes,tags,timestamp
Starting Container,info,"{""level"":""info""}","{""project"":""ce3616d9-58ad-4ec7-a294-1821e1564434"",""environment"":""fb6513d0-42a4-4660-82b5-509c54b15f2a"",""service"":""4978aa94-666c-47c7-8024-3ada55195a51"",""deployment"":""be21d214-399e-4cb9-96da-bd665a6ad3ab"",""replica"":""d7704cdc-dd1f-4c56-9805-d3fdc64788da""}",2026-03-28T00:34:45.244987077Z
Running Prisma migrations...,info,"{""level"":""info""}","{""project"":""ce3616d9-58ad-4ec7-a294-1821e1564434"",""environment"":""fb6513d0-42a4-4660-82b5-509c54b15f2a"",""service"":""4978aa94-666c-47c7-8024-3ada55195a51"",""deployment"":""be21d214-399e-4cb9-96da-bd665a6ad3ab"",""replica"":""d7704cdc-dd1f-4c56-9805-d3fdc64788da""}",2026-03-28T00:34:45.782181763Z
==========================================,info,"{""level"":""info""}","{""project"":""ce3616d9-58ad-4ec7-a294-1821e1564434"",""environment"":""fb6513d0-42a4-4660-82b5-509c54b15f2a"",""service"":""4978aa94-666c-47c7-8024-3ada55195a51"",""deployment"":""be21d214-399e-4cb9-96da-bd665a6ad3ab"",""replica"":""d7704cdc-dd1f-4c56-9805-d3fdc64788da""}",2026-03-28T00:34:45.782207211Z
Starting WhatsApp Warmer Service,info,"{""level"":""info""}","{""project"":""ce3616d9-58ad-4ec7-a294-1821e1564434"",""environment"":""fb6513d0-42a4-4660-82b5-509c54b15f2a"",""service"":""4978aa94-666c-47c7-8024-3ada55195a51"",""deployment"":""be21d214-399e-4cb9-96da-bd665a6ad3ab"",""replica"":""d7704cdc-dd1f-4c56-9805-d3fdc64788da""}",2026-03-28T00:34:45.782212153Z
==========================================,info,"{""level"":""info""}","{""project"":""ce3616d9-58ad-4ec7-a294-1821e1564434"",""environment"":""fb6513d0-42a4-4660-82b5-509c54b15f2a"",""service"":""4978aa94-666c-47c7-8024-3ada55195a51"",""deployment"":""be21d214-399e-4cb9-96da-bd665a6ad3ab"",""replica"":""d7704cdc-dd1f-4c56-9805-d3fdc64788da""}",2026-03-28T00:34:45.782216918Z
Prisma schema loaded from prisma/schema.prisma,info,"{""level"":""info""}","{""project"":""ce3616d9-58ad-4ec7-a294-1821e1564434"",""environment"":""fb6513d0-42a4-4660-82b5-509c54b15f2a"",""service"":""4978aa94-666c-47c7-8024-3ada55195a51"",""deployment"":""be21d214-399e-4cb9-96da-bd665a6ad3ab"",""replica"":""d7704cdc-dd1f-4c56-9805-d3fdc64788da""}",2026-03-28T00:34:46.896558152Z
"Datasource ""db"": SQLite database ""whatsapp.db"" at ""file:/app/data/whatsapp.db""",info,"{""level"":""info""}","{""project"":""ce3616d9-58ad-4ec7-a294-1821e1564434"",""environment"":""fb6513d0-42a4-4660-82b5-509c54b15f2a"",""service"":""4978aa94-666c-47c7-8024-3ada55195a51"",""deployment"":""be21d214-399e-4cb9-96da-bd665a6ad3ab"",""replica"":""d7704cdc-dd1f-4c56-9805-d3fdc64788da""}",2026-03-28T00:34:46.897190399Z
,info,"{""level"":""info""}","{""project"":""ce3616d9-58ad-4ec7-a294-1821e1564434"",""environment"":""fb6513d0-42a4-4660-82b5-509c54b15f2a"",""service"":""4978aa94-666c-47c7-8024-3ada55195a51"",""deployment"":""be21d214-399e-4cb9-96da-bd665a6ad3ab"",""replica"":""d7704cdc-dd1f-4c56-9805-d3fdc64788da""}",2026-03-28T00:34:46.897199345Z
SQLite database whatsapp.db created at file:/app/data/whatsapp.db,info,"{""level"":""info""}","{""project"":""ce3616d9-58ad-4ec7-a294-1821e1564434"",""environment"":""fb6513d0-42a4-4660-82b5-509c54b15f2a"",""service"":""4978aa94-666c-47c7-8024-3ada55195a51"",""deployment"":""be21d214-399e-4cb9-96da-bd665a6ad3ab"",""replica"":""d7704cdc-dd1f-4c56-9805-d3fdc64788da""}",2026-03-28T00:34:46.897206465Z
,info,"{""level"":""info""}","{""project"":""ce3616d9-58ad-4ec7-a294-1821e1564434"",""environment"":""fb6513d0-42a4-4660-82b5-509c54b15f2a"",""service"":""4978aa94-666c-47c7-8024-3ada55195a51"",""deployment"":""be21d214-399e-4cb9-96da-bd665a6ad3ab"",""replica"":""d7704cdc-dd1f-4c56-9805-d3fdc64788da""}",2026-03-28T00:34:46.897217737Z
🚀  Your database is now in sync with your Prisma schema. Done in 149ms,info,"{""level"":""info""}","{""project"":""ce3616d9-58ad-4ec7-a294-1821e1564434"",""environment"":""fb6513d0-42a4-4660-82b5-509c54b15f2a"",""service"":""4978aa94-666c-47c7-8024-3ada55195a51"",""deployment"":""be21d214-399e-4cb9-96da-bd665a6ad3ab"",""replica"":""d7704cdc-dd1f-4c56-9805-d3fdc64788da""}",2026-03-28T00:34:46.897224990Z
┌─────────────────────────────────────────────────────────┐,error,"{""level"":""error""}","{""project"":""ce3616d9-58ad-4ec7-a294-1821e1564434"",""environment"":""fb6513d0-42a4-4660-82b5-509c54b15f2a"",""service"":""4978aa94-666c-47c7-8024-3ada55195a51"",""deployment"":""be21d214-399e-4cb9-96da-bd665a6ad3ab"",""replica"":""d7704cdc-dd1f-4c56-9805-d3fdc64788da""}",2026-03-28T00:34:46.897232202Z
│  Update available 6.19.2 -> 7.6.0                       │,error,"{""level"":""error""}","{""project"":""ce3616d9-58ad-4ec7-a294-1821e1564434"",""environment"":""fb6513d0-42a4-4660-82b5-509c54b15f2a"",""service"":""4978aa94-666c-47c7-8024-3ada55195a51"",""deployment"":""be21d214-399e-4cb9-96da-bd665a6ad3ab"",""replica"":""d7704cdc-dd1f-4c56-9805-d3fdc64788da""}",2026-03-28T00:34:46.897243998Z
│                                                         │,error,"{""level"":""error""}","{""project"":""ce3616d9-58ad-4ec7-a294-1821e1564434"",""environment"":""fb6513d0-42a4-4660-82b5-509c54b15f2a"",""service"":""4978aa94-666c-47c7-8024-3ada55195a51"",""deployment"":""be21d214-399e-4cb9-96da-bd665a6ad3ab"",""replica"":""d7704cdc-dd1f-4c56-9805-d3fdc64788da""}",2026-03-28T00:34:46.897250274Z
│  This is a major update - please follow the guide at    │,error,"{""level"":""error""}","{""project"":""ce3616d9-58ad-4ec7-a294-1821e1564434"",""environment"":""fb6513d0-42a4-4660-82b5-509c54b15f2a"",""service"":""4978aa94-666c-47c7-8024-3ada55195a51"",""deployment"":""be21d214-399e-4cb9-96da-bd665a6ad3ab"",""replica"":""d7704cdc-dd1f-4c56-9805-d3fdc64788da""}",2026-03-28T00:34:46.897256639Z
│  https://pris.ly/d/major-version-upgrade                │,error,"{""level"":""error""}","{""project"":""ce3616d9-58ad-4ec7-a294-1821e1564434"",""environment"":""fb6513d0-42a4-4660-82b5-509c54b15f2a"",""service"":""4978aa94-666c-47c7-8024-3ada55195a51"",""deployment"":""be21d214-399e-4cb9-96da-bd665a6ad3ab"",""replica"":""d7704cdc-dd1f-4c56-9805-d3fdc64788da""}",2026-03-28T00:34:46.897267406Z
│                                                         │,error,"{""level"":""error""}","{""project"":""ce3616d9-58ad-4ec7-a294-1821e1564434"",""environment"":""fb6513d0-42a4-4660-82b5-509c54b15f2a"",""service"":""4978aa94-666c-47c7-8024-3ada55195a51"",""deployment"":""be21d214-399e-4cb9-96da-bd665a6ad3ab"",""replica"":""d7704cdc-dd1f-4c56-9805-d3fdc64788da""}",2026-03-28T00:34:46.897274150Z
│  Run the following to update                            │,error,"{""level"":""error""}","{""project"":""ce3616d9-58ad-4ec7-a294-1821e1564434"",""environment"":""fb6513d0-42a4-4660-82b5-509c54b15f2a"",""service"":""4978aa94-666c-47c7-8024-3ada55195a51"",""deployment"":""be21d214-399e-4cb9-96da-bd665a6ad3ab"",""replica"":""d7704cdc-dd1f-4c56-9805-d3fdc64788da""}",2026-03-28T00:34:46.897282306Z
│    npm i --save-dev prisma@latest                       │,error,"{""level"":""error""}","{""project"":""ce3616d9-58ad-4ec7-a294-1821e1564434"",""environment"":""fb6513d0-42a4-4660-82b5-509c54b15f2a"",""service"":""4978aa94-666c-47c7-8024-3ada55195a51"",""deployment"":""be21d214-399e-4cb9-96da-bd665a6ad3ab"",""replica"":""d7704cdc-dd1f-4c56-9805-d3fdc64788da""}",2026-03-28T00:34:46.897288306Z
│    npm i @prisma/client@latest                          │,error,"{""level"":""error""}","{""project"":""ce3616d9-58ad-4ec7-a294-1821e1564434"",""environment"":""fb6513d0-42a4-4660-82b5-509c54b15f2a"",""service"":""4978aa94-666c-47c7-8024-3ada55195a51"",""deployment"":""be21d214-399e-4cb9-96da-bd665a6ad3ab"",""replica"":""d7704cdc-dd1f-4c56-9805-d3fdc64788da""}",2026-03-28T00:34:46.897294094Z
└─────────────────────────────────────────────────────────┘,error,"{""level"":""error""}","{""project"":""ce3616d9-58ad-4ec7-a294-1821e1564434"",""environment"":""fb6513d0-42a4-4660-82b5-509c54b15f2a"",""service"":""4978aa94-666c-47c7-8024-3ada55195a51"",""deployment"":""be21d214-399e-4cb9-96da-bd665a6ad3ab"",""replica"":""d7704cdc-dd1f-4c56-9805-d3fdc64788da""}",2026-03-28T00:34:46.897300007Z
,info,"{""level"":""info""}","{""project"":""ce3616d9-58ad-4ec7-a294-1821e1564434"",""environment"":""fb6513d0-42a4-4660-82b5-509c54b15f2a"",""service"":""4978aa94-666c-47c7-8024-3ada55195a51"",""deployment"":""be21d214-399e-4cb9-96da-bd665a6ad3ab"",""replica"":""d7704cdc-dd1f-4c56-9805-d3fdc64788da""}",2026-03-28T00:34:46.897309449Z
Setting up Prisma symlinks...,info,"{""level"":""info""}","{""project"":""ce3616d9-58ad-4ec7-a294-1821e1564434"",""environment"":""fb6513d0-42a4-4660-82b5-509c54b15f2a"",""service"":""4978aa94-666c-47c7-8024-3ada55195a51"",""deployment"":""be21d214-399e-4cb9-96da-bd665a6ad3ab"",""replica"":""d7704cdc-dd1f-4c56-9805-d3fdc64788da""}",2026-03-28T00:34:46.897316619Z
Starting Next.js server...,info,"{""level"":""info""}","{""project"":""ce3616d9-58ad-4ec7-a294-1821e1564434"",""environment"":""fb6513d0-42a4-4660-82b5-509c54b15f2a"",""service"":""4978aa94-666c-47c7-8024-3ada55195a51"",""deployment"":""be21d214-399e-4cb9-96da-bd665a6ad3ab"",""replica"":""d7704cdc-dd1f-4c56-9805-d3fdc64788da""}",2026-03-28T00:34:46.897323034Z
▲ Next.js 16.1.6,info,"{""level"":""info""}","{""project"":""ce3616d9-58ad-4ec7-a294-1821e1564434"",""environment"":""fb6513d0-42a4-4660-82b5-509c54b15f2a"",""service"":""4978aa94-666c-47c7-8024-3ada55195a51"",""deployment"":""be21d214-399e-4cb9-96da-bd665a6ad3ab"",""replica"":""d7704cdc-dd1f-4c56-9805-d3fdc64788da""}",2026-03-28T00:34:47.165371270Z
- Local:         http://localhost:3000,info,"{""level"":""info""}","{""project"":""ce3616d9-58ad-4ec7-a294-1821e1564434"",""environment"":""fb6513d0-42a4-4660-82b5-509c54b15f2a"",""service"":""4978aa94-666c-47c7-8024-3ada55195a51"",""deployment"":""be21d214-399e-4cb9-96da-bd665a6ad3ab"",""replica"":""d7704cdc-dd1f-4c56-9805-d3fdc64788da""}",2026-03-28T00:34:47.165377960Z
- Network:       http://0.0.0.0:3000,info,"{""level"":""info""}","{""project"":""ce3616d9-58ad-4ec7-a294-1821e1564434"",""environment"":""fb6513d0-42a4-4660-82b5-509c54b15f2a"",""service"":""4978aa94-666c-47c7-8024-3ada55195a51"",""deployment"":""be21d214-399e-4cb9-96da-bd665a6ad3ab"",""replica"":""d7704cdc-dd1f-4c56-9805-d3fdc64788da""}",2026-03-28T00:34:47.165384977Z
,info,"{""level"":""info""}","{""project"":""ce3616d9-58ad-4ec7-a294-1821e1564434"",""environment"":""fb6513d0-42a4-4660-82b5-509c54b15f2a"",""service"":""4978aa94-666c-47c7-8024-3ada55195a51"",""deployment"":""be21d214-399e-4cb9-96da-bd665a6ad3ab"",""replica"":""d7704cdc-dd1f-4c56-9805-d3fdc64788da""}",2026-03-28T00:34:47.165392635Z
✓ Starting...,info,"{""level"":""info""}","{""project"":""ce3616d9-58ad-4ec7-a294-1821e1564434"",""environment"":""fb6513d0-42a4-4660-82b5-509c54b15f2a"",""service"":""4978aa94-666c-47c7-8024-3ada55195a51"",""deployment"":""be21d214-399e-4cb9-96da-bd665a6ad3ab"",""replica"":""d7704cdc-dd1f-4c56-9805-d3fdc64788da""}",2026-03-28T00:34:47.165399939Z
✓ Ready in 143ms,info,"{""level"":""info""}","{""project"":""ce3616d9-58ad-4ec7-a294-1821e1564434"",""environment"":""fb6513d0-42a4-4660-82b5-509c54b15f2a"",""service"":""4978aa94-666c-47c7-8024-3ada55195a51"",""deployment"":""be21d214-399e-4cb9-96da-bd665a6ad3ab"",""replica"":""d7704cdc-dd1f-4c56-9805-d3fdc64788da""}",2026-03-28T00:34:47.947769660Z
Starting WhatsApp service with Node.js...,info,"{""level"":""info""}","{""project"":""ce3616d9-58ad-4ec7-a294-1821e1564434"",""environment"":""fb6513d0-42a4-4660-82b5-509c54b15f2a"",""service"":""4978aa94-666c-47c7-8024-3ada55195a51"",""deployment"":""be21d214-399e-4cb9-96da-bd665a6ad3ab"",""replica"":""d7704cdc-dd1f-4c56-9805-d3fdc64788da""}",2026-03-28T00:34:49.801306570Z
==========================================,info,"{""level"":""info""}","{""project"":""ce3616d9-58ad-4ec7-a294-1821e1564434"",""environment"":""fb6513d0-42a4-4660-82b5-509c54b15f2a"",""service"":""4978aa94-666c-47c7-8024-3ada55195a51"",""deployment"":""be21d214-399e-4cb9-96da-bd665a6ad3ab"",""replica"":""d7704cdc-dd1f-4c56-9805-d3fdc64788da""}",2026-03-28T00:34:51.887215759Z
All services started successfully!,info,"{""level"":""info""}","{""project"":""ce3616d9-58ad-4ec7-a294-1821e1564434"",""environment"":""fb6513d0-42a4-4660-82b5-509c54b15f2a"",""service"":""4978aa94-666c-47c7-8024-3ada55195a51"",""deployment"":""be21d214-399e-4cb9-96da-bd665a6ad3ab"",""replica"":""d7704cdc-dd1f-4c56-9805-d3fdc64788da""}",2026-03-28T00:34:51.887221663Z
- Next.js (Bun): http://localhost:3000,info,"{""level"":""info""}","{""project"":""ce3616d9-58ad-4ec7-a294-1821e1564434"",""environment"":""fb6513d0-42a4-4660-82b5-509c54b15f2a"",""service"":""4978aa94-666c-47c7-8024-3ada55195a51"",""deployment"":""be21d214-399e-4cb9-96da-bd665a6ad3ab"",""replica"":""d7704cdc-dd1f-4c56-9805-d3fdc64788da""}",2026-03-28T00:34:51.887228413Z
- WhatsApp Service (Node.js): http://localhost:3030,info,"{""level"":""info""}","{""project"":""ce3616d9-58ad-4ec7-a294-1821e1564434"",""environment"":""fb6513d0-42a4-4660-82b5-509c54b15f2a"",""service"":""4978aa94-666c-47c7-8024-3ada55195a51"",""deployment"":""be21d214-399e-4cb9-96da-bd665a6ad3ab"",""replica"":""d7704cdc-dd1f-4c56-9805-d3fdc64788da""}",2026-03-28T00:34:51.887234061Z
==========================================,info,"{""level"":""info""}","{""project"":""ce3616d9-58ad-4ec7-a294-1821e1564434"",""environment"":""fb6513d0-42a4-4660-82b5-509c54b15f2a"",""service"":""4978aa94-666c-47c7-8024-3ada55195a51"",""deployment"":""be21d214-399e-4cb9-96da-bd665a6ad3ab"",""replica"":""d7704cdc-dd1f-4c56-9805-d3fdc64788da""}",2026-03-28T00:34:51.887240571Z
==========================================,info,"{""level"":""info""}","{""project"":""ce3616d9-58ad-4ec7-a294-1821e1564434"",""environment"":""fb6513d0-42a4-4660-82b5-509c54b15f2a"",""service"":""4978aa94-666c-47c7-8024-3ada55195a51"",""deployment"":""be21d214-399e-4cb9-96da-bd665a6ad3ab"",""replica"":""d7704cdc-dd1f-4c56-9805-d3fdc64788da""}",2026-03-28T00:34:52.876720798Z
✅ Groq instance initialized with API key,info,"{""level"":""info""}","{""project"":""ce3616d9-58ad-4ec7-a294-1821e1564434"",""environment"":""fb6513d0-42a4-4660-82b5-509c54b15f2a"",""service"":""4978aa94-666c-47c7-8024-3ada55195a51"",""deployment"":""be21d214-399e-4cb9-96da-bd665a6ad3ab"",""replica"":""d7704cdc-dd1f-4c56-9805-d3fdc64788da""}",2026-03-28T00:34:52.876729901Z
🔥 WhatsApp Warmer Service running on port 3030,info,"{""level"":""info""}","{""project"":""ce3616d9-58ad-4ec7-a294-1821e1564434"",""environment"":""fb6513d0-42a4-4660-82b5-509c54b15f2a"",""service"":""4978aa94-666c-47c7-8024-3ada55195a51"",""deployment"":""be21d214-399e-4cb9-96da-bd665a6ad3ab"",""replica"":""d7704cdc-dd1f-4c56-9805-d3fdc64788da""}",2026-03-28T00:34:52.876742090Z
📊 Health check: http://localhost:3030/health,info,"{""level"":""info""}","{""project"":""ce3616d9-58ad-4ec7-a294-1821e1564434"",""environment"":""fb6513d0-42a4-4660-82b5-509c54b15f2a"",""service"":""4978aa94-666c-47c7-8024-3ada55195a51"",""deployment"":""be21d214-399e-4cb9-96da-bd665a6ad3ab"",""replica"":""d7704cdc-dd1f-4c56-9805-d3fdc64788da""}",2026-03-28T00:34:52.876748780Z
🔑 Groq API: Configured,info,"{""level"":""info""}","{""project"":""ce3616d9-58ad-4ec7-a294-1821e1564434"",""environment"":""fb6513d0-42a4-4660-82b5-509c54b15f2a"",""service"":""4978aa94-666c-47c7-8024-3ada55195a51"",""deployment"":""be21d214-399e-4cb9-96da-bd665a6ad3ab"",""replica"":""d7704cdc-dd1f-4c56-9805-d3fdc64788da""}",2026-03-28T00:34:52.876756328Z
==========================================,info,"{""level"":""info""}","{""project"":""ce3616d9-58ad-4ec7-a294-1821e1564434"",""environment"":""fb6513d0-42a4-4660-82b5-509c54b15f2a"",""service"":""4978aa94-666c-47c7-8024-3ada55195a51"",""deployment"":""be21d214-399e-4cb9-96da-bd665a6ad3ab"",""replica"":""d7704cdc-dd1f-4c56-9805-d3fdc64788da""}",2026-03-28T00:34:52.876761932Z
✅ Generated 5 personalities via Groq. Pool size: 5/50,info,"{""level"":""info""}","{""project"":""ce3616d9-58ad-4ec7-a294-1821e1564434"",""environment"":""fb6513d0-42a4-4660-82b5-509c54b15f2a"",""service"":""4978aa94-666c-47c7-8024-3ada55195a51"",""deployment"":""be21d214-399e-4cb9-96da-bd665a6ad3ab"",""replica"":""d7704cdc-dd1f-4c56-9805-d3fdc64788da""}",2026-03-28T00:34:53.741352043Z
[DB] Synced 0 accounts to database,info,"{""level"":""info""}","{""project"":""ce3616d9-58ad-4ec7-a294-1821e1564434"",""environment"":""fb6513d0-42a4-4660-82b5-509c54b15f2a"",""service"":""4978aa94-666c-47c7-8024-3ada55195a51"",""deployment"":""be21d214-399e-4cb9-96da-bd665a6ad3ab"",""replica"":""d7704cdc-dd1f-4c56-9805-d3fdc64788da""}",2026-03-28T00:35:23.287657615Z
[DB] Synced 0 accounts to database,info,"{""level"":""info""}","{""project"":""ce3616d9-58ad-4ec7-a294-1821e1564434"",""environment"":""fb6513d0-42a4-4660-82b5-509c54b15f2a"",""service"":""4978aa94-666c-47c7-8024-3ada55195a51"",""deployment"":""be21d214-399e-4cb9-96da-bd665a6ad3ab"",""replica"":""d7704cdc-dd1f-4c56-9805-d3fdc64788da""}",2026-03-28T00:35:52.738032337Z
"[WA API] POST to: http://localhost:3030/session/start? Body: {""accountId"":""akun1"",""usePairingCode"":false}",info,"{""level"":""info""}","{""project"":""ce3616d9-58ad-4ec7-a294-1821e1564434"",""environment"":""fb6513d0-42a4-4660-82b5-509c54b15f2a"",""service"":""4978aa94-666c-47c7-8024-3ada55195a51"",""deployment"":""be21d214-399e-4cb9-96da-bd665a6ad3ab"",""replica"":""d7704cdc-dd1f-4c56-9805-d3fdc64788da""}",2026-03-28T00:36:12.733220076Z
},info,"{""level"":""info""}","{""project"":""ce3616d9-58ad-4ec7-a294-1821e1564434"",""environment"":""fb6513d0-42a4-4660-82b5-509c54b15f2a"",""service"":""4978aa94-666c-47c7-8024-3ada55195a51"",""deployment"":""be21d214-399e-4cb9-96da-bd665a6ad3ab"",""replica"":""d7704cdc-dd1f-4c56-9805-d3fdc64788da""}",2026-03-28T00:36:12.751271667Z
[START SESSION] Current accounts: [],info,"{""level"":""info""}","{""project"":""ce3616d9-58ad-4ec7-a294-1821e1564434"",""environment"":""fb6513d0-42a4-4660-82b5-509c54b15f2a"",""service"":""4978aa94-666c-47c7-8024-3ada55195a51"",""deployment"":""be21d214-399e-4cb9-96da-bd665a6ad3ab"",""replica"":""d7704cdc-dd1f-4c56-9805-d3fdc64788da""}",2026-03-28T00:36:12.751300022Z
==========================================,info,"{""level"":""info""}","{""project"":""ce3616d9-58ad-4ec7-a294-1821e1564434"",""environment"":""fb6513d0-42a4-4660-82b5-509c54b15f2a"",""service"":""4978aa94-666c-47c7-8024-3ada55195a51"",""deployment"":""be21d214-399e-4cb9-96da-bd665a6ad3ab"",""replica"":""d7704cdc-dd1f-4c56-9805-d3fdc64788da""}",2026-03-28T00:36:12.751309968Z
==========================================,info,"{""level"":""info""}","{""project"":""ce3616d9-58ad-4ec7-a294-1821e1564434"",""environment"":""fb6513d0-42a4-4660-82b5-509c54b15f2a"",""service"":""4978aa94-666c-47c7-8024-3ada55195a51"",""deployment"":""be21d214-399e-4cb9-96da-bd665a6ad3ab"",""replica"":""d7704cdc-dd1f-4c56-9805-d3fdc64788da""}",2026-03-28T00:36:12.751357964Z
[SESSION/START] Request received: {,info,"{""level"":""info""}","{""project"":""ce3616d9-58ad-4ec7-a294-1821e1564434"",""environment"":""fb6513d0-42a4-4660-82b5-509c54b15f2a"",""service"":""4978aa94-666c-47c7-8024-3ada55195a51"",""deployment"":""be21d214-399e-4cb9-96da-bd665a6ad3ab"",""replica"":""d7704cdc-dd1f-4c56-9805-d3fdc64788da""}",2026-03-28T00:36:12.751368266Z
"  accountId: 'akun1',",info,"{""level"":""info""}","{""project"":""ce3616d9-58ad-4ec7-a294-1821e1564434"",""environment"":""fb6513d0-42a4-4660-82b5-509c54b15f2a"",""service"":""4978aa94-666c-47c7-8024-3ada55195a51"",""deployment"":""be21d214-399e-4cb9-96da-bd665a6ad3ab"",""replica"":""d7704cdc-dd1f-4c56-9805-d3fdc64788da""}",2026-03-28T00:36:12.751377617Z
"  usePairingCode: false,",info,"{""level"":""info""}","{""project"":""ce3616d9-58ad-4ec7-a294-1821e1564434"",""environment"":""fb6513d0-42a4-4660-82b5-509c54b15f2a"",""service"":""4978aa94-666c-47c7-8024-3ada55195a51"",""deployment"":""be21d214-399e-4cb9-96da-bd665a6ad3ab"",""replica"":""d7704cdc-dd1f-4c56-9805-d3fdc64788da""}",2026-03-28T00:36:12.751384351Z
"  phoneNumber: undefined,",info,"{""level"":""info""}","{""project"":""ce3616d9-58ad-4ec7-a294-1821e1564434"",""environment"":""fb6513d0-42a4-4660-82b5-509c54b15f2a"",""service"":""4978aa94-666c-47c7-8024-3ada55195a51"",""deployment"":""be21d214-399e-4cb9-96da-bd665a6ad3ab"",""replica"":""d7704cdc-dd1f-4c56-9805-d3fdc64788da""}",2026-03-28T00:36:12.751390494Z
  forceNew: undefined,info,"{""level"":""info""}","{""project"":""ce3616d9-58ad-4ec7-a294-1821e1564434"",""environment"":""fb6513d0-42a4-4660-82b5-509c54b15f2a"",""service"":""4978aa94-666c-47c7-8024-3ada55195a51"",""deployment"":""be21d214-399e-4cb9-96da-bd665a6ad3ab"",""replica"":""d7704cdc-dd1f-4c56-9805-d3fdc64788da""}",2026-03-28T00:36:12.751396845Z
},info,"{""level"":""info""}","{""project"":""ce3616d9-58ad-4ec7-a294-1821e1564434"",""environment"":""fb6513d0-42a4-4660-82b5-509c54b15f2a"",""service"":""4978aa94-666c-47c7-8024-3ada55195a51"",""deployment"":""be21d214-399e-4cb9-96da-bd665a6ad3ab"",""replica"":""d7704cdc-dd1f-4c56-9805-d3fdc64788da""}",2026-03-28T00:36:12.751403417Z
==========================================,info,"{""level"":""info""}","{""project"":""ce3616d9-58ad-4ec7-a294-1821e1564434"",""environment"":""fb6513d0-42a4-4660-82b5-509c54b15f2a"",""service"":""4978aa94-666c-47c7-8024-3ada55195a51"",""deployment"":""be21d214-399e-4cb9-96da-bd665a6ad3ab"",""replica"":""d7704cdc-dd1f-4c56-9805-d3fdc64788da""}",2026-03-28T00:36:12.751418156Z
[SESSION/START] Starting session for: akun1 forceNew: false,info,"{""level"":""info""}","{""project"":""ce3616d9-58ad-4ec7-a294-1821e1564434"",""environment"":""fb6513d0-42a4-4660-82b5-509c54b15f2a"",""service"":""4978aa94-666c-47c7-8024-3ada55195a51"",""deployment"":""be21d214-399e-4cb9-96da-bd665a6ad3ab"",""replica"":""d7704cdc-dd1f-4c56-9805-d3fdc64788da""}",2026-03-28T00:36:12.751424893Z
==========================================,info,"{""level"":""info""}","{""project"":""ce3616d9-58ad-4ec7-a294-1821e1564434"",""environment"":""fb6513d0-42a4-4660-82b5-509c54b15f2a"",""service"":""4978aa94-666c-47c7-8024-3ada55195a51"",""deployment"":""be21d214-399e-4cb9-96da-bd665a6ad3ab"",""replica"":""d7704cdc-dd1f-4c56-9805-d3fdc64788da""}",2026-03-28T00:36:12.751430580Z
[START SESSION] Called with: {,info,"{""level"":""info""}","{""project"":""ce3616d9-58ad-4ec7-a294-1821e1564434"",""environment"":""fb6513d0-42a4-4660-82b5-509c54b15f2a"",""service"":""4978aa94-666c-47c7-8024-3ada55195a51"",""deployment"":""be21d214-399e-4cb9-96da-bd665a6ad3ab"",""replica"":""d7704cdc-dd1f-4c56-9805-d3fdc64788da""}",2026-03-28T00:36:12.751436591Z
"  accountId: 'akun1',",info,"{""level"":""info""}","{""project"":""ce3616d9-58ad-4ec7-a294-1821e1564434"",""environment"":""fb6513d0-42a4-4660-82b5-509c54b15f2a"",""service"":""4978aa94-666c-47c7-8024-3ada55195a51"",""deployment"":""be21d214-399e-4cb9-96da-bd665a6ad3ab"",""replica"":""d7704cdc-dd1f-4c56-9805-d3fdc64788da""}",2026-03-28T00:36:12.751442652Z
"  usePairingCode: false,",info,"{""level"":""info""}","{""project"":""ce3616d9-58ad-4ec7-a294-1821e1564434"",""environment"":""fb6513d0-42a4-4660-82b5-509c54b15f2a"",""service"":""4978aa94-666c-47c7-8024-3ada55195a51"",""deployment"":""be21d214-399e-4cb9-96da-bd665a6ad3ab"",""replica"":""d7704cdc-dd1f-4c56-9805-d3fdc64788da""}",2026-03-28T00:36:12.751454067Z
"  phoneNumber: undefined,",info,"{""level"":""info""}","{""project"":""ce3616d9-58ad-4ec7-a294-1821e1564434"",""environment"":""fb6513d0-42a4-4660-82b5-509c54b15f2a"",""service"":""4978aa94-666c-47c7-8024-3ada55195a51"",""deployment"":""be21d214-399e-4cb9-96da-bd665a6ad3ab"",""replica"":""d7704cdc-dd1f-4c56-9805-d3fdc64788da""}",2026-03-28T00:36:12.751461530Z
  forceNew: false,info,"{""level"":""info""}","{""project"":""ce3616d9-58ad-4ec7-a294-1821e1564434"",""environment"":""fb6513d0-42a4-4660-82b5-509c54b15f2a"",""service"":""4978aa94-666c-47c7-8024-3ada55195a51"",""deployment"":""be21d214-399e-4cb9-96da-bd665a6ad3ab"",""replica"":""d7704cdc-dd1f-4c56-9805-d3fdc64788da""}",2026-03-28T00:36:12.751468455Z
[START SESSION] Session directory created: /app/mini-services/whatsapp-service/sessions/akun1,info,"{""level"":""info""}","{""project"":""ce3616d9-58ad-4ec7-a294-1821e1564434"",""environment"":""fb6513d0-42a4-4660-82b5-509c54b15f2a"",""service"":""4978aa94-666c-47c7-8024-3ada55195a51"",""deployment"":""be21d214-399e-4cb9-96da-bd665a6ad3ab"",""replica"":""d7704cdc-dd1f-4c56-9805-d3fdc64788da""}",2026-03-28T00:36:12.760191800Z
[START SESSION] Loading auth state...,info,"{""level"":""info""}","{""project"":""ce3616d9-58ad-4ec7-a294-1821e1564434"",""environment"":""fb6513d0-42a4-4660-82b5-509c54b15f2a"",""service"":""4978aa94-666c-47c7-8024-3ada55195a51"",""deployment"":""be21d214-399e-4cb9-96da-bd665a6ad3ab"",""replica"":""d7704cdc-dd1f-4c56-9805-d3fdc64788da""}",2026-03-28T00:36:12.760199135Z
[CLEAR SESSION] Attempting to clear session for: akun1,info,"{""level"":""info""}","{""project"":""ce3616d9-58ad-4ec7-a294-1821e1564434"",""environment"":""fb6513d0-42a4-4660-82b5-509c54b15f2a"",""service"":""4978aa94-666c-47c7-8024-3ada55195a51"",""deployment"":""be21d214-399e-4cb9-96da-bd665a6ad3ab"",""replica"":""d7704cdc-dd1f-4c56-9805-d3fdc64788da""}",2026-03-28T00:36:12.851533696Z
[START SESSION] Auth state loaded:,info,"{""level"":""info""}","{""project"":""ce3616d9-58ad-4ec7-a294-1821e1564434"",""environment"":""fb6513d0-42a4-4660-82b5-509c54b15f2a"",""service"":""4978aa94-666c-47c7-8024-3ada55195a51"",""deployment"":""be21d214-399e-4cb9-96da-bd665a6ad3ab"",""replica"":""d7704cdc-dd1f-4c56-9805-d3fdc64788da""}",2026-03-28T00:36:12.851539587Z
[CLEAR SESSION] Session path: /app/mini-services/whatsapp-service/sessions/akun1,info,"{""level"":""info""}","{""project"":""ce3616d9-58ad-4ec7-a294-1821e1564434"",""environment"":""fb6513d0-42a4-4660-82b5-509c54b15f2a"",""service"":""4978aa94-666c-47c7-8024-3ada55195a51"",""deployment"":""be21d214-399e-4cb9-96da-bd665a6ad3ab"",""replica"":""d7704cdc-dd1f-4c56-9805-d3fdc64788da""}",2026-03-28T00:36:12.851544019Z
[START SESSION] - hasCreds: true,info,"{""level"":""info""}","{""project"":""ce3616d9-58ad-4ec7-a294-1821e1564434"",""environment"":""fb6513d0-42a4-4660-82b5-509c54b15f2a"",""service"":""4978aa94-666c-47c7-8024-3ada55195a51"",""deployment"":""be21d214-399e-4cb9-96da-bd665a6ad3ab"",""replica"":""d7704cdc-dd1f-4c56-9805-d3fdc64788da""}",2026-03-28T00:36:12.851551957Z
[CLEAR SESSION] Session directory exists,info,"{""level"":""info""}","{""project"":""ce3616d9-58ad-4ec7-a294-1821e1564434"",""environment"":""fb6513d0-42a4-4660-82b5-509c54b15f2a"",""service"":""4978aa94-666c-47c7-8024-3ada55195a51"",""deployment"":""be21d214-399e-4cb9-96da-bd665a6ad3ab"",""replica"":""d7704cdc-dd1f-4c56-9805-d3fdc64788da""}",2026-03-28T00:36:12.851558887Z
[START SESSION] - creds.me exists: false,info,"{""level"":""info""}","{""project"":""ce3616d9-58ad-4ec7-a294-1821e1564434"",""environment"":""fb6513d0-42a4-4660-82b5-509c54b15f2a"",""service"":""4978aa94-666c-47c7-8024-3ada55195a51"",""deployment"":""be21d214-399e-4cb9-96da-bd665a6ad3ab"",""replica"":""d7704cdc-dd1f-4c56-9805-d3fdc64788da""}",2026-03-28T00:36:12.851561911Z
[START SESSION] - creds.me.id: N/A,info,"{""level"":""info""}","{""project"":""ce3616d9-58ad-4ec7-a294-1821e1564434"",""environment"":""fb6513d0-42a4-4660-82b5-509c54b15f2a"",""service"":""4978aa94-666c-47c7-8024-3ada55195a51"",""deployment"":""be21d214-399e-4cb9-96da-bd665a6ad3ab"",""replica"":""d7704cdc-dd1f-4c56-9805-d3fdc64788da""}",2026-03-28T00:36:12.851568942Z
[CLEAR SESSION] Deleting session directory with rimraf...,info,"{""level"":""info""}","{""project"":""ce3616d9-58ad-4ec7-a294-1821e1564434"",""environment"":""fb6513d0-42a4-4660-82b5-509c54b15f2a"",""service"":""4978aa94-666c-47c7-8024-3ada55195a51"",""deployment"":""be21d214-399e-4cb9-96da-bd665a6ad3ab"",""replica"":""d7704cdc-dd1f-4c56-9805-d3fdc64788da""}",2026-03-28T00:36:12.851569375Z
[START SESSION] - creds.me.name: N/A,info,"{""level"":""info""}","{""project"":""ce3616d9-58ad-4ec7-a294-1821e1564434"",""environment"":""fb6513d0-42a4-4660-82b5-509c54b15f2a"",""service"":""4978aa94-666c-47c7-8024-3ada55195a51"",""deployment"":""be21d214-399e-4cb9-96da-bd665a6ad3ab"",""replica"":""d7704cdc-dd1f-4c56-9805-d3fdc64788da""}",2026-03-28T00:36:12.851577788Z
[START SESSION] - This account will: REGISTER (expect QR),info,"{""level"":""info""}","{""project"":""ce3616d9-58ad-4ec7-a294-1821e1564434"",""environment"":""fb6513d0-42a4-4660-82b5-509c54b15f2a"",""service"":""4978aa94-666c-47c7-8024-3ada55195a51"",""deployment"":""be21d214-399e-4cb9-96da-bd665a6ad3ab"",""replica"":""d7704cdc-dd1f-4c56-9805-d3fdc64788da""}",2026-03-28T00:36:12.851585002Z
[START SESSION] ⚠️ INCOMPLETE SESSION DETECTED! creds exists but no me identity.,info,"{""level"":""info""}","{""project"":""ce3616d9-58ad-4ec7-a294-1821e1564434"",""environment"":""fb6513d0-42a4-4660-82b5-509c54b15f2a"",""service"":""4978aa94-666c-47c7-8024-3ada55195a51"",""deployment"":""be21d214-399e-4cb9-96da-bd665a6ad3ab"",""replica"":""d7704cdc-dd1f-4c56-9805-d3fdc64788da""}",2026-03-28T00:36:12.851590922Z
[START SESSION] This happens when QR was generated but never scanned.,info,"{""level"":""info""}","{""project"":""ce3616d9-58ad-4ec7-a294-1821e1564434"",""environment"":""fb6513d0-42a4-4660-82b5-509c54b15f2a"",""service"":""4978aa94-666c-47c7-8024-3ada55195a51"",""deployment"":""be21d214-399e-4cb9-96da-bd665a6ad3ab"",""replica"":""d7704cdc-dd1f-4c56-9805-d3fdc64788da""}",2026-03-28T00:36:12.851599109Z
[START SESSION] Auto-clearing incomplete session to force fresh QR generation...,info,"{""level"":""info""}","{""project"":""ce3616d9-58ad-4ec7-a294-1821e1564434"",""environment"":""fb6513d0-42a4-4660-82b5-509c54b15f2a"",""service"":""4978aa94-666c-47c7-8024-3ada55195a51"",""deployment"":""be21d214-399e-4cb9-96da-bd665a6ad3ab"",""replica"":""d7704cdc-dd1f-4c56-9805-d3fdc64788da""}",2026-03-28T00:36:12.851603738Z
[CLEAR SESSION] ✅ Session directory successfully deleted,info,"{""level"":""info""}","{""project"":""ce3616d9-58ad-4ec7-a294-1821e1564434"",""environment"":""fb6513d0-42a4-4660-82b5-509c54b15f2a"",""service"":""4978aa94-666c-47c7-8024-3ada55195a51"",""deployment"":""be21d214-399e-4cb9-96da-bd665a6ad3ab"",""replica"":""d7704cdc-dd1f-4c56-9805-d3fdc64788da""}",2026-03-28T00:36:12.856834197Z
"[START SESSION] ✅ Incomplete session cleared, recreating fresh session...",info,"{""level"":""info""}","{""project"":""ce3616d9-58ad-4ec7-a294-1821e1564434"",""environment"":""fb6513d0-42a4-4660-82b5-509c54b15f2a"",""service"":""4978aa94-666c-47c7-8024-3ada55195a51"",""deployment"":""be21d214-399e-4cb9-96da-bd665a6ad3ab"",""replica"":""d7704cdc-dd1f-4c56-9805-d3fdc64788da""}",2026-03-28T00:36:12.856843433Z
[START SESSION] ✅ Fresh auth state loaded,info,"{""level"":""info""}","{""project"":""ce3616d9-58ad-4ec7-a294-1821e1564434"",""environment"":""fb6513d0-42a4-4660-82b5-509c54b15f2a"",""service"":""4978aa94-666c-47c7-8024-3ada55195a51"",""deployment"":""be21d214-399e-4cb9-96da-bd665a6ad3ab"",""replica"":""d7704cdc-dd1f-4c56-9805-d3fdc64788da""}",2026-03-28T00:36:13.973382907Z
[START SESSION] - hasCreds: true,info,"{""level"":""info""}","{""project"":""ce3616d9-58ad-4ec7-a294-1821e1564434"",""environment"":""fb6513d0-42a4-4660-82b5-509c54b15f2a"",""service"":""4978aa94-666c-47c7-8024-3ada55195a51"",""deployment"":""be21d214-399e-4cb9-96da-bd665a6ad3ab"",""replica"":""d7704cdc-dd1f-4c56-9805-d3fdc64788da""}",2026-03-28T00:36:13.973389202Z
[START SESSION] - creds.me exists: false,info,"{""level"":""info""}","{""project"":""ce3616d9-58ad-4ec7-a294-1821e1564434"",""environment"":""fb6513d0-42a4-4660-82b5-509c54b15f2a"",""service"":""4978aa94-666c-47c7-8024-3ada55195a51"",""deployment"":""be21d214-399e-4cb9-96da-bd665a6ad3ab"",""replica"":""d7704cdc-dd1f-4c56-9805-d3fdc64788da""}",2026-03-28T00:36:13.973402921Z
[START SESSION] Fetching Baileys version...,info,"{""level"":""info""}","{""project"":""ce3616d9-58ad-4ec7-a294-1821e1564434"",""environment"":""fb6513d0-42a4-4660-82b5-509c54b15f2a"",""service"":""4978aa94-666c-47c7-8024-3ada55195a51"",""deployment"":""be21d214-399e-4cb9-96da-bd665a6ad3ab"",""replica"":""d7704cdc-dd1f-4c56-9805-d3fdc64788da""}",2026-03-28T00:36:13.973409868Z
"[START SESSION] Baileys version: [ 2, 3000, 1035194821 ]",info,"{""level"":""info""}","{""project"":""ce3616d9-58ad-4ec7-a294-1821e1564434"",""environment"":""fb6513d0-42a4-4660-82b5-509c54b15f2a"",""service"":""4978aa94-666c-47c7-8024-3ada55195a51"",""deployment"":""be21d214-399e-4cb9-96da-bd665a6ad3ab"",""replica"":""d7704cdc-dd1f-4c56-9805-d3fdc64788da""}",2026-03-28T00:36:13.973415394Z
[START SESSION] Creating WhatsApp socket...,info,"{""level"":""info""}","{""project"":""ce3616d9-58ad-4ec7-a294-1821e1564434"",""environment"":""fb6513d0-42a4-4660-82b5-509c54b15f2a"",""service"":""4978aa94-666c-47c7-8024-3ada55195a51"",""deployment"":""be21d214-399e-4cb9-96da-bd665a6ad3ab"",""replica"":""d7704cdc-dd1f-4c56-9805-d3fdc64788da""}",2026-03-28T00:36:13.973421615Z
[NETWORK] Testing connectivity to WhatsApp servers...,info,"{""level"":""info""}","{""project"":""ce3616d9-58ad-4ec7-a294-1821e1564434"",""environment"":""fb6513d0-42a4-4660-82b5-509c54b15f2a"",""service"":""4978aa94-666c-47c7-8024-3ada55195a51"",""deployment"":""be21d214-399e-4cb9-96da-bd665a6ad3ab"",""replica"":""d7704cdc-dd1f-4c56-9805-d3fdc64788da""}",2026-03-28T00:36:13.973428170Z
[NETWORK] DNS resolution for web.whatsapp.com: [ '57.144.15.32' ],info,"{""level"":""info""}","{""project"":""ce3616d9-58ad-4ec7-a294-1821e1564434"",""environment"":""fb6513d0-42a4-4660-82b5-509c54b15f2a"",""service"":""4978aa94-666c-47c7-8024-3ada55195a51"",""deployment"":""be21d214-399e-4cb9-96da-bd665a6ad3ab"",""replica"":""d7704cdc-dd1f-4c56-9805-d3fdc64788da""}",2026-03-28T00:36:13.973437347Z
[NETWORK] HTTPS test to web.whatsapp.com: Status 200,info,"{""level"":""info""}","{""project"":""ce3616d9-58ad-4ec7-a294-1821e1564434"",""environment"":""fb6513d0-42a4-4660-82b5-509c54b15f2a"",""service"":""4978aa94-666c-47c7-8024-3ada55195a51"",""deployment"":""be21d214-399e-4cb9-96da-bd665a6ad3ab"",""replica"":""d7704cdc-dd1f-4c56-9805-d3fdc64788da""}",2026-03-28T00:36:13.973444071Z
[SOCKET] makeWASocket created for: akun1,info,"{""level"":""info""}","{""project"":""ce3616d9-58ad-4ec7-a294-1821e1564434"",""environment"":""fb6513d0-42a4-4660-82b5-509c54b15f2a"",""service"":""4978aa94-666c-47c7-8024-3ada55195a51"",""deployment"":""be21d214-399e-4cb9-96da-bd665a6ad3ab"",""replica"":""d7704cdc-dd1f-4c56-9805-d3fdc64788da""}",2026-03-28T00:36:13.973450829Z
[SOCKET] Socket has ev? true,info,"{""level"":""info""}","{""project"":""ce3616d9-58ad-4ec7-a294-1821e1564434"",""environment"":""fb6513d0-42a4-4660-82b5-509c54b15f2a"",""service"":""4978aa94-666c-47c7-8024-3ada55195a51"",""deployment"":""be21d214-399e-4cb9-96da-bd665a6ad3ab"",""replica"":""d7704cdc-dd1f-4c56-9805-d3fdc64788da""}",2026-03-28T00:36:13.973457490Z
[SOCKET] Socket has ws? true,info,"{""level"":""info""}","{""project"":""ce3616d9-58ad-4ec7-a294-1821e1564434"",""environment"":""fb6513d0-42a4-4660-82b5-509c54b15f2a"",""service"":""4978aa94-666c-47c7-8024-3ada55195a51"",""deployment"":""be21d214-399e-4cb9-96da-bd665a6ad3ab"",""replica"":""d7704cdc-dd1f-4c56-9805-d3fdc64788da""}",2026-03-28T00:36:13.973464332Z
[SOCKET] Socket user? undefined,info,"{""level"":""info""}","{""project"":""ce3616d9-58ad-4ec7-a294-1821e1564434"",""environment"":""fb6513d0-42a4-4660-82b5-509c54b15f2a"",""service"":""4978aa94-666c-47c7-8024-3ada55195a51"",""deployment"":""be21d214-399e-4cb9-96da-bd665a6ad3ab"",""replica"":""d7704cdc-dd1f-4c56-9805-d3fdc64788da""}",2026-03-28T00:36:13.973471266Z
[ACCOUNT] ✅ Added pending account to map immediately: akun1,info,"{""level"":""info""}","{""project"":""ce3616d9-58ad-4ec7-a294-1821e1564434"",""environment"":""fb6513d0-42a4-4660-82b5-509c54b15f2a"",""service"":""4978aa94-666c-47c7-8024-3ada55195a51"",""deployment"":""be21d214-399e-4cb9-96da-bd665a6ad3ab"",""replica"":""d7704cdc-dd1f-4c56-9805-d3fdc64788da""}",2026-03-28T00:36:13.973477090Z
[SOCKET] 🚀 Registering connection.update handler IMMEDIATELY for: akun1,info,"{""level"":""info""}","{""project"":""ce3616d9-58ad-4ec7-a294-1821e1564434"",""environment"":""fb6513d0-42a4-4660-82b5-509c54b15f2a"",""service"":""4978aa94-666c-47c7-8024-3ada55195a51"",""deployment"":""be21d214-399e-4cb9-96da-bd665a6ad3ab"",""replica"":""d7704cdc-dd1f-4c56-9805-d3fdc64788da""}",2026-03-28T00:36:13.973483528Z
[SOCKET] ✅ Event handlers registered IMMEDIATELY,info,"{""level"":""info""}","{""project"":""ce3616d9-58ad-4ec7-a294-1821e1564434"",""environment"":""fb6513d0-42a4-4660-82b5-509c54b15f2a"",""service"":""4978aa94-666c-47c7-8024-3ada55195a51"",""deployment"":""be21d214-399e-4cb9-96da-bd665a6ad3ab"",""replica"":""d7704cdc-dd1f-4c56-9805-d3fdc64788da""}",2026-03-28T00:36:13.973488819Z
[WS] Native WebSocket exists: true,info,"{""level"":""info""}","{""project"":""ce3616d9-58ad-4ec7-a294-1821e1564434"",""environment"":""fb6513d0-42a4-4660-82b5-509c54b15f2a"",""service"":""4978aa94-666c-47c7-8024-3ada55195a51"",""deployment"":""be21d214-399e-4cb9-96da-bd665a6ad3ab"",""replica"":""d7704cdc-dd1f-4c56-9805-d3fdc64788da""}",2026-03-28T00:36:13.973494921Z
[WS] Native WebSocket state: 0 = CONNECTING,info,"{""level"":""info""}","{""project"":""ce3616d9-58ad-4ec7-a294-1821e1564434"",""environment"":""fb6513d0-42a4-4660-82b5-509c54b15f2a"",""service"":""4978aa94-666c-47c7-8024-3ada55195a51"",""deployment"":""be21d214-399e-4cb9-96da-bd665a6ad3ab"",""replica"":""d7704cdc-dd1f-4c56-9805-d3fdc64788da""}",2026-03-28T00:36:13.973500938Z
[WS] WebSocketClient isConnecting: true,info,"{""level"":""info""}","{""project"":""ce3616d9-58ad-4ec7-a294-1821e1564434"",""environment"":""fb6513d0-42a4-4660-82b5-509c54b15f2a"",""service"":""4978aa94-666c-47c7-8024-3ada55195a51"",""deployment"":""be21d214-399e-4cb9-96da-bd665a6ad3ab"",""replica"":""d7704cdc-dd1f-4c56-9805-d3fdc64788da""}",2026-03-28T00:36:13.973506900Z
[WS] WebSocketClient isOpen: false,info,"{""level"":""info""}","{""project"":""ce3616d9-58ad-4ec7-a294-1821e1564434"",""environment"":""fb6513d0-42a4-4660-82b5-509c54b15f2a"",""service"":""4978aa94-666c-47c7-8024-3ada55195a51"",""deployment"":""be21d214-399e-4cb9-96da-bd665a6ad3ab"",""replica"":""d7704cdc-dd1f-4c56-9805-d3fdc64788da""}",2026-03-28T00:36:13.973512995Z
[WS] WebSocketClient isClosed: false,info,"{""level"":""info""}","{""project"":""ce3616d9-58ad-4ec7-a294-1821e1564434"",""environment"":""fb6513d0-42a4-4660-82b5-509c54b15f2a"",""service"":""4978aa94-666c-47c7-8024-3ada55195a51"",""deployment"":""be21d214-399e-4cb9-96da-bd665a6ad3ab"",""replica"":""d7704cdc-dd1f-4c56-9805-d3fdc64788da""}",2026-03-28T00:36:13.973519352Z
[WS] WebSocket URL: URL {,info,"{""level"":""info""}","{""project"":""ce3616d9-58ad-4ec7-a294-1821e1564434"",""environment"":""fb6513d0-42a4-4660-82b5-509c54b15f2a"",""service"":""4978aa94-666c-47c7-8024-3ada55195a51"",""deployment"":""be21d214-399e-4cb9-96da-bd665a6ad3ab"",""replica"":""d7704cdc-dd1f-4c56-9805-d3fdc64788da""}",2026-03-28T00:36:13.973524617Z
"  href: 'wss://web.whatsapp.com/ws/chat',",info,"{""level"":""info""}","{""project"":""ce3616d9-58ad-4ec7-a294-1821e1564434"",""environment"":""fb6513d0-42a4-4660-82b5-509c54b15f2a"",""service"":""4978aa94-666c-47c7-8024-3ada55195a51"",""deployment"":""be21d214-399e-4cb9-96da-bd665a6ad3ab"",""replica"":""d7704cdc-dd1f-4c56-9805-d3fdc64788da""}",2026-03-28T00:36:13.973531261Z
"  origin: 'wss://web.whatsapp.com',",info,"{""level"":""info""}","{""project"":""ce3616d9-58ad-4ec7-a294-1821e1564434"",""environment"":""fb6513d0-42a4-4660-82b5-509c54b15f2a"",""service"":""4978aa94-666c-47c7-8024-3ada55195a51"",""deployment"":""be21d214-399e-4cb9-96da-bd665a6ad3ab"",""replica"":""d7704cdc-dd1f-4c56-9805-d3fdc64788da""}",2026-03-28T00:36:13.973538018Z
"  protocol: 'wss:',",info,"{""level"":""info""}","{""project"":""ce3616d9-58ad-4ec7-a294-1821e1564434"",""environment"":""fb6513d0-42a4-4660-82b5-509c54b15f2a"",""service"":""4978aa94-666c-47c7-8024-3ada55195a51"",""deployment"":""be21d214-399e-4cb9-96da-bd665a6ad3ab"",""replica"":""d7704cdc-dd1f-4c56-9805-d3fdc64788da""}",2026-03-28T00:36:14.965606400Z
  isNewLogin: undefined,info,"{""level"":""info""}","{""project"":""ce3616d9-58ad-4ec7-a294-1821e1564434"",""environment"":""fb6513d0-42a4-4660-82b5-509c54b15f2a"",""service"":""4978aa94-666c-47c7-8024-3ada55195a51"",""deployment"":""be21d214-399e-4cb9-96da-bd665a6ad3ab"",""replica"":""d7704cdc-dd1f-4c56-9805-d3fdc64788da""}",2026-03-28T00:36:14.965612089Z
},info,"{""level"":""info""}","{""project"":""ce3616d9-58ad-4ec7-a294-1821e1564434"",""environment"":""fb6513d0-42a4-4660-82b5-509c54b15f2a"",""service"":""4978aa94-666c-47c7-8024-3ada55195a51"",""deployment"":""be21d214-399e-4cb9-96da-bd665a6ad3ab"",""replica"":""d7704cdc-dd1f-4c56-9805-d3fdc64788da""}",2026-03-28T00:36:14.965619538Z
==========================================,info,"{""level"":""info""}","{""project"":""ce3616d9-58ad-4ec7-a294-1821e1564434"",""environment"":""fb6513d0-42a4-4660-82b5-509c54b15f2a"",""service"":""4978aa94-666c-47c7-8024-3ada55195a51"",""deployment"":""be21d214-399e-4cb9-96da-bd665a6ad3ab"",""replica"":""d7704cdc-dd1f-4c56-9805-d3fdc64788da""}",2026-03-28T00:36:14.965627385Z
connected to WA,info,"{""time"":1774658173367,""pid"":91,""hostname"":""7908e5d7637e"",""browser"":[""Mac OS"",""Chrome"",""14.4.1""],""helloMsg"":{""clientHello"":{""ephemeral"":""q67n9kkYgzAChnB3dF8Zp9z2JqQmNHLNB1QJmcc32Gs=""}},""level"":""info""}","{""project"":""ce3616d9-58ad-4ec7-a294-1821e1564434"",""environment"":""fb6513d0-42a4-4660-82b5-509c54b15f2a"",""service"":""4978aa94-666c-47c7-8024-3ada55195a51"",""deployment"":""be21d214-399e-4cb9-96da-bd665a6ad3ab"",""replica"":""d7704cdc-dd1f-4c56-9805-d3fdc64788da""}",2026-03-28T00:36:14.965634717Z
  hash: '',info,"{""level"":""info""}","{""project"":""ce3616d9-58ad-4ec7-a294-1821e1564434"",""environment"":""fb6513d0-42a4-4660-82b5-509c54b15f2a"",""service"":""4978aa94-666c-47c7-8024-3ada55195a51"",""deployment"":""be21d214-399e-4cb9-96da-bd665a6ad3ab"",""replica"":""d7704cdc-dd1f-4c56-9805-d3fdc64788da""}",2026-03-28T00:36:14.965650402Z
"  username: '',",info,"{""level"":""info""}","{""project"":""ce3616d9-58ad-4ec7-a294-1821e1564434"",""environment"":""fb6513d0-42a4-4660-82b5-509c54b15f2a"",""service"":""4978aa94-666c-47c7-8024-3ada55195a51"",""deployment"":""be21d214-399e-4cb9-96da-bd665a6ad3ab"",""replica"":""d7704cdc-dd1f-4c56-9805-d3fdc64788da""}",2026-03-28T00:36:14.965657281Z
},info,"{""level"":""info""}","{""project"":""ce3616d9-58ad-4ec7-a294-1821e1564434"",""environment"":""fb6513d0-42a4-4660-82b5-509c54b15f2a"",""service"":""4978aa94-666c-47c7-8024-3ada55195a51"",""deployment"":""be21d214-399e-4cb9-96da-bd665a6ad3ab"",""replica"":""d7704cdc-dd1f-4c56-9805-d3fdc64788da""}",2026-03-28T00:36:14.965660565Z
"  password: '',",info,"{""level"":""info""}","{""project"":""ce3616d9-58ad-4ec7-a294-1821e1564434"",""environment"":""fb6513d0-42a4-4660-82b5-509c54b15f2a"",""service"":""4978aa94-666c-47c7-8024-3ada55195a51"",""deployment"":""be21d214-399e-4cb9-96da-bd665a6ad3ab"",""replica"":""d7704cdc-dd1f-4c56-9805-d3fdc64788da""}",2026-03-28T00:36:14.965665845Z
[SESSION] ✅ Retrieved account from map: akun1,info,"{""level"":""info""}","{""project"":""ce3616d9-58ad-4ec7-a294-1821e1564434"",""environment"":""fb6513d0-42a4-4660-82b5-509c54b15f2a"",""service"":""4978aa94-666c-47c7-8024-3ada55195a51"",""deployment"":""be21d214-399e-4cb9-96da-bd665a6ad3ab"",""replica"":""d7704cdc-dd1f-4c56-9805-d3fdc64788da""}",2026-03-28T00:36:14.965670120Z
"  host: 'web.whatsapp.com',",info,"{""level"":""info""}","{""project"":""ce3616d9-58ad-4ec7-a294-1821e1564434"",""environment"":""fb6513d0-42a4-4660-82b5-509c54b15f2a"",""service"":""4978aa94-666c-47c7-8024-3ada55195a51"",""deployment"":""be21d214-399e-4cb9-96da-bd665a6ad3ab"",""replica"":""d7704cdc-dd1f-4c56-9805-d3fdc64788da""}",2026-03-28T00:36:14.965676038Z
Using pooled personality for akun1: Ayu Kusumawardani,info,"{""level"":""info""}","{""project"":""ce3616d9-58ad-4ec7-a294-1821e1564434"",""environment"":""fb6513d0-42a4-4660-82b5-509c54b15f2a"",""service"":""4978aa94-666c-47c7-8024-3ada55195a51"",""deployment"":""be21d214-399e-4cb9-96da-bd665a6ad3ab"",""replica"":""d7704cdc-dd1f-4c56-9805-d3fdc64788da""}",2026-03-28T00:36:14.965680946Z
"  hostname: 'web.whatsapp.com',",info,"{""level"":""info""}","{""project"":""ce3616d9-58ad-4ec7-a294-1821e1564434"",""environment"":""fb6513d0-42a4-4660-82b5-509c54b15f2a"",""service"":""4978aa94-666c-47c7-8024-3ada55195a51"",""deployment"":""be21d214-399e-4cb9-96da-bd665a6ad3ab"",""replica"":""d7704cdc-dd1f-4c56-9805-d3fdc64788da""}",2026-03-28T00:36:14.965685565Z
[SESSION/START] Session started successfully for: akun1,info,"{""level"":""info""}","{""project"":""ce3616d9-58ad-4ec7-a294-1821e1564434"",""environment"":""fb6513d0-42a4-4660-82b5-509c54b15f2a"",""service"":""4978aa94-666c-47c7-8024-3ada55195a51"",""deployment"":""be21d214-399e-4cb9-96da-bd665a6ad3ab"",""replica"":""d7704cdc-dd1f-4c56-9805-d3fdc64788da""}",2026-03-28T00:36:14.965691387Z
[WA API] Response: 200 {,info,"{""level"":""info""}","{""project"":""ce3616d9-58ad-4ec7-a294-1821e1564434"",""environment"":""fb6513d0-42a4-4660-82b5-509c54b15f2a"",""service"":""4978aa94-666c-47c7-8024-3ada55195a51"",""deployment"":""be21d214-399e-4cb9-96da-bd665a6ad3ab"",""replica"":""d7704cdc-dd1f-4c56-9805-d3fdc64788da""}",2026-03-28T00:36:14.965697923Z
"  success: true,",info,"{""level"":""info""}","{""project"":""ce3616d9-58ad-4ec7-a294-1821e1564434"",""environment"":""fb6513d0-42a4-4660-82b5-509c54b15f2a"",""service"":""4978aa94-666c-47c7-8024-3ada55195a51"",""deployment"":""be21d214-399e-4cb9-96da-bd665a6ad3ab"",""replica"":""d7704cdc-dd1f-4c56-9805-d3fdc64788da""}",2026-03-28T00:36:14.965706680Z
"  accountId: ""akun1"",",info,"{""level"":""info""}","{""project"":""ce3616d9-58ad-4ec7-a294-1821e1564434"",""environment"":""fb6513d0-42a4-4660-82b5-509c54b15f2a"",""service"":""4978aa94-666c-47c7-8024-3ada55195a51"",""deployment"":""be21d214-399e-4cb9-96da-bd665a6ad3ab"",""replica"":""d7704cdc-dd1f-4c56-9805-d3fdc64788da""}",2026-03-28T00:36:14.965713739Z
},info,"{""level"":""info""}","{""project"":""ce3616d9-58ad-4ec7-a294-1821e1564434"",""environment"":""fb6513d0-42a4-4660-82b5-509c54b15f2a"",""service"":""4978aa94-666c-47c7-8024-3ada55195a51"",""deployment"":""be21d214-399e-4cb9-96da-bd665a6ad3ab"",""replica"":""d7704cdc-dd1f-4c56-9805-d3fdc64788da""}",2026-03-28T00:36:14.965719772Z
==========================================,info,"{""level"":""info""}","{""project"":""ce3616d9-58ad-4ec7-a294-1821e1564434"",""environment"":""fb6513d0-42a4-4660-82b5-509c54b15f2a"",""service"":""4978aa94-666c-47c7-8024-3ada55195a51"",""deployment"":""be21d214-399e-4cb9-96da-bd665a6ad3ab"",""replica"":""d7704cdc-dd1f-4c56-9805-d3fdc64788da""}",2026-03-28T00:36:14.965728338Z
[CONNECTION UPDATE] ✅ EVENT RECEIVED! {,info,"{""level"":""info""}","{""project"":""ce3616d9-58ad-4ec7-a294-1821e1564434"",""environment"":""fb6513d0-42a4-4660-82b5-509c54b15f2a"",""service"":""4978aa94-666c-47c7-8024-3ada55195a51"",""deployment"":""be21d214-399e-4cb9-96da-bd665a6ad3ab"",""replica"":""d7704cdc-dd1f-4c56-9805-d3fdc64788da""}",2026-03-28T00:36:14.965735748Z
"  accountId: 'akun1',",info,"{""level"":""info""}","{""project"":""ce3616d9-58ad-4ec7-a294-1821e1564434"",""environment"":""fb6513d0-42a4-4660-82b5-509c54b15f2a"",""service"":""4978aa94-666c-47c7-8024-3ada55195a51"",""deployment"":""be21d214-399e-4cb9-96da-bd665a6ad3ab"",""replica"":""d7704cdc-dd1f-4c56-9805-d3fdc64788da""}",2026-03-28T00:36:14.965745007Z
"  port: '',",info,"{""level"":""info""}","{""project"":""ce3616d9-58ad-4ec7-a294-1821e1564434"",""environment"":""fb6513d0-42a4-4660-82b5-509c54b15f2a"",""service"":""4978aa94-666c-47c7-8024-3ada55195a51"",""deployment"":""be21d214-399e-4cb9-96da-bd665a6ad3ab"",""replica"":""d7704cdc-dd1f-4c56-9805-d3fdc64788da""}",2026-03-28T00:36:14.965749107Z
"  pathname: '/ws/chat',",info,"{""level"":""info""}","{""project"":""ce3616d9-58ad-4ec7-a294-1821e1564434"",""environment"":""fb6513d0-42a4-4660-82b5-509c54b15f2a"",""service"":""4978aa94-666c-47c7-8024-3ada55195a51"",""deployment"":""be21d214-399e-4cb9-96da-bd665a6ad3ab"",""replica"":""d7704cdc-dd1f-4c56-9805-d3fdc64788da""}",2026-03-28T00:36:14.965756550Z
"  connection: 'connecting',",info,"{""level"":""info""}","{""project"":""ce3616d9-58ad-4ec7-a294-1821e1564434"",""environment"":""fb6513d0-42a4-4660-82b5-509c54b15f2a"",""service"":""4978aa94-666c-47c7-8024-3ada55195a51"",""deployment"":""be21d214-399e-4cb9-96da-bd665a6ad3ab"",""replica"":""d7704cdc-dd1f-4c56-9805-d3fdc64788da""}",2026-03-28T00:36:14.965757367Z
"  search: '',",info,"{""level"":""info""}","{""project"":""ce3616d9-58ad-4ec7-a294-1821e1564434"",""environment"":""fb6513d0-42a4-4660-82b5-509c54b15f2a"",""service"":""4978aa94-666c-47c7-8024-3ada55195a51"",""deployment"":""be21d214-399e-4cb9-96da-bd665a6ad3ab"",""replica"":""d7704cdc-dd1f-4c56-9805-d3fdc64788da""}",2026-03-28T00:36:14.965766430Z
"  hasQr: false,",info,"{""level"":""info""}","{""project"":""ce3616d9-58ad-4ec7-a294-1821e1564434"",""environment"":""fb6513d0-42a4-4660-82b5-509c54b15f2a"",""service"":""4978aa94-666c-47c7-8024-3ada55195a51"",""deployment"":""be21d214-399e-4cb9-96da-bd665a6ad3ab"",""replica"":""d7704cdc-dd1f-4c56-9805-d3fdc64788da""}",2026-03-28T00:36:14.965767635Z
"  searchParams: URLSearchParams {},",info,"{""level"":""info""}","{""project"":""ce3616d9-58ad-4ec7-a294-1821e1564434"",""environment"":""fb6513d0-42a4-4660-82b5-509c54b15f2a"",""service"":""4978aa94-666c-47c7-8024-3ada55195a51"",""deployment"":""be21d214-399e-4cb9-96da-bd665a6ad3ab"",""replica"":""d7704cdc-dd1f-4c56-9805-d3fdc64788da""}",2026-03-28T00:36:14.965776846Z
"  qrPreview: null,",info,"{""level"":""info""}","{""project"":""ce3616d9-58ad-4ec7-a294-1821e1564434"",""environment"":""fb6513d0-42a4-4660-82b5-509c54b15f2a"",""service"":""4978aa94-666c-47c7-8024-3ada55195a51"",""deployment"":""be21d214-399e-4cb9-96da-bd665a6ad3ab"",""replica"":""d7704cdc-dd1f-4c56-9805-d3fdc64788da""}",2026-03-28T00:36:14.965778016Z
[CONNECTION UPDATE] ✅ EVENT RECEIVED! {,info,"{""level"":""info""}","{""project"":""ce3616d9-58ad-4ec7-a294-1821e1564434"",""environment"":""fb6513d0-42a4-4660-82b5-509c54b15f2a"",""service"":""4978aa94-666c-47c7-8024-3ada55195a51"",""deployment"":""be21d214-399e-4cb9-96da-bd665a6ad3ab"",""replica"":""d7704cdc-dd1f-4c56-9805-d3fdc64788da""}",2026-03-28T00:36:14.968639580Z
[WS NATIVE MESSAGE] Received for akun1 binary: true len: 350 preview: AAFbGtgCCiDfLTJUDwRQwkfx0qLpDz0cZ28tkDW3HlbsmPBPkGWQcxIwuvb/vQw8fnQ=...,info,"{""level"":""info""}","{""project"":""ce3616d9-58ad-4ec7-a294-1821e1564434"",""environment"":""fb6513d0-42a4-4660-82b5-509c54b15f2a"",""service"":""4978aa94-666c-47c7-8024-3ada55195a51"",""deployment"":""be21d214-399e-4cb9-96da-bd665a6ad3ab"",""replica"":""d7704cdc-dd1f-4c56-9805-d3fdc64788da""}",2026-03-28T00:36:14.968796155Z
"not logged in, attempting registration...",info,"{""time"":1774658173622,""pid"":91,""hostname"":""7908e5d7637e"",""node"":{""passive"":false,""userAgent"":{""platform"":""WEB"",""appVersion"":{""primary"":2,""secondary"":3000,""tertiary"":1035194821},""mcc"":""000"",""mnc"":""000"",""osVersion"":""0.1"",""device"":""Desktop"",""osBuildNumber"":""0.1"",""releaseChannel"":""RELEASE"",""localeLanguageIso6391"":""en"",""localeCountryIso31661Alpha2"":""US""},""webInfo"":{""webSubPlatform"":""WEB_BROWSER""},""connectType"":""WIFI_UNKNOWN"",""connectReason"":""USER_ACTIVATED"",""devicePairingData"":{""eRegid"":""AAAA3g=="",""eKeytype"":""BQ=="",""eIdent"":""S0CHyzjbSvYekpdU8zi6shHzCitggBGd6VxFPNXScD8="",""eSkeyId"":""AAAB"",""eSkeyVal"":""/m0yDYSOG0OVzYwkSzju/qr6K5LU+F1RRGP3J5I+0hE="",""eSkeySig"":""+miAgXh8KY2cQLs5hpd42P3YP9ZhJ05Ofh8H7guQqFcFTCw6WvguRwkC/DbWhMk9gQpN25n9IIUQt0d4KYUbgQ=="",""buildHash"":""oslHHv+RCp4a5lmJCiiHLQ=="",""deviceProps"":""CgZNYWMgT1MYASAAKhUYgFAgATAAOAFAAUgBUAFYAWABcAE=""},""pull"":false},""level"":""info""}","{""project"":""ce3616d9-58ad-4ec7-a294-1821e1564434"",""environment"":""fb6513d0-42a4-4660-82b5-509c54b15f2a"",""service"":""4978aa94-666c-47c7-8024-3ada55195a51"",""deployment"":""be21d214-399e-4cb9-96da-bd665a6ad3ab"",""replica"":""d7704cdc-dd1f-4c56-9805-d3fdc64788da""}",2026-03-28T00:36:14.968806016Z
[WS NATIVE SEND] Sending for akun1 type: object preview: AAFcItkCCjB7+8DHYLIB7EI1iGoS8f5LhM9KdhXnOKKsWPrJJqqPB3LmbZcPHNtSeHg=,info,"{""level"":""info""}","{""project"":""ce3616d9-58ad-4ec7-a294-1821e1564434"",""environment"":""fb6513d0-42a4-4660-82b5-509c54b15f2a"",""service"":""4978aa94-666c-47c7-8024-3ada55195a51"",""deployment"":""be21d214-399e-4cb9-96da-bd665a6ad3ab"",""replica"":""d7704cdc-dd1f-4c56-9805-d3fdc64788da""}",2026-03-28T00:36:14.968816097Z
[WS NATIVE MESSAGE] Received for akun1 binary: true len: 698 preview: AAK3q08zfahV4opkRMARtOAE7XFrQOf5CxmwZcXCm8FAes/6026fRd5Z4vWk8mqggiY=...,info,"{""level"":""info""}","{""project"":""ce3616d9-58ad-4ec7-a294-1821e1564434"",""environment"":""fb6513d0-42a4-4660-82b5-509c54b15f2a"",""service"":""4978aa94-666c-47c7-8024-3ada55195a51"",""deployment"":""be21d214-399e-4cb9-96da-bd665a6ad3ab"",""replica"":""d7704cdc-dd1f-4c56-9805-d3fdc64788da""}",2026-03-28T00:36:14.968824669Z
[WS NATIVE SEND] Sending for akun1 type: object preview: AAAiSXJoEG8YC+lfP4YZojo9eCOl07lGiT5eb1Sw17jlTv4+ug==,info,"{""level"":""info""}","{""project"":""ce3616d9-58ad-4ec7-a294-1821e1564434"",""environment"":""fb6513d0-42a4-4660-82b5-509c54b15f2a"",""service"":""4978aa94-666c-47c7-8024-3ada55195a51"",""deployment"":""be21d214-399e-4cb9-96da-bd665a6ad3ab"",""replica"":""d7704cdc-dd1f-4c56-9805-d3fdc64788da""}",2026-03-28T00:36:14.968832009Z
==========================================,info,"{""level"":""info""}","{""project"":""ce3616d9-58ad-4ec7-a294-1821e1564434"",""environment"":""fb6513d0-42a4-4660-82b5-509c54b15f2a"",""service"":""4978aa94-666c-47c7-8024-3ada55195a51"",""deployment"":""be21d214-399e-4cb9-96da-bd665a6ad3ab"",""replica"":""d7704cdc-dd1f-4c56-9805-d3fdc64788da""}",2026-03-28T00:36:14.968839935Z
[WS NATIVE SEND] Sending for akun1 type: object preview: V0EGAwAAJBIiCiCrruf2SRiDMAKGcHd0Xxmn3PYmpCY0cs0HVAmZxzfYaw==,info,"{""level"":""info""}","{""project"":""ce3616d9-58ad-4ec7-a294-1821e1564434"",""environment"":""fb6513d0-42a4-4660-82b5-509c54b15f2a"",""service"":""4978aa94-666c-47c7-8024-3ada55195a51"",""deployment"":""be21d214-399e-4cb9-96da-bd665a6ad3ab"",""replica"":""d7704cdc-dd1f-4c56-9805-d3fdc64788da""}",2026-03-28T00:36:14.968929790Z
[WS NATIVE OPEN] Native WebSocket opened for akun1,info,"{""level"":""info""}","{""project"":""ce3616d9-58ad-4ec7-a294-1821e1564434"",""environment"":""fb6513d0-42a4-4660-82b5-509c54b15f2a"",""service"":""4978aa94-666c-47c7-8024-3ada55195a51"",""deployment"":""be21d214-399e-4cb9-96da-bd665a6ad3ab"",""replica"":""d7704cdc-dd1f-4c56-9805-d3fdc64788da""}",2026-03-28T00:36:14.968937094Z
"  accountId: 'akun1',",info,"{""level"":""info""}","{""project"":""ce3616d9-58ad-4ec7-a294-1821e1564434"",""environment"":""fb6513d0-42a4-4660-82b5-509c54b15f2a"",""service"":""4978aa94-666c-47c7-8024-3ada55195a51"",""deployment"":""be21d214-399e-4cb9-96da-bd665a6ad3ab"",""replica"":""d7704cdc-dd1f-4c56-9805-d3fdc64788da""}",2026-03-28T00:36:14.972914801Z
"  connection: undefined,",info,"{""level"":""info""}","{""project"":""ce3616d9-58ad-4ec7-a294-1821e1564434"",""environment"":""fb6513d0-42a4-4660-82b5-509c54b15f2a"",""service"":""4978aa94-666c-47c7-8024-3ada55195a51"",""deployment"":""be21d214-399e-4cb9-96da-bd665a6ad3ab"",""replica"":""d7704cdc-dd1f-4c56-9805-d3fdc64788da""}",2026-03-28T00:36:14.972920835Z
"  hasQr: true,",info,"{""level"":""info""}","{""project"":""ce3616d9-58ad-4ec7-a294-1821e1564434"",""environment"":""fb6513d0-42a4-4660-82b5-509c54b15f2a"",""service"":""4978aa94-666c-47c7-8024-3ada55195a51"",""deployment"":""be21d214-399e-4cb9-96da-bd665a6ad3ab"",""replica"":""d7704cdc-dd1f-4c56-9805-d3fdc64788da""}",2026-03-28T00:36:14.972927315Z
"  qrPreview: '2@UuSDcg72MQGf1bgdrZ3dlgEgY+4H6AbETdhdI6Zq9QWArOAl...',",info,"{""level"":""info""}","{""project"":""ce3616d9-58ad-4ec7-a294-1821e1564434"",""environment"":""fb6513d0-42a4-4660-82b5-509c54b15f2a"",""service"":""4978aa94-666c-47c7-8024-3ada55195a51"",""deployment"":""be21d214-399e-4cb9-96da-bd665a6ad3ab"",""replica"":""d7704cdc-dd1f-4c56-9805-d3fdc64788da""}",2026-03-28T00:36:14.972934742Z
  isNewLogin: undefined,info,"{""level"":""info""}","{""project"":""ce3616d9-58ad-4ec7-a294-1821e1564434"",""environment"":""fb6513d0-42a4-4660-82b5-509c54b15f2a"",""service"":""4978aa94-666c-47c7-8024-3ada55195a51"",""deployment"":""be21d214-399e-4cb9-96da-bd665a6ad3ab"",""replica"":""d7704cdc-dd1f-4c56-9805-d3fdc64788da""}",2026-03-28T00:36:14.972941159Z
},info,"{""level"":""info""}","{""project"":""ce3616d9-58ad-4ec7-a294-1821e1564434"",""environment"":""fb6513d0-42a4-4660-82b5-509c54b15f2a"",""service"":""4978aa94-666c-47c7-8024-3ada55195a51"",""deployment"":""be21d214-399e-4cb9-96da-bd665a6ad3ab"",""replica"":""d7704cdc-dd1f-4c56-9805-d3fdc64788da""}",2026-03-28T00:36:14.972948384Z
==========================================,info,"{""level"":""info""}","{""project"":""ce3616d9-58ad-4ec7-a294-1821e1564434"",""environment"":""fb6513d0-42a4-4660-82b5-509c54b15f2a"",""service"":""4978aa94-666c-47c7-8024-3ada55195a51"",""deployment"":""be21d214-399e-4cb9-96da-bd665a6ad3ab"",""replica"":""d7704cdc-dd1f-4c56-9805-d3fdc64788da""}",2026-03-28T00:36:14.972956720Z
[QR] 🎯 QR code received for: akun1,info,"{""level"":""info""}","{""project"":""ce3616d9-58ad-4ec7-a294-1821e1564434"",""environment"":""fb6513d0-42a4-4660-82b5-509c54b15f2a"",""service"":""4978aa94-666c-47c7-8024-3ada55195a51"",""deployment"":""be21d214-399e-4cb9-96da-bd665a6ad3ab"",""replica"":""d7704cdc-dd1f-4c56-9805-d3fdc64788da""}",2026-03-28T00:36:14.972963330Z
[QR] QR length: 237,info,"{""level"":""info""}","{""project"":""ce3616d9-58ad-4ec7-a294-1821e1564434"",""environment"":""fb6513d0-42a4-4660-82b5-509c54b15f2a"",""service"":""4978aa94-666c-47c7-8024-3ada55195a51"",""deployment"":""be21d214-399e-4cb9-96da-bd665a6ad3ab"",""replica"":""d7704cdc-dd1f-4c56-9805-d3fdc64788da""}",2026-03-28T00:36:14.972970728Z
[QR] Converting QR to data URL...,info,"{""level"":""info""}","{""project"":""ce3616d9-58ad-4ec7-a294-1821e1564434"",""environment"":""fb6513d0-42a4-4660-82b5-509c54b15f2a"",""service"":""4978aa94-666c-47c7-8024-3ada55195a51"",""deployment"":""be21d214-399e-4cb9-96da-bd665a6ad3ab"",""replica"":""d7704cdc-dd1f-4c56-9805-d3fdc64788da""}",2026-03-28T00:36:14.972977003Z
"[QR] ✅ QR converted, length: 6482",info,"{""level"":""info""}","{""project"":""ce3616d9-58ad-4ec7-a294-1821e1564434"",""environment"":""fb6513d0-42a4-4660-82b5-509c54b15f2a"",""service"":""4978aa94-666c-47c7-8024-3ada55195a51"",""deployment"":""be21d214-399e-4cb9-96da-bd665a6ad3ab"",""replica"":""d7704cdc-dd1f-4c56-9805-d3fdc64788da""}",2026-03-28T00:36:14.972988010Z
✅ Generated 5 personalities via Groq. Pool size: 9/50,info,"{""level"":""info""}","{""project"":""ce3616d9-58ad-4ec7-a294-1821e1564434"",""environment"":""fb6513d0-42a4-4660-82b5-509c54b15f2a"",""service"":""4978aa94-666c-47c7-8024-3ada55195a51"",""deployment"":""be21d214-399e-4cb9-96da-bd665a6ad3ab"",""replica"":""d7704cdc-dd1f-4c56-9805-d3fdc64788da""}",2026-03-28T00:36:14.972994318Z
[DB] Synced 1 accounts to database,info,"{""level"":""info""}","{""project"":""ce3616d9-58ad-4ec7-a294-1821e1564434"",""environment"":""fb6513d0-42a4-4660-82b5-509c54b15f2a"",""service"":""4978aa94-666c-47c7-8024-3ada55195a51"",""deployment"":""be21d214-399e-4cb9-96da-bd665a6ad3ab"",""replica"":""d7704cdc-dd1f-4c56-9805-d3fdc64788da""}",2026-03-28T00:36:22.697913916Z
[NETWORK] HTTPS test TIMEOUT,info,"{""level"":""info""}","{""project"":""ce3616d9-58ad-4ec7-a294-1821e1564434"",""environment"":""fb6513d0-42a4-4660-82b5-509c54b15f2a"",""service"":""4978aa94-666c-47c7-8024-3ada55195a51"",""deployment"":""be21d214-399e-4cb9-96da-bd665a6ad3ab"",""replica"":""d7704cdc-dd1f-4c56-9805-d3fdc64788da""}",2026-03-28T00:36:23.614706233Z
[WS NATIVE SEND] Sending for akun1 type: object preview: AAAqE65KvivtYbrhk2cRxLLqB4zJrGczgSSBGWuv1WkoSL2IXqWTwpyfp7Ks,info,"{""level"":""info""}","{""project"":""ce3616d9-58ad-4ec7-a294-1821e1564434"",""environment"":""fb6513d0-42a4-4660-82b5-509c54b15f2a"",""service"":""4978aa94-666c-47c7-8024-3ada55195a51"",""deployment"":""be21d214-399e-4cb9-96da-bd665a6ad3ab"",""replica"":""d7704cdc-dd1f-4c56-9805-d3fdc64788da""}",2026-03-28T00:36:43.837262212Z
[WS NATIVE MESSAGE] Received for akun1 binary: true len: 46 preview: AAAr3hzWkBF8P/DLH4cwxJy/a39ygHA6drjbr4JJ4KUN+vDk+46LJEdwtd+MyQ==,info,"{""level"":""info""}","{""project"":""ce3616d9-58ad-4ec7-a294-1821e1564434"",""environment"":""fb6513d0-42a4-4660-82b5-509c54b15f2a"",""service"":""4978aa94-666c-47c7-8024-3ada55195a51"",""deployment"":""be21d214-399e-4cb9-96da-bd665a6ad3ab"",""replica"":""d7704cdc-dd1f-4c56-9805-d3fdc64788da""}",2026-03-28T00:36:44.759542711Z
[DB] Synced 1 accounts to database,info,"{""level"":""info""}","{""project"":""ce3616d9-58ad-4ec7-a294-1821e1564434"",""environment"":""fb6513d0-42a4-4660-82b5-509c54b15f2a"",""service"":""4978aa94-666c-47c7-8024-3ada55195a51"",""deployment"":""be21d214-399e-4cb9-96da-bd665a6ad3ab"",""replica"":""d7704cdc-dd1f-4c56-9805-d3fdc64788da""}",2026-03-28T00:36:52.657658007Z
==========================================,info,"{""level"":""info""}","{""project"":""ce3616d9-58ad-4ec7-a294-1821e1564434"",""environment"":""fb6513d0-42a4-4660-82b5-509c54b15f2a"",""service"":""4978aa94-666c-47c7-8024-3ada55195a51"",""deployment"":""be21d214-399e-4cb9-96da-bd665a6ad3ab"",""replica"":""d7704cdc-dd1f-4c56-9805-d3fdc64788da""}",2026-03-28T00:36:59.663947859Z
[CONNECTION] ❌ Disconnected: akun1 code: undefined error: ,info,"{""level"":""info""}","{""project"":""ce3616d9-58ad-4ec7-a294-1821e1564434"",""environment"":""fb6513d0-42a4-4660-82b5-509c54b15f2a"",""service"":""4978aa94-666c-47c7-8024-3ada55195a51"",""deployment"":""be21d214-399e-4cb9-96da-bd665a6ad3ab"",""replica"":""d7704cdc-dd1f-4c56-9805-d3fdc64788da""}",2026-03-28T00:36:59.663955123Z
==========================================,info,"{""level"":""info""}","{""project"":""ce3616d9-58ad-4ec7-a294-1821e1564434"",""environment"":""fb6513d0-42a4-4660-82b5-509c54b15f2a"",""service"":""4978aa94-666c-47c7-8024-3ada55195a51"",""deployment"":""be21d214-399e-4cb9-96da-bd665a6ad3ab"",""replica"":""d7704cdc-dd1f-4c56-9805-d3fdc64788da""}",2026-03-28T00:36:59.663962248Z
connection closed,info,"{""time"":1774658219522,""pid"":91,""hostname"":""7908e5d7637e"",""level"":""info""}","{""project"":""ce3616d9-58ad-4ec7-a294-1821e1564434"",""environment"":""fb6513d0-42a4-4660-82b5-509c54b15f2a"",""service"":""4978aa94-666c-47c7-8024-3ada55195a51"",""deployment"":""be21d214-399e-4cb9-96da-bd665a6ad3ab"",""replica"":""d7704cdc-dd1f-4c56-9805-d3fdc64788da""}",2026-03-28T00:36:59.663966087Z
[START SESSION] Called with: {,info,"{""level"":""info""}","{""project"":""ce3616d9-58ad-4ec7-a294-1821e1564434"",""environment"":""fb6513d0-42a4-4660-82b5-509c54b15f2a"",""service"":""4978aa94-666c-47c7-8024-3ada55195a51"",""deployment"":""be21d214-399e-4cb9-96da-bd665a6ad3ab"",""replica"":""d7704cdc-dd1f-4c56-9805-d3fdc64788da""}",2026-03-28T00:36:59.663971313Z
"[START SESSION] forceNew=true, clearing old session data...",info,"{""level"":""info""}","{""project"":""ce3616d9-58ad-4ec7-a294-1821e1564434"",""environment"":""fb6513d0-42a4-4660-82b5-509c54b15f2a"",""service"":""4978aa94-666c-47c7-8024-3ada55195a51"",""deployment"":""be21d214-399e-4cb9-96da-bd665a6ad3ab"",""replica"":""d7704cdc-dd1f-4c56-9805-d3fdc64788da""}",2026-03-28T00:36:59.663971682Z
==========================================,info,"{""level"":""info""}","{""project"":""ce3616d9-58ad-4ec7-a294-1821e1564434"",""environment"":""fb6513d0-42a4-4660-82b5-509c54b15f2a"",""service"":""4978aa94-666c-47c7-8024-3ada55195a51"",""deployment"":""be21d214-399e-4cb9-96da-bd665a6ad3ab"",""replica"":""d7704cdc-dd1f-4c56-9805-d3fdc64788da""}",2026-03-28T00:36:59.663975246Z
[CLEAR SESSION] Deleting session directory with rimraf...,info,"{""level"":""info""}","{""project"":""ce3616d9-58ad-4ec7-a294-1821e1564434"",""environment"":""fb6513d0-42a4-4660-82b5-509c54b15f2a"",""service"":""4978aa94-666c-47c7-8024-3ada55195a51"",""deployment"":""be21d214-399e-4cb9-96da-bd665a6ad3ab"",""replica"":""d7704cdc-dd1f-4c56-9805-d3fdc64788da""}",2026-03-28T00:36:59.663978595Z
[CLEAR SESSION] Attempting to clear session for: akun1,info,"{""level"":""info""}","{""project"":""ce3616d9-58ad-4ec7-a294-1821e1564434"",""environment"":""fb6513d0-42a4-4660-82b5-509c54b15f2a"",""service"":""4978aa94-666c-47c7-8024-3ada55195a51"",""deployment"":""be21d214-399e-4cb9-96da-bd665a6ad3ab"",""replica"":""d7704cdc-dd1f-4c56-9805-d3fdc64788da""}",2026-03-28T00:36:59.663982107Z
"  accountId: 'akun1',",info,"{""level"":""info""}","{""project"":""ce3616d9-58ad-4ec7-a294-1821e1564434"",""environment"":""fb6513d0-42a4-4660-82b5-509c54b15f2a"",""service"":""4978aa94-666c-47c7-8024-3ada55195a51"",""deployment"":""be21d214-399e-4cb9-96da-bd665a6ad3ab"",""replica"":""d7704cdc-dd1f-4c56-9805-d3fdc64788da""}",2026-03-28T00:36:59.663983240Z
"  connection: 'close',",info,"{""level"":""info""}","{""project"":""ce3616d9-58ad-4ec7-a294-1821e1564434"",""environment"":""fb6513d0-42a4-4660-82b5-509c54b15f2a"",""service"":""4978aa94-666c-47c7-8024-3ada55195a51"",""deployment"":""be21d214-399e-4cb9-96da-bd665a6ad3ab"",""replica"":""d7704cdc-dd1f-4c56-9805-d3fdc64788da""}",2026-03-28T00:36:59.663985885Z
[CONNECTION UPDATE] ✅ EVENT RECEIVED! {,info,"{""level"":""info""}","{""project"":""ce3616d9-58ad-4ec7-a294-1821e1564434"",""environment"":""fb6513d0-42a4-4660-82b5-509c54b15f2a"",""service"":""4978aa94-666c-47c7-8024-3ada55195a51"",""deployment"":""be21d214-399e-4cb9-96da-bd665a6ad3ab"",""replica"":""d7704cdc-dd1f-4c56-9805-d3fdc64788da""}",2026-03-28T00:36:59.663987478Z
[CLEAR SESSION] ✅ Session directory successfully deleted,info,"{""level"":""info""}","{""project"":""ce3616d9-58ad-4ec7-a294-1821e1564434"",""environment"":""fb6513d0-42a4-4660-82b5-509c54b15f2a"",""service"":""4978aa94-666c-47c7-8024-3ada55195a51"",""deployment"":""be21d214-399e-4cb9-96da-bd665a6ad3ab"",""replica"":""d7704cdc-dd1f-4c56-9805-d3fdc64788da""}",2026-03-28T00:36:59.663992628Z
[CLEAR SESSION] Session path: /app/mini-services/whatsapp-service/sessions/akun1,info,"{""level"":""info""}","{""project"":""ce3616d9-58ad-4ec7-a294-1821e1564434"",""environment"":""fb6513d0-42a4-4660-82b5-509c54b15f2a"",""service"":""4978aa94-666c-47c7-8024-3ada55195a51"",""deployment"":""be21d214-399e-4cb9-96da-bd665a6ad3ab"",""replica"":""d7704cdc-dd1f-4c56-9805-d3fdc64788da""}",2026-03-28T00:36:59.663993783Z
"  usePairingCode: false,",info,"{""level"":""info""}","{""project"":""ce3616d9-58ad-4ec7-a294-1821e1564434"",""environment"":""fb6513d0-42a4-4660-82b5-509c54b15f2a"",""service"":""4978aa94-666c-47c7-8024-3ada55195a51"",""deployment"":""be21d214-399e-4cb9-96da-bd665a6ad3ab"",""replica"":""d7704cdc-dd1f-4c56-9805-d3fdc64788da""}",2026-03-28T00:36:59.663994021Z
"  hasQr: false,",info,"{""level"":""info""}","{""project"":""ce3616d9-58ad-4ec7-a294-1821e1564434"",""environment"":""fb6513d0-42a4-4660-82b5-509c54b15f2a"",""service"":""4978aa94-666c-47c7-8024-3ada55195a51"",""deployment"":""be21d214-399e-4cb9-96da-bd665a6ad3ab"",""replica"":""d7704cdc-dd1f-4c56-9805-d3fdc64788da""}",2026-03-28T00:36:59.663997809Z
"  accountId: 'akun1',",info,"{""level"":""info""}","{""project"":""ce3616d9-58ad-4ec7-a294-1821e1564434"",""environment"":""fb6513d0-42a4-4660-82b5-509c54b15f2a"",""service"":""4978aa94-666c-47c7-8024-3ada55195a51"",""deployment"":""be21d214-399e-4cb9-96da-bd665a6ad3ab"",""replica"":""d7704cdc-dd1f-4c56-9805-d3fdc64788da""}",2026-03-28T00:36:59.664000842Z
"  phoneNumber: undefined,",info,"{""level"":""info""}","{""project"":""ce3616d9-58ad-4ec7-a294-1821e1564434"",""environment"":""fb6513d0-42a4-4660-82b5-509c54b15f2a"",""service"":""4978aa94-666c-47c7-8024-3ada55195a51"",""deployment"":""be21d214-399e-4cb9-96da-bd665a6ad3ab"",""replica"":""d7704cdc-dd1f-4c56-9805-d3fdc64788da""}",2026-03-28T00:36:59.664003929Z
[CLEAR SESSION] Session directory exists,info,"{""level"":""info""}","{""project"":""ce3616d9-58ad-4ec7-a294-1821e1564434"",""environment"":""fb6513d0-42a4-4660-82b5-509c54b15f2a"",""service"":""4978aa94-666c-47c7-8024-3ada55195a51"",""deployment"":""be21d214-399e-4cb9-96da-bd665a6ad3ab"",""replica"":""d7704cdc-dd1f-4c56-9805-d3fdc64788da""}",2026-03-28T00:36:59.664004451Z
"  qrPreview: null,",info,"{""level"":""info""}","{""project"":""ce3616d9-58ad-4ec7-a294-1821e1564434"",""environment"":""fb6513d0-42a4-4660-82b5-509c54b15f2a"",""service"":""4978aa94-666c-47c7-8024-3ada55195a51"",""deployment"":""be21d214-399e-4cb9-96da-bd665a6ad3ab"",""replica"":""d7704cdc-dd1f-4c56-9805-d3fdc64788da""}",2026-03-28T00:36:59.664009495Z
  isNewLogin: undefined,info,"{""level"":""info""}","{""project"":""ce3616d9-58ad-4ec7-a294-1821e1564434"",""environment"":""fb6513d0-42a4-4660-82b5-509c54b15f2a"",""service"":""4978aa94-666c-47c7-8024-3ada55195a51"",""deployment"":""be21d214-399e-4cb9-96da-bd665a6ad3ab"",""replica"":""d7704cdc-dd1f-4c56-9805-d3fdc64788da""}",2026-03-28T00:36:59.664016646Z
  forceNew: true,info,"{""level"":""info""}","{""project"":""ce3616d9-58ad-4ec7-a294-1821e1564434"",""environment"":""fb6513d0-42a4-4660-82b5-509c54b15f2a"",""service"":""4978aa94-666c-47c7-8024-3ada55195a51"",""deployment"":""be21d214-399e-4cb9-96da-bd665a6ad3ab"",""replica"":""d7704cdc-dd1f-4c56-9805-d3fdc64788da""}",2026-03-28T00:36:59.664019781Z
},info,"{""level"":""info""}","{""project"":""ce3616d9-58ad-4ec7-a294-1821e1564434"",""environment"":""fb6513d0-42a4-4660-82b5-509c54b15f2a"",""service"":""4978aa94-666c-47c7-8024-3ada55195a51"",""deployment"":""be21d214-399e-4cb9-96da-bd665a6ad3ab"",""replica"":""d7704cdc-dd1f-4c56-9805-d3fdc64788da""}",2026-03-28T00:36:59.664024370Z
},info,"{""level"":""info""}","{""project"":""ce3616d9-58ad-4ec7-a294-1821e1564434"",""environment"":""fb6513d0-42a4-4660-82b5-509c54b15f2a"",""service"":""4978aa94-666c-47c7-8024-3ada55195a51"",""deployment"":""be21d214-399e-4cb9-96da-bd665a6ad3ab"",""replica"":""d7704cdc-dd1f-4c56-9805-d3fdc64788da""}",2026-03-28T00:36:59.664029335Z
[START SESSION] Current accounts: [],info,"{""level"":""info""}","{""project"":""ce3616d9-58ad-4ec7-a294-1821e1564434"",""environment"":""fb6513d0-42a4-4660-82b5-509c54b15f2a"",""service"":""4978aa94-666c-47c7-8024-3ada55195a51"",""deployment"":""be21d214-399e-4cb9-96da-bd665a6ad3ab"",""replica"":""d7704cdc-dd1f-4c56-9805-d3fdc64788da""}",2026-03-28T00:36:59.664038025Z
==========================================,info,"{""level"":""info""}","{""project"":""ce3616d9-58ad-4ec7-a294-1821e1564434"",""environment"":""fb6513d0-42a4-4660-82b5-509c54b15f2a"",""service"":""4978aa94-666c-47c7-8024-3ada55195a51"",""deployment"":""be21d214-399e-4cb9-96da-bd665a6ad3ab"",""replica"":""d7704cdc-dd1f-4c56-9805-d3fdc64788da""}",2026-03-28T00:36:59.664046457Z
[START SESSION] ✅ Session data cleared successfully,info,"{""level"":""info""}","{""project"":""ce3616d9-58ad-4ec7-a294-1821e1564434"",""environment"":""fb6513d0-42a4-4660-82b5-509c54b15f2a"",""service"":""4978aa94-666c-47c7-8024-3ada55195a51"",""deployment"":""be21d214-399e-4cb9-96da-bd665a6ad3ab"",""replica"":""d7704cdc-dd1f-4c56-9805-d3fdc64788da""}",2026-03-28T00:36:59.665208899Z
[START SESSION] Creating WhatsApp socket...,info,"{""level"":""info""}","{""project"":""ce3616d9-58ad-4ec7-a294-1821e1564434"",""environment"":""fb6513d0-42a4-4660-82b5-509c54b15f2a"",""service"":""4978aa94-666c-47c7-8024-3ada55195a51"",""deployment"":""be21d214-399e-4cb9-96da-bd665a6ad3ab"",""replica"":""d7704cdc-dd1f-4c56-9805-d3fdc64788da""}",2026-03-28T00:36:59.665221133Z
[NETWORK] Testing connectivity to WhatsApp servers...,info,"{""level"":""info""}","{""project"":""ce3616d9-58ad-4ec7-a294-1821e1564434"",""environment"":""fb6513d0-42a4-4660-82b5-509c54b15f2a"",""service"":""4978aa94-666c-47c7-8024-3ada55195a51"",""deployment"":""be21d214-399e-4cb9-96da-bd665a6ad3ab"",""replica"":""d7704cdc-dd1f-4c56-9805-d3fdc64788da""}",2026-03-28T00:36:59.665230995Z
[NETWORK] DNS resolution for web.whatsapp.com: [ '57.144.15.32' ],info,"{""level"":""info""}","{""project"":""ce3616d9-58ad-4ec7-a294-1821e1564434"",""environment"":""fb6513d0-42a4-4660-82b5-509c54b15f2a"",""service"":""4978aa94-666c-47c7-8024-3ada55195a51"",""deployment"":""be21d214-399e-4cb9-96da-bd665a6ad3ab"",""replica"":""d7704cdc-dd1f-4c56-9805-d3fdc64788da""}",2026-03-28T00:36:59.665239064Z
[START SESSION] - creds.me.name: N/A,info,"{""level"":""info""}","{""project"":""ce3616d9-58ad-4ec7-a294-1821e1564434"",""environment"":""fb6513d0-42a4-4660-82b5-509c54b15f2a"",""service"":""4978aa94-666c-47c7-8024-3ada55195a51"",""deployment"":""be21d214-399e-4cb9-96da-bd665a6ad3ab"",""replica"":""d7704cdc-dd1f-4c56-9805-d3fdc64788da""}",2026-03-28T00:36:59.665241636Z
[START SESSION] - This account will: REGISTER (expect QR),info,"{""level"":""info""}","{""project"":""ce3616d9-58ad-4ec7-a294-1821e1564434"",""environment"":""fb6513d0-42a4-4660-82b5-509c54b15f2a"",""service"":""4978aa94-666c-47c7-8024-3ada55195a51"",""deployment"":""be21d214-399e-4cb9-96da-bd665a6ad3ab"",""replica"":""d7704cdc-dd1f-4c56-9805-d3fdc64788da""}",2026-03-28T00:36:59.665248916Z
[START SESSION] Session directory created: /app/mini-services/whatsapp-service/sessions/akun1,info,"{""level"":""info""}","{""project"":""ce3616d9-58ad-4ec7-a294-1821e1564434"",""environment"":""fb6513d0-42a4-4660-82b5-509c54b15f2a"",""service"":""4978aa94-666c-47c7-8024-3ada55195a51"",""deployment"":""be21d214-399e-4cb9-96da-bd665a6ad3ab"",""replica"":""d7704cdc-dd1f-4c56-9805-d3fdc64788da""}",2026-03-28T00:36:59.665263722Z
[START SESSION] - hasCreds: true,info,"{""level"":""info""}","{""project"":""ce3616d9-58ad-4ec7-a294-1821e1564434"",""environment"":""fb6513d0-42a4-4660-82b5-509c54b15f2a"",""service"":""4978aa94-666c-47c7-8024-3ada55195a51"",""deployment"":""be21d214-399e-4cb9-96da-bd665a6ad3ab"",""replica"":""d7704cdc-dd1f-4c56-9805-d3fdc64788da""}",2026-03-28T00:36:59.665267538Z
[START SESSION] Fetching Baileys version...,info,"{""level"":""info""}","{""project"":""ce3616d9-58ad-4ec7-a294-1821e1564434"",""environment"":""fb6513d0-42a4-4660-82b5-509c54b15f2a"",""service"":""4978aa94-666c-47c7-8024-3ada55195a51"",""deployment"":""be21d214-399e-4cb9-96da-bd665a6ad3ab"",""replica"":""d7704cdc-dd1f-4c56-9805-d3fdc64788da""}",2026-03-28T00:36:59.665270660Z
[START SESSION] Loading auth state...,info,"{""level"":""info""}","{""project"":""ce3616d9-58ad-4ec7-a294-1821e1564434"",""environment"":""fb6513d0-42a4-4660-82b5-509c54b15f2a"",""service"":""4978aa94-666c-47c7-8024-3ada55195a51"",""deployment"":""be21d214-399e-4cb9-96da-bd665a6ad3ab"",""replica"":""d7704cdc-dd1f-4c56-9805-d3fdc64788da""}",2026-03-28T00:36:59.665273509Z
[START SESSION] - creds.me exists: false,info,"{""level"":""info""}","{""project"":""ce3616d9-58ad-4ec7-a294-1821e1564434"",""environment"":""fb6513d0-42a4-4660-82b5-509c54b15f2a"",""service"":""4978aa94-666c-47c7-8024-3ada55195a51"",""deployment"":""be21d214-399e-4cb9-96da-bd665a6ad3ab"",""replica"":""d7704cdc-dd1f-4c56-9805-d3fdc64788da""}",2026-03-28T00:36:59.665277281Z
"[START SESSION] Baileys version: [ 2, 3000, 1035194821 ]",info,"{""level"":""info""}","{""project"":""ce3616d9-58ad-4ec7-a294-1821e1564434"",""environment"":""fb6513d0-42a4-4660-82b5-509c54b15f2a"",""service"":""4978aa94-666c-47c7-8024-3ada55195a51"",""deployment"":""be21d214-399e-4cb9-96da-bd665a6ad3ab"",""replica"":""d7704cdc-dd1f-4c56-9805-d3fdc64788da""}",2026-03-28T00:36:59.665280771Z
[START SESSION] Auth state loaded:,info,"{""level"":""info""}","{""project"":""ce3616d9-58ad-4ec7-a294-1821e1564434"",""environment"":""fb6513d0-42a4-4660-82b5-509c54b15f2a"",""service"":""4978aa94-666c-47c7-8024-3ada55195a51"",""deployment"":""be21d214-399e-4cb9-96da-bd665a6ad3ab"",""replica"":""d7704cdc-dd1f-4c56-9805-d3fdc64788da""}",2026-03-28T00:36:59.665282846Z
[START SESSION] - creds.me.id: N/A,info,"{""level"":""info""}","{""project"":""ce3616d9-58ad-4ec7-a294-1821e1564434"",""environment"":""fb6513d0-42a4-4660-82b5-509c54b15f2a"",""service"":""4978aa94-666c-47c7-8024-3ada55195a51"",""deployment"":""be21d214-399e-4cb9-96da-bd665a6ad3ab"",""replica"":""d7704cdc-dd1f-4c56-9805-d3fdc64788da""}",2026-03-28T00:36:59.665286142Z
[NETWORK] HTTPS test to web.whatsapp.com: Status 200,info,"{""level"":""info""}","{""project"":""ce3616d9-58ad-4ec7-a294-1821e1564434"",""environment"":""fb6513d0-42a4-4660-82b5-509c54b15f2a"",""service"":""4978aa94-666c-47c7-8024-3ada55195a51"",""deployment"":""be21d214-399e-4cb9-96da-bd665a6ad3ab"",""replica"":""d7704cdc-dd1f-4c56-9805-d3fdc64788da""}",2026-03-28T00:36:59.755076850Z
[SOCKET] makeWASocket created for: akun1,info,"{""level"":""info""}","{""project"":""ce3616d9-58ad-4ec7-a294-1821e1564434"",""environment"":""fb6513d0-42a4-4660-82b5-509c54b15f2a"",""service"":""4978aa94-666c-47c7-8024-3ada55195a51"",""deployment"":""be21d214-399e-4cb9-96da-bd665a6ad3ab"",""replica"":""d7704cdc-dd1f-4c56-9805-d3fdc64788da""}",2026-03-28T00:36:59.758871731Z
"  href: 'wss://web.whatsapp.com/ws/chat',",info,"{""level"":""info""}","{""project"":""ce3616d9-58ad-4ec7-a294-1821e1564434"",""environment"":""fb6513d0-42a4-4660-82b5-509c54b15f2a"",""service"":""4978aa94-666c-47c7-8024-3ada55195a51"",""deployment"":""be21d214-399e-4cb9-96da-bd665a6ad3ab"",""replica"":""d7704cdc-dd1f-4c56-9805-d3fdc64788da""}",2026-03-28T00:36:59.758873305Z
[SOCKET] Socket has ev? true,info,"{""level"":""info""}","{""project"":""ce3616d9-58ad-4ec7-a294-1821e1564434"",""environment"":""fb6513d0-42a4-4660-82b5-509c54b15f2a"",""service"":""4978aa94-666c-47c7-8024-3ada55195a51"",""deployment"":""be21d214-399e-4cb9-96da-bd665a6ad3ab"",""replica"":""d7704cdc-dd1f-4c56-9805-d3fdc64788da""}",2026-03-28T00:36:59.758879490Z
[SOCKET] Socket has ws? true,info,"{""level"":""info""}","{""project"":""ce3616d9-58ad-4ec7-a294-1821e1564434"",""environment"":""fb6513d0-42a4-4660-82b5-509c54b15f2a"",""service"":""4978aa94-666c-47c7-8024-3ada55195a51"",""deployment"":""be21d214-399e-4cb9-96da-bd665a6ad3ab"",""replica"":""d7704cdc-dd1f-4c56-9805-d3fdc64788da""}",2026-03-28T00:36:59.758885061Z
"  origin: 'wss://web.whatsapp.com',",info,"{""level"":""info""}","{""project"":""ce3616d9-58ad-4ec7-a294-1821e1564434"",""environment"":""fb6513d0-42a4-4660-82b5-509c54b15f2a"",""service"":""4978aa94-666c-47c7-8024-3ada55195a51"",""deployment"":""be21d214-399e-4cb9-96da-bd665a6ad3ab"",""replica"":""d7704cdc-dd1f-4c56-9805-d3fdc64788da""}",2026-03-28T00:36:59.758886761Z
"  protocol: 'wss:',",info,"{""level"":""info""}","{""project"":""ce3616d9-58ad-4ec7-a294-1821e1564434"",""environment"":""fb6513d0-42a4-4660-82b5-509c54b15f2a"",""service"":""4978aa94-666c-47c7-8024-3ada55195a51"",""deployment"":""be21d214-399e-4cb9-96da-bd665a6ad3ab"",""replica"":""d7704cdc-dd1f-4c56-9805-d3fdc64788da""}",2026-03-28T00:36:59.758898658Z
[SOCKET] Socket user? undefined,info,"{""level"":""info""}","{""project"":""ce3616d9-58ad-4ec7-a294-1821e1564434"",""environment"":""fb6513d0-42a4-4660-82b5-509c54b15f2a"",""service"":""4978aa94-666c-47c7-8024-3ada55195a51"",""deployment"":""be21d214-399e-4cb9-96da-bd665a6ad3ab"",""replica"":""d7704cdc-dd1f-4c56-9805-d3fdc64788da""}",2026-03-28T00:36:59.758902158Z
"  username: '',",info,"{""level"":""info""}","{""project"":""ce3616d9-58ad-4ec7-a294-1821e1564434"",""environment"":""fb6513d0-42a4-4660-82b5-509c54b15f2a"",""service"":""4978aa94-666c-47c7-8024-3ada55195a51"",""deployment"":""be21d214-399e-4cb9-96da-bd665a6ad3ab"",""replica"":""d7704cdc-dd1f-4c56-9805-d3fdc64788da""}",2026-03-28T00:36:59.758906196Z
[ACCOUNT] ✅ Added pending account to map immediately: akun1,info,"{""level"":""info""}","{""project"":""ce3616d9-58ad-4ec7-a294-1821e1564434"",""environment"":""fb6513d0-42a4-4660-82b5-509c54b15f2a"",""service"":""4978aa94-666c-47c7-8024-3ada55195a51"",""deployment"":""be21d214-399e-4cb9-96da-bd665a6ad3ab"",""replica"":""d7704cdc-dd1f-4c56-9805-d3fdc64788da""}",2026-03-28T00:36:59.758910478Z
"  password: '',",info,"{""level"":""info""}","{""project"":""ce3616d9-58ad-4ec7-a294-1821e1564434"",""environment"":""fb6513d0-42a4-4660-82b5-509c54b15f2a"",""service"":""4978aa94-666c-47c7-8024-3ada55195a51"",""deployment"":""be21d214-399e-4cb9-96da-bd665a6ad3ab"",""replica"":""d7704cdc-dd1f-4c56-9805-d3fdc64788da""}",2026-03-28T00:36:59.758914057Z
[SOCKET] 🚀 Registering connection.update handler IMMEDIATELY for: akun1,info,"{""level"":""info""}","{""project"":""ce3616d9-58ad-4ec7-a294-1821e1564434"",""environment"":""fb6513d0-42a4-4660-82b5-509c54b15f2a"",""service"":""4978aa94-666c-47c7-8024-3ada55195a51"",""deployment"":""be21d214-399e-4cb9-96da-bd665a6ad3ab"",""replica"":""d7704cdc-dd1f-4c56-9805-d3fdc64788da""}",2026-03-28T00:36:59.758916566Z
[SOCKET] ✅ Event handlers registered IMMEDIATELY,info,"{""level"":""info""}","{""project"":""ce3616d9-58ad-4ec7-a294-1821e1564434"",""environment"":""fb6513d0-42a4-4660-82b5-509c54b15f2a"",""service"":""4978aa94-666c-47c7-8024-3ada55195a51"",""deployment"":""be21d214-399e-4cb9-96da-bd665a6ad3ab"",""replica"":""d7704cdc-dd1f-4c56-9805-d3fdc64788da""}",2026-03-28T00:36:59.758922384Z
"  host: 'web.whatsapp.com',",info,"{""level"":""info""}","{""project"":""ce3616d9-58ad-4ec7-a294-1821e1564434"",""environment"":""fb6513d0-42a4-4660-82b5-509c54b15f2a"",""service"":""4978aa94-666c-47c7-8024-3ada55195a51"",""deployment"":""be21d214-399e-4cb9-96da-bd665a6ad3ab"",""replica"":""d7704cdc-dd1f-4c56-9805-d3fdc64788da""}",2026-03-28T00:36:59.758923206Z
[WS] Native WebSocket exists: true,info,"{""level"":""info""}","{""project"":""ce3616d9-58ad-4ec7-a294-1821e1564434"",""environment"":""fb6513d0-42a4-4660-82b5-509c54b15f2a"",""service"":""4978aa94-666c-47c7-8024-3ada55195a51"",""deployment"":""be21d214-399e-4cb9-96da-bd665a6ad3ab"",""replica"":""d7704cdc-dd1f-4c56-9805-d3fdc64788da""}",2026-03-28T00:36:59.758929676Z
"  hostname: 'web.whatsapp.com',",info,"{""level"":""info""}","{""project"":""ce3616d9-58ad-4ec7-a294-1821e1564434"",""environment"":""fb6513d0-42a4-4660-82b5-509c54b15f2a"",""service"":""4978aa94-666c-47c7-8024-3ada55195a51"",""deployment"":""be21d214-399e-4cb9-96da-bd665a6ad3ab"",""replica"":""d7704cdc-dd1f-4c56-9805-d3fdc64788da""}",2026-03-28T00:36:59.758931009Z
[WS] Native WebSocket state: 0 = CONNECTING,info,"{""level"":""info""}","{""project"":""ce3616d9-58ad-4ec7-a294-1821e1564434"",""environment"":""fb6513d0-42a4-4660-82b5-509c54b15f2a"",""service"":""4978aa94-666c-47c7-8024-3ada55195a51"",""deployment"":""be21d214-399e-4cb9-96da-bd665a6ad3ab"",""replica"":""d7704cdc-dd1f-4c56-9805-d3fdc64788da""}",2026-03-28T00:36:59.758936474Z
"  port: '',",info,"{""level"":""info""}","{""project"":""ce3616d9-58ad-4ec7-a294-1821e1564434"",""environment"":""fb6513d0-42a4-4660-82b5-509c54b15f2a"",""service"":""4978aa94-666c-47c7-8024-3ada55195a51"",""deployment"":""be21d214-399e-4cb9-96da-bd665a6ad3ab"",""replica"":""d7704cdc-dd1f-4c56-9805-d3fdc64788da""}",2026-03-28T00:36:59.758938716Z
[WS] WebSocketClient isConnecting: true,info,"{""level"":""info""}","{""project"":""ce3616d9-58ad-4ec7-a294-1821e1564434"",""environment"":""fb6513d0-42a4-4660-82b5-509c54b15f2a"",""service"":""4978aa94-666c-47c7-8024-3ada55195a51"",""deployment"":""be21d214-399e-4cb9-96da-bd665a6ad3ab"",""replica"":""d7704cdc-dd1f-4c56-9805-d3fdc64788da""}",2026-03-28T00:36:59.758943247Z
"  pathname: '/ws/chat',",info,"{""level"":""info""}","{""project"":""ce3616d9-58ad-4ec7-a294-1821e1564434"",""environment"":""fb6513d0-42a4-4660-82b5-509c54b15f2a"",""service"":""4978aa94-666c-47c7-8024-3ada55195a51"",""deployment"":""be21d214-399e-4cb9-96da-bd665a6ad3ab"",""replica"":""d7704cdc-dd1f-4c56-9805-d3fdc64788da""}",2026-03-28T00:36:59.758946355Z
[WS] WebSocketClient isOpen: false,info,"{""level"":""info""}","{""project"":""ce3616d9-58ad-4ec7-a294-1821e1564434"",""environment"":""fb6513d0-42a4-4660-82b5-509c54b15f2a"",""service"":""4978aa94-666c-47c7-8024-3ada55195a51"",""deployment"":""be21d214-399e-4cb9-96da-bd665a6ad3ab"",""replica"":""d7704cdc-dd1f-4c56-9805-d3fdc64788da""}",2026-03-28T00:36:59.758949371Z
"  search: '',",info,"{""level"":""info""}","{""project"":""ce3616d9-58ad-4ec7-a294-1821e1564434"",""environment"":""fb6513d0-42a4-4660-82b5-509c54b15f2a"",""service"":""4978aa94-666c-47c7-8024-3ada55195a51"",""deployment"":""be21d214-399e-4cb9-96da-bd665a6ad3ab"",""replica"":""d7704cdc-dd1f-4c56-9805-d3fdc64788da""}",2026-03-28T00:36:59.758954262Z
[WS] WebSocketClient isClosed: false,info,"{""level"":""info""}","{""project"":""ce3616d9-58ad-4ec7-a294-1821e1564434"",""environment"":""fb6513d0-42a4-4660-82b5-509c54b15f2a"",""service"":""4978aa94-666c-47c7-8024-3ada55195a51"",""deployment"":""be21d214-399e-4cb9-96da-bd665a6ad3ab"",""replica"":""d7704cdc-dd1f-4c56-9805-d3fdc64788da""}",2026-03-28T00:36:59.758955849Z
[WS] WebSocket URL: URL {,info,"{""level"":""info""}","{""project"":""ce3616d9-58ad-4ec7-a294-1821e1564434"",""environment"":""fb6513d0-42a4-4660-82b5-509c54b15f2a"",""service"":""4978aa94-666c-47c7-8024-3ada55195a51"",""deployment"":""be21d214-399e-4cb9-96da-bd665a6ad3ab"",""replica"":""d7704cdc-dd1f-4c56-9805-d3fdc64788da""}",2026-03-28T00:36:59.758961537Z
"  searchParams: URLSearchParams {},",info,"{""level"":""info""}","{""project"":""ce3616d9-58ad-4ec7-a294-1821e1564434"",""environment"":""fb6513d0-42a4-4660-82b5-509c54b15f2a"",""service"":""4978aa94-666c-47c7-8024-3ada55195a51"",""deployment"":""be21d214-399e-4cb9-96da-bd665a6ad3ab"",""replica"":""d7704cdc-dd1f-4c56-9805-d3fdc64788da""}",2026-03-28T00:36:59.758962443Z
  hash: '',info,"{""level"":""info""}","{""project"":""ce3616d9-58ad-4ec7-a294-1821e1564434"",""environment"":""fb6513d0-42a4-4660-82b5-509c54b15f2a"",""service"":""4978aa94-666c-47c7-8024-3ada55195a51"",""deployment"":""be21d214-399e-4cb9-96da-bd665a6ad3ab"",""replica"":""d7704cdc-dd1f-4c56-9805-d3fdc64788da""}",2026-03-28T00:36:59.758968857Z
},info,"{""level"":""info""}","{""project"":""ce3616d9-58ad-4ec7-a294-1821e1564434"",""environment"":""fb6513d0-42a4-4660-82b5-509c54b15f2a"",""service"":""4978aa94-666c-47c7-8024-3ada55195a51"",""deployment"":""be21d214-399e-4cb9-96da-bd665a6ad3ab"",""replica"":""d7704cdc-dd1f-4c56-9805-d3fdc64788da""}",2026-03-28T00:36:59.758978365Z
[SESSION] ✅ Retrieved account from map: akun1,info,"{""level"":""info""}","{""project"":""ce3616d9-58ad-4ec7-a294-1821e1564434"",""environment"":""fb6513d0-42a4-4660-82b5-509c54b15f2a"",""service"":""4978aa94-666c-47c7-8024-3ada55195a51"",""deployment"":""be21d214-399e-4cb9-96da-bd665a6ad3ab"",""replica"":""d7704cdc-dd1f-4c56-9805-d3fdc64788da""}",2026-03-28T00:36:59.758984870Z
==========================================,info,"{""level"":""info""}","{""project"":""ce3616d9-58ad-4ec7-a294-1821e1564434"",""environment"":""fb6513d0-42a4-4660-82b5-509c54b15f2a"",""service"":""4978aa94-666c-47c7-8024-3ada55195a51"",""deployment"":""be21d214-399e-4cb9-96da-bd665a6ad3ab"",""replica"":""d7704cdc-dd1f-4c56-9805-d3fdc64788da""}",2026-03-28T00:36:59.761883458Z
[CONNECTION UPDATE] ✅ EVENT RECEIVED! {,info,"{""level"":""info""}","{""project"":""ce3616d9-58ad-4ec7-a294-1821e1564434"",""environment"":""fb6513d0-42a4-4660-82b5-509c54b15f2a"",""service"":""4978aa94-666c-47c7-8024-3ada55195a51"",""deployment"":""be21d214-399e-4cb9-96da-bd665a6ad3ab"",""replica"":""d7704cdc-dd1f-4c56-9805-d3fdc64788da""}",2026-03-28T00:36:59.761893368Z
"  accountId: 'akun1',",info,"{""level"":""info""}","{""project"":""ce3616d9-58ad-4ec7-a294-1821e1564434"",""environment"":""fb6513d0-42a4-4660-82b5-509c54b15f2a"",""service"":""4978aa94-666c-47c7-8024-3ada55195a51"",""deployment"":""be21d214-399e-4cb9-96da-bd665a6ad3ab"",""replica"":""d7704cdc-dd1f-4c56-9805-d3fdc64788da""}",2026-03-28T00:36:59.761903422Z
"  connection: 'connecting',",info,"{""level"":""info""}","{""project"":""ce3616d9-58ad-4ec7-a294-1821e1564434"",""environment"":""fb6513d0-42a4-4660-82b5-509c54b15f2a"",""service"":""4978aa94-666c-47c7-8024-3ada55195a51"",""deployment"":""be21d214-399e-4cb9-96da-bd665a6ad3ab"",""replica"":""d7704cdc-dd1f-4c56-9805-d3fdc64788da""}",2026-03-28T00:36:59.761910555Z
"  hasQr: false,",info,"{""level"":""info""}","{""project"":""ce3616d9-58ad-4ec7-a294-1821e1564434"",""environment"":""fb6513d0-42a4-4660-82b5-509c54b15f2a"",""service"":""4978aa94-666c-47c7-8024-3ada55195a51"",""deployment"":""be21d214-399e-4cb9-96da-bd665a6ad3ab"",""replica"":""d7704cdc-dd1f-4c56-9805-d3fdc64788da""}",2026-03-28T00:36:59.761917513Z
"  qrPreview: null,",info,"{""level"":""info""}","{""project"":""ce3616d9-58ad-4ec7-a294-1821e1564434"",""environment"":""fb6513d0-42a4-4660-82b5-509c54b15f2a"",""service"":""4978aa94-666c-47c7-8024-3ada55195a51"",""deployment"":""be21d214-399e-4cb9-96da-bd665a6ad3ab"",""replica"":""d7704cdc-dd1f-4c56-9805-d3fdc64788da""}",2026-03-28T00:36:59.761924119Z
  isNewLogin: undefined,info,"{""level"":""info""}","{""project"":""ce3616d9-58ad-4ec7-a294-1821e1564434"",""environment"":""fb6513d0-42a4-4660-82b5-509c54b15f2a"",""service"":""4978aa94-666c-47c7-8024-3ada55195a51"",""deployment"":""be21d214-399e-4cb9-96da-bd665a6ad3ab"",""replica"":""d7704cdc-dd1f-4c56-9805-d3fdc64788da""}",2026-03-28T00:36:59.761930986Z
},info,"{""level"":""info""}","{""project"":""ce3616d9-58ad-4ec7-a294-1821e1564434"",""environment"":""fb6513d0-42a4-4660-82b5-509c54b15f2a"",""service"":""4978aa94-666c-47c7-8024-3ada55195a51"",""deployment"":""be21d214-399e-4cb9-96da-bd665a6ad3ab"",""replica"":""d7704cdc-dd1f-4c56-9805-d3fdc64788da""}",2026-03-28T00:36:59.761940803Z
==========================================,info,"{""level"":""info""}","{""project"":""ce3616d9-58ad-4ec7-a294-1821e1564434"",""environment"":""fb6513d0-42a4-4660-82b5-509c54b15f2a"",""service"":""4978aa94-666c-47c7-8024-3ada55195a51"",""deployment"":""be21d214-399e-4cb9-96da-bd665a6ad3ab"",""replica"":""d7704cdc-dd1f-4c56-9805-d3fdc64788da""}",2026-03-28T00:36:59.761946711Z
[WS NATIVE MESSAGE] Received for akun1 binary: true len: 4 preview: iAID8w==,info,"{""level"":""info""}","{""project"":""ce3616d9-58ad-4ec7-a294-1821e1564434"",""environment"":""fb6513d0-42a4-4660-82b5-509c54b15f2a"",""service"":""4978aa94-666c-47c7-8024-3ada55195a51"",""deployment"":""be21d214-399e-4cb9-96da-bd665a6ad3ab"",""replica"":""d7704cdc-dd1f-4c56-9805-d3fdc64788da""}",2026-03-28T00:36:59.856734597Z
[WS NATIVE CLOSE] Native WebSocket closed for akun1 code: 1006 reason: ,info,"{""level"":""info""}","{""project"":""ce3616d9-58ad-4ec7-a294-1821e1564434"",""environment"":""fb6513d0-42a4-4660-82b5-509c54b15f2a"",""service"":""4978aa94-666c-47c7-8024-3ada55195a51"",""deployment"":""be21d214-399e-4cb9-96da-bd665a6ad3ab"",""replica"":""d7704cdc-dd1f-4c56-9805-d3fdc64788da""}",2026-03-28T00:36:59.856739935Z
connected to WA,info,"{""time"":1774658219980,""pid"":91,""hostname"":""7908e5d7637e"",""browser"":[""Mac OS"",""Chrome"",""14.4.1""],""helloMsg"":{""clientHello"":{""ephemeral"":""gQxMhmszT4gA+BBLsRGgt4JyYYa/FGO0OypmJ5e4N08=""}},""level"":""info""}","{""project"":""ce3616d9-58ad-4ec7-a294-1821e1564434"",""environment"":""fb6513d0-42a4-4660-82b5-509c54b15f2a"",""service"":""4978aa94-666c-47c7-8024-3ada55195a51"",""deployment"":""be21d214-399e-4cb9-96da-bd665a6ad3ab"",""replica"":""d7704cdc-dd1f-4c56-9805-d3fdc64788da""}",2026-03-28T00:37:00.795365687Z
[WS NATIVE SEND] Sending for akun1 type: object preview: V0EGAwAAJBIiCiCBDEyGazNPiAD4EEuxEaC3gnJhhr8UY7Q7KmYnl7g3Tw==,info,"{""level"":""info""}","{""project"":""ce3616d9-58ad-4ec7-a294-1821e1564434"",""environment"":""fb6513d0-42a4-4660-82b5-509c54b15f2a"",""service"":""4978aa94-666c-47c7-8024-3ada55195a51"",""deployment"":""be21d214-399e-4cb9-96da-bd665a6ad3ab"",""replica"":""d7704cdc-dd1f-4c56-9805-d3fdc64788da""}",2026-03-28T00:37:00.795370364Z
[WS NATIVE OPEN] Native WebSocket opened for akun1,info,"{""level"":""info""}","{""project"":""ce3616d9-58ad-4ec7-a294-1821e1564434"",""environment"":""fb6513d0-42a4-4660-82b5-509c54b15f2a"",""service"":""4978aa94-666c-47c7-8024-3ada55195a51"",""deployment"":""be21d214-399e-4cb9-96da-bd665a6ad3ab"",""replica"":""d7704cdc-dd1f-4c56-9805-d3fdc64788da""}",2026-03-28T00:37:00.795374740Z
[WS NATIVE MESSAGE] Received for akun1 binary: true len: 350 preview: AAFbGtgCCiD3SMwFBiUvclh+bR9SkQEjvGdfqB74UzPZxhj8vuRpFRIwFztqaLP59Js=...,info,"{""level"":""info""}","{""project"":""ce3616d9-58ad-4ec7-a294-1821e1564434"",""environment"":""fb6513d0-42a4-4660-82b5-509c54b15f2a"",""service"":""4978aa94-666c-47c7-8024-3ada55195a51"",""deployment"":""be21d214-399e-4cb9-96da-bd665a6ad3ab"",""replica"":""d7704cdc-dd1f-4c56-9805-d3fdc64788da""}",2026-03-28T00:37:00.795378912Z
"not logged in, attempting registration...",info,"{""time"":1774658220203,""pid"":91,""hostname"":""7908e5d7637e"",""node"":{""passive"":false,""userAgent"":{""platform"":""WEB"",""appVersion"":{""primary"":2,""secondary"":3000,""tertiary"":1035194821},""mcc"":""000"",""mnc"":""000"",""osVersion"":""0.1"",""device"":""Desktop"",""osBuildNumber"":""0.1"",""releaseChannel"":""RELEASE"",""localeLanguageIso6391"":""en"",""localeCountryIso31661Alpha2"":""US""},""webInfo"":{""webSubPlatform"":""WEB_BROWSER""},""connectType"":""WIFI_UNKNOWN"",""connectReason"":""USER_ACTIVATED"",""devicePairingData"":{""eRegid"":""AAAA/Q=="",""eKeytype"":""BQ=="",""eIdent"":""a1Kgh+CeYxDPMVTyVonbpFr7kCge1j29cjNcfVlx/0U="",""eSkeyId"":""AAAB"",""eSkeyVal"":""7eXLQ+BTZ7gjlXgemTfek57hYM9344Jda7O/cc5GQQ0="",""eSkeySig"":""bu9ZDcXNUq5xrroZEKn3oK7seX2jtgEYqInmlfRbbTF9TrWvtNszKWm3rc6JAE8XC8kUkWBHxzpa78o9Ps/miQ=="",""buildHash"":""oslHHv+RCp4a5lmJCiiHLQ=="",""deviceProps"":""CgZNYWMgT1MYASAAKhUYgFAgATAAOAFAAUgBUAFYAWABcAE=""},""pull"":false},""level"":""info""}","{""project"":""ce3616d9-58ad-4ec7-a294-1821e1564434"",""environment"":""fb6513d0-42a4-4660-82b5-509c54b15f2a"",""service"":""4978aa94-666c-47c7-8024-3ada55195a51"",""deployment"":""be21d214-399e-4cb9-96da-bd665a6ad3ab"",""replica"":""d7704cdc-dd1f-4c56-9805-d3fdc64788da""}",2026-03-28T00:37:00.795383525Z
[WS NATIVE SEND] Sending for akun1 type: object preview: AAFcItkCCjBWUXJcZ7naXSV/f3Y98XIW0KMKZVRC6PpzZV4McerbAUIffEjvbaC6+1w=,info,"{""level"":""info""}","{""project"":""ce3616d9-58ad-4ec7-a294-1821e1564434"",""environment"":""fb6513d0-42a4-4660-82b5-509c54b15f2a"",""service"":""4978aa94-666c-47c7-8024-3ada55195a51"",""deployment"":""be21d214-399e-4cb9-96da-bd665a6ad3ab"",""replica"":""d7704cdc-dd1f-4c56-9805-d3fdc64788da""}",2026-03-28T00:37:00.795388353Z
[WS NATIVE MESSAGE] Received for akun1 binary: true len: 698 preview: AAK38V8Du9JlCre1XWa1+oZU3D1N0mHsQL06wOKfYQzVUS4OXJ3JdOdq6hAsRWS3OLM=...,info,"{""level"":""info""}","{""project"":""ce3616d9-58ad-4ec7-a294-1821e1564434"",""environment"":""fb6513d0-42a4-4660-82b5-509c54b15f2a"",""service"":""4978aa94-666c-47c7-8024-3ada55195a51"",""deployment"":""be21d214-399e-4cb9-96da-bd665a6ad3ab"",""replica"":""d7704cdc-dd1f-4c56-9805-d3fdc64788da""}",2026-03-28T00:37:00.795392340Z
[WS NATIVE SEND] Sending for akun1 type: object preview: AAAiSCh/z0KI3sCal4Yhn8NS4Sv9xEsKsjTaSBoou8323ye39g==,info,"{""level"":""info""}","{""project"":""ce3616d9-58ad-4ec7-a294-1821e1564434"",""environment"":""fb6513d0-42a4-4660-82b5-509c54b15f2a"",""service"":""4978aa94-666c-47c7-8024-3ada55195a51"",""deployment"":""be21d214-399e-4cb9-96da-bd665a6ad3ab"",""replica"":""d7704cdc-dd1f-4c56-9805-d3fdc64788da""}",2026-03-28T00:37:00.795396870Z
"  accountId: 'akun1',",info,"{""level"":""info""}","{""project"":""ce3616d9-58ad-4ec7-a294-1821e1564434"",""environment"":""fb6513d0-42a4-4660-82b5-509c54b15f2a"",""service"":""4978aa94-666c-47c7-8024-3ada55195a51"",""deployment"":""be21d214-399e-4cb9-96da-bd665a6ad3ab"",""replica"":""d7704cdc-dd1f-4c56-9805-d3fdc64788da""}",2026-03-28T00:37:00.797662858Z
"  connection: undefined,",info,"{""level"":""info""}","{""project"":""ce3616d9-58ad-4ec7-a294-1821e1564434"",""environment"":""fb6513d0-42a4-4660-82b5-509c54b15f2a"",""service"":""4978aa94-666c-47c7-8024-3ada55195a51"",""deployment"":""be21d214-399e-4cb9-96da-bd665a6ad3ab"",""replica"":""d7704cdc-dd1f-4c56-9805-d3fdc64788da""}",2026-03-28T00:37:00.797679086Z
"  hasQr: true,",info,"{""level"":""info""}","{""project"":""ce3616d9-58ad-4ec7-a294-1821e1564434"",""environment"":""fb6513d0-42a4-4660-82b5-509c54b15f2a"",""service"":""4978aa94-666c-47c7-8024-3ada55195a51"",""deployment"":""be21d214-399e-4cb9-96da-bd665a6ad3ab"",""replica"":""d7704cdc-dd1f-4c56-9805-d3fdc64788da""}",2026-03-28T00:37:00.797690405Z
"  qrPreview: '2@wCHg0g82HL4kGYEowwL7/minfU7UXNGFLqEl4dlCBl5YLa7X...',",info,"{""level"":""info""}","{""project"":""ce3616d9-58ad-4ec7-a294-1821e1564434"",""environment"":""fb6513d0-42a4-4660-82b5-509c54b15f2a"",""service"":""4978aa94-666c-47c7-8024-3ada55195a51"",""deployment"":""be21d214-399e-4cb9-96da-bd665a6ad3ab"",""replica"":""d7704cdc-dd1f-4c56-9805-d3fdc64788da""}",2026-03-28T00:37:00.797700735Z
  isNewLogin: undefined,info,"{""level"":""info""}","{""project"":""ce3616d9-58ad-4ec7-a294-1821e1564434"",""environment"":""fb6513d0-42a4-4660-82b5-509c54b15f2a"",""service"":""4978aa94-666c-47c7-8024-3ada55195a51"",""deployment"":""be21d214-399e-4cb9-96da-bd665a6ad3ab"",""replica"":""d7704cdc-dd1f-4c56-9805-d3fdc64788da""}",2026-03-28T00:37:00.797709393Z
},info,"{""level"":""info""}","{""project"":""ce3616d9-58ad-4ec7-a294-1821e1564434"",""environment"":""fb6513d0-42a4-4660-82b5-509c54b15f2a"",""service"":""4978aa94-666c-47c7-8024-3ada55195a51"",""deployment"":""be21d214-399e-4cb9-96da-bd665a6ad3ab"",""replica"":""d7704cdc-dd1f-4c56-9805-d3fdc64788da""}",2026-03-28T00:37:00.797718851Z
==========================================,info,"{""level"":""info""}","{""project"":""ce3616d9-58ad-4ec7-a294-1821e1564434"",""environment"":""fb6513d0-42a4-4660-82b5-509c54b15f2a"",""service"":""4978aa94-666c-47c7-8024-3ada55195a51"",""deployment"":""be21d214-399e-4cb9-96da-bd665a6ad3ab"",""replica"":""d7704cdc-dd1f-4c56-9805-d3fdc64788da""}",2026-03-28T00:37:00.797727949Z
[QR] 🎯 QR code received for: akun1,info,"{""level"":""info""}","{""project"":""ce3616d9-58ad-4ec7-a294-1821e1564434"",""environment"":""fb6513d0-42a4-4660-82b5-509c54b15f2a"",""service"":""4978aa94-666c-47c7-8024-3ada55195a51"",""deployment"":""be21d214-399e-4cb9-96da-bd665a6ad3ab"",""replica"":""d7704cdc-dd1f-4c56-9805-d3fdc64788da""}",2026-03-28T00:37:00.797736475Z
[QR] QR length: 237,info,"{""level"":""info""}","{""project"":""ce3616d9-58ad-4ec7-a294-1821e1564434"",""environment"":""fb6513d0-42a4-4660-82b5-509c54b15f2a"",""service"":""4978aa94-666c-47c7-8024-3ada55195a51"",""deployment"":""be21d214-399e-4cb9-96da-bd665a6ad3ab"",""replica"":""d7704cdc-dd1f-4c56-9805-d3fdc64788da""}",2026-03-28T00:37:00.797745430Z
[QR] Converting QR to data URL...,info,"{""level"":""info""}","{""project"":""ce3616d9-58ad-4ec7-a294-1821e1564434"",""environment"":""fb6513d0-42a4-4660-82b5-509c54b15f2a"",""service"":""4978aa94-666c-47c7-8024-3ada55195a51"",""deployment"":""be21d214-399e-4cb9-96da-bd665a6ad3ab"",""replica"":""d7704cdc-dd1f-4c56-9805-d3fdc64788da""}",2026-03-28T00:37:00.797755334Z
"[QR] ✅ QR converted, length: 6422",info,"{""level"":""info""}","{""project"":""ce3616d9-58ad-4ec7-a294-1821e1564434"",""environment"":""fb6513d0-42a4-4660-82b5-509c54b15f2a"",""service"":""4978aa94-666c-47c7-8024-3ada55195a51"",""deployment"":""be21d214-399e-4cb9-96da-bd665a6ad3ab"",""replica"":""d7704cdc-dd1f-4c56-9805-d3fdc64788da""}",2026-03-28T00:37:00.797764949Z
==========================================,info,"{""level"":""info""}","{""project"":""ce3616d9-58ad-4ec7-a294-1821e1564434"",""environment"":""fb6513d0-42a4-4660-82b5-509c54b15f2a"",""service"":""4978aa94-666c-47c7-8024-3ada55195a51"",""deployment"":""be21d214-399e-4cb9-96da-bd665a6ad3ab"",""replica"":""d7704cdc-dd1f-4c56-9805-d3fdc64788da""}",2026-03-28T00:37:00.797822568Z
[CONNECTION UPDATE] ✅ EVENT RECEIVED! {,info,"{""level"":""info""}","{""project"":""ce3616d9-58ad-4ec7-a294-1821e1564434"",""environment"":""fb6513d0-42a4-4660-82b5-509c54b15f2a"",""service"":""4978aa94-666c-47c7-8024-3ada55195a51"",""deployment"":""be21d214-399e-4cb9-96da-bd665a6ad3ab"",""replica"":""d7704cdc-dd1f-4c56-9805-d3fdc64788da""}",2026-03-28T00:37:00.797829854Z
[NETWORK] HTTPS test TIMEOUT,info,"{""level"":""info""}","{""project"":""ce3616d9-58ad-4ec7-a294-1821e1564434"",""environment"":""fb6513d0-42a4-4660-82b5-509c54b15f2a"",""service"":""4978aa94-666c-47c7-8024-3ada55195a51"",""deployment"":""be21d214-399e-4cb9-96da-bd665a6ad3ab"",""replica"":""d7704cdc-dd1f-4c56-9805-d3fdc64788da""}",2026-03-28T00:37:09.776234587Z
"  connection: 'close',",info,"{""level"":""info""}","{""project"":""ce3616d9-58ad-4ec7-a294-1821e1564434"",""environment"":""fb6513d0-42a4-4660-82b5-509c54b15f2a"",""service"":""4978aa94-666c-47c7-8024-3ada55195a51"",""deployment"":""be21d214-399e-4cb9-96da-bd665a6ad3ab"",""replica"":""d7704cdc-dd1f-4c56-9805-d3fdc64788da""}",2026-03-28T00:37:12.485287772Z
==========================================,info,"{""level"":""info""}","{""project"":""ce3616d9-58ad-4ec7-a294-1821e1564434"",""environment"":""fb6513d0-42a4-4660-82b5-509c54b15f2a"",""service"":""4978aa94-666c-47c7-8024-3ada55195a51"",""deployment"":""be21d214-399e-4cb9-96da-bd665a6ad3ab"",""replica"":""d7704cdc-dd1f-4c56-9805-d3fdc64788da""}",2026-03-28T00:37:12.485302521Z
"  hasQr: false,",info,"{""level"":""info""}","{""project"":""ce3616d9-58ad-4ec7-a294-1821e1564434"",""environment"":""fb6513d0-42a4-4660-82b5-509c54b15f2a"",""service"":""4978aa94-666c-47c7-8024-3ada55195a51"",""deployment"":""be21d214-399e-4cb9-96da-bd665a6ad3ab"",""replica"":""d7704cdc-dd1f-4c56-9805-d3fdc64788da""}",2026-03-28T00:37:12.485308174Z
"[START SESSION] forceNew=true, clearing old session data...",info,"{""level"":""info""}","{""project"":""ce3616d9-58ad-4ec7-a294-1821e1564434"",""environment"":""fb6513d0-42a4-4660-82b5-509c54b15f2a"",""service"":""4978aa94-666c-47c7-8024-3ada55195a51"",""deployment"":""be21d214-399e-4cb9-96da-bd665a6ad3ab"",""replica"":""d7704cdc-dd1f-4c56-9805-d3fdc64788da""}",2026-03-28T00:37:12.485313687Z
"  qrPreview: null,",info,"{""level"":""info""}","{""project"":""ce3616d9-58ad-4ec7-a294-1821e1564434"",""environment"":""fb6513d0-42a4-4660-82b5-509c54b15f2a"",""service"":""4978aa94-666c-47c7-8024-3ada55195a51"",""deployment"":""be21d214-399e-4cb9-96da-bd665a6ad3ab"",""replica"":""d7704cdc-dd1f-4c56-9805-d3fdc64788da""}",2026-03-28T00:37:12.485317498Z
[CLEAR SESSION] Attempting to clear session for: akun1,info,"{""level"":""info""}","{""project"":""ce3616d9-58ad-4ec7-a294-1821e1564434"",""environment"":""fb6513d0-42a4-4660-82b5-509c54b15f2a"",""service"":""4978aa94-666c-47c7-8024-3ada55195a51"",""deployment"":""be21d214-399e-4cb9-96da-bd665a6ad3ab"",""replica"":""d7704cdc-dd1f-4c56-9805-d3fdc64788da""}",2026-03-28T00:37:12.485330534Z
"  accountId: 'akun1',",info,"{""level"":""info""}","{""project"":""ce3616d9-58ad-4ec7-a294-1821e1564434"",""environment"":""fb6513d0-42a4-4660-82b5-509c54b15f2a"",""service"":""4978aa94-666c-47c7-8024-3ada55195a51"",""deployment"":""be21d214-399e-4cb9-96da-bd665a6ad3ab"",""replica"":""d7704cdc-dd1f-4c56-9805-d3fdc64788da""}",2026-03-28T00:37:12.485332139Z
connection closed,info,"{""time"":1774658232477,""pid"":91,""hostname"":""7908e5d7637e"",""level"":""info""}","{""project"":""ce3616d9-58ad-4ec7-a294-1821e1564434"",""environment"":""fb6513d0-42a4-4660-82b5-509c54b15f2a"",""service"":""4978aa94-666c-47c7-8024-3ada55195a51"",""deployment"":""be21d214-399e-4cb9-96da-bd665a6ad3ab"",""replica"":""d7704cdc-dd1f-4c56-9805-d3fdc64788da""}",2026-03-28T00:37:12.485335126Z
  isNewLogin: undefined,info,"{""level"":""info""}","{""project"":""ce3616d9-58ad-4ec7-a294-1821e1564434"",""environment"":""fb6513d0-42a4-4660-82b5-509c54b15f2a"",""service"":""4978aa94-666c-47c7-8024-3ada55195a51"",""deployment"":""be21d214-399e-4cb9-96da-bd665a6ad3ab"",""replica"":""d7704cdc-dd1f-4c56-9805-d3fdc64788da""}",2026-03-28T00:37:12.485337139Z
[CLEAR SESSION] Session path: /app/mini-services/whatsapp-service/sessions/akun1,info,"{""level"":""info""}","{""project"":""ce3616d9-58ad-4ec7-a294-1821e1564434"",""environment"":""fb6513d0-42a4-4660-82b5-509c54b15f2a"",""service"":""4978aa94-666c-47c7-8024-3ada55195a51"",""deployment"":""be21d214-399e-4cb9-96da-bd665a6ad3ab"",""replica"":""d7704cdc-dd1f-4c56-9805-d3fdc64788da""}",2026-03-28T00:37:12.485341481Z
"  usePairingCode: false,",info,"{""level"":""info""}","{""project"":""ce3616d9-58ad-4ec7-a294-1821e1564434"",""environment"":""fb6513d0-42a4-4660-82b5-509c54b15f2a"",""service"":""4978aa94-666c-47c7-8024-3ada55195a51"",""deployment"":""be21d214-399e-4cb9-96da-bd665a6ad3ab"",""replica"":""d7704cdc-dd1f-4c56-9805-d3fdc64788da""}",2026-03-28T00:37:12.485348629Z
[CLEAR SESSION] Session directory exists,info,"{""level"":""info""}","{""project"":""ce3616d9-58ad-4ec7-a294-1821e1564434"",""environment"":""fb6513d0-42a4-4660-82b5-509c54b15f2a"",""service"":""4978aa94-666c-47c7-8024-3ada55195a51"",""deployment"":""be21d214-399e-4cb9-96da-bd665a6ad3ab"",""replica"":""d7704cdc-dd1f-4c56-9805-d3fdc64788da""}",2026-03-28T00:37:12.485353846Z
==========================================,info,"{""level"":""info""}","{""project"":""ce3616d9-58ad-4ec7-a294-1821e1564434"",""environment"":""fb6513d0-42a4-4660-82b5-509c54b15f2a"",""service"":""4978aa94-666c-47c7-8024-3ada55195a51"",""deployment"":""be21d214-399e-4cb9-96da-bd665a6ad3ab"",""replica"":""d7704cdc-dd1f-4c56-9805-d3fdc64788da""}",2026-03-28T00:37:12.485357285Z
},info,"{""level"":""info""}","{""project"":""ce3616d9-58ad-4ec7-a294-1821e1564434"",""environment"":""fb6513d0-42a4-4660-82b5-509c54b15f2a"",""service"":""4978aa94-666c-47c7-8024-3ada55195a51"",""deployment"":""be21d214-399e-4cb9-96da-bd665a6ad3ab"",""replica"":""d7704cdc-dd1f-4c56-9805-d3fdc64788da""}",2026-03-28T00:37:12.485359703Z
"  phoneNumber: undefined,",info,"{""level"":""info""}","{""project"":""ce3616d9-58ad-4ec7-a294-1821e1564434"",""environment"":""fb6513d0-42a4-4660-82b5-509c54b15f2a"",""service"":""4978aa94-666c-47c7-8024-3ada55195a51"",""deployment"":""be21d214-399e-4cb9-96da-bd665a6ad3ab"",""replica"":""d7704cdc-dd1f-4c56-9805-d3fdc64788da""}",2026-03-28T00:37:12.485366522Z
[CLEAR SESSION] Deleting session directory with rimraf...,info,"{""level"":""info""}","{""project"":""ce3616d9-58ad-4ec7-a294-1821e1564434"",""environment"":""fb6513d0-42a4-4660-82b5-509c54b15f2a"",""service"":""4978aa94-666c-47c7-8024-3ada55195a51"",""deployment"":""be21d214-399e-4cb9-96da-bd665a6ad3ab"",""replica"":""d7704cdc-dd1f-4c56-9805-d3fdc64788da""}",2026-03-28T00:37:12.485369916Z
[CONNECTION] ❌ Disconnected: akun1 code: undefined error: ,info,"{""level"":""info""}","{""project"":""ce3616d9-58ad-4ec7-a294-1821e1564434"",""environment"":""fb6513d0-42a4-4660-82b5-509c54b15f2a"",""service"":""4978aa94-666c-47c7-8024-3ada55195a51"",""deployment"":""be21d214-399e-4cb9-96da-bd665a6ad3ab"",""replica"":""d7704cdc-dd1f-4c56-9805-d3fdc64788da""}",2026-03-28T00:37:12.485373882Z
  forceNew: true,info,"{""level"":""info""}","{""project"":""ce3616d9-58ad-4ec7-a294-1821e1564434"",""environment"":""fb6513d0-42a4-4660-82b5-509c54b15f2a"",""service"":""4978aa94-666c-47c7-8024-3ada55195a51"",""deployment"":""be21d214-399e-4cb9-96da-bd665a6ad3ab"",""replica"":""d7704cdc-dd1f-4c56-9805-d3fdc64788da""}",2026-03-28T00:37:12.485380815Z
==========================================,info,"{""level"":""info""}","{""project"":""ce3616d9-58ad-4ec7-a294-1821e1564434"",""environment"":""fb6513d0-42a4-4660-82b5-509c54b15f2a"",""service"":""4978aa94-666c-47c7-8024-3ada55195a51"",""deployment"":""be21d214-399e-4cb9-96da-bd665a6ad3ab"",""replica"":""d7704cdc-dd1f-4c56-9805-d3fdc64788da""}",2026-03-28T00:37:12.485386581Z
[START SESSION] Called with: {,info,"{""level"":""info""}","{""project"":""ce3616d9-58ad-4ec7-a294-1821e1564434"",""environment"":""fb6513d0-42a4-4660-82b5-509c54b15f2a"",""service"":""4978aa94-666c-47c7-8024-3ada55195a51"",""deployment"":""be21d214-399e-4cb9-96da-bd665a6ad3ab"",""replica"":""d7704cdc-dd1f-4c56-9805-d3fdc64788da""}",2026-03-28T00:37:12.485396274Z
},info,"{""level"":""info""}","{""project"":""ce3616d9-58ad-4ec7-a294-1821e1564434"",""environment"":""fb6513d0-42a4-4660-82b5-509c54b15f2a"",""service"":""4978aa94-666c-47c7-8024-3ada55195a51"",""deployment"":""be21d214-399e-4cb9-96da-bd665a6ad3ab"",""replica"":""d7704cdc-dd1f-4c56-9805-d3fdc64788da""}",2026-03-28T00:37:12.485405636Z
[START SESSION] Current accounts: [],info,"{""level"":""info""}","{""project"":""ce3616d9-58ad-4ec7-a294-1821e1564434"",""environment"":""fb6513d0-42a4-4660-82b5-509c54b15f2a"",""service"":""4978aa94-666c-47c7-8024-3ada55195a51"",""deployment"":""be21d214-399e-4cb9-96da-bd665a6ad3ab"",""replica"":""d7704cdc-dd1f-4c56-9805-d3fdc64788da""}",2026-03-28T00:37:12.485415815Z
==========================================,info,"{""level"":""info""}","{""project"":""ce3616d9-58ad-4ec7-a294-1821e1564434"",""environment"":""fb6513d0-42a4-4660-82b5-509c54b15f2a"",""service"":""4978aa94-666c-47c7-8024-3ada55195a51"",""deployment"":""be21d214-399e-4cb9-96da-bd665a6ad3ab"",""replica"":""d7704cdc-dd1f-4c56-9805-d3fdc64788da""}",2026-03-28T00:37:12.485510076Z
[CONNECTION UPDATE] ✅ EVENT RECEIVED! {,info,"{""level"":""info""}","{""project"":""ce3616d9-58ad-4ec7-a294-1821e1564434"",""environment"":""fb6513d0-42a4-4660-82b5-509c54b15f2a"",""service"":""4978aa94-666c-47c7-8024-3ada55195a51"",""deployment"":""be21d214-399e-4cb9-96da-bd665a6ad3ab"",""replica"":""d7704cdc-dd1f-4c56-9805-d3fdc64788da""}",2026-03-28T00:37:12.485516821Z
"  accountId: 'akun1',",info,"{""level"":""info""}","{""project"":""ce3616d9-58ad-4ec7-a294-1821e1564434"",""environment"":""fb6513d0-42a4-4660-82b5-509c54b15f2a"",""service"":""4978aa94-666c-47c7-8024-3ada55195a51"",""deployment"":""be21d214-399e-4cb9-96da-bd665a6ad3ab"",""replica"":""d7704cdc-dd1f-4c56-9805-d3fdc64788da""}",2026-03-28T00:37:12.485523855Z
[CLEAR SESSION] ✅ Session directory successfully deleted,info,"{""level"":""info""}","{""project"":""ce3616d9-58ad-4ec7-a294-1821e1564434"",""environment"":""fb6513d0-42a4-4660-82b5-509c54b15f2a"",""service"":""4978aa94-666c-47c7-8024-3ada55195a51"",""deployment"":""be21d214-399e-4cb9-96da-bd665a6ad3ab"",""replica"":""d7704cdc-dd1f-4c56-9805-d3fdc64788da""}",2026-03-28T00:37:12.488528070Z
[START SESSION] ✅ Session data cleared successfully,info,"{""level"":""info""}","{""project"":""ce3616d9-58ad-4ec7-a294-1821e1564434"",""environment"":""fb6513d0-42a4-4660-82b5-509c54b15f2a"",""service"":""4978aa94-666c-47c7-8024-3ada55195a51"",""deployment"":""be21d214-399e-4cb9-96da-bd665a6ad3ab"",""replica"":""d7704cdc-dd1f-4c56-9805-d3fdc64788da""}",2026-03-28T00:37:12.488537051Z
[START SESSION] Session directory created: /app/mini-services/whatsapp-service/sessions/akun1,info,"{""level"":""info""}","{""project"":""ce3616d9-58ad-4ec7-a294-1821e1564434"",""environment"":""fb6513d0-42a4-4660-82b5-509c54b15f2a"",""service"":""4978aa94-666c-47c7-8024-3ada55195a51"",""deployment"":""be21d214-399e-4cb9-96da-bd665a6ad3ab"",""replica"":""d7704cdc-dd1f-4c56-9805-d3fdc64788da""}",2026-03-28T00:37:12.488545647Z
[START SESSION] Loading auth state...,info,"{""level"":""info""}","{""project"":""ce3616d9-58ad-4ec7-a294-1821e1564434"",""environment"":""fb6513d0-42a4-4660-82b5-509c54b15f2a"",""service"":""4978aa94-666c-47c7-8024-3ada55195a51"",""deployment"":""be21d214-399e-4cb9-96da-bd665a6ad3ab"",""replica"":""d7704cdc-dd1f-4c56-9805-d3fdc64788da""}",2026-03-28T00:37:12.488554611Z
[START SESSION] Auth state loaded:,info,"{""level"":""info""}","{""project"":""ce3616d9-58ad-4ec7-a294-1821e1564434"",""environment"":""fb6513d0-42a4-4660-82b5-509c54b15f2a"",""service"":""4978aa94-666c-47c7-8024-3ada55195a51"",""deployment"":""be21d214-399e-4cb9-96da-bd665a6ad3ab"",""replica"":""d7704cdc-dd1f-4c56-9805-d3fdc64788da""}",2026-03-28T00:37:12.510398714Z
[START SESSION] - hasCreds: true,info,"{""level"":""info""}","{""project"":""ce3616d9-58ad-4ec7-a294-1821e1564434"",""environment"":""fb6513d0-42a4-4660-82b5-509c54b15f2a"",""service"":""4978aa94-666c-47c7-8024-3ada55195a51"",""deployment"":""be21d214-399e-4cb9-96da-bd665a6ad3ab"",""replica"":""d7704cdc-dd1f-4c56-9805-d3fdc64788da""}",2026-03-28T00:37:12.510411479Z
[START SESSION] - creds.me exists: false,info,"{""level"":""info""}","{""project"":""ce3616d9-58ad-4ec7-a294-1821e1564434"",""environment"":""fb6513d0-42a4-4660-82b5-509c54b15f2a"",""service"":""4978aa94-666c-47c7-8024-3ada55195a51"",""deployment"":""be21d214-399e-4cb9-96da-bd665a6ad3ab"",""replica"":""d7704cdc-dd1f-4c56-9805-d3fdc64788da""}",2026-03-28T00:37:12.510419192Z
[START SESSION] - creds.me.id: N/A,info,"{""level"":""info""}","{""project"":""ce3616d9-58ad-4ec7-a294-1821e1564434"",""environment"":""fb6513d0-42a4-4660-82b5-509c54b15f2a"",""service"":""4978aa94-666c-47c7-8024-3ada55195a51"",""deployment"":""be21d214-399e-4cb9-96da-bd665a6ad3ab"",""replica"":""d7704cdc-dd1f-4c56-9805-d3fdc64788da""}",2026-03-28T00:37:12.510425277Z
[START SESSION] - creds.me.name: N/A,info,"{""level"":""info""}","{""project"":""ce3616d9-58ad-4ec7-a294-1821e1564434"",""environment"":""fb6513d0-42a4-4660-82b5-509c54b15f2a"",""service"":""4978aa94-666c-47c7-8024-3ada55195a51"",""deployment"":""be21d214-399e-4cb9-96da-bd665a6ad3ab"",""replica"":""d7704cdc-dd1f-4c56-9805-d3fdc64788da""}",2026-03-28T00:37:12.510435489Z
[START SESSION] - This account will: REGISTER (expect QR),info,"{""level"":""info""}","{""project"":""ce3616d9-58ad-4ec7-a294-1821e1564434"",""environment"":""fb6513d0-42a4-4660-82b5-509c54b15f2a"",""service"":""4978aa94-666c-47c7-8024-3ada55195a51"",""deployment"":""be21d214-399e-4cb9-96da-bd665a6ad3ab"",""replica"":""d7704cdc-dd1f-4c56-9805-d3fdc64788da""}",2026-03-28T00:37:12.510442111Z
[START SESSION] Fetching Baileys version...,info,"{""level"":""info""}","{""project"":""ce3616d9-58ad-4ec7-a294-1821e1564434"",""environment"":""fb6513d0-42a4-4660-82b5-509c54b15f2a"",""service"":""4978aa94-666c-47c7-8024-3ada55195a51"",""deployment"":""be21d214-399e-4cb9-96da-bd665a6ad3ab"",""replica"":""d7704cdc-dd1f-4c56-9805-d3fdc64788da""}",2026-03-28T00:37:12.510448977Z
"[START SESSION] Baileys version: [ 2, 3000, 1035194821 ]",info,"{""level"":""info""}","{""project"":""ce3616d9-58ad-4ec7-a294-1821e1564434"",""environment"":""fb6513d0-42a4-4660-82b5-509c54b15f2a"",""service"":""4978aa94-666c-47c7-8024-3ada55195a51"",""deployment"":""be21d214-399e-4cb9-96da-bd665a6ad3ab"",""replica"":""d7704cdc-dd1f-4c56-9805-d3fdc64788da""}",2026-03-28T00:37:12.522603811Z
[START SESSION] Creating WhatsApp socket...,info,"{""level"":""info""}","{""project"":""ce3616d9-58ad-4ec7-a294-1821e1564434"",""environment"":""fb6513d0-42a4-4660-82b5-509c54b15f2a"",""service"":""4978aa94-666c-47c7-8024-3ada55195a51"",""deployment"":""be21d214-399e-4cb9-96da-bd665a6ad3ab"",""replica"":""d7704cdc-dd1f-4c56-9805-d3fdc64788da""}",2026-03-28T00:37:12.522612879Z
[NETWORK] Testing connectivity to WhatsApp servers...,info,"{""level"":""info""}","{""project"":""ce3616d9-58ad-4ec7-a294-1821e1564434"",""environment"":""fb6513d0-42a4-4660-82b5-509c54b15f2a"",""service"":""4978aa94-666c-47c7-8024-3ada55195a51"",""deployment"":""be21d214-399e-4cb9-96da-bd665a6ad3ab"",""replica"":""d7704cdc-dd1f-4c56-9805-d3fdc64788da""}",2026-03-28T00:37:12.522619901Z
[NETWORK] DNS resolution for web.whatsapp.com: [ '57.144.15.32' ],info,"{""level"":""info""}","{""project"":""ce3616d9-58ad-4ec7-a294-1821e1564434"",""environment"":""fb6513d0-42a4-4660-82b5-509c54b15f2a"",""service"":""4978aa94-666c-47c7-8024-3ada55195a51"",""deployment"":""be21d214-399e-4cb9-96da-bd665a6ad3ab"",""replica"":""d7704cdc-dd1f-4c56-9805-d3fdc64788da""}",2026-03-28T00:37:12.522625843Z
[NETWORK] HTTPS test to web.whatsapp.com: Status 200,info,"{""level"":""info""}","{""project"":""ce3616d9-58ad-4ec7-a294-1821e1564434"",""environment"":""fb6513d0-42a4-4660-82b5-509c54b15f2a"",""service"":""4978aa94-666c-47c7-8024-3ada55195a51"",""deployment"":""be21d214-399e-4cb9-96da-bd665a6ad3ab"",""replica"":""d7704cdc-dd1f-4c56-9805-d3fdc64788da""}",2026-03-28T00:37:12.708679593Z
[SOCKET] makeWASocket created for: akun1,info,"{""level"":""info""}","{""project"":""ce3616d9-58ad-4ec7-a294-1821e1564434"",""environment"":""fb6513d0-42a4-4660-82b5-509c54b15f2a"",""service"":""4978aa94-666c-47c7-8024-3ada55195a51"",""deployment"":""be21d214-399e-4cb9-96da-bd665a6ad3ab"",""replica"":""d7704cdc-dd1f-4c56-9805-d3fdc64788da""}",2026-03-28T00:37:12.714088393Z
"  searchParams: URLSearchParams {},",info,"{""level"":""info""}","{""project"":""ce3616d9-58ad-4ec7-a294-1821e1564434"",""environment"":""fb6513d0-42a4-4660-82b5-509c54b15f2a"",""service"":""4978aa94-666c-47c7-8024-3ada55195a51"",""deployment"":""be21d214-399e-4cb9-96da-bd665a6ad3ab"",""replica"":""d7704cdc-dd1f-4c56-9805-d3fdc64788da""}",2026-03-28T00:37:12.714088742Z
[SOCKET] Socket has ev? true,info,"{""level"":""info""}","{""project"":""ce3616d9-58ad-4ec7-a294-1821e1564434"",""environment"":""fb6513d0-42a4-4660-82b5-509c54b15f2a"",""service"":""4978aa94-666c-47c7-8024-3ada55195a51"",""deployment"":""be21d214-399e-4cb9-96da-bd665a6ad3ab"",""replica"":""d7704cdc-dd1f-4c56-9805-d3fdc64788da""}",2026-03-28T00:37:12.714100303Z
  hash: '',info,"{""level"":""info""}","{""project"":""ce3616d9-58ad-4ec7-a294-1821e1564434"",""environment"":""fb6513d0-42a4-4660-82b5-509c54b15f2a"",""service"":""4978aa94-666c-47c7-8024-3ada55195a51"",""deployment"":""be21d214-399e-4cb9-96da-bd665a6ad3ab"",""replica"":""d7704cdc-dd1f-4c56-9805-d3fdc64788da""}",2026-03-28T00:37:12.714102872Z
[SOCKET] Socket has ws? true,info,"{""level"":""info""}","{""project"":""ce3616d9-58ad-4ec7-a294-1821e1564434"",""environment"":""fb6513d0-42a4-4660-82b5-509c54b15f2a"",""service"":""4978aa94-666c-47c7-8024-3ada55195a51"",""deployment"":""be21d214-399e-4cb9-96da-bd665a6ad3ab"",""replica"":""d7704cdc-dd1f-4c56-9805-d3fdc64788da""}",2026-03-28T00:37:12.714107769Z
},info,"{""level"":""info""}","{""project"":""ce3616d9-58ad-4ec7-a294-1821e1564434"",""environment"":""fb6513d0-42a4-4660-82b5-509c54b15f2a"",""service"":""4978aa94-666c-47c7-8024-3ada55195a51"",""deployment"":""be21d214-399e-4cb9-96da-bd665a6ad3ab"",""replica"":""d7704cdc-dd1f-4c56-9805-d3fdc64788da""}",2026-03-28T00:37:12.714110209Z
[SESSION] ✅ Retrieved account from map: akun1,info,"{""level"":""info""}","{""project"":""ce3616d9-58ad-4ec7-a294-1821e1564434"",""environment"":""fb6513d0-42a4-4660-82b5-509c54b15f2a"",""service"":""4978aa94-666c-47c7-8024-3ada55195a51"",""deployment"":""be21d214-399e-4cb9-96da-bd665a6ad3ab"",""replica"":""d7704cdc-dd1f-4c56-9805-d3fdc64788da""}",2026-03-28T00:37:12.714130100Z
[SOCKET] Socket user? undefined,info,"{""level"":""info""}","{""project"":""ce3616d9-58ad-4ec7-a294-1821e1564434"",""environment"":""fb6513d0-42a4-4660-82b5-509c54b15f2a"",""service"":""4978aa94-666c-47c7-8024-3ada55195a51"",""deployment"":""be21d214-399e-4cb9-96da-bd665a6ad3ab"",""replica"":""d7704cdc-dd1f-4c56-9805-d3fdc64788da""}",2026-03-28T00:37:12.714155827Z
[ACCOUNT] ✅ Added pending account to map immediately: akun1,info,"{""level"":""info""}","{""project"":""ce3616d9-58ad-4ec7-a294-1821e1564434"",""environment"":""fb6513d0-42a4-4660-82b5-509c54b15f2a"",""service"":""4978aa94-666c-47c7-8024-3ada55195a51"",""deployment"":""be21d214-399e-4cb9-96da-bd665a6ad3ab"",""replica"":""d7704cdc-dd1f-4c56-9805-d3fdc64788da""}",2026-03-28T00:37:12.714163704Z
[SOCKET] 🚀 Registering connection.update handler IMMEDIATELY for: akun1,info,"{""level"":""info""}","{""project"":""ce3616d9-58ad-4ec7-a294-1821e1564434"",""environment"":""fb6513d0-42a4-4660-82b5-509c54b15f2a"",""service"":""4978aa94-666c-47c7-8024-3ada55195a51"",""deployment"":""be21d214-399e-4cb9-96da-bd665a6ad3ab"",""replica"":""d7704cdc-dd1f-4c56-9805-d3fdc64788da""}",2026-03-28T00:37:12.714171033Z
[WS] WebSocketClient isOpen: false,info,"{""level"":""info""}","{""project"":""ce3616d9-58ad-4ec7-a294-1821e1564434"",""environment"":""fb6513d0-42a4-4660-82b5-509c54b15f2a"",""service"":""4978aa94-666c-47c7-8024-3ada55195a51"",""deployment"":""be21d214-399e-4cb9-96da-bd665a6ad3ab"",""replica"":""d7704cdc-dd1f-4c56-9805-d3fdc64788da""}",2026-03-28T00:37:12.714174437Z
[SOCKET] ✅ Event handlers registered IMMEDIATELY,info,"{""level"":""info""}","{""project"":""ce3616d9-58ad-4ec7-a294-1821e1564434"",""environment"":""fb6513d0-42a4-4660-82b5-509c54b15f2a"",""service"":""4978aa94-666c-47c7-8024-3ada55195a51"",""deployment"":""be21d214-399e-4cb9-96da-bd665a6ad3ab"",""replica"":""d7704cdc-dd1f-4c56-9805-d3fdc64788da""}",2026-03-28T00:37:12.714177699Z
[WS] Native WebSocket exists: true,info,"{""level"":""info""}","{""project"":""ce3616d9-58ad-4ec7-a294-1821e1564434"",""environment"":""fb6513d0-42a4-4660-82b5-509c54b15f2a"",""service"":""4978aa94-666c-47c7-8024-3ada55195a51"",""deployment"":""be21d214-399e-4cb9-96da-bd665a6ad3ab"",""replica"":""d7704cdc-dd1f-4c56-9805-d3fdc64788da""}",2026-03-28T00:37:12.714184557Z
[WS] WebSocketClient isClosed: false,info,"{""level"":""info""}","{""project"":""ce3616d9-58ad-4ec7-a294-1821e1564434"",""environment"":""fb6513d0-42a4-4660-82b5-509c54b15f2a"",""service"":""4978aa94-666c-47c7-8024-3ada55195a51"",""deployment"":""be21d214-399e-4cb9-96da-bd665a6ad3ab"",""replica"":""d7704cdc-dd1f-4c56-9805-d3fdc64788da""}",2026-03-28T00:37:12.714190062Z
[WS] Native WebSocket state: 0 = CONNECTING,info,"{""level"":""info""}","{""project"":""ce3616d9-58ad-4ec7-a294-1821e1564434"",""environment"":""fb6513d0-42a4-4660-82b5-509c54b15f2a"",""service"":""4978aa94-666c-47c7-8024-3ada55195a51"",""deployment"":""be21d214-399e-4cb9-96da-bd665a6ad3ab"",""replica"":""d7704cdc-dd1f-4c56-9805-d3fdc64788da""}",2026-03-28T00:37:12.714193227Z
[WS] WebSocket URL: URL {,info,"{""level"":""info""}","{""project"":""ce3616d9-58ad-4ec7-a294-1821e1564434"",""environment"":""fb6513d0-42a4-4660-82b5-509c54b15f2a"",""service"":""4978aa94-666c-47c7-8024-3ada55195a51"",""deployment"":""be21d214-399e-4cb9-96da-bd665a6ad3ab"",""replica"":""d7704cdc-dd1f-4c56-9805-d3fdc64788da""}",2026-03-28T00:37:12.714198539Z
[WS] WebSocketClient isConnecting: true,info,"{""level"":""info""}","{""project"":""ce3616d9-58ad-4ec7-a294-1821e1564434"",""environment"":""fb6513d0-42a4-4660-82b5-509c54b15f2a"",""service"":""4978aa94-666c-47c7-8024-3ada55195a51"",""deployment"":""be21d214-399e-4cb9-96da-bd665a6ad3ab"",""replica"":""d7704cdc-dd1f-4c56-9805-d3fdc64788da""}",2026-03-28T00:37:12.714201149Z
"  href: 'wss://web.whatsapp.com/ws/chat',",info,"{""level"":""info""}","{""project"":""ce3616d9-58ad-4ec7-a294-1821e1564434"",""environment"":""fb6513d0-42a4-4660-82b5-509c54b15f2a"",""service"":""4978aa94-666c-47c7-8024-3ada55195a51"",""deployment"":""be21d214-399e-4cb9-96da-bd665a6ad3ab"",""replica"":""d7704cdc-dd1f-4c56-9805-d3fdc64788da""}",2026-03-28T00:37:12.714205853Z
"  origin: 'wss://web.whatsapp.com',",info,"{""level"":""info""}","{""project"":""ce3616d9-58ad-4ec7-a294-1821e1564434"",""environment"":""fb6513d0-42a4-4660-82b5-509c54b15f2a"",""service"":""4978aa94-666c-47c7-8024-3ada55195a51"",""deployment"":""be21d214-399e-4cb9-96da-bd665a6ad3ab"",""replica"":""d7704cdc-dd1f-4c56-9805-d3fdc64788da""}",2026-03-28T00:37:12.714212283Z
"  protocol: 'wss:',",info,"{""level"":""info""}","{""project"":""ce3616d9-58ad-4ec7-a294-1821e1564434"",""environment"":""fb6513d0-42a4-4660-82b5-509c54b15f2a"",""service"":""4978aa94-666c-47c7-8024-3ada55195a51"",""deployment"":""be21d214-399e-4cb9-96da-bd665a6ad3ab"",""replica"":""d7704cdc-dd1f-4c56-9805-d3fdc64788da""}",2026-03-28T00:37:12.714218839Z
"  username: '',",info,"{""level"":""info""}","{""project"":""ce3616d9-58ad-4ec7-a294-1821e1564434"",""environment"":""fb6513d0-42a4-4660-82b5-509c54b15f2a"",""service"":""4978aa94-666c-47c7-8024-3ada55195a51"",""deployment"":""be21d214-399e-4cb9-96da-bd665a6ad3ab"",""replica"":""d7704cdc-dd1f-4c56-9805-d3fdc64788da""}",2026-03-28T00:37:12.714227252Z
"  password: '',",info,"{""level"":""info""}","{""project"":""ce3616d9-58ad-4ec7-a294-1821e1564434"",""environment"":""fb6513d0-42a4-4660-82b5-509c54b15f2a"",""service"":""4978aa94-666c-47c7-8024-3ada55195a51"",""deployment"":""be21d214-399e-4cb9-96da-bd665a6ad3ab"",""replica"":""d7704cdc-dd1f-4c56-9805-d3fdc64788da""}",2026-03-28T00:37:12.714232703Z
"  host: 'web.whatsapp.com',",info,"{""level"":""info""}","{""project"":""ce3616d9-58ad-4ec7-a294-1821e1564434"",""environment"":""fb6513d0-42a4-4660-82b5-509c54b15f2a"",""service"":""4978aa94-666c-47c7-8024-3ada55195a51"",""deployment"":""be21d214-399e-4cb9-96da-bd665a6ad3ab"",""replica"":""d7704cdc-dd1f-4c56-9805-d3fdc64788da""}",2026-03-28T00:37:12.714237778Z
"  hostname: 'web.whatsapp.com',",info,"{""level"":""info""}","{""project"":""ce3616d9-58ad-4ec7-a294-1821e1564434"",""environment"":""fb6513d0-42a4-4660-82b5-509c54b15f2a"",""service"":""4978aa94-666c-47c7-8024-3ada55195a51"",""deployment"":""be21d214-399e-4cb9-96da-bd665a6ad3ab"",""replica"":""d7704cdc-dd1f-4c56-9805-d3fdc64788da""}",2026-03-28T00:37:12.714242788Z
"  port: '',",info,"{""level"":""info""}","{""project"":""ce3616d9-58ad-4ec7-a294-1821e1564434"",""environment"":""fb6513d0-42a4-4660-82b5-509c54b15f2a"",""service"":""4978aa94-666c-47c7-8024-3ada55195a51"",""deployment"":""be21d214-399e-4cb9-96da-bd665a6ad3ab"",""replica"":""d7704cdc-dd1f-4c56-9805-d3fdc64788da""}",2026-03-28T00:37:12.714246897Z
"  pathname: '/ws/chat',",info,"{""level"":""info""}","{""project"":""ce3616d9-58ad-4ec7-a294-1821e1564434"",""environment"":""fb6513d0-42a4-4660-82b5-509c54b15f2a"",""service"":""4978aa94-666c-47c7-8024-3ada55195a51"",""deployment"":""be21d214-399e-4cb9-96da-bd665a6ad3ab"",""replica"":""d7704cdc-dd1f-4c56-9805-d3fdc64788da""}",2026-03-28T00:37:12.714251646Z
"  search: '',",info,"{""level"":""info""}","{""project"":""ce3616d9-58ad-4ec7-a294-1821e1564434"",""environment"":""fb6513d0-42a4-4660-82b5-509c54b15f2a"",""service"":""4978aa94-666c-47c7-8024-3ada55195a51"",""deployment"":""be21d214-399e-4cb9-96da-bd665a6ad3ab"",""replica"":""d7704cdc-dd1f-4c56-9805-d3fdc64788da""}",2026-03-28T00:37:12.714255789Z
==========================================,info,"{""level"":""info""}","{""project"":""ce3616d9-58ad-4ec7-a294-1821e1564434"",""environment"":""fb6513d0-42a4-4660-82b5-509c54b15f2a"",""service"":""4978aa94-666c-47c7-8024-3ada55195a51"",""deployment"":""be21d214-399e-4cb9-96da-bd665a6ad3ab"",""replica"":""d7704cdc-dd1f-4c56-9805-d3fdc64788da""}",2026-03-28T00:37:12.718051745Z
[CONNECTION UPDATE] ✅ EVENT RECEIVED! {,info,"{""level"":""info""}","{""project"":""ce3616d9-58ad-4ec7-a294-1821e1564434"",""environment"":""fb6513d0-42a4-4660-82b5-509c54b15f2a"",""service"":""4978aa94-666c-47c7-8024-3ada55195a51"",""deployment"":""be21d214-399e-4cb9-96da-bd665a6ad3ab"",""replica"":""d7704cdc-dd1f-4c56-9805-d3fdc64788da""}",2026-03-28T00:37:12.718060523Z
"  accountId: 'akun1',",info,"{""level"":""info""}","{""project"":""ce3616d9-58ad-4ec7-a294-1821e1564434"",""environment"":""fb6513d0-42a4-4660-82b5-509c54b15f2a"",""service"":""4978aa94-666c-47c7-8024-3ada55195a51"",""deployment"":""be21d214-399e-4cb9-96da-bd665a6ad3ab"",""replica"":""d7704cdc-dd1f-4c56-9805-d3fdc64788da""}",2026-03-28T00:37:12.718081735Z
"  connection: 'connecting',",info,"{""level"":""info""}","{""project"":""ce3616d9-58ad-4ec7-a294-1821e1564434"",""environment"":""fb6513d0-42a4-4660-82b5-509c54b15f2a"",""service"":""4978aa94-666c-47c7-8024-3ada55195a51"",""deployment"":""be21d214-399e-4cb9-96da-bd665a6ad3ab"",""replica"":""d7704cdc-dd1f-4c56-9805-d3fdc64788da""}",2026-03-28T00:37:12.718089924Z
"  hasQr: false,",info,"{""level"":""info""}","{""project"":""ce3616d9-58ad-4ec7-a294-1821e1564434"",""environment"":""fb6513d0-42a4-4660-82b5-509c54b15f2a"",""service"":""4978aa94-666c-47c7-8024-3ada55195a51"",""deployment"":""be21d214-399e-4cb9-96da-bd665a6ad3ab"",""replica"":""d7704cdc-dd1f-4c56-9805-d3fdc64788da""}",2026-03-28T00:37:12.718096561Z
"  qrPreview: null,",info,"{""level"":""info""}","{""project"":""ce3616d9-58ad-4ec7-a294-1821e1564434"",""environment"":""fb6513d0-42a4-4660-82b5-509c54b15f2a"",""service"":""4978aa94-666c-47c7-8024-3ada55195a51"",""deployment"":""be21d214-399e-4cb9-96da-bd665a6ad3ab"",""replica"":""d7704cdc-dd1f-4c56-9805-d3fdc64788da""}",2026-03-28T00:37:12.718104997Z
  isNewLogin: undefined,info,"{""level"":""info""}","{""project"":""ce3616d9-58ad-4ec7-a294-1821e1564434"",""environment"":""fb6513d0-42a4-4660-82b5-509c54b15f2a"",""service"":""4978aa94-666c-47c7-8024-3ada55195a51"",""deployment"":""be21d214-399e-4cb9-96da-bd665a6ad3ab"",""replica"":""d7704cdc-dd1f-4c56-9805-d3fdc64788da""}",2026-03-28T00:37:12.718143874Z
},info,"{""level"":""info""}","{""project"":""ce3616d9-58ad-4ec7-a294-1821e1564434"",""environment"":""fb6513d0-42a4-4660-82b5-509c54b15f2a"",""service"":""4978aa94-666c-47c7-8024-3ada55195a51"",""deployment"":""be21d214-399e-4cb9-96da-bd665a6ad3ab"",""replica"":""d7704cdc-dd1f-4c56-9805-d3fdc64788da""}",2026-03-28T00:37:12.718150694Z
==========================================,info,"{""level"":""info""}","{""project"":""ce3616d9-58ad-4ec7-a294-1821e1564434"",""environment"":""fb6513d0-42a4-4660-82b5-509c54b15f2a"",""service"":""4978aa94-666c-47c7-8024-3ada55195a51"",""deployment"":""be21d214-399e-4cb9-96da-bd665a6ad3ab"",""replica"":""d7704cdc-dd1f-4c56-9805-d3fdc64788da""}",2026-03-28T00:37:12.718159469Z
[WS NATIVE MESSAGE] Received for akun1 binary: true len: 4 preview: iAID8w==,info,"{""level"":""info""}","{""project"":""ce3616d9-58ad-4ec7-a294-1821e1564434"",""environment"":""fb6513d0-42a4-4660-82b5-509c54b15f2a"",""service"":""4978aa94-666c-47c7-8024-3ada55195a51"",""deployment"":""be21d214-399e-4cb9-96da-bd665a6ad3ab"",""replica"":""d7704cdc-dd1f-4c56-9805-d3fdc64788da""}",2026-03-28T00:37:12.808132624Z
[WS NATIVE CLOSE] Native WebSocket closed for akun1 code: 1006 reason: ,info,"{""level"":""info""}","{""project"":""ce3616d9-58ad-4ec7-a294-1821e1564434"",""environment"":""fb6513d0-42a4-4660-82b5-509c54b15f2a"",""service"":""4978aa94-666c-47c7-8024-3ada55195a51"",""deployment"":""be21d214-399e-4cb9-96da-bd665a6ad3ab"",""replica"":""d7704cdc-dd1f-4c56-9805-d3fdc64788da""}",2026-03-28T00:37:12.808138828Z
connected to WA,info,"{""time"":1774658233303,""pid"":91,""hostname"":""7908e5d7637e"",""browser"":[""Mac OS"",""Chrome"",""14.4.1""],""helloMsg"":{""clientHello"":{""ephemeral"":""i+mO1zahp/5HArTD6o3V+9qDFu+z3/F+Gorf/ZiiQxg=""}},""level"":""info""}","{""project"":""ce3616d9-58ad-4ec7-a294-1821e1564434"",""environment"":""fb6513d0-42a4-4660-82b5-509c54b15f2a"",""service"":""4978aa94-666c-47c7-8024-3ada55195a51"",""deployment"":""be21d214-399e-4cb9-96da-bd665a6ad3ab"",""replica"":""d7704cdc-dd1f-4c56-9805-d3fdc64788da""}",2026-03-28T00:37:13.602353251Z
[WS NATIVE SEND] Sending for akun1 type: object preview: V0EGAwAAJBIiCiCL6Y7XNqGn/kcCtMPqjdX72oMW77Pf8X4ait/9mKJDGA==,info,"{""level"":""info""}","{""project"":""ce3616d9-58ad-4ec7-a294-1821e1564434"",""environment"":""fb6513d0-42a4-4660-82b5-509c54b15f2a"",""service"":""4978aa94-666c-47c7-8024-3ada55195a51"",""deployment"":""be21d214-399e-4cb9-96da-bd665a6ad3ab"",""replica"":""d7704cdc-dd1f-4c56-9805-d3fdc64788da""}",2026-03-28T00:37:13.602406749Z
[WS NATIVE OPEN] Native WebSocket opened for akun1,info,"{""level"":""info""}","{""project"":""ce3616d9-58ad-4ec7-a294-1821e1564434"",""environment"":""fb6513d0-42a4-4660-82b5-509c54b15f2a"",""service"":""4978aa94-666c-47c7-8024-3ada55195a51"",""deployment"":""be21d214-399e-4cb9-96da-bd665a6ad3ab"",""replica"":""d7704cdc-dd1f-4c56-9805-d3fdc64788da""}",2026-03-28T00:37:13.602414003Z
[WS NATIVE MESSAGE] Received for akun1 binary: true len: 350 preview: AAFbGtgCCiCVXl3suOxMdDPEorNJ8oXgAP7Pm9XtrrhwEwpY4AFAVRIwYstgUWeXqNI=...,info,"{""level"":""info""}","{""project"":""ce3616d9-58ad-4ec7-a294-1821e1564434"",""environment"":""fb6513d0-42a4-4660-82b5-509c54b15f2a"",""service"":""4978aa94-666c-47c7-8024-3ada55195a51"",""deployment"":""be21d214-399e-4cb9-96da-bd665a6ad3ab"",""replica"":""d7704cdc-dd1f-4c56-9805-d3fdc64788da""}",2026-03-28T00:37:13.602419401Z
"not logged in, attempting registration...",info,"{""time"":1774658233504,""pid"":91,""hostname"":""7908e5d7637e"",""node"":{""passive"":false,""userAgent"":{""platform"":""WEB"",""appVersion"":{""primary"":2,""secondary"":3000,""tertiary"":1035194821},""mcc"":""000"",""mnc"":""000"",""osVersion"":""0.1"",""device"":""Desktop"",""osBuildNumber"":""0.1"",""releaseChannel"":""RELEASE"",""localeLanguageIso6391"":""en"",""localeCountryIso31661Alpha2"":""US""},""webInfo"":{""webSubPlatform"":""WEB_BROWSER""},""connectType"":""WIFI_UNKNOWN"",""connectReason"":""USER_ACTIVATED"",""devicePairingData"":{""eRegid"":""AAAATA=="",""eKeytype"":""BQ=="",""eIdent"":""RYxUEA/cMFLJlps9/g6NLtZuZyWn//v4ePg4QPa6rlQ="",""eSkeyId"":""AAAB"",""eSkeyVal"":""fC304LBujhSRTFuXhPXGuZh9gqCvT6ZXZFX13Yw0iws="",""eSkeySig"":""QCiR6jVs5n4BpPm6LOEmgx4AS2vGH4q0P8ImVTafJsB+3zhD+C0ZaIFPEgMwb6mAL2NpdaF+WD2dGn0HTCXKiQ=="",""buildHash"":""oslHHv+RCp4a5lmJCiiHLQ=="",""deviceProps"":""CgZNYWMgT1MYASAAKhUYgFAgATAAOAFAAUgBUAFYAWABcAE=""},""pull"":false},""level"":""info""}","{""project"":""ce3616d9-58ad-4ec7-a294-1821e1564434"",""environment"":""fb6513d0-42a4-4660-82b5-509c54b15f2a"",""service"":""4978aa94-666c-47c7-8024-3ada55195a51"",""deployment"":""be21d214-399e-4cb9-96da-bd665a6ad3ab"",""replica"":""d7704cdc-dd1f-4c56-9805-d3fdc64788da""}",2026-03-28T00:37:13.602426020Z
[WS NATIVE SEND] Sending for akun1 type: object preview: AAFcItkCCjB5GEiDk9diw9GjOmeIyzEOqvvWs4G/NKhI7zRdEL2LcXOpNZxNE5wY15I=,info,"{""level"":""info""}","{""project"":""ce3616d9-58ad-4ec7-a294-1821e1564434"",""environment"":""fb6513d0-42a4-4660-82b5-509c54b15f2a"",""service"":""4978aa94-666c-47c7-8024-3ada55195a51"",""deployment"":""be21d214-399e-4cb9-96da-bd665a6ad3ab"",""replica"":""d7704cdc-dd1f-4c56-9805-d3fdc64788da""}",2026-03-28T00:37:13.602433101Z
[WS NATIVE MESSAGE] Received for akun1 binary: true len: 698 preview: AAK3ThF1tJykU69ff98yM6RMbtMbp5atM+RooAm3rbBCoSuz7Uc6DcGK0gUxY0zVR3I=...,info,"{""level"":""info""}","{""project"":""ce3616d9-58ad-4ec7-a294-1821e1564434"",""environment"":""fb6513d0-42a4-4660-82b5-509c54b15f2a"",""service"":""4978aa94-666c-47c7-8024-3ada55195a51"",""deployment"":""be21d214-399e-4cb9-96da-bd665a6ad3ab"",""replica"":""d7704cdc-dd1f-4c56-9805-d3fdc64788da""}",2026-03-28T00:37:13.835971061Z
[WS NATIVE SEND] Sending for akun1 type: object preview: AAAiVEpkK7Hpnhz//jh4nPftSV0iEvLcqAz0wsG++oy3iCilMQ==,info,"{""level"":""info""}","{""project"":""ce3616d9-58ad-4ec7-a294-1821e1564434"",""environment"":""fb6513d0-42a4-4660-82b5-509c54b15f2a"",""service"":""4978aa94-666c-47c7-8024-3ada55195a51"",""deployment"":""be21d214-399e-4cb9-96da-bd665a6ad3ab"",""replica"":""d7704cdc-dd1f-4c56-9805-d3fdc64788da""}",2026-03-28T00:37:13.835977612Z
==========================================,info,"{""level"":""info""}","{""project"":""ce3616d9-58ad-4ec7-a294-1821e1564434"",""environment"":""fb6513d0-42a4-4660-82b5-509c54b15f2a"",""service"":""4978aa94-666c-47c7-8024-3ada55195a51"",""deployment"":""be21d214-399e-4cb9-96da-bd665a6ad3ab"",""replica"":""d7704cdc-dd1f-4c56-9805-d3fdc64788da""}",2026-03-28T00:37:13.835982162Z
[CONNECTION UPDATE] ✅ EVENT RECEIVED! {,info,"{""level"":""info""}","{""project"":""ce3616d9-58ad-4ec7-a294-1821e1564434"",""environment"":""fb6513d0-42a4-4660-82b5-509c54b15f2a"",""service"":""4978aa94-666c-47c7-8024-3ada55195a51"",""deployment"":""be21d214-399e-4cb9-96da-bd665a6ad3ab"",""replica"":""d7704cdc-dd1f-4c56-9805-d3fdc64788da""}",2026-03-28T00:37:13.835986772Z
"  accountId: 'akun1',",info,"{""level"":""info""}","{""project"":""ce3616d9-58ad-4ec7-a294-1821e1564434"",""environment"":""fb6513d0-42a4-4660-82b5-509c54b15f2a"",""service"":""4978aa94-666c-47c7-8024-3ada55195a51"",""deployment"":""be21d214-399e-4cb9-96da-bd665a6ad3ab"",""replica"":""d7704cdc-dd1f-4c56-9805-d3fdc64788da""}",2026-03-28T00:37:13.835990667Z
"  connection: undefined,",info,"{""level"":""info""}","{""project"":""ce3616d9-58ad-4ec7-a294-1821e1564434"",""environment"":""fb6513d0-42a4-4660-82b5-509c54b15f2a"",""service"":""4978aa94-666c-47c7-8024-3ada55195a51"",""deployment"":""be21d214-399e-4cb9-96da-bd665a6ad3ab"",""replica"":""d7704cdc-dd1f-4c56-9805-d3fdc64788da""}",2026-03-28T00:37:13.835994848Z
"  hasQr: true,",info,"{""level"":""info""}","{""project"":""ce3616d9-58ad-4ec7-a294-1821e1564434"",""environment"":""fb6513d0-42a4-4660-82b5-509c54b15f2a"",""service"":""4978aa94-666c-47c7-8024-3ada55195a51"",""deployment"":""be21d214-399e-4cb9-96da-bd665a6ad3ab"",""replica"":""d7704cdc-dd1f-4c56-9805-d3fdc64788da""}",2026-03-28T00:37:13.836001074Z
"  qrPreview: '2@RzFxKqetlW57HUEmz4qAf8Oe5zgRXitVbCrOs22mjax5JuOI...',",info,"{""level"":""info""}","{""project"":""ce3616d9-58ad-4ec7-a294-1821e1564434"",""environment"":""fb6513d0-42a4-4660-82b5-509c54b15f2a"",""service"":""4978aa94-666c-47c7-8024-3ada55195a51"",""deployment"":""be21d214-399e-4cb9-96da-bd665a6ad3ab"",""replica"":""d7704cdc-dd1f-4c56-9805-d3fdc64788da""}",2026-03-28T00:37:13.836005101Z
  isNewLogin: undefined,info,"{""level"":""info""}","{""project"":""ce3616d9-58ad-4ec7-a294-1821e1564434"",""environment"":""fb6513d0-42a4-4660-82b5-509c54b15f2a"",""service"":""4978aa94-666c-47c7-8024-3ada55195a51"",""deployment"":""be21d214-399e-4cb9-96da-bd665a6ad3ab"",""replica"":""d7704cdc-dd1f-4c56-9805-d3fdc64788da""}",2026-03-28T00:37:13.836012063Z
},info,"{""level"":""info""}","{""project"":""ce3616d9-58ad-4ec7-a294-1821e1564434"",""environment"":""fb6513d0-42a4-4660-82b5-509c54b15f2a"",""service"":""4978aa94-666c-47c7-8024-3ada55195a51"",""deployment"":""be21d214-399e-4cb9-96da-bd665a6ad3ab"",""replica"":""d7704cdc-dd1f-4c56-9805-d3fdc64788da""}",2026-03-28T00:37:13.836018468Z
==========================================,info,"{""level"":""info""}","{""project"":""ce3616d9-58ad-4ec7-a294-1821e1564434"",""environment"":""fb6513d0-42a4-4660-82b5-509c54b15f2a"",""service"":""4978aa94-666c-47c7-8024-3ada55195a51"",""deployment"":""be21d214-399e-4cb9-96da-bd665a6ad3ab"",""replica"":""d7704cdc-dd1f-4c56-9805-d3fdc64788da""}",2026-03-28T00:37:13.836023874Z
[QR] 🎯 QR code received for: akun1,info,"{""level"":""info""}","{""project"":""ce3616d9-58ad-4ec7-a294-1821e1564434"",""environment"":""fb6513d0-42a4-4660-82b5-509c54b15f2a"",""service"":""4978aa94-666c-47c7-8024-3ada55195a51"",""deployment"":""be21d214-399e-4cb9-96da-bd665a6ad3ab"",""replica"":""d7704cdc-dd1f-4c56-9805-d3fdc64788da""}",2026-03-28T00:37:13.836028988Z
[QR] QR length: 237,info,"{""level"":""info""}","{""project"":""ce3616d9-58ad-4ec7-a294-1821e1564434"",""environment"":""fb6513d0-42a4-4660-82b5-509c54b15f2a"",""service"":""4978aa94-666c-47c7-8024-3ada55195a51"",""deployment"":""be21d214-399e-4cb9-96da-bd665a6ad3ab"",""replica"":""d7704cdc-dd1f-4c56-9805-d3fdc64788da""}",2026-03-28T00:37:13.836034266Z
[QR] Converting QR to data URL...,info,"{""level"":""info""}","{""project"":""ce3616d9-58ad-4ec7-a294-1821e1564434"",""environment"":""fb6513d0-42a4-4660-82b5-509c54b15f2a"",""service"":""4978aa94-666c-47c7-8024-3ada55195a51"",""deployment"":""be21d214-399e-4cb9-96da-bd665a6ad3ab"",""replica"":""d7704cdc-dd1f-4c56-9805-d3fdc64788da""}",2026-03-28T00:37:13.836039399Z
"[QR] ✅ QR converted, length: 6354",info,"{""level"":""info""}","{""project"":""ce3616d9-58ad-4ec7-a294-1821e1564434"",""environment"":""fb6513d0-42a4-4660-82b5-509c54b15f2a"",""service"":""4978aa94-666c-47c7-8024-3ada55195a51"",""deployment"":""be21d214-399e-4cb9-96da-bd665a6ad3ab"",""replica"":""d7704cdc-dd1f-4c56-9805-d3fdc64788da""}",2026-03-28T00:37:14.539501389Z
[DB] Synced 1 accounts to database,info,"{""level"":""info""}","{""project"":""ce3616d9-58ad-4ec7-a294-1821e1564434"",""environment"":""fb6513d0-42a4-4660-82b5-509c54b15f2a"",""service"":""4978aa94-666c-47c7-8024-3ada55195a51"",""deployment"":""be21d214-399e-4cb9-96da-bd665a6ad3ab"",""replica"":""d7704cdc-dd1f-4c56-9805-d3fdc64788da""}",2026-03-28T00:37:22.884792811Z
[NETWORK] HTTPS test TIMEOUT,info,"{""level"":""info""}","{""project"":""ce3616d9-58ad-4ec7-a294-1821e1564434"",""environment"":""fb6513d0-42a4-4660-82b5-509c54b15f2a"",""service"":""4978aa94-666c-47c7-8024-3ada55195a51"",""deployment"":""be21d214-399e-4cb9-96da-bd665a6ad3ab"",""replica"":""d7704cdc-dd1f-4c56-9805-d3fdc64788da""}",2026-03-28T00:37:22.884799010Z
[WS NATIVE MESSAGE] Received for akun1 binary: true len: 725 preview: AALSl6ziyFXzU/qfGCX1ifiWUmrslL+N3DRVk781pZMYtpD1HZXGL6E+D5g5vNBk/I0=...,info,"{""level"":""info""}","{""project"":""ce3616d9-58ad-4ec7-a294-1821e1564434"",""environment"":""fb6513d0-42a4-4660-82b5-509c54b15f2a"",""service"":""4978aa94-666c-47c7-8024-3ada55195a51"",""deployment"":""be21d214-399e-4cb9-96da-bd665a6ad3ab"",""replica"":""d7704cdc-dd1f-4c56-9805-d3fdc64788da""}",2026-03-28T00:37:42.875959955Z
pair success recv,info,"{""time"":1774658261347,""pid"":91,""hostname"":""7908e5d7637e"",""level"":""info""}","{""project"":""ce3616d9-58ad-4ec7-a294-1821e1564434"",""environment"":""fb6513d0-42a4-4660-82b5-509c54b15f2a"",""service"":""4978aa94-666c-47c7-8024-3ada55195a51"",""deployment"":""be21d214-399e-4cb9-96da-bd665a6ad3ab"",""replica"":""d7704cdc-dd1f-4c56-9805-d3fdc64788da""}",2026-03-28T00:37:42.875966516Z
==========================================,info,"{""level"":""info""}","{""project"":""ce3616d9-58ad-4ec7-a294-1821e1564434"",""environment"":""fb6513d0-42a4-4660-82b5-509c54b15f2a"",""service"":""4978aa94-666c-47c7-8024-3ada55195a51"",""deployment"":""be21d214-399e-4cb9-96da-bd665a6ad3ab"",""replica"":""d7704cdc-dd1f-4c56-9805-d3fdc64788da""}",2026-03-28T00:37:42.875973164Z
[CONNECTION UPDATE] ✅ EVENT RECEIVED! {,info,"{""level"":""info""}","{""project"":""ce3616d9-58ad-4ec7-a294-1821e1564434"",""environment"":""fb6513d0-42a4-4660-82b5-509c54b15f2a"",""service"":""4978aa94-666c-47c7-8024-3ada55195a51"",""deployment"":""be21d214-399e-4cb9-96da-bd665a6ad3ab"",""replica"":""d7704cdc-dd1f-4c56-9805-d3fdc64788da""}",2026-03-28T00:37:42.875979955Z
},info,"{""level"":""info""}","{""project"":""ce3616d9-58ad-4ec7-a294-1821e1564434"",""environment"":""fb6513d0-42a4-4660-82b5-509c54b15f2a"",""service"":""4978aa94-666c-47c7-8024-3ada55195a51"",""deployment"":""be21d214-399e-4cb9-96da-bd665a6ad3ab"",""replica"":""d7704cdc-dd1f-4c56-9805-d3fdc64788da""}",2026-03-28T00:37:42.875984079Z
"  accountId: 'akun1',",info,"{""level"":""info""}","{""project"":""ce3616d9-58ad-4ec7-a294-1821e1564434"",""environment"":""fb6513d0-42a4-4660-82b5-509c54b15f2a"",""service"":""4978aa94-666c-47c7-8024-3ada55195a51"",""deployment"":""be21d214-399e-4cb9-96da-bd665a6ad3ab"",""replica"":""d7704cdc-dd1f-4c56-9805-d3fdc64788da""}",2026-03-28T00:37:42.875987622Z
"  connection: undefined,",info,"{""level"":""info""}","{""project"":""ce3616d9-58ad-4ec7-a294-1821e1564434"",""environment"":""fb6513d0-42a4-4660-82b5-509c54b15f2a"",""service"":""4978aa94-666c-47c7-8024-3ada55195a51"",""deployment"":""be21d214-399e-4cb9-96da-bd665a6ad3ab"",""replica"":""d7704cdc-dd1f-4c56-9805-d3fdc64788da""}",2026-03-28T00:37:42.875994647Z
"  hasQr: false,",info,"{""level"":""info""}","{""project"":""ce3616d9-58ad-4ec7-a294-1821e1564434"",""environment"":""fb6513d0-42a4-4660-82b5-509c54b15f2a"",""service"":""4978aa94-666c-47c7-8024-3ada55195a51"",""deployment"":""be21d214-399e-4cb9-96da-bd665a6ad3ab"",""replica"":""d7704cdc-dd1f-4c56-9805-d3fdc64788da""}",2026-03-28T00:37:42.876001763Z
==========================================,info,"{""level"":""info""}","{""project"":""ce3616d9-58ad-4ec7-a294-1821e1564434"",""environment"":""fb6513d0-42a4-4660-82b5-509c54b15f2a"",""service"":""4978aa94-666c-47c7-8024-3ada55195a51"",""deployment"":""be21d214-399e-4cb9-96da-bd665a6ad3ab"",""replica"":""d7704cdc-dd1f-4c56-9805-d3fdc64788da""}",2026-03-28T00:37:42.876003716Z
"  qrPreview: null,",info,"{""level"":""info""}","{""project"":""ce3616d9-58ad-4ec7-a294-1821e1564434"",""environment"":""fb6513d0-42a4-4660-82b5-509c54b15f2a"",""service"":""4978aa94-666c-47c7-8024-3ada55195a51"",""deployment"":""be21d214-399e-4cb9-96da-bd665a6ad3ab"",""replica"":""d7704cdc-dd1f-4c56-9805-d3fdc64788da""}",2026-03-28T00:37:42.876008708Z
  isNewLogin: true,info,"{""level"":""info""}","{""project"":""ce3616d9-58ad-4ec7-a294-1821e1564434"",""environment"":""fb6513d0-42a4-4660-82b5-509c54b15f2a"",""service"":""4978aa94-666c-47c7-8024-3ada55195a51"",""deployment"":""be21d214-399e-4cb9-96da-bd665a6ad3ab"",""replica"":""d7704cdc-dd1f-4c56-9805-d3fdc64788da""}",2026-03-28T00:37:42.876019825Z
[WS NATIVE SEND] Sending for akun1 type: object preview: AADZtS//nlO9RHBFgleDFRCAibEOCel4FSN7cJXZMgafSmWdybPazIsckK3wqHwi0OA=,info,"{""level"":""info""}","{""project"":""ce3616d9-58ad-4ec7-a294-1821e1564434"",""environment"":""fb6513d0-42a4-4660-82b5-509c54b15f2a"",""service"":""4978aa94-666c-47c7-8024-3ada55195a51"",""deployment"":""be21d214-399e-4cb9-96da-bd665a6ad3ab"",""replica"":""d7704cdc-dd1f-4c56-9805-d3fdc64788da""}",2026-03-28T00:37:42.876040631Z
"pairing configured successfully, expect to restart the connection...",info,"{""time"":1774658261379,""pid"":91,""hostname"":""7908e5d7637e"",""me"":{""id"":""6285187744634:3@s.whatsapp.net""},""platform"":""android"",""level"":""info""}","{""project"":""ce3616d9-58ad-4ec7-a294-1821e1564434"",""environment"":""fb6513d0-42a4-4660-82b5-509c54b15f2a"",""service"":""4978aa94-666c-47c7-8024-3ada55195a51"",""deployment"":""be21d214-399e-4cb9-96da-bd665a6ad3ab"",""replica"":""d7704cdc-dd1f-4c56-9805-d3fdc64788da""}",2026-03-28T00:37:42.876051688Z
[WS NATIVE MESSAGE] Received for akun1 binary: true len: 52 preview: AAAaKgWhqFMlHOMMwUlIz+KXcagAPlMuPD/GGLUAABTsW+naVDBmTFAFkilZAnqMSz4=...,info,"{""level"":""info""}","{""project"":""ce3616d9-58ad-4ec7-a294-1821e1564434"",""environment"":""fb6513d0-42a4-4660-82b5-509c54b15f2a"",""service"":""4978aa94-666c-47c7-8024-3ada55195a51"",""deployment"":""be21d214-399e-4cb9-96da-bd665a6ad3ab"",""replica"":""d7704cdc-dd1f-4c56-9805-d3fdc64788da""}",2026-03-28T00:37:42.876059134Z
stream errored out,info,"{""time"":1774658261701,""pid"":91,""hostname"":""7908e5d7637e"",""node"":{""tag"":""stream:error"",""attrs"":{""code"":""515""}},""level"":""info""}","{""project"":""ce3616d9-58ad-4ec7-a294-1821e1564434"",""environment"":""fb6513d0-42a4-4660-82b5-509c54b15f2a"",""service"":""4978aa94-666c-47c7-8024-3ada55195a51"",""deployment"":""be21d214-399e-4cb9-96da-bd665a6ad3ab"",""replica"":""d7704cdc-dd1f-4c56-9805-d3fdc64788da""}",2026-03-28T00:37:42.876070510Z
==========================================,info,"{""level"":""info""}","{""project"":""ce3616d9-58ad-4ec7-a294-1821e1564434"",""environment"":""fb6513d0-42a4-4660-82b5-509c54b15f2a"",""service"":""4978aa94-666c-47c7-8024-3ada55195a51"",""deployment"":""be21d214-399e-4cb9-96da-bd665a6ad3ab"",""replica"":""d7704cdc-dd1f-4c56-9805-d3fdc64788da""}",2026-03-28T00:37:42.876077428Z
[CONNECTION UPDATE] ✅ EVENT RECEIVED! {,info,"{""level"":""info""}","{""project"":""ce3616d9-58ad-4ec7-a294-1821e1564434"",""environment"":""fb6513d0-42a4-4660-82b5-509c54b15f2a"",""service"":""4978aa94-666c-47c7-8024-3ada55195a51"",""deployment"":""be21d214-399e-4cb9-96da-bd665a6ad3ab"",""replica"":""d7704cdc-dd1f-4c56-9805-d3fdc64788da""}",2026-03-28T00:37:42.876083777Z
"  accountId: 'akun1',",info,"{""level"":""info""}","{""project"":""ce3616d9-58ad-4ec7-a294-1821e1564434"",""environment"":""fb6513d0-42a4-4660-82b5-509c54b15f2a"",""service"":""4978aa94-666c-47c7-8024-3ada55195a51"",""deployment"":""be21d214-399e-4cb9-96da-bd665a6ad3ab"",""replica"":""d7704cdc-dd1f-4c56-9805-d3fdc64788da""}",2026-03-28T00:37:42.876091220Z
"  connection: 'close',",info,"{""level"":""info""}","{""project"":""ce3616d9-58ad-4ec7-a294-1821e1564434"",""environment"":""fb6513d0-42a4-4660-82b5-509c54b15f2a"",""service"":""4978aa94-666c-47c7-8024-3ada55195a51"",""deployment"":""be21d214-399e-4cb9-96da-bd665a6ad3ab"",""replica"":""d7704cdc-dd1f-4c56-9805-d3fdc64788da""}",2026-03-28T00:37:42.876113775Z
"  hasQr: false,",info,"{""level"":""info""}","{""project"":""ce3616d9-58ad-4ec7-a294-1821e1564434"",""environment"":""fb6513d0-42a4-4660-82b5-509c54b15f2a"",""service"":""4978aa94-666c-47c7-8024-3ada55195a51"",""deployment"":""be21d214-399e-4cb9-96da-bd665a6ad3ab"",""replica"":""d7704cdc-dd1f-4c56-9805-d3fdc64788da""}",2026-03-28T00:37:42.878216207Z
"  qrPreview: null,",info,"{""level"":""info""}","{""project"":""ce3616d9-58ad-4ec7-a294-1821e1564434"",""environment"":""fb6513d0-42a4-4660-82b5-509c54b15f2a"",""service"":""4978aa94-666c-47c7-8024-3ada55195a51"",""deployment"":""be21d214-399e-4cb9-96da-bd665a6ad3ab"",""replica"":""d7704cdc-dd1f-4c56-9805-d3fdc64788da""}",2026-03-28T00:37:42.878223824Z
  isNewLogin: undefined,info,"{""level"":""info""}","{""project"":""ce3616d9-58ad-4ec7-a294-1821e1564434"",""environment"":""fb6513d0-42a4-4660-82b5-509c54b15f2a"",""service"":""4978aa94-666c-47c7-8024-3ada55195a51"",""deployment"":""be21d214-399e-4cb9-96da-bd665a6ad3ab"",""replica"":""d7704cdc-dd1f-4c56-9805-d3fdc64788da""}",2026-03-28T00:37:42.878229422Z
},info,"{""level"":""info""}","{""project"":""ce3616d9-58ad-4ec7-a294-1821e1564434"",""environment"":""fb6513d0-42a4-4660-82b5-509c54b15f2a"",""service"":""4978aa94-666c-47c7-8024-3ada55195a51"",""deployment"":""be21d214-399e-4cb9-96da-bd665a6ad3ab"",""replica"":""d7704cdc-dd1f-4c56-9805-d3fdc64788da""}",2026-03-28T00:37:42.878235411Z
==========================================,info,"{""level"":""info""}","{""project"":""ce3616d9-58ad-4ec7-a294-1821e1564434"",""environment"":""fb6513d0-42a4-4660-82b5-509c54b15f2a"",""service"":""4978aa94-666c-47c7-8024-3ada55195a51"",""deployment"":""be21d214-399e-4cb9-96da-bd665a6ad3ab"",""replica"":""d7704cdc-dd1f-4c56-9805-d3fdc64788da""}",2026-03-28T00:37:42.878241061Z
[CONNECTION] ❌ Disconnected: akun1 code: 515 error: Stream Errored (restart required),info,"{""level"":""info""}","{""project"":""ce3616d9-58ad-4ec7-a294-1821e1564434"",""environment"":""fb6513d0-42a4-4660-82b5-509c54b15f2a"",""service"":""4978aa94-666c-47c7-8024-3ada55195a51"",""deployment"":""be21d214-399e-4cb9-96da-bd665a6ad3ab"",""replica"":""d7704cdc-dd1f-4c56-9805-d3fdc64788da""}",2026-03-28T00:37:42.878246858Z
connection errored,info,"{""time"":1774658261701,""pid"":91,""hostname"":""7908e5d7637e"",""trace"":""Error: Stream Errored (restart required)\n    at WebSocketClient.<anonymous> (/app/mini-services/whatsapp-service/node_modules/@whiskeysockets/baileys/src/Socket/socket.ts:648:7)\n    at WebSocketClient.emit (node:events:519:28)\n    at <anonymous> (/app/mini-services/whatsapp-service/node_modules/@whiskeysockets/baileys/src/Socket/socket.ts:327:23)\n    at Object.decodeFrame (/app/mini-services/whatsapp-service/node_modules/@whiskeysockets/baileys/src/Utils/noise-handler.ts:187:5)\n    at process.processTicksAndRejections (node:internal/process/task_queues:103:5)"",""level"":""info""}","{""project"":""ce3616d9-58ad-4ec7-a294-1821e1564434"",""environment"":""fb6513d0-42a4-4660-82b5-509c54b15f2a"",""service"":""4978aa94-666c-47c7-8024-3ada55195a51"",""deployment"":""be21d214-399e-4cb9-96da-bd665a6ad3ab"",""replica"":""d7704cdc-dd1f-4c56-9805-d3fdc64788da""}",2026-03-28T00:37:42.878252467Z
[WS NATIVE MESSAGE] Received for akun1 binary: true len: 4 preview: iAID8w==,info,"{""level"":""info""}","{""project"":""ce3616d9-58ad-4ec7-a294-1821e1564434"",""environment"":""fb6513d0-42a4-4660-82b5-509c54b15f2a"",""service"":""4978aa94-666c-47c7-8024-3ada55195a51"",""deployment"":""be21d214-399e-4cb9-96da-bd665a6ad3ab"",""replica"":""d7704cdc-dd1f-4c56-9805-d3fdc64788da""}",2026-03-28T00:37:42.878259211Z
[WS NATIVE CLOSE] Native WebSocket closed for akun1 code: 1006 reason: ,info,"{""level"":""info""}","{""project"":""ce3616d9-58ad-4ec7-a294-1821e1564434"",""environment"":""fb6513d0-42a4-4660-82b5-509c54b15f2a"",""service"":""4978aa94-666c-47c7-8024-3ada55195a51"",""deployment"":""be21d214-399e-4cb9-96da-bd665a6ad3ab"",""replica"":""d7704cdc-dd1f-4c56-9805-d3fdc64788da""}",2026-03-28T00:37:42.878265139Z
[DB] Synced 1 accounts to database,info,"{""level"":""info""}","{""project"":""ce3616d9-58ad-4ec7-a294-1821e1564434"",""environment"":""fb6513d0-42a4-4660-82b5-509c54b15f2a"",""service"":""4978aa94-666c-47c7-8024-3ada55195a51"",""deployment"":""be21d214-399e-4cb9-96da-bd665a6ad3ab"",""replica"":""d7704cdc-dd1f-4c56-9805-d3fdc64788da""}",2026-03-28T00:38:02.318997857Z
[DB] Synced 1 accounts to database,info,"{""level"":""info""}","{""project"":""ce3616d9-58ad-4ec7-a294-1821e1564434"",""environment"":""fb6513d0-42a4-4660-82b5-509c54b15f2a"",""service"":""4978aa94-666c-47c7-8024-3ada55195a51"",""deployment"":""be21d214-399e-4cb9-96da-bd665a6ad3ab"",""replica"":""d7704cdc-dd1f-4c56-9805-d3fdc64788da""}",2026-03-28T00:38:23.215379764Z
[DB] Synced 1 accounts to database,info,"{""level"":""info""}","{""project"":""ce3616d9-58ad-4ec7-a294-1821e1564434"",""environment"":""fb6513d0-42a4-4660-82b5-509c54b15f2a"",""service"":""4978aa94-666c-47c7-8024-3ada55195a51"",""deployment"":""be21d214-399e-4cb9-96da-bd665a6ad3ab"",""replica"":""d7704cdc-dd1f-4c56-9805-d3fdc64788da""}",2026-03-28T00:38:52.481336384Z
[DB] Synced 1 accounts to database,info,"{""level"":""info""}","{""project"":""ce3616d9-58ad-4ec7-a294-1821e1564434"",""environment"":""fb6513d0-42a4-4660-82b5-509c54b15f2a"",""service"":""4978aa94-666c-47c7-8024-3ada55195a51"",""deployment"":""be21d214-399e-4cb9-96da-bd665a6ad3ab"",""replica"":""d7704cdc-dd1f-4c56-9805-d3fdc64788da""}",2026-03-28T00:39:31.657347821Z
[DB] Synced 1 accounts to database,info,"{""level"":""info""}","{""project"":""ce3616d9-58ad-4ec7-a294-1821e1564434"",""environment"":""fb6513d0-42a4-4660-82b5-509c54b15f2a"",""service"":""4978aa94-666c-47c7-8024-3ada55195a51"",""deployment"":""be21d214-399e-4cb9-96da-bd665a6ad3ab"",""replica"":""d7704cdc-dd1f-4c56-9805-d3fdc64788da""}",2026-03-28T00:40:01.707532078Z
[DB] Synced 1 accounts to database,info,"{""level"":""info""}","{""project"":""ce3616d9-58ad-4ec7-a294-1821e1564434"",""environment"":""fb6513d0-42a4-4660-82b5-509c54b15f2a"",""service"":""4978aa94-666c-47c7-8024-3ada55195a51"",""deployment"":""be21d214-399e-4cb9-96da-bd665a6ad3ab"",""replica"":""d7704cdc-dd1f-4c56-9805-d3fdc64788da""}",2026-03-28T00:40:32.457382143Z
[DB] Synced 1 accounts to database,info,"{""level"":""info""}","{""project"":""ce3616d9-58ad-4ec7-a294-1821e1564434"",""environment"":""fb6513d0-42a4-4660-82b5-509c54b15f2a"",""service"":""4978aa94-666c-47c7-8024-3ada55195a51"",""deployment"":""be21d214-399e-4cb9-96da-bd665a6ad3ab"",""replica"":""d7704cdc-dd1f-4c56-9805-d3fdc64788da""}",2026-03-28T00:40:52.452879576Z
[DB] Synced 1 accounts to database,info,"{""level"":""info""}","{""project"":""ce3616d9-58ad-4ec7-a294-1821e1564434"",""environment"":""fb6513d0-42a4-4660-82b5-509c54b15f2a"",""service"":""4978aa94-666c-47c7-8024-3ada55195a51"",""deployment"":""be21d214-399e-4cb9-96da-bd665a6ad3ab"",""replica"":""d7704cdc-dd1f-4c56-9805-d3fdc64788da""}",2026-03-28T00:41:31.858257035Z
[DB] Synced 1 accounts to database,info,"{""level"":""info""}","{""project"":""ce3616d9-58ad-4ec7-a294-1821e1564434"",""environment"":""fb6513d0-42a4-4660-82b5-509c54b15f2a"",""service"":""4978aa94-666c-47c7-8024-3ada55195a51"",""deployment"":""be21d214-399e-4cb9-96da-bd665a6ad3ab"",""replica"":""d7704cdc-dd1f-4c56-9805-d3fdc64788da""}",2026-03-28T00:42:01.861884235Z
[DB] Synced 1 accounts to database,info,"{""level"":""info""}","{""project"":""ce3616d9-58ad-4ec7-a294-1821e1564434"",""environment"":""fb6513d0-42a4-4660-82b5-509c54b15f2a"",""service"":""4978aa94-666c-47c7-8024-3ada55195a51"",""deployment"":""be21d214-399e-4cb9-96da-bd665a6ad3ab"",""replica"":""d7704cdc-dd1f-4c56-9805-d3fdc64788da""}",2026-03-28T00:42:31.993362295Z
[DB] Synced 1 accounts to database,info,"{""level"":""info""}","{""project"":""ce3616d9-58ad-4ec7-a294-1821e1564434"",""environment"":""fb6513d0-42a4-4660-82b5-509c54b15f2a"",""service"":""4978aa94-666c-47c7-8024-3ada55195a51"",""deployment"":""be21d214-399e-4cb9-96da-bd665a6ad3ab"",""replica"":""d7704cdc-dd1f-4c56-9805-d3fdc64788da""}",2026-03-28T00:43:02.059078790Z
[DB] Synced 1 accounts to database,info,"{""level"":""info""}","{""project"":""ce3616d9-58ad-4ec7-a294-1821e1564434"",""environment"":""fb6513d0-42a4-4660-82b5-509c54b15f2a"",""service"":""4978aa94-666c-47c7-8024-3ada55195a51"",""deployment"":""be21d214-399e-4cb9-96da-bd665a6ad3ab"",""replica"":""d7704cdc-dd1f-4c56-9805-d3fdc64788da""}",2026-03-28T00:43:22.617814208Z
[DB] Synced 1 accounts to database,info,"{""level"":""info""}","{""project"":""ce3616d9-58ad-4ec7-a294-1821e1564434"",""environment"":""fb6513d0-42a4-4660-82b5-509c54b15f2a"",""service"":""4978aa94-666c-47c7-8024-3ada55195a51"",""deployment"":""be21d214-399e-4cb9-96da-bd665a6ad3ab"",""replica"":""d7704cdc-dd1f-4c56-9805-d3fdc64788da""}",2026-03-28T00:43:52.612260386Z
[DB] Synced 1 accounts to database,info,"{""level"":""info""}","{""project"":""ce3616d9-58ad-4ec7-a294-1821e1564434"",""environment"":""fb6513d0-42a4-4660-82b5-509c54b15f2a"",""service"":""4978aa94-666c-47c7-8024-3ada55195a51"",""deployment"":""be21d214-399e-4cb9-96da-bd665a6ad3ab"",""replica"":""d7704cdc-dd1f-4c56-9805-d3fdc64788da""}",2026-03-28T00:44:22.737576913Z
[DB] Synced 1 accounts to database,info,"{""level"":""info""}","{""project"":""ce3616d9-58ad-4ec7-a294-1821e1564434"",""environment"":""fb6513d0-42a4-4660-82b5-509c54b15f2a"",""service"":""4978aa94-666c-47c7-8024-3ada55195a51"",""deployment"":""be21d214-399e-4cb9-96da-bd665a6ad3ab"",""replica"":""d7704cdc-dd1f-4c56-9805-d3fdc64788da""}",2026-03-28T00:45:02.107855832Z
[DB] Synced 1 accounts to database,info,"{""level"":""info""}","{""project"":""ce3616d9-58ad-4ec7-a294-1821e1564434"",""environment"":""fb6513d0-42a4-4660-82b5-509c54b15f2a"",""service"":""4978aa94-666c-47c7-8024-3ada55195a51"",""deployment"":""be21d214-399e-4cb9-96da-bd665a6ad3ab"",""replica"":""d7704cdc-dd1f-4c56-9805-d3fdc64788da""}",2026-03-28T00:45:32.112407966Z
[DB] Synced 1 accounts to database,info,"{""level"":""info""}","{""project"":""ce3616d9-58ad-4ec7-a294-1821e1564434"",""environment"":""fb6513d0-42a4-4660-82b5-509c54b15f2a"",""service"":""4978aa94-666c-47c7-8024-3ada55195a51"",""deployment"":""be21d214-399e-4cb9-96da-bd665a6ad3ab"",""replica"":""d7704cdc-dd1f-4c56-9805-d3fdc64788da""}",2026-03-28T00:46:02.223737735Z
[DB] Synced 1 accounts to database,info,"{""level"":""info""}","{""project"":""ce3616d9-58ad-4ec7-a294-1821e1564434"",""environment"":""fb6513d0-42a4-4660-82b5-509c54b15f2a"",""service"":""4978aa94-666c-47c7-8024-3ada55195a51"",""deployment"":""be21d214-399e-4cb9-96da-bd665a6ad3ab"",""replica"":""d7704cdc-dd1f-4c56-9805-d3fdc64788da""}",2026-03-28T00:46:32.377010224Z
[DB] Synced 1 accounts to database,info,"{""level"":""info""}","{""project"":""ce3616d9-58ad-4ec7-a294-1821e1564434"",""environment"":""fb6513d0-42a4-4660-82b5-509c54b15f2a"",""service"":""4978aa94-666c-47c7-8024-3ada55195a51"",""deployment"":""be21d214-399e-4cb9-96da-bd665a6ad3ab"",""replica"":""d7704cdc-dd1f-4c56-9805-d3fdc64788da""}",2026-03-28T00:47:01.694316896Z
[DB] Synced 1 accounts to database,info,"{""level"":""info""}","{""project"":""ce3616d9-58ad-4ec7-a294-1821e1564434"",""environment"":""fb6513d0-42a4-4660-82b5-509c54b15f2a"",""service"":""4978aa94-666c-47c7-8024-3ada55195a51"",""deployment"":""be21d214-399e-4cb9-96da-bd665a6ad3ab"",""replica"":""d7704cdc-dd1f-4c56-9805-d3fdc64788da""}",2026-03-28T00:47:31.772231206Z
[DB] Synced 1 accounts to database,info,"{""level"":""info""}","{""project"":""ce3616d9-58ad-4ec7-a294-1821e1564434"",""environment"":""fb6513d0-42a4-4660-82b5-509c54b15f2a"",""service"":""4978aa94-666c-47c7-8024-3ada55195a51"",""deployment"":""be21d214-399e-4cb9-96da-bd665a6ad3ab"",""replica"":""d7704cdc-dd1f-4c56-9805-d3fdc64788da""}",2026-03-28T00:48:02.058635562Z
[DB] Synced 1 accounts to database,info,"{""level"":""info""}","{""project"":""ce3616d9-58ad-4ec7-a294-1821e1564434"",""environment"":""fb6513d0-42a4-4660-82b5-509c54b15f2a"",""service"":""4978aa94-666c-47c7-8024-3ada55195a51"",""deployment"":""be21d214-399e-4cb9-96da-bd665a6ad3ab"",""replica"":""d7704cdc-dd1f-4c56-9805-d3fdc64788da""}",2026-03-28T00:48:32.392775426Z
[DB] Synced 1 accounts to database,info,"{""level"":""info""}","{""project"":""ce3616d9-58ad-4ec7-a294-1821e1564434"",""environment"":""fb6513d0-42a4-4660-82b5-509c54b15f2a"",""service"":""4978aa94-666c-47c7-8024-3ada55195a51"",""deployment"":""be21d214-399e-4cb9-96da-bd665a6ad3ab"",""replica"":""d7704cdc-dd1f-4c56-9805-d3fdc64788da""}",2026-03-28T00:49:02.393547016Z
[DB] Synced 1 accounts to database,info,"{""level"":""info""}","{""project"":""ce3616d9-58ad-4ec7-a294-1821e1564434"",""environment"":""fb6513d0-42a4-4660-82b5-509c54b15f2a"",""service"":""4978aa94-666c-47c7-8024-3ada55195a51"",""deployment"":""be21d214-399e-4cb9-96da-bd665a6ad3ab"",""replica"":""d7704cdc-dd1f-4c56-9805-d3fdc64788da""}",2026-03-28T00:49:32.612885277Z
[DB] Synced 1 accounts to database,info,"{""level"":""info""}","{""project"":""ce3616d9-58ad-4ec7-a294-1821e1564434"",""environment"":""fb6513d0-42a4-4660-82b5-509c54b15f2a"",""service"":""4978aa94-666c-47c7-8024-3ada55195a51"",""deployment"":""be21d214-399e-4cb9-96da-bd665a6ad3ab"",""replica"":""d7704cdc-dd1f-4c56-9805-d3fdc64788da""}",2026-03-28T00:50:03.107850765Z
[DB] Synced 1 accounts to database,info,"{""level"":""info""}","{""project"":""ce3616d9-58ad-4ec7-a294-1821e1564434"",""environment"":""fb6513d0-42a4-4660-82b5-509c54b15f2a"",""service"":""4978aa94-666c-47c7-8024-3ada55195a51"",""deployment"":""be21d214-399e-4cb9-96da-bd665a6ad3ab"",""replica"":""d7704cdc-dd1f-4c56-9805-d3fdc64788da""}",2026-03-28T00:50:23.103985387Z
[DB] Synced 1 accounts to database,info,"{""level"":""info""}","{""project"":""ce3616d9-58ad-4ec7-a294-1821e1564434"",""environment"":""fb6513d0-42a4-4660-82b5-509c54b15f2a"",""service"":""4978aa94-666c-47c7-8024-3ada55195a51"",""deployment"":""be21d214-399e-4cb9-96da-bd665a6ad3ab"",""replica"":""d7704cdc-dd1f-4c56-9805-d3fdc64788da""}",2026-03-28T00:50:53.117303699Z
[DB] Synced 1 accounts to database,info,"{""level"":""info""}","{""project"":""ce3616d9-58ad-4ec7-a294-1821e1564434"",""environment"":""fb6513d0-42a4-4660-82b5-509c54b15f2a"",""service"":""4978aa94-666c-47c7-8024-3ada55195a51"",""deployment"":""be21d214-399e-4cb9-96da-bd665a6ad3ab"",""replica"":""d7704cdc-dd1f-4c56-9805-d3fdc64788da""}",2026-03-28T00:51:33.132862602Z
[DB] Synced 1 accounts to database,info,"{""level"":""info""}","{""project"":""ce3616d9-58ad-4ec7-a294-1821e1564434"",""environment"":""fb6513d0-42a4-4660-82b5-509c54b15f2a"",""service"":""4978aa94-666c-47c7-8024-3ada55195a51"",""deployment"":""be21d214-399e-4cb9-96da-bd665a6ad3ab"",""replica"":""d7704cdc-dd1f-4c56-9805-d3fdc64788da""}",2026-03-28T00:52:02.430553019Z
[DB] Synced 1 accounts to database,info,"{""level"":""info""}","{""project"":""ce3616d9-58ad-4ec7-a294-1821e1564434"",""environment"":""fb6513d0-42a4-4660-82b5-509c54b15f2a"",""service"":""4978aa94-666c-47c7-8024-3ada55195a51"",""deployment"":""be21d214-399e-4cb9-96da-bd665a6ad3ab"",""replica"":""d7704cdc-dd1f-4c56-9805-d3fdc64788da""}",2026-03-28T00:52:32.465973375Z
[DB] Synced 1 accounts to database,info,"{""level"":""info""}","{""project"":""ce3616d9-58ad-4ec7-a294-1821e1564434"",""environment"":""fb6513d0-42a4-4660-82b5-509c54b15f2a"",""service"":""4978aa94-666c-47c7-8024-3ada55195a51"",""deployment"":""be21d214-399e-4cb9-96da-bd665a6ad3ab"",""replica"":""d7704cdc-dd1f-4c56-9805-d3fdc64788da""}",2026-03-28T00:53:02.469724360Z
[DB] Synced 1 accounts to database,info,"{""level"":""info""}","{""project"":""ce3616d9-58ad-4ec7-a294-1821e1564434"",""environment"":""fb6513d0-42a4-4660-82b5-509c54b15f2a"",""service"":""4978aa94-666c-47c7-8024-3ada55195a51"",""deployment"":""be21d214-399e-4cb9-96da-bd665a6ad3ab"",""replica"":""d7704cdc-dd1f-4c56-9805-d3fdc64788da""}",2026-03-28T00:53:32.674837179Z