message,severity,attributes,tags,timestamp
2026-04-02 21:28:12 UTC - Services healthy,info,"{""level"":""info""}","{""project"":""ce3616d9-58ad-4ec7-a294-1821e1564434"",""environment"":""fb6513d0-42a4-4660-82b5-509c54b15f2a"",""service"":""4978aa94-666c-47c7-8024-3ada55195a51"",""deployment"":""42412646-2416-4151-961a-a5fdc7d330f4"",""replica"":""d4d8ee4d-0d09-4840-a8d5-cf43db94e704""}",2026-04-02T21:28:21.167572414Z
[DB] Synced 0 accounts to database,info,"{""level"":""info""}","{""project"":""ce3616d9-58ad-4ec7-a294-1821e1564434"",""environment"":""fb6513d0-42a4-4660-82b5-509c54b15f2a"",""service"":""4978aa94-666c-47c7-8024-3ada55195a51"",""deployment"":""42412646-2416-4151-961a-a5fdc7d330f4"",""replica"":""d4d8ee4d-0d09-4840-a8d5-cf43db94e704""}",2026-04-02T21:28:51.211315206Z
2026-04-02 21:28:42 UTC - Services healthy,info,"{""level"":""info""}","{""project"":""ce3616d9-58ad-4ec7-a294-1821e1564434"",""environment"":""fb6513d0-42a4-4660-82b5-509c54b15f2a"",""service"":""4978aa94-666c-47c7-8024-3ada55195a51"",""deployment"":""42412646-2416-4151-961a-a5fdc7d330f4"",""replica"":""d4d8ee4d-0d09-4840-a8d5-cf43db94e704""}",2026-04-02T21:28:51.211323529Z
[DB] Synced 0 accounts to database,info,"{""level"":""info""}","{""project"":""ce3616d9-58ad-4ec7-a294-1821e1564434"",""environment"":""fb6513d0-42a4-4660-82b5-509c54b15f2a"",""service"":""4978aa94-666c-47c7-8024-3ada55195a51"",""deployment"":""42412646-2416-4151-961a-a5fdc7d330f4"",""replica"":""d4d8ee4d-0d09-4840-a8d5-cf43db94e704""}",2026-04-02T21:29:21.123387516Z
2026-04-02 21:29:12 UTC - Services healthy,info,"{""level"":""info""}","{""project"":""ce3616d9-58ad-4ec7-a294-1821e1564434"",""environment"":""fb6513d0-42a4-4660-82b5-509c54b15f2a"",""service"":""4978aa94-666c-47c7-8024-3ada55195a51"",""deployment"":""42412646-2416-4151-961a-a5fdc7d330f4"",""replica"":""d4d8ee4d-0d09-4840-a8d5-cf43db94e704""}",2026-04-02T21:29:21.123397303Z
[DB] Synced 0 accounts to database,info,"{""level"":""info""}","{""project"":""ce3616d9-58ad-4ec7-a294-1821e1564434"",""environment"":""fb6513d0-42a4-4660-82b5-509c54b15f2a"",""service"":""4978aa94-666c-47c7-8024-3ada55195a51"",""deployment"":""42412646-2416-4151-961a-a5fdc7d330f4"",""replica"":""d4d8ee4d-0d09-4840-a8d5-cf43db94e704""}",2026-04-02T21:29:51.149317767Z
2026-04-02 21:29:42 UTC - Services healthy,info,"{""level"":""info""}","{""project"":""ce3616d9-58ad-4ec7-a294-1821e1564434"",""environment"":""fb6513d0-42a4-4660-82b5-509c54b15f2a"",""service"":""4978aa94-666c-47c7-8024-3ada55195a51"",""deployment"":""42412646-2416-4151-961a-a5fdc7d330f4"",""replica"":""d4d8ee4d-0d09-4840-a8d5-cf43db94e704""}",2026-04-02T21:29:51.149323027Z
[DB] Synced 0 accounts to database,info,"{""level"":""info""}","{""project"":""ce3616d9-58ad-4ec7-a294-1821e1564434"",""environment"":""fb6513d0-42a4-4660-82b5-509c54b15f2a"",""service"":""4978aa94-666c-47c7-8024-3ada55195a51"",""deployment"":""42412646-2416-4151-961a-a5fdc7d330f4"",""replica"":""d4d8ee4d-0d09-4840-a8d5-cf43db94e704""}",2026-04-02T21:30:21.300690378Z
2026-04-02 21:30:12 UTC - Services healthy,info,"{""level"":""info""}","{""project"":""ce3616d9-58ad-4ec7-a294-1821e1564434"",""environment"":""fb6513d0-42a4-4660-82b5-509c54b15f2a"",""service"":""4978aa94-666c-47c7-8024-3ada55195a51"",""deployment"":""42412646-2416-4151-961a-a5fdc7d330f4"",""replica"":""d4d8ee4d-0d09-4840-a8d5-cf43db94e704""}",2026-04-02T21:30:21.300695185Z
[DB] Synced 0 accounts to database,info,"{""level"":""info""}","{""project"":""ce3616d9-58ad-4ec7-a294-1821e1564434"",""environment"":""fb6513d0-42a4-4660-82b5-509c54b15f2a"",""service"":""4978aa94-666c-47c7-8024-3ada55195a51"",""deployment"":""42412646-2416-4151-961a-a5fdc7d330f4"",""replica"":""d4d8ee4d-0d09-4840-a8d5-cf43db94e704""}",2026-04-02T21:30:51.607221992Z
2026-04-02 21:30:42 UTC - Services healthy,info,"{""level"":""info""}","{""project"":""ce3616d9-58ad-4ec7-a294-1821e1564434"",""environment"":""fb6513d0-42a4-4660-82b5-509c54b15f2a"",""service"":""4978aa94-666c-47c7-8024-3ada55195a51"",""deployment"":""42412646-2416-4151-961a-a5fdc7d330f4"",""replica"":""d4d8ee4d-0d09-4840-a8d5-cf43db94e704""}",2026-04-02T21:30:51.607228787Z
[DB] Synced 0 accounts to database,info,"{""level"":""info""}","{""project"":""ce3616d9-58ad-4ec7-a294-1821e1564434"",""environment"":""fb6513d0-42a4-4660-82b5-509c54b15f2a"",""service"":""4978aa94-666c-47c7-8024-3ada55195a51"",""deployment"":""42412646-2416-4151-961a-a5fdc7d330f4"",""replica"":""d4d8ee4d-0d09-4840-a8d5-cf43db94e704""}",2026-04-02T21:31:21.503621337Z
2026-04-02 21:31:12 UTC - Services healthy,info,"{""level"":""info""}","{""project"":""ce3616d9-58ad-4ec7-a294-1821e1564434"",""environment"":""fb6513d0-42a4-4660-82b5-509c54b15f2a"",""service"":""4978aa94-666c-47c7-8024-3ada55195a51"",""deployment"":""42412646-2416-4151-961a-a5fdc7d330f4"",""replica"":""d4d8ee4d-0d09-4840-a8d5-cf43db94e704""}",2026-04-02T21:31:21.503629494Z
[DB] Synced 0 accounts to database,info,"{""level"":""info""}","{""project"":""ce3616d9-58ad-4ec7-a294-1821e1564434"",""environment"":""fb6513d0-42a4-4660-82b5-509c54b15f2a"",""service"":""4978aa94-666c-47c7-8024-3ada55195a51"",""deployment"":""42412646-2416-4151-961a-a5fdc7d330f4"",""replica"":""d4d8ee4d-0d09-4840-a8d5-cf43db94e704""}",2026-04-02T21:31:51.669437907Z
2026-04-02 21:31:42 UTC - Services healthy,info,"{""level"":""info""}","{""project"":""ce3616d9-58ad-4ec7-a294-1821e1564434"",""environment"":""fb6513d0-42a4-4660-82b5-509c54b15f2a"",""service"":""4978aa94-666c-47c7-8024-3ada55195a51"",""deployment"":""42412646-2416-4151-961a-a5fdc7d330f4"",""replica"":""d4d8ee4d-0d09-4840-a8d5-cf43db94e704""}",2026-04-02T21:31:51.669445552Z
[DB] Synced 0 accounts to database,info,"{""level"":""info""}","{""project"":""ce3616d9-58ad-4ec7-a294-1821e1564434"",""environment"":""fb6513d0-42a4-4660-82b5-509c54b15f2a"",""service"":""4978aa94-666c-47c7-8024-3ada55195a51"",""deployment"":""42412646-2416-4151-961a-a5fdc7d330f4"",""replica"":""d4d8ee4d-0d09-4840-a8d5-cf43db94e704""}",2026-04-02T21:32:21.804165477Z
2026-04-02 21:32:12 UTC - Services healthy,info,"{""level"":""info""}","{""project"":""ce3616d9-58ad-4ec7-a294-1821e1564434"",""environment"":""fb6513d0-42a4-4660-82b5-509c54b15f2a"",""service"":""4978aa94-666c-47c7-8024-3ada55195a51"",""deployment"":""42412646-2416-4151-961a-a5fdc7d330f4"",""replica"":""d4d8ee4d-0d09-4840-a8d5-cf43db94e704""}",2026-04-02T21:32:21.804174442Z
[DB] Synced 0 accounts to database,info,"{""level"":""info""}","{""project"":""ce3616d9-58ad-4ec7-a294-1821e1564434"",""environment"":""fb6513d0-42a4-4660-82b5-509c54b15f2a"",""service"":""4978aa94-666c-47c7-8024-3ada55195a51"",""deployment"":""42412646-2416-4151-961a-a5fdc7d330f4"",""replica"":""d4d8ee4d-0d09-4840-a8d5-cf43db94e704""}",2026-04-02T21:32:51.940919020Z
2026-04-02 21:32:42 UTC - Services healthy,info,"{""level"":""info""}","{""project"":""ce3616d9-58ad-4ec7-a294-1821e1564434"",""environment"":""fb6513d0-42a4-4660-82b5-509c54b15f2a"",""service"":""4978aa94-666c-47c7-8024-3ada55195a51"",""deployment"":""42412646-2416-4151-961a-a5fdc7d330f4"",""replica"":""d4d8ee4d-0d09-4840-a8d5-cf43db94e704""}",2026-04-02T21:32:51.940927715Z
[DB] Synced 0 accounts to database,info,"{""level"":""info""}","{""project"":""ce3616d9-58ad-4ec7-a294-1821e1564434"",""environment"":""fb6513d0-42a4-4660-82b5-509c54b15f2a"",""service"":""4978aa94-666c-47c7-8024-3ada55195a51"",""deployment"":""42412646-2416-4151-961a-a5fdc7d330f4"",""replica"":""d4d8ee4d-0d09-4840-a8d5-cf43db94e704""}",2026-04-02T21:33:22.059062572Z
2026-04-02 21:33:12 UTC - Services healthy,info,"{""level"":""info""}","{""project"":""ce3616d9-58ad-4ec7-a294-1821e1564434"",""environment"":""fb6513d0-42a4-4660-82b5-509c54b15f2a"",""service"":""4978aa94-666c-47c7-8024-3ada55195a51"",""deployment"":""42412646-2416-4151-961a-a5fdc7d330f4"",""replica"":""d4d8ee4d-0d09-4840-a8d5-cf43db94e704""}",2026-04-02T21:33:22.059067500Z
[DB] Synced 0 accounts to database,info,"{""level"":""info""}","{""project"":""ce3616d9-58ad-4ec7-a294-1821e1564434"",""environment"":""fb6513d0-42a4-4660-82b5-509c54b15f2a"",""service"":""4978aa94-666c-47c7-8024-3ada55195a51"",""deployment"":""42412646-2416-4151-961a-a5fdc7d330f4"",""replica"":""d4d8ee4d-0d09-4840-a8d5-cf43db94e704""}",2026-04-02T21:33:52.070485219Z
2026-04-02 21:33:42 UTC - Services healthy,info,"{""level"":""info""}","{""project"":""ce3616d9-58ad-4ec7-a294-1821e1564434"",""environment"":""fb6513d0-42a4-4660-82b5-509c54b15f2a"",""service"":""4978aa94-666c-47c7-8024-3ada55195a51"",""deployment"":""42412646-2416-4151-961a-a5fdc7d330f4"",""replica"":""d4d8ee4d-0d09-4840-a8d5-cf43db94e704""}",2026-04-02T21:33:52.070489980Z
[DB] Synced 0 accounts to database,info,"{""level"":""info""}","{""project"":""ce3616d9-58ad-4ec7-a294-1821e1564434"",""environment"":""fb6513d0-42a4-4660-82b5-509c54b15f2a"",""service"":""4978aa94-666c-47c7-8024-3ada55195a51"",""deployment"":""42412646-2416-4151-961a-a5fdc7d330f4"",""replica"":""d4d8ee4d-0d09-4840-a8d5-cf43db94e704""}",2026-04-02T21:34:21.844969802Z
2026-04-02 21:34:12 UTC - Services healthy,info,"{""level"":""info""}","{""project"":""ce3616d9-58ad-4ec7-a294-1821e1564434"",""environment"":""fb6513d0-42a4-4660-82b5-509c54b15f2a"",""service"":""4978aa94-666c-47c7-8024-3ada55195a51"",""deployment"":""42412646-2416-4151-961a-a5fdc7d330f4"",""replica"":""d4d8ee4d-0d09-4840-a8d5-cf43db94e704""}",2026-04-02T21:34:21.844976858Z
[DB] Synced 0 accounts to database,info,"{""level"":""info""}","{""project"":""ce3616d9-58ad-4ec7-a294-1821e1564434"",""environment"":""fb6513d0-42a4-4660-82b5-509c54b15f2a"",""service"":""4978aa94-666c-47c7-8024-3ada55195a51"",""deployment"":""42412646-2416-4151-961a-a5fdc7d330f4"",""replica"":""d4d8ee4d-0d09-4840-a8d5-cf43db94e704""}",2026-04-02T21:34:51.838065033Z
2026-04-02 21:34:42 UTC - Services healthy,info,"{""level"":""info""}","{""project"":""ce3616d9-58ad-4ec7-a294-1821e1564434"",""environment"":""fb6513d0-42a4-4660-82b5-509c54b15f2a"",""service"":""4978aa94-666c-47c7-8024-3ada55195a51"",""deployment"":""42412646-2416-4151-961a-a5fdc7d330f4"",""replica"":""d4d8ee4d-0d09-4840-a8d5-cf43db94e704""}",2026-04-02T21:34:51.838071187Z
[DB] Synced 0 accounts to database,info,"{""level"":""info""}","{""project"":""ce3616d9-58ad-4ec7-a294-1821e1564434"",""environment"":""fb6513d0-42a4-4660-82b5-509c54b15f2a"",""service"":""4978aa94-666c-47c7-8024-3ada55195a51"",""deployment"":""42412646-2416-4151-961a-a5fdc7d330f4"",""replica"":""d4d8ee4d-0d09-4840-a8d5-cf43db94e704""}",2026-04-02T21:35:21.797592385Z
2026-04-02 21:35:12 UTC - Services healthy,info,"{""level"":""info""}","{""project"":""ce3616d9-58ad-4ec7-a294-1821e1564434"",""environment"":""fb6513d0-42a4-4660-82b5-509c54b15f2a"",""service"":""4978aa94-666c-47c7-8024-3ada55195a51"",""deployment"":""42412646-2416-4151-961a-a5fdc7d330f4"",""replica"":""d4d8ee4d-0d09-4840-a8d5-cf43db94e704""}",2026-04-02T21:35:21.797599925Z
[DB] Synced 0 accounts to database,info,"{""level"":""info""}","{""project"":""ce3616d9-58ad-4ec7-a294-1821e1564434"",""environment"":""fb6513d0-42a4-4660-82b5-509c54b15f2a"",""service"":""4978aa94-666c-47c7-8024-3ada55195a51"",""deployment"":""42412646-2416-4151-961a-a5fdc7d330f4"",""replica"":""d4d8ee4d-0d09-4840-a8d5-cf43db94e704""}",2026-04-02T21:35:51.840737899Z
2026-04-02 21:35:42 UTC - Services healthy,info,"{""level"":""info""}","{""project"":""ce3616d9-58ad-4ec7-a294-1821e1564434"",""environment"":""fb6513d0-42a4-4660-82b5-509c54b15f2a"",""service"":""4978aa94-666c-47c7-8024-3ada55195a51"",""deployment"":""42412646-2416-4151-961a-a5fdc7d330f4"",""replica"":""d4d8ee4d-0d09-4840-a8d5-cf43db94e704""}",2026-04-02T21:35:51.840744803Z
[DB] Synced 0 accounts to database,info,"{""level"":""info""}","{""project"":""ce3616d9-58ad-4ec7-a294-1821e1564434"",""environment"":""fb6513d0-42a4-4660-82b5-509c54b15f2a"",""service"":""4978aa94-666c-47c7-8024-3ada55195a51"",""deployment"":""42412646-2416-4151-961a-a5fdc7d330f4"",""replica"":""d4d8ee4d-0d09-4840-a8d5-cf43db94e704""}",2026-04-02T21:36:21.918955933Z
2026-04-02 21:36:12 UTC - Services healthy,info,"{""level"":""info""}","{""project"":""ce3616d9-58ad-4ec7-a294-1821e1564434"",""environment"":""fb6513d0-42a4-4660-82b5-509c54b15f2a"",""service"":""4978aa94-666c-47c7-8024-3ada55195a51"",""deployment"":""42412646-2416-4151-961a-a5fdc7d330f4"",""replica"":""d4d8ee4d-0d09-4840-a8d5-cf43db94e704""}",2026-04-02T21:36:21.918965443Z
[DB] Synced 0 accounts to database,info,"{""level"":""info""}","{""project"":""ce3616d9-58ad-4ec7-a294-1821e1564434"",""environment"":""fb6513d0-42a4-4660-82b5-509c54b15f2a"",""service"":""4978aa94-666c-47c7-8024-3ada55195a51"",""deployment"":""42412646-2416-4151-961a-a5fdc7d330f4"",""replica"":""d4d8ee4d-0d09-4840-a8d5-cf43db94e704""}",2026-04-02T21:36:52.033536243Z
2026-04-02 21:36:42 UTC - Services healthy,info,"{""level"":""info""}","{""project"":""ce3616d9-58ad-4ec7-a294-1821e1564434"",""environment"":""fb6513d0-42a4-4660-82b5-509c54b15f2a"",""service"":""4978aa94-666c-47c7-8024-3ada55195a51"",""deployment"":""42412646-2416-4151-961a-a5fdc7d330f4"",""replica"":""d4d8ee4d-0d09-4840-a8d5-cf43db94e704""}",2026-04-02T21:36:52.033545474Z
[DB] Synced 0 accounts to database,info,"{""level"":""info""}","{""project"":""ce3616d9-58ad-4ec7-a294-1821e1564434"",""environment"":""fb6513d0-42a4-4660-82b5-509c54b15f2a"",""service"":""4978aa94-666c-47c7-8024-3ada55195a51"",""deployment"":""42412646-2416-4151-961a-a5fdc7d330f4"",""replica"":""d4d8ee4d-0d09-4840-a8d5-cf43db94e704""}",2026-04-02T21:37:22.172139260Z
2026-04-02 21:37:12 UTC - Services healthy,info,"{""level"":""info""}","{""project"":""ce3616d9-58ad-4ec7-a294-1821e1564434"",""environment"":""fb6513d0-42a4-4660-82b5-509c54b15f2a"",""service"":""4978aa94-666c-47c7-8024-3ada55195a51"",""deployment"":""42412646-2416-4151-961a-a5fdc7d330f4"",""replica"":""d4d8ee4d-0d09-4840-a8d5-cf43db94e704""}",2026-04-02T21:37:22.172151248Z
[DB] Synced 0 accounts to database,info,"{""level"":""info""}","{""project"":""ce3616d9-58ad-4ec7-a294-1821e1564434"",""environment"":""fb6513d0-42a4-4660-82b5-509c54b15f2a"",""service"":""4978aa94-666c-47c7-8024-3ada55195a51"",""deployment"":""42412646-2416-4151-961a-a5fdc7d330f4"",""replica"":""d4d8ee4d-0d09-4840-a8d5-cf43db94e704""}",2026-04-02T21:37:52.183229997Z
2026-04-02 21:37:42 UTC - Services healthy,info,"{""level"":""info""}","{""project"":""ce3616d9-58ad-4ec7-a294-1821e1564434"",""environment"":""fb6513d0-42a4-4660-82b5-509c54b15f2a"",""service"":""4978aa94-666c-47c7-8024-3ada55195a51"",""deployment"":""42412646-2416-4151-961a-a5fdc7d330f4"",""replica"":""d4d8ee4d-0d09-4840-a8d5-cf43db94e704""}",2026-04-02T21:37:52.183237249Z
[DB] Synced 0 accounts to database,info,"{""level"":""info""}","{""project"":""ce3616d9-58ad-4ec7-a294-1821e1564434"",""environment"":""fb6513d0-42a4-4660-82b5-509c54b15f2a"",""service"":""4978aa94-666c-47c7-8024-3ada55195a51"",""deployment"":""42412646-2416-4151-961a-a5fdc7d330f4"",""replica"":""d4d8ee4d-0d09-4840-a8d5-cf43db94e704""}",2026-04-02T21:38:22.204847455Z
2026-04-02 21:38:12 UTC - Services healthy,info,"{""level"":""info""}","{""project"":""ce3616d9-58ad-4ec7-a294-1821e1564434"",""environment"":""fb6513d0-42a4-4660-82b5-509c54b15f2a"",""service"":""4978aa94-666c-47c7-8024-3ada55195a51"",""deployment"":""42412646-2416-4151-961a-a5fdc7d330f4"",""replica"":""d4d8ee4d-0d09-4840-a8d5-cf43db94e704""}",2026-04-02T21:38:22.204851820Z
[DB] Synced 0 accounts to database,info,"{""level"":""info""}","{""project"":""ce3616d9-58ad-4ec7-a294-1821e1564434"",""environment"":""fb6513d0-42a4-4660-82b5-509c54b15f2a"",""service"":""4978aa94-666c-47c7-8024-3ada55195a51"",""deployment"":""42412646-2416-4151-961a-a5fdc7d330f4"",""replica"":""d4d8ee4d-0d09-4840-a8d5-cf43db94e704""}",2026-04-02T21:38:52.232049022Z
2026-04-02 21:38:42 UTC - Services healthy,info,"{""level"":""info""}","{""project"":""ce3616d9-58ad-4ec7-a294-1821e1564434"",""environment"":""fb6513d0-42a4-4660-82b5-509c54b15f2a"",""service"":""4978aa94-666c-47c7-8024-3ada55195a51"",""deployment"":""42412646-2416-4151-961a-a5fdc7d330f4"",""replica"":""d4d8ee4d-0d09-4840-a8d5-cf43db94e704""}",2026-04-02T21:38:52.232056363Z
[DB] Synced 0 accounts to database,info,"{""level"":""info""}","{""project"":""ce3616d9-58ad-4ec7-a294-1821e1564434"",""environment"":""fb6513d0-42a4-4660-82b5-509c54b15f2a"",""service"":""4978aa94-666c-47c7-8024-3ada55195a51"",""deployment"":""42412646-2416-4151-961a-a5fdc7d330f4"",""replica"":""d4d8ee4d-0d09-4840-a8d5-cf43db94e704""}",2026-04-02T21:39:22.227940390Z
2026-04-02 21:39:12 UTC - Services healthy,info,"{""level"":""info""}","{""project"":""ce3616d9-58ad-4ec7-a294-1821e1564434"",""environment"":""fb6513d0-42a4-4660-82b5-509c54b15f2a"",""service"":""4978aa94-666c-47c7-8024-3ada55195a51"",""deployment"":""42412646-2416-4151-961a-a5fdc7d330f4"",""replica"":""d4d8ee4d-0d09-4840-a8d5-cf43db94e704""}",2026-04-02T21:39:22.227945064Z
[DB] Synced 0 accounts to database,info,"{""level"":""info""}","{""project"":""ce3616d9-58ad-4ec7-a294-1821e1564434"",""environment"":""fb6513d0-42a4-4660-82b5-509c54b15f2a"",""service"":""4978aa94-666c-47c7-8024-3ada55195a51"",""deployment"":""42412646-2416-4151-961a-a5fdc7d330f4"",""replica"":""d4d8ee4d-0d09-4840-a8d5-cf43db94e704""}",2026-04-02T21:39:42.461612180Z
2026-04-02 21:39:42 UTC - Services healthy,info,"{""level"":""info""}","{""project"":""ce3616d9-58ad-4ec7-a294-1821e1564434"",""environment"":""fb6513d0-42a4-4660-82b5-509c54b15f2a"",""service"":""4978aa94-666c-47c7-8024-3ada55195a51"",""deployment"":""42412646-2416-4151-961a-a5fdc7d330f4"",""replica"":""d4d8ee4d-0d09-4840-a8d5-cf43db94e704""}",2026-04-02T21:39:42.677608477Z
[DB] Synced 0 accounts to database,info,"{""level"":""info""}","{""project"":""ce3616d9-58ad-4ec7-a294-1821e1564434"",""environment"":""fb6513d0-42a4-4660-82b5-509c54b15f2a"",""service"":""4978aa94-666c-47c7-8024-3ada55195a51"",""deployment"":""42412646-2416-4151-961a-a5fdc7d330f4"",""replica"":""d4d8ee4d-0d09-4840-a8d5-cf43db94e704""}",2026-04-02T21:40:12.663684834Z
2026-04-02 21:40:12 UTC - Services healthy,info,"{""level"":""info""}","{""project"":""ce3616d9-58ad-4ec7-a294-1821e1564434"",""environment"":""fb6513d0-42a4-4660-82b5-509c54b15f2a"",""service"":""4978aa94-666c-47c7-8024-3ada55195a51"",""deployment"":""42412646-2416-4151-961a-a5fdc7d330f4"",""replica"":""d4d8ee4d-0d09-4840-a8d5-cf43db94e704""}",2026-04-02T21:40:12.663691789Z
[DB] Synced 0 accounts to database,info,"{""level"":""info""}","{""project"":""ce3616d9-58ad-4ec7-a294-1821e1564434"",""environment"":""fb6513d0-42a4-4660-82b5-509c54b15f2a"",""service"":""4978aa94-666c-47c7-8024-3ada55195a51"",""deployment"":""42412646-2416-4151-961a-a5fdc7d330f4"",""replica"":""d4d8ee4d-0d09-4840-a8d5-cf43db94e704""}",2026-04-02T21:40:42.710938497Z
2026-04-02 21:40:42 UTC - Services healthy,info,"{""level"":""info""}","{""project"":""ce3616d9-58ad-4ec7-a294-1821e1564434"",""environment"":""fb6513d0-42a4-4660-82b5-509c54b15f2a"",""service"":""4978aa94-666c-47c7-8024-3ada55195a51"",""deployment"":""42412646-2416-4151-961a-a5fdc7d330f4"",""replica"":""d4d8ee4d-0d09-4840-a8d5-cf43db94e704""}",2026-04-02T21:40:42.710947580Z
[DB] Synced 0 accounts to database,info,"{""level"":""info""}","{""project"":""ce3616d9-58ad-4ec7-a294-1821e1564434"",""environment"":""fb6513d0-42a4-4660-82b5-509c54b15f2a"",""service"":""4978aa94-666c-47c7-8024-3ada55195a51"",""deployment"":""42412646-2416-4151-961a-a5fdc7d330f4"",""replica"":""d4d8ee4d-0d09-4840-a8d5-cf43db94e704""}",2026-04-02T21:41:12.796218321Z
2026-04-02 21:41:12 UTC - Services healthy,info,"{""level"":""info""}","{""project"":""ce3616d9-58ad-4ec7-a294-1821e1564434"",""environment"":""fb6513d0-42a4-4660-82b5-509c54b15f2a"",""service"":""4978aa94-666c-47c7-8024-3ada55195a51"",""deployment"":""42412646-2416-4151-961a-a5fdc7d330f4"",""replica"":""d4d8ee4d-0d09-4840-a8d5-cf43db94e704""}",2026-04-02T21:41:12.796228414Z
[DB] Synced 0 accounts to database,info,"{""level"":""info""}","{""project"":""ce3616d9-58ad-4ec7-a294-1821e1564434"",""environment"":""fb6513d0-42a4-4660-82b5-509c54b15f2a"",""service"":""4978aa94-666c-47c7-8024-3ada55195a51"",""deployment"":""42412646-2416-4151-961a-a5fdc7d330f4"",""replica"":""d4d8ee4d-0d09-4840-a8d5-cf43db94e704""}",2026-04-02T21:41:42.854749758Z
2026-04-02 21:41:42 UTC - Services healthy,info,"{""level"":""info""}","{""project"":""ce3616d9-58ad-4ec7-a294-1821e1564434"",""environment"":""fb6513d0-42a4-4660-82b5-509c54b15f2a"",""service"":""4978aa94-666c-47c7-8024-3ada55195a51"",""deployment"":""42412646-2416-4151-961a-a5fdc7d330f4"",""replica"":""d4d8ee4d-0d09-4840-a8d5-cf43db94e704""}",2026-04-02T21:41:42.854757013Z
[DB] Synced 0 accounts to database,info,"{""level"":""info""}","{""project"":""ce3616d9-58ad-4ec7-a294-1821e1564434"",""environment"":""fb6513d0-42a4-4660-82b5-509c54b15f2a"",""service"":""4978aa94-666c-47c7-8024-3ada55195a51"",""deployment"":""42412646-2416-4151-961a-a5fdc7d330f4"",""replica"":""d4d8ee4d-0d09-4840-a8d5-cf43db94e704""}",2026-04-02T21:42:12.810269431Z
2026-04-02 21:42:12 UTC - Services healthy,info,"{""level"":""info""}","{""project"":""ce3616d9-58ad-4ec7-a294-1821e1564434"",""environment"":""fb6513d0-42a4-4660-82b5-509c54b15f2a"",""service"":""4978aa94-666c-47c7-8024-3ada55195a51"",""deployment"":""42412646-2416-4151-961a-a5fdc7d330f4"",""replica"":""d4d8ee4d-0d09-4840-a8d5-cf43db94e704""}",2026-04-02T21:42:12.810275784Z
[DB] Synced 0 accounts to database,info,"{""level"":""info""}","{""project"":""ce3616d9-58ad-4ec7-a294-1821e1564434"",""environment"":""fb6513d0-42a4-4660-82b5-509c54b15f2a"",""service"":""4978aa94-666c-47c7-8024-3ada55195a51"",""deployment"":""42412646-2416-4151-961a-a5fdc7d330f4"",""replica"":""d4d8ee4d-0d09-4840-a8d5-cf43db94e704""}",2026-04-02T21:42:42.972315138Z
2026-04-02 21:42:42 UTC - Services healthy,info,"{""level"":""info""}","{""project"":""ce3616d9-58ad-4ec7-a294-1821e1564434"",""environment"":""fb6513d0-42a4-4660-82b5-509c54b15f2a"",""service"":""4978aa94-666c-47c7-8024-3ada55195a51"",""deployment"":""42412646-2416-4151-961a-a5fdc7d330f4"",""replica"":""d4d8ee4d-0d09-4840-a8d5-cf43db94e704""}",2026-04-02T21:42:42.972322151Z
[DB] Synced 0 accounts to database,info,"{""level"":""info""}","{""project"":""ce3616d9-58ad-4ec7-a294-1821e1564434"",""environment"":""fb6513d0-42a4-4660-82b5-509c54b15f2a"",""service"":""4978aa94-666c-47c7-8024-3ada55195a51"",""deployment"":""42412646-2416-4151-961a-a5fdc7d330f4"",""replica"":""d4d8ee4d-0d09-4840-a8d5-cf43db94e704""}",2026-04-02T21:43:13.006641107Z
2026-04-02 21:43:12 UTC - Services healthy,info,"{""level"":""info""}","{""project"":""ce3616d9-58ad-4ec7-a294-1821e1564434"",""environment"":""fb6513d0-42a4-4660-82b5-509c54b15f2a"",""service"":""4978aa94-666c-47c7-8024-3ada55195a51"",""deployment"":""42412646-2416-4151-961a-a5fdc7d330f4"",""replica"":""d4d8ee4d-0d09-4840-a8d5-cf43db94e704""}",2026-04-02T21:43:13.006646588Z
[DB] Synced 0 accounts to database,info,"{""level"":""info""}","{""project"":""ce3616d9-58ad-4ec7-a294-1821e1564434"",""environment"":""fb6513d0-42a4-4660-82b5-509c54b15f2a"",""service"":""4978aa94-666c-47c7-8024-3ada55195a51"",""deployment"":""42412646-2416-4151-961a-a5fdc7d330f4"",""replica"":""d4d8ee4d-0d09-4840-a8d5-cf43db94e704""}",2026-04-02T21:43:43.013579395Z
2026-04-02 21:43:42 UTC - Services healthy,info,"{""level"":""info""}","{""project"":""ce3616d9-58ad-4ec7-a294-1821e1564434"",""environment"":""fb6513d0-42a4-4660-82b5-509c54b15f2a"",""service"":""4978aa94-666c-47c7-8024-3ada55195a51"",""deployment"":""42412646-2416-4151-961a-a5fdc7d330f4"",""replica"":""d4d8ee4d-0d09-4840-a8d5-cf43db94e704""}",2026-04-02T21:43:43.013586667Z
[DB] Synced 0 accounts to database,info,"{""level"":""info""}","{""project"":""ce3616d9-58ad-4ec7-a294-1821e1564434"",""environment"":""fb6513d0-42a4-4660-82b5-509c54b15f2a"",""service"":""4978aa94-666c-47c7-8024-3ada55195a51"",""deployment"":""42412646-2416-4151-961a-a5fdc7d330f4"",""replica"":""d4d8ee4d-0d09-4840-a8d5-cf43db94e704""}",2026-04-02T21:44:13.131099180Z
2026-04-02 21:44:12 UTC - Services healthy,info,"{""level"":""info""}","{""project"":""ce3616d9-58ad-4ec7-a294-1821e1564434"",""environment"":""fb6513d0-42a4-4660-82b5-509c54b15f2a"",""service"":""4978aa94-666c-47c7-8024-3ada55195a51"",""deployment"":""42412646-2416-4151-961a-a5fdc7d330f4"",""replica"":""d4d8ee4d-0d09-4840-a8d5-cf43db94e704""}",2026-04-02T21:44:13.131103792Z
[DB] Synced 0 accounts to database,info,"{""level"":""info""}","{""project"":""ce3616d9-58ad-4ec7-a294-1821e1564434"",""environment"":""fb6513d0-42a4-4660-82b5-509c54b15f2a"",""service"":""4978aa94-666c-47c7-8024-3ada55195a51"",""deployment"":""42412646-2416-4151-961a-a5fdc7d330f4"",""replica"":""d4d8ee4d-0d09-4840-a8d5-cf43db94e704""}",2026-04-02T21:44:43.606605197Z
2026-04-02 21:44:42 UTC - Services healthy,info,"{""level"":""info""}","{""project"":""ce3616d9-58ad-4ec7-a294-1821e1564434"",""environment"":""fb6513d0-42a4-4660-82b5-509c54b15f2a"",""service"":""4978aa94-666c-47c7-8024-3ada55195a51"",""deployment"":""42412646-2416-4151-961a-a5fdc7d330f4"",""replica"":""d4d8ee4d-0d09-4840-a8d5-cf43db94e704""}",2026-04-02T21:44:43.606610827Z
[DB] Synced 0 accounts to database,info,"{""level"":""info""}","{""project"":""ce3616d9-58ad-4ec7-a294-1821e1564434"",""environment"":""fb6513d0-42a4-4660-82b5-509c54b15f2a"",""service"":""4978aa94-666c-47c7-8024-3ada55195a51"",""deployment"":""42412646-2416-4151-961a-a5fdc7d330f4"",""replica"":""d4d8ee4d-0d09-4840-a8d5-cf43db94e704""}",2026-04-02T21:45:13.678040290Z
2026-04-02 21:45:12 UTC - Services healthy,info,"{""level"":""info""}","{""project"":""ce3616d9-58ad-4ec7-a294-1821e1564434"",""environment"":""fb6513d0-42a4-4660-82b5-509c54b15f2a"",""service"":""4978aa94-666c-47c7-8024-3ada55195a51"",""deployment"":""42412646-2416-4151-961a-a5fdc7d330f4"",""replica"":""d4d8ee4d-0d09-4840-a8d5-cf43db94e704""}",2026-04-02T21:45:13.678045095Z
[DB] Synced 0 accounts to database,info,"{""level"":""info""}","{""project"":""ce3616d9-58ad-4ec7-a294-1821e1564434"",""environment"":""fb6513d0-42a4-4660-82b5-509c54b15f2a"",""service"":""4978aa94-666c-47c7-8024-3ada55195a51"",""deployment"":""42412646-2416-4151-961a-a5fdc7d330f4"",""replica"":""d4d8ee4d-0d09-4840-a8d5-cf43db94e704""}",2026-04-02T21:45:43.769351608Z
2026-04-02 21:45:42 UTC - Services healthy,info,"{""level"":""info""}","{""project"":""ce3616d9-58ad-4ec7-a294-1821e1564434"",""environment"":""fb6513d0-42a4-4660-82b5-509c54b15f2a"",""service"":""4978aa94-666c-47c7-8024-3ada55195a51"",""deployment"":""42412646-2416-4151-961a-a5fdc7d330f4"",""replica"":""d4d8ee4d-0d09-4840-a8d5-cf43db94e704""}",2026-04-02T21:45:43.769359538Z
[DB] Synced 0 accounts to database,info,"{""level"":""info""}","{""project"":""ce3616d9-58ad-4ec7-a294-1821e1564434"",""environment"":""fb6513d0-42a4-4660-82b5-509c54b15f2a"",""service"":""4978aa94-666c-47c7-8024-3ada55195a51"",""deployment"":""42412646-2416-4151-961a-a5fdc7d330f4"",""replica"":""d4d8ee4d-0d09-4840-a8d5-cf43db94e704""}",2026-04-02T21:46:13.839598197Z
2026-04-02 21:46:12 UTC - Services healthy,info,"{""level"":""info""}","{""project"":""ce3616d9-58ad-4ec7-a294-1821e1564434"",""environment"":""fb6513d0-42a4-4660-82b5-509c54b15f2a"",""service"":""4978aa94-666c-47c7-8024-3ada55195a51"",""deployment"":""42412646-2416-4151-961a-a5fdc7d330f4"",""replica"":""d4d8ee4d-0d09-4840-a8d5-cf43db94e704""}",2026-04-02T21:46:13.839604976Z
[DB] Synced 0 accounts to database,info,"{""level"":""info""}","{""project"":""ce3616d9-58ad-4ec7-a294-1821e1564434"",""environment"":""fb6513d0-42a4-4660-82b5-509c54b15f2a"",""service"":""4978aa94-666c-47c7-8024-3ada55195a51"",""deployment"":""42412646-2416-4151-961a-a5fdc7d330f4"",""replica"":""d4d8ee4d-0d09-4840-a8d5-cf43db94e704""}",2026-04-02T21:46:44.016243457Z
2026-04-02 21:46:42 UTC - Services healthy,info,"{""level"":""info""}","{""project"":""ce3616d9-58ad-4ec7-a294-1821e1564434"",""environment"":""fb6513d0-42a4-4660-82b5-509c54b15f2a"",""service"":""4978aa94-666c-47c7-8024-3ada55195a51"",""deployment"":""42412646-2416-4151-961a-a5fdc7d330f4"",""replica"":""d4d8ee4d-0d09-4840-a8d5-cf43db94e704""}",2026-04-02T21:46:44.016251542Z
[DB] Synced 0 accounts to database,info,"{""level"":""info""}","{""project"":""ce3616d9-58ad-4ec7-a294-1821e1564434"",""environment"":""fb6513d0-42a4-4660-82b5-509c54b15f2a"",""service"":""4978aa94-666c-47c7-8024-3ada55195a51"",""deployment"":""42412646-2416-4151-961a-a5fdc7d330f4"",""replica"":""d4d8ee4d-0d09-4840-a8d5-cf43db94e704""}",2026-04-02T21:47:14.011917683Z
2026-04-02 21:47:12 UTC - Services healthy,info,"{""level"":""info""}","{""project"":""ce3616d9-58ad-4ec7-a294-1821e1564434"",""environment"":""fb6513d0-42a4-4660-82b5-509c54b15f2a"",""service"":""4978aa94-666c-47c7-8024-3ada55195a51"",""deployment"":""42412646-2416-4151-961a-a5fdc7d330f4"",""replica"":""d4d8ee4d-0d09-4840-a8d5-cf43db94e704""}",2026-04-02T21:47:14.011926907Z
[DB] Synced 0 accounts to database,info,"{""level"":""info""}","{""project"":""ce3616d9-58ad-4ec7-a294-1821e1564434"",""environment"":""fb6513d0-42a4-4660-82b5-509c54b15f2a"",""service"":""4978aa94-666c-47c7-8024-3ada55195a51"",""deployment"":""42412646-2416-4151-961a-a5fdc7d330f4"",""replica"":""d4d8ee4d-0d09-4840-a8d5-cf43db94e704""}",2026-04-02T21:47:44.018040346Z
2026-04-02 21:47:42 UTC - Services healthy,info,"{""level"":""info""}","{""project"":""ce3616d9-58ad-4ec7-a294-1821e1564434"",""environment"":""fb6513d0-42a4-4660-82b5-509c54b15f2a"",""service"":""4978aa94-666c-47c7-8024-3ada55195a51"",""deployment"":""42412646-2416-4151-961a-a5fdc7d330f4"",""replica"":""d4d8ee4d-0d09-4840-a8d5-cf43db94e704""}",2026-04-02T21:47:44.018046745Z
[DB] Synced 0 accounts to database,info,"{""level"":""info""}","{""project"":""ce3616d9-58ad-4ec7-a294-1821e1564434"",""environment"":""fb6513d0-42a4-4660-82b5-509c54b15f2a"",""service"":""4978aa94-666c-47c7-8024-3ada55195a51"",""deployment"":""42412646-2416-4151-961a-a5fdc7d330f4"",""replica"":""d4d8ee4d-0d09-4840-a8d5-cf43db94e704""}",2026-04-02T21:48:14.049039076Z
2026-04-02 21:48:12 UTC - Services healthy,info,"{""level"":""info""}","{""project"":""ce3616d9-58ad-4ec7-a294-1821e1564434"",""environment"":""fb6513d0-42a4-4660-82b5-509c54b15f2a"",""service"":""4978aa94-666c-47c7-8024-3ada55195a51"",""deployment"":""42412646-2416-4151-961a-a5fdc7d330f4"",""replica"":""d4d8ee4d-0d09-4840-a8d5-cf43db94e704""}",2026-04-02T21:48:14.049045570Z
[DB] Synced 0 accounts to database,info,"{""level"":""info""}","{""project"":""ce3616d9-58ad-4ec7-a294-1821e1564434"",""environment"":""fb6513d0-42a4-4660-82b5-509c54b15f2a"",""service"":""4978aa94-666c-47c7-8024-3ada55195a51"",""deployment"":""42412646-2416-4151-961a-a5fdc7d330f4"",""replica"":""d4d8ee4d-0d09-4840-a8d5-cf43db94e704""}",2026-04-02T21:48:44.037396913Z
2026-04-02 21:48:42 UTC - Services healthy,info,"{""level"":""info""}","{""project"":""ce3616d9-58ad-4ec7-a294-1821e1564434"",""environment"":""fb6513d0-42a4-4660-82b5-509c54b15f2a"",""service"":""4978aa94-666c-47c7-8024-3ada55195a51"",""deployment"":""42412646-2416-4151-961a-a5fdc7d330f4"",""replica"":""d4d8ee4d-0d09-4840-a8d5-cf43db94e704""}",2026-04-02T21:48:44.037404256Z
[DB] Synced 0 accounts to database,info,"{""level"":""info""}","{""project"":""ce3616d9-58ad-4ec7-a294-1821e1564434"",""environment"":""fb6513d0-42a4-4660-82b5-509c54b15f2a"",""service"":""4978aa94-666c-47c7-8024-3ada55195a51"",""deployment"":""42412646-2416-4151-961a-a5fdc7d330f4"",""replica"":""d4d8ee4d-0d09-4840-a8d5-cf43db94e704""}",2026-04-02T21:49:14.149794532Z
2026-04-02 21:49:12 UTC - Services healthy,info,"{""level"":""info""}","{""project"":""ce3616d9-58ad-4ec7-a294-1821e1564434"",""environment"":""fb6513d0-42a4-4660-82b5-509c54b15f2a"",""service"":""4978aa94-666c-47c7-8024-3ada55195a51"",""deployment"":""42412646-2416-4151-961a-a5fdc7d330f4"",""replica"":""d4d8ee4d-0d09-4840-a8d5-cf43db94e704""}",2026-04-02T21:49:14.149798904Z
[DB] Synced 0 accounts to database,info,"{""level"":""info""}","{""project"":""ce3616d9-58ad-4ec7-a294-1821e1564434"",""environment"":""fb6513d0-42a4-4660-82b5-509c54b15f2a"",""service"":""4978aa94-666c-47c7-8024-3ada55195a51"",""deployment"":""42412646-2416-4151-961a-a5fdc7d330f4"",""replica"":""d4d8ee4d-0d09-4840-a8d5-cf43db94e704""}",2026-04-02T21:49:44.209033807Z
2026-04-02 21:49:42 UTC - Services healthy,info,"{""level"":""info""}","{""project"":""ce3616d9-58ad-4ec7-a294-1821e1564434"",""environment"":""fb6513d0-42a4-4660-82b5-509c54b15f2a"",""service"":""4978aa94-666c-47c7-8024-3ada55195a51"",""deployment"":""42412646-2416-4151-961a-a5fdc7d330f4"",""replica"":""d4d8ee4d-0d09-4840-a8d5-cf43db94e704""}",2026-04-02T21:49:44.209041086Z
[DB] Synced 0 accounts to database,info,"{""level"":""info""}","{""project"":""ce3616d9-58ad-4ec7-a294-1821e1564434"",""environment"":""fb6513d0-42a4-4660-82b5-509c54b15f2a"",""service"":""4978aa94-666c-47c7-8024-3ada55195a51"",""deployment"":""42412646-2416-4151-961a-a5fdc7d330f4"",""replica"":""d4d8ee4d-0d09-4840-a8d5-cf43db94e704""}",2026-04-02T21:50:14.166928612Z
2026-04-02 21:50:12 UTC - Services healthy,info,"{""level"":""info""}","{""project"":""ce3616d9-58ad-4ec7-a294-1821e1564434"",""environment"":""fb6513d0-42a4-4660-82b5-509c54b15f2a"",""service"":""4978aa94-666c-47c7-8024-3ada55195a51"",""deployment"":""42412646-2416-4151-961a-a5fdc7d330f4"",""replica"":""d4d8ee4d-0d09-4840-a8d5-cf43db94e704""}",2026-04-02T21:50:14.166938127Z
[DB] Synced 0 accounts to database,info,"{""level"":""info""}","{""project"":""ce3616d9-58ad-4ec7-a294-1821e1564434"",""environment"":""fb6513d0-42a4-4660-82b5-509c54b15f2a"",""service"":""4978aa94-666c-47c7-8024-3ada55195a51"",""deployment"":""42412646-2416-4151-961a-a5fdc7d330f4"",""replica"":""d4d8ee4d-0d09-4840-a8d5-cf43db94e704""}",2026-04-02T21:50:44.249151782Z
2026-04-02 21:50:42 UTC - Services healthy,info,"{""level"":""info""}","{""project"":""ce3616d9-58ad-4ec7-a294-1821e1564434"",""environment"":""fb6513d0-42a4-4660-82b5-509c54b15f2a"",""service"":""4978aa94-666c-47c7-8024-3ada55195a51"",""deployment"":""42412646-2416-4151-961a-a5fdc7d330f4"",""replica"":""d4d8ee4d-0d09-4840-a8d5-cf43db94e704""}",2026-04-02T21:50:44.249161629Z
[DB] Synced 0 accounts to database,info,"{""level"":""info""}","{""project"":""ce3616d9-58ad-4ec7-a294-1821e1564434"",""environment"":""fb6513d0-42a4-4660-82b5-509c54b15f2a"",""service"":""4978aa94-666c-47c7-8024-3ada55195a51"",""deployment"":""42412646-2416-4151-961a-a5fdc7d330f4"",""replica"":""d4d8ee4d-0d09-4840-a8d5-cf43db94e704""}",2026-04-02T21:51:14.263334820Z
2026-04-02 21:51:12 UTC - Services healthy,info,"{""level"":""info""}","{""project"":""ce3616d9-58ad-4ec7-a294-1821e1564434"",""environment"":""fb6513d0-42a4-4660-82b5-509c54b15f2a"",""service"":""4978aa94-666c-47c7-8024-3ada55195a51"",""deployment"":""42412646-2416-4151-961a-a5fdc7d330f4"",""replica"":""d4d8ee4d-0d09-4840-a8d5-cf43db94e704""}",2026-04-02T21:51:14.263339807Z
[DB] Synced 0 accounts to database,info,"{""level"":""info""}","{""project"":""ce3616d9-58ad-4ec7-a294-1821e1564434"",""environment"":""fb6513d0-42a4-4660-82b5-509c54b15f2a"",""service"":""4978aa94-666c-47c7-8024-3ada55195a51"",""deployment"":""42412646-2416-4151-961a-a5fdc7d330f4"",""replica"":""d4d8ee4d-0d09-4840-a8d5-cf43db94e704""}",2026-04-02T21:51:44.311196163Z
2026-04-02 21:51:42 UTC - Services healthy,info,"{""level"":""info""}","{""project"":""ce3616d9-58ad-4ec7-a294-1821e1564434"",""environment"":""fb6513d0-42a4-4660-82b5-509c54b15f2a"",""service"":""4978aa94-666c-47c7-8024-3ada55195a51"",""deployment"":""42412646-2416-4151-961a-a5fdc7d330f4"",""replica"":""d4d8ee4d-0d09-4840-a8d5-cf43db94e704""}",2026-04-02T21:51:44.311203410Z
[DB] Synced 0 accounts to database,info,"{""level"":""info""}","{""project"":""ce3616d9-58ad-4ec7-a294-1821e1564434"",""environment"":""fb6513d0-42a4-4660-82b5-509c54b15f2a"",""service"":""4978aa94-666c-47c7-8024-3ada55195a51"",""deployment"":""42412646-2416-4151-961a-a5fdc7d330f4"",""replica"":""d4d8ee4d-0d09-4840-a8d5-cf43db94e704""}",2026-04-02T21:52:14.331188338Z
2026-04-02 21:52:12 UTC - Services healthy,info,"{""level"":""info""}","{""project"":""ce3616d9-58ad-4ec7-a294-1821e1564434"",""environment"":""fb6513d0-42a4-4660-82b5-509c54b15f2a"",""service"":""4978aa94-666c-47c7-8024-3ada55195a51"",""deployment"":""42412646-2416-4151-961a-a5fdc7d330f4"",""replica"":""d4d8ee4d-0d09-4840-a8d5-cf43db94e704""}",2026-04-02T21:52:14.331199269Z
[DB] Synced 0 accounts to database,info,"{""level"":""info""}","{""project"":""ce3616d9-58ad-4ec7-a294-1821e1564434"",""environment"":""fb6513d0-42a4-4660-82b5-509c54b15f2a"",""service"":""4978aa94-666c-47c7-8024-3ada55195a51"",""deployment"":""42412646-2416-4151-961a-a5fdc7d330f4"",""replica"":""d4d8ee4d-0d09-4840-a8d5-cf43db94e704""}",2026-04-02T21:52:44.482539105Z
2026-04-02 21:52:42 UTC - Services healthy,info,"{""level"":""info""}","{""project"":""ce3616d9-58ad-4ec7-a294-1821e1564434"",""environment"":""fb6513d0-42a4-4660-82b5-509c54b15f2a"",""service"":""4978aa94-666c-47c7-8024-3ada55195a51"",""deployment"":""42412646-2416-4151-961a-a5fdc7d330f4"",""replica"":""d4d8ee4d-0d09-4840-a8d5-cf43db94e704""}",2026-04-02T21:52:44.482544399Z
[DB] Synced 0 accounts to database,info,"{""level"":""info""}","{""project"":""ce3616d9-58ad-4ec7-a294-1821e1564434"",""environment"":""fb6513d0-42a4-4660-82b5-509c54b15f2a"",""service"":""4978aa94-666c-47c7-8024-3ada55195a51"",""deployment"":""42412646-2416-4151-961a-a5fdc7d330f4"",""replica"":""d4d8ee4d-0d09-4840-a8d5-cf43db94e704""}",2026-04-02T21:53:14.587862632Z
2026-04-02 21:53:12 UTC - Services healthy,info,"{""level"":""info""}","{""project"":""ce3616d9-58ad-4ec7-a294-1821e1564434"",""environment"":""fb6513d0-42a4-4660-82b5-509c54b15f2a"",""service"":""4978aa94-666c-47c7-8024-3ada55195a51"",""deployment"":""42412646-2416-4151-961a-a5fdc7d330f4"",""replica"":""d4d8ee4d-0d09-4840-a8d5-cf43db94e704""}",2026-04-02T21:53:14.587868228Z
[DB] Synced 0 accounts to database,info,"{""level"":""info""}","{""project"":""ce3616d9-58ad-4ec7-a294-1821e1564434"",""environment"":""fb6513d0-42a4-4660-82b5-509c54b15f2a"",""service"":""4978aa94-666c-47c7-8024-3ada55195a51"",""deployment"":""42412646-2416-4151-961a-a5fdc7d330f4"",""replica"":""d4d8ee4d-0d09-4840-a8d5-cf43db94e704""}",2026-04-02T21:53:44.800059935Z
2026-04-02 21:53:42 UTC - Services healthy,info,"{""level"":""info""}","{""project"":""ce3616d9-58ad-4ec7-a294-1821e1564434"",""environment"":""fb6513d0-42a4-4660-82b5-509c54b15f2a"",""service"":""4978aa94-666c-47c7-8024-3ada55195a51"",""deployment"":""42412646-2416-4151-961a-a5fdc7d330f4"",""replica"":""d4d8ee4d-0d09-4840-a8d5-cf43db94e704""}",2026-04-02T21:53:44.800071555Z
[DB] Synced 0 accounts to database,info,"{""level"":""info""}","{""project"":""ce3616d9-58ad-4ec7-a294-1821e1564434"",""environment"":""fb6513d0-42a4-4660-82b5-509c54b15f2a"",""service"":""4978aa94-666c-47c7-8024-3ada55195a51"",""deployment"":""42412646-2416-4151-961a-a5fdc7d330f4"",""replica"":""d4d8ee4d-0d09-4840-a8d5-cf43db94e704""}",2026-04-02T21:54:14.866012278Z
2026-04-02 21:54:12 UTC - Services healthy,info,"{""level"":""info""}","{""project"":""ce3616d9-58ad-4ec7-a294-1821e1564434"",""environment"":""fb6513d0-42a4-4660-82b5-509c54b15f2a"",""service"":""4978aa94-666c-47c7-8024-3ada55195a51"",""deployment"":""42412646-2416-4151-961a-a5fdc7d330f4"",""replica"":""d4d8ee4d-0d09-4840-a8d5-cf43db94e704""}",2026-04-02T21:54:14.866021137Z
[DB] Synced 0 accounts to database,info,"{""level"":""info""}","{""project"":""ce3616d9-58ad-4ec7-a294-1821e1564434"",""environment"":""fb6513d0-42a4-4660-82b5-509c54b15f2a"",""service"":""4978aa94-666c-47c7-8024-3ada55195a51"",""deployment"":""42412646-2416-4151-961a-a5fdc7d330f4"",""replica"":""d4d8ee4d-0d09-4840-a8d5-cf43db94e704""}",2026-04-02T21:54:44.858952767Z
2026-04-02 21:54:42 UTC - Services healthy,info,"{""level"":""info""}","{""project"":""ce3616d9-58ad-4ec7-a294-1821e1564434"",""environment"":""fb6513d0-42a4-4660-82b5-509c54b15f2a"",""service"":""4978aa94-666c-47c7-8024-3ada55195a51"",""deployment"":""42412646-2416-4151-961a-a5fdc7d330f4"",""replica"":""d4d8ee4d-0d09-4840-a8d5-cf43db94e704""}",2026-04-02T21:54:44.858963118Z
[DB] Synced 0 accounts to database,info,"{""level"":""info""}","{""project"":""ce3616d9-58ad-4ec7-a294-1821e1564434"",""environment"":""fb6513d0-42a4-4660-82b5-509c54b15f2a"",""service"":""4978aa94-666c-47c7-8024-3ada55195a51"",""deployment"":""42412646-2416-4151-961a-a5fdc7d330f4"",""replica"":""d4d8ee4d-0d09-4840-a8d5-cf43db94e704""}",2026-04-02T21:55:14.890396542Z
2026-04-02 21:55:12 UTC - Services healthy,info,"{""level"":""info""}","{""project"":""ce3616d9-58ad-4ec7-a294-1821e1564434"",""environment"":""fb6513d0-42a4-4660-82b5-509c54b15f2a"",""service"":""4978aa94-666c-47c7-8024-3ada55195a51"",""deployment"":""42412646-2416-4151-961a-a5fdc7d330f4"",""replica"":""d4d8ee4d-0d09-4840-a8d5-cf43db94e704""}",2026-04-02T21:55:14.890409984Z
[DB] Synced 0 accounts to database,info,"{""level"":""info""}","{""project"":""ce3616d9-58ad-4ec7-a294-1821e1564434"",""environment"":""fb6513d0-42a4-4660-82b5-509c54b15f2a"",""service"":""4978aa94-666c-47c7-8024-3ada55195a51"",""deployment"":""42412646-2416-4151-961a-a5fdc7d330f4"",""replica"":""d4d8ee4d-0d09-4840-a8d5-cf43db94e704""}",2026-04-02T21:55:44.943095992Z
2026-04-02 21:55:42 UTC - Services healthy,info,"{""level"":""info""}","{""project"":""ce3616d9-58ad-4ec7-a294-1821e1564434"",""environment"":""fb6513d0-42a4-4660-82b5-509c54b15f2a"",""service"":""4978aa94-666c-47c7-8024-3ada55195a51"",""deployment"":""42412646-2416-4151-961a-a5fdc7d330f4"",""replica"":""d4d8ee4d-0d09-4840-a8d5-cf43db94e704""}",2026-04-02T21:55:44.943100643Z
[DB] Synced 0 accounts to database,info,"{""level"":""info""}","{""project"":""ce3616d9-58ad-4ec7-a294-1821e1564434"",""environment"":""fb6513d0-42a4-4660-82b5-509c54b15f2a"",""service"":""4978aa94-666c-47c7-8024-3ada55195a51"",""deployment"":""42412646-2416-4151-961a-a5fdc7d330f4"",""replica"":""d4d8ee4d-0d09-4840-a8d5-cf43db94e704""}",2026-04-02T21:56:15.004997528Z
2026-04-02 21:56:12 UTC - Services healthy,info,"{""level"":""info""}","{""project"":""ce3616d9-58ad-4ec7-a294-1821e1564434"",""environment"":""fb6513d0-42a4-4660-82b5-509c54b15f2a"",""service"":""4978aa94-666c-47c7-8024-3ada55195a51"",""deployment"":""42412646-2416-4151-961a-a5fdc7d330f4"",""replica"":""d4d8ee4d-0d09-4840-a8d5-cf43db94e704""}",2026-04-02T21:56:15.005005694Z
[DB] Synced 0 accounts to database,info,"{""level"":""info""}","{""project"":""ce3616d9-58ad-4ec7-a294-1821e1564434"",""environment"":""fb6513d0-42a4-4660-82b5-509c54b15f2a"",""service"":""4978aa94-666c-47c7-8024-3ada55195a51"",""deployment"":""42412646-2416-4151-961a-a5fdc7d330f4"",""replica"":""d4d8ee4d-0d09-4840-a8d5-cf43db94e704""}",2026-04-02T21:56:45.003287916Z
2026-04-02 21:56:42 UTC - Services healthy,info,"{""level"":""info""}","{""project"":""ce3616d9-58ad-4ec7-a294-1821e1564434"",""environment"":""fb6513d0-42a4-4660-82b5-509c54b15f2a"",""service"":""4978aa94-666c-47c7-8024-3ada55195a51"",""deployment"":""42412646-2416-4151-961a-a5fdc7d330f4"",""replica"":""d4d8ee4d-0d09-4840-a8d5-cf43db94e704""}",2026-04-02T21:56:45.003295304Z
[DB] Synced 0 accounts to database,info,"{""level"":""info""}","{""project"":""ce3616d9-58ad-4ec7-a294-1821e1564434"",""environment"":""fb6513d0-42a4-4660-82b5-509c54b15f2a"",""service"":""4978aa94-666c-47c7-8024-3ada55195a51"",""deployment"":""42412646-2416-4151-961a-a5fdc7d330f4"",""replica"":""d4d8ee4d-0d09-4840-a8d5-cf43db94e704""}",2026-04-02T21:57:15.076224879Z
2026-04-02 21:57:12 UTC - Services healthy,info,"{""level"":""info""}","{""project"":""ce3616d9-58ad-4ec7-a294-1821e1564434"",""environment"":""fb6513d0-42a4-4660-82b5-509c54b15f2a"",""service"":""4978aa94-666c-47c7-8024-3ada55195a51"",""deployment"":""42412646-2416-4151-961a-a5fdc7d330f4"",""replica"":""d4d8ee4d-0d09-4840-a8d5-cf43db94e704""}",2026-04-02T21:57:15.076229148Z
[DB] Synced 0 accounts to database,info,"{""level"":""info""}","{""project"":""ce3616d9-58ad-4ec7-a294-1821e1564434"",""environment"":""fb6513d0-42a4-4660-82b5-509c54b15f2a"",""service"":""4978aa94-666c-47c7-8024-3ada55195a51"",""deployment"":""42412646-2416-4151-961a-a5fdc7d330f4"",""replica"":""d4d8ee4d-0d09-4840-a8d5-cf43db94e704""}",2026-04-02T21:57:45.179130915Z
2026-04-02 21:57:42 UTC - Services healthy,info,"{""level"":""info""}","{""project"":""ce3616d9-58ad-4ec7-a294-1821e1564434"",""environment"":""fb6513d0-42a4-4660-82b5-509c54b15f2a"",""service"":""4978aa94-666c-47c7-8024-3ada55195a51"",""deployment"":""42412646-2416-4151-961a-a5fdc7d330f4"",""replica"":""d4d8ee4d-0d09-4840-a8d5-cf43db94e704""}",2026-04-02T21:57:45.179137414Z
[DB] Synced 0 accounts to database,info,"{""level"":""info""}","{""project"":""ce3616d9-58ad-4ec7-a294-1821e1564434"",""environment"":""fb6513d0-42a4-4660-82b5-509c54b15f2a"",""service"":""4978aa94-666c-47c7-8024-3ada55195a51"",""deployment"":""42412646-2416-4151-961a-a5fdc7d330f4"",""replica"":""d4d8ee4d-0d09-4840-a8d5-cf43db94e704""}",2026-04-02T21:58:15.243664228Z
2026-04-02 21:58:12 UTC - Services healthy,info,"{""level"":""info""}","{""project"":""ce3616d9-58ad-4ec7-a294-1821e1564434"",""environment"":""fb6513d0-42a4-4660-82b5-509c54b15f2a"",""service"":""4978aa94-666c-47c7-8024-3ada55195a51"",""deployment"":""42412646-2416-4151-961a-a5fdc7d330f4"",""replica"":""d4d8ee4d-0d09-4840-a8d5-cf43db94e704""}",2026-04-02T21:58:15.243674144Z
[DB] Synced 0 accounts to database,info,"{""level"":""info""}","{""project"":""ce3616d9-58ad-4ec7-a294-1821e1564434"",""environment"":""fb6513d0-42a4-4660-82b5-509c54b15f2a"",""service"":""4978aa94-666c-47c7-8024-3ada55195a51"",""deployment"":""42412646-2416-4151-961a-a5fdc7d330f4"",""replica"":""d4d8ee4d-0d09-4840-a8d5-cf43db94e704""}",2026-04-02T21:58:45.278666958Z
2026-04-02 21:58:42 UTC - Services healthy,info,"{""level"":""info""}","{""project"":""ce3616d9-58ad-4ec7-a294-1821e1564434"",""environment"":""fb6513d0-42a4-4660-82b5-509c54b15f2a"",""service"":""4978aa94-666c-47c7-8024-3ada55195a51"",""deployment"":""42412646-2416-4151-961a-a5fdc7d330f4"",""replica"":""d4d8ee4d-0d09-4840-a8d5-cf43db94e704""}",2026-04-02T21:58:45.278674452Z
[DB] Synced 0 accounts to database,info,"{""level"":""info""}","{""project"":""ce3616d9-58ad-4ec7-a294-1821e1564434"",""environment"":""fb6513d0-42a4-4660-82b5-509c54b15f2a"",""service"":""4978aa94-666c-47c7-8024-3ada55195a51"",""deployment"":""42412646-2416-4151-961a-a5fdc7d330f4"",""replica"":""d4d8ee4d-0d09-4840-a8d5-cf43db94e704""}",2026-04-02T21:59:15.629189473Z
2026-04-02 21:59:12 UTC - Services healthy,info,"{""level"":""info""}","{""project"":""ce3616d9-58ad-4ec7-a294-1821e1564434"",""environment"":""fb6513d0-42a4-4660-82b5-509c54b15f2a"",""service"":""4978aa94-666c-47c7-8024-3ada55195a51"",""deployment"":""42412646-2416-4151-961a-a5fdc7d330f4"",""replica"":""d4d8ee4d-0d09-4840-a8d5-cf43db94e704""}",2026-04-02T21:59:15.629198565Z
[DB] Synced 0 accounts to database,info,"{""level"":""info""}","{""project"":""ce3616d9-58ad-4ec7-a294-1821e1564434"",""environment"":""fb6513d0-42a4-4660-82b5-509c54b15f2a"",""service"":""4978aa94-666c-47c7-8024-3ada55195a51"",""deployment"":""42412646-2416-4151-961a-a5fdc7d330f4"",""replica"":""d4d8ee4d-0d09-4840-a8d5-cf43db94e704""}",2026-04-02T21:59:46.475866041Z
2026-04-02 21:59:42 UTC - Services healthy,info,"{""level"":""info""}","{""project"":""ce3616d9-58ad-4ec7-a294-1821e1564434"",""environment"":""fb6513d0-42a4-4660-82b5-509c54b15f2a"",""service"":""4978aa94-666c-47c7-8024-3ada55195a51"",""deployment"":""42412646-2416-4151-961a-a5fdc7d330f4"",""replica"":""d4d8ee4d-0d09-4840-a8d5-cf43db94e704""}",2026-04-02T21:59:46.475873929Z
[DB] Synced 0 accounts to database,info,"{""level"":""info""}","{""project"":""ce3616d9-58ad-4ec7-a294-1821e1564434"",""environment"":""fb6513d0-42a4-4660-82b5-509c54b15f2a"",""service"":""4978aa94-666c-47c7-8024-3ada55195a51"",""deployment"":""42412646-2416-4151-961a-a5fdc7d330f4"",""replica"":""d4d8ee4d-0d09-4840-a8d5-cf43db94e704""}",2026-04-02T22:00:16.478294885Z
2026-04-02 22:00:12 UTC - Services healthy,info,"{""level"":""info""}","{""project"":""ce3616d9-58ad-4ec7-a294-1821e1564434"",""environment"":""fb6513d0-42a4-4660-82b5-509c54b15f2a"",""service"":""4978aa94-666c-47c7-8024-3ada55195a51"",""deployment"":""42412646-2416-4151-961a-a5fdc7d330f4"",""replica"":""d4d8ee4d-0d09-4840-a8d5-cf43db94e704""}",2026-04-02T22:00:16.478301414Z
[DB] Synced 0 accounts to database,info,"{""level"":""info""}","{""project"":""ce3616d9-58ad-4ec7-a294-1821e1564434"",""environment"":""fb6513d0-42a4-4660-82b5-509c54b15f2a"",""service"":""4978aa94-666c-47c7-8024-3ada55195a51"",""deployment"":""42412646-2416-4151-961a-a5fdc7d330f4"",""replica"":""d4d8ee4d-0d09-4840-a8d5-cf43db94e704""}",2026-04-02T22:00:46.458274932Z
2026-04-02 22:00:42 UTC - Services healthy,info,"{""level"":""info""}","{""project"":""ce3616d9-58ad-4ec7-a294-1821e1564434"",""environment"":""fb6513d0-42a4-4660-82b5-509c54b15f2a"",""service"":""4978aa94-666c-47c7-8024-3ada55195a51"",""deployment"":""42412646-2416-4151-961a-a5fdc7d330f4"",""replica"":""d4d8ee4d-0d09-4840-a8d5-cf43db94e704""}",2026-04-02T22:00:46.458280367Z
[DB] Synced 0 accounts to database,info,"{""level"":""info""}","{""project"":""ce3616d9-58ad-4ec7-a294-1821e1564434"",""environment"":""fb6513d0-42a4-4660-82b5-509c54b15f2a"",""service"":""4978aa94-666c-47c7-8024-3ada55195a51"",""deployment"":""42412646-2416-4151-961a-a5fdc7d330f4"",""replica"":""d4d8ee4d-0d09-4840-a8d5-cf43db94e704""}",2026-04-02T22:01:16.235623221Z
2026-04-02 22:01:12 UTC - Services healthy,info,"{""level"":""info""}","{""project"":""ce3616d9-58ad-4ec7-a294-1821e1564434"",""environment"":""fb6513d0-42a4-4660-82b5-509c54b15f2a"",""service"":""4978aa94-666c-47c7-8024-3ada55195a51"",""deployment"":""42412646-2416-4151-961a-a5fdc7d330f4"",""replica"":""d4d8ee4d-0d09-4840-a8d5-cf43db94e704""}",2026-04-02T22:01:16.235634793Z
[DB] Synced 0 accounts to database,info,"{""level"":""info""}","{""project"":""ce3616d9-58ad-4ec7-a294-1821e1564434"",""environment"":""fb6513d0-42a4-4660-82b5-509c54b15f2a"",""service"":""4978aa94-666c-47c7-8024-3ada55195a51"",""deployment"":""42412646-2416-4151-961a-a5fdc7d330f4"",""replica"":""d4d8ee4d-0d09-4840-a8d5-cf43db94e704""}",2026-04-02T22:01:46.606912196Z
2026-04-02 22:01:42 UTC - Services healthy,info,"{""level"":""info""}","{""project"":""ce3616d9-58ad-4ec7-a294-1821e1564434"",""environment"":""fb6513d0-42a4-4660-82b5-509c54b15f2a"",""service"":""4978aa94-666c-47c7-8024-3ada55195a51"",""deployment"":""42412646-2416-4151-961a-a5fdc7d330f4"",""replica"":""d4d8ee4d-0d09-4840-a8d5-cf43db94e704""}",2026-04-02T22:01:46.606921028Z
[DB] Synced 0 accounts to database,info,"{""level"":""info""}","{""project"":""ce3616d9-58ad-4ec7-a294-1821e1564434"",""environment"":""fb6513d0-42a4-4660-82b5-509c54b15f2a"",""service"":""4978aa94-666c-47c7-8024-3ada55195a51"",""deployment"":""42412646-2416-4151-961a-a5fdc7d330f4"",""replica"":""d4d8ee4d-0d09-4840-a8d5-cf43db94e704""}",2026-04-02T22:02:16.973306852Z
2026-04-02 22:02:12 UTC - Services healthy,info,"{""level"":""info""}","{""project"":""ce3616d9-58ad-4ec7-a294-1821e1564434"",""environment"":""fb6513d0-42a4-4660-82b5-509c54b15f2a"",""service"":""4978aa94-666c-47c7-8024-3ada55195a51"",""deployment"":""42412646-2416-4151-961a-a5fdc7d330f4"",""replica"":""d4d8ee4d-0d09-4840-a8d5-cf43db94e704""}",2026-04-02T22:02:16.973311380Z
[DB] Synced 0 accounts to database,info,"{""level"":""info""}","{""project"":""ce3616d9-58ad-4ec7-a294-1821e1564434"",""environment"":""fb6513d0-42a4-4660-82b5-509c54b15f2a"",""service"":""4978aa94-666c-47c7-8024-3ada55195a51"",""deployment"":""42412646-2416-4151-961a-a5fdc7d330f4"",""replica"":""d4d8ee4d-0d09-4840-a8d5-cf43db94e704""}",2026-04-02T22:02:46.759893054Z
2026-04-02 22:02:42 UTC - Services healthy,info,"{""level"":""info""}","{""project"":""ce3616d9-58ad-4ec7-a294-1821e1564434"",""environment"":""fb6513d0-42a4-4660-82b5-509c54b15f2a"",""service"":""4978aa94-666c-47c7-8024-3ada55195a51"",""deployment"":""42412646-2416-4151-961a-a5fdc7d330f4"",""replica"":""d4d8ee4d-0d09-4840-a8d5-cf43db94e704""}",2026-04-02T22:02:46.759898646Z
[DB] Synced 0 accounts to database,info,"{""level"":""info""}","{""project"":""ce3616d9-58ad-4ec7-a294-1821e1564434"",""environment"":""fb6513d0-42a4-4660-82b5-509c54b15f2a"",""service"":""4978aa94-666c-47c7-8024-3ada55195a51"",""deployment"":""42412646-2416-4151-961a-a5fdc7d330f4"",""replica"":""d4d8ee4d-0d09-4840-a8d5-cf43db94e704""}",2026-04-02T22:03:16.884841654Z
2026-04-02 22:03:12 UTC - Services healthy,info,"{""level"":""info""}","{""project"":""ce3616d9-58ad-4ec7-a294-1821e1564434"",""environment"":""fb6513d0-42a4-4660-82b5-509c54b15f2a"",""service"":""4978aa94-666c-47c7-8024-3ada55195a51"",""deployment"":""42412646-2416-4151-961a-a5fdc7d330f4"",""replica"":""d4d8ee4d-0d09-4840-a8d5-cf43db94e704""}",2026-04-02T22:03:16.884848646Z
[DB] Synced 0 accounts to database,info,"{""level"":""info""}","{""project"":""ce3616d9-58ad-4ec7-a294-1821e1564434"",""environment"":""fb6513d0-42a4-4660-82b5-509c54b15f2a"",""service"":""4978aa94-666c-47c7-8024-3ada55195a51"",""deployment"":""42412646-2416-4151-961a-a5fdc7d330f4"",""replica"":""d4d8ee4d-0d09-4840-a8d5-cf43db94e704""}",2026-04-02T22:03:46.579635103Z
2026-04-02 22:03:42 UTC - Services healthy,info,"{""level"":""info""}","{""project"":""ce3616d9-58ad-4ec7-a294-1821e1564434"",""environment"":""fb6513d0-42a4-4660-82b5-509c54b15f2a"",""service"":""4978aa94-666c-47c7-8024-3ada55195a51"",""deployment"":""42412646-2416-4151-961a-a5fdc7d330f4"",""replica"":""d4d8ee4d-0d09-4840-a8d5-cf43db94e704""}",2026-04-02T22:03:46.579651902Z
[DB] Synced 0 accounts to database,info,"{""level"":""info""}","{""project"":""ce3616d9-58ad-4ec7-a294-1821e1564434"",""environment"":""fb6513d0-42a4-4660-82b5-509c54b15f2a"",""service"":""4978aa94-666c-47c7-8024-3ada55195a51"",""deployment"":""42412646-2416-4151-961a-a5fdc7d330f4"",""replica"":""d4d8ee4d-0d09-4840-a8d5-cf43db94e704""}",2026-04-02T22:04:16.581981717Z
2026-04-02 22:04:12 UTC - Services healthy,info,"{""level"":""info""}","{""project"":""ce3616d9-58ad-4ec7-a294-1821e1564434"",""environment"":""fb6513d0-42a4-4660-82b5-509c54b15f2a"",""service"":""4978aa94-666c-47c7-8024-3ada55195a51"",""deployment"":""42412646-2416-4151-961a-a5fdc7d330f4"",""replica"":""d4d8ee4d-0d09-4840-a8d5-cf43db94e704""}",2026-04-02T22:04:16.581991219Z
[DB] Synced 0 accounts to database,info,"{""level"":""info""}","{""project"":""ce3616d9-58ad-4ec7-a294-1821e1564434"",""environment"":""fb6513d0-42a4-4660-82b5-509c54b15f2a"",""service"":""4978aa94-666c-47c7-8024-3ada55195a51"",""deployment"":""42412646-2416-4151-961a-a5fdc7d330f4"",""replica"":""d4d8ee4d-0d09-4840-a8d5-cf43db94e704""}",2026-04-02T22:04:46.597896721Z
2026-04-02 22:04:42 UTC - Services healthy,info,"{""level"":""info""}","{""project"":""ce3616d9-58ad-4ec7-a294-1821e1564434"",""environment"":""fb6513d0-42a4-4660-82b5-509c54b15f2a"",""service"":""4978aa94-666c-47c7-8024-3ada55195a51"",""deployment"":""42412646-2416-4151-961a-a5fdc7d330f4"",""replica"":""d4d8ee4d-0d09-4840-a8d5-cf43db94e704""}",2026-04-02T22:04:46.597904202Z
[DB] Synced 0 accounts to database,info,"{""level"":""info""}","{""project"":""ce3616d9-58ad-4ec7-a294-1821e1564434"",""environment"":""fb6513d0-42a4-4660-82b5-509c54b15f2a"",""service"":""4978aa94-666c-47c7-8024-3ada55195a51"",""deployment"":""42412646-2416-4151-961a-a5fdc7d330f4"",""replica"":""d4d8ee4d-0d09-4840-a8d5-cf43db94e704""}",2026-04-02T22:05:16.535964118Z
2026-04-02 22:05:12 UTC - Services healthy,info,"{""level"":""info""}","{""project"":""ce3616d9-58ad-4ec7-a294-1821e1564434"",""environment"":""fb6513d0-42a4-4660-82b5-509c54b15f2a"",""service"":""4978aa94-666c-47c7-8024-3ada55195a51"",""deployment"":""42412646-2416-4151-961a-a5fdc7d330f4"",""replica"":""d4d8ee4d-0d09-4840-a8d5-cf43db94e704""}",2026-04-02T22:05:16.535972111Z
[DB] Synced 0 accounts to database,info,"{""level"":""info""}","{""project"":""ce3616d9-58ad-4ec7-a294-1821e1564434"",""environment"":""fb6513d0-42a4-4660-82b5-509c54b15f2a"",""service"":""4978aa94-666c-47c7-8024-3ada55195a51"",""deployment"":""42412646-2416-4151-961a-a5fdc7d330f4"",""replica"":""d4d8ee4d-0d09-4840-a8d5-cf43db94e704""}",2026-04-02T22:05:46.595879675Z
2026-04-02 22:05:42 UTC - Services healthy,info,"{""level"":""info""}","{""project"":""ce3616d9-58ad-4ec7-a294-1821e1564434"",""environment"":""fb6513d0-42a4-4660-82b5-509c54b15f2a"",""service"":""4978aa94-666c-47c7-8024-3ada55195a51"",""deployment"":""42412646-2416-4151-961a-a5fdc7d330f4"",""replica"":""d4d8ee4d-0d09-4840-a8d5-cf43db94e704""}",2026-04-02T22:05:46.595885699Z
[DB] Synced 0 accounts to database,info,"{""level"":""info""}","{""project"":""ce3616d9-58ad-4ec7-a294-1821e1564434"",""environment"":""fb6513d0-42a4-4660-82b5-509c54b15f2a"",""service"":""4978aa94-666c-47c7-8024-3ada55195a51"",""deployment"":""42412646-2416-4151-961a-a5fdc7d330f4"",""replica"":""d4d8ee4d-0d09-4840-a8d5-cf43db94e704""}",2026-04-02T22:06:16.612621807Z
2026-04-02 22:06:12 UTC - Services healthy,info,"{""level"":""info""}","{""project"":""ce3616d9-58ad-4ec7-a294-1821e1564434"",""environment"":""fb6513d0-42a4-4660-82b5-509c54b15f2a"",""service"":""4978aa94-666c-47c7-8024-3ada55195a51"",""deployment"":""42412646-2416-4151-961a-a5fdc7d330f4"",""replica"":""d4d8ee4d-0d09-4840-a8d5-cf43db94e704""}",2026-04-02T22:06:16.612628541Z
[DB] Synced 0 accounts to database,info,"{""level"":""info""}","{""project"":""ce3616d9-58ad-4ec7-a294-1821e1564434"",""environment"":""fb6513d0-42a4-4660-82b5-509c54b15f2a"",""service"":""4978aa94-666c-47c7-8024-3ada55195a51"",""deployment"":""42412646-2416-4151-961a-a5fdc7d330f4"",""replica"":""d4d8ee4d-0d09-4840-a8d5-cf43db94e704""}",2026-04-02T22:06:46.859852663Z
2026-04-02 22:06:42 UTC - Services healthy,info,"{""level"":""info""}","{""project"":""ce3616d9-58ad-4ec7-a294-1821e1564434"",""environment"":""fb6513d0-42a4-4660-82b5-509c54b15f2a"",""service"":""4978aa94-666c-47c7-8024-3ada55195a51"",""deployment"":""42412646-2416-4151-961a-a5fdc7d330f4"",""replica"":""d4d8ee4d-0d09-4840-a8d5-cf43db94e704""}",2026-04-02T22:06:46.859860798Z
[DB] Synced 0 accounts to database,info,"{""level"":""info""}","{""project"":""ce3616d9-58ad-4ec7-a294-1821e1564434"",""environment"":""fb6513d0-42a4-4660-82b5-509c54b15f2a"",""service"":""4978aa94-666c-47c7-8024-3ada55195a51"",""deployment"":""42412646-2416-4151-961a-a5fdc7d330f4"",""replica"":""d4d8ee4d-0d09-4840-a8d5-cf43db94e704""}",2026-04-02T22:07:17.185940676Z
2026-04-02 22:07:12 UTC - Services healthy,info,"{""level"":""info""}","{""project"":""ce3616d9-58ad-4ec7-a294-1821e1564434"",""environment"":""fb6513d0-42a4-4660-82b5-509c54b15f2a"",""service"":""4978aa94-666c-47c7-8024-3ada55195a51"",""deployment"":""42412646-2416-4151-961a-a5fdc7d330f4"",""replica"":""d4d8ee4d-0d09-4840-a8d5-cf43db94e704""}",2026-04-02T22:07:17.185945550Z
[DB] Synced 0 accounts to database,info,"{""level"":""info""}","{""project"":""ce3616d9-58ad-4ec7-a294-1821e1564434"",""environment"":""fb6513d0-42a4-4660-82b5-509c54b15f2a"",""service"":""4978aa94-666c-47c7-8024-3ada55195a51"",""deployment"":""42412646-2416-4151-961a-a5fdc7d330f4"",""replica"":""d4d8ee4d-0d09-4840-a8d5-cf43db94e704""}",2026-04-02T22:07:47.359603223Z
2026-04-02 22:07:42 UTC - Services healthy,info,"{""level"":""info""}","{""project"":""ce3616d9-58ad-4ec7-a294-1821e1564434"",""environment"":""fb6513d0-42a4-4660-82b5-509c54b15f2a"",""service"":""4978aa94-666c-47c7-8024-3ada55195a51"",""deployment"":""42412646-2416-4151-961a-a5fdc7d330f4"",""replica"":""d4d8ee4d-0d09-4840-a8d5-cf43db94e704""}",2026-04-02T22:07:47.359610094Z
[DB] Synced 0 accounts to database,info,"{""level"":""info""}","{""project"":""ce3616d9-58ad-4ec7-a294-1821e1564434"",""environment"":""fb6513d0-42a4-4660-82b5-509c54b15f2a"",""service"":""4978aa94-666c-47c7-8024-3ada55195a51"",""deployment"":""42412646-2416-4151-961a-a5fdc7d330f4"",""replica"":""d4d8ee4d-0d09-4840-a8d5-cf43db94e704""}",2026-04-02T22:08:17.366578120Z
2026-04-02 22:08:12 UTC - Services healthy,info,"{""level"":""info""}","{""project"":""ce3616d9-58ad-4ec7-a294-1821e1564434"",""environment"":""fb6513d0-42a4-4660-82b5-509c54b15f2a"",""service"":""4978aa94-666c-47c7-8024-3ada55195a51"",""deployment"":""42412646-2416-4151-961a-a5fdc7d330f4"",""replica"":""d4d8ee4d-0d09-4840-a8d5-cf43db94e704""}",2026-04-02T22:08:17.366585013Z
[DB] Synced 0 accounts to database,info,"{""level"":""info""}","{""project"":""ce3616d9-58ad-4ec7-a294-1821e1564434"",""environment"":""fb6513d0-42a4-4660-82b5-509c54b15f2a"",""service"":""4978aa94-666c-47c7-8024-3ada55195a51"",""deployment"":""42412646-2416-4151-961a-a5fdc7d330f4"",""replica"":""d4d8ee4d-0d09-4840-a8d5-cf43db94e704""}",2026-04-02T22:08:47.014739207Z
2026-04-02 22:08:42 UTC - Services healthy,info,"{""level"":""info""}","{""project"":""ce3616d9-58ad-4ec7-a294-1821e1564434"",""environment"":""fb6513d0-42a4-4660-82b5-509c54b15f2a"",""service"":""4978aa94-666c-47c7-8024-3ada55195a51"",""deployment"":""42412646-2416-4151-961a-a5fdc7d330f4"",""replica"":""d4d8ee4d-0d09-4840-a8d5-cf43db94e704""}",2026-04-02T22:08:47.014747346Z
[DB] Synced 0 accounts to database,info,"{""level"":""info""}","{""project"":""ce3616d9-58ad-4ec7-a294-1821e1564434"",""environment"":""fb6513d0-42a4-4660-82b5-509c54b15f2a"",""service"":""4978aa94-666c-47c7-8024-3ada55195a51"",""deployment"":""42412646-2416-4151-961a-a5fdc7d330f4"",""replica"":""d4d8ee4d-0d09-4840-a8d5-cf43db94e704""}",2026-04-02T22:09:17.058830363Z
2026-04-02 22:09:12 UTC - Services healthy,info,"{""level"":""info""}","{""project"":""ce3616d9-58ad-4ec7-a294-1821e1564434"",""environment"":""fb6513d0-42a4-4660-82b5-509c54b15f2a"",""service"":""4978aa94-666c-47c7-8024-3ada55195a51"",""deployment"":""42412646-2416-4151-961a-a5fdc7d330f4"",""replica"":""d4d8ee4d-0d09-4840-a8d5-cf43db94e704""}",2026-04-02T22:09:17.058836761Z
[DB] Synced 0 accounts to database,info,"{""level"":""info""}","{""project"":""ce3616d9-58ad-4ec7-a294-1821e1564434"",""environment"":""fb6513d0-42a4-4660-82b5-509c54b15f2a"",""service"":""4978aa94-666c-47c7-8024-3ada55195a51"",""deployment"":""42412646-2416-4151-961a-a5fdc7d330f4"",""replica"":""d4d8ee4d-0d09-4840-a8d5-cf43db94e704""}",2026-04-02T22:09:47.188783401Z
2026-04-02 22:09:42 UTC - Services healthy,info,"{""level"":""info""}","{""project"":""ce3616d9-58ad-4ec7-a294-1821e1564434"",""environment"":""fb6513d0-42a4-4660-82b5-509c54b15f2a"",""service"":""4978aa94-666c-47c7-8024-3ada55195a51"",""deployment"":""42412646-2416-4151-961a-a5fdc7d330f4"",""replica"":""d4d8ee4d-0d09-4840-a8d5-cf43db94e704""}",2026-04-02T22:09:47.188789390Z
[DB] Synced 0 accounts to database,info,"{""level"":""info""}","{""project"":""ce3616d9-58ad-4ec7-a294-1821e1564434"",""environment"":""fb6513d0-42a4-4660-82b5-509c54b15f2a"",""service"":""4978aa94-666c-47c7-8024-3ada55195a51"",""deployment"":""42412646-2416-4151-961a-a5fdc7d330f4"",""replica"":""d4d8ee4d-0d09-4840-a8d5-cf43db94e704""}",2026-04-02T22:10:17.144396226Z
2026-04-02 22:10:12 UTC - Services healthy,info,"{""level"":""info""}","{""project"":""ce3616d9-58ad-4ec7-a294-1821e1564434"",""environment"":""fb6513d0-42a4-4660-82b5-509c54b15f2a"",""service"":""4978aa94-666c-47c7-8024-3ada55195a51"",""deployment"":""42412646-2416-4151-961a-a5fdc7d330f4"",""replica"":""d4d8ee4d-0d09-4840-a8d5-cf43db94e704""}",2026-04-02T22:10:17.144405661Z
[DB] Synced 0 accounts to database,info,"{""level"":""info""}","{""project"":""ce3616d9-58ad-4ec7-a294-1821e1564434"",""environment"":""fb6513d0-42a4-4660-82b5-509c54b15f2a"",""service"":""4978aa94-666c-47c7-8024-3ada55195a51"",""deployment"":""42412646-2416-4151-961a-a5fdc7d330f4"",""replica"":""d4d8ee4d-0d09-4840-a8d5-cf43db94e704""}",2026-04-02T22:10:47.146818026Z
2026-04-02 22:10:42 UTC - Services healthy,info,"{""level"":""info""}","{""project"":""ce3616d9-58ad-4ec7-a294-1821e1564434"",""environment"":""fb6513d0-42a4-4660-82b5-509c54b15f2a"",""service"":""4978aa94-666c-47c7-8024-3ada55195a51"",""deployment"":""42412646-2416-4151-961a-a5fdc7d330f4"",""replica"":""d4d8ee4d-0d09-4840-a8d5-cf43db94e704""}",2026-04-02T22:10:47.146822390Z
[DB] Synced 0 accounts to database,info,"{""level"":""info""}","{""project"":""ce3616d9-58ad-4ec7-a294-1821e1564434"",""environment"":""fb6513d0-42a4-4660-82b5-509c54b15f2a"",""service"":""4978aa94-666c-47c7-8024-3ada55195a51"",""deployment"":""42412646-2416-4151-961a-a5fdc7d330f4"",""replica"":""d4d8ee4d-0d09-4840-a8d5-cf43db94e704""}",2026-04-02T22:11:17.080293250Z
2026-04-02 22:11:12 UTC - Services healthy,info,"{""level"":""info""}","{""project"":""ce3616d9-58ad-4ec7-a294-1821e1564434"",""environment"":""fb6513d0-42a4-4660-82b5-509c54b15f2a"",""service"":""4978aa94-666c-47c7-8024-3ada55195a51"",""deployment"":""42412646-2416-4151-961a-a5fdc7d330f4"",""replica"":""d4d8ee4d-0d09-4840-a8d5-cf43db94e704""}",2026-04-02T22:11:17.080302397Z
[DB] Synced 0 accounts to database,info,"{""level"":""info""}","{""project"":""ce3616d9-58ad-4ec7-a294-1821e1564434"",""environment"":""fb6513d0-42a4-4660-82b5-509c54b15f2a"",""service"":""4978aa94-666c-47c7-8024-3ada55195a51"",""deployment"":""42412646-2416-4151-961a-a5fdc7d330f4"",""replica"":""d4d8ee4d-0d09-4840-a8d5-cf43db94e704""}",2026-04-02T22:11:47.244379814Z
2026-04-02 22:11:43 UTC - Services healthy,info,"{""level"":""info""}","{""project"":""ce3616d9-58ad-4ec7-a294-1821e1564434"",""environment"":""fb6513d0-42a4-4660-82b5-509c54b15f2a"",""service"":""4978aa94-666c-47c7-8024-3ada55195a51"",""deployment"":""42412646-2416-4151-961a-a5fdc7d330f4"",""replica"":""d4d8ee4d-0d09-4840-a8d5-cf43db94e704""}",2026-04-02T22:11:47.244385258Z
[DB] Synced 0 accounts to database,info,"{""level"":""info""}","{""project"":""ce3616d9-58ad-4ec7-a294-1821e1564434"",""environment"":""fb6513d0-42a4-4660-82b5-509c54b15f2a"",""service"":""4978aa94-666c-47c7-8024-3ada55195a51"",""deployment"":""42412646-2416-4151-961a-a5fdc7d330f4"",""replica"":""d4d8ee4d-0d09-4840-a8d5-cf43db94e704""}",2026-04-02T22:12:17.227965713Z
2026-04-02 22:12:13 UTC - Services healthy,info,"{""level"":""info""}","{""project"":""ce3616d9-58ad-4ec7-a294-1821e1564434"",""environment"":""fb6513d0-42a4-4660-82b5-509c54b15f2a"",""service"":""4978aa94-666c-47c7-8024-3ada55195a51"",""deployment"":""42412646-2416-4151-961a-a5fdc7d330f4"",""replica"":""d4d8ee4d-0d09-4840-a8d5-cf43db94e704""}",2026-04-02T22:12:17.227969925Z
[DB] Synced 0 accounts to database,info,"{""level"":""info""}","{""project"":""ce3616d9-58ad-4ec7-a294-1821e1564434"",""environment"":""fb6513d0-42a4-4660-82b5-509c54b15f2a"",""service"":""4978aa94-666c-47c7-8024-3ada55195a51"",""deployment"":""42412646-2416-4151-961a-a5fdc7d330f4"",""replica"":""d4d8ee4d-0d09-4840-a8d5-cf43db94e704""}",2026-04-02T22:12:47.228810794Z
2026-04-02 22:12:43 UTC - Services healthy,info,"{""level"":""info""}","{""project"":""ce3616d9-58ad-4ec7-a294-1821e1564434"",""environment"":""fb6513d0-42a4-4660-82b5-509c54b15f2a"",""service"":""4978aa94-666c-47c7-8024-3ada55195a51"",""deployment"":""42412646-2416-4151-961a-a5fdc7d330f4"",""replica"":""d4d8ee4d-0d09-4840-a8d5-cf43db94e704""}",2026-04-02T22:12:47.228817734Z
[DB] Synced 0 accounts to database,info,"{""level"":""info""}","{""project"":""ce3616d9-58ad-4ec7-a294-1821e1564434"",""environment"":""fb6513d0-42a4-4660-82b5-509c54b15f2a"",""service"":""4978aa94-666c-47c7-8024-3ada55195a51"",""deployment"":""42412646-2416-4151-961a-a5fdc7d330f4"",""replica"":""d4d8ee4d-0d09-4840-a8d5-cf43db94e704""}",2026-04-02T22:13:17.246437681Z
2026-04-02 22:13:13 UTC - Services healthy,info,"{""level"":""info""}","{""project"":""ce3616d9-58ad-4ec7-a294-1821e1564434"",""environment"":""fb6513d0-42a4-4660-82b5-509c54b15f2a"",""service"":""4978aa94-666c-47c7-8024-3ada55195a51"",""deployment"":""42412646-2416-4151-961a-a5fdc7d330f4"",""replica"":""d4d8ee4d-0d09-4840-a8d5-cf43db94e704""}",2026-04-02T22:13:17.246442974Z
[DB] Synced 0 accounts to database,info,"{""level"":""info""}","{""project"":""ce3616d9-58ad-4ec7-a294-1821e1564434"",""environment"":""fb6513d0-42a4-4660-82b5-509c54b15f2a"",""service"":""4978aa94-666c-47c7-8024-3ada55195a51"",""deployment"":""42412646-2416-4151-961a-a5fdc7d330f4"",""replica"":""d4d8ee4d-0d09-4840-a8d5-cf43db94e704""}",2026-04-02T22:13:47.133895181Z
2026-04-02 22:13:43 UTC - Services healthy,info,"{""level"":""info""}","{""project"":""ce3616d9-58ad-4ec7-a294-1821e1564434"",""environment"":""fb6513d0-42a4-4660-82b5-509c54b15f2a"",""service"":""4978aa94-666c-47c7-8024-3ada55195a51"",""deployment"":""42412646-2416-4151-961a-a5fdc7d330f4"",""replica"":""d4d8ee4d-0d09-4840-a8d5-cf43db94e704""}",2026-04-02T22:13:47.133902486Z
[DB] Synced 0 accounts to database,info,"{""level"":""info""}","{""project"":""ce3616d9-58ad-4ec7-a294-1821e1564434"",""environment"":""fb6513d0-42a4-4660-82b5-509c54b15f2a"",""service"":""4978aa94-666c-47c7-8024-3ada55195a51"",""deployment"":""42412646-2416-4151-961a-a5fdc7d330f4"",""replica"":""d4d8ee4d-0d09-4840-a8d5-cf43db94e704""}",2026-04-02T22:14:17.335439364Z
2026-04-02 22:14:13 UTC - Services healthy,info,"{""level"":""info""}","{""project"":""ce3616d9-58ad-4ec7-a294-1821e1564434"",""environment"":""fb6513d0-42a4-4660-82b5-509c54b15f2a"",""service"":""4978aa94-666c-47c7-8024-3ada55195a51"",""deployment"":""42412646-2416-4151-961a-a5fdc7d330f4"",""replica"":""d4d8ee4d-0d09-4840-a8d5-cf43db94e704""}",2026-04-02T22:14:17.335446578Z
[DB] Synced 0 accounts to database,info,"{""level"":""info""}","{""project"":""ce3616d9-58ad-4ec7-a294-1821e1564434"",""environment"":""fb6513d0-42a4-4660-82b5-509c54b15f2a"",""service"":""4978aa94-666c-47c7-8024-3ada55195a51"",""deployment"":""42412646-2416-4151-961a-a5fdc7d330f4"",""replica"":""d4d8ee4d-0d09-4840-a8d5-cf43db94e704""}",2026-04-02T22:14:47.321300167Z
2026-04-02 22:14:43 UTC - Services healthy,info,"{""level"":""info""}","{""project"":""ce3616d9-58ad-4ec7-a294-1821e1564434"",""environment"":""fb6513d0-42a4-4660-82b5-509c54b15f2a"",""service"":""4978aa94-666c-47c7-8024-3ada55195a51"",""deployment"":""42412646-2416-4151-961a-a5fdc7d330f4"",""replica"":""d4d8ee4d-0d09-4840-a8d5-cf43db94e704""}",2026-04-02T22:14:47.321307425Z
[DB] Synced 0 accounts to database,info,"{""level"":""info""}","{""project"":""ce3616d9-58ad-4ec7-a294-1821e1564434"",""environment"":""fb6513d0-42a4-4660-82b5-509c54b15f2a"",""service"":""4978aa94-666c-47c7-8024-3ada55195a51"",""deployment"":""42412646-2416-4151-961a-a5fdc7d330f4"",""replica"":""d4d8ee4d-0d09-4840-a8d5-cf43db94e704""}",2026-04-02T22:15:17.443907897Z
2026-04-02 22:15:13 UTC - Services healthy,info,"{""level"":""info""}","{""project"":""ce3616d9-58ad-4ec7-a294-1821e1564434"",""environment"":""fb6513d0-42a4-4660-82b5-509c54b15f2a"",""service"":""4978aa94-666c-47c7-8024-3ada55195a51"",""deployment"":""42412646-2416-4151-961a-a5fdc7d330f4"",""replica"":""d4d8ee4d-0d09-4840-a8d5-cf43db94e704""}",2026-04-02T22:15:17.443912771Z
[DB] Synced 0 accounts to database,info,"{""level"":""info""}","{""project"":""ce3616d9-58ad-4ec7-a294-1821e1564434"",""environment"":""fb6513d0-42a4-4660-82b5-509c54b15f2a"",""service"":""4978aa94-666c-47c7-8024-3ada55195a51"",""deployment"":""42412646-2416-4151-961a-a5fdc7d330f4"",""replica"":""d4d8ee4d-0d09-4840-a8d5-cf43db94e704""}",2026-04-02T22:15:47.779481804Z
2026-04-02 22:15:43 UTC - Services healthy,info,"{""level"":""info""}","{""project"":""ce3616d9-58ad-4ec7-a294-1821e1564434"",""environment"":""fb6513d0-42a4-4660-82b5-509c54b15f2a"",""service"":""4978aa94-666c-47c7-8024-3ada55195a51"",""deployment"":""42412646-2416-4151-961a-a5fdc7d330f4"",""replica"":""d4d8ee4d-0d09-4840-a8d5-cf43db94e704""}",2026-04-02T22:15:47.779486360Z
[DB] Synced 0 accounts to database,info,"{""level"":""info""}","{""project"":""ce3616d9-58ad-4ec7-a294-1821e1564434"",""environment"":""fb6513d0-42a4-4660-82b5-509c54b15f2a"",""service"":""4978aa94-666c-47c7-8024-3ada55195a51"",""deployment"":""42412646-2416-4151-961a-a5fdc7d330f4"",""replica"":""d4d8ee4d-0d09-4840-a8d5-cf43db94e704""}",2026-04-02T22:16:17.791157133Z
2026-04-02 22:16:13 UTC - Services healthy,info,"{""level"":""info""}","{""project"":""ce3616d9-58ad-4ec7-a294-1821e1564434"",""environment"":""fb6513d0-42a4-4660-82b5-509c54b15f2a"",""service"":""4978aa94-666c-47c7-8024-3ada55195a51"",""deployment"":""42412646-2416-4151-961a-a5fdc7d330f4"",""replica"":""d4d8ee4d-0d09-4840-a8d5-cf43db94e704""}",2026-04-02T22:16:17.791163858Z
[DB] Synced 0 accounts to database,info,"{""level"":""info""}","{""project"":""ce3616d9-58ad-4ec7-a294-1821e1564434"",""environment"":""fb6513d0-42a4-4660-82b5-509c54b15f2a"",""service"":""4978aa94-666c-47c7-8024-3ada55195a51"",""deployment"":""42412646-2416-4151-961a-a5fdc7d330f4"",""replica"":""d4d8ee4d-0d09-4840-a8d5-cf43db94e704""}",2026-04-02T22:16:47.765627641Z
2026-04-02 22:16:43 UTC - Services healthy,info,"{""level"":""info""}","{""project"":""ce3616d9-58ad-4ec7-a294-1821e1564434"",""environment"":""fb6513d0-42a4-4660-82b5-509c54b15f2a"",""service"":""4978aa94-666c-47c7-8024-3ada55195a51"",""deployment"":""42412646-2416-4151-961a-a5fdc7d330f4"",""replica"":""d4d8ee4d-0d09-4840-a8d5-cf43db94e704""}",2026-04-02T22:16:47.765634876Z
[DB] Synced 0 accounts to database,info,"{""level"":""info""}","{""project"":""ce3616d9-58ad-4ec7-a294-1821e1564434"",""environment"":""fb6513d0-42a4-4660-82b5-509c54b15f2a"",""service"":""4978aa94-666c-47c7-8024-3ada55195a51"",""deployment"":""42412646-2416-4151-961a-a5fdc7d330f4"",""replica"":""d4d8ee4d-0d09-4840-a8d5-cf43db94e704""}",2026-04-02T22:17:17.792735467Z
2026-04-02 22:17:13 UTC - Services healthy,info,"{""level"":""info""}","{""project"":""ce3616d9-58ad-4ec7-a294-1821e1564434"",""environment"":""fb6513d0-42a4-4660-82b5-509c54b15f2a"",""service"":""4978aa94-666c-47c7-8024-3ada55195a51"",""deployment"":""42412646-2416-4151-961a-a5fdc7d330f4"",""replica"":""d4d8ee4d-0d09-4840-a8d5-cf43db94e704""}",2026-04-02T22:17:17.792740873Z
[DB] Synced 0 accounts to database,info,"{""level"":""info""}","{""project"":""ce3616d9-58ad-4ec7-a294-1821e1564434"",""environment"":""fb6513d0-42a4-4660-82b5-509c54b15f2a"",""service"":""4978aa94-666c-47c7-8024-3ada55195a51"",""deployment"":""42412646-2416-4151-961a-a5fdc7d330f4"",""replica"":""d4d8ee4d-0d09-4840-a8d5-cf43db94e704""}",2026-04-02T22:17:47.884168067Z
2026-04-02 22:17:43 UTC - Services healthy,info,"{""level"":""info""}","{""project"":""ce3616d9-58ad-4ec7-a294-1821e1564434"",""environment"":""fb6513d0-42a4-4660-82b5-509c54b15f2a"",""service"":""4978aa94-666c-47c7-8024-3ada55195a51"",""deployment"":""42412646-2416-4151-961a-a5fdc7d330f4"",""replica"":""d4d8ee4d-0d09-4840-a8d5-cf43db94e704""}",2026-04-02T22:17:47.884175573Z
[DB] Synced 0 accounts to database,info,"{""level"":""info""}","{""project"":""ce3616d9-58ad-4ec7-a294-1821e1564434"",""environment"":""fb6513d0-42a4-4660-82b5-509c54b15f2a"",""service"":""4978aa94-666c-47c7-8024-3ada55195a51"",""deployment"":""42412646-2416-4151-961a-a5fdc7d330f4"",""replica"":""d4d8ee4d-0d09-4840-a8d5-cf43db94e704""}",2026-04-02T22:18:17.854577819Z
2026-04-02 22:18:13 UTC - Services healthy,info,"{""level"":""info""}","{""project"":""ce3616d9-58ad-4ec7-a294-1821e1564434"",""environment"":""fb6513d0-42a4-4660-82b5-509c54b15f2a"",""service"":""4978aa94-666c-47c7-8024-3ada55195a51"",""deployment"":""42412646-2416-4151-961a-a5fdc7d330f4"",""replica"":""d4d8ee4d-0d09-4840-a8d5-cf43db94e704""}",2026-04-02T22:18:17.854583225Z
[DB] Synced 0 accounts to database,info,"{""level"":""info""}","{""project"":""ce3616d9-58ad-4ec7-a294-1821e1564434"",""environment"":""fb6513d0-42a4-4660-82b5-509c54b15f2a"",""service"":""4978aa94-666c-47c7-8024-3ada55195a51"",""deployment"":""42412646-2416-4151-961a-a5fdc7d330f4"",""replica"":""d4d8ee4d-0d09-4840-a8d5-cf43db94e704""}",2026-04-02T22:18:47.929212655Z
2026-04-02 22:18:43 UTC - Services healthy,info,"{""level"":""info""}","{""project"":""ce3616d9-58ad-4ec7-a294-1821e1564434"",""environment"":""fb6513d0-42a4-4660-82b5-509c54b15f2a"",""service"":""4978aa94-666c-47c7-8024-3ada55195a51"",""deployment"":""42412646-2416-4151-961a-a5fdc7d330f4"",""replica"":""d4d8ee4d-0d09-4840-a8d5-cf43db94e704""}",2026-04-02T22:18:47.929218815Z
[DB] Synced 0 accounts to database,info,"{""level"":""info""}","{""project"":""ce3616d9-58ad-4ec7-a294-1821e1564434"",""environment"":""fb6513d0-42a4-4660-82b5-509c54b15f2a"",""service"":""4978aa94-666c-47c7-8024-3ada55195a51"",""deployment"":""42412646-2416-4151-961a-a5fdc7d330f4"",""replica"":""d4d8ee4d-0d09-4840-a8d5-cf43db94e704""}",2026-04-02T22:19:18.104092155Z
2026-04-02 22:19:13 UTC - Services healthy,info,"{""level"":""info""}","{""project"":""ce3616d9-58ad-4ec7-a294-1821e1564434"",""environment"":""fb6513d0-42a4-4660-82b5-509c54b15f2a"",""service"":""4978aa94-666c-47c7-8024-3ada55195a51"",""deployment"":""42412646-2416-4151-961a-a5fdc7d330f4"",""replica"":""d4d8ee4d-0d09-4840-a8d5-cf43db94e704""}",2026-04-02T22:19:18.104099032Z
[DB] Synced 0 accounts to database,info,"{""level"":""info""}","{""project"":""ce3616d9-58ad-4ec7-a294-1821e1564434"",""environment"":""fb6513d0-42a4-4660-82b5-509c54b15f2a"",""service"":""4978aa94-666c-47c7-8024-3ada55195a51"",""deployment"":""42412646-2416-4151-961a-a5fdc7d330f4"",""replica"":""d4d8ee4d-0d09-4840-a8d5-cf43db94e704""}",2026-04-02T22:19:48.490653336Z
2026-04-02 22:19:43 UTC - Services healthy,info,"{""level"":""info""}","{""project"":""ce3616d9-58ad-4ec7-a294-1821e1564434"",""environment"":""fb6513d0-42a4-4660-82b5-509c54b15f2a"",""service"":""4978aa94-666c-47c7-8024-3ada55195a51"",""deployment"":""42412646-2416-4151-961a-a5fdc7d330f4"",""replica"":""d4d8ee4d-0d09-4840-a8d5-cf43db94e704""}",2026-04-02T22:19:48.490658328Z
[DB] Synced 0 accounts to database,info,"{""level"":""info""}","{""project"":""ce3616d9-58ad-4ec7-a294-1821e1564434"",""environment"":""fb6513d0-42a4-4660-82b5-509c54b15f2a"",""service"":""4978aa94-666c-47c7-8024-3ada55195a51"",""deployment"":""42412646-2416-4151-961a-a5fdc7d330f4"",""replica"":""d4d8ee4d-0d09-4840-a8d5-cf43db94e704""}",2026-04-02T22:20:19.015386205Z
2026-04-02 22:20:13 UTC - Services healthy,info,"{""level"":""info""}","{""project"":""ce3616d9-58ad-4ec7-a294-1821e1564434"",""environment"":""fb6513d0-42a4-4660-82b5-509c54b15f2a"",""service"":""4978aa94-666c-47c7-8024-3ada55195a51"",""deployment"":""42412646-2416-4151-961a-a5fdc7d330f4"",""replica"":""d4d8ee4d-0d09-4840-a8d5-cf43db94e704""}",2026-04-02T22:20:19.015391678Z
[DB] Synced 0 accounts to database,info,"{""level"":""info""}","{""project"":""ce3616d9-58ad-4ec7-a294-1821e1564434"",""environment"":""fb6513d0-42a4-4660-82b5-509c54b15f2a"",""service"":""4978aa94-666c-47c7-8024-3ada55195a51"",""deployment"":""42412646-2416-4151-961a-a5fdc7d330f4"",""replica"":""d4d8ee4d-0d09-4840-a8d5-cf43db94e704""}",2026-04-02T22:20:49.115714778Z
2026-04-02 22:20:43 UTC - Services healthy,info,"{""level"":""info""}","{""project"":""ce3616d9-58ad-4ec7-a294-1821e1564434"",""environment"":""fb6513d0-42a4-4660-82b5-509c54b15f2a"",""service"":""4978aa94-666c-47c7-8024-3ada55195a51"",""deployment"":""42412646-2416-4151-961a-a5fdc7d330f4"",""replica"":""d4d8ee4d-0d09-4840-a8d5-cf43db94e704""}",2026-04-02T22:20:49.115720509Z
[DB] Synced 0 accounts to database,info,"{""level"":""info""}","{""project"":""ce3616d9-58ad-4ec7-a294-1821e1564434"",""environment"":""fb6513d0-42a4-4660-82b5-509c54b15f2a"",""service"":""4978aa94-666c-47c7-8024-3ada55195a51"",""deployment"":""42412646-2416-4151-961a-a5fdc7d330f4"",""replica"":""d4d8ee4d-0d09-4840-a8d5-cf43db94e704""}",2026-04-02T22:21:19.110426652Z
2026-04-02 22:21:13 UTC - Services healthy,info,"{""level"":""info""}","{""project"":""ce3616d9-58ad-4ec7-a294-1821e1564434"",""environment"":""fb6513d0-42a4-4660-82b5-509c54b15f2a"",""service"":""4978aa94-666c-47c7-8024-3ada55195a51"",""deployment"":""42412646-2416-4151-961a-a5fdc7d330f4"",""replica"":""d4d8ee4d-0d09-4840-a8d5-cf43db94e704""}",2026-04-02T22:21:19.110433596Z
[DB] Synced 0 accounts to database,info,"{""level"":""info""}","{""project"":""ce3616d9-58ad-4ec7-a294-1821e1564434"",""environment"":""fb6513d0-42a4-4660-82b5-509c54b15f2a"",""service"":""4978aa94-666c-47c7-8024-3ada55195a51"",""deployment"":""42412646-2416-4151-961a-a5fdc7d330f4"",""replica"":""d4d8ee4d-0d09-4840-a8d5-cf43db94e704""}",2026-04-02T22:21:48.797213084Z
2026-04-02 22:21:43 UTC - Services healthy,info,"{""level"":""info""}","{""project"":""ce3616d9-58ad-4ec7-a294-1821e1564434"",""environment"":""fb6513d0-42a4-4660-82b5-509c54b15f2a"",""service"":""4978aa94-666c-47c7-8024-3ada55195a51"",""deployment"":""42412646-2416-4151-961a-a5fdc7d330f4"",""replica"":""d4d8ee4d-0d09-4840-a8d5-cf43db94e704""}",2026-04-02T22:21:48.797225741Z
[DB] Synced 0 accounts to database,info,"{""level"":""info""}","{""project"":""ce3616d9-58ad-4ec7-a294-1821e1564434"",""environment"":""fb6513d0-42a4-4660-82b5-509c54b15f2a"",""service"":""4978aa94-666c-47c7-8024-3ada55195a51"",""deployment"":""42412646-2416-4151-961a-a5fdc7d330f4"",""replica"":""d4d8ee4d-0d09-4840-a8d5-cf43db94e704""}",2026-04-02T22:22:18.794151461Z
2026-04-02 22:22:13 UTC - Services healthy,info,"{""level"":""info""}","{""project"":""ce3616d9-58ad-4ec7-a294-1821e1564434"",""environment"":""fb6513d0-42a4-4660-82b5-509c54b15f2a"",""service"":""4978aa94-666c-47c7-8024-3ada55195a51"",""deployment"":""42412646-2416-4151-961a-a5fdc7d330f4"",""replica"":""d4d8ee4d-0d09-4840-a8d5-cf43db94e704""}",2026-04-02T22:22:18.794160543Z
[DB] Synced 0 accounts to database,info,"{""level"":""info""}","{""project"":""ce3616d9-58ad-4ec7-a294-1821e1564434"",""environment"":""fb6513d0-42a4-4660-82b5-509c54b15f2a"",""service"":""4978aa94-666c-47c7-8024-3ada55195a51"",""deployment"":""42412646-2416-4151-961a-a5fdc7d330f4"",""replica"":""d4d8ee4d-0d09-4840-a8d5-cf43db94e704""}",2026-04-02T22:22:48.803092967Z
2026-04-02 22:22:43 UTC - Services healthy,info,"{""level"":""info""}","{""project"":""ce3616d9-58ad-4ec7-a294-1821e1564434"",""environment"":""fb6513d0-42a4-4660-82b5-509c54b15f2a"",""service"":""4978aa94-666c-47c7-8024-3ada55195a51"",""deployment"":""42412646-2416-4151-961a-a5fdc7d330f4"",""replica"":""d4d8ee4d-0d09-4840-a8d5-cf43db94e704""}",2026-04-02T22:22:48.803099879Z
[DB] Synced 0 accounts to database,info,"{""level"":""info""}","{""project"":""ce3616d9-58ad-4ec7-a294-1821e1564434"",""environment"":""fb6513d0-42a4-4660-82b5-509c54b15f2a"",""service"":""4978aa94-666c-47c7-8024-3ada55195a51"",""deployment"":""42412646-2416-4151-961a-a5fdc7d330f4"",""replica"":""d4d8ee4d-0d09-4840-a8d5-cf43db94e704""}",2026-04-02T22:23:19.010130001Z
2026-04-02 22:23:13 UTC - Services healthy,info,"{""level"":""info""}","{""project"":""ce3616d9-58ad-4ec7-a294-1821e1564434"",""environment"":""fb6513d0-42a4-4660-82b5-509c54b15f2a"",""service"":""4978aa94-666c-47c7-8024-3ada55195a51"",""deployment"":""42412646-2416-4151-961a-a5fdc7d330f4"",""replica"":""d4d8ee4d-0d09-4840-a8d5-cf43db94e704""}",2026-04-02T22:23:19.010137422Z
[DB] Synced 0 accounts to database,info,"{""level"":""info""}","{""project"":""ce3616d9-58ad-4ec7-a294-1821e1564434"",""environment"":""fb6513d0-42a4-4660-82b5-509c54b15f2a"",""service"":""4978aa94-666c-47c7-8024-3ada55195a51"",""deployment"":""42412646-2416-4151-961a-a5fdc7d330f4"",""replica"":""d4d8ee4d-0d09-4840-a8d5-cf43db94e704""}",2026-04-02T22:23:48.754978420Z
2026-04-02 22:23:43 UTC - Services healthy,info,"{""level"":""info""}","{""project"":""ce3616d9-58ad-4ec7-a294-1821e1564434"",""environment"":""fb6513d0-42a4-4660-82b5-509c54b15f2a"",""service"":""4978aa94-666c-47c7-8024-3ada55195a51"",""deployment"":""42412646-2416-4151-961a-a5fdc7d330f4"",""replica"":""d4d8ee4d-0d09-4840-a8d5-cf43db94e704""}",2026-04-02T22:23:48.754985184Z
[DB] Synced 0 accounts to database,info,"{""level"":""info""}","{""project"":""ce3616d9-58ad-4ec7-a294-1821e1564434"",""environment"":""fb6513d0-42a4-4660-82b5-509c54b15f2a"",""service"":""4978aa94-666c-47c7-8024-3ada55195a51"",""deployment"":""42412646-2416-4151-961a-a5fdc7d330f4"",""replica"":""d4d8ee4d-0d09-4840-a8d5-cf43db94e704""}",2026-04-02T22:24:18.821824987Z
2026-04-02 22:24:13 UTC - Services healthy,info,"{""level"":""info""}","{""project"":""ce3616d9-58ad-4ec7-a294-1821e1564434"",""environment"":""fb6513d0-42a4-4660-82b5-509c54b15f2a"",""service"":""4978aa94-666c-47c7-8024-3ada55195a51"",""deployment"":""42412646-2416-4151-961a-a5fdc7d330f4"",""replica"":""d4d8ee4d-0d09-4840-a8d5-cf43db94e704""}",2026-04-02T22:24:18.821835473Z
[DB] Synced 0 accounts to database,info,"{""level"":""info""}","{""project"":""ce3616d9-58ad-4ec7-a294-1821e1564434"",""environment"":""fb6513d0-42a4-4660-82b5-509c54b15f2a"",""service"":""4978aa94-666c-47c7-8024-3ada55195a51"",""deployment"":""42412646-2416-4151-961a-a5fdc7d330f4"",""replica"":""d4d8ee4d-0d09-4840-a8d5-cf43db94e704""}",2026-04-02T22:24:48.750258325Z
2026-04-02 22:24:43 UTC - Services healthy,info,"{""level"":""info""}","{""project"":""ce3616d9-58ad-4ec7-a294-1821e1564434"",""environment"":""fb6513d0-42a4-4660-82b5-509c54b15f2a"",""service"":""4978aa94-666c-47c7-8024-3ada55195a51"",""deployment"":""42412646-2416-4151-961a-a5fdc7d330f4"",""replica"":""d4d8ee4d-0d09-4840-a8d5-cf43db94e704""}",2026-04-02T22:24:48.750265206Z
[DB] Synced 0 accounts to database,info,"{""level"":""info""}","{""project"":""ce3616d9-58ad-4ec7-a294-1821e1564434"",""environment"":""fb6513d0-42a4-4660-82b5-509c54b15f2a"",""service"":""4978aa94-666c-47c7-8024-3ada55195a51"",""deployment"":""42412646-2416-4151-961a-a5fdc7d330f4"",""replica"":""d4d8ee4d-0d09-4840-a8d5-cf43db94e704""}",2026-04-02T22:25:18.455075923Z
2026-04-02 22:25:13 UTC - Services healthy,info,"{""level"":""info""}","{""project"":""ce3616d9-58ad-4ec7-a294-1821e1564434"",""environment"":""fb6513d0-42a4-4660-82b5-509c54b15f2a"",""service"":""4978aa94-666c-47c7-8024-3ada55195a51"",""deployment"":""42412646-2416-4151-961a-a5fdc7d330f4"",""replica"":""d4d8ee4d-0d09-4840-a8d5-cf43db94e704""}",2026-04-02T22:25:18.455084923Z
[DB] Synced 0 accounts to database,info,"{""level"":""info""}","{""project"":""ce3616d9-58ad-4ec7-a294-1821e1564434"",""environment"":""fb6513d0-42a4-4660-82b5-509c54b15f2a"",""service"":""4978aa94-666c-47c7-8024-3ada55195a51"",""deployment"":""42412646-2416-4151-961a-a5fdc7d330f4"",""replica"":""d4d8ee4d-0d09-4840-a8d5-cf43db94e704""}",2026-04-02T22:25:48.627071310Z
2026-04-02 22:25:43 UTC - Services healthy,info,"{""level"":""info""}","{""project"":""ce3616d9-58ad-4ec7-a294-1821e1564434"",""environment"":""fb6513d0-42a4-4660-82b5-509c54b15f2a"",""service"":""4978aa94-666c-47c7-8024-3ada55195a51"",""deployment"":""42412646-2416-4151-961a-a5fdc7d330f4"",""replica"":""d4d8ee4d-0d09-4840-a8d5-cf43db94e704""}",2026-04-02T22:25:48.627077165Z
[DB] Synced 0 accounts to database,info,"{""level"":""info""}","{""project"":""ce3616d9-58ad-4ec7-a294-1821e1564434"",""environment"":""fb6513d0-42a4-4660-82b5-509c54b15f2a"",""service"":""4978aa94-666c-47c7-8024-3ada55195a51"",""deployment"":""42412646-2416-4151-961a-a5fdc7d330f4"",""replica"":""d4d8ee4d-0d09-4840-a8d5-cf43db94e704""}",2026-04-02T22:26:18.762232879Z
2026-04-02 22:26:13 UTC - Services healthy,info,"{""level"":""info""}","{""project"":""ce3616d9-58ad-4ec7-a294-1821e1564434"",""environment"":""fb6513d0-42a4-4660-82b5-509c54b15f2a"",""service"":""4978aa94-666c-47c7-8024-3ada55195a51"",""deployment"":""42412646-2416-4151-961a-a5fdc7d330f4"",""replica"":""d4d8ee4d-0d09-4840-a8d5-cf43db94e704""}",2026-04-02T22:26:18.762238007Z
[DB] Synced 0 accounts to database,info,"{""level"":""info""}","{""project"":""ce3616d9-58ad-4ec7-a294-1821e1564434"",""environment"":""fb6513d0-42a4-4660-82b5-509c54b15f2a"",""service"":""4978aa94-666c-47c7-8024-3ada55195a51"",""deployment"":""42412646-2416-4151-961a-a5fdc7d330f4"",""replica"":""d4d8ee4d-0d09-4840-a8d5-cf43db94e704""}",2026-04-02T22:26:48.787833740Z
2026-04-02 22:26:43 UTC - Services healthy,info,"{""level"":""info""}","{""project"":""ce3616d9-58ad-4ec7-a294-1821e1564434"",""environment"":""fb6513d0-42a4-4660-82b5-509c54b15f2a"",""service"":""4978aa94-666c-47c7-8024-3ada55195a51"",""deployment"":""42412646-2416-4151-961a-a5fdc7d330f4"",""replica"":""d4d8ee4d-0d09-4840-a8d5-cf43db94e704""}",2026-04-02T22:26:48.787839756Z
[DB] Synced 0 accounts to database,info,"{""level"":""info""}","{""project"":""ce3616d9-58ad-4ec7-a294-1821e1564434"",""environment"":""fb6513d0-42a4-4660-82b5-509c54b15f2a"",""service"":""4978aa94-666c-47c7-8024-3ada55195a51"",""deployment"":""42412646-2416-4151-961a-a5fdc7d330f4"",""replica"":""d4d8ee4d-0d09-4840-a8d5-cf43db94e704""}",2026-04-02T22:27:18.988176760Z
2026-04-02 22:27:13 UTC - Services healthy,info,"{""level"":""info""}","{""project"":""ce3616d9-58ad-4ec7-a294-1821e1564434"",""environment"":""fb6513d0-42a4-4660-82b5-509c54b15f2a"",""service"":""4978aa94-666c-47c7-8024-3ada55195a51"",""deployment"":""42412646-2416-4151-961a-a5fdc7d330f4"",""replica"":""d4d8ee4d-0d09-4840-a8d5-cf43db94e704""}",2026-04-02T22:27:18.988184042Z
[DB] Synced 0 accounts to database,info,"{""level"":""info""}","{""project"":""ce3616d9-58ad-4ec7-a294-1821e1564434"",""environment"":""fb6513d0-42a4-4660-82b5-509c54b15f2a"",""service"":""4978aa94-666c-47c7-8024-3ada55195a51"",""deployment"":""42412646-2416-4151-961a-a5fdc7d330f4"",""replica"":""d4d8ee4d-0d09-4840-a8d5-cf43db94e704""}",2026-04-02T22:27:49.237646041Z
2026-04-02 22:27:43 UTC - Services healthy,info,"{""level"":""info""}","{""project"":""ce3616d9-58ad-4ec7-a294-1821e1564434"",""environment"":""fb6513d0-42a4-4660-82b5-509c54b15f2a"",""service"":""4978aa94-666c-47c7-8024-3ada55195a51"",""deployment"":""42412646-2416-4151-961a-a5fdc7d330f4"",""replica"":""d4d8ee4d-0d09-4840-a8d5-cf43db94e704""}",2026-04-02T22:27:49.237651381Z
[DB] Synced 0 accounts to database,info,"{""level"":""info""}","{""project"":""ce3616d9-58ad-4ec7-a294-1821e1564434"",""environment"":""fb6513d0-42a4-4660-82b5-509c54b15f2a"",""service"":""4978aa94-666c-47c7-8024-3ada55195a51"",""deployment"":""42412646-2416-4151-961a-a5fdc7d330f4"",""replica"":""d4d8ee4d-0d09-4840-a8d5-cf43db94e704""}",2026-04-02T22:28:19.776629619Z
2026-04-02 22:28:13 UTC - Services healthy,info,"{""level"":""info""}","{""project"":""ce3616d9-58ad-4ec7-a294-1821e1564434"",""environment"":""fb6513d0-42a4-4660-82b5-509c54b15f2a"",""service"":""4978aa94-666c-47c7-8024-3ada55195a51"",""deployment"":""42412646-2416-4151-961a-a5fdc7d330f4"",""replica"":""d4d8ee4d-0d09-4840-a8d5-cf43db94e704""}",2026-04-02T22:28:19.776635761Z
[DB] Synced 0 accounts to database,info,"{""level"":""info""}","{""project"":""ce3616d9-58ad-4ec7-a294-1821e1564434"",""environment"":""fb6513d0-42a4-4660-82b5-509c54b15f2a"",""service"":""4978aa94-666c-47c7-8024-3ada55195a51"",""deployment"":""42412646-2416-4151-961a-a5fdc7d330f4"",""replica"":""d4d8ee4d-0d09-4840-a8d5-cf43db94e704""}",2026-04-02T22:28:49.952289547Z
2026-04-02 22:28:43 UTC - Services healthy,info,"{""level"":""info""}","{""project"":""ce3616d9-58ad-4ec7-a294-1821e1564434"",""environment"":""fb6513d0-42a4-4660-82b5-509c54b15f2a"",""service"":""4978aa94-666c-47c7-8024-3ada55195a51"",""deployment"":""42412646-2416-4151-961a-a5fdc7d330f4"",""replica"":""d4d8ee4d-0d09-4840-a8d5-cf43db94e704""}",2026-04-02T22:28:49.952296979Z
[DB] Synced 0 accounts to database,info,"{""level"":""info""}","{""project"":""ce3616d9-58ad-4ec7-a294-1821e1564434"",""environment"":""fb6513d0-42a4-4660-82b5-509c54b15f2a"",""service"":""4978aa94-666c-47c7-8024-3ada55195a51"",""deployment"":""42412646-2416-4151-961a-a5fdc7d330f4"",""replica"":""d4d8ee4d-0d09-4840-a8d5-cf43db94e704""}",2026-04-02T22:29:20.193363722Z
2026-04-02 22:29:13 UTC - Services healthy,info,"{""level"":""info""}","{""project"":""ce3616d9-58ad-4ec7-a294-1821e1564434"",""environment"":""fb6513d0-42a4-4660-82b5-509c54b15f2a"",""service"":""4978aa94-666c-47c7-8024-3ada55195a51"",""deployment"":""42412646-2416-4151-961a-a5fdc7d330f4"",""replica"":""d4d8ee4d-0d09-4840-a8d5-cf43db94e704""}",2026-04-02T22:29:20.193372379Z
[DB] Synced 0 accounts to database,info,"{""level"":""info""}","{""project"":""ce3616d9-58ad-4ec7-a294-1821e1564434"",""environment"":""fb6513d0-42a4-4660-82b5-509c54b15f2a"",""service"":""4978aa94-666c-47c7-8024-3ada55195a51"",""deployment"":""42412646-2416-4151-961a-a5fdc7d330f4"",""replica"":""d4d8ee4d-0d09-4840-a8d5-cf43db94e704""}",2026-04-02T22:29:50.252932756Z
2026-04-02 22:29:43 UTC - Services healthy,info,"{""level"":""info""}","{""project"":""ce3616d9-58ad-4ec7-a294-1821e1564434"",""environment"":""fb6513d0-42a4-4660-82b5-509c54b15f2a"",""service"":""4978aa94-666c-47c7-8024-3ada55195a51"",""deployment"":""42412646-2416-4151-961a-a5fdc7d330f4"",""replica"":""d4d8ee4d-0d09-4840-a8d5-cf43db94e704""}",2026-04-02T22:29:50.252938734Z
[DB] Synced 0 accounts to database,info,"{""level"":""info""}","{""project"":""ce3616d9-58ad-4ec7-a294-1821e1564434"",""environment"":""fb6513d0-42a4-4660-82b5-509c54b15f2a"",""service"":""4978aa94-666c-47c7-8024-3ada55195a51"",""deployment"":""42412646-2416-4151-961a-a5fdc7d330f4"",""replica"":""d4d8ee4d-0d09-4840-a8d5-cf43db94e704""}",2026-04-02T22:30:20.383080529Z
2026-04-02 22:30:13 UTC - Services healthy,info,"{""level"":""info""}","{""project"":""ce3616d9-58ad-4ec7-a294-1821e1564434"",""environment"":""fb6513d0-42a4-4660-82b5-509c54b15f2a"",""service"":""4978aa94-666c-47c7-8024-3ada55195a51"",""deployment"":""42412646-2416-4151-961a-a5fdc7d330f4"",""replica"":""d4d8ee4d-0d09-4840-a8d5-cf43db94e704""}",2026-04-02T22:30:20.383085130Z
[DB] Synced 0 accounts to database,info,"{""level"":""info""}","{""project"":""ce3616d9-58ad-4ec7-a294-1821e1564434"",""environment"":""fb6513d0-42a4-4660-82b5-509c54b15f2a"",""service"":""4978aa94-666c-47c7-8024-3ada55195a51"",""deployment"":""42412646-2416-4151-961a-a5fdc7d330f4"",""replica"":""d4d8ee4d-0d09-4840-a8d5-cf43db94e704""}",2026-04-02T22:30:50.439729557Z
2026-04-02 22:30:43 UTC - Services healthy,info,"{""level"":""info""}","{""project"":""ce3616d9-58ad-4ec7-a294-1821e1564434"",""environment"":""fb6513d0-42a4-4660-82b5-509c54b15f2a"",""service"":""4978aa94-666c-47c7-8024-3ada55195a51"",""deployment"":""42412646-2416-4151-961a-a5fdc7d330f4"",""replica"":""d4d8ee4d-0d09-4840-a8d5-cf43db94e704""}",2026-04-02T22:30:50.439736983Z
[DB] Synced 0 accounts to database,info,"{""level"":""info""}","{""project"":""ce3616d9-58ad-4ec7-a294-1821e1564434"",""environment"":""fb6513d0-42a4-4660-82b5-509c54b15f2a"",""service"":""4978aa94-666c-47c7-8024-3ada55195a51"",""deployment"":""42412646-2416-4151-961a-a5fdc7d330f4"",""replica"":""d4d8ee4d-0d09-4840-a8d5-cf43db94e704""}",2026-04-02T22:31:20.446192694Z
2026-04-02 22:31:13 UTC - Services healthy,info,"{""level"":""info""}","{""project"":""ce3616d9-58ad-4ec7-a294-1821e1564434"",""environment"":""fb6513d0-42a4-4660-82b5-509c54b15f2a"",""service"":""4978aa94-666c-47c7-8024-3ada55195a51"",""deployment"":""42412646-2416-4151-961a-a5fdc7d330f4"",""replica"":""d4d8ee4d-0d09-4840-a8d5-cf43db94e704""}",2026-04-02T22:31:20.446202699Z
[DB] Synced 0 accounts to database,info,"{""level"":""info""}","{""project"":""ce3616d9-58ad-4ec7-a294-1821e1564434"",""environment"":""fb6513d0-42a4-4660-82b5-509c54b15f2a"",""service"":""4978aa94-666c-47c7-8024-3ada55195a51"",""deployment"":""42412646-2416-4151-961a-a5fdc7d330f4"",""replica"":""d4d8ee4d-0d09-4840-a8d5-cf43db94e704""}",2026-04-02T22:31:50.673062225Z
2026-04-02 22:31:43 UTC - Services healthy,info,"{""level"":""info""}","{""project"":""ce3616d9-58ad-4ec7-a294-1821e1564434"",""environment"":""fb6513d0-42a4-4660-82b5-509c54b15f2a"",""service"":""4978aa94-666c-47c7-8024-3ada55195a51"",""deployment"":""42412646-2416-4151-961a-a5fdc7d330f4"",""replica"":""d4d8ee4d-0d09-4840-a8d5-cf43db94e704""}",2026-04-02T22:31:50.673071800Z
[DB] Synced 0 accounts to database,info,"{""level"":""info""}","{""project"":""ce3616d9-58ad-4ec7-a294-1821e1564434"",""environment"":""fb6513d0-42a4-4660-82b5-509c54b15f2a"",""service"":""4978aa94-666c-47c7-8024-3ada55195a51"",""deployment"":""42412646-2416-4151-961a-a5fdc7d330f4"",""replica"":""d4d8ee4d-0d09-4840-a8d5-cf43db94e704""}",2026-04-02T22:32:20.732931640Z
2026-04-02 22:32:13 UTC - Services healthy,info,"{""level"":""info""}","{""project"":""ce3616d9-58ad-4ec7-a294-1821e1564434"",""environment"":""fb6513d0-42a4-4660-82b5-509c54b15f2a"",""service"":""4978aa94-666c-47c7-8024-3ada55195a51"",""deployment"":""42412646-2416-4151-961a-a5fdc7d330f4"",""replica"":""d4d8ee4d-0d09-4840-a8d5-cf43db94e704""}",2026-04-02T22:32:20.732937763Z
[DB] Synced 0 accounts to database,info,"{""level"":""info""}","{""project"":""ce3616d9-58ad-4ec7-a294-1821e1564434"",""environment"":""fb6513d0-42a4-4660-82b5-509c54b15f2a"",""service"":""4978aa94-666c-47c7-8024-3ada55195a51"",""deployment"":""42412646-2416-4151-961a-a5fdc7d330f4"",""replica"":""d4d8ee4d-0d09-4840-a8d5-cf43db94e704""}",2026-04-02T22:32:50.539046639Z
2026-04-02 22:32:43 UTC - Services healthy,info,"{""level"":""info""}","{""project"":""ce3616d9-58ad-4ec7-a294-1821e1564434"",""environment"":""fb6513d0-42a4-4660-82b5-509c54b15f2a"",""service"":""4978aa94-666c-47c7-8024-3ada55195a51"",""deployment"":""42412646-2416-4151-961a-a5fdc7d330f4"",""replica"":""d4d8ee4d-0d09-4840-a8d5-cf43db94e704""}",2026-04-02T22:32:50.539054712Z
[DB] Synced 0 accounts to database,info,"{""level"":""info""}","{""project"":""ce3616d9-58ad-4ec7-a294-1821e1564434"",""environment"":""fb6513d0-42a4-4660-82b5-509c54b15f2a"",""service"":""4978aa94-666c-47c7-8024-3ada55195a51"",""deployment"":""42412646-2416-4151-961a-a5fdc7d330f4"",""replica"":""d4d8ee4d-0d09-4840-a8d5-cf43db94e704""}",2026-04-02T22:33:20.609359651Z
2026-04-02 22:33:13 UTC - Services healthy,info,"{""level"":""info""}","{""project"":""ce3616d9-58ad-4ec7-a294-1821e1564434"",""environment"":""fb6513d0-42a4-4660-82b5-509c54b15f2a"",""service"":""4978aa94-666c-47c7-8024-3ada55195a51"",""deployment"":""42412646-2416-4151-961a-a5fdc7d330f4"",""replica"":""d4d8ee4d-0d09-4840-a8d5-cf43db94e704""}",2026-04-02T22:33:20.609364404Z
[DB] Synced 0 accounts to database,info,"{""level"":""info""}","{""project"":""ce3616d9-58ad-4ec7-a294-1821e1564434"",""environment"":""fb6513d0-42a4-4660-82b5-509c54b15f2a"",""service"":""4978aa94-666c-47c7-8024-3ada55195a51"",""deployment"":""42412646-2416-4151-961a-a5fdc7d330f4"",""replica"":""d4d8ee4d-0d09-4840-a8d5-cf43db94e704""}",2026-04-02T22:33:50.859121275Z
2026-04-02 22:33:43 UTC - Services healthy,info,"{""level"":""info""}","{""project"":""ce3616d9-58ad-4ec7-a294-1821e1564434"",""environment"":""fb6513d0-42a4-4660-82b5-509c54b15f2a"",""service"":""4978aa94-666c-47c7-8024-3ada55195a51"",""deployment"":""42412646-2416-4151-961a-a5fdc7d330f4"",""replica"":""d4d8ee4d-0d09-4840-a8d5-cf43db94e704""}",2026-04-02T22:33:50.859125805Z
[DB] Synced 0 accounts to database,info,"{""level"":""info""}","{""project"":""ce3616d9-58ad-4ec7-a294-1821e1564434"",""environment"":""fb6513d0-42a4-4660-82b5-509c54b15f2a"",""service"":""4978aa94-666c-47c7-8024-3ada55195a51"",""deployment"":""42412646-2416-4151-961a-a5fdc7d330f4"",""replica"":""d4d8ee4d-0d09-4840-a8d5-cf43db94e704""}",2026-04-02T22:34:21.014884756Z
2026-04-02 22:34:13 UTC - Services healthy,info,"{""level"":""info""}","{""project"":""ce3616d9-58ad-4ec7-a294-1821e1564434"",""environment"":""fb6513d0-42a4-4660-82b5-509c54b15f2a"",""service"":""4978aa94-666c-47c7-8024-3ada55195a51"",""deployment"":""42412646-2416-4151-961a-a5fdc7d330f4"",""replica"":""d4d8ee4d-0d09-4840-a8d5-cf43db94e704""}",2026-04-02T22:34:21.014889605Z
[DB] Synced 0 accounts to database,info,"{""level"":""info""}","{""project"":""ce3616d9-58ad-4ec7-a294-1821e1564434"",""environment"":""fb6513d0-42a4-4660-82b5-509c54b15f2a"",""service"":""4978aa94-666c-47c7-8024-3ada55195a51"",""deployment"":""42412646-2416-4151-961a-a5fdc7d330f4"",""replica"":""d4d8ee4d-0d09-4840-a8d5-cf43db94e704""}",2026-04-02T22:34:50.998952095Z
2026-04-02 22:34:43 UTC - Services healthy,info,"{""level"":""info""}","{""project"":""ce3616d9-58ad-4ec7-a294-1821e1564434"",""environment"":""fb6513d0-42a4-4660-82b5-509c54b15f2a"",""service"":""4978aa94-666c-47c7-8024-3ada55195a51"",""deployment"":""42412646-2416-4151-961a-a5fdc7d330f4"",""replica"":""d4d8ee4d-0d09-4840-a8d5-cf43db94e704""}",2026-04-02T22:34:50.998956681Z
[DB] Synced 0 accounts to database,info,"{""level"":""info""}","{""project"":""ce3616d9-58ad-4ec7-a294-1821e1564434"",""environment"":""fb6513d0-42a4-4660-82b5-509c54b15f2a"",""service"":""4978aa94-666c-47c7-8024-3ada55195a51"",""deployment"":""42412646-2416-4151-961a-a5fdc7d330f4"",""replica"":""d4d8ee4d-0d09-4840-a8d5-cf43db94e704""}",2026-04-02T22:35:21.166737916Z
2026-04-02 22:35:13 UTC - Services healthy,info,"{""level"":""info""}","{""project"":""ce3616d9-58ad-4ec7-a294-1821e1564434"",""environment"":""fb6513d0-42a4-4660-82b5-509c54b15f2a"",""service"":""4978aa94-666c-47c7-8024-3ada55195a51"",""deployment"":""42412646-2416-4151-961a-a5fdc7d330f4"",""replica"":""d4d8ee4d-0d09-4840-a8d5-cf43db94e704""}",2026-04-02T22:35:21.166745241Z
[DB] Synced 0 accounts to database,info,"{""level"":""info""}","{""project"":""ce3616d9-58ad-4ec7-a294-1821e1564434"",""environment"":""fb6513d0-42a4-4660-82b5-509c54b15f2a"",""service"":""4978aa94-666c-47c7-8024-3ada55195a51"",""deployment"":""42412646-2416-4151-961a-a5fdc7d330f4"",""replica"":""d4d8ee4d-0d09-4840-a8d5-cf43db94e704""}",2026-04-02T22:35:51.240904969Z
2026-04-02 22:35:43 UTC - Services healthy,info,"{""level"":""info""}","{""project"":""ce3616d9-58ad-4ec7-a294-1821e1564434"",""environment"":""fb6513d0-42a4-4660-82b5-509c54b15f2a"",""service"":""4978aa94-666c-47c7-8024-3ada55195a51"",""deployment"":""42412646-2416-4151-961a-a5fdc7d330f4"",""replica"":""d4d8ee4d-0d09-4840-a8d5-cf43db94e704""}",2026-04-02T22:35:51.240915209Z
[DB] Synced 0 accounts to database,info,"{""level"":""info""}","{""project"":""ce3616d9-58ad-4ec7-a294-1821e1564434"",""environment"":""fb6513d0-42a4-4660-82b5-509c54b15f2a"",""service"":""4978aa94-666c-47c7-8024-3ada55195a51"",""deployment"":""42412646-2416-4151-961a-a5fdc7d330f4"",""replica"":""d4d8ee4d-0d09-4840-a8d5-cf43db94e704""}",2026-04-02T22:36:21.195861718Z
2026-04-02 22:36:13 UTC - Services healthy,info,"{""level"":""info""}","{""project"":""ce3616d9-58ad-4ec7-a294-1821e1564434"",""environment"":""fb6513d0-42a4-4660-82b5-509c54b15f2a"",""service"":""4978aa94-666c-47c7-8024-3ada55195a51"",""deployment"":""42412646-2416-4151-961a-a5fdc7d330f4"",""replica"":""d4d8ee4d-0d09-4840-a8d5-cf43db94e704""}",2026-04-02T22:36:21.195872480Z
[DB] Synced 0 accounts to database,info,"{""level"":""info""}","{""project"":""ce3616d9-58ad-4ec7-a294-1821e1564434"",""environment"":""fb6513d0-42a4-4660-82b5-509c54b15f2a"",""service"":""4978aa94-666c-47c7-8024-3ada55195a51"",""deployment"":""42412646-2416-4151-961a-a5fdc7d330f4"",""replica"":""d4d8ee4d-0d09-4840-a8d5-cf43db94e704""}",2026-04-02T22:36:51.212686305Z
2026-04-02 22:36:43 UTC - Services healthy,info,"{""level"":""info""}","{""project"":""ce3616d9-58ad-4ec7-a294-1821e1564434"",""environment"":""fb6513d0-42a4-4660-82b5-509c54b15f2a"",""service"":""4978aa94-666c-47c7-8024-3ada55195a51"",""deployment"":""42412646-2416-4151-961a-a5fdc7d330f4"",""replica"":""d4d8ee4d-0d09-4840-a8d5-cf43db94e704""}",2026-04-02T22:36:51.212690909Z
[DB] Synced 0 accounts to database,info,"{""level"":""info""}","{""project"":""ce3616d9-58ad-4ec7-a294-1821e1564434"",""environment"":""fb6513d0-42a4-4660-82b5-509c54b15f2a"",""service"":""4978aa94-666c-47c7-8024-3ada55195a51"",""deployment"":""42412646-2416-4151-961a-a5fdc7d330f4"",""replica"":""d4d8ee4d-0d09-4840-a8d5-cf43db94e704""}",2026-04-02T22:37:21.852191816Z
2026-04-02 22:37:13 UTC - Services healthy,info,"{""level"":""info""}","{""project"":""ce3616d9-58ad-4ec7-a294-1821e1564434"",""environment"":""fb6513d0-42a4-4660-82b5-509c54b15f2a"",""service"":""4978aa94-666c-47c7-8024-3ada55195a51"",""deployment"":""42412646-2416-4151-961a-a5fdc7d330f4"",""replica"":""d4d8ee4d-0d09-4840-a8d5-cf43db94e704""}",2026-04-02T22:37:21.852199975Z
[DB] Synced 0 accounts to database,info,"{""level"":""info""}","{""project"":""ce3616d9-58ad-4ec7-a294-1821e1564434"",""environment"":""fb6513d0-42a4-4660-82b5-509c54b15f2a"",""service"":""4978aa94-666c-47c7-8024-3ada55195a51"",""deployment"":""42412646-2416-4151-961a-a5fdc7d330f4"",""replica"":""d4d8ee4d-0d09-4840-a8d5-cf43db94e704""}",2026-04-02T22:37:51.880991968Z
2026-04-02 22:37:43 UTC - Services healthy,info,"{""level"":""info""}","{""project"":""ce3616d9-58ad-4ec7-a294-1821e1564434"",""environment"":""fb6513d0-42a4-4660-82b5-509c54b15f2a"",""service"":""4978aa94-666c-47c7-8024-3ada55195a51"",""deployment"":""42412646-2416-4151-961a-a5fdc7d330f4"",""replica"":""d4d8ee4d-0d09-4840-a8d5-cf43db94e704""}",2026-04-02T22:37:51.881001125Z
[DB] Synced 0 accounts to database,info,"{""level"":""info""}","{""project"":""ce3616d9-58ad-4ec7-a294-1821e1564434"",""environment"":""fb6513d0-42a4-4660-82b5-509c54b15f2a"",""service"":""4978aa94-666c-47c7-8024-3ada55195a51"",""deployment"":""42412646-2416-4151-961a-a5fdc7d330f4"",""replica"":""d4d8ee4d-0d09-4840-a8d5-cf43db94e704""}",2026-04-02T22:38:21.839919437Z
2026-04-02 22:38:13 UTC - Services healthy,info,"{""level"":""info""}","{""project"":""ce3616d9-58ad-4ec7-a294-1821e1564434"",""environment"":""fb6513d0-42a4-4660-82b5-509c54b15f2a"",""service"":""4978aa94-666c-47c7-8024-3ada55195a51"",""deployment"":""42412646-2416-4151-961a-a5fdc7d330f4"",""replica"":""d4d8ee4d-0d09-4840-a8d5-cf43db94e704""}",2026-04-02T22:38:21.839926311Z
[DB] Synced 0 accounts to database,info,"{""level"":""info""}","{""project"":""ce3616d9-58ad-4ec7-a294-1821e1564434"",""environment"":""fb6513d0-42a4-4660-82b5-509c54b15f2a"",""service"":""4978aa94-666c-47c7-8024-3ada55195a51"",""deployment"":""42412646-2416-4151-961a-a5fdc7d330f4"",""replica"":""d4d8ee4d-0d09-4840-a8d5-cf43db94e704""}",2026-04-02T22:38:51.849692161Z
2026-04-02 22:38:43 UTC - Services healthy,info,"{""level"":""info""}","{""project"":""ce3616d9-58ad-4ec7-a294-1821e1564434"",""environment"":""fb6513d0-42a4-4660-82b5-509c54b15f2a"",""service"":""4978aa94-666c-47c7-8024-3ada55195a51"",""deployment"":""42412646-2416-4151-961a-a5fdc7d330f4"",""replica"":""d4d8ee4d-0d09-4840-a8d5-cf43db94e704""}",2026-04-02T22:38:51.849698488Z
[DB] Synced 0 accounts to database,info,"{""level"":""info""}","{""project"":""ce3616d9-58ad-4ec7-a294-1821e1564434"",""environment"":""fb6513d0-42a4-4660-82b5-509c54b15f2a"",""service"":""4978aa94-666c-47c7-8024-3ada55195a51"",""deployment"":""42412646-2416-4151-961a-a5fdc7d330f4"",""replica"":""d4d8ee4d-0d09-4840-a8d5-cf43db94e704""}",2026-04-02T22:39:21.821048498Z
2026-04-02 22:39:13 UTC - Services healthy,info,"{""level"":""info""}","{""project"":""ce3616d9-58ad-4ec7-a294-1821e1564434"",""environment"":""fb6513d0-42a4-4660-82b5-509c54b15f2a"",""service"":""4978aa94-666c-47c7-8024-3ada55195a51"",""deployment"":""42412646-2416-4151-961a-a5fdc7d330f4"",""replica"":""d4d8ee4d-0d09-4840-a8d5-cf43db94e704""}",2026-04-02T22:39:21.821053564Z
[DB] Synced 0 accounts to database,info,"{""level"":""info""}","{""project"":""ce3616d9-58ad-4ec7-a294-1821e1564434"",""environment"":""fb6513d0-42a4-4660-82b5-509c54b15f2a"",""service"":""4978aa94-666c-47c7-8024-3ada55195a51"",""deployment"":""42412646-2416-4151-961a-a5fdc7d330f4"",""replica"":""d4d8ee4d-0d09-4840-a8d5-cf43db94e704""}",2026-04-02T22:39:51.866755394Z
2026-04-02 22:39:43 UTC - Services healthy,info,"{""level"":""info""}","{""project"":""ce3616d9-58ad-4ec7-a294-1821e1564434"",""environment"":""fb6513d0-42a4-4660-82b5-509c54b15f2a"",""service"":""4978aa94-666c-47c7-8024-3ada55195a51"",""deployment"":""42412646-2416-4151-961a-a5fdc7d330f4"",""replica"":""d4d8ee4d-0d09-4840-a8d5-cf43db94e704""}",2026-04-02T22:39:51.866765247Z
[DB] Synced 0 accounts to database,info,"{""level"":""info""}","{""project"":""ce3616d9-58ad-4ec7-a294-1821e1564434"",""environment"":""fb6513d0-42a4-4660-82b5-509c54b15f2a"",""service"":""4978aa94-666c-47c7-8024-3ada55195a51"",""deployment"":""42412646-2416-4151-961a-a5fdc7d330f4"",""replica"":""d4d8ee4d-0d09-4840-a8d5-cf43db94e704""}",2026-04-02T22:40:21.967792335Z
2026-04-02 22:40:13 UTC - Services healthy,info,"{""level"":""info""}","{""project"":""ce3616d9-58ad-4ec7-a294-1821e1564434"",""environment"":""fb6513d0-42a4-4660-82b5-509c54b15f2a"",""service"":""4978aa94-666c-47c7-8024-3ada55195a51"",""deployment"":""42412646-2416-4151-961a-a5fdc7d330f4"",""replica"":""d4d8ee4d-0d09-4840-a8d5-cf43db94e704""}",2026-04-02T22:40:21.967799753Z
[DB] Synced 0 accounts to database,info,"{""level"":""info""}","{""project"":""ce3616d9-58ad-4ec7-a294-1821e1564434"",""environment"":""fb6513d0-42a4-4660-82b5-509c54b15f2a"",""service"":""4978aa94-666c-47c7-8024-3ada55195a51"",""deployment"":""42412646-2416-4151-961a-a5fdc7d330f4"",""replica"":""d4d8ee4d-0d09-4840-a8d5-cf43db94e704""}",2026-04-02T22:40:51.896671441Z
2026-04-02 22:40:43 UTC - Services healthy,info,"{""level"":""info""}","{""project"":""ce3616d9-58ad-4ec7-a294-1821e1564434"",""environment"":""fb6513d0-42a4-4660-82b5-509c54b15f2a"",""service"":""4978aa94-666c-47c7-8024-3ada55195a51"",""deployment"":""42412646-2416-4151-961a-a5fdc7d330f4"",""replica"":""d4d8ee4d-0d09-4840-a8d5-cf43db94e704""}",2026-04-02T22:40:51.896678756Z
[DB] Synced 0 accounts to database,info,"{""level"":""info""}","{""project"":""ce3616d9-58ad-4ec7-a294-1821e1564434"",""environment"":""fb6513d0-42a4-4660-82b5-509c54b15f2a"",""service"":""4978aa94-666c-47c7-8024-3ada55195a51"",""deployment"":""42412646-2416-4151-961a-a5fdc7d330f4"",""replica"":""d4d8ee4d-0d09-4840-a8d5-cf43db94e704""}",2026-04-02T22:41:21.914549447Z
2026-04-02 22:41:13 UTC - Services healthy,info,"{""level"":""info""}","{""project"":""ce3616d9-58ad-4ec7-a294-1821e1564434"",""environment"":""fb6513d0-42a4-4660-82b5-509c54b15f2a"",""service"":""4978aa94-666c-47c7-8024-3ada55195a51"",""deployment"":""42412646-2416-4151-961a-a5fdc7d330f4"",""replica"":""d4d8ee4d-0d09-4840-a8d5-cf43db94e704""}",2026-04-02T22:41:21.914554825Z
[DB] Synced 0 accounts to database,info,"{""level"":""info""}","{""project"":""ce3616d9-58ad-4ec7-a294-1821e1564434"",""environment"":""fb6513d0-42a4-4660-82b5-509c54b15f2a"",""service"":""4978aa94-666c-47c7-8024-3ada55195a51"",""deployment"":""42412646-2416-4151-961a-a5fdc7d330f4"",""replica"":""d4d8ee4d-0d09-4840-a8d5-cf43db94e704""}",2026-04-02T22:41:51.930603338Z
2026-04-02 22:41:43 UTC - Services healthy,info,"{""level"":""info""}","{""project"":""ce3616d9-58ad-4ec7-a294-1821e1564434"",""environment"":""fb6513d0-42a4-4660-82b5-509c54b15f2a"",""service"":""4978aa94-666c-47c7-8024-3ada55195a51"",""deployment"":""42412646-2416-4151-961a-a5fdc7d330f4"",""replica"":""d4d8ee4d-0d09-4840-a8d5-cf43db94e704""}",2026-04-02T22:41:51.930613298Z
[DB] Synced 0 accounts to database,info,"{""level"":""info""}","{""project"":""ce3616d9-58ad-4ec7-a294-1821e1564434"",""environment"":""fb6513d0-42a4-4660-82b5-509c54b15f2a"",""service"":""4978aa94-666c-47c7-8024-3ada55195a51"",""deployment"":""42412646-2416-4151-961a-a5fdc7d330f4"",""replica"":""d4d8ee4d-0d09-4840-a8d5-cf43db94e704""}",2026-04-02T22:42:22.003853063Z
2026-04-02 22:42:13 UTC - Services healthy,info,"{""level"":""info""}","{""project"":""ce3616d9-58ad-4ec7-a294-1821e1564434"",""environment"":""fb6513d0-42a4-4660-82b5-509c54b15f2a"",""service"":""4978aa94-666c-47c7-8024-3ada55195a51"",""deployment"":""42412646-2416-4151-961a-a5fdc7d330f4"",""replica"":""d4d8ee4d-0d09-4840-a8d5-cf43db94e704""}",2026-04-02T22:42:22.003861901Z
[DB] Synced 0 accounts to database,info,"{""level"":""info""}","{""project"":""ce3616d9-58ad-4ec7-a294-1821e1564434"",""environment"":""fb6513d0-42a4-4660-82b5-509c54b15f2a"",""service"":""4978aa94-666c-47c7-8024-3ada55195a51"",""deployment"":""42412646-2416-4151-961a-a5fdc7d330f4"",""replica"":""d4d8ee4d-0d09-4840-a8d5-cf43db94e704""}",2026-04-02T22:42:52.138893065Z
2026-04-02 22:42:43 UTC - Services healthy,info,"{""level"":""info""}","{""project"":""ce3616d9-58ad-4ec7-a294-1821e1564434"",""environment"":""fb6513d0-42a4-4660-82b5-509c54b15f2a"",""service"":""4978aa94-666c-47c7-8024-3ada55195a51"",""deployment"":""42412646-2416-4151-961a-a5fdc7d330f4"",""replica"":""d4d8ee4d-0d09-4840-a8d5-cf43db94e704""}",2026-04-02T22:42:52.138901969Z
[DB] Synced 0 accounts to database,info,"{""level"":""info""}","{""project"":""ce3616d9-58ad-4ec7-a294-1821e1564434"",""environment"":""fb6513d0-42a4-4660-82b5-509c54b15f2a"",""service"":""4978aa94-666c-47c7-8024-3ada55195a51"",""deployment"":""42412646-2416-4151-961a-a5fdc7d330f4"",""replica"":""d4d8ee4d-0d09-4840-a8d5-cf43db94e704""}",2026-04-02T22:43:22.378735545Z
2026-04-02 22:43:13 UTC - Services healthy,info,"{""level"":""info""}","{""project"":""ce3616d9-58ad-4ec7-a294-1821e1564434"",""environment"":""fb6513d0-42a4-4660-82b5-509c54b15f2a"",""service"":""4978aa94-666c-47c7-8024-3ada55195a51"",""deployment"":""42412646-2416-4151-961a-a5fdc7d330f4"",""replica"":""d4d8ee4d-0d09-4840-a8d5-cf43db94e704""}",2026-04-02T22:43:22.378742425Z
[DB] Synced 0 accounts to database,info,"{""level"":""info""}","{""project"":""ce3616d9-58ad-4ec7-a294-1821e1564434"",""environment"":""fb6513d0-42a4-4660-82b5-509c54b15f2a"",""service"":""4978aa94-666c-47c7-8024-3ada55195a51"",""deployment"":""42412646-2416-4151-961a-a5fdc7d330f4"",""replica"":""d4d8ee4d-0d09-4840-a8d5-cf43db94e704""}",2026-04-02T22:43:52.311762452Z
2026-04-02 22:43:43 UTC - Services healthy,info,"{""level"":""info""}","{""project"":""ce3616d9-58ad-4ec7-a294-1821e1564434"",""environment"":""fb6513d0-42a4-4660-82b5-509c54b15f2a"",""service"":""4978aa94-666c-47c7-8024-3ada55195a51"",""deployment"":""42412646-2416-4151-961a-a5fdc7d330f4"",""replica"":""d4d8ee4d-0d09-4840-a8d5-cf43db94e704""}",2026-04-02T22:43:52.311770201Z
[DB] Synced 0 accounts to database,info,"{""level"":""info""}","{""project"":""ce3616d9-58ad-4ec7-a294-1821e1564434"",""environment"":""fb6513d0-42a4-4660-82b5-509c54b15f2a"",""service"":""4978aa94-666c-47c7-8024-3ada55195a51"",""deployment"":""42412646-2416-4151-961a-a5fdc7d330f4"",""replica"":""d4d8ee4d-0d09-4840-a8d5-cf43db94e704""}",2026-04-02T22:44:22.533418949Z
2026-04-02 22:44:13 UTC - Services healthy,info,"{""level"":""info""}","{""project"":""ce3616d9-58ad-4ec7-a294-1821e1564434"",""environment"":""fb6513d0-42a4-4660-82b5-509c54b15f2a"",""service"":""4978aa94-666c-47c7-8024-3ada55195a51"",""deployment"":""42412646-2416-4151-961a-a5fdc7d330f4"",""replica"":""d4d8ee4d-0d09-4840-a8d5-cf43db94e704""}",2026-04-02T22:44:22.533428488Z
[DB] Synced 0 accounts to database,info,"{""level"":""info""}","{""project"":""ce3616d9-58ad-4ec7-a294-1821e1564434"",""environment"":""fb6513d0-42a4-4660-82b5-509c54b15f2a"",""service"":""4978aa94-666c-47c7-8024-3ada55195a51"",""deployment"":""42412646-2416-4151-961a-a5fdc7d330f4"",""replica"":""d4d8ee4d-0d09-4840-a8d5-cf43db94e704""}",2026-04-02T22:44:52.493363573Z
2026-04-02 22:44:43 UTC - Services healthy,info,"{""level"":""info""}","{""project"":""ce3616d9-58ad-4ec7-a294-1821e1564434"",""environment"":""fb6513d0-42a4-4660-82b5-509c54b15f2a"",""service"":""4978aa94-666c-47c7-8024-3ada55195a51"",""deployment"":""42412646-2416-4151-961a-a5fdc7d330f4"",""replica"":""d4d8ee4d-0d09-4840-a8d5-cf43db94e704""}",2026-04-02T22:44:52.493370113Z
[DB] Synced 0 accounts to database,info,"{""level"":""info""}","{""project"":""ce3616d9-58ad-4ec7-a294-1821e1564434"",""environment"":""fb6513d0-42a4-4660-82b5-509c54b15f2a"",""service"":""4978aa94-666c-47c7-8024-3ada55195a51"",""deployment"":""42412646-2416-4151-961a-a5fdc7d330f4"",""replica"":""d4d8ee4d-0d09-4840-a8d5-cf43db94e704""}",2026-04-02T22:45:22.509480242Z
2026-04-02 22:45:13 UTC - Services healthy,info,"{""level"":""info""}","{""project"":""ce3616d9-58ad-4ec7-a294-1821e1564434"",""environment"":""fb6513d0-42a4-4660-82b5-509c54b15f2a"",""service"":""4978aa94-666c-47c7-8024-3ada55195a51"",""deployment"":""42412646-2416-4151-961a-a5fdc7d330f4"",""replica"":""d4d8ee4d-0d09-4840-a8d5-cf43db94e704""}",2026-04-02T22:45:22.509489636Z
[DB] Synced 0 accounts to database,info,"{""level"":""info""}","{""project"":""ce3616d9-58ad-4ec7-a294-1821e1564434"",""environment"":""fb6513d0-42a4-4660-82b5-509c54b15f2a"",""service"":""4978aa94-666c-47c7-8024-3ada55195a51"",""deployment"":""42412646-2416-4151-961a-a5fdc7d330f4"",""replica"":""d4d8ee4d-0d09-4840-a8d5-cf43db94e704""}",2026-04-02T22:45:52.582703543Z
2026-04-02 22:45:43 UTC - Services healthy,info,"{""level"":""info""}","{""project"":""ce3616d9-58ad-4ec7-a294-1821e1564434"",""environment"":""fb6513d0-42a4-4660-82b5-509c54b15f2a"",""service"":""4978aa94-666c-47c7-8024-3ada55195a51"",""deployment"":""42412646-2416-4151-961a-a5fdc7d330f4"",""replica"":""d4d8ee4d-0d09-4840-a8d5-cf43db94e704""}",2026-04-02T22:45:52.582711206Z
[DB] Synced 0 accounts to database,info,"{""level"":""info""}","{""project"":""ce3616d9-58ad-4ec7-a294-1821e1564434"",""environment"":""fb6513d0-42a4-4660-82b5-509c54b15f2a"",""service"":""4978aa94-666c-47c7-8024-3ada55195a51"",""deployment"":""42412646-2416-4151-961a-a5fdc7d330f4"",""replica"":""d4d8ee4d-0d09-4840-a8d5-cf43db94e704""}",2026-04-02T22:46:22.481042402Z
2026-04-02 22:46:13 UTC - Services healthy,info,"{""level"":""info""}","{""project"":""ce3616d9-58ad-4ec7-a294-1821e1564434"",""environment"":""fb6513d0-42a4-4660-82b5-509c54b15f2a"",""service"":""4978aa94-666c-47c7-8024-3ada55195a51"",""deployment"":""42412646-2416-4151-961a-a5fdc7d330f4"",""replica"":""d4d8ee4d-0d09-4840-a8d5-cf43db94e704""}",2026-04-02T22:46:22.481049618Z
[DB] Synced 0 accounts to database,info,"{""level"":""info""}","{""project"":""ce3616d9-58ad-4ec7-a294-1821e1564434"",""environment"":""fb6513d0-42a4-4660-82b5-509c54b15f2a"",""service"":""4978aa94-666c-47c7-8024-3ada55195a51"",""deployment"":""42412646-2416-4151-961a-a5fdc7d330f4"",""replica"":""d4d8ee4d-0d09-4840-a8d5-cf43db94e704""}",2026-04-02T22:46:52.456951663Z
2026-04-02 22:46:43 UTC - Services healthy,info,"{""level"":""info""}","{""project"":""ce3616d9-58ad-4ec7-a294-1821e1564434"",""environment"":""fb6513d0-42a4-4660-82b5-509c54b15f2a"",""service"":""4978aa94-666c-47c7-8024-3ada55195a51"",""deployment"":""42412646-2416-4151-961a-a5fdc7d330f4"",""replica"":""d4d8ee4d-0d09-4840-a8d5-cf43db94e704""}",2026-04-02T22:46:52.456956560Z
[DB] Synced 0 accounts to database,info,"{""level"":""info""}","{""project"":""ce3616d9-58ad-4ec7-a294-1821e1564434"",""environment"":""fb6513d0-42a4-4660-82b5-509c54b15f2a"",""service"":""4978aa94-666c-47c7-8024-3ada55195a51"",""deployment"":""42412646-2416-4151-961a-a5fdc7d330f4"",""replica"":""d4d8ee4d-0d09-4840-a8d5-cf43db94e704""}",2026-04-02T22:47:22.710645359Z
2026-04-02 22:47:13 UTC - Services healthy,info,"{""level"":""info""}","{""project"":""ce3616d9-58ad-4ec7-a294-1821e1564434"",""environment"":""fb6513d0-42a4-4660-82b5-509c54b15f2a"",""service"":""4978aa94-666c-47c7-8024-3ada55195a51"",""deployment"":""42412646-2416-4151-961a-a5fdc7d330f4"",""replica"":""d4d8ee4d-0d09-4840-a8d5-cf43db94e704""}",2026-04-02T22:47:22.710652266Z
[DB] Synced 0 accounts to database,info,"{""level"":""info""}","{""project"":""ce3616d9-58ad-4ec7-a294-1821e1564434"",""environment"":""fb6513d0-42a4-4660-82b5-509c54b15f2a"",""service"":""4978aa94-666c-47c7-8024-3ada55195a51"",""deployment"":""42412646-2416-4151-961a-a5fdc7d330f4"",""replica"":""d4d8ee4d-0d09-4840-a8d5-cf43db94e704""}",2026-04-02T22:47:52.665310216Z
2026-04-02 22:47:43 UTC - Services healthy,info,"{""level"":""info""}","{""project"":""ce3616d9-58ad-4ec7-a294-1821e1564434"",""environment"":""fb6513d0-42a4-4660-82b5-509c54b15f2a"",""service"":""4978aa94-666c-47c7-8024-3ada55195a51"",""deployment"":""42412646-2416-4151-961a-a5fdc7d330f4"",""replica"":""d4d8ee4d-0d09-4840-a8d5-cf43db94e704""}",2026-04-02T22:47:52.665317886Z
[DB] Synced 0 accounts to database,info,"{""level"":""info""}","{""project"":""ce3616d9-58ad-4ec7-a294-1821e1564434"",""environment"":""fb6513d0-42a4-4660-82b5-509c54b15f2a"",""service"":""4978aa94-666c-47c7-8024-3ada55195a51"",""deployment"":""42412646-2416-4151-961a-a5fdc7d330f4"",""replica"":""d4d8ee4d-0d09-4840-a8d5-cf43db94e704""}",2026-04-02T22:48:22.762519500Z
2026-04-02 22:48:13 UTC - Services healthy,info,"{""level"":""info""}","{""project"":""ce3616d9-58ad-4ec7-a294-1821e1564434"",""environment"":""fb6513d0-42a4-4660-82b5-509c54b15f2a"",""service"":""4978aa94-666c-47c7-8024-3ada55195a51"",""deployment"":""42412646-2416-4151-961a-a5fdc7d330f4"",""replica"":""d4d8ee4d-0d09-4840-a8d5-cf43db94e704""}",2026-04-02T22:48:22.762523632Z
[DB] Synced 0 accounts to database,info,"{""level"":""info""}","{""project"":""ce3616d9-58ad-4ec7-a294-1821e1564434"",""environment"":""fb6513d0-42a4-4660-82b5-509c54b15f2a"",""service"":""4978aa94-666c-47c7-8024-3ada55195a51"",""deployment"":""42412646-2416-4151-961a-a5fdc7d330f4"",""replica"":""d4d8ee4d-0d09-4840-a8d5-cf43db94e704""}",2026-04-02T22:48:52.711299772Z
2026-04-02 22:48:43 UTC - Services healthy,info,"{""level"":""info""}","{""project"":""ce3616d9-58ad-4ec7-a294-1821e1564434"",""environment"":""fb6513d0-42a4-4660-82b5-509c54b15f2a"",""service"":""4978aa94-666c-47c7-8024-3ada55195a51"",""deployment"":""42412646-2416-4151-961a-a5fdc7d330f4"",""replica"":""d4d8ee4d-0d09-4840-a8d5-cf43db94e704""}",2026-04-02T22:48:52.711313327Z
[DB] Synced 0 accounts to database,info,"{""level"":""info""}","{""project"":""ce3616d9-58ad-4ec7-a294-1821e1564434"",""environment"":""fb6513d0-42a4-4660-82b5-509c54b15f2a"",""service"":""4978aa94-666c-47c7-8024-3ada55195a51"",""deployment"":""42412646-2416-4151-961a-a5fdc7d330f4"",""replica"":""d4d8ee4d-0d09-4840-a8d5-cf43db94e704""}",2026-04-02T22:49:22.762474443Z
2026-04-02 22:49:13 UTC - Services healthy,info,"{""level"":""info""}","{""project"":""ce3616d9-58ad-4ec7-a294-1821e1564434"",""environment"":""fb6513d0-42a4-4660-82b5-509c54b15f2a"",""service"":""4978aa94-666c-47c7-8024-3ada55195a51"",""deployment"":""42412646-2416-4151-961a-a5fdc7d330f4"",""replica"":""d4d8ee4d-0d09-4840-a8d5-cf43db94e704""}",2026-04-02T22:49:22.762478984Z
[DB] Synced 0 accounts to database,info,"{""level"":""info""}","{""project"":""ce3616d9-58ad-4ec7-a294-1821e1564434"",""environment"":""fb6513d0-42a4-4660-82b5-509c54b15f2a"",""service"":""4978aa94-666c-47c7-8024-3ada55195a51"",""deployment"":""42412646-2416-4151-961a-a5fdc7d330f4"",""replica"":""d4d8ee4d-0d09-4840-a8d5-cf43db94e704""}",2026-04-02T22:49:52.962249923Z
2026-04-02 22:49:43 UTC - Services healthy,info,"{""level"":""info""}","{""project"":""ce3616d9-58ad-4ec7-a294-1821e1564434"",""environment"":""fb6513d0-42a4-4660-82b5-509c54b15f2a"",""service"":""4978aa94-666c-47c7-8024-3ada55195a51"",""deployment"":""42412646-2416-4151-961a-a5fdc7d330f4"",""replica"":""d4d8ee4d-0d09-4840-a8d5-cf43db94e704""}",2026-04-02T22:49:52.962255537Z
[DB] Synced 0 accounts to database,info,"{""level"":""info""}","{""project"":""ce3616d9-58ad-4ec7-a294-1821e1564434"",""environment"":""fb6513d0-42a4-4660-82b5-509c54b15f2a"",""service"":""4978aa94-666c-47c7-8024-3ada55195a51"",""deployment"":""42412646-2416-4151-961a-a5fdc7d330f4"",""replica"":""d4d8ee4d-0d09-4840-a8d5-cf43db94e704""}",2026-04-02T22:50:22.975707429Z
2026-04-02 22:50:13 UTC - Services healthy,info,"{""level"":""info""}","{""project"":""ce3616d9-58ad-4ec7-a294-1821e1564434"",""environment"":""fb6513d0-42a4-4660-82b5-509c54b15f2a"",""service"":""4978aa94-666c-47c7-8024-3ada55195a51"",""deployment"":""42412646-2416-4151-961a-a5fdc7d330f4"",""replica"":""d4d8ee4d-0d09-4840-a8d5-cf43db94e704""}",2026-04-02T22:50:22.975711849Z
[DB] Synced 0 accounts to database,info,"{""level"":""info""}","{""project"":""ce3616d9-58ad-4ec7-a294-1821e1564434"",""environment"":""fb6513d0-42a4-4660-82b5-509c54b15f2a"",""service"":""4978aa94-666c-47c7-8024-3ada55195a51"",""deployment"":""42412646-2416-4151-961a-a5fdc7d330f4"",""replica"":""d4d8ee4d-0d09-4840-a8d5-cf43db94e704""}",2026-04-02T22:50:52.994620371Z
2026-04-02 22:50:43 UTC - Services healthy,info,"{""level"":""info""}","{""project"":""ce3616d9-58ad-4ec7-a294-1821e1564434"",""environment"":""fb6513d0-42a4-4660-82b5-509c54b15f2a"",""service"":""4978aa94-666c-47c7-8024-3ada55195a51"",""deployment"":""42412646-2416-4151-961a-a5fdc7d330f4"",""replica"":""d4d8ee4d-0d09-4840-a8d5-cf43db94e704""}",2026-04-02T22:50:52.994627199Z
[DB] Synced 0 accounts to database,info,"{""level"":""info""}","{""project"":""ce3616d9-58ad-4ec7-a294-1821e1564434"",""environment"":""fb6513d0-42a4-4660-82b5-509c54b15f2a"",""service"":""4978aa94-666c-47c7-8024-3ada55195a51"",""deployment"":""42412646-2416-4151-961a-a5fdc7d330f4"",""replica"":""d4d8ee4d-0d09-4840-a8d5-cf43db94e704""}",2026-04-02T22:51:23.192956672Z
2026-04-02 22:51:13 UTC - Services healthy,info,"{""level"":""info""}","{""project"":""ce3616d9-58ad-4ec7-a294-1821e1564434"",""environment"":""fb6513d0-42a4-4660-82b5-509c54b15f2a"",""service"":""4978aa94-666c-47c7-8024-3ada55195a51"",""deployment"":""42412646-2416-4151-961a-a5fdc7d330f4"",""replica"":""d4d8ee4d-0d09-4840-a8d5-cf43db94e704""}",2026-04-02T22:51:23.192961332Z
[DB] Synced 0 accounts to database,info,"{""level"":""info""}","{""project"":""ce3616d9-58ad-4ec7-a294-1821e1564434"",""environment"":""fb6513d0-42a4-4660-82b5-509c54b15f2a"",""service"":""4978aa94-666c-47c7-8024-3ada55195a51"",""deployment"":""42412646-2416-4151-961a-a5fdc7d330f4"",""replica"":""d4d8ee4d-0d09-4840-a8d5-cf43db94e704""}",2026-04-02T22:51:53.168349351Z
2026-04-02 22:51:43 UTC - Services healthy,info,"{""level"":""info""}","{""project"":""ce3616d9-58ad-4ec7-a294-1821e1564434"",""environment"":""fb6513d0-42a4-4660-82b5-509c54b15f2a"",""service"":""4978aa94-666c-47c7-8024-3ada55195a51"",""deployment"":""42412646-2416-4151-961a-a5fdc7d330f4"",""replica"":""d4d8ee4d-0d09-4840-a8d5-cf43db94e704""}",2026-04-02T22:51:53.168359250Z
[DB] Synced 0 accounts to database,info,"{""level"":""info""}","{""project"":""ce3616d9-58ad-4ec7-a294-1821e1564434"",""environment"":""fb6513d0-42a4-4660-82b5-509c54b15f2a"",""service"":""4978aa94-666c-47c7-8024-3ada55195a51"",""deployment"":""42412646-2416-4151-961a-a5fdc7d330f4"",""replica"":""d4d8ee4d-0d09-4840-a8d5-cf43db94e704""}",2026-04-02T22:52:23.229340079Z
2026-04-02 22:52:13 UTC - Services healthy,info,"{""level"":""info""}","{""project"":""ce3616d9-58ad-4ec7-a294-1821e1564434"",""environment"":""fb6513d0-42a4-4660-82b5-509c54b15f2a"",""service"":""4978aa94-666c-47c7-8024-3ada55195a51"",""deployment"":""42412646-2416-4151-961a-a5fdc7d330f4"",""replica"":""d4d8ee4d-0d09-4840-a8d5-cf43db94e704""}",2026-04-02T22:52:23.229349863Z
[DB] Synced 0 accounts to database,info,"{""level"":""info""}","{""project"":""ce3616d9-58ad-4ec7-a294-1821e1564434"",""environment"":""fb6513d0-42a4-4660-82b5-509c54b15f2a"",""service"":""4978aa94-666c-47c7-8024-3ada55195a51"",""deployment"":""42412646-2416-4151-961a-a5fdc7d330f4"",""replica"":""d4d8ee4d-0d09-4840-a8d5-cf43db94e704""}",2026-04-02T22:52:53.268380957Z
2026-04-02 22:52:43 UTC - Services healthy,info,"{""level"":""info""}","{""project"":""ce3616d9-58ad-4ec7-a294-1821e1564434"",""environment"":""fb6513d0-42a4-4660-82b5-509c54b15f2a"",""service"":""4978aa94-666c-47c7-8024-3ada55195a51"",""deployment"":""42412646-2416-4151-961a-a5fdc7d330f4"",""replica"":""d4d8ee4d-0d09-4840-a8d5-cf43db94e704""}",2026-04-02T22:52:53.268391885Z
[DB] Synced 0 accounts to database,info,"{""level"":""info""}","{""project"":""ce3616d9-58ad-4ec7-a294-1821e1564434"",""environment"":""fb6513d0-42a4-4660-82b5-509c54b15f2a"",""service"":""4978aa94-666c-47c7-8024-3ada55195a51"",""deployment"":""42412646-2416-4151-961a-a5fdc7d330f4"",""replica"":""d4d8ee4d-0d09-4840-a8d5-cf43db94e704""}",2026-04-02T22:53:23.146291914Z
2026-04-02 22:53:13 UTC - Services healthy,info,"{""level"":""info""}","{""project"":""ce3616d9-58ad-4ec7-a294-1821e1564434"",""environment"":""fb6513d0-42a4-4660-82b5-509c54b15f2a"",""service"":""4978aa94-666c-47c7-8024-3ada55195a51"",""deployment"":""42412646-2416-4151-961a-a5fdc7d330f4"",""replica"":""d4d8ee4d-0d09-4840-a8d5-cf43db94e704""}",2026-04-02T22:53:23.146299159Z
[DB] Synced 0 accounts to database,info,"{""level"":""info""}","{""project"":""ce3616d9-58ad-4ec7-a294-1821e1564434"",""environment"":""fb6513d0-42a4-4660-82b5-509c54b15f2a"",""service"":""4978aa94-666c-47c7-8024-3ada55195a51"",""deployment"":""42412646-2416-4151-961a-a5fdc7d330f4"",""replica"":""d4d8ee4d-0d09-4840-a8d5-cf43db94e704""}",2026-04-02T22:53:53.258139522Z
2026-04-02 22:53:43 UTC - Services healthy,info,"{""level"":""info""}","{""project"":""ce3616d9-58ad-4ec7-a294-1821e1564434"",""environment"":""fb6513d0-42a4-4660-82b5-509c54b15f2a"",""service"":""4978aa94-666c-47c7-8024-3ada55195a51"",""deployment"":""42412646-2416-4151-961a-a5fdc7d330f4"",""replica"":""d4d8ee4d-0d09-4840-a8d5-cf43db94e704""}",2026-04-02T22:53:53.258147250Z
[DB] Synced 0 accounts to database,info,"{""level"":""info""}","{""project"":""ce3616d9-58ad-4ec7-a294-1821e1564434"",""environment"":""fb6513d0-42a4-4660-82b5-509c54b15f2a"",""service"":""4978aa94-666c-47c7-8024-3ada55195a51"",""deployment"":""42412646-2416-4151-961a-a5fdc7d330f4"",""replica"":""d4d8ee4d-0d09-4840-a8d5-cf43db94e704""}",2026-04-02T22:54:23.256912274Z
2026-04-02 22:54:13 UTC - Services healthy,info,"{""level"":""info""}","{""project"":""ce3616d9-58ad-4ec7-a294-1821e1564434"",""environment"":""fb6513d0-42a4-4660-82b5-509c54b15f2a"",""service"":""4978aa94-666c-47c7-8024-3ada55195a51"",""deployment"":""42412646-2416-4151-961a-a5fdc7d330f4"",""replica"":""d4d8ee4d-0d09-4840-a8d5-cf43db94e704""}",2026-04-02T22:54:23.256919834Z
[DB] Synced 0 accounts to database,info,"{""level"":""info""}","{""project"":""ce3616d9-58ad-4ec7-a294-1821e1564434"",""environment"":""fb6513d0-42a4-4660-82b5-509c54b15f2a"",""service"":""4978aa94-666c-47c7-8024-3ada55195a51"",""deployment"":""42412646-2416-4151-961a-a5fdc7d330f4"",""replica"":""d4d8ee4d-0d09-4840-a8d5-cf43db94e704""}",2026-04-02T22:54:53.195238817Z
2026-04-02 22:54:43 UTC - Services healthy,info,"{""level"":""info""}","{""project"":""ce3616d9-58ad-4ec7-a294-1821e1564434"",""environment"":""fb6513d0-42a4-4660-82b5-509c54b15f2a"",""service"":""4978aa94-666c-47c7-8024-3ada55195a51"",""deployment"":""42412646-2416-4151-961a-a5fdc7d330f4"",""replica"":""d4d8ee4d-0d09-4840-a8d5-cf43db94e704""}",2026-04-02T22:54:53.195245707Z
[DB] Synced 0 accounts to database,info,"{""level"":""info""}","{""project"":""ce3616d9-58ad-4ec7-a294-1821e1564434"",""environment"":""fb6513d0-42a4-4660-82b5-509c54b15f2a"",""service"":""4978aa94-666c-47c7-8024-3ada55195a51"",""deployment"":""42412646-2416-4151-961a-a5fdc7d330f4"",""replica"":""d4d8ee4d-0d09-4840-a8d5-cf43db94e704""}",2026-04-02T22:55:23.229684899Z
2026-04-02 22:55:13 UTC - Services healthy,info,"{""level"":""info""}","{""project"":""ce3616d9-58ad-4ec7-a294-1821e1564434"",""environment"":""fb6513d0-42a4-4660-82b5-509c54b15f2a"",""service"":""4978aa94-666c-47c7-8024-3ada55195a51"",""deployment"":""42412646-2416-4151-961a-a5fdc7d330f4"",""replica"":""d4d8ee4d-0d09-4840-a8d5-cf43db94e704""}",2026-04-02T22:55:23.229694257Z
[DB] Synced 0 accounts to database,info,"{""level"":""info""}","{""project"":""ce3616d9-58ad-4ec7-a294-1821e1564434"",""environment"":""fb6513d0-42a4-4660-82b5-509c54b15f2a"",""service"":""4978aa94-666c-47c7-8024-3ada55195a51"",""deployment"":""42412646-2416-4151-961a-a5fdc7d330f4"",""replica"":""d4d8ee4d-0d09-4840-a8d5-cf43db94e704""}",2026-04-02T22:55:53.224585576Z
2026-04-02 22:55:43 UTC - Services healthy,info,"{""level"":""info""}","{""project"":""ce3616d9-58ad-4ec7-a294-1821e1564434"",""environment"":""fb6513d0-42a4-4660-82b5-509c54b15f2a"",""service"":""4978aa94-666c-47c7-8024-3ada55195a51"",""deployment"":""42412646-2416-4151-961a-a5fdc7d330f4"",""replica"":""d4d8ee4d-0d09-4840-a8d5-cf43db94e704""}",2026-04-02T22:55:53.224593839Z
[DB] Synced 0 accounts to database,info,"{""level"":""info""}","{""project"":""ce3616d9-58ad-4ec7-a294-1821e1564434"",""environment"":""fb6513d0-42a4-4660-82b5-509c54b15f2a"",""service"":""4978aa94-666c-47c7-8024-3ada55195a51"",""deployment"":""42412646-2416-4151-961a-a5fdc7d330f4"",""replica"":""d4d8ee4d-0d09-4840-a8d5-cf43db94e704""}",2026-04-02T22:56:23.183725928Z
2026-04-02 22:56:13 UTC - Services healthy,info,"{""level"":""info""}","{""project"":""ce3616d9-58ad-4ec7-a294-1821e1564434"",""environment"":""fb6513d0-42a4-4660-82b5-509c54b15f2a"",""service"":""4978aa94-666c-47c7-8024-3ada55195a51"",""deployment"":""42412646-2416-4151-961a-a5fdc7d330f4"",""replica"":""d4d8ee4d-0d09-4840-a8d5-cf43db94e704""}",2026-04-02T22:56:23.183733820Z
[DB] Synced 0 accounts to database,info,"{""level"":""info""}","{""project"":""ce3616d9-58ad-4ec7-a294-1821e1564434"",""environment"":""fb6513d0-42a4-4660-82b5-509c54b15f2a"",""service"":""4978aa94-666c-47c7-8024-3ada55195a51"",""deployment"":""42412646-2416-4151-961a-a5fdc7d330f4"",""replica"":""d4d8ee4d-0d09-4840-a8d5-cf43db94e704""}",2026-04-02T22:56:53.241559748Z
2026-04-02 22:56:43 UTC - Services healthy,info,"{""level"":""info""}","{""project"":""ce3616d9-58ad-4ec7-a294-1821e1564434"",""environment"":""fb6513d0-42a4-4660-82b5-509c54b15f2a"",""service"":""4978aa94-666c-47c7-8024-3ada55195a51"",""deployment"":""42412646-2416-4151-961a-a5fdc7d330f4"",""replica"":""d4d8ee4d-0d09-4840-a8d5-cf43db94e704""}",2026-04-02T22:56:53.241569674Z
2026-04-02 22:57:13 UTC - Services healthy,info,"{""level"":""info""}","{""project"":""ce3616d9-58ad-4ec7-a294-1821e1564434"",""environment"":""fb6513d0-42a4-4660-82b5-509c54b15f2a"",""service"":""4978aa94-666c-47c7-8024-3ada55195a51"",""deployment"":""42412646-2416-4151-961a-a5fdc7d330f4"",""replica"":""d4d8ee4d-0d09-4840-a8d5-cf43db94e704""}",2026-04-02T22:57:23.384152216Z
[DB] Synced 0 accounts to database,info,"{""level"":""info""}","{""project"":""ce3616d9-58ad-4ec7-a294-1821e1564434"",""environment"":""fb6513d0-42a4-4660-82b5-509c54b15f2a"",""service"":""4978aa94-666c-47c7-8024-3ada55195a51"",""deployment"":""42412646-2416-4151-961a-a5fdc7d330f4"",""replica"":""d4d8ee4d-0d09-4840-a8d5-cf43db94e704""}",2026-04-02T22:57:23.384234687Z
[DB] Synced 0 accounts to database,info,"{""level"":""info""}","{""project"":""ce3616d9-58ad-4ec7-a294-1821e1564434"",""environment"":""fb6513d0-42a4-4660-82b5-509c54b15f2a"",""service"":""4978aa94-666c-47c7-8024-3ada55195a51"",""deployment"":""42412646-2416-4151-961a-a5fdc7d330f4"",""replica"":""d4d8ee4d-0d09-4840-a8d5-cf43db94e704""}",2026-04-02T22:57:53.514805210Z
2026-04-02 22:57:43 UTC - Services healthy,info,"{""level"":""info""}","{""project"":""ce3616d9-58ad-4ec7-a294-1821e1564434"",""environment"":""fb6513d0-42a4-4660-82b5-509c54b15f2a"",""service"":""4978aa94-666c-47c7-8024-3ada55195a51"",""deployment"":""42412646-2416-4151-961a-a5fdc7d330f4"",""replica"":""d4d8ee4d-0d09-4840-a8d5-cf43db94e704""}",2026-04-02T22:57:53.514812597Z
[DB] Synced 0 accounts to database,info,"{""level"":""info""}","{""project"":""ce3616d9-58ad-4ec7-a294-1821e1564434"",""environment"":""fb6513d0-42a4-4660-82b5-509c54b15f2a"",""service"":""4978aa94-666c-47c7-8024-3ada55195a51"",""deployment"":""42412646-2416-4151-961a-a5fdc7d330f4"",""replica"":""d4d8ee4d-0d09-4840-a8d5-cf43db94e704""}",2026-04-02T22:58:23.556896736Z
2026-04-02 22:58:13 UTC - Services healthy,info,"{""level"":""info""}","{""project"":""ce3616d9-58ad-4ec7-a294-1821e1564434"",""environment"":""fb6513d0-42a4-4660-82b5-509c54b15f2a"",""service"":""4978aa94-666c-47c7-8024-3ada55195a51"",""deployment"":""42412646-2416-4151-961a-a5fdc7d330f4"",""replica"":""d4d8ee4d-0d09-4840-a8d5-cf43db94e704""}",2026-04-02T22:58:23.556903405Z
[DB] Synced 0 accounts to database,info,"{""level"":""info""}","{""project"":""ce3616d9-58ad-4ec7-a294-1821e1564434"",""environment"":""fb6513d0-42a4-4660-82b5-509c54b15f2a"",""service"":""4978aa94-666c-47c7-8024-3ada55195a51"",""deployment"":""42412646-2416-4151-961a-a5fdc7d330f4"",""replica"":""d4d8ee4d-0d09-4840-a8d5-cf43db94e704""}",2026-04-02T22:58:53.463497743Z
2026-04-02 22:58:43 UTC - Services healthy,info,"{""level"":""info""}","{""project"":""ce3616d9-58ad-4ec7-a294-1821e1564434"",""environment"":""fb6513d0-42a4-4660-82b5-509c54b15f2a"",""service"":""4978aa94-666c-47c7-8024-3ada55195a51"",""deployment"":""42412646-2416-4151-961a-a5fdc7d330f4"",""replica"":""d4d8ee4d-0d09-4840-a8d5-cf43db94e704""}",2026-04-02T22:58:53.463510029Z
[DB] Synced 0 accounts to database,info,"{""level"":""info""}","{""project"":""ce3616d9-58ad-4ec7-a294-1821e1564434"",""environment"":""fb6513d0-42a4-4660-82b5-509c54b15f2a"",""service"":""4978aa94-666c-47c7-8024-3ada55195a51"",""deployment"":""42412646-2416-4151-961a-a5fdc7d330f4"",""replica"":""d4d8ee4d-0d09-4840-a8d5-cf43db94e704""}",2026-04-02T22:59:23.437697607Z
2026-04-02 22:59:13 UTC - Services healthy,info,"{""level"":""info""}","{""project"":""ce3616d9-58ad-4ec7-a294-1821e1564434"",""environment"":""fb6513d0-42a4-4660-82b5-509c54b15f2a"",""service"":""4978aa94-666c-47c7-8024-3ada55195a51"",""deployment"":""42412646-2416-4151-961a-a5fdc7d330f4"",""replica"":""d4d8ee4d-0d09-4840-a8d5-cf43db94e704""}",2026-04-02T22:59:23.437705079Z
[DB] Synced 0 accounts to database,info,"{""level"":""info""}","{""project"":""ce3616d9-58ad-4ec7-a294-1821e1564434"",""environment"":""fb6513d0-42a4-4660-82b5-509c54b15f2a"",""service"":""4978aa94-666c-47c7-8024-3ada55195a51"",""deployment"":""42412646-2416-4151-961a-a5fdc7d330f4"",""replica"":""d4d8ee4d-0d09-4840-a8d5-cf43db94e704""}",2026-04-02T22:59:53.381802079Z
2026-04-02 22:59:43 UTC - Services healthy,info,"{""level"":""info""}","{""project"":""ce3616d9-58ad-4ec7-a294-1821e1564434"",""environment"":""fb6513d0-42a4-4660-82b5-509c54b15f2a"",""service"":""4978aa94-666c-47c7-8024-3ada55195a51"",""deployment"":""42412646-2416-4151-961a-a5fdc7d330f4"",""replica"":""d4d8ee4d-0d09-4840-a8d5-cf43db94e704""}",2026-04-02T22:59:53.381826101Z
[DB] Synced 0 accounts to database,info,"{""level"":""info""}","{""project"":""ce3616d9-58ad-4ec7-a294-1821e1564434"",""environment"":""fb6513d0-42a4-4660-82b5-509c54b15f2a"",""service"":""4978aa94-666c-47c7-8024-3ada55195a51"",""deployment"":""42412646-2416-4151-961a-a5fdc7d330f4"",""replica"":""d4d8ee4d-0d09-4840-a8d5-cf43db94e704""}",2026-04-02T23:00:23.499911644Z
2026-04-02 23:00:13 UTC - Services healthy,info,"{""level"":""info""}","{""project"":""ce3616d9-58ad-4ec7-a294-1821e1564434"",""environment"":""fb6513d0-42a4-4660-82b5-509c54b15f2a"",""service"":""4978aa94-666c-47c7-8024-3ada55195a51"",""deployment"":""42412646-2416-4151-961a-a5fdc7d330f4"",""replica"":""d4d8ee4d-0d09-4840-a8d5-cf43db94e704""}",2026-04-02T23:00:23.499917580Z
[DB] Synced 0 accounts to database,info,"{""level"":""info""}","{""project"":""ce3616d9-58ad-4ec7-a294-1821e1564434"",""environment"":""fb6513d0-42a4-4660-82b5-509c54b15f2a"",""service"":""4978aa94-666c-47c7-8024-3ada55195a51"",""deployment"":""42412646-2416-4151-961a-a5fdc7d330f4"",""replica"":""d4d8ee4d-0d09-4840-a8d5-cf43db94e704""}",2026-04-02T23:00:53.398487723Z
2026-04-02 23:00:43 UTC - Services healthy,info,"{""level"":""info""}","{""project"":""ce3616d9-58ad-4ec7-a294-1821e1564434"",""environment"":""fb6513d0-42a4-4660-82b5-509c54b15f2a"",""service"":""4978aa94-666c-47c7-8024-3ada55195a51"",""deployment"":""42412646-2416-4151-961a-a5fdc7d330f4"",""replica"":""d4d8ee4d-0d09-4840-a8d5-cf43db94e704""}",2026-04-02T23:00:53.398494801Z
[DB] Synced 0 accounts to database,info,"{""level"":""info""}","{""project"":""ce3616d9-58ad-4ec7-a294-1821e1564434"",""environment"":""fb6513d0-42a4-4660-82b5-509c54b15f2a"",""service"":""4978aa94-666c-47c7-8024-3ada55195a51"",""deployment"":""42412646-2416-4151-961a-a5fdc7d330f4"",""replica"":""d4d8ee4d-0d09-4840-a8d5-cf43db94e704""}",2026-04-02T23:01:23.404629845Z
2026-04-02 23:01:13 UTC - Services healthy,info,"{""level"":""info""}","{""project"":""ce3616d9-58ad-4ec7-a294-1821e1564434"",""environment"":""fb6513d0-42a4-4660-82b5-509c54b15f2a"",""service"":""4978aa94-666c-47c7-8024-3ada55195a51"",""deployment"":""42412646-2416-4151-961a-a5fdc7d330f4"",""replica"":""d4d8ee4d-0d09-4840-a8d5-cf43db94e704""}",2026-04-02T23:01:23.404634037Z
[DB] Synced 0 accounts to database,info,"{""level"":""info""}","{""project"":""ce3616d9-58ad-4ec7-a294-1821e1564434"",""environment"":""fb6513d0-42a4-4660-82b5-509c54b15f2a"",""service"":""4978aa94-666c-47c7-8024-3ada55195a51"",""deployment"":""42412646-2416-4151-961a-a5fdc7d330f4"",""replica"":""d4d8ee4d-0d09-4840-a8d5-cf43db94e704""}",2026-04-02T23:01:53.338405043Z
2026-04-02 23:01:43 UTC - Services healthy,info,"{""level"":""info""}","{""project"":""ce3616d9-58ad-4ec7-a294-1821e1564434"",""environment"":""fb6513d0-42a4-4660-82b5-509c54b15f2a"",""service"":""4978aa94-666c-47c7-8024-3ada55195a51"",""deployment"":""42412646-2416-4151-961a-a5fdc7d330f4"",""replica"":""d4d8ee4d-0d09-4840-a8d5-cf43db94e704""}",2026-04-02T23:01:53.338412920Z
[DB] Synced 0 accounts to database,info,"{""level"":""info""}","{""project"":""ce3616d9-58ad-4ec7-a294-1821e1564434"",""environment"":""fb6513d0-42a4-4660-82b5-509c54b15f2a"",""service"":""4978aa94-666c-47c7-8024-3ada55195a51"",""deployment"":""42412646-2416-4151-961a-a5fdc7d330f4"",""replica"":""d4d8ee4d-0d09-4840-a8d5-cf43db94e704""}",2026-04-02T23:02:23.475115576Z
2026-04-02 23:02:13 UTC - Services healthy,info,"{""level"":""info""}","{""project"":""ce3616d9-58ad-4ec7-a294-1821e1564434"",""environment"":""fb6513d0-42a4-4660-82b5-509c54b15f2a"",""service"":""4978aa94-666c-47c7-8024-3ada55195a51"",""deployment"":""42412646-2416-4151-961a-a5fdc7d330f4"",""replica"":""d4d8ee4d-0d09-4840-a8d5-cf43db94e704""}",2026-04-02T23:02:23.475121331Z
[DB] Synced 0 accounts to database,info,"{""level"":""info""}","{""project"":""ce3616d9-58ad-4ec7-a294-1821e1564434"",""environment"":""fb6513d0-42a4-4660-82b5-509c54b15f2a"",""service"":""4978aa94-666c-47c7-8024-3ada55195a51"",""deployment"":""42412646-2416-4151-961a-a5fdc7d330f4"",""replica"":""d4d8ee4d-0d09-4840-a8d5-cf43db94e704""}",2026-04-02T23:02:53.507217877Z
2026-04-02 23:02:43 UTC - Services healthy,info,"{""level"":""info""}","{""project"":""ce3616d9-58ad-4ec7-a294-1821e1564434"",""environment"":""fb6513d0-42a4-4660-82b5-509c54b15f2a"",""service"":""4978aa94-666c-47c7-8024-3ada55195a51"",""deployment"":""42412646-2416-4151-961a-a5fdc7d330f4"",""replica"":""d4d8ee4d-0d09-4840-a8d5-cf43db94e704""}",2026-04-02T23:02:53.507228500Z
[DB] Synced 0 accounts to database,info,"{""level"":""info""}","{""project"":""ce3616d9-58ad-4ec7-a294-1821e1564434"",""environment"":""fb6513d0-42a4-4660-82b5-509c54b15f2a"",""service"":""4978aa94-666c-47c7-8024-3ada55195a51"",""deployment"":""42412646-2416-4151-961a-a5fdc7d330f4"",""replica"":""d4d8ee4d-0d09-4840-a8d5-cf43db94e704""}",2026-04-02T23:03:23.635564910Z
2026-04-02 23:03:13 UTC - Services healthy,info,"{""level"":""info""}","{""project"":""ce3616d9-58ad-4ec7-a294-1821e1564434"",""environment"":""fb6513d0-42a4-4660-82b5-509c54b15f2a"",""service"":""4978aa94-666c-47c7-8024-3ada55195a51"",""deployment"":""42412646-2416-4151-961a-a5fdc7d330f4"",""replica"":""d4d8ee4d-0d09-4840-a8d5-cf43db94e704""}",2026-04-02T23:03:23.635569300Z
[DB] Synced 0 accounts to database,info,"{""level"":""info""}","{""project"":""ce3616d9-58ad-4ec7-a294-1821e1564434"",""environment"":""fb6513d0-42a4-4660-82b5-509c54b15f2a"",""service"":""4978aa94-666c-47c7-8024-3ada55195a51"",""deployment"":""42412646-2416-4151-961a-a5fdc7d330f4"",""replica"":""d4d8ee4d-0d09-4840-a8d5-cf43db94e704""}",2026-04-02T23:03:43.625000396Z
2026-04-02 23:03:43 UTC - Services healthy,info,"{""level"":""info""}","{""project"":""ce3616d9-58ad-4ec7-a294-1821e1564434"",""environment"":""fb6513d0-42a4-4660-82b5-509c54b15f2a"",""service"":""4978aa94-666c-47c7-8024-3ada55195a51"",""deployment"":""42412646-2416-4151-961a-a5fdc7d330f4"",""replica"":""d4d8ee4d-0d09-4840-a8d5-cf43db94e704""}",2026-04-02T23:03:43.625011066Z
[DB] Synced 0 accounts to database,info,"{""level"":""info""}","{""project"":""ce3616d9-58ad-4ec7-a294-1821e1564434"",""environment"":""fb6513d0-42a4-4660-82b5-509c54b15f2a"",""service"":""4978aa94-666c-47c7-8024-3ada55195a51"",""deployment"":""42412646-2416-4151-961a-a5fdc7d330f4"",""replica"":""d4d8ee4d-0d09-4840-a8d5-cf43db94e704""}",2026-04-02T23:04:23.530839791Z
2026-04-02 23:04:13 UTC - Services healthy,info,"{""level"":""info""}","{""project"":""ce3616d9-58ad-4ec7-a294-1821e1564434"",""environment"":""fb6513d0-42a4-4660-82b5-509c54b15f2a"",""service"":""4978aa94-666c-47c7-8024-3ada55195a51"",""deployment"":""42412646-2416-4151-961a-a5fdc7d330f4"",""replica"":""d4d8ee4d-0d09-4840-a8d5-cf43db94e704""}",2026-04-02T23:04:23.530847251Z
2026-04-02 23:04:43 UTC - Services healthy,info,"{""level"":""info""}","{""project"":""ce3616d9-58ad-4ec7-a294-1821e1564434"",""environment"":""fb6513d0-42a4-4660-82b5-509c54b15f2a"",""service"":""4978aa94-666c-47c7-8024-3ada55195a51"",""deployment"":""42412646-2416-4151-961a-a5fdc7d330f4"",""replica"":""d4d8ee4d-0d09-4840-a8d5-cf43db94e704""}",2026-04-02T23:04:53.531350333Z
[DB] Synced 0 accounts to database,info,"{""level"":""info""}","{""project"":""ce3616d9-58ad-4ec7-a294-1821e1564434"",""environment"":""fb6513d0-42a4-4660-82b5-509c54b15f2a"",""service"":""4978aa94-666c-47c7-8024-3ada55195a51"",""deployment"":""42412646-2416-4151-961a-a5fdc7d330f4"",""replica"":""d4d8ee4d-0d09-4840-a8d5-cf43db94e704""}",2026-04-02T23:04:53.531412473Z
[DB] Synced 0 accounts to database,info,"{""level"":""info""}","{""project"":""ce3616d9-58ad-4ec7-a294-1821e1564434"",""environment"":""fb6513d0-42a4-4660-82b5-509c54b15f2a"",""service"":""4978aa94-666c-47c7-8024-3ada55195a51"",""deployment"":""42412646-2416-4151-961a-a5fdc7d330f4"",""replica"":""d4d8ee4d-0d09-4840-a8d5-cf43db94e704""}",2026-04-02T23:05:23.610598182Z
2026-04-02 23:05:13 UTC - Services healthy,info,"{""level"":""info""}","{""project"":""ce3616d9-58ad-4ec7-a294-1821e1564434"",""environment"":""fb6513d0-42a4-4660-82b5-509c54b15f2a"",""service"":""4978aa94-666c-47c7-8024-3ada55195a51"",""deployment"":""42412646-2416-4151-961a-a5fdc7d330f4"",""replica"":""d4d8ee4d-0d09-4840-a8d5-cf43db94e704""}",2026-04-02T23:05:23.610605031Z
[DB] Synced 0 accounts to database,info,"{""level"":""info""}","{""project"":""ce3616d9-58ad-4ec7-a294-1821e1564434"",""environment"":""fb6513d0-42a4-4660-82b5-509c54b15f2a"",""service"":""4978aa94-666c-47c7-8024-3ada55195a51"",""deployment"":""42412646-2416-4151-961a-a5fdc7d330f4"",""replica"":""d4d8ee4d-0d09-4840-a8d5-cf43db94e704""}",2026-04-02T23:05:43.923816014Z
2026-04-02 23:05:43 UTC - Services healthy,info,"{""level"":""info""}","{""project"":""ce3616d9-58ad-4ec7-a294-1821e1564434"",""environment"":""fb6513d0-42a4-4660-82b5-509c54b15f2a"",""service"":""4978aa94-666c-47c7-8024-3ada55195a51"",""deployment"":""42412646-2416-4151-961a-a5fdc7d330f4"",""replica"":""d4d8ee4d-0d09-4840-a8d5-cf43db94e704""}",2026-04-02T23:05:43.923821646Z
[DB] Synced 0 accounts to database,info,"{""level"":""info""}","{""project"":""ce3616d9-58ad-4ec7-a294-1821e1564434"",""environment"":""fb6513d0-42a4-4660-82b5-509c54b15f2a"",""service"":""4978aa94-666c-47c7-8024-3ada55195a51"",""deployment"":""42412646-2416-4151-961a-a5fdc7d330f4"",""replica"":""d4d8ee4d-0d09-4840-a8d5-cf43db94e704""}",2026-04-02T23:06:14.024243147Z
2026-04-02 23:06:13 UTC - Services healthy,info,"{""level"":""info""}","{""project"":""ce3616d9-58ad-4ec7-a294-1821e1564434"",""environment"":""fb6513d0-42a4-4660-82b5-509c54b15f2a"",""service"":""4978aa94-666c-47c7-8024-3ada55195a51"",""deployment"":""42412646-2416-4151-961a-a5fdc7d330f4"",""replica"":""d4d8ee4d-0d09-4840-a8d5-cf43db94e704""}",2026-04-02T23:06:14.024249545Z
[DB] Synced 0 accounts to database,info,"{""level"":""info""}","{""project"":""ce3616d9-58ad-4ec7-a294-1821e1564434"",""environment"":""fb6513d0-42a4-4660-82b5-509c54b15f2a"",""service"":""4978aa94-666c-47c7-8024-3ada55195a51"",""deployment"":""42412646-2416-4151-961a-a5fdc7d330f4"",""replica"":""d4d8ee4d-0d09-4840-a8d5-cf43db94e704""}",2026-04-02T23:06:44.066943635Z
2026-04-02 23:06:43 UTC - Services healthy,info,"{""level"":""info""}","{""project"":""ce3616d9-58ad-4ec7-a294-1821e1564434"",""environment"":""fb6513d0-42a4-4660-82b5-509c54b15f2a"",""service"":""4978aa94-666c-47c7-8024-3ada55195a51"",""deployment"":""42412646-2416-4151-961a-a5fdc7d330f4"",""replica"":""d4d8ee4d-0d09-4840-a8d5-cf43db94e704""}",2026-04-02T23:06:44.066954350Z
[DB] Synced 0 accounts to database,info,"{""level"":""info""}","{""project"":""ce3616d9-58ad-4ec7-a294-1821e1564434"",""environment"":""fb6513d0-42a4-4660-82b5-509c54b15f2a"",""service"":""4978aa94-666c-47c7-8024-3ada55195a51"",""deployment"":""42412646-2416-4151-961a-a5fdc7d330f4"",""replica"":""d4d8ee4d-0d09-4840-a8d5-cf43db94e704""}",2026-04-02T23:07:14.145015750Z
2026-04-02 23:07:13 UTC - Services healthy,info,"{""level"":""info""}","{""project"":""ce3616d9-58ad-4ec7-a294-1821e1564434"",""environment"":""fb6513d0-42a4-4660-82b5-509c54b15f2a"",""service"":""4978aa94-666c-47c7-8024-3ada55195a51"",""deployment"":""42412646-2416-4151-961a-a5fdc7d330f4"",""replica"":""d4d8ee4d-0d09-4840-a8d5-cf43db94e704""}",2026-04-02T23:07:14.145020035Z
[DB] Synced 0 accounts to database,info,"{""level"":""info""}","{""project"":""ce3616d9-58ad-4ec7-a294-1821e1564434"",""environment"":""fb6513d0-42a4-4660-82b5-509c54b15f2a"",""service"":""4978aa94-666c-47c7-8024-3ada55195a51"",""deployment"":""42412646-2416-4151-961a-a5fdc7d330f4"",""replica"":""d4d8ee4d-0d09-4840-a8d5-cf43db94e704""}",2026-04-02T23:07:44.363783341Z
2026-04-02 23:07:43 UTC - Services healthy,info,"{""level"":""info""}","{""project"":""ce3616d9-58ad-4ec7-a294-1821e1564434"",""environment"":""fb6513d0-42a4-4660-82b5-509c54b15f2a"",""service"":""4978aa94-666c-47c7-8024-3ada55195a51"",""deployment"":""42412646-2416-4151-961a-a5fdc7d330f4"",""replica"":""d4d8ee4d-0d09-4840-a8d5-cf43db94e704""}",2026-04-02T23:07:44.363791521Z
[DB] Synced 0 accounts to database,info,"{""level"":""info""}","{""project"":""ce3616d9-58ad-4ec7-a294-1821e1564434"",""environment"":""fb6513d0-42a4-4660-82b5-509c54b15f2a"",""service"":""4978aa94-666c-47c7-8024-3ada55195a51"",""deployment"":""42412646-2416-4151-961a-a5fdc7d330f4"",""replica"":""d4d8ee4d-0d09-4840-a8d5-cf43db94e704""}",2026-04-02T23:08:14.375256074Z
2026-04-02 23:08:13 UTC - Services healthy,info,"{""level"":""info""}","{""project"":""ce3616d9-58ad-4ec7-a294-1821e1564434"",""environment"":""fb6513d0-42a4-4660-82b5-509c54b15f2a"",""service"":""4978aa94-666c-47c7-8024-3ada55195a51"",""deployment"":""42412646-2416-4151-961a-a5fdc7d330f4"",""replica"":""d4d8ee4d-0d09-4840-a8d5-cf43db94e704""}",2026-04-02T23:08:14.375262206Z
[DB] Synced 0 accounts to database,info,"{""level"":""info""}","{""project"":""ce3616d9-58ad-4ec7-a294-1821e1564434"",""environment"":""fb6513d0-42a4-4660-82b5-509c54b15f2a"",""service"":""4978aa94-666c-47c7-8024-3ada55195a51"",""deployment"":""42412646-2416-4151-961a-a5fdc7d330f4"",""replica"":""d4d8ee4d-0d09-4840-a8d5-cf43db94e704""}",2026-04-02T23:08:44.567614812Z
2026-04-02 23:08:43 UTC - Services healthy,info,"{""level"":""info""}","{""project"":""ce3616d9-58ad-4ec7-a294-1821e1564434"",""environment"":""fb6513d0-42a4-4660-82b5-509c54b15f2a"",""service"":""4978aa94-666c-47c7-8024-3ada55195a51"",""deployment"":""42412646-2416-4151-961a-a5fdc7d330f4"",""replica"":""d4d8ee4d-0d09-4840-a8d5-cf43db94e704""}",2026-04-02T23:08:44.567620358Z
[DB] Synced 0 accounts to database,info,"{""level"":""info""}","{""project"":""ce3616d9-58ad-4ec7-a294-1821e1564434"",""environment"":""fb6513d0-42a4-4660-82b5-509c54b15f2a"",""service"":""4978aa94-666c-47c7-8024-3ada55195a51"",""deployment"":""42412646-2416-4151-961a-a5fdc7d330f4"",""replica"":""d4d8ee4d-0d09-4840-a8d5-cf43db94e704""}",2026-04-02T23:09:14.432229955Z
2026-04-02 23:09:13 UTC - Services healthy,info,"{""level"":""info""}","{""project"":""ce3616d9-58ad-4ec7-a294-1821e1564434"",""environment"":""fb6513d0-42a4-4660-82b5-509c54b15f2a"",""service"":""4978aa94-666c-47c7-8024-3ada55195a51"",""deployment"":""42412646-2416-4151-961a-a5fdc7d330f4"",""replica"":""d4d8ee4d-0d09-4840-a8d5-cf43db94e704""}",2026-04-02T23:09:14.432237055Z
[DB] Synced 0 accounts to database,info,"{""level"":""info""}","{""project"":""ce3616d9-58ad-4ec7-a294-1821e1564434"",""environment"":""fb6513d0-42a4-4660-82b5-509c54b15f2a"",""service"":""4978aa94-666c-47c7-8024-3ada55195a51"",""deployment"":""42412646-2416-4151-961a-a5fdc7d330f4"",""replica"":""d4d8ee4d-0d09-4840-a8d5-cf43db94e704""}",2026-04-02T23:09:44.329997882Z
2026-04-02 23:09:43 UTC - Services healthy,info,"{""level"":""info""}","{""project"":""ce3616d9-58ad-4ec7-a294-1821e1564434"",""environment"":""fb6513d0-42a4-4660-82b5-509c54b15f2a"",""service"":""4978aa94-666c-47c7-8024-3ada55195a51"",""deployment"":""42412646-2416-4151-961a-a5fdc7d330f4"",""replica"":""d4d8ee4d-0d09-4840-a8d5-cf43db94e704""}",2026-04-02T23:09:44.330004989Z
[DB] Synced 0 accounts to database,info,"{""level"":""info""}","{""project"":""ce3616d9-58ad-4ec7-a294-1821e1564434"",""environment"":""fb6513d0-42a4-4660-82b5-509c54b15f2a"",""service"":""4978aa94-666c-47c7-8024-3ada55195a51"",""deployment"":""42412646-2416-4151-961a-a5fdc7d330f4"",""replica"":""d4d8ee4d-0d09-4840-a8d5-cf43db94e704""}",2026-04-02T23:10:14.327307838Z
2026-04-02 23:10:13 UTC - Services healthy,info,"{""level"":""info""}","{""project"":""ce3616d9-58ad-4ec7-a294-1821e1564434"",""environment"":""fb6513d0-42a4-4660-82b5-509c54b15f2a"",""service"":""4978aa94-666c-47c7-8024-3ada55195a51"",""deployment"":""42412646-2416-4151-961a-a5fdc7d330f4"",""replica"":""d4d8ee4d-0d09-4840-a8d5-cf43db94e704""}",2026-04-02T23:10:14.327316500Z
[DB] Synced 0 accounts to database,info,"{""level"":""info""}","{""project"":""ce3616d9-58ad-4ec7-a294-1821e1564434"",""environment"":""fb6513d0-42a4-4660-82b5-509c54b15f2a"",""service"":""4978aa94-666c-47c7-8024-3ada55195a51"",""deployment"":""42412646-2416-4151-961a-a5fdc7d330f4"",""replica"":""d4d8ee4d-0d09-4840-a8d5-cf43db94e704""}",2026-04-02T23:10:44.399928164Z
2026-04-02 23:10:43 UTC - Services healthy,info,"{""level"":""info""}","{""project"":""ce3616d9-58ad-4ec7-a294-1821e1564434"",""environment"":""fb6513d0-42a4-4660-82b5-509c54b15f2a"",""service"":""4978aa94-666c-47c7-8024-3ada55195a51"",""deployment"":""42412646-2416-4151-961a-a5fdc7d330f4"",""replica"":""d4d8ee4d-0d09-4840-a8d5-cf43db94e704""}",2026-04-02T23:10:44.399934535Z
[DB] Synced 0 accounts to database,info,"{""level"":""info""}","{""project"":""ce3616d9-58ad-4ec7-a294-1821e1564434"",""environment"":""fb6513d0-42a4-4660-82b5-509c54b15f2a"",""service"":""4978aa94-666c-47c7-8024-3ada55195a51"",""deployment"":""42412646-2416-4151-961a-a5fdc7d330f4"",""replica"":""d4d8ee4d-0d09-4840-a8d5-cf43db94e704""}",2026-04-02T23:11:14.398606269Z
2026-04-02 23:11:13 UTC - Services healthy,info,"{""level"":""info""}","{""project"":""ce3616d9-58ad-4ec7-a294-1821e1564434"",""environment"":""fb6513d0-42a4-4660-82b5-509c54b15f2a"",""service"":""4978aa94-666c-47c7-8024-3ada55195a51"",""deployment"":""42412646-2416-4151-961a-a5fdc7d330f4"",""replica"":""d4d8ee4d-0d09-4840-a8d5-cf43db94e704""}",2026-04-02T23:11:14.398611623Z
[DB] Synced 0 accounts to database,info,"{""level"":""info""}","{""project"":""ce3616d9-58ad-4ec7-a294-1821e1564434"",""environment"":""fb6513d0-42a4-4660-82b5-509c54b15f2a"",""service"":""4978aa94-666c-47c7-8024-3ada55195a51"",""deployment"":""42412646-2416-4151-961a-a5fdc7d330f4"",""replica"":""d4d8ee4d-0d09-4840-a8d5-cf43db94e704""}",2026-04-02T23:11:44.656489666Z
2026-04-02 23:11:43 UTC - Services healthy,info,"{""level"":""info""}","{""project"":""ce3616d9-58ad-4ec7-a294-1821e1564434"",""environment"":""fb6513d0-42a4-4660-82b5-509c54b15f2a"",""service"":""4978aa94-666c-47c7-8024-3ada55195a51"",""deployment"":""42412646-2416-4151-961a-a5fdc7d330f4"",""replica"":""d4d8ee4d-0d09-4840-a8d5-cf43db94e704""}",2026-04-02T23:11:44.656497174Z
[DB] Synced 0 accounts to database,info,"{""level"":""info""}","{""project"":""ce3616d9-58ad-4ec7-a294-1821e1564434"",""environment"":""fb6513d0-42a4-4660-82b5-509c54b15f2a"",""service"":""4978aa94-666c-47c7-8024-3ada55195a51"",""deployment"":""42412646-2416-4151-961a-a5fdc7d330f4"",""replica"":""d4d8ee4d-0d09-4840-a8d5-cf43db94e704""}",2026-04-02T23:12:15.592772950Z
2026-04-02 23:12:13 UTC - Services healthy,info,"{""level"":""info""}","{""project"":""ce3616d9-58ad-4ec7-a294-1821e1564434"",""environment"":""fb6513d0-42a4-4660-82b5-509c54b15f2a"",""service"":""4978aa94-666c-47c7-8024-3ada55195a51"",""deployment"":""42412646-2416-4151-961a-a5fdc7d330f4"",""replica"":""d4d8ee4d-0d09-4840-a8d5-cf43db94e704""}",2026-04-02T23:12:15.592784685Z
[DB] Synced 0 accounts to database,info,"{""level"":""info""}","{""project"":""ce3616d9-58ad-4ec7-a294-1821e1564434"",""environment"":""fb6513d0-42a4-4660-82b5-509c54b15f2a"",""service"":""4978aa94-666c-47c7-8024-3ada55195a51"",""deployment"":""42412646-2416-4151-961a-a5fdc7d330f4"",""replica"":""d4d8ee4d-0d09-4840-a8d5-cf43db94e704""}",2026-04-02T23:12:46.199941765Z
2026-04-02 23:12:43 UTC - Services healthy,info,"{""level"":""info""}","{""project"":""ce3616d9-58ad-4ec7-a294-1821e1564434"",""environment"":""fb6513d0-42a4-4660-82b5-509c54b15f2a"",""service"":""4978aa94-666c-47c7-8024-3ada55195a51"",""deployment"":""42412646-2416-4151-961a-a5fdc7d330f4"",""replica"":""d4d8ee4d-0d09-4840-a8d5-cf43db94e704""}",2026-04-02T23:12:46.199948751Z
[DB] Synced 0 accounts to database,info,"{""level"":""info""}","{""project"":""ce3616d9-58ad-4ec7-a294-1821e1564434"",""environment"":""fb6513d0-42a4-4660-82b5-509c54b15f2a"",""service"":""4978aa94-666c-47c7-8024-3ada55195a51"",""deployment"":""42412646-2416-4151-961a-a5fdc7d330f4"",""replica"":""d4d8ee4d-0d09-4840-a8d5-cf43db94e704""}",2026-04-02T23:13:16.474269034Z
2026-04-02 23:13:13 UTC - Services healthy,info,"{""level"":""info""}","{""project"":""ce3616d9-58ad-4ec7-a294-1821e1564434"",""environment"":""fb6513d0-42a4-4660-82b5-509c54b15f2a"",""service"":""4978aa94-666c-47c7-8024-3ada55195a51"",""deployment"":""42412646-2416-4151-961a-a5fdc7d330f4"",""replica"":""d4d8ee4d-0d09-4840-a8d5-cf43db94e704""}",2026-04-02T23:13:16.474281005Z
[DB] Synced 0 accounts to database,info,"{""level"":""info""}","{""project"":""ce3616d9-58ad-4ec7-a294-1821e1564434"",""environment"":""fb6513d0-42a4-4660-82b5-509c54b15f2a"",""service"":""4978aa94-666c-47c7-8024-3ada55195a51"",""deployment"":""42412646-2416-4151-961a-a5fdc7d330f4"",""replica"":""d4d8ee4d-0d09-4840-a8d5-cf43db94e704""}",2026-04-02T23:13:47.055067864Z
2026-04-02 23:13:43 UTC - Services healthy,info,"{""level"":""info""}","{""project"":""ce3616d9-58ad-4ec7-a294-1821e1564434"",""environment"":""fb6513d0-42a4-4660-82b5-509c54b15f2a"",""service"":""4978aa94-666c-47c7-8024-3ada55195a51"",""deployment"":""42412646-2416-4151-961a-a5fdc7d330f4"",""replica"":""d4d8ee4d-0d09-4840-a8d5-cf43db94e704""}",2026-04-02T23:13:47.055077886Z
[DB] Synced 0 accounts to database,info,"{""level"":""info""}","{""project"":""ce3616d9-58ad-4ec7-a294-1821e1564434"",""environment"":""fb6513d0-42a4-4660-82b5-509c54b15f2a"",""service"":""4978aa94-666c-47c7-8024-3ada55195a51"",""deployment"":""42412646-2416-4151-961a-a5fdc7d330f4"",""replica"":""d4d8ee4d-0d09-4840-a8d5-cf43db94e704""}",2026-04-02T23:14:17.198224770Z
2026-04-02 23:14:13 UTC - Services healthy,info,"{""level"":""info""}","{""project"":""ce3616d9-58ad-4ec7-a294-1821e1564434"",""environment"":""fb6513d0-42a4-4660-82b5-509c54b15f2a"",""service"":""4978aa94-666c-47c7-8024-3ada55195a51"",""deployment"":""42412646-2416-4151-961a-a5fdc7d330f4"",""replica"":""d4d8ee4d-0d09-4840-a8d5-cf43db94e704""}",2026-04-02T23:14:17.198234382Z
[DB] Synced 0 accounts to database,info,"{""level"":""info""}","{""project"":""ce3616d9-58ad-4ec7-a294-1821e1564434"",""environment"":""fb6513d0-42a4-4660-82b5-509c54b15f2a"",""service"":""4978aa94-666c-47c7-8024-3ada55195a51"",""deployment"":""42412646-2416-4151-961a-a5fdc7d330f4"",""replica"":""d4d8ee4d-0d09-4840-a8d5-cf43db94e704""}",2026-04-02T23:14:47.226196458Z
2026-04-02 23:14:43 UTC - Services healthy,info,"{""level"":""info""}","{""project"":""ce3616d9-58ad-4ec7-a294-1821e1564434"",""environment"":""fb6513d0-42a4-4660-82b5-509c54b15f2a"",""service"":""4978aa94-666c-47c7-8024-3ada55195a51"",""deployment"":""42412646-2416-4151-961a-a5fdc7d330f4"",""replica"":""d4d8ee4d-0d09-4840-a8d5-cf43db94e704""}",2026-04-02T23:14:47.226203772Z
[DB] Synced 0 accounts to database,info,"{""level"":""info""}","{""project"":""ce3616d9-58ad-4ec7-a294-1821e1564434"",""environment"":""fb6513d0-42a4-4660-82b5-509c54b15f2a"",""service"":""4978aa94-666c-47c7-8024-3ada55195a51"",""deployment"":""42412646-2416-4151-961a-a5fdc7d330f4"",""replica"":""d4d8ee4d-0d09-4840-a8d5-cf43db94e704""}",2026-04-02T23:15:17.374796794Z
2026-04-02 23:15:13 UTC - Services healthy,info,"{""level"":""info""}","{""project"":""ce3616d9-58ad-4ec7-a294-1821e1564434"",""environment"":""fb6513d0-42a4-4660-82b5-509c54b15f2a"",""service"":""4978aa94-666c-47c7-8024-3ada55195a51"",""deployment"":""42412646-2416-4151-961a-a5fdc7d330f4"",""replica"":""d4d8ee4d-0d09-4840-a8d5-cf43db94e704""}",2026-04-02T23:15:17.374803562Z
[DB] Synced 0 accounts to database,info,"{""level"":""info""}","{""project"":""ce3616d9-58ad-4ec7-a294-1821e1564434"",""environment"":""fb6513d0-42a4-4660-82b5-509c54b15f2a"",""service"":""4978aa94-666c-47c7-8024-3ada55195a51"",""deployment"":""42412646-2416-4151-961a-a5fdc7d330f4"",""replica"":""d4d8ee4d-0d09-4840-a8d5-cf43db94e704""}",2026-04-02T23:15:47.514436811Z
2026-04-02 23:15:43 UTC - Services healthy,info,"{""level"":""info""}","{""project"":""ce3616d9-58ad-4ec7-a294-1821e1564434"",""environment"":""fb6513d0-42a4-4660-82b5-509c54b15f2a"",""service"":""4978aa94-666c-47c7-8024-3ada55195a51"",""deployment"":""42412646-2416-4151-961a-a5fdc7d330f4"",""replica"":""d4d8ee4d-0d09-4840-a8d5-cf43db94e704""}",2026-04-02T23:15:47.514441084Z
[DB] Synced 0 accounts to database,info,"{""level"":""info""}","{""project"":""ce3616d9-58ad-4ec7-a294-1821e1564434"",""environment"":""fb6513d0-42a4-4660-82b5-509c54b15f2a"",""service"":""4978aa94-666c-47c7-8024-3ada55195a51"",""deployment"":""42412646-2416-4151-961a-a5fdc7d330f4"",""replica"":""d4d8ee4d-0d09-4840-a8d5-cf43db94e704""}",2026-04-02T23:16:17.552124638Z
2026-04-02 23:16:13 UTC - Services healthy,info,"{""level"":""info""}","{""project"":""ce3616d9-58ad-4ec7-a294-1821e1564434"",""environment"":""fb6513d0-42a4-4660-82b5-509c54b15f2a"",""service"":""4978aa94-666c-47c7-8024-3ada55195a51"",""deployment"":""42412646-2416-4151-961a-a5fdc7d330f4"",""replica"":""d4d8ee4d-0d09-4840-a8d5-cf43db94e704""}",2026-04-02T23:16:17.552131496Z
[DB] Synced 0 accounts to database,info,"{""level"":""info""}","{""project"":""ce3616d9-58ad-4ec7-a294-1821e1564434"",""environment"":""fb6513d0-42a4-4660-82b5-509c54b15f2a"",""service"":""4978aa94-666c-47c7-8024-3ada55195a51"",""deployment"":""42412646-2416-4151-961a-a5fdc7d330f4"",""replica"":""d4d8ee4d-0d09-4840-a8d5-cf43db94e704""}",2026-04-02T23:16:47.516598812Z
2026-04-02 23:16:43 UTC - Services healthy,info,"{""level"":""info""}","{""project"":""ce3616d9-58ad-4ec7-a294-1821e1564434"",""environment"":""fb6513d0-42a4-4660-82b5-509c54b15f2a"",""service"":""4978aa94-666c-47c7-8024-3ada55195a51"",""deployment"":""42412646-2416-4151-961a-a5fdc7d330f4"",""replica"":""d4d8ee4d-0d09-4840-a8d5-cf43db94e704""}",2026-04-02T23:16:47.516611662Z
[DB] Synced 0 accounts to database,info,"{""level"":""info""}","{""project"":""ce3616d9-58ad-4ec7-a294-1821e1564434"",""environment"":""fb6513d0-42a4-4660-82b5-509c54b15f2a"",""service"":""4978aa94-666c-47c7-8024-3ada55195a51"",""deployment"":""42412646-2416-4151-961a-a5fdc7d330f4"",""replica"":""d4d8ee4d-0d09-4840-a8d5-cf43db94e704""}",2026-04-02T23:17:17.504128745Z
2026-04-02 23:17:13 UTC - Services healthy,info,"{""level"":""info""}","{""project"":""ce3616d9-58ad-4ec7-a294-1821e1564434"",""environment"":""fb6513d0-42a4-4660-82b5-509c54b15f2a"",""service"":""4978aa94-666c-47c7-8024-3ada55195a51"",""deployment"":""42412646-2416-4151-961a-a5fdc7d330f4"",""replica"":""d4d8ee4d-0d09-4840-a8d5-cf43db94e704""}",2026-04-02T23:17:17.504135824Z
[DB] Synced 0 accounts to database,info,"{""level"":""info""}","{""project"":""ce3616d9-58ad-4ec7-a294-1821e1564434"",""environment"":""fb6513d0-42a4-4660-82b5-509c54b15f2a"",""service"":""4978aa94-666c-47c7-8024-3ada55195a51"",""deployment"":""42412646-2416-4151-961a-a5fdc7d330f4"",""replica"":""d4d8ee4d-0d09-4840-a8d5-cf43db94e704""}",2026-04-02T23:17:47.557456467Z
2026-04-02 23:17:43 UTC - Services healthy,info,"{""level"":""info""}","{""project"":""ce3616d9-58ad-4ec7-a294-1821e1564434"",""environment"":""fb6513d0-42a4-4660-82b5-509c54b15f2a"",""service"":""4978aa94-666c-47c7-8024-3ada55195a51"",""deployment"":""42412646-2416-4151-961a-a5fdc7d330f4"",""replica"":""d4d8ee4d-0d09-4840-a8d5-cf43db94e704""}",2026-04-02T23:17:47.557461534Z
[DB] Synced 0 accounts to database,info,"{""level"":""info""}","{""project"":""ce3616d9-58ad-4ec7-a294-1821e1564434"",""environment"":""fb6513d0-42a4-4660-82b5-509c54b15f2a"",""service"":""4978aa94-666c-47c7-8024-3ada55195a51"",""deployment"":""42412646-2416-4151-961a-a5fdc7d330f4"",""replica"":""d4d8ee4d-0d09-4840-a8d5-cf43db94e704""}",2026-04-02T23:18:17.505153824Z
2026-04-02 23:18:13 UTC - Services healthy,info,"{""level"":""info""}","{""project"":""ce3616d9-58ad-4ec7-a294-1821e1564434"",""environment"":""fb6513d0-42a4-4660-82b5-509c54b15f2a"",""service"":""4978aa94-666c-47c7-8024-3ada55195a51"",""deployment"":""42412646-2416-4151-961a-a5fdc7d330f4"",""replica"":""d4d8ee4d-0d09-4840-a8d5-cf43db94e704""}",2026-04-02T23:18:17.505161820Z
[DB] Synced 0 accounts to database,info,"{""level"":""info""}","{""project"":""ce3616d9-58ad-4ec7-a294-1821e1564434"",""environment"":""fb6513d0-42a4-4660-82b5-509c54b15f2a"",""service"":""4978aa94-666c-47c7-8024-3ada55195a51"",""deployment"":""42412646-2416-4151-961a-a5fdc7d330f4"",""replica"":""d4d8ee4d-0d09-4840-a8d5-cf43db94e704""}",2026-04-02T23:18:47.246661690Z
2026-04-02 23:18:43 UTC - Services healthy,info,"{""level"":""info""}","{""project"":""ce3616d9-58ad-4ec7-a294-1821e1564434"",""environment"":""fb6513d0-42a4-4660-82b5-509c54b15f2a"",""service"":""4978aa94-666c-47c7-8024-3ada55195a51"",""deployment"":""42412646-2416-4151-961a-a5fdc7d330f4"",""replica"":""d4d8ee4d-0d09-4840-a8d5-cf43db94e704""}",2026-04-02T23:18:47.246665984Z
[DB] Synced 0 accounts to database,info,"{""level"":""info""}","{""project"":""ce3616d9-58ad-4ec7-a294-1821e1564434"",""environment"":""fb6513d0-42a4-4660-82b5-509c54b15f2a"",""service"":""4978aa94-666c-47c7-8024-3ada55195a51"",""deployment"":""42412646-2416-4151-961a-a5fdc7d330f4"",""replica"":""d4d8ee4d-0d09-4840-a8d5-cf43db94e704""}",2026-04-02T23:19:17.626537451Z
2026-04-02 23:19:13 UTC - Services healthy,info,"{""level"":""info""}","{""project"":""ce3616d9-58ad-4ec7-a294-1821e1564434"",""environment"":""fb6513d0-42a4-4660-82b5-509c54b15f2a"",""service"":""4978aa94-666c-47c7-8024-3ada55195a51"",""deployment"":""42412646-2416-4151-961a-a5fdc7d330f4"",""replica"":""d4d8ee4d-0d09-4840-a8d5-cf43db94e704""}",2026-04-02T23:19:17.626543903Z
[DB] Synced 0 accounts to database,info,"{""level"":""info""}","{""project"":""ce3616d9-58ad-4ec7-a294-1821e1564434"",""environment"":""fb6513d0-42a4-4660-82b5-509c54b15f2a"",""service"":""4978aa94-666c-47c7-8024-3ada55195a51"",""deployment"":""42412646-2416-4151-961a-a5fdc7d330f4"",""replica"":""d4d8ee4d-0d09-4840-a8d5-cf43db94e704""}",2026-04-02T23:19:48.201765161Z
2026-04-02 23:19:43 UTC - Services healthy,info,"{""level"":""info""}","{""project"":""ce3616d9-58ad-4ec7-a294-1821e1564434"",""environment"":""fb6513d0-42a4-4660-82b5-509c54b15f2a"",""service"":""4978aa94-666c-47c7-8024-3ada55195a51"",""deployment"":""42412646-2416-4151-961a-a5fdc7d330f4"",""replica"":""d4d8ee4d-0d09-4840-a8d5-cf43db94e704""}",2026-04-02T23:19:48.201770667Z
[DB] Synced 0 accounts to database,info,"{""level"":""info""}","{""project"":""ce3616d9-58ad-4ec7-a294-1821e1564434"",""environment"":""fb6513d0-42a4-4660-82b5-509c54b15f2a"",""service"":""4978aa94-666c-47c7-8024-3ada55195a51"",""deployment"":""42412646-2416-4151-961a-a5fdc7d330f4"",""replica"":""d4d8ee4d-0d09-4840-a8d5-cf43db94e704""}",2026-04-02T23:20:18.575909510Z
2026-04-02 23:20:13 UTC - Services healthy,info,"{""level"":""info""}","{""project"":""ce3616d9-58ad-4ec7-a294-1821e1564434"",""environment"":""fb6513d0-42a4-4660-82b5-509c54b15f2a"",""service"":""4978aa94-666c-47c7-8024-3ada55195a51"",""deployment"":""42412646-2416-4151-961a-a5fdc7d330f4"",""replica"":""d4d8ee4d-0d09-4840-a8d5-cf43db94e704""}",2026-04-02T23:20:18.575916633Z
[DB] Synced 0 accounts to database,info,"{""level"":""info""}","{""project"":""ce3616d9-58ad-4ec7-a294-1821e1564434"",""environment"":""fb6513d0-42a4-4660-82b5-509c54b15f2a"",""service"":""4978aa94-666c-47c7-8024-3ada55195a51"",""deployment"":""42412646-2416-4151-961a-a5fdc7d330f4"",""replica"":""d4d8ee4d-0d09-4840-a8d5-cf43db94e704""}",2026-04-02T23:20:48.871251532Z
2026-04-02 23:20:43 UTC - Services healthy,info,"{""level"":""info""}","{""project"":""ce3616d9-58ad-4ec7-a294-1821e1564434"",""environment"":""fb6513d0-42a4-4660-82b5-509c54b15f2a"",""service"":""4978aa94-666c-47c7-8024-3ada55195a51"",""deployment"":""42412646-2416-4151-961a-a5fdc7d330f4"",""replica"":""d4d8ee4d-0d09-4840-a8d5-cf43db94e704""}",2026-04-02T23:20:48.871258633Z
[DB] Synced 0 accounts to database,info,"{""level"":""info""}","{""project"":""ce3616d9-58ad-4ec7-a294-1821e1564434"",""environment"":""fb6513d0-42a4-4660-82b5-509c54b15f2a"",""service"":""4978aa94-666c-47c7-8024-3ada55195a51"",""deployment"":""42412646-2416-4151-961a-a5fdc7d330f4"",""replica"":""d4d8ee4d-0d09-4840-a8d5-cf43db94e704""}",2026-04-02T23:21:18.886574626Z
2026-04-02 23:21:13 UTC - Services healthy,info,"{""level"":""info""}","{""project"":""ce3616d9-58ad-4ec7-a294-1821e1564434"",""environment"":""fb6513d0-42a4-4660-82b5-509c54b15f2a"",""service"":""4978aa94-666c-47c7-8024-3ada55195a51"",""deployment"":""42412646-2416-4151-961a-a5fdc7d330f4"",""replica"":""d4d8ee4d-0d09-4840-a8d5-cf43db94e704""}",2026-04-02T23:21:18.886586360Z
[DB] Synced 0 accounts to database,info,"{""level"":""info""}","{""project"":""ce3616d9-58ad-4ec7-a294-1821e1564434"",""environment"":""fb6513d0-42a4-4660-82b5-509c54b15f2a"",""service"":""4978aa94-666c-47c7-8024-3ada55195a51"",""deployment"":""42412646-2416-4151-961a-a5fdc7d330f4"",""replica"":""d4d8ee4d-0d09-4840-a8d5-cf43db94e704""}",2026-04-02T23:21:49.317257112Z
2026-04-02 23:21:43 UTC - Services healthy,info,"{""level"":""info""}","{""project"":""ce3616d9-58ad-4ec7-a294-1821e1564434"",""environment"":""fb6513d0-42a4-4660-82b5-509c54b15f2a"",""service"":""4978aa94-666c-47c7-8024-3ada55195a51"",""deployment"":""42412646-2416-4151-961a-a5fdc7d330f4"",""replica"":""d4d8ee4d-0d09-4840-a8d5-cf43db94e704""}",2026-04-02T23:21:49.317263106Z
[DB] Synced 0 accounts to database,info,"{""level"":""info""}","{""project"":""ce3616d9-58ad-4ec7-a294-1821e1564434"",""environment"":""fb6513d0-42a4-4660-82b5-509c54b15f2a"",""service"":""4978aa94-666c-47c7-8024-3ada55195a51"",""deployment"":""42412646-2416-4151-961a-a5fdc7d330f4"",""replica"":""d4d8ee4d-0d09-4840-a8d5-cf43db94e704""}",2026-04-02T23:22:19.428130888Z
2026-04-02 23:22:13 UTC - Services healthy,info,"{""level"":""info""}","{""project"":""ce3616d9-58ad-4ec7-a294-1821e1564434"",""environment"":""fb6513d0-42a4-4660-82b5-509c54b15f2a"",""service"":""4978aa94-666c-47c7-8024-3ada55195a51"",""deployment"":""42412646-2416-4151-961a-a5fdc7d330f4"",""replica"":""d4d8ee4d-0d09-4840-a8d5-cf43db94e704""}",2026-04-02T23:22:19.428140213Z
[DB] Synced 0 accounts to database,info,"{""level"":""info""}","{""project"":""ce3616d9-58ad-4ec7-a294-1821e1564434"",""environment"":""fb6513d0-42a4-4660-82b5-509c54b15f2a"",""service"":""4978aa94-666c-47c7-8024-3ada55195a51"",""deployment"":""42412646-2416-4151-961a-a5fdc7d330f4"",""replica"":""d4d8ee4d-0d09-4840-a8d5-cf43db94e704""}",2026-04-02T23:22:49.009263269Z
2026-04-02 23:22:43 UTC - Services healthy,info,"{""level"":""info""}","{""project"":""ce3616d9-58ad-4ec7-a294-1821e1564434"",""environment"":""fb6513d0-42a4-4660-82b5-509c54b15f2a"",""service"":""4978aa94-666c-47c7-8024-3ada55195a51"",""deployment"":""42412646-2416-4151-961a-a5fdc7d330f4"",""replica"":""d4d8ee4d-0d09-4840-a8d5-cf43db94e704""}",2026-04-02T23:22:49.009270520Z
[DB] Synced 0 accounts to database,info,"{""level"":""info""}","{""project"":""ce3616d9-58ad-4ec7-a294-1821e1564434"",""environment"":""fb6513d0-42a4-4660-82b5-509c54b15f2a"",""service"":""4978aa94-666c-47c7-8024-3ada55195a51"",""deployment"":""42412646-2416-4151-961a-a5fdc7d330f4"",""replica"":""d4d8ee4d-0d09-4840-a8d5-cf43db94e704""}",2026-04-02T23:23:19.147283389Z
2026-04-02 23:23:13 UTC - Services healthy,info,"{""level"":""info""}","{""project"":""ce3616d9-58ad-4ec7-a294-1821e1564434"",""environment"":""fb6513d0-42a4-4660-82b5-509c54b15f2a"",""service"":""4978aa94-666c-47c7-8024-3ada55195a51"",""deployment"":""42412646-2416-4151-961a-a5fdc7d330f4"",""replica"":""d4d8ee4d-0d09-4840-a8d5-cf43db94e704""}",2026-04-02T23:23:19.147288656Z
[DB] Synced 0 accounts to database,info,"{""level"":""info""}","{""project"":""ce3616d9-58ad-4ec7-a294-1821e1564434"",""environment"":""fb6513d0-42a4-4660-82b5-509c54b15f2a"",""service"":""4978aa94-666c-47c7-8024-3ada55195a51"",""deployment"":""42412646-2416-4151-961a-a5fdc7d330f4"",""replica"":""d4d8ee4d-0d09-4840-a8d5-cf43db94e704""}",2026-04-02T23:23:49.327785167Z
2026-04-02 23:23:43 UTC - Services healthy,info,"{""level"":""info""}","{""project"":""ce3616d9-58ad-4ec7-a294-1821e1564434"",""environment"":""fb6513d0-42a4-4660-82b5-509c54b15f2a"",""service"":""4978aa94-666c-47c7-8024-3ada55195a51"",""deployment"":""42412646-2416-4151-961a-a5fdc7d330f4"",""replica"":""d4d8ee4d-0d09-4840-a8d5-cf43db94e704""}",2026-04-02T23:23:49.327790873Z
[DB] Synced 0 accounts to database,info,"{""level"":""info""}","{""project"":""ce3616d9-58ad-4ec7-a294-1821e1564434"",""environment"":""fb6513d0-42a4-4660-82b5-509c54b15f2a"",""service"":""4978aa94-666c-47c7-8024-3ada55195a51"",""deployment"":""42412646-2416-4151-961a-a5fdc7d330f4"",""replica"":""d4d8ee4d-0d09-4840-a8d5-cf43db94e704""}",2026-04-02T23:24:19.301479576Z
2026-04-02 23:24:13 UTC - Services healthy,info,"{""level"":""info""}","{""project"":""ce3616d9-58ad-4ec7-a294-1821e1564434"",""environment"":""fb6513d0-42a4-4660-82b5-509c54b15f2a"",""service"":""4978aa94-666c-47c7-8024-3ada55195a51"",""deployment"":""42412646-2416-4151-961a-a5fdc7d330f4"",""replica"":""d4d8ee4d-0d09-4840-a8d5-cf43db94e704""}",2026-04-02T23:24:19.301489823Z
[DB] Synced 0 accounts to database,info,"{""level"":""info""}","{""project"":""ce3616d9-58ad-4ec7-a294-1821e1564434"",""environment"":""fb6513d0-42a4-4660-82b5-509c54b15f2a"",""service"":""4978aa94-666c-47c7-8024-3ada55195a51"",""deployment"":""42412646-2416-4151-961a-a5fdc7d330f4"",""replica"":""d4d8ee4d-0d09-4840-a8d5-cf43db94e704""}",2026-04-02T23:24:49.366526678Z
2026-04-02 23:24:43 UTC - Services healthy,info,"{""level"":""info""}","{""project"":""ce3616d9-58ad-4ec7-a294-1821e1564434"",""environment"":""fb6513d0-42a4-4660-82b5-509c54b15f2a"",""service"":""4978aa94-666c-47c7-8024-3ada55195a51"",""deployment"":""42412646-2416-4151-961a-a5fdc7d330f4"",""replica"":""d4d8ee4d-0d09-4840-a8d5-cf43db94e704""}",2026-04-02T23:24:49.366533503Z
[DB] Synced 0 accounts to database,info,"{""level"":""info""}","{""project"":""ce3616d9-58ad-4ec7-a294-1821e1564434"",""environment"":""fb6513d0-42a4-4660-82b5-509c54b15f2a"",""service"":""4978aa94-666c-47c7-8024-3ada55195a51"",""deployment"":""42412646-2416-4151-961a-a5fdc7d330f4"",""replica"":""d4d8ee4d-0d09-4840-a8d5-cf43db94e704""}",2026-04-02T23:25:19.534149952Z
2026-04-02 23:25:13 UTC - Services healthy,info,"{""level"":""info""}","{""project"":""ce3616d9-58ad-4ec7-a294-1821e1564434"",""environment"":""fb6513d0-42a4-4660-82b5-509c54b15f2a"",""service"":""4978aa94-666c-47c7-8024-3ada55195a51"",""deployment"":""42412646-2416-4151-961a-a5fdc7d330f4"",""replica"":""d4d8ee4d-0d09-4840-a8d5-cf43db94e704""}",2026-04-02T23:25:19.534154811Z
[DB] Synced 0 accounts to database,info,"{""level"":""info""}","{""project"":""ce3616d9-58ad-4ec7-a294-1821e1564434"",""environment"":""fb6513d0-42a4-4660-82b5-509c54b15f2a"",""service"":""4978aa94-666c-47c7-8024-3ada55195a51"",""deployment"":""42412646-2416-4151-961a-a5fdc7d330f4"",""replica"":""d4d8ee4d-0d09-4840-a8d5-cf43db94e704""}",2026-04-02T23:25:50.068800397Z
2026-04-02 23:25:43 UTC - Services healthy,info,"{""level"":""info""}","{""project"":""ce3616d9-58ad-4ec7-a294-1821e1564434"",""environment"":""fb6513d0-42a4-4660-82b5-509c54b15f2a"",""service"":""4978aa94-666c-47c7-8024-3ada55195a51"",""deployment"":""42412646-2416-4151-961a-a5fdc7d330f4"",""replica"":""d4d8ee4d-0d09-4840-a8d5-cf43db94e704""}",2026-04-02T23:25:50.068805866Z
[DB] Synced 0 accounts to database,info,"{""level"":""info""}","{""project"":""ce3616d9-58ad-4ec7-a294-1821e1564434"",""environment"":""fb6513d0-42a4-4660-82b5-509c54b15f2a"",""service"":""4978aa94-666c-47c7-8024-3ada55195a51"",""deployment"":""42412646-2416-4151-961a-a5fdc7d330f4"",""replica"":""d4d8ee4d-0d09-4840-a8d5-cf43db94e704""}",2026-04-02T23:26:20.376873919Z
2026-04-02 23:26:13 UTC - Services healthy,info,"{""level"":""info""}","{""project"":""ce3616d9-58ad-4ec7-a294-1821e1564434"",""environment"":""fb6513d0-42a4-4660-82b5-509c54b15f2a"",""service"":""4978aa94-666c-47c7-8024-3ada55195a51"",""deployment"":""42412646-2416-4151-961a-a5fdc7d330f4"",""replica"":""d4d8ee4d-0d09-4840-a8d5-cf43db94e704""}",2026-04-02T23:26:20.376881113Z
[DB] Synced 0 accounts to database,info,"{""level"":""info""}","{""project"":""ce3616d9-58ad-4ec7-a294-1821e1564434"",""environment"":""fb6513d0-42a4-4660-82b5-509c54b15f2a"",""service"":""4978aa94-666c-47c7-8024-3ada55195a51"",""deployment"":""42412646-2416-4151-961a-a5fdc7d330f4"",""replica"":""d4d8ee4d-0d09-4840-a8d5-cf43db94e704""}",2026-04-02T23:26:50.163828662Z
2026-04-02 23:26:43 UTC - Services healthy,info,"{""level"":""info""}","{""project"":""ce3616d9-58ad-4ec7-a294-1821e1564434"",""environment"":""fb6513d0-42a4-4660-82b5-509c54b15f2a"",""service"":""4978aa94-666c-47c7-8024-3ada55195a51"",""deployment"":""42412646-2416-4151-961a-a5fdc7d330f4"",""replica"":""d4d8ee4d-0d09-4840-a8d5-cf43db94e704""}",2026-04-02T23:26:50.163834055Z
[DB] Synced 0 accounts to database,info,"{""level"":""info""}","{""project"":""ce3616d9-58ad-4ec7-a294-1821e1564434"",""environment"":""fb6513d0-42a4-4660-82b5-509c54b15f2a"",""service"":""4978aa94-666c-47c7-8024-3ada55195a51"",""deployment"":""42412646-2416-4151-961a-a5fdc7d330f4"",""replica"":""d4d8ee4d-0d09-4840-a8d5-cf43db94e704""}",2026-04-02T23:27:20.177118638Z
2026-04-02 23:27:13 UTC - Services healthy,info,"{""level"":""info""}","{""project"":""ce3616d9-58ad-4ec7-a294-1821e1564434"",""environment"":""fb6513d0-42a4-4660-82b5-509c54b15f2a"",""service"":""4978aa94-666c-47c7-8024-3ada55195a51"",""deployment"":""42412646-2416-4151-961a-a5fdc7d330f4"",""replica"":""d4d8ee4d-0d09-4840-a8d5-cf43db94e704""}",2026-04-02T23:27:20.177123091Z
[DB] Synced 0 accounts to database,info,"{""level"":""info""}","{""project"":""ce3616d9-58ad-4ec7-a294-1821e1564434"",""environment"":""fb6513d0-42a4-4660-82b5-509c54b15f2a"",""service"":""4978aa94-666c-47c7-8024-3ada55195a51"",""deployment"":""42412646-2416-4151-961a-a5fdc7d330f4"",""replica"":""d4d8ee4d-0d09-4840-a8d5-cf43db94e704""}",2026-04-02T23:27:50.222305572Z
2026-04-02 23:27:43 UTC - Services healthy,info,"{""level"":""info""}","{""project"":""ce3616d9-58ad-4ec7-a294-1821e1564434"",""environment"":""fb6513d0-42a4-4660-82b5-509c54b15f2a"",""service"":""4978aa94-666c-47c7-8024-3ada55195a51"",""deployment"":""42412646-2416-4151-961a-a5fdc7d330f4"",""replica"":""d4d8ee4d-0d09-4840-a8d5-cf43db94e704""}",2026-04-02T23:27:50.222311765Z
[DB] Synced 0 accounts to database,info,"{""level"":""info""}","{""project"":""ce3616d9-58ad-4ec7-a294-1821e1564434"",""environment"":""fb6513d0-42a4-4660-82b5-509c54b15f2a"",""service"":""4978aa94-666c-47c7-8024-3ada55195a51"",""deployment"":""42412646-2416-4151-961a-a5fdc7d330f4"",""replica"":""d4d8ee4d-0d09-4840-a8d5-cf43db94e704""}",2026-04-02T23:28:20.300951423Z
2026-04-02 23:28:13 UTC - Services healthy,info,"{""level"":""info""}","{""project"":""ce3616d9-58ad-4ec7-a294-1821e1564434"",""environment"":""fb6513d0-42a4-4660-82b5-509c54b15f2a"",""service"":""4978aa94-666c-47c7-8024-3ada55195a51"",""deployment"":""42412646-2416-4151-961a-a5fdc7d330f4"",""replica"":""d4d8ee4d-0d09-4840-a8d5-cf43db94e704""}",2026-04-02T23:28:20.300956231Z
[DB] Synced 0 accounts to database,info,"{""level"":""info""}","{""project"":""ce3616d9-58ad-4ec7-a294-1821e1564434"",""environment"":""fb6513d0-42a4-4660-82b5-509c54b15f2a"",""service"":""4978aa94-666c-47c7-8024-3ada55195a51"",""deployment"":""42412646-2416-4151-961a-a5fdc7d330f4"",""replica"":""d4d8ee4d-0d09-4840-a8d5-cf43db94e704""}",2026-04-02T23:28:50.294369444Z
2026-04-02 23:28:43 UTC - Services healthy,info,"{""level"":""info""}","{""project"":""ce3616d9-58ad-4ec7-a294-1821e1564434"",""environment"":""fb6513d0-42a4-4660-82b5-509c54b15f2a"",""service"":""4978aa94-666c-47c7-8024-3ada55195a51"",""deployment"":""42412646-2416-4151-961a-a5fdc7d330f4"",""replica"":""d4d8ee4d-0d09-4840-a8d5-cf43db94e704""}",2026-04-02T23:28:50.294376848Z
[DB] Synced 0 accounts to database,info,"{""level"":""info""}","{""project"":""ce3616d9-58ad-4ec7-a294-1821e1564434"",""environment"":""fb6513d0-42a4-4660-82b5-509c54b15f2a"",""service"":""4978aa94-666c-47c7-8024-3ada55195a51"",""deployment"":""42412646-2416-4151-961a-a5fdc7d330f4"",""replica"":""d4d8ee4d-0d09-4840-a8d5-cf43db94e704""}",2026-04-02T23:29:20.327352139Z
2026-04-02 23:29:13 UTC - Services healthy,info,"{""level"":""info""}","{""project"":""ce3616d9-58ad-4ec7-a294-1821e1564434"",""environment"":""fb6513d0-42a4-4660-82b5-509c54b15f2a"",""service"":""4978aa94-666c-47c7-8024-3ada55195a51"",""deployment"":""42412646-2416-4151-961a-a5fdc7d330f4"",""replica"":""d4d8ee4d-0d09-4840-a8d5-cf43db94e704""}",2026-04-02T23:29:20.327364201Z
[DB] Synced 0 accounts to database,info,"{""level"":""info""}","{""project"":""ce3616d9-58ad-4ec7-a294-1821e1564434"",""environment"":""fb6513d0-42a4-4660-82b5-509c54b15f2a"",""service"":""4978aa94-666c-47c7-8024-3ada55195a51"",""deployment"":""42412646-2416-4151-961a-a5fdc7d330f4"",""replica"":""d4d8ee4d-0d09-4840-a8d5-cf43db94e704""}",2026-04-02T23:29:50.360185253Z
2026-04-02 23:29:43 UTC - Services healthy,info,"{""level"":""info""}","{""project"":""ce3616d9-58ad-4ec7-a294-1821e1564434"",""environment"":""fb6513d0-42a4-4660-82b5-509c54b15f2a"",""service"":""4978aa94-666c-47c7-8024-3ada55195a51"",""deployment"":""42412646-2416-4151-961a-a5fdc7d330f4"",""replica"":""d4d8ee4d-0d09-4840-a8d5-cf43db94e704""}",2026-04-02T23:29:50.360195589Z
[DB] Synced 0 accounts to database,info,"{""level"":""info""}","{""project"":""ce3616d9-58ad-4ec7-a294-1821e1564434"",""environment"":""fb6513d0-42a4-4660-82b5-509c54b15f2a"",""service"":""4978aa94-666c-47c7-8024-3ada55195a51"",""deployment"":""42412646-2416-4151-961a-a5fdc7d330f4"",""replica"":""d4d8ee4d-0d09-4840-a8d5-cf43db94e704""}",2026-04-02T23:30:20.620944573Z
2026-04-02 23:30:13 UTC - Services healthy,info,"{""level"":""info""}","{""project"":""ce3616d9-58ad-4ec7-a294-1821e1564434"",""environment"":""fb6513d0-42a4-4660-82b5-509c54b15f2a"",""service"":""4978aa94-666c-47c7-8024-3ada55195a51"",""deployment"":""42412646-2416-4151-961a-a5fdc7d330f4"",""replica"":""d4d8ee4d-0d09-4840-a8d5-cf43db94e704""}",2026-04-02T23:30:20.620952180Z
[DB] Synced 0 accounts to database,info,"{""level"":""info""}","{""project"":""ce3616d9-58ad-4ec7-a294-1821e1564434"",""environment"":""fb6513d0-42a4-4660-82b5-509c54b15f2a"",""service"":""4978aa94-666c-47c7-8024-3ada55195a51"",""deployment"":""42412646-2416-4151-961a-a5fdc7d330f4"",""replica"":""d4d8ee4d-0d09-4840-a8d5-cf43db94e704""}",2026-04-02T23:30:50.690073166Z
2026-04-02 23:30:43 UTC - Services healthy,info,"{""level"":""info""}","{""project"":""ce3616d9-58ad-4ec7-a294-1821e1564434"",""environment"":""fb6513d0-42a4-4660-82b5-509c54b15f2a"",""service"":""4978aa94-666c-47c7-8024-3ada55195a51"",""deployment"":""42412646-2416-4151-961a-a5fdc7d330f4"",""replica"":""d4d8ee4d-0d09-4840-a8d5-cf43db94e704""}",2026-04-02T23:30:50.690083602Z
[DB] Synced 0 accounts to database,info,"{""level"":""info""}","{""project"":""ce3616d9-58ad-4ec7-a294-1821e1564434"",""environment"":""fb6513d0-42a4-4660-82b5-509c54b15f2a"",""service"":""4978aa94-666c-47c7-8024-3ada55195a51"",""deployment"":""42412646-2416-4151-961a-a5fdc7d330f4"",""replica"":""d4d8ee4d-0d09-4840-a8d5-cf43db94e704""}",2026-04-02T23:31:20.752299538Z
2026-04-02 23:31:13 UTC - Services healthy,info,"{""level"":""info""}","{""project"":""ce3616d9-58ad-4ec7-a294-1821e1564434"",""environment"":""fb6513d0-42a4-4660-82b5-509c54b15f2a"",""service"":""4978aa94-666c-47c7-8024-3ada55195a51"",""deployment"":""42412646-2416-4151-961a-a5fdc7d330f4"",""replica"":""d4d8ee4d-0d09-4840-a8d5-cf43db94e704""}",2026-04-02T23:31:20.752308814Z
[DB] Synced 0 accounts to database,info,"{""level"":""info""}","{""project"":""ce3616d9-58ad-4ec7-a294-1821e1564434"",""environment"":""fb6513d0-42a4-4660-82b5-509c54b15f2a"",""service"":""4978aa94-666c-47c7-8024-3ada55195a51"",""deployment"":""42412646-2416-4151-961a-a5fdc7d330f4"",""replica"":""d4d8ee4d-0d09-4840-a8d5-cf43db94e704""}",2026-04-02T23:31:50.825596573Z
2026-04-02 23:31:43 UTC - Services healthy,info,"{""level"":""info""}","{""project"":""ce3616d9-58ad-4ec7-a294-1821e1564434"",""environment"":""fb6513d0-42a4-4660-82b5-509c54b15f2a"",""service"":""4978aa94-666c-47c7-8024-3ada55195a51"",""deployment"":""42412646-2416-4151-961a-a5fdc7d330f4"",""replica"":""d4d8ee4d-0d09-4840-a8d5-cf43db94e704""}",2026-04-02T23:31:50.825601266Z
[DB] Synced 0 accounts to database,info,"{""level"":""info""}","{""project"":""ce3616d9-58ad-4ec7-a294-1821e1564434"",""environment"":""fb6513d0-42a4-4660-82b5-509c54b15f2a"",""service"":""4978aa94-666c-47c7-8024-3ada55195a51"",""deployment"":""42412646-2416-4151-961a-a5fdc7d330f4"",""replica"":""d4d8ee4d-0d09-4840-a8d5-cf43db94e704""}",2026-04-02T23:32:20.967171410Z
2026-04-02 23:32:13 UTC - Services healthy,info,"{""level"":""info""}","{""project"":""ce3616d9-58ad-4ec7-a294-1821e1564434"",""environment"":""fb6513d0-42a4-4660-82b5-509c54b15f2a"",""service"":""4978aa94-666c-47c7-8024-3ada55195a51"",""deployment"":""42412646-2416-4151-961a-a5fdc7d330f4"",""replica"":""d4d8ee4d-0d09-4840-a8d5-cf43db94e704""}",2026-04-02T23:32:20.967180569Z
[DB] Synced 0 accounts to database,info,"{""level"":""info""}","{""project"":""ce3616d9-58ad-4ec7-a294-1821e1564434"",""environment"":""fb6513d0-42a4-4660-82b5-509c54b15f2a"",""service"":""4978aa94-666c-47c7-8024-3ada55195a51"",""deployment"":""42412646-2416-4151-961a-a5fdc7d330f4"",""replica"":""d4d8ee4d-0d09-4840-a8d5-cf43db94e704""}",2026-04-02T23:32:50.984814876Z
2026-04-02 23:32:43 UTC - Services healthy,info,"{""level"":""info""}","{""project"":""ce3616d9-58ad-4ec7-a294-1821e1564434"",""environment"":""fb6513d0-42a4-4660-82b5-509c54b15f2a"",""service"":""4978aa94-666c-47c7-8024-3ada55195a51"",""deployment"":""42412646-2416-4151-961a-a5fdc7d330f4"",""replica"":""d4d8ee4d-0d09-4840-a8d5-cf43db94e704""}",2026-04-02T23:32:50.984820910Z
[DB] Synced 0 accounts to database,info,"{""level"":""info""}","{""project"":""ce3616d9-58ad-4ec7-a294-1821e1564434"",""environment"":""fb6513d0-42a4-4660-82b5-509c54b15f2a"",""service"":""4978aa94-666c-47c7-8024-3ada55195a51"",""deployment"":""42412646-2416-4151-961a-a5fdc7d330f4"",""replica"":""d4d8ee4d-0d09-4840-a8d5-cf43db94e704""}",2026-04-02T23:33:21.034705158Z
2026-04-02 23:33:13 UTC - Services healthy,info,"{""level"":""info""}","{""project"":""ce3616d9-58ad-4ec7-a294-1821e1564434"",""environment"":""fb6513d0-42a4-4660-82b5-509c54b15f2a"",""service"":""4978aa94-666c-47c7-8024-3ada55195a51"",""deployment"":""42412646-2416-4151-961a-a5fdc7d330f4"",""replica"":""d4d8ee4d-0d09-4840-a8d5-cf43db94e704""}",2026-04-02T23:33:21.034709374Z
[DB] Synced 0 accounts to database,info,"{""level"":""info""}","{""project"":""ce3616d9-58ad-4ec7-a294-1821e1564434"",""environment"":""fb6513d0-42a4-4660-82b5-509c54b15f2a"",""service"":""4978aa94-666c-47c7-8024-3ada55195a51"",""deployment"":""42412646-2416-4151-961a-a5fdc7d330f4"",""replica"":""d4d8ee4d-0d09-4840-a8d5-cf43db94e704""}",2026-04-02T23:33:50.993227288Z
2026-04-02 23:33:43 UTC - Services healthy,info,"{""level"":""info""}","{""project"":""ce3616d9-58ad-4ec7-a294-1821e1564434"",""environment"":""fb6513d0-42a4-4660-82b5-509c54b15f2a"",""service"":""4978aa94-666c-47c7-8024-3ada55195a51"",""deployment"":""42412646-2416-4151-961a-a5fdc7d330f4"",""replica"":""d4d8ee4d-0d09-4840-a8d5-cf43db94e704""}",2026-04-02T23:33:50.993235651Z
[DB] Synced 0 accounts to database,info,"{""level"":""info""}","{""project"":""ce3616d9-58ad-4ec7-a294-1821e1564434"",""environment"":""fb6513d0-42a4-4660-82b5-509c54b15f2a"",""service"":""4978aa94-666c-47c7-8024-3ada55195a51"",""deployment"":""42412646-2416-4151-961a-a5fdc7d330f4"",""replica"":""d4d8ee4d-0d09-4840-a8d5-cf43db94e704""}",2026-04-02T23:34:21.016034130Z
2026-04-02 23:34:13 UTC - Services healthy,info,"{""level"":""info""}","{""project"":""ce3616d9-58ad-4ec7-a294-1821e1564434"",""environment"":""fb6513d0-42a4-4660-82b5-509c54b15f2a"",""service"":""4978aa94-666c-47c7-8024-3ada55195a51"",""deployment"":""42412646-2416-4151-961a-a5fdc7d330f4"",""replica"":""d4d8ee4d-0d09-4840-a8d5-cf43db94e704""}",2026-04-02T23:34:21.016044316Z
[DB] Synced 0 accounts to database,info,"{""level"":""info""}","{""project"":""ce3616d9-58ad-4ec7-a294-1821e1564434"",""environment"":""fb6513d0-42a4-4660-82b5-509c54b15f2a"",""service"":""4978aa94-666c-47c7-8024-3ada55195a51"",""deployment"":""42412646-2416-4151-961a-a5fdc7d330f4"",""replica"":""d4d8ee4d-0d09-4840-a8d5-cf43db94e704""}",2026-04-02T23:34:51.006854342Z
2026-04-02 23:34:43 UTC - Services healthy,info,"{""level"":""info""}","{""project"":""ce3616d9-58ad-4ec7-a294-1821e1564434"",""environment"":""fb6513d0-42a4-4660-82b5-509c54b15f2a"",""service"":""4978aa94-666c-47c7-8024-3ada55195a51"",""deployment"":""42412646-2416-4151-961a-a5fdc7d330f4"",""replica"":""d4d8ee4d-0d09-4840-a8d5-cf43db94e704""}",2026-04-02T23:34:51.006863514Z
[DB] Synced 0 accounts to database,info,"{""level"":""info""}","{""project"":""ce3616d9-58ad-4ec7-a294-1821e1564434"",""environment"":""fb6513d0-42a4-4660-82b5-509c54b15f2a"",""service"":""4978aa94-666c-47c7-8024-3ada55195a51"",""deployment"":""42412646-2416-4151-961a-a5fdc7d330f4"",""replica"":""d4d8ee4d-0d09-4840-a8d5-cf43db94e704""}",2026-04-02T23:35:21.315189734Z
2026-04-02 23:35:13 UTC - Services healthy,info,"{""level"":""info""}","{""project"":""ce3616d9-58ad-4ec7-a294-1821e1564434"",""environment"":""fb6513d0-42a4-4660-82b5-509c54b15f2a"",""service"":""4978aa94-666c-47c7-8024-3ada55195a51"",""deployment"":""42412646-2416-4151-961a-a5fdc7d330f4"",""replica"":""d4d8ee4d-0d09-4840-a8d5-cf43db94e704""}",2026-04-02T23:35:21.315196868Z
[DB] Synced 0 accounts to database,info,"{""level"":""info""}","{""project"":""ce3616d9-58ad-4ec7-a294-1821e1564434"",""environment"":""fb6513d0-42a4-4660-82b5-509c54b15f2a"",""service"":""4978aa94-666c-47c7-8024-3ada55195a51"",""deployment"":""42412646-2416-4151-961a-a5fdc7d330f4"",""replica"":""d4d8ee4d-0d09-4840-a8d5-cf43db94e704""}",2026-04-02T23:35:51.148705097Z
2026-04-02 23:35:43 UTC - Services healthy,info,"{""level"":""info""}","{""project"":""ce3616d9-58ad-4ec7-a294-1821e1564434"",""environment"":""fb6513d0-42a4-4660-82b5-509c54b15f2a"",""service"":""4978aa94-666c-47c7-8024-3ada55195a51"",""deployment"":""42412646-2416-4151-961a-a5fdc7d330f4"",""replica"":""d4d8ee4d-0d09-4840-a8d5-cf43db94e704""}",2026-04-02T23:35:51.148711172Z
[DB] Synced 0 accounts to database,info,"{""level"":""info""}","{""project"":""ce3616d9-58ad-4ec7-a294-1821e1564434"",""environment"":""fb6513d0-42a4-4660-82b5-509c54b15f2a"",""service"":""4978aa94-666c-47c7-8024-3ada55195a51"",""deployment"":""42412646-2416-4151-961a-a5fdc7d330f4"",""replica"":""d4d8ee4d-0d09-4840-a8d5-cf43db94e704""}",2026-04-02T23:36:21.118072199Z
2026-04-02 23:36:13 UTC - Services healthy,info,"{""level"":""info""}","{""project"":""ce3616d9-58ad-4ec7-a294-1821e1564434"",""environment"":""fb6513d0-42a4-4660-82b5-509c54b15f2a"",""service"":""4978aa94-666c-47c7-8024-3ada55195a51"",""deployment"":""42412646-2416-4151-961a-a5fdc7d330f4"",""replica"":""d4d8ee4d-0d09-4840-a8d5-cf43db94e704""}",2026-04-02T23:36:21.118079593Z
[DB] Synced 0 accounts to database,info,"{""level"":""info""}","{""project"":""ce3616d9-58ad-4ec7-a294-1821e1564434"",""environment"":""fb6513d0-42a4-4660-82b5-509c54b15f2a"",""service"":""4978aa94-666c-47c7-8024-3ada55195a51"",""deployment"":""42412646-2416-4151-961a-a5fdc7d330f4"",""replica"":""d4d8ee4d-0d09-4840-a8d5-cf43db94e704""}",2026-04-02T23:36:51.181417607Z
2026-04-02 23:36:43 UTC - Services healthy,info,"{""level"":""info""}","{""project"":""ce3616d9-58ad-4ec7-a294-1821e1564434"",""environment"":""fb6513d0-42a4-4660-82b5-509c54b15f2a"",""service"":""4978aa94-666c-47c7-8024-3ada55195a51"",""deployment"":""42412646-2416-4151-961a-a5fdc7d330f4"",""replica"":""d4d8ee4d-0d09-4840-a8d5-cf43db94e704""}",2026-04-02T23:36:51.181422715Z
[DB] Synced 0 accounts to database,info,"{""level"":""info""}","{""project"":""ce3616d9-58ad-4ec7-a294-1821e1564434"",""environment"":""fb6513d0-42a4-4660-82b5-509c54b15f2a"",""service"":""4978aa94-666c-47c7-8024-3ada55195a51"",""deployment"":""42412646-2416-4151-961a-a5fdc7d330f4"",""replica"":""d4d8ee4d-0d09-4840-a8d5-cf43db94e704""}",2026-04-02T23:37:21.284803556Z
2026-04-02 23:37:13 UTC - Services healthy,info,"{""level"":""info""}","{""project"":""ce3616d9-58ad-4ec7-a294-1821e1564434"",""environment"":""fb6513d0-42a4-4660-82b5-509c54b15f2a"",""service"":""4978aa94-666c-47c7-8024-3ada55195a51"",""deployment"":""42412646-2416-4151-961a-a5fdc7d330f4"",""replica"":""d4d8ee4d-0d09-4840-a8d5-cf43db94e704""}",2026-04-02T23:37:21.284815693Z
[DB] Synced 0 accounts to database,info,"{""level"":""info""}","{""project"":""ce3616d9-58ad-4ec7-a294-1821e1564434"",""environment"":""fb6513d0-42a4-4660-82b5-509c54b15f2a"",""service"":""4978aa94-666c-47c7-8024-3ada55195a51"",""deployment"":""42412646-2416-4151-961a-a5fdc7d330f4"",""replica"":""d4d8ee4d-0d09-4840-a8d5-cf43db94e704""}",2026-04-02T23:37:51.120294717Z
2026-04-02 23:37:43 UTC - Services healthy,info,"{""level"":""info""}","{""project"":""ce3616d9-58ad-4ec7-a294-1821e1564434"",""environment"":""fb6513d0-42a4-4660-82b5-509c54b15f2a"",""service"":""4978aa94-666c-47c7-8024-3ada55195a51"",""deployment"":""42412646-2416-4151-961a-a5fdc7d330f4"",""replica"":""d4d8ee4d-0d09-4840-a8d5-cf43db94e704""}",2026-04-02T23:37:51.120306507Z
[DB] Synced 0 accounts to database,info,"{""level"":""info""}","{""project"":""ce3616d9-58ad-4ec7-a294-1821e1564434"",""environment"":""fb6513d0-42a4-4660-82b5-509c54b15f2a"",""service"":""4978aa94-666c-47c7-8024-3ada55195a51"",""deployment"":""42412646-2416-4151-961a-a5fdc7d330f4"",""replica"":""d4d8ee4d-0d09-4840-a8d5-cf43db94e704""}",2026-04-02T23:38:21.168123624Z
2026-04-02 23:38:13 UTC - Services healthy,info,"{""level"":""info""}","{""project"":""ce3616d9-58ad-4ec7-a294-1821e1564434"",""environment"":""fb6513d0-42a4-4660-82b5-509c54b15f2a"",""service"":""4978aa94-666c-47c7-8024-3ada55195a51"",""deployment"":""42412646-2416-4151-961a-a5fdc7d330f4"",""replica"":""d4d8ee4d-0d09-4840-a8d5-cf43db94e704""}",2026-04-02T23:38:21.168129725Z
[DB] Synced 0 accounts to database,info,"{""level"":""info""}","{""project"":""ce3616d9-58ad-4ec7-a294-1821e1564434"",""environment"":""fb6513d0-42a4-4660-82b5-509c54b15f2a"",""service"":""4978aa94-666c-47c7-8024-3ada55195a51"",""deployment"":""42412646-2416-4151-961a-a5fdc7d330f4"",""replica"":""d4d8ee4d-0d09-4840-a8d5-cf43db94e704""}",2026-04-02T23:38:51.289907699Z
2026-04-02 23:38:43 UTC - Services healthy,info,"{""level"":""info""}","{""project"":""ce3616d9-58ad-4ec7-a294-1821e1564434"",""environment"":""fb6513d0-42a4-4660-82b5-509c54b15f2a"",""service"":""4978aa94-666c-47c7-8024-3ada55195a51"",""deployment"":""42412646-2416-4151-961a-a5fdc7d330f4"",""replica"":""d4d8ee4d-0d09-4840-a8d5-cf43db94e704""}",2026-04-02T23:38:51.289914556Z
[DB] Synced 0 accounts to database,info,"{""level"":""info""}","{""project"":""ce3616d9-58ad-4ec7-a294-1821e1564434"",""environment"":""fb6513d0-42a4-4660-82b5-509c54b15f2a"",""service"":""4978aa94-666c-47c7-8024-3ada55195a51"",""deployment"":""42412646-2416-4151-961a-a5fdc7d330f4"",""replica"":""d4d8ee4d-0d09-4840-a8d5-cf43db94e704""}",2026-04-02T23:39:21.337195630Z
2026-04-02 23:39:13 UTC - Services healthy,info,"{""level"":""info""}","{""project"":""ce3616d9-58ad-4ec7-a294-1821e1564434"",""environment"":""fb6513d0-42a4-4660-82b5-509c54b15f2a"",""service"":""4978aa94-666c-47c7-8024-3ada55195a51"",""deployment"":""42412646-2416-4151-961a-a5fdc7d330f4"",""replica"":""d4d8ee4d-0d09-4840-a8d5-cf43db94e704""}",2026-04-02T23:39:21.337203532Z
[DB] Synced 0 accounts to database,info,"{""level"":""info""}","{""project"":""ce3616d9-58ad-4ec7-a294-1821e1564434"",""environment"":""fb6513d0-42a4-4660-82b5-509c54b15f2a"",""service"":""4978aa94-666c-47c7-8024-3ada55195a51"",""deployment"":""42412646-2416-4151-961a-a5fdc7d330f4"",""replica"":""d4d8ee4d-0d09-4840-a8d5-cf43db94e704""}",2026-04-02T23:39:51.620046943Z
2026-04-02 23:39:43 UTC - Services healthy,info,"{""level"":""info""}","{""project"":""ce3616d9-58ad-4ec7-a294-1821e1564434"",""environment"":""fb6513d0-42a4-4660-82b5-509c54b15f2a"",""service"":""4978aa94-666c-47c7-8024-3ada55195a51"",""deployment"":""42412646-2416-4151-961a-a5fdc7d330f4"",""replica"":""d4d8ee4d-0d09-4840-a8d5-cf43db94e704""}",2026-04-02T23:39:51.620054025Z
[DB] Synced 0 accounts to database,info,"{""level"":""info""}","{""project"":""ce3616d9-58ad-4ec7-a294-1821e1564434"",""environment"":""fb6513d0-42a4-4660-82b5-509c54b15f2a"",""service"":""4978aa94-666c-47c7-8024-3ada55195a51"",""deployment"":""42412646-2416-4151-961a-a5fdc7d330f4"",""replica"":""d4d8ee4d-0d09-4840-a8d5-cf43db94e704""}",2026-04-02T23:40:21.807618990Z
2026-04-02 23:40:13 UTC - Services healthy,info,"{""level"":""info""}","{""project"":""ce3616d9-58ad-4ec7-a294-1821e1564434"",""environment"":""fb6513d0-42a4-4660-82b5-509c54b15f2a"",""service"":""4978aa94-666c-47c7-8024-3ada55195a51"",""deployment"":""42412646-2416-4151-961a-a5fdc7d330f4"",""replica"":""d4d8ee4d-0d09-4840-a8d5-cf43db94e704""}",2026-04-02T23:40:21.807623743Z
[DB] Synced 0 accounts to database,info,"{""level"":""info""}","{""project"":""ce3616d9-58ad-4ec7-a294-1821e1564434"",""environment"":""fb6513d0-42a4-4660-82b5-509c54b15f2a"",""service"":""4978aa94-666c-47c7-8024-3ada55195a51"",""deployment"":""42412646-2416-4151-961a-a5fdc7d330f4"",""replica"":""d4d8ee4d-0d09-4840-a8d5-cf43db94e704""}",2026-04-02T23:40:51.811331384Z
2026-04-02 23:40:43 UTC - Services healthy,info,"{""level"":""info""}","{""project"":""ce3616d9-58ad-4ec7-a294-1821e1564434"",""environment"":""fb6513d0-42a4-4660-82b5-509c54b15f2a"",""service"":""4978aa94-666c-47c7-8024-3ada55195a51"",""deployment"":""42412646-2416-4151-961a-a5fdc7d330f4"",""replica"":""d4d8ee4d-0d09-4840-a8d5-cf43db94e704""}",2026-04-02T23:40:51.811338521Z
2026-04-02 23:41:13 UTC - Services healthy,info,"{""level"":""info""}","{""project"":""ce3616d9-58ad-4ec7-a294-1821e1564434"",""environment"":""fb6513d0-42a4-4660-82b5-509c54b15f2a"",""service"":""4978aa94-666c-47c7-8024-3ada55195a51"",""deployment"":""42412646-2416-4151-961a-a5fdc7d330f4"",""replica"":""d4d8ee4d-0d09-4840-a8d5-cf43db94e704""}",2026-04-02T23:41:21.861270730Z
[DB] Synced 0 accounts to database,info,"{""level"":""info""}","{""project"":""ce3616d9-58ad-4ec7-a294-1821e1564434"",""environment"":""fb6513d0-42a4-4660-82b5-509c54b15f2a"",""service"":""4978aa94-666c-47c7-8024-3ada55195a51"",""deployment"":""42412646-2416-4151-961a-a5fdc7d330f4"",""replica"":""d4d8ee4d-0d09-4840-a8d5-cf43db94e704""}",2026-04-02T23:41:21.861278685Z
[DB] Synced 0 accounts to database,info,"{""level"":""info""}","{""project"":""ce3616d9-58ad-4ec7-a294-1821e1564434"",""environment"":""fb6513d0-42a4-4660-82b5-509c54b15f2a"",""service"":""4978aa94-666c-47c7-8024-3ada55195a51"",""deployment"":""42412646-2416-4151-961a-a5fdc7d330f4"",""replica"":""d4d8ee4d-0d09-4840-a8d5-cf43db94e704""}",2026-04-02T23:41:51.550697281Z
2026-04-02 23:41:43 UTC - Services healthy,info,"{""level"":""info""}","{""project"":""ce3616d9-58ad-4ec7-a294-1821e1564434"",""environment"":""fb6513d0-42a4-4660-82b5-509c54b15f2a"",""service"":""4978aa94-666c-47c7-8024-3ada55195a51"",""deployment"":""42412646-2416-4151-961a-a5fdc7d330f4"",""replica"":""d4d8ee4d-0d09-4840-a8d5-cf43db94e704""}",2026-04-02T23:41:51.550703759Z
[DB] Synced 0 accounts to database,info,"{""level"":""info""}","{""project"":""ce3616d9-58ad-4ec7-a294-1821e1564434"",""environment"":""fb6513d0-42a4-4660-82b5-509c54b15f2a"",""service"":""4978aa94-666c-47c7-8024-3ada55195a51"",""deployment"":""42412646-2416-4151-961a-a5fdc7d330f4"",""replica"":""d4d8ee4d-0d09-4840-a8d5-cf43db94e704""}",2026-04-02T23:42:21.177614949Z
2026-04-02 23:42:14 UTC - Services healthy,info,"{""level"":""info""}","{""project"":""ce3616d9-58ad-4ec7-a294-1821e1564434"",""environment"":""fb6513d0-42a4-4660-82b5-509c54b15f2a"",""service"":""4978aa94-666c-47c7-8024-3ada55195a51"",""deployment"":""42412646-2416-4151-961a-a5fdc7d330f4"",""replica"":""d4d8ee4d-0d09-4840-a8d5-cf43db94e704""}",2026-04-02T23:42:21.177621603Z
[DB] Synced 0 accounts to database,info,"{""level"":""info""}","{""project"":""ce3616d9-58ad-4ec7-a294-1821e1564434"",""environment"":""fb6513d0-42a4-4660-82b5-509c54b15f2a"",""service"":""4978aa94-666c-47c7-8024-3ada55195a51"",""deployment"":""42412646-2416-4151-961a-a5fdc7d330f4"",""replica"":""d4d8ee4d-0d09-4840-a8d5-cf43db94e704""}",2026-04-02T23:42:51.514036976Z
2026-04-02 23:42:44 UTC - Services healthy,info,"{""level"":""info""}","{""project"":""ce3616d9-58ad-4ec7-a294-1821e1564434"",""environment"":""fb6513d0-42a4-4660-82b5-509c54b15f2a"",""service"":""4978aa94-666c-47c7-8024-3ada55195a51"",""deployment"":""42412646-2416-4151-961a-a5fdc7d330f4"",""replica"":""d4d8ee4d-0d09-4840-a8d5-cf43db94e704""}",2026-04-02T23:42:51.514045978Z
[DB] Synced 0 accounts to database,info,"{""level"":""info""}","{""project"":""ce3616d9-58ad-4ec7-a294-1821e1564434"",""environment"":""fb6513d0-42a4-4660-82b5-509c54b15f2a"",""service"":""4978aa94-666c-47c7-8024-3ada55195a51"",""deployment"":""42412646-2416-4151-961a-a5fdc7d330f4"",""replica"":""d4d8ee4d-0d09-4840-a8d5-cf43db94e704""}",2026-04-02T23:43:21.435000552Z
2026-04-02 23:43:14 UTC - Services healthy,info,"{""level"":""info""}","{""project"":""ce3616d9-58ad-4ec7-a294-1821e1564434"",""environment"":""fb6513d0-42a4-4660-82b5-509c54b15f2a"",""service"":""4978aa94-666c-47c7-8024-3ada55195a51"",""deployment"":""42412646-2416-4151-961a-a5fdc7d330f4"",""replica"":""d4d8ee4d-0d09-4840-a8d5-cf43db94e704""}",2026-04-02T23:43:21.435004832Z
[DB] Synced 0 accounts to database,info,"{""level"":""info""}","{""project"":""ce3616d9-58ad-4ec7-a294-1821e1564434"",""environment"":""fb6513d0-42a4-4660-82b5-509c54b15f2a"",""service"":""4978aa94-666c-47c7-8024-3ada55195a51"",""deployment"":""42412646-2416-4151-961a-a5fdc7d330f4"",""replica"":""d4d8ee4d-0d09-4840-a8d5-cf43db94e704""}",2026-04-02T23:43:52.009600048Z
2026-04-02 23:43:44 UTC - Services healthy,info,"{""level"":""info""}","{""project"":""ce3616d9-58ad-4ec7-a294-1821e1564434"",""environment"":""fb6513d0-42a4-4660-82b5-509c54b15f2a"",""service"":""4978aa94-666c-47c7-8024-3ada55195a51"",""deployment"":""42412646-2416-4151-961a-a5fdc7d330f4"",""replica"":""d4d8ee4d-0d09-4840-a8d5-cf43db94e704""}",2026-04-02T23:43:52.009606932Z
[DB] Synced 0 accounts to database,info,"{""level"":""info""}","{""project"":""ce3616d9-58ad-4ec7-a294-1821e1564434"",""environment"":""fb6513d0-42a4-4660-82b5-509c54b15f2a"",""service"":""4978aa94-666c-47c7-8024-3ada55195a51"",""deployment"":""42412646-2416-4151-961a-a5fdc7d330f4"",""replica"":""d4d8ee4d-0d09-4840-a8d5-cf43db94e704""}",2026-04-02T23:44:22.228775636Z
2026-04-02 23:44:14 UTC - Services healthy,info,"{""level"":""info""}","{""project"":""ce3616d9-58ad-4ec7-a294-1821e1564434"",""environment"":""fb6513d0-42a4-4660-82b5-509c54b15f2a"",""service"":""4978aa94-666c-47c7-8024-3ada55195a51"",""deployment"":""42412646-2416-4151-961a-a5fdc7d330f4"",""replica"":""d4d8ee4d-0d09-4840-a8d5-cf43db94e704""}",2026-04-02T23:44:22.228782394Z
[DB] Synced 0 accounts to database,info,"{""level"":""info""}","{""project"":""ce3616d9-58ad-4ec7-a294-1821e1564434"",""environment"":""fb6513d0-42a4-4660-82b5-509c54b15f2a"",""service"":""4978aa94-666c-47c7-8024-3ada55195a51"",""deployment"":""42412646-2416-4151-961a-a5fdc7d330f4"",""replica"":""d4d8ee4d-0d09-4840-a8d5-cf43db94e704""}",2026-04-02T23:44:52.922731542Z
2026-04-02 23:44:44 UTC - Services healthy,info,"{""level"":""info""}","{""project"":""ce3616d9-58ad-4ec7-a294-1821e1564434"",""environment"":""fb6513d0-42a4-4660-82b5-509c54b15f2a"",""service"":""4978aa94-666c-47c7-8024-3ada55195a51"",""deployment"":""42412646-2416-4151-961a-a5fdc7d330f4"",""replica"":""d4d8ee4d-0d09-4840-a8d5-cf43db94e704""}",2026-04-02T23:44:52.922735899Z
[DB] Synced 0 accounts to database,info,"{""level"":""info""}","{""project"":""ce3616d9-58ad-4ec7-a294-1821e1564434"",""environment"":""fb6513d0-42a4-4660-82b5-509c54b15f2a"",""service"":""4978aa94-666c-47c7-8024-3ada55195a51"",""deployment"":""42412646-2416-4151-961a-a5fdc7d330f4"",""replica"":""d4d8ee4d-0d09-4840-a8d5-cf43db94e704""}",2026-04-02T23:45:22.880876864Z
2026-04-02 23:45:14 UTC - Services healthy,info,"{""level"":""info""}","{""project"":""ce3616d9-58ad-4ec7-a294-1821e1564434"",""environment"":""fb6513d0-42a4-4660-82b5-509c54b15f2a"",""service"":""4978aa94-666c-47c7-8024-3ada55195a51"",""deployment"":""42412646-2416-4151-961a-a5fdc7d330f4"",""replica"":""d4d8ee4d-0d09-4840-a8d5-cf43db94e704""}",2026-04-02T23:45:22.880889043Z
[DB] Synced 0 accounts to database,info,"{""level"":""info""}","{""project"":""ce3616d9-58ad-4ec7-a294-1821e1564434"",""environment"":""fb6513d0-42a4-4660-82b5-509c54b15f2a"",""service"":""4978aa94-666c-47c7-8024-3ada55195a51"",""deployment"":""42412646-2416-4151-961a-a5fdc7d330f4"",""replica"":""d4d8ee4d-0d09-4840-a8d5-cf43db94e704""}",2026-04-02T23:45:52.903558382Z
2026-04-02 23:45:44 UTC - Services healthy,info,"{""level"":""info""}","{""project"":""ce3616d9-58ad-4ec7-a294-1821e1564434"",""environment"":""fb6513d0-42a4-4660-82b5-509c54b15f2a"",""service"":""4978aa94-666c-47c7-8024-3ada55195a51"",""deployment"":""42412646-2416-4151-961a-a5fdc7d330f4"",""replica"":""d4d8ee4d-0d09-4840-a8d5-cf43db94e704""}",2026-04-02T23:45:52.903565266Z
[DB] Synced 0 accounts to database,info,"{""level"":""info""}","{""project"":""ce3616d9-58ad-4ec7-a294-1821e1564434"",""environment"":""fb6513d0-42a4-4660-82b5-509c54b15f2a"",""service"":""4978aa94-666c-47c7-8024-3ada55195a51"",""deployment"":""42412646-2416-4151-961a-a5fdc7d330f4"",""replica"":""d4d8ee4d-0d09-4840-a8d5-cf43db94e704""}",2026-04-02T23:46:23.152393457Z
2026-04-02 23:46:14 UTC - Services healthy,info,"{""level"":""info""}","{""project"":""ce3616d9-58ad-4ec7-a294-1821e1564434"",""environment"":""fb6513d0-42a4-4660-82b5-509c54b15f2a"",""service"":""4978aa94-666c-47c7-8024-3ada55195a51"",""deployment"":""42412646-2416-4151-961a-a5fdc7d330f4"",""replica"":""d4d8ee4d-0d09-4840-a8d5-cf43db94e704""}",2026-04-02T23:46:23.152398779Z
[DB] Synced 0 accounts to database,info,"{""level"":""info""}","{""project"":""ce3616d9-58ad-4ec7-a294-1821e1564434"",""environment"":""fb6513d0-42a4-4660-82b5-509c54b15f2a"",""service"":""4978aa94-666c-47c7-8024-3ada55195a51"",""deployment"":""42412646-2416-4151-961a-a5fdc7d330f4"",""replica"":""d4d8ee4d-0d09-4840-a8d5-cf43db94e704""}",2026-04-02T23:46:53.165559909Z
2026-04-02 23:46:44 UTC - Services healthy,info,"{""level"":""info""}","{""project"":""ce3616d9-58ad-4ec7-a294-1821e1564434"",""environment"":""fb6513d0-42a4-4660-82b5-509c54b15f2a"",""service"":""4978aa94-666c-47c7-8024-3ada55195a51"",""deployment"":""42412646-2416-4151-961a-a5fdc7d330f4"",""replica"":""d4d8ee4d-0d09-4840-a8d5-cf43db94e704""}",2026-04-02T23:46:53.165581758Z
[DB] Synced 0 accounts to database,info,"{""level"":""info""}","{""project"":""ce3616d9-58ad-4ec7-a294-1821e1564434"",""environment"":""fb6513d0-42a4-4660-82b5-509c54b15f2a"",""service"":""4978aa94-666c-47c7-8024-3ada55195a51"",""deployment"":""42412646-2416-4151-961a-a5fdc7d330f4"",""replica"":""d4d8ee4d-0d09-4840-a8d5-cf43db94e704""}",2026-04-02T23:47:23.614823674Z
2026-04-02 23:47:14 UTC - Services healthy,info,"{""level"":""info""}","{""project"":""ce3616d9-58ad-4ec7-a294-1821e1564434"",""environment"":""fb6513d0-42a4-4660-82b5-509c54b15f2a"",""service"":""4978aa94-666c-47c7-8024-3ada55195a51"",""deployment"":""42412646-2416-4151-961a-a5fdc7d330f4"",""replica"":""d4d8ee4d-0d09-4840-a8d5-cf43db94e704""}",2026-04-02T23:47:23.614828898Z
[DB] Synced 0 accounts to database,info,"{""level"":""info""}","{""project"":""ce3616d9-58ad-4ec7-a294-1821e1564434"",""environment"":""fb6513d0-42a4-4660-82b5-509c54b15f2a"",""service"":""4978aa94-666c-47c7-8024-3ada55195a51"",""deployment"":""42412646-2416-4151-961a-a5fdc7d330f4"",""replica"":""d4d8ee4d-0d09-4840-a8d5-cf43db94e704""}",2026-04-02T23:47:53.727271763Z
2026-04-02 23:47:44 UTC - Services healthy,info,"{""level"":""info""}","{""project"":""ce3616d9-58ad-4ec7-a294-1821e1564434"",""environment"":""fb6513d0-42a4-4660-82b5-509c54b15f2a"",""service"":""4978aa94-666c-47c7-8024-3ada55195a51"",""deployment"":""42412646-2416-4151-961a-a5fdc7d330f4"",""replica"":""d4d8ee4d-0d09-4840-a8d5-cf43db94e704""}",2026-04-02T23:47:53.727277490Z
[DB] Synced 0 accounts to database,info,"{""level"":""info""}","{""project"":""ce3616d9-58ad-4ec7-a294-1821e1564434"",""environment"":""fb6513d0-42a4-4660-82b5-509c54b15f2a"",""service"":""4978aa94-666c-47c7-8024-3ada55195a51"",""deployment"":""42412646-2416-4151-961a-a5fdc7d330f4"",""replica"":""d4d8ee4d-0d09-4840-a8d5-cf43db94e704""}",2026-04-02T23:48:23.725060848Z
2026-04-02 23:48:14 UTC - Services healthy,info,"{""level"":""info""}","{""project"":""ce3616d9-58ad-4ec7-a294-1821e1564434"",""environment"":""fb6513d0-42a4-4660-82b5-509c54b15f2a"",""service"":""4978aa94-666c-47c7-8024-3ada55195a51"",""deployment"":""42412646-2416-4151-961a-a5fdc7d330f4"",""replica"":""d4d8ee4d-0d09-4840-a8d5-cf43db94e704""}",2026-04-02T23:48:23.725067772Z
[DB] Synced 0 accounts to database,info,"{""level"":""info""}","{""project"":""ce3616d9-58ad-4ec7-a294-1821e1564434"",""environment"":""fb6513d0-42a4-4660-82b5-509c54b15f2a"",""service"":""4978aa94-666c-47c7-8024-3ada55195a51"",""deployment"":""42412646-2416-4151-961a-a5fdc7d330f4"",""replica"":""d4d8ee4d-0d09-4840-a8d5-cf43db94e704""}",2026-04-02T23:48:53.838700974Z
2026-04-02 23:48:44 UTC - Services healthy,info,"{""level"":""info""}","{""project"":""ce3616d9-58ad-4ec7-a294-1821e1564434"",""environment"":""fb6513d0-42a4-4660-82b5-509c54b15f2a"",""service"":""4978aa94-666c-47c7-8024-3ada55195a51"",""deployment"":""42412646-2416-4151-961a-a5fdc7d330f4"",""replica"":""d4d8ee4d-0d09-4840-a8d5-cf43db94e704""}",2026-04-02T23:48:53.838706727Z
[DB] Synced 0 accounts to database,info,"{""level"":""info""}","{""project"":""ce3616d9-58ad-4ec7-a294-1821e1564434"",""environment"":""fb6513d0-42a4-4660-82b5-509c54b15f2a"",""service"":""4978aa94-666c-47c7-8024-3ada55195a51"",""deployment"":""42412646-2416-4151-961a-a5fdc7d330f4"",""replica"":""d4d8ee4d-0d09-4840-a8d5-cf43db94e704""}",2026-04-02T23:49:24.014081346Z
2026-04-02 23:49:14 UTC - Services healthy,info,"{""level"":""info""}","{""project"":""ce3616d9-58ad-4ec7-a294-1821e1564434"",""environment"":""fb6513d0-42a4-4660-82b5-509c54b15f2a"",""service"":""4978aa94-666c-47c7-8024-3ada55195a51"",""deployment"":""42412646-2416-4151-961a-a5fdc7d330f4"",""replica"":""d4d8ee4d-0d09-4840-a8d5-cf43db94e704""}",2026-04-02T23:49:24.014086852Z
[DB] Synced 0 accounts to database,info,"{""level"":""info""}","{""project"":""ce3616d9-58ad-4ec7-a294-1821e1564434"",""environment"":""fb6513d0-42a4-4660-82b5-509c54b15f2a"",""service"":""4978aa94-666c-47c7-8024-3ada55195a51"",""deployment"":""42412646-2416-4151-961a-a5fdc7d330f4"",""replica"":""d4d8ee4d-0d09-4840-a8d5-cf43db94e704""}",2026-04-02T23:49:54.086754288Z
2026-04-02 23:49:44 UTC - Services healthy,info,"{""level"":""info""}","{""project"":""ce3616d9-58ad-4ec7-a294-1821e1564434"",""environment"":""fb6513d0-42a4-4660-82b5-509c54b15f2a"",""service"":""4978aa94-666c-47c7-8024-3ada55195a51"",""deployment"":""42412646-2416-4151-961a-a5fdc7d330f4"",""replica"":""d4d8ee4d-0d09-4840-a8d5-cf43db94e704""}",2026-04-02T23:49:54.086767073Z
[DB] Synced 0 accounts to database,info,"{""level"":""info""}","{""project"":""ce3616d9-58ad-4ec7-a294-1821e1564434"",""environment"":""fb6513d0-42a4-4660-82b5-509c54b15f2a"",""service"":""4978aa94-666c-47c7-8024-3ada55195a51"",""deployment"":""42412646-2416-4151-961a-a5fdc7d330f4"",""replica"":""d4d8ee4d-0d09-4840-a8d5-cf43db94e704""}",2026-04-02T23:50:24.070559362Z
2026-04-02 23:50:14 UTC - Services healthy,info,"{""level"":""info""}","{""project"":""ce3616d9-58ad-4ec7-a294-1821e1564434"",""environment"":""fb6513d0-42a4-4660-82b5-509c54b15f2a"",""service"":""4978aa94-666c-47c7-8024-3ada55195a51"",""deployment"":""42412646-2416-4151-961a-a5fdc7d330f4"",""replica"":""d4d8ee4d-0d09-4840-a8d5-cf43db94e704""}",2026-04-02T23:50:24.070564546Z
[DB] Synced 0 accounts to database,info,"{""level"":""info""}","{""project"":""ce3616d9-58ad-4ec7-a294-1821e1564434"",""environment"":""fb6513d0-42a4-4660-82b5-509c54b15f2a"",""service"":""4978aa94-666c-47c7-8024-3ada55195a51"",""deployment"":""42412646-2416-4151-961a-a5fdc7d330f4"",""replica"":""d4d8ee4d-0d09-4840-a8d5-cf43db94e704""}",2026-04-02T23:50:53.896197791Z
2026-04-02 23:50:44 UTC - Services healthy,info,"{""level"":""info""}","{""project"":""ce3616d9-58ad-4ec7-a294-1821e1564434"",""environment"":""fb6513d0-42a4-4660-82b5-509c54b15f2a"",""service"":""4978aa94-666c-47c7-8024-3ada55195a51"",""deployment"":""42412646-2416-4151-961a-a5fdc7d330f4"",""replica"":""d4d8ee4d-0d09-4840-a8d5-cf43db94e704""}",2026-04-02T23:50:53.896203096Z
[DB] Synced 0 accounts to database,info,"{""level"":""info""}","{""project"":""ce3616d9-58ad-4ec7-a294-1821e1564434"",""environment"":""fb6513d0-42a4-4660-82b5-509c54b15f2a"",""service"":""4978aa94-666c-47c7-8024-3ada55195a51"",""deployment"":""42412646-2416-4151-961a-a5fdc7d330f4"",""replica"":""d4d8ee4d-0d09-4840-a8d5-cf43db94e704""}",2026-04-02T23:51:23.947087498Z
2026-04-02 23:51:14 UTC - Services healthy,info,"{""level"":""info""}","{""project"":""ce3616d9-58ad-4ec7-a294-1821e1564434"",""environment"":""fb6513d0-42a4-4660-82b5-509c54b15f2a"",""service"":""4978aa94-666c-47c7-8024-3ada55195a51"",""deployment"":""42412646-2416-4151-961a-a5fdc7d330f4"",""replica"":""d4d8ee4d-0d09-4840-a8d5-cf43db94e704""}",2026-04-02T23:51:23.947092892Z
[DB] Synced 0 accounts to database,info,"{""level"":""info""}","{""project"":""ce3616d9-58ad-4ec7-a294-1821e1564434"",""environment"":""fb6513d0-42a4-4660-82b5-509c54b15f2a"",""service"":""4978aa94-666c-47c7-8024-3ada55195a51"",""deployment"":""42412646-2416-4151-961a-a5fdc7d330f4"",""replica"":""d4d8ee4d-0d09-4840-a8d5-cf43db94e704""}",2026-04-02T23:51:53.954012500Z
2026-04-02 23:51:44 UTC - Services healthy,info,"{""level"":""info""}","{""project"":""ce3616d9-58ad-4ec7-a294-1821e1564434"",""environment"":""fb6513d0-42a4-4660-82b5-509c54b15f2a"",""service"":""4978aa94-666c-47c7-8024-3ada55195a51"",""deployment"":""42412646-2416-4151-961a-a5fdc7d330f4"",""replica"":""d4d8ee4d-0d09-4840-a8d5-cf43db94e704""}",2026-04-02T23:51:53.954016877Z
[DB] Synced 0 accounts to database,info,"{""level"":""info""}","{""project"":""ce3616d9-58ad-4ec7-a294-1821e1564434"",""environment"":""fb6513d0-42a4-4660-82b5-509c54b15f2a"",""service"":""4978aa94-666c-47c7-8024-3ada55195a51"",""deployment"":""42412646-2416-4151-961a-a5fdc7d330f4"",""replica"":""d4d8ee4d-0d09-4840-a8d5-cf43db94e704""}",2026-04-02T23:52:24.079831421Z
2026-04-02 23:52:14 UTC - Services healthy,info,"{""level"":""info""}","{""project"":""ce3616d9-58ad-4ec7-a294-1821e1564434"",""environment"":""fb6513d0-42a4-4660-82b5-509c54b15f2a"",""service"":""4978aa94-666c-47c7-8024-3ada55195a51"",""deployment"":""42412646-2416-4151-961a-a5fdc7d330f4"",""replica"":""d4d8ee4d-0d09-4840-a8d5-cf43db94e704""}",2026-04-02T23:52:24.079836444Z
[DB] Synced 0 accounts to database,info,"{""level"":""info""}","{""project"":""ce3616d9-58ad-4ec7-a294-1821e1564434"",""environment"":""fb6513d0-42a4-4660-82b5-509c54b15f2a"",""service"":""4978aa94-666c-47c7-8024-3ada55195a51"",""deployment"":""42412646-2416-4151-961a-a5fdc7d330f4"",""replica"":""d4d8ee4d-0d09-4840-a8d5-cf43db94e704""}",2026-04-02T23:52:54.088999145Z
2026-04-02 23:52:44 UTC - Services healthy,info,"{""level"":""info""}","{""project"":""ce3616d9-58ad-4ec7-a294-1821e1564434"",""environment"":""fb6513d0-42a4-4660-82b5-509c54b15f2a"",""service"":""4978aa94-666c-47c7-8024-3ada55195a51"",""deployment"":""42412646-2416-4151-961a-a5fdc7d330f4"",""replica"":""d4d8ee4d-0d09-4840-a8d5-cf43db94e704""}",2026-04-02T23:52:54.089004780Z
[DB] Synced 0 accounts to database,info,"{""level"":""info""}","{""project"":""ce3616d9-58ad-4ec7-a294-1821e1564434"",""environment"":""fb6513d0-42a4-4660-82b5-509c54b15f2a"",""service"":""4978aa94-666c-47c7-8024-3ada55195a51"",""deployment"":""42412646-2416-4151-961a-a5fdc7d330f4"",""replica"":""d4d8ee4d-0d09-4840-a8d5-cf43db94e704""}",2026-04-02T23:53:24.105932674Z
2026-04-02 23:53:14 UTC - Services healthy,info,"{""level"":""info""}","{""project"":""ce3616d9-58ad-4ec7-a294-1821e1564434"",""environment"":""fb6513d0-42a4-4660-82b5-509c54b15f2a"",""service"":""4978aa94-666c-47c7-8024-3ada55195a51"",""deployment"":""42412646-2416-4151-961a-a5fdc7d330f4"",""replica"":""d4d8ee4d-0d09-4840-a8d5-cf43db94e704""}",2026-04-02T23:53:24.105937017Z
[DB] Synced 0 accounts to database,info,"{""level"":""info""}","{""project"":""ce3616d9-58ad-4ec7-a294-1821e1564434"",""environment"":""fb6513d0-42a4-4660-82b5-509c54b15f2a"",""service"":""4978aa94-666c-47c7-8024-3ada55195a51"",""deployment"":""42412646-2416-4151-961a-a5fdc7d330f4"",""replica"":""d4d8ee4d-0d09-4840-a8d5-cf43db94e704""}",2026-04-02T23:53:44.219574736Z
2026-04-02 23:53:44 UTC - Services healthy,info,"{""level"":""info""}","{""project"":""ce3616d9-58ad-4ec7-a294-1821e1564434"",""environment"":""fb6513d0-42a4-4660-82b5-509c54b15f2a"",""service"":""4978aa94-666c-47c7-8024-3ada55195a51"",""deployment"":""42412646-2416-4151-961a-a5fdc7d330f4"",""replica"":""d4d8ee4d-0d09-4840-a8d5-cf43db94e704""}",2026-04-02T23:53:44.219580183Z
[DB] Synced 0 accounts to database,info,"{""level"":""info""}","{""project"":""ce3616d9-58ad-4ec7-a294-1821e1564434"",""environment"":""fb6513d0-42a4-4660-82b5-509c54b15f2a"",""service"":""4978aa94-666c-47c7-8024-3ada55195a51"",""deployment"":""42412646-2416-4151-961a-a5fdc7d330f4"",""replica"":""d4d8ee4d-0d09-4840-a8d5-cf43db94e704""}",2026-04-02T23:54:14.232040986Z
2026-04-02 23:54:14 UTC - Services healthy,info,"{""level"":""info""}","{""project"":""ce3616d9-58ad-4ec7-a294-1821e1564434"",""environment"":""fb6513d0-42a4-4660-82b5-509c54b15f2a"",""service"":""4978aa94-666c-47c7-8024-3ada55195a51"",""deployment"":""42412646-2416-4151-961a-a5fdc7d330f4"",""replica"":""d4d8ee4d-0d09-4840-a8d5-cf43db94e704""}",2026-04-02T23:54:14.232050284Z
[DB] Synced 0 accounts to database,info,"{""level"":""info""}","{""project"":""ce3616d9-58ad-4ec7-a294-1821e1564434"",""environment"":""fb6513d0-42a4-4660-82b5-509c54b15f2a"",""service"":""4978aa94-666c-47c7-8024-3ada55195a51"",""deployment"":""42412646-2416-4151-961a-a5fdc7d330f4"",""replica"":""d4d8ee4d-0d09-4840-a8d5-cf43db94e704""}",2026-04-02T23:54:44.229728202Z
2026-04-02 23:54:44 UTC - Services healthy,info,"{""level"":""info""}","{""project"":""ce3616d9-58ad-4ec7-a294-1821e1564434"",""environment"":""fb6513d0-42a4-4660-82b5-509c54b15f2a"",""service"":""4978aa94-666c-47c7-8024-3ada55195a51"",""deployment"":""42412646-2416-4151-961a-a5fdc7d330f4"",""replica"":""d4d8ee4d-0d09-4840-a8d5-cf43db94e704""}",2026-04-02T23:54:44.229742421Z
[DB] Synced 0 accounts to database,info,"{""level"":""info""}","{""project"":""ce3616d9-58ad-4ec7-a294-1821e1564434"",""environment"":""fb6513d0-42a4-4660-82b5-509c54b15f2a"",""service"":""4978aa94-666c-47c7-8024-3ada55195a51"",""deployment"":""42412646-2416-4151-961a-a5fdc7d330f4"",""replica"":""d4d8ee4d-0d09-4840-a8d5-cf43db94e704""}",2026-04-02T23:55:14.327047995Z
2026-04-02 23:55:14 UTC - Services healthy,info,"{""level"":""info""}","{""project"":""ce3616d9-58ad-4ec7-a294-1821e1564434"",""environment"":""fb6513d0-42a4-4660-82b5-509c54b15f2a"",""service"":""4978aa94-666c-47c7-8024-3ada55195a51"",""deployment"":""42412646-2416-4151-961a-a5fdc7d330f4"",""replica"":""d4d8ee4d-0d09-4840-a8d5-cf43db94e704""}",2026-04-02T23:55:14.327052586Z
[DB] Synced 0 accounts to database,info,"{""level"":""info""}","{""project"":""ce3616d9-58ad-4ec7-a294-1821e1564434"",""environment"":""fb6513d0-42a4-4660-82b5-509c54b15f2a"",""service"":""4978aa94-666c-47c7-8024-3ada55195a51"",""deployment"":""42412646-2416-4151-961a-a5fdc7d330f4"",""replica"":""d4d8ee4d-0d09-4840-a8d5-cf43db94e704""}",2026-04-02T23:55:44.520541933Z
2026-04-02 23:55:44 UTC - Services healthy,info,"{""level"":""info""}","{""project"":""ce3616d9-58ad-4ec7-a294-1821e1564434"",""environment"":""fb6513d0-42a4-4660-82b5-509c54b15f2a"",""service"":""4978aa94-666c-47c7-8024-3ada55195a51"",""deployment"":""42412646-2416-4151-961a-a5fdc7d330f4"",""replica"":""d4d8ee4d-0d09-4840-a8d5-cf43db94e704""}",2026-04-02T23:55:44.520547435Z
[DB] Synced 0 accounts to database,info,"{""level"":""info""}","{""project"":""ce3616d9-58ad-4ec7-a294-1821e1564434"",""environment"":""fb6513d0-42a4-4660-82b5-509c54b15f2a"",""service"":""4978aa94-666c-47c7-8024-3ada55195a51"",""deployment"":""42412646-2416-4151-961a-a5fdc7d330f4"",""replica"":""d4d8ee4d-0d09-4840-a8d5-cf43db94e704""}",2026-04-02T23:56:14.249349150Z
2026-04-02 23:56:14 UTC - Services healthy,info,"{""level"":""info""}","{""project"":""ce3616d9-58ad-4ec7-a294-1821e1564434"",""environment"":""fb6513d0-42a4-4660-82b5-509c54b15f2a"",""service"":""4978aa94-666c-47c7-8024-3ada55195a51"",""deployment"":""42412646-2416-4151-961a-a5fdc7d330f4"",""replica"":""d4d8ee4d-0d09-4840-a8d5-cf43db94e704""}",2026-04-02T23:56:14.249359039Z
[DB] Synced 0 accounts to database,info,"{""level"":""info""}","{""project"":""ce3616d9-58ad-4ec7-a294-1821e1564434"",""environment"":""fb6513d0-42a4-4660-82b5-509c54b15f2a"",""service"":""4978aa94-666c-47c7-8024-3ada55195a51"",""deployment"":""42412646-2416-4151-961a-a5fdc7d330f4"",""replica"":""d4d8ee4d-0d09-4840-a8d5-cf43db94e704""}",2026-04-02T23:56:44.555695745Z
2026-04-02 23:56:44 UTC - Services healthy,info,"{""level"":""info""}","{""project"":""ce3616d9-58ad-4ec7-a294-1821e1564434"",""environment"":""fb6513d0-42a4-4660-82b5-509c54b15f2a"",""service"":""4978aa94-666c-47c7-8024-3ada55195a51"",""deployment"":""42412646-2416-4151-961a-a5fdc7d330f4"",""replica"":""d4d8ee4d-0d09-4840-a8d5-cf43db94e704""}",2026-04-02T23:56:44.555706752Z
[DB] Synced 0 accounts to database,info,"{""level"":""info""}","{""project"":""ce3616d9-58ad-4ec7-a294-1821e1564434"",""environment"":""fb6513d0-42a4-4660-82b5-509c54b15f2a"",""service"":""4978aa94-666c-47c7-8024-3ada55195a51"",""deployment"":""42412646-2416-4151-961a-a5fdc7d330f4"",""replica"":""d4d8ee4d-0d09-4840-a8d5-cf43db94e704""}",2026-04-02T23:57:14.286876628Z
2026-04-02 23:57:14 UTC - Services healthy,info,"{""level"":""info""}","{""project"":""ce3616d9-58ad-4ec7-a294-1821e1564434"",""environment"":""fb6513d0-42a4-4660-82b5-509c54b15f2a"",""service"":""4978aa94-666c-47c7-8024-3ada55195a51"",""deployment"":""42412646-2416-4151-961a-a5fdc7d330f4"",""replica"":""d4d8ee4d-0d09-4840-a8d5-cf43db94e704""}",2026-04-02T23:57:14.286887448Z
[DB] Synced 0 accounts to database,info,"{""level"":""info""}","{""project"":""ce3616d9-58ad-4ec7-a294-1821e1564434"",""environment"":""fb6513d0-42a4-4660-82b5-509c54b15f2a"",""service"":""4978aa94-666c-47c7-8024-3ada55195a51"",""deployment"":""42412646-2416-4151-961a-a5fdc7d330f4"",""replica"":""d4d8ee4d-0d09-4840-a8d5-cf43db94e704""}",2026-04-02T23:57:54.120524367Z
2026-04-02 23:57:44 UTC - Services healthy,info,"{""level"":""info""}","{""project"":""ce3616d9-58ad-4ec7-a294-1821e1564434"",""environment"":""fb6513d0-42a4-4660-82b5-509c54b15f2a"",""service"":""4978aa94-666c-47c7-8024-3ada55195a51"",""deployment"":""42412646-2416-4151-961a-a5fdc7d330f4"",""replica"":""d4d8ee4d-0d09-4840-a8d5-cf43db94e704""}",2026-04-02T23:57:54.120535105Z
[DB] Synced 0 accounts to database,info,"{""level"":""info""}","{""project"":""ce3616d9-58ad-4ec7-a294-1821e1564434"",""environment"":""fb6513d0-42a4-4660-82b5-509c54b15f2a"",""service"":""4978aa94-666c-47c7-8024-3ada55195a51"",""deployment"":""42412646-2416-4151-961a-a5fdc7d330f4"",""replica"":""d4d8ee4d-0d09-4840-a8d5-cf43db94e704""}",2026-04-02T23:58:24.075110131Z
2026-04-02 23:58:14 UTC - Services healthy,info,"{""level"":""info""}","{""project"":""ce3616d9-58ad-4ec7-a294-1821e1564434"",""environment"":""fb6513d0-42a4-4660-82b5-509c54b15f2a"",""service"":""4978aa94-666c-47c7-8024-3ada55195a51"",""deployment"":""42412646-2416-4151-961a-a5fdc7d330f4"",""replica"":""d4d8ee4d-0d09-4840-a8d5-cf43db94e704""}",2026-04-02T23:58:24.075119068Z
[DB] Synced 0 accounts to database,info,"{""level"":""info""}","{""project"":""ce3616d9-58ad-4ec7-a294-1821e1564434"",""environment"":""fb6513d0-42a4-4660-82b5-509c54b15f2a"",""service"":""4978aa94-666c-47c7-8024-3ada55195a51"",""deployment"":""42412646-2416-4151-961a-a5fdc7d330f4"",""replica"":""d4d8ee4d-0d09-4840-a8d5-cf43db94e704""}",2026-04-02T23:58:53.935943859Z
2026-04-02 23:58:44 UTC - Services healthy,info,"{""level"":""info""}","{""project"":""ce3616d9-58ad-4ec7-a294-1821e1564434"",""environment"":""fb6513d0-42a4-4660-82b5-509c54b15f2a"",""service"":""4978aa94-666c-47c7-8024-3ada55195a51"",""deployment"":""42412646-2416-4151-961a-a5fdc7d330f4"",""replica"":""d4d8ee4d-0d09-4840-a8d5-cf43db94e704""}",2026-04-02T23:58:53.935967822Z
[DB] Synced 0 accounts to database,info,"{""level"":""info""}","{""project"":""ce3616d9-58ad-4ec7-a294-1821e1564434"",""environment"":""fb6513d0-42a4-4660-82b5-509c54b15f2a"",""service"":""4978aa94-666c-47c7-8024-3ada55195a51"",""deployment"":""42412646-2416-4151-961a-a5fdc7d330f4"",""replica"":""d4d8ee4d-0d09-4840-a8d5-cf43db94e704""}",2026-04-02T23:59:23.915276046Z
2026-04-02 23:59:14 UTC - Services healthy,info,"{""level"":""info""}","{""project"":""ce3616d9-58ad-4ec7-a294-1821e1564434"",""environment"":""fb6513d0-42a4-4660-82b5-509c54b15f2a"",""service"":""4978aa94-666c-47c7-8024-3ada55195a51"",""deployment"":""42412646-2416-4151-961a-a5fdc7d330f4"",""replica"":""d4d8ee4d-0d09-4840-a8d5-cf43db94e704""}",2026-04-02T23:59:23.915285557Z
[DB] Synced 0 accounts to database,info,"{""level"":""info""}","{""project"":""ce3616d9-58ad-4ec7-a294-1821e1564434"",""environment"":""fb6513d0-42a4-4660-82b5-509c54b15f2a"",""service"":""4978aa94-666c-47c7-8024-3ada55195a51"",""deployment"":""42412646-2416-4151-961a-a5fdc7d330f4"",""replica"":""d4d8ee4d-0d09-4840-a8d5-cf43db94e704""}",2026-04-02T23:59:53.949171271Z
2026-04-02 23:59:44 UTC - Services healthy,info,"{""level"":""info""}","{""project"":""ce3616d9-58ad-4ec7-a294-1821e1564434"",""environment"":""fb6513d0-42a4-4660-82b5-509c54b15f2a"",""service"":""4978aa94-666c-47c7-8024-3ada55195a51"",""deployment"":""42412646-2416-4151-961a-a5fdc7d330f4"",""replica"":""d4d8ee4d-0d09-4840-a8d5-cf43db94e704""}",2026-04-02T23:59:53.949175776Z
[DB] Synced 0 accounts to database,info,"{""level"":""info""}","{""project"":""ce3616d9-58ad-4ec7-a294-1821e1564434"",""environment"":""fb6513d0-42a4-4660-82b5-509c54b15f2a"",""service"":""4978aa94-666c-47c7-8024-3ada55195a51"",""deployment"":""42412646-2416-4151-961a-a5fdc7d330f4"",""replica"":""d4d8ee4d-0d09-4840-a8d5-cf43db94e704""}",2026-04-03T00:00:24.104874934Z
2026-04-03 00:00:14 UTC - Services healthy,info,"{""level"":""info""}","{""project"":""ce3616d9-58ad-4ec7-a294-1821e1564434"",""environment"":""fb6513d0-42a4-4660-82b5-509c54b15f2a"",""service"":""4978aa94-666c-47c7-8024-3ada55195a51"",""deployment"":""42412646-2416-4151-961a-a5fdc7d330f4"",""replica"":""d4d8ee4d-0d09-4840-a8d5-cf43db94e704""}",2026-04-03T00:00:24.104882480Z
[DB] Synced 0 accounts to database,info,"{""level"":""info""}","{""project"":""ce3616d9-58ad-4ec7-a294-1821e1564434"",""environment"":""fb6513d0-42a4-4660-82b5-509c54b15f2a"",""service"":""4978aa94-666c-47c7-8024-3ada55195a51"",""deployment"":""42412646-2416-4151-961a-a5fdc7d330f4"",""replica"":""d4d8ee4d-0d09-4840-a8d5-cf43db94e704""}",2026-04-03T00:00:54.092491512Z
2026-04-03 00:00:44 UTC - Services healthy,info,"{""level"":""info""}","{""project"":""ce3616d9-58ad-4ec7-a294-1821e1564434"",""environment"":""fb6513d0-42a4-4660-82b5-509c54b15f2a"",""service"":""4978aa94-666c-47c7-8024-3ada55195a51"",""deployment"":""42412646-2416-4151-961a-a5fdc7d330f4"",""replica"":""d4d8ee4d-0d09-4840-a8d5-cf43db94e704""}",2026-04-03T00:00:54.092502464Z
[DB] Synced 0 accounts to database,info,"{""level"":""info""}","{""project"":""ce3616d9-58ad-4ec7-a294-1821e1564434"",""environment"":""fb6513d0-42a4-4660-82b5-509c54b15f2a"",""service"":""4978aa94-666c-47c7-8024-3ada55195a51"",""deployment"":""42412646-2416-4151-961a-a5fdc7d330f4"",""replica"":""d4d8ee4d-0d09-4840-a8d5-cf43db94e704""}",2026-04-03T00:01:24.082037977Z
2026-04-03 00:01:14 UTC - Services healthy,info,"{""level"":""info""}","{""project"":""ce3616d9-58ad-4ec7-a294-1821e1564434"",""environment"":""fb6513d0-42a4-4660-82b5-509c54b15f2a"",""service"":""4978aa94-666c-47c7-8024-3ada55195a51"",""deployment"":""42412646-2416-4151-961a-a5fdc7d330f4"",""replica"":""d4d8ee4d-0d09-4840-a8d5-cf43db94e704""}",2026-04-03T00:01:24.082047961Z
[DB] Synced 0 accounts to database,info,"{""level"":""info""}","{""project"":""ce3616d9-58ad-4ec7-a294-1821e1564434"",""environment"":""fb6513d0-42a4-4660-82b5-509c54b15f2a"",""service"":""4978aa94-666c-47c7-8024-3ada55195a51"",""deployment"":""42412646-2416-4151-961a-a5fdc7d330f4"",""replica"":""d4d8ee4d-0d09-4840-a8d5-cf43db94e704""}",2026-04-03T00:01:54.316210749Z
2026-04-03 00:01:44 UTC - Services healthy,info,"{""level"":""info""}","{""project"":""ce3616d9-58ad-4ec7-a294-1821e1564434"",""environment"":""fb6513d0-42a4-4660-82b5-509c54b15f2a"",""service"":""4978aa94-666c-47c7-8024-3ada55195a51"",""deployment"":""42412646-2416-4151-961a-a5fdc7d330f4"",""replica"":""d4d8ee4d-0d09-4840-a8d5-cf43db94e704""}",2026-04-03T00:01:54.316216529Z
[DB] Synced 0 accounts to database,info,"{""level"":""info""}","{""project"":""ce3616d9-58ad-4ec7-a294-1821e1564434"",""environment"":""fb6513d0-42a4-4660-82b5-509c54b15f2a"",""service"":""4978aa94-666c-47c7-8024-3ada55195a51"",""deployment"":""42412646-2416-4151-961a-a5fdc7d330f4"",""replica"":""d4d8ee4d-0d09-4840-a8d5-cf43db94e704""}",2026-04-03T00:02:14.300925967Z
2026-04-03 00:02:14 UTC - Services healthy,info,"{""level"":""info""}","{""project"":""ce3616d9-58ad-4ec7-a294-1821e1564434"",""environment"":""fb6513d0-42a4-4660-82b5-509c54b15f2a"",""service"":""4978aa94-666c-47c7-8024-3ada55195a51"",""deployment"":""42412646-2416-4151-961a-a5fdc7d330f4"",""replica"":""d4d8ee4d-0d09-4840-a8d5-cf43db94e704""}",2026-04-03T00:02:14.300931718Z
[DB] Synced 0 accounts to database,info,"{""level"":""info""}","{""project"":""ce3616d9-58ad-4ec7-a294-1821e1564434"",""environment"":""fb6513d0-42a4-4660-82b5-509c54b15f2a"",""service"":""4978aa94-666c-47c7-8024-3ada55195a51"",""deployment"":""42412646-2416-4151-961a-a5fdc7d330f4"",""replica"":""d4d8ee4d-0d09-4840-a8d5-cf43db94e704""}",2026-04-03T00:02:44.487275950Z
2026-04-03 00:02:44 UTC - Services healthy,info,"{""level"":""info""}","{""project"":""ce3616d9-58ad-4ec7-a294-1821e1564434"",""environment"":""fb6513d0-42a4-4660-82b5-509c54b15f2a"",""service"":""4978aa94-666c-47c7-8024-3ada55195a51"",""deployment"":""42412646-2416-4151-961a-a5fdc7d330f4"",""replica"":""d4d8ee4d-0d09-4840-a8d5-cf43db94e704""}",2026-04-03T00:02:44.487280614Z
[DB] Synced 0 accounts to database,info,"{""level"":""info""}","{""project"":""ce3616d9-58ad-4ec7-a294-1821e1564434"",""environment"":""fb6513d0-42a4-4660-82b5-509c54b15f2a"",""service"":""4978aa94-666c-47c7-8024-3ada55195a51"",""deployment"":""42412646-2416-4151-961a-a5fdc7d330f4"",""replica"":""d4d8ee4d-0d09-4840-a8d5-cf43db94e704""}",2026-04-03T00:03:14.440301724Z
2026-04-03 00:03:14 UTC - Services healthy,info,"{""level"":""info""}","{""project"":""ce3616d9-58ad-4ec7-a294-1821e1564434"",""environment"":""fb6513d0-42a4-4660-82b5-509c54b15f2a"",""service"":""4978aa94-666c-47c7-8024-3ada55195a51"",""deployment"":""42412646-2416-4151-961a-a5fdc7d330f4"",""replica"":""d4d8ee4d-0d09-4840-a8d5-cf43db94e704""}",2026-04-03T00:03:14.440311622Z
[DB] Synced 0 accounts to database,info,"{""level"":""info""}","{""project"":""ce3616d9-58ad-4ec7-a294-1821e1564434"",""environment"":""fb6513d0-42a4-4660-82b5-509c54b15f2a"",""service"":""4978aa94-666c-47c7-8024-3ada55195a51"",""deployment"":""42412646-2416-4151-961a-a5fdc7d330f4"",""replica"":""d4d8ee4d-0d09-4840-a8d5-cf43db94e704""}",2026-04-03T00:03:44.451766314Z
2026-04-03 00:03:44 UTC - Services healthy,info,"{""level"":""info""}","{""project"":""ce3616d9-58ad-4ec7-a294-1821e1564434"",""environment"":""fb6513d0-42a4-4660-82b5-509c54b15f2a"",""service"":""4978aa94-666c-47c7-8024-3ada55195a51"",""deployment"":""42412646-2416-4151-961a-a5fdc7d330f4"",""replica"":""d4d8ee4d-0d09-4840-a8d5-cf43db94e704""}",2026-04-03T00:03:44.451778435Z
[DB] Synced 0 accounts to database,info,"{""level"":""info""}","{""project"":""ce3616d9-58ad-4ec7-a294-1821e1564434"",""environment"":""fb6513d0-42a4-4660-82b5-509c54b15f2a"",""service"":""4978aa94-666c-47c7-8024-3ada55195a51"",""deployment"":""42412646-2416-4151-961a-a5fdc7d330f4"",""replica"":""d4d8ee4d-0d09-4840-a8d5-cf43db94e704""}",2026-04-03T00:04:14.673948917Z
2026-04-03 00:04:14 UTC - Services healthy,info,"{""level"":""info""}","{""project"":""ce3616d9-58ad-4ec7-a294-1821e1564434"",""environment"":""fb6513d0-42a4-4660-82b5-509c54b15f2a"",""service"":""4978aa94-666c-47c7-8024-3ada55195a51"",""deployment"":""42412646-2416-4151-961a-a5fdc7d330f4"",""replica"":""d4d8ee4d-0d09-4840-a8d5-cf43db94e704""}",2026-04-03T00:04:14.673960121Z
[DB] Synced 0 accounts to database,info,"{""level"":""info""}","{""project"":""ce3616d9-58ad-4ec7-a294-1821e1564434"",""environment"":""fb6513d0-42a4-4660-82b5-509c54b15f2a"",""service"":""4978aa94-666c-47c7-8024-3ada55195a51"",""deployment"":""42412646-2416-4151-961a-a5fdc7d330f4"",""replica"":""d4d8ee4d-0d09-4840-a8d5-cf43db94e704""}",2026-04-03T00:04:44.694386744Z
2026-04-03 00:04:44 UTC - Services healthy,info,"{""level"":""info""}","{""project"":""ce3616d9-58ad-4ec7-a294-1821e1564434"",""environment"":""fb6513d0-42a4-4660-82b5-509c54b15f2a"",""service"":""4978aa94-666c-47c7-8024-3ada55195a51"",""deployment"":""42412646-2416-4151-961a-a5fdc7d330f4"",""replica"":""d4d8ee4d-0d09-4840-a8d5-cf43db94e704""}",2026-04-03T00:04:44.694393302Z
[DB] Synced 0 accounts to database,info,"{""level"":""info""}","{""project"":""ce3616d9-58ad-4ec7-a294-1821e1564434"",""environment"":""fb6513d0-42a4-4660-82b5-509c54b15f2a"",""service"":""4978aa94-666c-47c7-8024-3ada55195a51"",""deployment"":""42412646-2416-4151-961a-a5fdc7d330f4"",""replica"":""d4d8ee4d-0d09-4840-a8d5-cf43db94e704""}",2026-04-03T00:05:14.923431119Z
2026-04-03 00:05:14 UTC - Services healthy,info,"{""level"":""info""}","{""project"":""ce3616d9-58ad-4ec7-a294-1821e1564434"",""environment"":""fb6513d0-42a4-4660-82b5-509c54b15f2a"",""service"":""4978aa94-666c-47c7-8024-3ada55195a51"",""deployment"":""42412646-2416-4151-961a-a5fdc7d330f4"",""replica"":""d4d8ee4d-0d09-4840-a8d5-cf43db94e704""}",2026-04-03T00:05:14.923438136Z
[DB] Synced 0 accounts to database,info,"{""level"":""info""}","{""project"":""ce3616d9-58ad-4ec7-a294-1821e1564434"",""environment"":""fb6513d0-42a4-4660-82b5-509c54b15f2a"",""service"":""4978aa94-666c-47c7-8024-3ada55195a51"",""deployment"":""42412646-2416-4151-961a-a5fdc7d330f4"",""replica"":""d4d8ee4d-0d09-4840-a8d5-cf43db94e704""}",2026-04-03T00:05:45.022057976Z
2026-04-03 00:05:44 UTC - Services healthy,info,"{""level"":""info""}","{""project"":""ce3616d9-58ad-4ec7-a294-1821e1564434"",""environment"":""fb6513d0-42a4-4660-82b5-509c54b15f2a"",""service"":""4978aa94-666c-47c7-8024-3ada55195a51"",""deployment"":""42412646-2416-4151-961a-a5fdc7d330f4"",""replica"":""d4d8ee4d-0d09-4840-a8d5-cf43db94e704""}",2026-04-03T00:05:45.022063052Z
[DB] Synced 0 accounts to database,info,"{""level"":""info""}","{""project"":""ce3616d9-58ad-4ec7-a294-1821e1564434"",""environment"":""fb6513d0-42a4-4660-82b5-509c54b15f2a"",""service"":""4978aa94-666c-47c7-8024-3ada55195a51"",""deployment"":""42412646-2416-4151-961a-a5fdc7d330f4"",""replica"":""d4d8ee4d-0d09-4840-a8d5-cf43db94e704""}",2026-04-03T00:06:15.023579178Z
2026-04-03 00:06:14 UTC - Services healthy,info,"{""level"":""info""}","{""project"":""ce3616d9-58ad-4ec7-a294-1821e1564434"",""environment"":""fb6513d0-42a4-4660-82b5-509c54b15f2a"",""service"":""4978aa94-666c-47c7-8024-3ada55195a51"",""deployment"":""42412646-2416-4151-961a-a5fdc7d330f4"",""replica"":""d4d8ee4d-0d09-4840-a8d5-cf43db94e704""}",2026-04-03T00:06:15.023638688Z
[DB] Synced 0 accounts to database,info,"{""level"":""info""}","{""project"":""ce3616d9-58ad-4ec7-a294-1821e1564434"",""environment"":""fb6513d0-42a4-4660-82b5-509c54b15f2a"",""service"":""4978aa94-666c-47c7-8024-3ada55195a51"",""deployment"":""42412646-2416-4151-961a-a5fdc7d330f4"",""replica"":""d4d8ee4d-0d09-4840-a8d5-cf43db94e704""}",2026-04-03T00:06:45.109907571Z
2026-04-03 00:06:44 UTC - Services healthy,info,"{""level"":""info""}","{""project"":""ce3616d9-58ad-4ec7-a294-1821e1564434"",""environment"":""fb6513d0-42a4-4660-82b5-509c54b15f2a"",""service"":""4978aa94-666c-47c7-8024-3ada55195a51"",""deployment"":""42412646-2416-4151-961a-a5fdc7d330f4"",""replica"":""d4d8ee4d-0d09-4840-a8d5-cf43db94e704""}",2026-04-03T00:06:45.109915506Z
[DB] Synced 0 accounts to database,info,"{""level"":""info""}","{""project"":""ce3616d9-58ad-4ec7-a294-1821e1564434"",""environment"":""fb6513d0-42a4-4660-82b5-509c54b15f2a"",""service"":""4978aa94-666c-47c7-8024-3ada55195a51"",""deployment"":""42412646-2416-4151-961a-a5fdc7d330f4"",""replica"":""d4d8ee4d-0d09-4840-a8d5-cf43db94e704""}",2026-04-03T00:07:15.125719728Z
2026-04-03 00:07:14 UTC - Services healthy,info,"{""level"":""info""}","{""project"":""ce3616d9-58ad-4ec7-a294-1821e1564434"",""environment"":""fb6513d0-42a4-4660-82b5-509c54b15f2a"",""service"":""4978aa94-666c-47c7-8024-3ada55195a51"",""deployment"":""42412646-2416-4151-961a-a5fdc7d330f4"",""replica"":""d4d8ee4d-0d09-4840-a8d5-cf43db94e704""}",2026-04-03T00:07:15.125726266Z
[DB] Synced 0 accounts to database,info,"{""level"":""info""}","{""project"":""ce3616d9-58ad-4ec7-a294-1821e1564434"",""environment"":""fb6513d0-42a4-4660-82b5-509c54b15f2a"",""service"":""4978aa94-666c-47c7-8024-3ada55195a51"",""deployment"":""42412646-2416-4151-961a-a5fdc7d330f4"",""replica"":""d4d8ee4d-0d09-4840-a8d5-cf43db94e704""}",2026-04-03T00:07:45.304253098Z
2026-04-03 00:07:44 UTC - Services healthy,info,"{""level"":""info""}","{""project"":""ce3616d9-58ad-4ec7-a294-1821e1564434"",""environment"":""fb6513d0-42a4-4660-82b5-509c54b15f2a"",""service"":""4978aa94-666c-47c7-8024-3ada55195a51"",""deployment"":""42412646-2416-4151-961a-a5fdc7d330f4"",""replica"":""d4d8ee4d-0d09-4840-a8d5-cf43db94e704""}",2026-04-03T00:07:45.304262493Z
[DB] Synced 0 accounts to database,info,"{""level"":""info""}","{""project"":""ce3616d9-58ad-4ec7-a294-1821e1564434"",""environment"":""fb6513d0-42a4-4660-82b5-509c54b15f2a"",""service"":""4978aa94-666c-47c7-8024-3ada55195a51"",""deployment"":""42412646-2416-4151-961a-a5fdc7d330f4"",""replica"":""d4d8ee4d-0d09-4840-a8d5-cf43db94e704""}",2026-04-03T00:08:15.284350105Z
2026-04-03 00:08:14 UTC - Services healthy,info,"{""level"":""info""}","{""project"":""ce3616d9-58ad-4ec7-a294-1821e1564434"",""environment"":""fb6513d0-42a4-4660-82b5-509c54b15f2a"",""service"":""4978aa94-666c-47c7-8024-3ada55195a51"",""deployment"":""42412646-2416-4151-961a-a5fdc7d330f4"",""replica"":""d4d8ee4d-0d09-4840-a8d5-cf43db94e704""}",2026-04-03T00:08:15.284355028Z
[DB] Synced 0 accounts to database,info,"{""level"":""info""}","{""project"":""ce3616d9-58ad-4ec7-a294-1821e1564434"",""environment"":""fb6513d0-42a4-4660-82b5-509c54b15f2a"",""service"":""4978aa94-666c-47c7-8024-3ada55195a51"",""deployment"":""42412646-2416-4151-961a-a5fdc7d330f4"",""replica"":""d4d8ee4d-0d09-4840-a8d5-cf43db94e704""}",2026-04-03T00:08:45.559431001Z
2026-04-03 00:08:44 UTC - Services healthy,info,"{""level"":""info""}","{""project"":""ce3616d9-58ad-4ec7-a294-1821e1564434"",""environment"":""fb6513d0-42a4-4660-82b5-509c54b15f2a"",""service"":""4978aa94-666c-47c7-8024-3ada55195a51"",""deployment"":""42412646-2416-4151-961a-a5fdc7d330f4"",""replica"":""d4d8ee4d-0d09-4840-a8d5-cf43db94e704""}",2026-04-03T00:08:45.559438247Z
[DB] Synced 0 accounts to database,info,"{""level"":""info""}","{""project"":""ce3616d9-58ad-4ec7-a294-1821e1564434"",""environment"":""fb6513d0-42a4-4660-82b5-509c54b15f2a"",""service"":""4978aa94-666c-47c7-8024-3ada55195a51"",""deployment"":""42412646-2416-4151-961a-a5fdc7d330f4"",""replica"":""d4d8ee4d-0d09-4840-a8d5-cf43db94e704""}",2026-04-03T00:09:15.915529613Z
2026-04-03 00:09:14 UTC - Services healthy,info,"{""level"":""info""}","{""project"":""ce3616d9-58ad-4ec7-a294-1821e1564434"",""environment"":""fb6513d0-42a4-4660-82b5-509c54b15f2a"",""service"":""4978aa94-666c-47c7-8024-3ada55195a51"",""deployment"":""42412646-2416-4151-961a-a5fdc7d330f4"",""replica"":""d4d8ee4d-0d09-4840-a8d5-cf43db94e704""}",2026-04-03T00:09:15.915536425Z
[DB] Synced 0 accounts to database,info,"{""level"":""info""}","{""project"":""ce3616d9-58ad-4ec7-a294-1821e1564434"",""environment"":""fb6513d0-42a4-4660-82b5-509c54b15f2a"",""service"":""4978aa94-666c-47c7-8024-3ada55195a51"",""deployment"":""42412646-2416-4151-961a-a5fdc7d330f4"",""replica"":""d4d8ee4d-0d09-4840-a8d5-cf43db94e704""}",2026-04-03T00:09:46.132048350Z
2026-04-03 00:09:44 UTC - Services healthy,info,"{""level"":""info""}","{""project"":""ce3616d9-58ad-4ec7-a294-1821e1564434"",""environment"":""fb6513d0-42a4-4660-82b5-509c54b15f2a"",""service"":""4978aa94-666c-47c7-8024-3ada55195a51"",""deployment"":""42412646-2416-4151-961a-a5fdc7d330f4"",""replica"":""d4d8ee4d-0d09-4840-a8d5-cf43db94e704""}",2026-04-03T00:09:46.132052591Z
[DB] Synced 0 accounts to database,info,"{""level"":""info""}","{""project"":""ce3616d9-58ad-4ec7-a294-1821e1564434"",""environment"":""fb6513d0-42a4-4660-82b5-509c54b15f2a"",""service"":""4978aa94-666c-47c7-8024-3ada55195a51"",""deployment"":""42412646-2416-4151-961a-a5fdc7d330f4"",""replica"":""d4d8ee4d-0d09-4840-a8d5-cf43db94e704""}",2026-04-03T00:10:16.292764493Z
2026-04-03 00:10:14 UTC - Services healthy,info,"{""level"":""info""}","{""project"":""ce3616d9-58ad-4ec7-a294-1821e1564434"",""environment"":""fb6513d0-42a4-4660-82b5-509c54b15f2a"",""service"":""4978aa94-666c-47c7-8024-3ada55195a51"",""deployment"":""42412646-2416-4151-961a-a5fdc7d330f4"",""replica"":""d4d8ee4d-0d09-4840-a8d5-cf43db94e704""}",2026-04-03T00:10:16.292775651Z
[DB] Synced 0 accounts to database,info,"{""level"":""info""}","{""project"":""ce3616d9-58ad-4ec7-a294-1821e1564434"",""environment"":""fb6513d0-42a4-4660-82b5-509c54b15f2a"",""service"":""4978aa94-666c-47c7-8024-3ada55195a51"",""deployment"":""42412646-2416-4151-961a-a5fdc7d330f4"",""replica"":""d4d8ee4d-0d09-4840-a8d5-cf43db94e704""}",2026-04-03T00:10:46.375814872Z
2026-04-03 00:10:44 UTC - Services healthy,info,"{""level"":""info""}","{""project"":""ce3616d9-58ad-4ec7-a294-1821e1564434"",""environment"":""fb6513d0-42a4-4660-82b5-509c54b15f2a"",""service"":""4978aa94-666c-47c7-8024-3ada55195a51"",""deployment"":""42412646-2416-4151-961a-a5fdc7d330f4"",""replica"":""d4d8ee4d-0d09-4840-a8d5-cf43db94e704""}",2026-04-03T00:10:46.375821518Z
[DB] Synced 0 accounts to database,info,"{""level"":""info""}","{""project"":""ce3616d9-58ad-4ec7-a294-1821e1564434"",""environment"":""fb6513d0-42a4-4660-82b5-509c54b15f2a"",""service"":""4978aa94-666c-47c7-8024-3ada55195a51"",""deployment"":""42412646-2416-4151-961a-a5fdc7d330f4"",""replica"":""d4d8ee4d-0d09-4840-a8d5-cf43db94e704""}",2026-04-03T00:11:16.443218431Z
2026-04-03 00:11:14 UTC - Services healthy,info,"{""level"":""info""}","{""project"":""ce3616d9-58ad-4ec7-a294-1821e1564434"",""environment"":""fb6513d0-42a4-4660-82b5-509c54b15f2a"",""service"":""4978aa94-666c-47c7-8024-3ada55195a51"",""deployment"":""42412646-2416-4151-961a-a5fdc7d330f4"",""replica"":""d4d8ee4d-0d09-4840-a8d5-cf43db94e704""}",2026-04-03T00:11:16.443227440Z
[DB] Synced 0 accounts to database,info,"{""level"":""info""}","{""project"":""ce3616d9-58ad-4ec7-a294-1821e1564434"",""environment"":""fb6513d0-42a4-4660-82b5-509c54b15f2a"",""service"":""4978aa94-666c-47c7-8024-3ada55195a51"",""deployment"":""42412646-2416-4151-961a-a5fdc7d330f4"",""replica"":""d4d8ee4d-0d09-4840-a8d5-cf43db94e704""}",2026-04-03T00:11:46.487422220Z
2026-04-03 00:11:44 UTC - Services healthy,info,"{""level"":""info""}","{""project"":""ce3616d9-58ad-4ec7-a294-1821e1564434"",""environment"":""fb6513d0-42a4-4660-82b5-509c54b15f2a"",""service"":""4978aa94-666c-47c7-8024-3ada55195a51"",""deployment"":""42412646-2416-4151-961a-a5fdc7d330f4"",""replica"":""d4d8ee4d-0d09-4840-a8d5-cf43db94e704""}",2026-04-03T00:11:46.487428269Z
[DB] Synced 0 accounts to database,info,"{""level"":""info""}","{""project"":""ce3616d9-58ad-4ec7-a294-1821e1564434"",""environment"":""fb6513d0-42a4-4660-82b5-509c54b15f2a"",""service"":""4978aa94-666c-47c7-8024-3ada55195a51"",""deployment"":""42412646-2416-4151-961a-a5fdc7d330f4"",""replica"":""d4d8ee4d-0d09-4840-a8d5-cf43db94e704""}",2026-04-03T00:12:16.716076259Z
2026-04-03 00:12:14 UTC - Services healthy,info,"{""level"":""info""}","{""project"":""ce3616d9-58ad-4ec7-a294-1821e1564434"",""environment"":""fb6513d0-42a4-4660-82b5-509c54b15f2a"",""service"":""4978aa94-666c-47c7-8024-3ada55195a51"",""deployment"":""42412646-2416-4151-961a-a5fdc7d330f4"",""replica"":""d4d8ee4d-0d09-4840-a8d5-cf43db94e704""}",2026-04-03T00:12:16.716082845Z
[DB] Synced 0 accounts to database,info,"{""level"":""info""}","{""project"":""ce3616d9-58ad-4ec7-a294-1821e1564434"",""environment"":""fb6513d0-42a4-4660-82b5-509c54b15f2a"",""service"":""4978aa94-666c-47c7-8024-3ada55195a51"",""deployment"":""42412646-2416-4151-961a-a5fdc7d330f4"",""replica"":""d4d8ee4d-0d09-4840-a8d5-cf43db94e704""}",2026-04-03T00:12:46.719510344Z
2026-04-03 00:12:44 UTC - Services healthy,info,"{""level"":""info""}","{""project"":""ce3616d9-58ad-4ec7-a294-1821e1564434"",""environment"":""fb6513d0-42a4-4660-82b5-509c54b15f2a"",""service"":""4978aa94-666c-47c7-8024-3ada55195a51"",""deployment"":""42412646-2416-4151-961a-a5fdc7d330f4"",""replica"":""d4d8ee4d-0d09-4840-a8d5-cf43db94e704""}",2026-04-03T00:12:46.719518298Z
[DB] Synced 0 accounts to database,info,"{""level"":""info""}","{""project"":""ce3616d9-58ad-4ec7-a294-1821e1564434"",""environment"":""fb6513d0-42a4-4660-82b5-509c54b15f2a"",""service"":""4978aa94-666c-47c7-8024-3ada55195a51"",""deployment"":""42412646-2416-4151-961a-a5fdc7d330f4"",""replica"":""d4d8ee4d-0d09-4840-a8d5-cf43db94e704""}",2026-04-03T00:13:16.739540434Z
2026-04-03 00:13:14 UTC - Services healthy,info,"{""level"":""info""}","{""project"":""ce3616d9-58ad-4ec7-a294-1821e1564434"",""environment"":""fb6513d0-42a4-4660-82b5-509c54b15f2a"",""service"":""4978aa94-666c-47c7-8024-3ada55195a51"",""deployment"":""42412646-2416-4151-961a-a5fdc7d330f4"",""replica"":""d4d8ee4d-0d09-4840-a8d5-cf43db94e704""}",2026-04-03T00:13:16.739548572Z
[DB] Synced 0 accounts to database,info,"{""level"":""info""}","{""project"":""ce3616d9-58ad-4ec7-a294-1821e1564434"",""environment"":""fb6513d0-42a4-4660-82b5-509c54b15f2a"",""service"":""4978aa94-666c-47c7-8024-3ada55195a51"",""deployment"":""42412646-2416-4151-961a-a5fdc7d330f4"",""replica"":""d4d8ee4d-0d09-4840-a8d5-cf43db94e704""}",2026-04-03T00:13:46.762103013Z
2026-04-03 00:13:44 UTC - Services healthy,info,"{""level"":""info""}","{""project"":""ce3616d9-58ad-4ec7-a294-1821e1564434"",""environment"":""fb6513d0-42a4-4660-82b5-509c54b15f2a"",""service"":""4978aa94-666c-47c7-8024-3ada55195a51"",""deployment"":""42412646-2416-4151-961a-a5fdc7d330f4"",""replica"":""d4d8ee4d-0d09-4840-a8d5-cf43db94e704""}",2026-04-03T00:13:46.762109237Z
[DB] Synced 0 accounts to database,info,"{""level"":""info""}","{""project"":""ce3616d9-58ad-4ec7-a294-1821e1564434"",""environment"":""fb6513d0-42a4-4660-82b5-509c54b15f2a"",""service"":""4978aa94-666c-47c7-8024-3ada55195a51"",""deployment"":""42412646-2416-4151-961a-a5fdc7d330f4"",""replica"":""d4d8ee4d-0d09-4840-a8d5-cf43db94e704""}",2026-04-03T00:14:17.194025326Z
2026-04-03 00:14:14 UTC - Services healthy,info,"{""level"":""info""}","{""project"":""ce3616d9-58ad-4ec7-a294-1821e1564434"",""environment"":""fb6513d0-42a4-4660-82b5-509c54b15f2a"",""service"":""4978aa94-666c-47c7-8024-3ada55195a51"",""deployment"":""42412646-2416-4151-961a-a5fdc7d330f4"",""replica"":""d4d8ee4d-0d09-4840-a8d5-cf43db94e704""}",2026-04-03T00:14:17.194030676Z
[DB] Synced 0 accounts to database,info,"{""level"":""info""}","{""project"":""ce3616d9-58ad-4ec7-a294-1821e1564434"",""environment"":""fb6513d0-42a4-4660-82b5-509c54b15f2a"",""service"":""4978aa94-666c-47c7-8024-3ada55195a51"",""deployment"":""42412646-2416-4151-961a-a5fdc7d330f4"",""replica"":""d4d8ee4d-0d09-4840-a8d5-cf43db94e704""}",2026-04-03T00:14:47.197009331Z
2026-04-03 00:14:44 UTC - Services healthy,info,"{""level"":""info""}","{""project"":""ce3616d9-58ad-4ec7-a294-1821e1564434"",""environment"":""fb6513d0-42a4-4660-82b5-509c54b15f2a"",""service"":""4978aa94-666c-47c7-8024-3ada55195a51"",""deployment"":""42412646-2416-4151-961a-a5fdc7d330f4"",""replica"":""d4d8ee4d-0d09-4840-a8d5-cf43db94e704""}",2026-04-03T00:14:47.197014350Z
[DB] Synced 0 accounts to database,info,"{""level"":""info""}","{""project"":""ce3616d9-58ad-4ec7-a294-1821e1564434"",""environment"":""fb6513d0-42a4-4660-82b5-509c54b15f2a"",""service"":""4978aa94-666c-47c7-8024-3ada55195a51"",""deployment"":""42412646-2416-4151-961a-a5fdc7d330f4"",""replica"":""d4d8ee4d-0d09-4840-a8d5-cf43db94e704""}",2026-04-03T00:15:17.339625676Z
2026-04-03 00:15:14 UTC - Services healthy,info,"{""level"":""info""}","{""project"":""ce3616d9-58ad-4ec7-a294-1821e1564434"",""environment"":""fb6513d0-42a4-4660-82b5-509c54b15f2a"",""service"":""4978aa94-666c-47c7-8024-3ada55195a51"",""deployment"":""42412646-2416-4151-961a-a5fdc7d330f4"",""replica"":""d4d8ee4d-0d09-4840-a8d5-cf43db94e704""}",2026-04-03T00:15:17.339633918Z
[DB] Synced 0 accounts to database,info,"{""level"":""info""}","{""project"":""ce3616d9-58ad-4ec7-a294-1821e1564434"",""environment"":""fb6513d0-42a4-4660-82b5-509c54b15f2a"",""service"":""4978aa94-666c-47c7-8024-3ada55195a51"",""deployment"":""42412646-2416-4151-961a-a5fdc7d330f4"",""replica"":""d4d8ee4d-0d09-4840-a8d5-cf43db94e704""}",2026-04-03T00:15:47.397960658Z
2026-04-03 00:15:44 UTC - Services healthy,info,"{""level"":""info""}","{""project"":""ce3616d9-58ad-4ec7-a294-1821e1564434"",""environment"":""fb6513d0-42a4-4660-82b5-509c54b15f2a"",""service"":""4978aa94-666c-47c7-8024-3ada55195a51"",""deployment"":""42412646-2416-4151-961a-a5fdc7d330f4"",""replica"":""d4d8ee4d-0d09-4840-a8d5-cf43db94e704""}",2026-04-03T00:15:47.397965367Z
[DB] Synced 0 accounts to database,info,"{""level"":""info""}","{""project"":""ce3616d9-58ad-4ec7-a294-1821e1564434"",""environment"":""fb6513d0-42a4-4660-82b5-509c54b15f2a"",""service"":""4978aa94-666c-47c7-8024-3ada55195a51"",""deployment"":""42412646-2416-4151-961a-a5fdc7d330f4"",""replica"":""d4d8ee4d-0d09-4840-a8d5-cf43db94e704""}",2026-04-03T00:16:17.374646595Z
2026-04-03 00:16:14 UTC - Services healthy,info,"{""level"":""info""}","{""project"":""ce3616d9-58ad-4ec7-a294-1821e1564434"",""environment"":""fb6513d0-42a4-4660-82b5-509c54b15f2a"",""service"":""4978aa94-666c-47c7-8024-3ada55195a51"",""deployment"":""42412646-2416-4151-961a-a5fdc7d330f4"",""replica"":""d4d8ee4d-0d09-4840-a8d5-cf43db94e704""}",2026-04-03T00:16:17.374658794Z
[DB] Synced 0 accounts to database,info,"{""level"":""info""}","{""project"":""ce3616d9-58ad-4ec7-a294-1821e1564434"",""environment"":""fb6513d0-42a4-4660-82b5-509c54b15f2a"",""service"":""4978aa94-666c-47c7-8024-3ada55195a51"",""deployment"":""42412646-2416-4151-961a-a5fdc7d330f4"",""replica"":""d4d8ee4d-0d09-4840-a8d5-cf43db94e704""}",2026-04-03T00:16:47.598416366Z
2026-04-03 00:16:44 UTC - Services healthy,info,"{""level"":""info""}","{""project"":""ce3616d9-58ad-4ec7-a294-1821e1564434"",""environment"":""fb6513d0-42a4-4660-82b5-509c54b15f2a"",""service"":""4978aa94-666c-47c7-8024-3ada55195a51"",""deployment"":""42412646-2416-4151-961a-a5fdc7d330f4"",""replica"":""d4d8ee4d-0d09-4840-a8d5-cf43db94e704""}",2026-04-03T00:16:47.598422224Z
[DB] Synced 0 accounts to database,info,"{""level"":""info""}","{""project"":""ce3616d9-58ad-4ec7-a294-1821e1564434"",""environment"":""fb6513d0-42a4-4660-82b5-509c54b15f2a"",""service"":""4978aa94-666c-47c7-8024-3ada55195a51"",""deployment"":""42412646-2416-4151-961a-a5fdc7d330f4"",""replica"":""d4d8ee4d-0d09-4840-a8d5-cf43db94e704""}",2026-04-03T00:17:18.092781528Z
2026-04-03 00:17:14 UTC - Services healthy,info,"{""level"":""info""}","{""project"":""ce3616d9-58ad-4ec7-a294-1821e1564434"",""environment"":""fb6513d0-42a4-4660-82b5-509c54b15f2a"",""service"":""4978aa94-666c-47c7-8024-3ada55195a51"",""deployment"":""42412646-2416-4151-961a-a5fdc7d330f4"",""replica"":""d4d8ee4d-0d09-4840-a8d5-cf43db94e704""}",2026-04-03T00:17:18.092785771Z
[DB] Synced 0 accounts to database,info,"{""level"":""info""}","{""project"":""ce3616d9-58ad-4ec7-a294-1821e1564434"",""environment"":""fb6513d0-42a4-4660-82b5-509c54b15f2a"",""service"":""4978aa94-666c-47c7-8024-3ada55195a51"",""deployment"":""42412646-2416-4151-961a-a5fdc7d330f4"",""replica"":""d4d8ee4d-0d09-4840-a8d5-cf43db94e704""}",2026-04-03T00:17:48.113005960Z
2026-04-03 00:17:44 UTC - Services healthy,info,"{""level"":""info""}","{""project"":""ce3616d9-58ad-4ec7-a294-1821e1564434"",""environment"":""fb6513d0-42a4-4660-82b5-509c54b15f2a"",""service"":""4978aa94-666c-47c7-8024-3ada55195a51"",""deployment"":""42412646-2416-4151-961a-a5fdc7d330f4"",""replica"":""d4d8ee4d-0d09-4840-a8d5-cf43db94e704""}",2026-04-03T00:17:48.113013278Z
[DB] Synced 0 accounts to database,info,"{""level"":""info""}","{""project"":""ce3616d9-58ad-4ec7-a294-1821e1564434"",""environment"":""fb6513d0-42a4-4660-82b5-509c54b15f2a"",""service"":""4978aa94-666c-47c7-8024-3ada55195a51"",""deployment"":""42412646-2416-4151-961a-a5fdc7d330f4"",""replica"":""d4d8ee4d-0d09-4840-a8d5-cf43db94e704""}",2026-04-03T00:18:19.059238860Z
2026-04-03 00:18:14 UTC - Services healthy,info,"{""level"":""info""}","{""project"":""ce3616d9-58ad-4ec7-a294-1821e1564434"",""environment"":""fb6513d0-42a4-4660-82b5-509c54b15f2a"",""service"":""4978aa94-666c-47c7-8024-3ada55195a51"",""deployment"":""42412646-2416-4151-961a-a5fdc7d330f4"",""replica"":""d4d8ee4d-0d09-4840-a8d5-cf43db94e704""}",2026-04-03T00:18:19.059243343Z
[DB] Synced 0 accounts to database,info,"{""level"":""info""}","{""project"":""ce3616d9-58ad-4ec7-a294-1821e1564434"",""environment"":""fb6513d0-42a4-4660-82b5-509c54b15f2a"",""service"":""4978aa94-666c-47c7-8024-3ada55195a51"",""deployment"":""42412646-2416-4151-961a-a5fdc7d330f4"",""replica"":""d4d8ee4d-0d09-4840-a8d5-cf43db94e704""}",2026-04-03T00:18:49.361437482Z
2026-04-03 00:18:44 UTC - Services healthy,info,"{""level"":""info""}","{""project"":""ce3616d9-58ad-4ec7-a294-1821e1564434"",""environment"":""fb6513d0-42a4-4660-82b5-509c54b15f2a"",""service"":""4978aa94-666c-47c7-8024-3ada55195a51"",""deployment"":""42412646-2416-4151-961a-a5fdc7d330f4"",""replica"":""d4d8ee4d-0d09-4840-a8d5-cf43db94e704""}",2026-04-03T00:18:49.361443704Z
[DB] Synced 0 accounts to database,info,"{""level"":""info""}","{""project"":""ce3616d9-58ad-4ec7-a294-1821e1564434"",""environment"":""fb6513d0-42a4-4660-82b5-509c54b15f2a"",""service"":""4978aa94-666c-47c7-8024-3ada55195a51"",""deployment"":""42412646-2416-4151-961a-a5fdc7d330f4"",""replica"":""d4d8ee4d-0d09-4840-a8d5-cf43db94e704""}",2026-04-03T00:19:19.470674713Z
2026-04-03 00:19:14 UTC - Services healthy,info,"{""level"":""info""}","{""project"":""ce3616d9-58ad-4ec7-a294-1821e1564434"",""environment"":""fb6513d0-42a4-4660-82b5-509c54b15f2a"",""service"":""4978aa94-666c-47c7-8024-3ada55195a51"",""deployment"":""42412646-2416-4151-961a-a5fdc7d330f4"",""replica"":""d4d8ee4d-0d09-4840-a8d5-cf43db94e704""}",2026-04-03T00:19:19.470679806Z
[DB] Synced 0 accounts to database,info,"{""level"":""info""}","{""project"":""ce3616d9-58ad-4ec7-a294-1821e1564434"",""environment"":""fb6513d0-42a4-4660-82b5-509c54b15f2a"",""service"":""4978aa94-666c-47c7-8024-3ada55195a51"",""deployment"":""42412646-2416-4151-961a-a5fdc7d330f4"",""replica"":""d4d8ee4d-0d09-4840-a8d5-cf43db94e704""}",2026-04-03T00:19:49.840785014Z
2026-04-03 00:19:44 UTC - Services healthy,info,"{""level"":""info""}","{""project"":""ce3616d9-58ad-4ec7-a294-1821e1564434"",""environment"":""fb6513d0-42a4-4660-82b5-509c54b15f2a"",""service"":""4978aa94-666c-47c7-8024-3ada55195a51"",""deployment"":""42412646-2416-4151-961a-a5fdc7d330f4"",""replica"":""d4d8ee4d-0d09-4840-a8d5-cf43db94e704""}",2026-04-03T00:19:49.840790899Z
[DB] Synced 0 accounts to database,info,"{""level"":""info""}","{""project"":""ce3616d9-58ad-4ec7-a294-1821e1564434"",""environment"":""fb6513d0-42a4-4660-82b5-509c54b15f2a"",""service"":""4978aa94-666c-47c7-8024-3ada55195a51"",""deployment"":""42412646-2416-4151-961a-a5fdc7d330f4"",""replica"":""d4d8ee4d-0d09-4840-a8d5-cf43db94e704""}",2026-04-03T00:20:19.501025309Z
2026-04-03 00:20:14 UTC - Services healthy,info,"{""level"":""info""}","{""project"":""ce3616d9-58ad-4ec7-a294-1821e1564434"",""environment"":""fb6513d0-42a4-4660-82b5-509c54b15f2a"",""service"":""4978aa94-666c-47c7-8024-3ada55195a51"",""deployment"":""42412646-2416-4151-961a-a5fdc7d330f4"",""replica"":""d4d8ee4d-0d09-4840-a8d5-cf43db94e704""}",2026-04-03T00:20:19.501031119Z
[DB] Synced 0 accounts to database,info,"{""level"":""info""}","{""project"":""ce3616d9-58ad-4ec7-a294-1821e1564434"",""environment"":""fb6513d0-42a4-4660-82b5-509c54b15f2a"",""service"":""4978aa94-666c-47c7-8024-3ada55195a51"",""deployment"":""42412646-2416-4151-961a-a5fdc7d330f4"",""replica"":""d4d8ee4d-0d09-4840-a8d5-cf43db94e704""}",2026-04-03T00:20:49.535125220Z
2026-04-03 00:20:44 UTC - Services healthy,info,"{""level"":""info""}","{""project"":""ce3616d9-58ad-4ec7-a294-1821e1564434"",""environment"":""fb6513d0-42a4-4660-82b5-509c54b15f2a"",""service"":""4978aa94-666c-47c7-8024-3ada55195a51"",""deployment"":""42412646-2416-4151-961a-a5fdc7d330f4"",""replica"":""d4d8ee4d-0d09-4840-a8d5-cf43db94e704""}",2026-04-03T00:20:49.535135775Z
[DB] Synced 0 accounts to database,info,"{""level"":""info""}","{""project"":""ce3616d9-58ad-4ec7-a294-1821e1564434"",""environment"":""fb6513d0-42a4-4660-82b5-509c54b15f2a"",""service"":""4978aa94-666c-47c7-8024-3ada55195a51"",""deployment"":""42412646-2416-4151-961a-a5fdc7d330f4"",""replica"":""d4d8ee4d-0d09-4840-a8d5-cf43db94e704""}",2026-04-03T00:21:19.400654867Z
2026-04-03 00:21:14 UTC - Services healthy,info,"{""level"":""info""}","{""project"":""ce3616d9-58ad-4ec7-a294-1821e1564434"",""environment"":""fb6513d0-42a4-4660-82b5-509c54b15f2a"",""service"":""4978aa94-666c-47c7-8024-3ada55195a51"",""deployment"":""42412646-2416-4151-961a-a5fdc7d330f4"",""replica"":""d4d8ee4d-0d09-4840-a8d5-cf43db94e704""}",2026-04-03T00:21:19.400662661Z
[DB] Synced 0 accounts to database,info,"{""level"":""info""}","{""project"":""ce3616d9-58ad-4ec7-a294-1821e1564434"",""environment"":""fb6513d0-42a4-4660-82b5-509c54b15f2a"",""service"":""4978aa94-666c-47c7-8024-3ada55195a51"",""deployment"":""42412646-2416-4151-961a-a5fdc7d330f4"",""replica"":""d4d8ee4d-0d09-4840-a8d5-cf43db94e704""}",2026-04-03T00:21:49.410565950Z
2026-04-03 00:21:44 UTC - Services healthy,info,"{""level"":""info""}","{""project"":""ce3616d9-58ad-4ec7-a294-1821e1564434"",""environment"":""fb6513d0-42a4-4660-82b5-509c54b15f2a"",""service"":""4978aa94-666c-47c7-8024-3ada55195a51"",""deployment"":""42412646-2416-4151-961a-a5fdc7d330f4"",""replica"":""d4d8ee4d-0d09-4840-a8d5-cf43db94e704""}",2026-04-03T00:21:49.410578857Z
[DB] Synced 0 accounts to database,info,"{""level"":""info""}","{""project"":""ce3616d9-58ad-4ec7-a294-1821e1564434"",""environment"":""fb6513d0-42a4-4660-82b5-509c54b15f2a"",""service"":""4978aa94-666c-47c7-8024-3ada55195a51"",""deployment"":""42412646-2416-4151-961a-a5fdc7d330f4"",""replica"":""d4d8ee4d-0d09-4840-a8d5-cf43db94e704""}",2026-04-03T00:22:19.352124262Z
2026-04-03 00:22:14 UTC - Services healthy,info,"{""level"":""info""}","{""project"":""ce3616d9-58ad-4ec7-a294-1821e1564434"",""environment"":""fb6513d0-42a4-4660-82b5-509c54b15f2a"",""service"":""4978aa94-666c-47c7-8024-3ada55195a51"",""deployment"":""42412646-2416-4151-961a-a5fdc7d330f4"",""replica"":""d4d8ee4d-0d09-4840-a8d5-cf43db94e704""}",2026-04-03T00:22:19.352130704Z
[DB] Synced 0 accounts to database,info,"{""level"":""info""}","{""project"":""ce3616d9-58ad-4ec7-a294-1821e1564434"",""environment"":""fb6513d0-42a4-4660-82b5-509c54b15f2a"",""service"":""4978aa94-666c-47c7-8024-3ada55195a51"",""deployment"":""42412646-2416-4151-961a-a5fdc7d330f4"",""replica"":""d4d8ee4d-0d09-4840-a8d5-cf43db94e704""}",2026-04-03T00:22:49.232107035Z
2026-04-03 00:22:44 UTC - Services healthy,info,"{""level"":""info""}","{""project"":""ce3616d9-58ad-4ec7-a294-1821e1564434"",""environment"":""fb6513d0-42a4-4660-82b5-509c54b15f2a"",""service"":""4978aa94-666c-47c7-8024-3ada55195a51"",""deployment"":""42412646-2416-4151-961a-a5fdc7d330f4"",""replica"":""d4d8ee4d-0d09-4840-a8d5-cf43db94e704""}",2026-04-03T00:22:49.232113167Z
[DB] Synced 0 accounts to database,info,"{""level"":""info""}","{""project"":""ce3616d9-58ad-4ec7-a294-1821e1564434"",""environment"":""fb6513d0-42a4-4660-82b5-509c54b15f2a"",""service"":""4978aa94-666c-47c7-8024-3ada55195a51"",""deployment"":""42412646-2416-4151-961a-a5fdc7d330f4"",""replica"":""d4d8ee4d-0d09-4840-a8d5-cf43db94e704""}",2026-04-03T00:23:19.239670120Z
2026-04-03 00:23:14 UTC - Services healthy,info,"{""level"":""info""}","{""project"":""ce3616d9-58ad-4ec7-a294-1821e1564434"",""environment"":""fb6513d0-42a4-4660-82b5-509c54b15f2a"",""service"":""4978aa94-666c-47c7-8024-3ada55195a51"",""deployment"":""42412646-2416-4151-961a-a5fdc7d330f4"",""replica"":""d4d8ee4d-0d09-4840-a8d5-cf43db94e704""}",2026-04-03T00:23:19.239680977Z
[DB] Synced 0 accounts to database,info,"{""level"":""info""}","{""project"":""ce3616d9-58ad-4ec7-a294-1821e1564434"",""environment"":""fb6513d0-42a4-4660-82b5-509c54b15f2a"",""service"":""4978aa94-666c-47c7-8024-3ada55195a51"",""deployment"":""42412646-2416-4151-961a-a5fdc7d330f4"",""replica"":""d4d8ee4d-0d09-4840-a8d5-cf43db94e704""}",2026-04-03T00:23:49.423414361Z
2026-04-03 00:23:44 UTC - Services healthy,info,"{""level"":""info""}","{""project"":""ce3616d9-58ad-4ec7-a294-1821e1564434"",""environment"":""fb6513d0-42a4-4660-82b5-509c54b15f2a"",""service"":""4978aa94-666c-47c7-8024-3ada55195a51"",""deployment"":""42412646-2416-4151-961a-a5fdc7d330f4"",""replica"":""d4d8ee4d-0d09-4840-a8d5-cf43db94e704""}",2026-04-03T00:23:49.423419095Z
[DB] Synced 0 accounts to database,info,"{""level"":""info""}","{""project"":""ce3616d9-58ad-4ec7-a294-1821e1564434"",""environment"":""fb6513d0-42a4-4660-82b5-509c54b15f2a"",""service"":""4978aa94-666c-47c7-8024-3ada55195a51"",""deployment"":""42412646-2416-4151-961a-a5fdc7d330f4"",""replica"":""d4d8ee4d-0d09-4840-a8d5-cf43db94e704""}",2026-04-03T00:24:19.380590863Z
2026-04-03 00:24:14 UTC - Services healthy,info,"{""level"":""info""}","{""project"":""ce3616d9-58ad-4ec7-a294-1821e1564434"",""environment"":""fb6513d0-42a4-4660-82b5-509c54b15f2a"",""service"":""4978aa94-666c-47c7-8024-3ada55195a51"",""deployment"":""42412646-2416-4151-961a-a5fdc7d330f4"",""replica"":""d4d8ee4d-0d09-4840-a8d5-cf43db94e704""}",2026-04-03T00:24:19.380598366Z
[DB] Synced 0 accounts to database,info,"{""level"":""info""}","{""project"":""ce3616d9-58ad-4ec7-a294-1821e1564434"",""environment"":""fb6513d0-42a4-4660-82b5-509c54b15f2a"",""service"":""4978aa94-666c-47c7-8024-3ada55195a51"",""deployment"":""42412646-2416-4151-961a-a5fdc7d330f4"",""replica"":""d4d8ee4d-0d09-4840-a8d5-cf43db94e704""}",2026-04-03T00:24:49.770235798Z
2026-04-03 00:24:44 UTC - Services healthy,info,"{""level"":""info""}","{""project"":""ce3616d9-58ad-4ec7-a294-1821e1564434"",""environment"":""fb6513d0-42a4-4660-82b5-509c54b15f2a"",""service"":""4978aa94-666c-47c7-8024-3ada55195a51"",""deployment"":""42412646-2416-4151-961a-a5fdc7d330f4"",""replica"":""d4d8ee4d-0d09-4840-a8d5-cf43db94e704""}",2026-04-03T00:24:49.770248843Z
[DB] Synced 0 accounts to database,info,"{""level"":""info""}","{""project"":""ce3616d9-58ad-4ec7-a294-1821e1564434"",""environment"":""fb6513d0-42a4-4660-82b5-509c54b15f2a"",""service"":""4978aa94-666c-47c7-8024-3ada55195a51"",""deployment"":""42412646-2416-4151-961a-a5fdc7d330f4"",""replica"":""d4d8ee4d-0d09-4840-a8d5-cf43db94e704""}",2026-04-03T00:25:19.894801444Z
2026-04-03 00:25:14 UTC - Services healthy,info,"{""level"":""info""}","{""project"":""ce3616d9-58ad-4ec7-a294-1821e1564434"",""environment"":""fb6513d0-42a4-4660-82b5-509c54b15f2a"",""service"":""4978aa94-666c-47c7-8024-3ada55195a51"",""deployment"":""42412646-2416-4151-961a-a5fdc7d330f4"",""replica"":""d4d8ee4d-0d09-4840-a8d5-cf43db94e704""}",2026-04-03T00:25:19.894808538Z
[DB] Synced 0 accounts to database,info,"{""level"":""info""}","{""project"":""ce3616d9-58ad-4ec7-a294-1821e1564434"",""environment"":""fb6513d0-42a4-4660-82b5-509c54b15f2a"",""service"":""4978aa94-666c-47c7-8024-3ada55195a51"",""deployment"":""42412646-2416-4151-961a-a5fdc7d330f4"",""replica"":""d4d8ee4d-0d09-4840-a8d5-cf43db94e704""}",2026-04-03T00:25:50.062385599Z
2026-04-03 00:25:44 UTC - Services healthy,info,"{""level"":""info""}","{""project"":""ce3616d9-58ad-4ec7-a294-1821e1564434"",""environment"":""fb6513d0-42a4-4660-82b5-509c54b15f2a"",""service"":""4978aa94-666c-47c7-8024-3ada55195a51"",""deployment"":""42412646-2416-4151-961a-a5fdc7d330f4"",""replica"":""d4d8ee4d-0d09-4840-a8d5-cf43db94e704""}",2026-04-03T00:25:50.062392124Z
[DB] Synced 0 accounts to database,info,"{""level"":""info""}","{""project"":""ce3616d9-58ad-4ec7-a294-1821e1564434"",""environment"":""fb6513d0-42a4-4660-82b5-509c54b15f2a"",""service"":""4978aa94-666c-47c7-8024-3ada55195a51"",""deployment"":""42412646-2416-4151-961a-a5fdc7d330f4"",""replica"":""d4d8ee4d-0d09-4840-a8d5-cf43db94e704""}",2026-04-03T00:26:20.411284469Z
2026-04-03 00:26:14 UTC - Services healthy,info,"{""level"":""info""}","{""project"":""ce3616d9-58ad-4ec7-a294-1821e1564434"",""environment"":""fb6513d0-42a4-4660-82b5-509c54b15f2a"",""service"":""4978aa94-666c-47c7-8024-3ada55195a51"",""deployment"":""42412646-2416-4151-961a-a5fdc7d330f4"",""replica"":""d4d8ee4d-0d09-4840-a8d5-cf43db94e704""}",2026-04-03T00:26:20.411292634Z
[DB] Synced 0 accounts to database,info,"{""level"":""info""}","{""project"":""ce3616d9-58ad-4ec7-a294-1821e1564434"",""environment"":""fb6513d0-42a4-4660-82b5-509c54b15f2a"",""service"":""4978aa94-666c-47c7-8024-3ada55195a51"",""deployment"":""42412646-2416-4151-961a-a5fdc7d330f4"",""replica"":""d4d8ee4d-0d09-4840-a8d5-cf43db94e704""}",2026-04-03T00:26:50.435977946Z
2026-04-03 00:26:44 UTC - Services healthy,info,"{""level"":""info""}","{""project"":""ce3616d9-58ad-4ec7-a294-1821e1564434"",""environment"":""fb6513d0-42a4-4660-82b5-509c54b15f2a"",""service"":""4978aa94-666c-47c7-8024-3ada55195a51"",""deployment"":""42412646-2416-4151-961a-a5fdc7d330f4"",""replica"":""d4d8ee4d-0d09-4840-a8d5-cf43db94e704""}",2026-04-03T00:26:50.435985173Z
[DB] Synced 0 accounts to database,info,"{""level"":""info""}","{""project"":""ce3616d9-58ad-4ec7-a294-1821e1564434"",""environment"":""fb6513d0-42a4-4660-82b5-509c54b15f2a"",""service"":""4978aa94-666c-47c7-8024-3ada55195a51"",""deployment"":""42412646-2416-4151-961a-a5fdc7d330f4"",""replica"":""d4d8ee4d-0d09-4840-a8d5-cf43db94e704""}",2026-04-03T00:27:20.699564208Z
2026-04-03 00:27:14 UTC - Services healthy,info,"{""level"":""info""}","{""project"":""ce3616d9-58ad-4ec7-a294-1821e1564434"",""environment"":""fb6513d0-42a4-4660-82b5-509c54b15f2a"",""service"":""4978aa94-666c-47c7-8024-3ada55195a51"",""deployment"":""42412646-2416-4151-961a-a5fdc7d330f4"",""replica"":""d4d8ee4d-0d09-4840-a8d5-cf43db94e704""}",2026-04-03T00:27:20.699568784Z
[DB] Synced 0 accounts to database,info,"{""level"":""info""}","{""project"":""ce3616d9-58ad-4ec7-a294-1821e1564434"",""environment"":""fb6513d0-42a4-4660-82b5-509c54b15f2a"",""service"":""4978aa94-666c-47c7-8024-3ada55195a51"",""deployment"":""42412646-2416-4151-961a-a5fdc7d330f4"",""replica"":""d4d8ee4d-0d09-4840-a8d5-cf43db94e704""}",2026-04-03T00:27:50.689927098Z
2026-04-03 00:27:44 UTC - Services healthy,info,"{""level"":""info""}","{""project"":""ce3616d9-58ad-4ec7-a294-1821e1564434"",""environment"":""fb6513d0-42a4-4660-82b5-509c54b15f2a"",""service"":""4978aa94-666c-47c7-8024-3ada55195a51"",""deployment"":""42412646-2416-4151-961a-a5fdc7d330f4"",""replica"":""d4d8ee4d-0d09-4840-a8d5-cf43db94e704""}",2026-04-03T00:27:50.689936738Z
[DB] Synced 0 accounts to database,info,"{""level"":""info""}","{""project"":""ce3616d9-58ad-4ec7-a294-1821e1564434"",""environment"":""fb6513d0-42a4-4660-82b5-509c54b15f2a"",""service"":""4978aa94-666c-47c7-8024-3ada55195a51"",""deployment"":""42412646-2416-4151-961a-a5fdc7d330f4"",""replica"":""d4d8ee4d-0d09-4840-a8d5-cf43db94e704""}",2026-04-03T00:28:20.586997728Z
2026-04-03 00:28:14 UTC - Services healthy,info,"{""level"":""info""}","{""project"":""ce3616d9-58ad-4ec7-a294-1821e1564434"",""environment"":""fb6513d0-42a4-4660-82b5-509c54b15f2a"",""service"":""4978aa94-666c-47c7-8024-3ada55195a51"",""deployment"":""42412646-2416-4151-961a-a5fdc7d330f4"",""replica"":""d4d8ee4d-0d09-4840-a8d5-cf43db94e704""}",2026-04-03T00:28:20.587004840Z
[DB] Synced 0 accounts to database,info,"{""level"":""info""}","{""project"":""ce3616d9-58ad-4ec7-a294-1821e1564434"",""environment"":""fb6513d0-42a4-4660-82b5-509c54b15f2a"",""service"":""4978aa94-666c-47c7-8024-3ada55195a51"",""deployment"":""42412646-2416-4151-961a-a5fdc7d330f4"",""replica"":""d4d8ee4d-0d09-4840-a8d5-cf43db94e704""}",2026-04-03T00:28:50.708023453Z
2026-04-03 00:28:44 UTC - Services healthy,info,"{""level"":""info""}","{""project"":""ce3616d9-58ad-4ec7-a294-1821e1564434"",""environment"":""fb6513d0-42a4-4660-82b5-509c54b15f2a"",""service"":""4978aa94-666c-47c7-8024-3ada55195a51"",""deployment"":""42412646-2416-4151-961a-a5fdc7d330f4"",""replica"":""d4d8ee4d-0d09-4840-a8d5-cf43db94e704""}",2026-04-03T00:28:50.708035579Z
[DB] Synced 0 accounts to database,info,"{""level"":""info""}","{""project"":""ce3616d9-58ad-4ec7-a294-1821e1564434"",""environment"":""fb6513d0-42a4-4660-82b5-509c54b15f2a"",""service"":""4978aa94-666c-47c7-8024-3ada55195a51"",""deployment"":""42412646-2416-4151-961a-a5fdc7d330f4"",""replica"":""d4d8ee4d-0d09-4840-a8d5-cf43db94e704""}",2026-04-03T00:29:20.762551397Z
2026-04-03 00:29:14 UTC - Services healthy,info,"{""level"":""info""}","{""project"":""ce3616d9-58ad-4ec7-a294-1821e1564434"",""environment"":""fb6513d0-42a4-4660-82b5-509c54b15f2a"",""service"":""4978aa94-666c-47c7-8024-3ada55195a51"",""deployment"":""42412646-2416-4151-961a-a5fdc7d330f4"",""replica"":""d4d8ee4d-0d09-4840-a8d5-cf43db94e704""}",2026-04-03T00:29:20.762559091Z
[DB] Synced 0 accounts to database,info,"{""level"":""info""}","{""project"":""ce3616d9-58ad-4ec7-a294-1821e1564434"",""environment"":""fb6513d0-42a4-4660-82b5-509c54b15f2a"",""service"":""4978aa94-666c-47c7-8024-3ada55195a51"",""deployment"":""42412646-2416-4151-961a-a5fdc7d330f4"",""replica"":""d4d8ee4d-0d09-4840-a8d5-cf43db94e704""}",2026-04-03T00:29:50.692082447Z
2026-04-03 00:29:44 UTC - Services healthy,info,"{""level"":""info""}","{""project"":""ce3616d9-58ad-4ec7-a294-1821e1564434"",""environment"":""fb6513d0-42a4-4660-82b5-509c54b15f2a"",""service"":""4978aa94-666c-47c7-8024-3ada55195a51"",""deployment"":""42412646-2416-4151-961a-a5fdc7d330f4"",""replica"":""d4d8ee4d-0d09-4840-a8d5-cf43db94e704""}",2026-04-03T00:29:50.692087496Z
[DB] Synced 0 accounts to database,info,"{""level"":""info""}","{""project"":""ce3616d9-58ad-4ec7-a294-1821e1564434"",""environment"":""fb6513d0-42a4-4660-82b5-509c54b15f2a"",""service"":""4978aa94-666c-47c7-8024-3ada55195a51"",""deployment"":""42412646-2416-4151-961a-a5fdc7d330f4"",""replica"":""d4d8ee4d-0d09-4840-a8d5-cf43db94e704""}",2026-04-03T00:30:20.741891529Z
2026-04-03 00:30:14 UTC - Services healthy,info,"{""level"":""info""}","{""project"":""ce3616d9-58ad-4ec7-a294-1821e1564434"",""environment"":""fb6513d0-42a4-4660-82b5-509c54b15f2a"",""service"":""4978aa94-666c-47c7-8024-3ada55195a51"",""deployment"":""42412646-2416-4151-961a-a5fdc7d330f4"",""replica"":""d4d8ee4d-0d09-4840-a8d5-cf43db94e704""}",2026-04-03T00:30:20.741899214Z
[DB] Synced 0 accounts to database,info,"{""level"":""info""}","{""project"":""ce3616d9-58ad-4ec7-a294-1821e1564434"",""environment"":""fb6513d0-42a4-4660-82b5-509c54b15f2a"",""service"":""4978aa94-666c-47c7-8024-3ada55195a51"",""deployment"":""42412646-2416-4151-961a-a5fdc7d330f4"",""replica"":""d4d8ee4d-0d09-4840-a8d5-cf43db94e704""}",2026-04-03T00:30:50.599839226Z
2026-04-03 00:30:44 UTC - Services healthy,info,"{""level"":""info""}","{""project"":""ce3616d9-58ad-4ec7-a294-1821e1564434"",""environment"":""fb6513d0-42a4-4660-82b5-509c54b15f2a"",""service"":""4978aa94-666c-47c7-8024-3ada55195a51"",""deployment"":""42412646-2416-4151-961a-a5fdc7d330f4"",""replica"":""d4d8ee4d-0d09-4840-a8d5-cf43db94e704""}",2026-04-03T00:30:50.599848901Z
[DB] Synced 0 accounts to database,info,"{""level"":""info""}","{""project"":""ce3616d9-58ad-4ec7-a294-1821e1564434"",""environment"":""fb6513d0-42a4-4660-82b5-509c54b15f2a"",""service"":""4978aa94-666c-47c7-8024-3ada55195a51"",""deployment"":""42412646-2416-4151-961a-a5fdc7d330f4"",""replica"":""d4d8ee4d-0d09-4840-a8d5-cf43db94e704""}",2026-04-03T00:31:20.648643123Z
2026-04-03 00:31:14 UTC - Services healthy,info,"{""level"":""info""}","{""project"":""ce3616d9-58ad-4ec7-a294-1821e1564434"",""environment"":""fb6513d0-42a4-4660-82b5-509c54b15f2a"",""service"":""4978aa94-666c-47c7-8024-3ada55195a51"",""deployment"":""42412646-2416-4151-961a-a5fdc7d330f4"",""replica"":""d4d8ee4d-0d09-4840-a8d5-cf43db94e704""}",2026-04-03T00:31:20.648648021Z
[DB] Synced 0 accounts to database,info,"{""level"":""info""}","{""project"":""ce3616d9-58ad-4ec7-a294-1821e1564434"",""environment"":""fb6513d0-42a4-4660-82b5-509c54b15f2a"",""service"":""4978aa94-666c-47c7-8024-3ada55195a51"",""deployment"":""42412646-2416-4151-961a-a5fdc7d330f4"",""replica"":""d4d8ee4d-0d09-4840-a8d5-cf43db94e704""}",2026-04-03T00:31:50.767902395Z
2026-04-03 00:31:44 UTC - Services healthy,info,"{""level"":""info""}","{""project"":""ce3616d9-58ad-4ec7-a294-1821e1564434"",""environment"":""fb6513d0-42a4-4660-82b5-509c54b15f2a"",""service"":""4978aa94-666c-47c7-8024-3ada55195a51"",""deployment"":""42412646-2416-4151-961a-a5fdc7d330f4"",""replica"":""d4d8ee4d-0d09-4840-a8d5-cf43db94e704""}",2026-04-03T00:31:50.767909486Z
[DB] Synced 0 accounts to database,info,"{""level"":""info""}","{""project"":""ce3616d9-58ad-4ec7-a294-1821e1564434"",""environment"":""fb6513d0-42a4-4660-82b5-509c54b15f2a"",""service"":""4978aa94-666c-47c7-8024-3ada55195a51"",""deployment"":""42412646-2416-4151-961a-a5fdc7d330f4"",""replica"":""d4d8ee4d-0d09-4840-a8d5-cf43db94e704""}",2026-04-03T00:32:20.671143810Z
2026-04-03 00:32:14 UTC - Services healthy,info,"{""level"":""info""}","{""project"":""ce3616d9-58ad-4ec7-a294-1821e1564434"",""environment"":""fb6513d0-42a4-4660-82b5-509c54b15f2a"",""service"":""4978aa94-666c-47c7-8024-3ada55195a51"",""deployment"":""42412646-2416-4151-961a-a5fdc7d330f4"",""replica"":""d4d8ee4d-0d09-4840-a8d5-cf43db94e704""}",2026-04-03T00:32:20.671150374Z
[DB] Synced 0 accounts to database,info,"{""level"":""info""}","{""project"":""ce3616d9-58ad-4ec7-a294-1821e1564434"",""environment"":""fb6513d0-42a4-4660-82b5-509c54b15f2a"",""service"":""4978aa94-666c-47c7-8024-3ada55195a51"",""deployment"":""42412646-2416-4151-961a-a5fdc7d330f4"",""replica"":""d4d8ee4d-0d09-4840-a8d5-cf43db94e704""}",2026-04-03T00:32:50.709671187Z
2026-04-03 00:32:44 UTC - Services healthy,info,"{""level"":""info""}","{""project"":""ce3616d9-58ad-4ec7-a294-1821e1564434"",""environment"":""fb6513d0-42a4-4660-82b5-509c54b15f2a"",""service"":""4978aa94-666c-47c7-8024-3ada55195a51"",""deployment"":""42412646-2416-4151-961a-a5fdc7d330f4"",""replica"":""d4d8ee4d-0d09-4840-a8d5-cf43db94e704""}",2026-04-03T00:32:50.709679384Z
[DB] Synced 0 accounts to database,info,"{""level"":""info""}","{""project"":""ce3616d9-58ad-4ec7-a294-1821e1564434"",""environment"":""fb6513d0-42a4-4660-82b5-509c54b15f2a"",""service"":""4978aa94-666c-47c7-8024-3ada55195a51"",""deployment"":""42412646-2416-4151-961a-a5fdc7d330f4"",""replica"":""d4d8ee4d-0d09-4840-a8d5-cf43db94e704""}",2026-04-03T00:33:20.977289039Z
2026-04-03 00:33:14 UTC - Services healthy,info,"{""level"":""info""}","{""project"":""ce3616d9-58ad-4ec7-a294-1821e1564434"",""environment"":""fb6513d0-42a4-4660-82b5-509c54b15f2a"",""service"":""4978aa94-666c-47c7-8024-3ada55195a51"",""deployment"":""42412646-2416-4151-961a-a5fdc7d330f4"",""replica"":""d4d8ee4d-0d09-4840-a8d5-cf43db94e704""}",2026-04-03T00:33:20.977295959Z
[DB] Synced 0 accounts to database,info,"{""level"":""info""}","{""project"":""ce3616d9-58ad-4ec7-a294-1821e1564434"",""environment"":""fb6513d0-42a4-4660-82b5-509c54b15f2a"",""service"":""4978aa94-666c-47c7-8024-3ada55195a51"",""deployment"":""42412646-2416-4151-961a-a5fdc7d330f4"",""replica"":""d4d8ee4d-0d09-4840-a8d5-cf43db94e704""}",2026-04-03T00:33:51.022785324Z
2026-04-03 00:33:44 UTC - Services healthy,info,"{""level"":""info""}","{""project"":""ce3616d9-58ad-4ec7-a294-1821e1564434"",""environment"":""fb6513d0-42a4-4660-82b5-509c54b15f2a"",""service"":""4978aa94-666c-47c7-8024-3ada55195a51"",""deployment"":""42412646-2416-4151-961a-a5fdc7d330f4"",""replica"":""d4d8ee4d-0d09-4840-a8d5-cf43db94e704""}",2026-04-03T00:33:51.022791242Z
[DB] Synced 0 accounts to database,info,"{""level"":""info""}","{""project"":""ce3616d9-58ad-4ec7-a294-1821e1564434"",""environment"":""fb6513d0-42a4-4660-82b5-509c54b15f2a"",""service"":""4978aa94-666c-47c7-8024-3ada55195a51"",""deployment"":""42412646-2416-4151-961a-a5fdc7d330f4"",""replica"":""d4d8ee4d-0d09-4840-a8d5-cf43db94e704""}",2026-04-03T00:34:21.213025804Z
2026-04-03 00:34:14 UTC - Services healthy,info,"{""level"":""info""}","{""project"":""ce3616d9-58ad-4ec7-a294-1821e1564434"",""environment"":""fb6513d0-42a4-4660-82b5-509c54b15f2a"",""service"":""4978aa94-666c-47c7-8024-3ada55195a51"",""deployment"":""42412646-2416-4151-961a-a5fdc7d330f4"",""replica"":""d4d8ee4d-0d09-4840-a8d5-cf43db94e704""}",2026-04-03T00:34:21.213033722Z
[DB] Synced 0 accounts to database,info,"{""level"":""info""}","{""project"":""ce3616d9-58ad-4ec7-a294-1821e1564434"",""environment"":""fb6513d0-42a4-4660-82b5-509c54b15f2a"",""service"":""4978aa94-666c-47c7-8024-3ada55195a51"",""deployment"":""42412646-2416-4151-961a-a5fdc7d330f4"",""replica"":""d4d8ee4d-0d09-4840-a8d5-cf43db94e704""}",2026-04-03T00:34:51.470617155Z
2026-04-03 00:34:44 UTC - Services healthy,info,"{""level"":""info""}","{""project"":""ce3616d9-58ad-4ec7-a294-1821e1564434"",""environment"":""fb6513d0-42a4-4660-82b5-509c54b15f2a"",""service"":""4978aa94-666c-47c7-8024-3ada55195a51"",""deployment"":""42412646-2416-4151-961a-a5fdc7d330f4"",""replica"":""d4d8ee4d-0d09-4840-a8d5-cf43db94e704""}",2026-04-03T00:34:51.470622077Z
[WS Upgrade] /socket.io/,info,"{""level"":""info""}","{""project"":""ce3616d9-58ad-4ec7-a294-1821e1564434"",""environment"":""fb6513d0-42a4-4660-82b5-509c54b15f2a"",""service"":""4978aa94-666c-47c7-8024-3ada55195a51"",""deployment"":""42412646-2416-4151-961a-a5fdc7d330f4"",""replica"":""d4d8ee4d-0d09-4840-a8d5-cf43db94e704""}",2026-04-03T00:35:11.628505662Z
(node:172) [DEP0060] DeprecationWarning: The `util._extend` API is deprecated. Please use Object.assign() instead.,info,"{""level"":""info""}","{""project"":""ce3616d9-58ad-4ec7-a294-1821e1564434"",""environment"":""fb6513d0-42a4-4660-82b5-509c54b15f2a"",""service"":""4978aa94-666c-47c7-8024-3ada55195a51"",""deployment"":""42412646-2416-4151-961a-a5fdc7d330f4"",""replica"":""d4d8ee4d-0d09-4840-a8d5-cf43db94e704""}",2026-04-03T00:35:11.628512443Z
(Use `node --trace-deprecation ...` to show where the warning was created),info,"{""level"":""info""}","{""project"":""ce3616d9-58ad-4ec7-a294-1821e1564434"",""environment"":""fb6513d0-42a4-4660-82b5-509c54b15f2a"",""service"":""4978aa94-666c-47c7-8024-3ada55195a51"",""deployment"":""42412646-2416-4151-961a-a5fdc7d330f4"",""replica"":""d4d8ee4d-0d09-4840-a8d5-cf43db94e704""}",2026-04-03T00:35:11.628518672Z
"[HPM] Client connected: { address: '::1', family: 'IPv6', port: 60560 }",info,"{""level"":""info""}","{""project"":""ce3616d9-58ad-4ec7-a294-1821e1564434"",""environment"":""fb6513d0-42a4-4660-82b5-509c54b15f2a"",""service"":""4978aa94-666c-47c7-8024-3ada55195a51"",""deployment"":""42412646-2416-4151-961a-a5fdc7d330f4"",""replica"":""d4d8ee4d-0d09-4840-a8d5-cf43db94e704""}",2026-04-03T00:35:11.628526286Z
[Socket.io] Client connected: DY-e45KajBf0Qc_SAAAH | Transport: websocket,info,"{""level"":""info""}","{""project"":""ce3616d9-58ad-4ec7-a294-1821e1564434"",""environment"":""fb6513d0-42a4-4660-82b5-509c54b15f2a"",""service"":""4978aa94-666c-47c7-8024-3ada55195a51"",""deployment"":""42412646-2416-4151-961a-a5fdc7d330f4"",""replica"":""d4d8ee4d-0d09-4840-a8d5-cf43db94e704""}",2026-04-03T00:35:11.915274792Z
Client connected: DY-e45KajBf0Qc_SAAAH Transport: websocket,info,"{""level"":""info""}","{""project"":""ce3616d9-58ad-4ec7-a294-1821e1564434"",""environment"":""fb6513d0-42a4-4660-82b5-509c54b15f2a"",""service"":""4978aa94-666c-47c7-8024-3ada55195a51"",""deployment"":""42412646-2416-4151-961a-a5fdc7d330f4"",""replica"":""d4d8ee4d-0d09-4840-a8d5-cf43db94e704""}",2026-04-03T00:35:11.915283793Z
[DB] Synced 0 accounts to database,info,"{""level"":""info""}","{""project"":""ce3616d9-58ad-4ec7-a294-1821e1564434"",""environment"":""fb6513d0-42a4-4660-82b5-509c54b15f2a"",""service"":""4978aa94-666c-47c7-8024-3ada55195a51"",""deployment"":""42412646-2416-4151-961a-a5fdc7d330f4"",""replica"":""d4d8ee4d-0d09-4840-a8d5-cf43db94e704""}",2026-04-03T00:35:14.660827898Z
2026-04-03 00:35:14 UTC - Services healthy,info,"{""level"":""info""}","{""project"":""ce3616d9-58ad-4ec7-a294-1821e1564434"",""environment"":""fb6513d0-42a4-4660-82b5-509c54b15f2a"",""service"":""4978aa94-666c-47c7-8024-3ada55195a51"",""deployment"":""42412646-2416-4151-961a-a5fdc7d330f4"",""replica"":""d4d8ee4d-0d09-4840-a8d5-cf43db94e704""}",2026-04-03T00:35:14.660835277Z
[DB] Synced 0 accounts to database,info,"{""level"":""info""}","{""project"":""ce3616d9-58ad-4ec7-a294-1821e1564434"",""environment"":""fb6513d0-42a4-4660-82b5-509c54b15f2a"",""service"":""4978aa94-666c-47c7-8024-3ada55195a51"",""deployment"":""42412646-2416-4151-961a-a5fdc7d330f4"",""replica"":""d4d8ee4d-0d09-4840-a8d5-cf43db94e704""}",2026-04-03T00:35:45.432253436Z
2026-04-03 00:35:44 UTC - Services healthy,info,"{""level"":""info""}","{""project"":""ce3616d9-58ad-4ec7-a294-1821e1564434"",""environment"":""fb6513d0-42a4-4660-82b5-509c54b15f2a"",""service"":""4978aa94-666c-47c7-8024-3ada55195a51"",""deployment"":""42412646-2416-4151-961a-a5fdc7d330f4"",""replica"":""d4d8ee4d-0d09-4840-a8d5-cf43db94e704""}",2026-04-03T00:35:45.432257757Z
[DB] Synced 0 accounts to database,info,"{""level"":""info""}","{""project"":""ce3616d9-58ad-4ec7-a294-1821e1564434"",""environment"":""fb6513d0-42a4-4660-82b5-509c54b15f2a"",""service"":""4978aa94-666c-47c7-8024-3ada55195a51"",""deployment"":""42412646-2416-4151-961a-a5fdc7d330f4"",""replica"":""d4d8ee4d-0d09-4840-a8d5-cf43db94e704""}",2026-04-03T00:36:15.382208275Z
2026-04-03 00:36:14 UTC - Services healthy,info,"{""level"":""info""}","{""project"":""ce3616d9-58ad-4ec7-a294-1821e1564434"",""environment"":""fb6513d0-42a4-4660-82b5-509c54b15f2a"",""service"":""4978aa94-666c-47c7-8024-3ada55195a51"",""deployment"":""42412646-2416-4151-961a-a5fdc7d330f4"",""replica"":""d4d8ee4d-0d09-4840-a8d5-cf43db94e704""}",2026-04-03T00:36:15.382215359Z
[DB] Synced 0 accounts to database,info,"{""level"":""info""}","{""project"":""ce3616d9-58ad-4ec7-a294-1821e1564434"",""environment"":""fb6513d0-42a4-4660-82b5-509c54b15f2a"",""service"":""4978aa94-666c-47c7-8024-3ada55195a51"",""deployment"":""42412646-2416-4151-961a-a5fdc7d330f4"",""replica"":""d4d8ee4d-0d09-4840-a8d5-cf43db94e704""}",2026-04-03T00:36:45.606055802Z
2026-04-03 00:36:44 UTC - Services healthy,info,"{""level"":""info""}","{""project"":""ce3616d9-58ad-4ec7-a294-1821e1564434"",""environment"":""fb6513d0-42a4-4660-82b5-509c54b15f2a"",""service"":""4978aa94-666c-47c7-8024-3ada55195a51"",""deployment"":""42412646-2416-4151-961a-a5fdc7d330f4"",""replica"":""d4d8ee4d-0d09-4840-a8d5-cf43db94e704""}",2026-04-03T00:36:45.606061564Z
[DB] Synced 0 accounts to database,info,"{""level"":""info""}","{""project"":""ce3616d9-58ad-4ec7-a294-1821e1564434"",""environment"":""fb6513d0-42a4-4660-82b5-509c54b15f2a"",""service"":""4978aa94-666c-47c7-8024-3ada55195a51"",""deployment"":""42412646-2416-4151-961a-a5fdc7d330f4"",""replica"":""d4d8ee4d-0d09-4840-a8d5-cf43db94e704""}",2026-04-03T00:37:15.541061770Z
2026-04-03 00:37:14 UTC - Services healthy,info,"{""level"":""info""}","{""project"":""ce3616d9-58ad-4ec7-a294-1821e1564434"",""environment"":""fb6513d0-42a4-4660-82b5-509c54b15f2a"",""service"":""4978aa94-666c-47c7-8024-3ada55195a51"",""deployment"":""42412646-2416-4151-961a-a5fdc7d330f4"",""replica"":""d4d8ee4d-0d09-4840-a8d5-cf43db94e704""}",2026-04-03T00:37:15.541070349Z
[DB] Synced 0 accounts to database,info,"{""level"":""info""}","{""project"":""ce3616d9-58ad-4ec7-a294-1821e1564434"",""environment"":""fb6513d0-42a4-4660-82b5-509c54b15f2a"",""service"":""4978aa94-666c-47c7-8024-3ada55195a51"",""deployment"":""42412646-2416-4151-961a-a5fdc7d330f4"",""replica"":""d4d8ee4d-0d09-4840-a8d5-cf43db94e704""}",2026-04-03T00:37:45.589305602Z
2026-04-03 00:37:44 UTC - Services healthy,info,"{""level"":""info""}","{""project"":""ce3616d9-58ad-4ec7-a294-1821e1564434"",""environment"":""fb6513d0-42a4-4660-82b5-509c54b15f2a"",""service"":""4978aa94-666c-47c7-8024-3ada55195a51"",""deployment"":""42412646-2416-4151-961a-a5fdc7d330f4"",""replica"":""d4d8ee4d-0d09-4840-a8d5-cf43db94e704""}",2026-04-03T00:37:45.589324032Z
[DB] Synced 0 accounts to database,info,"{""level"":""info""}","{""project"":""ce3616d9-58ad-4ec7-a294-1821e1564434"",""environment"":""fb6513d0-42a4-4660-82b5-509c54b15f2a"",""service"":""4978aa94-666c-47c7-8024-3ada55195a51"",""deployment"":""42412646-2416-4151-961a-a5fdc7d330f4"",""replica"":""d4d8ee4d-0d09-4840-a8d5-cf43db94e704""}",2026-04-03T00:38:15.599246711Z
2026-04-03 00:38:14 UTC - Services healthy,info,"{""level"":""info""}","{""project"":""ce3616d9-58ad-4ec7-a294-1821e1564434"",""environment"":""fb6513d0-42a4-4660-82b5-509c54b15f2a"",""service"":""4978aa94-666c-47c7-8024-3ada55195a51"",""deployment"":""42412646-2416-4151-961a-a5fdc7d330f4"",""replica"":""d4d8ee4d-0d09-4840-a8d5-cf43db94e704""}",2026-04-03T00:38:15.599256555Z
"[HPM] Client disconnected: { address: '::1', family: 'IPv6', port: 60560 }",info,"{""level"":""info""}","{""project"":""ce3616d9-58ad-4ec7-a294-1821e1564434"",""environment"":""fb6513d0-42a4-4660-82b5-509c54b15f2a"",""service"":""4978aa94-666c-47c7-8024-3ada55195a51"",""deployment"":""42412646-2416-4151-961a-a5fdc7d330f4"",""replica"":""d4d8ee4d-0d09-4840-a8d5-cf43db94e704""}",2026-04-03T00:38:35.578160123Z
[Socket.io] Client disconnected: DY-e45KajBf0Qc_SAAAH | Reason: transport close,info,"{""level"":""info""}","{""project"":""ce3616d9-58ad-4ec7-a294-1821e1564434"",""environment"":""fb6513d0-42a4-4660-82b5-509c54b15f2a"",""service"":""4978aa94-666c-47c7-8024-3ada55195a51"",""deployment"":""42412646-2416-4151-961a-a5fdc7d330f4"",""replica"":""d4d8ee4d-0d09-4840-a8d5-cf43db94e704""}",2026-04-03T00:38:35.578165979Z
Client disconnected: DY-e45KajBf0Qc_SAAAH Reason: transport close Transport was: websocket,info,"{""level"":""info""}","{""project"":""ce3616d9-58ad-4ec7-a294-1821e1564434"",""environment"":""fb6513d0-42a4-4660-82b5-509c54b15f2a"",""service"":""4978aa94-666c-47c7-8024-3ada55195a51"",""deployment"":""42412646-2416-4151-961a-a5fdc7d330f4"",""replica"":""d4d8ee4d-0d09-4840-a8d5-cf43db94e704""}",2026-04-03T00:38:35.578171327Z
[WS Upgrade] /socket.io/,info,"{""level"":""info""}","{""project"":""ce3616d9-58ad-4ec7-a294-1821e1564434"",""environment"":""fb6513d0-42a4-4660-82b5-509c54b15f2a"",""service"":""4978aa94-666c-47c7-8024-3ada55195a51"",""deployment"":""42412646-2416-4151-961a-a5fdc7d330f4"",""replica"":""d4d8ee4d-0d09-4840-a8d5-cf43db94e704""}",2026-04-03T00:38:35.578175967Z
"[HPM] Client connected: { address: '::1', family: 'IPv6', port: 44562 }",info,"{""level"":""info""}","{""project"":""ce3616d9-58ad-4ec7-a294-1821e1564434"",""environment"":""fb6513d0-42a4-4660-82b5-509c54b15f2a"",""service"":""4978aa94-666c-47c7-8024-3ada55195a51"",""deployment"":""42412646-2416-4151-961a-a5fdc7d330f4"",""replica"":""d4d8ee4d-0d09-4840-a8d5-cf43db94e704""}",2026-04-03T00:38:35.578181296Z
[Socket.io] Client connected: KZNcL4x4D9NFU_HxAAAK | Transport: websocket,info,"{""level"":""info""}","{""project"":""ce3616d9-58ad-4ec7-a294-1821e1564434"",""environment"":""fb6513d0-42a4-4660-82b5-509c54b15f2a"",""service"":""4978aa94-666c-47c7-8024-3ada55195a51"",""deployment"":""42412646-2416-4151-961a-a5fdc7d330f4"",""replica"":""d4d8ee4d-0d09-4840-a8d5-cf43db94e704""}",2026-04-03T00:38:35.578186275Z
Client connected: KZNcL4x4D9NFU_HxAAAK Transport: websocket,info,"{""level"":""info""}","{""project"":""ce3616d9-58ad-4ec7-a294-1821e1564434"",""environment"":""fb6513d0-42a4-4660-82b5-509c54b15f2a"",""service"":""4978aa94-666c-47c7-8024-3ada55195a51"",""deployment"":""42412646-2416-4151-961a-a5fdc7d330f4"",""replica"":""d4d8ee4d-0d09-4840-a8d5-cf43db94e704""}",2026-04-03T00:38:35.578191405Z
[DB] Synced 0 accounts to database,info,"{""level"":""info""}","{""project"":""ce3616d9-58ad-4ec7-a294-1821e1564434"",""environment"":""fb6513d0-42a4-4660-82b5-509c54b15f2a"",""service"":""4978aa94-666c-47c7-8024-3ada55195a51"",""deployment"":""42412646-2416-4151-961a-a5fdc7d330f4"",""replica"":""d4d8ee4d-0d09-4840-a8d5-cf43db94e704""}",2026-04-03T00:38:44.594467854Z
2026-04-03 00:38:44 UTC - Services healthy,info,"{""level"":""info""}","{""project"":""ce3616d9-58ad-4ec7-a294-1821e1564434"",""environment"":""fb6513d0-42a4-4660-82b5-509c54b15f2a"",""service"":""4978aa94-666c-47c7-8024-3ada55195a51"",""deployment"":""42412646-2416-4151-961a-a5fdc7d330f4"",""replica"":""d4d8ee4d-0d09-4840-a8d5-cf43db94e704""}",2026-04-03T00:38:44.633345943Z
[DB] Synced 0 accounts to database,info,"{""level"":""info""}","{""project"":""ce3616d9-58ad-4ec7-a294-1821e1564434"",""environment"":""fb6513d0-42a4-4660-82b5-509c54b15f2a"",""service"":""4978aa94-666c-47c7-8024-3ada55195a51"",""deployment"":""42412646-2416-4151-961a-a5fdc7d330f4"",""replica"":""d4d8ee4d-0d09-4840-a8d5-cf43db94e704""}",2026-04-03T00:39:14.685410317Z
2026-04-03 00:39:14 UTC - Services healthy,info,"{""level"":""info""}","{""project"":""ce3616d9-58ad-4ec7-a294-1821e1564434"",""environment"":""fb6513d0-42a4-4660-82b5-509c54b15f2a"",""service"":""4978aa94-666c-47c7-8024-3ada55195a51"",""deployment"":""42412646-2416-4151-961a-a5fdc7d330f4"",""replica"":""d4d8ee4d-0d09-4840-a8d5-cf43db94e704""}",2026-04-03T00:39:14.685421488Z
[DB] Synced 0 accounts to database,info,"{""level"":""info""}","{""project"":""ce3616d9-58ad-4ec7-a294-1821e1564434"",""environment"":""fb6513d0-42a4-4660-82b5-509c54b15f2a"",""service"":""4978aa94-666c-47c7-8024-3ada55195a51"",""deployment"":""42412646-2416-4151-961a-a5fdc7d330f4"",""replica"":""d4d8ee4d-0d09-4840-a8d5-cf43db94e704""}",2026-04-03T00:39:44.664670593Z
2026-04-03 00:39:44 UTC - Services healthy,info,"{""level"":""info""}","{""project"":""ce3616d9-58ad-4ec7-a294-1821e1564434"",""environment"":""fb6513d0-42a4-4660-82b5-509c54b15f2a"",""service"":""4978aa94-666c-47c7-8024-3ada55195a51"",""deployment"":""42412646-2416-4151-961a-a5fdc7d330f4"",""replica"":""d4d8ee4d-0d09-4840-a8d5-cf43db94e704""}",2026-04-03T00:39:44.664678061Z
[DB] Synced 0 accounts to database,info,"{""level"":""info""}","{""project"":""ce3616d9-58ad-4ec7-a294-1821e1564434"",""environment"":""fb6513d0-42a4-4660-82b5-509c54b15f2a"",""service"":""4978aa94-666c-47c7-8024-3ada55195a51"",""deployment"":""42412646-2416-4151-961a-a5fdc7d330f4"",""replica"":""d4d8ee4d-0d09-4840-a8d5-cf43db94e704""}",2026-04-03T00:40:24.485650752Z
2026-04-03 00:40:14 UTC - Services healthy,info,"{""level"":""info""}","{""project"":""ce3616d9-58ad-4ec7-a294-1821e1564434"",""environment"":""fb6513d0-42a4-4660-82b5-509c54b15f2a"",""service"":""4978aa94-666c-47c7-8024-3ada55195a51"",""deployment"":""42412646-2416-4151-961a-a5fdc7d330f4"",""replica"":""d4d8ee4d-0d09-4840-a8d5-cf43db94e704""}",2026-04-03T00:40:24.485657993Z
[DB] Synced 0 accounts to database,info,"{""level"":""info""}","{""project"":""ce3616d9-58ad-4ec7-a294-1821e1564434"",""environment"":""fb6513d0-42a4-4660-82b5-509c54b15f2a"",""service"":""4978aa94-666c-47c7-8024-3ada55195a51"",""deployment"":""42412646-2416-4151-961a-a5fdc7d330f4"",""replica"":""d4d8ee4d-0d09-4840-a8d5-cf43db94e704""}",2026-04-03T00:40:54.596517087Z
2026-04-03 00:40:44 UTC - Services healthy,info,"{""level"":""info""}","{""project"":""ce3616d9-58ad-4ec7-a294-1821e1564434"",""environment"":""fb6513d0-42a4-4660-82b5-509c54b15f2a"",""service"":""4978aa94-666c-47c7-8024-3ada55195a51"",""deployment"":""42412646-2416-4151-961a-a5fdc7d330f4"",""replica"":""d4d8ee4d-0d09-4840-a8d5-cf43db94e704""}",2026-04-03T00:40:54.596524063Z
[DB] Synced 0 accounts to database,info,"{""level"":""info""}","{""project"":""ce3616d9-58ad-4ec7-a294-1821e1564434"",""environment"":""fb6513d0-42a4-4660-82b5-509c54b15f2a"",""service"":""4978aa94-666c-47c7-8024-3ada55195a51"",""deployment"":""42412646-2416-4151-961a-a5fdc7d330f4"",""replica"":""d4d8ee4d-0d09-4840-a8d5-cf43db94e704""}",2026-04-03T00:41:24.567683645Z
2026-04-03 00:41:14 UTC - Services healthy,info,"{""level"":""info""}","{""project"":""ce3616d9-58ad-4ec7-a294-1821e1564434"",""environment"":""fb6513d0-42a4-4660-82b5-509c54b15f2a"",""service"":""4978aa94-666c-47c7-8024-3ada55195a51"",""deployment"":""42412646-2416-4151-961a-a5fdc7d330f4"",""replica"":""d4d8ee4d-0d09-4840-a8d5-cf43db94e704""}",2026-04-03T00:41:24.567692535Z
[DB] Synced 0 accounts to database,info,"{""level"":""info""}","{""project"":""ce3616d9-58ad-4ec7-a294-1821e1564434"",""environment"":""fb6513d0-42a4-4660-82b5-509c54b15f2a"",""service"":""4978aa94-666c-47c7-8024-3ada55195a51"",""deployment"":""42412646-2416-4151-961a-a5fdc7d330f4"",""replica"":""d4d8ee4d-0d09-4840-a8d5-cf43db94e704""}",2026-04-03T00:41:54.382074409Z
2026-04-03 00:41:44 UTC - Services healthy,info,"{""level"":""info""}","{""project"":""ce3616d9-58ad-4ec7-a294-1821e1564434"",""environment"":""fb6513d0-42a4-4660-82b5-509c54b15f2a"",""service"":""4978aa94-666c-47c7-8024-3ada55195a51"",""deployment"":""42412646-2416-4151-961a-a5fdc7d330f4"",""replica"":""d4d8ee4d-0d09-4840-a8d5-cf43db94e704""}",2026-04-03T00:41:54.382083817Z
[DB] Synced 0 accounts to database,info,"{""level"":""info""}","{""project"":""ce3616d9-58ad-4ec7-a294-1821e1564434"",""environment"":""fb6513d0-42a4-4660-82b5-509c54b15f2a"",""service"":""4978aa94-666c-47c7-8024-3ada55195a51"",""deployment"":""42412646-2416-4151-961a-a5fdc7d330f4"",""replica"":""d4d8ee4d-0d09-4840-a8d5-cf43db94e704""}",2026-04-03T00:42:24.380608951Z
2026-04-03 00:42:14 UTC - Services healthy,info,"{""level"":""info""}","{""project"":""ce3616d9-58ad-4ec7-a294-1821e1564434"",""environment"":""fb6513d0-42a4-4660-82b5-509c54b15f2a"",""service"":""4978aa94-666c-47c7-8024-3ada55195a51"",""deployment"":""42412646-2416-4151-961a-a5fdc7d330f4"",""replica"":""d4d8ee4d-0d09-4840-a8d5-cf43db94e704""}",2026-04-03T00:42:24.380616102Z
[DB] Synced 0 accounts to database,info,"{""level"":""info""}","{""project"":""ce3616d9-58ad-4ec7-a294-1821e1564434"",""environment"":""fb6513d0-42a4-4660-82b5-509c54b15f2a"",""service"":""4978aa94-666c-47c7-8024-3ada55195a51"",""deployment"":""42412646-2416-4151-961a-a5fdc7d330f4"",""replica"":""d4d8ee4d-0d09-4840-a8d5-cf43db94e704""}",2026-04-03T00:42:44.974337444Z
2026-04-03 00:42:44 UTC - Services healthy,info,"{""level"":""info""}","{""project"":""ce3616d9-58ad-4ec7-a294-1821e1564434"",""environment"":""fb6513d0-42a4-4660-82b5-509c54b15f2a"",""service"":""4978aa94-666c-47c7-8024-3ada55195a51"",""deployment"":""42412646-2416-4151-961a-a5fdc7d330f4"",""replica"":""d4d8ee4d-0d09-4840-a8d5-cf43db94e704""}",2026-04-03T00:42:44.974342108Z
[DB] Synced 0 accounts to database,info,"{""level"":""info""}","{""project"":""ce3616d9-58ad-4ec7-a294-1821e1564434"",""environment"":""fb6513d0-42a4-4660-82b5-509c54b15f2a"",""service"":""4978aa94-666c-47c7-8024-3ada55195a51"",""deployment"":""42412646-2416-4151-961a-a5fdc7d330f4"",""replica"":""d4d8ee4d-0d09-4840-a8d5-cf43db94e704""}",2026-04-03T00:43:14.975999448Z
2026-04-03 00:43:14 UTC - Services healthy,info,"{""level"":""info""}","{""project"":""ce3616d9-58ad-4ec7-a294-1821e1564434"",""environment"":""fb6513d0-42a4-4660-82b5-509c54b15f2a"",""service"":""4978aa94-666c-47c7-8024-3ada55195a51"",""deployment"":""42412646-2416-4151-961a-a5fdc7d330f4"",""replica"":""d4d8ee4d-0d09-4840-a8d5-cf43db94e704""}",2026-04-03T00:43:14.976007226Z
[DB] Synced 0 accounts to database,info,"{""level"":""info""}","{""project"":""ce3616d9-58ad-4ec7-a294-1821e1564434"",""environment"":""fb6513d0-42a4-4660-82b5-509c54b15f2a"",""service"":""4978aa94-666c-47c7-8024-3ada55195a51"",""deployment"":""42412646-2416-4151-961a-a5fdc7d330f4"",""replica"":""d4d8ee4d-0d09-4840-a8d5-cf43db94e704""}",2026-04-03T00:43:45.014084014Z
2026-04-03 00:43:44 UTC - Services healthy,info,"{""level"":""info""}","{""project"":""ce3616d9-58ad-4ec7-a294-1821e1564434"",""environment"":""fb6513d0-42a4-4660-82b5-509c54b15f2a"",""service"":""4978aa94-666c-47c7-8024-3ada55195a51"",""deployment"":""42412646-2416-4151-961a-a5fdc7d330f4"",""replica"":""d4d8ee4d-0d09-4840-a8d5-cf43db94e704""}",2026-04-03T00:43:45.014093538Z
[DB] Synced 0 accounts to database,info,"{""level"":""info""}","{""project"":""ce3616d9-58ad-4ec7-a294-1821e1564434"",""environment"":""fb6513d0-42a4-4660-82b5-509c54b15f2a"",""service"":""4978aa94-666c-47c7-8024-3ada55195a51"",""deployment"":""42412646-2416-4151-961a-a5fdc7d330f4"",""replica"":""d4d8ee4d-0d09-4840-a8d5-cf43db94e704""}",2026-04-03T00:44:15.016406040Z
2026-04-03 00:44:14 UTC - Services healthy,info,"{""level"":""info""}","{""project"":""ce3616d9-58ad-4ec7-a294-1821e1564434"",""environment"":""fb6513d0-42a4-4660-82b5-509c54b15f2a"",""service"":""4978aa94-666c-47c7-8024-3ada55195a51"",""deployment"":""42412646-2416-4151-961a-a5fdc7d330f4"",""replica"":""d4d8ee4d-0d09-4840-a8d5-cf43db94e704""}",2026-04-03T00:44:15.016414624Z
[DB] Synced 0 accounts to database,info,"{""level"":""info""}","{""project"":""ce3616d9-58ad-4ec7-a294-1821e1564434"",""environment"":""fb6513d0-42a4-4660-82b5-509c54b15f2a"",""service"":""4978aa94-666c-47c7-8024-3ada55195a51"",""deployment"":""42412646-2416-4151-961a-a5fdc7d330f4"",""replica"":""d4d8ee4d-0d09-4840-a8d5-cf43db94e704""}",2026-04-03T00:44:44.878719710Z
2026-04-03 00:44:44 UTC - Services healthy,info,"{""level"":""info""}","{""project"":""ce3616d9-58ad-4ec7-a294-1821e1564434"",""environment"":""fb6513d0-42a4-4660-82b5-509c54b15f2a"",""service"":""4978aa94-666c-47c7-8024-3ada55195a51"",""deployment"":""42412646-2416-4151-961a-a5fdc7d330f4"",""replica"":""d4d8ee4d-0d09-4840-a8d5-cf43db94e704""}",2026-04-03T00:44:44.878727357Z
[DB] Synced 0 accounts to database,info,"{""level"":""info""}","{""project"":""ce3616d9-58ad-4ec7-a294-1821e1564434"",""environment"":""fb6513d0-42a4-4660-82b5-509c54b15f2a"",""service"":""4978aa94-666c-47c7-8024-3ada55195a51"",""deployment"":""42412646-2416-4151-961a-a5fdc7d330f4"",""replica"":""d4d8ee4d-0d09-4840-a8d5-cf43db94e704""}",2026-04-03T00:45:15.037494730Z
2026-04-03 00:45:14 UTC - Services healthy,info,"{""level"":""info""}","{""project"":""ce3616d9-58ad-4ec7-a294-1821e1564434"",""environment"":""fb6513d0-42a4-4660-82b5-509c54b15f2a"",""service"":""4978aa94-666c-47c7-8024-3ada55195a51"",""deployment"":""42412646-2416-4151-961a-a5fdc7d330f4"",""replica"":""d4d8ee4d-0d09-4840-a8d5-cf43db94e704""}",2026-04-03T00:45:15.037505238Z
[DB] Synced 0 accounts to database,info,"{""level"":""info""}","{""project"":""ce3616d9-58ad-4ec7-a294-1821e1564434"",""environment"":""fb6513d0-42a4-4660-82b5-509c54b15f2a"",""service"":""4978aa94-666c-47c7-8024-3ada55195a51"",""deployment"":""42412646-2416-4151-961a-a5fdc7d330f4"",""replica"":""d4d8ee4d-0d09-4840-a8d5-cf43db94e704""}",2026-04-03T00:45:45.060986336Z
2026-04-03 00:45:44 UTC - Services healthy,info,"{""level"":""info""}","{""project"":""ce3616d9-58ad-4ec7-a294-1821e1564434"",""environment"":""fb6513d0-42a4-4660-82b5-509c54b15f2a"",""service"":""4978aa94-666c-47c7-8024-3ada55195a51"",""deployment"":""42412646-2416-4151-961a-a5fdc7d330f4"",""replica"":""d4d8ee4d-0d09-4840-a8d5-cf43db94e704""}",2026-04-03T00:45:45.060999114Z
[DB] Synced 0 accounts to database,info,"{""level"":""info""}","{""project"":""ce3616d9-58ad-4ec7-a294-1821e1564434"",""environment"":""fb6513d0-42a4-4660-82b5-509c54b15f2a"",""service"":""4978aa94-666c-47c7-8024-3ada55195a51"",""deployment"":""42412646-2416-4151-961a-a5fdc7d330f4"",""replica"":""d4d8ee4d-0d09-4840-a8d5-cf43db94e704""}",2026-04-03T00:46:14.823158944Z
2026-04-03 00:46:14 UTC - Services healthy,info,"{""level"":""info""}","{""project"":""ce3616d9-58ad-4ec7-a294-1821e1564434"",""environment"":""fb6513d0-42a4-4660-82b5-509c54b15f2a"",""service"":""4978aa94-666c-47c7-8024-3ada55195a51"",""deployment"":""42412646-2416-4151-961a-a5fdc7d330f4"",""replica"":""d4d8ee4d-0d09-4840-a8d5-cf43db94e704""}",2026-04-03T00:46:14.823165867Z
[DB] Synced 0 accounts to database,info,"{""level"":""info""}","{""project"":""ce3616d9-58ad-4ec7-a294-1821e1564434"",""environment"":""fb6513d0-42a4-4660-82b5-509c54b15f2a"",""service"":""4978aa94-666c-47c7-8024-3ada55195a51"",""deployment"":""42412646-2416-4151-961a-a5fdc7d330f4"",""replica"":""d4d8ee4d-0d09-4840-a8d5-cf43db94e704""}",2026-04-03T00:46:45.012068642Z
2026-04-03 00:46:44 UTC - Services healthy,info,"{""level"":""info""}","{""project"":""ce3616d9-58ad-4ec7-a294-1821e1564434"",""environment"":""fb6513d0-42a4-4660-82b5-509c54b15f2a"",""service"":""4978aa94-666c-47c7-8024-3ada55195a51"",""deployment"":""42412646-2416-4151-961a-a5fdc7d330f4"",""replica"":""d4d8ee4d-0d09-4840-a8d5-cf43db94e704""}",2026-04-03T00:46:45.012076754Z
[DB] Synced 0 accounts to database,info,"{""level"":""info""}","{""project"":""ce3616d9-58ad-4ec7-a294-1821e1564434"",""environment"":""fb6513d0-42a4-4660-82b5-509c54b15f2a"",""service"":""4978aa94-666c-47c7-8024-3ada55195a51"",""deployment"":""42412646-2416-4151-961a-a5fdc7d330f4"",""replica"":""d4d8ee4d-0d09-4840-a8d5-cf43db94e704""}",2026-04-03T00:47:14.992507161Z
2026-04-03 00:47:14 UTC - Services healthy,info,"{""level"":""info""}","{""project"":""ce3616d9-58ad-4ec7-a294-1821e1564434"",""environment"":""fb6513d0-42a4-4660-82b5-509c54b15f2a"",""service"":""4978aa94-666c-47c7-8024-3ada55195a51"",""deployment"":""42412646-2416-4151-961a-a5fdc7d330f4"",""replica"":""d4d8ee4d-0d09-4840-a8d5-cf43db94e704""}",2026-04-03T00:47:14.992513826Z
[DB] Synced 0 accounts to database,info,"{""level"":""info""}","{""project"":""ce3616d9-58ad-4ec7-a294-1821e1564434"",""environment"":""fb6513d0-42a4-4660-82b5-509c54b15f2a"",""service"":""4978aa94-666c-47c7-8024-3ada55195a51"",""deployment"":""42412646-2416-4151-961a-a5fdc7d330f4"",""replica"":""d4d8ee4d-0d09-4840-a8d5-cf43db94e704""}",2026-04-03T00:47:44.914184427Z
2026-04-03 00:47:44 UTC - Services healthy,info,"{""level"":""info""}","{""project"":""ce3616d9-58ad-4ec7-a294-1821e1564434"",""environment"":""fb6513d0-42a4-4660-82b5-509c54b15f2a"",""service"":""4978aa94-666c-47c7-8024-3ada55195a51"",""deployment"":""42412646-2416-4151-961a-a5fdc7d330f4"",""replica"":""d4d8ee4d-0d09-4840-a8d5-cf43db94e704""}",2026-04-03T00:47:44.914191191Z
[DB] Synced 0 accounts to database,info,"{""level"":""info""}","{""project"":""ce3616d9-58ad-4ec7-a294-1821e1564434"",""environment"":""fb6513d0-42a4-4660-82b5-509c54b15f2a"",""service"":""4978aa94-666c-47c7-8024-3ada55195a51"",""deployment"":""42412646-2416-4151-961a-a5fdc7d330f4"",""replica"":""d4d8ee4d-0d09-4840-a8d5-cf43db94e704""}",2026-04-03T00:48:14.955828921Z
2026-04-03 00:48:14 UTC - Services healthy,info,"{""level"":""info""}","{""project"":""ce3616d9-58ad-4ec7-a294-1821e1564434"",""environment"":""fb6513d0-42a4-4660-82b5-509c54b15f2a"",""service"":""4978aa94-666c-47c7-8024-3ada55195a51"",""deployment"":""42412646-2416-4151-961a-a5fdc7d330f4"",""replica"":""d4d8ee4d-0d09-4840-a8d5-cf43db94e704""}",2026-04-03T00:48:14.955836560Z
[DB] Synced 0 accounts to database,info,"{""level"":""info""}","{""project"":""ce3616d9-58ad-4ec7-a294-1821e1564434"",""environment"":""fb6513d0-42a4-4660-82b5-509c54b15f2a"",""service"":""4978aa94-666c-47c7-8024-3ada55195a51"",""deployment"":""42412646-2416-4151-961a-a5fdc7d330f4"",""replica"":""d4d8ee4d-0d09-4840-a8d5-cf43db94e704""}",2026-04-03T00:48:44.989239228Z
2026-04-03 00:48:44 UTC - Services healthy,info,"{""level"":""info""}","{""project"":""ce3616d9-58ad-4ec7-a294-1821e1564434"",""environment"":""fb6513d0-42a4-4660-82b5-509c54b15f2a"",""service"":""4978aa94-666c-47c7-8024-3ada55195a51"",""deployment"":""42412646-2416-4151-961a-a5fdc7d330f4"",""replica"":""d4d8ee4d-0d09-4840-a8d5-cf43db94e704""}",2026-04-03T00:48:44.989247628Z
[DB] Synced 0 accounts to database,info,"{""level"":""info""}","{""project"":""ce3616d9-58ad-4ec7-a294-1821e1564434"",""environment"":""fb6513d0-42a4-4660-82b5-509c54b15f2a"",""service"":""4978aa94-666c-47c7-8024-3ada55195a51"",""deployment"":""42412646-2416-4151-961a-a5fdc7d330f4"",""replica"":""d4d8ee4d-0d09-4840-a8d5-cf43db94e704""}",2026-04-03T00:49:14.999901036Z
2026-04-03 00:49:14 UTC - Services healthy,info,"{""level"":""info""}","{""project"":""ce3616d9-58ad-4ec7-a294-1821e1564434"",""environment"":""fb6513d0-42a4-4660-82b5-509c54b15f2a"",""service"":""4978aa94-666c-47c7-8024-3ada55195a51"",""deployment"":""42412646-2416-4151-961a-a5fdc7d330f4"",""replica"":""d4d8ee4d-0d09-4840-a8d5-cf43db94e704""}",2026-04-03T00:49:14.999907758Z
[DB] Synced 0 accounts to database,info,"{""level"":""info""}","{""project"":""ce3616d9-58ad-4ec7-a294-1821e1564434"",""environment"":""fb6513d0-42a4-4660-82b5-509c54b15f2a"",""service"":""4978aa94-666c-47c7-8024-3ada55195a51"",""deployment"":""42412646-2416-4151-961a-a5fdc7d330f4"",""replica"":""d4d8ee4d-0d09-4840-a8d5-cf43db94e704""}",2026-04-03T00:49:44.985895034Z
2026-04-03 00:49:44 UTC - Services healthy,info,"{""level"":""info""}","{""project"":""ce3616d9-58ad-4ec7-a294-1821e1564434"",""environment"":""fb6513d0-42a4-4660-82b5-509c54b15f2a"",""service"":""4978aa94-666c-47c7-8024-3ada55195a51"",""deployment"":""42412646-2416-4151-961a-a5fdc7d330f4"",""replica"":""d4d8ee4d-0d09-4840-a8d5-cf43db94e704""}",2026-04-03T00:49:44.985899818Z
[DB] Synced 0 accounts to database,info,"{""level"":""info""}","{""project"":""ce3616d9-58ad-4ec7-a294-1821e1564434"",""environment"":""fb6513d0-42a4-4660-82b5-509c54b15f2a"",""service"":""4978aa94-666c-47c7-8024-3ada55195a51"",""deployment"":""42412646-2416-4151-961a-a5fdc7d330f4"",""replica"":""d4d8ee4d-0d09-4840-a8d5-cf43db94e704""}",2026-04-03T00:50:15.189093083Z
2026-04-03 00:50:14 UTC - Services healthy,info,"{""level"":""info""}","{""project"":""ce3616d9-58ad-4ec7-a294-1821e1564434"",""environment"":""fb6513d0-42a4-4660-82b5-509c54b15f2a"",""service"":""4978aa94-666c-47c7-8024-3ada55195a51"",""deployment"":""42412646-2416-4151-961a-a5fdc7d330f4"",""replica"":""d4d8ee4d-0d09-4840-a8d5-cf43db94e704""}",2026-04-03T00:50:15.189099743Z
[DB] Synced 0 accounts to database,info,"{""level"":""info""}","{""project"":""ce3616d9-58ad-4ec7-a294-1821e1564434"",""environment"":""fb6513d0-42a4-4660-82b5-509c54b15f2a"",""service"":""4978aa94-666c-47c7-8024-3ada55195a51"",""deployment"":""42412646-2416-4151-961a-a5fdc7d330f4"",""replica"":""d4d8ee4d-0d09-4840-a8d5-cf43db94e704""}",2026-04-03T00:50:45.539071116Z
2026-04-03 00:50:44 UTC - Services healthy,info,"{""level"":""info""}","{""project"":""ce3616d9-58ad-4ec7-a294-1821e1564434"",""environment"":""fb6513d0-42a4-4660-82b5-509c54b15f2a"",""service"":""4978aa94-666c-47c7-8024-3ada55195a51"",""deployment"":""42412646-2416-4151-961a-a5fdc7d330f4"",""replica"":""d4d8ee4d-0d09-4840-a8d5-cf43db94e704""}",2026-04-03T00:50:45.539076234Z
[DB] Synced 0 accounts to database,info,"{""level"":""info""}","{""project"":""ce3616d9-58ad-4ec7-a294-1821e1564434"",""environment"":""fb6513d0-42a4-4660-82b5-509c54b15f2a"",""service"":""4978aa94-666c-47c7-8024-3ada55195a51"",""deployment"":""42412646-2416-4151-961a-a5fdc7d330f4"",""replica"":""d4d8ee4d-0d09-4840-a8d5-cf43db94e704""}",2026-04-03T00:51:15.847505462Z
2026-04-03 00:51:14 UTC - Services healthy,info,"{""level"":""info""}","{""project"":""ce3616d9-58ad-4ec7-a294-1821e1564434"",""environment"":""fb6513d0-42a4-4660-82b5-509c54b15f2a"",""service"":""4978aa94-666c-47c7-8024-3ada55195a51"",""deployment"":""42412646-2416-4151-961a-a5fdc7d330f4"",""replica"":""d4d8ee4d-0d09-4840-a8d5-cf43db94e704""}",2026-04-03T00:51:15.847514534Z
[DB] Synced 0 accounts to database,info,"{""level"":""info""}","{""project"":""ce3616d9-58ad-4ec7-a294-1821e1564434"",""environment"":""fb6513d0-42a4-4660-82b5-509c54b15f2a"",""service"":""4978aa94-666c-47c7-8024-3ada55195a51"",""deployment"":""42412646-2416-4151-961a-a5fdc7d330f4"",""replica"":""d4d8ee4d-0d09-4840-a8d5-cf43db94e704""}",2026-04-03T00:51:45.935532660Z
2026-04-03 00:51:44 UTC - Services healthy,info,"{""level"":""info""}","{""project"":""ce3616d9-58ad-4ec7-a294-1821e1564434"",""environment"":""fb6513d0-42a4-4660-82b5-509c54b15f2a"",""service"":""4978aa94-666c-47c7-8024-3ada55195a51"",""deployment"":""42412646-2416-4151-961a-a5fdc7d330f4"",""replica"":""d4d8ee4d-0d09-4840-a8d5-cf43db94e704""}",2026-04-03T00:51:45.935543151Z
[DB] Synced 0 accounts to database,info,"{""level"":""info""}","{""project"":""ce3616d9-58ad-4ec7-a294-1821e1564434"",""environment"":""fb6513d0-42a4-4660-82b5-509c54b15f2a"",""service"":""4978aa94-666c-47c7-8024-3ada55195a51"",""deployment"":""42412646-2416-4151-961a-a5fdc7d330f4"",""replica"":""d4d8ee4d-0d09-4840-a8d5-cf43db94e704""}",2026-04-03T00:52:15.938848122Z
2026-04-03 00:52:14 UTC - Services healthy,info,"{""level"":""info""}","{""project"":""ce3616d9-58ad-4ec7-a294-1821e1564434"",""environment"":""fb6513d0-42a4-4660-82b5-509c54b15f2a"",""service"":""4978aa94-666c-47c7-8024-3ada55195a51"",""deployment"":""42412646-2416-4151-961a-a5fdc7d330f4"",""replica"":""d4d8ee4d-0d09-4840-a8d5-cf43db94e704""}",2026-04-03T00:52:15.938856961Z
[DB] Synced 0 accounts to database,info,"{""level"":""info""}","{""project"":""ce3616d9-58ad-4ec7-a294-1821e1564434"",""environment"":""fb6513d0-42a4-4660-82b5-509c54b15f2a"",""service"":""4978aa94-666c-47c7-8024-3ada55195a51"",""deployment"":""42412646-2416-4151-961a-a5fdc7d330f4"",""replica"":""d4d8ee4d-0d09-4840-a8d5-cf43db94e704""}",2026-04-03T00:52:45.939927771Z
2026-04-03 00:52:44 UTC - Services healthy,info,"{""level"":""info""}","{""project"":""ce3616d9-58ad-4ec7-a294-1821e1564434"",""environment"":""fb6513d0-42a4-4660-82b5-509c54b15f2a"",""service"":""4978aa94-666c-47c7-8024-3ada55195a51"",""deployment"":""42412646-2416-4151-961a-a5fdc7d330f4"",""replica"":""d4d8ee4d-0d09-4840-a8d5-cf43db94e704""}",2026-04-03T00:52:45.939934928Z
[DB] Synced 0 accounts to database,info,"{""level"":""info""}","{""project"":""ce3616d9-58ad-4ec7-a294-1821e1564434"",""environment"":""fb6513d0-42a4-4660-82b5-509c54b15f2a"",""service"":""4978aa94-666c-47c7-8024-3ada55195a51"",""deployment"":""42412646-2416-4151-961a-a5fdc7d330f4"",""replica"":""d4d8ee4d-0d09-4840-a8d5-cf43db94e704""}",2026-04-03T00:53:16.058622075Z
2026-04-03 00:53:14 UTC - Services healthy,info,"{""level"":""info""}","{""project"":""ce3616d9-58ad-4ec7-a294-1821e1564434"",""environment"":""fb6513d0-42a4-4660-82b5-509c54b15f2a"",""service"":""4978aa94-666c-47c7-8024-3ada55195a51"",""deployment"":""42412646-2416-4151-961a-a5fdc7d330f4"",""replica"":""d4d8ee4d-0d09-4840-a8d5-cf43db94e704""}",2026-04-03T00:53:16.058629660Z
[DB] Synced 0 accounts to database,info,"{""level"":""info""}","{""project"":""ce3616d9-58ad-4ec7-a294-1821e1564434"",""environment"":""fb6513d0-42a4-4660-82b5-509c54b15f2a"",""service"":""4978aa94-666c-47c7-8024-3ada55195a51"",""deployment"":""42412646-2416-4151-961a-a5fdc7d330f4"",""replica"":""d4d8ee4d-0d09-4840-a8d5-cf43db94e704""}",2026-04-03T00:53:46.008760075Z
2026-04-03 00:53:44 UTC - Services healthy,info,"{""level"":""info""}","{""project"":""ce3616d9-58ad-4ec7-a294-1821e1564434"",""environment"":""fb6513d0-42a4-4660-82b5-509c54b15f2a"",""service"":""4978aa94-666c-47c7-8024-3ada55195a51"",""deployment"":""42412646-2416-4151-961a-a5fdc7d330f4"",""replica"":""d4d8ee4d-0d09-4840-a8d5-cf43db94e704""}",2026-04-03T00:53:46.008769616Z
[DB] Synced 0 accounts to database,info,"{""level"":""info""}","{""project"":""ce3616d9-58ad-4ec7-a294-1821e1564434"",""environment"":""fb6513d0-42a4-4660-82b5-509c54b15f2a"",""service"":""4978aa94-666c-47c7-8024-3ada55195a51"",""deployment"":""42412646-2416-4151-961a-a5fdc7d330f4"",""replica"":""d4d8ee4d-0d09-4840-a8d5-cf43db94e704""}",2026-04-03T00:54:15.949212557Z
2026-04-03 00:54:14 UTC - Services healthy,info,"{""level"":""info""}","{""project"":""ce3616d9-58ad-4ec7-a294-1821e1564434"",""environment"":""fb6513d0-42a4-4660-82b5-509c54b15f2a"",""service"":""4978aa94-666c-47c7-8024-3ada55195a51"",""deployment"":""42412646-2416-4151-961a-a5fdc7d330f4"",""replica"":""d4d8ee4d-0d09-4840-a8d5-cf43db94e704""}",2026-04-03T00:54:15.949225037Z
[DB] Synced 0 accounts to database,info,"{""level"":""info""}","{""project"":""ce3616d9-58ad-4ec7-a294-1821e1564434"",""environment"":""fb6513d0-42a4-4660-82b5-509c54b15f2a"",""service"":""4978aa94-666c-47c7-8024-3ada55195a51"",""deployment"":""42412646-2416-4151-961a-a5fdc7d330f4"",""replica"":""d4d8ee4d-0d09-4840-a8d5-cf43db94e704""}",2026-04-03T00:54:45.996304574Z
2026-04-03 00:54:44 UTC - Services healthy,info,"{""level"":""info""}","{""project"":""ce3616d9-58ad-4ec7-a294-1821e1564434"",""environment"":""fb6513d0-42a4-4660-82b5-509c54b15f2a"",""service"":""4978aa94-666c-47c7-8024-3ada55195a51"",""deployment"":""42412646-2416-4151-961a-a5fdc7d330f4"",""replica"":""d4d8ee4d-0d09-4840-a8d5-cf43db94e704""}",2026-04-03T00:54:45.996311183Z
[DB] Synced 0 accounts to database,info,"{""level"":""info""}","{""project"":""ce3616d9-58ad-4ec7-a294-1821e1564434"",""environment"":""fb6513d0-42a4-4660-82b5-509c54b15f2a"",""service"":""4978aa94-666c-47c7-8024-3ada55195a51"",""deployment"":""42412646-2416-4151-961a-a5fdc7d330f4"",""replica"":""d4d8ee4d-0d09-4840-a8d5-cf43db94e704""}",2026-04-03T00:55:16.047835928Z
2026-04-03 00:55:14 UTC - Services healthy,info,"{""level"":""info""}","{""project"":""ce3616d9-58ad-4ec7-a294-1821e1564434"",""environment"":""fb6513d0-42a4-4660-82b5-509c54b15f2a"",""service"":""4978aa94-666c-47c7-8024-3ada55195a51"",""deployment"":""42412646-2416-4151-961a-a5fdc7d330f4"",""replica"":""d4d8ee4d-0d09-4840-a8d5-cf43db94e704""}",2026-04-03T00:55:16.047843537Z
[DB] Synced 0 accounts to database,info,"{""level"":""info""}","{""project"":""ce3616d9-58ad-4ec7-a294-1821e1564434"",""environment"":""fb6513d0-42a4-4660-82b5-509c54b15f2a"",""service"":""4978aa94-666c-47c7-8024-3ada55195a51"",""deployment"":""42412646-2416-4151-961a-a5fdc7d330f4"",""replica"":""d4d8ee4d-0d09-4840-a8d5-cf43db94e704""}",2026-04-03T00:55:45.957950197Z
2026-04-03 00:55:44 UTC - Services healthy,info,"{""level"":""info""}","{""project"":""ce3616d9-58ad-4ec7-a294-1821e1564434"",""environment"":""fb6513d0-42a4-4660-82b5-509c54b15f2a"",""service"":""4978aa94-666c-47c7-8024-3ada55195a51"",""deployment"":""42412646-2416-4151-961a-a5fdc7d330f4"",""replica"":""d4d8ee4d-0d09-4840-a8d5-cf43db94e704""}",2026-04-03T00:55:45.957957277Z
[DB] Synced 0 accounts to database,info,"{""level"":""info""}","{""project"":""ce3616d9-58ad-4ec7-a294-1821e1564434"",""environment"":""fb6513d0-42a4-4660-82b5-509c54b15f2a"",""service"":""4978aa94-666c-47c7-8024-3ada55195a51"",""deployment"":""42412646-2416-4151-961a-a5fdc7d330f4"",""replica"":""d4d8ee4d-0d09-4840-a8d5-cf43db94e704""}",2026-04-03T00:56:15.977421447Z
2026-04-03 00:56:14 UTC - Services healthy,info,"{""level"":""info""}","{""project"":""ce3616d9-58ad-4ec7-a294-1821e1564434"",""environment"":""fb6513d0-42a4-4660-82b5-509c54b15f2a"",""service"":""4978aa94-666c-47c7-8024-3ada55195a51"",""deployment"":""42412646-2416-4151-961a-a5fdc7d330f4"",""replica"":""d4d8ee4d-0d09-4840-a8d5-cf43db94e704""}",2026-04-03T00:56:15.977431368Z
[DB] Synced 0 accounts to database,info,"{""level"":""info""}","{""project"":""ce3616d9-58ad-4ec7-a294-1821e1564434"",""environment"":""fb6513d0-42a4-4660-82b5-509c54b15f2a"",""service"":""4978aa94-666c-47c7-8024-3ada55195a51"",""deployment"":""42412646-2416-4151-961a-a5fdc7d330f4"",""replica"":""d4d8ee4d-0d09-4840-a8d5-cf43db94e704""}",2026-04-03T00:56:46.466453545Z
2026-04-03 00:56:44 UTC - Services healthy,info,"{""level"":""info""}","{""project"":""ce3616d9-58ad-4ec7-a294-1821e1564434"",""environment"":""fb6513d0-42a4-4660-82b5-509c54b15f2a"",""service"":""4978aa94-666c-47c7-8024-3ada55195a51"",""deployment"":""42412646-2416-4151-961a-a5fdc7d330f4"",""replica"":""d4d8ee4d-0d09-4840-a8d5-cf43db94e704""}",2026-04-03T00:56:46.466461022Z
[DB] Synced 0 accounts to database,info,"{""level"":""info""}","{""project"":""ce3616d9-58ad-4ec7-a294-1821e1564434"",""environment"":""fb6513d0-42a4-4660-82b5-509c54b15f2a"",""service"":""4978aa94-666c-47c7-8024-3ada55195a51"",""deployment"":""42412646-2416-4151-961a-a5fdc7d330f4"",""replica"":""d4d8ee4d-0d09-4840-a8d5-cf43db94e704""}",2026-04-03T00:57:16.026168055Z
2026-04-03 00:57:14 UTC - Services healthy,info,"{""level"":""info""}","{""project"":""ce3616d9-58ad-4ec7-a294-1821e1564434"",""environment"":""fb6513d0-42a4-4660-82b5-509c54b15f2a"",""service"":""4978aa94-666c-47c7-8024-3ada55195a51"",""deployment"":""42412646-2416-4151-961a-a5fdc7d330f4"",""replica"":""d4d8ee4d-0d09-4840-a8d5-cf43db94e704""}",2026-04-03T00:57:16.026177665Z
[DB] Synced 0 accounts to database,info,"{""level"":""info""}","{""project"":""ce3616d9-58ad-4ec7-a294-1821e1564434"",""environment"":""fb6513d0-42a4-4660-82b5-509c54b15f2a"",""service"":""4978aa94-666c-47c7-8024-3ada55195a51"",""deployment"":""42412646-2416-4151-961a-a5fdc7d330f4"",""replica"":""d4d8ee4d-0d09-4840-a8d5-cf43db94e704""}",2026-04-03T00:57:45.971706613Z
2026-04-03 00:57:44 UTC - Services healthy,info,"{""level"":""info""}","{""project"":""ce3616d9-58ad-4ec7-a294-1821e1564434"",""environment"":""fb6513d0-42a4-4660-82b5-509c54b15f2a"",""service"":""4978aa94-666c-47c7-8024-3ada55195a51"",""deployment"":""42412646-2416-4151-961a-a5fdc7d330f4"",""replica"":""d4d8ee4d-0d09-4840-a8d5-cf43db94e704""}",2026-04-03T00:57:45.971714227Z
[DB] Synced 0 accounts to database,info,"{""level"":""info""}","{""project"":""ce3616d9-58ad-4ec7-a294-1821e1564434"",""environment"":""fb6513d0-42a4-4660-82b5-509c54b15f2a"",""service"":""4978aa94-666c-47c7-8024-3ada55195a51"",""deployment"":""42412646-2416-4151-961a-a5fdc7d330f4"",""replica"":""d4d8ee4d-0d09-4840-a8d5-cf43db94e704""}",2026-04-03T00:58:15.960362707Z
2026-04-03 00:58:14 UTC - Services healthy,info,"{""level"":""info""}","{""project"":""ce3616d9-58ad-4ec7-a294-1821e1564434"",""environment"":""fb6513d0-42a4-4660-82b5-509c54b15f2a"",""service"":""4978aa94-666c-47c7-8024-3ada55195a51"",""deployment"":""42412646-2416-4151-961a-a5fdc7d330f4"",""replica"":""d4d8ee4d-0d09-4840-a8d5-cf43db94e704""}",2026-04-03T00:58:15.960369252Z
[DB] Synced 0 accounts to database,info,"{""level"":""info""}","{""project"":""ce3616d9-58ad-4ec7-a294-1821e1564434"",""environment"":""fb6513d0-42a4-4660-82b5-509c54b15f2a"",""service"":""4978aa94-666c-47c7-8024-3ada55195a51"",""deployment"":""42412646-2416-4151-961a-a5fdc7d330f4"",""replica"":""d4d8ee4d-0d09-4840-a8d5-cf43db94e704""}",2026-04-03T00:58:46.489121638Z
2026-04-03 00:58:44 UTC - Services healthy,info,"{""level"":""info""}","{""project"":""ce3616d9-58ad-4ec7-a294-1821e1564434"",""environment"":""fb6513d0-42a4-4660-82b5-509c54b15f2a"",""service"":""4978aa94-666c-47c7-8024-3ada55195a51"",""deployment"":""42412646-2416-4151-961a-a5fdc7d330f4"",""replica"":""d4d8ee4d-0d09-4840-a8d5-cf43db94e704""}",2026-04-03T00:58:46.489129416Z
[DB] Synced 0 accounts to database,info,"{""level"":""info""}","{""project"":""ce3616d9-58ad-4ec7-a294-1821e1564434"",""environment"":""fb6513d0-42a4-4660-82b5-509c54b15f2a"",""service"":""4978aa94-666c-47c7-8024-3ada55195a51"",""deployment"":""42412646-2416-4151-961a-a5fdc7d330f4"",""replica"":""d4d8ee4d-0d09-4840-a8d5-cf43db94e704""}",2026-04-03T00:59:16.750264174Z
2026-04-03 00:59:14 UTC - Services healthy,info,"{""level"":""info""}","{""project"":""ce3616d9-58ad-4ec7-a294-1821e1564434"",""environment"":""fb6513d0-42a4-4660-82b5-509c54b15f2a"",""service"":""4978aa94-666c-47c7-8024-3ada55195a51"",""deployment"":""42412646-2416-4151-961a-a5fdc7d330f4"",""replica"":""d4d8ee4d-0d09-4840-a8d5-cf43db94e704""}",2026-04-03T00:59:16.750268343Z
2026-04-03 00:59:44 UTC - Services healthy,info,"{""level"":""info""}","{""project"":""ce3616d9-58ad-4ec7-a294-1821e1564434"",""environment"":""fb6513d0-42a4-4660-82b5-509c54b15f2a"",""service"":""4978aa94-666c-47c7-8024-3ada55195a51"",""deployment"":""42412646-2416-4151-961a-a5fdc7d330f4"",""replica"":""d4d8ee4d-0d09-4840-a8d5-cf43db94e704""}",2026-04-03T00:59:46.951126551Z
[DB] Synced 0 accounts to database,info,"{""level"":""info""}","{""project"":""ce3616d9-58ad-4ec7-a294-1821e1564434"",""environment"":""fb6513d0-42a4-4660-82b5-509c54b15f2a"",""service"":""4978aa94-666c-47c7-8024-3ada55195a51"",""deployment"":""42412646-2416-4151-961a-a5fdc7d330f4"",""replica"":""d4d8ee4d-0d09-4840-a8d5-cf43db94e704""}",2026-04-03T00:59:46.951181210Z
[DB] Synced 0 accounts to database,info,"{""level"":""info""}","{""project"":""ce3616d9-58ad-4ec7-a294-1821e1564434"",""environment"":""fb6513d0-42a4-4660-82b5-509c54b15f2a"",""service"":""4978aa94-666c-47c7-8024-3ada55195a51"",""deployment"":""42412646-2416-4151-961a-a5fdc7d330f4"",""replica"":""d4d8ee4d-0d09-4840-a8d5-cf43db94e704""}",2026-04-03T01:00:16.947565360Z
2026-04-03 01:00:14 UTC - Services healthy,info,"{""level"":""info""}","{""project"":""ce3616d9-58ad-4ec7-a294-1821e1564434"",""environment"":""fb6513d0-42a4-4660-82b5-509c54b15f2a"",""service"":""4978aa94-666c-47c7-8024-3ada55195a51"",""deployment"":""42412646-2416-4151-961a-a5fdc7d330f4"",""replica"":""d4d8ee4d-0d09-4840-a8d5-cf43db94e704""}",2026-04-03T01:00:16.947574315Z
[DB] Synced 0 accounts to database,info,"{""level"":""info""}","{""project"":""ce3616d9-58ad-4ec7-a294-1821e1564434"",""environment"":""fb6513d0-42a4-4660-82b5-509c54b15f2a"",""service"":""4978aa94-666c-47c7-8024-3ada55195a51"",""deployment"":""42412646-2416-4151-961a-a5fdc7d330f4"",""replica"":""d4d8ee4d-0d09-4840-a8d5-cf43db94e704""}",2026-04-03T01:00:46.951302882Z
2026-04-03 01:00:44 UTC - Services healthy,info,"{""level"":""info""}","{""project"":""ce3616d9-58ad-4ec7-a294-1821e1564434"",""environment"":""fb6513d0-42a4-4660-82b5-509c54b15f2a"",""service"":""4978aa94-666c-47c7-8024-3ada55195a51"",""deployment"":""42412646-2416-4151-961a-a5fdc7d330f4"",""replica"":""d4d8ee4d-0d09-4840-a8d5-cf43db94e704""}",2026-04-03T01:00:46.951309442Z
[DB] Synced 0 accounts to database,info,"{""level"":""info""}","{""project"":""ce3616d9-58ad-4ec7-a294-1821e1564434"",""environment"":""fb6513d0-42a4-4660-82b5-509c54b15f2a"",""service"":""4978aa94-666c-47c7-8024-3ada55195a51"",""deployment"":""42412646-2416-4151-961a-a5fdc7d330f4"",""replica"":""d4d8ee4d-0d09-4840-a8d5-cf43db94e704""}",2026-04-03T01:01:16.849966546Z
2026-04-03 01:01:14 UTC - Services healthy,info,"{""level"":""info""}","{""project"":""ce3616d9-58ad-4ec7-a294-1821e1564434"",""environment"":""fb6513d0-42a4-4660-82b5-509c54b15f2a"",""service"":""4978aa94-666c-47c7-8024-3ada55195a51"",""deployment"":""42412646-2416-4151-961a-a5fdc7d330f4"",""replica"":""d4d8ee4d-0d09-4840-a8d5-cf43db94e704""}",2026-04-03T01:01:16.849972363Z
[DB] Synced 0 accounts to database,info,"{""level"":""info""}","{""project"":""ce3616d9-58ad-4ec7-a294-1821e1564434"",""environment"":""fb6513d0-42a4-4660-82b5-509c54b15f2a"",""service"":""4978aa94-666c-47c7-8024-3ada55195a51"",""deployment"":""42412646-2416-4151-961a-a5fdc7d330f4"",""replica"":""d4d8ee4d-0d09-4840-a8d5-cf43db94e704""}",2026-04-03T01:01:47.024290159Z
2026-04-03 01:01:44 UTC - Services healthy,info,"{""level"":""info""}","{""project"":""ce3616d9-58ad-4ec7-a294-1821e1564434"",""environment"":""fb6513d0-42a4-4660-82b5-509c54b15f2a"",""service"":""4978aa94-666c-47c7-8024-3ada55195a51"",""deployment"":""42412646-2416-4151-961a-a5fdc7d330f4"",""replica"":""d4d8ee4d-0d09-4840-a8d5-cf43db94e704""}",2026-04-03T01:01:47.024295616Z
[DB] Synced 0 accounts to database,info,"{""level"":""info""}","{""project"":""ce3616d9-58ad-4ec7-a294-1821e1564434"",""environment"":""fb6513d0-42a4-4660-82b5-509c54b15f2a"",""service"":""4978aa94-666c-47c7-8024-3ada55195a51"",""deployment"":""42412646-2416-4151-961a-a5fdc7d330f4"",""replica"":""d4d8ee4d-0d09-4840-a8d5-cf43db94e704""}",2026-04-03T01:02:17.123756001Z
2026-04-03 01:02:14 UTC - Services healthy,info,"{""level"":""info""}","{""project"":""ce3616d9-58ad-4ec7-a294-1821e1564434"",""environment"":""fb6513d0-42a4-4660-82b5-509c54b15f2a"",""service"":""4978aa94-666c-47c7-8024-3ada55195a51"",""deployment"":""42412646-2416-4151-961a-a5fdc7d330f4"",""replica"":""d4d8ee4d-0d09-4840-a8d5-cf43db94e704""}",2026-04-03T01:02:17.123760864Z
[DB] Synced 0 accounts to database,info,"{""level"":""info""}","{""project"":""ce3616d9-58ad-4ec7-a294-1821e1564434"",""environment"":""fb6513d0-42a4-4660-82b5-509c54b15f2a"",""service"":""4978aa94-666c-47c7-8024-3ada55195a51"",""deployment"":""42412646-2416-4151-961a-a5fdc7d330f4"",""replica"":""d4d8ee4d-0d09-4840-a8d5-cf43db94e704""}",2026-04-03T01:02:47.126890964Z
2026-04-03 01:02:44 UTC - Services healthy,info,"{""level"":""info""}","{""project"":""ce3616d9-58ad-4ec7-a294-1821e1564434"",""environment"":""fb6513d0-42a4-4660-82b5-509c54b15f2a"",""service"":""4978aa94-666c-47c7-8024-3ada55195a51"",""deployment"":""42412646-2416-4151-961a-a5fdc7d330f4"",""replica"":""d4d8ee4d-0d09-4840-a8d5-cf43db94e704""}",2026-04-03T01:02:47.126902206Z
[DB] Synced 0 accounts to database,info,"{""level"":""info""}","{""project"":""ce3616d9-58ad-4ec7-a294-1821e1564434"",""environment"":""fb6513d0-42a4-4660-82b5-509c54b15f2a"",""service"":""4978aa94-666c-47c7-8024-3ada55195a51"",""deployment"":""42412646-2416-4151-961a-a5fdc7d330f4"",""replica"":""d4d8ee4d-0d09-4840-a8d5-cf43db94e704""}",2026-04-03T01:03:17.156203144Z
2026-04-03 01:03:14 UTC - Services healthy,info,"{""level"":""info""}","{""project"":""ce3616d9-58ad-4ec7-a294-1821e1564434"",""environment"":""fb6513d0-42a4-4660-82b5-509c54b15f2a"",""service"":""4978aa94-666c-47c7-8024-3ada55195a51"",""deployment"":""42412646-2416-4151-961a-a5fdc7d330f4"",""replica"":""d4d8ee4d-0d09-4840-a8d5-cf43db94e704""}",2026-04-03T01:03:17.156208912Z
"[HPM] Client disconnected: { address: '::1', family: 'IPv6', port: 44562 }",info,"{""level"":""info""}","{""project"":""ce3616d9-58ad-4ec7-a294-1821e1564434"",""environment"":""fb6513d0-42a4-4660-82b5-509c54b15f2a"",""service"":""4978aa94-666c-47c7-8024-3ada55195a51"",""deployment"":""42412646-2416-4151-961a-a5fdc7d330f4"",""replica"":""d4d8ee4d-0d09-4840-a8d5-cf43db94e704""}",2026-04-03T01:03:47.119036919Z
[Socket.io] Client disconnected: KZNcL4x4D9NFU_HxAAAK | Reason: transport close,info,"{""level"":""info""}","{""project"":""ce3616d9-58ad-4ec7-a294-1821e1564434"",""environment"":""fb6513d0-42a4-4660-82b5-509c54b15f2a"",""service"":""4978aa94-666c-47c7-8024-3ada55195a51"",""deployment"":""42412646-2416-4151-961a-a5fdc7d330f4"",""replica"":""d4d8ee4d-0d09-4840-a8d5-cf43db94e704""}",2026-04-03T01:03:47.119046772Z
Client disconnected: KZNcL4x4D9NFU_HxAAAK Reason: transport close Transport was: websocket,info,"{""level"":""info""}","{""project"":""ce3616d9-58ad-4ec7-a294-1821e1564434"",""environment"":""fb6513d0-42a4-4660-82b5-509c54b15f2a"",""service"":""4978aa94-666c-47c7-8024-3ada55195a51"",""deployment"":""42412646-2416-4151-961a-a5fdc7d330f4"",""replica"":""d4d8ee4d-0d09-4840-a8d5-cf43db94e704""}",2026-04-03T01:03:47.119053410Z
[DB] Synced 0 accounts to database,info,"{""level"":""info""}","{""project"":""ce3616d9-58ad-4ec7-a294-1821e1564434"",""environment"":""fb6513d0-42a4-4660-82b5-509c54b15f2a"",""service"":""4978aa94-666c-47c7-8024-3ada55195a51"",""deployment"":""42412646-2416-4151-961a-a5fdc7d330f4"",""replica"":""d4d8ee4d-0d09-4840-a8d5-cf43db94e704""}",2026-04-03T01:03:47.119058654Z
2026-04-03 01:03:44 UTC - Services healthy,info,"{""level"":""info""}","{""project"":""ce3616d9-58ad-4ec7-a294-1821e1564434"",""environment"":""fb6513d0-42a4-4660-82b5-509c54b15f2a"",""service"":""4978aa94-666c-47c7-8024-3ada55195a51"",""deployment"":""42412646-2416-4151-961a-a5fdc7d330f4"",""replica"":""d4d8ee4d-0d09-4840-a8d5-cf43db94e704""}",2026-04-03T01:03:47.119067538Z
[DB] Synced 0 accounts to database,info,"{""level"":""info""}","{""project"":""ce3616d9-58ad-4ec7-a294-1821e1564434"",""environment"":""fb6513d0-42a4-4660-82b5-509c54b15f2a"",""service"":""4978aa94-666c-47c7-8024-3ada55195a51"",""deployment"":""42412646-2416-4151-961a-a5fdc7d330f4"",""replica"":""d4d8ee4d-0d09-4840-a8d5-cf43db94e704""}",2026-04-03T01:04:17.097721008Z
2026-04-03 01:04:14 UTC - Services healthy,info,"{""level"":""info""}","{""project"":""ce3616d9-58ad-4ec7-a294-1821e1564434"",""environment"":""fb6513d0-42a4-4660-82b5-509c54b15f2a"",""service"":""4978aa94-666c-47c7-8024-3ada55195a51"",""deployment"":""42412646-2416-4151-961a-a5fdc7d330f4"",""replica"":""d4d8ee4d-0d09-4840-a8d5-cf43db94e704""}",2026-04-03T01:04:17.097728306Z
[DB] Synced 0 accounts to database,info,"{""level"":""info""}","{""project"":""ce3616d9-58ad-4ec7-a294-1821e1564434"",""environment"":""fb6513d0-42a4-4660-82b5-509c54b15f2a"",""service"":""4978aa94-666c-47c7-8024-3ada55195a51"",""deployment"":""42412646-2416-4151-961a-a5fdc7d330f4"",""replica"":""d4d8ee4d-0d09-4840-a8d5-cf43db94e704""}",2026-04-03T01:04:47.171022493Z
2026-04-03 01:04:44 UTC - Services healthy,info,"{""level"":""info""}","{""project"":""ce3616d9-58ad-4ec7-a294-1821e1564434"",""environment"":""fb6513d0-42a4-4660-82b5-509c54b15f2a"",""service"":""4978aa94-666c-47c7-8024-3ada55195a51"",""deployment"":""42412646-2416-4151-961a-a5fdc7d330f4"",""replica"":""d4d8ee4d-0d09-4840-a8d5-cf43db94e704""}",2026-04-03T01:04:47.171026977Z
[DB] Synced 0 accounts to database,info,"{""level"":""info""}","{""project"":""ce3616d9-58ad-4ec7-a294-1821e1564434"",""environment"":""fb6513d0-42a4-4660-82b5-509c54b15f2a"",""service"":""4978aa94-666c-47c7-8024-3ada55195a51"",""deployment"":""42412646-2416-4151-961a-a5fdc7d330f4"",""replica"":""d4d8ee4d-0d09-4840-a8d5-cf43db94e704""}",2026-04-03T01:05:17.162466779Z
2026-04-03 01:05:14 UTC - Services healthy,info,"{""level"":""info""}","{""project"":""ce3616d9-58ad-4ec7-a294-1821e1564434"",""environment"":""fb6513d0-42a4-4660-82b5-509c54b15f2a"",""service"":""4978aa94-666c-47c7-8024-3ada55195a51"",""deployment"":""42412646-2416-4151-961a-a5fdc7d330f4"",""replica"":""d4d8ee4d-0d09-4840-a8d5-cf43db94e704""}",2026-04-03T01:05:17.162473870Z
[DB] Synced 0 accounts to database,info,"{""level"":""info""}","{""project"":""ce3616d9-58ad-4ec7-a294-1821e1564434"",""environment"":""fb6513d0-42a4-4660-82b5-509c54b15f2a"",""service"":""4978aa94-666c-47c7-8024-3ada55195a51"",""deployment"":""42412646-2416-4151-961a-a5fdc7d330f4"",""replica"":""d4d8ee4d-0d09-4840-a8d5-cf43db94e704""}",2026-04-03T01:05:47.178426077Z
2026-04-03 01:05:44 UTC - Services healthy,info,"{""level"":""info""}","{""project"":""ce3616d9-58ad-4ec7-a294-1821e1564434"",""environment"":""fb6513d0-42a4-4660-82b5-509c54b15f2a"",""service"":""4978aa94-666c-47c7-8024-3ada55195a51"",""deployment"":""42412646-2416-4151-961a-a5fdc7d330f4"",""replica"":""d4d8ee4d-0d09-4840-a8d5-cf43db94e704""}",2026-04-03T01:05:47.178432282Z
[DB] Synced 0 accounts to database,info,"{""level"":""info""}","{""project"":""ce3616d9-58ad-4ec7-a294-1821e1564434"",""environment"":""fb6513d0-42a4-4660-82b5-509c54b15f2a"",""service"":""4978aa94-666c-47c7-8024-3ada55195a51"",""deployment"":""42412646-2416-4151-961a-a5fdc7d330f4"",""replica"":""d4d8ee4d-0d09-4840-a8d5-cf43db94e704""}",2026-04-03T01:06:17.098106877Z
2026-04-03 01:06:14 UTC - Services healthy,info,"{""level"":""info""}","{""project"":""ce3616d9-58ad-4ec7-a294-1821e1564434"",""environment"":""fb6513d0-42a4-4660-82b5-509c54b15f2a"",""service"":""4978aa94-666c-47c7-8024-3ada55195a51"",""deployment"":""42412646-2416-4151-961a-a5fdc7d330f4"",""replica"":""d4d8ee4d-0d09-4840-a8d5-cf43db94e704""}",2026-04-03T01:06:17.098115593Z
[DB] Synced 0 accounts to database,info,"{""level"":""info""}","{""project"":""ce3616d9-58ad-4ec7-a294-1821e1564434"",""environment"":""fb6513d0-42a4-4660-82b5-509c54b15f2a"",""service"":""4978aa94-666c-47c7-8024-3ada55195a51"",""deployment"":""42412646-2416-4151-961a-a5fdc7d330f4"",""replica"":""d4d8ee4d-0d09-4840-a8d5-cf43db94e704""}",2026-04-03T01:06:47.146669905Z
2026-04-03 01:06:44 UTC - Services healthy,info,"{""level"":""info""}","{""project"":""ce3616d9-58ad-4ec7-a294-1821e1564434"",""environment"":""fb6513d0-42a4-4660-82b5-509c54b15f2a"",""service"":""4978aa94-666c-47c7-8024-3ada55195a51"",""deployment"":""42412646-2416-4151-961a-a5fdc7d330f4"",""replica"":""d4d8ee4d-0d09-4840-a8d5-cf43db94e704""}",2026-04-03T01:06:47.146674799Z
[DB] Synced 0 accounts to database,info,"{""level"":""info""}","{""project"":""ce3616d9-58ad-4ec7-a294-1821e1564434"",""environment"":""fb6513d0-42a4-4660-82b5-509c54b15f2a"",""service"":""4978aa94-666c-47c7-8024-3ada55195a51"",""deployment"":""42412646-2416-4151-961a-a5fdc7d330f4"",""replica"":""d4d8ee4d-0d09-4840-a8d5-cf43db94e704""}",2026-04-03T01:07:17.165867988Z
2026-04-03 01:07:14 UTC - Services healthy,info,"{""level"":""info""}","{""project"":""ce3616d9-58ad-4ec7-a294-1821e1564434"",""environment"":""fb6513d0-42a4-4660-82b5-509c54b15f2a"",""service"":""4978aa94-666c-47c7-8024-3ada55195a51"",""deployment"":""42412646-2416-4151-961a-a5fdc7d330f4"",""replica"":""d4d8ee4d-0d09-4840-a8d5-cf43db94e704""}",2026-04-03T01:07:17.165874126Z
[DB] Synced 0 accounts to database,info,"{""level"":""info""}","{""project"":""ce3616d9-58ad-4ec7-a294-1821e1564434"",""environment"":""fb6513d0-42a4-4660-82b5-509c54b15f2a"",""service"":""4978aa94-666c-47c7-8024-3ada55195a51"",""deployment"":""42412646-2416-4151-961a-a5fdc7d330f4"",""replica"":""d4d8ee4d-0d09-4840-a8d5-cf43db94e704""}",2026-04-03T01:07:47.490352330Z
2026-04-03 01:07:44 UTC - Services healthy,info,"{""level"":""info""}","{""project"":""ce3616d9-58ad-4ec7-a294-1821e1564434"",""environment"":""fb6513d0-42a4-4660-82b5-509c54b15f2a"",""service"":""4978aa94-666c-47c7-8024-3ada55195a51"",""deployment"":""42412646-2416-4151-961a-a5fdc7d330f4"",""replica"":""d4d8ee4d-0d09-4840-a8d5-cf43db94e704""}",2026-04-03T01:07:47.490359314Z
[DB] Synced 0 accounts to database,info,"{""level"":""info""}","{""project"":""ce3616d9-58ad-4ec7-a294-1821e1564434"",""environment"":""fb6513d0-42a4-4660-82b5-509c54b15f2a"",""service"":""4978aa94-666c-47c7-8024-3ada55195a51"",""deployment"":""42412646-2416-4151-961a-a5fdc7d330f4"",""replica"":""d4d8ee4d-0d09-4840-a8d5-cf43db94e704""}",2026-04-03T01:08:17.553370126Z
2026-04-03 01:08:14 UTC - Services healthy,info,"{""level"":""info""}","{""project"":""ce3616d9-58ad-4ec7-a294-1821e1564434"",""environment"":""fb6513d0-42a4-4660-82b5-509c54b15f2a"",""service"":""4978aa94-666c-47c7-8024-3ada55195a51"",""deployment"":""42412646-2416-4151-961a-a5fdc7d330f4"",""replica"":""d4d8ee4d-0d09-4840-a8d5-cf43db94e704""}",2026-04-03T01:08:17.553377905Z
[DB] Synced 0 accounts to database,info,"{""level"":""info""}","{""project"":""ce3616d9-58ad-4ec7-a294-1821e1564434"",""environment"":""fb6513d0-42a4-4660-82b5-509c54b15f2a"",""service"":""4978aa94-666c-47c7-8024-3ada55195a51"",""deployment"":""42412646-2416-4151-961a-a5fdc7d330f4"",""replica"":""d4d8ee4d-0d09-4840-a8d5-cf43db94e704""}",2026-04-03T01:08:47.565055338Z
2026-04-03 01:08:44 UTC - Services healthy,info,"{""level"":""info""}","{""project"":""ce3616d9-58ad-4ec7-a294-1821e1564434"",""environment"":""fb6513d0-42a4-4660-82b5-509c54b15f2a"",""service"":""4978aa94-666c-47c7-8024-3ada55195a51"",""deployment"":""42412646-2416-4151-961a-a5fdc7d330f4"",""replica"":""d4d8ee4d-0d09-4840-a8d5-cf43db94e704""}",2026-04-03T01:08:47.565062874Z
[DB] Synced 0 accounts to database,info,"{""level"":""info""}","{""project"":""ce3616d9-58ad-4ec7-a294-1821e1564434"",""environment"":""fb6513d0-42a4-4660-82b5-509c54b15f2a"",""service"":""4978aa94-666c-47c7-8024-3ada55195a51"",""deployment"":""42412646-2416-4151-961a-a5fdc7d330f4"",""replica"":""d4d8ee4d-0d09-4840-a8d5-cf43db94e704""}",2026-04-03T01:09:17.705127000Z
2026-04-03 01:09:14 UTC - Services healthy,info,"{""level"":""info""}","{""project"":""ce3616d9-58ad-4ec7-a294-1821e1564434"",""environment"":""fb6513d0-42a4-4660-82b5-509c54b15f2a"",""service"":""4978aa94-666c-47c7-8024-3ada55195a51"",""deployment"":""42412646-2416-4151-961a-a5fdc7d330f4"",""replica"":""d4d8ee4d-0d09-4840-a8d5-cf43db94e704""}",2026-04-03T01:09:17.705132039Z
[DB] Synced 0 accounts to database,info,"{""level"":""info""}","{""project"":""ce3616d9-58ad-4ec7-a294-1821e1564434"",""environment"":""fb6513d0-42a4-4660-82b5-509c54b15f2a"",""service"":""4978aa94-666c-47c7-8024-3ada55195a51"",""deployment"":""42412646-2416-4151-961a-a5fdc7d330f4"",""replica"":""d4d8ee4d-0d09-4840-a8d5-cf43db94e704""}",2026-04-03T01:09:47.634167638Z
2026-04-03 01:09:44 UTC - Services healthy,info,"{""level"":""info""}","{""project"":""ce3616d9-58ad-4ec7-a294-1821e1564434"",""environment"":""fb6513d0-42a4-4660-82b5-509c54b15f2a"",""service"":""4978aa94-666c-47c7-8024-3ada55195a51"",""deployment"":""42412646-2416-4151-961a-a5fdc7d330f4"",""replica"":""d4d8ee4d-0d09-4840-a8d5-cf43db94e704""}",2026-04-03T01:09:47.634173668Z
[WS Upgrade] /socket.io/,info,"{""level"":""info""}","{""project"":""ce3616d9-58ad-4ec7-a294-1821e1564434"",""environment"":""fb6513d0-42a4-4660-82b5-509c54b15f2a"",""service"":""4978aa94-666c-47c7-8024-3ada55195a51"",""deployment"":""42412646-2416-4151-961a-a5fdc7d330f4"",""replica"":""d4d8ee4d-0d09-4840-a8d5-cf43db94e704""}",2026-04-03T01:09:51.849045482Z
"[HPM] Client connected: { address: '::1', family: 'IPv6', port: 37900 }",info,"{""level"":""info""}","{""project"":""ce3616d9-58ad-4ec7-a294-1821e1564434"",""environment"":""fb6513d0-42a4-4660-82b5-509c54b15f2a"",""service"":""4978aa94-666c-47c7-8024-3ada55195a51"",""deployment"":""42412646-2416-4151-961a-a5fdc7d330f4"",""replica"":""d4d8ee4d-0d09-4840-a8d5-cf43db94e704""}",2026-04-03T01:09:51.849050790Z
[Socket.io] Client connected: 8T31E7Im0Rx1bZo6AAAN | Transport: websocket,info,"{""level"":""info""}","{""project"":""ce3616d9-58ad-4ec7-a294-1821e1564434"",""environment"":""fb6513d0-42a4-4660-82b5-509c54b15f2a"",""service"":""4978aa94-666c-47c7-8024-3ada55195a51"",""deployment"":""42412646-2416-4151-961a-a5fdc7d330f4"",""replica"":""d4d8ee4d-0d09-4840-a8d5-cf43db94e704""}",2026-04-03T01:09:51.849055643Z
Client connected: 8T31E7Im0Rx1bZo6AAAN Transport: websocket,info,"{""level"":""info""}","{""project"":""ce3616d9-58ad-4ec7-a294-1821e1564434"",""environment"":""fb6513d0-42a4-4660-82b5-509c54b15f2a"",""service"":""4978aa94-666c-47c7-8024-3ada55195a51"",""deployment"":""42412646-2416-4151-961a-a5fdc7d330f4"",""replica"":""d4d8ee4d-0d09-4840-a8d5-cf43db94e704""}",2026-04-03T01:09:51.849060435Z
[DB] Synced 0 accounts to database,info,"{""level"":""info""}","{""project"":""ce3616d9-58ad-4ec7-a294-1821e1564434"",""environment"":""fb6513d0-42a4-4660-82b5-509c54b15f2a"",""service"":""4978aa94-666c-47c7-8024-3ada55195a51"",""deployment"":""42412646-2416-4151-961a-a5fdc7d330f4"",""replica"":""d4d8ee4d-0d09-4840-a8d5-cf43db94e704""}",2026-04-03T01:10:21.920369830Z
2026-04-03 01:10:14 UTC - Services healthy,info,"{""level"":""info""}","{""project"":""ce3616d9-58ad-4ec7-a294-1821e1564434"",""environment"":""fb6513d0-42a4-4660-82b5-509c54b15f2a"",""service"":""4978aa94-666c-47c7-8024-3ada55195a51"",""deployment"":""42412646-2416-4151-961a-a5fdc7d330f4"",""replica"":""d4d8ee4d-0d09-4840-a8d5-cf43db94e704""}",2026-04-03T01:10:21.920383102Z
"[HPM] Client disconnected: { address: '::1', family: 'IPv6', port: 37900 }",info,"{""level"":""info""}","{""project"":""ce3616d9-58ad-4ec7-a294-1821e1564434"",""environment"":""fb6513d0-42a4-4660-82b5-509c54b15f2a"",""service"":""4978aa94-666c-47c7-8024-3ada55195a51"",""deployment"":""42412646-2416-4151-961a-a5fdc7d330f4"",""replica"":""d4d8ee4d-0d09-4840-a8d5-cf43db94e704""}",2026-04-03T01:10:42.028225114Z
[Socket.io] Client disconnected: 8T31E7Im0Rx1bZo6AAAN | Reason: transport close,info,"{""level"":""info""}","{""project"":""ce3616d9-58ad-4ec7-a294-1821e1564434"",""environment"":""fb6513d0-42a4-4660-82b5-509c54b15f2a"",""service"":""4978aa94-666c-47c7-8024-3ada55195a51"",""deployment"":""42412646-2416-4151-961a-a5fdc7d330f4"",""replica"":""d4d8ee4d-0d09-4840-a8d5-cf43db94e704""}",2026-04-03T01:10:42.028233604Z
Client disconnected: 8T31E7Im0Rx1bZo6AAAN Reason: transport close Transport was: websocket,info,"{""level"":""info""}","{""project"":""ce3616d9-58ad-4ec7-a294-1821e1564434"",""environment"":""fb6513d0-42a4-4660-82b5-509c54b15f2a"",""service"":""4978aa94-666c-47c7-8024-3ada55195a51"",""deployment"":""42412646-2416-4151-961a-a5fdc7d330f4"",""replica"":""d4d8ee4d-0d09-4840-a8d5-cf43db94e704""}",2026-04-03T01:10:42.028240820Z
[WS Upgrade] /socket.io/,info,"{""level"":""info""}","{""project"":""ce3616d9-58ad-4ec7-a294-1821e1564434"",""environment"":""fb6513d0-42a4-4660-82b5-509c54b15f2a"",""service"":""4978aa94-666c-47c7-8024-3ada55195a51"",""deployment"":""42412646-2416-4151-961a-a5fdc7d330f4"",""replica"":""d4d8ee4d-0d09-4840-a8d5-cf43db94e704""}",2026-04-03T01:10:42.028246711Z
"[HPM] Client connected: { address: '::1', family: 'IPv6', port: 49430 }",info,"{""level"":""info""}","{""project"":""ce3616d9-58ad-4ec7-a294-1821e1564434"",""environment"":""fb6513d0-42a4-4660-82b5-509c54b15f2a"",""service"":""4978aa94-666c-47c7-8024-3ada55195a51"",""deployment"":""42412646-2416-4151-961a-a5fdc7d330f4"",""replica"":""d4d8ee4d-0d09-4840-a8d5-cf43db94e704""}",2026-04-03T01:10:42.028251925Z
[Socket.io] Client connected: ae2Tws8E3FAwFM6XAAAQ | Transport: websocket,info,"{""level"":""info""}","{""project"":""ce3616d9-58ad-4ec7-a294-1821e1564434"",""environment"":""fb6513d0-42a4-4660-82b5-509c54b15f2a"",""service"":""4978aa94-666c-47c7-8024-3ada55195a51"",""deployment"":""42412646-2416-4151-961a-a5fdc7d330f4"",""replica"":""d4d8ee4d-0d09-4840-a8d5-cf43db94e704""}",2026-04-03T01:10:42.028256379Z
Client connected: ae2Tws8E3FAwFM6XAAAQ Transport: websocket,info,"{""level"":""info""}","{""project"":""ce3616d9-58ad-4ec7-a294-1821e1564434"",""environment"":""fb6513d0-42a4-4660-82b5-509c54b15f2a"",""service"":""4978aa94-666c-47c7-8024-3ada55195a51"",""deployment"":""42412646-2416-4151-961a-a5fdc7d330f4"",""replica"":""d4d8ee4d-0d09-4840-a8d5-cf43db94e704""}",2026-04-03T01:10:42.028261816Z
[DB] Synced 0 accounts to database,info,"{""level"":""info""}","{""project"":""ce3616d9-58ad-4ec7-a294-1821e1564434"",""environment"":""fb6513d0-42a4-4660-82b5-509c54b15f2a"",""service"":""4978aa94-666c-47c7-8024-3ada55195a51"",""deployment"":""42412646-2416-4151-961a-a5fdc7d330f4"",""replica"":""d4d8ee4d-0d09-4840-a8d5-cf43db94e704""}",2026-04-03T01:10:44.966556611Z
2026-04-03 01:10:44 UTC - Services healthy,info,"{""level"":""info""}","{""project"":""ce3616d9-58ad-4ec7-a294-1821e1564434"",""environment"":""fb6513d0-42a4-4660-82b5-509c54b15f2a"",""service"":""4978aa94-666c-47c7-8024-3ada55195a51"",""deployment"":""42412646-2416-4151-961a-a5fdc7d330f4"",""replica"":""d4d8ee4d-0d09-4840-a8d5-cf43db94e704""}",2026-04-03T01:10:44.976983076Z
"[WA API] POST to: http://localhost:3030/session/start? Body: {""accountId"":""tess"",""usePairingCode"":false}",info,"{""level"":""info""}","{""project"":""ce3616d9-58ad-4ec7-a294-1821e1564434"",""environment"":""fb6513d0-42a4-4660-82b5-509c54b15f2a"",""service"":""4978aa94-666c-47c7-8024-3ada55195a51"",""deployment"":""42412646-2416-4151-961a-a5fdc7d330f4"",""replica"":""d4d8ee4d-0d09-4840-a8d5-cf43db94e704""}",2026-04-03T01:11:04.948142266Z
==========================================,info,"{""level"":""info""}","{""project"":""ce3616d9-58ad-4ec7-a294-1821e1564434"",""environment"":""fb6513d0-42a4-4660-82b5-509c54b15f2a"",""service"":""4978aa94-666c-47c7-8024-3ada55195a51"",""deployment"":""42412646-2416-4151-961a-a5fdc7d330f4"",""replica"":""d4d8ee4d-0d09-4840-a8d5-cf43db94e704""}",2026-04-03T01:11:04.948154353Z
[SESSION/START] Request received: {,info,"{""level"":""info""}","{""project"":""ce3616d9-58ad-4ec7-a294-1821e1564434"",""environment"":""fb6513d0-42a4-4660-82b5-509c54b15f2a"",""service"":""4978aa94-666c-47c7-8024-3ada55195a51"",""deployment"":""42412646-2416-4151-961a-a5fdc7d330f4"",""replica"":""d4d8ee4d-0d09-4840-a8d5-cf43db94e704""}",2026-04-03T01:11:04.948161604Z
"  accountId: 'tess',",info,"{""level"":""info""}","{""project"":""ce3616d9-58ad-4ec7-a294-1821e1564434"",""environment"":""fb6513d0-42a4-4660-82b5-509c54b15f2a"",""service"":""4978aa94-666c-47c7-8024-3ada55195a51"",""deployment"":""42412646-2416-4151-961a-a5fdc7d330f4"",""replica"":""d4d8ee4d-0d09-4840-a8d5-cf43db94e704""}",2026-04-03T01:11:04.948168055Z
"  usePairingCode: false,",info,"{""level"":""info""}","{""project"":""ce3616d9-58ad-4ec7-a294-1821e1564434"",""environment"":""fb6513d0-42a4-4660-82b5-509c54b15f2a"",""service"":""4978aa94-666c-47c7-8024-3ada55195a51"",""deployment"":""42412646-2416-4151-961a-a5fdc7d330f4"",""replica"":""d4d8ee4d-0d09-4840-a8d5-cf43db94e704""}",2026-04-03T01:11:04.948174764Z
"  phoneNumber: undefined,",info,"{""level"":""info""}","{""project"":""ce3616d9-58ad-4ec7-a294-1821e1564434"",""environment"":""fb6513d0-42a4-4660-82b5-509c54b15f2a"",""service"":""4978aa94-666c-47c7-8024-3ada55195a51"",""deployment"":""42412646-2416-4151-961a-a5fdc7d330f4"",""replica"":""d4d8ee4d-0d09-4840-a8d5-cf43db94e704""}",2026-04-03T01:11:04.948182078Z
  forceNew: undefined,info,"{""level"":""info""}","{""project"":""ce3616d9-58ad-4ec7-a294-1821e1564434"",""environment"":""fb6513d0-42a4-4660-82b5-509c54b15f2a"",""service"":""4978aa94-666c-47c7-8024-3ada55195a51"",""deployment"":""42412646-2416-4151-961a-a5fdc7d330f4"",""replica"":""d4d8ee4d-0d09-4840-a8d5-cf43db94e704""}",2026-04-03T01:11:04.948188315Z
},info,"{""level"":""info""}","{""project"":""ce3616d9-58ad-4ec7-a294-1821e1564434"",""environment"":""fb6513d0-42a4-4660-82b5-509c54b15f2a"",""service"":""4978aa94-666c-47c7-8024-3ada55195a51"",""deployment"":""42412646-2416-4151-961a-a5fdc7d330f4"",""replica"":""d4d8ee4d-0d09-4840-a8d5-cf43db94e704""}",2026-04-03T01:11:04.948195620Z
==========================================,info,"{""level"":""info""}","{""project"":""ce3616d9-58ad-4ec7-a294-1821e1564434"",""environment"":""fb6513d0-42a4-4660-82b5-509c54b15f2a"",""service"":""4978aa94-666c-47c7-8024-3ada55195a51"",""deployment"":""42412646-2416-4151-961a-a5fdc7d330f4"",""replica"":""d4d8ee4d-0d09-4840-a8d5-cf43db94e704""}",2026-04-03T01:11:04.948202978Z
[SESSION/START] Starting session for: tess forceNew: false,info,"{""level"":""info""}","{""project"":""ce3616d9-58ad-4ec7-a294-1821e1564434"",""environment"":""fb6513d0-42a4-4660-82b5-509c54b15f2a"",""service"":""4978aa94-666c-47c7-8024-3ada55195a51"",""deployment"":""42412646-2416-4151-961a-a5fdc7d330f4"",""replica"":""d4d8ee4d-0d09-4840-a8d5-cf43db94e704""}",2026-04-03T01:11:04.948209698Z
==========================================,info,"{""level"":""info""}","{""project"":""ce3616d9-58ad-4ec7-a294-1821e1564434"",""environment"":""fb6513d0-42a4-4660-82b5-509c54b15f2a"",""service"":""4978aa94-666c-47c7-8024-3ada55195a51"",""deployment"":""42412646-2416-4151-961a-a5fdc7d330f4"",""replica"":""d4d8ee4d-0d09-4840-a8d5-cf43db94e704""}",2026-04-03T01:11:04.948216066Z
[START SESSION] Called with: {,info,"{""level"":""info""}","{""project"":""ce3616d9-58ad-4ec7-a294-1821e1564434"",""environment"":""fb6513d0-42a4-4660-82b5-509c54b15f2a"",""service"":""4978aa94-666c-47c7-8024-3ada55195a51"",""deployment"":""42412646-2416-4151-961a-a5fdc7d330f4"",""replica"":""d4d8ee4d-0d09-4840-a8d5-cf43db94e704""}",2026-04-03T01:11:04.948223375Z
"  accountId: 'tess',",info,"{""level"":""info""}","{""project"":""ce3616d9-58ad-4ec7-a294-1821e1564434"",""environment"":""fb6513d0-42a4-4660-82b5-509c54b15f2a"",""service"":""4978aa94-666c-47c7-8024-3ada55195a51"",""deployment"":""42412646-2416-4151-961a-a5fdc7d330f4"",""replica"":""d4d8ee4d-0d09-4840-a8d5-cf43db94e704""}",2026-04-03T01:11:04.948230040Z
"  usePairingCode: false,",info,"{""level"":""info""}","{""project"":""ce3616d9-58ad-4ec7-a294-1821e1564434"",""environment"":""fb6513d0-42a4-4660-82b5-509c54b15f2a"",""service"":""4978aa94-666c-47c7-8024-3ada55195a51"",""deployment"":""42412646-2416-4151-961a-a5fdc7d330f4"",""replica"":""d4d8ee4d-0d09-4840-a8d5-cf43db94e704""}",2026-04-03T01:11:04.948237190Z
"  phoneNumber: undefined,",info,"{""level"":""info""}","{""project"":""ce3616d9-58ad-4ec7-a294-1821e1564434"",""environment"":""fb6513d0-42a4-4660-82b5-509c54b15f2a"",""service"":""4978aa94-666c-47c7-8024-3ada55195a51"",""deployment"":""42412646-2416-4151-961a-a5fdc7d330f4"",""replica"":""d4d8ee4d-0d09-4840-a8d5-cf43db94e704""}",2026-04-03T01:11:04.948243612Z
  forceNew: false,info,"{""level"":""info""}","{""project"":""ce3616d9-58ad-4ec7-a294-1821e1564434"",""environment"":""fb6513d0-42a4-4660-82b5-509c54b15f2a"",""service"":""4978aa94-666c-47c7-8024-3ada55195a51"",""deployment"":""42412646-2416-4151-961a-a5fdc7d330f4"",""replica"":""d4d8ee4d-0d09-4840-a8d5-cf43db94e704""}",2026-04-03T01:11:04.948249652Z
},info,"{""level"":""info""}","{""project"":""ce3616d9-58ad-4ec7-a294-1821e1564434"",""environment"":""fb6513d0-42a4-4660-82b5-509c54b15f2a"",""service"":""4978aa94-666c-47c7-8024-3ada55195a51"",""deployment"":""42412646-2416-4151-961a-a5fdc7d330f4"",""replica"":""d4d8ee4d-0d09-4840-a8d5-cf43db94e704""}",2026-04-03T01:11:04.948256010Z
[START SESSION] Current accounts: [],info,"{""level"":""info""}","{""project"":""ce3616d9-58ad-4ec7-a294-1821e1564434"",""environment"":""fb6513d0-42a4-4660-82b5-509c54b15f2a"",""service"":""4978aa94-666c-47c7-8024-3ada55195a51"",""deployment"":""42412646-2416-4151-961a-a5fdc7d330f4"",""replica"":""d4d8ee4d-0d09-4840-a8d5-cf43db94e704""}",2026-04-03T01:11:04.948263013Z
==========================================,info,"{""level"":""info""}","{""project"":""ce3616d9-58ad-4ec7-a294-1821e1564434"",""environment"":""fb6513d0-42a4-4660-82b5-509c54b15f2a"",""service"":""4978aa94-666c-47c7-8024-3ada55195a51"",""deployment"":""42412646-2416-4151-961a-a5fdc7d330f4"",""replica"":""d4d8ee4d-0d09-4840-a8d5-cf43db94e704""}",2026-04-03T01:11:04.948269603Z
[START SESSION] Loading auth state from DATABASE (PostgreSQL - persistent)...,info,"{""level"":""info""}","{""project"":""ce3616d9-58ad-4ec7-a294-1821e1564434"",""environment"":""fb6513d0-42a4-4660-82b5-509c54b15f2a"",""service"":""4978aa94-666c-47c7-8024-3ada55195a51"",""deployment"":""42412646-2416-4151-961a-a5fdc7d330f4"",""replica"":""d4d8ee4d-0d09-4840-a8d5-cf43db94e704""}",2026-04-03T01:11:04.948275878Z
[AuthState] Loading auth state from database for tess,info,"{""level"":""info""}","{""project"":""ce3616d9-58ad-4ec7-a294-1821e1564434"",""environment"":""fb6513d0-42a4-4660-82b5-509c54b15f2a"",""service"":""4978aa94-666c-47c7-8024-3ada55195a51"",""deployment"":""42412646-2416-4151-961a-a5fdc7d330f4"",""replica"":""d4d8ee4d-0d09-4840-a8d5-cf43db94e704""}",2026-04-03T01:11:04.948282296Z
[SESSION/START] Session started successfully for: tess,info,"{""level"":""info""}","{""project"":""ce3616d9-58ad-4ec7-a294-1821e1564434"",""environment"":""fb6513d0-42a4-4660-82b5-509c54b15f2a"",""service"":""4978aa94-666c-47c7-8024-3ada55195a51"",""deployment"":""42412646-2416-4151-961a-a5fdc7d330f4"",""replica"":""d4d8ee4d-0d09-4840-a8d5-cf43db94e704""}",2026-04-03T01:11:04.948288173Z
[WA API] Response: 200,info,"{""level"":""info""}","{""project"":""ce3616d9-58ad-4ec7-a294-1821e1564434"",""environment"":""fb6513d0-42a4-4660-82b5-509c54b15f2a"",""service"":""4978aa94-666c-47c7-8024-3ada55195a51"",""deployment"":""42412646-2416-4151-961a-a5fdc7d330f4"",""replica"":""d4d8ee4d-0d09-4840-a8d5-cf43db94e704""}",2026-04-03T01:11:04.948297993Z
"[HPM] Client disconnected: { address: '::1', family: 'IPv6', port: 49430 }",info,"{""level"":""info""}","{""project"":""ce3616d9-58ad-4ec7-a294-1821e1564434"",""environment"":""fb6513d0-42a4-4660-82b5-509c54b15f2a"",""service"":""4978aa94-666c-47c7-8024-3ada55195a51"",""deployment"":""42412646-2416-4151-961a-a5fdc7d330f4"",""replica"":""d4d8ee4d-0d09-4840-a8d5-cf43db94e704""}",2026-04-03T01:11:04.948304662Z
[Socket.io] Client disconnected: ae2Tws8E3FAwFM6XAAAQ | Reason: transport close,info,"{""level"":""info""}","{""project"":""ce3616d9-58ad-4ec7-a294-1821e1564434"",""environment"":""fb6513d0-42a4-4660-82b5-509c54b15f2a"",""service"":""4978aa94-666c-47c7-8024-3ada55195a51"",""deployment"":""42412646-2416-4151-961a-a5fdc7d330f4"",""replica"":""d4d8ee4d-0d09-4840-a8d5-cf43db94e704""}",2026-04-03T01:11:04.948310630Z
Client disconnected: ae2Tws8E3FAwFM6XAAAQ Reason: transport close Transport was: websocket,info,"{""level"":""info""}","{""project"":""ce3616d9-58ad-4ec7-a294-1821e1564434"",""environment"":""fb6513d0-42a4-4660-82b5-509c54b15f2a"",""service"":""4978aa94-666c-47c7-8024-3ada55195a51"",""deployment"":""42412646-2416-4151-961a-a5fdc7d330f4"",""replica"":""d4d8ee4d-0d09-4840-a8d5-cf43db94e704""}",2026-04-03T01:11:04.948344021Z
[WS Upgrade] /socket.io/,info,"{""level"":""info""}","{""project"":""ce3616d9-58ad-4ec7-a294-1821e1564434"",""environment"":""fb6513d0-42a4-4660-82b5-509c54b15f2a"",""service"":""4978aa94-666c-47c7-8024-3ada55195a51"",""deployment"":""42412646-2416-4151-961a-a5fdc7d330f4"",""replica"":""d4d8ee4d-0d09-4840-a8d5-cf43db94e704""}",2026-04-03T01:11:04.948351225Z
"[HPM] Client connected: { address: '::1', family: 'IPv6', port: 42140 }",info,"{""level"":""info""}","{""project"":""ce3616d9-58ad-4ec7-a294-1821e1564434"",""environment"":""fb6513d0-42a4-4660-82b5-509c54b15f2a"",""service"":""4978aa94-666c-47c7-8024-3ada55195a51"",""deployment"":""42412646-2416-4151-961a-a5fdc7d330f4"",""replica"":""d4d8ee4d-0d09-4840-a8d5-cf43db94e704""}",2026-04-03T01:11:04.948356602Z
[Socket.io] Client connected: 8-HFy51YqR6hQEijAAAT | Transport: websocket,info,"{""level"":""info""}","{""project"":""ce3616d9-58ad-4ec7-a294-1821e1564434"",""environment"":""fb6513d0-42a4-4660-82b5-509c54b15f2a"",""service"":""4978aa94-666c-47c7-8024-3ada55195a51"",""deployment"":""42412646-2416-4151-961a-a5fdc7d330f4"",""replica"":""d4d8ee4d-0d09-4840-a8d5-cf43db94e704""}",2026-04-03T01:11:04.948362824Z
Client connected: 8-HFy51YqR6hQEijAAAT Transport: websocket,info,"{""level"":""info""}","{""project"":""ce3616d9-58ad-4ec7-a294-1821e1564434"",""environment"":""fb6513d0-42a4-4660-82b5-509c54b15f2a"",""service"":""4978aa94-666c-47c7-8024-3ada55195a51"",""deployment"":""42412646-2416-4151-961a-a5fdc7d330f4"",""replica"":""d4d8ee4d-0d09-4840-a8d5-cf43db94e704""}",2026-04-03T01:11:04.948367501Z
"[WA API] POST to: http://localhost:3030/session/start? Body: {""accountId"":""akun"",""usePairingCode"":false}",info,"{""level"":""info""}","{""project"":""ce3616d9-58ad-4ec7-a294-1821e1564434"",""environment"":""fb6513d0-42a4-4660-82b5-509c54b15f2a"",""service"":""4978aa94-666c-47c7-8024-3ada55195a51"",""deployment"":""42412646-2416-4151-961a-a5fdc7d330f4"",""replica"":""d4d8ee4d-0d09-4840-a8d5-cf43db94e704""}",2026-04-03T01:11:12.284061939Z
==========================================,info,"{""level"":""info""}","{""project"":""ce3616d9-58ad-4ec7-a294-1821e1564434"",""environment"":""fb6513d0-42a4-4660-82b5-509c54b15f2a"",""service"":""4978aa94-666c-47c7-8024-3ada55195a51"",""deployment"":""42412646-2416-4151-961a-a5fdc7d330f4"",""replica"":""d4d8ee4d-0d09-4840-a8d5-cf43db94e704""}",2026-04-03T01:11:12.284740581Z
[SESSION/START] Request received: {,info,"{""level"":""info""}","{""project"":""ce3616d9-58ad-4ec7-a294-1821e1564434"",""environment"":""fb6513d0-42a4-4660-82b5-509c54b15f2a"",""service"":""4978aa94-666c-47c7-8024-3ada55195a51"",""deployment"":""42412646-2416-4151-961a-a5fdc7d330f4"",""replica"":""d4d8ee4d-0d09-4840-a8d5-cf43db94e704""}",2026-04-03T01:11:12.285985470Z
"  accountId: 'akun',",info,"{""level"":""info""}","{""project"":""ce3616d9-58ad-4ec7-a294-1821e1564434"",""environment"":""fb6513d0-42a4-4660-82b5-509c54b15f2a"",""service"":""4978aa94-666c-47c7-8024-3ada55195a51"",""deployment"":""42412646-2416-4151-961a-a5fdc7d330f4"",""replica"":""d4d8ee4d-0d09-4840-a8d5-cf43db94e704""}",2026-04-03T01:11:12.285994568Z
"  usePairingCode: false,",info,"{""level"":""info""}","{""project"":""ce3616d9-58ad-4ec7-a294-1821e1564434"",""environment"":""fb6513d0-42a4-4660-82b5-509c54b15f2a"",""service"":""4978aa94-666c-47c7-8024-3ada55195a51"",""deployment"":""42412646-2416-4151-961a-a5fdc7d330f4"",""replica"":""d4d8ee4d-0d09-4840-a8d5-cf43db94e704""}",2026-04-03T01:11:12.286001095Z
"  phoneNumber: undefined,",info,"{""level"":""info""}","{""project"":""ce3616d9-58ad-4ec7-a294-1821e1564434"",""environment"":""fb6513d0-42a4-4660-82b5-509c54b15f2a"",""service"":""4978aa94-666c-47c7-8024-3ada55195a51"",""deployment"":""42412646-2416-4151-961a-a5fdc7d330f4"",""replica"":""d4d8ee4d-0d09-4840-a8d5-cf43db94e704""}",2026-04-03T01:11:12.286009997Z
  forceNew: undefined,info,"{""level"":""info""}","{""project"":""ce3616d9-58ad-4ec7-a294-1821e1564434"",""environment"":""fb6513d0-42a4-4660-82b5-509c54b15f2a"",""service"":""4978aa94-666c-47c7-8024-3ada55195a51"",""deployment"":""42412646-2416-4151-961a-a5fdc7d330f4"",""replica"":""d4d8ee4d-0d09-4840-a8d5-cf43db94e704""}",2026-04-03T01:11:12.286015545Z
},info,"{""level"":""info""}","{""project"":""ce3616d9-58ad-4ec7-a294-1821e1564434"",""environment"":""fb6513d0-42a4-4660-82b5-509c54b15f2a"",""service"":""4978aa94-666c-47c7-8024-3ada55195a51"",""deployment"":""42412646-2416-4151-961a-a5fdc7d330f4"",""replica"":""d4d8ee4d-0d09-4840-a8d5-cf43db94e704""}",2026-04-03T01:11:12.286021220Z
==========================================,info,"{""level"":""info""}","{""project"":""ce3616d9-58ad-4ec7-a294-1821e1564434"",""environment"":""fb6513d0-42a4-4660-82b5-509c54b15f2a"",""service"":""4978aa94-666c-47c7-8024-3ada55195a51"",""deployment"":""42412646-2416-4151-961a-a5fdc7d330f4"",""replica"":""d4d8ee4d-0d09-4840-a8d5-cf43db94e704""}",2026-04-03T01:11:12.286026616Z
[SESSION/START] Starting session for: akun forceNew: false,info,"{""level"":""info""}","{""project"":""ce3616d9-58ad-4ec7-a294-1821e1564434"",""environment"":""fb6513d0-42a4-4660-82b5-509c54b15f2a"",""service"":""4978aa94-666c-47c7-8024-3ada55195a51"",""deployment"":""42412646-2416-4151-961a-a5fdc7d330f4"",""replica"":""d4d8ee4d-0d09-4840-a8d5-cf43db94e704""}",2026-04-03T01:11:12.286033028Z
==========================================,info,"{""level"":""info""}","{""project"":""ce3616d9-58ad-4ec7-a294-1821e1564434"",""environment"":""fb6513d0-42a4-4660-82b5-509c54b15f2a"",""service"":""4978aa94-666c-47c7-8024-3ada55195a51"",""deployment"":""42412646-2416-4151-961a-a5fdc7d330f4"",""replica"":""d4d8ee4d-0d09-4840-a8d5-cf43db94e704""}",2026-04-03T01:11:12.286038140Z
[START SESSION] Called with: {,info,"{""level"":""info""}","{""project"":""ce3616d9-58ad-4ec7-a294-1821e1564434"",""environment"":""fb6513d0-42a4-4660-82b5-509c54b15f2a"",""service"":""4978aa94-666c-47c7-8024-3ada55195a51"",""deployment"":""42412646-2416-4151-961a-a5fdc7d330f4"",""replica"":""d4d8ee4d-0d09-4840-a8d5-cf43db94e704""}",2026-04-03T01:11:12.286043751Z
"  accountId: 'akun',",info,"{""level"":""info""}","{""project"":""ce3616d9-58ad-4ec7-a294-1821e1564434"",""environment"":""fb6513d0-42a4-4660-82b5-509c54b15f2a"",""service"":""4978aa94-666c-47c7-8024-3ada55195a51"",""deployment"":""42412646-2416-4151-961a-a5fdc7d330f4"",""replica"":""d4d8ee4d-0d09-4840-a8d5-cf43db94e704""}",2026-04-03T01:11:12.286048583Z
"  usePairingCode: false,",info,"{""level"":""info""}","{""project"":""ce3616d9-58ad-4ec7-a294-1821e1564434"",""environment"":""fb6513d0-42a4-4660-82b5-509c54b15f2a"",""service"":""4978aa94-666c-47c7-8024-3ada55195a51"",""deployment"":""42412646-2416-4151-961a-a5fdc7d330f4"",""replica"":""d4d8ee4d-0d09-4840-a8d5-cf43db94e704""}",2026-04-03T01:11:12.286053590Z
"  phoneNumber: undefined,",info,"{""level"":""info""}","{""project"":""ce3616d9-58ad-4ec7-a294-1821e1564434"",""environment"":""fb6513d0-42a4-4660-82b5-509c54b15f2a"",""service"":""4978aa94-666c-47c7-8024-3ada55195a51"",""deployment"":""42412646-2416-4151-961a-a5fdc7d330f4"",""replica"":""d4d8ee4d-0d09-4840-a8d5-cf43db94e704""}",2026-04-03T01:11:12.286058970Z
  forceNew: false,info,"{""level"":""info""}","{""project"":""ce3616d9-58ad-4ec7-a294-1821e1564434"",""environment"":""fb6513d0-42a4-4660-82b5-509c54b15f2a"",""service"":""4978aa94-666c-47c7-8024-3ada55195a51"",""deployment"":""42412646-2416-4151-961a-a5fdc7d330f4"",""replica"":""d4d8ee4d-0d09-4840-a8d5-cf43db94e704""}",2026-04-03T01:11:12.286063505Z
},info,"{""level"":""info""}","{""project"":""ce3616d9-58ad-4ec7-a294-1821e1564434"",""environment"":""fb6513d0-42a4-4660-82b5-509c54b15f2a"",""service"":""4978aa94-666c-47c7-8024-3ada55195a51"",""deployment"":""42412646-2416-4151-961a-a5fdc7d330f4"",""replica"":""d4d8ee4d-0d09-4840-a8d5-cf43db94e704""}",2026-04-03T01:11:12.286068167Z
[START SESSION] Current accounts: [],info,"{""level"":""info""}","{""project"":""ce3616d9-58ad-4ec7-a294-1821e1564434"",""environment"":""fb6513d0-42a4-4660-82b5-509c54b15f2a"",""service"":""4978aa94-666c-47c7-8024-3ada55195a51"",""deployment"":""42412646-2416-4151-961a-a5fdc7d330f4"",""replica"":""d4d8ee4d-0d09-4840-a8d5-cf43db94e704""}",2026-04-03T01:11:12.286072993Z
==========================================,info,"{""level"":""info""}","{""project"":""ce3616d9-58ad-4ec7-a294-1821e1564434"",""environment"":""fb6513d0-42a4-4660-82b5-509c54b15f2a"",""service"":""4978aa94-666c-47c7-8024-3ada55195a51"",""deployment"":""42412646-2416-4151-961a-a5fdc7d330f4"",""replica"":""d4d8ee4d-0d09-4840-a8d5-cf43db94e704""}",2026-04-03T01:11:12.286077991Z
[START SESSION] Loading auth state from DATABASE (PostgreSQL - persistent)...,info,"{""level"":""info""}","{""project"":""ce3616d9-58ad-4ec7-a294-1821e1564434"",""environment"":""fb6513d0-42a4-4660-82b5-509c54b15f2a"",""service"":""4978aa94-666c-47c7-8024-3ada55195a51"",""deployment"":""42412646-2416-4151-961a-a5fdc7d330f4"",""replica"":""d4d8ee4d-0d09-4840-a8d5-cf43db94e704""}",2026-04-03T01:11:12.286380454Z
[AuthState] Loading auth state from database for akun,info,"{""level"":""info""}","{""project"":""ce3616d9-58ad-4ec7-a294-1821e1564434"",""environment"":""fb6513d0-42a4-4660-82b5-509c54b15f2a"",""service"":""4978aa94-666c-47c7-8024-3ada55195a51"",""deployment"":""42412646-2416-4151-961a-a5fdc7d330f4"",""replica"":""d4d8ee4d-0d09-4840-a8d5-cf43db94e704""}",2026-04-03T01:11:12.286387284Z
[SESSION/START] Session started successfully for: akun,info,"{""level"":""info""}","{""project"":""ce3616d9-58ad-4ec7-a294-1821e1564434"",""environment"":""fb6513d0-42a4-4660-82b5-509c54b15f2a"",""service"":""4978aa94-666c-47c7-8024-3ada55195a51"",""deployment"":""42412646-2416-4151-961a-a5fdc7d330f4"",""replica"":""d4d8ee4d-0d09-4840-a8d5-cf43db94e704""}",2026-04-03T01:11:12.287297164Z
[WA API] Response: 200,info,"{""level"":""info""}","{""project"":""ce3616d9-58ad-4ec7-a294-1821e1564434"",""environment"":""fb6513d0-42a4-4660-82b5-509c54b15f2a"",""service"":""4978aa94-666c-47c7-8024-3ada55195a51"",""deployment"":""42412646-2416-4151-961a-a5fdc7d330f4"",""replica"":""d4d8ee4d-0d09-4840-a8d5-cf43db94e704""}",2026-04-03T01:11:12.288210771Z
[DB] Synced 0 accounts to database,info,"{""level"":""info""}","{""project"":""ce3616d9-58ad-4ec7-a294-1821e1564434"",""environment"":""fb6513d0-42a4-4660-82b5-509c54b15f2a"",""service"":""4978aa94-666c-47c7-8024-3ada55195a51"",""deployment"":""42412646-2416-4151-961a-a5fdc7d330f4"",""replica"":""d4d8ee4d-0d09-4840-a8d5-cf43db94e704""}",2026-04-03T01:11:14.983142907Z
2026-04-03 01:11:14 UTC - Services healthy,info,"{""level"":""info""}","{""project"":""ce3616d9-58ad-4ec7-a294-1821e1564434"",""environment"":""fb6513d0-42a4-4660-82b5-509c54b15f2a"",""service"":""4978aa94-666c-47c7-8024-3ada55195a51"",""deployment"":""42412646-2416-4151-961a-a5fdc7d330f4"",""replica"":""d4d8ee4d-0d09-4840-a8d5-cf43db94e704""}",2026-04-03T01:11:14.983147383Z
"[HPM] Client disconnected: { address: '::1', family: 'IPv6', port: 42140 }",info,"{""level"":""info""}","{""project"":""ce3616d9-58ad-4ec7-a294-1821e1564434"",""environment"":""fb6513d0-42a4-4660-82b5-509c54b15f2a"",""service"":""4978aa94-666c-47c7-8024-3ada55195a51"",""deployment"":""42412646-2416-4151-961a-a5fdc7d330f4"",""replica"":""d4d8ee4d-0d09-4840-a8d5-cf43db94e704""}",2026-04-03T01:11:15.865447159Z
[Socket.io] Client disconnected: 8-HFy51YqR6hQEijAAAT | Reason: transport close,info,"{""level"":""info""}","{""project"":""ce3616d9-58ad-4ec7-a294-1821e1564434"",""environment"":""fb6513d0-42a4-4660-82b5-509c54b15f2a"",""service"":""4978aa94-666c-47c7-8024-3ada55195a51"",""deployment"":""42412646-2416-4151-961a-a5fdc7d330f4"",""replica"":""d4d8ee4d-0d09-4840-a8d5-cf43db94e704""}",2026-04-03T01:11:15.865455272Z
Client disconnected: 8-HFy51YqR6hQEijAAAT Reason: transport close Transport was: websocket,info,"{""level"":""info""}","{""project"":""ce3616d9-58ad-4ec7-a294-1821e1564434"",""environment"":""fb6513d0-42a4-4660-82b5-509c54b15f2a"",""service"":""4978aa94-666c-47c7-8024-3ada55195a51"",""deployment"":""42412646-2416-4151-961a-a5fdc7d330f4"",""replica"":""d4d8ee4d-0d09-4840-a8d5-cf43db94e704""}",2026-04-03T01:11:15.865460191Z
[WS Upgrade] /socket.io/,info,"{""level"":""info""}","{""project"":""ce3616d9-58ad-4ec7-a294-1821e1564434"",""environment"":""fb6513d0-42a4-4660-82b5-509c54b15f2a"",""service"":""4978aa94-666c-47c7-8024-3ada55195a51"",""deployment"":""42412646-2416-4151-961a-a5fdc7d330f4"",""replica"":""d4d8ee4d-0d09-4840-a8d5-cf43db94e704""}",2026-04-03T01:11:16.099120703Z
"[HPM] Client connected: { address: '::1', family: 'IPv6', port: 34306 }",info,"{""level"":""info""}","{""project"":""ce3616d9-58ad-4ec7-a294-1821e1564434"",""environment"":""fb6513d0-42a4-4660-82b5-509c54b15f2a"",""service"":""4978aa94-666c-47c7-8024-3ada55195a51"",""deployment"":""42412646-2416-4151-961a-a5fdc7d330f4"",""replica"":""d4d8ee4d-0d09-4840-a8d5-cf43db94e704""}",2026-04-03T01:11:16.099130425Z
[Socket.io] Client connected: TEbTRDy3CNErq7UlAAAW | Transport: websocket,info,"{""level"":""info""}","{""project"":""ce3616d9-58ad-4ec7-a294-1821e1564434"",""environment"":""fb6513d0-42a4-4660-82b5-509c54b15f2a"",""service"":""4978aa94-666c-47c7-8024-3ada55195a51"",""deployment"":""42412646-2416-4151-961a-a5fdc7d330f4"",""replica"":""d4d8ee4d-0d09-4840-a8d5-cf43db94e704""}",2026-04-03T01:11:16.138482657Z
Client connected: TEbTRDy3CNErq7UlAAAW Transport: websocket,info,"{""level"":""info""}","{""project"":""ce3616d9-58ad-4ec7-a294-1821e1564434"",""environment"":""fb6513d0-42a4-4660-82b5-509c54b15f2a"",""service"":""4978aa94-666c-47c7-8024-3ada55195a51"",""deployment"":""42412646-2416-4151-961a-a5fdc7d330f4"",""replica"":""d4d8ee4d-0d09-4840-a8d5-cf43db94e704""}",2026-04-03T01:11:16.138489590Z
"[HPM] Client disconnected: { address: '::1', family: 'IPv6', port: 34306 }",info,"{""level"":""info""}","{""project"":""ce3616d9-58ad-4ec7-a294-1821e1564434"",""environment"":""fb6513d0-42a4-4660-82b5-509c54b15f2a"",""service"":""4978aa94-666c-47c7-8024-3ada55195a51"",""deployment"":""42412646-2416-4151-961a-a5fdc7d330f4"",""replica"":""d4d8ee4d-0d09-4840-a8d5-cf43db94e704""}",2026-04-03T01:11:16.926103935Z
[Socket.io] Client disconnected: TEbTRDy3CNErq7UlAAAW | Reason: transport close,info,"{""level"":""info""}","{""project"":""ce3616d9-58ad-4ec7-a294-1821e1564434"",""environment"":""fb6513d0-42a4-4660-82b5-509c54b15f2a"",""service"":""4978aa94-666c-47c7-8024-3ada55195a51"",""deployment"":""42412646-2416-4151-961a-a5fdc7d330f4"",""replica"":""d4d8ee4d-0d09-4840-a8d5-cf43db94e704""}",2026-04-03T01:11:16.926111398Z
Client disconnected: TEbTRDy3CNErq7UlAAAW Reason: transport close Transport was: websocket,info,"{""level"":""info""}","{""project"":""ce3616d9-58ad-4ec7-a294-1821e1564434"",""environment"":""fb6513d0-42a4-4660-82b5-509c54b15f2a"",""service"":""4978aa94-666c-47c7-8024-3ada55195a51"",""deployment"":""42412646-2416-4151-961a-a5fdc7d330f4"",""replica"":""d4d8ee4d-0d09-4840-a8d5-cf43db94e704""}",2026-04-03T01:11:16.926116530Z
[WS Upgrade] /socket.io/,info,"{""level"":""info""}","{""project"":""ce3616d9-58ad-4ec7-a294-1821e1564434"",""environment"":""fb6513d0-42a4-4660-82b5-509c54b15f2a"",""service"":""4978aa94-666c-47c7-8024-3ada55195a51"",""deployment"":""42412646-2416-4151-961a-a5fdc7d330f4"",""replica"":""d4d8ee4d-0d09-4840-a8d5-cf43db94e704""}",2026-04-03T01:11:17.345103901Z
"[HPM] Client connected: { address: '::1', family: 'IPv6', port: 34318 }",info,"{""level"":""info""}","{""project"":""ce3616d9-58ad-4ec7-a294-1821e1564434"",""environment"":""fb6513d0-42a4-4660-82b5-509c54b15f2a"",""service"":""4978aa94-666c-47c7-8024-3ada55195a51"",""deployment"":""42412646-2416-4151-961a-a5fdc7d330f4"",""replica"":""d4d8ee4d-0d09-4840-a8d5-cf43db94e704""}",2026-04-03T01:11:17.345112227Z
[Socket.io] Client connected: KgBpRmmlK4QhySCCAAAZ | Transport: websocket,info,"{""level"":""info""}","{""project"":""ce3616d9-58ad-4ec7-a294-1821e1564434"",""environment"":""fb6513d0-42a4-4660-82b5-509c54b15f2a"",""service"":""4978aa94-666c-47c7-8024-3ada55195a51"",""deployment"":""42412646-2416-4151-961a-a5fdc7d330f4"",""replica"":""d4d8ee4d-0d09-4840-a8d5-cf43db94e704""}",2026-04-03T01:11:17.355191893Z
Client connected: KgBpRmmlK4QhySCCAAAZ Transport: websocket,info,"{""level"":""info""}","{""project"":""ce3616d9-58ad-4ec7-a294-1821e1564434"",""environment"":""fb6513d0-42a4-4660-82b5-509c54b15f2a"",""service"":""4978aa94-666c-47c7-8024-3ada55195a51"",""deployment"":""42412646-2416-4151-961a-a5fdc7d330f4"",""replica"":""d4d8ee4d-0d09-4840-a8d5-cf43db94e704""}",2026-04-03T01:11:17.355200913Z
[DB] Synced 0 accounts to database,info,"{""level"":""info""}","{""project"":""ce3616d9-58ad-4ec7-a294-1821e1564434"",""environment"":""fb6513d0-42a4-4660-82b5-509c54b15f2a"",""service"":""4978aa94-666c-47c7-8024-3ada55195a51"",""deployment"":""42412646-2416-4151-961a-a5fdc7d330f4"",""replica"":""d4d8ee4d-0d09-4840-a8d5-cf43db94e704""}",2026-04-03T01:11:47.673380298Z
2026-04-03 01:11:44 UTC - Services healthy,info,"{""level"":""info""}","{""project"":""ce3616d9-58ad-4ec7-a294-1821e1564434"",""environment"":""fb6513d0-42a4-4660-82b5-509c54b15f2a"",""service"":""4978aa94-666c-47c7-8024-3ada55195a51"",""deployment"":""42412646-2416-4151-961a-a5fdc7d330f4"",""replica"":""d4d8ee4d-0d09-4840-a8d5-cf43db94e704""}",2026-04-03T01:11:47.673390584Z
"[WA API] POST to: http://localhost:3030/session/start? Body: {""accountId"":""akun-1"",""usePairingCode"":false}",info,"{""level"":""info""}","{""project"":""ce3616d9-58ad-4ec7-a294-1821e1564434"",""environment"":""fb6513d0-42a4-4660-82b5-509c54b15f2a"",""service"":""4978aa94-666c-47c7-8024-3ada55195a51"",""deployment"":""42412646-2416-4151-961a-a5fdc7d330f4"",""replica"":""d4d8ee4d-0d09-4840-a8d5-cf43db94e704""}",2026-04-03T01:11:57.219158323Z
==========================================,info,"{""level"":""info""}","{""project"":""ce3616d9-58ad-4ec7-a294-1821e1564434"",""environment"":""fb6513d0-42a4-4660-82b5-509c54b15f2a"",""service"":""4978aa94-666c-47c7-8024-3ada55195a51"",""deployment"":""42412646-2416-4151-961a-a5fdc7d330f4"",""replica"":""d4d8ee4d-0d09-4840-a8d5-cf43db94e704""}",2026-04-03T01:11:57.219165579Z
[SESSION/START] Request received: {,info,"{""level"":""info""}","{""project"":""ce3616d9-58ad-4ec7-a294-1821e1564434"",""environment"":""fb6513d0-42a4-4660-82b5-509c54b15f2a"",""service"":""4978aa94-666c-47c7-8024-3ada55195a51"",""deployment"":""42412646-2416-4151-961a-a5fdc7d330f4"",""replica"":""d4d8ee4d-0d09-4840-a8d5-cf43db94e704""}",2026-04-03T01:11:57.219171820Z
"  accountId: 'akun-1',",info,"{""level"":""info""}","{""project"":""ce3616d9-58ad-4ec7-a294-1821e1564434"",""environment"":""fb6513d0-42a4-4660-82b5-509c54b15f2a"",""service"":""4978aa94-666c-47c7-8024-3ada55195a51"",""deployment"":""42412646-2416-4151-961a-a5fdc7d330f4"",""replica"":""d4d8ee4d-0d09-4840-a8d5-cf43db94e704""}",2026-04-03T01:11:57.219177841Z
==========================================,info,"{""level"":""info""}","{""project"":""ce3616d9-58ad-4ec7-a294-1821e1564434"",""environment"":""fb6513d0-42a4-4660-82b5-509c54b15f2a"",""service"":""4978aa94-666c-47c7-8024-3ada55195a51"",""deployment"":""42412646-2416-4151-961a-a5fdc7d330f4"",""replica"":""d4d8ee4d-0d09-4840-a8d5-cf43db94e704""}",2026-04-03T01:11:57.219205500Z
[SESSION/START] Starting session for: akun-1 forceNew: false,info,"{""level"":""info""}","{""project"":""ce3616d9-58ad-4ec7-a294-1821e1564434"",""environment"":""fb6513d0-42a4-4660-82b5-509c54b15f2a"",""service"":""4978aa94-666c-47c7-8024-3ada55195a51"",""deployment"":""42412646-2416-4151-961a-a5fdc7d330f4"",""replica"":""d4d8ee4d-0d09-4840-a8d5-cf43db94e704""}",2026-04-03T01:11:57.219211460Z
==========================================,info,"{""level"":""info""}","{""project"":""ce3616d9-58ad-4ec7-a294-1821e1564434"",""environment"":""fb6513d0-42a4-4660-82b5-509c54b15f2a"",""service"":""4978aa94-666c-47c7-8024-3ada55195a51"",""deployment"":""42412646-2416-4151-961a-a5fdc7d330f4"",""replica"":""d4d8ee4d-0d09-4840-a8d5-cf43db94e704""}",2026-04-03T01:11:57.219217396Z
"  usePairingCode: false,",info,"{""level"":""info""}","{""project"":""ce3616d9-58ad-4ec7-a294-1821e1564434"",""environment"":""fb6513d0-42a4-4660-82b5-509c54b15f2a"",""service"":""4978aa94-666c-47c7-8024-3ada55195a51"",""deployment"":""42412646-2416-4151-961a-a5fdc7d330f4"",""replica"":""d4d8ee4d-0d09-4840-a8d5-cf43db94e704""}",2026-04-03T01:11:57.219234075Z
"  phoneNumber: undefined,",info,"{""level"":""info""}","{""project"":""ce3616d9-58ad-4ec7-a294-1821e1564434"",""environment"":""fb6513d0-42a4-4660-82b5-509c54b15f2a"",""service"":""4978aa94-666c-47c7-8024-3ada55195a51"",""deployment"":""42412646-2416-4151-961a-a5fdc7d330f4"",""replica"":""d4d8ee4d-0d09-4840-a8d5-cf43db94e704""}",2026-04-03T01:11:57.219240063Z
  forceNew: false,info,"{""level"":""info""}","{""project"":""ce3616d9-58ad-4ec7-a294-1821e1564434"",""environment"":""fb6513d0-42a4-4660-82b5-509c54b15f2a"",""service"":""4978aa94-666c-47c7-8024-3ada55195a51"",""deployment"":""42412646-2416-4151-961a-a5fdc7d330f4"",""replica"":""d4d8ee4d-0d09-4840-a8d5-cf43db94e704""}",2026-04-03T01:11:57.219245098Z
},info,"{""level"":""info""}","{""project"":""ce3616d9-58ad-4ec7-a294-1821e1564434"",""environment"":""fb6513d0-42a4-4660-82b5-509c54b15f2a"",""service"":""4978aa94-666c-47c7-8024-3ada55195a51"",""deployment"":""42412646-2416-4151-961a-a5fdc7d330f4"",""replica"":""d4d8ee4d-0d09-4840-a8d5-cf43db94e704""}",2026-04-03T01:11:57.219250332Z
==========================================,info,"{""level"":""info""}","{""project"":""ce3616d9-58ad-4ec7-a294-1821e1564434"",""environment"":""fb6513d0-42a4-4660-82b5-509c54b15f2a"",""service"":""4978aa94-666c-47c7-8024-3ada55195a51"",""deployment"":""42412646-2416-4151-961a-a5fdc7d330f4"",""replica"":""d4d8ee4d-0d09-4840-a8d5-cf43db94e704""}",2026-04-03T01:11:57.219261216Z