message,severity,attributes,tags,timestamp
[DB] Synced 1 accounts to database,info,"{""level"":""info""}","{""project"":""ce3616d9-58ad-4ec7-a294-1821e1564434"",""environment"":""fb6513d0-42a4-4660-82b5-509c54b15f2a"",""service"":""4978aa94-666c-47c7-8024-3ada55195a51"",""deployment"":""b74391c9-c7a3-4b79-8cbc-cdb2242a0c4b"",""replica"":""ee6f635d-6e8d-49c1-9a8a-391303e7d624""}",2026-04-01T23:06:22.534155512Z
2026-04-01 23:06:25 UTC - Services healthy,info,"{""level"":""info""}","{""project"":""ce3616d9-58ad-4ec7-a294-1821e1564434"",""environment"":""fb6513d0-42a4-4660-82b5-509c54b15f2a"",""service"":""4978aa94-666c-47c7-8024-3ada55195a51"",""deployment"":""b74391c9-c7a3-4b79-8cbc-cdb2242a0c4b"",""replica"":""ee6f635d-6e8d-49c1-9a8a-391303e7d624""}",2026-04-01T23:06:25.586661282Z
[DB] Synced 1 accounts to database,info,"{""level"":""info""}","{""project"":""ce3616d9-58ad-4ec7-a294-1821e1564434"",""environment"":""fb6513d0-42a4-4660-82b5-509c54b15f2a"",""service"":""4978aa94-666c-47c7-8024-3ada55195a51"",""deployment"":""b74391c9-c7a3-4b79-8cbc-cdb2242a0c4b"",""replica"":""ee6f635d-6e8d-49c1-9a8a-391303e7d624""}",2026-04-01T23:06:45.625775942Z
2026-04-01 23:06:55 UTC - Services healthy,info,"{""level"":""info""}","{""project"":""ce3616d9-58ad-4ec7-a294-1821e1564434"",""environment"":""fb6513d0-42a4-4660-82b5-509c54b15f2a"",""service"":""4978aa94-666c-47c7-8024-3ada55195a51"",""deployment"":""b74391c9-c7a3-4b79-8cbc-cdb2242a0c4b"",""replica"":""ee6f635d-6e8d-49c1-9a8a-391303e7d624""}",2026-04-01T23:07:05.502508749Z
[DB] Synced 1 accounts to database,info,"{""level"":""info""}","{""project"":""ce3616d9-58ad-4ec7-a294-1821e1564434"",""environment"":""fb6513d0-42a4-4660-82b5-509c54b15f2a"",""service"":""4978aa94-666c-47c7-8024-3ada55195a51"",""deployment"":""b74391c9-c7a3-4b79-8cbc-cdb2242a0c4b"",""replica"":""ee6f635d-6e8d-49c1-9a8a-391303e7d624""}",2026-04-01T23:07:12.579552875Z
2026-04-01 23:07:25 UTC - Services healthy,info,"{""level"":""info""}","{""project"":""ce3616d9-58ad-4ec7-a294-1821e1564434"",""environment"":""fb6513d0-42a4-4660-82b5-509c54b15f2a"",""service"":""4978aa94-666c-47c7-8024-3ada55195a51"",""deployment"":""b74391c9-c7a3-4b79-8cbc-cdb2242a0c4b"",""replica"":""ee6f635d-6e8d-49c1-9a8a-391303e7d624""}",2026-04-01T23:07:32.660524591Z
[DB] Synced 1 accounts to database,info,"{""level"":""info""}","{""project"":""ce3616d9-58ad-4ec7-a294-1821e1564434"",""environment"":""fb6513d0-42a4-4660-82b5-509c54b15f2a"",""service"":""4978aa94-666c-47c7-8024-3ada55195a51"",""deployment"":""b74391c9-c7a3-4b79-8cbc-cdb2242a0c4b"",""replica"":""ee6f635d-6e8d-49c1-9a8a-391303e7d624""}",2026-04-01T23:07:42.622987030Z
2026-04-01 23:07:55 UTC - Services healthy,info,"{""level"":""info""}","{""project"":""ce3616d9-58ad-4ec7-a294-1821e1564434"",""environment"":""fb6513d0-42a4-4660-82b5-509c54b15f2a"",""service"":""4978aa94-666c-47c7-8024-3ada55195a51"",""deployment"":""b74391c9-c7a3-4b79-8cbc-cdb2242a0c4b"",""replica"":""ee6f635d-6e8d-49c1-9a8a-391303e7d624""}",2026-04-01T23:08:02.592809752Z
[DB] Synced 1 accounts to database,info,"{""level"":""info""}","{""project"":""ce3616d9-58ad-4ec7-a294-1821e1564434"",""environment"":""fb6513d0-42a4-4660-82b5-509c54b15f2a"",""service"":""4978aa94-666c-47c7-8024-3ada55195a51"",""deployment"":""b74391c9-c7a3-4b79-8cbc-cdb2242a0c4b"",""replica"":""ee6f635d-6e8d-49c1-9a8a-391303e7d624""}",2026-04-01T23:08:22.652383131Z
2026-04-01 23:08:25 UTC - Services healthy,info,"{""level"":""info""}","{""project"":""ce3616d9-58ad-4ec7-a294-1821e1564434"",""environment"":""fb6513d0-42a4-4660-82b5-509c54b15f2a"",""service"":""4978aa94-666c-47c7-8024-3ada55195a51"",""deployment"":""b74391c9-c7a3-4b79-8cbc-cdb2242a0c4b"",""replica"":""ee6f635d-6e8d-49c1-9a8a-391303e7d624""}",2026-04-01T23:08:25.783962476Z
[DB] Synced 1 accounts to database,info,"{""level"":""info""}","{""project"":""ce3616d9-58ad-4ec7-a294-1821e1564434"",""environment"":""fb6513d0-42a4-4660-82b5-509c54b15f2a"",""service"":""4978aa94-666c-47c7-8024-3ada55195a51"",""deployment"":""b74391c9-c7a3-4b79-8cbc-cdb2242a0c4b"",""replica"":""ee6f635d-6e8d-49c1-9a8a-391303e7d624""}",2026-04-01T23:08:45.772523558Z
2026-04-01 23:08:55 UTC - Services healthy,info,"{""level"":""info""}","{""project"":""ce3616d9-58ad-4ec7-a294-1821e1564434"",""environment"":""fb6513d0-42a4-4660-82b5-509c54b15f2a"",""service"":""4978aa94-666c-47c7-8024-3ada55195a51"",""deployment"":""b74391c9-c7a3-4b79-8cbc-cdb2242a0c4b"",""replica"":""ee6f635d-6e8d-49c1-9a8a-391303e7d624""}",2026-04-01T23:08:55.628357836Z
[DB] Synced 1 accounts to database,info,"{""level"":""info""}","{""project"":""ce3616d9-58ad-4ec7-a294-1821e1564434"",""environment"":""fb6513d0-42a4-4660-82b5-509c54b15f2a"",""service"":""4978aa94-666c-47c7-8024-3ada55195a51"",""deployment"":""b74391c9-c7a3-4b79-8cbc-cdb2242a0c4b"",""replica"":""ee6f635d-6e8d-49c1-9a8a-391303e7d624""}",2026-04-01T23:09:15.819761179Z
2026-04-01 23:09:25 UTC - Services healthy,info,"{""level"":""info""}","{""project"":""ce3616d9-58ad-4ec7-a294-1821e1564434"",""environment"":""fb6513d0-42a4-4660-82b5-509c54b15f2a"",""service"":""4978aa94-666c-47c7-8024-3ada55195a51"",""deployment"":""b74391c9-c7a3-4b79-8cbc-cdb2242a0c4b"",""replica"":""ee6f635d-6e8d-49c1-9a8a-391303e7d624""}",2026-04-01T23:09:25.609421994Z
[DB] Synced 1 accounts to database,info,"{""level"":""info""}","{""project"":""ce3616d9-58ad-4ec7-a294-1821e1564434"",""environment"":""fb6513d0-42a4-4660-82b5-509c54b15f2a"",""service"":""4978aa94-666c-47c7-8024-3ada55195a51"",""deployment"":""b74391c9-c7a3-4b79-8cbc-cdb2242a0c4b"",""replica"":""ee6f635d-6e8d-49c1-9a8a-391303e7d624""}",2026-04-01T23:09:45.551863613Z
2026-04-01 23:09:55 UTC - Services healthy,info,"{""level"":""info""}","{""project"":""ce3616d9-58ad-4ec7-a294-1821e1564434"",""environment"":""fb6513d0-42a4-4660-82b5-509c54b15f2a"",""service"":""4978aa94-666c-47c7-8024-3ada55195a51"",""deployment"":""b74391c9-c7a3-4b79-8cbc-cdb2242a0c4b"",""replica"":""ee6f635d-6e8d-49c1-9a8a-391303e7d624""}",2026-04-01T23:10:05.538249062Z
[DB] Synced 1 accounts to database,info,"{""level"":""info""}","{""project"":""ce3616d9-58ad-4ec7-a294-1821e1564434"",""environment"":""fb6513d0-42a4-4660-82b5-509c54b15f2a"",""service"":""4978aa94-666c-47c7-8024-3ada55195a51"",""deployment"":""b74391c9-c7a3-4b79-8cbc-cdb2242a0c4b"",""replica"":""ee6f635d-6e8d-49c1-9a8a-391303e7d624""}",2026-04-01T23:10:12.696045261Z
2026-04-01 23:10:25 UTC - Services healthy,info,"{""level"":""info""}","{""project"":""ce3616d9-58ad-4ec7-a294-1821e1564434"",""environment"":""fb6513d0-42a4-4660-82b5-509c54b15f2a"",""service"":""4978aa94-666c-47c7-8024-3ada55195a51"",""deployment"":""b74391c9-c7a3-4b79-8cbc-cdb2242a0c4b"",""replica"":""ee6f635d-6e8d-49c1-9a8a-391303e7d624""}",2026-04-01T23:10:32.602652879Z
[DB] Synced 1 accounts to database,info,"{""level"":""info""}","{""project"":""ce3616d9-58ad-4ec7-a294-1821e1564434"",""environment"":""fb6513d0-42a4-4660-82b5-509c54b15f2a"",""service"":""4978aa94-666c-47c7-8024-3ada55195a51"",""deployment"":""b74391c9-c7a3-4b79-8cbc-cdb2242a0c4b"",""replica"":""ee6f635d-6e8d-49c1-9a8a-391303e7d624""}",2026-04-01T23:10:52.666903239Z
2026-04-01 23:10:55 UTC - Services healthy,info,"{""level"":""info""}","{""project"":""ce3616d9-58ad-4ec7-a294-1821e1564434"",""environment"":""fb6513d0-42a4-4660-82b5-509c54b15f2a"",""service"":""4978aa94-666c-47c7-8024-3ada55195a51"",""deployment"":""b74391c9-c7a3-4b79-8cbc-cdb2242a0c4b"",""replica"":""ee6f635d-6e8d-49c1-9a8a-391303e7d624""}",2026-04-01T23:10:55.689360268Z
[DB] Synced 1 accounts to database,info,"{""level"":""info""}","{""project"":""ce3616d9-58ad-4ec7-a294-1821e1564434"",""environment"":""fb6513d0-42a4-4660-82b5-509c54b15f2a"",""service"":""4978aa94-666c-47c7-8024-3ada55195a51"",""deployment"":""b74391c9-c7a3-4b79-8cbc-cdb2242a0c4b"",""replica"":""ee6f635d-6e8d-49c1-9a8a-391303e7d624""}",2026-04-01T23:11:15.933782466Z
2026-04-01 23:11:25 UTC - Services healthy,info,"{""level"":""info""}","{""project"":""ce3616d9-58ad-4ec7-a294-1821e1564434"",""environment"":""fb6513d0-42a4-4660-82b5-509c54b15f2a"",""service"":""4978aa94-666c-47c7-8024-3ada55195a51"",""deployment"":""b74391c9-c7a3-4b79-8cbc-cdb2242a0c4b"",""replica"":""ee6f635d-6e8d-49c1-9a8a-391303e7d624""}",2026-04-01T23:11:25.726178640Z
[DB] Synced 1 accounts to database,info,"{""level"":""info""}","{""project"":""ce3616d9-58ad-4ec7-a294-1821e1564434"",""environment"":""fb6513d0-42a4-4660-82b5-509c54b15f2a"",""service"":""4978aa94-666c-47c7-8024-3ada55195a51"",""deployment"":""b74391c9-c7a3-4b79-8cbc-cdb2242a0c4b"",""replica"":""ee6f635d-6e8d-49c1-9a8a-391303e7d624""}",2026-04-01T23:11:45.714943363Z
2026-04-01 23:11:55 UTC - Services healthy,info,"{""level"":""info""}","{""project"":""ce3616d9-58ad-4ec7-a294-1821e1564434"",""environment"":""fb6513d0-42a4-4660-82b5-509c54b15f2a"",""service"":""4978aa94-666c-47c7-8024-3ada55195a51"",""deployment"":""b74391c9-c7a3-4b79-8cbc-cdb2242a0c4b"",""replica"":""ee6f635d-6e8d-49c1-9a8a-391303e7d624""}",2026-04-01T23:11:55.704150222Z
[DB] Synced 1 accounts to database,info,"{""level"":""info""}","{""project"":""ce3616d9-58ad-4ec7-a294-1821e1564434"",""environment"":""fb6513d0-42a4-4660-82b5-509c54b15f2a"",""service"":""4978aa94-666c-47c7-8024-3ada55195a51"",""deployment"":""b74391c9-c7a3-4b79-8cbc-cdb2242a0c4b"",""replica"":""ee6f635d-6e8d-49c1-9a8a-391303e7d624""}",2026-04-01T23:12:15.551588427Z
2026-04-01 23:12:25 UTC - Services healthy,info,"{""level"":""info""}","{""project"":""ce3616d9-58ad-4ec7-a294-1821e1564434"",""environment"":""fb6513d0-42a4-4660-82b5-509c54b15f2a"",""service"":""4978aa94-666c-47c7-8024-3ada55195a51"",""deployment"":""b74391c9-c7a3-4b79-8cbc-cdb2242a0c4b"",""replica"":""ee6f635d-6e8d-49c1-9a8a-391303e7d624""}",2026-04-01T23:12:35.361723690Z
[DB] Synced 1 accounts to database,info,"{""level"":""info""}","{""project"":""ce3616d9-58ad-4ec7-a294-1821e1564434"",""environment"":""fb6513d0-42a4-4660-82b5-509c54b15f2a"",""service"":""4978aa94-666c-47c7-8024-3ada55195a51"",""deployment"":""b74391c9-c7a3-4b79-8cbc-cdb2242a0c4b"",""replica"":""ee6f635d-6e8d-49c1-9a8a-391303e7d624""}",2026-04-01T23:12:42.746691452Z
2026-04-01 23:12:55 UTC - Services healthy,info,"{""level"":""info""}","{""project"":""ce3616d9-58ad-4ec7-a294-1821e1564434"",""environment"":""fb6513d0-42a4-4660-82b5-509c54b15f2a"",""service"":""4978aa94-666c-47c7-8024-3ada55195a51"",""deployment"":""b74391c9-c7a3-4b79-8cbc-cdb2242a0c4b"",""replica"":""ee6f635d-6e8d-49c1-9a8a-391303e7d624""}",2026-04-01T23:13:02.732645952Z
[DB] Synced 1 accounts to database,info,"{""level"":""info""}","{""project"":""ce3616d9-58ad-4ec7-a294-1821e1564434"",""environment"":""fb6513d0-42a4-4660-82b5-509c54b15f2a"",""service"":""4978aa94-666c-47c7-8024-3ada55195a51"",""deployment"":""b74391c9-c7a3-4b79-8cbc-cdb2242a0c4b"",""replica"":""ee6f635d-6e8d-49c1-9a8a-391303e7d624""}",2026-04-01T23:13:22.658574498Z
2026-04-01 23:13:25 UTC - Services healthy,info,"{""level"":""info""}","{""project"":""ce3616d9-58ad-4ec7-a294-1821e1564434"",""environment"":""fb6513d0-42a4-4660-82b5-509c54b15f2a"",""service"":""4978aa94-666c-47c7-8024-3ada55195a51"",""deployment"":""b74391c9-c7a3-4b79-8cbc-cdb2242a0c4b"",""replica"":""ee6f635d-6e8d-49c1-9a8a-391303e7d624""}",2026-04-01T23:13:25.650179499Z
[DB] Synced 1 accounts to database,info,"{""level"":""info""}","{""project"":""ce3616d9-58ad-4ec7-a294-1821e1564434"",""environment"":""fb6513d0-42a4-4660-82b5-509c54b15f2a"",""service"":""4978aa94-666c-47c7-8024-3ada55195a51"",""deployment"":""b74391c9-c7a3-4b79-8cbc-cdb2242a0c4b"",""replica"":""ee6f635d-6e8d-49c1-9a8a-391303e7d624""}",2026-04-01T23:13:45.687218962Z
2026-04-01 23:13:55 UTC - Services healthy,info,"{""level"":""info""}","{""project"":""ce3616d9-58ad-4ec7-a294-1821e1564434"",""environment"":""fb6513d0-42a4-4660-82b5-509c54b15f2a"",""service"":""4978aa94-666c-47c7-8024-3ada55195a51"",""deployment"":""b74391c9-c7a3-4b79-8cbc-cdb2242a0c4b"",""replica"":""ee6f635d-6e8d-49c1-9a8a-391303e7d624""}",2026-04-01T23:13:55.675324317Z
[DB] Synced 1 accounts to database,info,"{""level"":""info""}","{""project"":""ce3616d9-58ad-4ec7-a294-1821e1564434"",""environment"":""fb6513d0-42a4-4660-82b5-509c54b15f2a"",""service"":""4978aa94-666c-47c7-8024-3ada55195a51"",""deployment"":""b74391c9-c7a3-4b79-8cbc-cdb2242a0c4b"",""replica"":""ee6f635d-6e8d-49c1-9a8a-391303e7d624""}",2026-04-01T23:14:15.697395890Z
2026-04-01 23:14:25 UTC - Services healthy,info,"{""level"":""info""}","{""project"":""ce3616d9-58ad-4ec7-a294-1821e1564434"",""environment"":""fb6513d0-42a4-4660-82b5-509c54b15f2a"",""service"":""4978aa94-666c-47c7-8024-3ada55195a51"",""deployment"":""b74391c9-c7a3-4b79-8cbc-cdb2242a0c4b"",""replica"":""ee6f635d-6e8d-49c1-9a8a-391303e7d624""}",2026-04-01T23:14:25.664728170Z
[DB] Synced 1 accounts to database,info,"{""level"":""info""}","{""project"":""ce3616d9-58ad-4ec7-a294-1821e1564434"",""environment"":""fb6513d0-42a4-4660-82b5-509c54b15f2a"",""service"":""4978aa94-666c-47c7-8024-3ada55195a51"",""deployment"":""b74391c9-c7a3-4b79-8cbc-cdb2242a0c4b"",""replica"":""ee6f635d-6e8d-49c1-9a8a-391303e7d624""}",2026-04-01T23:14:45.691584840Z
2026-04-01 23:14:55 UTC - Services healthy,info,"{""level"":""info""}","{""project"":""ce3616d9-58ad-4ec7-a294-1821e1564434"",""environment"":""fb6513d0-42a4-4660-82b5-509c54b15f2a"",""service"":""4978aa94-666c-47c7-8024-3ada55195a51"",""deployment"":""b74391c9-c7a3-4b79-8cbc-cdb2242a0c4b"",""replica"":""ee6f635d-6e8d-49c1-9a8a-391303e7d624""}",2026-04-01T23:14:55.666851121Z
[DB] Synced 1 accounts to database,info,"{""level"":""info""}","{""project"":""ce3616d9-58ad-4ec7-a294-1821e1564434"",""environment"":""fb6513d0-42a4-4660-82b5-509c54b15f2a"",""service"":""4978aa94-666c-47c7-8024-3ada55195a51"",""deployment"":""b74391c9-c7a3-4b79-8cbc-cdb2242a0c4b"",""replica"":""ee6f635d-6e8d-49c1-9a8a-391303e7d624""}",2026-04-01T23:15:15.736863616Z
2026-04-01 23:15:25 UTC - Services healthy,info,"{""level"":""info""}","{""project"":""ce3616d9-58ad-4ec7-a294-1821e1564434"",""environment"":""fb6513d0-42a4-4660-82b5-509c54b15f2a"",""service"":""4978aa94-666c-47c7-8024-3ada55195a51"",""deployment"":""b74391c9-c7a3-4b79-8cbc-cdb2242a0c4b"",""replica"":""ee6f635d-6e8d-49c1-9a8a-391303e7d624""}",2026-04-01T23:15:25.668191788Z
[DB] Synced 1 accounts to database,info,"{""level"":""info""}","{""project"":""ce3616d9-58ad-4ec7-a294-1821e1564434"",""environment"":""fb6513d0-42a4-4660-82b5-509c54b15f2a"",""service"":""4978aa94-666c-47c7-8024-3ada55195a51"",""deployment"":""b74391c9-c7a3-4b79-8cbc-cdb2242a0c4b"",""replica"":""ee6f635d-6e8d-49c1-9a8a-391303e7d624""}",2026-04-01T23:15:45.617448259Z
2026-04-01 23:15:55 UTC - Services healthy,info,"{""level"":""info""}","{""project"":""ce3616d9-58ad-4ec7-a294-1821e1564434"",""environment"":""fb6513d0-42a4-4660-82b5-509c54b15f2a"",""service"":""4978aa94-666c-47c7-8024-3ada55195a51"",""deployment"":""b74391c9-c7a3-4b79-8cbc-cdb2242a0c4b"",""replica"":""ee6f635d-6e8d-49c1-9a8a-391303e7d624""}",2026-04-01T23:16:05.780233660Z
[DB] Synced 1 accounts to database,info,"{""level"":""info""}","{""project"":""ce3616d9-58ad-4ec7-a294-1821e1564434"",""environment"":""fb6513d0-42a4-4660-82b5-509c54b15f2a"",""service"":""4978aa94-666c-47c7-8024-3ada55195a51"",""deployment"":""b74391c9-c7a3-4b79-8cbc-cdb2242a0c4b"",""replica"":""ee6f635d-6e8d-49c1-9a8a-391303e7d624""}",2026-04-01T23:16:12.708813494Z
2026-04-01 23:16:25 UTC - Services healthy,info,"{""level"":""info""}","{""project"":""ce3616d9-58ad-4ec7-a294-1821e1564434"",""environment"":""fb6513d0-42a4-4660-82b5-509c54b15f2a"",""service"":""4978aa94-666c-47c7-8024-3ada55195a51"",""deployment"":""b74391c9-c7a3-4b79-8cbc-cdb2242a0c4b"",""replica"":""ee6f635d-6e8d-49c1-9a8a-391303e7d624""}",2026-04-01T23:16:32.711555684Z
[DB] Synced 1 accounts to database,info,"{""level"":""info""}","{""project"":""ce3616d9-58ad-4ec7-a294-1821e1564434"",""environment"":""fb6513d0-42a4-4660-82b5-509c54b15f2a"",""service"":""4978aa94-666c-47c7-8024-3ada55195a51"",""deployment"":""b74391c9-c7a3-4b79-8cbc-cdb2242a0c4b"",""replica"":""ee6f635d-6e8d-49c1-9a8a-391303e7d624""}",2026-04-01T23:16:42.681403245Z
2026-04-01 23:16:55 UTC - Services healthy,info,"{""level"":""info""}","{""project"":""ce3616d9-58ad-4ec7-a294-1821e1564434"",""environment"":""fb6513d0-42a4-4660-82b5-509c54b15f2a"",""service"":""4978aa94-666c-47c7-8024-3ada55195a51"",""deployment"":""b74391c9-c7a3-4b79-8cbc-cdb2242a0c4b"",""replica"":""ee6f635d-6e8d-49c1-9a8a-391303e7d624""}",2026-04-01T23:17:02.801996932Z
[DB] Synced 1 accounts to database,info,"{""level"":""info""}","{""project"":""ce3616d9-58ad-4ec7-a294-1821e1564434"",""environment"":""fb6513d0-42a4-4660-82b5-509c54b15f2a"",""service"":""4978aa94-666c-47c7-8024-3ada55195a51"",""deployment"":""b74391c9-c7a3-4b79-8cbc-cdb2242a0c4b"",""replica"":""ee6f635d-6e8d-49c1-9a8a-391303e7d624""}",2026-04-01T23:17:12.680596893Z
2026-04-01 23:17:25 UTC - Services healthy,info,"{""level"":""info""}","{""project"":""ce3616d9-58ad-4ec7-a294-1821e1564434"",""environment"":""fb6513d0-42a4-4660-82b5-509c54b15f2a"",""service"":""4978aa94-666c-47c7-8024-3ada55195a51"",""deployment"":""b74391c9-c7a3-4b79-8cbc-cdb2242a0c4b"",""replica"":""ee6f635d-6e8d-49c1-9a8a-391303e7d624""}",2026-04-01T23:17:32.654270084Z
[DB] Synced 1 accounts to database,info,"{""level"":""info""}","{""project"":""ce3616d9-58ad-4ec7-a294-1821e1564434"",""environment"":""fb6513d0-42a4-4660-82b5-509c54b15f2a"",""service"":""4978aa94-666c-47c7-8024-3ada55195a51"",""deployment"":""b74391c9-c7a3-4b79-8cbc-cdb2242a0c4b"",""replica"":""ee6f635d-6e8d-49c1-9a8a-391303e7d624""}",2026-04-01T23:17:52.664815750Z
2026-04-01 23:17:55 UTC - Services healthy,info,"{""level"":""info""}","{""project"":""ce3616d9-58ad-4ec7-a294-1821e1564434"",""environment"":""fb6513d0-42a4-4660-82b5-509c54b15f2a"",""service"":""4978aa94-666c-47c7-8024-3ada55195a51"",""deployment"":""b74391c9-c7a3-4b79-8cbc-cdb2242a0c4b"",""replica"":""ee6f635d-6e8d-49c1-9a8a-391303e7d624""}",2026-04-01T23:17:55.693009974Z
[DB] Synced 1 accounts to database,info,"{""level"":""info""}","{""project"":""ce3616d9-58ad-4ec7-a294-1821e1564434"",""environment"":""fb6513d0-42a4-4660-82b5-509c54b15f2a"",""service"":""4978aa94-666c-47c7-8024-3ada55195a51"",""deployment"":""b74391c9-c7a3-4b79-8cbc-cdb2242a0c4b"",""replica"":""ee6f635d-6e8d-49c1-9a8a-391303e7d624""}",2026-04-01T23:18:15.711929674Z
2026-04-01 23:18:25 UTC - Services healthy,info,"{""level"":""info""}","{""project"":""ce3616d9-58ad-4ec7-a294-1821e1564434"",""environment"":""fb6513d0-42a4-4660-82b5-509c54b15f2a"",""service"":""4978aa94-666c-47c7-8024-3ada55195a51"",""deployment"":""b74391c9-c7a3-4b79-8cbc-cdb2242a0c4b"",""replica"":""ee6f635d-6e8d-49c1-9a8a-391303e7d624""}",2026-04-01T23:18:35.647246212Z
[DB] Synced 1 accounts to database,info,"{""level"":""info""}","{""project"":""ce3616d9-58ad-4ec7-a294-1821e1564434"",""environment"":""fb6513d0-42a4-4660-82b5-509c54b15f2a"",""service"":""4978aa94-666c-47c7-8024-3ada55195a51"",""deployment"":""b74391c9-c7a3-4b79-8cbc-cdb2242a0c4b"",""replica"":""ee6f635d-6e8d-49c1-9a8a-391303e7d624""}",2026-04-01T23:18:42.706049351Z
2026-04-01 23:18:55 UTC - Services healthy,info,"{""level"":""info""}","{""project"":""ce3616d9-58ad-4ec7-a294-1821e1564434"",""environment"":""fb6513d0-42a4-4660-82b5-509c54b15f2a"",""service"":""4978aa94-666c-47c7-8024-3ada55195a51"",""deployment"":""b74391c9-c7a3-4b79-8cbc-cdb2242a0c4b"",""replica"":""ee6f635d-6e8d-49c1-9a8a-391303e7d624""}",2026-04-01T23:19:03.086606309Z
[DB] Synced 1 accounts to database,info,"{""level"":""info""}","{""project"":""ce3616d9-58ad-4ec7-a294-1821e1564434"",""environment"":""fb6513d0-42a4-4660-82b5-509c54b15f2a"",""service"":""4978aa94-666c-47c7-8024-3ada55195a51"",""deployment"":""b74391c9-c7a3-4b79-8cbc-cdb2242a0c4b"",""replica"":""ee6f635d-6e8d-49c1-9a8a-391303e7d624""}",2026-04-01T23:19:12.741072697Z
2026-04-01 23:19:25 UTC - Services healthy,info,"{""level"":""info""}","{""project"":""ce3616d9-58ad-4ec7-a294-1821e1564434"",""environment"":""fb6513d0-42a4-4660-82b5-509c54b15f2a"",""service"":""4978aa94-666c-47c7-8024-3ada55195a51"",""deployment"":""b74391c9-c7a3-4b79-8cbc-cdb2242a0c4b"",""replica"":""ee6f635d-6e8d-49c1-9a8a-391303e7d624""}",2026-04-01T23:19:32.682988153Z
[DB] Synced 1 accounts to database,info,"{""level"":""info""}","{""project"":""ce3616d9-58ad-4ec7-a294-1821e1564434"",""environment"":""fb6513d0-42a4-4660-82b5-509c54b15f2a"",""service"":""4978aa94-666c-47c7-8024-3ada55195a51"",""deployment"":""b74391c9-c7a3-4b79-8cbc-cdb2242a0c4b"",""replica"":""ee6f635d-6e8d-49c1-9a8a-391303e7d624""}",2026-04-01T23:19:52.711181752Z
2026-04-01 23:19:55 UTC - Services healthy,info,"{""level"":""info""}","{""project"":""ce3616d9-58ad-4ec7-a294-1821e1564434"",""environment"":""fb6513d0-42a4-4660-82b5-509c54b15f2a"",""service"":""4978aa94-666c-47c7-8024-3ada55195a51"",""deployment"":""b74391c9-c7a3-4b79-8cbc-cdb2242a0c4b"",""replica"":""ee6f635d-6e8d-49c1-9a8a-391303e7d624""}",2026-04-01T23:19:55.748274091Z
[DB] Synced 1 accounts to database,info,"{""level"":""info""}","{""project"":""ce3616d9-58ad-4ec7-a294-1821e1564434"",""environment"":""fb6513d0-42a4-4660-82b5-509c54b15f2a"",""service"":""4978aa94-666c-47c7-8024-3ada55195a51"",""deployment"":""b74391c9-c7a3-4b79-8cbc-cdb2242a0c4b"",""replica"":""ee6f635d-6e8d-49c1-9a8a-391303e7d624""}",2026-04-01T23:20:15.533548510Z
2026-04-01 23:20:25 UTC - Services healthy,info,"{""level"":""info""}","{""project"":""ce3616d9-58ad-4ec7-a294-1821e1564434"",""environment"":""fb6513d0-42a4-4660-82b5-509c54b15f2a"",""service"":""4978aa94-666c-47c7-8024-3ada55195a51"",""deployment"":""b74391c9-c7a3-4b79-8cbc-cdb2242a0c4b"",""replica"":""ee6f635d-6e8d-49c1-9a8a-391303e7d624""}",2026-04-01T23:20:35.535276399Z
[DB] Synced 1 accounts to database,info,"{""level"":""info""}","{""project"":""ce3616d9-58ad-4ec7-a294-1821e1564434"",""environment"":""fb6513d0-42a4-4660-82b5-509c54b15f2a"",""service"":""4978aa94-666c-47c7-8024-3ada55195a51"",""deployment"":""b74391c9-c7a3-4b79-8cbc-cdb2242a0c4b"",""replica"":""ee6f635d-6e8d-49c1-9a8a-391303e7d624""}",2026-04-01T23:20:42.764499931Z
2026-04-01 23:20:55 UTC - Services healthy,info,"{""level"":""info""}","{""project"":""ce3616d9-58ad-4ec7-a294-1821e1564434"",""environment"":""fb6513d0-42a4-4660-82b5-509c54b15f2a"",""service"":""4978aa94-666c-47c7-8024-3ada55195a51"",""deployment"":""b74391c9-c7a3-4b79-8cbc-cdb2242a0c4b"",""replica"":""ee6f635d-6e8d-49c1-9a8a-391303e7d624""}",2026-04-01T23:21:02.568804530Z
[DB] Synced 1 accounts to database,info,"{""level"":""info""}","{""project"":""ce3616d9-58ad-4ec7-a294-1821e1564434"",""environment"":""fb6513d0-42a4-4660-82b5-509c54b15f2a"",""service"":""4978aa94-666c-47c7-8024-3ada55195a51"",""deployment"":""b74391c9-c7a3-4b79-8cbc-cdb2242a0c4b"",""replica"":""ee6f635d-6e8d-49c1-9a8a-391303e7d624""}",2026-04-01T23:21:22.547481515Z
2026-04-01 23:21:25 UTC - Services healthy,info,"{""level"":""info""}","{""project"":""ce3616d9-58ad-4ec7-a294-1821e1564434"",""environment"":""fb6513d0-42a4-4660-82b5-509c54b15f2a"",""service"":""4978aa94-666c-47c7-8024-3ada55195a51"",""deployment"":""b74391c9-c7a3-4b79-8cbc-cdb2242a0c4b"",""replica"":""ee6f635d-6e8d-49c1-9a8a-391303e7d624""}",2026-04-01T23:21:25.997047121Z
[DB] Synced 1 accounts to database,info,"{""level"":""info""}","{""project"":""ce3616d9-58ad-4ec7-a294-1821e1564434"",""environment"":""fb6513d0-42a4-4660-82b5-509c54b15f2a"",""service"":""4978aa94-666c-47c7-8024-3ada55195a51"",""deployment"":""b74391c9-c7a3-4b79-8cbc-cdb2242a0c4b"",""replica"":""ee6f635d-6e8d-49c1-9a8a-391303e7d624""}",2026-04-01T23:21:46.079411647Z
2026-04-01 23:21:55 UTC - Services healthy,info,"{""level"":""info""}","{""project"":""ce3616d9-58ad-4ec7-a294-1821e1564434"",""environment"":""fb6513d0-42a4-4660-82b5-509c54b15f2a"",""service"":""4978aa94-666c-47c7-8024-3ada55195a51"",""deployment"":""b74391c9-c7a3-4b79-8cbc-cdb2242a0c4b"",""replica"":""ee6f635d-6e8d-49c1-9a8a-391303e7d624""}",2026-04-01T23:21:55.857639098Z
[DB] Synced 1 accounts to database,info,"{""level"":""info""}","{""project"":""ce3616d9-58ad-4ec7-a294-1821e1564434"",""environment"":""fb6513d0-42a4-4660-82b5-509c54b15f2a"",""service"":""4978aa94-666c-47c7-8024-3ada55195a51"",""deployment"":""b74391c9-c7a3-4b79-8cbc-cdb2242a0c4b"",""replica"":""ee6f635d-6e8d-49c1-9a8a-391303e7d624""}",2026-04-01T23:22:15.858129566Z
2026-04-01 23:22:25 UTC - Services healthy,info,"{""level"":""info""}","{""project"":""ce3616d9-58ad-4ec7-a294-1821e1564434"",""environment"":""fb6513d0-42a4-4660-82b5-509c54b15f2a"",""service"":""4978aa94-666c-47c7-8024-3ada55195a51"",""deployment"":""b74391c9-c7a3-4b79-8cbc-cdb2242a0c4b"",""replica"":""ee6f635d-6e8d-49c1-9a8a-391303e7d624""}",2026-04-01T23:22:25.741554383Z
[DB] Synced 1 accounts to database,info,"{""level"":""info""}","{""project"":""ce3616d9-58ad-4ec7-a294-1821e1564434"",""environment"":""fb6513d0-42a4-4660-82b5-509c54b15f2a"",""service"":""4978aa94-666c-47c7-8024-3ada55195a51"",""deployment"":""b74391c9-c7a3-4b79-8cbc-cdb2242a0c4b"",""replica"":""ee6f635d-6e8d-49c1-9a8a-391303e7d624""}",2026-04-01T23:22:45.662505168Z
2026-04-01 23:22:55 UTC - Services healthy,info,"{""level"":""info""}","{""project"":""ce3616d9-58ad-4ec7-a294-1821e1564434"",""environment"":""fb6513d0-42a4-4660-82b5-509c54b15f2a"",""service"":""4978aa94-666c-47c7-8024-3ada55195a51"",""deployment"":""b74391c9-c7a3-4b79-8cbc-cdb2242a0c4b"",""replica"":""ee6f635d-6e8d-49c1-9a8a-391303e7d624""}",2026-04-01T23:23:05.651228147Z
[DB] Synced 1 accounts to database,info,"{""level"":""info""}","{""project"":""ce3616d9-58ad-4ec7-a294-1821e1564434"",""environment"":""fb6513d0-42a4-4660-82b5-509c54b15f2a"",""service"":""4978aa94-666c-47c7-8024-3ada55195a51"",""deployment"":""b74391c9-c7a3-4b79-8cbc-cdb2242a0c4b"",""replica"":""ee6f635d-6e8d-49c1-9a8a-391303e7d624""}",2026-04-01T23:23:12.907230451Z
2026-04-01 23:23:25 UTC - Services healthy,info,"{""level"":""info""}","{""project"":""ce3616d9-58ad-4ec7-a294-1821e1564434"",""environment"":""fb6513d0-42a4-4660-82b5-509c54b15f2a"",""service"":""4978aa94-666c-47c7-8024-3ada55195a51"",""deployment"":""b74391c9-c7a3-4b79-8cbc-cdb2242a0c4b"",""replica"":""ee6f635d-6e8d-49c1-9a8a-391303e7d624""}",2026-04-01T23:23:32.798069142Z
[DB] Synced 1 accounts to database,info,"{""level"":""info""}","{""project"":""ce3616d9-58ad-4ec7-a294-1821e1564434"",""environment"":""fb6513d0-42a4-4660-82b5-509c54b15f2a"",""service"":""4978aa94-666c-47c7-8024-3ada55195a51"",""deployment"":""b74391c9-c7a3-4b79-8cbc-cdb2242a0c4b"",""replica"":""ee6f635d-6e8d-49c1-9a8a-391303e7d624""}",2026-04-01T23:23:52.790728773Z
2026-04-01 23:23:55 UTC - Services healthy,info,"{""level"":""info""}","{""project"":""ce3616d9-58ad-4ec7-a294-1821e1564434"",""environment"":""fb6513d0-42a4-4660-82b5-509c54b15f2a"",""service"":""4978aa94-666c-47c7-8024-3ada55195a51"",""deployment"":""b74391c9-c7a3-4b79-8cbc-cdb2242a0c4b"",""replica"":""ee6f635d-6e8d-49c1-9a8a-391303e7d624""}",2026-04-01T23:23:55.876498623Z
[DB] Synced 1 accounts to database,info,"{""level"":""info""}","{""project"":""ce3616d9-58ad-4ec7-a294-1821e1564434"",""environment"":""fb6513d0-42a4-4660-82b5-509c54b15f2a"",""service"":""4978aa94-666c-47c7-8024-3ada55195a51"",""deployment"":""b74391c9-c7a3-4b79-8cbc-cdb2242a0c4b"",""replica"":""ee6f635d-6e8d-49c1-9a8a-391303e7d624""}",2026-04-01T23:24:15.735948743Z
2026-04-01 23:24:25 UTC - Services healthy,info,"{""level"":""info""}","{""project"":""ce3616d9-58ad-4ec7-a294-1821e1564434"",""environment"":""fb6513d0-42a4-4660-82b5-509c54b15f2a"",""service"":""4978aa94-666c-47c7-8024-3ada55195a51"",""deployment"":""b74391c9-c7a3-4b79-8cbc-cdb2242a0c4b"",""replica"":""ee6f635d-6e8d-49c1-9a8a-391303e7d624""}",2026-04-01T23:24:35.656344935Z
[DB] Synced 1 accounts to database,info,"{""level"":""info""}","{""project"":""ce3616d9-58ad-4ec7-a294-1821e1564434"",""environment"":""fb6513d0-42a4-4660-82b5-509c54b15f2a"",""service"":""4978aa94-666c-47c7-8024-3ada55195a51"",""deployment"":""b74391c9-c7a3-4b79-8cbc-cdb2242a0c4b"",""replica"":""ee6f635d-6e8d-49c1-9a8a-391303e7d624""}",2026-04-01T23:24:42.770133895Z
2026-04-01 23:24:55 UTC - Services healthy,info,"{""level"":""info""}","{""project"":""ce3616d9-58ad-4ec7-a294-1821e1564434"",""environment"":""fb6513d0-42a4-4660-82b5-509c54b15f2a"",""service"":""4978aa94-666c-47c7-8024-3ada55195a51"",""deployment"":""b74391c9-c7a3-4b79-8cbc-cdb2242a0c4b"",""replica"":""ee6f635d-6e8d-49c1-9a8a-391303e7d624""}",2026-04-01T23:25:02.815226522Z
[DB] Synced 1 accounts to database,info,"{""level"":""info""}","{""project"":""ce3616d9-58ad-4ec7-a294-1821e1564434"",""environment"":""fb6513d0-42a4-4660-82b5-509c54b15f2a"",""service"":""4978aa94-666c-47c7-8024-3ada55195a51"",""deployment"":""b74391c9-c7a3-4b79-8cbc-cdb2242a0c4b"",""replica"":""ee6f635d-6e8d-49c1-9a8a-391303e7d624""}",2026-04-01T23:25:23.066566014Z
2026-04-01 23:25:25 UTC - Services healthy,info,"{""level"":""info""}","{""project"":""ce3616d9-58ad-4ec7-a294-1821e1564434"",""environment"":""fb6513d0-42a4-4660-82b5-509c54b15f2a"",""service"":""4978aa94-666c-47c7-8024-3ada55195a51"",""deployment"":""b74391c9-c7a3-4b79-8cbc-cdb2242a0c4b"",""replica"":""ee6f635d-6e8d-49c1-9a8a-391303e7d624""}",2026-04-01T23:25:25.770282329Z
[DB] Synced 1 accounts to database,info,"{""level"":""info""}","{""project"":""ce3616d9-58ad-4ec7-a294-1821e1564434"",""environment"":""fb6513d0-42a4-4660-82b5-509c54b15f2a"",""service"":""4978aa94-666c-47c7-8024-3ada55195a51"",""deployment"":""b74391c9-c7a3-4b79-8cbc-cdb2242a0c4b"",""replica"":""ee6f635d-6e8d-49c1-9a8a-391303e7d624""}",2026-04-01T23:25:46.138749499Z
2026-04-01 23:25:55 UTC - Services healthy,info,"{""level"":""info""}","{""project"":""ce3616d9-58ad-4ec7-a294-1821e1564434"",""environment"":""fb6513d0-42a4-4660-82b5-509c54b15f2a"",""service"":""4978aa94-666c-47c7-8024-3ada55195a51"",""deployment"":""b74391c9-c7a3-4b79-8cbc-cdb2242a0c4b"",""replica"":""ee6f635d-6e8d-49c1-9a8a-391303e7d624""}",2026-04-01T23:25:55.848337069Z
[DB] Synced 1 accounts to database,info,"{""level"":""info""}","{""project"":""ce3616d9-58ad-4ec7-a294-1821e1564434"",""environment"":""fb6513d0-42a4-4660-82b5-509c54b15f2a"",""service"":""4978aa94-666c-47c7-8024-3ada55195a51"",""deployment"":""b74391c9-c7a3-4b79-8cbc-cdb2242a0c4b"",""replica"":""ee6f635d-6e8d-49c1-9a8a-391303e7d624""}",2026-04-01T23:26:15.798928318Z
2026-04-01 23:26:25 UTC - Services healthy,info,"{""level"":""info""}","{""project"":""ce3616d9-58ad-4ec7-a294-1821e1564434"",""environment"":""fb6513d0-42a4-4660-82b5-509c54b15f2a"",""service"":""4978aa94-666c-47c7-8024-3ada55195a51"",""deployment"":""b74391c9-c7a3-4b79-8cbc-cdb2242a0c4b"",""replica"":""ee6f635d-6e8d-49c1-9a8a-391303e7d624""}",2026-04-01T23:26:35.282915058Z
[DB] Synced 1 accounts to database,info,"{""level"":""info""}","{""project"":""ce3616d9-58ad-4ec7-a294-1821e1564434"",""environment"":""fb6513d0-42a4-4660-82b5-509c54b15f2a"",""service"":""4978aa94-666c-47c7-8024-3ada55195a51"",""deployment"":""b74391c9-c7a3-4b79-8cbc-cdb2242a0c4b"",""replica"":""ee6f635d-6e8d-49c1-9a8a-391303e7d624""}",2026-04-01T23:26:42.820765011Z
2026-04-01 23:26:55 UTC - Services healthy,info,"{""level"":""info""}","{""project"":""ce3616d9-58ad-4ec7-a294-1821e1564434"",""environment"":""fb6513d0-42a4-4660-82b5-509c54b15f2a"",""service"":""4978aa94-666c-47c7-8024-3ada55195a51"",""deployment"":""b74391c9-c7a3-4b79-8cbc-cdb2242a0c4b"",""replica"":""ee6f635d-6e8d-49c1-9a8a-391303e7d624""}",2026-04-01T23:27:02.734950915Z
[DB] Synced 1 accounts to database,info,"{""level"":""info""}","{""project"":""ce3616d9-58ad-4ec7-a294-1821e1564434"",""environment"":""fb6513d0-42a4-4660-82b5-509c54b15f2a"",""service"":""4978aa94-666c-47c7-8024-3ada55195a51"",""deployment"":""b74391c9-c7a3-4b79-8cbc-cdb2242a0c4b"",""replica"":""ee6f635d-6e8d-49c1-9a8a-391303e7d624""}",2026-04-01T23:27:22.743742957Z
2026-04-01 23:27:25 UTC - Services healthy,info,"{""level"":""info""}","{""project"":""ce3616d9-58ad-4ec7-a294-1821e1564434"",""environment"":""fb6513d0-42a4-4660-82b5-509c54b15f2a"",""service"":""4978aa94-666c-47c7-8024-3ada55195a51"",""deployment"":""b74391c9-c7a3-4b79-8cbc-cdb2242a0c4b"",""replica"":""ee6f635d-6e8d-49c1-9a8a-391303e7d624""}",2026-04-01T23:27:25.790596570Z
[DB] Synced 1 accounts to database,info,"{""level"":""info""}","{""project"":""ce3616d9-58ad-4ec7-a294-1821e1564434"",""environment"":""fb6513d0-42a4-4660-82b5-509c54b15f2a"",""service"":""4978aa94-666c-47c7-8024-3ada55195a51"",""deployment"":""b74391c9-c7a3-4b79-8cbc-cdb2242a0c4b"",""replica"":""ee6f635d-6e8d-49c1-9a8a-391303e7d624""}",2026-04-01T23:27:45.774777907Z
2026-04-01 23:27:55 UTC - Services healthy,info,"{""level"":""info""}","{""project"":""ce3616d9-58ad-4ec7-a294-1821e1564434"",""environment"":""fb6513d0-42a4-4660-82b5-509c54b15f2a"",""service"":""4978aa94-666c-47c7-8024-3ada55195a51"",""deployment"":""b74391c9-c7a3-4b79-8cbc-cdb2242a0c4b"",""replica"":""ee6f635d-6e8d-49c1-9a8a-391303e7d624""}",2026-04-01T23:28:05.864643996Z
[DB] Synced 1 accounts to database,info,"{""level"":""info""}","{""project"":""ce3616d9-58ad-4ec7-a294-1821e1564434"",""environment"":""fb6513d0-42a4-4660-82b5-509c54b15f2a"",""service"":""4978aa94-666c-47c7-8024-3ada55195a51"",""deployment"":""b74391c9-c7a3-4b79-8cbc-cdb2242a0c4b"",""replica"":""ee6f635d-6e8d-49c1-9a8a-391303e7d624""}",2026-04-01T23:28:12.817765992Z
2026-04-01 23:28:25 UTC - Services healthy,info,"{""level"":""info""}","{""project"":""ce3616d9-58ad-4ec7-a294-1821e1564434"",""environment"":""fb6513d0-42a4-4660-82b5-509c54b15f2a"",""service"":""4978aa94-666c-47c7-8024-3ada55195a51"",""deployment"":""b74391c9-c7a3-4b79-8cbc-cdb2242a0c4b"",""replica"":""ee6f635d-6e8d-49c1-9a8a-391303e7d624""}",2026-04-01T23:28:32.672671027Z
[DB] Synced 1 accounts to database,info,"{""level"":""info""}","{""project"":""ce3616d9-58ad-4ec7-a294-1821e1564434"",""environment"":""fb6513d0-42a4-4660-82b5-509c54b15f2a"",""service"":""4978aa94-666c-47c7-8024-3ada55195a51"",""deployment"":""b74391c9-c7a3-4b79-8cbc-cdb2242a0c4b"",""replica"":""ee6f635d-6e8d-49c1-9a8a-391303e7d624""}",2026-04-01T23:28:52.582722210Z
2026-04-01 23:28:55 UTC - Services healthy,info,"{""level"":""info""}","{""project"":""ce3616d9-58ad-4ec7-a294-1821e1564434"",""environment"":""fb6513d0-42a4-4660-82b5-509c54b15f2a"",""service"":""4978aa94-666c-47c7-8024-3ada55195a51"",""deployment"":""b74391c9-c7a3-4b79-8cbc-cdb2242a0c4b"",""replica"":""ee6f635d-6e8d-49c1-9a8a-391303e7d624""}",2026-04-01T23:28:56.265592991Z
[DB] Synced 1 accounts to database,info,"{""level"":""info""}","{""project"":""ce3616d9-58ad-4ec7-a294-1821e1564434"",""environment"":""fb6513d0-42a4-4660-82b5-509c54b15f2a"",""service"":""4978aa94-666c-47c7-8024-3ada55195a51"",""deployment"":""b74391c9-c7a3-4b79-8cbc-cdb2242a0c4b"",""replica"":""ee6f635d-6e8d-49c1-9a8a-391303e7d624""}",2026-04-01T23:29:16.269078748Z
2026-04-01 23:29:25 UTC - Services healthy,info,"{""level"":""info""}","{""project"":""ce3616d9-58ad-4ec7-a294-1821e1564434"",""environment"":""fb6513d0-42a4-4660-82b5-509c54b15f2a"",""service"":""4978aa94-666c-47c7-8024-3ada55195a51"",""deployment"":""b74391c9-c7a3-4b79-8cbc-cdb2242a0c4b"",""replica"":""ee6f635d-6e8d-49c1-9a8a-391303e7d624""}",2026-04-01T23:29:25.834809243Z
[DB] Synced 1 accounts to database,info,"{""level"":""info""}","{""project"":""ce3616d9-58ad-4ec7-a294-1821e1564434"",""environment"":""fb6513d0-42a4-4660-82b5-509c54b15f2a"",""service"":""4978aa94-666c-47c7-8024-3ada55195a51"",""deployment"":""b74391c9-c7a3-4b79-8cbc-cdb2242a0c4b"",""replica"":""ee6f635d-6e8d-49c1-9a8a-391303e7d624""}",2026-04-01T23:29:45.907122594Z
2026-04-01 23:29:55 UTC - Services healthy,info,"{""level"":""info""}","{""project"":""ce3616d9-58ad-4ec7-a294-1821e1564434"",""environment"":""fb6513d0-42a4-4660-82b5-509c54b15f2a"",""service"":""4978aa94-666c-47c7-8024-3ada55195a51"",""deployment"":""b74391c9-c7a3-4b79-8cbc-cdb2242a0c4b"",""replica"":""ee6f635d-6e8d-49c1-9a8a-391303e7d624""}",2026-04-01T23:30:05.841642833Z
[DB] Synced 1 accounts to database,info,"{""level"":""info""}","{""project"":""ce3616d9-58ad-4ec7-a294-1821e1564434"",""environment"":""fb6513d0-42a4-4660-82b5-509c54b15f2a"",""service"":""4978aa94-666c-47c7-8024-3ada55195a51"",""deployment"":""b74391c9-c7a3-4b79-8cbc-cdb2242a0c4b"",""replica"":""ee6f635d-6e8d-49c1-9a8a-391303e7d624""}",2026-04-01T23:30:12.844826664Z
2026-04-01 23:30:25 UTC - Services healthy,info,"{""level"":""info""}","{""project"":""ce3616d9-58ad-4ec7-a294-1821e1564434"",""environment"":""fb6513d0-42a4-4660-82b5-509c54b15f2a"",""service"":""4978aa94-666c-47c7-8024-3ada55195a51"",""deployment"":""b74391c9-c7a3-4b79-8cbc-cdb2242a0c4b"",""replica"":""ee6f635d-6e8d-49c1-9a8a-391303e7d624""}",2026-04-01T23:30:32.757459115Z
[DB] Synced 1 accounts to database,info,"{""level"":""info""}","{""project"":""ce3616d9-58ad-4ec7-a294-1821e1564434"",""environment"":""fb6513d0-42a4-4660-82b5-509c54b15f2a"",""service"":""4978aa94-666c-47c7-8024-3ada55195a51"",""deployment"":""b74391c9-c7a3-4b79-8cbc-cdb2242a0c4b"",""replica"":""ee6f635d-6e8d-49c1-9a8a-391303e7d624""}",2026-04-01T23:30:52.954769958Z
2026-04-01 23:30:55 UTC - Services healthy,info,"{""level"":""info""}","{""project"":""ce3616d9-58ad-4ec7-a294-1821e1564434"",""environment"":""fb6513d0-42a4-4660-82b5-509c54b15f2a"",""service"":""4978aa94-666c-47c7-8024-3ada55195a51"",""deployment"":""b74391c9-c7a3-4b79-8cbc-cdb2242a0c4b"",""replica"":""ee6f635d-6e8d-49c1-9a8a-391303e7d624""}",2026-04-01T23:30:55.848207935Z
[DB] Synced 1 accounts to database,info,"{""level"":""info""}","{""project"":""ce3616d9-58ad-4ec7-a294-1821e1564434"",""environment"":""fb6513d0-42a4-4660-82b5-509c54b15f2a"",""service"":""4978aa94-666c-47c7-8024-3ada55195a51"",""deployment"":""b74391c9-c7a3-4b79-8cbc-cdb2242a0c4b"",""replica"":""ee6f635d-6e8d-49c1-9a8a-391303e7d624""}",2026-04-01T23:31:15.798991409Z
2026-04-01 23:31:25 UTC - Services healthy,info,"{""level"":""info""}","{""project"":""ce3616d9-58ad-4ec7-a294-1821e1564434"",""environment"":""fb6513d0-42a4-4660-82b5-509c54b15f2a"",""service"":""4978aa94-666c-47c7-8024-3ada55195a51"",""deployment"":""b74391c9-c7a3-4b79-8cbc-cdb2242a0c4b"",""replica"":""ee6f635d-6e8d-49c1-9a8a-391303e7d624""}",2026-04-01T23:31:35.857143782Z
[DB] Synced 1 accounts to database,info,"{""level"":""info""}","{""project"":""ce3616d9-58ad-4ec7-a294-1821e1564434"",""environment"":""fb6513d0-42a4-4660-82b5-509c54b15f2a"",""service"":""4978aa94-666c-47c7-8024-3ada55195a51"",""deployment"":""b74391c9-c7a3-4b79-8cbc-cdb2242a0c4b"",""replica"":""ee6f635d-6e8d-49c1-9a8a-391303e7d624""}",2026-04-01T23:31:42.851835194Z
2026-04-01 23:31:55 UTC - Services healthy,info,"{""level"":""info""}","{""project"":""ce3616d9-58ad-4ec7-a294-1821e1564434"",""environment"":""fb6513d0-42a4-4660-82b5-509c54b15f2a"",""service"":""4978aa94-666c-47c7-8024-3ada55195a51"",""deployment"":""b74391c9-c7a3-4b79-8cbc-cdb2242a0c4b"",""replica"":""ee6f635d-6e8d-49c1-9a8a-391303e7d624""}",2026-04-01T23:32:02.850331071Z
[DB] Synced 1 accounts to database,info,"{""level"":""info""}","{""project"":""ce3616d9-58ad-4ec7-a294-1821e1564434"",""environment"":""fb6513d0-42a4-4660-82b5-509c54b15f2a"",""service"":""4978aa94-666c-47c7-8024-3ada55195a51"",""deployment"":""b74391c9-c7a3-4b79-8cbc-cdb2242a0c4b"",""replica"":""ee6f635d-6e8d-49c1-9a8a-391303e7d624""}",2026-04-01T23:32:22.846837833Z
2026-04-01 23:32:25 UTC - Services healthy,info,"{""level"":""info""}","{""project"":""ce3616d9-58ad-4ec7-a294-1821e1564434"",""environment"":""fb6513d0-42a4-4660-82b5-509c54b15f2a"",""service"":""4978aa94-666c-47c7-8024-3ada55195a51"",""deployment"":""b74391c9-c7a3-4b79-8cbc-cdb2242a0c4b"",""replica"":""ee6f635d-6e8d-49c1-9a8a-391303e7d624""}",2026-04-01T23:32:25.972681914Z
[DB] Synced 1 accounts to database,info,"{""level"":""info""}","{""project"":""ce3616d9-58ad-4ec7-a294-1821e1564434"",""environment"":""fb6513d0-42a4-4660-82b5-509c54b15f2a"",""service"":""4978aa94-666c-47c7-8024-3ada55195a51"",""deployment"":""b74391c9-c7a3-4b79-8cbc-cdb2242a0c4b"",""replica"":""ee6f635d-6e8d-49c1-9a8a-391303e7d624""}",2026-04-01T23:32:45.931198051Z
2026-04-01 23:32:55 UTC - Services healthy,info,"{""level"":""info""}","{""project"":""ce3616d9-58ad-4ec7-a294-1821e1564434"",""environment"":""fb6513d0-42a4-4660-82b5-509c54b15f2a"",""service"":""4978aa94-666c-47c7-8024-3ada55195a51"",""deployment"":""b74391c9-c7a3-4b79-8cbc-cdb2242a0c4b"",""replica"":""ee6f635d-6e8d-49c1-9a8a-391303e7d624""}",2026-04-01T23:32:55.931561752Z
[DB] Synced 1 accounts to database,info,"{""level"":""info""}","{""project"":""ce3616d9-58ad-4ec7-a294-1821e1564434"",""environment"":""fb6513d0-42a4-4660-82b5-509c54b15f2a"",""service"":""4978aa94-666c-47c7-8024-3ada55195a51"",""deployment"":""b74391c9-c7a3-4b79-8cbc-cdb2242a0c4b"",""replica"":""ee6f635d-6e8d-49c1-9a8a-391303e7d624""}",2026-04-01T23:33:16.042399171Z
2026-04-01 23:33:25 UTC - Services healthy,info,"{""level"":""info""}","{""project"":""ce3616d9-58ad-4ec7-a294-1821e1564434"",""environment"":""fb6513d0-42a4-4660-82b5-509c54b15f2a"",""service"":""4978aa94-666c-47c7-8024-3ada55195a51"",""deployment"":""b74391c9-c7a3-4b79-8cbc-cdb2242a0c4b"",""replica"":""ee6f635d-6e8d-49c1-9a8a-391303e7d624""}",2026-04-01T23:33:26.014474232Z
[DB] Synced 1 accounts to database,info,"{""level"":""info""}","{""project"":""ce3616d9-58ad-4ec7-a294-1821e1564434"",""environment"":""fb6513d0-42a4-4660-82b5-509c54b15f2a"",""service"":""4978aa94-666c-47c7-8024-3ada55195a51"",""deployment"":""b74391c9-c7a3-4b79-8cbc-cdb2242a0c4b"",""replica"":""ee6f635d-6e8d-49c1-9a8a-391303e7d624""}",2026-04-01T23:33:46.215985709Z
2026-04-01 23:33:55 UTC - Services healthy,info,"{""level"":""info""}","{""project"":""ce3616d9-58ad-4ec7-a294-1821e1564434"",""environment"":""fb6513d0-42a4-4660-82b5-509c54b15f2a"",""service"":""4978aa94-666c-47c7-8024-3ada55195a51"",""deployment"":""b74391c9-c7a3-4b79-8cbc-cdb2242a0c4b"",""replica"":""ee6f635d-6e8d-49c1-9a8a-391303e7d624""}",2026-04-01T23:33:55.960705887Z
[DB] Synced 1 accounts to database,info,"{""level"":""info""}","{""project"":""ce3616d9-58ad-4ec7-a294-1821e1564434"",""environment"":""fb6513d0-42a4-4660-82b5-509c54b15f2a"",""service"":""4978aa94-666c-47c7-8024-3ada55195a51"",""deployment"":""b74391c9-c7a3-4b79-8cbc-cdb2242a0c4b"",""replica"":""ee6f635d-6e8d-49c1-9a8a-391303e7d624""}",2026-04-01T23:34:15.988668225Z
2026-04-01 23:34:25 UTC - Services healthy,info,"{""level"":""info""}","{""project"":""ce3616d9-58ad-4ec7-a294-1821e1564434"",""environment"":""fb6513d0-42a4-4660-82b5-509c54b15f2a"",""service"":""4978aa94-666c-47c7-8024-3ada55195a51"",""deployment"":""b74391c9-c7a3-4b79-8cbc-cdb2242a0c4b"",""replica"":""ee6f635d-6e8d-49c1-9a8a-391303e7d624""}",2026-04-01T23:34:25.875544939Z
[DB] Synced 1 accounts to database,info,"{""level"":""info""}","{""project"":""ce3616d9-58ad-4ec7-a294-1821e1564434"",""environment"":""fb6513d0-42a4-4660-82b5-509c54b15f2a"",""service"":""4978aa94-666c-47c7-8024-3ada55195a51"",""deployment"":""b74391c9-c7a3-4b79-8cbc-cdb2242a0c4b"",""replica"":""ee6f635d-6e8d-49c1-9a8a-391303e7d624""}",2026-04-01T23:34:45.804582889Z
2026-04-01 23:34:55 UTC - Services healthy,info,"{""level"":""info""}","{""project"":""ce3616d9-58ad-4ec7-a294-1821e1564434"",""environment"":""fb6513d0-42a4-4660-82b5-509c54b15f2a"",""service"":""4978aa94-666c-47c7-8024-3ada55195a51"",""deployment"":""b74391c9-c7a3-4b79-8cbc-cdb2242a0c4b"",""replica"":""ee6f635d-6e8d-49c1-9a8a-391303e7d624""}",2026-04-01T23:35:05.758995255Z
[DB] Synced 1 accounts to database,info,"{""level"":""info""}","{""project"":""ce3616d9-58ad-4ec7-a294-1821e1564434"",""environment"":""fb6513d0-42a4-4660-82b5-509c54b15f2a"",""service"":""4978aa94-666c-47c7-8024-3ada55195a51"",""deployment"":""b74391c9-c7a3-4b79-8cbc-cdb2242a0c4b"",""replica"":""ee6f635d-6e8d-49c1-9a8a-391303e7d624""}",2026-04-01T23:35:12.978632625Z
2026-04-01 23:35:25 UTC - Services healthy,info,"{""level"":""info""}","{""project"":""ce3616d9-58ad-4ec7-a294-1821e1564434"",""environment"":""fb6513d0-42a4-4660-82b5-509c54b15f2a"",""service"":""4978aa94-666c-47c7-8024-3ada55195a51"",""deployment"":""b74391c9-c7a3-4b79-8cbc-cdb2242a0c4b"",""replica"":""ee6f635d-6e8d-49c1-9a8a-391303e7d624""}",2026-04-01T23:35:32.870643051Z
[DB] Synced 1 accounts to database,info,"{""level"":""info""}","{""project"":""ce3616d9-58ad-4ec7-a294-1821e1564434"",""environment"":""fb6513d0-42a4-4660-82b5-509c54b15f2a"",""service"":""4978aa94-666c-47c7-8024-3ada55195a51"",""deployment"":""b74391c9-c7a3-4b79-8cbc-cdb2242a0c4b"",""replica"":""ee6f635d-6e8d-49c1-9a8a-391303e7d624""}",2026-04-01T23:35:52.932302365Z
2026-04-01 23:35:55 UTC - Services healthy,info,"{""level"":""info""}","{""project"":""ce3616d9-58ad-4ec7-a294-1821e1564434"",""environment"":""fb6513d0-42a4-4660-82b5-509c54b15f2a"",""service"":""4978aa94-666c-47c7-8024-3ada55195a51"",""deployment"":""b74391c9-c7a3-4b79-8cbc-cdb2242a0c4b"",""replica"":""ee6f635d-6e8d-49c1-9a8a-391303e7d624""}",2026-04-01T23:35:56.107746518Z
[DB] Synced 1 accounts to database,info,"{""level"":""info""}","{""project"":""ce3616d9-58ad-4ec7-a294-1821e1564434"",""environment"":""fb6513d0-42a4-4660-82b5-509c54b15f2a"",""service"":""4978aa94-666c-47c7-8024-3ada55195a51"",""deployment"":""b74391c9-c7a3-4b79-8cbc-cdb2242a0c4b"",""replica"":""ee6f635d-6e8d-49c1-9a8a-391303e7d624""}",2026-04-01T23:36:16.125098281Z
2026-04-01 23:36:25 UTC - Services healthy,info,"{""level"":""info""}","{""project"":""ce3616d9-58ad-4ec7-a294-1821e1564434"",""environment"":""fb6513d0-42a4-4660-82b5-509c54b15f2a"",""service"":""4978aa94-666c-47c7-8024-3ada55195a51"",""deployment"":""b74391c9-c7a3-4b79-8cbc-cdb2242a0c4b"",""replica"":""ee6f635d-6e8d-49c1-9a8a-391303e7d624""}",2026-04-01T23:36:25.894040262Z
[DB] Synced 1 accounts to database,info,"{""level"":""info""}","{""project"":""ce3616d9-58ad-4ec7-a294-1821e1564434"",""environment"":""fb6513d0-42a4-4660-82b5-509c54b15f2a"",""service"":""4978aa94-666c-47c7-8024-3ada55195a51"",""deployment"":""b74391c9-c7a3-4b79-8cbc-cdb2242a0c4b"",""replica"":""ee6f635d-6e8d-49c1-9a8a-391303e7d624""}",2026-04-01T23:36:45.858152815Z
2026-04-01 23:36:55 UTC - Services healthy,info,"{""level"":""info""}","{""project"":""ce3616d9-58ad-4ec7-a294-1821e1564434"",""environment"":""fb6513d0-42a4-4660-82b5-509c54b15f2a"",""service"":""4978aa94-666c-47c7-8024-3ada55195a51"",""deployment"":""b74391c9-c7a3-4b79-8cbc-cdb2242a0c4b"",""replica"":""ee6f635d-6e8d-49c1-9a8a-391303e7d624""}",2026-04-01T23:37:05.838839193Z
[DB] Synced 1 accounts to database,info,"{""level"":""info""}","{""project"":""ce3616d9-58ad-4ec7-a294-1821e1564434"",""environment"":""fb6513d0-42a4-4660-82b5-509c54b15f2a"",""service"":""4978aa94-666c-47c7-8024-3ada55195a51"",""deployment"":""b74391c9-c7a3-4b79-8cbc-cdb2242a0c4b"",""replica"":""ee6f635d-6e8d-49c1-9a8a-391303e7d624""}",2026-04-01T23:37:12.920792490Z
2026-04-01 23:37:25 UTC - Services healthy,info,"{""level"":""info""}","{""project"":""ce3616d9-58ad-4ec7-a294-1821e1564434"",""environment"":""fb6513d0-42a4-4660-82b5-509c54b15f2a"",""service"":""4978aa94-666c-47c7-8024-3ada55195a51"",""deployment"":""b74391c9-c7a3-4b79-8cbc-cdb2242a0c4b"",""replica"":""ee6f635d-6e8d-49c1-9a8a-391303e7d624""}",2026-04-01T23:37:32.967991949Z
[DB] Synced 1 accounts to database,info,"{""level"":""info""}","{""project"":""ce3616d9-58ad-4ec7-a294-1821e1564434"",""environment"":""fb6513d0-42a4-4660-82b5-509c54b15f2a"",""service"":""4978aa94-666c-47c7-8024-3ada55195a51"",""deployment"":""b74391c9-c7a3-4b79-8cbc-cdb2242a0c4b"",""replica"":""ee6f635d-6e8d-49c1-9a8a-391303e7d624""}",2026-04-01T23:37:42.890856933Z
2026-04-01 23:37:55 UTC - Services healthy,info,"{""level"":""info""}","{""project"":""ce3616d9-58ad-4ec7-a294-1821e1564434"",""environment"":""fb6513d0-42a4-4660-82b5-509c54b15f2a"",""service"":""4978aa94-666c-47c7-8024-3ada55195a51"",""deployment"":""b74391c9-c7a3-4b79-8cbc-cdb2242a0c4b"",""replica"":""ee6f635d-6e8d-49c1-9a8a-391303e7d624""}",2026-04-01T23:38:02.902904023Z
[DB] Synced 1 accounts to database,info,"{""level"":""info""}","{""project"":""ce3616d9-58ad-4ec7-a294-1821e1564434"",""environment"":""fb6513d0-42a4-4660-82b5-509c54b15f2a"",""service"":""4978aa94-666c-47c7-8024-3ada55195a51"",""deployment"":""b74391c9-c7a3-4b79-8cbc-cdb2242a0c4b"",""replica"":""ee6f635d-6e8d-49c1-9a8a-391303e7d624""}",2026-04-01T23:38:22.894117533Z
2026-04-01 23:38:25 UTC - Services healthy,info,"{""level"":""info""}","{""project"":""ce3616d9-58ad-4ec7-a294-1821e1564434"",""environment"":""fb6513d0-42a4-4660-82b5-509c54b15f2a"",""service"":""4978aa94-666c-47c7-8024-3ada55195a51"",""deployment"":""b74391c9-c7a3-4b79-8cbc-cdb2242a0c4b"",""replica"":""ee6f635d-6e8d-49c1-9a8a-391303e7d624""}",2026-04-01T23:38:25.921982232Z
[DB] Synced 1 accounts to database,info,"{""level"":""info""}","{""project"":""ce3616d9-58ad-4ec7-a294-1821e1564434"",""environment"":""fb6513d0-42a4-4660-82b5-509c54b15f2a"",""service"":""4978aa94-666c-47c7-8024-3ada55195a51"",""deployment"":""b74391c9-c7a3-4b79-8cbc-cdb2242a0c4b"",""replica"":""ee6f635d-6e8d-49c1-9a8a-391303e7d624""}",2026-04-01T23:38:45.899447374Z
2026-04-01 23:38:55 UTC - Services healthy,info,"{""level"":""info""}","{""project"":""ce3616d9-58ad-4ec7-a294-1821e1564434"",""environment"":""fb6513d0-42a4-4660-82b5-509c54b15f2a"",""service"":""4978aa94-666c-47c7-8024-3ada55195a51"",""deployment"":""b74391c9-c7a3-4b79-8cbc-cdb2242a0c4b"",""replica"":""ee6f635d-6e8d-49c1-9a8a-391303e7d624""}",2026-04-01T23:39:05.756049417Z
[DB] Synced 1 accounts to database,info,"{""level"":""info""}","{""project"":""ce3616d9-58ad-4ec7-a294-1821e1564434"",""environment"":""fb6513d0-42a4-4660-82b5-509c54b15f2a"",""service"":""4978aa94-666c-47c7-8024-3ada55195a51"",""deployment"":""b74391c9-c7a3-4b79-8cbc-cdb2242a0c4b"",""replica"":""ee6f635d-6e8d-49c1-9a8a-391303e7d624""}",2026-04-01T23:39:12.906097878Z
2026-04-01 23:39:25 UTC - Services healthy,info,"{""level"":""info""}","{""project"":""ce3616d9-58ad-4ec7-a294-1821e1564434"",""environment"":""fb6513d0-42a4-4660-82b5-509c54b15f2a"",""service"":""4978aa94-666c-47c7-8024-3ada55195a51"",""deployment"":""b74391c9-c7a3-4b79-8cbc-cdb2242a0c4b"",""replica"":""ee6f635d-6e8d-49c1-9a8a-391303e7d624""}",2026-04-01T23:39:32.823774982Z
[DB] Synced 1 accounts to database,info,"{""level"":""info""}","{""project"":""ce3616d9-58ad-4ec7-a294-1821e1564434"",""environment"":""fb6513d0-42a4-4660-82b5-509c54b15f2a"",""service"":""4978aa94-666c-47c7-8024-3ada55195a51"",""deployment"":""b74391c9-c7a3-4b79-8cbc-cdb2242a0c4b"",""replica"":""ee6f635d-6e8d-49c1-9a8a-391303e7d624""}",2026-04-01T23:39:52.850244050Z
2026-04-01 23:39:55 UTC - Services healthy,info,"{""level"":""info""}","{""project"":""ce3616d9-58ad-4ec7-a294-1821e1564434"",""environment"":""fb6513d0-42a4-4660-82b5-509c54b15f2a"",""service"":""4978aa94-666c-47c7-8024-3ada55195a51"",""deployment"":""b74391c9-c7a3-4b79-8cbc-cdb2242a0c4b"",""replica"":""ee6f635d-6e8d-49c1-9a8a-391303e7d624""}",2026-04-01T23:39:55.921028106Z
[DB] Synced 1 accounts to database,info,"{""level"":""info""}","{""project"":""ce3616d9-58ad-4ec7-a294-1821e1564434"",""environment"":""fb6513d0-42a4-4660-82b5-509c54b15f2a"",""service"":""4978aa94-666c-47c7-8024-3ada55195a51"",""deployment"":""b74391c9-c7a3-4b79-8cbc-cdb2242a0c4b"",""replica"":""ee6f635d-6e8d-49c1-9a8a-391303e7d624""}",2026-04-01T23:40:15.848053515Z
2026-04-01 23:40:25 UTC - Services healthy,info,"{""level"":""info""}","{""project"":""ce3616d9-58ad-4ec7-a294-1821e1564434"",""environment"":""fb6513d0-42a4-4660-82b5-509c54b15f2a"",""service"":""4978aa94-666c-47c7-8024-3ada55195a51"",""deployment"":""b74391c9-c7a3-4b79-8cbc-cdb2242a0c4b"",""replica"":""ee6f635d-6e8d-49c1-9a8a-391303e7d624""}",2026-04-01T23:40:35.805947776Z
[DB] Synced 1 accounts to database,info,"{""level"":""info""}","{""project"":""ce3616d9-58ad-4ec7-a294-1821e1564434"",""environment"":""fb6513d0-42a4-4660-82b5-509c54b15f2a"",""service"":""4978aa94-666c-47c7-8024-3ada55195a51"",""deployment"":""b74391c9-c7a3-4b79-8cbc-cdb2242a0c4b"",""replica"":""ee6f635d-6e8d-49c1-9a8a-391303e7d624""}",2026-04-01T23:40:42.932130121Z
2026-04-01 23:40:55 UTC - Services healthy,info,"{""level"":""info""}","{""project"":""ce3616d9-58ad-4ec7-a294-1821e1564434"",""environment"":""fb6513d0-42a4-4660-82b5-509c54b15f2a"",""service"":""4978aa94-666c-47c7-8024-3ada55195a51"",""deployment"":""b74391c9-c7a3-4b79-8cbc-cdb2242a0c4b"",""replica"":""ee6f635d-6e8d-49c1-9a8a-391303e7d624""}",2026-04-01T23:41:02.893580717Z
[DB] Synced 1 accounts to database,info,"{""level"":""info""}","{""project"":""ce3616d9-58ad-4ec7-a294-1821e1564434"",""environment"":""fb6513d0-42a4-4660-82b5-509c54b15f2a"",""service"":""4978aa94-666c-47c7-8024-3ada55195a51"",""deployment"":""b74391c9-c7a3-4b79-8cbc-cdb2242a0c4b"",""replica"":""ee6f635d-6e8d-49c1-9a8a-391303e7d624""}",2026-04-01T23:41:22.932632683Z
2026-04-01 23:41:25 UTC - Services healthy,info,"{""level"":""info""}","{""project"":""ce3616d9-58ad-4ec7-a294-1821e1564434"",""environment"":""fb6513d0-42a4-4660-82b5-509c54b15f2a"",""service"":""4978aa94-666c-47c7-8024-3ada55195a51"",""deployment"":""b74391c9-c7a3-4b79-8cbc-cdb2242a0c4b"",""replica"":""ee6f635d-6e8d-49c1-9a8a-391303e7d624""}",2026-04-01T23:41:26.000293823Z
[DB] Synced 1 accounts to database,info,"{""level"":""info""}","{""project"":""ce3616d9-58ad-4ec7-a294-1821e1564434"",""environment"":""fb6513d0-42a4-4660-82b5-509c54b15f2a"",""service"":""4978aa94-666c-47c7-8024-3ada55195a51"",""deployment"":""b74391c9-c7a3-4b79-8cbc-cdb2242a0c4b"",""replica"":""ee6f635d-6e8d-49c1-9a8a-391303e7d624""}",2026-04-01T23:41:45.802461039Z
2026-04-01 23:41:55 UTC - Services healthy,info,"{""level"":""info""}","{""project"":""ce3616d9-58ad-4ec7-a294-1821e1564434"",""environment"":""fb6513d0-42a4-4660-82b5-509c54b15f2a"",""service"":""4978aa94-666c-47c7-8024-3ada55195a51"",""deployment"":""b74391c9-c7a3-4b79-8cbc-cdb2242a0c4b"",""replica"":""ee6f635d-6e8d-49c1-9a8a-391303e7d624""}",2026-04-01T23:42:06.055993089Z
[DB] Synced 1 accounts to database,info,"{""level"":""info""}","{""project"":""ce3616d9-58ad-4ec7-a294-1821e1564434"",""environment"":""fb6513d0-42a4-4660-82b5-509c54b15f2a"",""service"":""4978aa94-666c-47c7-8024-3ada55195a51"",""deployment"":""b74391c9-c7a3-4b79-8cbc-cdb2242a0c4b"",""replica"":""ee6f635d-6e8d-49c1-9a8a-391303e7d624""}",2026-04-01T23:42:12.925458594Z
2026-04-01 23:42:25 UTC - Services healthy,info,"{""level"":""info""}","{""project"":""ce3616d9-58ad-4ec7-a294-1821e1564434"",""environment"":""fb6513d0-42a4-4660-82b5-509c54b15f2a"",""service"":""4978aa94-666c-47c7-8024-3ada55195a51"",""deployment"":""b74391c9-c7a3-4b79-8cbc-cdb2242a0c4b"",""replica"":""ee6f635d-6e8d-49c1-9a8a-391303e7d624""}",2026-04-01T23:42:32.809892740Z
[DB] Synced 1 accounts to database,info,"{""level"":""info""}","{""project"":""ce3616d9-58ad-4ec7-a294-1821e1564434"",""environment"":""fb6513d0-42a4-4660-82b5-509c54b15f2a"",""service"":""4978aa94-666c-47c7-8024-3ada55195a51"",""deployment"":""b74391c9-c7a3-4b79-8cbc-cdb2242a0c4b"",""replica"":""ee6f635d-6e8d-49c1-9a8a-391303e7d624""}",2026-04-01T23:42:52.776923412Z
2026-04-01 23:42:55 UTC - Services healthy,info,"{""level"":""info""}","{""project"":""ce3616d9-58ad-4ec7-a294-1821e1564434"",""environment"":""fb6513d0-42a4-4660-82b5-509c54b15f2a"",""service"":""4978aa94-666c-47c7-8024-3ada55195a51"",""deployment"":""b74391c9-c7a3-4b79-8cbc-cdb2242a0c4b"",""replica"":""ee6f635d-6e8d-49c1-9a8a-391303e7d624""}",2026-04-01T23:42:56.004136088Z
[DB] Synced 1 accounts to database,info,"{""level"":""info""}","{""project"":""ce3616d9-58ad-4ec7-a294-1821e1564434"",""environment"":""fb6513d0-42a4-4660-82b5-509c54b15f2a"",""service"":""4978aa94-666c-47c7-8024-3ada55195a51"",""deployment"":""b74391c9-c7a3-4b79-8cbc-cdb2242a0c4b"",""replica"":""ee6f635d-6e8d-49c1-9a8a-391303e7d624""}",2026-04-01T23:43:16.007799637Z
2026-04-01 23:43:25 UTC - Services healthy,info,"{""level"":""info""}","{""project"":""ce3616d9-58ad-4ec7-a294-1821e1564434"",""environment"":""fb6513d0-42a4-4660-82b5-509c54b15f2a"",""service"":""4978aa94-666c-47c7-8024-3ada55195a51"",""deployment"":""b74391c9-c7a3-4b79-8cbc-cdb2242a0c4b"",""replica"":""ee6f635d-6e8d-49c1-9a8a-391303e7d624""}",2026-04-01T23:43:35.806765046Z
[DB] Synced 1 accounts to database,info,"{""level"":""info""}","{""project"":""ce3616d9-58ad-4ec7-a294-1821e1564434"",""environment"":""fb6513d0-42a4-4660-82b5-509c54b15f2a"",""service"":""4978aa94-666c-47c7-8024-3ada55195a51"",""deployment"":""b74391c9-c7a3-4b79-8cbc-cdb2242a0c4b"",""replica"":""ee6f635d-6e8d-49c1-9a8a-391303e7d624""}",2026-04-01T23:43:43.187836099Z
2026-04-01 23:43:55 UTC - Services healthy,info,"{""level"":""info""}","{""project"":""ce3616d9-58ad-4ec7-a294-1821e1564434"",""environment"":""fb6513d0-42a4-4660-82b5-509c54b15f2a"",""service"":""4978aa94-666c-47c7-8024-3ada55195a51"",""deployment"":""b74391c9-c7a3-4b79-8cbc-cdb2242a0c4b"",""replica"":""ee6f635d-6e8d-49c1-9a8a-391303e7d624""}",2026-04-01T23:44:03.187095635Z
[DB] Synced 1 accounts to database,info,"{""level"":""info""}","{""project"":""ce3616d9-58ad-4ec7-a294-1821e1564434"",""environment"":""fb6513d0-42a4-4660-82b5-509c54b15f2a"",""service"":""4978aa94-666c-47c7-8024-3ada55195a51"",""deployment"":""b74391c9-c7a3-4b79-8cbc-cdb2242a0c4b"",""replica"":""ee6f635d-6e8d-49c1-9a8a-391303e7d624""}",2026-04-01T23:44:22.985797106Z
2026-04-01 23:44:25 UTC - Services healthy,info,"{""level"":""info""}","{""project"":""ce3616d9-58ad-4ec7-a294-1821e1564434"",""environment"":""fb6513d0-42a4-4660-82b5-509c54b15f2a"",""service"":""4978aa94-666c-47c7-8024-3ada55195a51"",""deployment"":""b74391c9-c7a3-4b79-8cbc-cdb2242a0c4b"",""replica"":""ee6f635d-6e8d-49c1-9a8a-391303e7d624""}",2026-04-01T23:44:26.043111128Z
[DB] Synced 1 accounts to database,info,"{""level"":""info""}","{""project"":""ce3616d9-58ad-4ec7-a294-1821e1564434"",""environment"":""fb6513d0-42a4-4660-82b5-509c54b15f2a"",""service"":""4978aa94-666c-47c7-8024-3ada55195a51"",""deployment"":""b74391c9-c7a3-4b79-8cbc-cdb2242a0c4b"",""replica"":""ee6f635d-6e8d-49c1-9a8a-391303e7d624""}",2026-04-01T23:44:45.977043269Z
2026-04-01 23:44:55 UTC - Services healthy,info,"{""level"":""info""}","{""project"":""ce3616d9-58ad-4ec7-a294-1821e1564434"",""environment"":""fb6513d0-42a4-4660-82b5-509c54b15f2a"",""service"":""4978aa94-666c-47c7-8024-3ada55195a51"",""deployment"":""b74391c9-c7a3-4b79-8cbc-cdb2242a0c4b"",""replica"":""ee6f635d-6e8d-49c1-9a8a-391303e7d624""}",2026-04-01T23:45:05.973970092Z
[DB] Synced 1 accounts to database,info,"{""level"":""info""}","{""project"":""ce3616d9-58ad-4ec7-a294-1821e1564434"",""environment"":""fb6513d0-42a4-4660-82b5-509c54b15f2a"",""service"":""4978aa94-666c-47c7-8024-3ada55195a51"",""deployment"":""b74391c9-c7a3-4b79-8cbc-cdb2242a0c4b"",""replica"":""ee6f635d-6e8d-49c1-9a8a-391303e7d624""}",2026-04-01T23:45:12.944249657Z
2026-04-01 23:45:25 UTC - Services healthy,info,"{""level"":""info""}","{""project"":""ce3616d9-58ad-4ec7-a294-1821e1564434"",""environment"":""fb6513d0-42a4-4660-82b5-509c54b15f2a"",""service"":""4978aa94-666c-47c7-8024-3ada55195a51"",""deployment"":""b74391c9-c7a3-4b79-8cbc-cdb2242a0c4b"",""replica"":""ee6f635d-6e8d-49c1-9a8a-391303e7d624""}",2026-04-01T23:45:32.997621427Z
[DB] Synced 1 accounts to database,info,"{""level"":""info""}","{""project"":""ce3616d9-58ad-4ec7-a294-1821e1564434"",""environment"":""fb6513d0-42a4-4660-82b5-509c54b15f2a"",""service"":""4978aa94-666c-47c7-8024-3ada55195a51"",""deployment"":""b74391c9-c7a3-4b79-8cbc-cdb2242a0c4b"",""replica"":""ee6f635d-6e8d-49c1-9a8a-391303e7d624""}",2026-04-01T23:45:42.960175642Z
2026-04-01 23:45:55 UTC - Services healthy,info,"{""level"":""info""}","{""project"":""ce3616d9-58ad-4ec7-a294-1821e1564434"",""environment"":""fb6513d0-42a4-4660-82b5-509c54b15f2a"",""service"":""4978aa94-666c-47c7-8024-3ada55195a51"",""deployment"":""b74391c9-c7a3-4b79-8cbc-cdb2242a0c4b"",""replica"":""ee6f635d-6e8d-49c1-9a8a-391303e7d624""}",2026-04-01T23:46:02.975518090Z
[DB] Synced 1 accounts to database,info,"{""level"":""info""}","{""project"":""ce3616d9-58ad-4ec7-a294-1821e1564434"",""environment"":""fb6513d0-42a4-4660-82b5-509c54b15f2a"",""service"":""4978aa94-666c-47c7-8024-3ada55195a51"",""deployment"":""b74391c9-c7a3-4b79-8cbc-cdb2242a0c4b"",""replica"":""ee6f635d-6e8d-49c1-9a8a-391303e7d624""}",2026-04-01T23:46:12.971744964Z
2026-04-01 23:46:25 UTC - Services healthy,info,"{""level"":""info""}","{""project"":""ce3616d9-58ad-4ec7-a294-1821e1564434"",""environment"":""fb6513d0-42a4-4660-82b5-509c54b15f2a"",""service"":""4978aa94-666c-47c7-8024-3ada55195a51"",""deployment"":""b74391c9-c7a3-4b79-8cbc-cdb2242a0c4b"",""replica"":""ee6f635d-6e8d-49c1-9a8a-391303e7d624""}",2026-04-01T23:46:32.704043604Z
[DB] Synced 1 accounts to database,info,"{""level"":""info""}","{""project"":""ce3616d9-58ad-4ec7-a294-1821e1564434"",""environment"":""fb6513d0-42a4-4660-82b5-509c54b15f2a"",""service"":""4978aa94-666c-47c7-8024-3ada55195a51"",""deployment"":""b74391c9-c7a3-4b79-8cbc-cdb2242a0c4b"",""replica"":""ee6f635d-6e8d-49c1-9a8a-391303e7d624""}",2026-04-01T23:46:52.707676405Z
2026-04-01 23:46:55 UTC - Services healthy,info,"{""level"":""info""}","{""project"":""ce3616d9-58ad-4ec7-a294-1821e1564434"",""environment"":""fb6513d0-42a4-4660-82b5-509c54b15f2a"",""service"":""4978aa94-666c-47c7-8024-3ada55195a51"",""deployment"":""b74391c9-c7a3-4b79-8cbc-cdb2242a0c4b"",""replica"":""ee6f635d-6e8d-49c1-9a8a-391303e7d624""}",2026-04-01T23:46:56.084361665Z
[DB] Synced 1 accounts to database,info,"{""level"":""info""}","{""project"":""ce3616d9-58ad-4ec7-a294-1821e1564434"",""environment"":""fb6513d0-42a4-4660-82b5-509c54b15f2a"",""service"":""4978aa94-666c-47c7-8024-3ada55195a51"",""deployment"":""b74391c9-c7a3-4b79-8cbc-cdb2242a0c4b"",""replica"":""ee6f635d-6e8d-49c1-9a8a-391303e7d624""}",2026-04-01T23:47:16.187757547Z
2026-04-01 23:47:25 UTC - Services healthy,info,"{""level"":""info""}","{""project"":""ce3616d9-58ad-4ec7-a294-1821e1564434"",""environment"":""fb6513d0-42a4-4660-82b5-509c54b15f2a"",""service"":""4978aa94-666c-47c7-8024-3ada55195a51"",""deployment"":""b74391c9-c7a3-4b79-8cbc-cdb2242a0c4b"",""replica"":""ee6f635d-6e8d-49c1-9a8a-391303e7d624""}",2026-04-01T23:47:26.017490920Z
[DB] Synced 1 accounts to database,info,"{""level"":""info""}","{""project"":""ce3616d9-58ad-4ec7-a294-1821e1564434"",""environment"":""fb6513d0-42a4-4660-82b5-509c54b15f2a"",""service"":""4978aa94-666c-47c7-8024-3ada55195a51"",""deployment"":""b74391c9-c7a3-4b79-8cbc-cdb2242a0c4b"",""replica"":""ee6f635d-6e8d-49c1-9a8a-391303e7d624""}",2026-04-01T23:47:45.956992319Z
2026-04-01 23:47:56 UTC - Services healthy,info,"{""level"":""info""}","{""project"":""ce3616d9-58ad-4ec7-a294-1821e1564434"",""environment"":""fb6513d0-42a4-4660-82b5-509c54b15f2a"",""service"":""4978aa94-666c-47c7-8024-3ada55195a51"",""deployment"":""b74391c9-c7a3-4b79-8cbc-cdb2242a0c4b"",""replica"":""ee6f635d-6e8d-49c1-9a8a-391303e7d624""}",2026-04-01T23:48:05.929307611Z
[DB] Synced 1 accounts to database,info,"{""level"":""info""}","{""project"":""ce3616d9-58ad-4ec7-a294-1821e1564434"",""environment"":""fb6513d0-42a4-4660-82b5-509c54b15f2a"",""service"":""4978aa94-666c-47c7-8024-3ada55195a51"",""deployment"":""b74391c9-c7a3-4b79-8cbc-cdb2242a0c4b"",""replica"":""ee6f635d-6e8d-49c1-9a8a-391303e7d624""}",2026-04-01T23:48:12.979575709Z
2026-04-01 23:48:26 UTC - Services healthy,info,"{""level"":""info""}","{""project"":""ce3616d9-58ad-4ec7-a294-1821e1564434"",""environment"":""fb6513d0-42a4-4660-82b5-509c54b15f2a"",""service"":""4978aa94-666c-47c7-8024-3ada55195a51"",""deployment"":""b74391c9-c7a3-4b79-8cbc-cdb2242a0c4b"",""replica"":""ee6f635d-6e8d-49c1-9a8a-391303e7d624""}",2026-04-01T23:48:32.964724186Z
[DB] Synced 1 accounts to database,info,"{""level"":""info""}","{""project"":""ce3616d9-58ad-4ec7-a294-1821e1564434"",""environment"":""fb6513d0-42a4-4660-82b5-509c54b15f2a"",""service"":""4978aa94-666c-47c7-8024-3ada55195a51"",""deployment"":""b74391c9-c7a3-4b79-8cbc-cdb2242a0c4b"",""replica"":""ee6f635d-6e8d-49c1-9a8a-391303e7d624""}",2026-04-01T23:48:52.963933851Z
2026-04-01 23:48:56 UTC - Services healthy,info,"{""level"":""info""}","{""project"":""ce3616d9-58ad-4ec7-a294-1821e1564434"",""environment"":""fb6513d0-42a4-4660-82b5-509c54b15f2a"",""service"":""4978aa94-666c-47c7-8024-3ada55195a51"",""deployment"":""b74391c9-c7a3-4b79-8cbc-cdb2242a0c4b"",""replica"":""ee6f635d-6e8d-49c1-9a8a-391303e7d624""}",2026-04-01T23:48:56.033272928Z
[DB] Synced 1 accounts to database,info,"{""level"":""info""}","{""project"":""ce3616d9-58ad-4ec7-a294-1821e1564434"",""environment"":""fb6513d0-42a4-4660-82b5-509c54b15f2a"",""service"":""4978aa94-666c-47c7-8024-3ada55195a51"",""deployment"":""b74391c9-c7a3-4b79-8cbc-cdb2242a0c4b"",""replica"":""ee6f635d-6e8d-49c1-9a8a-391303e7d624""}",2026-04-01T23:49:16.034276436Z
2026-04-01 23:49:26 UTC - Services healthy,info,"{""level"":""info""}","{""project"":""ce3616d9-58ad-4ec7-a294-1821e1564434"",""environment"":""fb6513d0-42a4-4660-82b5-509c54b15f2a"",""service"":""4978aa94-666c-47c7-8024-3ada55195a51"",""deployment"":""b74391c9-c7a3-4b79-8cbc-cdb2242a0c4b"",""replica"":""ee6f635d-6e8d-49c1-9a8a-391303e7d624""}",2026-04-01T23:49:36.041752813Z
[DB] Synced 1 accounts to database,info,"{""level"":""info""}","{""project"":""ce3616d9-58ad-4ec7-a294-1821e1564434"",""environment"":""fb6513d0-42a4-4660-82b5-509c54b15f2a"",""service"":""4978aa94-666c-47c7-8024-3ada55195a51"",""deployment"":""b74391c9-c7a3-4b79-8cbc-cdb2242a0c4b"",""replica"":""ee6f635d-6e8d-49c1-9a8a-391303e7d624""}",2026-04-01T23:49:43.004823026Z
2026-04-01 23:49:56 UTC - Services healthy,info,"{""level"":""info""}","{""project"":""ce3616d9-58ad-4ec7-a294-1821e1564434"",""environment"":""fb6513d0-42a4-4660-82b5-509c54b15f2a"",""service"":""4978aa94-666c-47c7-8024-3ada55195a51"",""deployment"":""b74391c9-c7a3-4b79-8cbc-cdb2242a0c4b"",""replica"":""ee6f635d-6e8d-49c1-9a8a-391303e7d624""}",2026-04-01T23:50:02.990470691Z
[DB] Synced 1 accounts to database,info,"{""level"":""info""}","{""project"":""ce3616d9-58ad-4ec7-a294-1821e1564434"",""environment"":""fb6513d0-42a4-4660-82b5-509c54b15f2a"",""service"":""4978aa94-666c-47c7-8024-3ada55195a51"",""deployment"":""b74391c9-c7a3-4b79-8cbc-cdb2242a0c4b"",""replica"":""ee6f635d-6e8d-49c1-9a8a-391303e7d624""}",2026-04-01T23:50:12.980746755Z
2026-04-01 23:50:26 UTC - Services healthy,info,"{""level"":""info""}","{""project"":""ce3616d9-58ad-4ec7-a294-1821e1564434"",""environment"":""fb6513d0-42a4-4660-82b5-509c54b15f2a"",""service"":""4978aa94-666c-47c7-8024-3ada55195a51"",""deployment"":""b74391c9-c7a3-4b79-8cbc-cdb2242a0c4b"",""replica"":""ee6f635d-6e8d-49c1-9a8a-391303e7d624""}",2026-04-01T23:50:32.989270983Z
[DB] Synced 1 accounts to database,info,"{""level"":""info""}","{""project"":""ce3616d9-58ad-4ec7-a294-1821e1564434"",""environment"":""fb6513d0-42a4-4660-82b5-509c54b15f2a"",""service"":""4978aa94-666c-47c7-8024-3ada55195a51"",""deployment"":""b74391c9-c7a3-4b79-8cbc-cdb2242a0c4b"",""replica"":""ee6f635d-6e8d-49c1-9a8a-391303e7d624""}",2026-04-01T23:50:52.882858365Z
2026-04-01 23:50:56 UTC - Services healthy,info,"{""level"":""info""}","{""project"":""ce3616d9-58ad-4ec7-a294-1821e1564434"",""environment"":""fb6513d0-42a4-4660-82b5-509c54b15f2a"",""service"":""4978aa94-666c-47c7-8024-3ada55195a51"",""deployment"":""b74391c9-c7a3-4b79-8cbc-cdb2242a0c4b"",""replica"":""ee6f635d-6e8d-49c1-9a8a-391303e7d624""}",2026-04-01T23:50:56.043694968Z
[DB] Synced 1 accounts to database,info,"{""level"":""info""}","{""project"":""ce3616d9-58ad-4ec7-a294-1821e1564434"",""environment"":""fb6513d0-42a4-4660-82b5-509c54b15f2a"",""service"":""4978aa94-666c-47c7-8024-3ada55195a51"",""deployment"":""b74391c9-c7a3-4b79-8cbc-cdb2242a0c4b"",""replica"":""ee6f635d-6e8d-49c1-9a8a-391303e7d624""}",2026-04-01T23:51:16.047936033Z
2026-04-01 23:51:26 UTC - Services healthy,info,"{""level"":""info""}","{""project"":""ce3616d9-58ad-4ec7-a294-1821e1564434"",""environment"":""fb6513d0-42a4-4660-82b5-509c54b15f2a"",""service"":""4978aa94-666c-47c7-8024-3ada55195a51"",""deployment"":""b74391c9-c7a3-4b79-8cbc-cdb2242a0c4b"",""replica"":""ee6f635d-6e8d-49c1-9a8a-391303e7d624""}",2026-04-01T23:51:36.273098057Z
[DB] Synced 1 accounts to database,info,"{""level"":""info""}","{""project"":""ce3616d9-58ad-4ec7-a294-1821e1564434"",""environment"":""fb6513d0-42a4-4660-82b5-509c54b15f2a"",""service"":""4978aa94-666c-47c7-8024-3ada55195a51"",""deployment"":""b74391c9-c7a3-4b79-8cbc-cdb2242a0c4b"",""replica"":""ee6f635d-6e8d-49c1-9a8a-391303e7d624""}",2026-04-01T23:51:43.013631049Z
2026-04-01 23:51:56 UTC - Services healthy,info,"{""level"":""info""}","{""project"":""ce3616d9-58ad-4ec7-a294-1821e1564434"",""environment"":""fb6513d0-42a4-4660-82b5-509c54b15f2a"",""service"":""4978aa94-666c-47c7-8024-3ada55195a51"",""deployment"":""b74391c9-c7a3-4b79-8cbc-cdb2242a0c4b"",""replica"":""ee6f635d-6e8d-49c1-9a8a-391303e7d624""}",2026-04-01T23:52:02.989492924Z
[DB] Synced 1 accounts to database,info,"{""level"":""info""}","{""project"":""ce3616d9-58ad-4ec7-a294-1821e1564434"",""environment"":""fb6513d0-42a4-4660-82b5-509c54b15f2a"",""service"":""4978aa94-666c-47c7-8024-3ada55195a51"",""deployment"":""b74391c9-c7a3-4b79-8cbc-cdb2242a0c4b"",""replica"":""ee6f635d-6e8d-49c1-9a8a-391303e7d624""}",2026-04-01T23:52:23.099124513Z
2026-04-01 23:52:26 UTC - Services healthy,info,"{""level"":""info""}","{""project"":""ce3616d9-58ad-4ec7-a294-1821e1564434"",""environment"":""fb6513d0-42a4-4660-82b5-509c54b15f2a"",""service"":""4978aa94-666c-47c7-8024-3ada55195a51"",""deployment"":""b74391c9-c7a3-4b79-8cbc-cdb2242a0c4b"",""replica"":""ee6f635d-6e8d-49c1-9a8a-391303e7d624""}",2026-04-01T23:52:26.058135947Z
[DB] Synced 1 accounts to database,info,"{""level"":""info""}","{""project"":""ce3616d9-58ad-4ec7-a294-1821e1564434"",""environment"":""fb6513d0-42a4-4660-82b5-509c54b15f2a"",""service"":""4978aa94-666c-47c7-8024-3ada55195a51"",""deployment"":""b74391c9-c7a3-4b79-8cbc-cdb2242a0c4b"",""replica"":""ee6f635d-6e8d-49c1-9a8a-391303e7d624""}",2026-04-01T23:52:46.035799124Z
2026-04-01 23:52:56 UTC - Services healthy,info,"{""level"":""info""}","{""project"":""ce3616d9-58ad-4ec7-a294-1821e1564434"",""environment"":""fb6513d0-42a4-4660-82b5-509c54b15f2a"",""service"":""4978aa94-666c-47c7-8024-3ada55195a51"",""deployment"":""b74391c9-c7a3-4b79-8cbc-cdb2242a0c4b"",""replica"":""ee6f635d-6e8d-49c1-9a8a-391303e7d624""}",2026-04-01T23:53:06.014113963Z
[DB] Synced 1 accounts to database,info,"{""level"":""info""}","{""project"":""ce3616d9-58ad-4ec7-a294-1821e1564434"",""environment"":""fb6513d0-42a4-4660-82b5-509c54b15f2a"",""service"":""4978aa94-666c-47c7-8024-3ada55195a51"",""deployment"":""b74391c9-c7a3-4b79-8cbc-cdb2242a0c4b"",""replica"":""ee6f635d-6e8d-49c1-9a8a-391303e7d624""}",2026-04-01T23:53:13.143237936Z
2026-04-01 23:53:26 UTC - Services healthy,info,"{""level"":""info""}","{""project"":""ce3616d9-58ad-4ec7-a294-1821e1564434"",""environment"":""fb6513d0-42a4-4660-82b5-509c54b15f2a"",""service"":""4978aa94-666c-47c7-8024-3ada55195a51"",""deployment"":""b74391c9-c7a3-4b79-8cbc-cdb2242a0c4b"",""replica"":""ee6f635d-6e8d-49c1-9a8a-391303e7d624""}",2026-04-01T23:53:33.078454847Z
[DB] Synced 1 accounts to database,info,"{""level"":""info""}","{""project"":""ce3616d9-58ad-4ec7-a294-1821e1564434"",""environment"":""fb6513d0-42a4-4660-82b5-509c54b15f2a"",""service"":""4978aa94-666c-47c7-8024-3ada55195a51"",""deployment"":""b74391c9-c7a3-4b79-8cbc-cdb2242a0c4b"",""replica"":""ee6f635d-6e8d-49c1-9a8a-391303e7d624""}",2026-04-01T23:53:52.957565415Z
2026-04-01 23:53:56 UTC - Services healthy,info,"{""level"":""info""}","{""project"":""ce3616d9-58ad-4ec7-a294-1821e1564434"",""environment"":""fb6513d0-42a4-4660-82b5-509c54b15f2a"",""service"":""4978aa94-666c-47c7-8024-3ada55195a51"",""deployment"":""b74391c9-c7a3-4b79-8cbc-cdb2242a0c4b"",""replica"":""ee6f635d-6e8d-49c1-9a8a-391303e7d624""}",2026-04-01T23:53:56.147776229Z
[DB] Synced 1 accounts to database,info,"{""level"":""info""}","{""project"":""ce3616d9-58ad-4ec7-a294-1821e1564434"",""environment"":""fb6513d0-42a4-4660-82b5-509c54b15f2a"",""service"":""4978aa94-666c-47c7-8024-3ada55195a51"",""deployment"":""b74391c9-c7a3-4b79-8cbc-cdb2242a0c4b"",""replica"":""ee6f635d-6e8d-49c1-9a8a-391303e7d624""}",2026-04-01T23:54:16.127424965Z
2026-04-01 23:54:26 UTC - Services healthy,info,"{""level"":""info""}","{""project"":""ce3616d9-58ad-4ec7-a294-1821e1564434"",""environment"":""fb6513d0-42a4-4660-82b5-509c54b15f2a"",""service"":""4978aa94-666c-47c7-8024-3ada55195a51"",""deployment"":""b74391c9-c7a3-4b79-8cbc-cdb2242a0c4b"",""replica"":""ee6f635d-6e8d-49c1-9a8a-391303e7d624""}",2026-04-01T23:54:36.173352068Z
[DB] Synced 1 accounts to database,info,"{""level"":""info""}","{""project"":""ce3616d9-58ad-4ec7-a294-1821e1564434"",""environment"":""fb6513d0-42a4-4660-82b5-509c54b15f2a"",""service"":""4978aa94-666c-47c7-8024-3ada55195a51"",""deployment"":""b74391c9-c7a3-4b79-8cbc-cdb2242a0c4b"",""replica"":""ee6f635d-6e8d-49c1-9a8a-391303e7d624""}",2026-04-01T23:54:43.037752455Z
2026-04-01 23:54:56 UTC - Services healthy,info,"{""level"":""info""}","{""project"":""ce3616d9-58ad-4ec7-a294-1821e1564434"",""environment"":""fb6513d0-42a4-4660-82b5-509c54b15f2a"",""service"":""4978aa94-666c-47c7-8024-3ada55195a51"",""deployment"":""b74391c9-c7a3-4b79-8cbc-cdb2242a0c4b"",""replica"":""ee6f635d-6e8d-49c1-9a8a-391303e7d624""}",2026-04-01T23:55:03.091259906Z
[DB] Synced 1 accounts to database,info,"{""level"":""info""}","{""project"":""ce3616d9-58ad-4ec7-a294-1821e1564434"",""environment"":""fb6513d0-42a4-4660-82b5-509c54b15f2a"",""service"":""4978aa94-666c-47c7-8024-3ada55195a51"",""deployment"":""b74391c9-c7a3-4b79-8cbc-cdb2242a0c4b"",""replica"":""ee6f635d-6e8d-49c1-9a8a-391303e7d624""}",2026-04-01T23:55:13.087872598Z
2026-04-01 23:55:26 UTC - Services healthy,info,"{""level"":""info""}","{""project"":""ce3616d9-58ad-4ec7-a294-1821e1564434"",""environment"":""fb6513d0-42a4-4660-82b5-509c54b15f2a"",""service"":""4978aa94-666c-47c7-8024-3ada55195a51"",""deployment"":""b74391c9-c7a3-4b79-8cbc-cdb2242a0c4b"",""replica"":""ee6f635d-6e8d-49c1-9a8a-391303e7d624""}",2026-04-01T23:55:33.173192246Z
[DB] Synced 1 accounts to database,info,"{""level"":""info""}","{""project"":""ce3616d9-58ad-4ec7-a294-1821e1564434"",""environment"":""fb6513d0-42a4-4660-82b5-509c54b15f2a"",""service"":""4978aa94-666c-47c7-8024-3ada55195a51"",""deployment"":""b74391c9-c7a3-4b79-8cbc-cdb2242a0c4b"",""replica"":""ee6f635d-6e8d-49c1-9a8a-391303e7d624""}",2026-04-01T23:55:52.964322558Z
2026-04-01 23:55:56 UTC - Services healthy,info,"{""level"":""info""}","{""project"":""ce3616d9-58ad-4ec7-a294-1821e1564434"",""environment"":""fb6513d0-42a4-4660-82b5-509c54b15f2a"",""service"":""4978aa94-666c-47c7-8024-3ada55195a51"",""deployment"":""b74391c9-c7a3-4b79-8cbc-cdb2242a0c4b"",""replica"":""ee6f635d-6e8d-49c1-9a8a-391303e7d624""}",2026-04-01T23:55:56.240045850Z
[DB] Synced 1 accounts to database,info,"{""level"":""info""}","{""project"":""ce3616d9-58ad-4ec7-a294-1821e1564434"",""environment"":""fb6513d0-42a4-4660-82b5-509c54b15f2a"",""service"":""4978aa94-666c-47c7-8024-3ada55195a51"",""deployment"":""b74391c9-c7a3-4b79-8cbc-cdb2242a0c4b"",""replica"":""ee6f635d-6e8d-49c1-9a8a-391303e7d624""}",2026-04-01T23:56:16.310487458Z
2026-04-01 23:56:26 UTC - Services healthy,info,"{""level"":""info""}","{""project"":""ce3616d9-58ad-4ec7-a294-1821e1564434"",""environment"":""fb6513d0-42a4-4660-82b5-509c54b15f2a"",""service"":""4978aa94-666c-47c7-8024-3ada55195a51"",""deployment"":""b74391c9-c7a3-4b79-8cbc-cdb2242a0c4b"",""replica"":""ee6f635d-6e8d-49c1-9a8a-391303e7d624""}",2026-04-01T23:56:26.094567046Z
[DB] Synced 1 accounts to database,info,"{""level"":""info""}","{""project"":""ce3616d9-58ad-4ec7-a294-1821e1564434"",""environment"":""fb6513d0-42a4-4660-82b5-509c54b15f2a"",""service"":""4978aa94-666c-47c7-8024-3ada55195a51"",""deployment"":""b74391c9-c7a3-4b79-8cbc-cdb2242a0c4b"",""replica"":""ee6f635d-6e8d-49c1-9a8a-391303e7d624""}",2026-04-01T23:56:46.091148981Z
2026-04-01 23:56:56 UTC - Services healthy,info,"{""level"":""info""}","{""project"":""ce3616d9-58ad-4ec7-a294-1821e1564434"",""environment"":""fb6513d0-42a4-4660-82b5-509c54b15f2a"",""service"":""4978aa94-666c-47c7-8024-3ada55195a51"",""deployment"":""b74391c9-c7a3-4b79-8cbc-cdb2242a0c4b"",""replica"":""ee6f635d-6e8d-49c1-9a8a-391303e7d624""}",2026-04-01T23:57:06.006023056Z
[DB] Synced 1 accounts to database,info,"{""level"":""info""}","{""project"":""ce3616d9-58ad-4ec7-a294-1821e1564434"",""environment"":""fb6513d0-42a4-4660-82b5-509c54b15f2a"",""service"":""4978aa94-666c-47c7-8024-3ada55195a51"",""deployment"":""b74391c9-c7a3-4b79-8cbc-cdb2242a0c4b"",""replica"":""ee6f635d-6e8d-49c1-9a8a-391303e7d624""}",2026-04-01T23:57:13.150894174Z
2026-04-01 23:57:26 UTC - Services healthy,info,"{""level"":""info""}","{""project"":""ce3616d9-58ad-4ec7-a294-1821e1564434"",""environment"":""fb6513d0-42a4-4660-82b5-509c54b15f2a"",""service"":""4978aa94-666c-47c7-8024-3ada55195a51"",""deployment"":""b74391c9-c7a3-4b79-8cbc-cdb2242a0c4b"",""replica"":""ee6f635d-6e8d-49c1-9a8a-391303e7d624""}",2026-04-01T23:57:33.259826452Z
[DB] Synced 1 accounts to database,info,"{""level"":""info""}","{""project"":""ce3616d9-58ad-4ec7-a294-1821e1564434"",""environment"":""fb6513d0-42a4-4660-82b5-509c54b15f2a"",""service"":""4978aa94-666c-47c7-8024-3ada55195a51"",""deployment"":""b74391c9-c7a3-4b79-8cbc-cdb2242a0c4b"",""replica"":""ee6f635d-6e8d-49c1-9a8a-391303e7d624""}",2026-04-01T23:57:43.079516269Z
2026-04-01 23:57:56 UTC - Services healthy,info,"{""level"":""info""}","{""project"":""ce3616d9-58ad-4ec7-a294-1821e1564434"",""environment"":""fb6513d0-42a4-4660-82b5-509c54b15f2a"",""service"":""4978aa94-666c-47c7-8024-3ada55195a51"",""deployment"":""b74391c9-c7a3-4b79-8cbc-cdb2242a0c4b"",""replica"":""ee6f635d-6e8d-49c1-9a8a-391303e7d624""}",2026-04-01T23:58:03.036826955Z
[DB] Synced 1 accounts to database,info,"{""level"":""info""}","{""project"":""ce3616d9-58ad-4ec7-a294-1821e1564434"",""environment"":""fb6513d0-42a4-4660-82b5-509c54b15f2a"",""service"":""4978aa94-666c-47c7-8024-3ada55195a51"",""deployment"":""b74391c9-c7a3-4b79-8cbc-cdb2242a0c4b"",""replica"":""ee6f635d-6e8d-49c1-9a8a-391303e7d624""}",2026-04-01T23:58:22.834879526Z
2026-04-01 23:58:26 UTC - Services healthy,info,"{""level"":""info""}","{""project"":""ce3616d9-58ad-4ec7-a294-1821e1564434"",""environment"":""fb6513d0-42a4-4660-82b5-509c54b15f2a"",""service"":""4978aa94-666c-47c7-8024-3ada55195a51"",""deployment"":""b74391c9-c7a3-4b79-8cbc-cdb2242a0c4b"",""replica"":""ee6f635d-6e8d-49c1-9a8a-391303e7d624""}",2026-04-01T23:58:26.158647929Z
[DB] Synced 1 accounts to database,info,"{""level"":""info""}","{""project"":""ce3616d9-58ad-4ec7-a294-1821e1564434"",""environment"":""fb6513d0-42a4-4660-82b5-509c54b15f2a"",""service"":""4978aa94-666c-47c7-8024-3ada55195a51"",""deployment"":""b74391c9-c7a3-4b79-8cbc-cdb2242a0c4b"",""replica"":""ee6f635d-6e8d-49c1-9a8a-391303e7d624""}",2026-04-01T23:58:46.159844473Z
2026-04-01 23:58:56 UTC - Services healthy,info,"{""level"":""info""}","{""project"":""ce3616d9-58ad-4ec7-a294-1821e1564434"",""environment"":""fb6513d0-42a4-4660-82b5-509c54b15f2a"",""service"":""4978aa94-666c-47c7-8024-3ada55195a51"",""deployment"":""b74391c9-c7a3-4b79-8cbc-cdb2242a0c4b"",""replica"":""ee6f635d-6e8d-49c1-9a8a-391303e7d624""}",2026-04-01T23:59:06.064500457Z
[DB] Synced 1 accounts to database,info,"{""level"":""info""}","{""project"":""ce3616d9-58ad-4ec7-a294-1821e1564434"",""environment"":""fb6513d0-42a4-4660-82b5-509c54b15f2a"",""service"":""4978aa94-666c-47c7-8024-3ada55195a51"",""deployment"":""b74391c9-c7a3-4b79-8cbc-cdb2242a0c4b"",""replica"":""ee6f635d-6e8d-49c1-9a8a-391303e7d624""}",2026-04-01T23:59:13.106515109Z
2026-04-01 23:59:26 UTC - Services healthy,info,"{""level"":""info""}","{""project"":""ce3616d9-58ad-4ec7-a294-1821e1564434"",""environment"":""fb6513d0-42a4-4660-82b5-509c54b15f2a"",""service"":""4978aa94-666c-47c7-8024-3ada55195a51"",""deployment"":""b74391c9-c7a3-4b79-8cbc-cdb2242a0c4b"",""replica"":""ee6f635d-6e8d-49c1-9a8a-391303e7d624""}",2026-04-01T23:59:33.108481271Z
[DB] Synced 1 accounts to database,info,"{""level"":""info""}","{""project"":""ce3616d9-58ad-4ec7-a294-1821e1564434"",""environment"":""fb6513d0-42a4-4660-82b5-509c54b15f2a"",""service"":""4978aa94-666c-47c7-8024-3ada55195a51"",""deployment"":""b74391c9-c7a3-4b79-8cbc-cdb2242a0c4b"",""replica"":""ee6f635d-6e8d-49c1-9a8a-391303e7d624""}",2026-04-01T23:59:53.129542937Z
2026-04-01 23:59:56 UTC - Services healthy,info,"{""level"":""info""}","{""project"":""ce3616d9-58ad-4ec7-a294-1821e1564434"",""environment"":""fb6513d0-42a4-4660-82b5-509c54b15f2a"",""service"":""4978aa94-666c-47c7-8024-3ada55195a51"",""deployment"":""b74391c9-c7a3-4b79-8cbc-cdb2242a0c4b"",""replica"":""ee6f635d-6e8d-49c1-9a8a-391303e7d624""}",2026-04-01T23:59:56.131586979Z
[DB] Synced 1 accounts to database,info,"{""level"":""info""}","{""project"":""ce3616d9-58ad-4ec7-a294-1821e1564434"",""environment"":""fb6513d0-42a4-4660-82b5-509c54b15f2a"",""service"":""4978aa94-666c-47c7-8024-3ada55195a51"",""deployment"":""b74391c9-c7a3-4b79-8cbc-cdb2242a0c4b"",""replica"":""ee6f635d-6e8d-49c1-9a8a-391303e7d624""}",2026-04-02T00:00:16.365450079Z
2026-04-02 00:00:26 UTC - Services healthy,info,"{""level"":""info""}","{""project"":""ce3616d9-58ad-4ec7-a294-1821e1564434"",""environment"":""fb6513d0-42a4-4660-82b5-509c54b15f2a"",""service"":""4978aa94-666c-47c7-8024-3ada55195a51"",""deployment"":""b74391c9-c7a3-4b79-8cbc-cdb2242a0c4b"",""replica"":""ee6f635d-6e8d-49c1-9a8a-391303e7d624""}",2026-04-02T00:00:26.187155487Z
[DB] Synced 1 accounts to database,info,"{""level"":""info""}","{""project"":""ce3616d9-58ad-4ec7-a294-1821e1564434"",""environment"":""fb6513d0-42a4-4660-82b5-509c54b15f2a"",""service"":""4978aa94-666c-47c7-8024-3ada55195a51"",""deployment"":""b74391c9-c7a3-4b79-8cbc-cdb2242a0c4b"",""replica"":""ee6f635d-6e8d-49c1-9a8a-391303e7d624""}",2026-04-02T00:00:46.191515246Z
2026-04-02 00:00:56 UTC - Services healthy,info,"{""level"":""info""}","{""project"":""ce3616d9-58ad-4ec7-a294-1821e1564434"",""environment"":""fb6513d0-42a4-4660-82b5-509c54b15f2a"",""service"":""4978aa94-666c-47c7-8024-3ada55195a51"",""deployment"":""b74391c9-c7a3-4b79-8cbc-cdb2242a0c4b"",""replica"":""ee6f635d-6e8d-49c1-9a8a-391303e7d624""}",2026-04-02T00:00:56.162813192Z
[DB] Synced 1 accounts to database,info,"{""level"":""info""}","{""project"":""ce3616d9-58ad-4ec7-a294-1821e1564434"",""environment"":""fb6513d0-42a4-4660-82b5-509c54b15f2a"",""service"":""4978aa94-666c-47c7-8024-3ada55195a51"",""deployment"":""b74391c9-c7a3-4b79-8cbc-cdb2242a0c4b"",""replica"":""ee6f635d-6e8d-49c1-9a8a-391303e7d624""}",2026-04-02T00:01:16.218191696Z
2026-04-02 00:01:26 UTC - Services healthy,info,"{""level"":""info""}","{""project"":""ce3616d9-58ad-4ec7-a294-1821e1564434"",""environment"":""fb6513d0-42a4-4660-82b5-509c54b15f2a"",""service"":""4978aa94-666c-47c7-8024-3ada55195a51"",""deployment"":""b74391c9-c7a3-4b79-8cbc-cdb2242a0c4b"",""replica"":""ee6f635d-6e8d-49c1-9a8a-391303e7d624""}",2026-04-02T00:01:26.155716716Z
[DB] Synced 1 accounts to database,info,"{""level"":""info""}","{""project"":""ce3616d9-58ad-4ec7-a294-1821e1564434"",""environment"":""fb6513d0-42a4-4660-82b5-509c54b15f2a"",""service"":""4978aa94-666c-47c7-8024-3ada55195a51"",""deployment"":""b74391c9-c7a3-4b79-8cbc-cdb2242a0c4b"",""replica"":""ee6f635d-6e8d-49c1-9a8a-391303e7d624""}",2026-04-02T00:01:46.168447192Z
2026-04-02 00:01:56 UTC - Services healthy,info,"{""level"":""info""}","{""project"":""ce3616d9-58ad-4ec7-a294-1821e1564434"",""environment"":""fb6513d0-42a4-4660-82b5-509c54b15f2a"",""service"":""4978aa94-666c-47c7-8024-3ada55195a51"",""deployment"":""b74391c9-c7a3-4b79-8cbc-cdb2242a0c4b"",""replica"":""ee6f635d-6e8d-49c1-9a8a-391303e7d624""}",2026-04-02T00:02:05.830141789Z
[DB] Synced 1 accounts to database,info,"{""level"":""info""}","{""project"":""ce3616d9-58ad-4ec7-a294-1821e1564434"",""environment"":""fb6513d0-42a4-4660-82b5-509c54b15f2a"",""service"":""4978aa94-666c-47c7-8024-3ada55195a51"",""deployment"":""b74391c9-c7a3-4b79-8cbc-cdb2242a0c4b"",""replica"":""ee6f635d-6e8d-49c1-9a8a-391303e7d624""}",2026-04-02T00:02:13.150260223Z
2026-04-02 00:02:26 UTC - Services healthy,info,"{""level"":""info""}","{""project"":""ce3616d9-58ad-4ec7-a294-1821e1564434"",""environment"":""fb6513d0-42a4-4660-82b5-509c54b15f2a"",""service"":""4978aa94-666c-47c7-8024-3ada55195a51"",""deployment"":""b74391c9-c7a3-4b79-8cbc-cdb2242a0c4b"",""replica"":""ee6f635d-6e8d-49c1-9a8a-391303e7d624""}",2026-04-02T00:02:33.202816396Z
[DB] Synced 1 accounts to database,info,"{""level"":""info""}","{""project"":""ce3616d9-58ad-4ec7-a294-1821e1564434"",""environment"":""fb6513d0-42a4-4660-82b5-509c54b15f2a"",""service"":""4978aa94-666c-47c7-8024-3ada55195a51"",""deployment"":""b74391c9-c7a3-4b79-8cbc-cdb2242a0c4b"",""replica"":""ee6f635d-6e8d-49c1-9a8a-391303e7d624""}",2026-04-02T00:02:43.152393724Z
2026-04-02 00:02:56 UTC - Services healthy,info,"{""level"":""info""}","{""project"":""ce3616d9-58ad-4ec7-a294-1821e1564434"",""environment"":""fb6513d0-42a4-4660-82b5-509c54b15f2a"",""service"":""4978aa94-666c-47c7-8024-3ada55195a51"",""deployment"":""b74391c9-c7a3-4b79-8cbc-cdb2242a0c4b"",""replica"":""ee6f635d-6e8d-49c1-9a8a-391303e7d624""}",2026-04-02T00:03:03.122112116Z
[DB] Synced 1 accounts to database,info,"{""level"":""info""}","{""project"":""ce3616d9-58ad-4ec7-a294-1821e1564434"",""environment"":""fb6513d0-42a4-4660-82b5-509c54b15f2a"",""service"":""4978aa94-666c-47c7-8024-3ada55195a51"",""deployment"":""b74391c9-c7a3-4b79-8cbc-cdb2242a0c4b"",""replica"":""ee6f635d-6e8d-49c1-9a8a-391303e7d624""}",2026-04-02T00:03:23.123650297Z
2026-04-02 00:03:26 UTC - Services healthy,info,"{""level"":""info""}","{""project"":""ce3616d9-58ad-4ec7-a294-1821e1564434"",""environment"":""fb6513d0-42a4-4660-82b5-509c54b15f2a"",""service"":""4978aa94-666c-47c7-8024-3ada55195a51"",""deployment"":""b74391c9-c7a3-4b79-8cbc-cdb2242a0c4b"",""replica"":""ee6f635d-6e8d-49c1-9a8a-391303e7d624""}",2026-04-02T00:03:26.187185328Z
[DB] Synced 1 accounts to database,info,"{""level"":""info""}","{""project"":""ce3616d9-58ad-4ec7-a294-1821e1564434"",""environment"":""fb6513d0-42a4-4660-82b5-509c54b15f2a"",""service"":""4978aa94-666c-47c7-8024-3ada55195a51"",""deployment"":""b74391c9-c7a3-4b79-8cbc-cdb2242a0c4b"",""replica"":""ee6f635d-6e8d-49c1-9a8a-391303e7d624""}",2026-04-02T00:03:46.280808235Z
2026-04-02 00:03:56 UTC - Services healthy,info,"{""level"":""info""}","{""project"":""ce3616d9-58ad-4ec7-a294-1821e1564434"",""environment"":""fb6513d0-42a4-4660-82b5-509c54b15f2a"",""service"":""4978aa94-666c-47c7-8024-3ada55195a51"",""deployment"":""b74391c9-c7a3-4b79-8cbc-cdb2242a0c4b"",""replica"":""ee6f635d-6e8d-49c1-9a8a-391303e7d624""}",2026-04-02T00:04:06.044464944Z
[DB] Synced 1 accounts to database,info,"{""level"":""info""}","{""project"":""ce3616d9-58ad-4ec7-a294-1821e1564434"",""environment"":""fb6513d0-42a4-4660-82b5-509c54b15f2a"",""service"":""4978aa94-666c-47c7-8024-3ada55195a51"",""deployment"":""b74391c9-c7a3-4b79-8cbc-cdb2242a0c4b"",""replica"":""ee6f635d-6e8d-49c1-9a8a-391303e7d624""}",2026-04-02T00:04:13.153737598Z
2026-04-02 00:04:26 UTC - Services healthy,info,"{""level"":""info""}","{""project"":""ce3616d9-58ad-4ec7-a294-1821e1564434"",""environment"":""fb6513d0-42a4-4660-82b5-509c54b15f2a"",""service"":""4978aa94-666c-47c7-8024-3ada55195a51"",""deployment"":""b74391c9-c7a3-4b79-8cbc-cdb2242a0c4b"",""replica"":""ee6f635d-6e8d-49c1-9a8a-391303e7d624""}",2026-04-02T00:04:33.059089612Z
[DB] Synced 1 accounts to database,info,"{""level"":""info""}","{""project"":""ce3616d9-58ad-4ec7-a294-1821e1564434"",""environment"":""fb6513d0-42a4-4660-82b5-509c54b15f2a"",""service"":""4978aa94-666c-47c7-8024-3ada55195a51"",""deployment"":""b74391c9-c7a3-4b79-8cbc-cdb2242a0c4b"",""replica"":""ee6f635d-6e8d-49c1-9a8a-391303e7d624""}",2026-04-02T00:04:53.037917232Z
2026-04-02 00:04:56 UTC - Services healthy,info,"{""level"":""info""}","{""project"":""ce3616d9-58ad-4ec7-a294-1821e1564434"",""environment"":""fb6513d0-42a4-4660-82b5-509c54b15f2a"",""service"":""4978aa94-666c-47c7-8024-3ada55195a51"",""deployment"":""b74391c9-c7a3-4b79-8cbc-cdb2242a0c4b"",""replica"":""ee6f635d-6e8d-49c1-9a8a-391303e7d624""}",2026-04-02T00:04:56.265073640Z
[DB] Synced 1 accounts to database,info,"{""level"":""info""}","{""project"":""ce3616d9-58ad-4ec7-a294-1821e1564434"",""environment"":""fb6513d0-42a4-4660-82b5-509c54b15f2a"",""service"":""4978aa94-666c-47c7-8024-3ada55195a51"",""deployment"":""b74391c9-c7a3-4b79-8cbc-cdb2242a0c4b"",""replica"":""ee6f635d-6e8d-49c1-9a8a-391303e7d624""}",2026-04-02T00:05:16.286549291Z
2026-04-02 00:05:26 UTC - Services healthy,info,"{""level"":""info""}","{""project"":""ce3616d9-58ad-4ec7-a294-1821e1564434"",""environment"":""fb6513d0-42a4-4660-82b5-509c54b15f2a"",""service"":""4978aa94-666c-47c7-8024-3ada55195a51"",""deployment"":""b74391c9-c7a3-4b79-8cbc-cdb2242a0c4b"",""replica"":""ee6f635d-6e8d-49c1-9a8a-391303e7d624""}",2026-04-02T00:05:26.258477743Z
[DB] Synced 1 accounts to database,info,"{""level"":""info""}","{""project"":""ce3616d9-58ad-4ec7-a294-1821e1564434"",""environment"":""fb6513d0-42a4-4660-82b5-509c54b15f2a"",""service"":""4978aa94-666c-47c7-8024-3ada55195a51"",""deployment"":""b74391c9-c7a3-4b79-8cbc-cdb2242a0c4b"",""replica"":""ee6f635d-6e8d-49c1-9a8a-391303e7d624""}",2026-04-02T00:05:46.223036782Z
2026-04-02 00:05:56 UTC - Services healthy,info,"{""level"":""info""}","{""project"":""ce3616d9-58ad-4ec7-a294-1821e1564434"",""environment"":""fb6513d0-42a4-4660-82b5-509c54b15f2a"",""service"":""4978aa94-666c-47c7-8024-3ada55195a51"",""deployment"":""b74391c9-c7a3-4b79-8cbc-cdb2242a0c4b"",""replica"":""ee6f635d-6e8d-49c1-9a8a-391303e7d624""}",2026-04-02T00:06:06.079594705Z
[DB] Synced 1 accounts to database,info,"{""level"":""info""}","{""project"":""ce3616d9-58ad-4ec7-a294-1821e1564434"",""environment"":""fb6513d0-42a4-4660-82b5-509c54b15f2a"",""service"":""4978aa94-666c-47c7-8024-3ada55195a51"",""deployment"":""b74391c9-c7a3-4b79-8cbc-cdb2242a0c4b"",""replica"":""ee6f635d-6e8d-49c1-9a8a-391303e7d624""}",2026-04-02T00:06:13.187508225Z
2026-04-02 00:06:26 UTC - Services healthy,info,"{""level"":""info""}","{""project"":""ce3616d9-58ad-4ec7-a294-1821e1564434"",""environment"":""fb6513d0-42a4-4660-82b5-509c54b15f2a"",""service"":""4978aa94-666c-47c7-8024-3ada55195a51"",""deployment"":""b74391c9-c7a3-4b79-8cbc-cdb2242a0c4b"",""replica"":""ee6f635d-6e8d-49c1-9a8a-391303e7d624""}",2026-04-02T00:06:33.082196770Z
[DB] Synced 1 accounts to database,info,"{""level"":""info""}","{""project"":""ce3616d9-58ad-4ec7-a294-1821e1564434"",""environment"":""fb6513d0-42a4-4660-82b5-509c54b15f2a"",""service"":""4978aa94-666c-47c7-8024-3ada55195a51"",""deployment"":""b74391c9-c7a3-4b79-8cbc-cdb2242a0c4b"",""replica"":""ee6f635d-6e8d-49c1-9a8a-391303e7d624""}",2026-04-02T00:06:53.104030417Z
2026-04-02 00:06:56 UTC - Services healthy,info,"{""level"":""info""}","{""project"":""ce3616d9-58ad-4ec7-a294-1821e1564434"",""environment"":""fb6513d0-42a4-4660-82b5-509c54b15f2a"",""service"":""4978aa94-666c-47c7-8024-3ada55195a51"",""deployment"":""b74391c9-c7a3-4b79-8cbc-cdb2242a0c4b"",""replica"":""ee6f635d-6e8d-49c1-9a8a-391303e7d624""}",2026-04-02T00:06:56.231157793Z
[DB] Synced 1 accounts to database,info,"{""level"":""info""}","{""project"":""ce3616d9-58ad-4ec7-a294-1821e1564434"",""environment"":""fb6513d0-42a4-4660-82b5-509c54b15f2a"",""service"":""4978aa94-666c-47c7-8024-3ada55195a51"",""deployment"":""b74391c9-c7a3-4b79-8cbc-cdb2242a0c4b"",""replica"":""ee6f635d-6e8d-49c1-9a8a-391303e7d624""}",2026-04-02T00:07:16.229024218Z
2026-04-02 00:07:26 UTC - Services healthy,info,"{""level"":""info""}","{""project"":""ce3616d9-58ad-4ec7-a294-1821e1564434"",""environment"":""fb6513d0-42a4-4660-82b5-509c54b15f2a"",""service"":""4978aa94-666c-47c7-8024-3ada55195a51"",""deployment"":""b74391c9-c7a3-4b79-8cbc-cdb2242a0c4b"",""replica"":""ee6f635d-6e8d-49c1-9a8a-391303e7d624""}",2026-04-02T00:07:26.219639808Z
[DB] Synced 1 accounts to database,info,"{""level"":""info""}","{""project"":""ce3616d9-58ad-4ec7-a294-1821e1564434"",""environment"":""fb6513d0-42a4-4660-82b5-509c54b15f2a"",""service"":""4978aa94-666c-47c7-8024-3ada55195a51"",""deployment"":""b74391c9-c7a3-4b79-8cbc-cdb2242a0c4b"",""replica"":""ee6f635d-6e8d-49c1-9a8a-391303e7d624""}",2026-04-02T00:07:46.057089410Z
2026-04-02 00:07:56 UTC - Services healthy,info,"{""level"":""info""}","{""project"":""ce3616d9-58ad-4ec7-a294-1821e1564434"",""environment"":""fb6513d0-42a4-4660-82b5-509c54b15f2a"",""service"":""4978aa94-666c-47c7-8024-3ada55195a51"",""deployment"":""b74391c9-c7a3-4b79-8cbc-cdb2242a0c4b"",""replica"":""ee6f635d-6e8d-49c1-9a8a-391303e7d624""}",2026-04-02T00:08:05.928777427Z
[DB] Synced 1 accounts to database,info,"{""level"":""info""}","{""project"":""ce3616d9-58ad-4ec7-a294-1821e1564434"",""environment"":""fb6513d0-42a4-4660-82b5-509c54b15f2a"",""service"":""4978aa94-666c-47c7-8024-3ada55195a51"",""deployment"":""b74391c9-c7a3-4b79-8cbc-cdb2242a0c4b"",""replica"":""ee6f635d-6e8d-49c1-9a8a-391303e7d624""}",2026-04-02T00:08:13.291317658Z
2026-04-02 00:08:26 UTC - Services healthy,info,"{""level"":""info""}","{""project"":""ce3616d9-58ad-4ec7-a294-1821e1564434"",""environment"":""fb6513d0-42a4-4660-82b5-509c54b15f2a"",""service"":""4978aa94-666c-47c7-8024-3ada55195a51"",""deployment"":""b74391c9-c7a3-4b79-8cbc-cdb2242a0c4b"",""replica"":""ee6f635d-6e8d-49c1-9a8a-391303e7d624""}",2026-04-02T00:08:33.305258638Z
[DB] Synced 1 accounts to database,info,"{""level"":""info""}","{""project"":""ce3616d9-58ad-4ec7-a294-1821e1564434"",""environment"":""fb6513d0-42a4-4660-82b5-509c54b15f2a"",""service"":""4978aa94-666c-47c7-8024-3ada55195a51"",""deployment"":""b74391c9-c7a3-4b79-8cbc-cdb2242a0c4b"",""replica"":""ee6f635d-6e8d-49c1-9a8a-391303e7d624""}",2026-04-02T00:08:43.254085567Z
2026-04-02 00:08:56 UTC - Services healthy,info,"{""level"":""info""}","{""project"":""ce3616d9-58ad-4ec7-a294-1821e1564434"",""environment"":""fb6513d0-42a4-4660-82b5-509c54b15f2a"",""service"":""4978aa94-666c-47c7-8024-3ada55195a51"",""deployment"":""b74391c9-c7a3-4b79-8cbc-cdb2242a0c4b"",""replica"":""ee6f635d-6e8d-49c1-9a8a-391303e7d624""}",2026-04-02T00:09:03.061769659Z
[DB] Synced 1 accounts to database,info,"{""level"":""info""}","{""project"":""ce3616d9-58ad-4ec7-a294-1821e1564434"",""environment"":""fb6513d0-42a4-4660-82b5-509c54b15f2a"",""service"":""4978aa94-666c-47c7-8024-3ada55195a51"",""deployment"":""b74391c9-c7a3-4b79-8cbc-cdb2242a0c4b"",""replica"":""ee6f635d-6e8d-49c1-9a8a-391303e7d624""}",2026-04-02T00:09:22.840461426Z
2026-04-02 00:09:26 UTC - Services healthy,info,"{""level"":""info""}","{""project"":""ce3616d9-58ad-4ec7-a294-1821e1564434"",""environment"":""fb6513d0-42a4-4660-82b5-509c54b15f2a"",""service"":""4978aa94-666c-47c7-8024-3ada55195a51"",""deployment"":""b74391c9-c7a3-4b79-8cbc-cdb2242a0c4b"",""replica"":""ee6f635d-6e8d-49c1-9a8a-391303e7d624""}",2026-04-02T00:09:26.243276167Z
[DB] Synced 1 accounts to database,info,"{""level"":""info""}","{""project"":""ce3616d9-58ad-4ec7-a294-1821e1564434"",""environment"":""fb6513d0-42a4-4660-82b5-509c54b15f2a"",""service"":""4978aa94-666c-47c7-8024-3ada55195a51"",""deployment"":""b74391c9-c7a3-4b79-8cbc-cdb2242a0c4b"",""replica"":""ee6f635d-6e8d-49c1-9a8a-391303e7d624""}",2026-04-02T00:09:46.039485840Z
2026-04-02 00:09:56 UTC - Services healthy,info,"{""level"":""info""}","{""project"":""ce3616d9-58ad-4ec7-a294-1821e1564434"",""environment"":""fb6513d0-42a4-4660-82b5-509c54b15f2a"",""service"":""4978aa94-666c-47c7-8024-3ada55195a51"",""deployment"":""b74391c9-c7a3-4b79-8cbc-cdb2242a0c4b"",""replica"":""ee6f635d-6e8d-49c1-9a8a-391303e7d624""}",2026-04-02T00:10:06.063252382Z
[DB] Synced 1 accounts to database,info,"{""level"":""info""}","{""project"":""ce3616d9-58ad-4ec7-a294-1821e1564434"",""environment"":""fb6513d0-42a4-4660-82b5-509c54b15f2a"",""service"":""4978aa94-666c-47c7-8024-3ada55195a51"",""deployment"":""b74391c9-c7a3-4b79-8cbc-cdb2242a0c4b"",""replica"":""ee6f635d-6e8d-49c1-9a8a-391303e7d624""}",2026-04-02T00:10:13.267357840Z
2026-04-02 00:10:26 UTC - Services healthy,info,"{""level"":""info""}","{""project"":""ce3616d9-58ad-4ec7-a294-1821e1564434"",""environment"":""fb6513d0-42a4-4660-82b5-509c54b15f2a"",""service"":""4978aa94-666c-47c7-8024-3ada55195a51"",""deployment"":""b74391c9-c7a3-4b79-8cbc-cdb2242a0c4b"",""replica"":""ee6f635d-6e8d-49c1-9a8a-391303e7d624""}",2026-04-02T00:10:34.064205677Z
[DB] Synced 1 accounts to database,info,"{""level"":""info""}","{""project"":""ce3616d9-58ad-4ec7-a294-1821e1564434"",""environment"":""fb6513d0-42a4-4660-82b5-509c54b15f2a"",""service"":""4978aa94-666c-47c7-8024-3ada55195a51"",""deployment"":""b74391c9-c7a3-4b79-8cbc-cdb2242a0c4b"",""replica"":""ee6f635d-6e8d-49c1-9a8a-391303e7d624""}",2026-04-02T00:10:43.249936499Z
2026-04-02 00:10:56 UTC - Services healthy,info,"{""level"":""info""}","{""project"":""ce3616d9-58ad-4ec7-a294-1821e1564434"",""environment"":""fb6513d0-42a4-4660-82b5-509c54b15f2a"",""service"":""4978aa94-666c-47c7-8024-3ada55195a51"",""deployment"":""b74391c9-c7a3-4b79-8cbc-cdb2242a0c4b"",""replica"":""ee6f635d-6e8d-49c1-9a8a-391303e7d624""}",2026-04-02T00:11:03.232973812Z
[DB] Synced 1 accounts to database,info,"{""level"":""info""}","{""project"":""ce3616d9-58ad-4ec7-a294-1821e1564434"",""environment"":""fb6513d0-42a4-4660-82b5-509c54b15f2a"",""service"":""4978aa94-666c-47c7-8024-3ada55195a51"",""deployment"":""b74391c9-c7a3-4b79-8cbc-cdb2242a0c4b"",""replica"":""ee6f635d-6e8d-49c1-9a8a-391303e7d624""}",2026-04-02T00:11:23.360014615Z
2026-04-02 00:11:26 UTC - Services healthy,info,"{""level"":""info""}","{""project"":""ce3616d9-58ad-4ec7-a294-1821e1564434"",""environment"":""fb6513d0-42a4-4660-82b5-509c54b15f2a"",""service"":""4978aa94-666c-47c7-8024-3ada55195a51"",""deployment"":""b74391c9-c7a3-4b79-8cbc-cdb2242a0c4b"",""replica"":""ee6f635d-6e8d-49c1-9a8a-391303e7d624""}",2026-04-02T00:11:26.261209800Z
[DB] Synced 1 accounts to database,info,"{""level"":""info""}","{""project"":""ce3616d9-58ad-4ec7-a294-1821e1564434"",""environment"":""fb6513d0-42a4-4660-82b5-509c54b15f2a"",""service"":""4978aa94-666c-47c7-8024-3ada55195a51"",""deployment"":""b74391c9-c7a3-4b79-8cbc-cdb2242a0c4b"",""replica"":""ee6f635d-6e8d-49c1-9a8a-391303e7d624""}",2026-04-02T00:11:46.142088193Z
2026-04-02 00:11:56 UTC - Services healthy,info,"{""level"":""info""}","{""project"":""ce3616d9-58ad-4ec7-a294-1821e1564434"",""environment"":""fb6513d0-42a4-4660-82b5-509c54b15f2a"",""service"":""4978aa94-666c-47c7-8024-3ada55195a51"",""deployment"":""b74391c9-c7a3-4b79-8cbc-cdb2242a0c4b"",""replica"":""ee6f635d-6e8d-49c1-9a8a-391303e7d624""}",2026-04-02T00:12:06.066545843Z
[DB] Synced 1 accounts to database,info,"{""level"":""info""}","{""project"":""ce3616d9-58ad-4ec7-a294-1821e1564434"",""environment"":""fb6513d0-42a4-4660-82b5-509c54b15f2a"",""service"":""4978aa94-666c-47c7-8024-3ada55195a51"",""deployment"":""b74391c9-c7a3-4b79-8cbc-cdb2242a0c4b"",""replica"":""ee6f635d-6e8d-49c1-9a8a-391303e7d624""}",2026-04-02T00:12:13.300566539Z
2026-04-02 00:12:26 UTC - Services healthy,info,"{""level"":""info""}","{""project"":""ce3616d9-58ad-4ec7-a294-1821e1564434"",""environment"":""fb6513d0-42a4-4660-82b5-509c54b15f2a"",""service"":""4978aa94-666c-47c7-8024-3ada55195a51"",""deployment"":""b74391c9-c7a3-4b79-8cbc-cdb2242a0c4b"",""replica"":""ee6f635d-6e8d-49c1-9a8a-391303e7d624""}",2026-04-02T00:12:33.310544412Z
[DB] Synced 1 accounts to database,info,"{""level"":""info""}","{""project"":""ce3616d9-58ad-4ec7-a294-1821e1564434"",""environment"":""fb6513d0-42a4-4660-82b5-509c54b15f2a"",""service"":""4978aa94-666c-47c7-8024-3ada55195a51"",""deployment"":""b74391c9-c7a3-4b79-8cbc-cdb2242a0c4b"",""replica"":""ee6f635d-6e8d-49c1-9a8a-391303e7d624""}",2026-04-02T00:12:43.291305266Z
2026-04-02 00:12:56 UTC - Services healthy,info,"{""level"":""info""}","{""project"":""ce3616d9-58ad-4ec7-a294-1821e1564434"",""environment"":""fb6513d0-42a4-4660-82b5-509c54b15f2a"",""service"":""4978aa94-666c-47c7-8024-3ada55195a51"",""deployment"":""b74391c9-c7a3-4b79-8cbc-cdb2242a0c4b"",""replica"":""ee6f635d-6e8d-49c1-9a8a-391303e7d624""}",2026-04-02T00:13:03.350106827Z
[DB] Synced 1 accounts to database,info,"{""level"":""info""}","{""project"":""ce3616d9-58ad-4ec7-a294-1821e1564434"",""environment"":""fb6513d0-42a4-4660-82b5-509c54b15f2a"",""service"":""4978aa94-666c-47c7-8024-3ada55195a51"",""deployment"":""b74391c9-c7a3-4b79-8cbc-cdb2242a0c4b"",""replica"":""ee6f635d-6e8d-49c1-9a8a-391303e7d624""}",2026-04-02T00:13:13.264433242Z
2026-04-02 00:13:26 UTC - Services healthy,info,"{""level"":""info""}","{""project"":""ce3616d9-58ad-4ec7-a294-1821e1564434"",""environment"":""fb6513d0-42a4-4660-82b5-509c54b15f2a"",""service"":""4978aa94-666c-47c7-8024-3ada55195a51"",""deployment"":""b74391c9-c7a3-4b79-8cbc-cdb2242a0c4b"",""replica"":""ee6f635d-6e8d-49c1-9a8a-391303e7d624""}",2026-04-02T00:13:33.283469981Z
[DB] Synced 1 accounts to database,info,"{""level"":""info""}","{""project"":""ce3616d9-58ad-4ec7-a294-1821e1564434"",""environment"":""fb6513d0-42a4-4660-82b5-509c54b15f2a"",""service"":""4978aa94-666c-47c7-8024-3ada55195a51"",""deployment"":""b74391c9-c7a3-4b79-8cbc-cdb2242a0c4b"",""replica"":""ee6f635d-6e8d-49c1-9a8a-391303e7d624""}",2026-04-02T00:13:43.262769126Z
2026-04-02 00:13:56 UTC - Services healthy,info,"{""level"":""info""}","{""project"":""ce3616d9-58ad-4ec7-a294-1821e1564434"",""environment"":""fb6513d0-42a4-4660-82b5-509c54b15f2a"",""service"":""4978aa94-666c-47c7-8024-3ada55195a51"",""deployment"":""b74391c9-c7a3-4b79-8cbc-cdb2242a0c4b"",""replica"":""ee6f635d-6e8d-49c1-9a8a-391303e7d624""}",2026-04-02T00:14:03.160621489Z
[DB] Synced 1 accounts to database,info,"{""level"":""info""}","{""project"":""ce3616d9-58ad-4ec7-a294-1821e1564434"",""environment"":""fb6513d0-42a4-4660-82b5-509c54b15f2a"",""service"":""4978aa94-666c-47c7-8024-3ada55195a51"",""deployment"":""b74391c9-c7a3-4b79-8cbc-cdb2242a0c4b"",""replica"":""ee6f635d-6e8d-49c1-9a8a-391303e7d624""}",2026-04-02T00:14:23.120719458Z
2026-04-02 00:14:26 UTC - Services healthy,info,"{""level"":""info""}","{""project"":""ce3616d9-58ad-4ec7-a294-1821e1564434"",""environment"":""fb6513d0-42a4-4660-82b5-509c54b15f2a"",""service"":""4978aa94-666c-47c7-8024-3ada55195a51"",""deployment"":""b74391c9-c7a3-4b79-8cbc-cdb2242a0c4b"",""replica"":""ee6f635d-6e8d-49c1-9a8a-391303e7d624""}",2026-04-02T00:14:26.303892054Z
[DB] Synced 1 accounts to database,info,"{""level"":""info""}","{""project"":""ce3616d9-58ad-4ec7-a294-1821e1564434"",""environment"":""fb6513d0-42a4-4660-82b5-509c54b15f2a"",""service"":""4978aa94-666c-47c7-8024-3ada55195a51"",""deployment"":""b74391c9-c7a3-4b79-8cbc-cdb2242a0c4b"",""replica"":""ee6f635d-6e8d-49c1-9a8a-391303e7d624""}",2026-04-02T00:14:46.308501959Z
2026-04-02 00:14:56 UTC - Services healthy,info,"{""level"":""info""}","{""project"":""ce3616d9-58ad-4ec7-a294-1821e1564434"",""environment"":""fb6513d0-42a4-4660-82b5-509c54b15f2a"",""service"":""4978aa94-666c-47c7-8024-3ada55195a51"",""deployment"":""b74391c9-c7a3-4b79-8cbc-cdb2242a0c4b"",""replica"":""ee6f635d-6e8d-49c1-9a8a-391303e7d624""}",2026-04-02T00:15:06.288163789Z
[DB] Synced 1 accounts to database,info,"{""level"":""info""}","{""project"":""ce3616d9-58ad-4ec7-a294-1821e1564434"",""environment"":""fb6513d0-42a4-4660-82b5-509c54b15f2a"",""service"":""4978aa94-666c-47c7-8024-3ada55195a51"",""deployment"":""b74391c9-c7a3-4b79-8cbc-cdb2242a0c4b"",""replica"":""ee6f635d-6e8d-49c1-9a8a-391303e7d624""}",2026-04-02T00:15:13.263312892Z
2026-04-02 00:15:26 UTC - Services healthy,info,"{""level"":""info""}","{""project"":""ce3616d9-58ad-4ec7-a294-1821e1564434"",""environment"":""fb6513d0-42a4-4660-82b5-509c54b15f2a"",""service"":""4978aa94-666c-47c7-8024-3ada55195a51"",""deployment"":""b74391c9-c7a3-4b79-8cbc-cdb2242a0c4b"",""replica"":""ee6f635d-6e8d-49c1-9a8a-391303e7d624""}",2026-04-02T00:15:33.268241463Z
[DB] Synced 1 accounts to database,info,"{""level"":""info""}","{""project"":""ce3616d9-58ad-4ec7-a294-1821e1564434"",""environment"":""fb6513d0-42a4-4660-82b5-509c54b15f2a"",""service"":""4978aa94-666c-47c7-8024-3ada55195a51"",""deployment"":""b74391c9-c7a3-4b79-8cbc-cdb2242a0c4b"",""replica"":""ee6f635d-6e8d-49c1-9a8a-391303e7d624""}",2026-04-02T00:15:53.251366965Z
2026-04-02 00:15:56 UTC - Services healthy,info,"{""level"":""info""}","{""project"":""ce3616d9-58ad-4ec7-a294-1821e1564434"",""environment"":""fb6513d0-42a4-4660-82b5-509c54b15f2a"",""service"":""4978aa94-666c-47c7-8024-3ada55195a51"",""deployment"":""b74391c9-c7a3-4b79-8cbc-cdb2242a0c4b"",""replica"":""ee6f635d-6e8d-49c1-9a8a-391303e7d624""}",2026-04-02T00:15:56.366589570Z
[DB] Synced 1 accounts to database,info,"{""level"":""info""}","{""project"":""ce3616d9-58ad-4ec7-a294-1821e1564434"",""environment"":""fb6513d0-42a4-4660-82b5-509c54b15f2a"",""service"":""4978aa94-666c-47c7-8024-3ada55195a51"",""deployment"":""b74391c9-c7a3-4b79-8cbc-cdb2242a0c4b"",""replica"":""ee6f635d-6e8d-49c1-9a8a-391303e7d624""}",2026-04-02T00:16:16.397529947Z
2026-04-02 00:16:26 UTC - Services healthy,info,"{""level"":""info""}","{""project"":""ce3616d9-58ad-4ec7-a294-1821e1564434"",""environment"":""fb6513d0-42a4-4660-82b5-509c54b15f2a"",""service"":""4978aa94-666c-47c7-8024-3ada55195a51"",""deployment"":""b74391c9-c7a3-4b79-8cbc-cdb2242a0c4b"",""replica"":""ee6f635d-6e8d-49c1-9a8a-391303e7d624""}",2026-04-02T00:16:26.305970992Z
[DB] Synced 1 accounts to database,info,"{""level"":""info""}","{""project"":""ce3616d9-58ad-4ec7-a294-1821e1564434"",""environment"":""fb6513d0-42a4-4660-82b5-509c54b15f2a"",""service"":""4978aa94-666c-47c7-8024-3ada55195a51"",""deployment"":""b74391c9-c7a3-4b79-8cbc-cdb2242a0c4b"",""replica"":""ee6f635d-6e8d-49c1-9a8a-391303e7d624""}",2026-04-02T00:16:46.319744887Z
2026-04-02 00:16:56 UTC - Services healthy,info,"{""level"":""info""}","{""project"":""ce3616d9-58ad-4ec7-a294-1821e1564434"",""environment"":""fb6513d0-42a4-4660-82b5-509c54b15f2a"",""service"":""4978aa94-666c-47c7-8024-3ada55195a51"",""deployment"":""b74391c9-c7a3-4b79-8cbc-cdb2242a0c4b"",""replica"":""ee6f635d-6e8d-49c1-9a8a-391303e7d624""}",2026-04-02T00:17:06.311439012Z
[DB] Synced 1 accounts to database,info,"{""level"":""info""}","{""project"":""ce3616d9-58ad-4ec7-a294-1821e1564434"",""environment"":""fb6513d0-42a4-4660-82b5-509c54b15f2a"",""service"":""4978aa94-666c-47c7-8024-3ada55195a51"",""deployment"":""b74391c9-c7a3-4b79-8cbc-cdb2242a0c4b"",""replica"":""ee6f635d-6e8d-49c1-9a8a-391303e7d624""}",2026-04-02T00:17:13.317050883Z
2026-04-02 00:17:26 UTC - Services healthy,info,"{""level"":""info""}","{""project"":""ce3616d9-58ad-4ec7-a294-1821e1564434"",""environment"":""fb6513d0-42a4-4660-82b5-509c54b15f2a"",""service"":""4978aa94-666c-47c7-8024-3ada55195a51"",""deployment"":""b74391c9-c7a3-4b79-8cbc-cdb2242a0c4b"",""replica"":""ee6f635d-6e8d-49c1-9a8a-391303e7d624""}",2026-04-02T00:17:33.357709895Z
[DB] Synced 1 accounts to database,info,"{""level"":""info""}","{""project"":""ce3616d9-58ad-4ec7-a294-1821e1564434"",""environment"":""fb6513d0-42a4-4660-82b5-509c54b15f2a"",""service"":""4978aa94-666c-47c7-8024-3ada55195a51"",""deployment"":""b74391c9-c7a3-4b79-8cbc-cdb2242a0c4b"",""replica"":""ee6f635d-6e8d-49c1-9a8a-391303e7d624""}",2026-04-02T00:17:43.323271652Z
2026-04-02 00:17:56 UTC - Services healthy,info,"{""level"":""info""}","{""project"":""ce3616d9-58ad-4ec7-a294-1821e1564434"",""environment"":""fb6513d0-42a4-4660-82b5-509c54b15f2a"",""service"":""4978aa94-666c-47c7-8024-3ada55195a51"",""deployment"":""b74391c9-c7a3-4b79-8cbc-cdb2242a0c4b"",""replica"":""ee6f635d-6e8d-49c1-9a8a-391303e7d624""}",2026-04-02T00:18:03.202883338Z
[DB] Synced 1 accounts to database,info,"{""level"":""info""}","{""project"":""ce3616d9-58ad-4ec7-a294-1821e1564434"",""environment"":""fb6513d0-42a4-4660-82b5-509c54b15f2a"",""service"":""4978aa94-666c-47c7-8024-3ada55195a51"",""deployment"":""b74391c9-c7a3-4b79-8cbc-cdb2242a0c4b"",""replica"":""ee6f635d-6e8d-49c1-9a8a-391303e7d624""}",2026-04-02T00:18:23.323847381Z
2026-04-02 00:18:26 UTC - Services healthy,info,"{""level"":""info""}","{""project"":""ce3616d9-58ad-4ec7-a294-1821e1564434"",""environment"":""fb6513d0-42a4-4660-82b5-509c54b15f2a"",""service"":""4978aa94-666c-47c7-8024-3ada55195a51"",""deployment"":""b74391c9-c7a3-4b79-8cbc-cdb2242a0c4b"",""replica"":""ee6f635d-6e8d-49c1-9a8a-391303e7d624""}",2026-04-02T00:18:26.331691843Z
[DB] Synced 1 accounts to database,info,"{""level"":""info""}","{""project"":""ce3616d9-58ad-4ec7-a294-1821e1564434"",""environment"":""fb6513d0-42a4-4660-82b5-509c54b15f2a"",""service"":""4978aa94-666c-47c7-8024-3ada55195a51"",""deployment"":""b74391c9-c7a3-4b79-8cbc-cdb2242a0c4b"",""replica"":""ee6f635d-6e8d-49c1-9a8a-391303e7d624""}",2026-04-02T00:18:46.294780972Z
2026-04-02 00:18:56 UTC - Services healthy,info,"{""level"":""info""}","{""project"":""ce3616d9-58ad-4ec7-a294-1821e1564434"",""environment"":""fb6513d0-42a4-4660-82b5-509c54b15f2a"",""service"":""4978aa94-666c-47c7-8024-3ada55195a51"",""deployment"":""b74391c9-c7a3-4b79-8cbc-cdb2242a0c4b"",""replica"":""ee6f635d-6e8d-49c1-9a8a-391303e7d624""}",2026-04-02T00:19:06.370686981Z
[DB] Synced 1 accounts to database,info,"{""level"":""info""}","{""project"":""ce3616d9-58ad-4ec7-a294-1821e1564434"",""environment"":""fb6513d0-42a4-4660-82b5-509c54b15f2a"",""service"":""4978aa94-666c-47c7-8024-3ada55195a51"",""deployment"":""b74391c9-c7a3-4b79-8cbc-cdb2242a0c4b"",""replica"":""ee6f635d-6e8d-49c1-9a8a-391303e7d624""}",2026-04-02T00:19:13.408735958Z
2026-04-02 00:19:26 UTC - Services healthy,info,"{""level"":""info""}","{""project"":""ce3616d9-58ad-4ec7-a294-1821e1564434"",""environment"":""fb6513d0-42a4-4660-82b5-509c54b15f2a"",""service"":""4978aa94-666c-47c7-8024-3ada55195a51"",""deployment"":""b74391c9-c7a3-4b79-8cbc-cdb2242a0c4b"",""replica"":""ee6f635d-6e8d-49c1-9a8a-391303e7d624""}",2026-04-02T00:19:33.417889036Z
[DB] Synced 1 accounts to database,info,"{""level"":""info""}","{""project"":""ce3616d9-58ad-4ec7-a294-1821e1564434"",""environment"":""fb6513d0-42a4-4660-82b5-509c54b15f2a"",""service"":""4978aa94-666c-47c7-8024-3ada55195a51"",""deployment"":""b74391c9-c7a3-4b79-8cbc-cdb2242a0c4b"",""replica"":""ee6f635d-6e8d-49c1-9a8a-391303e7d624""}",2026-04-02T00:19:43.329476609Z
2026-04-02 00:19:56 UTC - Services healthy,info,"{""level"":""info""}","{""project"":""ce3616d9-58ad-4ec7-a294-1821e1564434"",""environment"":""fb6513d0-42a4-4660-82b5-509c54b15f2a"",""service"":""4978aa94-666c-47c7-8024-3ada55195a51"",""deployment"":""b74391c9-c7a3-4b79-8cbc-cdb2242a0c4b"",""replica"":""ee6f635d-6e8d-49c1-9a8a-391303e7d624""}",2026-04-02T00:20:03.449259363Z
[DB] Synced 1 accounts to database,info,"{""level"":""info""}","{""project"":""ce3616d9-58ad-4ec7-a294-1821e1564434"",""environment"":""fb6513d0-42a4-4660-82b5-509c54b15f2a"",""service"":""4978aa94-666c-47c7-8024-3ada55195a51"",""deployment"":""b74391c9-c7a3-4b79-8cbc-cdb2242a0c4b"",""replica"":""ee6f635d-6e8d-49c1-9a8a-391303e7d624""}",2026-04-02T00:20:13.312693207Z
2026-04-02 00:20:26 UTC - Services healthy,info,"{""level"":""info""}","{""project"":""ce3616d9-58ad-4ec7-a294-1821e1564434"",""environment"":""fb6513d0-42a4-4660-82b5-509c54b15f2a"",""service"":""4978aa94-666c-47c7-8024-3ada55195a51"",""deployment"":""b74391c9-c7a3-4b79-8cbc-cdb2242a0c4b"",""replica"":""ee6f635d-6e8d-49c1-9a8a-391303e7d624""}",2026-04-02T00:20:33.318218076Z
[DB] Synced 1 accounts to database,info,"{""level"":""info""}","{""project"":""ce3616d9-58ad-4ec7-a294-1821e1564434"",""environment"":""fb6513d0-42a4-4660-82b5-509c54b15f2a"",""service"":""4978aa94-666c-47c7-8024-3ada55195a51"",""deployment"":""b74391c9-c7a3-4b79-8cbc-cdb2242a0c4b"",""replica"":""ee6f635d-6e8d-49c1-9a8a-391303e7d624""}",2026-04-02T00:20:53.279289109Z
2026-04-02 00:20:56 UTC - Services healthy,info,"{""level"":""info""}","{""project"":""ce3616d9-58ad-4ec7-a294-1821e1564434"",""environment"":""fb6513d0-42a4-4660-82b5-509c54b15f2a"",""service"":""4978aa94-666c-47c7-8024-3ada55195a51"",""deployment"":""b74391c9-c7a3-4b79-8cbc-cdb2242a0c4b"",""replica"":""ee6f635d-6e8d-49c1-9a8a-391303e7d624""}",2026-04-02T00:20:56.367825708Z
[DB] Synced 1 accounts to database,info,"{""level"":""info""}","{""project"":""ce3616d9-58ad-4ec7-a294-1821e1564434"",""environment"":""fb6513d0-42a4-4660-82b5-509c54b15f2a"",""service"":""4978aa94-666c-47c7-8024-3ada55195a51"",""deployment"":""b74391c9-c7a3-4b79-8cbc-cdb2242a0c4b"",""replica"":""ee6f635d-6e8d-49c1-9a8a-391303e7d624""}",2026-04-02T00:21:16.326907766Z
2026-04-02 00:21:26 UTC - Services healthy,info,"{""level"":""info""}","{""project"":""ce3616d9-58ad-4ec7-a294-1821e1564434"",""environment"":""fb6513d0-42a4-4660-82b5-509c54b15f2a"",""service"":""4978aa94-666c-47c7-8024-3ada55195a51"",""deployment"":""b74391c9-c7a3-4b79-8cbc-cdb2242a0c4b"",""replica"":""ee6f635d-6e8d-49c1-9a8a-391303e7d624""}",2026-04-02T00:21:36.338010776Z
[DB] Synced 1 accounts to database,info,"{""level"":""info""}","{""project"":""ce3616d9-58ad-4ec7-a294-1821e1564434"",""environment"":""fb6513d0-42a4-4660-82b5-509c54b15f2a"",""service"":""4978aa94-666c-47c7-8024-3ada55195a51"",""deployment"":""b74391c9-c7a3-4b79-8cbc-cdb2242a0c4b"",""replica"":""ee6f635d-6e8d-49c1-9a8a-391303e7d624""}",2026-04-02T00:21:43.531441402Z
2026-04-02 00:21:56 UTC - Services healthy,info,"{""level"":""info""}","{""project"":""ce3616d9-58ad-4ec7-a294-1821e1564434"",""environment"":""fb6513d0-42a4-4660-82b5-509c54b15f2a"",""service"":""4978aa94-666c-47c7-8024-3ada55195a51"",""deployment"":""b74391c9-c7a3-4b79-8cbc-cdb2242a0c4b"",""replica"":""ee6f635d-6e8d-49c1-9a8a-391303e7d624""}",2026-04-02T00:22:03.583569894Z
[DB] Synced 1 accounts to database,info,"{""level"":""info""}","{""project"":""ce3616d9-58ad-4ec7-a294-1821e1564434"",""environment"":""fb6513d0-42a4-4660-82b5-509c54b15f2a"",""service"":""4978aa94-666c-47c7-8024-3ada55195a51"",""deployment"":""b74391c9-c7a3-4b79-8cbc-cdb2242a0c4b"",""replica"":""ee6f635d-6e8d-49c1-9a8a-391303e7d624""}",2026-04-02T00:22:13.352806959Z
2026-04-02 00:22:26 UTC - Services healthy,info,"{""level"":""info""}","{""project"":""ce3616d9-58ad-4ec7-a294-1821e1564434"",""environment"":""fb6513d0-42a4-4660-82b5-509c54b15f2a"",""service"":""4978aa94-666c-47c7-8024-3ada55195a51"",""deployment"":""b74391c9-c7a3-4b79-8cbc-cdb2242a0c4b"",""replica"":""ee6f635d-6e8d-49c1-9a8a-391303e7d624""}",2026-04-02T00:22:33.349770982Z
[DB] Synced 1 accounts to database,info,"{""level"":""info""}","{""project"":""ce3616d9-58ad-4ec7-a294-1821e1564434"",""environment"":""fb6513d0-42a4-4660-82b5-509c54b15f2a"",""service"":""4978aa94-666c-47c7-8024-3ada55195a51"",""deployment"":""b74391c9-c7a3-4b79-8cbc-cdb2242a0c4b"",""replica"":""ee6f635d-6e8d-49c1-9a8a-391303e7d624""}",2026-04-02T00:22:53.337219744Z
2026-04-02 00:22:56 UTC - Services healthy,info,"{""level"":""info""}","{""project"":""ce3616d9-58ad-4ec7-a294-1821e1564434"",""environment"":""fb6513d0-42a4-4660-82b5-509c54b15f2a"",""service"":""4978aa94-666c-47c7-8024-3ada55195a51"",""deployment"":""b74391c9-c7a3-4b79-8cbc-cdb2242a0c4b"",""replica"":""ee6f635d-6e8d-49c1-9a8a-391303e7d624""}",2026-04-02T00:22:56.416242592Z
[DB] Synced 1 accounts to database,info,"{""level"":""info""}","{""project"":""ce3616d9-58ad-4ec7-a294-1821e1564434"",""environment"":""fb6513d0-42a4-4660-82b5-509c54b15f2a"",""service"":""4978aa94-666c-47c7-8024-3ada55195a51"",""deployment"":""b74391c9-c7a3-4b79-8cbc-cdb2242a0c4b"",""replica"":""ee6f635d-6e8d-49c1-9a8a-391303e7d624""}",2026-04-02T00:23:16.616043783Z
2026-04-02 00:23:26 UTC - Services healthy,info,"{""level"":""info""}","{""project"":""ce3616d9-58ad-4ec7-a294-1821e1564434"",""environment"":""fb6513d0-42a4-4660-82b5-509c54b15f2a"",""service"":""4978aa94-666c-47c7-8024-3ada55195a51"",""deployment"":""b74391c9-c7a3-4b79-8cbc-cdb2242a0c4b"",""replica"":""ee6f635d-6e8d-49c1-9a8a-391303e7d624""}",2026-04-02T00:23:36.214667313Z
[DB] Synced 1 accounts to database,info,"{""level"":""info""}","{""project"":""ce3616d9-58ad-4ec7-a294-1821e1564434"",""environment"":""fb6513d0-42a4-4660-82b5-509c54b15f2a"",""service"":""4978aa94-666c-47c7-8024-3ada55195a51"",""deployment"":""b74391c9-c7a3-4b79-8cbc-cdb2242a0c4b"",""replica"":""ee6f635d-6e8d-49c1-9a8a-391303e7d624""}",2026-04-02T00:23:43.561757112Z
2026-04-02 00:23:56 UTC - Services healthy,info,"{""level"":""info""}","{""project"":""ce3616d9-58ad-4ec7-a294-1821e1564434"",""environment"":""fb6513d0-42a4-4660-82b5-509c54b15f2a"",""service"":""4978aa94-666c-47c7-8024-3ada55195a51"",""deployment"":""b74391c9-c7a3-4b79-8cbc-cdb2242a0c4b"",""replica"":""ee6f635d-6e8d-49c1-9a8a-391303e7d624""}",2026-04-02T00:24:03.563675114Z
[DB] Synced 1 accounts to database,info,"{""level"":""info""}","{""project"":""ce3616d9-58ad-4ec7-a294-1821e1564434"",""environment"":""fb6513d0-42a4-4660-82b5-509c54b15f2a"",""service"":""4978aa94-666c-47c7-8024-3ada55195a51"",""deployment"":""b74391c9-c7a3-4b79-8cbc-cdb2242a0c4b"",""replica"":""ee6f635d-6e8d-49c1-9a8a-391303e7d624""}",2026-04-02T00:24:13.391134943Z
2026-04-02 00:24:26 UTC - Services healthy,info,"{""level"":""info""}","{""project"":""ce3616d9-58ad-4ec7-a294-1821e1564434"",""environment"":""fb6513d0-42a4-4660-82b5-509c54b15f2a"",""service"":""4978aa94-666c-47c7-8024-3ada55195a51"",""deployment"":""b74391c9-c7a3-4b79-8cbc-cdb2242a0c4b"",""replica"":""ee6f635d-6e8d-49c1-9a8a-391303e7d624""}",2026-04-02T00:24:33.572891565Z
[DB] Synced 1 accounts to database,info,"{""level"":""info""}","{""project"":""ce3616d9-58ad-4ec7-a294-1821e1564434"",""environment"":""fb6513d0-42a4-4660-82b5-509c54b15f2a"",""service"":""4978aa94-666c-47c7-8024-3ada55195a51"",""deployment"":""b74391c9-c7a3-4b79-8cbc-cdb2242a0c4b"",""replica"":""ee6f635d-6e8d-49c1-9a8a-391303e7d624""}",2026-04-02T00:24:43.399321728Z
2026-04-02 00:24:56 UTC - Services healthy,info,"{""level"":""info""}","{""project"":""ce3616d9-58ad-4ec7-a294-1821e1564434"",""environment"":""fb6513d0-42a4-4660-82b5-509c54b15f2a"",""service"":""4978aa94-666c-47c7-8024-3ada55195a51"",""deployment"":""b74391c9-c7a3-4b79-8cbc-cdb2242a0c4b"",""replica"":""ee6f635d-6e8d-49c1-9a8a-391303e7d624""}",2026-04-02T00:25:03.449804970Z
[DB] Synced 1 accounts to database,info,"{""level"":""info""}","{""project"":""ce3616d9-58ad-4ec7-a294-1821e1564434"",""environment"":""fb6513d0-42a4-4660-82b5-509c54b15f2a"",""service"":""4978aa94-666c-47c7-8024-3ada55195a51"",""deployment"":""b74391c9-c7a3-4b79-8cbc-cdb2242a0c4b"",""replica"":""ee6f635d-6e8d-49c1-9a8a-391303e7d624""}",2026-04-02T00:25:13.407061804Z
2026-04-02 00:25:26 UTC - Services healthy,info,"{""level"":""info""}","{""project"":""ce3616d9-58ad-4ec7-a294-1821e1564434"",""environment"":""fb6513d0-42a4-4660-82b5-509c54b15f2a"",""service"":""4978aa94-666c-47c7-8024-3ada55195a51"",""deployment"":""b74391c9-c7a3-4b79-8cbc-cdb2242a0c4b"",""replica"":""ee6f635d-6e8d-49c1-9a8a-391303e7d624""}",2026-04-02T00:25:33.318782239Z
[DB] Synced 1 accounts to database,info,"{""level"":""info""}","{""project"":""ce3616d9-58ad-4ec7-a294-1821e1564434"",""environment"":""fb6513d0-42a4-4660-82b5-509c54b15f2a"",""service"":""4978aa94-666c-47c7-8024-3ada55195a51"",""deployment"":""b74391c9-c7a3-4b79-8cbc-cdb2242a0c4b"",""replica"":""ee6f635d-6e8d-49c1-9a8a-391303e7d624""}",2026-04-02T00:25:53.265624756Z
2026-04-02 00:25:56 UTC - Services healthy,info,"{""level"":""info""}","{""project"":""ce3616d9-58ad-4ec7-a294-1821e1564434"",""environment"":""fb6513d0-42a4-4660-82b5-509c54b15f2a"",""service"":""4978aa94-666c-47c7-8024-3ada55195a51"",""deployment"":""b74391c9-c7a3-4b79-8cbc-cdb2242a0c4b"",""replica"":""ee6f635d-6e8d-49c1-9a8a-391303e7d624""}",2026-04-02T00:25:56.417694197Z
[DB] Synced 1 accounts to database,info,"{""level"":""info""}","{""project"":""ce3616d9-58ad-4ec7-a294-1821e1564434"",""environment"":""fb6513d0-42a4-4660-82b5-509c54b15f2a"",""service"":""4978aa94-666c-47c7-8024-3ada55195a51"",""deployment"":""b74391c9-c7a3-4b79-8cbc-cdb2242a0c4b"",""replica"":""ee6f635d-6e8d-49c1-9a8a-391303e7d624""}",2026-04-02T00:26:16.403181464Z
2026-04-02 00:26:26 UTC - Services healthy,info,"{""level"":""info""}","{""project"":""ce3616d9-58ad-4ec7-a294-1821e1564434"",""environment"":""fb6513d0-42a4-4660-82b5-509c54b15f2a"",""service"":""4978aa94-666c-47c7-8024-3ada55195a51"",""deployment"":""b74391c9-c7a3-4b79-8cbc-cdb2242a0c4b"",""replica"":""ee6f635d-6e8d-49c1-9a8a-391303e7d624""}",2026-04-02T00:26:36.516155157Z
[DB] Synced 1 accounts to database,info,"{""level"":""info""}","{""project"":""ce3616d9-58ad-4ec7-a294-1821e1564434"",""environment"":""fb6513d0-42a4-4660-82b5-509c54b15f2a"",""service"":""4978aa94-666c-47c7-8024-3ada55195a51"",""deployment"":""b74391c9-c7a3-4b79-8cbc-cdb2242a0c4b"",""replica"":""ee6f635d-6e8d-49c1-9a8a-391303e7d624""}",2026-04-02T00:26:43.527820799Z
2026-04-02 00:26:56 UTC - Services healthy,info,"{""level"":""info""}","{""project"":""ce3616d9-58ad-4ec7-a294-1821e1564434"",""environment"":""fb6513d0-42a4-4660-82b5-509c54b15f2a"",""service"":""4978aa94-666c-47c7-8024-3ada55195a51"",""deployment"":""b74391c9-c7a3-4b79-8cbc-cdb2242a0c4b"",""replica"":""ee6f635d-6e8d-49c1-9a8a-391303e7d624""}",2026-04-02T00:27:03.524265691Z
[DB] Synced 1 accounts to database,info,"{""level"":""info""}","{""project"":""ce3616d9-58ad-4ec7-a294-1821e1564434"",""environment"":""fb6513d0-42a4-4660-82b5-509c54b15f2a"",""service"":""4978aa94-666c-47c7-8024-3ada55195a51"",""deployment"":""b74391c9-c7a3-4b79-8cbc-cdb2242a0c4b"",""replica"":""ee6f635d-6e8d-49c1-9a8a-391303e7d624""}",2026-04-02T00:27:13.428350619Z
2026-04-02 00:27:26 UTC - Services healthy,info,"{""level"":""info""}","{""project"":""ce3616d9-58ad-4ec7-a294-1821e1564434"",""environment"":""fb6513d0-42a4-4660-82b5-509c54b15f2a"",""service"":""4978aa94-666c-47c7-8024-3ada55195a51"",""deployment"":""b74391c9-c7a3-4b79-8cbc-cdb2242a0c4b"",""replica"":""ee6f635d-6e8d-49c1-9a8a-391303e7d624""}",2026-04-02T00:27:33.317533253Z
[DB] Synced 1 accounts to database,info,"{""level"":""info""}","{""project"":""ce3616d9-58ad-4ec7-a294-1821e1564434"",""environment"":""fb6513d0-42a4-4660-82b5-509c54b15f2a"",""service"":""4978aa94-666c-47c7-8024-3ada55195a51"",""deployment"":""b74391c9-c7a3-4b79-8cbc-cdb2242a0c4b"",""replica"":""ee6f635d-6e8d-49c1-9a8a-391303e7d624""}",2026-04-02T00:27:53.304197317Z
2026-04-02 00:27:56 UTC - Services healthy,info,"{""level"":""info""}","{""project"":""ce3616d9-58ad-4ec7-a294-1821e1564434"",""environment"":""fb6513d0-42a4-4660-82b5-509c54b15f2a"",""service"":""4978aa94-666c-47c7-8024-3ada55195a51"",""deployment"":""b74391c9-c7a3-4b79-8cbc-cdb2242a0c4b"",""replica"":""ee6f635d-6e8d-49c1-9a8a-391303e7d624""}",2026-04-02T00:27:56.512525776Z
[DB] Synced 1 accounts to database,info,"{""level"":""info""}","{""project"":""ce3616d9-58ad-4ec7-a294-1821e1564434"",""environment"":""fb6513d0-42a4-4660-82b5-509c54b15f2a"",""service"":""4978aa94-666c-47c7-8024-3ada55195a51"",""deployment"":""b74391c9-c7a3-4b79-8cbc-cdb2242a0c4b"",""replica"":""ee6f635d-6e8d-49c1-9a8a-391303e7d624""}",2026-04-02T00:28:16.512138198Z
2026-04-02 00:28:26 UTC - Services healthy,info,"{""level"":""info""}","{""project"":""ce3616d9-58ad-4ec7-a294-1821e1564434"",""environment"":""fb6513d0-42a4-4660-82b5-509c54b15f2a"",""service"":""4978aa94-666c-47c7-8024-3ada55195a51"",""deployment"":""b74391c9-c7a3-4b79-8cbc-cdb2242a0c4b"",""replica"":""ee6f635d-6e8d-49c1-9a8a-391303e7d624""}",2026-04-02T00:28:26.444123490Z
[DB] Synced 1 accounts to database,info,"{""level"":""info""}","{""project"":""ce3616d9-58ad-4ec7-a294-1821e1564434"",""environment"":""fb6513d0-42a4-4660-82b5-509c54b15f2a"",""service"":""4978aa94-666c-47c7-8024-3ada55195a51"",""deployment"":""b74391c9-c7a3-4b79-8cbc-cdb2242a0c4b"",""replica"":""ee6f635d-6e8d-49c1-9a8a-391303e7d624""}",2026-04-02T00:28:46.324190280Z
2026-04-02 00:28:56 UTC - Services healthy,info,"{""level"":""info""}","{""project"":""ce3616d9-58ad-4ec7-a294-1821e1564434"",""environment"":""fb6513d0-42a4-4660-82b5-509c54b15f2a"",""service"":""4978aa94-666c-47c7-8024-3ada55195a51"",""deployment"":""b74391c9-c7a3-4b79-8cbc-cdb2242a0c4b"",""replica"":""ee6f635d-6e8d-49c1-9a8a-391303e7d624""}",2026-04-02T00:29:06.292557804Z
[DB] Synced 1 accounts to database,info,"{""level"":""info""}","{""project"":""ce3616d9-58ad-4ec7-a294-1821e1564434"",""environment"":""fb6513d0-42a4-4660-82b5-509c54b15f2a"",""service"":""4978aa94-666c-47c7-8024-3ada55195a51"",""deployment"":""b74391c9-c7a3-4b79-8cbc-cdb2242a0c4b"",""replica"":""ee6f635d-6e8d-49c1-9a8a-391303e7d624""}",2026-04-02T00:29:13.433271094Z
2026-04-02 00:29:26 UTC - Services healthy,info,"{""level"":""info""}","{""project"":""ce3616d9-58ad-4ec7-a294-1821e1564434"",""environment"":""fb6513d0-42a4-4660-82b5-509c54b15f2a"",""service"":""4978aa94-666c-47c7-8024-3ada55195a51"",""deployment"":""b74391c9-c7a3-4b79-8cbc-cdb2242a0c4b"",""replica"":""ee6f635d-6e8d-49c1-9a8a-391303e7d624""}",2026-04-02T00:29:33.442002431Z
[DB] Synced 1 accounts to database,info,"{""level"":""info""}","{""project"":""ce3616d9-58ad-4ec7-a294-1821e1564434"",""environment"":""fb6513d0-42a4-4660-82b5-509c54b15f2a"",""service"":""4978aa94-666c-47c7-8024-3ada55195a51"",""deployment"":""b74391c9-c7a3-4b79-8cbc-cdb2242a0c4b"",""replica"":""ee6f635d-6e8d-49c1-9a8a-391303e7d624""}",2026-04-02T00:29:53.432473030Z
2026-04-02 00:29:56 UTC - Services healthy,info,"{""level"":""info""}","{""project"":""ce3616d9-58ad-4ec7-a294-1821e1564434"",""environment"":""fb6513d0-42a4-4660-82b5-509c54b15f2a"",""service"":""4978aa94-666c-47c7-8024-3ada55195a51"",""deployment"":""b74391c9-c7a3-4b79-8cbc-cdb2242a0c4b"",""replica"":""ee6f635d-6e8d-49c1-9a8a-391303e7d624""}",2026-04-02T00:29:56.537247913Z
[DB] Synced 1 accounts to database,info,"{""level"":""info""}","{""project"":""ce3616d9-58ad-4ec7-a294-1821e1564434"",""environment"":""fb6513d0-42a4-4660-82b5-509c54b15f2a"",""service"":""4978aa94-666c-47c7-8024-3ada55195a51"",""deployment"":""b74391c9-c7a3-4b79-8cbc-cdb2242a0c4b"",""replica"":""ee6f635d-6e8d-49c1-9a8a-391303e7d624""}",2026-04-02T00:30:16.568680871Z
2026-04-02 00:30:26 UTC - Services healthy,info,"{""level"":""info""}","{""project"":""ce3616d9-58ad-4ec7-a294-1821e1564434"",""environment"":""fb6513d0-42a4-4660-82b5-509c54b15f2a"",""service"":""4978aa94-666c-47c7-8024-3ada55195a51"",""deployment"":""b74391c9-c7a3-4b79-8cbc-cdb2242a0c4b"",""replica"":""ee6f635d-6e8d-49c1-9a8a-391303e7d624""}",2026-04-02T00:30:36.471655042Z
[DB] Synced 1 accounts to database,info,"{""level"":""info""}","{""project"":""ce3616d9-58ad-4ec7-a294-1821e1564434"",""environment"":""fb6513d0-42a4-4660-82b5-509c54b15f2a"",""service"":""4978aa94-666c-47c7-8024-3ada55195a51"",""deployment"":""b74391c9-c7a3-4b79-8cbc-cdb2242a0c4b"",""replica"":""ee6f635d-6e8d-49c1-9a8a-391303e7d624""}",2026-04-02T00:30:43.436771902Z
2026-04-02 00:30:56 UTC - Services healthy,info,"{""level"":""info""}","{""project"":""ce3616d9-58ad-4ec7-a294-1821e1564434"",""environment"":""fb6513d0-42a4-4660-82b5-509c54b15f2a"",""service"":""4978aa94-666c-47c7-8024-3ada55195a51"",""deployment"":""b74391c9-c7a3-4b79-8cbc-cdb2242a0c4b"",""replica"":""ee6f635d-6e8d-49c1-9a8a-391303e7d624""}",2026-04-02T00:31:03.430135928Z
[DB] Synced 1 accounts to database,info,"{""level"":""info""}","{""project"":""ce3616d9-58ad-4ec7-a294-1821e1564434"",""environment"":""fb6513d0-42a4-4660-82b5-509c54b15f2a"",""service"":""4978aa94-666c-47c7-8024-3ada55195a51"",""deployment"":""b74391c9-c7a3-4b79-8cbc-cdb2242a0c4b"",""replica"":""ee6f635d-6e8d-49c1-9a8a-391303e7d624""}",2026-04-02T00:31:23.401724044Z
2026-04-02 00:31:26 UTC - Services healthy,info,"{""level"":""info""}","{""project"":""ce3616d9-58ad-4ec7-a294-1821e1564434"",""environment"":""fb6513d0-42a4-4660-82b5-509c54b15f2a"",""service"":""4978aa94-666c-47c7-8024-3ada55195a51"",""deployment"":""b74391c9-c7a3-4b79-8cbc-cdb2242a0c4b"",""replica"":""ee6f635d-6e8d-49c1-9a8a-391303e7d624""}",2026-04-02T00:31:26.458844714Z
[DB] Synced 1 accounts to database,info,"{""level"":""info""}","{""project"":""ce3616d9-58ad-4ec7-a294-1821e1564434"",""environment"":""fb6513d0-42a4-4660-82b5-509c54b15f2a"",""service"":""4978aa94-666c-47c7-8024-3ada55195a51"",""deployment"":""b74391c9-c7a3-4b79-8cbc-cdb2242a0c4b"",""replica"":""ee6f635d-6e8d-49c1-9a8a-391303e7d624""}",2026-04-02T00:31:46.509398660Z
2026-04-02 00:31:56 UTC - Services healthy,info,"{""level"":""info""}","{""project"":""ce3616d9-58ad-4ec7-a294-1821e1564434"",""environment"":""fb6513d0-42a4-4660-82b5-509c54b15f2a"",""service"":""4978aa94-666c-47c7-8024-3ada55195a51"",""deployment"":""b74391c9-c7a3-4b79-8cbc-cdb2242a0c4b"",""replica"":""ee6f635d-6e8d-49c1-9a8a-391303e7d624""}",2026-04-02T00:32:06.499811819Z
[DB] Synced 1 accounts to database,info,"{""level"":""info""}","{""project"":""ce3616d9-58ad-4ec7-a294-1821e1564434"",""environment"":""fb6513d0-42a4-4660-82b5-509c54b15f2a"",""service"":""4978aa94-666c-47c7-8024-3ada55195a51"",""deployment"":""b74391c9-c7a3-4b79-8cbc-cdb2242a0c4b"",""replica"":""ee6f635d-6e8d-49c1-9a8a-391303e7d624""}",2026-04-02T00:32:13.466709429Z
2026-04-02 00:32:26 UTC - Services healthy,info,"{""level"":""info""}","{""project"":""ce3616d9-58ad-4ec7-a294-1821e1564434"",""environment"":""fb6513d0-42a4-4660-82b5-509c54b15f2a"",""service"":""4978aa94-666c-47c7-8024-3ada55195a51"",""deployment"":""b74391c9-c7a3-4b79-8cbc-cdb2242a0c4b"",""replica"":""ee6f635d-6e8d-49c1-9a8a-391303e7d624""}",2026-04-02T00:32:33.844265978Z
[DB] Synced 1 accounts to database,info,"{""level"":""info""}","{""project"":""ce3616d9-58ad-4ec7-a294-1821e1564434"",""environment"":""fb6513d0-42a4-4660-82b5-509c54b15f2a"",""service"":""4978aa94-666c-47c7-8024-3ada55195a51"",""deployment"":""b74391c9-c7a3-4b79-8cbc-cdb2242a0c4b"",""replica"":""ee6f635d-6e8d-49c1-9a8a-391303e7d624""}",2026-04-02T00:32:43.473027433Z
2026-04-02 00:32:56 UTC - Services healthy,info,"{""level"":""info""}","{""project"":""ce3616d9-58ad-4ec7-a294-1821e1564434"",""environment"":""fb6513d0-42a4-4660-82b5-509c54b15f2a"",""service"":""4978aa94-666c-47c7-8024-3ada55195a51"",""deployment"":""b74391c9-c7a3-4b79-8cbc-cdb2242a0c4b"",""replica"":""ee6f635d-6e8d-49c1-9a8a-391303e7d624""}",2026-04-02T00:33:03.282402164Z
[DB] Synced 1 accounts to database,info,"{""level"":""info""}","{""project"":""ce3616d9-58ad-4ec7-a294-1821e1564434"",""environment"":""fb6513d0-42a4-4660-82b5-509c54b15f2a"",""service"":""4978aa94-666c-47c7-8024-3ada55195a51"",""deployment"":""b74391c9-c7a3-4b79-8cbc-cdb2242a0c4b"",""replica"":""ee6f635d-6e8d-49c1-9a8a-391303e7d624""}",2026-04-02T00:33:23.291952521Z
2026-04-02 00:33:26 UTC - Services healthy,info,"{""level"":""info""}","{""project"":""ce3616d9-58ad-4ec7-a294-1821e1564434"",""environment"":""fb6513d0-42a4-4660-82b5-509c54b15f2a"",""service"":""4978aa94-666c-47c7-8024-3ada55195a51"",""deployment"":""b74391c9-c7a3-4b79-8cbc-cdb2242a0c4b"",""replica"":""ee6f635d-6e8d-49c1-9a8a-391303e7d624""}",2026-04-02T00:33:26.480182941Z
[DB] Synced 1 accounts to database,info,"{""level"":""info""}","{""project"":""ce3616d9-58ad-4ec7-a294-1821e1564434"",""environment"":""fb6513d0-42a4-4660-82b5-509c54b15f2a"",""service"":""4978aa94-666c-47c7-8024-3ada55195a51"",""deployment"":""b74391c9-c7a3-4b79-8cbc-cdb2242a0c4b"",""replica"":""ee6f635d-6e8d-49c1-9a8a-391303e7d624""}",2026-04-02T00:33:46.512801890Z
2026-04-02 00:33:56 UTC - Services healthy,info,"{""level"":""info""}","{""project"":""ce3616d9-58ad-4ec7-a294-1821e1564434"",""environment"":""fb6513d0-42a4-4660-82b5-509c54b15f2a"",""service"":""4978aa94-666c-47c7-8024-3ada55195a51"",""deployment"":""b74391c9-c7a3-4b79-8cbc-cdb2242a0c4b"",""replica"":""ee6f635d-6e8d-49c1-9a8a-391303e7d624""}",2026-04-02T00:33:56.494667489Z
[DB] Synced 1 accounts to database,info,"{""level"":""info""}","{""project"":""ce3616d9-58ad-4ec7-a294-1821e1564434"",""environment"":""fb6513d0-42a4-4660-82b5-509c54b15f2a"",""service"":""4978aa94-666c-47c7-8024-3ada55195a51"",""deployment"":""b74391c9-c7a3-4b79-8cbc-cdb2242a0c4b"",""replica"":""ee6f635d-6e8d-49c1-9a8a-391303e7d624""}",2026-04-02T00:34:16.634613965Z
2026-04-02 00:34:26 UTC - Services healthy,info,"{""level"":""info""}","{""project"":""ce3616d9-58ad-4ec7-a294-1821e1564434"",""environment"":""fb6513d0-42a4-4660-82b5-509c54b15f2a"",""service"":""4978aa94-666c-47c7-8024-3ada55195a51"",""deployment"":""b74391c9-c7a3-4b79-8cbc-cdb2242a0c4b"",""replica"":""ee6f635d-6e8d-49c1-9a8a-391303e7d624""}",2026-04-02T00:34:26.500156952Z
[DB] Synced 1 accounts to database,info,"{""level"":""info""}","{""project"":""ce3616d9-58ad-4ec7-a294-1821e1564434"",""environment"":""fb6513d0-42a4-4660-82b5-509c54b15f2a"",""service"":""4978aa94-666c-47c7-8024-3ada55195a51"",""deployment"":""b74391c9-c7a3-4b79-8cbc-cdb2242a0c4b"",""replica"":""ee6f635d-6e8d-49c1-9a8a-391303e7d624""}",2026-04-02T00:34:46.526624409Z
2026-04-02 00:34:56 UTC - Services healthy,info,"{""level"":""info""}","{""project"":""ce3616d9-58ad-4ec7-a294-1821e1564434"",""environment"":""fb6513d0-42a4-4660-82b5-509c54b15f2a"",""service"":""4978aa94-666c-47c7-8024-3ada55195a51"",""deployment"":""b74391c9-c7a3-4b79-8cbc-cdb2242a0c4b"",""replica"":""ee6f635d-6e8d-49c1-9a8a-391303e7d624""}",2026-04-02T00:34:56.495863668Z
[DB] Synced 1 accounts to database,info,"{""level"":""info""}","{""project"":""ce3616d9-58ad-4ec7-a294-1821e1564434"",""environment"":""fb6513d0-42a4-4660-82b5-509c54b15f2a"",""service"":""4978aa94-666c-47c7-8024-3ada55195a51"",""deployment"":""b74391c9-c7a3-4b79-8cbc-cdb2242a0c4b"",""replica"":""ee6f635d-6e8d-49c1-9a8a-391303e7d624""}",2026-04-02T00:35:16.520487575Z
2026-04-02 00:35:26 UTC - Services healthy,info,"{""level"":""info""}","{""project"":""ce3616d9-58ad-4ec7-a294-1821e1564434"",""environment"":""fb6513d0-42a4-4660-82b5-509c54b15f2a"",""service"":""4978aa94-666c-47c7-8024-3ada55195a51"",""deployment"":""b74391c9-c7a3-4b79-8cbc-cdb2242a0c4b"",""replica"":""ee6f635d-6e8d-49c1-9a8a-391303e7d624""}",2026-04-02T00:35:26.500951916Z
[DB] Synced 1 accounts to database,info,"{""level"":""info""}","{""project"":""ce3616d9-58ad-4ec7-a294-1821e1564434"",""environment"":""fb6513d0-42a4-4660-82b5-509c54b15f2a"",""service"":""4978aa94-666c-47c7-8024-3ada55195a51"",""deployment"":""b74391c9-c7a3-4b79-8cbc-cdb2242a0c4b"",""replica"":""ee6f635d-6e8d-49c1-9a8a-391303e7d624""}",2026-04-02T00:35:46.505971874Z
2026-04-02 00:35:56 UTC - Services healthy,info,"{""level"":""info""}","{""project"":""ce3616d9-58ad-4ec7-a294-1821e1564434"",""environment"":""fb6513d0-42a4-4660-82b5-509c54b15f2a"",""service"":""4978aa94-666c-47c7-8024-3ada55195a51"",""deployment"":""b74391c9-c7a3-4b79-8cbc-cdb2242a0c4b"",""replica"":""ee6f635d-6e8d-49c1-9a8a-391303e7d624""}",2026-04-02T00:36:06.498846248Z
[DB] Synced 1 accounts to database,info,"{""level"":""info""}","{""project"":""ce3616d9-58ad-4ec7-a294-1821e1564434"",""environment"":""fb6513d0-42a4-4660-82b5-509c54b15f2a"",""service"":""4978aa94-666c-47c7-8024-3ada55195a51"",""deployment"":""b74391c9-c7a3-4b79-8cbc-cdb2242a0c4b"",""replica"":""ee6f635d-6e8d-49c1-9a8a-391303e7d624""}",2026-04-02T00:36:13.603176965Z
2026-04-02 00:36:26 UTC - Services healthy,info,"{""level"":""info""}","{""project"":""ce3616d9-58ad-4ec7-a294-1821e1564434"",""environment"":""fb6513d0-42a4-4660-82b5-509c54b15f2a"",""service"":""4978aa94-666c-47c7-8024-3ada55195a51"",""deployment"":""b74391c9-c7a3-4b79-8cbc-cdb2242a0c4b"",""replica"":""ee6f635d-6e8d-49c1-9a8a-391303e7d624""}",2026-04-02T00:36:33.607434342Z
[DB] Synced 1 accounts to database,info,"{""level"":""info""}","{""project"":""ce3616d9-58ad-4ec7-a294-1821e1564434"",""environment"":""fb6513d0-42a4-4660-82b5-509c54b15f2a"",""service"":""4978aa94-666c-47c7-8024-3ada55195a51"",""deployment"":""b74391c9-c7a3-4b79-8cbc-cdb2242a0c4b"",""replica"":""ee6f635d-6e8d-49c1-9a8a-391303e7d624""}",2026-04-02T00:36:43.498895525Z
2026-04-02 00:36:56 UTC - Services healthy,info,"{""level"":""info""}","{""project"":""ce3616d9-58ad-4ec7-a294-1821e1564434"",""environment"":""fb6513d0-42a4-4660-82b5-509c54b15f2a"",""service"":""4978aa94-666c-47c7-8024-3ada55195a51"",""deployment"":""b74391c9-c7a3-4b79-8cbc-cdb2242a0c4b"",""replica"":""ee6f635d-6e8d-49c1-9a8a-391303e7d624""}",2026-04-02T00:37:03.574977506Z
[DB] Synced 1 accounts to database,info,"{""level"":""info""}","{""project"":""ce3616d9-58ad-4ec7-a294-1821e1564434"",""environment"":""fb6513d0-42a4-4660-82b5-509c54b15f2a"",""service"":""4978aa94-666c-47c7-8024-3ada55195a51"",""deployment"":""b74391c9-c7a3-4b79-8cbc-cdb2242a0c4b"",""replica"":""ee6f635d-6e8d-49c1-9a8a-391303e7d624""}",2026-04-02T00:37:23.509432698Z
2026-04-02 00:37:26 UTC - Services healthy,info,"{""level"":""info""}","{""project"":""ce3616d9-58ad-4ec7-a294-1821e1564434"",""environment"":""fb6513d0-42a4-4660-82b5-509c54b15f2a"",""service"":""4978aa94-666c-47c7-8024-3ada55195a51"",""deployment"":""b74391c9-c7a3-4b79-8cbc-cdb2242a0c4b"",""replica"":""ee6f635d-6e8d-49c1-9a8a-391303e7d624""}",2026-04-02T00:37:26.781705260Z
[DB] Synced 1 accounts to database,info,"{""level"":""info""}","{""project"":""ce3616d9-58ad-4ec7-a294-1821e1564434"",""environment"":""fb6513d0-42a4-4660-82b5-509c54b15f2a"",""service"":""4978aa94-666c-47c7-8024-3ada55195a51"",""deployment"":""b74391c9-c7a3-4b79-8cbc-cdb2242a0c4b"",""replica"":""ee6f635d-6e8d-49c1-9a8a-391303e7d624""}",2026-04-02T00:37:46.809727815Z
2026-04-02 00:37:56 UTC - Services healthy,info,"{""level"":""info""}","{""project"":""ce3616d9-58ad-4ec7-a294-1821e1564434"",""environment"":""fb6513d0-42a4-4660-82b5-509c54b15f2a"",""service"":""4978aa94-666c-47c7-8024-3ada55195a51"",""deployment"":""b74391c9-c7a3-4b79-8cbc-cdb2242a0c4b"",""replica"":""ee6f635d-6e8d-49c1-9a8a-391303e7d624""}",2026-04-02T00:37:56.524887123Z
[DB] Synced 1 accounts to database,info,"{""level"":""info""}","{""project"":""ce3616d9-58ad-4ec7-a294-1821e1564434"",""environment"":""fb6513d0-42a4-4660-82b5-509c54b15f2a"",""service"":""4978aa94-666c-47c7-8024-3ada55195a51"",""deployment"":""b74391c9-c7a3-4b79-8cbc-cdb2242a0c4b"",""replica"":""ee6f635d-6e8d-49c1-9a8a-391303e7d624""}",2026-04-02T00:38:16.605117746Z
2026-04-02 00:38:26 UTC - Services healthy,info,"{""level"":""info""}","{""project"":""ce3616d9-58ad-4ec7-a294-1821e1564434"",""environment"":""fb6513d0-42a4-4660-82b5-509c54b15f2a"",""service"":""4978aa94-666c-47c7-8024-3ada55195a51"",""deployment"":""b74391c9-c7a3-4b79-8cbc-cdb2242a0c4b"",""replica"":""ee6f635d-6e8d-49c1-9a8a-391303e7d624""}",2026-04-02T00:38:36.536906332Z
[DB] Synced 1 accounts to database,info,"{""level"":""info""}","{""project"":""ce3616d9-58ad-4ec7-a294-1821e1564434"",""environment"":""fb6513d0-42a4-4660-82b5-509c54b15f2a"",""service"":""4978aa94-666c-47c7-8024-3ada55195a51"",""deployment"":""b74391c9-c7a3-4b79-8cbc-cdb2242a0c4b"",""replica"":""ee6f635d-6e8d-49c1-9a8a-391303e7d624""}",2026-04-02T00:38:43.581838037Z
2026-04-02 00:38:56 UTC - Services healthy,info,"{""level"":""info""}","{""project"":""ce3616d9-58ad-4ec7-a294-1821e1564434"",""environment"":""fb6513d0-42a4-4660-82b5-509c54b15f2a"",""service"":""4978aa94-666c-47c7-8024-3ada55195a51"",""deployment"":""b74391c9-c7a3-4b79-8cbc-cdb2242a0c4b"",""replica"":""ee6f635d-6e8d-49c1-9a8a-391303e7d624""}",2026-04-02T00:39:03.564140605Z
[DB] Synced 1 accounts to database,info,"{""level"":""info""}","{""project"":""ce3616d9-58ad-4ec7-a294-1821e1564434"",""environment"":""fb6513d0-42a4-4660-82b5-509c54b15f2a"",""service"":""4978aa94-666c-47c7-8024-3ada55195a51"",""deployment"":""b74391c9-c7a3-4b79-8cbc-cdb2242a0c4b"",""replica"":""ee6f635d-6e8d-49c1-9a8a-391303e7d624""}",2026-04-02T00:39:13.534124059Z
2026-04-02 00:39:26 UTC - Services healthy,info,"{""level"":""info""}","{""project"":""ce3616d9-58ad-4ec7-a294-1821e1564434"",""environment"":""fb6513d0-42a4-4660-82b5-509c54b15f2a"",""service"":""4978aa94-666c-47c7-8024-3ada55195a51"",""deployment"":""b74391c9-c7a3-4b79-8cbc-cdb2242a0c4b"",""replica"":""ee6f635d-6e8d-49c1-9a8a-391303e7d624""}",2026-04-02T00:39:33.515547407Z
[DB] Synced 1 accounts to database,info,"{""level"":""info""}","{""project"":""ce3616d9-58ad-4ec7-a294-1821e1564434"",""environment"":""fb6513d0-42a4-4660-82b5-509c54b15f2a"",""service"":""4978aa94-666c-47c7-8024-3ada55195a51"",""deployment"":""b74391c9-c7a3-4b79-8cbc-cdb2242a0c4b"",""replica"":""ee6f635d-6e8d-49c1-9a8a-391303e7d624""}",2026-04-02T00:39:53.349490995Z
2026-04-02 00:39:56 UTC - Services healthy,info,"{""level"":""info""}","{""project"":""ce3616d9-58ad-4ec7-a294-1821e1564434"",""environment"":""fb6513d0-42a4-4660-82b5-509c54b15f2a"",""service"":""4978aa94-666c-47c7-8024-3ada55195a51"",""deployment"":""b74391c9-c7a3-4b79-8cbc-cdb2242a0c4b"",""replica"":""ee6f635d-6e8d-49c1-9a8a-391303e7d624""}",2026-04-02T00:39:56.583746627Z
[DB] Synced 1 accounts to database,info,"{""level"":""info""}","{""project"":""ce3616d9-58ad-4ec7-a294-1821e1564434"",""environment"":""fb6513d0-42a4-4660-82b5-509c54b15f2a"",""service"":""4978aa94-666c-47c7-8024-3ada55195a51"",""deployment"":""b74391c9-c7a3-4b79-8cbc-cdb2242a0c4b"",""replica"":""ee6f635d-6e8d-49c1-9a8a-391303e7d624""}",2026-04-02T00:40:16.664056175Z
2026-04-02 00:40:26 UTC - Services healthy,info,"{""level"":""info""}","{""project"":""ce3616d9-58ad-4ec7-a294-1821e1564434"",""environment"":""fb6513d0-42a4-4660-82b5-509c54b15f2a"",""service"":""4978aa94-666c-47c7-8024-3ada55195a51"",""deployment"":""b74391c9-c7a3-4b79-8cbc-cdb2242a0c4b"",""replica"":""ee6f635d-6e8d-49c1-9a8a-391303e7d624""}",2026-04-02T00:40:26.651665222Z
[DB] Synced 1 accounts to database,info,"{""level"":""info""}","{""project"":""ce3616d9-58ad-4ec7-a294-1821e1564434"",""environment"":""fb6513d0-42a4-4660-82b5-509c54b15f2a"",""service"":""4978aa94-666c-47c7-8024-3ada55195a51"",""deployment"":""b74391c9-c7a3-4b79-8cbc-cdb2242a0c4b"",""replica"":""ee6f635d-6e8d-49c1-9a8a-391303e7d624""}",2026-04-02T00:40:46.622340167Z
2026-04-02 00:40:56 UTC - Services healthy,info,"{""level"":""info""}","{""project"":""ce3616d9-58ad-4ec7-a294-1821e1564434"",""environment"":""fb6513d0-42a4-4660-82b5-509c54b15f2a"",""service"":""4978aa94-666c-47c7-8024-3ada55195a51"",""deployment"":""b74391c9-c7a3-4b79-8cbc-cdb2242a0c4b"",""replica"":""ee6f635d-6e8d-49c1-9a8a-391303e7d624""}",2026-04-02T00:40:56.605753549Z
[DB] Synced 1 accounts to database,info,"{""level"":""info""}","{""project"":""ce3616d9-58ad-4ec7-a294-1821e1564434"",""environment"":""fb6513d0-42a4-4660-82b5-509c54b15f2a"",""service"":""4978aa94-666c-47c7-8024-3ada55195a51"",""deployment"":""b74391c9-c7a3-4b79-8cbc-cdb2242a0c4b"",""replica"":""ee6f635d-6e8d-49c1-9a8a-391303e7d624""}",2026-04-02T00:41:16.658250893Z
2026-04-02 00:41:26 UTC - Services healthy,info,"{""level"":""info""}","{""project"":""ce3616d9-58ad-4ec7-a294-1821e1564434"",""environment"":""fb6513d0-42a4-4660-82b5-509c54b15f2a"",""service"":""4978aa94-666c-47c7-8024-3ada55195a51"",""deployment"":""b74391c9-c7a3-4b79-8cbc-cdb2242a0c4b"",""replica"":""ee6f635d-6e8d-49c1-9a8a-391303e7d624""}",2026-04-02T00:41:26.611808746Z
[DB] Synced 1 accounts to database,info,"{""level"":""info""}","{""project"":""ce3616d9-58ad-4ec7-a294-1821e1564434"",""environment"":""fb6513d0-42a4-4660-82b5-509c54b15f2a"",""service"":""4978aa94-666c-47c7-8024-3ada55195a51"",""deployment"":""b74391c9-c7a3-4b79-8cbc-cdb2242a0c4b"",""replica"":""ee6f635d-6e8d-49c1-9a8a-391303e7d624""}",2026-04-02T00:41:46.589271032Z
2026-04-02 00:41:56 UTC - Services healthy,info,"{""level"":""info""}","{""project"":""ce3616d9-58ad-4ec7-a294-1821e1564434"",""environment"":""fb6513d0-42a4-4660-82b5-509c54b15f2a"",""service"":""4978aa94-666c-47c7-8024-3ada55195a51"",""deployment"":""b74391c9-c7a3-4b79-8cbc-cdb2242a0c4b"",""replica"":""ee6f635d-6e8d-49c1-9a8a-391303e7d624""}",2026-04-02T00:41:56.584731771Z
[DB] Synced 1 accounts to database,info,"{""level"":""info""}","{""project"":""ce3616d9-58ad-4ec7-a294-1821e1564434"",""environment"":""fb6513d0-42a4-4660-82b5-509c54b15f2a"",""service"":""4978aa94-666c-47c7-8024-3ada55195a51"",""deployment"":""b74391c9-c7a3-4b79-8cbc-cdb2242a0c4b"",""replica"":""ee6f635d-6e8d-49c1-9a8a-391303e7d624""}",2026-04-02T00:42:16.548848622Z
2026-04-02 00:42:26 UTC - Services healthy,info,"{""level"":""info""}","{""project"":""ce3616d9-58ad-4ec7-a294-1821e1564434"",""environment"":""fb6513d0-42a4-4660-82b5-509c54b15f2a"",""service"":""4978aa94-666c-47c7-8024-3ada55195a51"",""deployment"":""b74391c9-c7a3-4b79-8cbc-cdb2242a0c4b"",""replica"":""ee6f635d-6e8d-49c1-9a8a-391303e7d624""}",2026-04-02T00:42:36.512257834Z
[DB] Synced 1 accounts to database,info,"{""level"":""info""}","{""project"":""ce3616d9-58ad-4ec7-a294-1821e1564434"",""environment"":""fb6513d0-42a4-4660-82b5-509c54b15f2a"",""service"":""4978aa94-666c-47c7-8024-3ada55195a51"",""deployment"":""b74391c9-c7a3-4b79-8cbc-cdb2242a0c4b"",""replica"":""ee6f635d-6e8d-49c1-9a8a-391303e7d624""}",2026-04-02T00:42:43.574422920Z
2026-04-02 00:42:56 UTC - Services healthy,info,"{""level"":""info""}","{""project"":""ce3616d9-58ad-4ec7-a294-1821e1564434"",""environment"":""fb6513d0-42a4-4660-82b5-509c54b15f2a"",""service"":""4978aa94-666c-47c7-8024-3ada55195a51"",""deployment"":""b74391c9-c7a3-4b79-8cbc-cdb2242a0c4b"",""replica"":""ee6f635d-6e8d-49c1-9a8a-391303e7d624""}",2026-04-02T00:43:03.556617445Z
[DB] Synced 1 accounts to database,info,"{""level"":""info""}","{""project"":""ce3616d9-58ad-4ec7-a294-1821e1564434"",""environment"":""fb6513d0-42a4-4660-82b5-509c54b15f2a"",""service"":""4978aa94-666c-47c7-8024-3ada55195a51"",""deployment"":""b74391c9-c7a3-4b79-8cbc-cdb2242a0c4b"",""replica"":""ee6f635d-6e8d-49c1-9a8a-391303e7d624""}",2026-04-02T00:43:23.544610963Z
2026-04-02 00:43:26 UTC - Services healthy,info,"{""level"":""info""}","{""project"":""ce3616d9-58ad-4ec7-a294-1821e1564434"",""environment"":""fb6513d0-42a4-4660-82b5-509c54b15f2a"",""service"":""4978aa94-666c-47c7-8024-3ada55195a51"",""deployment"":""b74391c9-c7a3-4b79-8cbc-cdb2242a0c4b"",""replica"":""ee6f635d-6e8d-49c1-9a8a-391303e7d624""}",2026-04-02T00:43:26.607687917Z
[DB] Synced 1 accounts to database,info,"{""level"":""info""}","{""project"":""ce3616d9-58ad-4ec7-a294-1821e1564434"",""environment"":""fb6513d0-42a4-4660-82b5-509c54b15f2a"",""service"":""4978aa94-666c-47c7-8024-3ada55195a51"",""deployment"":""b74391c9-c7a3-4b79-8cbc-cdb2242a0c4b"",""replica"":""ee6f635d-6e8d-49c1-9a8a-391303e7d624""}",2026-04-02T00:43:46.594192479Z
2026-04-02 00:43:56 UTC - Services healthy,info,"{""level"":""info""}","{""project"":""ce3616d9-58ad-4ec7-a294-1821e1564434"",""environment"":""fb6513d0-42a4-4660-82b5-509c54b15f2a"",""service"":""4978aa94-666c-47c7-8024-3ada55195a51"",""deployment"":""b74391c9-c7a3-4b79-8cbc-cdb2242a0c4b"",""replica"":""ee6f635d-6e8d-49c1-9a8a-391303e7d624""}",2026-04-02T00:44:06.651171793Z
[DB] Synced 1 accounts to database,info,"{""level"":""info""}","{""project"":""ce3616d9-58ad-4ec7-a294-1821e1564434"",""environment"":""fb6513d0-42a4-4660-82b5-509c54b15f2a"",""service"":""4978aa94-666c-47c7-8024-3ada55195a51"",""deployment"":""b74391c9-c7a3-4b79-8cbc-cdb2242a0c4b"",""replica"":""ee6f635d-6e8d-49c1-9a8a-391303e7d624""}",2026-04-02T00:44:13.600576056Z
2026-04-02 00:44:26 UTC - Services healthy,info,"{""level"":""info""}","{""project"":""ce3616d9-58ad-4ec7-a294-1821e1564434"",""environment"":""fb6513d0-42a4-4660-82b5-509c54b15f2a"",""service"":""4978aa94-666c-47c7-8024-3ada55195a51"",""deployment"":""b74391c9-c7a3-4b79-8cbc-cdb2242a0c4b"",""replica"":""ee6f635d-6e8d-49c1-9a8a-391303e7d624""}",2026-04-02T00:44:33.704431650Z
[DB] Synced 1 accounts to database,info,"{""level"":""info""}","{""project"":""ce3616d9-58ad-4ec7-a294-1821e1564434"",""environment"":""fb6513d0-42a4-4660-82b5-509c54b15f2a"",""service"":""4978aa94-666c-47c7-8024-3ada55195a51"",""deployment"":""b74391c9-c7a3-4b79-8cbc-cdb2242a0c4b"",""replica"":""ee6f635d-6e8d-49c1-9a8a-391303e7d624""}",2026-04-02T00:44:43.598043891Z
2026-04-02 00:44:56 UTC - Services healthy,info,"{""level"":""info""}","{""project"":""ce3616d9-58ad-4ec7-a294-1821e1564434"",""environment"":""fb6513d0-42a4-4660-82b5-509c54b15f2a"",""service"":""4978aa94-666c-47c7-8024-3ada55195a51"",""deployment"":""b74391c9-c7a3-4b79-8cbc-cdb2242a0c4b"",""replica"":""ee6f635d-6e8d-49c1-9a8a-391303e7d624""}",2026-04-02T00:45:03.698426498Z
[DB] Synced 1 accounts to database,info,"{""level"":""info""}","{""project"":""ce3616d9-58ad-4ec7-a294-1821e1564434"",""environment"":""fb6513d0-42a4-4660-82b5-509c54b15f2a"",""service"":""4978aa94-666c-47c7-8024-3ada55195a51"",""deployment"":""b74391c9-c7a3-4b79-8cbc-cdb2242a0c4b"",""replica"":""ee6f635d-6e8d-49c1-9a8a-391303e7d624""}",2026-04-02T00:45:13.574158164Z
2026-04-02 00:45:26 UTC - Services healthy,info,"{""level"":""info""}","{""project"":""ce3616d9-58ad-4ec7-a294-1821e1564434"",""environment"":""fb6513d0-42a4-4660-82b5-509c54b15f2a"",""service"":""4978aa94-666c-47c7-8024-3ada55195a51"",""deployment"":""b74391c9-c7a3-4b79-8cbc-cdb2242a0c4b"",""replica"":""ee6f635d-6e8d-49c1-9a8a-391303e7d624""}",2026-04-02T00:45:33.562059270Z
[DB] Synced 1 accounts to database,info,"{""level"":""info""}","{""project"":""ce3616d9-58ad-4ec7-a294-1821e1564434"",""environment"":""fb6513d0-42a4-4660-82b5-509c54b15f2a"",""service"":""4978aa94-666c-47c7-8024-3ada55195a51"",""deployment"":""b74391c9-c7a3-4b79-8cbc-cdb2242a0c4b"",""replica"":""ee6f635d-6e8d-49c1-9a8a-391303e7d624""}",2026-04-02T00:45:53.584314439Z
2026-04-02 00:45:56 UTC - Services healthy,info,"{""level"":""info""}","{""project"":""ce3616d9-58ad-4ec7-a294-1821e1564434"",""environment"":""fb6513d0-42a4-4660-82b5-509c54b15f2a"",""service"":""4978aa94-666c-47c7-8024-3ada55195a51"",""deployment"":""b74391c9-c7a3-4b79-8cbc-cdb2242a0c4b"",""replica"":""ee6f635d-6e8d-49c1-9a8a-391303e7d624""}",2026-04-02T00:45:56.676451715Z
[DB] Synced 1 accounts to database,info,"{""level"":""info""}","{""project"":""ce3616d9-58ad-4ec7-a294-1821e1564434"",""environment"":""fb6513d0-42a4-4660-82b5-509c54b15f2a"",""service"":""4978aa94-666c-47c7-8024-3ada55195a51"",""deployment"":""b74391c9-c7a3-4b79-8cbc-cdb2242a0c4b"",""replica"":""ee6f635d-6e8d-49c1-9a8a-391303e7d624""}",2026-04-02T00:46:16.813385244Z
2026-04-02 00:46:26 UTC - Services healthy,info,"{""level"":""info""}","{""project"":""ce3616d9-58ad-4ec7-a294-1821e1564434"",""environment"":""fb6513d0-42a4-4660-82b5-509c54b15f2a"",""service"":""4978aa94-666c-47c7-8024-3ada55195a51"",""deployment"":""b74391c9-c7a3-4b79-8cbc-cdb2242a0c4b"",""replica"":""ee6f635d-6e8d-49c1-9a8a-391303e7d624""}",2026-04-02T00:46:26.709460057Z
[DB] Synced 1 accounts to database,info,"{""level"":""info""}","{""project"":""ce3616d9-58ad-4ec7-a294-1821e1564434"",""environment"":""fb6513d0-42a4-4660-82b5-509c54b15f2a"",""service"":""4978aa94-666c-47c7-8024-3ada55195a51"",""deployment"":""b74391c9-c7a3-4b79-8cbc-cdb2242a0c4b"",""replica"":""ee6f635d-6e8d-49c1-9a8a-391303e7d624""}",2026-04-02T00:46:46.761302011Z
2026-04-02 00:46:56 UTC - Services healthy,info,"{""level"":""info""}","{""project"":""ce3616d9-58ad-4ec7-a294-1821e1564434"",""environment"":""fb6513d0-42a4-4660-82b5-509c54b15f2a"",""service"":""4978aa94-666c-47c7-8024-3ada55195a51"",""deployment"":""b74391c9-c7a3-4b79-8cbc-cdb2242a0c4b"",""replica"":""ee6f635d-6e8d-49c1-9a8a-391303e7d624""}",2026-04-02T00:47:06.484154228Z
[DB] Synced 1 accounts to database,info,"{""level"":""info""}","{""project"":""ce3616d9-58ad-4ec7-a294-1821e1564434"",""environment"":""fb6513d0-42a4-4660-82b5-509c54b15f2a"",""service"":""4978aa94-666c-47c7-8024-3ada55195a51"",""deployment"":""b74391c9-c7a3-4b79-8cbc-cdb2242a0c4b"",""replica"":""ee6f635d-6e8d-49c1-9a8a-391303e7d624""}",2026-04-02T00:47:13.616840759Z
2026-04-02 00:47:26 UTC - Services healthy,info,"{""level"":""info""}","{""project"":""ce3616d9-58ad-4ec7-a294-1821e1564434"",""environment"":""fb6513d0-42a4-4660-82b5-509c54b15f2a"",""service"":""4978aa94-666c-47c7-8024-3ada55195a51"",""deployment"":""b74391c9-c7a3-4b79-8cbc-cdb2242a0c4b"",""replica"":""ee6f635d-6e8d-49c1-9a8a-391303e7d624""}",2026-04-02T00:47:33.426463001Z
[DB] Synced 1 accounts to database,info,"{""level"":""info""}","{""project"":""ce3616d9-58ad-4ec7-a294-1821e1564434"",""environment"":""fb6513d0-42a4-4660-82b5-509c54b15f2a"",""service"":""4978aa94-666c-47c7-8024-3ada55195a51"",""deployment"":""b74391c9-c7a3-4b79-8cbc-cdb2242a0c4b"",""replica"":""ee6f635d-6e8d-49c1-9a8a-391303e7d624""}",2026-04-02T00:47:53.441520628Z
2026-04-02 00:47:56 UTC - Services healthy,info,"{""level"":""info""}","{""project"":""ce3616d9-58ad-4ec7-a294-1821e1564434"",""environment"":""fb6513d0-42a4-4660-82b5-509c54b15f2a"",""service"":""4978aa94-666c-47c7-8024-3ada55195a51"",""deployment"":""b74391c9-c7a3-4b79-8cbc-cdb2242a0c4b"",""replica"":""ee6f635d-6e8d-49c1-9a8a-391303e7d624""}",2026-04-02T00:47:56.811415624Z
[DB] Synced 1 accounts to database,info,"{""level"":""info""}","{""project"":""ce3616d9-58ad-4ec7-a294-1821e1564434"",""environment"":""fb6513d0-42a4-4660-82b5-509c54b15f2a"",""service"":""4978aa94-666c-47c7-8024-3ada55195a51"",""deployment"":""b74391c9-c7a3-4b79-8cbc-cdb2242a0c4b"",""replica"":""ee6f635d-6e8d-49c1-9a8a-391303e7d624""}",2026-04-02T00:48:16.873302131Z
2026-04-02 00:48:26 UTC - Services healthy,info,"{""level"":""info""}","{""project"":""ce3616d9-58ad-4ec7-a294-1821e1564434"",""environment"":""fb6513d0-42a4-4660-82b5-509c54b15f2a"",""service"":""4978aa94-666c-47c7-8024-3ada55195a51"",""deployment"":""b74391c9-c7a3-4b79-8cbc-cdb2242a0c4b"",""replica"":""ee6f635d-6e8d-49c1-9a8a-391303e7d624""}",2026-04-02T00:48:26.727914179Z
[DB] Synced 1 accounts to database,info,"{""level"":""info""}","{""project"":""ce3616d9-58ad-4ec7-a294-1821e1564434"",""environment"":""fb6513d0-42a4-4660-82b5-509c54b15f2a"",""service"":""4978aa94-666c-47c7-8024-3ada55195a51"",""deployment"":""b74391c9-c7a3-4b79-8cbc-cdb2242a0c4b"",""replica"":""ee6f635d-6e8d-49c1-9a8a-391303e7d624""}",2026-04-02T00:48:46.225412665Z
2026-04-02 00:48:56 UTC - Services healthy,info,"{""level"":""info""}","{""project"":""ce3616d9-58ad-4ec7-a294-1821e1564434"",""environment"":""fb6513d0-42a4-4660-82b5-509c54b15f2a"",""service"":""4978aa94-666c-47c7-8024-3ada55195a51"",""deployment"":""b74391c9-c7a3-4b79-8cbc-cdb2242a0c4b"",""replica"":""ee6f635d-6e8d-49c1-9a8a-391303e7d624""}",2026-04-02T00:49:06.234016421Z
[DB] Synced 1 accounts to database,info,"{""level"":""info""}","{""project"":""ce3616d9-58ad-4ec7-a294-1821e1564434"",""environment"":""fb6513d0-42a4-4660-82b5-509c54b15f2a"",""service"":""4978aa94-666c-47c7-8024-3ada55195a51"",""deployment"":""b74391c9-c7a3-4b79-8cbc-cdb2242a0c4b"",""replica"":""ee6f635d-6e8d-49c1-9a8a-391303e7d624""}",2026-04-02T00:49:13.608000047Z
2026-04-02 00:49:26 UTC - Services healthy,info,"{""level"":""info""}","{""project"":""ce3616d9-58ad-4ec7-a294-1821e1564434"",""environment"":""fb6513d0-42a4-4660-82b5-509c54b15f2a"",""service"":""4978aa94-666c-47c7-8024-3ada55195a51"",""deployment"":""b74391c9-c7a3-4b79-8cbc-cdb2242a0c4b"",""replica"":""ee6f635d-6e8d-49c1-9a8a-391303e7d624""}",2026-04-02T00:49:33.560773989Z
[DB] Synced 1 accounts to database,info,"{""level"":""info""}","{""project"":""ce3616d9-58ad-4ec7-a294-1821e1564434"",""environment"":""fb6513d0-42a4-4660-82b5-509c54b15f2a"",""service"":""4978aa94-666c-47c7-8024-3ada55195a51"",""deployment"":""b74391c9-c7a3-4b79-8cbc-cdb2242a0c4b"",""replica"":""ee6f635d-6e8d-49c1-9a8a-391303e7d624""}",2026-04-02T00:49:53.554458026Z
2026-04-02 00:49:56 UTC - Services healthy,info,"{""level"":""info""}","{""project"":""ce3616d9-58ad-4ec7-a294-1821e1564434"",""environment"":""fb6513d0-42a4-4660-82b5-509c54b15f2a"",""service"":""4978aa94-666c-47c7-8024-3ada55195a51"",""deployment"":""b74391c9-c7a3-4b79-8cbc-cdb2242a0c4b"",""replica"":""ee6f635d-6e8d-49c1-9a8a-391303e7d624""}",2026-04-02T00:49:56.658075401Z
[DB] Synced 1 accounts to database,info,"{""level"":""info""}","{""project"":""ce3616d9-58ad-4ec7-a294-1821e1564434"",""environment"":""fb6513d0-42a4-4660-82b5-509c54b15f2a"",""service"":""4978aa94-666c-47c7-8024-3ada55195a51"",""deployment"":""b74391c9-c7a3-4b79-8cbc-cdb2242a0c4b"",""replica"":""ee6f635d-6e8d-49c1-9a8a-391303e7d624""}",2026-04-02T00:50:16.665327690Z
2026-04-02 00:50:26 UTC - Services healthy,info,"{""level"":""info""}","{""project"":""ce3616d9-58ad-4ec7-a294-1821e1564434"",""environment"":""fb6513d0-42a4-4660-82b5-509c54b15f2a"",""service"":""4978aa94-666c-47c7-8024-3ada55195a51"",""deployment"":""b74391c9-c7a3-4b79-8cbc-cdb2242a0c4b"",""replica"":""ee6f635d-6e8d-49c1-9a8a-391303e7d624""}",2026-04-02T00:50:36.599443149Z
[DB] Synced 1 accounts to database,info,"{""level"":""info""}","{""project"":""ce3616d9-58ad-4ec7-a294-1821e1564434"",""environment"":""fb6513d0-42a4-4660-82b5-509c54b15f2a"",""service"":""4978aa94-666c-47c7-8024-3ada55195a51"",""deployment"":""b74391c9-c7a3-4b79-8cbc-cdb2242a0c4b"",""replica"":""ee6f635d-6e8d-49c1-9a8a-391303e7d624""}",2026-04-02T00:50:43.705566116Z
2026-04-02 00:50:56 UTC - Services healthy,info,"{""level"":""info""}","{""project"":""ce3616d9-58ad-4ec7-a294-1821e1564434"",""environment"":""fb6513d0-42a4-4660-82b5-509c54b15f2a"",""service"":""4978aa94-666c-47c7-8024-3ada55195a51"",""deployment"":""b74391c9-c7a3-4b79-8cbc-cdb2242a0c4b"",""replica"":""ee6f635d-6e8d-49c1-9a8a-391303e7d624""}",2026-04-02T00:51:03.690874020Z
[DB] Synced 1 accounts to database,info,"{""level"":""info""}","{""project"":""ce3616d9-58ad-4ec7-a294-1821e1564434"",""environment"":""fb6513d0-42a4-4660-82b5-509c54b15f2a"",""service"":""4978aa94-666c-47c7-8024-3ada55195a51"",""deployment"":""b74391c9-c7a3-4b79-8cbc-cdb2242a0c4b"",""replica"":""ee6f635d-6e8d-49c1-9a8a-391303e7d624""}",2026-04-02T00:51:13.638761987Z
2026-04-02 00:51:26 UTC - Services healthy,info,"{""level"":""info""}","{""project"":""ce3616d9-58ad-4ec7-a294-1821e1564434"",""environment"":""fb6513d0-42a4-4660-82b5-509c54b15f2a"",""service"":""4978aa94-666c-47c7-8024-3ada55195a51"",""deployment"":""b74391c9-c7a3-4b79-8cbc-cdb2242a0c4b"",""replica"":""ee6f635d-6e8d-49c1-9a8a-391303e7d624""}",2026-04-02T00:51:33.634731112Z
[DB] Synced 1 accounts to database,info,"{""level"":""info""}","{""project"":""ce3616d9-58ad-4ec7-a294-1821e1564434"",""environment"":""fb6513d0-42a4-4660-82b5-509c54b15f2a"",""service"":""4978aa94-666c-47c7-8024-3ada55195a51"",""deployment"":""b74391c9-c7a3-4b79-8cbc-cdb2242a0c4b"",""replica"":""ee6f635d-6e8d-49c1-9a8a-391303e7d624""}",2026-04-02T00:51:53.590063092Z
2026-04-02 00:51:56 UTC - Services healthy,info,"{""level"":""info""}","{""project"":""ce3616d9-58ad-4ec7-a294-1821e1564434"",""environment"":""fb6513d0-42a4-4660-82b5-509c54b15f2a"",""service"":""4978aa94-666c-47c7-8024-3ada55195a51"",""deployment"":""b74391c9-c7a3-4b79-8cbc-cdb2242a0c4b"",""replica"":""ee6f635d-6e8d-49c1-9a8a-391303e7d624""}",2026-04-02T00:51:56.699559277Z
[DB] Synced 1 accounts to database,info,"{""level"":""info""}","{""project"":""ce3616d9-58ad-4ec7-a294-1821e1564434"",""environment"":""fb6513d0-42a4-4660-82b5-509c54b15f2a"",""service"":""4978aa94-666c-47c7-8024-3ada55195a51"",""deployment"":""b74391c9-c7a3-4b79-8cbc-cdb2242a0c4b"",""replica"":""ee6f635d-6e8d-49c1-9a8a-391303e7d624""}",2026-04-02T00:52:16.684675799Z
2026-04-02 00:52:26 UTC - Services healthy,info,"{""level"":""info""}","{""project"":""ce3616d9-58ad-4ec7-a294-1821e1564434"",""environment"":""fb6513d0-42a4-4660-82b5-509c54b15f2a"",""service"":""4978aa94-666c-47c7-8024-3ada55195a51"",""deployment"":""b74391c9-c7a3-4b79-8cbc-cdb2242a0c4b"",""replica"":""ee6f635d-6e8d-49c1-9a8a-391303e7d624""}",2026-04-02T00:52:36.657603242Z
[DB] Synced 1 accounts to database,info,"{""level"":""info""}","{""project"":""ce3616d9-58ad-4ec7-a294-1821e1564434"",""environment"":""fb6513d0-42a4-4660-82b5-509c54b15f2a"",""service"":""4978aa94-666c-47c7-8024-3ada55195a51"",""deployment"":""b74391c9-c7a3-4b79-8cbc-cdb2242a0c4b"",""replica"":""ee6f635d-6e8d-49c1-9a8a-391303e7d624""}",2026-04-02T00:52:43.726099138Z
2026-04-02 00:52:56 UTC - Services healthy,info,"{""level"":""info""}","{""project"":""ce3616d9-58ad-4ec7-a294-1821e1564434"",""environment"":""fb6513d0-42a4-4660-82b5-509c54b15f2a"",""service"":""4978aa94-666c-47c7-8024-3ada55195a51"",""deployment"":""b74391c9-c7a3-4b79-8cbc-cdb2242a0c4b"",""replica"":""ee6f635d-6e8d-49c1-9a8a-391303e7d624""}",2026-04-02T00:53:03.722895597Z
[DB] Synced 1 accounts to database,info,"{""level"":""info""}","{""project"":""ce3616d9-58ad-4ec7-a294-1821e1564434"",""environment"":""fb6513d0-42a4-4660-82b5-509c54b15f2a"",""service"":""4978aa94-666c-47c7-8024-3ada55195a51"",""deployment"":""b74391c9-c7a3-4b79-8cbc-cdb2242a0c4b"",""replica"":""ee6f635d-6e8d-49c1-9a8a-391303e7d624""}",2026-04-02T00:53:13.665919205Z
2026-04-02 00:53:26 UTC - Services healthy,info,"{""level"":""info""}","{""project"":""ce3616d9-58ad-4ec7-a294-1821e1564434"",""environment"":""fb6513d0-42a4-4660-82b5-509c54b15f2a"",""service"":""4978aa94-666c-47c7-8024-3ada55195a51"",""deployment"":""b74391c9-c7a3-4b79-8cbc-cdb2242a0c4b"",""replica"":""ee6f635d-6e8d-49c1-9a8a-391303e7d624""}",2026-04-02T00:53:33.671931670Z
[DB] Synced 1 accounts to database,info,"{""level"":""info""}","{""project"":""ce3616d9-58ad-4ec7-a294-1821e1564434"",""environment"":""fb6513d0-42a4-4660-82b5-509c54b15f2a"",""service"":""4978aa94-666c-47c7-8024-3ada55195a51"",""deployment"":""b74391c9-c7a3-4b79-8cbc-cdb2242a0c4b"",""replica"":""ee6f635d-6e8d-49c1-9a8a-391303e7d624""}",2026-04-02T00:53:53.580870750Z
2026-04-02 00:53:56 UTC - Services healthy,info,"{""level"":""info""}","{""project"":""ce3616d9-58ad-4ec7-a294-1821e1564434"",""environment"":""fb6513d0-42a4-4660-82b5-509c54b15f2a"",""service"":""4978aa94-666c-47c7-8024-3ada55195a51"",""deployment"":""b74391c9-c7a3-4b79-8cbc-cdb2242a0c4b"",""replica"":""ee6f635d-6e8d-49c1-9a8a-391303e7d624""}",2026-04-02T00:53:56.715271585Z
[DB] Synced 1 accounts to database,info,"{""level"":""info""}","{""project"":""ce3616d9-58ad-4ec7-a294-1821e1564434"",""environment"":""fb6513d0-42a4-4660-82b5-509c54b15f2a"",""service"":""4978aa94-666c-47c7-8024-3ada55195a51"",""deployment"":""b74391c9-c7a3-4b79-8cbc-cdb2242a0c4b"",""replica"":""ee6f635d-6e8d-49c1-9a8a-391303e7d624""}",2026-04-02T00:54:16.717730403Z
2026-04-02 00:54:26 UTC - Services healthy,info,"{""level"":""info""}","{""project"":""ce3616d9-58ad-4ec7-a294-1821e1564434"",""environment"":""fb6513d0-42a4-4660-82b5-509c54b15f2a"",""service"":""4978aa94-666c-47c7-8024-3ada55195a51"",""deployment"":""b74391c9-c7a3-4b79-8cbc-cdb2242a0c4b"",""replica"":""ee6f635d-6e8d-49c1-9a8a-391303e7d624""}",2026-04-02T00:54:36.912004712Z
[DB] Synced 1 accounts to database,info,"{""level"":""info""}","{""project"":""ce3616d9-58ad-4ec7-a294-1821e1564434"",""environment"":""fb6513d0-42a4-4660-82b5-509c54b15f2a"",""service"":""4978aa94-666c-47c7-8024-3ada55195a51"",""deployment"":""b74391c9-c7a3-4b79-8cbc-cdb2242a0c4b"",""replica"":""ee6f635d-6e8d-49c1-9a8a-391303e7d624""}",2026-04-02T00:54:43.717253037Z
2026-04-02 00:54:56 UTC - Services healthy,info,"{""level"":""info""}","{""project"":""ce3616d9-58ad-4ec7-a294-1821e1564434"",""environment"":""fb6513d0-42a4-4660-82b5-509c54b15f2a"",""service"":""4978aa94-666c-47c7-8024-3ada55195a51"",""deployment"":""b74391c9-c7a3-4b79-8cbc-cdb2242a0c4b"",""replica"":""ee6f635d-6e8d-49c1-9a8a-391303e7d624""}",2026-04-02T00:55:03.684041362Z
[DB] Synced 1 accounts to database,info,"{""level"":""info""}","{""project"":""ce3616d9-58ad-4ec7-a294-1821e1564434"",""environment"":""fb6513d0-42a4-4660-82b5-509c54b15f2a"",""service"":""4978aa94-666c-47c7-8024-3ada55195a51"",""deployment"":""b74391c9-c7a3-4b79-8cbc-cdb2242a0c4b"",""replica"":""ee6f635d-6e8d-49c1-9a8a-391303e7d624""}",2026-04-02T00:55:13.683167179Z
2026-04-02 00:55:26 UTC - Services healthy,info,"{""level"":""info""}","{""project"":""ce3616d9-58ad-4ec7-a294-1821e1564434"",""environment"":""fb6513d0-42a4-4660-82b5-509c54b15f2a"",""service"":""4978aa94-666c-47c7-8024-3ada55195a51"",""deployment"":""b74391c9-c7a3-4b79-8cbc-cdb2242a0c4b"",""replica"":""ee6f635d-6e8d-49c1-9a8a-391303e7d624""}",2026-04-02T00:55:33.788991142Z
[DB] Synced 1 accounts to database,info,"{""level"":""info""}","{""project"":""ce3616d9-58ad-4ec7-a294-1821e1564434"",""environment"":""fb6513d0-42a4-4660-82b5-509c54b15f2a"",""service"":""4978aa94-666c-47c7-8024-3ada55195a51"",""deployment"":""b74391c9-c7a3-4b79-8cbc-cdb2242a0c4b"",""replica"":""ee6f635d-6e8d-49c1-9a8a-391303e7d624""}",2026-04-02T00:55:43.759945471Z
2026-04-02 00:55:56 UTC - Services healthy,info,"{""level"":""info""}","{""project"":""ce3616d9-58ad-4ec7-a294-1821e1564434"",""environment"":""fb6513d0-42a4-4660-82b5-509c54b15f2a"",""service"":""4978aa94-666c-47c7-8024-3ada55195a51"",""deployment"":""b74391c9-c7a3-4b79-8cbc-cdb2242a0c4b"",""replica"":""ee6f635d-6e8d-49c1-9a8a-391303e7d624""}",2026-04-02T00:56:03.805445001Z
[DB] Synced 1 accounts to database,info,"{""level"":""info""}","{""project"":""ce3616d9-58ad-4ec7-a294-1821e1564434"",""environment"":""fb6513d0-42a4-4660-82b5-509c54b15f2a"",""service"":""4978aa94-666c-47c7-8024-3ada55195a51"",""deployment"":""b74391c9-c7a3-4b79-8cbc-cdb2242a0c4b"",""replica"":""ee6f635d-6e8d-49c1-9a8a-391303e7d624""}",2026-04-02T00:56:13.683444729Z
2026-04-02 00:56:26 UTC - Services healthy,info,"{""level"":""info""}","{""project"":""ce3616d9-58ad-4ec7-a294-1821e1564434"",""environment"":""fb6513d0-42a4-4660-82b5-509c54b15f2a"",""service"":""4978aa94-666c-47c7-8024-3ada55195a51"",""deployment"":""b74391c9-c7a3-4b79-8cbc-cdb2242a0c4b"",""replica"":""ee6f635d-6e8d-49c1-9a8a-391303e7d624""}",2026-04-02T00:56:33.766902158Z
[DB] Synced 1 accounts to database,info,"{""level"":""info""}","{""project"":""ce3616d9-58ad-4ec7-a294-1821e1564434"",""environment"":""fb6513d0-42a4-4660-82b5-509c54b15f2a"",""service"":""4978aa94-666c-47c7-8024-3ada55195a51"",""deployment"":""b74391c9-c7a3-4b79-8cbc-cdb2242a0c4b"",""replica"":""ee6f635d-6e8d-49c1-9a8a-391303e7d624""}",2026-04-02T00:56:43.668258989Z
2026-04-02 00:56:56 UTC - Services healthy,info,"{""level"":""info""}","{""project"":""ce3616d9-58ad-4ec7-a294-1821e1564434"",""environment"":""fb6513d0-42a4-4660-82b5-509c54b15f2a"",""service"":""4978aa94-666c-47c7-8024-3ada55195a51"",""deployment"":""b74391c9-c7a3-4b79-8cbc-cdb2242a0c4b"",""replica"":""ee6f635d-6e8d-49c1-9a8a-391303e7d624""}",2026-04-02T00:57:03.687019341Z
[DB] Synced 1 accounts to database,info,"{""level"":""info""}","{""project"":""ce3616d9-58ad-4ec7-a294-1821e1564434"",""environment"":""fb6513d0-42a4-4660-82b5-509c54b15f2a"",""service"":""4978aa94-666c-47c7-8024-3ada55195a51"",""deployment"":""b74391c9-c7a3-4b79-8cbc-cdb2242a0c4b"",""replica"":""ee6f635d-6e8d-49c1-9a8a-391303e7d624""}",2026-04-02T00:57:23.472383165Z
2026-04-02 00:57:26 UTC - Services healthy,info,"{""level"":""info""}","{""project"":""ce3616d9-58ad-4ec7-a294-1821e1564434"",""environment"":""fb6513d0-42a4-4660-82b5-509c54b15f2a"",""service"":""4978aa94-666c-47c7-8024-3ada55195a51"",""deployment"":""b74391c9-c7a3-4b79-8cbc-cdb2242a0c4b"",""replica"":""ee6f635d-6e8d-49c1-9a8a-391303e7d624""}",2026-04-02T00:57:26.728336804Z
[DB] Synced 1 accounts to database,info,"{""level"":""info""}","{""project"":""ce3616d9-58ad-4ec7-a294-1821e1564434"",""environment"":""fb6513d0-42a4-4660-82b5-509c54b15f2a"",""service"":""4978aa94-666c-47c7-8024-3ada55195a51"",""deployment"":""b74391c9-c7a3-4b79-8cbc-cdb2242a0c4b"",""replica"":""ee6f635d-6e8d-49c1-9a8a-391303e7d624""}",2026-04-02T00:57:46.825072215Z
2026-04-02 00:57:56 UTC - Services healthy,info,"{""level"":""info""}","{""project"":""ce3616d9-58ad-4ec7-a294-1821e1564434"",""environment"":""fb6513d0-42a4-4660-82b5-509c54b15f2a"",""service"":""4978aa94-666c-47c7-8024-3ada55195a51"",""deployment"":""b74391c9-c7a3-4b79-8cbc-cdb2242a0c4b"",""replica"":""ee6f635d-6e8d-49c1-9a8a-391303e7d624""}",2026-04-02T00:57:56.732555248Z
[DB] Synced 1 accounts to database,info,"{""level"":""info""}","{""project"":""ce3616d9-58ad-4ec7-a294-1821e1564434"",""environment"":""fb6513d0-42a4-4660-82b5-509c54b15f2a"",""service"":""4978aa94-666c-47c7-8024-3ada55195a51"",""deployment"":""b74391c9-c7a3-4b79-8cbc-cdb2242a0c4b"",""replica"":""ee6f635d-6e8d-49c1-9a8a-391303e7d624""}",2026-04-02T00:58:16.832327493Z
2026-04-02 00:58:26 UTC - Services healthy,info,"{""level"":""info""}","{""project"":""ce3616d9-58ad-4ec7-a294-1821e1564434"",""environment"":""fb6513d0-42a4-4660-82b5-509c54b15f2a"",""service"":""4978aa94-666c-47c7-8024-3ada55195a51"",""deployment"":""b74391c9-c7a3-4b79-8cbc-cdb2242a0c4b"",""replica"":""ee6f635d-6e8d-49c1-9a8a-391303e7d624""}",2026-04-02T00:58:26.737910111Z
[DB] Synced 1 accounts to database,info,"{""level"":""info""}","{""project"":""ce3616d9-58ad-4ec7-a294-1821e1564434"",""environment"":""fb6513d0-42a4-4660-82b5-509c54b15f2a"",""service"":""4978aa94-666c-47c7-8024-3ada55195a51"",""deployment"":""b74391c9-c7a3-4b79-8cbc-cdb2242a0c4b"",""replica"":""ee6f635d-6e8d-49c1-9a8a-391303e7d624""}",2026-04-02T00:58:46.711714170Z
2026-04-02 00:58:56 UTC - Services healthy,info,"{""level"":""info""}","{""project"":""ce3616d9-58ad-4ec7-a294-1821e1564434"",""environment"":""fb6513d0-42a4-4660-82b5-509c54b15f2a"",""service"":""4978aa94-666c-47c7-8024-3ada55195a51"",""deployment"":""b74391c9-c7a3-4b79-8cbc-cdb2242a0c4b"",""replica"":""ee6f635d-6e8d-49c1-9a8a-391303e7d624""}",2026-04-02T00:59:06.697911430Z
[DB] Synced 1 accounts to database,info,"{""level"":""info""}","{""project"":""ce3616d9-58ad-4ec7-a294-1821e1564434"",""environment"":""fb6513d0-42a4-4660-82b5-509c54b15f2a"",""service"":""4978aa94-666c-47c7-8024-3ada55195a51"",""deployment"":""b74391c9-c7a3-4b79-8cbc-cdb2242a0c4b"",""replica"":""ee6f635d-6e8d-49c1-9a8a-391303e7d624""}",2026-04-02T00:59:13.786337185Z
2026-04-02 00:59:26 UTC - Services healthy,info,"{""level"":""info""}","{""project"":""ce3616d9-58ad-4ec7-a294-1821e1564434"",""environment"":""fb6513d0-42a4-4660-82b5-509c54b15f2a"",""service"":""4978aa94-666c-47c7-8024-3ada55195a51"",""deployment"":""b74391c9-c7a3-4b79-8cbc-cdb2242a0c4b"",""replica"":""ee6f635d-6e8d-49c1-9a8a-391303e7d624""}",2026-04-02T00:59:33.703295098Z
[DB] Synced 1 accounts to database,info,"{""level"":""info""}","{""project"":""ce3616d9-58ad-4ec7-a294-1821e1564434"",""environment"":""fb6513d0-42a4-4660-82b5-509c54b15f2a"",""service"":""4978aa94-666c-47c7-8024-3ada55195a51"",""deployment"":""b74391c9-c7a3-4b79-8cbc-cdb2242a0c4b"",""replica"":""ee6f635d-6e8d-49c1-9a8a-391303e7d624""}",2026-04-02T00:59:53.692371223Z
2026-04-02 00:59:56 UTC - Services healthy,info,"{""level"":""info""}","{""project"":""ce3616d9-58ad-4ec7-a294-1821e1564434"",""environment"":""fb6513d0-42a4-4660-82b5-509c54b15f2a"",""service"":""4978aa94-666c-47c7-8024-3ada55195a51"",""deployment"":""b74391c9-c7a3-4b79-8cbc-cdb2242a0c4b"",""replica"":""ee6f635d-6e8d-49c1-9a8a-391303e7d624""}",2026-04-02T00:59:56.812911984Z
[DB] Synced 1 accounts to database,info,"{""level"":""info""}","{""project"":""ce3616d9-58ad-4ec7-a294-1821e1564434"",""environment"":""fb6513d0-42a4-4660-82b5-509c54b15f2a"",""service"":""4978aa94-666c-47c7-8024-3ada55195a51"",""deployment"":""b74391c9-c7a3-4b79-8cbc-cdb2242a0c4b"",""replica"":""ee6f635d-6e8d-49c1-9a8a-391303e7d624""}",2026-04-02T01:00:16.857737705Z
2026-04-02 01:00:26 UTC - Services healthy,info,"{""level"":""info""}","{""project"":""ce3616d9-58ad-4ec7-a294-1821e1564434"",""environment"":""fb6513d0-42a4-4660-82b5-509c54b15f2a"",""service"":""4978aa94-666c-47c7-8024-3ada55195a51"",""deployment"":""b74391c9-c7a3-4b79-8cbc-cdb2242a0c4b"",""replica"":""ee6f635d-6e8d-49c1-9a8a-391303e7d624""}",2026-04-02T01:00:26.764920789Z
[DB] Synced 1 accounts to database,info,"{""level"":""info""}","{""project"":""ce3616d9-58ad-4ec7-a294-1821e1564434"",""environment"":""fb6513d0-42a4-4660-82b5-509c54b15f2a"",""service"":""4978aa94-666c-47c7-8024-3ada55195a51"",""deployment"":""b74391c9-c7a3-4b79-8cbc-cdb2242a0c4b"",""replica"":""ee6f635d-6e8d-49c1-9a8a-391303e7d624""}",2026-04-02T01:00:46.765766695Z
2026-04-02 01:00:56 UTC - Services healthy,info,"{""level"":""info""}","{""project"":""ce3616d9-58ad-4ec7-a294-1821e1564434"",""environment"":""fb6513d0-42a4-4660-82b5-509c54b15f2a"",""service"":""4978aa94-666c-47c7-8024-3ada55195a51"",""deployment"":""b74391c9-c7a3-4b79-8cbc-cdb2242a0c4b"",""replica"":""ee6f635d-6e8d-49c1-9a8a-391303e7d624""}",2026-04-02T01:01:06.624101043Z
[DB] Synced 1 accounts to database,info,"{""level"":""info""}","{""project"":""ce3616d9-58ad-4ec7-a294-1821e1564434"",""environment"":""fb6513d0-42a4-4660-82b5-509c54b15f2a"",""service"":""4978aa94-666c-47c7-8024-3ada55195a51"",""deployment"":""b74391c9-c7a3-4b79-8cbc-cdb2242a0c4b"",""replica"":""ee6f635d-6e8d-49c1-9a8a-391303e7d624""}",2026-04-02T01:01:13.714976522Z
2026-04-02 01:01:26 UTC - Services healthy,info,"{""level"":""info""}","{""project"":""ce3616d9-58ad-4ec7-a294-1821e1564434"",""environment"":""fb6513d0-42a4-4660-82b5-509c54b15f2a"",""service"":""4978aa94-666c-47c7-8024-3ada55195a51"",""deployment"":""b74391c9-c7a3-4b79-8cbc-cdb2242a0c4b"",""replica"":""ee6f635d-6e8d-49c1-9a8a-391303e7d624""}",2026-04-02T01:01:33.787461877Z
[DB] Synced 1 accounts to database,info,"{""level"":""info""}","{""project"":""ce3616d9-58ad-4ec7-a294-1821e1564434"",""environment"":""fb6513d0-42a4-4660-82b5-509c54b15f2a"",""service"":""4978aa94-666c-47c7-8024-3ada55195a51"",""deployment"":""b74391c9-c7a3-4b79-8cbc-cdb2242a0c4b"",""replica"":""ee6f635d-6e8d-49c1-9a8a-391303e7d624""}",2026-04-02T01:01:43.725923021Z
2026-04-02 01:01:56 UTC - Services healthy,info,"{""level"":""info""}","{""project"":""ce3616d9-58ad-4ec7-a294-1821e1564434"",""environment"":""fb6513d0-42a4-4660-82b5-509c54b15f2a"",""service"":""4978aa94-666c-47c7-8024-3ada55195a51"",""deployment"":""b74391c9-c7a3-4b79-8cbc-cdb2242a0c4b"",""replica"":""ee6f635d-6e8d-49c1-9a8a-391303e7d624""}",2026-04-02T01:02:03.721267454Z
[DB] Synced 1 accounts to database,info,"{""level"":""info""}","{""project"":""ce3616d9-58ad-4ec7-a294-1821e1564434"",""environment"":""fb6513d0-42a4-4660-82b5-509c54b15f2a"",""service"":""4978aa94-666c-47c7-8024-3ada55195a51"",""deployment"":""b74391c9-c7a3-4b79-8cbc-cdb2242a0c4b"",""replica"":""ee6f635d-6e8d-49c1-9a8a-391303e7d624""}",2026-04-02T01:02:23.730267922Z
2026-04-02 01:02:26 UTC - Services healthy,info,"{""level"":""info""}","{""project"":""ce3616d9-58ad-4ec7-a294-1821e1564434"",""environment"":""fb6513d0-42a4-4660-82b5-509c54b15f2a"",""service"":""4978aa94-666c-47c7-8024-3ada55195a51"",""deployment"":""b74391c9-c7a3-4b79-8cbc-cdb2242a0c4b"",""replica"":""ee6f635d-6e8d-49c1-9a8a-391303e7d624""}",2026-04-02T01:02:26.874651392Z
[DB] Synced 1 accounts to database,info,"{""level"":""info""}","{""project"":""ce3616d9-58ad-4ec7-a294-1821e1564434"",""environment"":""fb6513d0-42a4-4660-82b5-509c54b15f2a"",""service"":""4978aa94-666c-47c7-8024-3ada55195a51"",""deployment"":""b74391c9-c7a3-4b79-8cbc-cdb2242a0c4b"",""replica"":""ee6f635d-6e8d-49c1-9a8a-391303e7d624""}",2026-04-02T01:02:46.865000102Z
2026-04-02 01:02:56 UTC - Services healthy,info,"{""level"":""info""}","{""project"":""ce3616d9-58ad-4ec7-a294-1821e1564434"",""environment"":""fb6513d0-42a4-4660-82b5-509c54b15f2a"",""service"":""4978aa94-666c-47c7-8024-3ada55195a51"",""deployment"":""b74391c9-c7a3-4b79-8cbc-cdb2242a0c4b"",""replica"":""ee6f635d-6e8d-49c1-9a8a-391303e7d624""}",2026-04-02T01:03:06.691607740Z
[DB] Synced 1 accounts to database,info,"{""level"":""info""}","{""project"":""ce3616d9-58ad-4ec7-a294-1821e1564434"",""environment"":""fb6513d0-42a4-4660-82b5-509c54b15f2a"",""service"":""4978aa94-666c-47c7-8024-3ada55195a51"",""deployment"":""b74391c9-c7a3-4b79-8cbc-cdb2242a0c4b"",""replica"":""ee6f635d-6e8d-49c1-9a8a-391303e7d624""}",2026-04-02T01:03:13.782116793Z
2026-04-02 01:03:26 UTC - Services healthy,info,"{""level"":""info""}","{""project"":""ce3616d9-58ad-4ec7-a294-1821e1564434"",""environment"":""fb6513d0-42a4-4660-82b5-509c54b15f2a"",""service"":""4978aa94-666c-47c7-8024-3ada55195a51"",""deployment"":""b74391c9-c7a3-4b79-8cbc-cdb2242a0c4b"",""replica"":""ee6f635d-6e8d-49c1-9a8a-391303e7d624""}",2026-04-02T01:03:33.784519153Z
[DB] Synced 1 accounts to database,info,"{""level"":""info""}","{""project"":""ce3616d9-58ad-4ec7-a294-1821e1564434"",""environment"":""fb6513d0-42a4-4660-82b5-509c54b15f2a"",""service"":""4978aa94-666c-47c7-8024-3ada55195a51"",""deployment"":""b74391c9-c7a3-4b79-8cbc-cdb2242a0c4b"",""replica"":""ee6f635d-6e8d-49c1-9a8a-391303e7d624""}",2026-04-02T01:03:53.740777852Z
2026-04-02 01:03:56 UTC - Services healthy,info,"{""level"":""info""}","{""project"":""ce3616d9-58ad-4ec7-a294-1821e1564434"",""environment"":""fb6513d0-42a4-4660-82b5-509c54b15f2a"",""service"":""4978aa94-666c-47c7-8024-3ada55195a51"",""deployment"":""b74391c9-c7a3-4b79-8cbc-cdb2242a0c4b"",""replica"":""ee6f635d-6e8d-49c1-9a8a-391303e7d624""}",2026-04-02T01:03:56.802092768Z
[DB] Synced 1 accounts to database,info,"{""level"":""info""}","{""project"":""ce3616d9-58ad-4ec7-a294-1821e1564434"",""environment"":""fb6513d0-42a4-4660-82b5-509c54b15f2a"",""service"":""4978aa94-666c-47c7-8024-3ada55195a51"",""deployment"":""b74391c9-c7a3-4b79-8cbc-cdb2242a0c4b"",""replica"":""ee6f635d-6e8d-49c1-9a8a-391303e7d624""}",2026-04-02T01:04:16.617443675Z
2026-04-02 01:04:26 UTC - Services healthy,info,"{""level"":""info""}","{""project"":""ce3616d9-58ad-4ec7-a294-1821e1564434"",""environment"":""fb6513d0-42a4-4660-82b5-509c54b15f2a"",""service"":""4978aa94-666c-47c7-8024-3ada55195a51"",""deployment"":""b74391c9-c7a3-4b79-8cbc-cdb2242a0c4b"",""replica"":""ee6f635d-6e8d-49c1-9a8a-391303e7d624""}",2026-04-02T01:04:36.518377402Z
[DB] Synced 1 accounts to database,info,"{""level"":""info""}","{""project"":""ce3616d9-58ad-4ec7-a294-1821e1564434"",""environment"":""fb6513d0-42a4-4660-82b5-509c54b15f2a"",""service"":""4978aa94-666c-47c7-8024-3ada55195a51"",""deployment"":""b74391c9-c7a3-4b79-8cbc-cdb2242a0c4b"",""replica"":""ee6f635d-6e8d-49c1-9a8a-391303e7d624""}",2026-04-02T01:04:44.107957784Z
2026-04-02 01:04:56 UTC - Services healthy,info,"{""level"":""info""}","{""project"":""ce3616d9-58ad-4ec7-a294-1821e1564434"",""environment"":""fb6513d0-42a4-4660-82b5-509c54b15f2a"",""service"":""4978aa94-666c-47c7-8024-3ada55195a51"",""deployment"":""b74391c9-c7a3-4b79-8cbc-cdb2242a0c4b"",""replica"":""ee6f635d-6e8d-49c1-9a8a-391303e7d624""}",2026-04-02T01:05:03.991711887Z
[DB] Synced 1 accounts to database,info,"{""level"":""info""}","{""project"":""ce3616d9-58ad-4ec7-a294-1821e1564434"",""environment"":""fb6513d0-42a4-4660-82b5-509c54b15f2a"",""service"":""4978aa94-666c-47c7-8024-3ada55195a51"",""deployment"":""b74391c9-c7a3-4b79-8cbc-cdb2242a0c4b"",""replica"":""ee6f635d-6e8d-49c1-9a8a-391303e7d624""}",2026-04-02T01:05:13.763604638Z
2026-04-02 01:05:26 UTC - Services healthy,info,"{""level"":""info""}","{""project"":""ce3616d9-58ad-4ec7-a294-1821e1564434"",""environment"":""fb6513d0-42a4-4660-82b5-509c54b15f2a"",""service"":""4978aa94-666c-47c7-8024-3ada55195a51"",""deployment"":""b74391c9-c7a3-4b79-8cbc-cdb2242a0c4b"",""replica"":""ee6f635d-6e8d-49c1-9a8a-391303e7d624""}",2026-04-02T01:05:33.919715122Z
[DB] Synced 1 accounts to database,info,"{""level"":""info""}","{""project"":""ce3616d9-58ad-4ec7-a294-1821e1564434"",""environment"":""fb6513d0-42a4-4660-82b5-509c54b15f2a"",""service"":""4978aa94-666c-47c7-8024-3ada55195a51"",""deployment"":""b74391c9-c7a3-4b79-8cbc-cdb2242a0c4b"",""replica"":""ee6f635d-6e8d-49c1-9a8a-391303e7d624""}",2026-04-02T01:05:53.720018812Z
2026-04-02 01:05:56 UTC - Services healthy,info,"{""level"":""info""}","{""project"":""ce3616d9-58ad-4ec7-a294-1821e1564434"",""environment"":""fb6513d0-42a4-4660-82b5-509c54b15f2a"",""service"":""4978aa94-666c-47c7-8024-3ada55195a51"",""deployment"":""b74391c9-c7a3-4b79-8cbc-cdb2242a0c4b"",""replica"":""ee6f635d-6e8d-49c1-9a8a-391303e7d624""}",2026-04-02T01:05:56.816472854Z
[DB] Synced 1 accounts to database,info,"{""level"":""info""}","{""project"":""ce3616d9-58ad-4ec7-a294-1821e1564434"",""environment"":""fb6513d0-42a4-4660-82b5-509c54b15f2a"",""service"":""4978aa94-666c-47c7-8024-3ada55195a51"",""deployment"":""b74391c9-c7a3-4b79-8cbc-cdb2242a0c4b"",""replica"":""ee6f635d-6e8d-49c1-9a8a-391303e7d624""}",2026-04-02T01:06:16.822535848Z
2026-04-02 01:06:26 UTC - Services healthy,info,"{""level"":""info""}","{""project"":""ce3616d9-58ad-4ec7-a294-1821e1564434"",""environment"":""fb6513d0-42a4-4660-82b5-509c54b15f2a"",""service"":""4978aa94-666c-47c7-8024-3ada55195a51"",""deployment"":""b74391c9-c7a3-4b79-8cbc-cdb2242a0c4b"",""replica"":""ee6f635d-6e8d-49c1-9a8a-391303e7d624""}",2026-04-02T01:06:36.818022701Z
[DB] Synced 1 accounts to database,info,"{""level"":""info""}","{""project"":""ce3616d9-58ad-4ec7-a294-1821e1564434"",""environment"":""fb6513d0-42a4-4660-82b5-509c54b15f2a"",""service"":""4978aa94-666c-47c7-8024-3ada55195a51"",""deployment"":""b74391c9-c7a3-4b79-8cbc-cdb2242a0c4b"",""replica"":""ee6f635d-6e8d-49c1-9a8a-391303e7d624""}",2026-04-02T01:06:43.780549610Z
2026-04-02 01:06:56 UTC - Services healthy,info,"{""level"":""info""}","{""project"":""ce3616d9-58ad-4ec7-a294-1821e1564434"",""environment"":""fb6513d0-42a4-4660-82b5-509c54b15f2a"",""service"":""4978aa94-666c-47c7-8024-3ada55195a51"",""deployment"":""b74391c9-c7a3-4b79-8cbc-cdb2242a0c4b"",""replica"":""ee6f635d-6e8d-49c1-9a8a-391303e7d624""}",2026-04-02T01:07:03.905538546Z
[DB] Synced 1 accounts to database,info,"{""level"":""info""}","{""project"":""ce3616d9-58ad-4ec7-a294-1821e1564434"",""environment"":""fb6513d0-42a4-4660-82b5-509c54b15f2a"",""service"":""4978aa94-666c-47c7-8024-3ada55195a51"",""deployment"":""b74391c9-c7a3-4b79-8cbc-cdb2242a0c4b"",""replica"":""ee6f635d-6e8d-49c1-9a8a-391303e7d624""}",2026-04-02T01:07:13.828493236Z
2026-04-02 01:07:26 UTC - Services healthy,info,"{""level"":""info""}","{""project"":""ce3616d9-58ad-4ec7-a294-1821e1564434"",""environment"":""fb6513d0-42a4-4660-82b5-509c54b15f2a"",""service"":""4978aa94-666c-47c7-8024-3ada55195a51"",""deployment"":""b74391c9-c7a3-4b79-8cbc-cdb2242a0c4b"",""replica"":""ee6f635d-6e8d-49c1-9a8a-391303e7d624""}",2026-04-02T01:07:33.883809030Z
[DB] Synced 1 accounts to database,info,"{""level"":""info""}","{""project"":""ce3616d9-58ad-4ec7-a294-1821e1564434"",""environment"":""fb6513d0-42a4-4660-82b5-509c54b15f2a"",""service"":""4978aa94-666c-47c7-8024-3ada55195a51"",""deployment"":""b74391c9-c7a3-4b79-8cbc-cdb2242a0c4b"",""replica"":""ee6f635d-6e8d-49c1-9a8a-391303e7d624""}",2026-04-02T01:07:43.788037563Z
2026-04-02 01:07:56 UTC - Services healthy,info,"{""level"":""info""}","{""project"":""ce3616d9-58ad-4ec7-a294-1821e1564434"",""environment"":""fb6513d0-42a4-4660-82b5-509c54b15f2a"",""service"":""4978aa94-666c-47c7-8024-3ada55195a51"",""deployment"":""b74391c9-c7a3-4b79-8cbc-cdb2242a0c4b"",""replica"":""ee6f635d-6e8d-49c1-9a8a-391303e7d624""}",2026-04-02T01:08:03.747244461Z
[DB] Synced 1 accounts to database,info,"{""level"":""info""}","{""project"":""ce3616d9-58ad-4ec7-a294-1821e1564434"",""environment"":""fb6513d0-42a4-4660-82b5-509c54b15f2a"",""service"":""4978aa94-666c-47c7-8024-3ada55195a51"",""deployment"":""b74391c9-c7a3-4b79-8cbc-cdb2242a0c4b"",""replica"":""ee6f635d-6e8d-49c1-9a8a-391303e7d624""}",2026-04-02T01:08:23.862618241Z
2026-04-02 01:08:26 UTC - Services healthy,info,"{""level"":""info""}","{""project"":""ce3616d9-58ad-4ec7-a294-1821e1564434"",""environment"":""fb6513d0-42a4-4660-82b5-509c54b15f2a"",""service"":""4978aa94-666c-47c7-8024-3ada55195a51"",""deployment"":""b74391c9-c7a3-4b79-8cbc-cdb2242a0c4b"",""replica"":""ee6f635d-6e8d-49c1-9a8a-391303e7d624""}",2026-04-02T01:08:26.846710020Z
[DB] Synced 1 accounts to database,info,"{""level"":""info""}","{""project"":""ce3616d9-58ad-4ec7-a294-1821e1564434"",""environment"":""fb6513d0-42a4-4660-82b5-509c54b15f2a"",""service"":""4978aa94-666c-47c7-8024-3ada55195a51"",""deployment"":""b74391c9-c7a3-4b79-8cbc-cdb2242a0c4b"",""replica"":""ee6f635d-6e8d-49c1-9a8a-391303e7d624""}",2026-04-02T01:08:46.752797483Z
2026-04-02 01:08:56 UTC - Services healthy,info,"{""level"":""info""}","{""project"":""ce3616d9-58ad-4ec7-a294-1821e1564434"",""environment"":""fb6513d0-42a4-4660-82b5-509c54b15f2a"",""service"":""4978aa94-666c-47c7-8024-3ada55195a51"",""deployment"":""b74391c9-c7a3-4b79-8cbc-cdb2242a0c4b"",""replica"":""ee6f635d-6e8d-49c1-9a8a-391303e7d624""}",2026-04-02T01:09:06.661724706Z
[DB] Synced 1 accounts to database,info,"{""level"":""info""}","{""project"":""ce3616d9-58ad-4ec7-a294-1821e1564434"",""environment"":""fb6513d0-42a4-4660-82b5-509c54b15f2a"",""service"":""4978aa94-666c-47c7-8024-3ada55195a51"",""deployment"":""b74391c9-c7a3-4b79-8cbc-cdb2242a0c4b"",""replica"":""ee6f635d-6e8d-49c1-9a8a-391303e7d624""}",2026-04-02T01:09:13.784424464Z
2026-04-02 01:09:26 UTC - Services healthy,info,"{""level"":""info""}","{""project"":""ce3616d9-58ad-4ec7-a294-1821e1564434"",""environment"":""fb6513d0-42a4-4660-82b5-509c54b15f2a"",""service"":""4978aa94-666c-47c7-8024-3ada55195a51"",""deployment"":""b74391c9-c7a3-4b79-8cbc-cdb2242a0c4b"",""replica"":""ee6f635d-6e8d-49c1-9a8a-391303e7d624""}",2026-04-02T01:09:33.785958317Z
[DB] Synced 1 accounts to database,info,"{""level"":""info""}","{""project"":""ce3616d9-58ad-4ec7-a294-1821e1564434"",""environment"":""fb6513d0-42a4-4660-82b5-509c54b15f2a"",""service"":""4978aa94-666c-47c7-8024-3ada55195a51"",""deployment"":""b74391c9-c7a3-4b79-8cbc-cdb2242a0c4b"",""replica"":""ee6f635d-6e8d-49c1-9a8a-391303e7d624""}",2026-04-02T01:09:53.759164397Z
2026-04-02 01:09:56 UTC - Services healthy,info,"{""level"":""info""}","{""project"":""ce3616d9-58ad-4ec7-a294-1821e1564434"",""environment"":""fb6513d0-42a4-4660-82b5-509c54b15f2a"",""service"":""4978aa94-666c-47c7-8024-3ada55195a51"",""deployment"":""b74391c9-c7a3-4b79-8cbc-cdb2242a0c4b"",""replica"":""ee6f635d-6e8d-49c1-9a8a-391303e7d624""}",2026-04-02T01:09:56.941162620Z
[DB] Synced 1 accounts to database,info,"{""level"":""info""}","{""project"":""ce3616d9-58ad-4ec7-a294-1821e1564434"",""environment"":""fb6513d0-42a4-4660-82b5-509c54b15f2a"",""service"":""4978aa94-666c-47c7-8024-3ada55195a51"",""deployment"":""b74391c9-c7a3-4b79-8cbc-cdb2242a0c4b"",""replica"":""ee6f635d-6e8d-49c1-9a8a-391303e7d624""}",2026-04-02T01:10:16.935713531Z
2026-04-02 01:10:26 UTC - Services healthy,info,"{""level"":""info""}","{""project"":""ce3616d9-58ad-4ec7-a294-1821e1564434"",""environment"":""fb6513d0-42a4-4660-82b5-509c54b15f2a"",""service"":""4978aa94-666c-47c7-8024-3ada55195a51"",""deployment"":""b74391c9-c7a3-4b79-8cbc-cdb2242a0c4b"",""replica"":""ee6f635d-6e8d-49c1-9a8a-391303e7d624""}",2026-04-02T01:10:36.924576079Z
[DB] Synced 1 accounts to database,info,"{""level"":""info""}","{""project"":""ce3616d9-58ad-4ec7-a294-1821e1564434"",""environment"":""fb6513d0-42a4-4660-82b5-509c54b15f2a"",""service"":""4978aa94-666c-47c7-8024-3ada55195a51"",""deployment"":""b74391c9-c7a3-4b79-8cbc-cdb2242a0c4b"",""replica"":""ee6f635d-6e8d-49c1-9a8a-391303e7d624""}",2026-04-02T01:10:43.841454784Z
2026-04-02 01:10:56 UTC - Services healthy,info,"{""level"":""info""}","{""project"":""ce3616d9-58ad-4ec7-a294-1821e1564434"",""environment"":""fb6513d0-42a4-4660-82b5-509c54b15f2a"",""service"":""4978aa94-666c-47c7-8024-3ada55195a51"",""deployment"":""b74391c9-c7a3-4b79-8cbc-cdb2242a0c4b"",""replica"":""ee6f635d-6e8d-49c1-9a8a-391303e7d624""}",2026-04-02T01:11:03.786083699Z
[DB] Synced 1 accounts to database,info,"{""level"":""info""}","{""project"":""ce3616d9-58ad-4ec7-a294-1821e1564434"",""environment"":""fb6513d0-42a4-4660-82b5-509c54b15f2a"",""service"":""4978aa94-666c-47c7-8024-3ada55195a51"",""deployment"":""b74391c9-c7a3-4b79-8cbc-cdb2242a0c4b"",""replica"":""ee6f635d-6e8d-49c1-9a8a-391303e7d624""}",2026-04-02T01:11:23.783367326Z
2026-04-02 01:11:26 UTC - Services healthy,info,"{""level"":""info""}","{""project"":""ce3616d9-58ad-4ec7-a294-1821e1564434"",""environment"":""fb6513d0-42a4-4660-82b5-509c54b15f2a"",""service"":""4978aa94-666c-47c7-8024-3ada55195a51"",""deployment"":""b74391c9-c7a3-4b79-8cbc-cdb2242a0c4b"",""replica"":""ee6f635d-6e8d-49c1-9a8a-391303e7d624""}",2026-04-02T01:11:27.139183637Z
[DB] Synced 1 accounts to database,info,"{""level"":""info""}","{""project"":""ce3616d9-58ad-4ec7-a294-1821e1564434"",""environment"":""fb6513d0-42a4-4660-82b5-509c54b15f2a"",""service"":""4978aa94-666c-47c7-8024-3ada55195a51"",""deployment"":""b74391c9-c7a3-4b79-8cbc-cdb2242a0c4b"",""replica"":""ee6f635d-6e8d-49c1-9a8a-391303e7d624""}",2026-04-02T01:11:47.106346790Z
2026-04-02 01:11:56 UTC - Services healthy,info,"{""level"":""info""}","{""project"":""ce3616d9-58ad-4ec7-a294-1821e1564434"",""environment"":""fb6513d0-42a4-4660-82b5-509c54b15f2a"",""service"":""4978aa94-666c-47c7-8024-3ada55195a51"",""deployment"":""b74391c9-c7a3-4b79-8cbc-cdb2242a0c4b"",""replica"":""ee6f635d-6e8d-49c1-9a8a-391303e7d624""}",2026-04-02T01:11:56.880804459Z
[DB] Synced 1 accounts to database,info,"{""level"":""info""}","{""project"":""ce3616d9-58ad-4ec7-a294-1821e1564434"",""environment"":""fb6513d0-42a4-4660-82b5-509c54b15f2a"",""service"":""4978aa94-666c-47c7-8024-3ada55195a51"",""deployment"":""b74391c9-c7a3-4b79-8cbc-cdb2242a0c4b"",""replica"":""ee6f635d-6e8d-49c1-9a8a-391303e7d624""}",2026-04-02T01:12:17.049172819Z
2026-04-02 01:12:26 UTC - Services healthy,info,"{""level"":""info""}","{""project"":""ce3616d9-58ad-4ec7-a294-1821e1564434"",""environment"":""fb6513d0-42a4-4660-82b5-509c54b15f2a"",""service"":""4978aa94-666c-47c7-8024-3ada55195a51"",""deployment"":""b74391c9-c7a3-4b79-8cbc-cdb2242a0c4b"",""replica"":""ee6f635d-6e8d-49c1-9a8a-391303e7d624""}",2026-04-02T01:12:26.887412012Z
[DB] Synced 1 accounts to database,info,"{""level"":""info""}","{""project"":""ce3616d9-58ad-4ec7-a294-1821e1564434"",""environment"":""fb6513d0-42a4-4660-82b5-509c54b15f2a"",""service"":""4978aa94-666c-47c7-8024-3ada55195a51"",""deployment"":""b74391c9-c7a3-4b79-8cbc-cdb2242a0c4b"",""replica"":""ee6f635d-6e8d-49c1-9a8a-391303e7d624""}",2026-04-02T01:12:46.959967921Z
2026-04-02 01:12:56 UTC - Services healthy,info,"{""level"":""info""}","{""project"":""ce3616d9-58ad-4ec7-a294-1821e1564434"",""environment"":""fb6513d0-42a4-4660-82b5-509c54b15f2a"",""service"":""4978aa94-666c-47c7-8024-3ada55195a51"",""deployment"":""b74391c9-c7a3-4b79-8cbc-cdb2242a0c4b"",""replica"":""ee6f635d-6e8d-49c1-9a8a-391303e7d624""}",2026-04-02T01:12:56.895987217Z
[DB] Synced 1 accounts to database,info,"{""level"":""info""}","{""project"":""ce3616d9-58ad-4ec7-a294-1821e1564434"",""environment"":""fb6513d0-42a4-4660-82b5-509c54b15f2a"",""service"":""4978aa94-666c-47c7-8024-3ada55195a51"",""deployment"":""b74391c9-c7a3-4b79-8cbc-cdb2242a0c4b"",""replica"":""ee6f635d-6e8d-49c1-9a8a-391303e7d624""}",2026-04-02T01:13:16.851769672Z
2026-04-02 01:13:26 UTC - Services healthy,info,"{""level"":""info""}","{""project"":""ce3616d9-58ad-4ec7-a294-1821e1564434"",""environment"":""fb6513d0-42a4-4660-82b5-509c54b15f2a"",""service"":""4978aa94-666c-47c7-8024-3ada55195a51"",""deployment"":""b74391c9-c7a3-4b79-8cbc-cdb2242a0c4b"",""replica"":""ee6f635d-6e8d-49c1-9a8a-391303e7d624""}",2026-04-02T01:13:36.874944058Z
[DB] Synced 1 accounts to database,info,"{""level"":""info""}","{""project"":""ce3616d9-58ad-4ec7-a294-1821e1564434"",""environment"":""fb6513d0-42a4-4660-82b5-509c54b15f2a"",""service"":""4978aa94-666c-47c7-8024-3ada55195a51"",""deployment"":""b74391c9-c7a3-4b79-8cbc-cdb2242a0c4b"",""replica"":""ee6f635d-6e8d-49c1-9a8a-391303e7d624""}",2026-04-02T01:13:43.858493328Z
2026-04-02 01:13:56 UTC - Services healthy,info,"{""level"":""info""}","{""project"":""ce3616d9-58ad-4ec7-a294-1821e1564434"",""environment"":""fb6513d0-42a4-4660-82b5-509c54b15f2a"",""service"":""4978aa94-666c-47c7-8024-3ada55195a51"",""deployment"":""b74391c9-c7a3-4b79-8cbc-cdb2242a0c4b"",""replica"":""ee6f635d-6e8d-49c1-9a8a-391303e7d624""}",2026-04-02T01:14:03.980285511Z
[DB] Synced 1 accounts to database,info,"{""level"":""info""}","{""project"":""ce3616d9-58ad-4ec7-a294-1821e1564434"",""environment"":""fb6513d0-42a4-4660-82b5-509c54b15f2a"",""service"":""4978aa94-666c-47c7-8024-3ada55195a51"",""deployment"":""b74391c9-c7a3-4b79-8cbc-cdb2242a0c4b"",""replica"":""ee6f635d-6e8d-49c1-9a8a-391303e7d624""}",2026-04-02T01:14:13.838885654Z
2026-04-02 01:14:26 UTC - Services healthy,info,"{""level"":""info""}","{""project"":""ce3616d9-58ad-4ec7-a294-1821e1564434"",""environment"":""fb6513d0-42a4-4660-82b5-509c54b15f2a"",""service"":""4978aa94-666c-47c7-8024-3ada55195a51"",""deployment"":""b74391c9-c7a3-4b79-8cbc-cdb2242a0c4b"",""replica"":""ee6f635d-6e8d-49c1-9a8a-391303e7d624""}",2026-04-02T01:14:33.712902142Z
[DB] Synced 1 accounts to database,info,"{""level"":""info""}","{""project"":""ce3616d9-58ad-4ec7-a294-1821e1564434"",""environment"":""fb6513d0-42a4-4660-82b5-509c54b15f2a"",""service"":""4978aa94-666c-47c7-8024-3ada55195a51"",""deployment"":""b74391c9-c7a3-4b79-8cbc-cdb2242a0c4b"",""replica"":""ee6f635d-6e8d-49c1-9a8a-391303e7d624""}",2026-04-02T01:14:53.286689719Z
2026-04-02 01:14:56 UTC - Services healthy,info,"{""level"":""info""}","{""project"":""ce3616d9-58ad-4ec7-a294-1821e1564434"",""environment"":""fb6513d0-42a4-4660-82b5-509c54b15f2a"",""service"":""4978aa94-666c-47c7-8024-3ada55195a51"",""deployment"":""b74391c9-c7a3-4b79-8cbc-cdb2242a0c4b"",""replica"":""ee6f635d-6e8d-49c1-9a8a-391303e7d624""}",2026-04-02T01:14:56.989716094Z
[DB] Synced 1 accounts to database,info,"{""level"":""info""}","{""project"":""ce3616d9-58ad-4ec7-a294-1821e1564434"",""environment"":""fb6513d0-42a4-4660-82b5-509c54b15f2a"",""service"":""4978aa94-666c-47c7-8024-3ada55195a51"",""deployment"":""b74391c9-c7a3-4b79-8cbc-cdb2242a0c4b"",""replica"":""ee6f635d-6e8d-49c1-9a8a-391303e7d624""}",2026-04-02T01:15:17.031835562Z
2026-04-02 01:15:26 UTC - Services healthy,info,"{""level"":""info""}","{""project"":""ce3616d9-58ad-4ec7-a294-1821e1564434"",""environment"":""fb6513d0-42a4-4660-82b5-509c54b15f2a"",""service"":""4978aa94-666c-47c7-8024-3ada55195a51"",""deployment"":""b74391c9-c7a3-4b79-8cbc-cdb2242a0c4b"",""replica"":""ee6f635d-6e8d-49c1-9a8a-391303e7d624""}",2026-04-02T01:15:26.924304431Z
[DB] Synced 1 accounts to database,info,"{""level"":""info""}","{""project"":""ce3616d9-58ad-4ec7-a294-1821e1564434"",""environment"":""fb6513d0-42a4-4660-82b5-509c54b15f2a"",""service"":""4978aa94-666c-47c7-8024-3ada55195a51"",""deployment"":""b74391c9-c7a3-4b79-8cbc-cdb2242a0c4b"",""replica"":""ee6f635d-6e8d-49c1-9a8a-391303e7d624""}",2026-04-02T01:15:46.848735168Z
2026-04-02 01:15:56 UTC - Services healthy,info,"{""level"":""info""}","{""project"":""ce3616d9-58ad-4ec7-a294-1821e1564434"",""environment"":""fb6513d0-42a4-4660-82b5-509c54b15f2a"",""service"":""4978aa94-666c-47c7-8024-3ada55195a51"",""deployment"":""b74391c9-c7a3-4b79-8cbc-cdb2242a0c4b"",""replica"":""ee6f635d-6e8d-49c1-9a8a-391303e7d624""}",2026-04-02T01:16:06.811828074Z
[DB] Synced 1 accounts to database,info,"{""level"":""info""}","{""project"":""ce3616d9-58ad-4ec7-a294-1821e1564434"",""environment"":""fb6513d0-42a4-4660-82b5-509c54b15f2a"",""service"":""4978aa94-666c-47c7-8024-3ada55195a51"",""deployment"":""b74391c9-c7a3-4b79-8cbc-cdb2242a0c4b"",""replica"":""ee6f635d-6e8d-49c1-9a8a-391303e7d624""}",2026-04-02T01:16:13.860748709Z
2026-04-02 01:16:26 UTC - Services healthy,info,"{""level"":""info""}","{""project"":""ce3616d9-58ad-4ec7-a294-1821e1564434"",""environment"":""fb6513d0-42a4-4660-82b5-509c54b15f2a"",""service"":""4978aa94-666c-47c7-8024-3ada55195a51"",""deployment"":""b74391c9-c7a3-4b79-8cbc-cdb2242a0c4b"",""replica"":""ee6f635d-6e8d-49c1-9a8a-391303e7d624""}",2026-04-02T01:16:33.798281651Z
[DB] Synced 1 accounts to database,info,"{""level"":""info""}","{""project"":""ce3616d9-58ad-4ec7-a294-1821e1564434"",""environment"":""fb6513d0-42a4-4660-82b5-509c54b15f2a"",""service"":""4978aa94-666c-47c7-8024-3ada55195a51"",""deployment"":""b74391c9-c7a3-4b79-8cbc-cdb2242a0c4b"",""replica"":""ee6f635d-6e8d-49c1-9a8a-391303e7d624""}",2026-04-02T01:16:53.757433041Z
2026-04-02 01:16:56 UTC - Services healthy,info,"{""level"":""info""}","{""project"":""ce3616d9-58ad-4ec7-a294-1821e1564434"",""environment"":""fb6513d0-42a4-4660-82b5-509c54b15f2a"",""service"":""4978aa94-666c-47c7-8024-3ada55195a51"",""deployment"":""b74391c9-c7a3-4b79-8cbc-cdb2242a0c4b"",""replica"":""ee6f635d-6e8d-49c1-9a8a-391303e7d624""}",2026-04-02T01:16:56.945093281Z
[DB] Synced 1 accounts to database,info,"{""level"":""info""}","{""project"":""ce3616d9-58ad-4ec7-a294-1821e1564434"",""environment"":""fb6513d0-42a4-4660-82b5-509c54b15f2a"",""service"":""4978aa94-666c-47c7-8024-3ada55195a51"",""deployment"":""b74391c9-c7a3-4b79-8cbc-cdb2242a0c4b"",""replica"":""ee6f635d-6e8d-49c1-9a8a-391303e7d624""}",2026-04-02T01:17:16.939313059Z
2026-04-02 01:17:26 UTC - Services healthy,info,"{""level"":""info""}","{""project"":""ce3616d9-58ad-4ec7-a294-1821e1564434"",""environment"":""fb6513d0-42a4-4660-82b5-509c54b15f2a"",""service"":""4978aa94-666c-47c7-8024-3ada55195a51"",""deployment"":""b74391c9-c7a3-4b79-8cbc-cdb2242a0c4b"",""replica"":""ee6f635d-6e8d-49c1-9a8a-391303e7d624""}",2026-04-02T01:17:37.086396550Z
[DB] Synced 1 accounts to database,info,"{""level"":""info""}","{""project"":""ce3616d9-58ad-4ec7-a294-1821e1564434"",""environment"":""fb6513d0-42a4-4660-82b5-509c54b15f2a"",""service"":""4978aa94-666c-47c7-8024-3ada55195a51"",""deployment"":""b74391c9-c7a3-4b79-8cbc-cdb2242a0c4b"",""replica"":""ee6f635d-6e8d-49c1-9a8a-391303e7d624""}",2026-04-02T01:17:43.908997922Z
2026-04-02 01:17:56 UTC - Services healthy,info,"{""level"":""info""}","{""project"":""ce3616d9-58ad-4ec7-a294-1821e1564434"",""environment"":""fb6513d0-42a4-4660-82b5-509c54b15f2a"",""service"":""4978aa94-666c-47c7-8024-3ada55195a51"",""deployment"":""b74391c9-c7a3-4b79-8cbc-cdb2242a0c4b"",""replica"":""ee6f635d-6e8d-49c1-9a8a-391303e7d624""}",2026-04-02T01:18:03.984039105Z
[DB] Synced 1 accounts to database,info,"{""level"":""info""}","{""project"":""ce3616d9-58ad-4ec7-a294-1821e1564434"",""environment"":""fb6513d0-42a4-4660-82b5-509c54b15f2a"",""service"":""4978aa94-666c-47c7-8024-3ada55195a51"",""deployment"":""b74391c9-c7a3-4b79-8cbc-cdb2242a0c4b"",""replica"":""ee6f635d-6e8d-49c1-9a8a-391303e7d624""}",2026-04-02T01:18:13.910122265Z
2026-04-02 01:18:26 UTC - Services healthy,info,"{""level"":""info""}","{""project"":""ce3616d9-58ad-4ec7-a294-1821e1564434"",""environment"":""fb6513d0-42a4-4660-82b5-509c54b15f2a"",""service"":""4978aa94-666c-47c7-8024-3ada55195a51"",""deployment"":""b74391c9-c7a3-4b79-8cbc-cdb2242a0c4b"",""replica"":""ee6f635d-6e8d-49c1-9a8a-391303e7d624""}",2026-04-02T01:18:33.942490829Z
[DB] Synced 1 accounts to database,info,"{""level"":""info""}","{""project"":""ce3616d9-58ad-4ec7-a294-1821e1564434"",""environment"":""fb6513d0-42a4-4660-82b5-509c54b15f2a"",""service"":""4978aa94-666c-47c7-8024-3ada55195a51"",""deployment"":""b74391c9-c7a3-4b79-8cbc-cdb2242a0c4b"",""replica"":""ee6f635d-6e8d-49c1-9a8a-391303e7d624""}",2026-04-02T01:18:53.813405961Z
2026-04-02 01:18:56 UTC - Services healthy,info,"{""level"":""info""}","{""project"":""ce3616d9-58ad-4ec7-a294-1821e1564434"",""environment"":""fb6513d0-42a4-4660-82b5-509c54b15f2a"",""service"":""4978aa94-666c-47c7-8024-3ada55195a51"",""deployment"":""b74391c9-c7a3-4b79-8cbc-cdb2242a0c4b"",""replica"":""ee6f635d-6e8d-49c1-9a8a-391303e7d624""}",2026-04-02T01:18:56.961683145Z
[DB] Synced 1 accounts to database,info,"{""level"":""info""}","{""project"":""ce3616d9-58ad-4ec7-a294-1821e1564434"",""environment"":""fb6513d0-42a4-4660-82b5-509c54b15f2a"",""service"":""4978aa94-666c-47c7-8024-3ada55195a51"",""deployment"":""b74391c9-c7a3-4b79-8cbc-cdb2242a0c4b"",""replica"":""ee6f635d-6e8d-49c1-9a8a-391303e7d624""}",2026-04-02T01:19:16.858740308Z
2026-04-02 01:19:26 UTC - Services healthy,info,"{""level"":""info""}","{""project"":""ce3616d9-58ad-4ec7-a294-1821e1564434"",""environment"":""fb6513d0-42a4-4660-82b5-509c54b15f2a"",""service"":""4978aa94-666c-47c7-8024-3ada55195a51"",""deployment"":""b74391c9-c7a3-4b79-8cbc-cdb2242a0c4b"",""replica"":""ee6f635d-6e8d-49c1-9a8a-391303e7d624""}",2026-04-02T01:19:36.855476518Z
[DB] Synced 1 accounts to database,info,"{""level"":""info""}","{""project"":""ce3616d9-58ad-4ec7-a294-1821e1564434"",""environment"":""fb6513d0-42a4-4660-82b5-509c54b15f2a"",""service"":""4978aa94-666c-47c7-8024-3ada55195a51"",""deployment"":""b74391c9-c7a3-4b79-8cbc-cdb2242a0c4b"",""replica"":""ee6f635d-6e8d-49c1-9a8a-391303e7d624""}",2026-04-02T01:19:43.906485284Z
2026-04-02 01:19:56 UTC - Services healthy,info,"{""level"":""info""}","{""project"":""ce3616d9-58ad-4ec7-a294-1821e1564434"",""environment"":""fb6513d0-42a4-4660-82b5-509c54b15f2a"",""service"":""4978aa94-666c-47c7-8024-3ada55195a51"",""deployment"":""b74391c9-c7a3-4b79-8cbc-cdb2242a0c4b"",""replica"":""ee6f635d-6e8d-49c1-9a8a-391303e7d624""}",2026-04-02T01:20:03.855453787Z
[DB] Synced 1 accounts to database,info,"{""level"":""info""}","{""project"":""ce3616d9-58ad-4ec7-a294-1821e1564434"",""environment"":""fb6513d0-42a4-4660-82b5-509c54b15f2a"",""service"":""4978aa94-666c-47c7-8024-3ada55195a51"",""deployment"":""b74391c9-c7a3-4b79-8cbc-cdb2242a0c4b"",""replica"":""ee6f635d-6e8d-49c1-9a8a-391303e7d624""}",2026-04-02T01:20:24.062352269Z
2026-04-02 01:20:26 UTC - Services healthy,info,"{""level"":""info""}","{""project"":""ce3616d9-58ad-4ec7-a294-1821e1564434"",""environment"":""fb6513d0-42a4-4660-82b5-509c54b15f2a"",""service"":""4978aa94-666c-47c7-8024-3ada55195a51"",""deployment"":""b74391c9-c7a3-4b79-8cbc-cdb2242a0c4b"",""replica"":""ee6f635d-6e8d-49c1-9a8a-391303e7d624""}",2026-04-02T01:20:27.142911852Z
[DB] Synced 1 accounts to database,info,"{""level"":""info""}","{""project"":""ce3616d9-58ad-4ec7-a294-1821e1564434"",""environment"":""fb6513d0-42a4-4660-82b5-509c54b15f2a"",""service"":""4978aa94-666c-47c7-8024-3ada55195a51"",""deployment"":""b74391c9-c7a3-4b79-8cbc-cdb2242a0c4b"",""replica"":""ee6f635d-6e8d-49c1-9a8a-391303e7d624""}",2026-04-02T01:20:47.141371276Z
[WS Upgrade] /socket.io/,info,"{""level"":""info""}","{""project"":""ce3616d9-58ad-4ec7-a294-1821e1564434"",""environment"":""fb6513d0-42a4-4660-82b5-509c54b15f2a"",""service"":""4978aa94-666c-47c7-8024-3ada55195a51"",""deployment"":""b74391c9-c7a3-4b79-8cbc-cdb2242a0c4b"",""replica"":""ee6f635d-6e8d-49c1-9a8a-391303e7d624""}",2026-04-02T01:20:47.141379096Z
"[HPM] Client connected: { address: '::1', family: 'IPv6', port: 42830 }",info,"{""level"":""info""}","{""project"":""ce3616d9-58ad-4ec7-a294-1821e1564434"",""environment"":""fb6513d0-42a4-4660-82b5-509c54b15f2a"",""service"":""4978aa94-666c-47c7-8024-3ada55195a51"",""deployment"":""b74391c9-c7a3-4b79-8cbc-cdb2242a0c4b"",""replica"":""ee6f635d-6e8d-49c1-9a8a-391303e7d624""}",2026-04-02T01:20:47.141383961Z
[Socket.io] Client connected: AiFi9WcVQpFLkZL2AACy | Transport: websocket,info,"{""level"":""info""}","{""project"":""ce3616d9-58ad-4ec7-a294-1821e1564434"",""environment"":""fb6513d0-42a4-4660-82b5-509c54b15f2a"",""service"":""4978aa94-666c-47c7-8024-3ada55195a51"",""deployment"":""b74391c9-c7a3-4b79-8cbc-cdb2242a0c4b"",""replica"":""ee6f635d-6e8d-49c1-9a8a-391303e7d624""}",2026-04-02T01:20:47.141389505Z
Client connected: AiFi9WcVQpFLkZL2AACy Transport: websocket,info,"{""level"":""info""}","{""project"":""ce3616d9-58ad-4ec7-a294-1821e1564434"",""environment"":""fb6513d0-42a4-4660-82b5-509c54b15f2a"",""service"":""4978aa94-666c-47c7-8024-3ada55195a51"",""deployment"":""b74391c9-c7a3-4b79-8cbc-cdb2242a0c4b"",""replica"":""ee6f635d-6e8d-49c1-9a8a-391303e7d624""}",2026-04-02T01:20:47.141394576Z
2026-04-02 01:20:56 UTC - Services healthy,info,"{""level"":""info""}","{""project"":""ce3616d9-58ad-4ec7-a294-1821e1564434"",""environment"":""fb6513d0-42a4-4660-82b5-509c54b15f2a"",""service"":""4978aa94-666c-47c7-8024-3ada55195a51"",""deployment"":""b74391c9-c7a3-4b79-8cbc-cdb2242a0c4b"",""replica"":""ee6f635d-6e8d-49c1-9a8a-391303e7d624""}",2026-04-02T01:20:57.012735637Z
[DB] Synced 1 accounts to database,info,"{""level"":""info""}","{""project"":""ce3616d9-58ad-4ec7-a294-1821e1564434"",""environment"":""fb6513d0-42a4-4660-82b5-509c54b15f2a"",""service"":""4978aa94-666c-47c7-8024-3ada55195a51"",""deployment"":""b74391c9-c7a3-4b79-8cbc-cdb2242a0c4b"",""replica"":""ee6f635d-6e8d-49c1-9a8a-391303e7d624""}",2026-04-02T01:21:16.862868097Z
[WA API] POST to: http://localhost:3030/personality/reset/akun-4? Body: ,info,"{""level"":""info""}","{""project"":""ce3616d9-58ad-4ec7-a294-1821e1564434"",""environment"":""fb6513d0-42a4-4660-82b5-509c54b15f2a"",""service"":""4978aa94-666c-47c7-8024-3ada55195a51"",""deployment"":""b74391c9-c7a3-4b79-8cbc-cdb2242a0c4b"",""replica"":""ee6f635d-6e8d-49c1-9a8a-391303e7d624""}",2026-04-02T01:21:16.862873847Z
[WA API] Response: 200,info,"{""level"":""info""}","{""project"":""ce3616d9-58ad-4ec7-a294-1821e1564434"",""environment"":""fb6513d0-42a4-4660-82b5-509c54b15f2a"",""service"":""4978aa94-666c-47c7-8024-3ada55195a51"",""deployment"":""b74391c9-c7a3-4b79-8cbc-cdb2242a0c4b"",""replica"":""ee6f635d-6e8d-49c1-9a8a-391303e7d624""}",2026-04-02T01:21:16.862880399Z
[WA API] POST to: http://localhost:3030/personality/reset/akun-1? Body: ,info,"{""level"":""info""}","{""project"":""ce3616d9-58ad-4ec7-a294-1821e1564434"",""environment"":""fb6513d0-42a4-4660-82b5-509c54b15f2a"",""service"":""4978aa94-666c-47c7-8024-3ada55195a51"",""deployment"":""b74391c9-c7a3-4b79-8cbc-cdb2242a0c4b"",""replica"":""ee6f635d-6e8d-49c1-9a8a-391303e7d624""}",2026-04-02T01:21:18.047608149Z
[WA API] Response: 200,info,"{""level"":""info""}","{""project"":""ce3616d9-58ad-4ec7-a294-1821e1564434"",""environment"":""fb6513d0-42a4-4660-82b5-509c54b15f2a"",""service"":""4978aa94-666c-47c7-8024-3ada55195a51"",""deployment"":""b74391c9-c7a3-4b79-8cbc-cdb2242a0c4b"",""replica"":""ee6f635d-6e8d-49c1-9a8a-391303e7d624""}",2026-04-02T01:21:18.047615554Z
[WA API] POST to: http://localhost:3030/personality/reset/akun-2? Body: ,info,"{""level"":""info""}","{""project"":""ce3616d9-58ad-4ec7-a294-1821e1564434"",""environment"":""fb6513d0-42a4-4660-82b5-509c54b15f2a"",""service"":""4978aa94-666c-47c7-8024-3ada55195a51"",""deployment"":""b74391c9-c7a3-4b79-8cbc-cdb2242a0c4b"",""replica"":""ee6f635d-6e8d-49c1-9a8a-391303e7d624""}",2026-04-02T01:21:19.062193343Z
[WA API] Response: 200,info,"{""level"":""info""}","{""project"":""ce3616d9-58ad-4ec7-a294-1821e1564434"",""environment"":""fb6513d0-42a4-4660-82b5-509c54b15f2a"",""service"":""4978aa94-666c-47c7-8024-3ada55195a51"",""deployment"":""b74391c9-c7a3-4b79-8cbc-cdb2242a0c4b"",""replica"":""ee6f635d-6e8d-49c1-9a8a-391303e7d624""}",2026-04-02T01:21:19.062199771Z
"[HPM] Client disconnected: { address: '::1', family: 'IPv6', port: 42830 }",info,"{""level"":""info""}","{""project"":""ce3616d9-58ad-4ec7-a294-1821e1564434"",""environment"":""fb6513d0-42a4-4660-82b5-509c54b15f2a"",""service"":""4978aa94-666c-47c7-8024-3ada55195a51"",""deployment"":""b74391c9-c7a3-4b79-8cbc-cdb2242a0c4b"",""replica"":""ee6f635d-6e8d-49c1-9a8a-391303e7d624""}",2026-04-02T01:21:24.703100095Z
[Socket.io] Client disconnected: AiFi9WcVQpFLkZL2AACy | Reason: transport close,info,"{""level"":""info""}","{""project"":""ce3616d9-58ad-4ec7-a294-1821e1564434"",""environment"":""fb6513d0-42a4-4660-82b5-509c54b15f2a"",""service"":""4978aa94-666c-47c7-8024-3ada55195a51"",""deployment"":""b74391c9-c7a3-4b79-8cbc-cdb2242a0c4b"",""replica"":""ee6f635d-6e8d-49c1-9a8a-391303e7d624""}",2026-04-02T01:21:24.703106020Z
Client disconnected: AiFi9WcVQpFLkZL2AACy Reason: transport close Transport was: websocket,info,"{""level"":""info""}","{""project"":""ce3616d9-58ad-4ec7-a294-1821e1564434"",""environment"":""fb6513d0-42a4-4660-82b5-509c54b15f2a"",""service"":""4978aa94-666c-47c7-8024-3ada55195a51"",""deployment"":""b74391c9-c7a3-4b79-8cbc-cdb2242a0c4b"",""replica"":""ee6f635d-6e8d-49c1-9a8a-391303e7d624""}",2026-04-02T01:21:24.703111787Z
[WS Upgrade] /socket.io/,info,"{""level"":""info""}","{""project"":""ce3616d9-58ad-4ec7-a294-1821e1564434"",""environment"":""fb6513d0-42a4-4660-82b5-509c54b15f2a"",""service"":""4978aa94-666c-47c7-8024-3ada55195a51"",""deployment"":""b74391c9-c7a3-4b79-8cbc-cdb2242a0c4b"",""replica"":""ee6f635d-6e8d-49c1-9a8a-391303e7d624""}",2026-04-02T01:21:25.171802381Z
"[HPM] Client connected: { address: '::1', family: 'IPv6', port: 52386 }",info,"{""level"":""info""}","{""project"":""ce3616d9-58ad-4ec7-a294-1821e1564434"",""environment"":""fb6513d0-42a4-4660-82b5-509c54b15f2a"",""service"":""4978aa94-666c-47c7-8024-3ada55195a51"",""deployment"":""b74391c9-c7a3-4b79-8cbc-cdb2242a0c4b"",""replica"":""ee6f635d-6e8d-49c1-9a8a-391303e7d624""}",2026-04-02T01:21:25.171809448Z
[Socket.io] Client connected: Vu1Ir6HiRJTA1NHLAAC1 | Transport: websocket,info,"{""level"":""info""}","{""project"":""ce3616d9-58ad-4ec7-a294-1821e1564434"",""environment"":""fb6513d0-42a4-4660-82b5-509c54b15f2a"",""service"":""4978aa94-666c-47c7-8024-3ada55195a51"",""deployment"":""b74391c9-c7a3-4b79-8cbc-cdb2242a0c4b"",""replica"":""ee6f635d-6e8d-49c1-9a8a-391303e7d624""}",2026-04-02T01:21:25.171813894Z
Client connected: Vu1Ir6HiRJTA1NHLAAC1 Transport: websocket,info,"{""level"":""info""}","{""project"":""ce3616d9-58ad-4ec7-a294-1821e1564434"",""environment"":""fb6513d0-42a4-4660-82b5-509c54b15f2a"",""service"":""4978aa94-666c-47c7-8024-3ada55195a51"",""deployment"":""b74391c9-c7a3-4b79-8cbc-cdb2242a0c4b"",""replica"":""ee6f635d-6e8d-49c1-9a8a-391303e7d624""}",2026-04-02T01:21:25.171817958Z
2026-04-02 01:21:26 UTC - Services healthy,info,"{""level"":""info""}","{""project"":""ce3616d9-58ad-4ec7-a294-1821e1564434"",""environment"":""fb6513d0-42a4-4660-82b5-509c54b15f2a"",""service"":""4978aa94-666c-47c7-8024-3ada55195a51"",""deployment"":""b74391c9-c7a3-4b79-8cbc-cdb2242a0c4b"",""replica"":""ee6f635d-6e8d-49c1-9a8a-391303e7d624""}",2026-04-02T01:21:26.988061192Z
"[HPM] Client disconnected: { address: '::1', family: 'IPv6', port: 52386 }",info,"{""level"":""info""}","{""project"":""ce3616d9-58ad-4ec7-a294-1821e1564434"",""environment"":""fb6513d0-42a4-4660-82b5-509c54b15f2a"",""service"":""4978aa94-666c-47c7-8024-3ada55195a51"",""deployment"":""b74391c9-c7a3-4b79-8cbc-cdb2242a0c4b"",""replica"":""ee6f635d-6e8d-49c1-9a8a-391303e7d624""}",2026-04-02T01:21:36.172072126Z
[Socket.io] Client disconnected: Vu1Ir6HiRJTA1NHLAAC1 | Reason: transport close,info,"{""level"":""info""}","{""project"":""ce3616d9-58ad-4ec7-a294-1821e1564434"",""environment"":""fb6513d0-42a4-4660-82b5-509c54b15f2a"",""service"":""4978aa94-666c-47c7-8024-3ada55195a51"",""deployment"":""b74391c9-c7a3-4b79-8cbc-cdb2242a0c4b"",""replica"":""ee6f635d-6e8d-49c1-9a8a-391303e7d624""}",2026-04-02T01:21:36.172080379Z
Client disconnected: Vu1Ir6HiRJTA1NHLAAC1 Reason: transport close Transport was: websocket,info,"{""level"":""info""}","{""project"":""ce3616d9-58ad-4ec7-a294-1821e1564434"",""environment"":""fb6513d0-42a4-4660-82b5-509c54b15f2a"",""service"":""4978aa94-666c-47c7-8024-3ada55195a51"",""deployment"":""b74391c9-c7a3-4b79-8cbc-cdb2242a0c4b"",""replica"":""ee6f635d-6e8d-49c1-9a8a-391303e7d624""}",2026-04-02T01:21:36.172088163Z
[WS Upgrade] /socket.io/,info,"{""level"":""info""}","{""project"":""ce3616d9-58ad-4ec7-a294-1821e1564434"",""environment"":""fb6513d0-42a4-4660-82b5-509c54b15f2a"",""service"":""4978aa94-666c-47c7-8024-3ada55195a51"",""deployment"":""b74391c9-c7a3-4b79-8cbc-cdb2242a0c4b"",""replica"":""ee6f635d-6e8d-49c1-9a8a-391303e7d624""}",2026-04-02T01:21:36.534995752Z
"[HPM] Client connected: { address: '::1', family: 'IPv6', port: 47784 }",info,"{""level"":""info""}","{""project"":""ce3616d9-58ad-4ec7-a294-1821e1564434"",""environment"":""fb6513d0-42a4-4660-82b5-509c54b15f2a"",""service"":""4978aa94-666c-47c7-8024-3ada55195a51"",""deployment"":""b74391c9-c7a3-4b79-8cbc-cdb2242a0c4b"",""replica"":""ee6f635d-6e8d-49c1-9a8a-391303e7d624""}",2026-04-02T01:21:36.535008525Z
[Socket.io] Client connected: 8pgg4rvQDDruuo4HAAC4 | Transport: websocket,info,"{""level"":""info""}","{""project"":""ce3616d9-58ad-4ec7-a294-1821e1564434"",""environment"":""fb6513d0-42a4-4660-82b5-509c54b15f2a"",""service"":""4978aa94-666c-47c7-8024-3ada55195a51"",""deployment"":""b74391c9-c7a3-4b79-8cbc-cdb2242a0c4b"",""replica"":""ee6f635d-6e8d-49c1-9a8a-391303e7d624""}",2026-04-02T01:21:36.646909628Z
Client connected: 8pgg4rvQDDruuo4HAAC4 Transport: websocket,info,"{""level"":""info""}","{""project"":""ce3616d9-58ad-4ec7-a294-1821e1564434"",""environment"":""fb6513d0-42a4-4660-82b5-509c54b15f2a"",""service"":""4978aa94-666c-47c7-8024-3ada55195a51"",""deployment"":""b74391c9-c7a3-4b79-8cbc-cdb2242a0c4b"",""replica"":""ee6f635d-6e8d-49c1-9a8a-391303e7d624""}",2026-04-02T01:21:36.646921755Z
[DB] Synced 1 accounts to database,info,"{""level"":""info""}","{""project"":""ce3616d9-58ad-4ec7-a294-1821e1564434"",""environment"":""fb6513d0-42a4-4660-82b5-509c54b15f2a"",""service"":""4978aa94-666c-47c7-8024-3ada55195a51"",""deployment"":""b74391c9-c7a3-4b79-8cbc-cdb2242a0c4b"",""replica"":""ee6f635d-6e8d-49c1-9a8a-391303e7d624""}",2026-04-02T01:21:43.907369472Z
"[HPM] Client disconnected: { address: '::1', family: 'IPv6', port: 47784 }",info,"{""level"":""info""}","{""project"":""ce3616d9-58ad-4ec7-a294-1821e1564434"",""environment"":""fb6513d0-42a4-4660-82b5-509c54b15f2a"",""service"":""4978aa94-666c-47c7-8024-3ada55195a51"",""deployment"":""b74391c9-c7a3-4b79-8cbc-cdb2242a0c4b"",""replica"":""ee6f635d-6e8d-49c1-9a8a-391303e7d624""}",2026-04-02T01:21:48.768071236Z
[Socket.io] Client disconnected: 8pgg4rvQDDruuo4HAAC4 | Reason: transport close,info,"{""level"":""info""}","{""project"":""ce3616d9-58ad-4ec7-a294-1821e1564434"",""environment"":""fb6513d0-42a4-4660-82b5-509c54b15f2a"",""service"":""4978aa94-666c-47c7-8024-3ada55195a51"",""deployment"":""b74391c9-c7a3-4b79-8cbc-cdb2242a0c4b"",""replica"":""ee6f635d-6e8d-49c1-9a8a-391303e7d624""}",2026-04-02T01:21:48.768080162Z
Client disconnected: 8pgg4rvQDDruuo4HAAC4 Reason: transport close Transport was: websocket,info,"{""level"":""info""}","{""project"":""ce3616d9-58ad-4ec7-a294-1821e1564434"",""environment"":""fb6513d0-42a4-4660-82b5-509c54b15f2a"",""service"":""4978aa94-666c-47c7-8024-3ada55195a51"",""deployment"":""b74391c9-c7a3-4b79-8cbc-cdb2242a0c4b"",""replica"":""ee6f635d-6e8d-49c1-9a8a-391303e7d624""}",2026-04-02T01:21:48.768086499Z
[WS Upgrade] /socket.io/,info,"{""level"":""info""}","{""project"":""ce3616d9-58ad-4ec7-a294-1821e1564434"",""environment"":""fb6513d0-42a4-4660-82b5-509c54b15f2a"",""service"":""4978aa94-666c-47c7-8024-3ada55195a51"",""deployment"":""b74391c9-c7a3-4b79-8cbc-cdb2242a0c4b"",""replica"":""ee6f635d-6e8d-49c1-9a8a-391303e7d624""}",2026-04-02T01:21:49.117690626Z
"[HPM] Client connected: { address: '::1', family: 'IPv6', port: 55318 }",info,"{""level"":""info""}","{""project"":""ce3616d9-58ad-4ec7-a294-1821e1564434"",""environment"":""fb6513d0-42a4-4660-82b5-509c54b15f2a"",""service"":""4978aa94-666c-47c7-8024-3ada55195a51"",""deployment"":""b74391c9-c7a3-4b79-8cbc-cdb2242a0c4b"",""replica"":""ee6f635d-6e8d-49c1-9a8a-391303e7d624""}",2026-04-02T01:21:49.117701965Z
[Socket.io] Client connected: ckL7RNP2ygaLWfI4AAC7 | Transport: websocket,info,"{""level"":""info""}","{""project"":""ce3616d9-58ad-4ec7-a294-1821e1564434"",""environment"":""fb6513d0-42a4-4660-82b5-509c54b15f2a"",""service"":""4978aa94-666c-47c7-8024-3ada55195a51"",""deployment"":""b74391c9-c7a3-4b79-8cbc-cdb2242a0c4b"",""replica"":""ee6f635d-6e8d-49c1-9a8a-391303e7d624""}",2026-04-02T01:21:49.190957919Z
Client connected: ckL7RNP2ygaLWfI4AAC7 Transport: websocket,info,"{""level"":""info""}","{""project"":""ce3616d9-58ad-4ec7-a294-1821e1564434"",""environment"":""fb6513d0-42a4-4660-82b5-509c54b15f2a"",""service"":""4978aa94-666c-47c7-8024-3ada55195a51"",""deployment"":""b74391c9-c7a3-4b79-8cbc-cdb2242a0c4b"",""replica"":""ee6f635d-6e8d-49c1-9a8a-391303e7d624""}",2026-04-02T01:21:49.190968566Z
2026-04-02 01:21:56 UTC - Services healthy,info,"{""level"":""info""}","{""project"":""ce3616d9-58ad-4ec7-a294-1821e1564434"",""environment"":""fb6513d0-42a4-4660-82b5-509c54b15f2a"",""service"":""4978aa94-666c-47c7-8024-3ada55195a51"",""deployment"":""b74391c9-c7a3-4b79-8cbc-cdb2242a0c4b"",""replica"":""ee6f635d-6e8d-49c1-9a8a-391303e7d624""}",2026-04-02T01:21:56.999045952Z
"[HPM] Client disconnected: { address: '::1', family: 'IPv6', port: 55318 }",info,"{""level"":""info""}","{""project"":""ce3616d9-58ad-4ec7-a294-1821e1564434"",""environment"":""fb6513d0-42a4-4660-82b5-509c54b15f2a"",""service"":""4978aa94-666c-47c7-8024-3ada55195a51"",""deployment"":""b74391c9-c7a3-4b79-8cbc-cdb2242a0c4b"",""replica"":""ee6f635d-6e8d-49c1-9a8a-391303e7d624""}",2026-04-02T01:22:04.046276472Z
[Socket.io] Client disconnected: ckL7RNP2ygaLWfI4AAC7 | Reason: transport close,info,"{""level"":""info""}","{""project"":""ce3616d9-58ad-4ec7-a294-1821e1564434"",""environment"":""fb6513d0-42a4-4660-82b5-509c54b15f2a"",""service"":""4978aa94-666c-47c7-8024-3ada55195a51"",""deployment"":""b74391c9-c7a3-4b79-8cbc-cdb2242a0c4b"",""replica"":""ee6f635d-6e8d-49c1-9a8a-391303e7d624""}",2026-04-02T01:22:04.046286940Z
Client disconnected: ckL7RNP2ygaLWfI4AAC7 Reason: transport close Transport was: websocket,info,"{""level"":""info""}","{""project"":""ce3616d9-58ad-4ec7-a294-1821e1564434"",""environment"":""fb6513d0-42a4-4660-82b5-509c54b15f2a"",""service"":""4978aa94-666c-47c7-8024-3ada55195a51"",""deployment"":""b74391c9-c7a3-4b79-8cbc-cdb2242a0c4b"",""replica"":""ee6f635d-6e8d-49c1-9a8a-391303e7d624""}",2026-04-02T01:22:04.046293813Z
[DB] Synced 1 accounts to database,info,"{""level"":""info""}","{""project"":""ce3616d9-58ad-4ec7-a294-1821e1564434"",""environment"":""fb6513d0-42a4-4660-82b5-509c54b15f2a"",""service"":""4978aa94-666c-47c7-8024-3ada55195a51"",""deployment"":""b74391c9-c7a3-4b79-8cbc-cdb2242a0c4b"",""replica"":""ee6f635d-6e8d-49c1-9a8a-391303e7d624""}",2026-04-02T01:22:13.951617454Z
2026-04-02 01:22:26 UTC - Services healthy,info,"{""level"":""info""}","{""project"":""ce3616d9-58ad-4ec7-a294-1821e1564434"",""environment"":""fb6513d0-42a4-4660-82b5-509c54b15f2a"",""service"":""4978aa94-666c-47c7-8024-3ada55195a51"",""deployment"":""b74391c9-c7a3-4b79-8cbc-cdb2242a0c4b"",""replica"":""ee6f635d-6e8d-49c1-9a8a-391303e7d624""}",2026-04-02T01:22:34.056016976Z
[DB] Synced 1 accounts to database,info,"{""level"":""info""}","{""project"":""ce3616d9-58ad-4ec7-a294-1821e1564434"",""environment"":""fb6513d0-42a4-4660-82b5-509c54b15f2a"",""service"":""4978aa94-666c-47c7-8024-3ada55195a51"",""deployment"":""b74391c9-c7a3-4b79-8cbc-cdb2242a0c4b"",""replica"":""ee6f635d-6e8d-49c1-9a8a-391303e7d624""}",2026-04-02T01:22:43.898920888Z
2026-04-02 01:22:57 UTC - Services healthy,info,"{""level"":""info""}","{""project"":""ce3616d9-58ad-4ec7-a294-1821e1564434"",""environment"":""fb6513d0-42a4-4660-82b5-509c54b15f2a"",""service"":""4978aa94-666c-47c7-8024-3ada55195a51"",""deployment"":""b74391c9-c7a3-4b79-8cbc-cdb2242a0c4b"",""replica"":""ee6f635d-6e8d-49c1-9a8a-391303e7d624""}",2026-04-02T01:23:03.893083472Z
[DB] Synced 1 accounts to database,info,"{""level"":""info""}","{""project"":""ce3616d9-58ad-4ec7-a294-1821e1564434"",""environment"":""fb6513d0-42a4-4660-82b5-509c54b15f2a"",""service"":""4978aa94-666c-47c7-8024-3ada55195a51"",""deployment"":""b74391c9-c7a3-4b79-8cbc-cdb2242a0c4b"",""replica"":""ee6f635d-6e8d-49c1-9a8a-391303e7d624""}",2026-04-02T01:23:23.875110635Z
2026-04-02 01:23:27 UTC - Services healthy,info,"{""level"":""info""}","{""project"":""ce3616d9-58ad-4ec7-a294-1821e1564434"",""environment"":""fb6513d0-42a4-4660-82b5-509c54b15f2a"",""service"":""4978aa94-666c-47c7-8024-3ada55195a51"",""deployment"":""b74391c9-c7a3-4b79-8cbc-cdb2242a0c4b"",""replica"":""ee6f635d-6e8d-49c1-9a8a-391303e7d624""}",2026-04-02T01:23:27.017974365Z
[DB] Synced 1 accounts to database,info,"{""level"":""info""}","{""project"":""ce3616d9-58ad-4ec7-a294-1821e1564434"",""environment"":""fb6513d0-42a4-4660-82b5-509c54b15f2a"",""service"":""4978aa94-666c-47c7-8024-3ada55195a51"",""deployment"":""b74391c9-c7a3-4b79-8cbc-cdb2242a0c4b"",""replica"":""ee6f635d-6e8d-49c1-9a8a-391303e7d624""}",2026-04-02T01:23:46.982603613Z
2026-04-02 01:23:57 UTC - Services healthy,info,"{""level"":""info""}","{""project"":""ce3616d9-58ad-4ec7-a294-1821e1564434"",""environment"":""fb6513d0-42a4-4660-82b5-509c54b15f2a"",""service"":""4978aa94-666c-47c7-8024-3ada55195a51"",""deployment"":""b74391c9-c7a3-4b79-8cbc-cdb2242a0c4b"",""replica"":""ee6f635d-6e8d-49c1-9a8a-391303e7d624""}",2026-04-02T01:24:06.851811794Z
[DB] Synced 1 accounts to database,info,"{""level"":""info""}","{""project"":""ce3616d9-58ad-4ec7-a294-1821e1564434"",""environment"":""fb6513d0-42a4-4660-82b5-509c54b15f2a"",""service"":""4978aa94-666c-47c7-8024-3ada55195a51"",""deployment"":""b74391c9-c7a3-4b79-8cbc-cdb2242a0c4b"",""replica"":""ee6f635d-6e8d-49c1-9a8a-391303e7d624""}",2026-04-02T01:24:13.948089171Z
2026-04-02 01:24:27 UTC - Services healthy,info,"{""level"":""info""}","{""project"":""ce3616d9-58ad-4ec7-a294-1821e1564434"",""environment"":""fb6513d0-42a4-4660-82b5-509c54b15f2a"",""service"":""4978aa94-666c-47c7-8024-3ada55195a51"",""deployment"":""b74391c9-c7a3-4b79-8cbc-cdb2242a0c4b"",""replica"":""ee6f635d-6e8d-49c1-9a8a-391303e7d624""}",2026-04-02T01:24:33.819279578Z
[DB] Synced 1 accounts to database,info,"{""level"":""info""}","{""project"":""ce3616d9-58ad-4ec7-a294-1821e1564434"",""environment"":""fb6513d0-42a4-4660-82b5-509c54b15f2a"",""service"":""4978aa94-666c-47c7-8024-3ada55195a51"",""deployment"":""b74391c9-c7a3-4b79-8cbc-cdb2242a0c4b"",""replica"":""ee6f635d-6e8d-49c1-9a8a-391303e7d624""}",2026-04-02T01:24:53.819561080Z
2026-04-02 01:24:57 UTC - Services healthy,info,"{""level"":""info""}","{""project"":""ce3616d9-58ad-4ec7-a294-1821e1564434"",""environment"":""fb6513d0-42a4-4660-82b5-509c54b15f2a"",""service"":""4978aa94-666c-47c7-8024-3ada55195a51"",""deployment"":""b74391c9-c7a3-4b79-8cbc-cdb2242a0c4b"",""replica"":""ee6f635d-6e8d-49c1-9a8a-391303e7d624""}",2026-04-02T01:24:57.027320056Z
[DB] Synced 1 accounts to database,info,"{""level"":""info""}","{""project"":""ce3616d9-58ad-4ec7-a294-1821e1564434"",""environment"":""fb6513d0-42a4-4660-82b5-509c54b15f2a"",""service"":""4978aa94-666c-47c7-8024-3ada55195a51"",""deployment"":""b74391c9-c7a3-4b79-8cbc-cdb2242a0c4b"",""replica"":""ee6f635d-6e8d-49c1-9a8a-391303e7d624""}",2026-04-02T01:25:17.112591478Z
2026-04-02 01:25:27 UTC - Services healthy,info,"{""level"":""info""}","{""project"":""ce3616d9-58ad-4ec7-a294-1821e1564434"",""environment"":""fb6513d0-42a4-4660-82b5-509c54b15f2a"",""service"":""4978aa94-666c-47c7-8024-3ada55195a51"",""deployment"":""b74391c9-c7a3-4b79-8cbc-cdb2242a0c4b"",""replica"":""ee6f635d-6e8d-49c1-9a8a-391303e7d624""}",2026-04-02T01:25:36.923954406Z
[DB] Synced 1 accounts to database,info,"{""level"":""info""}","{""project"":""ce3616d9-58ad-4ec7-a294-1821e1564434"",""environment"":""fb6513d0-42a4-4660-82b5-509c54b15f2a"",""service"":""4978aa94-666c-47c7-8024-3ada55195a51"",""deployment"":""b74391c9-c7a3-4b79-8cbc-cdb2242a0c4b"",""replica"":""ee6f635d-6e8d-49c1-9a8a-391303e7d624""}",2026-04-02T01:25:43.943337623Z
2026-04-02 01:25:57 UTC - Services healthy,info,"{""level"":""info""}","{""project"":""ce3616d9-58ad-4ec7-a294-1821e1564434"",""environment"":""fb6513d0-42a4-4660-82b5-509c54b15f2a"",""service"":""4978aa94-666c-47c7-8024-3ada55195a51"",""deployment"":""b74391c9-c7a3-4b79-8cbc-cdb2242a0c4b"",""replica"":""ee6f635d-6e8d-49c1-9a8a-391303e7d624""}",2026-04-02T01:26:04.028260239Z
[DB] Synced 1 accounts to database,info,"{""level"":""info""}","{""project"":""ce3616d9-58ad-4ec7-a294-1821e1564434"",""environment"":""fb6513d0-42a4-4660-82b5-509c54b15f2a"",""service"":""4978aa94-666c-47c7-8024-3ada55195a51"",""deployment"":""b74391c9-c7a3-4b79-8cbc-cdb2242a0c4b"",""replica"":""ee6f635d-6e8d-49c1-9a8a-391303e7d624""}",2026-04-02T01:26:13.917975150Z
2026-04-02 01:26:27 UTC - Services healthy,info,"{""level"":""info""}","{""project"":""ce3616d9-58ad-4ec7-a294-1821e1564434"",""environment"":""fb6513d0-42a4-4660-82b5-509c54b15f2a"",""service"":""4978aa94-666c-47c7-8024-3ada55195a51"",""deployment"":""b74391c9-c7a3-4b79-8cbc-cdb2242a0c4b"",""replica"":""ee6f635d-6e8d-49c1-9a8a-391303e7d624""}",2026-04-02T01:26:33.886353203Z
[WS Upgrade] /socket.io/,info,"{""level"":""info""}","{""project"":""ce3616d9-58ad-4ec7-a294-1821e1564434"",""environment"":""fb6513d0-42a4-4660-82b5-509c54b15f2a"",""service"":""4978aa94-666c-47c7-8024-3ada55195a51"",""deployment"":""b74391c9-c7a3-4b79-8cbc-cdb2242a0c4b"",""replica"":""ee6f635d-6e8d-49c1-9a8a-391303e7d624""}",2026-04-02T01:26:38.454947539Z
"[HPM] Client connected: { address: '::1', family: 'IPv6', port: 60640 }",info,"{""level"":""info""}","{""project"":""ce3616d9-58ad-4ec7-a294-1821e1564434"",""environment"":""fb6513d0-42a4-4660-82b5-509c54b15f2a"",""service"":""4978aa94-666c-47c7-8024-3ada55195a51"",""deployment"":""b74391c9-c7a3-4b79-8cbc-cdb2242a0c4b"",""replica"":""ee6f635d-6e8d-49c1-9a8a-391303e7d624""}",2026-04-02T01:26:38.454958249Z
[Socket.io] Client connected: fAfJTT7o1p8t3xPmAAC- | Transport: websocket,info,"{""level"":""info""}","{""project"":""ce3616d9-58ad-4ec7-a294-1821e1564434"",""environment"":""fb6513d0-42a4-4660-82b5-509c54b15f2a"",""service"":""4978aa94-666c-47c7-8024-3ada55195a51"",""deployment"":""b74391c9-c7a3-4b79-8cbc-cdb2242a0c4b"",""replica"":""ee6f635d-6e8d-49c1-9a8a-391303e7d624""}",2026-04-02T01:26:38.594470246Z
Client connected: fAfJTT7o1p8t3xPmAAC- Transport: websocket,info,"{""level"":""info""}","{""project"":""ce3616d9-58ad-4ec7-a294-1821e1564434"",""environment"":""fb6513d0-42a4-4660-82b5-509c54b15f2a"",""service"":""4978aa94-666c-47c7-8024-3ada55195a51"",""deployment"":""b74391c9-c7a3-4b79-8cbc-cdb2242a0c4b"",""replica"":""ee6f635d-6e8d-49c1-9a8a-391303e7d624""}",2026-04-02T01:26:38.594480642Z
[DB] Synced 1 accounts to database,info,"{""level"":""info""}","{""project"":""ce3616d9-58ad-4ec7-a294-1821e1564434"",""environment"":""fb6513d0-42a4-4660-82b5-509c54b15f2a"",""service"":""4978aa94-666c-47c7-8024-3ada55195a51"",""deployment"":""b74391c9-c7a3-4b79-8cbc-cdb2242a0c4b"",""replica"":""ee6f635d-6e8d-49c1-9a8a-391303e7d624""}",2026-04-02T01:26:43.943607466Z
"[HPM] Client disconnected: { address: '::1', family: 'IPv6', port: 60640 }",info,"{""level"":""info""}","{""project"":""ce3616d9-58ad-4ec7-a294-1821e1564434"",""environment"":""fb6513d0-42a4-4660-82b5-509c54b15f2a"",""service"":""4978aa94-666c-47c7-8024-3ada55195a51"",""deployment"":""b74391c9-c7a3-4b79-8cbc-cdb2242a0c4b"",""replica"":""ee6f635d-6e8d-49c1-9a8a-391303e7d624""}",2026-04-02T01:27:03.979916293Z
[Socket.io] Client disconnected: fAfJTT7o1p8t3xPmAAC- | Reason: transport close,info,"{""level"":""info""}","{""project"":""ce3616d9-58ad-4ec7-a294-1821e1564434"",""environment"":""fb6513d0-42a4-4660-82b5-509c54b15f2a"",""service"":""4978aa94-666c-47c7-8024-3ada55195a51"",""deployment"":""b74391c9-c7a3-4b79-8cbc-cdb2242a0c4b"",""replica"":""ee6f635d-6e8d-49c1-9a8a-391303e7d624""}",2026-04-02T01:27:03.979922556Z
Client disconnected: fAfJTT7o1p8t3xPmAAC- Reason: transport close Transport was: websocket,info,"{""level"":""info""}","{""project"":""ce3616d9-58ad-4ec7-a294-1821e1564434"",""environment"":""fb6513d0-42a4-4660-82b5-509c54b15f2a"",""service"":""4978aa94-666c-47c7-8024-3ada55195a51"",""deployment"":""b74391c9-c7a3-4b79-8cbc-cdb2242a0c4b"",""replica"":""ee6f635d-6e8d-49c1-9a8a-391303e7d624""}",2026-04-02T01:27:03.979928283Z
2026-04-02 01:26:57 UTC - Services healthy,info,"{""level"":""info""}","{""project"":""ce3616d9-58ad-4ec7-a294-1821e1564434"",""environment"":""fb6513d0-42a4-4660-82b5-509c54b15f2a"",""service"":""4978aa94-666c-47c7-8024-3ada55195a51"",""deployment"":""b74391c9-c7a3-4b79-8cbc-cdb2242a0c4b"",""replica"":""ee6f635d-6e8d-49c1-9a8a-391303e7d624""}",2026-04-02T01:27:03.979935087Z
[DB] Synced 1 accounts to database,info,"{""level"":""info""}","{""project"":""ce3616d9-58ad-4ec7-a294-1821e1564434"",""environment"":""fb6513d0-42a4-4660-82b5-509c54b15f2a"",""service"":""4978aa94-666c-47c7-8024-3ada55195a51"",""deployment"":""b74391c9-c7a3-4b79-8cbc-cdb2242a0c4b"",""replica"":""ee6f635d-6e8d-49c1-9a8a-391303e7d624""}",2026-04-02T01:27:13.931976846Z
2026-04-02 01:27:27 UTC - Services healthy,info,"{""level"":""info""}","{""project"":""ce3616d9-58ad-4ec7-a294-1821e1564434"",""environment"":""fb6513d0-42a4-4660-82b5-509c54b15f2a"",""service"":""4978aa94-666c-47c7-8024-3ada55195a51"",""deployment"":""b74391c9-c7a3-4b79-8cbc-cdb2242a0c4b"",""replica"":""ee6f635d-6e8d-49c1-9a8a-391303e7d624""}",2026-04-02T01:27:33.875917103Z
[DB] Synced 1 accounts to database,info,"{""level"":""info""}","{""project"":""ce3616d9-58ad-4ec7-a294-1821e1564434"",""environment"":""fb6513d0-42a4-4660-82b5-509c54b15f2a"",""service"":""4978aa94-666c-47c7-8024-3ada55195a51"",""deployment"":""b74391c9-c7a3-4b79-8cbc-cdb2242a0c4b"",""replica"":""ee6f635d-6e8d-49c1-9a8a-391303e7d624""}",2026-04-02T01:27:53.850418137Z
[WS Upgrade] /socket.io/,info,"{""level"":""info""}","{""project"":""ce3616d9-58ad-4ec7-a294-1821e1564434"",""environment"":""fb6513d0-42a4-4660-82b5-509c54b15f2a"",""service"":""4978aa94-666c-47c7-8024-3ada55195a51"",""deployment"":""b74391c9-c7a3-4b79-8cbc-cdb2242a0c4b"",""replica"":""ee6f635d-6e8d-49c1-9a8a-391303e7d624""}",2026-04-02T01:27:53.850426296Z
"[HPM] Client connected: { address: '::1', family: 'IPv6', port: 34718 }",info,"{""level"":""info""}","{""project"":""ce3616d9-58ad-4ec7-a294-1821e1564434"",""environment"":""fb6513d0-42a4-4660-82b5-509c54b15f2a"",""service"":""4978aa94-666c-47c7-8024-3ada55195a51"",""deployment"":""b74391c9-c7a3-4b79-8cbc-cdb2242a0c4b"",""replica"":""ee6f635d-6e8d-49c1-9a8a-391303e7d624""}",2026-04-02T01:27:53.850432551Z
[Socket.io] Client connected: fAfJTT7o1p8t3xPmAAC- | Transport: websocket,info,"{""level"":""info""}","{""project"":""ce3616d9-58ad-4ec7-a294-1821e1564434"",""environment"":""fb6513d0-42a4-4660-82b5-509c54b15f2a"",""service"":""4978aa94-666c-47c7-8024-3ada55195a51"",""deployment"":""b74391c9-c7a3-4b79-8cbc-cdb2242a0c4b"",""replica"":""ee6f635d-6e8d-49c1-9a8a-391303e7d624""}",2026-04-02T01:27:53.850439789Z
Client connected: fAfJTT7o1p8t3xPmAAC- Transport: websocket,info,"{""level"":""info""}","{""project"":""ce3616d9-58ad-4ec7-a294-1821e1564434"",""environment"":""fb6513d0-42a4-4660-82b5-509c54b15f2a"",""service"":""4978aa94-666c-47c7-8024-3ada55195a51"",""deployment"":""b74391c9-c7a3-4b79-8cbc-cdb2242a0c4b"",""replica"":""ee6f635d-6e8d-49c1-9a8a-391303e7d624""}",2026-04-02T01:27:53.850444775Z
2026-04-02 01:27:57 UTC - Services healthy,info,"{""level"":""info""}","{""project"":""ce3616d9-58ad-4ec7-a294-1821e1564434"",""environment"":""fb6513d0-42a4-4660-82b5-509c54b15f2a"",""service"":""4978aa94-666c-47c7-8024-3ada55195a51"",""deployment"":""b74391c9-c7a3-4b79-8cbc-cdb2242a0c4b"",""replica"":""ee6f635d-6e8d-49c1-9a8a-391303e7d624""}",2026-04-02T01:27:57.086756136Z
[DB] Synced 1 accounts to database,info,"{""level"":""info""}","{""project"":""ce3616d9-58ad-4ec7-a294-1821e1564434"",""environment"":""fb6513d0-42a4-4660-82b5-509c54b15f2a"",""service"":""4978aa94-666c-47c7-8024-3ada55195a51"",""deployment"":""b74391c9-c7a3-4b79-8cbc-cdb2242a0c4b"",""replica"":""ee6f635d-6e8d-49c1-9a8a-391303e7d624""}",2026-04-02T01:28:17.152374260Z
2026-04-02 01:28:27 UTC - Services healthy,info,"{""level"":""info""}","{""project"":""ce3616d9-58ad-4ec7-a294-1821e1564434"",""environment"":""fb6513d0-42a4-4660-82b5-509c54b15f2a"",""service"":""4978aa94-666c-47c7-8024-3ada55195a51"",""deployment"":""b74391c9-c7a3-4b79-8cbc-cdb2242a0c4b"",""replica"":""ee6f635d-6e8d-49c1-9a8a-391303e7d624""}",2026-04-02T01:28:27.082302658Z
[DB] Synced 1 accounts to database,info,"{""level"":""info""}","{""project"":""ce3616d9-58ad-4ec7-a294-1821e1564434"",""environment"":""fb6513d0-42a4-4660-82b5-509c54b15f2a"",""service"":""4978aa94-666c-47c7-8024-3ada55195a51"",""deployment"":""b74391c9-c7a3-4b79-8cbc-cdb2242a0c4b"",""replica"":""ee6f635d-6e8d-49c1-9a8a-391303e7d624""}",2026-04-02T01:28:47.296679788Z
2026-04-02 01:28:57 UTC - Services healthy,info,"{""level"":""info""}","{""project"":""ce3616d9-58ad-4ec7-a294-1821e1564434"",""environment"":""fb6513d0-42a4-4660-82b5-509c54b15f2a"",""service"":""4978aa94-666c-47c7-8024-3ada55195a51"",""deployment"":""b74391c9-c7a3-4b79-8cbc-cdb2242a0c4b"",""replica"":""ee6f635d-6e8d-49c1-9a8a-391303e7d624""}",2026-04-02T01:28:57.222432598Z
[DB] Synced 1 accounts to database,info,"{""level"":""info""}","{""project"":""ce3616d9-58ad-4ec7-a294-1821e1564434"",""environment"":""fb6513d0-42a4-4660-82b5-509c54b15f2a"",""service"":""4978aa94-666c-47c7-8024-3ada55195a51"",""deployment"":""b74391c9-c7a3-4b79-8cbc-cdb2242a0c4b"",""replica"":""ee6f635d-6e8d-49c1-9a8a-391303e7d624""}",2026-04-02T01:29:17.233461279Z
2026-04-02 01:29:27 UTC - Services healthy,info,"{""level"":""info""}","{""project"":""ce3616d9-58ad-4ec7-a294-1821e1564434"",""environment"":""fb6513d0-42a4-4660-82b5-509c54b15f2a"",""service"":""4978aa94-666c-47c7-8024-3ada55195a51"",""deployment"":""b74391c9-c7a3-4b79-8cbc-cdb2242a0c4b"",""replica"":""ee6f635d-6e8d-49c1-9a8a-391303e7d624""}",2026-04-02T01:29:27.074216926Z
[DB] Synced 1 accounts to database,info,"{""level"":""info""}","{""project"":""ce3616d9-58ad-4ec7-a294-1821e1564434"",""environment"":""fb6513d0-42a4-4660-82b5-509c54b15f2a"",""service"":""4978aa94-666c-47c7-8024-3ada55195a51"",""deployment"":""b74391c9-c7a3-4b79-8cbc-cdb2242a0c4b"",""replica"":""ee6f635d-6e8d-49c1-9a8a-391303e7d624""}",2026-04-02T01:29:47.026311749Z
2026-04-02 01:29:57 UTC - Services healthy,info,"{""level"":""info""}","{""project"":""ce3616d9-58ad-4ec7-a294-1821e1564434"",""environment"":""fb6513d0-42a4-4660-82b5-509c54b15f2a"",""service"":""4978aa94-666c-47c7-8024-3ada55195a51"",""deployment"":""b74391c9-c7a3-4b79-8cbc-cdb2242a0c4b"",""replica"":""ee6f635d-6e8d-49c1-9a8a-391303e7d624""}",2026-04-02T01:30:07.040119815Z
[DB] Synced 1 accounts to database,info,"{""level"":""info""}","{""project"":""ce3616d9-58ad-4ec7-a294-1821e1564434"",""environment"":""fb6513d0-42a4-4660-82b5-509c54b15f2a"",""service"":""4978aa94-666c-47c7-8024-3ada55195a51"",""deployment"":""b74391c9-c7a3-4b79-8cbc-cdb2242a0c4b"",""replica"":""ee6f635d-6e8d-49c1-9a8a-391303e7d624""}",2026-04-02T01:30:13.954983254Z
[Socket.io] Client disconnected: fAfJTT7o1p8t3xPmAAC- | Reason: ping timeout,info,"{""level"":""info""}","{""project"":""ce3616d9-58ad-4ec7-a294-1821e1564434"",""environment"":""fb6513d0-42a4-4660-82b5-509c54b15f2a"",""service"":""4978aa94-666c-47c7-8024-3ada55195a51"",""deployment"":""b74391c9-c7a3-4b79-8cbc-cdb2242a0c4b"",""replica"":""ee6f635d-6e8d-49c1-9a8a-391303e7d624""}",2026-04-02T01:30:16.044683765Z
Client disconnected: fAfJTT7o1p8t3xPmAAC- Reason: ping timeout Transport was: websocket,info,"{""level"":""info""}","{""project"":""ce3616d9-58ad-4ec7-a294-1821e1564434"",""environment"":""fb6513d0-42a4-4660-82b5-509c54b15f2a"",""service"":""4978aa94-666c-47c7-8024-3ada55195a51"",""deployment"":""b74391c9-c7a3-4b79-8cbc-cdb2242a0c4b"",""replica"":""ee6f635d-6e8d-49c1-9a8a-391303e7d624""}",2026-04-02T01:30:16.044689787Z
"[HPM] Client disconnected: { address: '::1', family: 'IPv6', port: 34718 }",info,"{""level"":""info""}","{""project"":""ce3616d9-58ad-4ec7-a294-1821e1564434"",""environment"":""fb6513d0-42a4-4660-82b5-509c54b15f2a"",""service"":""4978aa94-666c-47c7-8024-3ada55195a51"",""deployment"":""b74391c9-c7a3-4b79-8cbc-cdb2242a0c4b"",""replica"":""ee6f635d-6e8d-49c1-9a8a-391303e7d624""}",2026-04-02T01:30:16.223942452Z
2026-04-02 01:30:27 UTC - Services healthy,info,"{""level"":""info""}","{""project"":""ce3616d9-58ad-4ec7-a294-1821e1564434"",""environment"":""fb6513d0-42a4-4660-82b5-509c54b15f2a"",""service"":""4978aa94-666c-47c7-8024-3ada55195a51"",""deployment"":""b74391c9-c7a3-4b79-8cbc-cdb2242a0c4b"",""replica"":""ee6f635d-6e8d-49c1-9a8a-391303e7d624""}",2026-04-02T01:30:36.403268839Z
[DB] Synced 1 accounts to database,info,"{""level"":""info""}","{""project"":""ce3616d9-58ad-4ec7-a294-1821e1564434"",""environment"":""fb6513d0-42a4-4660-82b5-509c54b15f2a"",""service"":""4978aa94-666c-47c7-8024-3ada55195a51"",""deployment"":""b74391c9-c7a3-4b79-8cbc-cdb2242a0c4b"",""replica"":""ee6f635d-6e8d-49c1-9a8a-391303e7d624""}",2026-04-02T01:30:43.987089415Z
2026-04-02 01:30:57 UTC - Services healthy,info,"{""level"":""info""}","{""project"":""ce3616d9-58ad-4ec7-a294-1821e1564434"",""environment"":""fb6513d0-42a4-4660-82b5-509c54b15f2a"",""service"":""4978aa94-666c-47c7-8024-3ada55195a51"",""deployment"":""b74391c9-c7a3-4b79-8cbc-cdb2242a0c4b"",""replica"":""ee6f635d-6e8d-49c1-9a8a-391303e7d624""}",2026-04-02T01:31:03.962164035Z
[DB] Synced 1 accounts to database,info,"{""level"":""info""}","{""project"":""ce3616d9-58ad-4ec7-a294-1821e1564434"",""environment"":""fb6513d0-42a4-4660-82b5-509c54b15f2a"",""service"":""4978aa94-666c-47c7-8024-3ada55195a51"",""deployment"":""b74391c9-c7a3-4b79-8cbc-cdb2242a0c4b"",""replica"":""ee6f635d-6e8d-49c1-9a8a-391303e7d624""}",2026-04-02T01:31:24.087090529Z
2026-04-02 01:31:27 UTC - Services healthy,info,"{""level"":""info""}","{""project"":""ce3616d9-58ad-4ec7-a294-1821e1564434"",""environment"":""fb6513d0-42a4-4660-82b5-509c54b15f2a"",""service"":""4978aa94-666c-47c7-8024-3ada55195a51"",""deployment"":""b74391c9-c7a3-4b79-8cbc-cdb2242a0c4b"",""replica"":""ee6f635d-6e8d-49c1-9a8a-391303e7d624""}",2026-04-02T01:31:27.109309456Z
[DB] Synced 1 accounts to database,info,"{""level"":""info""}","{""project"":""ce3616d9-58ad-4ec7-a294-1821e1564434"",""environment"":""fb6513d0-42a4-4660-82b5-509c54b15f2a"",""service"":""4978aa94-666c-47c7-8024-3ada55195a51"",""deployment"":""b74391c9-c7a3-4b79-8cbc-cdb2242a0c4b"",""replica"":""ee6f635d-6e8d-49c1-9a8a-391303e7d624""}",2026-04-02T01:31:47.177852730Z
2026-04-02 01:31:57 UTC - Services healthy,info,"{""level"":""info""}","{""project"":""ce3616d9-58ad-4ec7-a294-1821e1564434"",""environment"":""fb6513d0-42a4-4660-82b5-509c54b15f2a"",""service"":""4978aa94-666c-47c7-8024-3ada55195a51"",""deployment"":""b74391c9-c7a3-4b79-8cbc-cdb2242a0c4b"",""replica"":""ee6f635d-6e8d-49c1-9a8a-391303e7d624""}",2026-04-02T01:31:57.105576673Z
[DB] Synced 1 accounts to database,info,"{""level"":""info""}","{""project"":""ce3616d9-58ad-4ec7-a294-1821e1564434"",""environment"":""fb6513d0-42a4-4660-82b5-509c54b15f2a"",""service"":""4978aa94-666c-47c7-8024-3ada55195a51"",""deployment"":""b74391c9-c7a3-4b79-8cbc-cdb2242a0c4b"",""replica"":""ee6f635d-6e8d-49c1-9a8a-391303e7d624""}",2026-04-02T01:32:17.285354618Z
[WS Upgrade] /socket.io/,info,"{""level"":""info""}","{""project"":""ce3616d9-58ad-4ec7-a294-1821e1564434"",""environment"":""fb6513d0-42a4-4660-82b5-509c54b15f2a"",""service"":""4978aa94-666c-47c7-8024-3ada55195a51"",""deployment"":""b74391c9-c7a3-4b79-8cbc-cdb2242a0c4b"",""replica"":""ee6f635d-6e8d-49c1-9a8a-391303e7d624""}",2026-04-02T01:32:24.797512824Z
"[HPM] Client connected: { address: '::1', family: 'IPv6', port: 57642 }",info,"{""level"":""info""}","{""project"":""ce3616d9-58ad-4ec7-a294-1821e1564434"",""environment"":""fb6513d0-42a4-4660-82b5-509c54b15f2a"",""service"":""4978aa94-666c-47c7-8024-3ada55195a51"",""deployment"":""b74391c9-c7a3-4b79-8cbc-cdb2242a0c4b"",""replica"":""ee6f635d-6e8d-49c1-9a8a-391303e7d624""}",2026-04-02T01:32:24.797519720Z
[Socket.io] Client connected: GUa_7pTP9savhba-AADC | Transport: websocket,info,"{""level"":""info""}","{""project"":""ce3616d9-58ad-4ec7-a294-1821e1564434"",""environment"":""fb6513d0-42a4-4660-82b5-509c54b15f2a"",""service"":""4978aa94-666c-47c7-8024-3ada55195a51"",""deployment"":""b74391c9-c7a3-4b79-8cbc-cdb2242a0c4b"",""replica"":""ee6f635d-6e8d-49c1-9a8a-391303e7d624""}",2026-04-02T01:32:25.186818366Z
Client connected: GUa_7pTP9savhba-AADC Transport: websocket,info,"{""level"":""info""}","{""project"":""ce3616d9-58ad-4ec7-a294-1821e1564434"",""environment"":""fb6513d0-42a4-4660-82b5-509c54b15f2a"",""service"":""4978aa94-666c-47c7-8024-3ada55195a51"",""deployment"":""b74391c9-c7a3-4b79-8cbc-cdb2242a0c4b"",""replica"":""ee6f635d-6e8d-49c1-9a8a-391303e7d624""}",2026-04-02T01:32:25.186824073Z
2026-04-02 01:32:27 UTC - Services healthy,info,"{""level"":""info""}","{""project"":""ce3616d9-58ad-4ec7-a294-1821e1564434"",""environment"":""fb6513d0-42a4-4660-82b5-509c54b15f2a"",""service"":""4978aa94-666c-47c7-8024-3ada55195a51"",""deployment"":""b74391c9-c7a3-4b79-8cbc-cdb2242a0c4b"",""replica"":""ee6f635d-6e8d-49c1-9a8a-391303e7d624""}",2026-04-02T01:32:27.341077909Z
"[HPM] Client disconnected: { address: '::1', family: 'IPv6', port: 57642 }",info,"{""level"":""info""}","{""project"":""ce3616d9-58ad-4ec7-a294-1821e1564434"",""environment"":""fb6513d0-42a4-4660-82b5-509c54b15f2a"",""service"":""4978aa94-666c-47c7-8024-3ada55195a51"",""deployment"":""b74391c9-c7a3-4b79-8cbc-cdb2242a0c4b"",""replica"":""ee6f635d-6e8d-49c1-9a8a-391303e7d624""}",2026-04-02T01:32:29.645312457Z
[Socket.io] Client disconnected: GUa_7pTP9savhba-AADC | Reason: transport close,info,"{""level"":""info""}","{""project"":""ce3616d9-58ad-4ec7-a294-1821e1564434"",""environment"":""fb6513d0-42a4-4660-82b5-509c54b15f2a"",""service"":""4978aa94-666c-47c7-8024-3ada55195a51"",""deployment"":""b74391c9-c7a3-4b79-8cbc-cdb2242a0c4b"",""replica"":""ee6f635d-6e8d-49c1-9a8a-391303e7d624""}",2026-04-02T01:32:29.645327226Z
Client disconnected: GUa_7pTP9savhba-AADC Reason: transport close Transport was: websocket,info,"{""level"":""info""}","{""project"":""ce3616d9-58ad-4ec7-a294-1821e1564434"",""environment"":""fb6513d0-42a4-4660-82b5-509c54b15f2a"",""service"":""4978aa94-666c-47c7-8024-3ada55195a51"",""deployment"":""b74391c9-c7a3-4b79-8cbc-cdb2242a0c4b"",""replica"":""ee6f635d-6e8d-49c1-9a8a-391303e7d624""}",2026-04-02T01:32:29.645335706Z
[DB] Synced 1 accounts to database,info,"{""level"":""info""}","{""project"":""ce3616d9-58ad-4ec7-a294-1821e1564434"",""environment"":""fb6513d0-42a4-4660-82b5-509c54b15f2a"",""service"":""4978aa94-666c-47c7-8024-3ada55195a51"",""deployment"":""b74391c9-c7a3-4b79-8cbc-cdb2242a0c4b"",""replica"":""ee6f635d-6e8d-49c1-9a8a-391303e7d624""}",2026-04-02T01:32:49.652161325Z
2026-04-02 01:32:57 UTC - Services healthy,info,"{""level"":""info""}","{""project"":""ce3616d9-58ad-4ec7-a294-1821e1564434"",""environment"":""fb6513d0-42a4-4660-82b5-509c54b15f2a"",""service"":""4978aa94-666c-47c7-8024-3ada55195a51"",""deployment"":""b74391c9-c7a3-4b79-8cbc-cdb2242a0c4b"",""replica"":""ee6f635d-6e8d-49c1-9a8a-391303e7d624""}",2026-04-02T01:32:57.117446342Z
[DB] Synced 1 accounts to database,info,"{""level"":""info""}","{""project"":""ce3616d9-58ad-4ec7-a294-1821e1564434"",""environment"":""fb6513d0-42a4-4660-82b5-509c54b15f2a"",""service"":""4978aa94-666c-47c7-8024-3ada55195a51"",""deployment"":""b74391c9-c7a3-4b79-8cbc-cdb2242a0c4b"",""replica"":""ee6f635d-6e8d-49c1-9a8a-391303e7d624""}",2026-04-02T01:33:17.147043186Z
2026-04-02 01:33:27 UTC - Services healthy,info,"{""level"":""info""}","{""project"":""ce3616d9-58ad-4ec7-a294-1821e1564434"",""environment"":""fb6513d0-42a4-4660-82b5-509c54b15f2a"",""service"":""4978aa94-666c-47c7-8024-3ada55195a51"",""deployment"":""b74391c9-c7a3-4b79-8cbc-cdb2242a0c4b"",""replica"":""ee6f635d-6e8d-49c1-9a8a-391303e7d624""}",2026-04-02T01:33:27.125537076Z
[DB] Synced 1 accounts to database,info,"{""level"":""info""}","{""project"":""ce3616d9-58ad-4ec7-a294-1821e1564434"",""environment"":""fb6513d0-42a4-4660-82b5-509c54b15f2a"",""service"":""4978aa94-666c-47c7-8024-3ada55195a51"",""deployment"":""b74391c9-c7a3-4b79-8cbc-cdb2242a0c4b"",""replica"":""ee6f635d-6e8d-49c1-9a8a-391303e7d624""}",2026-04-02T01:33:47.024040037Z
2026-04-02 01:33:57 UTC - Services healthy,info,"{""level"":""info""}","{""project"":""ce3616d9-58ad-4ec7-a294-1821e1564434"",""environment"":""fb6513d0-42a4-4660-82b5-509c54b15f2a"",""service"":""4978aa94-666c-47c7-8024-3ada55195a51"",""deployment"":""b74391c9-c7a3-4b79-8cbc-cdb2242a0c4b"",""replica"":""ee6f635d-6e8d-49c1-9a8a-391303e7d624""}",2026-04-02T01:34:06.984318140Z
[DB] Synced 1 accounts to database,info,"{""level"":""info""}","{""project"":""ce3616d9-58ad-4ec7-a294-1821e1564434"",""environment"":""fb6513d0-42a4-4660-82b5-509c54b15f2a"",""service"":""4978aa94-666c-47c7-8024-3ada55195a51"",""deployment"":""b74391c9-c7a3-4b79-8cbc-cdb2242a0c4b"",""replica"":""ee6f635d-6e8d-49c1-9a8a-391303e7d624""}",2026-04-02T01:34:13.986900822Z
2026-04-02 01:34:27 UTC - Services healthy,info,"{""level"":""info""}","{""project"":""ce3616d9-58ad-4ec7-a294-1821e1564434"",""environment"":""fb6513d0-42a4-4660-82b5-509c54b15f2a"",""service"":""4978aa94-666c-47c7-8024-3ada55195a51"",""deployment"":""b74391c9-c7a3-4b79-8cbc-cdb2242a0c4b"",""replica"":""ee6f635d-6e8d-49c1-9a8a-391303e7d624""}",2026-04-02T01:34:34.111801140Z
[DB] Synced 1 accounts to database,info,"{""level"":""info""}","{""project"":""ce3616d9-58ad-4ec7-a294-1821e1564434"",""environment"":""fb6513d0-42a4-4660-82b5-509c54b15f2a"",""service"":""4978aa94-666c-47c7-8024-3ada55195a51"",""deployment"":""b74391c9-c7a3-4b79-8cbc-cdb2242a0c4b"",""replica"":""ee6f635d-6e8d-49c1-9a8a-391303e7d624""}",2026-04-02T01:34:44.044397676Z
2026-04-02 01:34:57 UTC - Services healthy,info,"{""level"":""info""}","{""project"":""ce3616d9-58ad-4ec7-a294-1821e1564434"",""environment"":""fb6513d0-42a4-4660-82b5-509c54b15f2a"",""service"":""4978aa94-666c-47c7-8024-3ada55195a51"",""deployment"":""b74391c9-c7a3-4b79-8cbc-cdb2242a0c4b"",""replica"":""ee6f635d-6e8d-49c1-9a8a-391303e7d624""}",2026-04-02T01:35:04.057917752Z
[DB] Synced 1 accounts to database,info,"{""level"":""info""}","{""project"":""ce3616d9-58ad-4ec7-a294-1821e1564434"",""environment"":""fb6513d0-42a4-4660-82b5-509c54b15f2a"",""service"":""4978aa94-666c-47c7-8024-3ada55195a51"",""deployment"":""b74391c9-c7a3-4b79-8cbc-cdb2242a0c4b"",""replica"":""ee6f635d-6e8d-49c1-9a8a-391303e7d624""}",2026-04-02T01:35:14.012752616Z
2026-04-02 01:35:27 UTC - Services healthy,info,"{""level"":""info""}","{""project"":""ce3616d9-58ad-4ec7-a294-1821e1564434"",""environment"":""fb6513d0-42a4-4660-82b5-509c54b15f2a"",""service"":""4978aa94-666c-47c7-8024-3ada55195a51"",""deployment"":""b74391c9-c7a3-4b79-8cbc-cdb2242a0c4b"",""replica"":""ee6f635d-6e8d-49c1-9a8a-391303e7d624""}",2026-04-02T01:35:34.189987660Z
[WS Upgrade] /socket.io/,info,"{""level"":""info""}","{""project"":""ce3616d9-58ad-4ec7-a294-1821e1564434"",""environment"":""fb6513d0-42a4-4660-82b5-509c54b15f2a"",""service"":""4978aa94-666c-47c7-8024-3ada55195a51"",""deployment"":""b74391c9-c7a3-4b79-8cbc-cdb2242a0c4b"",""replica"":""ee6f635d-6e8d-49c1-9a8a-391303e7d624""}",2026-04-02T01:35:41.510336987Z
"[HPM] Client connected: { address: '::1', family: 'IPv6', port: 35370 }",info,"{""level"":""info""}","{""project"":""ce3616d9-58ad-4ec7-a294-1821e1564434"",""environment"":""fb6513d0-42a4-4660-82b5-509c54b15f2a"",""service"":""4978aa94-666c-47c7-8024-3ada55195a51"",""deployment"":""b74391c9-c7a3-4b79-8cbc-cdb2242a0c4b"",""replica"":""ee6f635d-6e8d-49c1-9a8a-391303e7d624""}",2026-04-02T01:35:41.510341234Z
[Socket.io] Client connected: ET7kX69P-PKJ53HjAADF | Transport: websocket,info,"{""level"":""info""}","{""project"":""ce3616d9-58ad-4ec7-a294-1821e1564434"",""environment"":""fb6513d0-42a4-4660-82b5-509c54b15f2a"",""service"":""4978aa94-666c-47c7-8024-3ada55195a51"",""deployment"":""b74391c9-c7a3-4b79-8cbc-cdb2242a0c4b"",""replica"":""ee6f635d-6e8d-49c1-9a8a-391303e7d624""}",2026-04-02T01:35:41.549575113Z
Client connected: ET7kX69P-PKJ53HjAADF Transport: websocket,info,"{""level"":""info""}","{""project"":""ce3616d9-58ad-4ec7-a294-1821e1564434"",""environment"":""fb6513d0-42a4-4660-82b5-509c54b15f2a"",""service"":""4978aa94-666c-47c7-8024-3ada55195a51"",""deployment"":""b74391c9-c7a3-4b79-8cbc-cdb2242a0c4b"",""replica"":""ee6f635d-6e8d-49c1-9a8a-391303e7d624""}",2026-04-02T01:35:41.549582299Z
[DB] Synced 1 accounts to database,info,"{""level"":""info""}","{""project"":""ce3616d9-58ad-4ec7-a294-1821e1564434"",""environment"":""fb6513d0-42a4-4660-82b5-509c54b15f2a"",""service"":""4978aa94-666c-47c7-8024-3ada55195a51"",""deployment"":""b74391c9-c7a3-4b79-8cbc-cdb2242a0c4b"",""replica"":""ee6f635d-6e8d-49c1-9a8a-391303e7d624""}",2026-04-02T01:35:44.050347232Z
2026-04-02 01:35:57 UTC - Services healthy,info,"{""level"":""info""}","{""project"":""ce3616d9-58ad-4ec7-a294-1821e1564434"",""environment"":""fb6513d0-42a4-4660-82b5-509c54b15f2a"",""service"":""4978aa94-666c-47c7-8024-3ada55195a51"",""deployment"":""b74391c9-c7a3-4b79-8cbc-cdb2242a0c4b"",""replica"":""ee6f635d-6e8d-49c1-9a8a-391303e7d624""}",2026-04-02T01:36:04.036162761Z
"[HPM] Client disconnected: { address: '::1', family: 'IPv6', port: 35370 }",info,"{""level"":""info""}","{""project"":""ce3616d9-58ad-4ec7-a294-1821e1564434"",""environment"":""fb6513d0-42a4-4660-82b5-509c54b15f2a"",""service"":""4978aa94-666c-47c7-8024-3ada55195a51"",""deployment"":""b74391c9-c7a3-4b79-8cbc-cdb2242a0c4b"",""replica"":""ee6f635d-6e8d-49c1-9a8a-391303e7d624""}",2026-04-02T01:36:04.036174065Z
[Socket.io] Client disconnected: ET7kX69P-PKJ53HjAADF | Reason: transport close,info,"{""level"":""info""}","{""project"":""ce3616d9-58ad-4ec7-a294-1821e1564434"",""environment"":""fb6513d0-42a4-4660-82b5-509c54b15f2a"",""service"":""4978aa94-666c-47c7-8024-3ada55195a51"",""deployment"":""b74391c9-c7a3-4b79-8cbc-cdb2242a0c4b"",""replica"":""ee6f635d-6e8d-49c1-9a8a-391303e7d624""}",2026-04-02T01:36:04.036180403Z
Client disconnected: ET7kX69P-PKJ53HjAADF Reason: transport close Transport was: websocket,info,"{""level"":""info""}","{""project"":""ce3616d9-58ad-4ec7-a294-1821e1564434"",""environment"":""fb6513d0-42a4-4660-82b5-509c54b15f2a"",""service"":""4978aa94-666c-47c7-8024-3ada55195a51"",""deployment"":""b74391c9-c7a3-4b79-8cbc-cdb2242a0c4b"",""replica"":""ee6f635d-6e8d-49c1-9a8a-391303e7d624""}",2026-04-02T01:36:04.036185528Z
[DB] Synced 1 accounts to database,info,"{""level"":""info""}","{""project"":""ce3616d9-58ad-4ec7-a294-1821e1564434"",""environment"":""fb6513d0-42a4-4660-82b5-509c54b15f2a"",""service"":""4978aa94-666c-47c7-8024-3ada55195a51"",""deployment"":""b74391c9-c7a3-4b79-8cbc-cdb2242a0c4b"",""replica"":""ee6f635d-6e8d-49c1-9a8a-391303e7d624""}",2026-04-02T01:36:13.993869058Z
2026-04-02 01:36:27 UTC - Services healthy,info,"{""level"":""info""}","{""project"":""ce3616d9-58ad-4ec7-a294-1821e1564434"",""environment"":""fb6513d0-42a4-4660-82b5-509c54b15f2a"",""service"":""4978aa94-666c-47c7-8024-3ada55195a51"",""deployment"":""b74391c9-c7a3-4b79-8cbc-cdb2242a0c4b"",""replica"":""ee6f635d-6e8d-49c1-9a8a-391303e7d624""}",2026-04-02T01:36:33.961773004Z
[DB] Synced 1 accounts to database,info,"{""level"":""info""}","{""project"":""ce3616d9-58ad-4ec7-a294-1821e1564434"",""environment"":""fb6513d0-42a4-4660-82b5-509c54b15f2a"",""service"":""4978aa94-666c-47c7-8024-3ada55195a51"",""deployment"":""b74391c9-c7a3-4b79-8cbc-cdb2242a0c4b"",""replica"":""ee6f635d-6e8d-49c1-9a8a-391303e7d624""}",2026-04-02T01:36:53.962397424Z
2026-04-02 01:36:57 UTC - Services healthy,info,"{""level"":""info""}","{""project"":""ce3616d9-58ad-4ec7-a294-1821e1564434"",""environment"":""fb6513d0-42a4-4660-82b5-509c54b15f2a"",""service"":""4978aa94-666c-47c7-8024-3ada55195a51"",""deployment"":""b74391c9-c7a3-4b79-8cbc-cdb2242a0c4b"",""replica"":""ee6f635d-6e8d-49c1-9a8a-391303e7d624""}",2026-04-02T01:36:57.159755917Z
[DB] Synced 1 accounts to database,info,"{""level"":""info""}","{""project"":""ce3616d9-58ad-4ec7-a294-1821e1564434"",""environment"":""fb6513d0-42a4-4660-82b5-509c54b15f2a"",""service"":""4978aa94-666c-47c7-8024-3ada55195a51"",""deployment"":""b74391c9-c7a3-4b79-8cbc-cdb2242a0c4b"",""replica"":""ee6f635d-6e8d-49c1-9a8a-391303e7d624""}",2026-04-02T01:37:17.205919423Z
2026-04-02 01:37:27 UTC - Services healthy,info,"{""level"":""info""}","{""project"":""ce3616d9-58ad-4ec7-a294-1821e1564434"",""environment"":""fb6513d0-42a4-4660-82b5-509c54b15f2a"",""service"":""4978aa94-666c-47c7-8024-3ada55195a51"",""deployment"":""b74391c9-c7a3-4b79-8cbc-cdb2242a0c4b"",""replica"":""ee6f635d-6e8d-49c1-9a8a-391303e7d624""}",2026-04-02T01:37:37.328632450Z
[DB] Synced 1 accounts to database,info,"{""level"":""info""}","{""project"":""ce3616d9-58ad-4ec7-a294-1821e1564434"",""environment"":""fb6513d0-42a4-4660-82b5-509c54b15f2a"",""service"":""4978aa94-666c-47c7-8024-3ada55195a51"",""deployment"":""b74391c9-c7a3-4b79-8cbc-cdb2242a0c4b"",""replica"":""ee6f635d-6e8d-49c1-9a8a-391303e7d624""}",2026-04-02T01:37:44.027306561Z
2026-04-02 01:37:57 UTC - Services healthy,info,"{""level"":""info""}","{""project"":""ce3616d9-58ad-4ec7-a294-1821e1564434"",""environment"":""fb6513d0-42a4-4660-82b5-509c54b15f2a"",""service"":""4978aa94-666c-47c7-8024-3ada55195a51"",""deployment"":""b74391c9-c7a3-4b79-8cbc-cdb2242a0c4b"",""replica"":""ee6f635d-6e8d-49c1-9a8a-391303e7d624""}",2026-04-02T01:38:04.003073772Z
[DB] Synced 1 accounts to database,info,"{""level"":""info""}","{""project"":""ce3616d9-58ad-4ec7-a294-1821e1564434"",""environment"":""fb6513d0-42a4-4660-82b5-509c54b15f2a"",""service"":""4978aa94-666c-47c7-8024-3ada55195a51"",""deployment"":""b74391c9-c7a3-4b79-8cbc-cdb2242a0c4b"",""replica"":""ee6f635d-6e8d-49c1-9a8a-391303e7d624""}",2026-04-02T01:38:24.083245983Z
2026-04-02 01:38:27 UTC - Services healthy,info,"{""level"":""info""}","{""project"":""ce3616d9-58ad-4ec7-a294-1821e1564434"",""environment"":""fb6513d0-42a4-4660-82b5-509c54b15f2a"",""service"":""4978aa94-666c-47c7-8024-3ada55195a51"",""deployment"":""b74391c9-c7a3-4b79-8cbc-cdb2242a0c4b"",""replica"":""ee6f635d-6e8d-49c1-9a8a-391303e7d624""}",2026-04-02T01:38:27.184561003Z
[DB] Synced 1 accounts to database,info,"{""level"":""info""}","{""project"":""ce3616d9-58ad-4ec7-a294-1821e1564434"",""environment"":""fb6513d0-42a4-4660-82b5-509c54b15f2a"",""service"":""4978aa94-666c-47c7-8024-3ada55195a51"",""deployment"":""b74391c9-c7a3-4b79-8cbc-cdb2242a0c4b"",""replica"":""ee6f635d-6e8d-49c1-9a8a-391303e7d624""}",2026-04-02T01:38:47.188565464Z
2026-04-02 01:38:57 UTC - Services healthy,info,"{""level"":""info""}","{""project"":""ce3616d9-58ad-4ec7-a294-1821e1564434"",""environment"":""fb6513d0-42a4-4660-82b5-509c54b15f2a"",""service"":""4978aa94-666c-47c7-8024-3ada55195a51"",""deployment"":""b74391c9-c7a3-4b79-8cbc-cdb2242a0c4b"",""replica"":""ee6f635d-6e8d-49c1-9a8a-391303e7d624""}",2026-04-02T01:39:07.133354961Z
[DB] Synced 1 accounts to database,info,"{""level"":""info""}","{""project"":""ce3616d9-58ad-4ec7-a294-1821e1564434"",""environment"":""fb6513d0-42a4-4660-82b5-509c54b15f2a"",""service"":""4978aa94-666c-47c7-8024-3ada55195a51"",""deployment"":""b74391c9-c7a3-4b79-8cbc-cdb2242a0c4b"",""replica"":""ee6f635d-6e8d-49c1-9a8a-391303e7d624""}",2026-04-02T01:39:14.036697595Z
2026-04-02 01:39:27 UTC - Services healthy,info,"{""level"":""info""}","{""project"":""ce3616d9-58ad-4ec7-a294-1821e1564434"",""environment"":""fb6513d0-42a4-4660-82b5-509c54b15f2a"",""service"":""4978aa94-666c-47c7-8024-3ada55195a51"",""deployment"":""b74391c9-c7a3-4b79-8cbc-cdb2242a0c4b"",""replica"":""ee6f635d-6e8d-49c1-9a8a-391303e7d624""}",2026-04-02T01:39:33.958901023Z
[DB] Synced 1 accounts to database,info,"{""level"":""info""}","{""project"":""ce3616d9-58ad-4ec7-a294-1821e1564434"",""environment"":""fb6513d0-42a4-4660-82b5-509c54b15f2a"",""service"":""4978aa94-666c-47c7-8024-3ada55195a51"",""deployment"":""b74391c9-c7a3-4b79-8cbc-cdb2242a0c4b"",""replica"":""ee6f635d-6e8d-49c1-9a8a-391303e7d624""}",2026-04-02T01:39:53.827238176Z
2026-04-02 01:39:57 UTC - Services healthy,info,"{""level"":""info""}","{""project"":""ce3616d9-58ad-4ec7-a294-1821e1564434"",""environment"":""fb6513d0-42a4-4660-82b5-509c54b15f2a"",""service"":""4978aa94-666c-47c7-8024-3ada55195a51"",""deployment"":""b74391c9-c7a3-4b79-8cbc-cdb2242a0c4b"",""replica"":""ee6f635d-6e8d-49c1-9a8a-391303e7d624""}",2026-04-02T01:39:57.211226023Z
[DB] Synced 1 accounts to database,info,"{""level"":""info""}","{""project"":""ce3616d9-58ad-4ec7-a294-1821e1564434"",""environment"":""fb6513d0-42a4-4660-82b5-509c54b15f2a"",""service"":""4978aa94-666c-47c7-8024-3ada55195a51"",""deployment"":""b74391c9-c7a3-4b79-8cbc-cdb2242a0c4b"",""replica"":""ee6f635d-6e8d-49c1-9a8a-391303e7d624""}",2026-04-02T01:40:17.233661177Z
2026-04-02 01:40:27 UTC - Services healthy,info,"{""level"":""info""}","{""project"":""ce3616d9-58ad-4ec7-a294-1821e1564434"",""environment"":""fb6513d0-42a4-4660-82b5-509c54b15f2a"",""service"":""4978aa94-666c-47c7-8024-3ada55195a51"",""deployment"":""b74391c9-c7a3-4b79-8cbc-cdb2242a0c4b"",""replica"":""ee6f635d-6e8d-49c1-9a8a-391303e7d624""}",2026-04-02T01:40:37.172651213Z
[DB] Synced 1 accounts to database,info,"{""level"":""info""}","{""project"":""ce3616d9-58ad-4ec7-a294-1821e1564434"",""environment"":""fb6513d0-42a4-4660-82b5-509c54b15f2a"",""service"":""4978aa94-666c-47c7-8024-3ada55195a51"",""deployment"":""b74391c9-c7a3-4b79-8cbc-cdb2242a0c4b"",""replica"":""ee6f635d-6e8d-49c1-9a8a-391303e7d624""}",2026-04-02T01:40:44.118034579Z
2026-04-02 01:40:57 UTC - Services healthy,info,"{""level"":""info""}","{""project"":""ce3616d9-58ad-4ec7-a294-1821e1564434"",""environment"":""fb6513d0-42a4-4660-82b5-509c54b15f2a"",""service"":""4978aa94-666c-47c7-8024-3ada55195a51"",""deployment"":""b74391c9-c7a3-4b79-8cbc-cdb2242a0c4b"",""replica"":""ee6f635d-6e8d-49c1-9a8a-391303e7d624""}",2026-04-02T01:41:04.342687750Z
[DB] Synced 1 accounts to database,info,"{""level"":""info""}","{""project"":""ce3616d9-58ad-4ec7-a294-1821e1564434"",""environment"":""fb6513d0-42a4-4660-82b5-509c54b15f2a"",""service"":""4978aa94-666c-47c7-8024-3ada55195a51"",""deployment"":""b74391c9-c7a3-4b79-8cbc-cdb2242a0c4b"",""replica"":""ee6f635d-6e8d-49c1-9a8a-391303e7d624""}",2026-04-02T01:41:14.070144874Z
2026-04-02 01:41:27 UTC - Services healthy,info,"{""level"":""info""}","{""project"":""ce3616d9-58ad-4ec7-a294-1821e1564434"",""environment"":""fb6513d0-42a4-4660-82b5-509c54b15f2a"",""service"":""4978aa94-666c-47c7-8024-3ada55195a51"",""deployment"":""b74391c9-c7a3-4b79-8cbc-cdb2242a0c4b"",""replica"":""ee6f635d-6e8d-49c1-9a8a-391303e7d624""}",2026-04-02T01:41:34.030139564Z
[DB] Synced 1 accounts to database,info,"{""level"":""info""}","{""project"":""ce3616d9-58ad-4ec7-a294-1821e1564434"",""environment"":""fb6513d0-42a4-4660-82b5-509c54b15f2a"",""service"":""4978aa94-666c-47c7-8024-3ada55195a51"",""deployment"":""b74391c9-c7a3-4b79-8cbc-cdb2242a0c4b"",""replica"":""ee6f635d-6e8d-49c1-9a8a-391303e7d624""}",2026-04-02T01:41:53.736783095Z
2026-04-02 01:41:57 UTC - Services healthy,info,"{""level"":""info""}","{""project"":""ce3616d9-58ad-4ec7-a294-1821e1564434"",""environment"":""fb6513d0-42a4-4660-82b5-509c54b15f2a"",""service"":""4978aa94-666c-47c7-8024-3ada55195a51"",""deployment"":""b74391c9-c7a3-4b79-8cbc-cdb2242a0c4b"",""replica"":""ee6f635d-6e8d-49c1-9a8a-391303e7d624""}",2026-04-02T01:41:57.217855595Z
[DB] Synced 1 accounts to database,info,"{""level"":""info""}","{""project"":""ce3616d9-58ad-4ec7-a294-1821e1564434"",""environment"":""fb6513d0-42a4-4660-82b5-509c54b15f2a"",""service"":""4978aa94-666c-47c7-8024-3ada55195a51"",""deployment"":""b74391c9-c7a3-4b79-8cbc-cdb2242a0c4b"",""replica"":""ee6f635d-6e8d-49c1-9a8a-391303e7d624""}",2026-04-02T01:42:17.219737424Z
2026-04-02 01:42:27 UTC - Services healthy,info,"{""level"":""info""}","{""project"":""ce3616d9-58ad-4ec7-a294-1821e1564434"",""environment"":""fb6513d0-42a4-4660-82b5-509c54b15f2a"",""service"":""4978aa94-666c-47c7-8024-3ada55195a51"",""deployment"":""b74391c9-c7a3-4b79-8cbc-cdb2242a0c4b"",""replica"":""ee6f635d-6e8d-49c1-9a8a-391303e7d624""}",2026-04-02T01:42:37.369578778Z
[DB] Synced 1 accounts to database,info,"{""level"":""info""}","{""project"":""ce3616d9-58ad-4ec7-a294-1821e1564434"",""environment"":""fb6513d0-42a4-4660-82b5-509c54b15f2a"",""service"":""4978aa94-666c-47c7-8024-3ada55195a51"",""deployment"":""b74391c9-c7a3-4b79-8cbc-cdb2242a0c4b"",""replica"":""ee6f635d-6e8d-49c1-9a8a-391303e7d624""}",2026-04-02T01:42:44.055965521Z
2026-04-02 01:42:57 UTC - Services healthy,info,"{""level"":""info""}","{""project"":""ce3616d9-58ad-4ec7-a294-1821e1564434"",""environment"":""fb6513d0-42a4-4660-82b5-509c54b15f2a"",""service"":""4978aa94-666c-47c7-8024-3ada55195a51"",""deployment"":""b74391c9-c7a3-4b79-8cbc-cdb2242a0c4b"",""replica"":""ee6f635d-6e8d-49c1-9a8a-391303e7d624""}",2026-04-02T01:43:04.158791159Z
[DB] Synced 1 accounts to database,info,"{""level"":""info""}","{""project"":""ce3616d9-58ad-4ec7-a294-1821e1564434"",""environment"":""fb6513d0-42a4-4660-82b5-509c54b15f2a"",""service"":""4978aa94-666c-47c7-8024-3ada55195a51"",""deployment"":""b74391c9-c7a3-4b79-8cbc-cdb2242a0c4b"",""replica"":""ee6f635d-6e8d-49c1-9a8a-391303e7d624""}",2026-04-02T01:43:23.986743620Z
2026-04-02 01:43:27 UTC - Services healthy,info,"{""level"":""info""}","{""project"":""ce3616d9-58ad-4ec7-a294-1821e1564434"",""environment"":""fb6513d0-42a4-4660-82b5-509c54b15f2a"",""service"":""4978aa94-666c-47c7-8024-3ada55195a51"",""deployment"":""b74391c9-c7a3-4b79-8cbc-cdb2242a0c4b"",""replica"":""ee6f635d-6e8d-49c1-9a8a-391303e7d624""}",2026-04-02T01:43:27.264624884Z
[DB] Synced 1 accounts to database,info,"{""level"":""info""}","{""project"":""ce3616d9-58ad-4ec7-a294-1821e1564434"",""environment"":""fb6513d0-42a4-4660-82b5-509c54b15f2a"",""service"":""4978aa94-666c-47c7-8024-3ada55195a51"",""deployment"":""b74391c9-c7a3-4b79-8cbc-cdb2242a0c4b"",""replica"":""ee6f635d-6e8d-49c1-9a8a-391303e7d624""}",2026-04-02T01:43:47.298035308Z
2026-04-02 01:43:57 UTC - Services healthy,info,"{""level"":""info""}","{""project"":""ce3616d9-58ad-4ec7-a294-1821e1564434"",""environment"":""fb6513d0-42a4-4660-82b5-509c54b15f2a"",""service"":""4978aa94-666c-47c7-8024-3ada55195a51"",""deployment"":""b74391c9-c7a3-4b79-8cbc-cdb2242a0c4b"",""replica"":""ee6f635d-6e8d-49c1-9a8a-391303e7d624""}",2026-04-02T01:44:07.240001046Z
[DB] Synced 1 accounts to database,info,"{""level"":""info""}","{""project"":""ce3616d9-58ad-4ec7-a294-1821e1564434"",""environment"":""fb6513d0-42a4-4660-82b5-509c54b15f2a"",""service"":""4978aa94-666c-47c7-8024-3ada55195a51"",""deployment"":""b74391c9-c7a3-4b79-8cbc-cdb2242a0c4b"",""replica"":""ee6f635d-6e8d-49c1-9a8a-391303e7d624""}",2026-04-02T01:44:14.092550129Z
2026-04-02 01:44:27 UTC - Services healthy,info,"{""level"":""info""}","{""project"":""ce3616d9-58ad-4ec7-a294-1821e1564434"",""environment"":""fb6513d0-42a4-4660-82b5-509c54b15f2a"",""service"":""4978aa94-666c-47c7-8024-3ada55195a51"",""deployment"":""b74391c9-c7a3-4b79-8cbc-cdb2242a0c4b"",""replica"":""ee6f635d-6e8d-49c1-9a8a-391303e7d624""}",2026-04-02T01:44:34.149093277Z
[DB] Synced 1 accounts to database,info,"{""level"":""info""}","{""project"":""ce3616d9-58ad-4ec7-a294-1821e1564434"",""environment"":""fb6513d0-42a4-4660-82b5-509c54b15f2a"",""service"":""4978aa94-666c-47c7-8024-3ada55195a51"",""deployment"":""b74391c9-c7a3-4b79-8cbc-cdb2242a0c4b"",""replica"":""ee6f635d-6e8d-49c1-9a8a-391303e7d624""}",2026-04-02T01:44:44.066767380Z
2026-04-02 01:44:57 UTC - Services healthy,info,"{""level"":""info""}","{""project"":""ce3616d9-58ad-4ec7-a294-1821e1564434"",""environment"":""fb6513d0-42a4-4660-82b5-509c54b15f2a"",""service"":""4978aa94-666c-47c7-8024-3ada55195a51"",""deployment"":""b74391c9-c7a3-4b79-8cbc-cdb2242a0c4b"",""replica"":""ee6f635d-6e8d-49c1-9a8a-391303e7d624""}",2026-04-02T01:45:04.001914110Z
[DB] Synced 1 accounts to database,info,"{""level"":""info""}","{""project"":""ce3616d9-58ad-4ec7-a294-1821e1564434"",""environment"":""fb6513d0-42a4-4660-82b5-509c54b15f2a"",""service"":""4978aa94-666c-47c7-8024-3ada55195a51"",""deployment"":""b74391c9-c7a3-4b79-8cbc-cdb2242a0c4b"",""replica"":""ee6f635d-6e8d-49c1-9a8a-391303e7d624""}",2026-04-02T01:45:24.013158481Z
2026-04-02 01:45:27 UTC - Services healthy,info,"{""level"":""info""}","{""project"":""ce3616d9-58ad-4ec7-a294-1821e1564434"",""environment"":""fb6513d0-42a4-4660-82b5-509c54b15f2a"",""service"":""4978aa94-666c-47c7-8024-3ada55195a51"",""deployment"":""b74391c9-c7a3-4b79-8cbc-cdb2242a0c4b"",""replica"":""ee6f635d-6e8d-49c1-9a8a-391303e7d624""}",2026-04-02T01:45:27.253473360Z
[DB] Synced 1 accounts to database,info,"{""level"":""info""}","{""project"":""ce3616d9-58ad-4ec7-a294-1821e1564434"",""environment"":""fb6513d0-42a4-4660-82b5-509c54b15f2a"",""service"":""4978aa94-666c-47c7-8024-3ada55195a51"",""deployment"":""b74391c9-c7a3-4b79-8cbc-cdb2242a0c4b"",""replica"":""ee6f635d-6e8d-49c1-9a8a-391303e7d624""}",2026-04-02T01:45:47.426469173Z
2026-04-02 01:45:57 UTC - Services healthy,info,"{""level"":""info""}","{""project"":""ce3616d9-58ad-4ec7-a294-1821e1564434"",""environment"":""fb6513d0-42a4-4660-82b5-509c54b15f2a"",""service"":""4978aa94-666c-47c7-8024-3ada55195a51"",""deployment"":""b74391c9-c7a3-4b79-8cbc-cdb2242a0c4b"",""replica"":""ee6f635d-6e8d-49c1-9a8a-391303e7d624""}",2026-04-02T01:46:07.112949010Z
[DB] Synced 1 accounts to database,info,"{""level"":""info""}","{""project"":""ce3616d9-58ad-4ec7-a294-1821e1564434"",""environment"":""fb6513d0-42a4-4660-82b5-509c54b15f2a"",""service"":""4978aa94-666c-47c7-8024-3ada55195a51"",""deployment"":""b74391c9-c7a3-4b79-8cbc-cdb2242a0c4b"",""replica"":""ee6f635d-6e8d-49c1-9a8a-391303e7d624""}",2026-04-02T01:46:14.076030110Z
2026-04-02 01:46:27 UTC - Services healthy,info,"{""level"":""info""}","{""project"":""ce3616d9-58ad-4ec7-a294-1821e1564434"",""environment"":""fb6513d0-42a4-4660-82b5-509c54b15f2a"",""service"":""4978aa94-666c-47c7-8024-3ada55195a51"",""deployment"":""b74391c9-c7a3-4b79-8cbc-cdb2242a0c4b"",""replica"":""ee6f635d-6e8d-49c1-9a8a-391303e7d624""}",2026-04-02T01:46:33.840124955Z
[DB] Synced 1 accounts to database,info,"{""level"":""info""}","{""project"":""ce3616d9-58ad-4ec7-a294-1821e1564434"",""environment"":""fb6513d0-42a4-4660-82b5-509c54b15f2a"",""service"":""4978aa94-666c-47c7-8024-3ada55195a51"",""deployment"":""b74391c9-c7a3-4b79-8cbc-cdb2242a0c4b"",""replica"":""ee6f635d-6e8d-49c1-9a8a-391303e7d624""}",2026-04-02T01:46:53.708541664Z
2026-04-02 01:46:57 UTC - Services healthy,info,"{""level"":""info""}","{""project"":""ce3616d9-58ad-4ec7-a294-1821e1564434"",""environment"":""fb6513d0-42a4-4660-82b5-509c54b15f2a"",""service"":""4978aa94-666c-47c7-8024-3ada55195a51"",""deployment"":""b74391c9-c7a3-4b79-8cbc-cdb2242a0c4b"",""replica"":""ee6f635d-6e8d-49c1-9a8a-391303e7d624""}",2026-04-02T01:46:57.273516857Z
[DB] Synced 1 accounts to database,info,"{""level"":""info""}","{""project"":""ce3616d9-58ad-4ec7-a294-1821e1564434"",""environment"":""fb6513d0-42a4-4660-82b5-509c54b15f2a"",""service"":""4978aa94-666c-47c7-8024-3ada55195a51"",""deployment"":""b74391c9-c7a3-4b79-8cbc-cdb2242a0c4b"",""replica"":""ee6f635d-6e8d-49c1-9a8a-391303e7d624""}",2026-04-02T01:47:17.234979706Z
2026-04-02 01:47:27 UTC - Services healthy,info,"{""level"":""info""}","{""project"":""ce3616d9-58ad-4ec7-a294-1821e1564434"",""environment"":""fb6513d0-42a4-4660-82b5-509c54b15f2a"",""service"":""4978aa94-666c-47c7-8024-3ada55195a51"",""deployment"":""b74391c9-c7a3-4b79-8cbc-cdb2242a0c4b"",""replica"":""ee6f635d-6e8d-49c1-9a8a-391303e7d624""}",2026-04-02T01:47:36.977465888Z
[DB] Synced 1 accounts to database,info,"{""level"":""info""}","{""project"":""ce3616d9-58ad-4ec7-a294-1821e1564434"",""environment"":""fb6513d0-42a4-4660-82b5-509c54b15f2a"",""service"":""4978aa94-666c-47c7-8024-3ada55195a51"",""deployment"":""b74391c9-c7a3-4b79-8cbc-cdb2242a0c4b"",""replica"":""ee6f635d-6e8d-49c1-9a8a-391303e7d624""}",2026-04-02T01:47:44.088915278Z
2026-04-02 01:47:57 UTC - Services healthy,info,"{""level"":""info""}","{""project"":""ce3616d9-58ad-4ec7-a294-1821e1564434"",""environment"":""fb6513d0-42a4-4660-82b5-509c54b15f2a"",""service"":""4978aa94-666c-47c7-8024-3ada55195a51"",""deployment"":""b74391c9-c7a3-4b79-8cbc-cdb2242a0c4b"",""replica"":""ee6f635d-6e8d-49c1-9a8a-391303e7d624""}",2026-04-02T01:48:04.010414297Z
[DB] Synced 1 accounts to database,info,"{""level"":""info""}","{""project"":""ce3616d9-58ad-4ec7-a294-1821e1564434"",""environment"":""fb6513d0-42a4-4660-82b5-509c54b15f2a"",""service"":""4978aa94-666c-47c7-8024-3ada55195a51"",""deployment"":""b74391c9-c7a3-4b79-8cbc-cdb2242a0c4b"",""replica"":""ee6f635d-6e8d-49c1-9a8a-391303e7d624""}",2026-04-02T01:48:24.009259349Z
2026-04-02 01:48:27 UTC - Services healthy,info,"{""level"":""info""}","{""project"":""ce3616d9-58ad-4ec7-a294-1821e1564434"",""environment"":""fb6513d0-42a4-4660-82b5-509c54b15f2a"",""service"":""4978aa94-666c-47c7-8024-3ada55195a51"",""deployment"":""b74391c9-c7a3-4b79-8cbc-cdb2242a0c4b"",""replica"":""ee6f635d-6e8d-49c1-9a8a-391303e7d624""}",2026-04-02T01:48:27.381668385Z
[DB] Synced 1 accounts to database,info,"{""level"":""info""}","{""project"":""ce3616d9-58ad-4ec7-a294-1821e1564434"",""environment"":""fb6513d0-42a4-4660-82b5-509c54b15f2a"",""service"":""4978aa94-666c-47c7-8024-3ada55195a51"",""deployment"":""b74391c9-c7a3-4b79-8cbc-cdb2242a0c4b"",""replica"":""ee6f635d-6e8d-49c1-9a8a-391303e7d624""}",2026-04-02T01:48:47.396092509Z
2026-04-02 01:48:57 UTC - Services healthy,info,"{""level"":""info""}","{""project"":""ce3616d9-58ad-4ec7-a294-1821e1564434"",""environment"":""fb6513d0-42a4-4660-82b5-509c54b15f2a"",""service"":""4978aa94-666c-47c7-8024-3ada55195a51"",""deployment"":""b74391c9-c7a3-4b79-8cbc-cdb2242a0c4b"",""replica"":""ee6f635d-6e8d-49c1-9a8a-391303e7d624""}",2026-04-02T01:48:57.293099453Z
[DB] Synced 1 accounts to database,info,"{""level"":""info""}","{""project"":""ce3616d9-58ad-4ec7-a294-1821e1564434"",""environment"":""fb6513d0-42a4-4660-82b5-509c54b15f2a"",""service"":""4978aa94-666c-47c7-8024-3ada55195a51"",""deployment"":""b74391c9-c7a3-4b79-8cbc-cdb2242a0c4b"",""replica"":""ee6f635d-6e8d-49c1-9a8a-391303e7d624""}",2026-04-02T01:49:17.172770603Z
2026-04-02 01:49:27 UTC - Services healthy,info,"{""level"":""info""}","{""project"":""ce3616d9-58ad-4ec7-a294-1821e1564434"",""environment"":""fb6513d0-42a4-4660-82b5-509c54b15f2a"",""service"":""4978aa94-666c-47c7-8024-3ada55195a51"",""deployment"":""b74391c9-c7a3-4b79-8cbc-cdb2242a0c4b"",""replica"":""ee6f635d-6e8d-49c1-9a8a-391303e7d624""}",2026-04-02T01:49:37.264467550Z
[DB] Synced 1 accounts to database,info,"{""level"":""info""}","{""project"":""ce3616d9-58ad-4ec7-a294-1821e1564434"",""environment"":""fb6513d0-42a4-4660-82b5-509c54b15f2a"",""service"":""4978aa94-666c-47c7-8024-3ada55195a51"",""deployment"":""b74391c9-c7a3-4b79-8cbc-cdb2242a0c4b"",""replica"":""ee6f635d-6e8d-49c1-9a8a-391303e7d624""}",2026-04-02T01:49:44.116926923Z
2026-04-02 01:49:57 UTC - Services healthy,info,"{""level"":""info""}","{""project"":""ce3616d9-58ad-4ec7-a294-1821e1564434"",""environment"":""fb6513d0-42a4-4660-82b5-509c54b15f2a"",""service"":""4978aa94-666c-47c7-8024-3ada55195a51"",""deployment"":""b74391c9-c7a3-4b79-8cbc-cdb2242a0c4b"",""replica"":""ee6f635d-6e8d-49c1-9a8a-391303e7d624""}",2026-04-02T01:50:04.105917027Z
[DB] Synced 1 accounts to database,info,"{""level"":""info""}","{""project"":""ce3616d9-58ad-4ec7-a294-1821e1564434"",""environment"":""fb6513d0-42a4-4660-82b5-509c54b15f2a"",""service"":""4978aa94-666c-47c7-8024-3ada55195a51"",""deployment"":""b74391c9-c7a3-4b79-8cbc-cdb2242a0c4b"",""replica"":""ee6f635d-6e8d-49c1-9a8a-391303e7d624""}",2026-04-02T01:50:24.073735230Z
2026-04-02 01:50:27 UTC - Services healthy,info,"{""level"":""info""}","{""project"":""ce3616d9-58ad-4ec7-a294-1821e1564434"",""environment"":""fb6513d0-42a4-4660-82b5-509c54b15f2a"",""service"":""4978aa94-666c-47c7-8024-3ada55195a51"",""deployment"":""b74391c9-c7a3-4b79-8cbc-cdb2242a0c4b"",""replica"":""ee6f635d-6e8d-49c1-9a8a-391303e7d624""}",2026-04-02T01:50:27.307796071Z
[DB] Synced 1 accounts to database,info,"{""level"":""info""}","{""project"":""ce3616d9-58ad-4ec7-a294-1821e1564434"",""environment"":""fb6513d0-42a4-4660-82b5-509c54b15f2a"",""service"":""4978aa94-666c-47c7-8024-3ada55195a51"",""deployment"":""b74391c9-c7a3-4b79-8cbc-cdb2242a0c4b"",""replica"":""ee6f635d-6e8d-49c1-9a8a-391303e7d624""}",2026-04-02T01:50:47.282506115Z
2026-04-02 01:50:57 UTC - Services healthy,info,"{""level"":""info""}","{""project"":""ce3616d9-58ad-4ec7-a294-1821e1564434"",""environment"":""fb6513d0-42a4-4660-82b5-509c54b15f2a"",""service"":""4978aa94-666c-47c7-8024-3ada55195a51"",""deployment"":""b74391c9-c7a3-4b79-8cbc-cdb2242a0c4b"",""replica"":""ee6f635d-6e8d-49c1-9a8a-391303e7d624""}",2026-04-02T01:51:07.284933650Z
[DB] Synced 1 accounts to database,info,"{""level"":""info""}","{""project"":""ce3616d9-58ad-4ec7-a294-1821e1564434"",""environment"":""fb6513d0-42a4-4660-82b5-509c54b15f2a"",""service"":""4978aa94-666c-47c7-8024-3ada55195a51"",""deployment"":""b74391c9-c7a3-4b79-8cbc-cdb2242a0c4b"",""replica"":""ee6f635d-6e8d-49c1-9a8a-391303e7d624""}",2026-04-02T01:51:14.149424798Z
2026-04-02 01:51:27 UTC - Services healthy,info,"{""level"":""info""}","{""project"":""ce3616d9-58ad-4ec7-a294-1821e1564434"",""environment"":""fb6513d0-42a4-4660-82b5-509c54b15f2a"",""service"":""4978aa94-666c-47c7-8024-3ada55195a51"",""deployment"":""b74391c9-c7a3-4b79-8cbc-cdb2242a0c4b"",""replica"":""ee6f635d-6e8d-49c1-9a8a-391303e7d624""}",2026-04-02T01:51:34.078287338Z
[DB] Synced 1 accounts to database,info,"{""level"":""info""}","{""project"":""ce3616d9-58ad-4ec7-a294-1821e1564434"",""environment"":""fb6513d0-42a4-4660-82b5-509c54b15f2a"",""service"":""4978aa94-666c-47c7-8024-3ada55195a51"",""deployment"":""b74391c9-c7a3-4b79-8cbc-cdb2242a0c4b"",""replica"":""ee6f635d-6e8d-49c1-9a8a-391303e7d624""}",2026-04-02T01:51:54.108475867Z
2026-04-02 01:51:57 UTC - Services healthy,info,"{""level"":""info""}","{""project"":""ce3616d9-58ad-4ec7-a294-1821e1564434"",""environment"":""fb6513d0-42a4-4660-82b5-509c54b15f2a"",""service"":""4978aa94-666c-47c7-8024-3ada55195a51"",""deployment"":""b74391c9-c7a3-4b79-8cbc-cdb2242a0c4b"",""replica"":""ee6f635d-6e8d-49c1-9a8a-391303e7d624""}",2026-04-02T01:51:57.328136330Z
[DB] Synced 1 accounts to database,info,"{""level"":""info""}","{""project"":""ce3616d9-58ad-4ec7-a294-1821e1564434"",""environment"":""fb6513d0-42a4-4660-82b5-509c54b15f2a"",""service"":""4978aa94-666c-47c7-8024-3ada55195a51"",""deployment"":""b74391c9-c7a3-4b79-8cbc-cdb2242a0c4b"",""replica"":""ee6f635d-6e8d-49c1-9a8a-391303e7d624""}",2026-04-02T01:52:17.379780550Z
2026-04-02 01:52:27 UTC - Services healthy,info,"{""level"":""info""}","{""project"":""ce3616d9-58ad-4ec7-a294-1821e1564434"",""environment"":""fb6513d0-42a4-4660-82b5-509c54b15f2a"",""service"":""4978aa94-666c-47c7-8024-3ada55195a51"",""deployment"":""b74391c9-c7a3-4b79-8cbc-cdb2242a0c4b"",""replica"":""ee6f635d-6e8d-49c1-9a8a-391303e7d624""}",2026-04-02T01:52:27.372697461Z
[DB] Synced 1 accounts to database,info,"{""level"":""info""}","{""project"":""ce3616d9-58ad-4ec7-a294-1821e1564434"",""environment"":""fb6513d0-42a4-4660-82b5-509c54b15f2a"",""service"":""4978aa94-666c-47c7-8024-3ada55195a51"",""deployment"":""b74391c9-c7a3-4b79-8cbc-cdb2242a0c4b"",""replica"":""ee6f635d-6e8d-49c1-9a8a-391303e7d624""}",2026-04-02T01:52:47.330654948Z
2026-04-02 01:52:57 UTC - Services healthy,info,"{""level"":""info""}","{""project"":""ce3616d9-58ad-4ec7-a294-1821e1564434"",""environment"":""fb6513d0-42a4-4660-82b5-509c54b15f2a"",""service"":""4978aa94-666c-47c7-8024-3ada55195a51"",""deployment"":""b74391c9-c7a3-4b79-8cbc-cdb2242a0c4b"",""replica"":""ee6f635d-6e8d-49c1-9a8a-391303e7d624""}",2026-04-02T01:53:07.332089101Z
[DB] Synced 1 accounts to database,info,"{""level"":""info""}","{""project"":""ce3616d9-58ad-4ec7-a294-1821e1564434"",""environment"":""fb6513d0-42a4-4660-82b5-509c54b15f2a"",""service"":""4978aa94-666c-47c7-8024-3ada55195a51"",""deployment"":""b74391c9-c7a3-4b79-8cbc-cdb2242a0c4b"",""replica"":""ee6f635d-6e8d-49c1-9a8a-391303e7d624""}",2026-04-02T01:53:14.145689763Z
2026-04-02 01:53:27 UTC - Services healthy,info,"{""level"":""info""}","{""project"":""ce3616d9-58ad-4ec7-a294-1821e1564434"",""environment"":""fb6513d0-42a4-4660-82b5-509c54b15f2a"",""service"":""4978aa94-666c-47c7-8024-3ada55195a51"",""deployment"":""b74391c9-c7a3-4b79-8cbc-cdb2242a0c4b"",""replica"":""ee6f635d-6e8d-49c1-9a8a-391303e7d624""}",2026-04-02T01:53:34.107907477Z
[DB] Synced 1 accounts to database,info,"{""level"":""info""}","{""project"":""ce3616d9-58ad-4ec7-a294-1821e1564434"",""environment"":""fb6513d0-42a4-4660-82b5-509c54b15f2a"",""service"":""4978aa94-666c-47c7-8024-3ada55195a51"",""deployment"":""b74391c9-c7a3-4b79-8cbc-cdb2242a0c4b"",""replica"":""ee6f635d-6e8d-49c1-9a8a-391303e7d624""}",2026-04-02T01:53:54.050649639Z
2026-04-02 01:53:57 UTC - Services healthy,info,"{""level"":""info""}","{""project"":""ce3616d9-58ad-4ec7-a294-1821e1564434"",""environment"":""fb6513d0-42a4-4660-82b5-509c54b15f2a"",""service"":""4978aa94-666c-47c7-8024-3ada55195a51"",""deployment"":""b74391c9-c7a3-4b79-8cbc-cdb2242a0c4b"",""replica"":""ee6f635d-6e8d-49c1-9a8a-391303e7d624""}",2026-04-02T01:53:57.349663956Z
[DB] Synced 1 accounts to database,info,"{""level"":""info""}","{""project"":""ce3616d9-58ad-4ec7-a294-1821e1564434"",""environment"":""fb6513d0-42a4-4660-82b5-509c54b15f2a"",""service"":""4978aa94-666c-47c7-8024-3ada55195a51"",""deployment"":""b74391c9-c7a3-4b79-8cbc-cdb2242a0c4b"",""replica"":""ee6f635d-6e8d-49c1-9a8a-391303e7d624""}",2026-04-02T01:54:17.351634607Z
2026-04-02 01:54:27 UTC - Services healthy,info,"{""level"":""info""}","{""project"":""ce3616d9-58ad-4ec7-a294-1821e1564434"",""environment"":""fb6513d0-42a4-4660-82b5-509c54b15f2a"",""service"":""4978aa94-666c-47c7-8024-3ada55195a51"",""deployment"":""b74391c9-c7a3-4b79-8cbc-cdb2242a0c4b"",""replica"":""ee6f635d-6e8d-49c1-9a8a-391303e7d624""}",2026-04-02T01:54:37.351290319Z
[DB] Synced 1 accounts to database,info,"{""level"":""info""}","{""project"":""ce3616d9-58ad-4ec7-a294-1821e1564434"",""environment"":""fb6513d0-42a4-4660-82b5-509c54b15f2a"",""service"":""4978aa94-666c-47c7-8024-3ada55195a51"",""deployment"":""b74391c9-c7a3-4b79-8cbc-cdb2242a0c4b"",""replica"":""ee6f635d-6e8d-49c1-9a8a-391303e7d624""}",2026-04-02T01:54:44.163790985Z
2026-04-02 01:54:57 UTC - Services healthy,info,"{""level"":""info""}","{""project"":""ce3616d9-58ad-4ec7-a294-1821e1564434"",""environment"":""fb6513d0-42a4-4660-82b5-509c54b15f2a"",""service"":""4978aa94-666c-47c7-8024-3ada55195a51"",""deployment"":""b74391c9-c7a3-4b79-8cbc-cdb2242a0c4b"",""replica"":""ee6f635d-6e8d-49c1-9a8a-391303e7d624""}",2026-04-02T01:55:04.142802550Z
[DB] Synced 1 accounts to database,info,"{""level"":""info""}","{""project"":""ce3616d9-58ad-4ec7-a294-1821e1564434"",""environment"":""fb6513d0-42a4-4660-82b5-509c54b15f2a"",""service"":""4978aa94-666c-47c7-8024-3ada55195a51"",""deployment"":""b74391c9-c7a3-4b79-8cbc-cdb2242a0c4b"",""replica"":""ee6f635d-6e8d-49c1-9a8a-391303e7d624""}",2026-04-02T01:55:24.181137139Z
2026-04-02 01:55:27 UTC - Services healthy,info,"{""level"":""info""}","{""project"":""ce3616d9-58ad-4ec7-a294-1821e1564434"",""environment"":""fb6513d0-42a4-4660-82b5-509c54b15f2a"",""service"":""4978aa94-666c-47c7-8024-3ada55195a51"",""deployment"":""b74391c9-c7a3-4b79-8cbc-cdb2242a0c4b"",""replica"":""ee6f635d-6e8d-49c1-9a8a-391303e7d624""}",2026-04-02T01:55:27.378439460Z
[DB] Synced 1 accounts to database,info,"{""level"":""info""}","{""project"":""ce3616d9-58ad-4ec7-a294-1821e1564434"",""environment"":""fb6513d0-42a4-4660-82b5-509c54b15f2a"",""service"":""4978aa94-666c-47c7-8024-3ada55195a51"",""deployment"":""b74391c9-c7a3-4b79-8cbc-cdb2242a0c4b"",""replica"":""ee6f635d-6e8d-49c1-9a8a-391303e7d624""}",2026-04-02T01:55:47.339384052Z
2026-04-02 01:55:57 UTC - Services healthy,info,"{""level"":""info""}","{""project"":""ce3616d9-58ad-4ec7-a294-1821e1564434"",""environment"":""fb6513d0-42a4-4660-82b5-509c54b15f2a"",""service"":""4978aa94-666c-47c7-8024-3ada55195a51"",""deployment"":""b74391c9-c7a3-4b79-8cbc-cdb2242a0c4b"",""replica"":""ee6f635d-6e8d-49c1-9a8a-391303e7d624""}",2026-04-02T01:56:07.308439272Z
[DB] Synced 1 accounts to database,info,"{""level"":""info""}","{""project"":""ce3616d9-58ad-4ec7-a294-1821e1564434"",""environment"":""fb6513d0-42a4-4660-82b5-509c54b15f2a"",""service"":""4978aa94-666c-47c7-8024-3ada55195a51"",""deployment"":""b74391c9-c7a3-4b79-8cbc-cdb2242a0c4b"",""replica"":""ee6f635d-6e8d-49c1-9a8a-391303e7d624""}",2026-04-02T01:56:14.171871579Z
2026-04-02 01:56:27 UTC - Services healthy,info,"{""level"":""info""}","{""project"":""ce3616d9-58ad-4ec7-a294-1821e1564434"",""environment"":""fb6513d0-42a4-4660-82b5-509c54b15f2a"",""service"":""4978aa94-666c-47c7-8024-3ada55195a51"",""deployment"":""b74391c9-c7a3-4b79-8cbc-cdb2242a0c4b"",""replica"":""ee6f635d-6e8d-49c1-9a8a-391303e7d624""}",2026-04-02T01:56:34.089854643Z
[DB] Synced 1 accounts to database,info,"{""level"":""info""}","{""project"":""ce3616d9-58ad-4ec7-a294-1821e1564434"",""environment"":""fb6513d0-42a4-4660-82b5-509c54b15f2a"",""service"":""4978aa94-666c-47c7-8024-3ada55195a51"",""deployment"":""b74391c9-c7a3-4b79-8cbc-cdb2242a0c4b"",""replica"":""ee6f635d-6e8d-49c1-9a8a-391303e7d624""}",2026-04-02T01:56:54.087433166Z
2026-04-02 01:56:57 UTC - Services healthy,info,"{""level"":""info""}","{""project"":""ce3616d9-58ad-4ec7-a294-1821e1564434"",""environment"":""fb6513d0-42a4-4660-82b5-509c54b15f2a"",""service"":""4978aa94-666c-47c7-8024-3ada55195a51"",""deployment"":""b74391c9-c7a3-4b79-8cbc-cdb2242a0c4b"",""replica"":""ee6f635d-6e8d-49c1-9a8a-391303e7d624""}",2026-04-02T01:56:57.380946532Z
[DB] Synced 1 accounts to database,info,"{""level"":""info""}","{""project"":""ce3616d9-58ad-4ec7-a294-1821e1564434"",""environment"":""fb6513d0-42a4-4660-82b5-509c54b15f2a"",""service"":""4978aa94-666c-47c7-8024-3ada55195a51"",""deployment"":""b74391c9-c7a3-4b79-8cbc-cdb2242a0c4b"",""replica"":""ee6f635d-6e8d-49c1-9a8a-391303e7d624""}",2026-04-02T01:57:17.380239438Z
2026-04-02 01:57:27 UTC - Services healthy,info,"{""level"":""info""}","{""project"":""ce3616d9-58ad-4ec7-a294-1821e1564434"",""environment"":""fb6513d0-42a4-4660-82b5-509c54b15f2a"",""service"":""4978aa94-666c-47c7-8024-3ada55195a51"",""deployment"":""b74391c9-c7a3-4b79-8cbc-cdb2242a0c4b"",""replica"":""ee6f635d-6e8d-49c1-9a8a-391303e7d624""}",2026-04-02T01:57:37.327656582Z
[DB] Synced 1 accounts to database,info,"{""level"":""info""}","{""project"":""ce3616d9-58ad-4ec7-a294-1821e1564434"",""environment"":""fb6513d0-42a4-4660-82b5-509c54b15f2a"",""service"":""4978aa94-666c-47c7-8024-3ada55195a51"",""deployment"":""b74391c9-c7a3-4b79-8cbc-cdb2242a0c4b"",""replica"":""ee6f635d-6e8d-49c1-9a8a-391303e7d624""}",2026-04-02T01:57:44.244170229Z
2026-04-02 01:57:57 UTC - Services healthy,info,"{""level"":""info""}","{""project"":""ce3616d9-58ad-4ec7-a294-1821e1564434"",""environment"":""fb6513d0-42a4-4660-82b5-509c54b15f2a"",""service"":""4978aa94-666c-47c7-8024-3ada55195a51"",""deployment"":""b74391c9-c7a3-4b79-8cbc-cdb2242a0c4b"",""replica"":""ee6f635d-6e8d-49c1-9a8a-391303e7d624""}",2026-04-02T01:58:04.342448913Z
[DB] Synced 1 accounts to database,info,"{""level"":""info""}","{""project"":""ce3616d9-58ad-4ec7-a294-1821e1564434"",""environment"":""fb6513d0-42a4-4660-82b5-509c54b15f2a"",""service"":""4978aa94-666c-47c7-8024-3ada55195a51"",""deployment"":""b74391c9-c7a3-4b79-8cbc-cdb2242a0c4b"",""replica"":""ee6f635d-6e8d-49c1-9a8a-391303e7d624""}",2026-04-02T01:58:14.187335621Z
2026-04-02 01:58:27 UTC - Services healthy,info,"{""level"":""info""}","{""project"":""ce3616d9-58ad-4ec7-a294-1821e1564434"",""environment"":""fb6513d0-42a4-4660-82b5-509c54b15f2a"",""service"":""4978aa94-666c-47c7-8024-3ada55195a51"",""deployment"":""b74391c9-c7a3-4b79-8cbc-cdb2242a0c4b"",""replica"":""ee6f635d-6e8d-49c1-9a8a-391303e7d624""}",2026-04-02T01:58:34.145265735Z
[DB] Synced 1 accounts to database,info,"{""level"":""info""}","{""project"":""ce3616d9-58ad-4ec7-a294-1821e1564434"",""environment"":""fb6513d0-42a4-4660-82b5-509c54b15f2a"",""service"":""4978aa94-666c-47c7-8024-3ada55195a51"",""deployment"":""b74391c9-c7a3-4b79-8cbc-cdb2242a0c4b"",""replica"":""ee6f635d-6e8d-49c1-9a8a-391303e7d624""}",2026-04-02T01:58:53.980692290Z
2026-04-02 01:58:57 UTC - Services healthy,info,"{""level"":""info""}","{""project"":""ce3616d9-58ad-4ec7-a294-1821e1564434"",""environment"":""fb6513d0-42a4-4660-82b5-509c54b15f2a"",""service"":""4978aa94-666c-47c7-8024-3ada55195a51"",""deployment"":""b74391c9-c7a3-4b79-8cbc-cdb2242a0c4b"",""replica"":""ee6f635d-6e8d-49c1-9a8a-391303e7d624""}",2026-04-02T01:58:57.433419700Z
[DB] Synced 1 accounts to database,info,"{""level"":""info""}","{""project"":""ce3616d9-58ad-4ec7-a294-1821e1564434"",""environment"":""fb6513d0-42a4-4660-82b5-509c54b15f2a"",""service"":""4978aa94-666c-47c7-8024-3ada55195a51"",""deployment"":""b74391c9-c7a3-4b79-8cbc-cdb2242a0c4b"",""replica"":""ee6f635d-6e8d-49c1-9a8a-391303e7d624""}",2026-04-02T01:59:17.448425529Z
2026-04-02 01:59:27 UTC - Services healthy,info,"{""level"":""info""}","{""project"":""ce3616d9-58ad-4ec7-a294-1821e1564434"",""environment"":""fb6513d0-42a4-4660-82b5-509c54b15f2a"",""service"":""4978aa94-666c-47c7-8024-3ada55195a51"",""deployment"":""b74391c9-c7a3-4b79-8cbc-cdb2242a0c4b"",""replica"":""ee6f635d-6e8d-49c1-9a8a-391303e7d624""}",2026-04-02T01:59:37.639710626Z
[DB] Synced 1 accounts to database,info,"{""level"":""info""}","{""project"":""ce3616d9-58ad-4ec7-a294-1821e1564434"",""environment"":""fb6513d0-42a4-4660-82b5-509c54b15f2a"",""service"":""4978aa94-666c-47c7-8024-3ada55195a51"",""deployment"":""b74391c9-c7a3-4b79-8cbc-cdb2242a0c4b"",""replica"":""ee6f635d-6e8d-49c1-9a8a-391303e7d624""}",2026-04-02T01:59:44.214206719Z
2026-04-02 01:59:57 UTC - Services healthy,info,"{""level"":""info""}","{""project"":""ce3616d9-58ad-4ec7-a294-1821e1564434"",""environment"":""fb6513d0-42a4-4660-82b5-509c54b15f2a"",""service"":""4978aa94-666c-47c7-8024-3ada55195a51"",""deployment"":""b74391c9-c7a3-4b79-8cbc-cdb2242a0c4b"",""replica"":""ee6f635d-6e8d-49c1-9a8a-391303e7d624""}",2026-04-02T02:00:04.218623086Z
[DB] Synced 1 accounts to database,info,"{""level"":""info""}","{""project"":""ce3616d9-58ad-4ec7-a294-1821e1564434"",""environment"":""fb6513d0-42a4-4660-82b5-509c54b15f2a"",""service"":""4978aa94-666c-47c7-8024-3ada55195a51"",""deployment"":""b74391c9-c7a3-4b79-8cbc-cdb2242a0c4b"",""replica"":""ee6f635d-6e8d-49c1-9a8a-391303e7d624""}",2026-04-02T02:00:14.210414234Z
2026-04-02 02:00:27 UTC - Services healthy,info,"{""level"":""info""}","{""project"":""ce3616d9-58ad-4ec7-a294-1821e1564434"",""environment"":""fb6513d0-42a4-4660-82b5-509c54b15f2a"",""service"":""4978aa94-666c-47c7-8024-3ada55195a51"",""deployment"":""b74391c9-c7a3-4b79-8cbc-cdb2242a0c4b"",""replica"":""ee6f635d-6e8d-49c1-9a8a-391303e7d624""}",2026-04-02T02:00:34.123959122Z
[DB] Synced 1 accounts to database,info,"{""level"":""info""}","{""project"":""ce3616d9-58ad-4ec7-a294-1821e1564434"",""environment"":""fb6513d0-42a4-4660-82b5-509c54b15f2a"",""service"":""4978aa94-666c-47c7-8024-3ada55195a51"",""deployment"":""b74391c9-c7a3-4b79-8cbc-cdb2242a0c4b"",""replica"":""ee6f635d-6e8d-49c1-9a8a-391303e7d624""}",2026-04-02T02:00:54.137623573Z
2026-04-02 02:00:57 UTC - Services healthy,info,"{""level"":""info""}","{""project"":""ce3616d9-58ad-4ec7-a294-1821e1564434"",""environment"":""fb6513d0-42a4-4660-82b5-509c54b15f2a"",""service"":""4978aa94-666c-47c7-8024-3ada55195a51"",""deployment"":""b74391c9-c7a3-4b79-8cbc-cdb2242a0c4b"",""replica"":""ee6f635d-6e8d-49c1-9a8a-391303e7d624""}",2026-04-02T02:00:57.437234804Z
[DB] Synced 1 accounts to database,info,"{""level"":""info""}","{""project"":""ce3616d9-58ad-4ec7-a294-1821e1564434"",""environment"":""fb6513d0-42a4-4660-82b5-509c54b15f2a"",""service"":""4978aa94-666c-47c7-8024-3ada55195a51"",""deployment"":""b74391c9-c7a3-4b79-8cbc-cdb2242a0c4b"",""replica"":""ee6f635d-6e8d-49c1-9a8a-391303e7d624""}",2026-04-02T02:01:17.526348110Z
2026-04-02 02:01:27 UTC - Services healthy,info,"{""level"":""info""}","{""project"":""ce3616d9-58ad-4ec7-a294-1821e1564434"",""environment"":""fb6513d0-42a4-4660-82b5-509c54b15f2a"",""service"":""4978aa94-666c-47c7-8024-3ada55195a51"",""deployment"":""b74391c9-c7a3-4b79-8cbc-cdb2242a0c4b"",""replica"":""ee6f635d-6e8d-49c1-9a8a-391303e7d624""}",2026-04-02T02:01:27.462900663Z
[DB] Synced 1 accounts to database,info,"{""level"":""info""}","{""project"":""ce3616d9-58ad-4ec7-a294-1821e1564434"",""environment"":""fb6513d0-42a4-4660-82b5-509c54b15f2a"",""service"":""4978aa94-666c-47c7-8024-3ada55195a51"",""deployment"":""b74391c9-c7a3-4b79-8cbc-cdb2242a0c4b"",""replica"":""ee6f635d-6e8d-49c1-9a8a-391303e7d624""}",2026-04-02T02:01:47.390192578Z
2026-04-02 02:01:57 UTC - Services healthy,info,"{""level"":""info""}","{""project"":""ce3616d9-58ad-4ec7-a294-1821e1564434"",""environment"":""fb6513d0-42a4-4660-82b5-509c54b15f2a"",""service"":""4978aa94-666c-47c7-8024-3ada55195a51"",""deployment"":""b74391c9-c7a3-4b79-8cbc-cdb2242a0c4b"",""replica"":""ee6f635d-6e8d-49c1-9a8a-391303e7d624""}",2026-04-02T02:02:07.364701252Z
[DB] Synced 1 accounts to database,info,"{""level"":""info""}","{""project"":""ce3616d9-58ad-4ec7-a294-1821e1564434"",""environment"":""fb6513d0-42a4-4660-82b5-509c54b15f2a"",""service"":""4978aa94-666c-47c7-8024-3ada55195a51"",""deployment"":""b74391c9-c7a3-4b79-8cbc-cdb2242a0c4b"",""replica"":""ee6f635d-6e8d-49c1-9a8a-391303e7d624""}",2026-04-02T02:02:14.234944295Z
2026-04-02 02:02:27 UTC - Services healthy,info,"{""level"":""info""}","{""project"":""ce3616d9-58ad-4ec7-a294-1821e1564434"",""environment"":""fb6513d0-42a4-4660-82b5-509c54b15f2a"",""service"":""4978aa94-666c-47c7-8024-3ada55195a51"",""deployment"":""b74391c9-c7a3-4b79-8cbc-cdb2242a0c4b"",""replica"":""ee6f635d-6e8d-49c1-9a8a-391303e7d624""}",2026-04-02T02:02:34.134635273Z
[DB] Synced 1 accounts to database,info,"{""level"":""info""}","{""project"":""ce3616d9-58ad-4ec7-a294-1821e1564434"",""environment"":""fb6513d0-42a4-4660-82b5-509c54b15f2a"",""service"":""4978aa94-666c-47c7-8024-3ada55195a51"",""deployment"":""b74391c9-c7a3-4b79-8cbc-cdb2242a0c4b"",""replica"":""ee6f635d-6e8d-49c1-9a8a-391303e7d624""}",2026-04-02T02:02:54.293129476Z
2026-04-02 02:02:57 UTC - Services healthy,info,"{""level"":""info""}","{""project"":""ce3616d9-58ad-4ec7-a294-1821e1564434"",""environment"":""fb6513d0-42a4-4660-82b5-509c54b15f2a"",""service"":""4978aa94-666c-47c7-8024-3ada55195a51"",""deployment"":""b74391c9-c7a3-4b79-8cbc-cdb2242a0c4b"",""replica"":""ee6f635d-6e8d-49c1-9a8a-391303e7d624""}",2026-04-02T02:02:57.464664373Z
[DB] Synced 1 accounts to database,info,"{""level"":""info""}","{""project"":""ce3616d9-58ad-4ec7-a294-1821e1564434"",""environment"":""fb6513d0-42a4-4660-82b5-509c54b15f2a"",""service"":""4978aa94-666c-47c7-8024-3ada55195a51"",""deployment"":""b74391c9-c7a3-4b79-8cbc-cdb2242a0c4b"",""replica"":""ee6f635d-6e8d-49c1-9a8a-391303e7d624""}",2026-04-02T02:03:17.514480131Z
2026-04-02 02:03:27 UTC - Services healthy,info,"{""level"":""info""}","{""project"":""ce3616d9-58ad-4ec7-a294-1821e1564434"",""environment"":""fb6513d0-42a4-4660-82b5-509c54b15f2a"",""service"":""4978aa94-666c-47c7-8024-3ada55195a51"",""deployment"":""b74391c9-c7a3-4b79-8cbc-cdb2242a0c4b"",""replica"":""ee6f635d-6e8d-49c1-9a8a-391303e7d624""}",2026-04-02T02:03:37.254993910Z
[DB] Synced 1 accounts to database,info,"{""level"":""info""}","{""project"":""ce3616d9-58ad-4ec7-a294-1821e1564434"",""environment"":""fb6513d0-42a4-4660-82b5-509c54b15f2a"",""service"":""4978aa94-666c-47c7-8024-3ada55195a51"",""deployment"":""b74391c9-c7a3-4b79-8cbc-cdb2242a0c4b"",""replica"":""ee6f635d-6e8d-49c1-9a8a-391303e7d624""}",2026-04-02T02:03:44.243445975Z
2026-04-02 02:03:57 UTC - Services healthy,info,"{""level"":""info""}","{""project"":""ce3616d9-58ad-4ec7-a294-1821e1564434"",""environment"":""fb6513d0-42a4-4660-82b5-509c54b15f2a"",""service"":""4978aa94-666c-47c7-8024-3ada55195a51"",""deployment"":""b74391c9-c7a3-4b79-8cbc-cdb2242a0c4b"",""replica"":""ee6f635d-6e8d-49c1-9a8a-391303e7d624""}",2026-04-02T02:04:04.240283576Z
[DB] Synced 1 accounts to database,info,"{""level"":""info""}","{""project"":""ce3616d9-58ad-4ec7-a294-1821e1564434"",""environment"":""fb6513d0-42a4-4660-82b5-509c54b15f2a"",""service"":""4978aa94-666c-47c7-8024-3ada55195a51"",""deployment"":""b74391c9-c7a3-4b79-8cbc-cdb2242a0c4b"",""replica"":""ee6f635d-6e8d-49c1-9a8a-391303e7d624""}",2026-04-02T02:04:14.234263807Z
2026-04-02 02:04:27 UTC - Services healthy,info,"{""level"":""info""}","{""project"":""ce3616d9-58ad-4ec7-a294-1821e1564434"",""environment"":""fb6513d0-42a4-4660-82b5-509c54b15f2a"",""service"":""4978aa94-666c-47c7-8024-3ada55195a51"",""deployment"":""b74391c9-c7a3-4b79-8cbc-cdb2242a0c4b"",""replica"":""ee6f635d-6e8d-49c1-9a8a-391303e7d624""}",2026-04-02T02:04:34.221635550Z
[DB] Synced 1 accounts to database,info,"{""level"":""info""}","{""project"":""ce3616d9-58ad-4ec7-a294-1821e1564434"",""environment"":""fb6513d0-42a4-4660-82b5-509c54b15f2a"",""service"":""4978aa94-666c-47c7-8024-3ada55195a51"",""deployment"":""b74391c9-c7a3-4b79-8cbc-cdb2242a0c4b"",""replica"":""ee6f635d-6e8d-49c1-9a8a-391303e7d624""}",2026-04-02T02:04:54.279507443Z
2026-04-02 02:04:57 UTC - Services healthy,info,"{""level"":""info""}","{""project"":""ce3616d9-58ad-4ec7-a294-1821e1564434"",""environment"":""fb6513d0-42a4-4660-82b5-509c54b15f2a"",""service"":""4978aa94-666c-47c7-8024-3ada55195a51"",""deployment"":""b74391c9-c7a3-4b79-8cbc-cdb2242a0c4b"",""replica"":""ee6f635d-6e8d-49c1-9a8a-391303e7d624""}",2026-04-02T02:04:57.494267099Z
[DB] Synced 1 accounts to database,info,"{""level"":""info""}","{""project"":""ce3616d9-58ad-4ec7-a294-1821e1564434"",""environment"":""fb6513d0-42a4-4660-82b5-509c54b15f2a"",""service"":""4978aa94-666c-47c7-8024-3ada55195a51"",""deployment"":""b74391c9-c7a3-4b79-8cbc-cdb2242a0c4b"",""replica"":""ee6f635d-6e8d-49c1-9a8a-391303e7d624""}",2026-04-02T02:05:17.620360436Z
2026-04-02 02:05:27 UTC - Services healthy,info,"{""level"":""info""}","{""project"":""ce3616d9-58ad-4ec7-a294-1821e1564434"",""environment"":""fb6513d0-42a4-4660-82b5-509c54b15f2a"",""service"":""4978aa94-666c-47c7-8024-3ada55195a51"",""deployment"":""b74391c9-c7a3-4b79-8cbc-cdb2242a0c4b"",""replica"":""ee6f635d-6e8d-49c1-9a8a-391303e7d624""}",2026-04-02T02:05:27.507644061Z
[DB] Synced 1 accounts to database,info,"{""level"":""info""}","{""project"":""ce3616d9-58ad-4ec7-a294-1821e1564434"",""environment"":""fb6513d0-42a4-4660-82b5-509c54b15f2a"",""service"":""4978aa94-666c-47c7-8024-3ada55195a51"",""deployment"":""b74391c9-c7a3-4b79-8cbc-cdb2242a0c4b"",""replica"":""ee6f635d-6e8d-49c1-9a8a-391303e7d624""}",2026-04-02T02:05:47.537546067Z
2026-04-02 02:05:57 UTC - Services healthy,info,"{""level"":""info""}","{""project"":""ce3616d9-58ad-4ec7-a294-1821e1564434"",""environment"":""fb6513d0-42a4-4660-82b5-509c54b15f2a"",""service"":""4978aa94-666c-47c7-8024-3ada55195a51"",""deployment"":""b74391c9-c7a3-4b79-8cbc-cdb2242a0c4b"",""replica"":""ee6f635d-6e8d-49c1-9a8a-391303e7d624""}",2026-04-02T02:05:57.494976094Z
[DB] Synced 1 accounts to database,info,"{""level"":""info""}","{""project"":""ce3616d9-58ad-4ec7-a294-1821e1564434"",""environment"":""fb6513d0-42a4-4660-82b5-509c54b15f2a"",""service"":""4978aa94-666c-47c7-8024-3ada55195a51"",""deployment"":""b74391c9-c7a3-4b79-8cbc-cdb2242a0c4b"",""replica"":""ee6f635d-6e8d-49c1-9a8a-391303e7d624""}",2026-04-02T02:06:17.489461528Z
2026-04-02 02:06:27 UTC - Services healthy,info,"{""level"":""info""}","{""project"":""ce3616d9-58ad-4ec7-a294-1821e1564434"",""environment"":""fb6513d0-42a4-4660-82b5-509c54b15f2a"",""service"":""4978aa94-666c-47c7-8024-3ada55195a51"",""deployment"":""b74391c9-c7a3-4b79-8cbc-cdb2242a0c4b"",""replica"":""ee6f635d-6e8d-49c1-9a8a-391303e7d624""}",2026-04-02T02:06:27.486007080Z
[DB] Synced 1 accounts to database,info,"{""level"":""info""}","{""project"":""ce3616d9-58ad-4ec7-a294-1821e1564434"",""environment"":""fb6513d0-42a4-4660-82b5-509c54b15f2a"",""service"":""4978aa94-666c-47c7-8024-3ada55195a51"",""deployment"":""b74391c9-c7a3-4b79-8cbc-cdb2242a0c4b"",""replica"":""ee6f635d-6e8d-49c1-9a8a-391303e7d624""}",2026-04-02T02:06:47.527893249Z
2026-04-02 02:06:57 UTC - Services healthy,info,"{""level"":""info""}","{""project"":""ce3616d9-58ad-4ec7-a294-1821e1564434"",""environment"":""fb6513d0-42a4-4660-82b5-509c54b15f2a"",""service"":""4978aa94-666c-47c7-8024-3ada55195a51"",""deployment"":""b74391c9-c7a3-4b79-8cbc-cdb2242a0c4b"",""replica"":""ee6f635d-6e8d-49c1-9a8a-391303e7d624""}",2026-04-02T02:07:07.421379068Z
[DB] Synced 1 accounts to database,info,"{""level"":""info""}","{""project"":""ce3616d9-58ad-4ec7-a294-1821e1564434"",""environment"":""fb6513d0-42a4-4660-82b5-509c54b15f2a"",""service"":""4978aa94-666c-47c7-8024-3ada55195a51"",""deployment"":""b74391c9-c7a3-4b79-8cbc-cdb2242a0c4b"",""replica"":""ee6f635d-6e8d-49c1-9a8a-391303e7d624""}",2026-04-02T02:07:14.296592515Z
2026-04-02 02:07:27 UTC - Services healthy,info,"{""level"":""info""}","{""project"":""ce3616d9-58ad-4ec7-a294-1821e1564434"",""environment"":""fb6513d0-42a4-4660-82b5-509c54b15f2a"",""service"":""4978aa94-666c-47c7-8024-3ada55195a51"",""deployment"":""b74391c9-c7a3-4b79-8cbc-cdb2242a0c4b"",""replica"":""ee6f635d-6e8d-49c1-9a8a-391303e7d624""}",2026-04-02T02:07:34.304688420Z
[DB] Synced 1 accounts to database,info,"{""level"":""info""}","{""project"":""ce3616d9-58ad-4ec7-a294-1821e1564434"",""environment"":""fb6513d0-42a4-4660-82b5-509c54b15f2a"",""service"":""4978aa94-666c-47c7-8024-3ada55195a51"",""deployment"":""b74391c9-c7a3-4b79-8cbc-cdb2242a0c4b"",""replica"":""ee6f635d-6e8d-49c1-9a8a-391303e7d624""}",2026-04-02T02:07:54.266361122Z
2026-04-02 02:07:57 UTC - Services healthy,info,"{""level"":""info""}","{""project"":""ce3616d9-58ad-4ec7-a294-1821e1564434"",""environment"":""fb6513d0-42a4-4660-82b5-509c54b15f2a"",""service"":""4978aa94-666c-47c7-8024-3ada55195a51"",""deployment"":""b74391c9-c7a3-4b79-8cbc-cdb2242a0c4b"",""replica"":""ee6f635d-6e8d-49c1-9a8a-391303e7d624""}",2026-04-02T02:07:57.534057605Z
[DB] Synced 1 accounts to database,info,"{""level"":""info""}","{""project"":""ce3616d9-58ad-4ec7-a294-1821e1564434"",""environment"":""fb6513d0-42a4-4660-82b5-509c54b15f2a"",""service"":""4978aa94-666c-47c7-8024-3ada55195a51"",""deployment"":""b74391c9-c7a3-4b79-8cbc-cdb2242a0c4b"",""replica"":""ee6f635d-6e8d-49c1-9a8a-391303e7d624""}",2026-04-02T02:08:17.554266764Z
2026-04-02 02:08:27 UTC - Services healthy,info,"{""level"":""info""}","{""project"":""ce3616d9-58ad-4ec7-a294-1821e1564434"",""environment"":""fb6513d0-42a4-4660-82b5-509c54b15f2a"",""service"":""4978aa94-666c-47c7-8024-3ada55195a51"",""deployment"":""b74391c9-c7a3-4b79-8cbc-cdb2242a0c4b"",""replica"":""ee6f635d-6e8d-49c1-9a8a-391303e7d624""}",2026-04-02T02:08:27.506942363Z
[DB] Synced 1 accounts to database,info,"{""level"":""info""}","{""project"":""ce3616d9-58ad-4ec7-a294-1821e1564434"",""environment"":""fb6513d0-42a4-4660-82b5-509c54b15f2a"",""service"":""4978aa94-666c-47c7-8024-3ada55195a51"",""deployment"":""b74391c9-c7a3-4b79-8cbc-cdb2242a0c4b"",""replica"":""ee6f635d-6e8d-49c1-9a8a-391303e7d624""}",2026-04-02T02:08:47.485564463Z
2026-04-02 02:08:57 UTC - Services healthy,info,"{""level"":""info""}","{""project"":""ce3616d9-58ad-4ec7-a294-1821e1564434"",""environment"":""fb6513d0-42a4-4660-82b5-509c54b15f2a"",""service"":""4978aa94-666c-47c7-8024-3ada55195a51"",""deployment"":""b74391c9-c7a3-4b79-8cbc-cdb2242a0c4b"",""replica"":""ee6f635d-6e8d-49c1-9a8a-391303e7d624""}",2026-04-02T02:09:07.469300406Z
[DB] Synced 1 accounts to database,info,"{""level"":""info""}","{""project"":""ce3616d9-58ad-4ec7-a294-1821e1564434"",""environment"":""fb6513d0-42a4-4660-82b5-509c54b15f2a"",""service"":""4978aa94-666c-47c7-8024-3ada55195a51"",""deployment"":""b74391c9-c7a3-4b79-8cbc-cdb2242a0c4b"",""replica"":""ee6f635d-6e8d-49c1-9a8a-391303e7d624""}",2026-04-02T02:09:14.351826714Z
2026-04-02 02:09:27 UTC - Services healthy,info,"{""level"":""info""}","{""project"":""ce3616d9-58ad-4ec7-a294-1821e1564434"",""environment"":""fb6513d0-42a4-4660-82b5-509c54b15f2a"",""service"":""4978aa94-666c-47c7-8024-3ada55195a51"",""deployment"":""b74391c9-c7a3-4b79-8cbc-cdb2242a0c4b"",""replica"":""ee6f635d-6e8d-49c1-9a8a-391303e7d624""}",2026-04-02T02:09:34.281625316Z
[DB] Synced 1 accounts to database,info,"{""level"":""info""}","{""project"":""ce3616d9-58ad-4ec7-a294-1821e1564434"",""environment"":""fb6513d0-42a4-4660-82b5-509c54b15f2a"",""service"":""4978aa94-666c-47c7-8024-3ada55195a51"",""deployment"":""b74391c9-c7a3-4b79-8cbc-cdb2242a0c4b"",""replica"":""ee6f635d-6e8d-49c1-9a8a-391303e7d624""}",2026-04-02T02:09:54.247838425Z
2026-04-02 02:09:57 UTC - Services healthy,info,"{""level"":""info""}","{""project"":""ce3616d9-58ad-4ec7-a294-1821e1564434"",""environment"":""fb6513d0-42a4-4660-82b5-509c54b15f2a"",""service"":""4978aa94-666c-47c7-8024-3ada55195a51"",""deployment"":""b74391c9-c7a3-4b79-8cbc-cdb2242a0c4b"",""replica"":""ee6f635d-6e8d-49c1-9a8a-391303e7d624""}",2026-04-02T02:09:57.597222024Z
[DB] Synced 1 accounts to database,info,"{""level"":""info""}","{""project"":""ce3616d9-58ad-4ec7-a294-1821e1564434"",""environment"":""fb6513d0-42a4-4660-82b5-509c54b15f2a"",""service"":""4978aa94-666c-47c7-8024-3ada55195a51"",""deployment"":""b74391c9-c7a3-4b79-8cbc-cdb2242a0c4b"",""replica"":""ee6f635d-6e8d-49c1-9a8a-391303e7d624""}",2026-04-02T02:10:17.538973582Z
2026-04-02 02:10:27 UTC - Services healthy,info,"{""level"":""info""}","{""project"":""ce3616d9-58ad-4ec7-a294-1821e1564434"",""environment"":""fb6513d0-42a4-4660-82b5-509c54b15f2a"",""service"":""4978aa94-666c-47c7-8024-3ada55195a51"",""deployment"":""b74391c9-c7a3-4b79-8cbc-cdb2242a0c4b"",""replica"":""ee6f635d-6e8d-49c1-9a8a-391303e7d624""}",2026-04-02T02:10:27.529413370Z
[DB] Synced 1 accounts to database,info,"{""level"":""info""}","{""project"":""ce3616d9-58ad-4ec7-a294-1821e1564434"",""environment"":""fb6513d0-42a4-4660-82b5-509c54b15f2a"",""service"":""4978aa94-666c-47c7-8024-3ada55195a51"",""deployment"":""b74391c9-c7a3-4b79-8cbc-cdb2242a0c4b"",""replica"":""ee6f635d-6e8d-49c1-9a8a-391303e7d624""}",2026-04-02T02:10:47.585937651Z
2026-04-02 02:10:57 UTC - Services healthy,info,"{""level"":""info""}","{""project"":""ce3616d9-58ad-4ec7-a294-1821e1564434"",""environment"":""fb6513d0-42a4-4660-82b5-509c54b15f2a"",""service"":""4978aa94-666c-47c7-8024-3ada55195a51"",""deployment"":""b74391c9-c7a3-4b79-8cbc-cdb2242a0c4b"",""replica"":""ee6f635d-6e8d-49c1-9a8a-391303e7d624""}",2026-04-02T02:10:57.581203639Z
[DB] Synced 1 accounts to database,info,"{""level"":""info""}","{""project"":""ce3616d9-58ad-4ec7-a294-1821e1564434"",""environment"":""fb6513d0-42a4-4660-82b5-509c54b15f2a"",""service"":""4978aa94-666c-47c7-8024-3ada55195a51"",""deployment"":""b74391c9-c7a3-4b79-8cbc-cdb2242a0c4b"",""replica"":""ee6f635d-6e8d-49c1-9a8a-391303e7d624""}",2026-04-02T02:11:17.545941571Z
2026-04-02 02:11:27 UTC - Services healthy,info,"{""level"":""info""}","{""project"":""ce3616d9-58ad-4ec7-a294-1821e1564434"",""environment"":""fb6513d0-42a4-4660-82b5-509c54b15f2a"",""service"":""4978aa94-666c-47c7-8024-3ada55195a51"",""deployment"":""b74391c9-c7a3-4b79-8cbc-cdb2242a0c4b"",""replica"":""ee6f635d-6e8d-49c1-9a8a-391303e7d624""}",2026-04-02T02:11:37.536928878Z
[DB] Synced 1 accounts to database,info,"{""level"":""info""}","{""project"":""ce3616d9-58ad-4ec7-a294-1821e1564434"",""environment"":""fb6513d0-42a4-4660-82b5-509c54b15f2a"",""service"":""4978aa94-666c-47c7-8024-3ada55195a51"",""deployment"":""b74391c9-c7a3-4b79-8cbc-cdb2242a0c4b"",""replica"":""ee6f635d-6e8d-49c1-9a8a-391303e7d624""}",2026-04-02T02:11:44.617486797Z
2026-04-02 02:11:57 UTC - Services healthy,info,"{""level"":""info""}","{""project"":""ce3616d9-58ad-4ec7-a294-1821e1564434"",""environment"":""fb6513d0-42a4-4660-82b5-509c54b15f2a"",""service"":""4978aa94-666c-47c7-8024-3ada55195a51"",""deployment"":""b74391c9-c7a3-4b79-8cbc-cdb2242a0c4b"",""replica"":""ee6f635d-6e8d-49c1-9a8a-391303e7d624""}",2026-04-02T02:12:04.613282131Z
[DB] Synced 1 accounts to database,info,"{""level"":""info""}","{""project"":""ce3616d9-58ad-4ec7-a294-1821e1564434"",""environment"":""fb6513d0-42a4-4660-82b5-509c54b15f2a"",""service"":""4978aa94-666c-47c7-8024-3ada55195a51"",""deployment"":""b74391c9-c7a3-4b79-8cbc-cdb2242a0c4b"",""replica"":""ee6f635d-6e8d-49c1-9a8a-391303e7d624""}",2026-04-02T02:12:14.422011268Z
2026-04-02 02:12:27 UTC - Services healthy,info,"{""level"":""info""}","{""project"":""ce3616d9-58ad-4ec7-a294-1821e1564434"",""environment"":""fb6513d0-42a4-4660-82b5-509c54b15f2a"",""service"":""4978aa94-666c-47c7-8024-3ada55195a51"",""deployment"":""b74391c9-c7a3-4b79-8cbc-cdb2242a0c4b"",""replica"":""ee6f635d-6e8d-49c1-9a8a-391303e7d624""}",2026-04-02T02:12:34.185915835Z
[DB] Synced 1 accounts to database,info,"{""level"":""info""}","{""project"":""ce3616d9-58ad-4ec7-a294-1821e1564434"",""environment"":""fb6513d0-42a4-4660-82b5-509c54b15f2a"",""service"":""4978aa94-666c-47c7-8024-3ada55195a51"",""deployment"":""b74391c9-c7a3-4b79-8cbc-cdb2242a0c4b"",""replica"":""ee6f635d-6e8d-49c1-9a8a-391303e7d624""}",2026-04-02T02:12:54.215836273Z
2026-04-02 02:12:57 UTC - Services healthy,info,"{""level"":""info""}","{""project"":""ce3616d9-58ad-4ec7-a294-1821e1564434"",""environment"":""fb6513d0-42a4-4660-82b5-509c54b15f2a"",""service"":""4978aa94-666c-47c7-8024-3ada55195a51"",""deployment"":""b74391c9-c7a3-4b79-8cbc-cdb2242a0c4b"",""replica"":""ee6f635d-6e8d-49c1-9a8a-391303e7d624""}",2026-04-02T02:12:57.590821872Z
[DB] Synced 1 accounts to database,info,"{""level"":""info""}","{""project"":""ce3616d9-58ad-4ec7-a294-1821e1564434"",""environment"":""fb6513d0-42a4-4660-82b5-509c54b15f2a"",""service"":""4978aa94-666c-47c7-8024-3ada55195a51"",""deployment"":""b74391c9-c7a3-4b79-8cbc-cdb2242a0c4b"",""replica"":""ee6f635d-6e8d-49c1-9a8a-391303e7d624""}",2026-04-02T02:13:17.587669113Z
2026-04-02 02:13:27 UTC - Services healthy,info,"{""level"":""info""}","{""project"":""ce3616d9-58ad-4ec7-a294-1821e1564434"",""environment"":""fb6513d0-42a4-4660-82b5-509c54b15f2a"",""service"":""4978aa94-666c-47c7-8024-3ada55195a51"",""deployment"":""b74391c9-c7a3-4b79-8cbc-cdb2242a0c4b"",""replica"":""ee6f635d-6e8d-49c1-9a8a-391303e7d624""}",2026-04-02T02:13:27.575771105Z
[DB] Synced 1 accounts to database,info,"{""level"":""info""}","{""project"":""ce3616d9-58ad-4ec7-a294-1821e1564434"",""environment"":""fb6513d0-42a4-4660-82b5-509c54b15f2a"",""service"":""4978aa94-666c-47c7-8024-3ada55195a51"",""deployment"":""b74391c9-c7a3-4b79-8cbc-cdb2242a0c4b"",""replica"":""ee6f635d-6e8d-49c1-9a8a-391303e7d624""}",2026-04-02T02:13:47.470793148Z
2026-04-02 02:13:57 UTC - Services healthy,info,"{""level"":""info""}","{""project"":""ce3616d9-58ad-4ec7-a294-1821e1564434"",""environment"":""fb6513d0-42a4-4660-82b5-509c54b15f2a"",""service"":""4978aa94-666c-47c7-8024-3ada55195a51"",""deployment"":""b74391c9-c7a3-4b79-8cbc-cdb2242a0c4b"",""replica"":""ee6f635d-6e8d-49c1-9a8a-391303e7d624""}",2026-04-02T02:14:07.561185016Z
[DB] Synced 1 accounts to database,info,"{""level"":""info""}","{""project"":""ce3616d9-58ad-4ec7-a294-1821e1564434"",""environment"":""fb6513d0-42a4-4660-82b5-509c54b15f2a"",""service"":""4978aa94-666c-47c7-8024-3ada55195a51"",""deployment"":""b74391c9-c7a3-4b79-8cbc-cdb2242a0c4b"",""replica"":""ee6f635d-6e8d-49c1-9a8a-391303e7d624""}",2026-04-02T02:14:14.337427360Z
2026-04-02 02:14:27 UTC - Services healthy,info,"{""level"":""info""}","{""project"":""ce3616d9-58ad-4ec7-a294-1821e1564434"",""environment"":""fb6513d0-42a4-4660-82b5-509c54b15f2a"",""service"":""4978aa94-666c-47c7-8024-3ada55195a51"",""deployment"":""b74391c9-c7a3-4b79-8cbc-cdb2242a0c4b"",""replica"":""ee6f635d-6e8d-49c1-9a8a-391303e7d624""}",2026-04-02T02:14:34.187196520Z
[DB] Synced 1 accounts to database,info,"{""level"":""info""}","{""project"":""ce3616d9-58ad-4ec7-a294-1821e1564434"",""environment"":""fb6513d0-42a4-4660-82b5-509c54b15f2a"",""service"":""4978aa94-666c-47c7-8024-3ada55195a51"",""deployment"":""b74391c9-c7a3-4b79-8cbc-cdb2242a0c4b"",""replica"":""ee6f635d-6e8d-49c1-9a8a-391303e7d624""}",2026-04-02T02:14:54.156739196Z
2026-04-02 02:14:57 UTC - Services healthy,info,"{""level"":""info""}","{""project"":""ce3616d9-58ad-4ec7-a294-1821e1564434"",""environment"":""fb6513d0-42a4-4660-82b5-509c54b15f2a"",""service"":""4978aa94-666c-47c7-8024-3ada55195a51"",""deployment"":""b74391c9-c7a3-4b79-8cbc-cdb2242a0c4b"",""replica"":""ee6f635d-6e8d-49c1-9a8a-391303e7d624""}",2026-04-02T02:14:57.594400400Z
[DB] Synced 1 accounts to database,info,"{""level"":""info""}","{""project"":""ce3616d9-58ad-4ec7-a294-1821e1564434"",""environment"":""fb6513d0-42a4-4660-82b5-509c54b15f2a"",""service"":""4978aa94-666c-47c7-8024-3ada55195a51"",""deployment"":""b74391c9-c7a3-4b79-8cbc-cdb2242a0c4b"",""replica"":""ee6f635d-6e8d-49c1-9a8a-391303e7d624""}",2026-04-02T02:15:17.493656397Z
2026-04-02 02:15:27 UTC - Services healthy,info,"{""level"":""info""}","{""project"":""ce3616d9-58ad-4ec7-a294-1821e1564434"",""environment"":""fb6513d0-42a4-4660-82b5-509c54b15f2a"",""service"":""4978aa94-666c-47c7-8024-3ada55195a51"",""deployment"":""b74391c9-c7a3-4b79-8cbc-cdb2242a0c4b"",""replica"":""ee6f635d-6e8d-49c1-9a8a-391303e7d624""}",2026-04-02T02:15:37.501270071Z
[DB] Synced 1 accounts to database,info,"{""level"":""info""}","{""project"":""ce3616d9-58ad-4ec7-a294-1821e1564434"",""environment"":""fb6513d0-42a4-4660-82b5-509c54b15f2a"",""service"":""4978aa94-666c-47c7-8024-3ada55195a51"",""deployment"":""b74391c9-c7a3-4b79-8cbc-cdb2242a0c4b"",""replica"":""ee6f635d-6e8d-49c1-9a8a-391303e7d624""}",2026-04-02T02:15:44.351490999Z
2026-04-02 02:15:57 UTC - Services healthy,info,"{""level"":""info""}","{""project"":""ce3616d9-58ad-4ec7-a294-1821e1564434"",""environment"":""fb6513d0-42a4-4660-82b5-509c54b15f2a"",""service"":""4978aa94-666c-47c7-8024-3ada55195a51"",""deployment"":""b74391c9-c7a3-4b79-8cbc-cdb2242a0c4b"",""replica"":""ee6f635d-6e8d-49c1-9a8a-391303e7d624""}",2026-04-02T02:16:04.480241889Z
[DB] Synced 1 accounts to database,info,"{""level"":""info""}","{""project"":""ce3616d9-58ad-4ec7-a294-1821e1564434"",""environment"":""fb6513d0-42a4-4660-82b5-509c54b15f2a"",""service"":""4978aa94-666c-47c7-8024-3ada55195a51"",""deployment"":""b74391c9-c7a3-4b79-8cbc-cdb2242a0c4b"",""replica"":""ee6f635d-6e8d-49c1-9a8a-391303e7d624""}",2026-04-02T02:16:14.388440917Z
2026-04-02 02:16:27 UTC - Services healthy,info,"{""level"":""info""}","{""project"":""ce3616d9-58ad-4ec7-a294-1821e1564434"",""environment"":""fb6513d0-42a4-4660-82b5-509c54b15f2a"",""service"":""4978aa94-666c-47c7-8024-3ada55195a51"",""deployment"":""b74391c9-c7a3-4b79-8cbc-cdb2242a0c4b"",""replica"":""ee6f635d-6e8d-49c1-9a8a-391303e7d624""}",2026-04-02T02:16:34.384219195Z
[DB] Synced 1 accounts to database,info,"{""level"":""info""}","{""project"":""ce3616d9-58ad-4ec7-a294-1821e1564434"",""environment"":""fb6513d0-42a4-4660-82b5-509c54b15f2a"",""service"":""4978aa94-666c-47c7-8024-3ada55195a51"",""deployment"":""b74391c9-c7a3-4b79-8cbc-cdb2242a0c4b"",""replica"":""ee6f635d-6e8d-49c1-9a8a-391303e7d624""}",2026-04-02T02:16:54.329317764Z
2026-04-02 02:16:57 UTC - Services healthy,info,"{""level"":""info""}","{""project"":""ce3616d9-58ad-4ec7-a294-1821e1564434"",""environment"":""fb6513d0-42a4-4660-82b5-509c54b15f2a"",""service"":""4978aa94-666c-47c7-8024-3ada55195a51"",""deployment"":""b74391c9-c7a3-4b79-8cbc-cdb2242a0c4b"",""replica"":""ee6f635d-6e8d-49c1-9a8a-391303e7d624""}",2026-04-02T02:16:57.606795383Z
[DB] Synced 1 accounts to database,info,"{""level"":""info""}","{""project"":""ce3616d9-58ad-4ec7-a294-1821e1564434"",""environment"":""fb6513d0-42a4-4660-82b5-509c54b15f2a"",""service"":""4978aa94-666c-47c7-8024-3ada55195a51"",""deployment"":""b74391c9-c7a3-4b79-8cbc-cdb2242a0c4b"",""replica"":""ee6f635d-6e8d-49c1-9a8a-391303e7d624""}",2026-04-02T02:17:17.532477355Z
2026-04-02 02:17:27 UTC - Services healthy,info,"{""level"":""info""}","{""project"":""ce3616d9-58ad-4ec7-a294-1821e1564434"",""environment"":""fb6513d0-42a4-4660-82b5-509c54b15f2a"",""service"":""4978aa94-666c-47c7-8024-3ada55195a51"",""deployment"":""b74391c9-c7a3-4b79-8cbc-cdb2242a0c4b"",""replica"":""ee6f635d-6e8d-49c1-9a8a-391303e7d624""}",2026-04-02T02:17:37.517646725Z
[DB] Synced 1 accounts to database,info,"{""level"":""info""}","{""project"":""ce3616d9-58ad-4ec7-a294-1821e1564434"",""environment"":""fb6513d0-42a4-4660-82b5-509c54b15f2a"",""service"":""4978aa94-666c-47c7-8024-3ada55195a51"",""deployment"":""b74391c9-c7a3-4b79-8cbc-cdb2242a0c4b"",""replica"":""ee6f635d-6e8d-49c1-9a8a-391303e7d624""}",2026-04-02T02:17:44.361079649Z
2026-04-02 02:17:57 UTC - Services healthy,info,"{""level"":""info""}","{""project"":""ce3616d9-58ad-4ec7-a294-1821e1564434"",""environment"":""fb6513d0-42a4-4660-82b5-509c54b15f2a"",""service"":""4978aa94-666c-47c7-8024-3ada55195a51"",""deployment"":""b74391c9-c7a3-4b79-8cbc-cdb2242a0c4b"",""replica"":""ee6f635d-6e8d-49c1-9a8a-391303e7d624""}",2026-04-02T02:18:04.446979898Z
[DB] Synced 1 accounts to database,info,"{""level"":""info""}","{""project"":""ce3616d9-58ad-4ec7-a294-1821e1564434"",""environment"":""fb6513d0-42a4-4660-82b5-509c54b15f2a"",""service"":""4978aa94-666c-47c7-8024-3ada55195a51"",""deployment"":""b74391c9-c7a3-4b79-8cbc-cdb2242a0c4b"",""replica"":""ee6f635d-6e8d-49c1-9a8a-391303e7d624""}",2026-04-02T02:18:14.347725242Z
2026-04-02 02:18:27 UTC - Services healthy,info,"{""level"":""info""}","{""project"":""ce3616d9-58ad-4ec7-a294-1821e1564434"",""environment"":""fb6513d0-42a4-4660-82b5-509c54b15f2a"",""service"":""4978aa94-666c-47c7-8024-3ada55195a51"",""deployment"":""b74391c9-c7a3-4b79-8cbc-cdb2242a0c4b"",""replica"":""ee6f635d-6e8d-49c1-9a8a-391303e7d624""}",2026-04-02T02:18:34.322071721Z
[DB] Synced 1 accounts to database,info,"{""level"":""info""}","{""project"":""ce3616d9-58ad-4ec7-a294-1821e1564434"",""environment"":""fb6513d0-42a4-4660-82b5-509c54b15f2a"",""service"":""4978aa94-666c-47c7-8024-3ada55195a51"",""deployment"":""b74391c9-c7a3-4b79-8cbc-cdb2242a0c4b"",""replica"":""ee6f635d-6e8d-49c1-9a8a-391303e7d624""}",2026-04-02T02:18:54.330334773Z
2026-04-02 02:18:57 UTC - Services healthy,info,"{""level"":""info""}","{""project"":""ce3616d9-58ad-4ec7-a294-1821e1564434"",""environment"":""fb6513d0-42a4-4660-82b5-509c54b15f2a"",""service"":""4978aa94-666c-47c7-8024-3ada55195a51"",""deployment"":""b74391c9-c7a3-4b79-8cbc-cdb2242a0c4b"",""replica"":""ee6f635d-6e8d-49c1-9a8a-391303e7d624""}",2026-04-02T02:18:57.625681207Z
[DB] Synced 1 accounts to database,info,"{""level"":""info""}","{""project"":""ce3616d9-58ad-4ec7-a294-1821e1564434"",""environment"":""fb6513d0-42a4-4660-82b5-509c54b15f2a"",""service"":""4978aa94-666c-47c7-8024-3ada55195a51"",""deployment"":""b74391c9-c7a3-4b79-8cbc-cdb2242a0c4b"",""replica"":""ee6f635d-6e8d-49c1-9a8a-391303e7d624""}",2026-04-02T02:19:17.825988001Z
2026-04-02 02:19:27 UTC - Services healthy,info,"{""level"":""info""}","{""project"":""ce3616d9-58ad-4ec7-a294-1821e1564434"",""environment"":""fb6513d0-42a4-4660-82b5-509c54b15f2a"",""service"":""4978aa94-666c-47c7-8024-3ada55195a51"",""deployment"":""b74391c9-c7a3-4b79-8cbc-cdb2242a0c4b"",""replica"":""ee6f635d-6e8d-49c1-9a8a-391303e7d624""}",2026-04-02T02:19:37.601674033Z
[DB] Synced 1 accounts to database,info,"{""level"":""info""}","{""project"":""ce3616d9-58ad-4ec7-a294-1821e1564434"",""environment"":""fb6513d0-42a4-4660-82b5-509c54b15f2a"",""service"":""4978aa94-666c-47c7-8024-3ada55195a51"",""deployment"":""b74391c9-c7a3-4b79-8cbc-cdb2242a0c4b"",""replica"":""ee6f635d-6e8d-49c1-9a8a-391303e7d624""}",2026-04-02T02:19:44.381930415Z
2026-04-02 02:19:57 UTC - Services healthy,info,"{""level"":""info""}","{""project"":""ce3616d9-58ad-4ec7-a294-1821e1564434"",""environment"":""fb6513d0-42a4-4660-82b5-509c54b15f2a"",""service"":""4978aa94-666c-47c7-8024-3ada55195a51"",""deployment"":""b74391c9-c7a3-4b79-8cbc-cdb2242a0c4b"",""replica"":""ee6f635d-6e8d-49c1-9a8a-391303e7d624""}",2026-04-02T02:20:04.357726213Z
[DB] Synced 1 accounts to database,info,"{""level"":""info""}","{""project"":""ce3616d9-58ad-4ec7-a294-1821e1564434"",""environment"":""fb6513d0-42a4-4660-82b5-509c54b15f2a"",""service"":""4978aa94-666c-47c7-8024-3ada55195a51"",""deployment"":""b74391c9-c7a3-4b79-8cbc-cdb2242a0c4b"",""replica"":""ee6f635d-6e8d-49c1-9a8a-391303e7d624""}",2026-04-02T02:20:24.354596431Z
2026-04-02 02:20:27 UTC - Services healthy,info,"{""level"":""info""}","{""project"":""ce3616d9-58ad-4ec7-a294-1821e1564434"",""environment"":""fb6513d0-42a4-4660-82b5-509c54b15f2a"",""service"":""4978aa94-666c-47c7-8024-3ada55195a51"",""deployment"":""b74391c9-c7a3-4b79-8cbc-cdb2242a0c4b"",""replica"":""ee6f635d-6e8d-49c1-9a8a-391303e7d624""}",2026-04-02T02:20:27.642967105Z
[DB] Synced 1 accounts to database,info,"{""level"":""info""}","{""project"":""ce3616d9-58ad-4ec7-a294-1821e1564434"",""environment"":""fb6513d0-42a4-4660-82b5-509c54b15f2a"",""service"":""4978aa94-666c-47c7-8024-3ada55195a51"",""deployment"":""b74391c9-c7a3-4b79-8cbc-cdb2242a0c4b"",""replica"":""ee6f635d-6e8d-49c1-9a8a-391303e7d624""}",2026-04-02T02:20:47.642527114Z
2026-04-02 02:20:57 UTC - Services healthy,info,"{""level"":""info""}","{""project"":""ce3616d9-58ad-4ec7-a294-1821e1564434"",""environment"":""fb6513d0-42a4-4660-82b5-509c54b15f2a"",""service"":""4978aa94-666c-47c7-8024-3ada55195a51"",""deployment"":""b74391c9-c7a3-4b79-8cbc-cdb2242a0c4b"",""replica"":""ee6f635d-6e8d-49c1-9a8a-391303e7d624""}",2026-04-02T02:21:07.588519184Z
[DB] Synced 1 accounts to database,info,"{""level"":""info""}","{""project"":""ce3616d9-58ad-4ec7-a294-1821e1564434"",""environment"":""fb6513d0-42a4-4660-82b5-509c54b15f2a"",""service"":""4978aa94-666c-47c7-8024-3ada55195a51"",""deployment"":""b74391c9-c7a3-4b79-8cbc-cdb2242a0c4b"",""replica"":""ee6f635d-6e8d-49c1-9a8a-391303e7d624""}",2026-04-02T02:21:14.399616491Z
2026-04-02 02:21:27 UTC - Services healthy,info,"{""level"":""info""}","{""project"":""ce3616d9-58ad-4ec7-a294-1821e1564434"",""environment"":""fb6513d0-42a4-4660-82b5-509c54b15f2a"",""service"":""4978aa94-666c-47c7-8024-3ada55195a51"",""deployment"":""b74391c9-c7a3-4b79-8cbc-cdb2242a0c4b"",""replica"":""ee6f635d-6e8d-49c1-9a8a-391303e7d624""}",2026-04-02T02:21:34.718056776Z
[DB] Synced 1 accounts to database,info,"{""level"":""info""}","{""project"":""ce3616d9-58ad-4ec7-a294-1821e1564434"",""environment"":""fb6513d0-42a4-4660-82b5-509c54b15f2a"",""service"":""4978aa94-666c-47c7-8024-3ada55195a51"",""deployment"":""b74391c9-c7a3-4b79-8cbc-cdb2242a0c4b"",""replica"":""ee6f635d-6e8d-49c1-9a8a-391303e7d624""}",2026-04-02T02:21:44.402831636Z
2026-04-02 02:21:57 UTC - Services healthy,info,"{""level"":""info""}","{""project"":""ce3616d9-58ad-4ec7-a294-1821e1564434"",""environment"":""fb6513d0-42a4-4660-82b5-509c54b15f2a"",""service"":""4978aa94-666c-47c7-8024-3ada55195a51"",""deployment"":""b74391c9-c7a3-4b79-8cbc-cdb2242a0c4b"",""replica"":""ee6f635d-6e8d-49c1-9a8a-391303e7d624""}",2026-04-02T02:22:04.363552534Z
[DB] Synced 1 accounts to database,info,"{""level"":""info""}","{""project"":""ce3616d9-58ad-4ec7-a294-1821e1564434"",""environment"":""fb6513d0-42a4-4660-82b5-509c54b15f2a"",""service"":""4978aa94-666c-47c7-8024-3ada55195a51"",""deployment"":""b74391c9-c7a3-4b79-8cbc-cdb2242a0c4b"",""replica"":""ee6f635d-6e8d-49c1-9a8a-391303e7d624""}",2026-04-02T02:22:24.302184977Z
2026-04-02 02:22:27 UTC - Services healthy,info,"{""level"":""info""}","{""project"":""ce3616d9-58ad-4ec7-a294-1821e1564434"",""environment"":""fb6513d0-42a4-4660-82b5-509c54b15f2a"",""service"":""4978aa94-666c-47c7-8024-3ada55195a51"",""deployment"":""b74391c9-c7a3-4b79-8cbc-cdb2242a0c4b"",""replica"":""ee6f635d-6e8d-49c1-9a8a-391303e7d624""}",2026-04-02T02:22:27.727157910Z
[DB] Synced 1 accounts to database,info,"{""level"":""info""}","{""project"":""ce3616d9-58ad-4ec7-a294-1821e1564434"",""environment"":""fb6513d0-42a4-4660-82b5-509c54b15f2a"",""service"":""4978aa94-666c-47c7-8024-3ada55195a51"",""deployment"":""b74391c9-c7a3-4b79-8cbc-cdb2242a0c4b"",""replica"":""ee6f635d-6e8d-49c1-9a8a-391303e7d624""}",2026-04-02T02:22:47.703119830Z
2026-04-02 02:22:57 UTC - Services healthy,info,"{""level"":""info""}","{""project"":""ce3616d9-58ad-4ec7-a294-1821e1564434"",""environment"":""fb6513d0-42a4-4660-82b5-509c54b15f2a"",""service"":""4978aa94-666c-47c7-8024-3ada55195a51"",""deployment"":""b74391c9-c7a3-4b79-8cbc-cdb2242a0c4b"",""replica"":""ee6f635d-6e8d-49c1-9a8a-391303e7d624""}",2026-04-02T02:22:57.698057045Z
[DB] Synced 1 accounts to database,info,"{""level"":""info""}","{""project"":""ce3616d9-58ad-4ec7-a294-1821e1564434"",""environment"":""fb6513d0-42a4-4660-82b5-509c54b15f2a"",""service"":""4978aa94-666c-47c7-8024-3ada55195a51"",""deployment"":""b74391c9-c7a3-4b79-8cbc-cdb2242a0c4b"",""replica"":""ee6f635d-6e8d-49c1-9a8a-391303e7d624""}",2026-04-02T02:23:17.772349062Z
2026-04-02 02:23:27 UTC - Services healthy,info,"{""level"":""info""}","{""project"":""ce3616d9-58ad-4ec7-a294-1821e1564434"",""environment"":""fb6513d0-42a4-4660-82b5-509c54b15f2a"",""service"":""4978aa94-666c-47c7-8024-3ada55195a51"",""deployment"":""b74391c9-c7a3-4b79-8cbc-cdb2242a0c4b"",""replica"":""ee6f635d-6e8d-49c1-9a8a-391303e7d624""}",2026-04-02T02:23:27.709124149Z
[DB] Synced 1 accounts to database,info,"{""level"":""info""}","{""project"":""ce3616d9-58ad-4ec7-a294-1821e1564434"",""environment"":""fb6513d0-42a4-4660-82b5-509c54b15f2a"",""service"":""4978aa94-666c-47c7-8024-3ada55195a51"",""deployment"":""b74391c9-c7a3-4b79-8cbc-cdb2242a0c4b"",""replica"":""ee6f635d-6e8d-49c1-9a8a-391303e7d624""}",2026-04-02T02:23:47.676877807Z
2026-04-02 02:23:57 UTC - Services healthy,info,"{""level"":""info""}","{""project"":""ce3616d9-58ad-4ec7-a294-1821e1564434"",""environment"":""fb6513d0-42a4-4660-82b5-509c54b15f2a"",""service"":""4978aa94-666c-47c7-8024-3ada55195a51"",""deployment"":""b74391c9-c7a3-4b79-8cbc-cdb2242a0c4b"",""replica"":""ee6f635d-6e8d-49c1-9a8a-391303e7d624""}",2026-04-02T02:24:07.539365085Z
[DB] Synced 1 accounts to database,info,"{""level"":""info""}","{""project"":""ce3616d9-58ad-4ec7-a294-1821e1564434"",""environment"":""fb6513d0-42a4-4660-82b5-509c54b15f2a"",""service"":""4978aa94-666c-47c7-8024-3ada55195a51"",""deployment"":""b74391c9-c7a3-4b79-8cbc-cdb2242a0c4b"",""replica"":""ee6f635d-6e8d-49c1-9a8a-391303e7d624""}",2026-04-02T02:24:14.392916023Z
2026-04-02 02:24:27 UTC - Services healthy,info,"{""level"":""info""}","{""project"":""ce3616d9-58ad-4ec7-a294-1821e1564434"",""environment"":""fb6513d0-42a4-4660-82b5-509c54b15f2a"",""service"":""4978aa94-666c-47c7-8024-3ada55195a51"",""deployment"":""b74391c9-c7a3-4b79-8cbc-cdb2242a0c4b"",""replica"":""ee6f635d-6e8d-49c1-9a8a-391303e7d624""}",2026-04-02T02:24:34.435888155Z
[DB] Synced 1 accounts to database,info,"{""level"":""info""}","{""project"":""ce3616d9-58ad-4ec7-a294-1821e1564434"",""environment"":""fb6513d0-42a4-4660-82b5-509c54b15f2a"",""service"":""4978aa94-666c-47c7-8024-3ada55195a51"",""deployment"":""b74391c9-c7a3-4b79-8cbc-cdb2242a0c4b"",""replica"":""ee6f635d-6e8d-49c1-9a8a-391303e7d624""}",2026-04-02T02:24:44.403963765Z
2026-04-02 02:24:57 UTC - Services healthy,info,"{""level"":""info""}","{""project"":""ce3616d9-58ad-4ec7-a294-1821e1564434"",""environment"":""fb6513d0-42a4-4660-82b5-509c54b15f2a"",""service"":""4978aa94-666c-47c7-8024-3ada55195a51"",""deployment"":""b74391c9-c7a3-4b79-8cbc-cdb2242a0c4b"",""replica"":""ee6f635d-6e8d-49c1-9a8a-391303e7d624""}",2026-04-02T02:25:04.516134939Z
[DB] Synced 1 accounts to database,info,"{""level"":""info""}","{""project"":""ce3616d9-58ad-4ec7-a294-1821e1564434"",""environment"":""fb6513d0-42a4-4660-82b5-509c54b15f2a"",""service"":""4978aa94-666c-47c7-8024-3ada55195a51"",""deployment"":""b74391c9-c7a3-4b79-8cbc-cdb2242a0c4b"",""replica"":""ee6f635d-6e8d-49c1-9a8a-391303e7d624""}",2026-04-02T02:25:14.444231860Z
2026-04-02 02:25:27 UTC - Services healthy,info,"{""level"":""info""}","{""project"":""ce3616d9-58ad-4ec7-a294-1821e1564434"",""environment"":""fb6513d0-42a4-4660-82b5-509c54b15f2a"",""service"":""4978aa94-666c-47c7-8024-3ada55195a51"",""deployment"":""b74391c9-c7a3-4b79-8cbc-cdb2242a0c4b"",""replica"":""ee6f635d-6e8d-49c1-9a8a-391303e7d624""}",2026-04-02T02:25:34.495150948Z
[DB] Synced 1 accounts to database,info,"{""level"":""info""}","{""project"":""ce3616d9-58ad-4ec7-a294-1821e1564434"",""environment"":""fb6513d0-42a4-4660-82b5-509c54b15f2a"",""service"":""4978aa94-666c-47c7-8024-3ada55195a51"",""deployment"":""b74391c9-c7a3-4b79-8cbc-cdb2242a0c4b"",""replica"":""ee6f635d-6e8d-49c1-9a8a-391303e7d624""}",2026-04-02T02:25:44.460820495Z
2026-04-02 02:25:57 UTC - Services healthy,info,"{""level"":""info""}","{""project"":""ce3616d9-58ad-4ec7-a294-1821e1564434"",""environment"":""fb6513d0-42a4-4660-82b5-509c54b15f2a"",""service"":""4978aa94-666c-47c7-8024-3ada55195a51"",""deployment"":""b74391c9-c7a3-4b79-8cbc-cdb2242a0c4b"",""replica"":""ee6f635d-6e8d-49c1-9a8a-391303e7d624""}",2026-04-02T02:26:04.436740224Z
[DB] Synced 1 accounts to database,info,"{""level"":""info""}","{""project"":""ce3616d9-58ad-4ec7-a294-1821e1564434"",""environment"":""fb6513d0-42a4-4660-82b5-509c54b15f2a"",""service"":""4978aa94-666c-47c7-8024-3ada55195a51"",""deployment"":""b74391c9-c7a3-4b79-8cbc-cdb2242a0c4b"",""replica"":""ee6f635d-6e8d-49c1-9a8a-391303e7d624""}",2026-04-02T02:26:24.391419887Z
2026-04-02 02:26:27 UTC - Services healthy,info,"{""level"":""info""}","{""project"":""ce3616d9-58ad-4ec7-a294-1821e1564434"",""environment"":""fb6513d0-42a4-4660-82b5-509c54b15f2a"",""service"":""4978aa94-666c-47c7-8024-3ada55195a51"",""deployment"":""b74391c9-c7a3-4b79-8cbc-cdb2242a0c4b"",""replica"":""ee6f635d-6e8d-49c1-9a8a-391303e7d624""}",2026-04-02T02:26:27.735078580Z
[DB] Synced 1 accounts to database,info,"{""level"":""info""}","{""project"":""ce3616d9-58ad-4ec7-a294-1821e1564434"",""environment"":""fb6513d0-42a4-4660-82b5-509c54b15f2a"",""service"":""4978aa94-666c-47c7-8024-3ada55195a51"",""deployment"":""b74391c9-c7a3-4b79-8cbc-cdb2242a0c4b"",""replica"":""ee6f635d-6e8d-49c1-9a8a-391303e7d624""}",2026-04-02T02:26:47.733758031Z
2026-04-02 02:26:57 UTC - Services healthy,info,"{""level"":""info""}","{""project"":""ce3616d9-58ad-4ec7-a294-1821e1564434"",""environment"":""fb6513d0-42a4-4660-82b5-509c54b15f2a"",""service"":""4978aa94-666c-47c7-8024-3ada55195a51"",""deployment"":""b74391c9-c7a3-4b79-8cbc-cdb2242a0c4b"",""replica"":""ee6f635d-6e8d-49c1-9a8a-391303e7d624""}",2026-04-02T02:26:57.717473922Z
[DB] Synced 1 accounts to database,info,"{""level"":""info""}","{""project"":""ce3616d9-58ad-4ec7-a294-1821e1564434"",""environment"":""fb6513d0-42a4-4660-82b5-509c54b15f2a"",""service"":""4978aa94-666c-47c7-8024-3ada55195a51"",""deployment"":""b74391c9-c7a3-4b79-8cbc-cdb2242a0c4b"",""replica"":""ee6f635d-6e8d-49c1-9a8a-391303e7d624""}",2026-04-02T02:27:17.728971553Z
2026-04-02 02:27:27 UTC - Services healthy,info,"{""level"":""info""}","{""project"":""ce3616d9-58ad-4ec7-a294-1821e1564434"",""environment"":""fb6513d0-42a4-4660-82b5-509c54b15f2a"",""service"":""4978aa94-666c-47c7-8024-3ada55195a51"",""deployment"":""b74391c9-c7a3-4b79-8cbc-cdb2242a0c4b"",""replica"":""ee6f635d-6e8d-49c1-9a8a-391303e7d624""}",2026-04-02T02:27:37.884929007Z
[DB] Synced 1 accounts to database,info,"{""level"":""info""}","{""project"":""ce3616d9-58ad-4ec7-a294-1821e1564434"",""environment"":""fb6513d0-42a4-4660-82b5-509c54b15f2a"",""service"":""4978aa94-666c-47c7-8024-3ada55195a51"",""deployment"":""b74391c9-c7a3-4b79-8cbc-cdb2242a0c4b"",""replica"":""ee6f635d-6e8d-49c1-9a8a-391303e7d624""}",2026-04-02T02:27:44.446825280Z
2026-04-02 02:27:57 UTC - Services healthy,info,"{""level"":""info""}","{""project"":""ce3616d9-58ad-4ec7-a294-1821e1564434"",""environment"":""fb6513d0-42a4-4660-82b5-509c54b15f2a"",""service"":""4978aa94-666c-47c7-8024-3ada55195a51"",""deployment"":""b74391c9-c7a3-4b79-8cbc-cdb2242a0c4b"",""replica"":""ee6f635d-6e8d-49c1-9a8a-391303e7d624""}",2026-04-02T02:28:04.450311922Z
[DB] Synced 1 accounts to database,info,"{""level"":""info""}","{""project"":""ce3616d9-58ad-4ec7-a294-1821e1564434"",""environment"":""fb6513d0-42a4-4660-82b5-509c54b15f2a"",""service"":""4978aa94-666c-47c7-8024-3ada55195a51"",""deployment"":""b74391c9-c7a3-4b79-8cbc-cdb2242a0c4b"",""replica"":""ee6f635d-6e8d-49c1-9a8a-391303e7d624""}",2026-04-02T02:28:14.444023319Z
2026-04-02 02:28:27 UTC - Services healthy,info,"{""level"":""info""}","{""project"":""ce3616d9-58ad-4ec7-a294-1821e1564434"",""environment"":""fb6513d0-42a4-4660-82b5-509c54b15f2a"",""service"":""4978aa94-666c-47c7-8024-3ada55195a51"",""deployment"":""b74391c9-c7a3-4b79-8cbc-cdb2242a0c4b"",""replica"":""ee6f635d-6e8d-49c1-9a8a-391303e7d624""}",2026-04-02T02:28:34.458182775Z
[DB] Synced 1 accounts to database,info,"{""level"":""info""}","{""project"":""ce3616d9-58ad-4ec7-a294-1821e1564434"",""environment"":""fb6513d0-42a4-4660-82b5-509c54b15f2a"",""service"":""4978aa94-666c-47c7-8024-3ada55195a51"",""deployment"":""b74391c9-c7a3-4b79-8cbc-cdb2242a0c4b"",""replica"":""ee6f635d-6e8d-49c1-9a8a-391303e7d624""}",2026-04-02T02:28:54.526351055Z
2026-04-02 02:28:57 UTC - Services healthy,info,"{""level"":""info""}","{""project"":""ce3616d9-58ad-4ec7-a294-1821e1564434"",""environment"":""fb6513d0-42a4-4660-82b5-509c54b15f2a"",""service"":""4978aa94-666c-47c7-8024-3ada55195a51"",""deployment"":""b74391c9-c7a3-4b79-8cbc-cdb2242a0c4b"",""replica"":""ee6f635d-6e8d-49c1-9a8a-391303e7d624""}",2026-04-02T02:28:57.739163195Z
[DB] Synced 1 accounts to database,info,"{""level"":""info""}","{""project"":""ce3616d9-58ad-4ec7-a294-1821e1564434"",""environment"":""fb6513d0-42a4-4660-82b5-509c54b15f2a"",""service"":""4978aa94-666c-47c7-8024-3ada55195a51"",""deployment"":""b74391c9-c7a3-4b79-8cbc-cdb2242a0c4b"",""replica"":""ee6f635d-6e8d-49c1-9a8a-391303e7d624""}",2026-04-02T02:29:17.778129367Z
2026-04-02 02:29:27 UTC - Services healthy,info,"{""level"":""info""}","{""project"":""ce3616d9-58ad-4ec7-a294-1821e1564434"",""environment"":""fb6513d0-42a4-4660-82b5-509c54b15f2a"",""service"":""4978aa94-666c-47c7-8024-3ada55195a51"",""deployment"":""b74391c9-c7a3-4b79-8cbc-cdb2242a0c4b"",""replica"":""ee6f635d-6e8d-49c1-9a8a-391303e7d624""}",2026-04-02T02:29:37.664264783Z
[DB] Synced 1 accounts to database,info,"{""level"":""info""}","{""project"":""ce3616d9-58ad-4ec7-a294-1821e1564434"",""environment"":""fb6513d0-42a4-4660-82b5-509c54b15f2a"",""service"":""4978aa94-666c-47c7-8024-3ada55195a51"",""deployment"":""b74391c9-c7a3-4b79-8cbc-cdb2242a0c4b"",""replica"":""ee6f635d-6e8d-49c1-9a8a-391303e7d624""}",2026-04-02T02:29:44.583526582Z
2026-04-02 02:29:57 UTC - Services healthy,info,"{""level"":""info""}","{""project"":""ce3616d9-58ad-4ec7-a294-1821e1564434"",""environment"":""fb6513d0-42a4-4660-82b5-509c54b15f2a"",""service"":""4978aa94-666c-47c7-8024-3ada55195a51"",""deployment"":""b74391c9-c7a3-4b79-8cbc-cdb2242a0c4b"",""replica"":""ee6f635d-6e8d-49c1-9a8a-391303e7d624""}",2026-04-02T02:30:04.606071233Z
[DB] Synced 1 accounts to database,info,"{""level"":""info""}","{""project"":""ce3616d9-58ad-4ec7-a294-1821e1564434"",""environment"":""fb6513d0-42a4-4660-82b5-509c54b15f2a"",""service"":""4978aa94-666c-47c7-8024-3ada55195a51"",""deployment"":""b74391c9-c7a3-4b79-8cbc-cdb2242a0c4b"",""replica"":""ee6f635d-6e8d-49c1-9a8a-391303e7d624""}",2026-04-02T02:30:14.465520233Z
2026-04-02 02:30:27 UTC - Services healthy,info,"{""level"":""info""}","{""project"":""ce3616d9-58ad-4ec7-a294-1821e1564434"",""environment"":""fb6513d0-42a4-4660-82b5-509c54b15f2a"",""service"":""4978aa94-666c-47c7-8024-3ada55195a51"",""deployment"":""b74391c9-c7a3-4b79-8cbc-cdb2242a0c4b"",""replica"":""ee6f635d-6e8d-49c1-9a8a-391303e7d624""}",2026-04-02T02:30:34.452262177Z
[DB] Synced 1 accounts to database,info,"{""level"":""info""}","{""project"":""ce3616d9-58ad-4ec7-a294-1821e1564434"",""environment"":""fb6513d0-42a4-4660-82b5-509c54b15f2a"",""service"":""4978aa94-666c-47c7-8024-3ada55195a51"",""deployment"":""b74391c9-c7a3-4b79-8cbc-cdb2242a0c4b"",""replica"":""ee6f635d-6e8d-49c1-9a8a-391303e7d624""}",2026-04-02T02:30:54.497663658Z
2026-04-02 02:30:57 UTC - Services healthy,info,"{""level"":""info""}","{""project"":""ce3616d9-58ad-4ec7-a294-1821e1564434"",""environment"":""fb6513d0-42a4-4660-82b5-509c54b15f2a"",""service"":""4978aa94-666c-47c7-8024-3ada55195a51"",""deployment"":""b74391c9-c7a3-4b79-8cbc-cdb2242a0c4b"",""replica"":""ee6f635d-6e8d-49c1-9a8a-391303e7d624""}",2026-04-02T02:30:57.774769174Z
[DB] Synced 1 accounts to database,info,"{""level"":""info""}","{""project"":""ce3616d9-58ad-4ec7-a294-1821e1564434"",""environment"":""fb6513d0-42a4-4660-82b5-509c54b15f2a"",""service"":""4978aa94-666c-47c7-8024-3ada55195a51"",""deployment"":""b74391c9-c7a3-4b79-8cbc-cdb2242a0c4b"",""replica"":""ee6f635d-6e8d-49c1-9a8a-391303e7d624""}",2026-04-02T02:31:17.765045149Z
2026-04-02 02:31:27 UTC - Services healthy,info,"{""level"":""info""}","{""project"":""ce3616d9-58ad-4ec7-a294-1821e1564434"",""environment"":""fb6513d0-42a4-4660-82b5-509c54b15f2a"",""service"":""4978aa94-666c-47c7-8024-3ada55195a51"",""deployment"":""b74391c9-c7a3-4b79-8cbc-cdb2242a0c4b"",""replica"":""ee6f635d-6e8d-49c1-9a8a-391303e7d624""}",2026-04-02T02:31:37.765402824Z
[DB] Synced 1 accounts to database,info,"{""level"":""info""}","{""project"":""ce3616d9-58ad-4ec7-a294-1821e1564434"",""environment"":""fb6513d0-42a4-4660-82b5-509c54b15f2a"",""service"":""4978aa94-666c-47c7-8024-3ada55195a51"",""deployment"":""b74391c9-c7a3-4b79-8cbc-cdb2242a0c4b"",""replica"":""ee6f635d-6e8d-49c1-9a8a-391303e7d624""}",2026-04-02T02:31:44.582175966Z
2026-04-02 02:31:57 UTC - Services healthy,info,"{""level"":""info""}","{""project"":""ce3616d9-58ad-4ec7-a294-1821e1564434"",""environment"":""fb6513d0-42a4-4660-82b5-509c54b15f2a"",""service"":""4978aa94-666c-47c7-8024-3ada55195a51"",""deployment"":""b74391c9-c7a3-4b79-8cbc-cdb2242a0c4b"",""replica"":""ee6f635d-6e8d-49c1-9a8a-391303e7d624""}",2026-04-02T02:32:04.660094464Z
[DB] Synced 1 accounts to database,info,"{""level"":""info""}","{""project"":""ce3616d9-58ad-4ec7-a294-1821e1564434"",""environment"":""fb6513d0-42a4-4660-82b5-509c54b15f2a"",""service"":""4978aa94-666c-47c7-8024-3ada55195a51"",""deployment"":""b74391c9-c7a3-4b79-8cbc-cdb2242a0c4b"",""replica"":""ee6f635d-6e8d-49c1-9a8a-391303e7d624""}",2026-04-02T02:32:14.575976547Z
2026-04-02 02:32:27 UTC - Services healthy,info,"{""level"":""info""}","{""project"":""ce3616d9-58ad-4ec7-a294-1821e1564434"",""environment"":""fb6513d0-42a4-4660-82b5-509c54b15f2a"",""service"":""4978aa94-666c-47c7-8024-3ada55195a51"",""deployment"":""b74391c9-c7a3-4b79-8cbc-cdb2242a0c4b"",""replica"":""ee6f635d-6e8d-49c1-9a8a-391303e7d624""}",2026-04-02T02:32:34.610494156Z
[DB] Synced 1 accounts to database,info,"{""level"":""info""}","{""project"":""ce3616d9-58ad-4ec7-a294-1821e1564434"",""environment"":""fb6513d0-42a4-4660-82b5-509c54b15f2a"",""service"":""4978aa94-666c-47c7-8024-3ada55195a51"",""deployment"":""b74391c9-c7a3-4b79-8cbc-cdb2242a0c4b"",""replica"":""ee6f635d-6e8d-49c1-9a8a-391303e7d624""}",2026-04-02T02:32:44.480768837Z
2026-04-02 02:32:57 UTC - Services healthy,info,"{""level"":""info""}","{""project"":""ce3616d9-58ad-4ec7-a294-1821e1564434"",""environment"":""fb6513d0-42a4-4660-82b5-509c54b15f2a"",""service"":""4978aa94-666c-47c7-8024-3ada55195a51"",""deployment"":""b74391c9-c7a3-4b79-8cbc-cdb2242a0c4b"",""replica"":""ee6f635d-6e8d-49c1-9a8a-391303e7d624""}",2026-04-02T02:33:04.406034632Z
[DB] Synced 1 accounts to database,info,"{""level"":""info""}","{""project"":""ce3616d9-58ad-4ec7-a294-1821e1564434"",""environment"":""fb6513d0-42a4-4660-82b5-509c54b15f2a"",""service"":""4978aa94-666c-47c7-8024-3ada55195a51"",""deployment"":""b74391c9-c7a3-4b79-8cbc-cdb2242a0c4b"",""replica"":""ee6f635d-6e8d-49c1-9a8a-391303e7d624""}",2026-04-02T02:33:24.426333407Z
2026-04-02 02:33:27 UTC - Services healthy,info,"{""level"":""info""}","{""project"":""ce3616d9-58ad-4ec7-a294-1821e1564434"",""environment"":""fb6513d0-42a4-4660-82b5-509c54b15f2a"",""service"":""4978aa94-666c-47c7-8024-3ada55195a51"",""deployment"":""b74391c9-c7a3-4b79-8cbc-cdb2242a0c4b"",""replica"":""ee6f635d-6e8d-49c1-9a8a-391303e7d624""}",2026-04-02T02:33:27.801904367Z
[DB] Synced 1 accounts to database,info,"{""level"":""info""}","{""project"":""ce3616d9-58ad-4ec7-a294-1821e1564434"",""environment"":""fb6513d0-42a4-4660-82b5-509c54b15f2a"",""service"":""4978aa94-666c-47c7-8024-3ada55195a51"",""deployment"":""b74391c9-c7a3-4b79-8cbc-cdb2242a0c4b"",""replica"":""ee6f635d-6e8d-49c1-9a8a-391303e7d624""}",2026-04-02T02:33:47.823971208Z
2026-04-02 02:33:57 UTC - Services healthy,info,"{""level"":""info""}","{""project"":""ce3616d9-58ad-4ec7-a294-1821e1564434"",""environment"":""fb6513d0-42a4-4660-82b5-509c54b15f2a"",""service"":""4978aa94-666c-47c7-8024-3ada55195a51"",""deployment"":""b74391c9-c7a3-4b79-8cbc-cdb2242a0c4b"",""replica"":""ee6f635d-6e8d-49c1-9a8a-391303e7d624""}",2026-04-02T02:33:57.803160520Z
[DB] Synced 1 accounts to database,info,"{""level"":""info""}","{""project"":""ce3616d9-58ad-4ec7-a294-1821e1564434"",""environment"":""fb6513d0-42a4-4660-82b5-509c54b15f2a"",""service"":""4978aa94-666c-47c7-8024-3ada55195a51"",""deployment"":""b74391c9-c7a3-4b79-8cbc-cdb2242a0c4b"",""replica"":""ee6f635d-6e8d-49c1-9a8a-391303e7d624""}",2026-04-02T02:34:17.840963940Z
2026-04-02 02:34:27 UTC - Services healthy,info,"{""level"":""info""}","{""project"":""ce3616d9-58ad-4ec7-a294-1821e1564434"",""environment"":""fb6513d0-42a4-4660-82b5-509c54b15f2a"",""service"":""4978aa94-666c-47c7-8024-3ada55195a51"",""deployment"":""b74391c9-c7a3-4b79-8cbc-cdb2242a0c4b"",""replica"":""ee6f635d-6e8d-49c1-9a8a-391303e7d624""}",2026-04-02T02:34:27.799894931Z
[DB] Synced 1 accounts to database,info,"{""level"":""info""}","{""project"":""ce3616d9-58ad-4ec7-a294-1821e1564434"",""environment"":""fb6513d0-42a4-4660-82b5-509c54b15f2a"",""service"":""4978aa94-666c-47c7-8024-3ada55195a51"",""deployment"":""b74391c9-c7a3-4b79-8cbc-cdb2242a0c4b"",""replica"":""ee6f635d-6e8d-49c1-9a8a-391303e7d624""}",2026-04-02T02:34:47.582743750Z
2026-04-02 02:34:57 UTC - Services healthy,info,"{""level"":""info""}","{""project"":""ce3616d9-58ad-4ec7-a294-1821e1564434"",""environment"":""fb6513d0-42a4-4660-82b5-509c54b15f2a"",""service"":""4978aa94-666c-47c7-8024-3ada55195a51"",""deployment"":""b74391c9-c7a3-4b79-8cbc-cdb2242a0c4b"",""replica"":""ee6f635d-6e8d-49c1-9a8a-391303e7d624""}",2026-04-02T02:35:07.587758348Z
[DB] Synced 1 accounts to database,info,"{""level"":""info""}","{""project"":""ce3616d9-58ad-4ec7-a294-1821e1564434"",""environment"":""fb6513d0-42a4-4660-82b5-509c54b15f2a"",""service"":""4978aa94-666c-47c7-8024-3ada55195a51"",""deployment"":""b74391c9-c7a3-4b79-8cbc-cdb2242a0c4b"",""replica"":""ee6f635d-6e8d-49c1-9a8a-391303e7d624""}",2026-04-02T02:35:14.492947936Z
2026-04-02 02:35:27 UTC - Services healthy,info,"{""level"":""info""}","{""project"":""ce3616d9-58ad-4ec7-a294-1821e1564434"",""environment"":""fb6513d0-42a4-4660-82b5-509c54b15f2a"",""service"":""4978aa94-666c-47c7-8024-3ada55195a51"",""deployment"":""b74391c9-c7a3-4b79-8cbc-cdb2242a0c4b"",""replica"":""ee6f635d-6e8d-49c1-9a8a-391303e7d624""}",2026-04-02T02:35:34.483728714Z
[DB] Synced 1 accounts to database,info,"{""level"":""info""}","{""project"":""ce3616d9-58ad-4ec7-a294-1821e1564434"",""environment"":""fb6513d0-42a4-4660-82b5-509c54b15f2a"",""service"":""4978aa94-666c-47c7-8024-3ada55195a51"",""deployment"":""b74391c9-c7a3-4b79-8cbc-cdb2242a0c4b"",""replica"":""ee6f635d-6e8d-49c1-9a8a-391303e7d624""}",2026-04-02T02:35:54.471720791Z
2026-04-02 02:35:57 UTC - Services healthy,info,"{""level"":""info""}","{""project"":""ce3616d9-58ad-4ec7-a294-1821e1564434"",""environment"":""fb6513d0-42a4-4660-82b5-509c54b15f2a"",""service"":""4978aa94-666c-47c7-8024-3ada55195a51"",""deployment"":""b74391c9-c7a3-4b79-8cbc-cdb2242a0c4b"",""replica"":""ee6f635d-6e8d-49c1-9a8a-391303e7d624""}",2026-04-02T02:35:57.820207404Z
[DB] Synced 1 accounts to database,info,"{""level"":""info""}","{""project"":""ce3616d9-58ad-4ec7-a294-1821e1564434"",""environment"":""fb6513d0-42a4-4660-82b5-509c54b15f2a"",""service"":""4978aa94-666c-47c7-8024-3ada55195a51"",""deployment"":""b74391c9-c7a3-4b79-8cbc-cdb2242a0c4b"",""replica"":""ee6f635d-6e8d-49c1-9a8a-391303e7d624""}",2026-04-02T02:36:17.835478366Z
2026-04-02 02:36:27 UTC - Services healthy,info,"{""level"":""info""}","{""project"":""ce3616d9-58ad-4ec7-a294-1821e1564434"",""environment"":""fb6513d0-42a4-4660-82b5-509c54b15f2a"",""service"":""4978aa94-666c-47c7-8024-3ada55195a51"",""deployment"":""b74391c9-c7a3-4b79-8cbc-cdb2242a0c4b"",""replica"":""ee6f635d-6e8d-49c1-9a8a-391303e7d624""}",2026-04-02T02:36:37.811296377Z
[DB] Synced 1 accounts to database,info,"{""level"":""info""}","{""project"":""ce3616d9-58ad-4ec7-a294-1821e1564434"",""environment"":""fb6513d0-42a4-4660-82b5-509c54b15f2a"",""service"":""4978aa94-666c-47c7-8024-3ada55195a51"",""deployment"":""b74391c9-c7a3-4b79-8cbc-cdb2242a0c4b"",""replica"":""ee6f635d-6e8d-49c1-9a8a-391303e7d624""}",2026-04-02T02:36:44.493508505Z
2026-04-02 02:36:57 UTC - Services healthy,info,"{""level"":""info""}","{""project"":""ce3616d9-58ad-4ec7-a294-1821e1564434"",""environment"":""fb6513d0-42a4-4660-82b5-509c54b15f2a"",""service"":""4978aa94-666c-47c7-8024-3ada55195a51"",""deployment"":""b74391c9-c7a3-4b79-8cbc-cdb2242a0c4b"",""replica"":""ee6f635d-6e8d-49c1-9a8a-391303e7d624""}",2026-04-02T02:37:04.474442245Z
[DB] Synced 1 accounts to database,info,"{""level"":""info""}","{""project"":""ce3616d9-58ad-4ec7-a294-1821e1564434"",""environment"":""fb6513d0-42a4-4660-82b5-509c54b15f2a"",""service"":""4978aa94-666c-47c7-8024-3ada55195a51"",""deployment"":""b74391c9-c7a3-4b79-8cbc-cdb2242a0c4b"",""replica"":""ee6f635d-6e8d-49c1-9a8a-391303e7d624""}",2026-04-02T02:37:24.582735231Z
2026-04-02 02:37:27 UTC - Services healthy,info,"{""level"":""info""}","{""project"":""ce3616d9-58ad-4ec7-a294-1821e1564434"",""environment"":""fb6513d0-42a4-4660-82b5-509c54b15f2a"",""service"":""4978aa94-666c-47c7-8024-3ada55195a51"",""deployment"":""b74391c9-c7a3-4b79-8cbc-cdb2242a0c4b"",""replica"":""ee6f635d-6e8d-49c1-9a8a-391303e7d624""}",2026-04-02T02:37:27.882591100Z
[DB] Synced 1 accounts to database,info,"{""level"":""info""}","{""project"":""ce3616d9-58ad-4ec7-a294-1821e1564434"",""environment"":""fb6513d0-42a4-4660-82b5-509c54b15f2a"",""service"":""4978aa94-666c-47c7-8024-3ada55195a51"",""deployment"":""b74391c9-c7a3-4b79-8cbc-cdb2242a0c4b"",""replica"":""ee6f635d-6e8d-49c1-9a8a-391303e7d624""}",2026-04-02T02:37:47.907830972Z
2026-04-02 02:37:57 UTC - Services healthy,info,"{""level"":""info""}","{""project"":""ce3616d9-58ad-4ec7-a294-1821e1564434"",""environment"":""fb6513d0-42a4-4660-82b5-509c54b15f2a"",""service"":""4978aa94-666c-47c7-8024-3ada55195a51"",""deployment"":""b74391c9-c7a3-4b79-8cbc-cdb2242a0c4b"",""replica"":""ee6f635d-6e8d-49c1-9a8a-391303e7d624""}",2026-04-02T02:38:07.848941337Z
[DB] Synced 1 accounts to database,info,"{""level"":""info""}","{""project"":""ce3616d9-58ad-4ec7-a294-1821e1564434"",""environment"":""fb6513d0-42a4-4660-82b5-509c54b15f2a"",""service"":""4978aa94-666c-47c7-8024-3ada55195a51"",""deployment"":""b74391c9-c7a3-4b79-8cbc-cdb2242a0c4b"",""replica"":""ee6f635d-6e8d-49c1-9a8a-391303e7d624""}",2026-04-02T02:38:14.509056971Z
2026-04-02 02:38:27 UTC - Services healthy,info,"{""level"":""info""}","{""project"":""ce3616d9-58ad-4ec7-a294-1821e1564434"",""environment"":""fb6513d0-42a4-4660-82b5-509c54b15f2a"",""service"":""4978aa94-666c-47c7-8024-3ada55195a51"",""deployment"":""b74391c9-c7a3-4b79-8cbc-cdb2242a0c4b"",""replica"":""ee6f635d-6e8d-49c1-9a8a-391303e7d624""}",2026-04-02T02:38:34.403342615Z
[DB] Synced 1 accounts to database,info,"{""level"":""info""}","{""project"":""ce3616d9-58ad-4ec7-a294-1821e1564434"",""environment"":""fb6513d0-42a4-4660-82b5-509c54b15f2a"",""service"":""4978aa94-666c-47c7-8024-3ada55195a51"",""deployment"":""b74391c9-c7a3-4b79-8cbc-cdb2242a0c4b"",""replica"":""ee6f635d-6e8d-49c1-9a8a-391303e7d624""}",2026-04-02T02:38:54.424013369Z
2026-04-02 02:38:57 UTC - Services healthy,info,"{""level"":""info""}","{""project"":""ce3616d9-58ad-4ec7-a294-1821e1564434"",""environment"":""fb6513d0-42a4-4660-82b5-509c54b15f2a"",""service"":""4978aa94-666c-47c7-8024-3ada55195a51"",""deployment"":""b74391c9-c7a3-4b79-8cbc-cdb2242a0c4b"",""replica"":""ee6f635d-6e8d-49c1-9a8a-391303e7d624""}",2026-04-02T02:38:57.892742852Z
[DB] Synced 1 accounts to database,info,"{""level"":""info""}","{""project"":""ce3616d9-58ad-4ec7-a294-1821e1564434"",""environment"":""fb6513d0-42a4-4660-82b5-509c54b15f2a"",""service"":""4978aa94-666c-47c7-8024-3ada55195a51"",""deployment"":""b74391c9-c7a3-4b79-8cbc-cdb2242a0c4b"",""replica"":""ee6f635d-6e8d-49c1-9a8a-391303e7d624""}",2026-04-02T02:39:17.940473114Z
2026-04-02 02:39:27 UTC - Services healthy,info,"{""level"":""info""}","{""project"":""ce3616d9-58ad-4ec7-a294-1821e1564434"",""environment"":""fb6513d0-42a4-4660-82b5-509c54b15f2a"",""service"":""4978aa94-666c-47c7-8024-3ada55195a51"",""deployment"":""b74391c9-c7a3-4b79-8cbc-cdb2242a0c4b"",""replica"":""ee6f635d-6e8d-49c1-9a8a-391303e7d624""}",2026-04-02T02:39:27.889003082Z
[DB] Synced 1 accounts to database,info,"{""level"":""info""}","{""project"":""ce3616d9-58ad-4ec7-a294-1821e1564434"",""environment"":""fb6513d0-42a4-4660-82b5-509c54b15f2a"",""service"":""4978aa94-666c-47c7-8024-3ada55195a51"",""deployment"":""b74391c9-c7a3-4b79-8cbc-cdb2242a0c4b"",""replica"":""ee6f635d-6e8d-49c1-9a8a-391303e7d624""}",2026-04-02T02:39:47.891862440Z
2026-04-02 02:39:57 UTC - Services healthy,info,"{""level"":""info""}","{""project"":""ce3616d9-58ad-4ec7-a294-1821e1564434"",""environment"":""fb6513d0-42a4-4660-82b5-509c54b15f2a"",""service"":""4978aa94-666c-47c7-8024-3ada55195a51"",""deployment"":""b74391c9-c7a3-4b79-8cbc-cdb2242a0c4b"",""replica"":""ee6f635d-6e8d-49c1-9a8a-391303e7d624""}",2026-04-02T02:39:57.882131133Z
[DB] Synced 1 accounts to database,info,"{""level"":""info""}","{""project"":""ce3616d9-58ad-4ec7-a294-1821e1564434"",""environment"":""fb6513d0-42a4-4660-82b5-509c54b15f2a"",""service"":""4978aa94-666c-47c7-8024-3ada55195a51"",""deployment"":""b74391c9-c7a3-4b79-8cbc-cdb2242a0c4b"",""replica"":""ee6f635d-6e8d-49c1-9a8a-391303e7d624""}",2026-04-02T02:40:17.879191114Z
2026-04-02 02:40:27 UTC - Services healthy,info,"{""level"":""info""}","{""project"":""ce3616d9-58ad-4ec7-a294-1821e1564434"",""environment"":""fb6513d0-42a4-4660-82b5-509c54b15f2a"",""service"":""4978aa94-666c-47c7-8024-3ada55195a51"",""deployment"":""b74391c9-c7a3-4b79-8cbc-cdb2242a0c4b"",""replica"":""ee6f635d-6e8d-49c1-9a8a-391303e7d624""}",2026-04-02T02:40:27.868462205Z
[DB] Synced 1 accounts to database,info,"{""level"":""info""}","{""project"":""ce3616d9-58ad-4ec7-a294-1821e1564434"",""environment"":""fb6513d0-42a4-4660-82b5-509c54b15f2a"",""service"":""4978aa94-666c-47c7-8024-3ada55195a51"",""deployment"":""b74391c9-c7a3-4b79-8cbc-cdb2242a0c4b"",""replica"":""ee6f635d-6e8d-49c1-9a8a-391303e7d624""}",2026-04-02T02:40:47.760669211Z
2026-04-02 02:40:57 UTC - Services healthy,info,"{""level"":""info""}","{""project"":""ce3616d9-58ad-4ec7-a294-1821e1564434"",""environment"":""fb6513d0-42a4-4660-82b5-509c54b15f2a"",""service"":""4978aa94-666c-47c7-8024-3ada55195a51"",""deployment"":""b74391c9-c7a3-4b79-8cbc-cdb2242a0c4b"",""replica"":""ee6f635d-6e8d-49c1-9a8a-391303e7d624""}",2026-04-02T02:41:07.888311662Z
[DB] Synced 1 accounts to database,info,"{""level"":""info""}","{""project"":""ce3616d9-58ad-4ec7-a294-1821e1564434"",""environment"":""fb6513d0-42a4-4660-82b5-509c54b15f2a"",""service"":""4978aa94-666c-47c7-8024-3ada55195a51"",""deployment"":""b74391c9-c7a3-4b79-8cbc-cdb2242a0c4b"",""replica"":""ee6f635d-6e8d-49c1-9a8a-391303e7d624""}",2026-04-02T02:41:14.550336274Z
2026-04-02 02:41:27 UTC - Services healthy,info,"{""level"":""info""}","{""project"":""ce3616d9-58ad-4ec7-a294-1821e1564434"",""environment"":""fb6513d0-42a4-4660-82b5-509c54b15f2a"",""service"":""4978aa94-666c-47c7-8024-3ada55195a51"",""deployment"":""b74391c9-c7a3-4b79-8cbc-cdb2242a0c4b"",""replica"":""ee6f635d-6e8d-49c1-9a8a-391303e7d624""}",2026-04-02T02:41:34.618846949Z
[DB] Synced 1 accounts to database,info,"{""level"":""info""}","{""project"":""ce3616d9-58ad-4ec7-a294-1821e1564434"",""environment"":""fb6513d0-42a4-4660-82b5-509c54b15f2a"",""service"":""4978aa94-666c-47c7-8024-3ada55195a51"",""deployment"":""b74391c9-c7a3-4b79-8cbc-cdb2242a0c4b"",""replica"":""ee6f635d-6e8d-49c1-9a8a-391303e7d624""}",2026-04-02T02:41:44.547705767Z
2026-04-02 02:41:57 UTC - Services healthy,info,"{""level"":""info""}","{""project"":""ce3616d9-58ad-4ec7-a294-1821e1564434"",""environment"":""fb6513d0-42a4-4660-82b5-509c54b15f2a"",""service"":""4978aa94-666c-47c7-8024-3ada55195a51"",""deployment"":""b74391c9-c7a3-4b79-8cbc-cdb2242a0c4b"",""replica"":""ee6f635d-6e8d-49c1-9a8a-391303e7d624""}",2026-04-02T02:42:04.569685827Z
[DB] Synced 1 accounts to database,info,"{""level"":""info""}","{""project"":""ce3616d9-58ad-4ec7-a294-1821e1564434"",""environment"":""fb6513d0-42a4-4660-82b5-509c54b15f2a"",""service"":""4978aa94-666c-47c7-8024-3ada55195a51"",""deployment"":""b74391c9-c7a3-4b79-8cbc-cdb2242a0c4b"",""replica"":""ee6f635d-6e8d-49c1-9a8a-391303e7d624""}",2026-04-02T02:42:14.553191146Z
2026-04-02 02:42:27 UTC - Services healthy,info,"{""level"":""info""}","{""project"":""ce3616d9-58ad-4ec7-a294-1821e1564434"",""environment"":""fb6513d0-42a4-4660-82b5-509c54b15f2a"",""service"":""4978aa94-666c-47c7-8024-3ada55195a51"",""deployment"":""b74391c9-c7a3-4b79-8cbc-cdb2242a0c4b"",""replica"":""ee6f635d-6e8d-49c1-9a8a-391303e7d624""}",2026-04-02T02:42:34.578109451Z
[DB] Synced 1 accounts to database,info,"{""level"":""info""}","{""project"":""ce3616d9-58ad-4ec7-a294-1821e1564434"",""environment"":""fb6513d0-42a4-4660-82b5-509c54b15f2a"",""service"":""4978aa94-666c-47c7-8024-3ada55195a51"",""deployment"":""b74391c9-c7a3-4b79-8cbc-cdb2242a0c4b"",""replica"":""ee6f635d-6e8d-49c1-9a8a-391303e7d624""}",2026-04-02T02:42:44.551023621Z
2026-04-02 02:42:57 UTC - Services healthy,info,"{""level"":""info""}","{""project"":""ce3616d9-58ad-4ec7-a294-1821e1564434"",""environment"":""fb6513d0-42a4-4660-82b5-509c54b15f2a"",""service"":""4978aa94-666c-47c7-8024-3ada55195a51"",""deployment"":""b74391c9-c7a3-4b79-8cbc-cdb2242a0c4b"",""replica"":""ee6f635d-6e8d-49c1-9a8a-391303e7d624""}",2026-04-02T02:43:04.561431610Z
[DB] Synced 1 accounts to database,info,"{""level"":""info""}","{""project"":""ce3616d9-58ad-4ec7-a294-1821e1564434"",""environment"":""fb6513d0-42a4-4660-82b5-509c54b15f2a"",""service"":""4978aa94-666c-47c7-8024-3ada55195a51"",""deployment"":""b74391c9-c7a3-4b79-8cbc-cdb2242a0c4b"",""replica"":""ee6f635d-6e8d-49c1-9a8a-391303e7d624""}",2026-04-02T02:43:24.452424844Z
2026-04-02 02:43:27 UTC - Services healthy,info,"{""level"":""info""}","{""project"":""ce3616d9-58ad-4ec7-a294-1821e1564434"",""environment"":""fb6513d0-42a4-4660-82b5-509c54b15f2a"",""service"":""4978aa94-666c-47c7-8024-3ada55195a51"",""deployment"":""b74391c9-c7a3-4b79-8cbc-cdb2242a0c4b"",""replica"":""ee6f635d-6e8d-49c1-9a8a-391303e7d624""}",2026-04-02T02:43:27.913209247Z
[DB] Synced 1 accounts to database,info,"{""level"":""info""}","{""project"":""ce3616d9-58ad-4ec7-a294-1821e1564434"",""environment"":""fb6513d0-42a4-4660-82b5-509c54b15f2a"",""service"":""4978aa94-666c-47c7-8024-3ada55195a51"",""deployment"":""b74391c9-c7a3-4b79-8cbc-cdb2242a0c4b"",""replica"":""ee6f635d-6e8d-49c1-9a8a-391303e7d624""}",2026-04-02T02:43:47.937772665Z
2026-04-02 02:43:57 UTC - Services healthy,info,"{""level"":""info""}","{""project"":""ce3616d9-58ad-4ec7-a294-1821e1564434"",""environment"":""fb6513d0-42a4-4660-82b5-509c54b15f2a"",""service"":""4978aa94-666c-47c7-8024-3ada55195a51"",""deployment"":""b74391c9-c7a3-4b79-8cbc-cdb2242a0c4b"",""replica"":""ee6f635d-6e8d-49c1-9a8a-391303e7d624""}",2026-04-02T02:43:57.907299006Z
[DB] Synced 1 accounts to database,info,"{""level"":""info""}","{""project"":""ce3616d9-58ad-4ec7-a294-1821e1564434"",""environment"":""fb6513d0-42a4-4660-82b5-509c54b15f2a"",""service"":""4978aa94-666c-47c7-8024-3ada55195a51"",""deployment"":""b74391c9-c7a3-4b79-8cbc-cdb2242a0c4b"",""replica"":""ee6f635d-6e8d-49c1-9a8a-391303e7d624""}",2026-04-02T02:44:17.924125862Z
2026-04-02 02:44:27 UTC - Services healthy,info,"{""level"":""info""}","{""project"":""ce3616d9-58ad-4ec7-a294-1821e1564434"",""environment"":""fb6513d0-42a4-4660-82b5-509c54b15f2a"",""service"":""4978aa94-666c-47c7-8024-3ada55195a51"",""deployment"":""b74391c9-c7a3-4b79-8cbc-cdb2242a0c4b"",""replica"":""ee6f635d-6e8d-49c1-9a8a-391303e7d624""}",2026-04-02T02:44:27.918601114Z
[DB] Synced 1 accounts to database,info,"{""level"":""info""}","{""project"":""ce3616d9-58ad-4ec7-a294-1821e1564434"",""environment"":""fb6513d0-42a4-4660-82b5-509c54b15f2a"",""service"":""4978aa94-666c-47c7-8024-3ada55195a51"",""deployment"":""b74391c9-c7a3-4b79-8cbc-cdb2242a0c4b"",""replica"":""ee6f635d-6e8d-49c1-9a8a-391303e7d624""}",2026-04-02T02:44:48.010527728Z
2026-04-02 02:44:57 UTC - Services healthy,info,"{""level"":""info""}","{""project"":""ce3616d9-58ad-4ec7-a294-1821e1564434"",""environment"":""fb6513d0-42a4-4660-82b5-509c54b15f2a"",""service"":""4978aa94-666c-47c7-8024-3ada55195a51"",""deployment"":""b74391c9-c7a3-4b79-8cbc-cdb2242a0c4b"",""replica"":""ee6f635d-6e8d-49c1-9a8a-391303e7d624""}",2026-04-02T02:44:57.918316614Z
[DB] Synced 1 accounts to database,info,"{""level"":""info""}","{""project"":""ce3616d9-58ad-4ec7-a294-1821e1564434"",""environment"":""fb6513d0-42a4-4660-82b5-509c54b15f2a"",""service"":""4978aa94-666c-47c7-8024-3ada55195a51"",""deployment"":""b74391c9-c7a3-4b79-8cbc-cdb2242a0c4b"",""replica"":""ee6f635d-6e8d-49c1-9a8a-391303e7d624""}",2026-04-02T02:45:17.963389001Z
2026-04-02 02:45:27 UTC - Services healthy,info,"{""level"":""info""}","{""project"":""ce3616d9-58ad-4ec7-a294-1821e1564434"",""environment"":""fb6513d0-42a4-4660-82b5-509c54b15f2a"",""service"":""4978aa94-666c-47c7-8024-3ada55195a51"",""deployment"":""b74391c9-c7a3-4b79-8cbc-cdb2242a0c4b"",""replica"":""ee6f635d-6e8d-49c1-9a8a-391303e7d624""}",2026-04-02T02:45:37.741579537Z
[DB] Synced 1 accounts to database,info,"{""level"":""info""}","{""project"":""ce3616d9-58ad-4ec7-a294-1821e1564434"",""environment"":""fb6513d0-42a4-4660-82b5-509c54b15f2a"",""service"":""4978aa94-666c-47c7-8024-3ada55195a51"",""deployment"":""b74391c9-c7a3-4b79-8cbc-cdb2242a0c4b"",""replica"":""ee6f635d-6e8d-49c1-9a8a-391303e7d624""}",2026-04-02T02:45:44.604104723Z
2026-04-02 02:45:57 UTC - Services healthy,info,"{""level"":""info""}","{""project"":""ce3616d9-58ad-4ec7-a294-1821e1564434"",""environment"":""fb6513d0-42a4-4660-82b5-509c54b15f2a"",""service"":""4978aa94-666c-47c7-8024-3ada55195a51"",""deployment"":""b74391c9-c7a3-4b79-8cbc-cdb2242a0c4b"",""replica"":""ee6f635d-6e8d-49c1-9a8a-391303e7d624""}",2026-04-02T02:46:04.684305899Z
[DB] Synced 1 accounts to database,info,"{""level"":""info""}","{""project"":""ce3616d9-58ad-4ec7-a294-1821e1564434"",""environment"":""fb6513d0-42a4-4660-82b5-509c54b15f2a"",""service"":""4978aa94-666c-47c7-8024-3ada55195a51"",""deployment"":""b74391c9-c7a3-4b79-8cbc-cdb2242a0c4b"",""replica"":""ee6f635d-6e8d-49c1-9a8a-391303e7d624""}",2026-04-02T02:46:14.590220525Z
2026-04-02 02:46:27 UTC - Services healthy,info,"{""level"":""info""}","{""project"":""ce3616d9-58ad-4ec7-a294-1821e1564434"",""environment"":""fb6513d0-42a4-4660-82b5-509c54b15f2a"",""service"":""4978aa94-666c-47c7-8024-3ada55195a51"",""deployment"":""b74391c9-c7a3-4b79-8cbc-cdb2242a0c4b"",""replica"":""ee6f635d-6e8d-49c1-9a8a-391303e7d624""}",2026-04-02T02:46:34.590418910Z
[DB] Synced 1 accounts to database,info,"{""level"":""info""}","{""project"":""ce3616d9-58ad-4ec7-a294-1821e1564434"",""environment"":""fb6513d0-42a4-4660-82b5-509c54b15f2a"",""service"":""4978aa94-666c-47c7-8024-3ada55195a51"",""deployment"":""b74391c9-c7a3-4b79-8cbc-cdb2242a0c4b"",""replica"":""ee6f635d-6e8d-49c1-9a8a-391303e7d624""}",2026-04-02T02:46:44.579963353Z
2026-04-02 02:46:57 UTC - Services healthy,info,"{""level"":""info""}","{""project"":""ce3616d9-58ad-4ec7-a294-1821e1564434"",""environment"":""fb6513d0-42a4-4660-82b5-509c54b15f2a"",""service"":""4978aa94-666c-47c7-8024-3ada55195a51"",""deployment"":""b74391c9-c7a3-4b79-8cbc-cdb2242a0c4b"",""replica"":""ee6f635d-6e8d-49c1-9a8a-391303e7d624""}",2026-04-02T02:47:04.524009598Z
[DB] Synced 1 accounts to database,info,"{""level"":""info""}","{""project"":""ce3616d9-58ad-4ec7-a294-1821e1564434"",""environment"":""fb6513d0-42a4-4660-82b5-509c54b15f2a"",""service"":""4978aa94-666c-47c7-8024-3ada55195a51"",""deployment"":""b74391c9-c7a3-4b79-8cbc-cdb2242a0c4b"",""replica"":""ee6f635d-6e8d-49c1-9a8a-391303e7d624""}",2026-04-02T02:47:24.534004328Z
2026-04-02 02:47:27 UTC - Services healthy,info,"{""level"":""info""}","{""project"":""ce3616d9-58ad-4ec7-a294-1821e1564434"",""environment"":""fb6513d0-42a4-4660-82b5-509c54b15f2a"",""service"":""4978aa94-666c-47c7-8024-3ada55195a51"",""deployment"":""b74391c9-c7a3-4b79-8cbc-cdb2242a0c4b"",""replica"":""ee6f635d-6e8d-49c1-9a8a-391303e7d624""}",2026-04-02T02:47:27.967382686Z
[DB] Synced 1 accounts to database,info,"{""level"":""info""}","{""project"":""ce3616d9-58ad-4ec7-a294-1821e1564434"",""environment"":""fb6513d0-42a4-4660-82b5-509c54b15f2a"",""service"":""4978aa94-666c-47c7-8024-3ada55195a51"",""deployment"":""b74391c9-c7a3-4b79-8cbc-cdb2242a0c4b"",""replica"":""ee6f635d-6e8d-49c1-9a8a-391303e7d624""}",2026-04-02T02:47:47.983047356Z
2026-04-02 02:47:57 UTC - Services healthy,info,"{""level"":""info""}","{""project"":""ce3616d9-58ad-4ec7-a294-1821e1564434"",""environment"":""fb6513d0-42a4-4660-82b5-509c54b15f2a"",""service"":""4978aa94-666c-47c7-8024-3ada55195a51"",""deployment"":""b74391c9-c7a3-4b79-8cbc-cdb2242a0c4b"",""replica"":""ee6f635d-6e8d-49c1-9a8a-391303e7d624""}",2026-04-02T02:47:57.965958731Z
[DB] Synced 1 accounts to database,info,"{""level"":""info""}","{""project"":""ce3616d9-58ad-4ec7-a294-1821e1564434"",""environment"":""fb6513d0-42a4-4660-82b5-509c54b15f2a"",""service"":""4978aa94-666c-47c7-8024-3ada55195a51"",""deployment"":""b74391c9-c7a3-4b79-8cbc-cdb2242a0c4b"",""replica"":""ee6f635d-6e8d-49c1-9a8a-391303e7d624""}",2026-04-02T02:48:17.967974912Z
2026-04-02 02:48:27 UTC - Services healthy,info,"{""level"":""info""}","{""project"":""ce3616d9-58ad-4ec7-a294-1821e1564434"",""environment"":""fb6513d0-42a4-4660-82b5-509c54b15f2a"",""service"":""4978aa94-666c-47c7-8024-3ada55195a51"",""deployment"":""b74391c9-c7a3-4b79-8cbc-cdb2242a0c4b"",""replica"":""ee6f635d-6e8d-49c1-9a8a-391303e7d624""}",2026-04-02T02:48:37.986675776Z
[DB] Synced 1 accounts to database,info,"{""level"":""info""}","{""project"":""ce3616d9-58ad-4ec7-a294-1821e1564434"",""environment"":""fb6513d0-42a4-4660-82b5-509c54b15f2a"",""service"":""4978aa94-666c-47c7-8024-3ada55195a51"",""deployment"":""b74391c9-c7a3-4b79-8cbc-cdb2242a0c4b"",""replica"":""ee6f635d-6e8d-49c1-9a8a-391303e7d624""}",2026-04-02T02:48:44.893439463Z
2026-04-02 02:48:57 UTC - Services healthy,info,"{""level"":""info""}","{""project"":""ce3616d9-58ad-4ec7-a294-1821e1564434"",""environment"":""fb6513d0-42a4-4660-82b5-509c54b15f2a"",""service"":""4978aa94-666c-47c7-8024-3ada55195a51"",""deployment"":""b74391c9-c7a3-4b79-8cbc-cdb2242a0c4b"",""replica"":""ee6f635d-6e8d-49c1-9a8a-391303e7d624""}",2026-04-02T02:49:04.893772210Z
[DB] Synced 1 accounts to database,info,"{""level"":""info""}","{""project"":""ce3616d9-58ad-4ec7-a294-1821e1564434"",""environment"":""fb6513d0-42a4-4660-82b5-509c54b15f2a"",""service"":""4978aa94-666c-47c7-8024-3ada55195a51"",""deployment"":""b74391c9-c7a3-4b79-8cbc-cdb2242a0c4b"",""replica"":""ee6f635d-6e8d-49c1-9a8a-391303e7d624""}",2026-04-02T02:49:14.667523377Z
2026-04-02 02:49:27 UTC - Services healthy,info,"{""level"":""info""}","{""project"":""ce3616d9-58ad-4ec7-a294-1821e1564434"",""environment"":""fb6513d0-42a4-4660-82b5-509c54b15f2a"",""service"":""4978aa94-666c-47c7-8024-3ada55195a51"",""deployment"":""b74391c9-c7a3-4b79-8cbc-cdb2242a0c4b"",""replica"":""ee6f635d-6e8d-49c1-9a8a-391303e7d624""}",2026-04-02T02:49:34.670763412Z
[DB] Synced 1 accounts to database,info,"{""level"":""info""}","{""project"":""ce3616d9-58ad-4ec7-a294-1821e1564434"",""environment"":""fb6513d0-42a4-4660-82b5-509c54b15f2a"",""service"":""4978aa94-666c-47c7-8024-3ada55195a51"",""deployment"":""b74391c9-c7a3-4b79-8cbc-cdb2242a0c4b"",""replica"":""ee6f635d-6e8d-49c1-9a8a-391303e7d624""}",2026-04-02T02:49:44.625443189Z
2026-04-02 02:49:57 UTC - Services healthy,info,"{""level"":""info""}","{""project"":""ce3616d9-58ad-4ec7-a294-1821e1564434"",""environment"":""fb6513d0-42a4-4660-82b5-509c54b15f2a"",""service"":""4978aa94-666c-47c7-8024-3ada55195a51"",""deployment"":""b74391c9-c7a3-4b79-8cbc-cdb2242a0c4b"",""replica"":""ee6f635d-6e8d-49c1-9a8a-391303e7d624""}",2026-04-02T02:50:04.615091855Z
[DB] Synced 1 accounts to database,info,"{""level"":""info""}","{""project"":""ce3616d9-58ad-4ec7-a294-1821e1564434"",""environment"":""fb6513d0-42a4-4660-82b5-509c54b15f2a"",""service"":""4978aa94-666c-47c7-8024-3ada55195a51"",""deployment"":""b74391c9-c7a3-4b79-8cbc-cdb2242a0c4b"",""replica"":""ee6f635d-6e8d-49c1-9a8a-391303e7d624""}",2026-04-02T02:50:24.646218644Z
2026-04-02 02:50:27 UTC - Services healthy,info,"{""level"":""info""}","{""project"":""ce3616d9-58ad-4ec7-a294-1821e1564434"",""environment"":""fb6513d0-42a4-4660-82b5-509c54b15f2a"",""service"":""4978aa94-666c-47c7-8024-3ada55195a51"",""deployment"":""b74391c9-c7a3-4b79-8cbc-cdb2242a0c4b"",""replica"":""ee6f635d-6e8d-49c1-9a8a-391303e7d624""}",2026-04-02T02:50:28.001764709Z
[DB] Synced 1 accounts to database,info,"{""level"":""info""}","{""project"":""ce3616d9-58ad-4ec7-a294-1821e1564434"",""environment"":""fb6513d0-42a4-4660-82b5-509c54b15f2a"",""service"":""4978aa94-666c-47c7-8024-3ada55195a51"",""deployment"":""b74391c9-c7a3-4b79-8cbc-cdb2242a0c4b"",""replica"":""ee6f635d-6e8d-49c1-9a8a-391303e7d624""}",2026-04-02T02:50:48.015941945Z
2026-04-02 02:50:57 UTC - Services healthy,info,"{""level"":""info""}","{""project"":""ce3616d9-58ad-4ec7-a294-1821e1564434"",""environment"":""fb6513d0-42a4-4660-82b5-509c54b15f2a"",""service"":""4978aa94-666c-47c7-8024-3ada55195a51"",""deployment"":""b74391c9-c7a3-4b79-8cbc-cdb2242a0c4b"",""replica"":""ee6f635d-6e8d-49c1-9a8a-391303e7d624""}",2026-04-02T02:50:57.982963945Z
[DB] Synced 1 accounts to database,info,"{""level"":""info""}","{""project"":""ce3616d9-58ad-4ec7-a294-1821e1564434"",""environment"":""fb6513d0-42a4-4660-82b5-509c54b15f2a"",""service"":""4978aa94-666c-47c7-8024-3ada55195a51"",""deployment"":""b74391c9-c7a3-4b79-8cbc-cdb2242a0c4b"",""replica"":""ee6f635d-6e8d-49c1-9a8a-391303e7d624""}",2026-04-02T02:51:17.983649146Z
2026-04-02 02:51:27 UTC - Services healthy,info,"{""level"":""info""}","{""project"":""ce3616d9-58ad-4ec7-a294-1821e1564434"",""environment"":""fb6513d0-42a4-4660-82b5-509c54b15f2a"",""service"":""4978aa94-666c-47c7-8024-3ada55195a51"",""deployment"":""b74391c9-c7a3-4b79-8cbc-cdb2242a0c4b"",""replica"":""ee6f635d-6e8d-49c1-9a8a-391303e7d624""}",2026-04-02T02:51:37.971984455Z
[DB] Synced 1 accounts to database,info,"{""level"":""info""}","{""project"":""ce3616d9-58ad-4ec7-a294-1821e1564434"",""environment"":""fb6513d0-42a4-4660-82b5-509c54b15f2a"",""service"":""4978aa94-666c-47c7-8024-3ada55195a51"",""deployment"":""b74391c9-c7a3-4b79-8cbc-cdb2242a0c4b"",""replica"":""ee6f635d-6e8d-49c1-9a8a-391303e7d624""}",2026-04-02T02:51:44.663282964Z
2026-04-02 02:51:57 UTC - Services healthy,info,"{""level"":""info""}","{""project"":""ce3616d9-58ad-4ec7-a294-1821e1564434"",""environment"":""fb6513d0-42a4-4660-82b5-509c54b15f2a"",""service"":""4978aa94-666c-47c7-8024-3ada55195a51"",""deployment"":""b74391c9-c7a3-4b79-8cbc-cdb2242a0c4b"",""replica"":""ee6f635d-6e8d-49c1-9a8a-391303e7d624""}",2026-04-02T02:52:04.777271639Z
[DB] Synced 1 accounts to database,info,"{""level"":""info""}","{""project"":""ce3616d9-58ad-4ec7-a294-1821e1564434"",""environment"":""fb6513d0-42a4-4660-82b5-509c54b15f2a"",""service"":""4978aa94-666c-47c7-8024-3ada55195a51"",""deployment"":""b74391c9-c7a3-4b79-8cbc-cdb2242a0c4b"",""replica"":""ee6f635d-6e8d-49c1-9a8a-391303e7d624""}",2026-04-02T02:52:14.692403956Z
2026-04-02 02:52:27 UTC - Services healthy,info,"{""level"":""info""}","{""project"":""ce3616d9-58ad-4ec7-a294-1821e1564434"",""environment"":""fb6513d0-42a4-4660-82b5-509c54b15f2a"",""service"":""4978aa94-666c-47c7-8024-3ada55195a51"",""deployment"":""b74391c9-c7a3-4b79-8cbc-cdb2242a0c4b"",""replica"":""ee6f635d-6e8d-49c1-9a8a-391303e7d624""}",2026-04-02T02:52:34.691203755Z
[DB] Synced 1 accounts to database,info,"{""level"":""info""}","{""project"":""ce3616d9-58ad-4ec7-a294-1821e1564434"",""environment"":""fb6513d0-42a4-4660-82b5-509c54b15f2a"",""service"":""4978aa94-666c-47c7-8024-3ada55195a51"",""deployment"":""b74391c9-c7a3-4b79-8cbc-cdb2242a0c4b"",""replica"":""ee6f635d-6e8d-49c1-9a8a-391303e7d624""}",2026-04-02T02:52:44.690790052Z
2026-04-02 02:52:58 UTC - Services healthy,info,"{""level"":""info""}","{""project"":""ce3616d9-58ad-4ec7-a294-1821e1564434"",""environment"":""fb6513d0-42a4-4660-82b5-509c54b15f2a"",""service"":""4978aa94-666c-47c7-8024-3ada55195a51"",""deployment"":""b74391c9-c7a3-4b79-8cbc-cdb2242a0c4b"",""replica"":""ee6f635d-6e8d-49c1-9a8a-391303e7d624""}",2026-04-02T02:53:04.680134326Z
[DB] Synced 1 accounts to database,info,"{""level"":""info""}","{""project"":""ce3616d9-58ad-4ec7-a294-1821e1564434"",""environment"":""fb6513d0-42a4-4660-82b5-509c54b15f2a"",""service"":""4978aa94-666c-47c7-8024-3ada55195a51"",""deployment"":""b74391c9-c7a3-4b79-8cbc-cdb2242a0c4b"",""replica"":""ee6f635d-6e8d-49c1-9a8a-391303e7d624""}",2026-04-02T02:53:14.642723319Z
2026-04-02 02:53:28 UTC - Services healthy,info,"{""level"":""info""}","{""project"":""ce3616d9-58ad-4ec7-a294-1821e1564434"",""environment"":""fb6513d0-42a4-4660-82b5-509c54b15f2a"",""service"":""4978aa94-666c-47c7-8024-3ada55195a51"",""deployment"":""b74391c9-c7a3-4b79-8cbc-cdb2242a0c4b"",""replica"":""ee6f635d-6e8d-49c1-9a8a-391303e7d624""}",2026-04-02T02:53:34.610616676Z
[DB] Synced 1 accounts to database,info,"{""level"":""info""}","{""project"":""ce3616d9-58ad-4ec7-a294-1821e1564434"",""environment"":""fb6513d0-42a4-4660-82b5-509c54b15f2a"",""service"":""4978aa94-666c-47c7-8024-3ada55195a51"",""deployment"":""b74391c9-c7a3-4b79-8cbc-cdb2242a0c4b"",""replica"":""ee6f635d-6e8d-49c1-9a8a-391303e7d624""}",2026-04-02T02:53:54.622786107Z
2026-04-02 02:53:58 UTC - Services healthy,info,"{""level"":""info""}","{""project"":""ce3616d9-58ad-4ec7-a294-1821e1564434"",""environment"":""fb6513d0-42a4-4660-82b5-509c54b15f2a"",""service"":""4978aa94-666c-47c7-8024-3ada55195a51"",""deployment"":""b74391c9-c7a3-4b79-8cbc-cdb2242a0c4b"",""replica"":""ee6f635d-6e8d-49c1-9a8a-391303e7d624""}",2026-04-02T02:53:58.049040622Z
[DB] Synced 1 accounts to database,info,"{""level"":""info""}","{""project"":""ce3616d9-58ad-4ec7-a294-1821e1564434"",""environment"":""fb6513d0-42a4-4660-82b5-509c54b15f2a"",""service"":""4978aa94-666c-47c7-8024-3ada55195a51"",""deployment"":""b74391c9-c7a3-4b79-8cbc-cdb2242a0c4b"",""replica"":""ee6f635d-6e8d-49c1-9a8a-391303e7d624""}",2026-04-02T02:54:18.034213641Z
2026-04-02 02:54:28 UTC - Services healthy,info,"{""level"":""info""}","{""project"":""ce3616d9-58ad-4ec7-a294-1821e1564434"",""environment"":""fb6513d0-42a4-4660-82b5-509c54b15f2a"",""service"":""4978aa94-666c-47c7-8024-3ada55195a51"",""deployment"":""b74391c9-c7a3-4b79-8cbc-cdb2242a0c4b"",""replica"":""ee6f635d-6e8d-49c1-9a8a-391303e7d624""}",2026-04-02T02:54:38.243359682Z
[DB] Synced 1 accounts to database,info,"{""level"":""info""}","{""project"":""ce3616d9-58ad-4ec7-a294-1821e1564434"",""environment"":""fb6513d0-42a4-4660-82b5-509c54b15f2a"",""service"":""4978aa94-666c-47c7-8024-3ada55195a51"",""deployment"":""b74391c9-c7a3-4b79-8cbc-cdb2242a0c4b"",""replica"":""ee6f635d-6e8d-49c1-9a8a-391303e7d624""}",2026-04-02T02:54:44.668229175Z
2026-04-02 02:54:58 UTC - Services healthy,info,"{""level"":""info""}","{""project"":""ce3616d9-58ad-4ec7-a294-1821e1564434"",""environment"":""fb6513d0-42a4-4660-82b5-509c54b15f2a"",""service"":""4978aa94-666c-47c7-8024-3ada55195a51"",""deployment"":""b74391c9-c7a3-4b79-8cbc-cdb2242a0c4b"",""replica"":""ee6f635d-6e8d-49c1-9a8a-391303e7d624""}",2026-04-02T02:55:04.513827082Z
[DB] Synced 1 accounts to database,info,"{""level"":""info""}","{""project"":""ce3616d9-58ad-4ec7-a294-1821e1564434"",""environment"":""fb6513d0-42a4-4660-82b5-509c54b15f2a"",""service"":""4978aa94-666c-47c7-8024-3ada55195a51"",""deployment"":""b74391c9-c7a3-4b79-8cbc-cdb2242a0c4b"",""replica"":""ee6f635d-6e8d-49c1-9a8a-391303e7d624""}",2026-04-02T02:55:24.484873484Z
2026-04-02 02:55:28 UTC - Services healthy,info,"{""level"":""info""}","{""project"":""ce3616d9-58ad-4ec7-a294-1821e1564434"",""environment"":""fb6513d0-42a4-4660-82b5-509c54b15f2a"",""service"":""4978aa94-666c-47c7-8024-3ada55195a51"",""deployment"":""b74391c9-c7a3-4b79-8cbc-cdb2242a0c4b"",""replica"":""ee6f635d-6e8d-49c1-9a8a-391303e7d624""}",2026-04-02T02:55:28.074226375Z
[DB] Synced 1 accounts to database,info,"{""level"":""info""}","{""project"":""ce3616d9-58ad-4ec7-a294-1821e1564434"",""environment"":""fb6513d0-42a4-4660-82b5-509c54b15f2a"",""service"":""4978aa94-666c-47c7-8024-3ada55195a51"",""deployment"":""b74391c9-c7a3-4b79-8cbc-cdb2242a0c4b"",""replica"":""ee6f635d-6e8d-49c1-9a8a-391303e7d624""}",2026-04-02T02:55:48.204539932Z
2026-04-02 02:55:58 UTC - Services healthy,info,"{""level"":""info""}","{""project"":""ce3616d9-58ad-4ec7-a294-1821e1564434"",""environment"":""fb6513d0-42a4-4660-82b5-509c54b15f2a"",""service"":""4978aa94-666c-47c7-8024-3ada55195a51"",""deployment"":""b74391c9-c7a3-4b79-8cbc-cdb2242a0c4b"",""replica"":""ee6f635d-6e8d-49c1-9a8a-391303e7d624""}",2026-04-02T02:55:58.049912394Z
[DB] Synced 1 accounts to database,info,"{""level"":""info""}","{""project"":""ce3616d9-58ad-4ec7-a294-1821e1564434"",""environment"":""fb6513d0-42a4-4660-82b5-509c54b15f2a"",""service"":""4978aa94-666c-47c7-8024-3ada55195a51"",""deployment"":""b74391c9-c7a3-4b79-8cbc-cdb2242a0c4b"",""replica"":""ee6f635d-6e8d-49c1-9a8a-391303e7d624""}",2026-04-02T02:56:18.153695389Z
2026-04-02 02:56:28 UTC - Services healthy,info,"{""level"":""info""}","{""project"":""ce3616d9-58ad-4ec7-a294-1821e1564434"",""environment"":""fb6513d0-42a4-4660-82b5-509c54b15f2a"",""service"":""4978aa94-666c-47c7-8024-3ada55195a51"",""deployment"":""b74391c9-c7a3-4b79-8cbc-cdb2242a0c4b"",""replica"":""ee6f635d-6e8d-49c1-9a8a-391303e7d624""}",2026-04-02T02:56:28.070993435Z
[DB] Synced 1 accounts to database,info,"{""level"":""info""}","{""project"":""ce3616d9-58ad-4ec7-a294-1821e1564434"",""environment"":""fb6513d0-42a4-4660-82b5-509c54b15f2a"",""service"":""4978aa94-666c-47c7-8024-3ada55195a51"",""deployment"":""b74391c9-c7a3-4b79-8cbc-cdb2242a0c4b"",""replica"":""ee6f635d-6e8d-49c1-9a8a-391303e7d624""}",2026-04-02T02:56:48.377245081Z
2026-04-02 02:56:58 UTC - Services healthy,info,"{""level"":""info""}","{""project"":""ce3616d9-58ad-4ec7-a294-1821e1564434"",""environment"":""fb6513d0-42a4-4660-82b5-509c54b15f2a"",""service"":""4978aa94-666c-47c7-8024-3ada55195a51"",""deployment"":""b74391c9-c7a3-4b79-8cbc-cdb2242a0c4b"",""replica"":""ee6f635d-6e8d-49c1-9a8a-391303e7d624""}",2026-04-02T02:56:58.062595660Z
[DB] Synced 1 accounts to database,info,"{""level"":""info""}","{""project"":""ce3616d9-58ad-4ec7-a294-1821e1564434"",""environment"":""fb6513d0-42a4-4660-82b5-509c54b15f2a"",""service"":""4978aa94-666c-47c7-8024-3ada55195a51"",""deployment"":""b74391c9-c7a3-4b79-8cbc-cdb2242a0c4b"",""replica"":""ee6f635d-6e8d-49c1-9a8a-391303e7d624""}",2026-04-02T02:57:18.371965102Z
2026-04-02 02:57:28 UTC - Services healthy,info,"{""level"":""info""}","{""project"":""ce3616d9-58ad-4ec7-a294-1821e1564434"",""environment"":""fb6513d0-42a4-4660-82b5-509c54b15f2a"",""service"":""4978aa94-666c-47c7-8024-3ada55195a51"",""deployment"":""b74391c9-c7a3-4b79-8cbc-cdb2242a0c4b"",""replica"":""ee6f635d-6e8d-49c1-9a8a-391303e7d624""}",2026-04-02T02:57:28.059497300Z
[DB] Synced 1 accounts to database,info,"{""level"":""info""}","{""project"":""ce3616d9-58ad-4ec7-a294-1821e1564434"",""environment"":""fb6513d0-42a4-4660-82b5-509c54b15f2a"",""service"":""4978aa94-666c-47c7-8024-3ada55195a51"",""deployment"":""b74391c9-c7a3-4b79-8cbc-cdb2242a0c4b"",""replica"":""ee6f635d-6e8d-49c1-9a8a-391303e7d624""}",2026-04-02T02:57:48.121708323Z
2026-04-02 02:57:58 UTC - Services healthy,info,"{""level"":""info""}","{""project"":""ce3616d9-58ad-4ec7-a294-1821e1564434"",""environment"":""fb6513d0-42a4-4660-82b5-509c54b15f2a"",""service"":""4978aa94-666c-47c7-8024-3ada55195a51"",""deployment"":""b74391c9-c7a3-4b79-8cbc-cdb2242a0c4b"",""replica"":""ee6f635d-6e8d-49c1-9a8a-391303e7d624""}",2026-04-02T02:57:58.072683730Z
[DB] Synced 1 accounts to database,info,"{""level"":""info""}","{""project"":""ce3616d9-58ad-4ec7-a294-1821e1564434"",""environment"":""fb6513d0-42a4-4660-82b5-509c54b15f2a"",""service"":""4978aa94-666c-47c7-8024-3ada55195a51"",""deployment"":""b74391c9-c7a3-4b79-8cbc-cdb2242a0c4b"",""replica"":""ee6f635d-6e8d-49c1-9a8a-391303e7d624""}",2026-04-02T02:58:18.113013394Z
2026-04-02 02:58:28 UTC - Services healthy,info,"{""level"":""info""}","{""project"":""ce3616d9-58ad-4ec7-a294-1821e1564434"",""environment"":""fb6513d0-42a4-4660-82b5-509c54b15f2a"",""service"":""4978aa94-666c-47c7-8024-3ada55195a51"",""deployment"":""b74391c9-c7a3-4b79-8cbc-cdb2242a0c4b"",""replica"":""ee6f635d-6e8d-49c1-9a8a-391303e7d624""}",2026-04-02T02:58:28.066324733Z
[DB] Synced 1 accounts to database,info,"{""level"":""info""}","{""project"":""ce3616d9-58ad-4ec7-a294-1821e1564434"",""environment"":""fb6513d0-42a4-4660-82b5-509c54b15f2a"",""service"":""4978aa94-666c-47c7-8024-3ada55195a51"",""deployment"":""b74391c9-c7a3-4b79-8cbc-cdb2242a0c4b"",""replica"":""ee6f635d-6e8d-49c1-9a8a-391303e7d624""}",2026-04-02T02:58:48.051835969Z
2026-04-02 02:58:58 UTC - Services healthy,info,"{""level"":""info""}","{""project"":""ce3616d9-58ad-4ec7-a294-1821e1564434"",""environment"":""fb6513d0-42a4-4660-82b5-509c54b15f2a"",""service"":""4978aa94-666c-47c7-8024-3ada55195a51"",""deployment"":""b74391c9-c7a3-4b79-8cbc-cdb2242a0c4b"",""replica"":""ee6f635d-6e8d-49c1-9a8a-391303e7d624""}",2026-04-02T02:59:07.953224449Z
[DB] Synced 1 accounts to database,info,"{""level"":""info""}","{""project"":""ce3616d9-58ad-4ec7-a294-1821e1564434"",""environment"":""fb6513d0-42a4-4660-82b5-509c54b15f2a"",""service"":""4978aa94-666c-47c7-8024-3ada55195a51"",""deployment"":""b74391c9-c7a3-4b79-8cbc-cdb2242a0c4b"",""replica"":""ee6f635d-6e8d-49c1-9a8a-391303e7d624""}",2026-04-02T02:59:14.748227977Z
2026-04-02 02:59:28 UTC - Services healthy,info,"{""level"":""info""}","{""project"":""ce3616d9-58ad-4ec7-a294-1821e1564434"",""environment"":""fb6513d0-42a4-4660-82b5-509c54b15f2a"",""service"":""4978aa94-666c-47c7-8024-3ada55195a51"",""deployment"":""b74391c9-c7a3-4b79-8cbc-cdb2242a0c4b"",""replica"":""ee6f635d-6e8d-49c1-9a8a-391303e7d624""}",2026-04-02T02:59:34.802879063Z
[DB] Synced 1 accounts to database,info,"{""level"":""info""}","{""project"":""ce3616d9-58ad-4ec7-a294-1821e1564434"",""environment"":""fb6513d0-42a4-4660-82b5-509c54b15f2a"",""service"":""4978aa94-666c-47c7-8024-3ada55195a51"",""deployment"":""b74391c9-c7a3-4b79-8cbc-cdb2242a0c4b"",""replica"":""ee6f635d-6e8d-49c1-9a8a-391303e7d624""}",2026-04-02T02:59:44.718256467Z
2026-04-02 02:59:58 UTC - Services healthy,info,"{""level"":""info""}","{""project"":""ce3616d9-58ad-4ec7-a294-1821e1564434"",""environment"":""fb6513d0-42a4-4660-82b5-509c54b15f2a"",""service"":""4978aa94-666c-47c7-8024-3ada55195a51"",""deployment"":""b74391c9-c7a3-4b79-8cbc-cdb2242a0c4b"",""replica"":""ee6f635d-6e8d-49c1-9a8a-391303e7d624""}",2026-04-02T03:00:04.706180744Z
[WS Upgrade] /socket.io/,info,"{""level"":""info""}","{""project"":""ce3616d9-58ad-4ec7-a294-1821e1564434"",""environment"":""fb6513d0-42a4-4660-82b5-509c54b15f2a"",""service"":""4978aa94-666c-47c7-8024-3ada55195a51"",""deployment"":""b74391c9-c7a3-4b79-8cbc-cdb2242a0c4b"",""replica"":""ee6f635d-6e8d-49c1-9a8a-391303e7d624""}",2026-04-02T03:00:24.780442771Z
"[HPM] Client connected: { address: '::1', family: 'IPv6', port: 36288 }",info,"{""level"":""info""}","{""project"":""ce3616d9-58ad-4ec7-a294-1821e1564434"",""environment"":""fb6513d0-42a4-4660-82b5-509c54b15f2a"",""service"":""4978aa94-666c-47c7-8024-3ada55195a51"",""deployment"":""b74391c9-c7a3-4b79-8cbc-cdb2242a0c4b"",""replica"":""ee6f635d-6e8d-49c1-9a8a-391303e7d624""}",2026-04-02T03:00:24.780450469Z
[Socket.io] Client connected: Dciqrt77oPWaUbx7AADI | Transport: websocket,info,"{""level"":""info""}","{""project"":""ce3616d9-58ad-4ec7-a294-1821e1564434"",""environment"":""fb6513d0-42a4-4660-82b5-509c54b15f2a"",""service"":""4978aa94-666c-47c7-8024-3ada55195a51"",""deployment"":""b74391c9-c7a3-4b79-8cbc-cdb2242a0c4b"",""replica"":""ee6f635d-6e8d-49c1-9a8a-391303e7d624""}",2026-04-02T03:00:24.780457285Z
Client connected: Dciqrt77oPWaUbx7AADI Transport: websocket,info,"{""level"":""info""}","{""project"":""ce3616d9-58ad-4ec7-a294-1821e1564434"",""environment"":""fb6513d0-42a4-4660-82b5-509c54b15f2a"",""service"":""4978aa94-666c-47c7-8024-3ada55195a51"",""deployment"":""b74391c9-c7a3-4b79-8cbc-cdb2242a0c4b"",""replica"":""ee6f635d-6e8d-49c1-9a8a-391303e7d624""}",2026-04-02T03:00:24.780465386Z
2026-04-02 03:00:28 UTC - Services healthy,info,"{""level"":""info""}","{""project"":""ce3616d9-58ad-4ec7-a294-1821e1564434"",""environment"":""fb6513d0-42a4-4660-82b5-509c54b15f2a"",""service"":""4978aa94-666c-47c7-8024-3ada55195a51"",""deployment"":""b74391c9-c7a3-4b79-8cbc-cdb2242a0c4b"",""replica"":""ee6f635d-6e8d-49c1-9a8a-391303e7d624""}",2026-04-02T03:00:28.123894805Z